Symbol,Date,Open,Close,High,Low,Volume
3MINDIA,2026-01-23,34850.0,33315.0,35195.0,33000.0,14043
3MINDIA,2026-01-30,33300.0,34390.0,35500.0,32750.0,13693
3MINDIA,2026-02-06,34490.0,35190.0,36150.0,33840.0,18943
3MINDIA,2026-02-13,35355.0,35115.0,38030.0,34705.0,53091
3MINDIA,2026-02-20,34905.0,36145.0,37700.0,33985.0,20132
3MINDIA,2026-02-27,36500.0,37505.0,37800.0,35700.0,17097
3MINDIA,2026-03-06,35755.0,34320.0,36975.0,33800.0,16097
3MINDIA,2026-03-13,34005.0,32985.0,35175.0,32750.0,23210
3MINDIA,2026-03-20,32985.0,32270.0,33775.0,32005.0,22415
3MINDIA,2026-03-27,31960.0,30865.0,32220.0,30675.0,13033
3MINDIA,2026-04-03,30855.0,29735.0,31305.0,28730.0,22470
3MINDIA,2026-04-10,29750.0,31475.0,32060.0,29130.0,38436
3MINDIA,2026-04-17,31250.0,31410.0,32000.0,30675.0,11992
3MINDIA,2026-04-24,31320.0,32635.0,33260.0,30910.0,38375
3MINDIA,2026-05-01,32660.0,33300.0,33895.0,32660.0,17836
3MINDIA,2026-05-08,33300.0,32045.0,33640.0,31995.0,11538
3MINDIA,2026-05-15,32040.0,31245.0,32200.0,30790.0,8840
3MINDIA,2026-05-22,31000.0,33315.0,34545.0,30280.0,69152
3MINDIA,2026-05-29,33950.0,32810.0,34300.0,32510.0,26951
3MINDIA,2026-06-05,33090.0,31995.0,33200.0,31800.0,11030
3MINDIA,2026-06-12,31800.0,31550.0,32095.0,31010.0,7902
3MINDIA,2026-06-19,31750.0,33125.0,33405.0,31435.0,16752
3MINDIA,2026-06-26,33350.0,33380.0,34295.0,33110.0,11831
3MINDIA,2026-07-03,33380.0,35235.0,35360.0,32330.0,38408
3MINDIA,2026-07-10,35235.0,35370.0,35500.0,33905.0,18873
3MINDIA,2026-07-17,35300.0,34870.0,36880.0,34710.0,30022
AARTIIND,2026-01-23,354.0,352.8,357.75,338.05,3026171
AARTIIND,2026-01-30,352.0,371.95,375.75,346.15,2735368
AARTIIND,2026-02-06,366.0,440.95,456.4,360.85,23179925
AARTIIND,2026-02-13,448.9,446.4,474.7,443.1,7222540
AARTIIND,2026-02-20,446.4,450.65,468.8,445.0,3056600
AARTIIND,2026-02-27,454.0,447.15,462.95,437.0,2610153
AARTIIND,2026-03-06,416.0,419.35,450.25,400.0,3798148
AARTIIND,2026-03-13,404.65,420.75,456.75,399.4,6591772
AARTIIND,2026-03-20,420.95,427.35,437.65,410.35,3916655
AARTIIND,2026-03-27,420.95,417.4,435.5,401.65,3364399
AARTIIND,2026-04-03,413.5,408.7,416.9,395.9,2582001
AARTIIND,2026-04-10,408.7,423.75,432.0,394.6,3509617
AARTIIND,2026-04-17,418.0,440.85,442.5,410.0,7849560
AARTIIND,2026-04-24,442.8,472.75,480.2,436.1,5689518
AARTIIND,2026-05-01,478.0,507.5,512.4,477.1,7960118
AARTIIND,2026-05-08,513.0,485.45,523.1,475.55,11727331
AARTIIND,2026-05-15,482.0,466.25,498.0,458.25,3994365
AARTIIND,2026-05-22,461.0,476.2,484.8,440.6,3878905
AARTIIND,2026-05-29,479.0,475.0,501.4,470.6,3115035
AARTIIND,2026-06-05,474.9,458.05,478.8,454.45,2585788
AARTIIND,2026-06-12,452.0,440.6,454.95,424.0,2445504
AARTIIND,2026-06-19,448.0,484.5,504.9,448.0,25429213
AARTIIND,2026-06-26,485.25,466.05,494.5,461.5,3447756
AARTIIND,2026-07-03,466.05,487.7,489.7,454.5,3618007
AARTIIND,2026-07-10,485.3,484.1,501.0,462.05,3254170
AARTIIND,2026-07-17,482.45,493.95,510.9,477.05,7298828
ABB,2026-01-23,4877.5,4694.5,4942.0,4637.5,1260359
ABB,2026-01-30,4694.5,5578.5,5605.5,4649.5,3725178
ABB,2026-02-06,5490.0,5816.0,5867.0,5368.5,1822772
ABB,2026-02-13,5845.0,5780.5,5884.0,5726.5,706697
ABB,2026-02-20,5781.0,5987.0,6246.0,5695.0,4653796
ABB,2026-02-27,6090.0,6073.0,6205.5,5775.0,2863446
ABB,2026-03-06,5840.0,6062.0,6118.0,5793.5,1196536
ABB,2026-03-13,5982.0,6392.5,6554.0,5853.0,2991174
ABB,2026-03-20,6400.0,6297.0,6417.0,6162.5,1436105
ABB,2026-03-27,6264.0,6105.0,6290.0,5975.0,1212641
ABB,2026-04-03,5995.0,6142.0,6188.5,5911.0,957375
ABB,2026-04-10,6150.0,6859.5,6905.5,6081.5,2529931
ABB,2026-04-17,6725.0,7029.5,7083.0,6688.0,1927238
ABB,2026-04-24,7054.5,7328.5,7822.5,6993.5,3270167
ABB,2026-05-01,7330.5,7230.0,7490.0,7102.0,1252697
ABB,2026-05-08,7269.0,7012.5,7389.0,6991.5,1782110
ABB,2026-05-15,6662.0,6381.0,6687.0,6171.5,4339463
ABB,2026-05-22,6310.0,6689.5,6741.0,6225.0,2132034
ABB,2026-05-29,6734.0,7253.0,7340.0,6712.5,2204939
ABB,2026-06-05,7253.0,7167.5,7327.0,6957.0,1821639
ABB,2026-06-12,7105.5,6770.5,7129.5,6653.0,1410776
ABB,2026-06-19,6880.0,7248.0,7304.0,6821.0,1374234
ABB,2026-06-26,7250.0,6993.0,7290.5,6935.0,848420
ABB,2026-07-03,7000.0,6950.5,7268.0,6752.0,2039833
ABB,2026-07-10,6985.5,6836.0,7107.0,6725.0,1028206
ABB,2026-07-17,6800.0,7506.0,7924.5,6715.5,4193466
ABBOTINDIA,2026-01-23,27725.0,27780.0,28100.0,26930.0,17552
ABBOTINDIA,2026-01-30,27915.0,27565.0,27995.0,26430.0,39946
ABBOTINDIA,2026-02-06,27470.0,27365.0,27910.0,26800.0,32101
ABBOTINDIA,2026-02-13,27450.0,26460.0,27700.0,26300.0,51382
ABBOTINDIA,2026-02-20,26495.0,26295.0,26850.0,26210.0,33567
ABBOTINDIA,2026-02-27,26415.0,26530.0,26595.0,26075.0,21092
ABBOTINDIA,2026-03-06,26025.0,27325.0,28490.0,26000.0,62761
ABBOTINDIA,2026-03-13,27000.0,26960.0,27365.0,26290.0,39405
ABBOTINDIA,2026-03-20,27045.0,26715.0,27095.0,26000.0,37454
ABBOTINDIA,2026-03-27,26570.0,26135.0,27100.0,25350.0,48659
ABBOTINDIA,2026-04-03,26055.0,26285.0,26550.0,25720.0,33962
ABBOTINDIA,2026-04-10,26285.0,25780.0,26440.0,25600.0,42787
ABBOTINDIA,2026-04-17,25560.0,25785.0,26150.0,25310.0,44665
ABBOTINDIA,2026-04-24,25890.0,25180.0,25890.0,25150.0,87827
ABBOTINDIA,2026-05-01,25320.0,25435.0,25770.0,25180.0,70321
ABBOTINDIA,2026-05-08,25480.0,26700.0,27100.0,25175.0,79811
ABBOTINDIA,2026-05-15,26700.0,27940.0,28100.0,26335.0,94908
ABBOTINDIA,2026-05-22,27985.0,27830.0,28280.0,27185.0,38675
ABBOTINDIA,2026-05-29,27885.0,26855.0,27965.0,26630.0,41768
ABBOTINDIA,2026-06-05,27095.0,26035.0,27175.0,25750.0,30983
ABBOTINDIA,2026-06-12,26035.0,26280.0,26770.0,25670.0,41332
ABBOTINDIA,2026-06-19,26555.0,26215.0,26580.0,25830.0,39738
ABBOTINDIA,2026-06-26,26490.0,25585.0,26490.0,25335.0,51830
ABBOTINDIA,2026-07-03,25800.0,25895.0,26120.0,25200.0,77628
ABBOTINDIA,2026-07-10,26070.0,27165.0,27350.0,26025.0,82080
ABBOTINDIA,2026-07-17,27490.0,28055.0,28170.0,27170.0,58203
ABCAPITAL,2026-01-23,362.0,347.45,366.1,343.1,28132242
ABCAPITAL,2026-01-30,348.2,339.8,352.9,333.6,20596592
ABCAPITAL,2026-02-06,327.5,347.75,360.85,317.0,37259734
ABCAPITAL,2026-02-13,350.05,336.2,355.8,334.5,27065278
ABCAPITAL,2026-02-20,335.0,344.85,350.95,331.1,25707708
ABCAPITAL,2026-02-27,346.15,344.45,360.0,338.2,145085618
ABCAPITAL,2026-03-06,333.0,326.55,346.0,318.9,21396313
ABCAPITAL,2026-03-13,314.95,310.75,338.2,308.0,17492249
ABCAPITAL,2026-03-20,309.0,311.25,329.35,307.5,16186826
ABCAPITAL,2026-03-27,307.0,305.75,318.4,292.25,23735275
ABCAPITAL,2026-04-03,299.35,298.25,308.6,287.7,14332438
ABCAPITAL,2026-04-10,299.6,341.9,342.95,295.2,26546209
ABCAPITAL,2026-04-17,330.1,340.4,350.75,325.0,13897823
ABCAPITAL,2026-04-24,341.0,340.6,354.35,335.75,21106319
ABCAPITAL,2026-05-01,342.0,345.5,354.65,337.45,18306107
ABCAPITAL,2026-05-08,347.0,362.95,375.95,340.7,44650590
ABCAPITAL,2026-05-15,358.0,357.15,363.35,339.45,17036252
ABCAPITAL,2026-05-22,352.2,357.3,363.0,342.8,26759868
ABCAPITAL,2026-05-29,363.0,363.3,369.8,360.0,16036380
ABCAPITAL,2026-06-05,366.5,357.5,367.8,342.0,13724061
ABCAPITAL,2026-06-12,352.0,358.1,359.3,334.8,10984330
ABCAPITAL,2026-06-19,363.15,375.9,377.25,363.15,22372076
ABCAPITAL,2026-06-26,378.0,390.8,399.35,375.05,24589570
ABCAPITAL,2026-07-03,390.0,401.25,405.0,384.05,28029632
ABCAPITAL,2026-07-10,402.3,408.3,410.7,384.0,19335940
ABCAPITAL,2026-07-17,405.0,401.55,408.5,392.1,15393845
ABSLAMC,2026-01-23,825.0,780.5,829.9,767.0,2159609
ABSLAMC,2026-01-30,780.0,759.45,794.8,739.6,1174769
ABSLAMC,2026-02-06,759.7,813.0,828.35,749.0,1462799
ABSLAMC,2026-02-13,815.0,869.25,878.8,810.2,2088002
ABSLAMC,2026-02-20,869.9,917.9,921.0,859.4,2532198
ABSLAMC,2026-02-27,926.0,893.6,934.6,883.5,1825581
ABSLAMC,2026-03-06,854.4,924.4,926.5,845.0,1812444
ABSLAMC,2026-03-13,899.0,932.8,1046.55,865.25,9115996
ABSLAMC,2026-03-20,941.3,944.65,994.95,931.0,3238231
ABSLAMC,2026-03-27,937.9,902.95,946.95,882.05,1159366
ABSLAMC,2026-04-03,895.0,917.15,934.0,867.1,791742
ABSLAMC,2026-04-10,921.8,997.85,1010.85,906.3,1860621
ABSLAMC,2026-04-17,985.0,1068.25,1073.95,965.55,1683894
ABSLAMC,2026-04-24,1060.0,1067.65,1099.25,1011.05,4408839
ABSLAMC,2026-05-01,1071.7,1015.2,1089.8,999.75,1957604
ABSLAMC,2026-05-08,1009.0,1072.4,1123.5,996.7,3339823
ABSLAMC,2026-05-15,1067.0,1030.4,1076.6,1018.4,1785639
ABSLAMC,2026-05-22,1012.1,1011.7,1042.0,979.1,1134603
ABSLAMC,2026-05-29,1012.2,1064.0,1089.5,997.1,1323473
ABSLAMC,2026-06-05,1064.0,1048.8,1064.0,1005.6,1342217
ABSLAMC,2026-06-12,1033.3,1101.2,1119.7,1025.1,3057619
ABSLAMC,2026-06-19,1118.0,1180.6,1189.0,1090.8,2632195
ABSLAMC,2026-06-26,1193.4,1141.2,1224.9,1136.0,1961921
ABSLAMC,2026-07-03,1140.0,1178.4,1203.6,1122.9,2531134
ABSLAMC,2026-07-10,1180.7,1146.6,1193.1,1115.2,943042
ABSLAMC,2026-07-17,1147.7,1150.6,1179.7,1124.0,1407078
ACE,2026-01-23,848.0,791.35,848.0,787.35,1212387
ACE,2026-01-30,797.55,849.5,856.6,775.45,903870
ACE,2026-02-06,887.3,919.45,930.0,854.65,1635792
ACE,2026-02-13,926.0,897.15,940.0,876.05,740436
ACE,2026-02-20,889.95,864.15,932.1,861.25,714205
ACE,2026-02-27,869.0,884.7,916.7,862.0,911878
ACE,2026-03-06,844.7,878.85,890.85,840.0,718869
ACE,2026-03-13,843.05,840.55,902.0,833.25,1254594
ACE,2026-03-20,839.95,829.15,855.3,810.15,1025364
ACE,2026-03-27,821.0,780.7,834.7,777.15,1118253
ACE,2026-04-03,775.0,817.6,820.0,745.1,935327
ACE,2026-04-10,820.0,909.35,913.0,805.3,2310727
ACE,2026-04-17,893.05,917.05,924.0,873.05,1279804
ACE,2026-04-24,921.0,907.25,954.8,900.0,2317972
ACE,2026-05-01,913.5,887.65,923.0,882.0,732423
ACE,2026-05-08,896.1,947.25,966.75,845.55,5657083
ACE,2026-05-15,946.9,888.25,946.9,872.2,1862403
ACE,2026-05-22,883.05,881.9,903.85,856.1,1491708
ACE,2026-05-29,886.5,884.95,926.25,879.0,1181326
ACE,2026-06-05,890.0,900.3,909.0,850.5,909107
ACE,2026-06-12,880.65,931.05,934.85,862.0,2146112
ACE,2026-06-19,943.0,975.65,984.95,922.5,2607326
ACE,2026-06-26,975.65,988.1,1047.0,975.65,2166797
ACE,2026-07-03,988.0,989.9,1037.9,978.8,1710118
ACE,2026-07-10,990.4,989.0,1016.9,962.4,1115830
ACE,2026-07-17,989.0,987.4,1018.7,962.0,1833219
ACMESOLAR,2026-01-23,215.0,198.96,216.8,198.51,2208040
ACMESOLAR,2026-01-30,199.99,225.78,228.25,195.9,3246572
ACMESOLAR,2026-02-06,220.54,221.59,230.95,208.13,6363981
ACMESOLAR,2026-02-13,224.99,224.64,240.5,218.49,2991271
ACMESOLAR,2026-02-20,221.5,231.61,237.3,221.0,2313265
ACMESOLAR,2026-02-27,232.0,236.0,237.8,226.08,2028395
ACMESOLAR,2026-03-06,218.1,228.4,235.49,218.0,1760432
ACMESOLAR,2026-03-13,226.02,255.61,262.8,216.34,17214195
ACMESOLAR,2026-03-20,255.45,246.37,272.15,242.0,13947343
ACMESOLAR,2026-03-27,246.37,269.41,274.0,234.8,15925017
ACMESOLAR,2026-04-03,269.31,274.65,276.7,258.01,7159731
ACMESOLAR,2026-04-10,275.0,268.65,285.0,266.7,6130904
ACMESOLAR,2026-04-17,271.0,304.65,307.0,269.05,15965909
ACMESOLAR,2026-04-24,309.0,305.3,316.9,294.05,8494497
ACMESOLAR,2026-05-01,306.45,302.85,314.7,298.7,3587479
ACMESOLAR,2026-05-08,303.3,282.8,307.4,278.1,8702613
ACMESOLAR,2026-05-15,281.95,276.0,298.0,274.85,8877288
ACMESOLAR,2026-05-22,274.35,290.2,295.8,267.65,7329328
ACMESOLAR,2026-05-29,292.9,310.1,313.45,286.85,10949666
ACMESOLAR,2026-06-05,314.0,356.65,360.0,295.9,32341800
ACMESOLAR,2026-06-12,353.0,335.75,364.8,333.0,10553826
ACMESOLAR,2026-06-19,339.9,337.65,352.0,327.0,7588547
ACMESOLAR,2026-06-26,340.0,357.2,366.3,339.0,10273764
ACMESOLAR,2026-07-03,357.05,383.25,398.15,356.5,12129433
ACMESOLAR,2026-07-10,384.0,377.0,388.9,361.5,6175487
ACMESOLAR,2026-07-17,375.0,385.25,398.65,365.55,12277884
ACUTAAS,2026-01-23,1699.6,1653.4,1702.5,1570.0,1341235
ACUTAAS,2026-01-30,1660.0,1912.5,1968.0,1640.2,3407578
ACUTAAS,2026-02-06,1818.0,1986.9,2060.6,1817.0,2365932
ACUTAAS,2026-02-13,1987.1,2017.6,2120.0,1976.5,2475972
ACUTAAS,2026-02-20,2010.0,2106.5,2169.5,2005.7,1544598
ACUTAAS,2026-02-27,2123.6,2158.8,2200.0,2112.6,1222486
ACUTAAS,2026-03-06,2058.7,2250.7,2297.3,2055.0,1746774
ACUTAAS,2026-03-13,2163.5,2083.8,2270.0,2071.0,1785238
ACUTAAS,2026-03-20,2062.2,2399.8,2460.8,2062.0,2421778
ACUTAAS,2026-03-27,2361.5,2545.0,2580.0,2244.9,3590743
ACUTAAS,2026-04-03,2515.0,2110.2,2634.8,2095.0,3409672
ACUTAAS,2026-04-10,2107.0,2362.2,2394.0,2073.0,2528443
ACUTAAS,2026-04-17,2325.0,2361.7,2443.0,2255.6,1801705
ACUTAAS,2026-04-24,2362.9,2395.0,2468.4,2338.0,1440637
ACUTAAS,2026-05-01,2410.0,2594.1,2710.0,2388.4,3870600
ACUTAAS,2026-05-08,2629.7,2734.3,2759.0,2538.0,2886672
ACUTAAS,2026-05-15,2745.0,2731.0,2849.9,2702.8,2249819
ACUTAAS,2026-05-22,2725.0,2951.2,3025.0,2714.5,2511005
ACUTAAS,2026-05-29,2920.0,3132.5,3184.9,2864.2,1674053
ACUTAAS,2026-06-05,3176.7,3328.3,3348.9,2902.0,2440093
ACUTAAS,2026-06-12,3232.0,3145.3,3444.3,3070.0,2334283
ACUTAAS,2026-06-19,3249.9,3246.2,3261.0,2960.2,1801284
ACUTAAS,2026-06-26,3262.6,3300.0,3319.6,3170.2,968544
ACUTAAS,2026-07-03,3315.0,3694.8,3730.9,3245.5,3532084
ACUTAAS,2026-07-10,3694.8,3400.8,3740.0,3348.0,2342009
ACUTAAS,2026-07-17,3376.5,3619.4,3634.0,3363.6,1082842
ADANIENSOL,2026-01-23,908.7,812.7,932.9,803.1,13109227
ADANIENSOL,2026-01-30,830.0,894.8,920.5,811.3,8872404
ADANIENSOL,2026-02-06,849.9,1017.7,1025.95,842.8,11843366
ADANIENSOL,2026-02-13,1023.8,988.0,1040.0,979.0,5376208
ADANIENSOL,2026-02-20,977.0,998.1,1038.8,972.3,6455014
ADANIENSOL,2026-02-27,1003.1,1011.55,1051.8,993.15,5834394
ADANIENSOL,2026-03-06,961.0,992.5,1007.7,948.8,5676767
ADANIENSOL,2026-03-13,970.5,992.3,1031.6,958.1,7528735
ADANIENSOL,2026-03-20,987.5,1009.9,1043.8,969.9,7469382
ADANIENSOL,2026-03-27,1000.0,956.0,1000.9,935.4,13889591
ADANIENSOL,2026-04-03,950.2,941.6,982.45,903.15,4796598
ADANIENSOL,2026-04-10,941.9,1157.9,1160.4,936.1,18121406
ADANIENSOL,2026-04-17,1120.0,1259.8,1266.45,1114.2,14191913
ADANIENSOL,2026-04-24,1253.1,1411.95,1425.0,1243.55,22520418
ADANIENSOL,2026-05-01,1425.0,1342.25,1463.65,1308.0,17520786
ADANIENSOL,2026-05-08,1357.0,1353.6,1438.0,1329.3,18193507
ADANIENSOL,2026-05-15,1350.8,1303.6,1365.0,1236.6,22290910
ADANIENSOL,2026-05-22,1295.0,1367.9,1395.0,1248.2,16466129
ADANIENSOL,2026-05-29,1381.2,1513.3,1578.5,1357.6,20413345
ADANIENSOL,2026-06-05,1521.8,1579.0,1591.4,1445.0,18187493
ADANIENSOL,2026-06-12,1558.9,1489.6,1614.8,1460.8,15217591
ADANIENSOL,2026-06-19,1506.9,1507.4,1540.0,1470.0,9295506
ADANIENSOL,2026-06-26,1515.0,1507.8,1551.0,1480.0,5997802
ADANIENSOL,2026-07-03,1505.0,1568.8,1579.0,1465.0,17407505
ADANIENSOL,2026-07-10,1580.0,1654.0,1712.0,1571.0,17380388
ADANIENSOL,2026-07-17,1651.0,1722.6,1757.7,1634.0,10207121
ADANIENT,2026-01-23,2155.0,1864.2,2156.8,1848.0,11700466
ADANIENT,2026-01-30,1909.0,2020.4,2038.8,1893.0,10144985
ADANIENT,2026-02-06,1956.6,2226.4,2246.0,1934.0,12125801
ADANIENT,2026-02-13,2250.0,2136.6,2288.0,2124.2,6143024
ADANIENT,2026-02-20,2124.2,2160.8,2254.0,2103.2,6745992
ADANIENT,2026-02-27,2180.0,2161.8,2237.3,2153.0,6079008
ADANIENT,2026-03-06,2093.0,2039.9,2147.9,2030.2,6647921
ADANIENT,2026-03-13,1985.0,1961.1,2030.0,1940.4,6743367
ADANIENT,2026-03-20,1961.0,1927.1,2027.0,1919.9,6462161
ADANIENT,2026-03-27,1910.0,1823.0,1911.0,1813.7,18704996
ADANIENT,2026-04-03,1810.0,1834.2,1870.0,1753.0,6984063
ADANIENT,2026-04-10,1836.9,2086.8,2099.0,1802.1,13099527
ADANIENT,2026-04-17,2010.2,2218.3,2240.0,2000.2,10106601
ADANIENT,2026-04-24,2218.3,2287.6,2333.9,2202.2,12350122
ADANIENT,2026-05-01,2300.2,2408.4,2443.8,2286.0,14071741
ADANIENT,2026-05-08,2390.4,2505.9,2549.9,2375.0,13428951
ADANIENT,2026-05-15,2495.0,2716.0,2803.1,2400.1,21056061
ADANIENT,2026-05-22,2700.0,2717.3,2774.5,2647.5,10127010
ADANIENT,2026-05-29,2739.8,2937.4,3027.5,2739.3,16045199
ADANIENT,2026-06-05,2949.9,3048.2,3059.8,2865.2,12382662
ADANIENT,2026-06-12,3017.7,2921.6,3039.8,2886.2,8495272
ADANIENT,2026-06-19,2960.0,3038.4,3051.9,2928.3,9665255
ADANIENT,2026-06-26,3040.0,3038.0,3105.0,2943.5,7594522
ADANIENT,2026-07-03,3020.0,3212.1,3229.6,2955.0,13456957
ADANIENT,2026-07-10,3230.0,3157.3,3245.0,3026.8,11148097
ADANIENT,2026-07-17,3127.3,3160.7,3219.7,3115.2,6740335
ADANIGREEN,2026-01-23,928.0,772.8,936.0,765.0,30483913
ADANIGREEN,2026-01-30,789.0,852.3,864.8,768.1,28373925
ADANIGREEN,2026-02-06,814.2,971.85,974.95,807.0,23690932
ADANIGREEN,2026-02-13,985.0,950.5,999.6,943.75,9386763
ADANIGREEN,2026-02-20,949.5,968.25,1019.95,936.45,12629193
ADANIGREEN,2026-02-27,978.25,947.35,988.6,942.0,5892294
ADANIGREEN,2026-03-06,915.0,858.4,926.95,855.15,15899067
ADANIGREEN,2026-03-13,841.0,861.35,881.95,825.0,21516164
ADANIGREEN,2026-03-20,861.35,863.1,904.0,848.05,11779460
ADANIGREEN,2026-03-27,863.0,832.5,868.75,801.4,11415998
ADANIGREEN,2026-04-03,828.0,856.0,863.95,802.0,16075410
ADANIGREEN,2026-04-10,857.0,1085.35,1087.75,856.05,46999941
ADANIGREEN,2026-04-17,1051.0,1127.3,1140.0,1043.0,17398128
ADANIGREEN,2026-04-24,1126.5,1235.8,1252.0,1120.4,35012129
ADANIGREEN,2026-05-01,1245.0,1227.15,1271.95,1203.55,17382278
ADANIGREEN,2026-05-08,1232.4,1355.8,1378.0,1228.3,19620456
ADANIGREEN,2026-05-15,1343.0,1379.0,1471.0,1291.4,29108479
ADANIGREEN,2026-05-22,1374.9,1362.3,1443.0,1312.4,19599094
ADANIGREEN,2026-05-29,1381.0,1475.4,1532.5,1365.8,19861351
ADANIGREEN,2026-06-05,1477.0,1525.7,1530.0,1396.0,23241445
ADANIGREEN,2026-06-12,1500.6,1485.7,1544.8,1450.4,16302817
ADANIGREEN,2026-06-19,1502.0,1502.4,1527.0,1456.3,10746044
ADANIGREEN,2026-06-26,1509.0,1526.1,1557.0,1487.0,10056030
ADANIGREEN,2026-07-03,1506.9,1556.2,1566.6,1469.3,15199256
ADANIGREEN,2026-07-10,1564.9,1536.6,1589.1,1481.2,10298965
ADANIGREEN,2026-07-17,1525.4,1513.9,1631.5,1507.3,17107649
ADANIPORTS,2026-01-23,1421.0,1308.4,1421.7,1292.0,13141165
ADANIPORTS,2026-01-30,1334.3,1419.8,1429.0,1322.0,12923012
ADANIPORTS,2026-02-06,1348.0,1550.7,1577.7,1348.0,29120820
ADANIPORTS,2026-02-13,1575.9,1519.0,1583.9,1507.0,7709752
ADANIPORTS,2026-02-20,1517.5,1511.5,1576.5,1495.3,8250083
ADANIPORTS,2026-02-27,1511.0,1521.0,1584.0,1510.8,9577715
ADANIPORTS,2026-03-06,1462.0,1477.5,1505.5,1409.0,13406894
ADANIPORTS,2026-03-13,1405.0,1363.2,1470.3,1354.0,15180272
ADANIPORTS,2026-03-20,1356.6,1365.4,1411.1,1347.0,14258641
ADANIPORTS,2026-03-27,1350.0,1337.8,1392.7,1293.5,11017472
ADANIPORTS,2026-04-03,1325.0,1377.6,1405.4,1307.1,9750995
ADANIPORTS,2026-04-10,1379.8,1475.3,1505.7,1348.1,19155227
ADANIPORTS,2026-04-17,1426.8,1573.4,1578.5,1421.0,21546061
ADANIPORTS,2026-04-24,1572.4,1585.1,1618.8,1556.5,13891343
ADANIPORTS,2026-05-01,1600.0,1657.3,1677.0,1593.0,14947760
ADANIPORTS,2026-05-08,1702.0,1760.4,1792.0,1687.3,22795590
ADANIPORTS,2026-05-15,1757.1,1795.1,1823.9,1683.2,19244330
ADANIPORTS,2026-05-22,1785.5,1786.9,1805.0,1744.3,9236561
ADANIPORTS,2026-05-29,1809.0,1804.6,1842.8,1793.0,9277562
ADANIPORTS,2026-06-05,1809.1,1824.2,1840.0,1745.2,9459854
ADANIPORTS,2026-06-12,1805.6,1812.9,1857.8,1777.9,11838816
ADANIPORTS,2026-06-19,1839.0,1835.3,1849.5,1797.1,12362028
ADANIPORTS,2026-06-26,1835.3,1796.0,1842.0,1775.0,8826474
ADANIPORTS,2026-07-03,1809.5,1874.2,1891.1,1770.5,12780970
ADANIPORTS,2026-07-10,1872.8,1828.1,1883.5,1783.2,6871421
ADANIPORTS,2026-07-17,1811.0,1837.4,1859.7,1807.1,6625800
ADANIPOWER,2026-01-23,141.8,132.96,142.9,128.1,106655104
ADANIPOWER,2026-01-30,135.0,135.38,137.5,131.91,80962650
ADANIPOWER,2026-02-06,133.48,152.74,156.9,130.63,188256225
ADANIPOWER,2026-02-13,154.0,139.9,154.85,139.1,88677992
ADANIPOWER,2026-02-20,140.5,142.7,146.43,139.01,64421670
ADANIPOWER,2026-02-27,145.15,140.11,145.69,139.8,49793168
ADANIPOWER,2026-03-06,133.0,138.99,142.59,130.7,63409718
ADANIPOWER,2026-03-13,136.5,146.57,153.9,134.86,178217800
ADANIPOWER,2026-03-20,149.9,151.54,157.44,146.4,222546840
ADANIPOWER,2026-03-27,151.54,153.92,158.2,144.65,105502698
ADANIPOWER,2026-04-03,152.1,159.97,160.35,149.2,129149884
ADANIPOWER,2026-04-10,162.0,175.81,178.1,161.05,322671292
ADANIPOWER,2026-04-17,172.0,198.5,200.0,170.36,307707367
ADANIPOWER,2026-04-24,198.5,212.9,217.25,197.41,377854545
ADANIPOWER,2026-05-01,214.6,221.85,226.24,214.24,223759307
ADANIPOWER,2026-05-08,223.0,225.33,234.4,221.9,219709989
ADANIPOWER,2026-05-15,224.5,221.33,229.0,208.03,228105890
ADANIPOWER,2026-05-22,221.0,219.32,226.4,216.19,140721651
ADANIPOWER,2026-05-29,221.0,243.37,254.2,220.31,323227708
ADANIPOWER,2026-06-05,245.0,232.6,245.69,227.41,163596225
ADANIPOWER,2026-06-12,230.97,223.07,234.35,214.8,141084261
ADANIPOWER,2026-06-19,226.95,231.76,234.23,218.61,172708677
ADANIPOWER,2026-06-26,231.5,229.27,235.5,226.14,82893491
ADANIPOWER,2026-07-03,228.12,221.79,229.8,219.55,175003150
ADANIPOWER,2026-07-10,222.8,218.45,226.12,214.65,156183802
ADANIPOWER,2026-07-17,217.1,214.45,228.94,213.22,185552151
ADFFOODS,2026-01-23,190.1,176.54,195.0,172.13,277175
ADFFOODS,2026-01-30,176.54,175.91,184.4,170.6,225071
ADFFOODS,2026-02-06,170.04,226.92,233.0,168.2,4995383
ADFFOODS,2026-02-13,226.92,219.83,236.89,212.0,811857
ADFFOODS,2026-02-20,219.0,226.51,237.5,217.0,740436
ADFFOODS,2026-02-27,228.0,196.74,235.0,195.1,889997
ADFFOODS,2026-03-06,188.97,189.29,196.73,187.18,404794
ADFFOODS,2026-03-13,189.0,181.31,193.44,179.55,583910
ADFFOODS,2026-03-20,181.55,174.43,188.0,173.5,522291
ADFFOODS,2026-03-27,172.0,157.89,178.2,153.1,887728
ADFFOODS,2026-04-03,155.5,177.95,182.54,153.82,776390
ADFFOODS,2026-04-10,178.0,192.07,195.72,173.82,576014
ADFFOODS,2026-04-17,192.0,226.94,236.0,185.0,3477958
ADFFOODS,2026-04-24,225.61,260.15,264.8,215.21,6095163
ADFFOODS,2026-05-01,262.0,264.14,280.98,257.22,1742955
ADFFOODS,2026-05-08,268.15,273.35,280.0,254.0,1072468
ADFFOODS,2026-05-15,273.3,268.3,301.65,258.6,2357168
ADFFOODS,2026-05-22,268.0,283.25,288.0,257.5,1552965
ADFFOODS,2026-05-29,285.0,264.65,290.0,259.85,987863
ADFFOODS,2026-06-05,265.0,282.8,298.0,262.0,2036586
ADFFOODS,2026-06-12,280.05,283.2,291.2,267.3,580749
ADFFOODS,2026-06-19,285.9,306.85,314.0,279.05,1734539
ADFFOODS,2026-06-26,308.0,300.5,320.0,297.0,958615
ADFFOODS,2026-07-03,301.65,320.4,346.95,299.2,16807563
ADFFOODS,2026-07-10,321.4,319.9,323.5,302.5,1360878
ADFFOODS,2026-07-17,318.95,299.1,330.75,292.55,966799
ADOR,2026-01-23,1038.9,1002.3,1054.9,991.8,89089
ADOR,2026-01-30,1002.0,1043.9,1064.0,970.1,43899
ADOR,2026-02-06,1048.6,1055.3,1089.0,1025.0,43666
ADOR,2026-02-13,1055.3,1048.5,1123.8,1040.0,85767
ADOR,2026-02-20,1045.1,1081.7,1145.0,1032.5,87793
ADOR,2026-02-27,1085.9,1053.6,1109.9,1041.6,37257
ADOR,2026-03-06,1035.0,1012.3,1054.9,998.3,59429
ADOR,2026-03-13,999.2,958.9,1019.9,952.0,44964
ADOR,2026-03-20,958.9,917.1,988.0,902.0,70586
ADOR,2026-03-27,915.0,909.7,971.1,870.0,65469
ADOR,2026-04-03,899.0,868.75,930.0,866.05,55456
ADOR,2026-04-10,851.55,893.15,951.3,848.0,248925
ADOR,2026-04-17,881.1,1002.35,1019.0,849.7,300223
ADOR,2026-04-24,1020.0,980.85,1071.8,970.0,246963
ADOR,2026-05-01,991.0,1078.85,1128.0,985.3,497839
ADOR,2026-05-08,1086.4,1078.0,1119.0,1050.1,169076
ADOR,2026-05-15,1063.0,1053.8,1069.9,1009.2,130888
ADOR,2026-05-22,1039.8,1072.1,1100.0,1022.0,118280
ADOR,2026-05-29,1089.3,1139.6,1209.0,1073.2,218773
ADOR,2026-06-05,1140.0,1132.3,1162.0,1085.5,89440
ADOR,2026-06-12,1115.3,1165.7,1175.0,1092.6,84804
ADOR,2026-06-19,1190.0,1216.4,1225.0,1161.0,113720
ADOR,2026-06-26,1238.9,1229.3,1262.9,1212.2,86903
ADOR,2026-07-03,1229.3,1317.8,1360.0,1220.0,165066
ADOR,2026-07-10,1319.9,1324.8,1339.4,1272.1,125853
ADOR,2026-07-17,1327.9,1384.1,1405.0,1302.3,360484
AEROENTER,2026-01-23,82.0,79.71,88.6,77.15,3875852
AEROENTER,2026-01-30,80.2,79.81,83.0,76.2,1087525
AEROENTER,2026-02-06,78.0,79.6,84.5,75.43,790866
AEROENTER,2026-02-13,80.31,79.25,84.5,78.01,1089052
AEROENTER,2026-02-20,78.63,78.61,86.5,78.3,1622090
AEROENTER,2026-02-27,78.61,78.47,80.2,77.12,1010548
AEROENTER,2026-03-06,75.3,74.11,77.99,73.41,753975
AEROENTER,2026-03-13,72.0,68.57,75.19,68.22,1341819
AEROENTER,2026-03-20,67.54,72.53,80.77,65.31,3606523
AEROENTER,2026-03-27,70.4,66.49,70.91,62.2,2180959
AEROENTER,2026-04-03,65.99,71.43,72.0,64.05,1016465
AEROENTER,2026-04-10,71.43,84.67,85.65,70.2,2238014
AEROENTER,2026-04-17,83.0,91.98,94.0,81.0,2188595
AEROENTER,2026-04-24,92.5,92.22,93.08,86.4,2111181
AEROENTER,2026-05-01,93.5,93.34,95.8,90.12,1798965
AEROENTER,2026-05-08,94.74,109.45,114.8,91.8,5037087
AEROENTER,2026-05-15,109.38,101.74,111.37,100.2,2138458
AEROENTER,2026-05-22,101.7,99.02,104.0,97.01,1535639
AEROENTER,2026-05-29,99.02,96.25,101.6,95.15,1112365
AEROENTER,2026-06-05,96.25,100.83,105.9,93.4,2077962
AEROENTER,2026-06-12,98.0,109.78,112.0,95.25,4101227
AEROENTER,2026-06-19,111.18,135.87,137.95,106.03,20451922
AEROENTER,2026-06-26,139.02,137.6,149.55,131.11,14293577
AEROENTER,2026-07-03,139.0,130.65,144.69,128.35,6152398
AEROENTER,2026-07-10,131.4,124.97,134.19,115.4,4571581
AEROENTER,2026-07-17,123.0,117.46,125.0,115.3,2783071
AEROFLEX,2026-01-23,174.46,158.8,176.01,158.0,2857854
AEROFLEX,2026-01-30,160.53,178.18,192.8,158.49,32763524
AEROFLEX,2026-02-06,177.85,185.65,193.79,167.3,6273188
AEROFLEX,2026-02-13,190.41,186.38,204.47,185.23,5037600
AEROFLEX,2026-02-20,188.0,223.3,233.99,188.0,38074881
AEROFLEX,2026-02-27,223.5,234.93,239.89,213.0,14193066
AEROFLEX,2026-03-06,221.0,220.24,235.0,214.52,6300491
AEROFLEX,2026-03-13,215.0,234.19,241.0,206.98,10398113
AEROFLEX,2026-03-20,234.45,233.75,262.4,229.01,15015369
AEROFLEX,2026-03-27,231.9,240.57,264.0,220.2,13082634
AEROFLEX,2026-04-03,236.0,252.79,255.95,234.39,3968967
AEROFLEX,2026-04-10,255.0,288.99,296.0,245.0,13154472
AEROFLEX,2026-04-17,284.1,311.23,321.4,280.2,11044337
AEROFLEX,2026-04-24,311.23,277.87,312.95,275.79,10562992
AEROFLEX,2026-05-01,279.75,304.67,314.0,278.76,11791560
AEROFLEX,2026-05-08,307.3,439.35,458.7,293.3,52599376
AEROFLEX,2026-05-15,424.8,370.85,424.8,345.45,16586749
AEROFLEX,2026-05-22,369.5,403.05,408.9,356.15,12939635
AEROFLEX,2026-05-29,410.0,401.4,424.0,376.55,7401667
AEROFLEX,2026-06-05,405.0,419.75,446.05,381.15,14177485
AEROFLEX,2026-06-12,400.0,448.1,449.4,392.3,9444784
AEROFLEX,2026-06-19,459.9,507.25,518.85,452.65,18027462
AEROFLEX,2026-06-26,512.0,466.65,521.9,462.0,6034719
AEROFLEX,2026-07-03,466.95,456.25,508.0,450.2,7637200
AEROFLEX,2026-07-10,453.0,413.55,471.0,396.1,9476617
AEROFLEX,2026-07-17,409.95,410.6,432.75,398.15,4704307
AFFLE,2026-01-23,1730.0,1579.8,1740.0,1573.0,816679
AFFLE,2026-01-30,1579.9,1547.2,1593.9,1508.0,884242
AFFLE,2026-02-06,1599.9,1647.4,1670.9,1558.0,914570
AFFLE,2026-02-13,1654.0,1560.5,1698.0,1553.0,1064097
AFFLE,2026-02-20,1559.7,1486.2,1595.0,1467.0,713187
AFFLE,2026-02-27,1500.0,1377.2,1527.7,1321.1,2436758
AFFLE,2026-03-06,1335.3,1350.6,1418.4,1324.2,1031159
AFFLE,2026-03-13,1310.0,1338.1,1427.9,1305.0,1438581
AFFLE,2026-03-20,1330.0,1285.7,1360.0,1275.5,1866532
AFFLE,2026-03-27,1275.0,1446.1,1460.0,1251.3,2305798
AFFLE,2026-04-03,1425.7,1421.6,1478.1,1400.8,1076954
AFFLE,2026-04-10,1421.8,1401.6,1460.0,1387.3,927604
AFFLE,2026-04-17,1383.1,1468.2,1519.8,1361.5,1865207
AFFLE,2026-04-24,1478.7,1406.7,1485.0,1389.9,1197560
AFFLE,2026-05-01,1407.0,1421.7,1475.9,1406.8,821646
AFFLE,2026-05-08,1429.8,1506.3,1532.6,1390.0,1674641
AFFLE,2026-05-15,1545.0,1477.1,1686.0,1465.0,10618292
AFFLE,2026-05-22,1472.6,1431.2,1503.6,1415.5,1181962
AFFLE,2026-05-29,1446.3,1463.0,1544.0,1439.9,944064
AFFLE,2026-06-05,1475.0,1476.1,1512.1,1427.0,718375
AFFLE,2026-06-12,1461.0,1446.3,1518.4,1401.3,1067568
AFFLE,2026-06-19,1465.0,1463.7,1535.0,1451.3,1770222
AFFLE,2026-06-26,1470.0,1449.7,1499.3,1442.0,813632
AFFLE,2026-07-03,1449.5,1464.6,1477.5,1390.5,1057206
AFFLE,2026-07-10,1464.6,1480.4,1500.6,1435.3,747620
AFFLE,2026-07-17,1470.0,1532.5,1590.0,1464.7,2517710
AIAENG,2026-01-23,3915.0,3729.9,3915.0,3692.1,265301
AIAENG,2026-01-30,3729.9,3989.0,4143.9,3668.1,267269
AIAENG,2026-02-06,3978.8,3882.7,4206.1,3841.9,242538
AIAENG,2026-02-13,3904.9,3861.8,4200.0,3828.6,282936
AIAENG,2026-02-20,3861.8,3949.0,4045.0,3820.0,250244
AIAENG,2026-02-27,3955.5,3851.6,3974.6,3811.6,141284
AIAENG,2026-03-06,3662.0,3674.5,3830.8,3577.1,160680
AIAENG,2026-03-13,3602.0,3665.3,3820.0,3545.0,224589
AIAENG,2026-03-20,3650.0,3409.6,3929.0,3372.3,1005604
AIAENG,2026-03-27,3399.9,3458.4,3543.0,3252.7,377809
AIAENG,2026-04-03,3377.0,3676.0,3700.0,3377.0,295516
AIAENG,2026-04-10,3642.1,3773.3,3792.0,3612.2,248232
AIAENG,2026-04-17,3660.1,3961.5,4012.7,3641.5,208858
AIAENG,2026-04-24,4003.8,4014.3,4110.0,3930.2,239086
AIAENG,2026-05-01,4017.0,3949.6,4100.0,3875.0,86130
AIAENG,2026-05-08,3960.0,3971.9,4049.9,3844.2,112194
AIAENG,2026-05-15,3973.5,3856.3,3973.5,3700.0,87833
AIAENG,2026-05-22,3856.3,3994.0,4049.9,3788.6,152689
AIAENG,2026-05-29,4036.1,4503.6,4551.7,3932.7,1632117
AIAENG,2026-06-05,4525.7,4630.7,4775.0,4428.7,620748
AIAENG,2026-06-12,4602.5,4333.7,4604.8,4290.5,415019
AIAENG,2026-06-19,4429.9,4687.0,4767.8,4362.3,412890
AIAENG,2026-06-26,4750.0,4829.9,5060.0,4705.1,651014
AIAENG,2026-07-03,4878.0,4754.5,5180.0,4718.0,723332
AIAENG,2026-07-10,4710.0,4683.5,4842.5,4621.5,436634
AIAENG,2026-07-17,4690.0,4647.5,4912.5,4613.5,413927
AJANTPHARM,2026-01-23,2680.1,2699.6,2762.3,2654.5,419216
AJANTPHARM,2026-01-30,2711.4,2781.9,2807.9,2660.0,363588
AJANTPHARM,2026-02-06,2810.0,2852.7,2889.0,2756.9,562859
AJANTPHARM,2026-02-13,2840.0,2920.1,2942.5,2825.9,494704
AJANTPHARM,2026-02-20,2937.0,2939.4,2991.5,2900.0,352273
AJANTPHARM,2026-02-27,2940.0,2993.9,3054.0,2936.7,745648
AJANTPHARM,2026-03-06,2830.0,2992.0,3033.9,2830.0,364114
AJANTPHARM,2026-03-13,2920.5,3030.6,3228.0,2852.4,790847
AJANTPHARM,2026-03-20,3020.0,2904.7,3114.1,2872.5,752989
AJANTPHARM,2026-03-27,2904.7,2807.9,2957.8,2778.9,368353
AJANTPHARM,2026-04-03,2787.4,2791.2,2880.0,2722.8,270751
AJANTPHARM,2026-04-10,2810.0,2806.0,2835.0,2696.6,385409
AJANTPHARM,2026-04-17,2797.0,2790.2,2934.0,2758.8,442786
AJANTPHARM,2026-04-24,2790.2,2765.3,2826.9,2749.3,359480
AJANTPHARM,2026-05-01,2765.2,2822.7,2843.8,2740.8,213929
AJANTPHARM,2026-05-08,2868.4,3035.0,3115.0,2855.6,1169142
AJANTPHARM,2026-05-15,3045.0,3177.2,3289.9,2987.3,1012419
AJANTPHARM,2026-05-22,3182.3,3107.5,3314.9,3098.5,445098
AJANTPHARM,2026-05-29,3119.8,2928.9,3137.3,2850.0,514425
AJANTPHARM,2026-06-05,2936.3,2976.5,3028.9,2851.5,665389
AJANTPHARM,2026-06-12,2945.1,3131.0,3178.9,2945.0,764060
AJANTPHARM,2026-06-19,3176.0,3065.2,3176.0,3028.5,516538
AJANTPHARM,2026-06-26,3095.5,3180.4,3266.0,3071.2,430684
AJANTPHARM,2026-07-03,3180.4,3326.3,3506.9,3168.1,1348974
AJANTPHARM,2026-07-10,3350.5,3348.6,3420.0,3254.8,462714
AJANTPHARM,2026-07-17,3353.1,3419.4,3481.9,3340.0,481266
ALIVUS,2026-01-23,877.35,883.5,909.4,819.0,739487
ALIVUS,2026-01-30,887.95,961.05,966.95,867.25,426004
ALIVUS,2026-02-06,915.1,932.45,980.0,878.4,296037
ALIVUS,2026-02-13,932.45,919.8,969.9,910.2,257982
ALIVUS,2026-02-20,918.1,910.95,921.0,882.0,293533
ALIVUS,2026-02-27,913.85,911.8,931.75,880.75,320335
ALIVUS,2026-03-06,886.3,915.05,919.95,851.15,215518
ALIVUS,2026-03-13,893.0,944.9,957.15,871.2,326867
ALIVUS,2026-03-20,944.9,949.8,984.4,908.35,337068
ALIVUS,2026-03-27,939.0,980.8,1025.0,916.75,435442
ALIVUS,2026-04-03,979.6,989.6,1013.35,957.0,190048
ALIVUS,2026-04-10,1009.95,1046.25,1060.1,975.55,577634
ALIVUS,2026-04-17,1020.0,1069.65,1089.45,1016.25,597917
ALIVUS,2026-04-24,1060.0,1050.05,1096.0,1038.75,369929
ALIVUS,2026-05-01,1047.9,1038.15,1086.0,994.3,764651
ALIVUS,2026-05-08,1040.0,1121.3,1138.1,1036.5,668232
ALIVUS,2026-05-15,1122.9,1044.6,1148.4,1031.6,503910
ALIVUS,2026-05-22,1035.1,1039.0,1079.3,1022.1,339765
ALIVUS,2026-05-29,1039.5,1055.5,1124.9,1031.8,393206
ALIVUS,2026-06-05,1060.7,1032.5,1089.9,1027.2,289084
ALIVUS,2026-06-12,1021.6,1045.7,1080.0,996.4,548711
ALIVUS,2026-06-19,1055.0,1070.3,1086.0,1035.2,428575
ALIVUS,2026-06-26,1084.8,1108.3,1134.6,1068.9,531303
ALIVUS,2026-07-03,1109.9,1157.7,1192.0,1107.4,845147
ALIVUS,2026-07-10,1156.9,1160.1,1193.9,1116.1,364423
ALIVUS,2026-07-17,1165.6,1133.3,1192.0,1111.2,901009
ALKYLAMINE,2026-01-23,1581.0,1562.3,1625.1,1527.6,503745
ALKYLAMINE,2026-01-30,1562.3,1570.6,1598.9,1528.0,170534
ALKYLAMINE,2026-02-06,1539.8,1534.7,1654.0,1521.9,292044
ALKYLAMINE,2026-02-13,1547.2,1522.9,1593.0,1510.3,148308
ALKYLAMINE,2026-02-20,1522.9,1516.6,1568.0,1507.0,111033
ALKYLAMINE,2026-02-27,1524.0,1484.3,1527.4,1474.0,146193
ALKYLAMINE,2026-03-06,1417.0,1382.8,1475.0,1379.9,127670
ALKYLAMINE,2026-03-13,1360.0,1278.4,1374.3,1250.1,307518
ALKYLAMINE,2026-03-20,1278.4,1292.0,1366.6,1212.0,434352
ALKYLAMINE,2026-03-27,1290.0,1292.5,1474.3,1235.0,3285886
ALKYLAMINE,2026-04-03,1290.1,1319.0,1325.5,1220.8,353210
ALKYLAMINE,2026-04-10,1325.0,1395.4,1422.2,1280.1,215007
ALKYLAMINE,2026-04-17,1370.0,1437.5,1452.8,1343.6,199190
ALKYLAMINE,2026-04-24,1435.0,1475.6,1576.0,1400.5,392243
ALKYLAMINE,2026-05-01,1491.0,1516.1,1572.7,1491.0,187775
ALKYLAMINE,2026-05-08,1542.0,1707.3,1785.0,1524.1,1232139
ALKYLAMINE,2026-05-15,1720.0,1722.6,1889.0,1581.1,5522263
ALKYLAMINE,2026-05-22,1710.0,1719.9,1816.4,1621.6,653024
ALKYLAMINE,2026-05-29,1727.0,1651.3,1799.0,1641.5,294075
ALKYLAMINE,2026-06-05,1651.3,1775.3,1860.8,1581.3,3125501
ALKYLAMINE,2026-06-12,1755.9,1831.8,1893.5,1699.0,656814
ALKYLAMINE,2026-06-19,1880.0,1845.4,1881.4,1756.3,346258
ALKYLAMINE,2026-06-26,1845.4,1788.7,1898.0,1768.2,218402
ALKYLAMINE,2026-07-03,1785.0,1827.0,1867.0,1661.3,468744
ALKYLAMINE,2026-07-10,1823.2,1956.0,2007.0,1765.0,1628553
ALKYLAMINE,2026-07-17,1928.0,1826.9,1948.3,1810.2,441870
ANANDRATHI,2026-01-23,1535.0,1479.7,1564.7,1468.45,2608868
ANANDRATHI,2026-01-30,1460.85,1442.7,1474.7,1353.85,3265092
ANANDRATHI,2026-02-06,1439.75,1475.7,1489.8,1413.5,1522744
ANANDRATHI,2026-02-13,1472.5,1494.55,1517.9,1464.05,1385350
ANANDRATHI,2026-02-20,1511.1,1508.7,1530.35,1491.7,1235720
ANANDRATHI,2026-02-27,1518.5,1537.95,1548.5,1505.1,1938642
ANANDRATHI,2026-03-06,1501.35,1599.35,1620.5,1500.0,1584934
ANANDRATHI,2026-03-13,1595.0,1519.65,1602.65,1496.05,1798588
ANANDRATHI,2026-03-20,1525.0,1501.7,1554.95,1451.65,1790848
ANANDRATHI,2026-03-27,1495.0,1516.3,1539.45,1451.5,1097014
ANANDRATHI,2026-04-03,1506.0,1604.1,1612.0,1477.8,1041372
ANANDRATHI,2026-04-10,1600.05,1789.25,1801.85,1590.5,6716054
ANANDRATHI,2026-04-17,1769.95,1844.9,1867.5,1740.0,2985046
ANANDRATHI,2026-04-24,1840.7,1790.45,1855.0,1775.0,1353248
ANANDRATHI,2026-05-01,1791.6,1800.8,1820.0,1766.35,1588890
ANANDRATHI,2026-05-08,1810.0,1804.4,1849.5,1768.6,2408514
ANANDRATHI,2026-05-15,1790.55,1791.55,1809.5,1740.0,3046602
ANANDRATHI,2026-05-22,1794.45,1787.75,1822.05,1740.05,2956176
ANANDRATHI,2026-05-29,1809.9,1725.35,1839.9,1715.35,6782710
ANANDRATHI,2026-06-05,1748.95,1753.3,1821.3,1721.0,5308868
ANANDRATHI,2026-06-12,1747.0,1765.3,1769.7,1710.6,1994348
ANANDRATHI,2026-06-19,1789.0,1867.5,1887.0,1753.0,2729438
ANANDRATHI,2026-06-26,1900.0,1932.5,1953.6,1848.0,2888264
ANANDRATHI,2026-07-03,1920.0,2061.7,2085.0,1896.4,4358953
ANANDRATHI,2026-07-10,2080.0,2146.8,2176.2,2024.4,3650415
ANANDRATHI,2026-07-17,2140.8,2072.7,2143.0,2052.8,1340790
ANANTRAJ,2026-01-23,548.75,501.4,550.1,497.8,12687517
ANANTRAJ,2026-01-30,507.0,504.3,515.0,478.0,11069064
ANANTRAJ,2026-02-06,538.0,547.75,587.0,537.0,44367187
ANANTRAJ,2026-02-13,563.15,533.05,582.8,529.7,14729892
ANANTRAJ,2026-02-20,530.0,548.7,576.0,525.0,17262834
ANANTRAJ,2026-02-27,553.1,529.8,553.35,523.9,6444631
ANANTRAJ,2026-03-06,505.3,489.15,519.4,480.8,7928834
ANANTRAJ,2026-03-13,478.7,450.0,493.8,448.0,8550077
ANANTRAJ,2026-03-20,447.9,465.85,473.0,427.15,10438063
ANANTRAJ,2026-03-27,455.0,437.3,469.75,434.4,8830520
ANANTRAJ,2026-04-03,429.0,451.75,455.3,403.0,12317713
ANANTRAJ,2026-04-10,450.0,488.1,493.85,438.2,9688515
ANANTRAJ,2026-04-17,474.15,513.4,519.0,465.15,8089670
ANANTRAJ,2026-04-24,511.3,462.4,526.05,447.35,13439200
ANANTRAJ,2026-05-01,466.0,486.9,509.9,466.0,18445349
ANANTRAJ,2026-05-08,493.0,560.85,564.85,492.0,19318781
ANANTRAJ,2026-05-15,560.85,488.2,560.9,483.15,14526043
ANANTRAJ,2026-05-22,480.0,503.95,517.65,464.0,8318450
ANANTRAJ,2026-05-29,514.05,514.15,528.0,500.0,6310994
ANANTRAJ,2026-06-05,522.0,570.05,598.8,517.0,38606031
ANANTRAJ,2026-06-12,557.0,534.75,558.0,510.3,11773435
ANANTRAJ,2026-06-19,545.0,520.2,548.15,516.9,8015850
ANANTRAJ,2026-06-26,523.0,522.55,538.8,517.0,5983569
ANANTRAJ,2026-07-03,521.35,554.7,556.75,511.25,8848712
ANANTRAJ,2026-07-10,556.9,585.85,589.05,528.2,21069368
ANANTRAJ,2026-07-17,580.0,592.1,595.0,561.0,11046644
ANGELONE,2026-01-23,276.5,251.51,277.86,250.12,43096410
ANGELONE,2026-01-30,251.52,254.09,263.8,249.2,18014780
ANGELONE,2026-02-06,231.3,264.2,269.5,225.61,70983300
ANGELONE,2026-02-13,265.2,269.83,280.87,264.99,31220930
ANGELONE,2026-02-20,252.99,249.63,265.48,244.1,53138540
ANGELONE,2026-02-27,252.4,233.2,254.9,229.9,36698579
ANGELONE,2026-03-06,220.1,219.56,231.62,217.52,26869362
ANGELONE,2026-03-13,215.0,215.58,227.7,208.63,38594094
ANGELONE,2026-03-20,215.58,231.32,237.9,210.62,61872590
ANGELONE,2026-03-27,227.0,235.27,243.8,218.8,28912179
ANGELONE,2026-04-03,229.8,240.85,244.45,226.0,23404547
ANGELONE,2026-04-10,241.0,280.99,287.9,236.7,69965976
ANGELONE,2026-04-17,273.0,322.47,324.4,273.0,123298368
ANGELONE,2026-04-24,322.6,314.52,330.23,309.51,63610300
ANGELONE,2026-05-01,316.85,308.71,323.4,306.12,17748654
ANGELONE,2026-05-08,308.7,326.0,334.95,303.7,34874423
ANGELONE,2026-05-15,323.75,306.85,326.95,290.8,31611207
ANGELONE,2026-05-22,302.8,339.35,345.65,298.4,67212509
ANGELONE,2026-05-29,342.0,337.3,351.0,335.05,27515055
ANGELONE,2026-06-05,341.0,332.6,345.55,319.5,38977448
ANGELONE,2026-06-12,325.9,339.5,340.3,321.65,22824368
ANGELONE,2026-06-19,344.0,353.7,360.45,342.85,45262017
ANGELONE,2026-06-26,354.9,335.25,356.2,334.7,19069557
ANGELONE,2026-07-03,332.5,352.25,356.75,327.1,32434019
ANGELONE,2026-07-10,352.0,346.05,352.0,327.55,33745690
ANGELONE,2026-07-17,342.6,328.95,355.3,323.05,51177864
ANUP,2026-01-23,1970.0,1820.0,1996.0,1790.0,226623
ANUP,2026-01-30,1845.0,1771.2,1845.0,1700.0,167223
ANUP,2026-02-06,1757.4,1933.7,2131.9,1733.0,409644
ANUP,2026-02-13,1948.7,1984.5,2211.6,1932.6,210223
ANUP,2026-02-20,1984.5,1700.5,1989.8,1680.0,342114
ANUP,2026-02-27,1713.0,1571.2,1749.0,1560.0,524052
ANUP,2026-03-06,1501.0,1479.2,1590.1,1441.0,249698
ANUP,2026-03-13,1425.4,1521.8,1599.9,1422.3,277297
ANUP,2026-03-20,1523.0,1588.2,1693.0,1477.5,296607
ANUP,2026-03-27,1570.0,1672.8,1736.7,1495.5,328731
ANUP,2026-04-03,1655.0,1748.8,1757.5,1591.7,172597
ANUP,2026-04-10,1735.9,1911.8,1937.9,1676.0,224643
ANUP,2026-04-17,1857.7,2022.3,2110.0,1840.2,180951
ANUP,2026-04-24,2030.0,2108.8,2196.5,1986.9,225296
ANUP,2026-05-01,2137.0,2062.2,2244.9,2002.4,221887
ANUP,2026-05-08,2062.1,2161.9,2202.0,2040.1,133589
ANUP,2026-05-15,2130.0,1966.5,2143.0,1937.5,153668
ANUP,2026-05-22,1951.0,1977.6,2004.9,1890.0,83136
ANUP,2026-05-29,1970.1,1840.4,2048.6,1789.1,196215
ANUP,2026-06-05,1866.9,1915.3,1999.2,1792.2,219107
ANUP,2026-06-12,1872.0,1901.1,1937.4,1786.2,120839
ANUP,2026-06-19,1939.9,2246.0,2323.0,1920.0,823751
ANUP,2026-06-26,2256.0,2297.9,2394.9,2256.0,285837
ANUP,2026-07-03,2314.0,2313.4,2398.8,2244.9,192193
ANUP,2026-07-10,2309.1,2168.6,2324.0,2120.0,134695
ANUP,2026-07-17,2143.0,2166.3,2220.0,2114.2,93361
APARINDS,2026-01-23,7410.5,7033.0,7411.0,6801.0,371634
APARINDS,2026-01-30,7035.0,7994.0,8044.5,6957.5,475201
APARINDS,2026-02-06,8065.0,9490.0,9800.0,7866.5,1358174
APARINDS,2026-02-13,9490.0,9511.0,9648.0,9325.5,220774
APARINDS,2026-02-20,9448.5,10519.0,10775.0,9360.5,819764
APARINDS,2026-02-27,10600.0,11180.5,11648.0,10349.5,978257
APARINDS,2026-03-06,10500.0,10394.0,11250.0,9925.0,569733
APARINDS,2026-03-13,10180.0,8989.0,10400.0,8886.0,584421
APARINDS,2026-03-20,8989.0,9673.0,9841.0,8856.0,490644
APARINDS,2026-03-27,9645.0,10608.0,10798.0,9315.0,582296
APARINDS,2026-04-03,10385.0,9832.0,10450.0,9298.5,437235
APARINDS,2026-04-10,9844.0,11342.0,11439.5,9676.0,585679
APARINDS,2026-04-17,11072.0,11482.0,11779.0,10929.5,610357
APARINDS,2026-04-24,11520.0,11532.0,12327.5,11379.5,696798
APARINDS,2026-05-01,11707.5,12331.0,12850.0,11636.0,616703
APARINDS,2026-05-08,12545.0,12810.0,12900.0,12115.0,544702
APARINDS,2026-05-15,12801.0,12650.0,13024.0,12350.0,350765
APARINDS,2026-05-22,12571.0,12782.0,13149.0,11864.0,411749
APARINDS,2026-05-29,12832.0,13118.0,13580.0,12412.0,746141
APARINDS,2026-06-05,13120.0,13878.0,14174.0,12511.0,749514
APARINDS,2026-06-12,13335.0,15221.0,15340.0,13208.0,1068167
APARINDS,2026-06-19,15600.0,16280.0,16686.0,15373.0,958770
APARINDS,2026-06-26,16361.0,16022.0,17157.0,15924.0,589235
APARINDS,2026-07-03,16022.0,14174.0,16353.0,13963.0,1260342
APARINDS,2026-07-10,14139.0,14058.0,14815.0,13401.0,569581
APARINDS,2026-07-17,13950.0,13836.0,14265.0,13500.0,430172
APCOTEXIND,2026-01-23,349.85,352.5,357.65,336.0,185536
APCOTEXIND,2026-01-30,352.5,372.1,380.0,346.15,127007
APCOTEXIND,2026-02-06,366.4,367.15,379.3,348.1,104466
APCOTEXIND,2026-02-13,368.4,376.05,381.95,362.0,105428
APCOTEXIND,2026-02-20,376.05,369.55,380.0,366.5,65497
APCOTEXIND,2026-02-27,369.5,365.65,376.0,362.35,89765
APCOTEXIND,2026-03-06,361.25,367.6,369.0,355.3,95849
APCOTEXIND,2026-03-13,367.6,352.9,373.0,344.05,201272
APCOTEXIND,2026-03-20,352.9,351.05,358.9,332.15,255924
APCOTEXIND,2026-03-27,349.0,331.2,357.85,325.3,216370
APCOTEXIND,2026-04-03,331.2,351.95,355.0,310.45,119395
APCOTEXIND,2026-04-10,351.95,379.6,387.0,347.0,148361
APCOTEXIND,2026-04-17,375.0,385.05,395.75,373.85,72915
APCOTEXIND,2026-04-24,386.0,394.15,410.0,383.05,188109
APCOTEXIND,2026-05-01,385.0,402.4,404.0,385.0,42426
APCOTEXIND,2026-05-08,405.0,520.65,559.9,393.95,2467964
APCOTEXIND,2026-05-15,528.95,488.4,528.95,468.4,427630
APCOTEXIND,2026-05-22,480.0,496.8,523.0,475.0,453096
APCOTEXIND,2026-05-29,506.25,479.6,533.9,477.0,421082
APCOTEXIND,2026-06-05,481.95,540.2,552.5,480.6,1139593
APCOTEXIND,2026-06-12,542.9,529.3,557.8,514.05,697995
APCOTEXIND,2026-06-19,535.0,546.65,579.0,513.1,830437
APCOTEXIND,2026-06-26,550.0,511.85,574.0,507.05,559620
APCOTEXIND,2026-07-03,515.0,525.55,530.0,494.6,317530
APCOTEXIND,2026-07-10,528.55,507.4,531.8,491.1,274304
APCOTEXIND,2026-07-17,502.8,529.1,552.4,501.1,588221
APLAPOLLO,2026-01-23,1940.7,2000.1,2070.6,1857.2,4783992
APLAPOLLO,2026-01-30,2030.6,2045.7,2151.1,2003.3,5583809
APLAPOLLO,2026-02-06,2064.0,2198.0,2207.1,2041.4,5661133
APLAPOLLO,2026-02-13,2220.0,2245.9,2301.4,2204.0,5117445
APLAPOLLO,2026-02-20,2245.9,2187.5,2268.6,2177.4,2781890
APLAPOLLO,2026-02-27,2190.6,2234.6,2252.7,2170.0,4082969
APLAPOLLO,2026-03-06,2195.0,2152.8,2251.8,2105.0,2183153
APLAPOLLO,2026-03-13,2093.5,1933.2,2168.6,1908.5,4148094
APLAPOLLO,2026-03-20,1921.6,1973.1,2024.0,1872.1,3286818
APLAPOLLO,2026-03-27,1965.2,1986.2,2023.5,1890.0,2265886
APLAPOLLO,2026-04-03,1970.0,1899.2,2012.5,1834.0,2160601
APLAPOLLO,2026-04-10,1904.9,2064.6,2072.0,1859.6,2712659
APLAPOLLO,2026-04-17,1991.2,2105.7,2118.0,1975.0,3638447
APLAPOLLO,2026-04-24,2120.1,2004.5,2173.0,1979.0,3068844
APLAPOLLO,2026-05-01,2015.0,1905.0,2050.0,1895.5,2459168
APLAPOLLO,2026-05-08,1910.1,1948.6,2011.7,1830.0,6536250
APLAPOLLO,2026-05-15,1954.0,1890.2,1967.6,1840.3,2201662
APLAPOLLO,2026-05-22,1889.0,1880.5,1896.1,1821.7,2026615
APLAPOLLO,2026-05-29,1900.0,1831.1,1943.4,1820.0,4778738
APLAPOLLO,2026-06-05,1834.7,1822.6,1854.7,1736.0,4717205
APLAPOLLO,2026-06-12,1810.0,1817.6,1834.4,1743.7,2998455
APLAPOLLO,2026-06-19,1832.2,1871.6,1878.5,1817.6,3704916
APLAPOLLO,2026-06-26,1878.0,1793.5,1878.3,1788.3,1874151
APLAPOLLO,2026-07-03,1799.9,1788.0,1818.7,1750.1,4385950
APLAPOLLO,2026-07-10,1809.4,1835.9,1842.0,1783.0,3194156
APLAPOLLO,2026-07-17,1828.9,1795.4,1835.9,1789.2,1669375
APOLLO,2026-01-23,244.65,222.4,245.7,218.0,13591778
APOLLO,2026-01-30,223.5,260.75,264.4,220.7,12968467
APOLLO,2026-02-06,248.45,240.85,258.95,236.65,10529116
APOLLO,2026-02-13,246.0,231.85,256.65,230.0,13103198
APOLLO,2026-02-20,231.4,232.95,239.8,227.05,7748754
APOLLO,2026-02-27,235.0,237.8,258.15,228.1,16814253
APOLLO,2026-03-06,228.4,220.27,241.0,203.28,39194198
APOLLO,2026-03-13,218.0,200.67,223.51,199.57,24673610
APOLLO,2026-03-20,200.67,198.63,207.0,193.5,30545759
APOLLO,2026-03-27,195.5,189.49,204.45,185.78,27725465
APOLLO,2026-04-03,187.0,197.13,200.37,179.5,19631598
APOLLO,2026-04-10,197.13,237.57,244.0,191.28,87983345
APOLLO,2026-04-17,229.01,282.9,287.0,227.69,75744632
APOLLO,2026-04-24,287.0,283.9,299.6,270.6,88565728
APOLLO,2026-05-01,285.0,297.11,312.34,282.0,56020668
APOLLO,2026-05-08,299.95,324.85,337.8,287.45,55983341
APOLLO,2026-05-15,324.95,294.55,327.4,290.6,34845502
APOLLO,2026-05-22,294.55,355.05,377.7,283.25,279532292
APOLLO,2026-05-29,360.0,409.0,433.8,360.0,220809903
APOLLO,2026-06-05,410.55,421.35,446.9,398.7,175236690
APOLLO,2026-06-12,413.0,409.4,431.2,377.25,109973006
APOLLO,2026-06-19,415.0,433.15,444.4,410.2,92393365
APOLLO,2026-06-26,435.6,384.4,440.5,381.8,40063590
APOLLO,2026-07-03,386.45,450.05,466.5,380.75,109022738
APOLLO,2026-07-10,452.0,408.85,461.35,387.05,106037055
APOLLO,2026-07-17,408.0,397.8,412.5,392.0,29420688
APOLLOHOSP,2026-01-23,7254.0,6803.0,7260.0,6696.5,2657121
APOLLOHOSP,2026-01-30,6802.0,6960.5,6974.5,6708.5,1921419
APOLLOHOSP,2026-02-06,6915.0,7152.5,7176.5,6831.0,1901591
APOLLOHOSP,2026-02-13,7199.0,7542.5,7640.0,7163.5,3051550
APOLLOHOSP,2026-02-20,7526.5,7615.5,7670.0,7478.0,1849250
APOLLOHOSP,2026-02-27,7680.0,7821.5,7870.5,7615.5,2220576
APOLLOHOSP,2026-03-06,7621.0,7724.5,7819.0,7476.0,1831258
APOLLOHOSP,2026-03-13,7588.0,7550.0,7870.0,7485.5,2015857
APOLLOHOSP,2026-03-20,7565.0,7364.5,7750.0,7202.5,2283948
APOLLOHOSP,2026-03-27,7288.0,7549.0,7621.0,7080.0,2102314
APOLLOHOSP,2026-04-03,7470.0,7317.5,7587.0,7150.5,1720687
APOLLOHOSP,2026-04-10,7350.0,7511.5,7563.0,7220.5,1912804
APOLLOHOSP,2026-04-17,7420.0,7699.0,7710.0,7403.5,1519507
APOLLOHOSP,2026-04-24,7705.0,7732.5,7845.0,7601.0,1976791
APOLLOHOSP,2026-05-01,7759.0,7636.5,7878.5,7561.5,1356745
APOLLOHOSP,2026-05-08,7699.5,8097.0,8115.0,7673.0,2348569
APOLLOHOSP,2026-05-15,8046.0,8082.5,8180.0,7981.0,1916619
APOLLOHOSP,2026-05-22,8062.5,8362.5,8440.5,7814.5,3201661
APOLLOHOSP,2026-05-29,8430.0,8176.5,8443.0,8146.0,2011731
APOLLOHOSP,2026-06-05,8221.5,8304.5,8341.0,7816.0,2031496
APOLLOHOSP,2026-06-12,8211.0,8498.0,8624.0,8211.0,2436075
APOLLOHOSP,2026-06-19,8526.0,8489.5,8534.0,8382.0,1444657
APOLLOHOSP,2026-06-26,8538.0,8592.0,8693.5,8434.5,1235744
APOLLOHOSP,2026-07-03,8700.0,8893.5,8920.5,8605.0,1548251
APOLLOHOSP,2026-07-10,8896.0,8841.0,8950.0,8700.0,1521357
APOLLOHOSP,2026-07-17,8879.0,8826.0,9009.0,8739.0,1704085
APOLLOPIPE,2026-01-23,283.0,272.1,288.0,252.1,626841
APOLLOPIPE,2026-01-30,272.1,268.25,279.0,254.05,651285
APOLLOPIPE,2026-02-06,260.4,313.4,318.5,255.65,4462334
APOLLOPIPE,2026-02-13,315.95,319.05,353.2,300.4,3929300
APOLLOPIPE,2026-02-20,333.35,332.5,344.8,317.5,1649604
APOLLOPIPE,2026-02-27,332.5,358.0,365.0,323.3,1662813
APOLLOPIPE,2026-03-06,348.0,350.1,365.0,335.45,833228
APOLLOPIPE,2026-03-13,340.0,407.6,444.8,332.55,86672620
APOLLOPIPE,2026-03-20,407.55,386.95,419.9,383.0,5280641
APOLLOPIPE,2026-03-27,386.95,428.2,437.95,372.45,6615890
APOLLOPIPE,2026-04-03,423.35,434.95,439.9,410.2,2517105
APOLLOPIPE,2026-04-10,431.5,438.6,464.9,419.75,5116904
APOLLOPIPE,2026-04-17,437.3,466.8,475.75,427.35,2921851
APOLLOPIPE,2026-04-24,474.6,442.05,489.9,440.0,3511000
APOLLOPIPE,2026-05-01,440.0,452.65,465.0,421.0,1586134
APOLLOPIPE,2026-05-08,454.95,497.0,540.15,437.6,3964851
APOLLOPIPE,2026-05-15,495.0,522.7,528.0,463.05,3275886
APOLLOPIPE,2026-05-22,512.0,516.35,554.0,499.0,3055225
APOLLOPIPE,2026-05-29,525.65,508.85,530.0,503.65,643171
APOLLOPIPE,2026-06-05,518.75,497.85,518.75,466.65,1044747
APOLLOPIPE,2026-06-12,489.05,495.0,505.0,468.9,703602
APOLLOPIPE,2026-06-19,500.0,494.25,515.0,485.0,522084
APOLLOPIPE,2026-06-26,490.25,481.7,509.15,477.35,281552
APOLLOPIPE,2026-07-03,488.25,479.4,498.45,469.35,642063
APOLLOPIPE,2026-07-10,483.0,511.1,524.0,464.0,756987
APOLLOPIPE,2026-07-17,508.6,499.5,524.0,491.5,627248
ARMANFIN,2026-01-23,1464.2,1612.1,1657.6,1409.4,317034
ARMANFIN,2026-01-30,1600.0,1618.5,1630.0,1556.4,89608
ARMANFIN,2026-02-06,1517.6,1577.9,1650.6,1489.0,137131
ARMANFIN,2026-02-13,1568.0,1662.5,1690.0,1555.4,318231
ARMANFIN,2026-02-20,1670.8,1626.5,1760.0,1612.6,372817
ARMANFIN,2026-02-27,1626.5,1567.5,1645.0,1552.8,158476
ARMANFIN,2026-03-06,1521.0,1383.2,1559.6,1380.1,151363
ARMANFIN,2026-03-13,1383.2,1360.8,1413.9,1301.0,218887
ARMANFIN,2026-03-20,1361.5,1511.6,1538.0,1340.0,235970
ARMANFIN,2026-03-27,1467.8,1406.8,1529.0,1401.0,186239
ARMANFIN,2026-04-03,1401.0,1476.7,1523.5,1325.0,156536
ARMANFIN,2026-04-10,1467.1,1633.0,1652.2,1431.0,183042
ARMANFIN,2026-04-17,1585.0,1550.4,1640.0,1535.0,134262
ARMANFIN,2026-04-24,1541.0,1489.2,1557.4,1475.7,242467
ARMANFIN,2026-05-01,1489.2,1493.2,1575.0,1470.1,148549
ARMANFIN,2026-05-08,1493.2,1753.6,1860.0,1485.0,550551
ARMANFIN,2026-05-15,1775.0,1787.2,1906.6,1730.4,365933
ARMANFIN,2026-05-22,1780.0,1705.8,1790.0,1620.0,162199
ARMANFIN,2026-05-29,1710.0,1686.1,1869.0,1671.1,318693
ARMANFIN,2026-06-05,1686.1,1596.5,1709.8,1491.1,358677
ARMANFIN,2026-06-12,1578.0,1646.9,1656.6,1545.0,120504
ARMANFIN,2026-06-19,1653.9,1694.2,1728.0,1635.1,126813
ARMANFIN,2026-06-26,1700.0,1668.0,1720.0,1603.8,137241
ARMANFIN,2026-07-03,1682.2,1743.9,1763.9,1653.3,143041
ARMANFIN,2026-07-10,1745.6,1813.0,1877.9,1688.0,223768
ARMANFIN,2026-07-17,1811.0,1958.2,2069.2,1780.0,574724
ARVIND,2026-01-23,296.0,298.15,312.8,289.35,1987233
ARVIND,2026-01-30,304.8,312.35,321.2,292.3,5144971
ARVIND,2026-02-06,333.0,368.15,389.0,318.95,7872290
ARVIND,2026-02-13,370.7,385.1,395.65,354.6,6620854
ARVIND,2026-02-20,378.0,367.9,385.0,360.85,1999254
ARVIND,2026-02-27,375.0,351.65,381.0,346.3,3661818
ARVIND,2026-03-06,340.0,343.55,351.85,331.3,1459363
ARVIND,2026-03-13,338.0,345.1,358.5,325.25,2805148
ARVIND,2026-03-20,342.0,359.25,373.0,336.45,1606811
ARVIND,2026-03-27,356.95,350.65,366.5,342.0,1326937
ARVIND,2026-04-03,349.0,365.25,369.15,335.0,1249771
ARVIND,2026-04-10,363.0,390.05,391.8,357.85,1603984
ARVIND,2026-04-17,385.0,386.75,403.0,376.8,1787472
ARVIND,2026-04-24,386.6,382.5,396.6,379.0,1376872
ARVIND,2026-05-01,384.0,398.55,401.95,384.0,987729
ARVIND,2026-05-08,401.05,435.0,459.65,386.55,14910421
ARVIND,2026-05-15,430.0,451.1,459.45,425.25,4727857
ARVIND,2026-05-22,451.85,480.35,498.75,445.0,9797198
ARVIND,2026-05-29,485.0,473.35,500.95,466.05,2008825
ARVIND,2026-06-05,482.85,493.7,514.85,476.1,5632271
ARVIND,2026-06-12,491.35,494.5,507.55,485.55,2242042
ARVIND,2026-06-19,502.65,516.6,519.4,480.35,4831712
ARVIND,2026-06-26,521.0,547.25,570.0,505.2,5919725
ARVIND,2026-07-03,548.3,569.05,600.0,540.2,8811621
ARVIND,2026-07-10,565.5,526.7,568.45,521.95,3981622
ARVIND,2026-07-17,524.5,535.95,553.0,514.6,2367655
ASHIANA,2026-01-23,294.75,284.35,304.0,280.05,309814
ASHIANA,2026-01-30,284.35,295.5,298.4,277.0,291620
ASHIANA,2026-02-06,287.0,300.25,305.0,283.05,296544
ASHIANA,2026-02-13,297.2,347.95,362.75,297.2,10005596
ASHIANA,2026-02-20,347.95,326.0,348.75,322.0,527697
ASHIANA,2026-02-27,328.1,324.3,332.4,319.0,257686
ASHIANA,2026-03-06,308.0,307.0,326.95,304.0,231553
ASHIANA,2026-03-13,305.6,301.1,318.4,292.0,185848
ASHIANA,2026-03-20,300.0,303.5,318.0,296.0,228298
ASHIANA,2026-03-27,298.95,289.3,305.45,286.6,243023
ASHIANA,2026-04-03,285.35,305.9,309.95,276.7,153906
ASHIANA,2026-04-10,301.0,324.2,352.95,300.85,2823352
ASHIANA,2026-04-17,320.0,336.45,339.75,312.8,409479
ASHIANA,2026-04-24,338.35,334.75,347.2,330.0,329406
ASHIANA,2026-05-01,334.7,342.65,347.15,326.95,160442
ASHIANA,2026-05-08,342.65,375.0,389.4,337.1,782854
ASHIANA,2026-05-15,375.0,356.1,376.55,345.05,408773
ASHIANA,2026-05-22,356.1,373.05,384.8,345.1,329328
ASHIANA,2026-05-29,373.5,364.4,382.0,336.0,695425
ASHIANA,2026-06-05,369.0,352.8,372.95,350.35,173942
ASHIANA,2026-06-12,354.1,359.95,378.05,350.35,380644
ASHIANA,2026-06-19,371.9,383.85,404.9,362.0,587726
ASHIANA,2026-06-26,387.7,385.05,405.0,371.05,241016
ASHIANA,2026-07-03,385.05,389.9,406.0,380.35,495961
ASHIANA,2026-07-10,392.6,374.65,392.6,367.65,197273
ASHIANA,2026-07-17,369.95,374.8,389.25,368.55,147326
ASIANENE,2026-01-23,254.15,240.95,265.95,230.0,659501
ASIANENE,2026-01-30,242.0,256.2,268.5,230.4,692147
ASIANENE,2026-02-06,252.6,255.5,264.15,244.2,397004
ASIANENE,2026-02-13,256.0,281.3,291.95,253.7,947666
ASIANENE,2026-02-20,290.5,309.6,316.95,286.2,1149841
ASIANENE,2026-02-27,313.3,292.2,318.4,289.6,516309
ASIANENE,2026-03-06,288.5,285.5,303.05,280.75,346315
ASIANENE,2026-03-13,288.5,269.5,288.5,261.2,655514
ASIANENE,2026-03-20,270.85,282.45,299.2,261.4,1039417
ASIANENE,2026-03-27,282.45,252.35,282.45,248.0,671371
ASIANENE,2026-04-03,253.4,258.11,263.1,233.25,335128
ASIANENE,2026-04-10,263.2,301.3,314.0,251.61,1104918
ASIANENE,2026-04-17,300.0,304.99,310.0,290.71,501367
ASIANENE,2026-04-24,302.0,308.16,323.01,299.2,714643
ASIANENE,2026-05-01,308.25,317.77,323.3,306.01,755196
ASIANENE,2026-05-08,320.0,298.7,336.4,290.0,1139074
ASIANENE,2026-05-15,298.7,313.45,328.0,277.75,1494885
ASIANENE,2026-05-22,314.1,370.15,383.8,306.1,11055216
ASIANENE,2026-05-29,375.0,358.1,376.8,346.1,1713044
ASIANENE,2026-06-05,369.65,382.1,385.0,336.05,3348805
ASIANENE,2026-06-12,384.0,366.2,392.0,352.8,1849794
ASIANENE,2026-06-19,368.0,367.25,376.75,346.2,1612094
ASIANENE,2026-06-26,372.55,368.3,386.45,364.1,1478793
ASIANENE,2026-07-03,374.0,332.5,374.0,330.5,857529
ASIANENE,2026-07-10,332.5,333.65,340.2,314.0,884036
ASIANENE,2026-07-17,333.65,356.65,387.5,327.65,1871883
ASIANPAINT,2026-01-23,2756.9,2703.7,2786.3,2648.0,6244498
ASIANPAINT,2026-01-30,2719.9,2428.3,2734.7,2400.5,12785765
ASIANPAINT,2026-02-06,2374.9,2401.1,2525.0,2372.0,6479702
ASIANPAINT,2026-02-13,2404.0,2366.4,2426.2,2360.1,6644571
ASIANPAINT,2026-02-20,2360.0,2428.1,2452.4,2356.8,4001202
ASIANPAINT,2026-02-27,2424.7,2376.2,2446.6,2359.0,4781150
ASIANPAINT,2026-03-06,2300.0,2279.5,2337.9,2216.3,6043448
ASIANPAINT,2026-03-13,2200.0,2196.8,2305.1,2162.6,6411401
ASIANPAINT,2026-03-20,2185.4,2195.4,2270.4,2175.1,4597214
ASIANPAINT,2026-03-27,2180.0,2207.4,2289.7,2115.0,4899279
ASIANPAINT,2026-04-03,2185.3,2169.0,2246.6,2142.4,4577526
ASIANPAINT,2026-04-10,2169.0,2360.7,2376.9,2145.0,11754240
ASIANPAINT,2026-04-17,2279.9,2464.0,2486.1,2262.0,5699778
ASIANPAINT,2026-04-24,2470.0,2485.1,2582.0,2456.5,5827098
ASIANPAINT,2026-05-01,2503.0,2444.5,2519.8,2385.5,2435974
ASIANPAINT,2026-05-08,2460.0,2599.9,2607.4,2415.0,5686241
ASIANPAINT,2026-05-15,2578.9,2605.6,2665.7,2500.0,7252233
ASIANPAINT,2026-05-22,2580.1,2639.8,2664.7,2556.0,4761585
ASIANPAINT,2026-05-29,2672.0,2671.6,2748.2,2631.6,7222673
ASIANPAINT,2026-06-05,2732.6,2686.7,2778.8,2607.9,7665191
ASIANPAINT,2026-06-12,2643.3,2747.4,2753.0,2630.1,5924819
ASIANPAINT,2026-06-19,2820.3,2732.9,2832.7,2718.8,5712040
ASIANPAINT,2026-06-26,2742.7,2645.2,2756.5,2637.1,5530912
ASIANPAINT,2026-07-03,2631.3,2737.8,2762.4,2624.0,9773269
ASIANPAINT,2026-07-10,2724.0,2677.8,2758.0,2653.3,4376344
ASIANPAINT,2026-07-17,2650.5,2689.0,2700.0,2579.9,3799538
ASTEC,2026-01-23,638.1,569.45,672.1,565.0,476383
ASTEC,2026-01-30,569.45,575.0,600.0,557.0,202568
ASTEC,2026-02-06,571.0,635.95,682.0,562.4,1546894
ASTEC,2026-02-13,632.2,636.9,661.0,615.05,366838
ASTEC,2026-02-20,628.0,633.05,657.0,617.0,176722
ASTEC,2026-02-27,636.8,623.7,642.45,612.05,83797
ASTEC,2026-03-06,616.0,627.6,649.0,615.95,149295
ASTEC,2026-03-13,606.0,625.15,647.8,606.0,164560
ASTEC,2026-03-20,628.0,562.85,628.0,560.25,333159
ASTEC,2026-03-27,551.65,579.8,628.8,513.4,4461835
ASTEC,2026-04-03,565.7,543.0,578.0,535.5,332555
ASTEC,2026-04-10,537.0,658.95,672.0,534.0,3837033
ASTEC,2026-04-17,634.0,726.8,769.4,630.35,2947291
ASTEC,2026-04-24,720.05,720.8,750.5,692.0,402664
ASTEC,2026-05-01,731.6,694.7,769.7,681.25,298189
ASTEC,2026-05-08,688.0,710.7,725.0,665.0,333628
ASTEC,2026-05-15,701.0,675.8,701.8,652.2,151027
ASTEC,2026-05-22,666.0,771.8,797.0,647.95,2881430
ASTEC,2026-05-29,775.0,770.95,850.0,742.3,737188
ASTEC,2026-06-05,769.7,758.0,848.85,722.6,876219
ASTEC,2026-06-12,757.0,769.6,824.6,741.3,486688
ASTEC,2026-06-19,777.5,797.7,808.6,760.05,259371
ASTEC,2026-06-26,797.75,725.45,824.0,720.3,175718
ASTEC,2026-07-03,722.0,709.9,749.0,703.4,192675
ASTEC,2026-07-10,710.0,689.2,723.95,665.0,137133
ASTEC,2026-07-17,690.2,690.75,720.0,678.0,288721
ASTERDM,2026-01-23,595.0,555.25,595.05,539.2,5234342
ASTERDM,2026-01-30,565.0,552.15,570.25,531.25,2277120
ASTERDM,2026-02-06,556.55,563.05,586.9,519.1,7083378
ASTERDM,2026-02-13,564.1,599.9,611.75,559.0,5380533
ASTERDM,2026-02-20,595.0,630.8,640.2,592.25,2781091
ASTERDM,2026-02-27,638.0,654.6,659.9,632.3,2274664
ASTERDM,2026-03-06,618.2,672.7,686.6,612.6,3538103
ASTERDM,2026-03-13,669.35,666.95,702.15,629.25,6081316
ASTERDM,2026-03-20,665.0,626.95,686.4,622.6,5437875
ASTERDM,2026-03-27,625.3,668.0,671.8,603.8,2912972
ASTERDM,2026-04-03,666.0,658.1,709.6,645.65,1866887
ASTERDM,2026-04-10,658.0,681.8,683.35,652.25,1776177
ASTERDM,2026-04-17,675.0,688.15,692.75,662.4,1886960
ASTERDM,2026-04-24,685.5,705.25,708.3,673.25,3235135
ASTERDM,2026-05-01,710.6,701.05,724.5,685.2,3532263
ASTERDM,2026-05-08,725.0,742.4,770.0,720.65,14638099
ASTERDM,2026-05-15,742.4,753.65,766.95,721.05,5388322
ASTERDM,2026-05-22,746.1,756.6,776.55,733.65,2609965
ASTERDM,2026-05-29,767.6,728.35,768.55,721.3,1725803
ASTERDM,2026-06-05,724.5,754.0,756.0,711.3,1731438
ASTERDM,2026-06-12,751.25,814.95,836.5,742.25,8619925
ASTERDM,2026-06-19,825.0,809.4,832.75,761.6,2684275
ASTERDM,2026-06-26,823.95,769.05,823.95,757.0,2531706
ASTERDM,2026-07-03,774.7,793.2,801.95,754.2,3137018
ASTERDM,2026-07-10,793.2,808.9,817.95,771.45,2620977
ASTERDM,2026-07-17,808.0,819.9,834.0,805.05,2468136
ASTRAL,2026-01-23,1457.8,1383.9,1462.7,1332.9,2233057
ASTRAL,2026-01-30,1394.5,1476.6,1483.4,1375.2,1447205
ASTRAL,2026-02-06,1465.0,1472.2,1522.9,1424.1,2738691
ASTRAL,2026-02-13,1476.8,1596.5,1615.5,1460.1,4746681
ASTRAL,2026-02-20,1596.5,1636.6,1653.0,1589.9,3273221
ASTRAL,2026-02-27,1649.0,1667.9,1693.9,1623.0,3157020
ASTRAL,2026-03-06,1590.5,1689.2,1705.2,1590.5,2739022
ASTRAL,2026-03-13,1677.0,1611.8,1768.7,1595.2,6328791
ASTRAL,2026-03-20,1605.3,1631.8,1679.6,1594.9,2376041
ASTRAL,2026-03-27,1586.6,1619.1,1678.0,1546.9,2390977
ASTRAL,2026-04-03,1590.0,1553.5,1660.0,1456.6,2548730
ASTRAL,2026-04-10,1553.5,1630.0,1639.6,1472.2,4646196
ASTRAL,2026-04-17,1600.0,1605.0,1661.5,1550.2,5518804
ASTRAL,2026-04-24,1605.0,1563.2,1618.4,1551.9,4851758
ASTRAL,2026-05-01,1565.0,1529.7,1601.0,1520.6,2140591
ASTRAL,2026-05-08,1534.3,1569.8,1597.8,1528.5,2654715
ASTRAL,2026-05-15,1571.1,1550.8,1590.0,1503.0,1842839
ASTRAL,2026-05-22,1539.0,1541.7,1568.5,1431.6,5519399
ASTRAL,2026-05-29,1566.0,1578.2,1614.8,1540.5,4687917
ASTRAL,2026-06-05,1595.0,1518.8,1595.0,1490.5,3089115
ASTRAL,2026-06-12,1500.0,1508.6,1554.0,1485.5,2091123
ASTRAL,2026-06-19,1531.0,1542.1,1583.3,1518.0,2597966
ASTRAL,2026-06-26,1546.0,1486.9,1573.9,1483.4,1754927
ASTRAL,2026-07-03,1417.0,1385.0,1423.0,1329.0,7749033
ASTRAL,2026-07-10,1402.0,1333.8,1411.8,1311.6,2942983
ASTRAL,2026-07-17,1333.0,1377.8,1389.7,1315.1,2939369
ASTRAMICRO,2026-01-23,937.0,909.85,937.05,864.6,1069454
ASTRAMICRO,2026-01-30,906.65,982.6,985.0,890.0,1236308
ASTRAMICRO,2026-02-06,953.3,901.7,986.9,889.0,832251
ASTRAMICRO,2026-02-13,896.5,903.95,943.9,872.75,1461691
ASTRAMICRO,2026-02-20,896.9,899.9,932.8,888.0,723290
ASTRAMICRO,2026-02-27,907.1,968.6,1004.45,901.55,2181315
ASTRAMICRO,2026-03-06,952.2,1038.05,1055.0,943.65,3245411
ASTRAMICRO,2026-03-13,1038.1,978.6,1058.95,975.0,2108884
ASTRAMICRO,2026-03-20,973.95,890.8,985.85,884.4,1226964
ASTRAMICRO,2026-03-27,873.0,879.2,927.9,872.35,1817274
ASTRAMICRO,2026-04-03,870.0,952.65,961.8,851.0,1922216
ASTRAMICRO,2026-04-10,957.35,1015.65,1040.0,916.05,2590593
ASTRAMICRO,2026-04-17,990.0,1093.45,1099.0,981.2,1861534
ASTRAMICRO,2026-04-24,1089.1,1123.75,1146.0,1055.8,2289511
ASTRAMICRO,2026-05-01,1134.9,1125.2,1149.0,1082.7,1083405
ASTRAMICRO,2026-05-08,1134.0,1147.4,1179.0,1079.7,2415199
ASTRAMICRO,2026-05-15,1145.0,1106.6,1174.0,1097.0,1450614
ASTRAMICRO,2026-05-22,1106.6,1174.9,1199.0,1070.1,2061899
ASTRAMICRO,2026-05-29,1190.0,1401.7,1433.0,1187.2,19476147
ASTRAMICRO,2026-06-05,1415.4,1419.5,1463.9,1296.3,6097744
ASTRAMICRO,2026-06-12,1414.1,1443.8,1478.8,1385.4,4946594
ASTRAMICRO,2026-06-19,1477.0,1684.1,1735.5,1412.3,9569152
ASTRAMICRO,2026-06-26,1697.1,1721.7,1724.8,1610.0,3701498
ASTRAMICRO,2026-07-03,1730.0,1848.5,1857.0,1696.0,4612916
ASTRAMICRO,2026-07-10,1862.5,1803.7,1871.0,1770.7,2762391
ASTRAMICRO,2026-07-17,1803.7,1720.8,1803.7,1668.1,2156875
ATGL,2026-01-23,548.95,517.45,555.0,507.05,4274785
ATGL,2026-01-30,528.05,526.95,536.7,513.05,2956061
ATGL,2026-02-06,522.65,543.5,558.0,511.0,3631843
ATGL,2026-02-13,552.8,519.9,564.8,518.05,1866239
ATGL,2026-02-20,521.0,519.2,538.2,515.1,1479622
ATGL,2026-02-27,522.0,512.0,528.1,510.05,1214501
ATGL,2026-03-06,489.85,482.65,500.0,477.0,2111606
ATGL,2026-03-13,481.0,565.9,651.0,462.8,100658606
ATGL,2026-03-20,588.95,551.9,604.3,490.0,93426211
ATGL,2026-03-27,547.5,529.1,553.5,508.65,20984089
ATGL,2026-04-03,527.1,520.05,537.65,502.45,6481521
ATGL,2026-04-10,520.05,581.05,589.0,512.8,27644247
ATGL,2026-04-17,551.05,632.9,649.5,551.05,20001585
ATGL,2026-04-24,634.35,626.85,640.5,604.4,13486384
ATGL,2026-05-01,632.0,634.7,684.9,625.8,27419898
ATGL,2026-05-08,641.95,633.05,665.8,629.3,10672900
ATGL,2026-05-15,629.8,616.25,657.75,588.1,11954272
ATGL,2026-05-22,611.0,652.8,660.0,596.15,25300502
ATGL,2026-05-29,659.05,773.3,859.85,652.8,134444068
ATGL,2026-06-05,784.0,762.25,803.4,700.0,62673109
ATGL,2026-06-12,745.1,728.5,763.0,714.0,26491791
ATGL,2026-06-19,739.95,727.3,744.95,690.4,16013345
ATGL,2026-06-26,729.0,719.8,737.3,708.6,8009025
ATGL,2026-07-03,707.9,721.75,746.4,698.2,11113794
ATGL,2026-07-10,726.0,723.9,750.0,694.0,12722207
ATGL,2026-07-17,719.7,706.6,740.45,701.15,8203293
AUBANK,2026-01-23,1025.0,966.1,1027.45,961.3,13907476
AUBANK,2026-01-30,970.6,982.35,995.65,944.1,10809166
AUBANK,2026-02-06,965.0,991.05,1019.0,950.45,6602448
AUBANK,2026-02-13,995.1,994.9,1011.9,980.0,9371790
AUBANK,2026-02-20,990.0,1029.65,1039.2,985.85,11026700
AUBANK,2026-02-27,993.0,958.35,1009.85,950.0,46053462
AUBANK,2026-03-06,895.05,964.25,980.15,895.05,7931160
AUBANK,2026-03-13,943.4,884.35,951.3,881.9,10595994
AUBANK,2026-03-20,880.6,901.5,932.0,868.75,18896743
AUBANK,2026-03-27,885.2,882.75,919.2,846.75,10963791
AUBANK,2026-04-03,877.6,868.25,884.8,831.65,8506556
AUBANK,2026-04-10,880.95,981.8,986.25,856.35,12466728
AUBANK,2026-04-17,962.0,990.6,1001.05,948.1,6768890
AUBANK,2026-04-24,993.0,1065.65,1079.55,984.9,17773290
AUBANK,2026-05-01,1057.0,1015.95,1062.9,998.0,11009895
AUBANK,2026-05-08,1023.7,1050.4,1052.3,1002.0,9483879
AUBANK,2026-05-15,1045.0,990.5,1045.0,976.2,6515487
AUBANK,2026-05-22,984.1,977.9,984.8,948.0,6811502
AUBANK,2026-05-29,987.0,984.7,1025.0,971.1,10103855
AUBANK,2026-06-05,989.4,969.4,997.8,941.4,8218398
AUBANK,2026-06-12,953.0,1015.5,1019.45,947.25,9618391
AUBANK,2026-06-19,1035.0,1033.05,1056.0,1010.0,5969209
AUBANK,2026-06-26,1034.05,1033.85,1079.2,1021.0,9935378
AUBANK,2026-07-03,1033.9,1058.4,1069.8,1015.55,16991676
AUBANK,2026-07-10,1062.8,1072.1,1090.4,1033.0,9898375
AUBANK,2026-07-17,1068.7,1030.2,1068.7,1018.3,3600638
AURIONPRO,2026-01-23,985.0,915.0,995.6,910.0,1119497
AURIONPRO,2026-01-30,921.1,902.8,953.6,881.7,522584
AURIONPRO,2026-02-06,977.95,927.05,1005.0,890.2,1118109
AURIONPRO,2026-02-13,929.0,932.35,1042.55,922.95,811613
AURIONPRO,2026-02-20,927.0,945.8,1022.0,908.8,2558440
AURIONPRO,2026-02-27,957.0,888.7,974.1,843.0,1108520
AURIONPRO,2026-03-06,844.5,858.7,884.35,840.2,645086
AURIONPRO,2026-03-13,832.65,859.35,946.6,830.0,1471213
AURIONPRO,2026-03-20,863.9,815.5,866.2,805.8,1038238
AURIONPRO,2026-03-27,808.0,764.3,817.65,755.1,788709
AURIONPRO,2026-04-03,760.05,774.05,793.0,719.6,609921
AURIONPRO,2026-04-10,774.2,869.0,894.2,754.55,1071452
AURIONPRO,2026-04-17,861.0,922.6,934.0,836.45,632861
AURIONPRO,2026-04-24,929.7,831.45,934.0,825.05,739630
AURIONPRO,2026-05-01,833.0,869.9,894.8,830.55,514614
AURIONPRO,2026-05-08,876.3,896.05,904.5,851.4,931061
AURIONPRO,2026-05-15,905.0,750.9,905.0,748.8,2450618
AURIONPRO,2026-05-22,747.15,819.0,830.1,721.35,1632814
AURIONPRO,2026-05-29,820.2,794.8,838.0,784.6,479178
AURIONPRO,2026-06-05,797.0,778.0,834.0,771.75,956015
AURIONPRO,2026-06-12,765.75,777.25,789.0,739.25,682196
AURIONPRO,2026-06-19,812.4,876.4,894.95,803.6,3779795
AURIONPRO,2026-06-26,889.9,895.1,932.2,880.1,896732
AURIONPRO,2026-07-03,902.7,879.65,908.4,853.05,654810
AURIONPRO,2026-07-10,879.0,857.8,881.05,811.05,457529
AURIONPRO,2026-07-17,853.1,847.45,894.0,832.5,457880
AUROPHARMA,2026-01-23,1167.0,1132.5,1177.0,1116.5,3059110
AUROPHARMA,2026-01-30,1139.8,1207.7,1219.0,1116.2,9975307
AUROPHARMA,2026-02-06,1172.1,1191.0,1247.3,1152.3,6977767
AUROPHARMA,2026-02-13,1191.0,1145.6,1218.7,1106.0,16528257
AUROPHARMA,2026-02-20,1142.0,1158.8,1212.8,1129.2,12467816
AUROPHARMA,2026-02-27,1166.1,1220.4,1250.9,1143.3,9171253
AUROPHARMA,2026-03-06,1186.2,1231.9,1244.7,1179.8,3503104
AUROPHARMA,2026-03-13,1202.3,1296.5,1319.8,1182.1,10664577
AUROPHARMA,2026-03-20,1302.0,1291.4,1314.0,1240.0,5984591
AUROPHARMA,2026-03-27,1291.6,1314.2,1330.0,1255.4,7342923
AUROPHARMA,2026-04-03,1300.0,1333.7,1359.9,1266.1,6940488
AUROPHARMA,2026-04-10,1344.0,1349.4,1363.0,1316.0,8179367
AUROPHARMA,2026-04-17,1340.0,1386.0,1394.9,1333.0,7074479
AUROPHARMA,2026-04-24,1392.0,1413.8,1459.5,1363.5,6979494
AUROPHARMA,2026-05-01,1414.9,1389.5,1433.4,1378.6,4190934
AUROPHARMA,2026-05-08,1398.0,1487.3,1513.4,1367.0,7256646
AUROPHARMA,2026-05-15,1487.3,1511.8,1528.0,1477.4,6004584
AUROPHARMA,2026-05-22,1514.3,1463.5,1550.0,1445.8,7599617
AUROPHARMA,2026-05-29,1455.2,1426.4,1473.0,1411.0,6861926
AUROPHARMA,2026-06-05,1426.4,1462.3,1496.5,1415.1,5634250
AUROPHARMA,2026-06-12,1451.3,1472.8,1481.0,1437.1,4189540
AUROPHARMA,2026-06-19,1462.5,1497.8,1503.1,1391.0,8829155
AUROPHARMA,2026-06-26,1498.2,1555.2,1565.0,1476.5,6995658
AUROPHARMA,2026-07-03,1555.2,1620.5,1636.8,1538.1,11294925
AUROPHARMA,2026-07-10,1622.5,1564.7,1630.0,1544.3,4488625
AUROPHARMA,2026-07-17,1564.9,1533.4,1584.7,1520.4,3031074
AUTOIETF,2026-01-23,28.45,27.57,28.54,27.29,2670350
AUTOIETF,2026-01-30,26.88,27.5,27.61,26.88,5318468
AUTOIETF,2026-02-06,26.76,28.28,28.96,26.76,4506276
AUTOIETF,2026-02-13,28.51,29.0,29.59,28.28,4368385
AUTOIETF,2026-02-20,28.9,28.69,29.34,28.28,1781706
AUTOIETF,2026-02-27,28.98,29.02,30.32,28.53,6925427
AUTOIETF,2026-03-06,28.89,28.2,28.89,27.4,2813218
AUTOIETF,2026-03-13,27.76,24.95,28.25,24.85,9414116
AUTOIETF,2026-03-20,25.57,25.51,26.48,24.55,4646940
AUTOIETF,2026-03-27,25.24,25.07,26.03,24.6,3180365
AUTOIETF,2026-04-03,24.88,24.87,25.44,24.2,2171309
AUTOIETF,2026-04-10,25.49,27.42,27.46,24.59,5127382
AUTOIETF,2026-04-17,27.42,27.23,27.56,26.66,3037704
AUTOIETF,2026-04-24,27.91,26.46,27.91,26.34,4917432
AUTOIETF,2026-05-01,26.68,26.63,27.52,26.17,3028536
AUTOIETF,2026-05-08,26.63,28.01,28.29,26.48,5447989
AUTOIETF,2026-05-15,27.76,26.86,27.86,26.4,7200926
AUTOIETF,2026-05-22,26.86,26.81,27.26,26.1,5287137
AUTOIETF,2026-05-29,26.96,27.16,27.86,26.96,3462187
AUTOIETF,2026-06-05,27.48,27.12,27.48,26.24,4053297
AUTOIETF,2026-06-12,26.79,27.1,27.86,26.27,6447558
AUTOIETF,2026-06-19,28.67,27.4,28.67,27.3,4029379
AUTOIETF,2026-06-26,27.67,27.8,28.05,27.03,2900258
AUTOIETF,2026-07-03,27.79,27.97,28.13,26.94,5550394
AUTOIETF,2026-07-10,27.98,27.76,28.34,27.48,2757144
AUTOIETF,2026-07-17,27.76,27.99,30.0,27.39,2690378
AVALON,2026-01-23,900.0,803.35,908.25,797.0,817663
AVALON,2026-01-30,800.15,858.25,895.5,777.3,1418129
AVALON,2026-02-06,872.0,1029.1,1127.5,826.2,3939860
AVALON,2026-02-13,1069.9,1054.05,1082.9,1024.0,868226
AVALON,2026-02-20,1054.0,1028.05,1081.65,1002.0,510707
AVALON,2026-02-27,1027.0,1019.2,1043.0,956.1,765022
AVALON,2026-03-06,958.5,930.3,1015.3,925.0,578443
AVALON,2026-03-13,930.0,879.2,995.4,875.4,599437
AVALON,2026-03-20,875.4,951.9,971.7,856.4,698459
AVALON,2026-03-27,932.0,963.1,999.0,881.2,780354
AVALON,2026-04-03,963.1,937.65,974.5,910.0,458821
AVALON,2026-04-10,937.65,1058.35,1095.85,921.4,1099950
AVALON,2026-04-17,1020.0,1119.3,1152.0,1018.0,1207280
AVALON,2026-04-24,1111.0,1040.65,1127.55,1035.0,800062
AVALON,2026-05-01,1050.0,1057.25,1109.55,1019.8,850163
AVALON,2026-05-08,1065.1,1387.0,1427.8,1050.4,8387084
AVALON,2026-05-15,1390.0,1323.1,1390.0,1234.5,1637212
AVALON,2026-05-22,1315.2,1473.0,1512.3,1277.0,7156357
AVALON,2026-05-29,1480.0,1520.5,1558.6,1305.0,2254696
AVALON,2026-06-05,1538.0,1607.9,1688.5,1436.1,1968570
AVALON,2026-06-12,1580.1,1687.0,1696.0,1509.8,2128818
AVALON,2026-06-19,1691.0,1744.6,1798.7,1690.1,1500010
AVALON,2026-06-26,1758.0,1750.3,1807.0,1702.8,1198628
AVALON,2026-07-03,1752.8,1788.3,1853.0,1722.0,1953321
AVALON,2026-07-10,1785.0,1768.1,1825.9,1621.0,2287334
AVALON,2026-07-17,1748.1,1724.0,1797.9,1668.6,1416774
AYMSYNTEX,2026-01-23,159.98,149.94,164.3,141.53,178860
AYMSYNTEX,2026-01-30,152.2,160.41,163.75,145.01,159419
AYMSYNTEX,2026-02-06,156.6,176.45,190.51,155.52,166271
AYMSYNTEX,2026-02-13,178.94,179.72,198.5,175.79,95357
AYMSYNTEX,2026-02-20,179.72,193.27,215.19,178.1,490028
AYMSYNTEX,2026-02-27,193.27,198.45,211.0,193.27,309824
AYMSYNTEX,2026-03-06,197.99,197.93,208.48,183.51,194139
AYMSYNTEX,2026-03-13,198.91,175.16,198.91,170.01,131246
AYMSYNTEX,2026-03-20,172.53,183.27,197.8,168.57,99885
AYMSYNTEX,2026-03-27,183.92,175.54,186.49,172.6,107181
AYMSYNTEX,2026-04-03,179.98,183.21,189.0,169.35,73043
AYMSYNTEX,2026-04-10,190.0,192.16,199.9,181.08,49250
AYMSYNTEX,2026-04-17,191.2,190.48,199.5,185.01,74641
AYMSYNTEX,2026-04-24,194.6,230.81,249.69,186.5,629638
AYMSYNTEX,2026-05-01,226.3,233.18,244.79,220.0,81803
AYMSYNTEX,2026-05-08,234.0,231.17,245.0,225.4,71102
AYMSYNTEX,2026-05-15,231.07,228.04,243.0,225.1,112042
AYMSYNTEX,2026-05-22,226.48,203.33,240.3,202.75,186611
AYMSYNTEX,2026-05-29,204.6,225.48,234.1,204.6,116130
AYMSYNTEX,2026-06-05,225.0,222.74,233.23,214.89,66441
AYMSYNTEX,2026-06-12,214.0,224.03,231.29,214.0,101788
AYMSYNTEX,2026-06-19,229.99,215.25,229.99,215.0,48119
AYMSYNTEX,2026-06-26,217.8,214.48,222.49,212.0,26351
AYMSYNTEX,2026-07-03,220.49,262.64,281.22,214.25,853513
AYMSYNTEX,2026-07-10,262.64,228.11,268.0,226.35,363865
AYMSYNTEX,2026-07-17,228.0,244.91,257.99,222.72,267484
AZAD,2026-01-23,1530.0,1391.2,1537.1,1369.7,942979
AZAD,2026-01-30,1402.8,1473.9,1543.6,1386.2,770704
AZAD,2026-02-06,1456.4,1492.2,1555.4,1428.0,646122
AZAD,2026-02-13,1540.0,1579.1,1643.0,1535.0,856051
AZAD,2026-02-20,1555.0,1720.1,1765.1,1509.1,2416879
AZAD,2026-02-27,1732.0,1713.2,1769.0,1685.0,892370
AZAD,2026-03-06,1624.8,1610.8,1703.0,1604.6,878121
AZAD,2026-03-13,1600.0,1492.7,1678.3,1487.0,902767
AZAD,2026-03-20,1480.0,1469.4,1532.0,1454.6,746355
AZAD,2026-03-27,1440.0,1484.3,1601.9,1360.0,2353594
AZAD,2026-04-03,1463.5,1546.0,1568.1,1442.7,855022
AZAD,2026-04-10,1565.2,1704.7,1713.4,1524.0,868429
AZAD,2026-04-17,1678.0,1904.3,1923.7,1655.0,2141049
AZAD,2026-04-24,1900.0,2090.2,2205.0,1855.9,5464734
AZAD,2026-05-01,2125.0,2164.9,2267.5,2097.1,2974607
AZAD,2026-05-08,2200.0,2315.6,2350.0,2130.2,2275178
AZAD,2026-05-15,2315.0,2098.2,2315.0,2070.0,2027029
AZAD,2026-05-22,2084.4,2039.6,2095.0,1874.8,2477854
AZAD,2026-05-29,2049.9,2016.7,2145.9,1990.0,1579777
AZAD,2026-06-05,2035.0,2207.7,2242.9,1951.0,2174923
AZAD,2026-06-12,2120.0,2150.1,2291.3,2082.5,2283147
AZAD,2026-06-19,2190.0,2095.2,2248.0,2054.1,3783300
AZAD,2026-06-26,2114.0,2020.1,2124.0,2002.0,1122192
AZAD,2026-07-03,2017.5,2149.1,2178.0,1959.0,2349968
AZAD,2026-07-10,2169.0,2479.5,2520.0,2143.0,6302023
AZAD,2026-07-17,2450.0,2329.7,2530.0,2296.8,2747392
BAJAJ-AUTO,2026-01-23,9489.0,9413.5,9548.0,9072.0,1509759
BAJAJ-AUTO,2026-01-30,9422.0,9597.5,9626.0,9250.0,1318228
BAJAJ-AUTO,2026-02-06,9454.5,9518.5,9941.0,9250.5,1456161
BAJAJ-AUTO,2026-02-13,9598.0,9760.0,9930.0,9505.0,1334809
BAJAJ-AUTO,2026-02-20,9710.0,9807.0,10059.5,9632.5,1183720
BAJAJ-AUTO,2026-02-27,9851.0,9972.5,10187.0,9660.0,1149331
BAJAJ-AUTO,2026-03-06,9725.5,9816.0,9941.5,9516.5,1337283
BAJAJ-AUTO,2026-03-13,9600.0,8875.0,9666.0,8832.5,2113111
BAJAJ-AUTO,2026-03-20,8866.0,9051.0,9288.0,8742.5,1717585
BAJAJ-AUTO,2026-03-27,8989.5,8901.0,9149.5,8752.0,1578757
BAJAJ-AUTO,2026-04-03,8810.0,8758.5,9170.0,8624.0,996492
BAJAJ-AUTO,2026-04-10,8778.5,9813.5,9844.0,8755.0,2443080
BAJAJ-AUTO,2026-04-17,9701.5,9773.5,9976.0,9700.0,1659305
BAJAJ-AUTO,2026-04-24,9773.5,9576.0,9874.0,9477.0,1577639
BAJAJ-AUTO,2026-05-01,9642.5,9994.0,10045.0,9355.0,1875467
BAJAJ-AUTO,2026-05-08,10244.0,10711.5,10785.0,10016.0,3222406
BAJAJ-AUTO,2026-05-15,10599.0,10377.5,10684.5,10220.0,1687396
BAJAJ-AUTO,2026-05-22,10325.0,10549.5,10753.0,10078.5,1557785
BAJAJ-AUTO,2026-05-29,10700.0,10460.0,10834.0,10388.5,1924844
BAJAJ-AUTO,2026-06-05,10500.0,10342.0,10619.0,10178.0,1971676
BAJAJ-AUTO,2026-06-12,10251.0,10063.0,10344.0,9922.0,1312575
BAJAJ-AUTO,2026-06-19,10164.0,10066.0,10178.0,9902.0,1865591
BAJAJ-AUTO,2026-06-26,10116.0,9843.0,10268.0,9732.0,2164858
BAJAJ-AUTO,2026-07-03,9874.0,9785.5,9998.0,9501.0,1716207
BAJAJ-AUTO,2026-07-10,9800.0,10156.0,10298.0,9785.5,1233572
BAJAJ-AUTO,2026-07-17,10080.0,10443.0,10499.0,10030.5,3097375
BAJAJCON,2026-01-23,280.7,305.8,319.4,242.55,46722934
BAJAJCON,2026-01-30,299.8,339.4,342.65,299.3,15517293
BAJAJCON,2026-02-06,310.5,359.7,370.0,309.0,10679092
BAJAJCON,2026-02-13,365.0,380.95,395.75,363.7,5561649
BAJAJCON,2026-02-20,378.0,383.0,385.0,349.1,3505790
BAJAJCON,2026-02-27,388.7,395.1,408.7,372.55,4405266
BAJAJCON,2026-03-06,366.5,371.8,392.85,356.15,1970167
BAJAJCON,2026-03-13,369.0,334.1,381.35,331.4,2395519
BAJAJCON,2026-03-20,327.0,366.3,368.95,320.0,3566800
BAJAJCON,2026-03-27,365.0,350.1,371.7,344.6,1688652
BAJAJCON,2026-04-03,347.95,360.45,367.2,343.35,1647552
BAJAJCON,2026-04-10,364.0,432.25,444.7,357.55,7269606
BAJAJCON,2026-04-17,425.8,469.95,494.8,418.6,24242969
BAJAJCON,2026-04-24,480.0,453.4,496.85,450.5,9460791
BAJAJCON,2026-05-01,453.1,450.45,473.4,442.4,3639823
BAJAJCON,2026-05-08,455.0,546.25,548.8,452.05,10439986
BAJAJCON,2026-05-15,545.05,537.45,560.3,501.35,7761508
BAJAJCON,2026-05-22,538.35,571.75,578.0,515.05,4045258
BAJAJCON,2026-05-29,578.0,552.8,581.0,545.05,2622504
BAJAJCON,2026-06-05,552.9,552.05,579.85,546.55,2509917
BAJAJCON,2026-06-12,555.4,591.65,595.8,550.25,5188876
BAJAJCON,2026-06-19,598.2,625.25,632.6,584.85,3755558
BAJAJCON,2026-06-26,626.0,578.45,629.7,563.5,2371529
BAJAJCON,2026-07-03,575.0,616.2,630.8,573.95,2789408
BAJAJCON,2026-07-10,616.15,670.25,679.85,610.5,4385100
BAJAJCON,2026-07-17,671.15,525.65,692.0,522.5,14295493
BAJAJFINSV,2026-01-23,1995.0,1949.0,2025.9,1936.6,5168968
BAJAJFINSV,2026-01-30,1950.2,1952.6,1971.5,1903.4,8532654
BAJAJFINSV,2026-02-06,1908.0,2024.2,2045.5,1876.6,5735675
BAJAJFINSV,2026-02-13,2026.9,2023.2,2050.0,2012.1,3081587
BAJAJFINSV,2026-02-20,2023.2,2058.5,2068.0,2021.1,2794857
BAJAJFINSV,2026-02-27,2050.0,1993.4,2074.9,1986.6,4449035
BAJAJFINSV,2026-03-06,1950.0,1868.9,1990.0,1860.2,7588124
BAJAJFINSV,2026-03-13,1839.1,1738.0,1874.8,1726.1,5679689
BAJAJFINSV,2026-03-20,1738.0,1710.3,1803.0,1702.1,8794170
BAJAJFINSV,2026-03-27,1699.8,1694.7,1765.0,1662.7,8371067
BAJAJFINSV,2026-04-03,1675.0,1640.7,1686.1,1597.0,7353269
BAJAJFINSV,2026-04-10,1635.0,1809.2,1814.9,1623.6,8629226
BAJAJFINSV,2026-04-17,1774.5,1838.9,1854.9,1748.3,3832360
BAJAJFINSV,2026-04-24,1839.9,1770.7,1860.0,1757.3,4426938
BAJAJFINSV,2026-05-01,1781.0,1747.2,1798.0,1718.7,5956356
BAJAJFINSV,2026-05-08,1749.2,1818.3,1849.6,1742.1,5714922
BAJAJFINSV,2026-05-15,1804.2,1728.1,1814.0,1713.3,6684169
BAJAJFINSV,2026-05-22,1715.0,1766.0,1784.4,1693.8,3490732
BAJAJFINSV,2026-05-29,1785.0,1783.6,1817.6,1776.9,3053338
BAJAJFINSV,2026-06-05,1794.9,1703.2,1805.7,1698.0,4147515
BAJAJFINSV,2026-06-12,1684.0,1689.1,1699.9,1640.5,3925663
BAJAJFINSV,2026-06-19,1714.0,1769.4,1801.8,1710.0,6798187
BAJAJFINSV,2026-06-26,1768.1,1764.6,1798.9,1753.1,4714089
BAJAJFINSV,2026-07-03,1764.6,1895.6,1916.0,1741.5,8392204
BAJAJFINSV,2026-07-10,1885.1,1916.0,1920.5,1841.5,6417957
BAJAJFINSV,2026-07-17,1900.0,1854.0,1912.0,1822.0,5784490
BAJFINANCE,2026-01-23,950.5,927.85,975.7,921.0,33430694
BAJFINANCE,2026-01-30,930.0,929.85,939.8,907.7,37940780
BAJFINANCE,2026-02-06,887.0,981.7,986.5,887.0,64388559
BAJFINANCE,2026-02-13,988.0,1024.75,1032.0,961.3,46577482
BAJFINANCE,2026-02-20,1023.05,1030.2,1036.6,1003.3,29093132
BAJFINANCE,2026-02-27,1032.45,995.9,1046.0,993.1,31727854
BAJFINANCE,2026-03-06,971.0,950.2,990.4,941.3,30198867
BAJFINANCE,2026-03-13,921.8,855.05,952.15,848.8,51006542
BAJFINANCE,2026-03-20,850.1,830.55,893.95,819.25,55767293
BAJFINANCE,2026-03-27,818.1,843.8,888.8,787.9,61942401
BAJFINANCE,2026-04-03,831.0,826.85,842.05,792.45,44584926
BAJFINANCE,2026-04-10,828.9,924.55,927.3,814.25,56849152
BAJFINANCE,2026-04-17,896.15,908.25,932.6,881.1,34538978
BAJFINANCE,2026-04-24,908.25,921.55,946.35,898.0,31783135
BAJFINANCE,2026-05-01,923.05,937.0,975.0,908.3,47735862
BAJFINANCE,2026-05-08,938.1,955.35,992.25,933.15,35994017
BAJFINANCE,2026-05-15,946.0,910.45,956.0,889.0,32006136
BAJFINANCE,2026-05-22,900.0,916.55,934.9,890.7,35091077
BAJFINANCE,2026-05-29,926.1,908.25,948.4,895.3,67657168
BAJFINANCE,2026-06-05,911.45,889.4,918.0,860.45,60284307
BAJFINANCE,2026-06-12,873.0,918.3,921.0,866.5,39246906
BAJFINANCE,2026-06-19,942.0,961.8,971.7,939.0,45700625
BAJFINANCE,2026-06-26,966.05,980.4,1005.6,952.4,36564230
BAJFINANCE,2026-07-03,975.3,1031.4,1040.0,975.3,56723011
BAJFINANCE,2026-07-10,1040.0,1020.5,1052.9,994.1,40986802
BAJFINANCE,2026-07-17,1014.0,1056.3,1058.5,995.2,38832255
BALAMINES,2026-01-23,1255.0,1129.6,1314.0,1108.4,2540323
BALAMINES,2026-01-30,1130.0,1117.0,1238.0,1109.5,1551694
BALAMINES,2026-02-06,1125.8,1125.4,1169.9,1060.1,707089
BALAMINES,2026-02-13,1139.0,1079.1,1182.9,1064.0,512350
BALAMINES,2026-02-20,1073.8,1089.0,1134.8,1061.6,359522
BALAMINES,2026-02-27,1081.1,1087.4,1122.5,1066.0,323979
BALAMINES,2026-03-06,1038.3,1044.4,1084.0,1036.5,211738
BALAMINES,2026-03-13,1030.0,1000.9,1066.0,989.0,534876
BALAMINES,2026-03-20,1000.9,1067.1,1081.5,976.5,585220
BALAMINES,2026-03-27,1051.0,1033.9,1095.0,997.2,685094
BALAMINES,2026-04-03,1020.0,1065.45,1081.0,968.1,404444
BALAMINES,2026-04-10,1070.0,1076.5,1099.0,1019.95,541856
BALAMINES,2026-04-17,1053.95,1139.3,1158.8,1022.7,357112
BALAMINES,2026-04-24,1150.0,1250.6,1270.0,1116.9,563080
BALAMINES,2026-05-01,1279.0,1333.65,1347.0,1261.25,622850
BALAMINES,2026-05-08,1360.0,1487.2,1538.0,1355.0,1532290
BALAMINES,2026-05-15,1482.8,1706.2,1740.0,1318.3,4907371
BALAMINES,2026-05-22,1674.1,1822.5,1896.6,1620.0,3070438
BALAMINES,2026-05-29,1874.0,1775.6,1956.0,1763.0,1220644
BALAMINES,2026-06-05,1775.6,2043.3,2185.0,1700.6,7054812
BALAMINES,2026-06-12,2029.1,2133.0,2262.5,1989.4,2249051
BALAMINES,2026-06-19,2180.0,2138.2,2288.0,2045.6,1127765
BALAMINES,2026-06-26,2167.4,1989.0,2169.0,1975.6,552149
BALAMINES,2026-07-03,1991.2,2194.2,2269.7,1885.0,1590498
BALAMINES,2026-07-10,2194.2,2414.9,2420.0,2057.1,3619225
BALAMINES,2026-07-17,2390.0,2289.1,2443.6,2260.0,959174
BALKRISIND,2026-01-23,2445.4,2408.4,2468.0,2382.0,491363
BALKRISIND,2026-01-30,2410.0,2305.8,2475.0,2289.9,1067690
BALKRISIND,2026-02-06,2290.2,2704.8,2752.5,2226.1,3510678
BALKRISIND,2026-02-13,2708.0,2611.8,2775.0,2571.1,883278
BALKRISIND,2026-02-20,2613.0,2494.8,2630.0,2483.2,554191
BALKRISIND,2026-02-27,2519.6,2383.9,2568.7,2375.0,1280660
BALKRISIND,2026-03-06,2299.9,2249.7,2366.7,2205.5,494647
BALKRISIND,2026-03-13,2220.0,2225.7,2308.8,2146.8,621122
BALKRISIND,2026-03-20,2193.0,2105.1,2225.7,2090.3,701831
BALKRISIND,2026-03-27,2090.0,2150.5,2229.0,2015.4,638623
BALKRISIND,2026-04-03,2108.0,2067.2,2172.6,2018.0,659536
BALKRISIND,2026-04-10,2067.2,2268.9,2291.0,2043.9,1021057
BALKRISIND,2026-04-17,2236.0,2329.8,2365.0,2214.2,1047539
BALKRISIND,2026-04-24,2341.0,2225.4,2344.0,2187.0,591515
BALKRISIND,2026-05-01,2249.9,2160.8,2255.9,2136.3,494418
BALKRISIND,2026-05-08,2182.5,2262.5,2300.0,2164.9,457726
BALKRISIND,2026-05-15,2250.0,2148.3,2250.0,2063.7,1141960
BALKRISIND,2026-05-22,2131.2,2208.3,2220.0,2094.0,764395
BALKRISIND,2026-05-29,2229.4,2205.5,2351.5,2166.0,886739
BALKRISIND,2026-06-05,2230.0,2142.0,2240.1,2131.0,1733036
BALKRISIND,2026-06-12,2134.0,2013.1,2180.0,1970.0,690640
BALKRISIND,2026-06-19,2060.7,2243.7,2268.7,2050.3,1556322
BALKRISIND,2026-06-26,2254.0,2233.6,2287.0,2200.0,353453
BALKRISIND,2026-07-03,2221.0,2220.4,2270.0,2142.6,404933
BALKRISIND,2026-07-10,2220.0,2252.9,2276.0,2152.3,1008548
BALKRISIND,2026-07-17,2221.1,2065.3,2256.9,2058.0,885317
BALRAMCHIN,2026-01-23,420.0,413.0,422.2,393.55,1307147
BALRAMCHIN,2026-01-30,414.6,420.35,422.5,400.2,1089696
BALRAMCHIN,2026-02-06,425.6,445.05,448.45,411.5,1079288
BALRAMCHIN,2026-02-13,445.05,465.9,475.0,443.85,3584731
BALRAMCHIN,2026-02-20,470.55,456.4,474.85,455.0,1163884
BALRAMCHIN,2026-02-27,461.9,470.6,472.0,453.05,1555728
BALRAMCHIN,2026-03-06,450.1,480.95,503.25,446.05,9672218
BALRAMCHIN,2026-03-13,479.0,486.0,527.0,471.1,6299336
BALRAMCHIN,2026-03-20,486.0,485.9,496.85,464.2,4141859
BALRAMCHIN,2026-03-27,485.9,497.2,514.0,443.0,5510336
BALRAMCHIN,2026-04-03,488.5,489.35,509.6,482.05,2750281
BALRAMCHIN,2026-04-10,492.0,473.5,497.35,470.2,2744647
BALRAMCHIN,2026-04-17,470.0,486.0,489.5,463.0,2072980
BALRAMCHIN,2026-04-24,488.0,516.1,552.7,483.0,8751783
BALRAMCHIN,2026-05-01,516.1,521.05,536.4,500.0,5639043
BALRAMCHIN,2026-05-08,524.5,522.75,537.0,517.2,2998550
BALRAMCHIN,2026-05-15,520.7,539.6,561.9,511.95,5869355
BALRAMCHIN,2026-05-22,530.0,535.1,563.4,525.1,3729447
BALRAMCHIN,2026-05-29,535.1,514.8,539.95,510.15,1742361
BALRAMCHIN,2026-06-05,516.2,531.8,559.9,513.5,3766805
BALRAMCHIN,2026-06-12,530.0,539.95,556.1,523.5,4247924
BALRAMCHIN,2026-06-19,554.9,531.6,570.0,527.7,2684247
BALRAMCHIN,2026-06-26,534.0,534.2,541.7,528.0,1098367
BALRAMCHIN,2026-07-03,532.0,562.45,571.65,523.0,2714724
BALRAMCHIN,2026-07-10,560.2,566.9,579.6,555.2,2021812
BALRAMCHIN,2026-07-17,568.0,604.45,613.0,566.2,5781088
BANDHANBNK,2026-01-23,144.5,149.33,152.15,136.9,106808594
BANDHANBNK,2026-01-30,149.15,154.65,155.49,147.68,43879683
BANDHANBNK,2026-02-06,148.3,159.04,159.48,145.52,35050867
BANDHANBNK,2026-02-13,159.5,165.44,170.1,159.5,80681140
BANDHANBNK,2026-02-20,164.5,171.35,174.85,163.64,25779051
BANDHANBNK,2026-02-27,172.0,181.98,190.23,171.18,75929275
BANDHANBNK,2026-03-06,176.94,183.03,186.1,172.91,36457747
BANDHANBNK,2026-03-13,178.0,175.5,184.81,172.16,42247220
BANDHANBNK,2026-03-20,175.0,158.44,176.38,153.94,78863429
BANDHANBNK,2026-03-27,156.5,148.91,156.57,145.77,40764145
BANDHANBNK,2026-04-03,146.14,146.34,149.4,140.7,28923918
BANDHANBNK,2026-04-10,148.0,168.07,169.86,144.03,62729977
BANDHANBNK,2026-04-17,164.0,174.47,177.09,161.36,30652213
BANDHANBNK,2026-04-24,174.25,174.67,178.33,168.8,40847353
BANDHANBNK,2026-05-01,174.6,199.72,204.44,174.07,177768433
BANDHANBNK,2026-05-08,202.7,206.11,212.66,201.3,88861982
BANDHANBNK,2026-05-15,203.52,194.46,204.9,194.01,47237089
BANDHANBNK,2026-05-22,192.0,194.61,196.87,186.55,37188458
BANDHANBNK,2026-05-29,196.51,208.3,212.48,195.2,59641308
BANDHANBNK,2026-06-05,210.0,205.87,211.41,201.0,38212275
BANDHANBNK,2026-06-12,203.0,204.6,208.94,193.51,37788972
BANDHANBNK,2026-06-19,208.0,208.09,218.13,207.01,49796054
BANDHANBNK,2026-06-26,209.0,201.76,214.22,197.5,50533490
BANDHANBNK,2026-07-03,203.92,200.6,207.39,197.74,38862008
BANDHANBNK,2026-07-10,200.65,210.0,211.8,194.82,58628636
BANDHANBNK,2026-07-17,208.0,213.25,220.76,206.4,54349570
BBOX,2026-01-23,511.95,479.55,534.4,475.0,1310486
BBOX,2026-01-30,477.0,515.2,516.75,465.6,901060
BBOX,2026-02-06,514.75,529.75,546.25,496.4,1872779
BBOX,2026-02-13,533.45,544.5,588.95,526.65,4202853
BBOX,2026-02-20,541.75,513.6,551.3,486.0,3361988
BBOX,2026-02-27,523.35,533.5,563.0,507.2,2619914
BBOX,2026-03-06,510.3,512.15,526.95,498.0,1473666
BBOX,2026-03-13,500.0,496.35,533.0,488.0,1378292
BBOX,2026-03-20,496.55,504.35,528.2,478.0,1926677
BBOX,2026-03-27,496.0,461.6,499.95,455.25,1731990
BBOX,2026-04-03,455.0,471.95,494.0,444.3,968454
BBOX,2026-04-10,472.0,523.75,528.95,468.0,1707708
BBOX,2026-04-17,515.0,541.25,546.15,504.0,1451713
BBOX,2026-04-24,542.0,550.1,554.9,520.25,1591731
BBOX,2026-05-01,550.95,639.6,655.85,550.95,11023382
BBOX,2026-05-08,647.0,748.4,762.0,641.1,6182153
BBOX,2026-05-15,759.7,878.75,885.8,749.0,17504609
BBOX,2026-05-22,884.0,955.35,981.0,840.1,6420259
BBOX,2026-05-29,975.0,1037.15,1050.0,906.05,6946989
BBOX,2026-06-05,1049.0,1072.9,1103.0,1010.0,3924045
BBOX,2026-06-12,1049.0,1018.6,1080.0,946.9,4223662
BBOX,2026-06-19,1050.0,1023.0,1085.0,996.4,2865629
BBOX,2026-06-26,1025.5,957.9,1048.0,955.0,2127402
BBOX,2026-07-03,960.0,994.95,999.75,903.7,2262800
BBOX,2026-07-10,998.0,922.4,1000.0,917.5,1264778
BBOX,2026-07-17,915.0,825.5,918.0,821.0,1450022
BCLIND,2026-01-23,29.68,27.74,29.68,27.35,2630067
BCLIND,2026-01-30,27.3,27.8,28.48,26.76,2874739
BCLIND,2026-02-06,27.99,28.04,29.0,26.07,2481492
BCLIND,2026-02-13,28.49,29.74,32.0,28.04,5907762
BCLIND,2026-02-20,29.59,28.91,29.69,28.42,2235485
BCLIND,2026-02-27,29.0,28.64,29.38,27.72,2220418
BCLIND,2026-03-06,27.0,27.74,28.99,26.97,3100588
BCLIND,2026-03-13,27.45,27.01,28.9,26.88,3060985
BCLIND,2026-03-20,27.0,27.1,28.3,26.53,3011042
BCLIND,2026-03-27,26.7,26.79,28.42,25.53,4203758
BCLIND,2026-04-03,26.79,29.1,29.8,25.74,3013210
BCLIND,2026-04-10,29.49,32.4,33.09,29.07,6477934
BCLIND,2026-04-17,30.46,33.46,33.89,30.46,2799794
BCLIND,2026-04-24,33.98,33.95,35.5,32.2,4820418
BCLIND,2026-05-01,34.3,35.69,36.86,33.9,3882356
BCLIND,2026-05-08,36.0,36.04,37.85,35.5,3939054
BCLIND,2026-05-15,35.85,33.51,37.35,32.4,3452643
BCLIND,2026-05-22,33.07,34.87,35.98,33.07,3145825
BCLIND,2026-05-29,35.7,32.64,37.0,31.5,5398991
BCLIND,2026-06-05,32.53,33.45,33.85,31.52,2243048
BCLIND,2026-06-12,33.3,37.79,39.98,32.91,36181629
BCLIND,2026-06-19,38.74,37.15,39.75,36.87,5151957
BCLIND,2026-06-26,36.15,34.15,36.89,33.58,3407034
BCLIND,2026-07-03,34.11,36.52,36.9,33.7,4928860
BCLIND,2026-07-10,36.6,34.24,37.24,33.21,2295300
BCLIND,2026-07-17,33.5,36.47,40.0,33.5,80388966
BECTORFOOD,2026-01-23,227.1,221.9,227.62,208.67,3829146
BECTORFOOD,2026-01-30,221.45,222.78,225.0,211.0,1515164
BECTORFOOD,2026-02-06,218.0,221.84,257.62,212.39,3558861
BECTORFOOD,2026-02-13,225.0,213.21,228.9,208.7,2381827
BECTORFOOD,2026-02-20,213.4,216.65,228.5,210.79,4257240
BECTORFOOD,2026-02-27,219.11,208.62,219.92,202.71,3048462
BECTORFOOD,2026-03-06,204.45,195.59,205.08,191.06,1809049
BECTORFOOD,2026-03-13,191.85,181.19,197.3,178.76,4232622
BECTORFOOD,2026-03-20,181.19,182.84,193.83,174.38,2528795
BECTORFOOD,2026-03-27,182.84,181.32,189.55,175.0,2131216
BECTORFOOD,2026-04-03,178.01,189.17,192.12,176.0,1854325
BECTORFOOD,2026-04-10,190.11,192.85,199.02,183.51,2726830
BECTORFOOD,2026-04-17,188.0,192.22,205.9,186.51,5647659
BECTORFOOD,2026-04-24,192.24,194.55,213.48,187.55,7856669
BECTORFOOD,2026-05-01,196.49,196.21,200.84,193.33,1540650
BECTORFOOD,2026-05-08,198.65,202.39,206.63,195.41,3647855
BECTORFOOD,2026-05-15,202.39,181.83,202.39,180.12,2574479
BECTORFOOD,2026-05-22,181.0,177.78,188.8,176.82,4550159
BECTORFOOD,2026-05-29,181.24,171.71,187.48,170.76,3434950
BECTORFOOD,2026-06-05,174.75,172.2,175.96,169.21,2724885
BECTORFOOD,2026-06-12,170.2,181.65,183.5,168.6,6265970
BECTORFOOD,2026-06-19,184.4,190.32,191.49,181.08,2998590
BECTORFOOD,2026-06-26,191.5,182.67,191.69,181.25,2000431
BECTORFOOD,2026-07-03,183.61,176.61,184.5,174.97,3732631
BECTORFOOD,2026-07-10,177.0,169.37,181.74,166.5,8157873
BECTORFOOD,2026-07-17,169.0,188.63,204.9,165.0,122542800
BEL,2026-01-23,410.0,410.7,419.0,397.0,92373242
BEL,2026-01-30,416.45,449.0,457.5,411.6,166566225
BEL,2026-02-06,432.0,429.65,460.0,420.25,108173989
BEL,2026-02-13,432.0,435.55,446.2,429.5,61541837
BEL,2026-02-20,433.05,441.15,453.5,429.1,59786108
BEL,2026-02-27,442.8,444.7,449.9,430.35,71079221
BEL,2026-03-06,442.1,468.45,473.45,441.7,136405620
BEL,2026-03-13,470.0,439.4,470.0,433.65,90904128
BEL,2026-03-20,431.9,426.1,447.75,422.25,80283429
BEL,2026-03-27,420.6,404.75,422.0,403.25,70490782
BEL,2026-04-03,400.0,421.6,430.2,399.35,67682500
BEL,2026-04-10,422.0,442.45,447.45,420.0,74549591
BEL,2026-04-17,435.0,462.75,463.75,434.0,51391031
BEL,2026-04-24,462.0,444.45,464.4,438.75,61617174
BEL,2026-05-01,445.0,431.3,448.3,424.5,54689025
BEL,2026-05-08,433.0,439.7,443.8,428.6,59046730
BEL,2026-05-15,438.0,423.65,439.15,415.5,53463286
BEL,2026-05-22,423.85,416.55,430.9,407.0,80780175
BEL,2026-05-29,419.3,410.75,425.55,409.9,58609228
BEL,2026-06-05,412.35,408.2,413.7,400.3,58289409
BEL,2026-06-12,399.0,406.5,417.0,399.0,43466112
BEL,2026-06-19,412.0,426.9,431.6,406.0,80135507
BEL,2026-06-26,428.1,407.2,435.0,406.0,56935587
BEL,2026-07-03,406.8,418.05,424.5,403.55,72948102
BEL,2026-07-10,422.0,414.85,429.9,404.05,57343921
BEL,2026-07-17,411.95,409.45,414.3,405.1,38775995
BEPL,2026-01-23,84.0,82.04,86.0,80.11,1471354
BEPL,2026-01-30,82.07,82.56,83.5,80.25,737300
BEPL,2026-02-06,82.0,85.61,86.8,80.0,1235636
BEPL,2026-02-13,85.61,84.64,88.95,83.79,1262020
BEPL,2026-02-20,84.65,83.7,87.98,83.32,951373
BEPL,2026-02-27,83.71,81.39,84.81,80.26,1234150
BEPL,2026-03-06,78.0,78.27,80.9,77.34,1608716
BEPL,2026-03-13,76.3,85.6,88.0,74.2,3794860
BEPL,2026-03-20,85.6,86.53,90.0,80.89,2905168
BEPL,2026-03-27,85.2,83.59,87.3,81.9,2783195
BEPL,2026-04-03,82.71,87.08,87.5,81.41,1642188
BEPL,2026-04-10,87.1,91.33,94.2,85.1,2793946
BEPL,2026-04-17,90.19,97.12,99.2,88.61,3342684
BEPL,2026-04-24,97.79,99.56,106.54,95.74,6180714
BEPL,2026-05-01,100.0,96.13,101.98,95.44,3888561
BEPL,2026-05-08,96.9,97.35,99.2,94.34,1961507
BEPL,2026-05-15,97.59,95.5,98.4,92.52,2189055
BEPL,2026-05-22,94.3,94.22,96.0,92.5,1476978
BEPL,2026-05-29,94.6,95.53,98.85,94.4,2750267
BEPL,2026-06-05,96.3,96.86,98.5,92.46,1653789
BEPL,2026-06-12,97.5,97.15,100.89,93.31,2219939
BEPL,2026-06-19,98.3,105.86,109.8,97.04,8374766
BEPL,2026-06-26,106.0,99.01,108.0,98.52,2614830
BEPL,2026-07-03,99.0,102.85,104.47,98.0,2358924
BEPL,2026-07-10,102.95,103.14,106.06,95.67,3735942
BEPL,2026-07-17,102.0,113.1,114.0,102.0,10831037
BHAGCHEM,2026-01-23,223.1,204.63,223.7,202.3,442181
BHAGCHEM,2026-01-30,204.63,211.68,215.0,200.0,213557
BHAGCHEM,2026-02-06,216.88,227.61,229.95,209.0,341208
BHAGCHEM,2026-02-13,227.61,212.71,237.5,212.01,310791
BHAGCHEM,2026-02-20,211.65,205.38,212.64,201.7,320684
BHAGCHEM,2026-02-27,202.75,202.31,208.0,198.89,224239
BHAGCHEM,2026-03-06,196.2,198.91,203.0,193.5,240278
BHAGCHEM,2026-03-13,198.0,190.08,207.0,189.1,512028
BHAGCHEM,2026-03-20,190.08,180.43,196.1,180.0,711320
BHAGCHEM,2026-03-27,182.0,187.19,199.0,173.45,2747933
BHAGCHEM,2026-04-03,185.0,197.24,198.8,170.6,688656
BHAGCHEM,2026-04-10,197.24,222.36,231.99,195.28,664619
BHAGCHEM,2026-04-17,222.0,221.57,225.0,211.0,222358
BHAGCHEM,2026-04-24,221.99,259.29,269.4,221.57,2137581
BHAGCHEM,2026-05-01,265.0,264.91,279.0,259.51,464987
BHAGCHEM,2026-05-08,265.0,257.0,270.0,256.0,287362
BHAGCHEM,2026-05-15,255.1,249.05,255.1,238.05,226284
BHAGCHEM,2026-05-22,249.4,244.85,257.25,238.1,317606
BHAGCHEM,2026-05-29,246.0,247.65,257.7,242.0,244341
BHAGCHEM,2026-06-05,247.45,243.46,254.95,232.6,381919
BHAGCHEM,2026-06-12,243.0,270.04,274.9,232.5,856931
BHAGCHEM,2026-06-19,274.7,279.26,298.0,242.7,4887152
BHAGCHEM,2026-06-26,283.4,281.91,298.0,274.55,646629
BHAGCHEM,2026-07-03,285.0,283.4,294.0,279.2,533455
BHAGCHEM,2026-07-10,286.0,295.9,306.9,281.4,1429016
BHAGCHEM,2026-07-17,291.9,270.5,297.5,268.1,430200
BHARATFORG,2026-01-23,1454.9,1408.8,1456.4,1366.7,3281453
BHARATFORG,2026-01-30,1427.9,1441.4,1469.1,1395.1,4139456
BHARATFORG,2026-02-06,1385.3,1557.5,1599.0,1384.4,10365925
BHARATFORG,2026-02-13,1585.0,1738.8,1784.2,1578.0,13728522
BHARATFORG,2026-02-20,1739.1,1780.0,1801.3,1720.2,10237331
BHARATFORG,2026-02-27,1798.0,1911.2,1926.3,1783.0,8717951
BHARATFORG,2026-03-06,1860.1,1923.9,1935.5,1810.4,7929075
BHARATFORG,2026-03-13,1909.2,1675.1,1909.2,1666.1,5549718
BHARATFORG,2026-03-20,1675.1,1711.5,1812.0,1650.0,5937772
BHARATFORG,2026-03-27,1700.0,1725.1,1751.4,1634.0,6566636
BHARATFORG,2026-04-03,1690.0,1642.6,1730.5,1613.4,3796233
BHARATFORG,2026-04-10,1637.0,1798.8,1805.0,1610.2,7744285
BHARATFORG,2026-04-17,1770.0,1860.5,1876.0,1739.2,5163776
BHARATFORG,2026-04-24,1864.0,1856.0,1925.0,1831.7,4846705
BHARATFORG,2026-05-01,1865.4,1881.6,1949.9,1846.7,5265471
BHARATFORG,2026-05-08,1912.3,1989.7,2044.0,1818.3,13893838
BHARATFORG,2026-05-15,1983.0,1913.1,2007.4,1905.1,5648712
BHARATFORG,2026-05-22,1910.0,1897.7,1931.9,1827.6,3673294
BHARATFORG,2026-05-29,1914.8,1957.2,1967.8,1896.3,5532778
BHARATFORG,2026-06-05,1970.1,1929.8,1988.5,1870.5,4586564
BHARATFORG,2026-06-12,1909.9,1945.1,1982.7,1877.0,5027549
BHARATFORG,2026-06-19,1971.5,2041.4,2059.5,1954.8,5828736
BHARATFORG,2026-06-26,2060.0,2145.3,2167.5,2041.7,6332636
BHARATFORG,2026-07-03,2145.3,2136.7,2238.0,2056.1,12079562
BHARATFORG,2026-07-10,2139.9,2117.0,2176.1,2083.0,3363689
BHARATFORG,2026-07-17,2108.0,2190.5,2196.7,2082.0,4691252
BHARATRAS,2026-01-23,2128.0,1564.9,2129.4,1552.6,657022
BHARATRAS,2026-01-30,1579.7,1866.5,1880.0,1530.7,158750
BHARATRAS,2026-02-06,1800.0,1828.6,1995.0,1776.1,86246
BHARATRAS,2026-02-13,1860.0,1670.5,1926.5,1660.0,114949
BHARATRAS,2026-02-20,1670.5,1591.5,1716.3,1584.8,63326
BHARATRAS,2026-02-27,1604.5,1510.3,1664.0,1500.0,91285
BHARATRAS,2026-03-06,1432.3,1403.3,1489.9,1384.0,91601
BHARATRAS,2026-03-13,1384.0,1281.4,1412.0,1276.0,107285
BHARATRAS,2026-03-20,1295.0,1275.8,1347.0,1240.0,96996
BHARATRAS,2026-03-27,1262.0,1258.8,1343.8,1229.0,113207
BHARATRAS,2026-04-03,1231.5,1410.2,1448.0,1203.0,103716
BHARATRAS,2026-04-10,1410.0,1570.0,1608.0,1318.1,170015
BHARATRAS,2026-04-17,1549.0,1556.6,1618.7,1500.0,77406
BHARATRAS,2026-04-24,1564.3,1393.6,1577.5,1371.2,95416
BHARATRAS,2026-05-01,1400.0,1384.7,1420.0,1355.4,44807
BHARATRAS,2026-05-08,1384.7,1442.9,1478.7,1366.4,59488
BHARATRAS,2026-05-15,1444.8,1380.1,1457.0,1376.6,60046
BHARATRAS,2026-05-22,1380.0,1403.2,1428.3,1347.5,29714
BHARATRAS,2026-05-29,1415.0,1452.0,1547.8,1412.0,185134
BHARATRAS,2026-06-05,1466.5,1422.9,1475.0,1415.0,43381
BHARATRAS,2026-06-12,1420.0,1405.1,1420.0,1358.1,31516
BHARATRAS,2026-06-19,1425.0,1422.3,1475.8,1403.1,49505
BHARATRAS,2026-06-26,1429.0,1368.5,1438.0,1366.0,39699
BHARATRAS,2026-07-03,1368.5,1341.8,1391.8,1328.0,37761
BHARATRAS,2026-07-10,1347.9,1341.9,1351.9,1301.0,31642
BHARATRAS,2026-07-17,1340.0,1333.6,1396.3,1319.9,32840
BHARTIARTL,2026-01-23,2023.0,1984.7,2023.0,1967.0,29364696
BHARTIARTL,2026-01-30,1972.1,1968.7,2003.8,1925.6,33686591
BHARTIARTL,2026-02-06,1936.1,2038.4,2050.0,1926.5,41285838
BHARTIARTL,2026-02-13,2051.2,2004.7,2057.0,1992.0,36317758
BHARTIARTL,2026-02-20,2010.0,1977.4,2038.5,1971.0,20002509
BHARTIARTL,2026-02-27,1994.0,1879.3,2000.5,1870.1,46570510
BHARTIARTL,2026-03-06,1850.1,1870.8,1929.1,1815.3,54646919
BHARTIARTL,2026-03-13,1831.0,1803.4,1881.0,1776.6,51257029
BHARTIARTL,2026-03-20,1798.0,1846.1,1869.0,1770.9,42707566
BHARTIARTL,2026-03-27,1827.0,1843.9,1856.9,1781.0,51374018
BHARTIARTL,2026-04-03,1818.0,1789.7,1824.5,1746.9,35791884
BHARTIARTL,2026-04-10,1812.1,1870.0,1874.6,1763.4,45799771
BHARTIARTL,2026-04-17,1838.0,1846.9,1893.7,1823.2,44637124
BHARTIARTL,2026-04-24,1865.0,1814.5,1868.9,1807.3,39212467
BHARTIARTL,2026-05-01,1816.1,1886.8,1906.0,1812.6,35394425
BHARTIARTL,2026-05-08,1873.2,1834.5,1895.3,1801.0,40377096
BHARTIARTL,2026-05-15,1814.0,1905.4,1922.9,1740.5,74661048
BHARTIARTL,2026-05-22,1904.8,1871.4,1953.8,1869.3,40147752
BHARTIARTL,2026-05-29,1892.5,1829.0,1892.5,1818.5,73246294
BHARTIARTL,2026-06-05,1830.0,1798.2,1842.0,1777.4,33677787
BHARTIARTL,2026-06-12,1775.1,1822.5,1837.0,1768.6,35633044
BHARTIARTL,2026-06-19,1841.0,1910.8,1917.5,1816.0,39100017
BHARTIARTL,2026-06-26,1915.8,1850.7,1927.7,1848.0,26432928
BHARTIARTL,2026-07-03,1837.1,1910.4,1913.0,1833.1,32850544
BHARTIARTL,2026-07-10,1916.8,1920.4,1966.0,1875.1,32262388
BHARTIARTL,2026-07-17,1914.0,1908.8,1953.7,1885.0,29950033
BHEL,2026-01-23,265.4,242.5,269.15,241.65,77695014
BHEL,2026-01-30,243.5,262.7,263.65,240.5,31973586
BHEL,2026-02-06,253.5,266.6,274.0,249.5,28799555
BHEL,2026-02-13,267.6,255.75,277.0,254.7,193628539
BHEL,2026-02-20,256.0,257.3,265.9,250.7,73190252
BHEL,2026-02-27,258.05,264.95,267.9,255.0,45558482
BHEL,2026-03-06,256.05,258.95,266.4,247.2,49646739
BHEL,2026-03-13,253.05,258.5,270.35,247.6,47155544
BHEL,2026-03-20,257.05,262.05,266.2,248.9,43018556
BHEL,2026-03-27,260.2,254.85,266.8,249.25,32871307
BHEL,2026-04-03,250.35,248.11,257.35,240.92,34537682
BHEL,2026-04-10,249.41,284.71,286.18,239.17,92933328
BHEL,2026-04-17,279.0,316.79,317.8,276.49,108244104
BHEL,2026-04-24,318.53,337.39,341.25,317.6,118562752
BHEL,2026-05-01,339.43,352.41,358.1,339.0,67526515
BHEL,2026-05-08,355.0,404.6,408.9,353.7,214349540
BHEL,2026-05-15,400.0,398.3,417.9,390.55,96024007
BHEL,2026-05-22,395.6,408.55,414.7,386.1,49370077
BHEL,2026-05-29,412.0,416.75,424.9,409.95,49964108
BHEL,2026-06-05,417.0,386.95,417.8,382.6,67618950
BHEL,2026-06-12,378.0,378.75,397.4,367.6,50602701
BHEL,2026-06-19,384.0,414.35,423.7,381.05,59061447
BHEL,2026-06-26,417.3,402.7,420.7,397.7,37905230
BHEL,2026-07-03,402.7,383.6,422.4,383.0,115479276
BHEL,2026-07-10,384.0,395.25,395.8,371.8,65708180
BHEL,2026-07-17,392.75,422.0,446.5,389.6,150538875
BIKAJI,2026-01-23,699.7,650.9,704.6,600.0,837214
BIKAJI,2026-01-30,650.9,657.85,687.95,637.75,2001652
BIKAJI,2026-02-06,658.1,649.75,670.0,642.2,354681
BIKAJI,2026-02-13,651.0,639.75,680.0,636.85,785776
BIKAJI,2026-02-20,639.0,635.35,646.7,630.0,724452
BIKAJI,2026-02-27,635.4,638.15,642.3,619.5,726586
BIKAJI,2026-03-06,609.1,614.35,637.5,609.1,509361
BIKAJI,2026-03-13,600.0,603.45,646.0,594.5,667410
BIKAJI,2026-03-20,604.5,629.7,633.55,592.55,650527
BIKAJI,2026-03-27,622.1,617.0,633.55,603.25,667770
BIKAJI,2026-04-03,614.5,627.0,630.6,593.35,419770
BIKAJI,2026-04-10,626.0,640.6,648.6,615.15,453157
BIKAJI,2026-04-17,630.2,660.05,664.0,622.6,704314
BIKAJI,2026-04-24,661.0,659.3,708.75,647.0,1641270
BIKAJI,2026-05-01,664.95,676.65,696.6,662.4,503096
BIKAJI,2026-05-08,679.55,671.75,688.0,668.25,399340
BIKAJI,2026-05-15,671.75,669.05,684.0,638.75,917199
BIKAJI,2026-05-22,667.0,653.2,689.0,644.0,697265
BIKAJI,2026-05-29,652.2,650.05,658.25,632.55,826190
BIKAJI,2026-06-05,650.05,654.95,670.6,638.05,992792
BIKAJI,2026-06-12,645.75,673.8,680.0,640.1,879669
BIKAJI,2026-06-19,678.9,660.2,682.0,650.1,1465259
BIKAJI,2026-06-26,656.9,640.6,667.45,637.0,270353
BIKAJI,2026-07-03,642.25,662.2,666.0,633.5,715384
BIKAJI,2026-07-10,664.0,643.3,664.05,637.45,998801
BIKAJI,2026-07-17,637.0,638.4,651.65,628.5,506259
BLISSGVS,2026-01-23,172.5,162.04,172.5,152.26,10320142
BLISSGVS,2026-01-30,164.89,176.73,187.57,158.72,10403812
BLISSGVS,2026-02-06,168.7,183.2,188.8,166.36,7442264
BLISSGVS,2026-02-13,183.5,217.82,225.2,183.5,40767869
BLISSGVS,2026-02-20,215.99,223.26,243.9,213.65,23398734
BLISSGVS,2026-02-27,225.0,212.05,226.79,205.55,8853164
BLISSGVS,2026-03-06,204.0,213.89,225.99,204.0,4158903
BLISSGVS,2026-03-13,208.91,203.34,228.0,201.2,7674055
BLISSGVS,2026-03-20,201.05,210.23,219.8,194.9,6235846
BLISSGVS,2026-03-27,210.0,217.98,232.0,193.07,14003124
BLISSGVS,2026-04-03,215.2,234.18,236.15,214.13,7225338
BLISSGVS,2026-04-10,235.09,258.96,264.9,229.02,10955405
BLISSGVS,2026-04-17,253.15,258.22,267.5,248.5,4158737
BLISSGVS,2026-04-24,259.79,262.68,278.0,251.0,9320710
BLISSGVS,2026-05-01,264.61,276.76,281.0,264.1,5819308
BLISSGVS,2026-05-08,278.8,269.65,279.5,265.0,4475705
BLISSGVS,2026-05-15,270.0,277.65,293.0,266.1,15922460
BLISSGVS,2026-05-22,273.3,300.35,304.0,273.3,10236613
BLISSGVS,2026-05-29,322.35,425.3,438.0,305.1,43123568
BLISSGVS,2026-06-05,423.95,438.35,462.8,397.0,12448665
BLISSGVS,2026-06-12,429.1,437.85,449.9,408.05,4901138
BLISSGVS,2026-06-19,440.0,486.3,493.75,427.0,5759204
BLISSGVS,2026-06-26,488.8,491.95,495.0,455.4,4093626
BLISSGVS,2026-07-03,491.9,505.95,553.0,491.9,5970494
BLISSGVS,2026-07-10,505.95,524.3,535.45,470.25,2543493
BLISSGVS,2026-07-17,520.0,483.5,534.85,479.75,1152552
BLKASHYAP,2026-01-23,48.05,46.5,48.77,45.15,789005
BLKASHYAP,2026-01-30,46.75,47.48,50.34,45.41,932846
BLKASHYAP,2026-02-06,45.5,54.67,55.09,45.0,3032462
BLKASHYAP,2026-02-13,54.5,50.42,60.3,50.02,6918722
BLKASHYAP,2026-02-20,50.6,49.86,54.59,49.51,12260545
BLKASHYAP,2026-02-27,46.3,51.82,52.68,46.3,5076288
BLKASHYAP,2026-03-06,49.2,49.48,51.37,48.5,1577463
BLKASHYAP,2026-03-13,48.0,48.89,53.65,46.8,3136189
BLKASHYAP,2026-03-20,49.3,49.4,53.9,47.4,3366344
BLKASHYAP,2026-03-27,48.9,46.52,50.7,45.4,2659375
BLKASHYAP,2026-04-03,46.75,45.04,47.46,40.32,1539919
BLKASHYAP,2026-04-10,45.86,49.86,50.43,44.35,2046552
BLKASHYAP,2026-04-17,48.9,54.5,55.55,47.7,3463840
BLKASHYAP,2026-04-24,54.5,51.7,56.0,51.4,2644175
BLKASHYAP,2026-05-01,51.9,57.26,58.78,51.1,5100643
BLKASHYAP,2026-05-08,58.4,60.21,62.45,56.8,5522737
BLKASHYAP,2026-05-15,59.5,53.31,59.95,52.41,2683551
BLKASHYAP,2026-05-22,53.0,57.26,59.15,51.6,1841131
BLKASHYAP,2026-05-29,58.2,55.01,59.0,53.73,2518107
BLKASHYAP,2026-06-05,55.29,53.86,55.87,53.1,928568
BLKASHYAP,2026-06-12,53.5,53.75,54.8,50.71,1473615
BLKASHYAP,2026-06-19,54.7,54.47,55.85,53.36,1071776
BLKASHYAP,2026-06-26,55.07,54.59,59.84,54.2,3068149
BLKASHYAP,2026-07-03,54.7,54.98,55.7,53.66,853275
BLKASHYAP,2026-07-10,54.6,55.26,55.85,52.12,1332140
BLKASHYAP,2026-07-17,56.3,57.92,62.4,56.0,9273367
BLS,2026-01-23,300.0,275.05,301.05,273.35,4838544
BLS,2026-01-30,275.9,257.45,278.1,245.95,9051384
BLS,2026-02-06,263.25,292.4,309.0,249.2,69152274
BLS,2026-02-13,294.25,269.3,303.0,267.7,10498526
BLS,2026-02-20,269.3,268.4,289.8,267.25,7119750
BLS,2026-02-27,272.2,278.7,297.3,270.6,31835898
BLS,2026-03-06,262.45,255.85,272.65,254.5,4085021
BLS,2026-03-13,248.0,246.95,267.0,240.3,6372453
BLS,2026-03-20,248.8,240.6,248.8,238.5,4586264
BLS,2026-03-27,240.0,250.0,276.8,218.9,125281366
BLS,2026-04-03,245.0,268.4,271.38,234.0,17838757
BLS,2026-04-10,267.67,288.48,305.75,260.69,55510071
BLS,2026-04-17,281.1,296.85,309.0,276.1,8040234
BLS,2026-04-24,298.0,275.53,298.0,273.28,5304872
BLS,2026-05-01,277.53,278.31,284.8,273.02,2938710
BLS,2026-05-08,276.5,289.3,295.2,274.55,5197633
BLS,2026-05-15,286.9,252.9,292.9,252.25,4905298
BLS,2026-05-22,250.95,267.7,286.95,243.75,37392324
BLS,2026-05-29,271.0,260.9,276.0,260.0,6326469
BLS,2026-06-05,263.0,261.1,272.5,258.1,5902536
BLS,2026-06-12,258.35,262.1,275.9,248.2,8450656
BLS,2026-06-19,269.6,267.45,269.6,260.15,5921536
BLS,2026-06-26,269.0,259.3,276.8,255.85,5490753
BLS,2026-07-03,259.2,253.6,259.2,245.0,6586899
BLS,2026-07-10,253.5,237.15,253.85,231.75,13645213
BLS,2026-07-17,234.0,235.7,246.5,231.6,6998454
BLSE,2026-01-23,179.61,165.1,179.7,161.9,1038220
BLSE,2026-01-30,166.0,161.79,168.16,158.93,495107
BLSE,2026-02-06,159.64,165.99,180.56,153.47,1104305
BLSE,2026-02-13,166.0,163.73,173.59,161.53,459538
BLSE,2026-02-20,163.73,159.71,174.9,158.25,797617
BLSE,2026-02-27,160.01,146.94,166.02,145.39,1033254
BLSE,2026-03-06,136.94,131.47,151.38,130.6,4199751
BLSE,2026-03-13,129.9,140.21,147.9,124.3,4644888
BLSE,2026-03-20,140.21,144.35,148.78,138.25,6537352
BLSE,2026-03-27,142.18,158.18,167.0,140.5,5415128
BLSE,2026-04-03,157.0,160.52,166.7,151.25,930082
BLSE,2026-04-10,158.06,162.01,167.77,155.31,1016110
BLSE,2026-04-17,157.5,175.43,179.49,157.5,2165978
BLSE,2026-04-24,176.5,177.08,181.49,171.2,653918
BLSE,2026-05-01,180.0,197.57,200.98,177.02,2131477
BLSE,2026-05-08,199.5,200.17,209.0,195.2,1124895
BLSE,2026-05-15,198.2,192.09,202.94,185.15,939466
BLSE,2026-05-22,192.0,208.05,214.2,186.68,1737160
BLSE,2026-05-29,210.8,221.96,223.3,207.66,2091566
BLSE,2026-06-05,220.01,229.68,231.48,218.58,1724888
BLSE,2026-06-12,228.4,228.4,236.9,221.97,1286745
BLSE,2026-06-19,232.0,227.03,237.5,220.1,941168
BLSE,2026-06-26,227.0,225.26,233.8,225.0,662788
BLSE,2026-07-03,225.0,265.11,274.0,223.56,14899219
BLSE,2026-07-10,269.0,263.25,285.9,257.41,6141882
BLSE,2026-07-17,263.9,274.37,278.99,259.03,4879556
BLUESTARCO,2026-01-23,1795.1,1698.1,1819.0,1690.0,1939304
BLUESTARCO,2026-01-30,1702.4,1816.9,1822.0,1645.0,3001324
BLUESTARCO,2026-02-06,1792.0,1880.9,1920.3,1765.9,2764648
BLUESTARCO,2026-02-13,1889.3,1997.2,2015.0,1889.3,3803825
BLUESTARCO,2026-02-20,2000.0,1968.4,2029.6,1952.1,1809122
BLUESTARCO,2026-02-27,1978.8,1941.2,1990.8,1928.0,1334402
BLUESTARCO,2026-03-06,1862.8,1948.5,1976.2,1821.0,2491816
BLUESTARCO,2026-03-13,1909.0,1833.2,1984.0,1820.0,3648801
BLUESTARCO,2026-03-20,1820.0,1708.6,1852.2,1700.1,2177187
BLUESTARCO,2026-03-27,1688.7,1675.2,1754.9,1602.0,2666993
BLUESTARCO,2026-04-03,1642.0,1528.3,1680.0,1450.0,4359071
BLUESTARCO,2026-04-10,1527.0,1690.0,1696.3,1488.9,5093420
BLUESTARCO,2026-04-17,1636.4,1866.1,1877.0,1631.4,3537540
BLUESTARCO,2026-04-24,1874.8,1818.4,1921.0,1785.8,2790807
BLUESTARCO,2026-05-01,1840.0,1781.0,1928.9,1757.6,2773554
BLUESTARCO,2026-05-08,1808.0,1692.8,1825.8,1690.0,4042331
BLUESTARCO,2026-05-15,1680.0,1658.0,1699.0,1601.1,3263201
BLUESTARCO,2026-05-22,1637.0,1657.2,1710.6,1582.0,1794066
BLUESTARCO,2026-05-29,1675.0,1589.0,1681.8,1581.0,1681283
BLUESTARCO,2026-06-05,1590.1,1581.8,1652.8,1508.1,3033428
BLUESTARCO,2026-06-12,1566.9,1583.8,1612.4,1542.2,1547099
BLUESTARCO,2026-06-19,1618.0,1668.3,1713.9,1587.6,2944843
BLUESTARCO,2026-06-26,1675.1,1637.2,1717.7,1632.6,1600438
BLUESTARCO,2026-07-03,1637.2,1583.2,1653.8,1577.0,1296693
BLUESTARCO,2026-07-10,1585.3,1662.0,1670.1,1562.0,1783454
BLUESTARCO,2026-07-17,1655.0,1686.9,1763.2,1631.5,2348363
BORORENEW,2026-01-23,540.0,504.25,541.55,490.8,1661672
BORORENEW,2026-01-30,504.65,493.95,539.9,491.65,2533955
BORORENEW,2026-02-06,488.15,496.65,525.0,468.3,2830491
BORORENEW,2026-02-13,500.0,494.85,516.05,494.0,2119987
BORORENEW,2026-02-20,495.0,479.35,496.3,467.1,1710428
BORORENEW,2026-02-27,479.35,455.9,488.0,453.25,1698789
BORORENEW,2026-03-06,439.0,435.4,455.0,421.0,2207873
BORORENEW,2026-03-13,425.0,407.1,432.6,401.0,2448474
BORORENEW,2026-03-20,411.75,420.9,441.6,403.1,3158817
BORORENEW,2026-03-27,415.0,386.45,421.2,384.5,2942363
BORORENEW,2026-04-03,379.6,414.7,420.1,374.4,2607937
BORORENEW,2026-04-10,414.85,467.55,475.8,404.45,3012718
BORORENEW,2026-04-17,453.05,497.7,506.9,448.3,2200423
BORORENEW,2026-04-24,498.0,511.25,523.65,489.1,2912632
BORORENEW,2026-05-01,512.0,501.5,521.1,495.8,1329208
BORORENEW,2026-05-08,501.5,561.75,574.7,495.05,4904443
BORORENEW,2026-05-15,555.0,500.2,569.0,493.0,6039442
BORORENEW,2026-05-22,500.0,508.65,533.65,487.9,3973355
BORORENEW,2026-05-29,512.4,501.75,524.8,498.15,1986832
BORORENEW,2026-06-05,504.1,524.3,549.9,485.45,13069329
BORORENEW,2026-06-12,525.0,544.6,545.9,508.25,4388274
BORORENEW,2026-06-19,554.0,598.25,610.3,543.0,4222812
BORORENEW,2026-06-26,598.5,615.7,628.9,590.5,2548282
BORORENEW,2026-07-03,615.7,621.7,631.6,600.0,2190973
BORORENEW,2026-07-10,620.1,640.55,669.9,587.5,8281177
BORORENEW,2026-07-17,633.5,604.55,658.0,594.0,6319651
BOSCHLTD,2026-01-23,36540.0,35265.0,36875.0,34610.0,142183
BOSCHLTD,2026-01-30,35395.0,36530.0,36750.0,34930.0,75718
BOSCHLTD,2026-02-06,36000.0,36340.0,38620.0,35670.0,109593
BOSCHLTD,2026-02-13,36630.0,35695.0,36750.0,35200.0,99226
BOSCHLTD,2026-02-20,35695.0,35215.0,35960.0,34730.0,69359
BOSCHLTD,2026-02-27,35165.0,36425.0,37455.0,34855.0,131789
BOSCHLTD,2026-03-06,35855.0,33335.0,36175.0,32920.0,111683
BOSCHLTD,2026-03-13,32850.0,30185.0,32850.0,30100.0,107752
BOSCHLTD,2026-03-20,30260.0,30390.0,31275.0,29815.0,86264
BOSCHLTD,2026-03-27,30220.0,29615.0,30705.0,29000.0,102681
BOSCHLTD,2026-04-03,29220.0,32135.0,32325.0,28610.0,195208
BOSCHLTD,2026-04-10,32155.0,37330.0,37670.0,32155.0,575989
BOSCHLTD,2026-04-17,36665.0,37505.0,37935.0,36415.0,209763
BOSCHLTD,2026-04-24,37700.0,36690.0,38395.0,36295.0,138381
BOSCHLTD,2026-05-01,36800.0,35995.0,37565.0,35675.0,120316
BOSCHLTD,2026-05-08,36150.0,38145.0,38855.0,35475.0,161680
BOSCHLTD,2026-05-15,38020.0,37740.0,38020.0,36065.0,101253
BOSCHLTD,2026-05-22,37735.0,36065.0,37740.0,34825.0,288819
BOSCHLTD,2026-05-29,36400.0,36625.0,37950.0,35735.0,226064
BOSCHLTD,2026-06-05,37155.0,37240.0,38350.0,35755.0,197474
BOSCHLTD,2026-06-12,36895.0,39060.0,39450.0,36335.0,240981
BOSCHLTD,2026-06-19,39400.0,40195.0,40500.0,38870.0,190571
BOSCHLTD,2026-06-26,40450.0,40440.0,41385.0,40070.0,157348
BOSCHLTD,2026-07-03,40630.0,41895.0,42565.0,39505.0,339936
BOSCHLTD,2026-07-10,41895.0,41815.0,42520.0,41310.0,179565
BOSCHLTD,2026-07-17,41700.0,40855.0,42050.0,40760.0,81537
BRITANNIA,2026-01-23,5898.5,5835.0,5994.5,5787.0,1736177
BRITANNIA,2026-01-30,5839.0,5860.5,5925.0,5680.0,2636309
BRITANNIA,2026-02-06,5733.0,5911.0,5975.5,5697.5,1251529
BRITANNIA,2026-02-13,5900.5,5980.5,6156.0,5792.5,1994888
BRITANNIA,2026-02-20,5980.0,6098.5,6198.0,5964.5,1129364
BRITANNIA,2026-02-27,6136.0,6002.5,6208.5,5975.0,1268464
BRITANNIA,2026-03-06,5866.0,5983.0,6013.0,5845.5,1038695
BRITANNIA,2026-03-13,5930.0,5808.5,5995.0,5713.0,2562818
BRITANNIA,2026-03-20,5808.5,5618.5,5914.0,5592.0,1609744
BRITANNIA,2026-03-27,5590.0,5500.0,5737.5,5404.5,1580614
BRITANNIA,2026-04-03,5480.0,5442.0,5538.0,5351.5,1480781
BRITANNIA,2026-04-10,5420.0,5557.5,5698.5,5384.0,1879187
BRITANNIA,2026-04-17,5526.5,5735.5,5750.0,5444.0,1694772
BRITANNIA,2026-04-24,5736.0,5730.5,5924.0,5640.5,2311704
BRITANNIA,2026-05-01,5750.0,5726.0,5804.0,5641.0,1539924
BRITANNIA,2026-05-08,5730.0,5520.0,5891.5,5503.0,5141913
BRITANNIA,2026-05-15,5505.5,5406.0,5508.0,5279.5,2220423
BRITANNIA,2026-05-22,5385.5,5331.5,5470.5,5289.5,2092539
BRITANNIA,2026-05-29,5370.0,5204.5,5370.0,5164.5,2372108
BRITANNIA,2026-06-05,5208.0,5120.5,5230.0,5035.0,1595208
BRITANNIA,2026-06-12,5094.0,5165.5,5232.0,5036.5,1384871
BRITANNIA,2026-06-19,5250.0,5195.0,5258.0,5169.5,1358019
BRITANNIA,2026-06-26,5205.0,5237.0,5298.5,5186.5,962920
BRITANNIA,2026-07-03,5233.0,5379.0,5448.0,5075.5,1874894
BRITANNIA,2026-07-10,5379.0,5353.0,5483.5,5276.0,841330
BRITANNIA,2026-07-17,5335.5,5412.5,5418.0,5235.5,1087314
BSE,2026-01-23,2800.0,2685.4,2800.0,2597.0,16267298
BSE,2026-01-30,2699.4,2797.0,2887.0,2653.0,15289724
BSE,2026-02-06,2565.3,2897.0,2929.2,2530.0,26009978
BSE,2026-02-13,2918.0,3025.3,3227.0,2916.0,35783097
BSE,2026-02-20,2810.0,2739.5,2838.8,2713.3,32015215
BSE,2026-02-27,2775.0,2707.1,2832.0,2699.2,18605739
BSE,2026-03-06,2585.3,2751.6,2789.0,2537.0,19596373
BSE,2026-03-13,2680.0,2797.0,2897.3,2643.3,18550394
BSE,2026-03-20,2797.0,2806.1,3009.0,2777.0,24118623
BSE,2026-03-27,2770.0,2779.8,2899.4,2688.0,17389661
BSE,2026-04-03,2740.0,2851.4,2899.9,2676.6,12501641
BSE,2026-04-10,2851.4,3281.2,3330.0,2818.2,34240171
BSE,2026-04-17,3201.0,3531.5,3550.0,3200.6,21177644
BSE,2026-04-24,3540.0,3446.0,3570.0,3412.2,12602646
BSE,2026-05-01,3465.0,3640.5,3675.5,3451.0,11219055
BSE,2026-05-08,3681.0,3907.4,3994.0,3673.0,24517630
BSE,2026-05-15,3891.0,4000.6,4084.0,3840.3,22363873
BSE,2026-05-22,3940.0,4193.8,4298.9,3940.0,22837196
BSE,2026-05-29,4250.0,4146.1,4446.8,4127.9,15450798
BSE,2026-06-05,4180.0,3880.0,4198.0,3822.9,25088631
BSE,2026-06-12,3812.5,4041.1,4055.5,3784.8,15368813
BSE,2026-06-19,4149.9,4020.2,4219.9,3961.0,20957881
BSE,2026-06-26,4035.0,3872.1,4062.0,3857.0,11812066
BSE,2026-07-03,3878.0,3816.6,3971.6,3775.0,15364539
BSE,2026-07-10,3829.0,3811.6,3852.0,3630.6,18168568
BSE,2026-07-17,3778.0,3581.8,3867.5,3571.5,13286862
CAMS,2026-01-23,722.25,679.4,743.0,675.1,9505757
CAMS,2026-01-30,685.0,695.05,714.0,683.15,4152178
CAMS,2026-02-06,669.0,722.4,740.0,662.0,5238870
CAMS,2026-02-13,732.55,721.05,748.5,715.0,3917758
CAMS,2026-02-20,713.95,720.25,744.55,710.5,2854185
CAMS,2026-02-27,724.8,677.6,729.8,673.6,4461104
CAMS,2026-03-06,653.6,648.85,673.65,624.15,12202160
CAMS,2026-03-13,633.5,644.5,682.0,625.75,9605045
CAMS,2026-03-20,644.5,640.7,660.8,623.25,6372626
CAMS,2026-03-27,636.0,637.5,656.9,611.4,6022892
CAMS,2026-04-03,625.55,660.9,669.3,620.0,5961685
CAMS,2026-04-10,663.0,715.8,720.0,646.6,5167028
CAMS,2026-04-17,700.05,750.15,758.0,691.65,6478091
CAMS,2026-04-24,751.0,760.8,778.05,735.25,7477328
CAMS,2026-05-01,762.95,738.6,774.7,725.0,6163771
CAMS,2026-05-08,750.0,836.3,844.9,715.5,24480327
CAMS,2026-05-15,820.5,784.0,833.4,776.8,6660351
CAMS,2026-05-22,777.0,757.2,792.5,755.1,5770307
CAMS,2026-05-29,765.15,791.5,807.45,760.0,6254757
CAMS,2026-06-05,791.5,761.0,793.95,745.0,5248272
CAMS,2026-06-12,750.05,757.55,760.0,720.0,3602618
CAMS,2026-06-19,768.0,823.15,836.0,768.0,7725891
CAMS,2026-06-26,825.0,798.3,835.9,795.0,5103604
CAMS,2026-07-03,785.0,798.35,812.0,782.0,7630442
CAMS,2026-07-10,798.0,790.5,798.0,744.0,5915390
CAMS,2026-07-17,780.0,751.1,790.0,739.0,4771679
CANTABIL,2026-01-23,287.5,277.3,289.15,265.0,837727
CANTABIL,2026-01-30,277.0,293.35,304.0,269.85,420636
CANTABIL,2026-02-06,286.0,291.55,321.5,282.3,2390443
CANTABIL,2026-02-13,295.9,305.15,316.95,281.05,1353375
CANTABIL,2026-02-20,305.0,283.4,305.0,277.1,497108
CANTABIL,2026-02-27,283.0,266.45,289.7,260.1,520627
CANTABIL,2026-03-06,259.85,252.55,264.85,249.55,966570
CANTABIL,2026-03-13,250.05,251.3,263.95,237.0,675553
CANTABIL,2026-03-20,248.25,237.05,258.25,235.15,514866
CANTABIL,2026-03-27,235.8,226.95,235.9,221.0,1021987
CANTABIL,2026-04-03,224.4,237.17,244.0,219.8,378484
CANTABIL,2026-04-10,239.17,231.07,242.27,226.2,1113359
CANTABIL,2026-04-17,229.0,247.21,256.59,225.76,1698040
CANTABIL,2026-04-24,248.45,242.44,252.21,240.01,659689
CANTABIL,2026-05-01,243.0,241.86,251.85,240.33,489375
CANTABIL,2026-05-08,244.44,241.09,248.05,236.1,486854
CANTABIL,2026-05-15,240.02,225.94,242.46,218.0,948558
CANTABIL,2026-05-22,226.0,218.39,232.99,215.5,1833575
CANTABIL,2026-05-29,218.59,211.25,222.85,208.5,638506
CANTABIL,2026-06-05,212.89,219.65,227.5,209.0,667817
CANTABIL,2026-06-12,216.0,217.04,222.0,212.01,364741
CANTABIL,2026-06-19,221.0,227.19,234.7,217.85,942572
CANTABIL,2026-06-26,227.19,238.68,244.59,227.01,1434383
CANTABIL,2026-07-03,238.08,263.9,278.0,234.0,4930415
CANTABIL,2026-07-10,261.6,251.22,274.22,245.78,764548
CANTABIL,2026-07-17,249.6,254.56,268.15,249.21,2087150
CAPITALSFB,2026-01-23,265.0,254.35,265.85,250.0,133698
CAPITALSFB,2026-01-30,253.05,257.0,260.0,250.85,89131
CAPITALSFB,2026-02-06,255.8,261.6,266.95,251.0,116764
CAPITALSFB,2026-02-13,258.0,272.7,274.3,258.0,179518
CAPITALSFB,2026-02-20,266.05,263.7,272.3,262.0,64886
CAPITALSFB,2026-02-27,263.65,262.1,266.0,257.85,127246
CAPITALSFB,2026-03-06,262.0,255.1,265.7,253.05,111407
CAPITALSFB,2026-03-13,254.0,237.0,256.1,235.1,138971
CAPITALSFB,2026-03-20,237.0,240.05,244.85,231.5,200730
CAPITALSFB,2026-03-27,237.0,220.4,237.9,216.2,564942
CAPITALSFB,2026-04-03,220.0,238.79,239.34,206.55,504491
CAPITALSFB,2026-04-10,244.05,259.96,270.4,235.5,192698
CAPITALSFB,2026-04-17,255.01,260.46,269.09,252.93,98150
CAPITALSFB,2026-04-24,261.43,258.87,264.19,254.01,90179
CAPITALSFB,2026-05-01,258.88,279.56,280.99,258.31,460524
CAPITALSFB,2026-05-08,280.0,295.0,323.7,272.25,620153
CAPITALSFB,2026-05-15,298.0,276.9,301.0,275.0,361750
CAPITALSFB,2026-05-22,275.1,281.0,284.15,272.6,83183
CAPITALSFB,2026-05-29,277.05,274.65,286.95,272.9,129761
CAPITALSFB,2026-06-05,275.0,269.4,282.85,263.9,116949
CAPITALSFB,2026-06-12,272.95,281.7,282.95,267.2,83961
CAPITALSFB,2026-06-19,284.95,285.5,299.8,281.6,396100
CAPITALSFB,2026-06-26,286.35,280.1,291.25,278.8,92861
CAPITALSFB,2026-07-03,280.2,291.05,294.4,272.45,278986
CAPITALSFB,2026-07-10,294.0,294.25,300.0,278.45,499108
CAPITALSFB,2026-07-17,290.0,303.95,305.5,288.05,456068
CAPLIPOINT,2026-01-23,1820.2,1723.0,1829.0,1705.0,289898
CAPLIPOINT,2026-01-30,1710.0,1773.9,1800.0,1672.0,261199
CAPLIPOINT,2026-02-06,1790.1,1825.7,1939.0,1744.0,432026
CAPLIPOINT,2026-02-13,1825.7,1731.2,1825.8,1704.4,524667
CAPLIPOINT,2026-02-20,1730.1,1692.1,1741.9,1681.1,251503
CAPLIPOINT,2026-02-27,1700.0,1700.1,1743.1,1685.7,179765
CAPLIPOINT,2026-03-06,1680.0,1664.8,1685.0,1617.4,342277
CAPLIPOINT,2026-03-13,1654.0,1662.2,1710.0,1618.9,298950
CAPLIPOINT,2026-03-20,1650.0,1604.1,1679.0,1600.0,331172
CAPLIPOINT,2026-03-27,1600.0,1558.4,1630.0,1549.0,380443
CAPLIPOINT,2026-04-03,1548.0,1565.8,1593.1,1500.3,287136
CAPLIPOINT,2026-04-10,1582.5,1708.4,1710.0,1545.5,528856
CAPLIPOINT,2026-04-17,1700.0,1770.9,1799.8,1649.0,564800
CAPLIPOINT,2026-04-24,1771.0,1719.5,1785.0,1715.0,285124
CAPLIPOINT,2026-05-01,1719.5,1709.0,1764.9,1678.4,261223
CAPLIPOINT,2026-05-08,1710.5,1856.3,1885.0,1710.5,633363
CAPLIPOINT,2026-05-15,1850.0,1998.8,2060.0,1801.6,2865775
CAPLIPOINT,2026-05-22,1990.0,2028.0,2068.1,1948.6,752691
CAPLIPOINT,2026-05-29,2059.4,2024.5,2099.0,2012.0,439482
CAPLIPOINT,2026-06-05,2024.5,2033.1,2072.9,1950.0,479767
CAPLIPOINT,2026-06-12,2011.6,2407.8,2425.0,2001.5,2617418
CAPLIPOINT,2026-06-19,2435.0,2503.5,2560.0,2325.4,773244
CAPLIPOINT,2026-06-26,2520.0,2506.4,2590.0,2457.3,581936
CAPLIPOINT,2026-07-03,2506.4,2538.1,2675.0,2485.2,894724
CAPLIPOINT,2026-07-10,2555.0,2583.6,2689.0,2501.6,651628
CAPLIPOINT,2026-07-17,2583.6,2614.2,2699.0,2566.5,505447
CARBORUNIV,2026-01-23,803.6,818.2,826.8,770.6,1715240
CARBORUNIV,2026-01-30,815.0,788.25,840.55,781.0,993165
CARBORUNIV,2026-02-06,786.6,771.4,810.05,748.5,1628184
CARBORUNIV,2026-02-13,774.6,825.5,847.4,774.6,1362578
CARBORUNIV,2026-02-20,823.65,843.55,864.75,811.0,1125185
CARBORUNIV,2026-02-27,851.95,823.25,855.45,813.15,751912
CARBORUNIV,2026-03-06,780.0,804.3,815.7,780.0,297542
CARBORUNIV,2026-03-13,800.0,755.6,810.0,752.0,388143
CARBORUNIV,2026-03-20,759.0,756.95,775.0,738.4,410796
CARBORUNIV,2026-03-27,754.3,767.55,791.8,735.2,739366
CARBORUNIV,2026-04-03,760.0,854.0,862.0,744.0,1269221
CARBORUNIV,2026-04-10,851.5,895.45,920.95,816.0,1693491
CARBORUNIV,2026-04-17,891.15,940.1,949.0,868.7,1266891
CARBORUNIV,2026-04-24,939.3,926.15,959.0,923.0,521632
CARBORUNIV,2026-05-01,941.95,951.75,981.95,929.85,1016634
CARBORUNIV,2026-05-08,965.0,1027.7,1037.55,957.0,942056
CARBORUNIV,2026-05-15,1020.0,1102.4,1123.9,990.1,2828218
CARBORUNIV,2026-05-22,1101.0,1056.85,1166.4,1048.25,1944474
CARBORUNIV,2026-05-29,1056.85,1029.05,1082.0,1005.0,624162
CARBORUNIV,2026-06-05,1019.0,1039.8,1070.0,1005.4,1579907
CARBORUNIV,2026-06-12,1025.0,1053.1,1076.3,993.2,954547
CARBORUNIV,2026-06-19,1054.9,1241.7,1306.9,1051.8,5012168
CARBORUNIV,2026-06-26,1240.0,1143.3,1276.0,1135.0,1831902
CARBORUNIV,2026-07-03,1142.1,1139.6,1208.1,1113.5,796745
CARBORUNIV,2026-07-10,1149.9,1091.2,1155.0,1070.3,683612
CARBORUNIV,2026-07-17,1096.4,1059.8,1101.7,1048.0,850743
CARYSIL,2026-01-23,776.0,753.45,780.0,732.1,338730
CARYSIL,2026-01-30,755.8,794.35,816.9,739.65,211160
CARYSIL,2026-02-06,790.3,932.4,1045.0,750.0,2093552
CARYSIL,2026-02-13,932.0,975.8,1004.2,932.0,297962
CARYSIL,2026-02-20,974.15,942.7,1008.95,926.0,257908
CARYSIL,2026-02-27,947.4,895.7,955.4,892.65,208987
CARYSIL,2026-03-06,851.1,864.4,893.35,851.1,211712
CARYSIL,2026-03-13,859.0,785.1,868.0,773.05,488191
CARYSIL,2026-03-20,787.0,781.65,829.0,753.05,387034
CARYSIL,2026-03-27,777.65,787.8,847.85,745.5,399835
CARYSIL,2026-04-03,774.0,798.1,809.65,749.8,248254
CARYSIL,2026-04-10,798.05,843.4,851.85,782.0,327067
CARYSIL,2026-04-17,832.0,902.4,921.9,800.2,247619
CARYSIL,2026-04-24,904.6,899.1,935.0,856.8,836420
CARYSIL,2026-05-01,908.0,902.9,941.0,873.4,467243
CARYSIL,2026-05-08,902.9,951.6,969.0,890.4,386256
CARYSIL,2026-05-15,951.55,918.45,956.45,878.15,258991
CARYSIL,2026-05-22,915.0,1079.0,1095.95,888.3,2427038
CARYSIL,2026-05-29,1099.95,1077.55,1143.85,1070.1,796454
CARYSIL,2026-06-05,1079.9,1102.0,1171.6,1039.2,757259
CARYSIL,2026-06-12,1101.7,1178.9,1222.9,1051.6,1522260
CARYSIL,2026-06-19,1206.0,1199.3,1247.9,1164.9,852106
CARYSIL,2026-06-26,1210.5,1179.1,1227.0,1132.3,433109
CARYSIL,2026-07-03,1190.8,1162.1,1209.5,1141.1,315632
CARYSIL,2026-07-10,1171.0,1173.1,1194.0,1083.1,474336
CARYSIL,2026-07-17,1174.3,1170.4,1280.9,1143.6,1579521
CCL,2026-01-23,974.0,925.65,998.0,918.05,801620
CCL,2026-01-30,924.7,970.5,972.9,910.0,591872
CCL,2026-02-06,964.0,990.55,1059.0,945.0,2435730
CCL,2026-02-13,1008.4,994.0,1047.3,970.6,1149734
CCL,2026-02-20,994.0,994.0,1047.0,982.0,1499470
CCL,2026-02-27,1005.0,1014.95,1073.9,1001.1,4162069
CCL,2026-03-06,969.4,1015.8,1040.0,964.0,679875
CCL,2026-03-13,985.0,1022.6,1066.5,985.0,1595476
CCL,2026-03-20,1028.0,1087.6,1105.0,1024.4,1772460
CCL,2026-03-27,1082.2,1058.7,1108.8,1042.2,923056
CCL,2026-04-03,1048.4,1093.0,1100.0,1024.3,694222
CCL,2026-04-10,1089.3,1078.3,1183.1,1057.4,2538251
CCL,2026-04-17,1070.0,1089.4,1122.5,1047.6,998862
CCL,2026-04-24,1087.8,1098.8,1146.5,1066.9,1388415
CCL,2026-05-01,1098.1,1135.1,1150.0,1094.0,909727
CCL,2026-05-08,1134.4,1123.1,1217.5,1111.2,2337505
CCL,2026-05-15,1113.1,1116.3,1144.0,1044.0,1371093
CCL,2026-05-22,1116.3,1064.9,1134.0,1055.5,1005055
CCL,2026-05-29,1070.0,1053.8,1084.1,1044.9,638958
CCL,2026-06-05,1053.8,1079.1,1088.9,1043.0,758212
CCL,2026-06-12,1070.0,1129.3,1236.2,1061.2,11016499
CCL,2026-06-19,1140.0,1137.3,1156.0,1102.1,1053170
CCL,2026-06-26,1145.0,1163.2,1224.0,1137.4,1674346
CCL,2026-07-03,1161.1,1173.0,1223.8,1156.0,868429
CCL,2026-07-10,1177.0,1214.0,1228.7,1167.0,1318040
CCL,2026-07-17,1204.9,1191.4,1242.2,1177.8,931798
CDSL,2026-01-23,1430.0,1326.3,1437.5,1310.9,9435174
CDSL,2026-01-30,1326.6,1320.2,1359.6,1297.0,8033275
CDSL,2026-02-06,1229.0,1331.4,1372.0,1195.0,14765390
CDSL,2026-02-13,1349.3,1335.3,1412.0,1321.1,8279557
CDSL,2026-02-20,1300.0,1320.4,1365.0,1282.8,6253353
CDSL,2026-02-27,1330.0,1272.2,1342.0,1268.0,8089398
CDSL,2026-03-06,1205.2,1224.1,1253.0,1188.0,8365396
CDSL,2026-03-13,1199.0,1176.5,1261.7,1172.2,9052875
CDSL,2026-03-20,1178.0,1190.8,1244.0,1159.2,9423531
CDSL,2026-03-27,1175.6,1171.3,1229.9,1130.0,10116407
CDSL,2026-04-03,1152.0,1186.3,1195.9,1116.3,7122829
CDSL,2026-04-10,1186.3,1303.4,1309.0,1160.5,13644595
CDSL,2026-04-17,1265.3,1393.2,1399.9,1255.1,9960803
CDSL,2026-04-24,1394.0,1312.8,1401.1,1304.2,10115830
CDSL,2026-05-01,1315.0,1272.0,1345.5,1268.5,6629057
CDSL,2026-05-08,1256.2,1259.3,1291.0,1222.1,15470151
CDSL,2026-05-15,1253.7,1186.7,1254.0,1172.0,11553223
CDSL,2026-05-22,1174.0,1204.1,1234.3,1152.7,8962282
CDSL,2026-05-29,1224.0,1244.6,1269.3,1212.9,7046563
CDSL,2026-06-05,1250.5,1217.5,1260.9,1198.7,5851990
CDSL,2026-06-12,1200.0,1227.9,1230.4,1183.0,5488492
CDSL,2026-06-19,1252.0,1370.3,1396.8,1247.1,19175953
CDSL,2026-06-26,1377.0,1317.0,1396.0,1314.7,6569070
CDSL,2026-07-03,1317.0,1350.6,1365.9,1295.1,7871759
CDSL,2026-07-10,1350.0,1431.9,1443.0,1301.0,14462014
CDSL,2026-07-17,1422.0,1418.2,1453.1,1376.0,10287547
CEMPRO,2026-01-23,677.1,625.05,677.45,610.0,1159650
CEMPRO,2026-01-30,625.25,639.45,651.7,607.2,871781
CEMPRO,2026-02-06,633.7,634.85,709.25,618.1,2481535
CEMPRO,2026-02-13,642.2,602.8,671.05,601.0,1990875
CEMPRO,2026-02-20,601.0,592.35,610.35,580.0,966576
CEMPRO,2026-02-27,592.9,576.1,615.0,570.6,1396902
CEMPRO,2026-03-06,550.95,565.65,577.05,536.1,1294246
CEMPRO,2026-03-13,560.0,539.7,581.95,535.05,1375168
CEMPRO,2026-03-20,539.95,539.6,560.05,518.2,1305973
CEMPRO,2026-03-27,534.95,527.15,566.15,503.3,2323430
CEMPRO,2026-04-03,520.0,539.35,543.35,505.45,1455690
CEMPRO,2026-04-10,545.85,630.35,634.4,528.4,2607563
CEMPRO,2026-04-17,612.1,648.25,658.35,604.15,980174
CEMPRO,2026-04-24,649.9,648.6,691.95,633.05,1535251
CEMPRO,2026-05-01,647.95,815.25,815.25,643.0,20901732
CEMPRO,2026-05-08,846.25,956.15,982.8,816.0,38211430
CEMPRO,2026-05-15,948.0,899.55,953.0,875.35,2890868
CEMPRO,2026-05-22,891.0,862.8,899.1,825.0,1792284
CEMPRO,2026-05-29,871.0,1071.15,1089.9,869.65,6309176
CEMPRO,2026-06-05,1071.0,1112.8,1149.0,1003.1,4620923
CEMPRO,2026-06-12,1080.0,1122.4,1257.4,1072.0,5849821
CEMPRO,2026-06-19,1144.0,1252.0,1252.0,1137.8,1502167
CEMPRO,2026-06-26,1256.7,1213.4,1291.6,1205.0,1570010
CEMPRO,2026-07-03,1231.1,1449.0,1475.0,1216.5,3896963
CEMPRO,2026-07-10,1463.0,1566.8,1597.4,1445.4,3885234
CEMPRO,2026-07-17,1565.0,1615.0,1647.3,1532.0,2841980
CENTUM,2026-01-23,2300.0,2202.9,2315.0,2120.0,156281
CENTUM,2026-01-30,2190.0,2324.4,2341.8,2112.0,191771
CENTUM,2026-02-06,2290.0,2316.8,2460.0,2239.8,109450
CENTUM,2026-02-13,2317.0,2307.1,2508.9,2264.7,140256
CENTUM,2026-02-20,2289.9,2542.8,2645.0,2220.1,1868692
CENTUM,2026-02-27,2538.8,2660.3,2871.0,2510.5,847748
CENTUM,2026-03-06,2550.0,2855.6,2962.6,2520.0,332636
CENTUM,2026-03-13,2844.9,2673.5,2947.0,2631.2,184421
CENTUM,2026-03-20,2668.0,2987.8,3066.6,2616.9,535046
CENTUM,2026-03-27,2935.0,2804.3,2967.1,2698.0,339090
CENTUM,2026-04-03,2794.4,2836.5,2935.3,2723.4,141947
CENTUM,2026-04-10,2811.1,2815.4,2851.9,2652.5,259058
CENTUM,2026-04-17,2789.6,3084.8,3129.0,2755.5,540655
CENTUM,2026-04-24,3100.1,2803.9,3139.1,2749.0,411638
CENTUM,2026-05-01,2846.0,2847.9,2948.7,2806.1,117165
CENTUM,2026-05-08,2890.6,3104.7,3198.8,2780.0,366519
CENTUM,2026-05-15,3167.6,3010.8,3179.0,2783.1,405982
CENTUM,2026-05-22,2950.1,3187.6,3324.0,2682.0,676100
CENTUM,2026-05-29,3210.0,3484.0,3549.8,3135.4,373433
CENTUM,2026-06-05,3534.1,3459.9,3714.0,3418.1,392356
CENTUM,2026-06-12,3457.0,3582.8,3642.3,3250.0,359762
CENTUM,2026-06-19,3618.0,3539.0,3725.0,3470.2,284695
CENTUM,2026-06-26,3538.0,3562.3,3749.8,3486.5,176547
CENTUM,2026-07-03,3562.3,3627.0,3916.0,3501.0,212558
CENTUM,2026-07-10,3650.1,3647.6,3695.0,3447.0,195677
CENTUM,2026-07-17,3641.3,3711.4,3809.0,3582.0,177770
CERA,2026-01-23,5185.5,4939.0,5185.5,4826.0,82925
CERA,2026-01-30,4949.5,5000.0,5044.5,4796.5,43530
CERA,2026-02-06,5060.0,5167.1,5250.0,4875.0,145598
CERA,2026-02-13,5167.1,5111.8,5349.5,5097.0,47376
CERA,2026-02-20,5102.0,5095.4,5276.0,5010.2,48036
CERA,2026-02-27,5146.0,4886.4,5160.8,4871.2,54578
CERA,2026-03-06,4750.0,4742.5,4839.0,4698.1,46290
CERA,2026-03-13,4700.1,4524.3,4786.0,4512.0,118713
CERA,2026-03-20,4524.0,4753.7,5019.3,4461.1,163483
CERA,2026-03-27,4700.0,4640.5,4818.9,4535.8,136139
CERA,2026-04-03,4600.0,4677.3,4704.0,4518.2,37981
CERA,2026-04-10,4692.5,5162.0,5222.0,4609.5,86831
CERA,2026-04-17,5050.0,5325.1,5385.0,5018.5,69067
CERA,2026-04-24,5355.0,5328.3,5549.0,5265.0,85317
CERA,2026-05-01,5420.0,5252.6,5420.0,5215.0,33863
CERA,2026-05-08,5271.5,5782.0,5849.0,5255.5,204981
CERA,2026-05-15,5627.0,5635.5,6215.0,5612.0,195954
CERA,2026-05-22,5600.0,5708.0,5938.0,5441.0,49637
CERA,2026-05-29,5800.5,5564.5,5870.0,5532.5,33691
CERA,2026-06-05,5569.5,5512.5,5734.0,5494.0,33512
CERA,2026-06-12,5412.5,6144.0,6196.5,5372.5,475593
CERA,2026-06-19,6200.0,6448.0,6460.0,6100.0,120096
CERA,2026-06-26,6550.0,6330.5,6740.0,6299.0,76598
CERA,2026-07-03,6325.0,6460.0,6594.5,6260.0,54262
CERA,2026-07-10,6470.5,6313.5,6655.5,6227.0,55523
CERA,2026-07-17,6300.0,6047.0,6489.5,6000.5,48339
CGCL,2026-01-23,178.25,166.96,180.78,166.0,7568143
CGCL,2026-01-30,166.95,175.74,180.4,160.89,8037242
CGCL,2026-02-06,165.91,173.22,179.0,161.29,3155739
CGCL,2026-02-13,175.5,177.24,180.9,173.71,3551350
CGCL,2026-02-20,178.8,173.02,180.0,169.91,3093456
CGCL,2026-02-27,173.5,159.68,174.12,155.65,5096021
CGCL,2026-03-06,155.0,161.24,162.48,151.1,3293652
CGCL,2026-03-13,157.24,170.09,172.68,152.91,25989113
CGCL,2026-03-20,169.05,170.08,173.39,166.2,4960197
CGCL,2026-03-27,166.71,165.54,173.75,156.95,6733276
CGCL,2026-04-03,164.0,166.33,178.28,160.12,7049002
CGCL,2026-04-10,166.33,183.54,185.95,163.57,6217987
CGCL,2026-04-17,178.0,182.13,189.02,176.89,3475011
CGCL,2026-04-24,180.0,183.38,191.56,179.9,7371635
CGCL,2026-05-01,183.9,186.18,188.5,181.88,8932480
CGCL,2026-05-08,190.0,197.97,204.9,184.0,19237627
CGCL,2026-05-15,197.4,185.01,197.4,182.39,8947805
CGCL,2026-05-22,184.91,190.65,193.33,180.73,27733208
CGCL,2026-05-29,192.1,198.36,199.47,188.44,10987622
CGCL,2026-06-05,203.42,202.77,208.4,195.09,15765941
CGCL,2026-06-12,199.13,208.48,209.1,198.0,11760065
CGCL,2026-06-19,210.0,220.96,225.99,208.69,22923890
CGCL,2026-06-26,220.5,217.44,222.99,214.35,18474253
CGCL,2026-07-03,217.51,233.87,235.34,215.25,30261857
CGCL,2026-07-10,234.35,252.22,264.53,233.26,54281887
CGCL,2026-07-17,252.2,256.38,262.0,251.26,11176883
CGPOWER,2026-01-23,580.0,549.1,607.0,547.35,32111163
CGPOWER,2026-01-30,557.0,584.05,592.95,525.5,31491790
CGPOWER,2026-02-06,600.45,674.85,676.0,586.4,28452639
CGPOWER,2026-02-13,679.7,680.15,695.7,668.65,11283391
CGPOWER,2026-02-20,677.0,712.15,719.4,676.55,12265276
CGPOWER,2026-02-27,720.0,725.2,733.7,710.65,12743709
CGPOWER,2026-03-06,688.95,715.45,722.5,676.4,10731175
CGPOWER,2026-03-13,704.9,709.9,749.0,684.2,18259365
CGPOWER,2026-03-20,708.65,681.6,716.95,678.65,12146725
CGPOWER,2026-03-27,675.15,667.95,693.95,642.8,13217323
CGPOWER,2026-04-03,656.0,680.05,690.25,651.5,9244026
CGPOWER,2026-04-10,681.9,731.1,735.6,671.25,12323184
CGPOWER,2026-04-17,710.0,774.8,776.5,705.2,13868784
CGPOWER,2026-04-24,775.95,823.15,846.9,764.2,21726844
CGPOWER,2026-05-01,823.35,813.35,840.0,803.9,10119567
CGPOWER,2026-05-08,819.0,873.55,875.8,794.1,35591587
CGPOWER,2026-05-15,875.0,838.2,886.8,826.0,14643061
CGPOWER,2026-05-22,825.95,865.7,873.5,804.6,14608760
CGPOWER,2026-05-29,874.9,917.45,944.1,864.2,23719589
CGPOWER,2026-06-05,928.95,937.85,952.0,883.05,24883302
CGPOWER,2026-06-12,920.0,914.45,938.8,895.0,16440945
CGPOWER,2026-06-19,928.0,963.7,969.9,916.55,16596963
CGPOWER,2026-06-26,968.0,942.1,968.9,912.0,12477565
CGPOWER,2026-07-03,960.1,892.55,980.9,887.1,49084866
CGPOWER,2026-07-10,900.0,916.6,927.6,895.4,23240257
CGPOWER,2026-07-17,912.0,905.0,954.9,893.7,16528851
CHENNPETRO,2026-01-23,857.95,842.2,866.4,795.25,5619746
CHENNPETRO,2026-01-30,855.0,866.05,893.0,827.1,9681398
CHENNPETRO,2026-02-06,835.0,905.6,918.0,828.1,6550338
CHENNPETRO,2026-02-13,913.4,879.0,938.0,864.75,3988678
CHENNPETRO,2026-02-20,877.0,883.65,924.5,869.0,2813724
CHENNPETRO,2026-02-27,886.0,961.95,973.0,877.75,8150598
CHENNPETRO,2026-03-06,930.0,1007.5,1053.5,905.6,19154446
CHENNPETRO,2026-03-13,1020.0,918.2,1020.0,869.35,10156029
CHENNPETRO,2026-03-20,899.0,1064.75,1091.0,870.8,27925376
CHENNPETRO,2026-03-27,1064.0,959.75,1094.4,938.2,11729409
CHENNPETRO,2026-04-03,950.0,1032.25,1036.0,942.05,9439655
CHENNPETRO,2026-04-10,989.0,973.85,1018.0,960.0,10411026
CHENNPETRO,2026-04-17,964.95,1041.85,1050.0,941.0,8455941
CHENNPETRO,2026-04-24,1044.0,1035.0,1103.0,995.0,17885219
CHENNPETRO,2026-05-01,1049.25,1128.35,1159.7,988.0,21547097
CHENNPETRO,2026-05-08,1131.0,1076.9,1139.0,1058.1,7006609
CHENNPETRO,2026-05-15,1077.0,1009.0,1087.3,1003.4,4310535
CHENNPETRO,2026-05-22,995.0,1016.6,1032.5,973.1,2887217
CHENNPETRO,2026-05-29,1023.9,1058.2,1070.0,1014.0,2811406
CHENNPETRO,2026-06-05,1065.2,1181.4,1225.0,1060.2,9624192
CHENNPETRO,2026-06-12,1169.3,1137.7,1249.0,1115.2,5804164
CHENNPETRO,2026-06-19,1158.0,1097.8,1225.8,1092.1,5490714
CHENNPETRO,2026-06-26,1101.0,1102.2,1146.2,1101.0,2380381
CHENNPETRO,2026-07-03,1105.0,1125.8,1172.9,1101.9,3731168
CHENNPETRO,2026-07-10,1123.5,1180.7,1186.9,1080.0,4863200
CHENNPETRO,2026-07-17,1182.0,1200.6,1279.7,1099.0,13733307
CHOLAFIN,2026-01-23,1698.0,1643.2,1726.2,1617.7,6542955
CHOLAFIN,2026-01-30,1648.7,1631.6,1669.5,1607.4,6745459
CHOLAFIN,2026-02-06,1570.9,1742.2,1748.0,1527.0,9717750
CHOLAFIN,2026-02-13,1760.0,1709.4,1776.7,1699.0,5946196
CHOLAFIN,2026-02-20,1692.0,1669.6,1737.6,1662.0,4070430
CHOLAFIN,2026-02-27,1677.5,1730.8,1774.6,1628.0,14770658
CHOLAFIN,2026-03-06,1661.0,1626.3,1722.1,1620.0,5593446
CHOLAFIN,2026-03-13,1575.0,1514.0,1632.9,1465.0,8123704
CHOLAFIN,2026-03-20,1514.0,1440.5,1557.4,1436.3,10283711
CHOLAFIN,2026-03-27,1429.7,1416.3,1483.3,1375.2,10829846
CHOLAFIN,2026-04-03,1366.0,1356.3,1409.6,1299.4,8218154
CHOLAFIN,2026-04-10,1373.6,1581.2,1584.5,1344.5,13828132
CHOLAFIN,2026-04-17,1525.0,1579.0,1605.6,1502.0,8734656
CHOLAFIN,2026-04-24,1578.8,1568.2,1594.4,1529.9,6214012
CHOLAFIN,2026-05-01,1570.5,1562.9,1592.2,1472.3,11820701
CHOLAFIN,2026-05-08,1564.8,1674.1,1734.8,1564.8,14637770
CHOLAFIN,2026-05-15,1630.4,1546.3,1646.4,1528.9,6533556
CHOLAFIN,2026-05-22,1538.0,1539.8,1548.0,1491.0,5321854
CHOLAFIN,2026-05-29,1566.0,1537.7,1629.9,1530.2,5357694
CHOLAFIN,2026-06-05,1532.9,1503.2,1549.0,1444.6,8193577
CHOLAFIN,2026-06-12,1475.1,1568.1,1577.6,1449.3,8743309
CHOLAFIN,2026-06-19,1610.0,1693.4,1704.1,1607.3,9522685
CHOLAFIN,2026-06-26,1694.9,1799.2,1816.6,1694.9,9957454
CHOLAFIN,2026-07-03,1814.6,1789.8,1823.9,1764.8,8722052
CHOLAFIN,2026-07-10,1808.9,1807.8,1875.0,1755.3,8987274
CHOLAFIN,2026-07-17,1799.0,1804.9,1828.1,1742.7,4999915
CIPLA,2026-01-23,1396.5,1315.0,1398.4,1303.0,14127244
CIPLA,2026-01-30,1300.0,1324.0,1334.7,1281.7,9902555
CIPLA,2026-02-06,1330.0,1330.0,1381.3,1293.1,8592561
CIPLA,2026-02-13,1338.0,1331.5,1358.0,1315.8,6671005
CIPLA,2026-02-20,1331.0,1341.1,1358.0,1323.7,6288860
CIPLA,2026-02-27,1335.9,1348.2,1364.9,1308.8,10187247
CIPLA,2026-03-06,1313.0,1321.2,1354.5,1311.0,5718295
CIPLA,2026-03-13,1309.0,1314.7,1341.7,1292.7,6744826
CIPLA,2026-03-20,1314.7,1256.4,1327.9,1235.4,7989576
CIPLA,2026-03-27,1252.0,1242.3,1252.9,1216.6,5835987
CIPLA,2026-04-03,1231.2,1192.4,1257.0,1165.7,7398240
CIPLA,2026-04-10,1190.3,1229.5,1239.0,1170.0,11343911
CIPLA,2026-04-17,1222.3,1240.8,1244.5,1203.2,6978761
CIPLA,2026-04-24,1245.0,1295.0,1308.4,1222.0,13460483
CIPLA,2026-05-01,1303.2,1309.6,1329.8,1296.3,5579601
CIPLA,2026-05-08,1320.0,1347.0,1379.5,1313.6,6287440
CIPLA,2026-05-15,1347.0,1432.1,1444.5,1274.7,19147624
CIPLA,2026-05-22,1422.0,1399.2,1442.1,1392.0,6772092
CIPLA,2026-05-29,1406.0,1401.0,1432.0,1382.7,12280139
CIPLA,2026-06-05,1410.0,1401.3,1413.6,1354.0,7124925
CIPLA,2026-06-12,1397.0,1389.4,1405.0,1371.1,4512054
CIPLA,2026-06-19,1396.7,1351.8,1397.9,1341.1,6701153
CIPLA,2026-06-26,1372.0,1440.1,1461.0,1370.6,11689896
CIPLA,2026-07-03,1443.7,1458.2,1490.1,1441.5,9727475
CIPLA,2026-07-10,1458.2,1439.4,1482.0,1426.4,4791690
CIPLA,2026-07-17,1439.4,1418.7,1454.5,1404.0,4166604
COFORGE,2026-01-23,1740.0,1636.4,1741.9,1593.0,12717628
COFORGE,2026-01-30,1644.0,1653.8,1697.2,1633.3,7460239
COFORGE,2026-02-06,1665.4,1546.0,1759.0,1531.2,11245410
COFORGE,2026-02-13,1552.1,1361.8,1577.7,1334.0,24518906
COFORGE,2026-02-20,1357.4,1340.6,1432.9,1318.9,16375253
COFORGE,2026-02-27,1340.8,1185.8,1345.5,1182.1,29746786
COFORGE,2026-03-06,1130.0,1162.9,1196.8,1129.7,10325375
COFORGE,2026-03-13,1137.0,1089.7,1182.0,1073.0,14568197
COFORGE,2026-03-20,1076.0,1089.3,1148.2,1008.1,21918889
COFORGE,2026-03-27,1077.0,1144.7,1180.3,1064.9,14227177
COFORGE,2026-04-03,1135.0,1213.4,1235.0,1111.0,9963508
COFORGE,2026-04-10,1213.4,1224.3,1280.0,1200.0,18680906
COFORGE,2026-04-17,1212.3,1316.8,1334.9,1200.0,11145028
COFORGE,2026-04-24,1316.8,1150.9,1319.8,1136.3,17391300
COFORGE,2026-05-01,1156.0,1195.9,1229.9,1155.9,5626773
COFORGE,2026-05-08,1209.8,1368.1,1374.0,1147.1,45619317
COFORGE,2026-05-15,1375.8,1282.1,1387.8,1249.8,18734206
COFORGE,2026-05-22,1282.1,1387.1,1447.0,1274.6,22163391
COFORGE,2026-05-29,1398.0,1421.8,1449.8,1376.6,8392051
COFORGE,2026-06-05,1438.2,1435.5,1554.0,1391.0,26013146
COFORGE,2026-06-12,1410.0,1367.2,1447.0,1356.2,9311188
COFORGE,2026-06-19,1399.0,1463.3,1497.8,1378.0,24258209
COFORGE,2026-06-26,1475.0,1492.9,1521.7,1470.3,11921386
COFORGE,2026-07-03,1493.4,1464.0,1523.6,1362.2,25391879
COFORGE,2026-07-10,1466.9,1503.8,1523.0,1427.8,12220353
COFORGE,2026-07-17,1494.1,1508.4,1569.0,1470.0,15648815
COLPAL,2026-01-23,2101.3,2166.3,2209.9,2087.6,2777705
COLPAL,2026-01-30,2158.0,2114.2,2165.9,2029.4,2370065
COLPAL,2026-02-06,2100.0,2133.2,2159.9,2080.3,1441918
COLPAL,2026-02-13,2141.0,2122.2,2194.1,2100.5,1277793
COLPAL,2026-02-20,2120.6,2197.9,2230.5,2100.7,1471321
COLPAL,2026-02-27,2197.9,2254.5,2301.6,2185.7,2473376
COLPAL,2026-03-06,2198.8,2204.6,2239.9,2167.0,990324
COLPAL,2026-03-13,2193.0,1957.2,2210.7,1951.0,3834594
COLPAL,2026-03-20,1960.0,1896.1,1970.7,1882.6,1520543
COLPAL,2026-03-27,1894.0,1877.2,1927.7,1838.1,1816495
COLPAL,2026-04-03,1850.0,1829.5,1857.8,1782.0,1588188
COLPAL,2026-04-10,1835.7,1939.1,1942.1,1800.7,2137760
COLPAL,2026-04-17,1910.5,2106.0,2121.9,1878.1,3230597
COLPAL,2026-04-24,2119.0,2171.3,2177.8,2057.6,2871513
COLPAL,2026-05-01,2180.0,2096.2,2190.1,2090.0,1493700
COLPAL,2026-05-08,2110.2,2197.4,2205.9,2099.2,1512780
COLPAL,2026-05-15,2196.9,2160.0,2204.2,2111.6,1630479
COLPAL,2026-05-22,2150.0,2156.9,2223.7,2113.6,1431834
COLPAL,2026-05-29,2185.7,2059.9,2195.7,2050.4,3760063
COLPAL,2026-06-05,2049.7,1999.5,2053.0,1976.5,1793290
COLPAL,2026-06-12,1986.2,2079.0,2100.0,1972.8,2223562
COLPAL,2026-06-19,2100.0,1997.8,2136.5,1990.0,2529159
COLPAL,2026-06-26,2005.5,1993.0,2019.9,1957.8,2328466
COLPAL,2026-07-03,1993.0,2047.0,2086.6,1980.1,1968689
COLPAL,2026-07-10,2047.0,2052.4,2085.0,2008.2,1124495
COLPAL,2026-07-17,2038.8,2042.4,2047.0,1986.3,1075081
CONFIPET,2026-01-23,33.75,31.98,34.16,31.16,1914798
CONFIPET,2026-01-30,31.95,32.41,33.25,30.85,1376258
CONFIPET,2026-02-06,31.76,31.25,33.44,29.11,3232614
CONFIPET,2026-02-13,31.25,32.52,34.56,31.25,2400808
CONFIPET,2026-02-20,32.0,31.64,34.15,31.45,1995782
CONFIPET,2026-02-27,32.0,31.75,32.6,31.02,1156500
CONFIPET,2026-03-06,30.35,29.73,31.0,28.52,2490903
CONFIPET,2026-03-13,29.91,36.54,39.66,28.06,28104227
CONFIPET,2026-03-20,36.9,36.28,39.99,31.15,19871246
CONFIPET,2026-03-27,37.0,38.61,39.6,33.6,22791340
CONFIPET,2026-04-03,38.09,52.39,52.83,35.5,60188291
CONFIPET,2026-04-10,54.4,55.97,62.44,48.47,58226902
CONFIPET,2026-04-17,57.35,52.68,58.98,50.11,13405943
CONFIPET,2026-04-24,53.21,54.83,58.0,51.29,13381819
CONFIPET,2026-05-01,55.09,54.65,60.44,52.61,15355852
CONFIPET,2026-05-08,55.0,54.72,59.75,53.17,8836653
CONFIPET,2026-05-15,54.8,61.61,67.08,54.6,27608243
CONFIPET,2026-05-22,61.11,57.51,66.0,57.0,14615175
CONFIPET,2026-05-29,57.78,67.77,70.15,56.76,12276252
CONFIPET,2026-06-05,67.5,77.61,80.57,59.95,32993038
CONFIPET,2026-06-12,77.61,70.42,80.0,69.51,10493908
CONFIPET,2026-06-19,70.49,70.44,73.8,67.01,11580614
CONFIPET,2026-06-26,72.5,71.87,75.0,66.3,19089295
CONFIPET,2026-07-03,72.0,74.17,80.4,69.52,26190108
CONFIPET,2026-07-10,74.48,76.45,77.2,68.25,9556468
CONFIPET,2026-07-17,75.86,73.12,77.8,71.35,8286354
CONTROLPR,2026-01-23,660.05,680.2,687.1,622.75,140637
CONTROLPR,2026-01-30,673.6,640.3,703.0,626.45,208827
CONTROLPR,2026-02-06,628.2,645.05,662.0,625.4,71780
CONTROLPR,2026-02-13,645.05,638.25,650.45,611.05,88442
CONTROLPR,2026-02-20,635.1,673.55,688.05,622.0,151083
CONTROLPR,2026-02-27,680.0,659.2,698.0,645.0,118145
CONTROLPR,2026-03-06,646.0,632.75,659.2,625.0,60994
CONTROLPR,2026-03-13,605.0,624.5,650.2,605.0,95484
CONTROLPR,2026-03-20,625.35,622.55,653.0,609.6,82248
CONTROLPR,2026-03-27,613.6,569.9,628.0,567.95,129990
CONTROLPR,2026-04-03,567.0,573.45,576.0,517.0,152355
CONTROLPR,2026-04-10,582.1,650.1,696.8,572.9,168449
CONTROLPR,2026-04-17,647.0,672.85,703.95,630.0,206713
CONTROLPR,2026-04-24,672.85,640.25,681.05,638.9,104371
CONTROLPR,2026-05-01,630.0,636.8,667.4,630.0,48013
CONTROLPR,2026-05-08,630.45,669.8,680.9,630.45,127600
CONTROLPR,2026-05-15,669.8,630.4,669.8,623.65,90263
CONTROLPR,2026-05-22,615.0,617.35,662.1,602.25,166587
CONTROLPR,2026-05-29,628.0,610.35,652.15,603.0,137510
CONTROLPR,2026-06-05,610.35,610.65,628.45,605.0,92092
CONTROLPR,2026-06-12,601.5,605.35,615.25,594.9,79853
CONTROLPR,2026-06-19,610.0,623.45,633.0,610.0,79125
CONTROLPR,2026-06-26,628.8,640.05,651.9,627.45,98553
CONTROLPR,2026-07-03,640.05,687.1,727.95,614.6,3949286
CONTROLPR,2026-07-10,681.05,645.45,698.0,641.4,151120
CONTROLPR,2026-07-17,642.0,650.25,660.4,634.75,81957
COSMOFIRST,2026-01-23,642.0,577.4,642.65,575.0,563202
COSMOFIRST,2026-01-30,580.85,595.5,601.8,573.45,187968
COSMOFIRST,2026-02-06,576.0,617.25,674.55,560.8,502784
COSMOFIRST,2026-02-13,628.8,739.2,763.25,616.75,1377175
COSMOFIRST,2026-02-20,735.05,673.05,737.0,670.0,484008
COSMOFIRST,2026-02-27,671.55,711.35,730.25,646.1,1220281
COSMOFIRST,2026-03-06,653.6,700.05,748.1,653.6,727636
COSMOFIRST,2026-03-13,685.0,645.65,690.35,637.0,364355
COSMOFIRST,2026-03-20,645.65,624.55,673.1,613.4,424544
COSMOFIRST,2026-03-27,623.15,595.05,626.8,586.0,485252
COSMOFIRST,2026-04-03,594.4,615.6,634.65,579.65,305999
COSMOFIRST,2026-04-10,614.95,656.05,669.7,602.25,327941
COSMOFIRST,2026-04-17,645.0,668.75,684.95,632.7,260077
COSMOFIRST,2026-04-24,661.65,698.3,741.3,654.5,553536
COSMOFIRST,2026-05-01,700.0,713.75,744.0,696.55,297457
COSMOFIRST,2026-05-08,724.45,815.45,822.8,691.6,931503
COSMOFIRST,2026-05-15,808.0,760.1,828.95,744.6,370154
COSMOFIRST,2026-05-22,755.0,771.1,865.0,733.5,1561053
COSMOFIRST,2026-05-29,776.2,727.65,792.0,724.0,429050
COSMOFIRST,2026-06-05,739.0,742.2,760.9,706.0,402568
COSMOFIRST,2026-06-12,737.0,726.95,774.85,708.55,294927
COSMOFIRST,2026-06-19,741.5,780.75,790.25,723.8,378147
COSMOFIRST,2026-06-26,780.75,803.55,836.35,764.0,1169877
COSMOFIRST,2026-07-03,803.55,853.1,861.0,781.55,621502
COSMOFIRST,2026-07-10,861.7,831.15,874.8,805.0,541268
COSMOFIRST,2026-07-17,830.0,835.05,858.8,813.2,336194
CRAFTSMAN,2026-01-23,7750.0,7198.5,7777.0,7123.5,102097
CRAFTSMAN,2026-01-30,7243.0,7317.0,7930.0,7196.0,351096
CRAFTSMAN,2026-02-06,7250.0,7834.0,8220.0,7080.0,227204
CRAFTSMAN,2026-02-13,7909.5,7729.0,8167.0,7661.5,283494
CRAFTSMAN,2026-02-20,7700.0,8038.0,8129.5,7653.0,179526
CRAFTSMAN,2026-02-27,8070.0,7526.0,8115.0,7467.0,195770
CRAFTSMAN,2026-03-06,7250.0,7458.0,7700.0,7189.0,144125
CRAFTSMAN,2026-03-13,7201.0,6674.0,7491.0,6632.5,247558
CRAFTSMAN,2026-03-20,6612.5,6912.0,7016.0,6521.5,268892
CRAFTSMAN,2026-03-27,6822.0,6924.0,7101.0,6451.5,99150
CRAFTSMAN,2026-04-03,6892.0,6789.0,7173.5,6683.0,113544
CRAFTSMAN,2026-04-10,6789.5,7430.0,7566.0,6665.0,265138
CRAFTSMAN,2026-04-17,7300.0,7691.0,7710.5,7210.5,89945
CRAFTSMAN,2026-04-24,7698.0,7570.0,7933.0,7494.5,79594
CRAFTSMAN,2026-05-01,7535.0,7688.0,7800.0,7520.0,115028
CRAFTSMAN,2026-05-08,7795.0,8981.5,9738.0,7612.5,3984362
CRAFTSMAN,2026-05-15,9039.5,8462.5,9275.0,8320.0,1049382
CRAFTSMAN,2026-05-22,8472.5,8702.0,8774.0,8242.5,190186
CRAFTSMAN,2026-05-29,8850.0,9074.0,9259.0,8570.5,224679
CRAFTSMAN,2026-06-05,9178.0,9065.0,9300.0,8589.0,467709
CRAFTSMAN,2026-06-12,9031.0,8917.5,9200.5,8683.5,322901
CRAFTSMAN,2026-06-19,9100.0,9806.5,9938.0,8990.0,626991
CRAFTSMAN,2026-06-26,9750.0,9252.0,9750.0,9226.5,504298
CRAFTSMAN,2026-07-03,9250.0,9119.0,9528.0,9086.5,321555
CRAFTSMAN,2026-07-10,9110.0,9301.0,9398.5,8955.5,213276
CRAFTSMAN,2026-07-17,9236.5,9105.0,9420.0,9045.5,158326
CRISIL,2026-01-23,4748.0,4491.4,4836.7,4477.5,249226
CRISIL,2026-01-30,4481.5,4664.1,4687.2,4412.4,133564
CRISIL,2026-02-06,4601.0,4755.1,4872.7,4516.8,248859
CRISIL,2026-02-13,4750.5,4443.2,4770.0,4355.1,247418
CRISIL,2026-02-20,4412.6,4567.0,4676.6,4398.7,237412
CRISIL,2026-02-27,4567.0,4376.4,4650.3,4356.0,170640
CRISIL,2026-03-06,4292.1,4288.8,4448.5,4225.4,100683
CRISIL,2026-03-13,4250.0,4164.1,4334.4,4144.0,191725
CRISIL,2026-03-20,4164.1,4000.4,4169.9,3950.0,377716
CRISIL,2026-03-27,3984.1,3842.8,4062.0,3810.5,313640
CRISIL,2026-04-03,3840.0,3705.9,3948.8,3686.0,315716
CRISIL,2026-04-10,3718.9,4095.4,4125.0,3690.0,464381
CRISIL,2026-04-17,4050.0,4335.4,4383.0,3971.7,636966
CRISIL,2026-04-24,4360.0,4269.4,4463.9,4261.0,471304
CRISIL,2026-05-01,4300.0,4288.7,4379.5,4236.0,197884
CRISIL,2026-05-08,4300.0,4162.3,4319.8,4120.0,497893
CRISIL,2026-05-15,4155.0,4137.6,4209.1,3990.2,216878
CRISIL,2026-05-22,4120.1,4085.5,4250.0,4030.0,206543
CRISIL,2026-05-29,4121.0,3948.4,4121.0,3907.5,149950
CRISIL,2026-06-05,3949.9,3878.9,3997.8,3808.7,179916
CRISIL,2026-06-12,3850.0,3893.9,4077.0,3775.0,290211
CRISIL,2026-06-19,3960.7,4132.0,4171.4,3924.2,237766
CRISIL,2026-06-26,4132.0,4089.9,4250.0,4070.0,148429
CRISIL,2026-07-03,4095.0,4017.2,4219.5,4007.0,265170
CRISIL,2026-07-10,4050.0,4097.4,4209.6,3855.0,468312
CRISIL,2026-07-17,4102.8,4245.7,4300.0,4030.0,327765
CSBBANK,2026-01-23,503.0,488.4,508.5,455.0,4265782
CSBBANK,2026-01-30,492.0,438.05,535.55,386.5,22625719
CSBBANK,2026-02-06,417.0,413.8,428.0,397.8,3558538
CSBBANK,2026-02-13,415.0,389.25,423.95,387.5,2442519
CSBBANK,2026-02-20,391.2,384.85,407.9,373.6,3965727
CSBBANK,2026-02-27,387.5,397.4,408.15,375.0,2986993
CSBBANK,2026-03-06,385.0,374.3,389.9,365.0,1394062
CSBBANK,2026-03-13,369.0,332.3,370.0,330.15,2682407
CSBBANK,2026-03-20,333.0,361.3,397.75,324.8,6992457
CSBBANK,2026-03-27,357.5,353.75,368.35,340.2,2320279
CSBBANK,2026-04-03,349.65,369.05,372.5,336.25,1660790
CSBBANK,2026-04-10,377.0,404.9,408.45,364.2,2329828
CSBBANK,2026-04-17,395.1,399.85,417.2,387.35,1822795
CSBBANK,2026-04-24,399.5,382.65,409.9,375.45,3580291
CSBBANK,2026-05-01,386.0,381.95,406.4,381.0,1884363
CSBBANK,2026-05-08,381.95,365.05,413.0,353.95,8878217
CSBBANK,2026-05-15,362.0,358.65,363.0,340.0,2876271
CSBBANK,2026-05-22,355.0,361.25,366.55,343.0,1959314
CSBBANK,2026-05-29,364.0,352.85,373.9,347.5,1568021
CSBBANK,2026-06-05,355.55,362.05,370.7,351.8,1322514
CSBBANK,2026-06-12,359.0,366.35,371.8,350.65,1760980
CSBBANK,2026-06-19,376.0,365.5,377.95,360.0,2124977
CSBBANK,2026-06-26,366.1,324.6,367.9,321.8,3258876
CSBBANK,2026-07-03,327.05,352.2,354.0,317.35,2819019
CSBBANK,2026-07-10,352.9,360.4,362.6,342.65,1539801
CSBBANK,2026-07-17,355.1,368.75,376.55,351.85,2030991
CUB,2026-01-23,202.24,206.59,214.5,198.79,11156788
CUB,2026-01-30,203.44,226.31,228.52,202.54,14196186
CUB,2026-02-06,213.07,219.34,243.07,205.46,16533393
CUB,2026-02-13,222.3,213.07,223.39,211.12,6939987
CUB,2026-02-20,211.88,211.27,217.84,201.15,11935985
CUB,2026-02-27,211.27,212.29,221.18,210.41,10704334
CUB,2026-03-06,203.25,194.81,210.56,193.54,11270471
CUB,2026-03-13,190.5,173.62,193.31,171.98,16258050
CUB,2026-03-20,172.5,181.01,189.15,169.84,25071763
CUB,2026-03-27,179.96,190.27,194.14,173.06,19852826
CUB,2026-04-03,186.04,180.37,188.77,172.47,10825306
CUB,2026-04-10,182.17,192.85,196.89,178.49,22838877
CUB,2026-04-17,191.25,193.37,195.07,185.26,14345776
CUB,2026-04-24,196.05,196.88,206.25,192.57,30841062
CUB,2026-05-01,198.0,202.57,220.13,197.87,32484942
CUB,2026-05-08,203.25,195.26,211.88,193.61,18824046
CUB,2026-05-15,194.14,187.99,194.14,181.76,16672958
CUB,2026-05-22,187.95,186.41,190.95,184.2,8600021
CUB,2026-05-29,188.85,191.59,193.76,186.9,6611050
CUB,2026-06-05,192.82,183.64,193.95,182.4,9759986
CUB,2026-06-12,182.25,201.7,208.5,179.25,24193903
CUB,2026-06-19,205.7,196.65,207.85,196.0,15811271
CUB,2026-06-26,196.65,198.85,206.9,194.55,10155375
CUB,2026-07-03,199.75,216.76,220.24,199.2,19888114
CUB,2026-07-10,212.0,229.33,231.82,212.0,15987508
CUB,2026-07-17,226.5,224.63,227.48,217.63,7747558
CUMMINSIND,2026-01-23,4061.9,3930.4,4108.0,3917.8,2064460
CUMMINSIND,2026-01-30,3933.2,4112.5,4125.0,3883.1,2368211
CUMMINSIND,2026-02-06,4020.0,4368.4,4418.0,3975.2,3870991
CUMMINSIND,2026-02-13,4371.8,4412.4,4491.9,4328.4,2356464
CUMMINSIND,2026-02-20,4412.4,4733.9,4786.4,4378.2,3211064
CUMMINSIND,2026-02-27,4797.9,4898.3,4987.0,4769.9,4242250
CUMMINSIND,2026-03-06,4753.0,4800.7,4924.4,4563.5,3249046
CUMMINSIND,2026-03-13,4740.0,4649.7,4909.5,4518.0,3662339
CUMMINSIND,2026-03-20,4631.0,4615.3,4764.0,4478.1,3868940
CUMMINSIND,2026-03-27,4581.0,4631.5,4775.0,4394.0,6588372
CUMMINSIND,2026-04-03,4551.0,4646.5,4670.2,4455.9,2524498
CUMMINSIND,2026-04-10,4680.2,5138.7,5154.9,4562.3,4614106
CUMMINSIND,2026-04-17,5030.0,5140.9,5179.9,4951.0,2872418
CUMMINSIND,2026-04-24,5174.0,5232.0,5272.7,5067.6,2834072
CUMMINSIND,2026-05-01,5264.5,5266.4,5324.8,5120.0,1720810
CUMMINSIND,2026-05-08,5300.0,5401.0,5470.5,5227.5,2060531
CUMMINSIND,2026-05-15,5350.0,5392.0,5430.0,5147.5,2232467
CUMMINSIND,2026-05-22,5360.0,5353.0,5454.0,5183.0,1611972
CUMMINSIND,2026-05-29,5419.0,5881.0,6100.0,5337.5,4332780
CUMMINSIND,2026-06-05,5979.5,5784.0,5979.5,5607.0,2568541
CUMMINSIND,2026-06-12,5650.0,5621.5,5740.5,5541.0,1744580
CUMMINSIND,2026-06-19,5700.0,5865.0,5908.0,5630.0,1640231
CUMMINSIND,2026-06-26,5795.5,5642.0,5838.0,5535.5,1936495
CUMMINSIND,2026-07-03,5699.0,5478.0,5740.0,5454.5,3808024
CUMMINSIND,2026-07-10,5479.0,5621.5,5714.0,5381.0,2173588
CUMMINSIND,2026-07-17,5600.0,5448.0,5674.5,5390.0,2555583
CUPID,2026-01-23,91.99,79.44,93.8,73.1,396769380
CUPID,2026-01-30,79.62,80.2,88.4,74.8,314841775
CUPID,2026-02-06,82.6,84.57,86.75,80.4,140914710
CUPID,2026-02-13,85.07,84.2,87.98,83.6,81247000
CUPID,2026-02-20,84.2,85.07,89.0,80.35,112493575
CUPID,2026-02-27,85.15,81.32,85.55,81.0,49080280
CUPID,2026-03-06,78.0,80.44,83.88,74.35,101738720
CUPID,2026-03-13,82.0,76.25,95.85,75.75,217822140
CUPID,2026-03-20,75.9,79.6,82.0,74.6,58512090
CUPID,2026-03-27,79.6,84.65,86.75,77.0,64259502
CUPID,2026-04-03,84.7,87.54,89.75,82.8,56398980
CUPID,2026-04-10,88.48,93.73,94.49,85.76,81809965
CUPID,2026-04-17,92.69,103.16,103.59,90.22,77974670
CUPID,2026-04-24,104.5,113.09,115.85,101.52,128086982
CUPID,2026-05-01,113.46,119.58,119.99,111.0,42335766
CUPID,2026-05-08,121.0,133.56,133.92,119.0,107403168
CUPID,2026-05-15,131.0,120.36,133.19,116.5,75225613
CUPID,2026-05-22,121.0,120.31,125.25,111.71,91747974
CUPID,2026-05-29,121.0,129.06,130.59,121.0,44649631
CUPID,2026-06-05,129.65,137.1,137.9,124.7,63880182
CUPID,2026-06-12,135.5,159.97,160.0,134.0,134864280
CUPID,2026-06-19,163.75,176.92,177.0,152.52,139526374
CUPID,2026-06-26,178.61,182.61,183.0,174.01,97493178
CUPID,2026-07-03,183.53,198.84,199.97,183.53,116550050
CUPID,2026-07-10,200.26,212.24,226.0,176.89,434532393
CUPID,2026-07-17,212.24,214.78,223.0,205.0,248587659
DATAPATTNS,2026-01-23,2527.0,2182.5,2568.0,2167.0,3129096
DATAPATTNS,2026-01-30,2199.8,2671.8,2765.0,2131.0,5921716
DATAPATTNS,2026-02-06,2495.0,2723.7,2758.9,2453.0,6363942
DATAPATTNS,2026-02-13,2738.0,2768.8,2927.1,2700.5,2556456
DATAPATTNS,2026-02-20,2755.0,2984.6,3190.0,2722.9,4837883
DATAPATTNS,2026-02-27,3014.5,3210.2,3309.9,2970.9,5137934
DATAPATTNS,2026-03-06,3120.0,3491.2,3609.5,3078.0,8251309
DATAPATTNS,2026-03-13,3491.2,3215.0,3600.0,3172.0,5342781
DATAPATTNS,2026-03-20,3215.3,3230.8,3376.4,3055.1,5394168
DATAPATTNS,2026-03-27,3206.3,3153.0,3342.0,3012.6,3081762
DATAPATTNS,2026-04-03,3113.0,3055.3,3225.0,2900.1,2687505
DATAPATTNS,2026-04-10,3068.0,3269.6,3473.9,2998.1,3943469
DATAPATTNS,2026-04-17,3224.0,3494.2,3589.0,3186.0,3352368
DATAPATTNS,2026-04-24,3530.0,4077.7,4189.9,3444.0,15672654
DATAPATTNS,2026-05-01,4100.0,4081.7,4295.0,3940.0,5745012
DATAPATTNS,2026-05-08,4130.0,4103.4,4303.0,3892.3,5153532
DATAPATTNS,2026-05-15,4090.0,3876.5,4250.0,3565.6,6668571
DATAPATTNS,2026-05-22,3869.7,3969.7,4084.5,3600.1,5258355
DATAPATTNS,2026-05-29,4020.0,4043.1,4249.0,3970.0,3269178
DATAPATTNS,2026-06-05,4063.3,4212.6,4320.0,3801.0,4544104
DATAPATTNS,2026-06-12,4140.6,4545.7,4722.0,4076.3,11697672
DATAPATTNS,2026-06-19,4591.1,4822.1,4955.9,4335.1,7837510
DATAPATTNS,2026-06-26,4841.7,4506.6,4937.3,4490.0,3420205
DATAPATTNS,2026-07-03,4506.6,4507.0,4712.4,4375.0,3631365
DATAPATTNS,2026-07-10,4520.0,4343.0,4658.0,4241.0,3414579
DATAPATTNS,2026-07-17,4321.1,4085.8,4345.0,4061.0,1961491
DCMSHRIRAM,2026-01-23,1167.5,1101.4,1167.5,1056.5,594054
DCMSHRIRAM,2026-01-30,1108.5,1177.8,1195.6,1065.5,183336
DCMSHRIRAM,2026-02-06,1140.0,1158.8,1217.9,1128.7,139970
DCMSHRIRAM,2026-02-13,1165.5,1114.4,1180.0,1106.0,159578
DCMSHRIRAM,2026-02-20,1108.0,1091.9,1129.4,1061.1,125947
DCMSHRIRAM,2026-02-27,1081.0,1037.2,1099.9,1033.0,137386
DCMSHRIRAM,2026-03-06,990.0,990.3,1034.6,980.1,307563
DCMSHRIRAM,2026-03-13,979.0,1018.2,1031.9,945.1,484911
DCMSHRIRAM,2026-03-20,1018.2,1041.0,1097.9,997.8,433555
DCMSHRIRAM,2026-03-27,1031.5,1112.3,1124.9,1000.0,265809
DCMSHRIRAM,2026-04-03,1108.5,1131.5,1168.9,1083.0,204663
DCMSHRIRAM,2026-04-10,1144.1,1116.2,1167.4,1097.0,234063
DCMSHRIRAM,2026-04-17,1101.0,1226.1,1262.7,1085.0,521607
DCMSHRIRAM,2026-04-24,1226.5,1187.1,1239.9,1182.5,300601
DCMSHRIRAM,2026-05-01,1186.1,1227.5,1260.0,1162.5,522520
DCMSHRIRAM,2026-05-08,1232.3,1231.8,1325.0,1203.7,554367
DCMSHRIRAM,2026-05-15,1229.7,1127.2,1277.7,1114.1,717833
DCMSHRIRAM,2026-05-22,1120.0,1111.9,1128.7,1081.9,156830
DCMSHRIRAM,2026-05-29,1121.9,1036.7,1121.9,1022.1,176298
DCMSHRIRAM,2026-06-05,1036.9,1027.9,1060.9,1011.2,254496
DCMSHRIRAM,2026-06-12,1027.9,1027.8,1053.6,985.2,241186
DCMSHRIRAM,2026-06-19,1050.1,1053.7,1085.6,1032.1,222151
DCMSHRIRAM,2026-06-26,1057.0,1045.6,1066.8,1027.9,131353
DCMSHRIRAM,2026-07-03,1051.4,1025.9,1065.0,1002.0,553363
DCMSHRIRAM,2026-07-10,1050.0,1054.9,1070.3,1015.0,454394
DCMSHRIRAM,2026-07-17,1038.0,1022.9,1054.5,1008.2,312432
DEEPAKFERT,2026-01-23,1193.7,1179.6,1205.8,1126.4,853471
DEEPAKFERT,2026-01-30,1180.9,1055.8,1185.1,1013.8,3119986
DEEPAKFERT,2026-02-06,990.0,996.9,1054.7,960.1,2216211
DEEPAKFERT,2026-02-13,997.4,1030.8,1093.8,990.7,1815402
DEEPAKFERT,2026-02-20,1028.9,1000.5,1058.0,992.1,728620
DEEPAKFERT,2026-02-27,1011.0,996.0,1016.5,973.0,719798
DEEPAKFERT,2026-03-06,936.0,962.8,1006.6,918.8,880556
DEEPAKFERT,2026-03-13,949.1,943.55,1026.0,901.2,2115512
DEEPAKFERT,2026-03-20,943.95,908.55,954.0,903.35,1653153
DEEPAKFERT,2026-03-27,903.0,950.55,1038.6,866.4,8438318
DEEPAKFERT,2026-04-03,917.5,992.75,1005.0,905.0,1921736
DEEPAKFERT,2026-04-10,992.75,1088.85,1091.8,959.6,2100587
DEEPAKFERT,2026-04-17,1049.9,1230.35,1254.0,1034.0,6748839
DEEPAKFERT,2026-04-24,1225.0,1221.9,1292.5,1199.0,2313991
DEEPAKFERT,2026-05-01,1232.9,1265.25,1284.85,1205.5,1425844
DEEPAKFERT,2026-05-08,1260.0,1342.0,1364.4,1259.0,1902599
DEEPAKFERT,2026-05-15,1325.0,1318.5,1334.0,1211.0,1959372
DEEPAKFERT,2026-05-22,1312.0,1473.9,1485.0,1252.8,4358601
DEEPAKFERT,2026-05-29,1487.9,1410.1,1503.4,1344.2,1848974
DEEPAKFERT,2026-06-05,1425.4,1425.8,1474.6,1376.3,1132895
DEEPAKFERT,2026-06-12,1402.0,1554.6,1584.0,1398.6,3027021
DEEPAKFERT,2026-06-19,1585.0,1563.3,1592.9,1503.0,1840060
DEEPAKFERT,2026-06-26,1570.0,1566.4,1625.0,1557.0,1060524
DEEPAKFERT,2026-07-03,1566.0,1649.3,1680.0,1537.1,1129311
DEEPAKFERT,2026-07-10,1650.0,1526.2,1655.0,1510.0,1071679
DEEPAKFERT,2026-07-17,1498.6,1594.0,1642.0,1475.7,2334974
DEEPAKNTR,2026-01-23,1541.0,1563.6,1627.0,1521.0,2089256
DEEPAKNTR,2026-01-30,1550.0,1642.5,1674.0,1526.6,496426
DEEPAKNTR,2026-02-06,1590.1,1617.3,1699.9,1564.2,463368
DEEPAKNTR,2026-02-13,1618.0,1641.8,1738.8,1580.0,764454
DEEPAKNTR,2026-02-20,1641.7,1604.0,1669.7,1595.0,346504
DEEPAKNTR,2026-02-27,1604.0,1580.7,1629.4,1566.0,355115
DEEPAKNTR,2026-03-06,1512.0,1523.7,1569.0,1461.1,611242
DEEPAKNTR,2026-03-13,1494.9,1448.4,1510.0,1442.0,506273
DEEPAKNTR,2026-03-20,1440.0,1390.3,1445.0,1380.0,669194
DEEPAKNTR,2026-03-27,1380.0,1345.8,1388.6,1301.0,1701089
DEEPAKNTR,2026-04-03,1330.0,1377.7,1382.8,1280.0,516936
DEEPAKNTR,2026-04-10,1390.0,1461.7,1503.5,1345.0,922914
DEEPAKNTR,2026-04-17,1425.6,1538.1,1566.6,1406.1,1088094
DEEPAKNTR,2026-04-24,1544.0,1690.3,1780.0,1510.2,2008883
DEEPAKNTR,2026-05-01,1690.3,1736.9,1758.0,1674.7,697646
DEEPAKNTR,2026-05-08,1749.9,1875.9,1888.0,1725.6,1283265
DEEPAKNTR,2026-05-15,1865.0,1826.4,1897.9,1783.5,1110389
DEEPAKNTR,2026-05-22,1810.0,1739.8,1860.0,1718.0,1364521
DEEPAKNTR,2026-05-29,1746.6,1682.0,1764.2,1656.3,540753
DEEPAKNTR,2026-06-05,1675.0,1680.1,1718.8,1637.3,358880
DEEPAKNTR,2026-06-12,1670.0,1669.9,1702.0,1608.0,400019
DEEPAKNTR,2026-06-19,1699.9,1644.4,1704.9,1610.0,736094
DEEPAKNTR,2026-06-26,1650.1,1622.4,1689.0,1616.0,678937
DEEPAKNTR,2026-07-03,1615.3,1558.1,1618.0,1534.0,969144
DEEPAKNTR,2026-07-10,1558.1,1644.0,1669.3,1550.0,963021
DEEPAKNTR,2026-07-17,1626.0,1708.0,1764.0,1613.3,1456966
DEEPINDS,2026-01-23,373.05,344.5,376.4,336.1,762957
DEEPINDS,2026-01-30,341.9,371.85,375.25,332.0,535778
DEEPINDS,2026-02-06,365.6,402.9,432.95,347.35,1459848
DEEPINDS,2026-02-13,406.0,382.6,421.0,376.6,1432606
DEEPINDS,2026-02-20,358.9,373.05,396.6,358.9,745166
DEEPINDS,2026-02-27,375.5,347.1,379.3,345.1,769519
DEEPINDS,2026-03-06,345.0,337.7,377.45,337.0,1790201
DEEPINDS,2026-03-13,340.0,331.55,365.0,330.0,1885351
DEEPINDS,2026-03-20,334.55,409.75,435.0,331.45,12169617
DEEPINDS,2026-03-27,397.15,432.95,444.0,376.1,3708108
DEEPINDS,2026-04-03,432.95,438.85,461.55,425.5,1441440
DEEPINDS,2026-04-10,444.95,457.1,487.8,424.0,4238578
DEEPINDS,2026-04-17,458.2,477.35,496.0,452.0,2042889
DEEPINDS,2026-04-24,481.75,495.6,511.5,465.7,1921746
DEEPINDS,2026-05-01,503.1,485.55,503.1,478.0,907108
DEEPINDS,2026-05-08,483.15,456.95,490.9,446.55,1118436
DEEPINDS,2026-05-15,456.0,445.6,485.0,441.15,2710114
DEEPINDS,2026-05-22,445.65,468.9,485.0,432.0,1753541
DEEPINDS,2026-05-29,469.1,476.8,495.2,452.05,1717860
DEEPINDS,2026-06-05,482.0,532.3,539.0,479.6,3546194
DEEPINDS,2026-06-12,532.3,495.4,543.4,486.4,1282057
DEEPINDS,2026-06-19,500.2,487.05,509.8,483.3,884197
DEEPINDS,2026-06-26,493.0,474.8,503.65,471.0,589234
DEEPINDS,2026-07-03,474.4,463.05,477.6,448.2,624584
DEEPINDS,2026-07-10,465.25,465.3,469.2,434.1,933535
DEEPINDS,2026-07-17,469.0,476.0,485.0,456.3,961165
DHANBANK,2026-01-23,25.68,24.05,26.69,24.0,5977420
DHANBANK,2026-01-30,24.36,24.14,24.36,23.57,2658524
DHANBANK,2026-02-06,24.07,24.06,24.56,23.41,2001607
DHANBANK,2026-02-13,24.11,23.89,24.43,23.56,1937270
DHANBANK,2026-02-20,23.89,23.86,24.35,23.6,1921135
DHANBANK,2026-02-27,23.88,23.86,24.19,23.5,2617529
DHANBANK,2026-03-06,23.68,23.36,23.74,23.04,2385754
DHANBANK,2026-03-13,23.12,23.14,23.99,21.6,2674136
DHANBANK,2026-03-20,22.97,22.33,23.43,22.0,2709898
DHANBANK,2026-03-27,22.33,20.99,22.33,20.73,4180361
DHANBANK,2026-04-03,20.9,22.72,23.49,19.45,4975287
DHANBANK,2026-04-10,22.51,26.36,26.7,22.16,6887264
DHANBANK,2026-04-17,26.1,26.9,27.68,25.04,3520229
DHANBANK,2026-04-24,26.91,26.56,27.9,26.18,4393855
DHANBANK,2026-05-01,26.58,30.41,33.49,26.58,38980342
DHANBANK,2026-05-08,30.4,32.16,33.99,30.0,16620293
DHANBANK,2026-05-15,32.1,31.2,33.07,30.55,9195278
DHANBANK,2026-05-22,30.7,33.71,34.99,29.61,20930223
DHANBANK,2026-05-29,33.76,32.88,34.99,31.61,8107661
DHANBANK,2026-06-05,33.0,32.88,35.17,32.55,8404287
DHANBANK,2026-06-12,32.75,32.41,33.75,31.02,5168802
DHANBANK,2026-06-19,32.75,34.31,34.8,31.75,9112064
DHANBANK,2026-06-26,34.5,32.0,35.06,31.75,6655514
DHANBANK,2026-07-03,31.75,34.09,34.94,31.3,11662330
DHANBANK,2026-07-10,34.09,34.75,36.85,33.12,22728700
DHANBANK,2026-07-17,34.49,33.86,35.35,33.27,5725928
DIACABS,2026-01-23,130.0,123.4,135.45,122.0,8660878
DIACABS,2026-01-30,123.5,122.54,127.68,117.94,2747937
DIACABS,2026-02-06,119.7,124.39,133.08,115.57,3951897
DIACABS,2026-02-13,126.0,131.92,136.8,124.27,7099393
DIACABS,2026-02-20,139.0,135.3,144.99,133.32,12603702
DIACABS,2026-02-27,135.05,136.95,146.0,127.93,12903619
DIACABS,2026-03-06,129.4,135.33,138.8,128.98,4960649
DIACABS,2026-03-13,130.0,128.96,142.88,128.1,6992231
DIACABS,2026-03-20,130.5,127.15,132.4,122.52,7187762
DIACABS,2026-03-27,123.84,122.95,129.59,117.1,7078753
DIACABS,2026-04-03,121.0,125.41,130.7,118.41,5260374
DIACABS,2026-04-10,124.0,137.09,139.68,122.21,6725017
DIACABS,2026-04-17,134.5,149.61,154.8,131.78,10561306
DIACABS,2026-04-24,150.2,161.72,168.54,147.5,17111448
DIACABS,2026-05-01,164.0,157.8,169.0,156.1,7235236
DIACABS,2026-05-08,158.05,172.85,184.75,158.05,44821602
DIACABS,2026-05-15,172.5,196.45,204.8,168.06,50834539
DIACABS,2026-05-22,196.45,193.5,202.4,187.1,20605104
DIACABS,2026-05-29,196.5,194.31,211.2,191.88,50178895
DIACABS,2026-06-05,195.0,203.6,208.0,180.76,28407508
DIACABS,2026-06-12,200.0,201.91,212.4,191.11,20766109
DIACABS,2026-06-19,205.51,209.24,219.0,200.1,39036043
DIACABS,2026-06-26,211.5,206.28,213.99,200.12,15659625
DIACABS,2026-07-03,207.49,198.89,215.4,197.5,18489579
DIACABS,2026-07-10,213.0,229.01,251.8,212.6,70191316
DIACABS,2026-07-17,228.99,222.38,230.95,216.8,17728332
DIVISLAB,2026-01-23,6236.0,6011.5,6257.5,5955.0,1713280
DIVISLAB,2026-01-30,6065.5,6051.0,6256.0,5974.5,1455838
DIVISLAB,2026-02-06,6056.0,6024.5,6304.5,5890.0,1986602
DIVISLAB,2026-02-13,6079.0,6168.5,6793.0,6041.0,3220631
DIVISLAB,2026-02-20,6105.5,6291.0,6350.0,6008.5,1289966
DIVISLAB,2026-02-27,6337.0,6408.5,6564.5,6226.5,1397108
DIVISLAB,2026-03-06,6271.5,6329.0,6428.0,6238.5,1230373
DIVISLAB,2026-03-13,6277.0,6071.0,6479.0,6055.0,1167959
DIVISLAB,2026-03-20,6010.0,6100.0,6183.0,5927.0,1052527
DIVISLAB,2026-03-27,6036.5,5997.5,6137.5,5935.0,1247040
DIVISLAB,2026-04-03,5960.0,5856.5,6123.0,5647.5,1552416
DIVISLAB,2026-04-10,5860.0,6116.5,6130.0,5708.0,1568039
DIVISLAB,2026-04-17,6009.0,6229.0,6325.0,5970.0,982466
DIVISLAB,2026-04-24,6269.5,6361.5,6469.5,6187.5,1399654
DIVISLAB,2026-05-01,6351.5,6502.5,6549.5,6346.5,1265938
DIVISLAB,2026-05-08,6508.0,6710.5,6780.0,6483.5,1366767
DIVISLAB,2026-05-15,6700.0,6760.5,6968.0,6636.0,1612355
DIVISLAB,2026-05-22,6750.5,6887.0,6960.5,6658.0,2125904
DIVISLAB,2026-05-29,6750.0,6667.0,6945.0,6590.0,1950577
DIVISLAB,2026-06-05,6690.0,6623.0,6702.5,6450.5,1600279
DIVISLAB,2026-06-12,6571.0,6638.0,6815.0,6506.0,2165710
DIVISLAB,2026-06-19,6651.0,6743.0,6795.0,6571.0,1566577
DIVISLAB,2026-06-26,6755.0,6713.5,6887.5,6689.0,1003130
DIVISLAB,2026-07-03,6700.0,6757.0,6804.5,6530.5,2103633
DIVISLAB,2026-07-10,6785.0,6836.0,6959.0,6693.0,1788045
DIVISLAB,2026-07-17,6830.0,7247.5,7390.0,6786.5,3217450
DIXON,2026-01-23,10732.0,10360.0,11144.0,10274.0,3005387
DIXON,2026-01-30,10400.0,10446.0,10843.0,9835.0,4033220
DIXON,2026-02-06,10250.0,11502.0,11713.0,10102.0,5441214
DIXON,2026-02-13,11655.0,11417.0,11847.0,11250.0,2215007
DIXON,2026-02-20,11540.0,11072.0,11839.0,11007.0,2605499
DIXON,2026-02-27,11100.0,10528.0,11130.0,10081.0,3464909
DIXON,2026-03-06,10110.0,10029.0,10478.0,9770.0,2507713
DIXON,2026-03-13,9945.0,10338.0,11078.0,9630.0,5626136
DIXON,2026-03-20,10202.0,10342.0,10762.0,10059.0,2979488
DIXON,2026-03-27,10200.0,10019.0,10570.0,9800.0,2467049
DIXON,2026-04-03,9900.0,9920.5,10390.0,9600.0,2575483
DIXON,2026-04-10,9970.0,10676.0,10890.0,9734.0,3808345
DIXON,2026-04-17,10400.0,11371.5,11410.0,10288.0,3227734
DIXON,2026-04-24,11400.0,10815.5,11440.0,10765.5,2951241
DIXON,2026-05-01,10920.0,11166.5,11595.0,10855.0,2842449
DIXON,2026-05-08,11299.0,10803.0,11674.0,10580.0,2737257
DIXON,2026-05-15,10773.0,10979.0,11360.0,10100.0,5631202
DIXON,2026-05-22,10871.0,11722.0,11860.0,10570.0,3605745
DIXON,2026-05-29,11850.0,11524.0,11925.0,11480.0,1760399
DIXON,2026-06-05,11600.0,11432.0,11683.0,11153.0,2042319
DIXON,2026-06-12,11319.0,11546.0,11944.0,11235.0,1942248
DIXON,2026-06-19,11702.0,12517.0,12930.0,11656.0,4470388
DIXON,2026-06-26,12599.0,12013.0,12650.0,11716.0,2089533
DIXON,2026-07-03,12017.0,12456.0,12575.0,11785.0,2103788
DIXON,2026-07-10,12480.0,13421.0,14030.0,12355.0,5139728
DIXON,2026-07-17,13355.0,14329.0,14685.0,13180.0,4395463
DMART,2026-01-23,3775.7,3665.6,3846.0,3617.6,1994781
DMART,2026-01-30,3651.0,3689.5,3744.3,3633.8,1685239
DMART,2026-02-06,3639.0,3889.9,3949.5,3600.0,2038068
DMART,2026-02-13,3893.1,3909.2,4032.2,3887.0,1354937
DMART,2026-02-20,3850.0,3866.4,3944.0,3821.2,1068293
DMART,2026-02-27,3889.0,3847.6,3945.8,3798.6,2053286
DMART,2026-03-06,3700.0,3875.8,3903.9,3700.0,1723415
DMART,2026-03-13,3866.9,3834.3,4056.0,3814.5,2901339
DMART,2026-03-20,3824.3,3770.8,3905.3,3736.1,1784056
DMART,2026-03-27,3750.0,3903.2,3940.0,3630.0,3597696
DMART,2026-04-03,3897.6,4362.4,4393.7,3877.0,6028141
DMART,2026-04-10,4450.0,4400.6,4562.6,4322.3,4602026
DMART,2026-04-17,4300.0,4628.5,4644.0,4284.2,3430070
DMART,2026-04-24,4629.9,4443.5,4634.3,4416.0,1729858
DMART,2026-05-01,4489.8,4585.9,4639.9,4460.3,1753575
DMART,2026-05-08,4585.0,4402.1,4585.0,4303.0,2660841
DMART,2026-05-15,4401.4,4358.7,4431.8,4281.2,1090856
DMART,2026-05-22,4335.3,4117.0,4345.6,4103.6,1587541
DMART,2026-05-29,4150.0,4054.5,4154.9,4000.1,3171266
DMART,2026-06-05,4074.9,4144.2,4235.2,3988.8,2487189
DMART,2026-06-12,4100.0,3993.6,4208.8,3955.0,1849742
DMART,2026-06-19,4040.0,4286.9,4349.6,4013.5,3963771
DMART,2026-06-26,4305.7,4294.6,4429.4,4285.0,1535977
DMART,2026-07-03,4290.1,3994.4,4402.0,3982.7,5187950
DMART,2026-07-10,4024.2,4081.1,4108.0,3980.0,2683052
DMART,2026-07-17,3950.0,3951.9,4012.8,3886.7,4024788
E2E,2026-01-23,231.49,203.05,235.56,202.0,6901010
E2E,2026-01-30,207.98,212.24,213.7,200.04,2279360
E2E,2026-02-06,233.9,249.81,263.28,230.54,11333600
E2E,2026-02-13,256.0,248.51,268.2,248.0,5565590
E2E,2026-02-20,246.4,287.86,323.76,243.44,50111820
E2E,2026-02-27,291.4,257.18,291.4,240.2,9919300
E2E,2026-03-06,244.33,231.03,252.0,223.1,2493730
E2E,2026-03-13,220.02,230.31,248.4,219.48,2136130
E2E,2026-03-20,230.1,226.22,234.8,215.15,1929680
E2E,2026-03-27,221.2,213.55,226.8,213.55,2103070
E2E,2026-04-03,205.22,224.84,226.2,202.89,1758720
E2E,2026-04-10,225.5,245.01,250.0,225.19,1782700
E2E,2026-04-17,239.8,280.59,283.5,236.0,2380850
E2E,2026-04-24,280.59,290.29,299.6,268.0,4399150
E2E,2026-05-01,290.29,288.39,309.9,282.5,3083270
E2E,2026-05-08,291.0,343.45,344.12,280.5,5144990
E2E,2026-05-15,344.0,311.67,360.62,309.13,5304470
E2E,2026-05-22,296.11,357.84,357.97,295.0,7799470
E2E,2026-05-29,369.9,392.24,407.0,355.11,10225800
E2E,2026-06-05,410.0,452.9,453.8,393.0,11275616
E2E,2026-06-12,441.0,386.4,444.8,361.2,14158362
E2E,2026-06-19,395.0,425.9,425.9,371.0,9876695
E2E,2026-06-26,437.0,412.3,469.4,410.3,10260980
E2E,2026-07-03,414.0,382.0,415.0,377.0,6569682
E2E,2026-07-10,383.6,397.9,414.0,366.0,5946820
E2E,2026-07-17,392.35,404.95,442.0,380.0,8324569
EICHERMOT,2026-01-23,7300.0,6973.0,7375.0,6950.0,1727128
EICHERMOT,2026-01-30,7020.0,7122.5,7175.0,6851.0,2442190
EICHERMOT,2026-02-06,6805.0,7177.5,7328.0,6738.0,1947117
EICHERMOT,2026-02-13,7116.0,8065.0,8119.0,7063.5,5144027
EICHERMOT,2026-02-20,8078.5,7936.5,8140.0,7884.0,1768718
EICHERMOT,2026-02-27,7990.0,8010.5,8230.0,7772.0,2498535
EICHERMOT,2026-03-06,7800.0,7620.5,7996.5,7571.5,2022262
EICHERMOT,2026-03-13,7517.0,6741.0,7574.0,6670.0,3750477
EICHERMOT,2026-03-20,6701.0,6909.0,7068.0,6643.5,3183729
EICHERMOT,2026-03-27,6790.0,6811.5,7073.0,6661.0,2127503
EICHERMOT,2026-04-03,6730.5,6649.5,6891.5,6571.5,2412746
EICHERMOT,2026-04-10,6699.0,7424.0,7435.5,6442.0,4392701
EICHERMOT,2026-04-17,7150.0,7189.5,7270.5,7037.0,3315995
EICHERMOT,2026-04-24,7160.5,7111.5,7296.0,7049.0,2441807
EICHERMOT,2026-05-01,7150.0,7109.0,7294.0,6978.0,1956953
EICHERMOT,2026-05-08,7109.0,7302.5,7471.5,7070.0,2436337
EICHERMOT,2026-05-15,7269.0,7014.5,7275.5,6842.5,2114945
EICHERMOT,2026-05-22,6970.0,6981.5,7041.0,6752.5,2181794
EICHERMOT,2026-05-29,7237.0,7177.0,7441.0,7131.5,3490956
EICHERMOT,2026-06-05,7177.0,7070.0,7240.5,6950.0,2318931
EICHERMOT,2026-06-12,6985.0,7312.0,7354.5,6956.0,2156004
EICHERMOT,2026-06-19,7363.0,7611.0,7668.0,7280.0,2811139
EICHERMOT,2026-06-26,7650.0,7598.0,7754.0,7488.0,1739486
EICHERMOT,2026-07-03,7551.0,7339.5,7606.5,6942.5,6538265
EICHERMOT,2026-07-10,7340.0,7365.5,7603.0,7284.5,2920360
EICHERMOT,2026-07-17,7325.0,7563.5,7575.0,7140.0,3113331
ELGIEQUIP,2026-01-23,428.15,425.0,444.15,408.25,2712447
ELGIEQUIP,2026-01-30,425.95,431.2,437.5,416.25,1550994
ELGIEQUIP,2026-02-06,435.1,485.4,496.7,424.4,4585086
ELGIEQUIP,2026-02-13,496.5,509.55,523.65,490.0,7729804
ELGIEQUIP,2026-02-20,507.15,532.25,545.0,461.9,4382077
ELGIEQUIP,2026-02-27,535.0,534.75,552.5,532.05,2283596
ELGIEQUIP,2026-03-06,517.1,519.0,527.0,494.95,1668406
ELGIEQUIP,2026-03-13,507.0,469.5,527.0,467.05,2784587
ELGIEQUIP,2026-03-20,469.95,480.05,489.45,460.0,1653217
ELGIEQUIP,2026-03-27,478.15,473.4,493.9,455.0,2170029
ELGIEQUIP,2026-04-03,473.4,479.7,485.0,460.1,1556007
ELGIEQUIP,2026-04-10,479.7,512.8,517.55,472.0,3333989
ELGIEQUIP,2026-04-17,504.0,549.15,551.7,499.4,2306405
ELGIEQUIP,2026-04-24,551.0,547.3,567.9,539.95,2517885
ELGIEQUIP,2026-05-01,549.05,553.5,574.7,547.0,1499633
ELGIEQUIP,2026-05-08,550.0,559.1,571.8,540.0,1240512
ELGIEQUIP,2026-05-15,556.0,523.25,556.0,508.75,1124227
ELGIEQUIP,2026-05-22,520.6,560.15,574.95,508.0,2609324
ELGIEQUIP,2026-05-29,562.35,573.45,633.85,559.8,8320538
ELGIEQUIP,2026-06-05,580.0,610.3,631.7,568.5,4856057
ELGIEQUIP,2026-06-12,604.0,603.85,612.45,590.9,1492892
ELGIEQUIP,2026-06-19,610.5,612.75,618.7,594.8,1864929
ELGIEQUIP,2026-06-26,615.95,604.05,628.45,600.0,1728423
ELGIEQUIP,2026-07-03,605.85,578.55,620.0,576.65,2558809
ELGIEQUIP,2026-07-10,571.5,576.35,599.0,569.4,1412984
ELGIEQUIP,2026-07-17,570.4,581.7,585.0,565.4,1307758
EQUITASBNK,2026-01-23,68.96,71.05,73.4,66.0,31885728
EQUITASBNK,2026-01-30,72.23,70.11,72.23,67.71,18129015
EQUITASBNK,2026-02-06,69.56,65.0,71.18,64.29,15740137
EQUITASBNK,2026-02-13,64.31,68.54,69.25,64.3,15020756
EQUITASBNK,2026-02-20,68.19,67.44,69.73,66.45,10529316
EQUITASBNK,2026-02-27,67.67,64.37,67.67,63.42,12959999
EQUITASBNK,2026-03-06,58.0,59.69,64.0,56.76,16507474
EQUITASBNK,2026-03-13,57.95,56.4,59.45,55.0,15529097
EQUITASBNK,2026-03-20,56.35,57.01,58.48,54.65,15138737
EQUITASBNK,2026-03-27,56.0,54.84,57.85,53.26,14545393
EQUITASBNK,2026-04-03,54.0,54.25,55.0,51.25,18715769
EQUITASBNK,2026-04-10,54.0,61.79,62.35,53.25,15446490
EQUITASBNK,2026-04-17,60.0,65.6,66.19,59.2,7504512
EQUITASBNK,2026-04-24,65.4,65.22,68.0,63.55,9403385
EQUITASBNK,2026-05-01,65.32,66.85,69.14,65.01,7288976
EQUITASBNK,2026-05-08,71.0,72.45,74.6,69.33,73136134
EQUITASBNK,2026-05-15,72.7,67.96,72.7,67.05,13312823
EQUITASBNK,2026-05-22,67.0,66.48,69.39,65.75,13179660
EQUITASBNK,2026-05-29,67.61,70.21,72.6,66.86,10633717
EQUITASBNK,2026-06-05,70.03,73.95,74.25,68.23,29829940
EQUITASBNK,2026-06-12,73.2,75.54,76.93,71.0,38709067
EQUITASBNK,2026-06-19,77.0,77.25,80.14,76.1,21977105
EQUITASBNK,2026-06-26,77.3,75.14,79.43,73.82,12271886
EQUITASBNK,2026-07-03,75.13,76.3,78.62,73.85,10263571
EQUITASBNK,2026-07-10,76.4,82.24,83.0,75.4,28035679
EQUITASBNK,2026-07-17,82.0,77.72,83.9,76.6,19342479
ESABINDIA,2026-01-23,5770.5,5442.0,5827.5,5405.5,11235
ESABINDIA,2026-01-30,5382.0,5572.5,5695.0,5326.5,11214
ESABINDIA,2026-02-06,5410.0,5693.0,5879.5,5410.0,20047
ESABINDIA,2026-02-13,5734.0,5531.0,5900.0,5472.0,24505
ESABINDIA,2026-02-20,5505.0,5486.0,5571.5,5410.0,11460
ESABINDIA,2026-02-27,5486.0,5505.5,5654.5,5446.0,8923
ESABINDIA,2026-03-06,5333.0,5383.5,5522.5,5245.5,10293
ESABINDIA,2026-03-13,5312.0,5384.0,5498.0,5185.0,13094
ESABINDIA,2026-03-20,5303.0,5406.0,5550.0,5244.5,11683
ESABINDIA,2026-03-27,5325.0,5118.0,5379.0,5085.0,9681
ESABINDIA,2026-04-03,5118.0,5229.2,5250.0,4901.5,11262
ESABINDIA,2026-04-10,5229.2,5515.4,5585.8,5122.3,12924
ESABINDIA,2026-04-17,5333.3,5717.8,5746.0,5333.3,37093
ESABINDIA,2026-04-24,5717.8,5909.1,6050.0,5628.0,24697
ESABINDIA,2026-05-01,5909.1,6266.9,6344.4,5909.1,19212
ESABINDIA,2026-05-08,6370.0,6936.0,7319.5,6344.5,180662
ESABINDIA,2026-05-15,6935.5,6587.5,7010.0,6565.5,19032
ESABINDIA,2026-05-22,6637.0,7053.0,7169.5,6410.5,27457
ESABINDIA,2026-05-29,7115.0,6511.0,7168.5,6430.5,39589
ESABINDIA,2026-06-05,6549.5,5924.5,6637.5,5851.5,27846
ESABINDIA,2026-06-12,5910.0,5728.0,5920.5,5550.5,15426
ESABINDIA,2026-06-19,5800.0,5829.0,5940.0,5651.0,17464
ESABINDIA,2026-06-26,5830.5,5760.0,5875.0,5715.0,12863
ESABINDIA,2026-07-03,5790.0,5834.5,5868.0,5658.0,15411
ESABINDIA,2026-07-10,5834.5,5744.0,5839.5,5610.5,11194
ESABINDIA,2026-07-17,5744.0,5653.0,5757.0,5604.0,8493
EXICOM,2026-01-23,109.2,100.12,111.75,99.59,1283112
EXICOM,2026-01-30,100.12,99.46,106.9,96.56,1446058
EXICOM,2026-02-06,96.98,98.11,101.85,93.2,1492086
EXICOM,2026-02-13,99.9,96.53,105.95,95.0,1495058
EXICOM,2026-02-20,96.6,95.66,102.8,93.5,1583019
EXICOM,2026-02-27,97.0,92.89,99.0,92.57,943014
EXICOM,2026-03-06,89.0,88.35,93.21,87.73,1274548
EXICOM,2026-03-13,87.5,85.68,89.3,83.1,1559232
EXICOM,2026-03-20,85.0,88.46,95.48,83.24,3595153
EXICOM,2026-03-27,87.5,83.22,93.25,81.25,3801793
EXICOM,2026-04-03,82.0,84.91,85.69,75.6,2367439
EXICOM,2026-04-10,84.92,104.06,105.6,83.8,4600968
EXICOM,2026-04-17,100.0,111.36,119.85,98.29,6190953
EXICOM,2026-04-24,111.35,117.05,125.95,109.41,7003740
EXICOM,2026-05-01,117.62,115.4,121.5,111.0,1617067
EXICOM,2026-05-08,115.3,119.35,125.4,112.15,3109627
EXICOM,2026-05-15,122.0,113.78,127.8,107.98,2916926
EXICOM,2026-05-22,113.05,157.84,163.2,109.11,48460638
EXICOM,2026-05-29,157.84,159.4,173.0,142.89,31423007
EXICOM,2026-06-05,161.04,133.85,169.98,131.98,24885178
EXICOM,2026-06-12,131.7,141.77,154.32,129.06,109435519
EXICOM,2026-06-19,143.7,172.53,177.0,143.7,90421347
EXICOM,2026-06-26,173.99,158.07,182.9,157.05,17073289
EXICOM,2026-07-03,160.0,178.01,179.9,152.2,20680730
EXICOM,2026-07-10,179.74,170.04,182.5,154.99,12107034
EXICOM,2026-07-17,169.0,161.51,175.7,158.36,7570607
EXIDEIND,2026-01-23,343.0,325.2,344.65,322.4,7156281
EXIDEIND,2026-01-30,325.65,321.6,326.8,312.9,10872590
EXIDEIND,2026-02-06,318.0,332.65,345.9,308.45,15960934
EXIDEIND,2026-02-13,334.5,336.8,344.0,332.15,7002783
EXIDEIND,2026-02-20,336.0,336.45,343.85,331.35,6139585
EXIDEIND,2026-02-27,336.45,334.3,343.0,332.85,6043592
EXIDEIND,2026-03-06,315.35,315.95,329.9,311.15,5042689
EXIDEIND,2026-03-13,309.5,296.6,320.65,295.5,7565454
EXIDEIND,2026-03-20,296.6,302.65,310.3,290.95,8051045
EXIDEIND,2026-03-27,298.2,300.85,312.6,290.0,7014549
EXIDEIND,2026-04-03,296.85,299.25,302.35,287.0,5531390
EXIDEIND,2026-04-10,299.5,324.5,326.45,292.5,13133900
EXIDEIND,2026-04-17,319.0,330.0,335.8,312.85,8486463
EXIDEIND,2026-04-24,330.3,342.8,360.45,325.05,27546287
EXIDEIND,2026-05-01,345.0,360.55,370.3,344.8,13293808
EXIDEIND,2026-05-08,365.0,362.25,379.9,340.25,39657384
EXIDEIND,2026-05-15,360.0,349.05,360.1,344.6,9557157
EXIDEIND,2026-05-22,345.7,339.75,347.9,333.5,8519339
EXIDEIND,2026-05-29,342.2,386.5,397.55,340.7,38235979
EXIDEIND,2026-06-05,390.45,399.55,409.8,384.55,22680850
EXIDEIND,2026-06-12,392.25,391.95,394.0,380.35,6628754
EXIDEIND,2026-06-19,395.5,380.75,399.45,379.3,8601637
EXIDEIND,2026-06-26,382.05,389.8,410.5,377.7,17595590
EXIDEIND,2026-07-03,389.95,416.6,422.7,383.45,32013101
EXIDEIND,2026-07-10,416.3,424.4,431.0,403.85,22233706
EXIDEIND,2026-07-17,421.95,435.2,436.55,416.0,20780051
FAIRCHEMOR,2026-01-23,713.8,653.35,714.4,615.0,106945
FAIRCHEMOR,2026-01-30,648.0,649.55,660.9,615.3,23206
FAIRCHEMOR,2026-02-06,619.95,616.85,675.1,603.0,42354
FAIRCHEMOR,2026-02-13,615.0,639.25,674.9,612.3,68785
FAIRCHEMOR,2026-02-20,634.0,592.25,660.0,590.45,55934
FAIRCHEMOR,2026-02-27,588.0,593.85,602.35,570.65,33964
FAIRCHEMOR,2026-03-06,581.0,565.3,623.0,550.5,48695
FAIRCHEMOR,2026-03-13,560.0,529.75,580.95,527.95,52780
FAIRCHEMOR,2026-03-20,530.0,493.3,539.0,488.1,102047
FAIRCHEMOR,2026-03-27,488.0,457.3,501.0,456.05,94819
FAIRCHEMOR,2026-04-03,456.55,495.2,519.0,428.05,94251
FAIRCHEMOR,2026-04-10,494.95,516.9,532.2,480.8,60237
FAIRCHEMOR,2026-04-17,504.0,566.2,578.0,501.3,29885
FAIRCHEMOR,2026-04-24,568.0,555.35,575.95,551.1,18894
FAIRCHEMOR,2026-05-01,561.55,570.8,577.2,557.2,22500
FAIRCHEMOR,2026-05-08,570.8,619.4,664.0,570.8,211252
FAIRCHEMOR,2026-05-15,619.4,618.05,624.0,588.0,79660
FAIRCHEMOR,2026-05-22,623.2,613.9,634.65,592.7,66469
FAIRCHEMOR,2026-05-29,618.0,616.15,638.7,600.4,89608
FAIRCHEMOR,2026-06-05,625.0,605.45,625.0,589.1,33033
FAIRCHEMOR,2026-06-12,600.0,592.2,607.85,563.35,37291
FAIRCHEMOR,2026-06-19,593.05,608.9,615.0,586.55,23174
FAIRCHEMOR,2026-06-26,615.4,634.4,670.0,605.45,246802
FAIRCHEMOR,2026-07-03,633.0,728.75,769.0,629.1,587654
FAIRCHEMOR,2026-07-10,731.0,700.5,735.0,677.55,33341
FAIRCHEMOR,2026-07-17,708.9,704.2,725.0,667.7,37945
FCL,2026-01-23,22.96,21.72,23.02,21.32,8290003
FCL,2026-01-30,21.4,22.32,22.69,20.95,6449903
FCL,2026-02-06,22.27,22.8,24.55,21.31,9656077
FCL,2026-02-13,23.63,24.05,24.7,23.0,10175592
FCL,2026-02-20,24.59,24.91,25.92,23.55,15901120
FCL,2026-02-27,25.05,23.61,25.23,23.45,7851214
FCL,2026-03-06,22.55,21.91,23.2,21.81,7462713
FCL,2026-03-13,21.8,22.0,23.37,20.95,7625315
FCL,2026-03-20,21.67,21.77,22.46,21.22,6736199
FCL,2026-03-27,21.44,20.17,21.9,20.11,11519624
FCL,2026-04-03,20.1,21.19,21.3,19.1,7454187
FCL,2026-04-10,21.58,23.39,23.94,21.13,12076248
FCL,2026-04-17,23.1,23.21,24.3,22.35,19608790
FCL,2026-04-24,23.21,22.91,24.0,22.62,18726228
FCL,2026-05-01,22.99,22.98,23.5,22.6,17848433
FCL,2026-05-08,23.1,28.15,28.87,22.65,70141898
FCL,2026-05-15,28.0,25.44,29.49,25.24,35057782
FCL,2026-05-22,26.99,33.24,35.8,26.5,500121422
FCL,2026-05-29,33.7,39.99,41.25,33.61,282551845
FCL,2026-06-05,40.35,40.73,44.44,39.65,132265962
FCL,2026-06-12,40.0,39.17,42.48,36.66,92210419
FCL,2026-06-19,40.25,43.52,45.7,40.06,80811790
FCL,2026-06-26,43.94,40.9,47.18,40.6,63372932
FCL,2026-07-03,40.9,39.12,41.57,37.07,49872369
FCL,2026-07-10,39.25,36.99,39.25,36.06,34461284
FCL,2026-07-17,36.5,38.75,39.53,35.13,60832043
FEDERALBNK,2026-01-23,271.45,278.55,287.2,268.95,86650043
FEDERALBNK,2026-01-30,279.0,287.75,289.6,279.0,42241460
FEDERALBNK,2026-02-06,284.8,286.8,298.25,276.0,27639177
FEDERALBNK,2026-02-13,288.7,288.3,293.5,279.65,40517880
FEDERALBNK,2026-02-20,287.15,292.6,293.2,282.6,25594972
FEDERALBNK,2026-02-27,293.9,299.85,302.0,288.0,40946636
FEDERALBNK,2026-03-06,290.0,286.5,299.35,283.15,24879171
FEDERALBNK,2026-03-13,280.0,263.05,281.15,262.15,48081968
FEDERALBNK,2026-03-20,262.0,267.1,274.3,255.8,56821232
FEDERALBNK,2026-03-27,263.0,269.3,273.9,253.3,46939398
FEDERALBNK,2026-04-03,268.0,265.55,270.1,256.5,24812651
FEDERALBNK,2026-04-10,265.4,291.7,292.75,261.7,38037402
FEDERALBNK,2026-04-17,284.7,293.75,294.9,281.6,35100679
FEDERALBNK,2026-04-24,293.5,293.0,299.05,291.25,36384413
FEDERALBNK,2026-05-01,294.7,286.95,301.7,280.0,45673167
FEDERALBNK,2026-05-08,290.0,297.25,298.45,286.6,33581809
FEDERALBNK,2026-05-15,295.0,281.3,297.4,277.1,49353584
FEDERALBNK,2026-05-22,280.75,287.2,292.5,277.55,34448697
FEDERALBNK,2026-05-29,289.0,288.95,293.9,283.6,263576493
FEDERALBNK,2026-06-05,290.0,304.15,305.4,284.85,49819385
FEDERALBNK,2026-06-12,302.5,315.7,318.35,301.3,50185455
FEDERALBNK,2026-06-19,320.7,323.95,324.9,312.75,37991075
FEDERALBNK,2026-06-26,323.95,324.05,327.0,318.2,26504853
FEDERALBNK,2026-07-03,323.0,327.4,334.3,322.15,50006913
FEDERALBNK,2026-07-10,327.8,329.85,333.45,323.0,21326271
FEDERALBNK,2026-07-17,328.5,349.0,351.0,323.4,65075119
FEDFINA,2026-01-23,159.55,145.25,159.77,143.25,10213782
FEDFINA,2026-01-30,146.95,152.52,159.96,141.35,4741170
FEDFINA,2026-02-06,140.0,143.94,147.59,132.01,5945228
FEDFINA,2026-02-13,143.01,141.75,150.85,141.2,3141268
FEDFINA,2026-02-20,141.0,134.04,141.89,132.96,3779896
FEDFINA,2026-02-27,134.08,130.87,139.17,127.61,4900885
FEDFINA,2026-03-06,128.7,126.68,131.03,124.55,2671887
FEDFINA,2026-03-13,124.4,126.47,132.51,119.07,4547298
FEDFINA,2026-03-20,126.47,134.18,138.82,123.86,4238065
FEDFINA,2026-03-27,133.51,130.29,134.0,122.25,4193738
FEDFINA,2026-04-03,127.54,136.26,137.3,123.36,2443059
FEDFINA,2026-04-10,137.99,143.11,144.7,133.65,2626071
FEDFINA,2026-04-17,140.0,146.79,150.63,137.41,3489918
FEDFINA,2026-04-24,148.26,149.32,153.9,146.14,4117446
FEDFINA,2026-05-01,150.0,146.23,161.09,143.22,9389554
FEDFINA,2026-05-08,146.35,147.38,154.0,143.5,5558336
FEDFINA,2026-05-15,146.49,151.58,159.15,145.71,9251096
FEDFINA,2026-05-22,149.4,155.01,156.54,145.7,3317981
FEDFINA,2026-05-29,155.01,161.69,166.44,153.0,6447224
FEDFINA,2026-06-05,163.78,160.58,165.25,153.1,3616536
FEDFINA,2026-06-12,157.7,152.79,161.69,145.56,3904870
FEDFINA,2026-06-19,156.8,154.57,164.97,153.41,6134212
FEDFINA,2026-06-26,154.54,148.37,157.43,146.01,15205732
FEDFINA,2026-07-03,147.5,152.97,154.99,144.33,5004411
FEDFINA,2026-07-10,153.38,159.34,160.0,147.2,7877470
FEDFINA,2026-07-17,158.51,158.6,174.4,154.0,28884255
FIEMIND,2026-01-23,2180.0,2145.6,2260.0,2087.9,342956
FIEMIND,2026-01-30,2124.0,2170.3,2182.7,2039.0,261710
FIEMIND,2026-02-06,2130.0,2296.7,2349.8,2090.8,325365
FIEMIND,2026-02-13,2324.0,2298.8,2555.3,2290.7,767244
FIEMIND,2026-02-20,2291.1,2282.6,2344.4,2206.0,276276
FIEMIND,2026-02-27,2337.0,2176.5,2390.0,2146.0,322955
FIEMIND,2026-03-06,2080.0,2094.7,2204.8,2076.0,221461
FIEMIND,2026-03-13,2080.0,2047.8,2168.4,1947.3,426514
FIEMIND,2026-03-20,1997.0,2026.8,2087.0,1945.5,343469
FIEMIND,2026-03-27,2001.0,1966.1,2105.0,1933.8,221865
FIEMIND,2026-04-03,1967.9,1985.3,2015.7,1870.1,171076
FIEMIND,2026-04-10,1994.1,2216.6,2219.8,1960.9,262676
FIEMIND,2026-04-17,2166.8,2259.1,2268.4,2144.4,215064
FIEMIND,2026-04-24,2269.0,2175.0,2305.0,2140.0,179797
FIEMIND,2026-05-01,2183.9,2182.7,2245.8,2134.0,95143
FIEMIND,2026-05-08,2183.9,2267.0,2325.0,2183.9,406927
FIEMIND,2026-05-15,2235.0,2168.2,2289.8,2151.7,256649
FIEMIND,2026-05-22,2168.2,2222.4,2254.7,2080.0,215493
FIEMIND,2026-05-29,2249.7,2243.0,2325.0,2221.1,181177
FIEMIND,2026-06-05,2269.9,2311.2,2379.0,2207.0,477821
FIEMIND,2026-06-12,2271.0,2308.7,2320.0,2209.6,235873
FIEMIND,2026-06-19,2355.0,2286.7,2415.0,2265.0,286595
FIEMIND,2026-06-26,2300.0,2229.1,2322.8,2211.6,160057
FIEMIND,2026-07-03,2215.0,2261.7,2294.6,2215.0,131251
FIEMIND,2026-07-10,2245.3,2249.9,2259.4,2150.0,150317
FIEMIND,2026-07-17,2235.0,2272.2,2374.0,2205.1,237012
FILATEX,2026-01-23,44.99,42.74,45.09,41.75,3251816
FILATEX,2026-01-30,42.99,45.96,46.6,41.06,2727996
FILATEX,2026-02-06,47.54,48.15,50.89,44.33,4169932
FILATEX,2026-02-13,50.0,47.96,52.78,47.2,7153157
FILATEX,2026-02-20,47.96,46.55,48.18,45.78,2731483
FILATEX,2026-02-27,46.29,43.37,47.19,42.56,3596578
FILATEX,2026-03-06,42.37,40.65,42.84,40.52,2134821
FILATEX,2026-03-13,39.6,40.53,44.15,38.19,5086181
FILATEX,2026-03-20,40.0,40.68,41.53,38.75,3548332
FILATEX,2026-03-27,40.0,38.39,41.08,37.44,3168770
FILATEX,2026-04-03,38.0,40.59,42.03,36.26,3254940
FILATEX,2026-04-10,40.55,44.97,45.29,39.7,3492847
FILATEX,2026-04-17,43.21,44.96,46.3,42.8,2389945
FILATEX,2026-04-24,45.0,41.41,45.2,40.86,1976558
FILATEX,2026-05-01,42.26,45.72,46.9,41.71,5710226
FILATEX,2026-05-08,45.0,44.59,46.79,43.21,3453778
FILATEX,2026-05-15,44.15,42.38,44.8,41.22,2748436
FILATEX,2026-05-22,42.1,42.03,43.1,40.31,1905063
FILATEX,2026-05-29,42.81,45.74,49.2,42.26,9545919
FILATEX,2026-06-05,46.9,51.85,52.69,44.61,10892551
FILATEX,2026-06-12,50.26,51.92,54.37,48.78,10801829
FILATEX,2026-06-19,52.95,54.86,55.5,51.8,6971651
FILATEX,2026-06-26,55.69,52.72,55.8,52.51,3408626
FILATEX,2026-07-03,52.78,55.95,56.25,51.4,6642912
FILATEX,2026-07-10,56.0,62.25,63.1,54.67,26443519
FILATEX,2026-07-17,62.0,71.57,75.8,60.51,80383876
FINCABLES,2026-01-23,781.9,721.75,782.45,704.8,775014
FINCABLES,2026-01-30,721.75,722.25,730.8,700.8,750174
FINCABLES,2026-02-06,721.9,771.2,774.5,701.35,853787
FINCABLES,2026-02-13,787.0,810.8,844.6,770.0,2467567
FINCABLES,2026-02-20,810.0,791.9,828.95,786.35,859496
FINCABLES,2026-02-27,798.8,913.7,942.0,795.9,6822437
FINCABLES,2026-03-06,873.7,968.85,976.6,870.1,5610879
FINCABLES,2026-03-13,960.0,856.0,993.8,850.05,3637454
FINCABLES,2026-03-20,851.0,878.15,892.75,832.5,2379354
FINCABLES,2026-03-27,867.3,806.65,867.3,802.95,1976663
FINCABLES,2026-04-03,794.0,797.65,823.0,765.5,1287704
FINCABLES,2026-04-10,800.8,847.75,872.95,785.85,1686290
FINCABLES,2026-04-17,832.0,940.55,955.0,817.4,2438143
FINCABLES,2026-04-24,941.0,972.7,992.0,922.35,2685415
FINCABLES,2026-05-01,980.0,990.55,1022.0,978.0,1599692
FINCABLES,2026-05-08,991.0,1141.3,1172.8,967.55,6227038
FINCABLES,2026-05-15,1141.3,1050.9,1163.95,1045.0,2467707
FINCABLES,2026-05-22,1035.6,1031.2,1089.7,1000.45,1627964
FINCABLES,2026-05-29,1048.0,1136.3,1184.8,1041.5,4555649
FINCABLES,2026-06-05,1157.0,1057.5,1180.0,961.8,4379894
FINCABLES,2026-06-12,1045.0,1035.8,1054.6,975.5,1982059
FINCABLES,2026-06-19,1092.0,1164.3,1174.0,1041.0,3591656
FINCABLES,2026-06-26,1178.0,1116.5,1203.9,1109.4,1826012
FINCABLES,2026-07-03,1116.5,1100.1,1193.3,1091.4,2510940
FINCABLES,2026-07-10,1101.3,1054.5,1111.7,1020.6,1174875
FINCABLES,2026-07-17,1054.7,1017.3,1076.0,1015.0,1017826
FINEORG,2026-01-23,4072.0,3886.8,4136.0,3873.8,46765
FINEORG,2026-01-30,3909.9,4243.3,4322.4,3856.0,85291
FINEORG,2026-02-06,4166.1,4412.8,4670.0,4166.1,99642
FINEORG,2026-02-13,4444.5,4422.9,4679.9,4355.5,65981
FINEORG,2026-02-20,4402.1,4470.4,4577.0,4354.0,38697
FINEORG,2026-02-27,4470.4,4710.3,4998.0,4461.1,338773
FINEORG,2026-03-06,4491.1,4276.6,4603.6,4250.0,74670
FINEORG,2026-03-13,4246.6,4287.7,4388.0,4191.2,67375
FINEORG,2026-03-20,4267.0,4256.1,4350.8,4218.9,40855
FINEORG,2026-03-27,4250.0,3970.4,4272.4,3890.5,123760
FINEORG,2026-04-03,3902.0,4363.3,4382.0,3902.0,81148
FINEORG,2026-04-10,4385.0,4653.3,4700.1,4270.2,57412
FINEORG,2026-04-17,4621.1,4907.5,5025.9,4539.2,83519
FINEORG,2026-04-24,4908.0,4851.5,5144.9,4820.0,78696
FINEORG,2026-05-01,4861.0,4628.1,4947.9,4621.1,35920
FINEORG,2026-05-08,4621.0,4653.9,4815.9,4541.2,54788
FINEORG,2026-05-15,4620.0,4631.3,4748.9,4518.0,38313
FINEORG,2026-05-22,4567.0,4604.1,4827.5,4429.8,92274
FINEORG,2026-05-29,4690.0,4625.4,4760.8,4522.0,36208
FINEORG,2026-06-05,4626.0,4754.4,4808.0,4424.1,47716
FINEORG,2026-06-12,4725.0,4724.7,4807.0,4610.0,38288
FINEORG,2026-06-19,4755.1,5285.8,5393.9,4747.8,139145
FINEORG,2026-06-26,5300.0,5236.1,5399.0,5052.0,98432
FINEORG,2026-07-03,5200.0,5206.5,5407.0,5138.0,70555
FINEORG,2026-07-10,5244.0,4999.5,5244.0,4852.0,44438
FINEORG,2026-07-17,5038.5,5056.0,5152.5,4950.0,37610
FLUOROCHEM,2026-01-23,3385.3,3127.2,3388.5,3085.1,358706
FLUOROCHEM,2026-01-30,3106.8,3053.5,3106.8,2916.6,363911
FLUOROCHEM,2026-02-06,2970.0,3428.0,3430.0,2918.0,643564
FLUOROCHEM,2026-02-13,3428.0,3398.0,3600.0,3247.0,354084
FLUOROCHEM,2026-02-20,3398.7,3425.7,3438.9,3285.1,242855
FLUOROCHEM,2026-02-27,3424.7,3483.3,3550.0,3381.2,243687
FLUOROCHEM,2026-03-06,3370.0,3246.4,3415.4,3216.7,166381
FLUOROCHEM,2026-03-13,3200.0,3070.6,3339.5,2991.0,304727
FLUOROCHEM,2026-03-20,3055.3,3183.9,3296.9,2955.0,731611
FLUOROCHEM,2026-03-27,3175.1,3067.9,3335.0,3030.0,508410
FLUOROCHEM,2026-04-03,3054.7,3203.5,3249.8,2925.1,209742
FLUOROCHEM,2026-04-10,3240.0,3346.6,3399.0,3142.8,161386
FLUOROCHEM,2026-04-17,3300.0,3354.8,3412.1,3201.9,320790
FLUOROCHEM,2026-04-24,3354.8,3383.3,3399.0,3250.5,619411
FLUOROCHEM,2026-05-01,3425.0,3602.0,3624.0,3341.0,734465
FLUOROCHEM,2026-05-08,3615.0,3769.1,3878.0,3610.0,989387
FLUOROCHEM,2026-05-15,3764.0,3713.5,3770.3,3555.2,306154
FLUOROCHEM,2026-05-22,3713.5,3834.0,3850.0,3628.5,486681
FLUOROCHEM,2026-05-29,3830.0,3629.0,3874.9,3550.0,787709
FLUOROCHEM,2026-06-05,3679.8,3558.5,3702.0,3551.0,228423
FLUOROCHEM,2026-06-12,3540.0,3655.3,3704.5,3451.2,300867
FLUOROCHEM,2026-06-19,3717.0,3839.9,3920.5,3627.0,816453
FLUOROCHEM,2026-06-26,3852.0,3909.2,3948.0,3791.9,433907
FLUOROCHEM,2026-07-03,3900.0,3965.5,4038.0,3830.4,757705
FLUOROCHEM,2026-07-10,3970.0,3941.5,3986.4,3814.2,674765
FLUOROCHEM,2026-07-17,3941.5,4144.9,4169.9,3839.0,1185198
FORTIS,2026-01-23,895.0,844.0,898.95,832.0,11671310
FORTIS,2026-01-30,846.0,851.5,858.15,826.15,6344019
FORTIS,2026-02-06,828.0,855.7,872.45,812.6,6232495
FORTIS,2026-02-13,859.0,916.75,943.0,853.2,9904957
FORTIS,2026-02-20,916.7,921.0,930.0,896.8,5531218
FORTIS,2026-02-27,921.0,942.65,977.4,910.05,9976712
FORTIS,2026-03-06,903.75,892.55,939.25,890.15,5527921
FORTIS,2026-03-13,869.5,839.75,899.8,837.95,6999167
FORTIS,2026-03-20,838.3,822.05,850.9,795.0,10453222
FORTIS,2026-03-27,812.75,814.15,833.0,779.55,8616560
FORTIS,2026-04-03,797.0,788.75,817.7,766.8,4320779
FORTIS,2026-04-10,794.0,847.85,861.2,776.1,7502063
FORTIS,2026-04-17,840.0,890.2,897.55,826.45,5165856
FORTIS,2026-04-24,894.0,929.3,934.45,882.6,9169264
FORTIS,2026-05-01,939.0,922.95,964.5,910.55,4946182
FORTIS,2026-05-08,931.5,952.35,966.7,925.0,6007699
FORTIS,2026-05-15,947.55,963.65,982.95,945.2,7816133
FORTIS,2026-05-22,960.0,960.4,992.7,945.1,5708479
FORTIS,2026-05-29,969.0,928.45,984.4,920.0,6273542
FORTIS,2026-06-05,933.1,968.65,972.0,899.1,6329967
FORTIS,2026-06-12,955.6,990.35,1010.1,954.15,9681042
FORTIS,2026-06-19,1000.0,962.95,1002.0,942.8,7805345
FORTIS,2026-06-26,963.0,954.8,987.45,950.55,4081338
FORTIS,2026-07-03,954.35,974.6,988.45,935.6,13135629
FORTIS,2026-07-10,975.0,968.0,996.55,938.4,8893711
FORTIS,2026-07-17,961.85,952.45,988.25,944.0,4597578
GABRIEL,2026-01-23,922.9,900.7,933.1,855.0,1296648
GABRIEL,2026-01-30,900.1,933.4,962.8,857.8,1457809
GABRIEL,2026-02-06,900.0,954.05,1009.35,880.0,3228007
GABRIEL,2026-02-13,960.0,989.6,1064.2,950.0,1918811
GABRIEL,2026-02-20,986.2,952.3,1007.9,942.15,957155
GABRIEL,2026-02-27,955.95,998.8,1040.8,947.3,1445371
GABRIEL,2026-03-06,936.85,916.25,997.3,912.85,1246279
GABRIEL,2026-03-13,902.0,842.4,925.0,826.75,1522746
GABRIEL,2026-03-20,842.0,862.95,890.0,828.45,1512553
GABRIEL,2026-03-27,846.7,823.1,920.0,815.8,2126267
GABRIEL,2026-04-03,815.0,876.7,892.0,795.7,1272483
GABRIEL,2026-04-10,868.0,933.5,945.0,857.6,1179854
GABRIEL,2026-04-17,914.0,1014.35,1019.0,896.6,1278996
GABRIEL,2026-04-24,1016.0,973.0,1048.7,967.0,1200232
GABRIEL,2026-05-01,978.05,1025.6,1037.95,976.45,1434995
GABRIEL,2026-05-08,1029.7,1131.9,1154.0,1012.5,5294629
GABRIEL,2026-05-15,1125.1,1091.0,1145.0,1079.6,1190238
GABRIEL,2026-05-22,1073.4,1120.0,1127.5,1050.0,1000097
GABRIEL,2026-05-29,1125.0,1100.1,1149.8,1091.0,1523135
GABRIEL,2026-06-05,1101.4,1000.6,1106.7,999.0,1115268
GABRIEL,2026-06-12,987.9,1040.6,1062.2,975.6,1719766
GABRIEL,2026-06-19,1062.0,1197.4,1216.0,1055.7,5065030
GABRIEL,2026-06-26,1215.0,1229.2,1270.0,1196.4,1906648
GABRIEL,2026-07-03,1229.0,1231.8,1285.0,1210.0,1868152
GABRIEL,2026-07-10,1237.9,1250.8,1292.3,1215.0,1381942
GABRIEL,2026-07-17,1240.0,1336.6,1373.6,1228.0,3760796
GALAXYSURF,2026-01-23,1879.9,1903.7,1923.9,1870.8,46453
GALAXYSURF,2026-01-30,1903.0,1813.7,1923.4,1805.0,52349
GALAXYSURF,2026-02-06,1829.0,1825.6,2040.0,1800.0,67898
GALAXYSURF,2026-02-13,1826.8,1833.0,2000.0,1804.7,50665
GALAXYSURF,2026-02-20,1819.2,1900.2,2061.0,1805.1,212965
GALAXYSURF,2026-02-27,1900.2,1962.8,1978.1,1891.1,37434
GALAXYSURF,2026-03-06,1863.0,1920.3,1992.0,1863.0,41405
GALAXYSURF,2026-03-13,1890.0,1794.7,1890.0,1770.2,67430
GALAXYSURF,2026-03-20,1804.9,1641.0,1838.8,1634.1,89809
GALAXYSURF,2026-03-27,1634.0,1597.1,1653.9,1537.0,116398
GALAXYSURF,2026-04-03,1573.1,1655.3,1674.5,1510.0,55988
GALAXYSURF,2026-04-10,1674.0,1822.4,1829.0,1651.8,65469
GALAXYSURF,2026-04-17,1800.2,1788.0,1850.0,1729.1,73341
GALAXYSURF,2026-04-24,1801.9,1764.5,1847.3,1756.1,53761
GALAXYSURF,2026-05-01,1768.0,1857.2,1960.0,1768.0,106146
GALAXYSURF,2026-05-08,1880.0,1920.7,1942.0,1845.7,47313
GALAXYSURF,2026-05-15,1922.0,1824.8,1934.9,1797.0,53268
GALAXYSURF,2026-05-22,1829.9,1821.8,1837.7,1753.2,38085
GALAXYSURF,2026-05-29,1821.6,1795.3,1865.0,1765.9,33534
GALAXYSURF,2026-06-05,1796.0,1749.9,1810.0,1731.1,37632
GALAXYSURF,2026-06-12,1727.0,1704.1,1747.9,1642.6,114925
GALAXYSURF,2026-06-19,1749.7,1945.4,1975.0,1734.9,222867
GALAXYSURF,2026-06-26,1956.4,2012.5,2045.0,1909.4,86570
GALAXYSURF,2026-07-03,2012.5,2049.9,2062.9,1943.0,59021
GALAXYSURF,2026-07-10,2056.8,2000.7,2105.6,1981.0,51123
GALAXYSURF,2026-07-17,2000.7,1926.2,2028.0,1900.0,43316
GANECOS,2026-01-23,733.0,682.65,740.95,680.7,338539
GANECOS,2026-01-30,682.65,685.2,690.65,653.55,198030
GANECOS,2026-02-06,706.9,684.7,727.0,662.05,297408
GANECOS,2026-02-13,694.0,803.85,859.8,694.0,3312447
GANECOS,2026-02-20,791.65,742.05,816.95,738.0,301996
GANECOS,2026-02-27,742.1,773.15,800.0,737.1,263256
GANECOS,2026-03-06,744.0,706.4,780.0,701.2,745890
GANECOS,2026-03-13,697.0,786.1,810.0,661.55,621554
GANECOS,2026-03-20,784.0,805.2,894.4,777.5,6441898
GANECOS,2026-03-27,805.15,780.7,838.85,725.05,641840
GANECOS,2026-04-03,805.05,1110.15,1178.8,800.0,30085822
GANECOS,2026-04-10,1090.0,1045.75,1154.0,1011.5,8721002
GANECOS,2026-04-17,1016.0,1053.65,1103.9,1005.15,1827759
GANECOS,2026-04-24,1051.0,1008.5,1090.0,992.2,1092092
GANECOS,2026-05-01,1018.0,1049.55,1082.0,1018.0,1130071
GANECOS,2026-05-08,1058.5,1063.6,1109.0,1012.8,1071083
GANECOS,2026-05-15,1088.0,1016.9,1088.0,986.5,711571
GANECOS,2026-05-22,1014.0,955.6,1140.8,944.6,2345599
GANECOS,2026-05-29,949.9,923.2,975.0,893.1,1072606
GANECOS,2026-06-05,929.95,929.55,946.8,851.25,755068
GANECOS,2026-06-12,907.5,913.05,937.6,888.0,575598
GANECOS,2026-06-19,928.85,927.55,959.0,904.65,459931
GANECOS,2026-06-26,930.0,889.9,934.25,880.0,441662
GANECOS,2026-07-03,899.9,1027.75,1042.0,869.35,2145995
GANECOS,2026-07-10,1026.9,1108.7,1150.0,1022.0,1787205
GANECOS,2026-07-17,1097.65,1203.15,1216.95,1088.0,1043176
GENUSPOWER,2026-01-23,282.0,256.7,282.9,253.8,2347570
GENUSPOWER,2026-01-30,258.25,277.27,282.4,249.0,2950028
GENUSPOWER,2026-02-06,264.82,262.35,274.62,206.36,7177487
GENUSPOWER,2026-02-13,262.35,267.15,293.0,254.0,2821402
GENUSPOWER,2026-02-20,266.0,260.35,273.6,258.45,763650
GENUSPOWER,2026-02-27,265.0,262.3,268.95,253.3,1387459
GENUSPOWER,2026-03-06,250.0,257.5,266.25,248.25,1457987
GENUSPOWER,2026-03-13,253.0,246.4,262.85,241.25,1648231
GENUSPOWER,2026-03-20,246.0,239.1,255.0,236.25,3334557
GENUSPOWER,2026-03-27,236.0,225.35,244.7,222.25,2969280
GENUSPOWER,2026-04-03,223.5,233.49,237.0,211.7,2353962
GENUSPOWER,2026-04-10,237.0,274.67,279.0,228.2,2797944
GENUSPOWER,2026-04-17,265.0,293.17,304.66,262.0,4223436
GENUSPOWER,2026-04-24,291.02,287.43,302.0,284.82,2556552
GENUSPOWER,2026-05-01,291.0,312.05,319.19,289.81,5205363
GENUSPOWER,2026-05-08,318.0,326.85,339.0,310.0,5446795
GENUSPOWER,2026-05-15,326.8,313.95,335.9,298.3,4180554
GENUSPOWER,2026-05-22,318.0,318.05,322.6,298.0,3988284
GENUSPOWER,2026-05-29,321.2,313.3,333.0,312.0,2081568
GENUSPOWER,2026-06-05,315.0,308.4,323.6,302.15,2028977
GENUSPOWER,2026-06-12,305.0,318.8,326.15,298.2,3834802
GENUSPOWER,2026-06-19,324.0,324.7,337.1,316.8,4966916
GENUSPOWER,2026-06-26,324.9,334.0,358.95,321.15,16857383
GENUSPOWER,2026-07-03,334.0,321.45,334.0,282.1,85918542
GENUSPOWER,2026-07-10,322.7,317.05,326.85,296.85,13989241
GENUSPOWER,2026-07-17,313.45,317.05,333.5,309.5,14060740
GEOJITFSL,2026-01-23,71.0,68.29,71.5,67.03,3151527
GEOJITFSL,2026-01-30,68.36,67.81,69.0,65.0,2314688
GEOJITFSL,2026-02-06,68.29,71.17,73.8,66.24,1839231
GEOJITFSL,2026-02-13,71.5,69.39,72.96,68.79,1594586
GEOJITFSL,2026-02-20,69.35,66.06,69.35,65.36,1881862
GEOJITFSL,2026-02-27,66.25,63.16,66.95,62.89,1286892
GEOJITFSL,2026-03-06,60.1,60.64,62.9,59.43,1634318
GEOJITFSL,2026-03-13,59.55,58.83,61.9,57.58,2546909
GEOJITFSL,2026-03-20,58.81,59.93,61.54,56.12,2480434
GEOJITFSL,2026-03-27,59.03,55.92,59.8,55.6,2826136
GEOJITFSL,2026-04-03,55.5,57.64,58.1,50.86,2502952
GEOJITFSL,2026-04-10,57.64,64.21,65.0,56.11,2483306
GEOJITFSL,2026-04-17,63.0,67.68,68.0,61.0,2156089
GEOJITFSL,2026-04-24,67.68,64.23,69.64,62.51,2212562
GEOJITFSL,2026-05-01,64.17,64.43,67.6,62.0,1701806
GEOJITFSL,2026-05-08,64.43,71.43,72.23,64.05,3100831
GEOJITFSL,2026-05-15,71.49,73.94,76.39,67.8,3605997
GEOJITFSL,2026-05-22,73.0,73.38,76.25,70.75,2159012
GEOJITFSL,2026-05-29,74.0,72.93,76.5,72.0,1643799
GEOJITFSL,2026-06-05,73.3,76.82,77.5,69.41,2268021
GEOJITFSL,2026-06-12,76.24,75.02,76.24,71.09,1380853
GEOJITFSL,2026-06-19,76.0,78.35,79.83,75.55,2207046
GEOJITFSL,2026-06-26,78.0,79.25,81.0,78.0,1526962
GEOJITFSL,2026-07-03,79.02,79.52,81.0,75.2,1388420
GEOJITFSL,2026-07-10,78.9,79.4,80.57,76.04,1482301
GEOJITFSL,2026-07-17,78.5,81.08,83.56,78.5,2349482
GHCL,2026-01-23,545.45,526.8,546.6,521.1,369847
GHCL,2026-01-30,522.1,530.7,538.5,512.05,445437
GHCL,2026-02-06,517.0,513.1,568.0,500.4,848148
GHCL,2026-02-13,517.0,502.05,529.8,492.95,507184
GHCL,2026-02-20,499.15,497.0,510.05,491.2,308897
GHCL,2026-02-27,497.0,479.2,503.65,475.0,481710
GHCL,2026-03-06,480.0,459.85,481.05,451.2,397283
GHCL,2026-03-13,457.0,450.7,474.0,444.9,627678
GHCL,2026-03-20,448.4,433.45,464.3,431.0,1284594
GHCL,2026-03-27,424.3,430.75,455.5,419.0,938950
GHCL,2026-04-03,430.0,454.2,458.9,420.0,450106
GHCL,2026-04-10,458.4,475.25,479.2,444.2,445810
GHCL,2026-04-17,467.5,513.85,520.0,461.0,649605
GHCL,2026-04-24,517.5,495.65,517.5,494.25,374964
GHCL,2026-05-01,500.0,506.8,525.0,498.35,410986
GHCL,2026-05-08,525.0,510.9,549.0,507.5,1322507
GHCL,2026-05-15,507.0,472.65,507.05,465.5,713593
GHCL,2026-05-22,469.0,445.2,469.8,441.5,995496
GHCL,2026-05-29,449.65,454.15,470.65,441.6,2883733
GHCL,2026-06-05,454.15,440.75,471.85,439.35,1269403
GHCL,2026-06-12,439.0,430.45,446.95,416.6,1921741
GHCL,2026-06-19,440.1,435.4,461.0,433.05,3001626
GHCL,2026-06-26,441.35,429.1,443.65,427.05,660850
GHCL,2026-07-03,428.0,430.15,439.4,423.45,682874
GHCL,2026-07-10,434.0,436.05,438.95,419.0,801258
GHCL,2026-07-17,435.9,433.75,449.0,430.0,701869
GILLETTE,2026-01-23,7994.0,7986.5,8144.5,7829.0,125043
GILLETTE,2026-01-30,7951.0,8799.5,8825.0,7785.0,477174
GILLETTE,2026-02-06,8717.0,8717.0,8925.0,8480.5,137660
GILLETTE,2026-02-13,8717.0,8553.0,8887.5,8510.0,96748
GILLETTE,2026-02-20,8560.0,8444.5,8700.5,8423.5,48889
GILLETTE,2026-02-27,8483.5,8342.5,8693.0,8287.0,71958
GILLETTE,2026-03-06,8151.0,8096.5,8244.0,7948.5,72348
GILLETTE,2026-03-13,8000.0,7979.5,8199.0,7840.0,96849
GILLETTE,2026-03-20,8000.0,8001.5,8165.0,7851.0,122317
GILLETTE,2026-03-27,7900.0,7471.0,7978.0,7450.0,135464
GILLETTE,2026-04-03,7440.5,7567.5,7636.0,7206.0,103841
GILLETTE,2026-04-10,7643.0,7704.0,7798.0,7471.0,143304
GILLETTE,2026-04-17,7650.0,7939.5,8020.0,7581.0,122494
GILLETTE,2026-04-24,8011.0,8095.5,8181.0,7836.0,156215
GILLETTE,2026-05-01,8200.0,7953.5,8277.0,7930.0,97854
GILLETTE,2026-05-08,8030.0,8148.0,8195.0,7885.0,150557
GILLETTE,2026-05-15,8148.0,7806.5,8148.0,7790.0,157737
GILLETTE,2026-05-22,7770.0,7783.5,7836.0,7601.5,100352
GILLETTE,2026-05-29,7847.5,8016.5,8433.5,7784.0,292450
GILLETTE,2026-06-05,8074.5,7763.0,8082.5,7655.0,115480
GILLETTE,2026-06-12,7763.0,7726.0,7945.0,7602.0,125244
GILLETTE,2026-06-19,7800.0,7828.5,8014.5,7682.0,135712
GILLETTE,2026-06-26,7890.0,7719.0,7907.5,7701.0,53934
GILLETTE,2026-07-03,7725.0,7610.5,7760.0,7500.5,145110
GILLETTE,2026-07-10,7605.0,7845.0,7900.0,7605.0,92283
GILLETTE,2026-07-17,7805.0,7810.0,7971.0,7710.5,62220
GMMPFAUDLR,2026-01-23,1011.8,980.1,1025.7,973.1,397151
GMMPFAUDLR,2026-01-30,977.1,975.1,996.7,949.9,293642
GMMPFAUDLR,2026-02-06,975.55,993.6,1039.0,951.1,330105
GMMPFAUDLR,2026-02-13,973.0,1001.65,1015.5,943.55,671095
GMMPFAUDLR,2026-02-20,1000.0,974.95,1005.05,958.1,201608
GMMPFAUDLR,2026-02-27,974.95,933.1,999.0,928.0,350557
GMMPFAUDLR,2026-03-06,885.0,873.4,925.0,868.1,437596
GMMPFAUDLR,2026-03-13,852.0,870.3,913.85,829.6,593764
GMMPFAUDLR,2026-03-20,869.9,856.9,896.0,849.15,388910
GMMPFAUDLR,2026-03-27,849.9,809.9,866.0,801.25,567903
GMMPFAUDLR,2026-04-03,800.05,850.95,859.0,784.0,351529
GMMPFAUDLR,2026-04-10,865.0,912.2,919.2,830.05,160672
GMMPFAUDLR,2026-04-17,905.0,929.9,939.0,884.35,127720
GMMPFAUDLR,2026-04-24,921.0,908.6,936.25,890.7,169555
GMMPFAUDLR,2026-05-01,906.05,905.55,928.8,893.0,205682
GMMPFAUDLR,2026-05-08,901.0,894.1,943.8,880.0,381281
GMMPFAUDLR,2026-05-15,880.0,896.5,930.0,854.05,399766
GMMPFAUDLR,2026-05-22,885.0,807.1,890.0,803.05,819232
GMMPFAUDLR,2026-05-29,819.0,766.7,822.6,755.55,2004669
GMMPFAUDLR,2026-06-05,778.35,788.0,798.0,755.25,882369
GMMPFAUDLR,2026-06-12,780.0,760.1,783.2,735.0,364140
GMMPFAUDLR,2026-06-19,769.9,809.65,818.0,767.6,417653
GMMPFAUDLR,2026-06-26,810.0,804.55,828.75,797.75,240730
GMMPFAUDLR,2026-07-03,809.0,776.75,810.0,764.1,382731
GMMPFAUDLR,2026-07-10,783.0,754.5,783.0,750.05,409553
GMMPFAUDLR,2026-07-17,755.05,797.1,818.9,748.95,626445
GMRAIRPORT,2026-01-23,99.9,91.21,101.2,90.98,44471353
GMRAIRPORT,2026-01-30,91.31,93.89,94.49,89.35,91355812
GMRAIRPORT,2026-02-06,89.87,97.51,98.83,89.12,81471363
GMRAIRPORT,2026-02-13,98.26,94.03,98.62,93.53,46972781
GMRAIRPORT,2026-02-20,95.15,99.75,102.55,95.15,106301411
GMRAIRPORT,2026-02-27,100.89,100.63,103.03,99.57,49111304
GMRAIRPORT,2026-03-06,96.1,95.06,99.5,92.5,67006275
GMRAIRPORT,2026-03-13,93.19,89.26,97.15,88.85,59790134
GMRAIRPORT,2026-03-20,90.0,90.56,92.95,87.33,68368815
GMRAIRPORT,2026-03-27,90.15,89.09,91.53,84.49,56312999
GMRAIRPORT,2026-04-03,87.0,88.87,90.85,84.11,91357568
GMRAIRPORT,2026-04-10,89.0,95.25,96.5,87.4,71759648
GMRAIRPORT,2026-04-17,92.15,96.85,100.0,91.6,59090558
GMRAIRPORT,2026-04-24,97.31,94.49,98.95,93.99,60941328
GMRAIRPORT,2026-05-01,95.2,96.43,98.5,94.05,47950313
GMRAIRPORT,2026-05-08,96.4,101.32,101.79,95.81,93782645
GMRAIRPORT,2026-05-15,99.0,96.59,99.98,94.25,61760170
GMRAIRPORT,2026-05-22,95.99,95.85,97.5,92.3,93968548
GMRAIRPORT,2026-05-29,96.46,100.37,104.14,95.78,158198453
GMRAIRPORT,2026-06-05,101.0,102.03,104.0,95.47,114333374
GMRAIRPORT,2026-06-12,101.45,103.65,103.9,99.1,119952214
GMRAIRPORT,2026-06-19,107.0,108.83,111.15,105.68,107733616
GMRAIRPORT,2026-06-26,109.42,108.44,110.1,106.37,108278887
GMRAIRPORT,2026-07-03,108.44,112.8,114.65,108.44,184295071
GMRAIRPORT,2026-07-10,112.96,112.51,115.64,110.31,91888094
GMRAIRPORT,2026-07-17,112.0,110.54,114.99,109.2,82004113
GNFC,2026-01-23,480.95,464.2,480.95,442.45,1118868
GNFC,2026-01-30,466.0,466.8,473.0,450.25,805445
GNFC,2026-02-06,460.0,464.1,481.2,454.75,674139
GNFC,2026-02-13,467.95,466.95,491.25,463.1,1054610
GNFC,2026-02-20,464.0,464.2,471.15,456.55,477154
GNFC,2026-02-27,463.55,454.9,467.0,452.55,518475
GNFC,2026-03-06,436.95,431.3,450.6,423.25,882426
GNFC,2026-03-13,419.6,426.15,443.45,405.45,2073018
GNFC,2026-03-20,426.15,407.05,426.55,405.0,1284779
GNFC,2026-03-27,406.65,385.5,406.65,380.0,1703148
GNFC,2026-04-03,385.0,398.7,400.75,365.0,1230574
GNFC,2026-04-10,400.25,432.5,438.15,392.2,1514779
GNFC,2026-04-17,426.0,489.7,496.8,419.8,2109017
GNFC,2026-04-24,492.0,468.45,492.9,465.9,1326571
GNFC,2026-05-01,471.45,469.3,482.7,466.0,759853
GNFC,2026-05-08,472.0,496.15,506.7,469.7,2215284
GNFC,2026-05-15,497.85,514.35,531.0,467.9,4298445
GNFC,2026-05-22,512.0,506.6,552.0,504.9,9678910
GNFC,2026-05-29,513.0,504.3,539.6,502.0,1820884
GNFC,2026-06-05,505.0,499.75,510.0,492.85,988392
GNFC,2026-06-12,494.0,503.85,512.0,484.0,1311346
GNFC,2026-06-19,509.4,567.65,580.75,508.85,4999434
GNFC,2026-06-26,567.8,546.85,616.0,542.2,3492072
GNFC,2026-07-03,543.0,529.2,559.7,525.0,1665372
GNFC,2026-07-10,530.0,502.45,533.95,495.65,1731786
GNFC,2026-07-17,498.55,502.7,516.8,492.5,1819266
GOCLCORP,2026-01-23,280.25,250.95,280.25,247.35,257202
GOCLCORP,2026-01-30,252.9,265.6,267.75,244.0,138787
GOCLCORP,2026-02-06,261.15,265.85,273.95,250.1,237663
GOCLCORP,2026-02-13,265.95,267.65,291.9,262.5,667833
GOCLCORP,2026-02-20,275.0,254.6,275.0,248.6,316499
GOCLCORP,2026-02-27,253.55,263.0,264.9,248.05,214309
GOCLCORP,2026-03-06,258.05,248.6,258.05,242.0,187060
GOCLCORP,2026-03-13,247.0,235.65,256.8,232.7,331783
GOCLCORP,2026-03-20,235.65,236.3,244.8,225.45,337108
GOCLCORP,2026-03-27,233.0,272.3,294.45,223.35,15936792
GOCLCORP,2026-04-03,266.0,272.25,279.0,225.9,596375
GOCLCORP,2026-04-10,266.75,279.65,286.05,262.35,596424
GOCLCORP,2026-04-17,276.0,324.1,329.4,268.0,725681
GOCLCORP,2026-04-24,329.9,318.55,347.75,315.1,808950
GOCLCORP,2026-05-01,322.0,325.15,344.45,314.95,394766
GOCLCORP,2026-05-08,330.0,329.6,336.0,323.15,168371
GOCLCORP,2026-05-15,329.6,300.5,329.8,295.4,236988
GOCLCORP,2026-05-22,298.05,328.45,333.55,285.9,537479
GOCLCORP,2026-05-29,336.65,367.45,390.95,330.9,1477714
GOCLCORP,2026-06-05,380.0,410.85,441.0,380.0,1373069
GOCLCORP,2026-06-12,402.0,402.35,410.3,379.55,477658
GOCLCORP,2026-06-19,412.0,437.5,449.85,399.5,2091600
GOCLCORP,2026-06-26,445.0,408.8,459.9,406.45,621182
GOCLCORP,2026-07-03,410.4,403.5,412.65,396.35,257658
GOCLCORP,2026-07-10,404.9,406.3,423.5,390.3,541810
GOCLCORP,2026-07-17,404.4,403.7,413.7,396.0,252115
GODREJIND,2026-01-23,1013.0,974.7,1020.7,965.0,520747
GODREJIND,2026-01-30,976.6,974.1,1000.0,938.8,306827
GODREJIND,2026-02-06,985.2,994.35,1039.0,955.3,190114
GODREJIND,2026-02-13,994.05,966.1,1058.1,956.35,433898
GODREJIND,2026-02-20,968.9,1034.35,1063.0,957.55,1334657
GODREJIND,2026-02-27,1050.0,993.05,1060.0,980.0,403009
GODREJIND,2026-03-06,975.0,936.9,984.2,926.0,243858
GODREJIND,2026-03-13,926.1,837.95,936.9,830.2,377416
GODREJIND,2026-03-20,837.0,832.05,866.65,814.4,464086
GODREJIND,2026-03-27,822.2,775.2,825.0,771.15,286062
GODREJIND,2026-04-03,770.0,841.9,879.9,744.2,6889802
GODREJIND,2026-04-10,856.35,892.05,922.9,819.5,603920
GODREJIND,2026-04-17,879.95,927.5,935.0,865.55,388802
GODREJIND,2026-04-24,934.95,990.55,1043.4,915.05,3461426
GODREJIND,2026-05-01,999.0,959.05,1009.0,951.0,521874
GODREJIND,2026-05-08,950.0,1218.25,1260.65,949.05,4534032
GODREJIND,2026-05-15,1199.4,1135.05,1220.0,1066.6,7342332
GODREJIND,2026-05-22,1130.0,1126.5,1214.8,1105.5,1581789
GODREJIND,2026-05-29,1131.8,1107.3,1199.95,1092.0,699029
GODREJIND,2026-06-05,1111.0,1042.6,1138.8,1037.0,579145
GODREJIND,2026-06-12,1035.2,1037.9,1070.8,1005.0,585021
GODREJIND,2026-06-19,1050.0,1112.4,1145.0,1044.1,1051627
GODREJIND,2026-06-26,1112.4,1160.7,1171.0,1104.6,691645
GODREJIND,2026-07-03,1154.1,1209.8,1224.0,1135.0,833034
GODREJIND,2026-07-10,1209.5,1417.7,1443.0,1195.6,3804623
GODREJIND,2026-07-17,1384.0,1334.7,1404.4,1302.1,1306127
GOLDIAM,2026-01-23,250.88,222.71,253.65,216.04,3082171
GOLDIAM,2026-01-30,225.0,233.36,249.34,212.77,3189026
GOLDIAM,2026-02-06,228.79,274.24,276.75,217.35,8230142
GOLDIAM,2026-02-13,291.75,295.01,333.0,283.09,24748630
GOLDIAM,2026-02-20,294.0,285.71,302.74,280.01,4871356
GOLDIAM,2026-02-27,289.5,263.77,290.21,256.69,3419817
GOLDIAM,2026-03-06,254.25,242.29,266.25,235.99,3324717
GOLDIAM,2026-03-13,234.82,222.41,246.0,221.25,3602483
GOLDIAM,2026-03-20,222.75,222.07,232.5,213.75,3328818
GOLDIAM,2026-03-27,219.75,212.55,226.2,207.94,4498145
GOLDIAM,2026-04-03,208.5,218.7,224.1,198.75,2770592
GOLDIAM,2026-04-10,219.0,259.91,262.99,213.75,5952452
GOLDIAM,2026-04-17,250.69,304.58,312.75,246.68,6035423
GOLDIAM,2026-04-24,299.81,285.86,311.25,284.21,3983840
GOLDIAM,2026-05-01,286.58,282.83,294.38,280.24,1270698
GOLDIAM,2026-05-08,285.0,326.96,336.49,280.12,6263269
GOLDIAM,2026-05-15,318.71,283.95,320.92,280.5,4653752
GOLDIAM,2026-05-22,281.25,293.48,294.75,270.34,1917190
GOLDIAM,2026-05-29,297.38,306.67,321.0,294.15,5522760
GOLDIAM,2026-06-05,307.69,316.2,336.49,305.48,7669603
GOLDIAM,2026-06-12,309.45,359.1,363.75,305.25,16321738
GOLDIAM,2026-06-19,360.0,355.95,380.59,347.48,8355395
GOLDIAM,2026-06-26,357.75,348.64,360.67,339.41,3004244
GOLDIAM,2026-07-03,347.33,360.3,363.0,318.45,6347682
GOLDIAM,2026-07-10,363.6,378.0,378.45,306.0,14111447
GOLDIAM,2026-07-17,371.0,345.4,393.65,341.0,6938483
GOODLUCK,2026-01-23,1105.9,1022.9,1111.0,1012.3,425770
GOODLUCK,2026-01-30,1012.2,1118.7,1134.0,987.4,455080
GOODLUCK,2026-02-06,1043.0,1152.0,1179.0,1032.4,396153
GOODLUCK,2026-02-13,1142.8,1085.2,1169.8,1076.0,395418
GOODLUCK,2026-02-20,1080.0,1203.0,1260.0,1080.0,1047721
GOODLUCK,2026-02-27,1209.0,1176.7,1233.9,1160.0,343937
GOODLUCK,2026-03-06,1111.0,1080.7,1180.7,1070.0,435218
GOODLUCK,2026-03-13,1050.0,1022.4,1085.4,1006.5,424083
GOODLUCK,2026-03-20,1010.0,1017.1,1064.3,1001.0,390586
GOODLUCK,2026-03-27,1004.0,980.0,1027.3,915.0,601340
GOODLUCK,2026-04-03,981.0,1045.8,1050.0,958.2,343295
GOODLUCK,2026-04-10,1046.1,1114.05,1124.3,1025.3,286364
GOODLUCK,2026-04-17,1099.85,1229.05,1240.0,1072.85,541938
GOODLUCK,2026-04-24,1229.05,1189.35,1254.9,1167.0,365886
GOODLUCK,2026-05-01,1197.8,1254.65,1289.2,1192.7,392571
GOODLUCK,2026-05-08,1272.4,1427.6,1475.0,1265.1,1652605
GOODLUCK,2026-05-15,1435.6,1329.0,1439.0,1290.0,708047
GOODLUCK,2026-05-22,1330.0,1435.7,1471.0,1255.0,1237936
GOODLUCK,2026-05-29,1447.0,1295.4,1469.8,1282.3,1842325
GOODLUCK,2026-06-05,1300.9,1339.6,1392.0,1270.2,553281
GOODLUCK,2026-06-12,1313.0,1313.2,1350.0,1270.7,451265
GOODLUCK,2026-06-19,1337.6,1423.4,1450.0,1306.6,853544
GOODLUCK,2026-06-26,1483.0,1404.7,1516.0,1391.7,1235754
GOODLUCK,2026-07-03,1409.0,1490.2,1538.9,1398.0,2352607
GOODLUCK,2026-07-10,1492.0,1565.9,1575.0,1433.0,1234313
GOODLUCK,2026-07-17,1573.0,1546.6,1672.1,1522.1,1166272
GPTHEALTH,2026-01-23,134.0,129.4,137.99,124.9,537339
GPTHEALTH,2026-01-30,127.5,130.19,134.9,125.61,300523
GPTHEALTH,2026-02-06,128.0,128.5,135.89,123.32,636763
GPTHEALTH,2026-02-13,129.99,127.91,133.04,126.51,401339
GPTHEALTH,2026-02-20,129.6,127.08,132.0,126.1,444469
GPTHEALTH,2026-02-27,126.6,126.26,128.0,121.4,563377
GPTHEALTH,2026-03-06,121.11,125.74,126.94,119.62,405700
GPTHEALTH,2026-03-13,124.0,124.42,127.49,119.34,906171
GPTHEALTH,2026-03-20,124.05,120.65,127.44,120.0,536019
GPTHEALTH,2026-03-27,119.3,116.02,124.0,115.0,2033125
GPTHEALTH,2026-04-03,116.1,123.32,124.83,115.0,369712
GPTHEALTH,2026-04-10,123.32,139.98,141.5,121.05,612394
GPTHEALTH,2026-04-17,136.0,137.43,139.48,131.61,398151
GPTHEALTH,2026-04-24,138.47,136.31,141.44,134.0,315841
GPTHEALTH,2026-05-01,135.99,138.43,141.21,134.61,345359
GPTHEALTH,2026-05-08,135.55,144.12,147.28,135.55,895224
GPTHEALTH,2026-05-15,145.0,141.55,145.72,136.36,506958
GPTHEALTH,2026-05-22,141.75,139.99,145.5,137.5,503365
GPTHEALTH,2026-05-29,142.5,142.4,147.0,138.5,407793
GPTHEALTH,2026-06-05,141.2,149.64,156.0,141.02,1089757
GPTHEALTH,2026-06-12,148.1,148.17,152.63,143.74,485303
GPTHEALTH,2026-06-19,149.1,147.82,150.95,143.4,436453
GPTHEALTH,2026-06-26,146.18,147.51,152.1,146.18,525457
GPTHEALTH,2026-07-03,146.0,158.82,159.95,144.5,1348185
GPTHEALTH,2026-07-10,158.82,158.11,161.0,150.0,704628
GPTHEALTH,2026-07-17,156.0,152.54,158.96,150.01,305297
GRANULES,2026-01-23,577.95,565.0,584.9,531.8,5074925
GRANULES,2026-01-30,588.0,570.6,589.4,556.75,4442417
GRANULES,2026-02-06,552.9,563.7,595.6,537.65,4402292
GRANULES,2026-02-13,569.95,562.35,585.1,555.2,3441606
GRANULES,2026-02-20,560.6,599.05,602.0,556.0,3435888
GRANULES,2026-02-27,600.0,582.25,606.95,580.05,2882617
GRANULES,2026-03-06,569.0,577.1,587.5,547.4,2861835
GRANULES,2026-03-13,572.0,562.2,595.0,552.65,2562255
GRANULES,2026-03-20,560.5,590.95,595.15,555.75,5393120
GRANULES,2026-03-27,585.0,624.35,640.0,566.75,5687287
GRANULES,2026-04-03,622.5,613.6,639.0,602.2,2724860
GRANULES,2026-04-10,605.55,631.95,650.0,602.2,4036661
GRANULES,2026-04-17,625.35,655.7,660.5,616.05,3781409
GRANULES,2026-04-24,657.0,689.45,696.4,650.0,9217761
GRANULES,2026-05-01,690.0,699.7,730.8,686.15,10292940
GRANULES,2026-05-08,699.7,752.95,761.4,690.05,9346451
GRANULES,2026-05-15,750.0,736.2,760.25,724.35,4268863
GRANULES,2026-05-22,731.0,751.95,773.2,721.15,4092534
GRANULES,2026-05-29,753.25,773.85,804.3,752.55,14317612
GRANULES,2026-06-05,780.0,789.85,797.9,768.75,3041017
GRANULES,2026-06-12,775.0,766.45,797.5,751.0,3938742
GRANULES,2026-06-19,769.95,786.9,795.6,736.5,7449555
GRANULES,2026-06-26,790.0,764.2,803.9,758.5,3385171
GRANULES,2026-07-03,765.0,833.8,840.0,760.1,7930805
GRANULES,2026-07-10,839.5,889.85,901.8,834.5,8343460
GRANULES,2026-07-17,889.85,880.8,910.0,870.15,5220022
GRASIM,2026-01-23,2796.0,2759.0,2821.6,2706.0,3413741
GRASIM,2026-01-30,2798.0,2819.0,2891.2,2773.0,3794297
GRASIM,2026-02-06,2740.0,2836.9,2879.0,2713.0,3853249
GRASIM,2026-02-13,2859.9,2888.0,2979.0,2846.5,3161686
GRASIM,2026-02-20,2870.0,2832.8,2960.0,2822.7,2079669
GRASIM,2026-02-27,2844.0,2799.8,2910.7,2784.0,3599216
GRASIM,2026-03-06,2729.8,2718.4,2786.3,2645.0,4388017
GRASIM,2026-03-13,2659.0,2568.6,2762.8,2563.1,5808884
GRASIM,2026-03-20,2570.0,2616.3,2732.9,2565.0,5849694
GRASIM,2026-03-27,2591.0,2628.2,2668.4,2502.5,8303029
GRASIM,2026-04-03,2620.1,2564.1,2620.1,2514.2,3152212
GRASIM,2026-04-10,2545.0,2742.6,2794.9,2533.0,3569427
GRASIM,2026-04-17,2694.1,2720.5,2793.2,2682.9,3156494
GRASIM,2026-04-24,2730.5,2739.3,2810.0,2697.3,4282229
GRASIM,2026-05-01,2766.0,2794.5,2848.2,2727.0,4654681
GRASIM,2026-05-08,2805.0,2968.6,2980.4,2805.0,3396699
GRASIM,2026-05-15,2954.1,2933.8,3007.3,2893.7,5607593
GRASIM,2026-05-22,2906.0,3155.3,3187.6,2880.6,8067734
GRASIM,2026-05-29,3180.0,3122.4,3197.5,3111.4,3557156
GRASIM,2026-06-05,3151.4,3087.7,3158.0,3060.0,3220347
GRASIM,2026-06-12,3060.0,3105.5,3132.0,3034.9,3553696
GRASIM,2026-06-19,3168.0,3149.5,3200.0,3109.2,2938303
GRASIM,2026-06-26,3157.1,3126.6,3186.0,3097.0,2566791
GRASIM,2026-07-03,3145.0,3180.9,3219.3,3072.3,3520930
GRASIM,2026-07-10,3182.2,3213.6,3246.0,3121.4,2888248
GRASIM,2026-07-17,3202.4,3109.7,3216.3,3060.0,3598233
GRAVITA,2026-01-23,1575.1,1549.9,1624.0,1503.5,1330907
GRAVITA,2026-01-30,1575.0,1604.4,1637.0,1460.0,1025547
GRAVITA,2026-02-06,1555.0,1643.0,1689.2,1526.0,840761
GRAVITA,2026-02-13,1644.6,1653.6,1763.8,1639.0,846563
GRAVITA,2026-02-20,1648.4,1585.9,1673.9,1570.9,535951
GRAVITA,2026-02-27,1595.0,1613.0,1655.9,1565.0,563126
GRAVITA,2026-03-06,1519.9,1539.1,1605.6,1512.6,633475
GRAVITA,2026-03-13,1510.3,1420.0,1547.9,1412.3,1169375
GRAVITA,2026-03-20,1430.0,1405.2,1463.5,1382.6,1292024
GRAVITA,2026-03-27,1393.9,1402.6,1475.0,1291.1,2030558
GRAVITA,2026-04-03,1370.0,1295.1,1384.9,1266.9,1942294
GRAVITA,2026-04-10,1305.0,1558.4,1562.9,1294.9,1847282
GRAVITA,2026-04-17,1500.0,1640.8,1679.5,1481.0,1044432
GRAVITA,2026-04-24,1647.7,1568.0,1709.9,1558.1,1075425
GRAVITA,2026-05-01,1570.0,1630.0,1685.0,1569.0,865353
GRAVITA,2026-05-08,1669.2,1763.0,1846.3,1652.0,2546924
GRAVITA,2026-05-15,1750.0,1688.1,1819.5,1657.2,1147396
GRAVITA,2026-05-22,1680.5,1639.7,1680.5,1593.0,698891
GRAVITA,2026-05-29,1652.3,1612.9,1748.2,1604.5,1099415
GRAVITA,2026-06-05,1618.3,1630.7,1659.9,1596.6,595177
GRAVITA,2026-06-12,1600.0,1602.9,1616.0,1540.0,674722
GRAVITA,2026-06-19,1644.2,1721.6,1748.5,1635.0,1163187
GRAVITA,2026-06-26,1734.1,1671.0,1784.6,1666.9,639838
GRAVITA,2026-07-03,1676.9,1724.4,1756.6,1612.6,1058926
GRAVITA,2026-07-10,1728.0,1854.6,1865.0,1700.0,3259344
GRAVITA,2026-07-17,1860.2,1818.2,1870.0,1774.9,1237474
GREAVESCOT,2026-01-23,173.0,161.41,173.0,160.3,3587005
GREAVESCOT,2026-01-30,161.41,163.25,170.35,155.1,3469097
GREAVESCOT,2026-02-06,163.0,168.72,177.5,157.26,6876151
GREAVESCOT,2026-02-13,171.0,162.59,177.0,162.0,4489868
GREAVESCOT,2026-02-20,162.5,161.62,169.25,159.61,3351504
GREAVESCOT,2026-02-27,162.04,152.94,163.57,150.5,5959307
GREAVESCOT,2026-03-06,147.1,154.08,156.38,142.41,5079081
GREAVESCOT,2026-03-13,150.0,136.07,151.85,135.42,6023244
GREAVESCOT,2026-03-20,136.07,134.73,140.46,132.5,5525514
GREAVESCOT,2026-03-27,132.42,127.07,138.12,126.11,6521676
GREAVESCOT,2026-04-03,127.07,132.05,132.8,119.99,4447791
GREAVESCOT,2026-04-10,132.05,150.8,151.84,130.31,5556442
GREAVESCOT,2026-04-17,147.35,161.36,163.45,145.3,4466541
GREAVESCOT,2026-04-24,161.9,154.81,163.88,153.0,3643000
GREAVESCOT,2026-05-01,155.25,165.18,171.84,154.81,5367591
GREAVESCOT,2026-05-08,165.97,171.36,174.8,165.23,7057854
GREAVESCOT,2026-05-15,171.8,165.76,178.85,163.1,6914517
GREAVESCOT,2026-05-22,165.22,169.45,172.5,157.57,4348003
GREAVESCOT,2026-05-29,171.0,181.65,188.64,170.2,8437640
GREAVESCOT,2026-06-05,181.69,192.2,193.4,175.5,8252999
GREAVESCOT,2026-06-12,190.0,185.04,195.95,175.4,7005559
GREAVESCOT,2026-06-19,189.55,198.54,201.0,188.74,7620810
GREAVESCOT,2026-06-26,200.24,214.09,219.25,197.55,21120674
GREAVESCOT,2026-07-03,214.8,226.57,240.0,207.76,21340466
GREAVESCOT,2026-07-10,227.0,263.6,267.0,216.8,31108686
GREAVESCOT,2026-07-17,259.52,249.46,271.9,246.45,13128661
GREENPLY,2026-01-23,239.25,217.95,240.55,217.0,883782
GREENPLY,2026-01-30,220.0,225.1,227.9,214.8,472132
GREENPLY,2026-02-06,225.4,227.98,239.71,216.02,1243997
GREENPLY,2026-02-13,231.79,226.49,248.49,225.0,879343
GREENPLY,2026-02-20,226.4,222.93,234.8,220.0,611765
GREENPLY,2026-02-27,223.0,220.8,230.35,215.01,1742316
GREENPLY,2026-03-06,210.0,196.88,213.99,195.85,749293
GREENPLY,2026-03-13,194.39,193.18,205.5,187.99,1021874
GREENPLY,2026-03-20,194.0,192.9,203.77,188.71,636710
GREENPLY,2026-03-27,191.8,189.77,200.89,179.0,1125152
GREENPLY,2026-04-03,187.0,194.77,195.9,176.42,857158
GREENPLY,2026-04-10,194.77,216.02,219.95,190.4,723031
GREENPLY,2026-04-17,213.01,234.48,244.0,207.59,1273148
GREENPLY,2026-04-24,232.0,239.32,251.86,229.07,918283
GREENPLY,2026-05-01,239.95,267.35,294.66,239.95,62343115
GREENPLY,2026-05-08,265.0,272.85,285.0,258.5,2951944
GREENPLY,2026-05-15,272.0,254.25,272.0,253.1,1135370
GREENPLY,2026-05-22,254.5,258.95,265.0,245.4,719274
GREENPLY,2026-05-29,260.0,248.1,269.2,246.0,523919
GREENPLY,2026-06-05,248.8,291.79,294.0,243.61,2106847
GREENPLY,2026-06-12,284.0,290.98,298.8,276.95,1827246
GREENPLY,2026-06-19,293.9,291.67,307.79,289.04,949788
GREENPLY,2026-06-26,291.67,303.46,306.79,289.0,694187
GREENPLY,2026-07-03,305.59,316.0,317.1,294.0,1421777
GREENPLY,2026-07-10,319.65,316.75,326.85,309.25,1242654
GREENPLY,2026-07-17,312.5,315.35,324.0,310.9,684341
GRINDWELL,2026-01-23,1583.9,1544.9,1596.2,1496.8,81720
GRINDWELL,2026-01-30,1535.0,1543.4,1563.6,1491.2,84289
GRINDWELL,2026-02-06,1519.2,1638.3,1683.0,1505.0,209880
GRINDWELL,2026-02-13,1638.2,1635.7,1726.0,1614.0,256355
GRINDWELL,2026-02-20,1635.0,1672.4,1694.2,1590.0,255427
GRINDWELL,2026-02-27,1673.4,1662.4,1706.4,1606.7,475410
GRINDWELL,2026-03-06,1600.0,1568.8,1633.5,1553.2,138825
GRINDWELL,2026-03-13,1558.2,1434.9,1558.2,1413.8,213411
GRINDWELL,2026-03-20,1436.7,1402.2,1468.0,1385.0,279175
GRINDWELL,2026-03-27,1395.3,1369.9,1421.4,1329.0,328576
GRINDWELL,2026-04-03,1368.9,1387.9,1425.0,1341.5,105488
GRINDWELL,2026-04-10,1390.0,1536.6,1550.0,1390.0,139127
GRINDWELL,2026-04-17,1523.6,1575.9,1599.0,1514.6,265040
GRINDWELL,2026-04-24,1575.9,1609.8,1681.7,1566.0,180036
GRINDWELL,2026-05-01,1609.8,1575.9,1653.3,1561.0,933561
GRINDWELL,2026-05-08,1575.9,1684.8,1735.8,1565.0,298885
GRINDWELL,2026-05-15,1746.0,1859.9,1871.7,1721.0,1722554
GRINDWELL,2026-05-22,1861.4,1943.4,2002.7,1817.2,579526
GRINDWELL,2026-05-29,1962.1,1839.8,1962.1,1797.8,170130
GRINDWELL,2026-06-05,1869.0,1958.2,1971.9,1817.1,474586
GRINDWELL,2026-06-12,1938.6,1921.0,1984.9,1886.4,226817
GRINDWELL,2026-06-19,1975.0,2136.8,2150.0,1951.4,372714
GRINDWELL,2026-06-26,2149.0,2228.0,2294.4,2097.0,355439
GRINDWELL,2026-07-03,2228.0,2088.5,2244.0,2061.0,376775
GRINDWELL,2026-07-10,2090.0,2058.6,2103.1,1981.0,915530
GRINDWELL,2026-07-17,2050.0,2086.7,2455.0,1971.0,1004701
GRWRHITECH,2026-01-23,2851.0,2935.7,3168.0,2690.7,390638
GRWRHITECH,2026-01-30,2999.0,3012.6,3150.0,2857.8,160647
GRWRHITECH,2026-02-06,2959.8,4258.4,4488.9,2868.8,1448902
GRWRHITECH,2026-02-13,4370.0,4224.7,4417.8,4104.2,388561
GRWRHITECH,2026-02-20,4195.1,4190.7,4485.0,4145.1,255775
GRWRHITECH,2026-02-27,4290.0,4214.2,4322.9,3864.1,221003
GRWRHITECH,2026-03-06,4030.6,4051.5,4149.9,3825.6,206633
GRWRHITECH,2026-03-13,3949.0,3824.9,4215.1,3790.1,186722
GRWRHITECH,2026-03-20,3780.0,3650.8,3922.2,3636.0,190087
GRWRHITECH,2026-03-27,3636.0,3385.6,3695.0,3328.6,289142
GRWRHITECH,2026-04-03,3333.0,3703.4,3720.0,3241.0,202124
GRWRHITECH,2026-04-10,3703.4,3730.3,3949.0,3571.0,199675
GRWRHITECH,2026-04-17,3670.0,3985.6,4098.0,3670.0,329079
GRWRHITECH,2026-04-24,3985.6,4035.9,4250.0,3863.1,456960
GRWRHITECH,2026-05-01,4074.0,3999.0,4174.9,3801.2,367306
GRWRHITECH,2026-05-08,4044.0,5290.3,5560.0,4041.1,2314352
GRWRHITECH,2026-05-15,5329.0,5403.4,5500.0,4870.5,477664
GRWRHITECH,2026-05-22,5363.4,5353.4,5699.0,5180.6,583229
GRWRHITECH,2026-05-29,5362.4,6117.9,6166.0,5362.4,495713
GRWRHITECH,2026-06-05,6149.0,5893.0,6165.5,5480.0,418566
GRWRHITECH,2026-06-12,5800.0,6131.5,6320.0,5725.0,386162
GRWRHITECH,2026-06-19,6209.5,6785.5,6836.5,6090.0,465397
GRWRHITECH,2026-06-26,6801.0,6688.5,7085.5,6559.0,248129
GRWRHITECH,2026-07-03,6693.0,6875.0,7109.0,6558.5,312627
GRWRHITECH,2026-07-10,6870.5,6968.0,7185.0,6659.0,298500
GRWRHITECH,2026-07-17,6949.5,6970.5,7174.0,6765.5,198031
GUFICBIO,2026-01-23,314.0,309.7,323.8,296.4,184382
GUFICBIO,2026-01-30,310.4,307.25,310.5,293.05,154290
GUFICBIO,2026-02-06,299.3,308.05,319.8,290.25,126064
GUFICBIO,2026-02-13,308.8,309.5,319.8,296.0,137979
GUFICBIO,2026-02-20,304.9,288.55,312.6,282.65,266510
GUFICBIO,2026-02-27,288.45,283.05,289.2,274.45,246620
GUFICBIO,2026-03-06,275.0,279.15,283.65,270.6,161939
GUFICBIO,2026-03-13,275.0,287.45,300.05,268.0,284821
GUFICBIO,2026-03-20,284.6,294.35,303.25,277.45,327997
GUFICBIO,2026-03-27,289.8,280.45,302.5,273.4,333949
GUFICBIO,2026-04-03,276.6,288.6,297.0,273.0,120050
GUFICBIO,2026-04-10,290.8,302.85,309.0,281.05,159678
GUFICBIO,2026-04-17,300.2,299.75,312.4,291.2,210273
GUFICBIO,2026-04-24,299.7,298.3,302.2,286.0,171573
GUFICBIO,2026-05-01,299.0,284.6,300.1,284.0,147889
GUFICBIO,2026-05-08,285.0,302.45,307.0,284.3,628335
GUFICBIO,2026-05-15,305.0,282.0,310.0,278.7,348083
GUFICBIO,2026-05-22,278.1,293.7,295.1,273.15,129846
GUFICBIO,2026-05-29,295.0,333.85,341.95,295.0,1121123
GUFICBIO,2026-06-05,342.0,369.95,378.0,336.0,1242623
GUFICBIO,2026-06-12,372.3,371.25,398.8,348.6,1196602
GUFICBIO,2026-06-19,373.0,355.25,377.25,352.7,357856
GUFICBIO,2026-06-26,356.0,361.65,377.45,355.1,316999
GUFICBIO,2026-07-03,361.65,389.95,448.0,359.15,9581501
GUFICBIO,2026-07-10,389.9,392.4,398.25,371.75,840515
GUFICBIO,2026-07-17,394.5,381.9,407.0,378.3,536062
GUJGASLTD,2026-07-17,290.15,280.35,290.3,278.0,998386
GUJTHEM,2026-01-23,354.95,317.8,364.9,305.8,706634
GUJTHEM,2026-01-30,316.25,323.1,329.0,305.0,472462
GUJTHEM,2026-02-06,325.05,323.9,335.65,310.1,170517
GUJTHEM,2026-02-13,325.0,312.25,341.0,306.0,183314
GUJTHEM,2026-02-20,312.95,335.75,354.0,312.25,539727
GUJTHEM,2026-02-27,337.45,308.3,342.0,301.3,351576
GUJTHEM,2026-03-06,285.0,298.0,303.8,279.3,291386
GUJTHEM,2026-03-13,290.0,280.95,306.8,277.2,308556
GUJTHEM,2026-03-20,278.15,273.5,287.65,265.05,454364
GUJTHEM,2026-03-27,274.4,251.8,281.85,250.05,1002201
GUJTHEM,2026-04-03,249.95,251.31,256.0,225.05,388921
GUJTHEM,2026-04-10,251.31,285.67,288.0,244.21,357664
GUJTHEM,2026-04-17,276.0,319.07,323.0,270.26,374117
GUJTHEM,2026-04-24,320.0,359.94,380.0,313.04,9964356
GUJTHEM,2026-05-01,365.0,363.58,383.99,351.0,1540443
GUJTHEM,2026-05-08,365.0,398.5,412.45,360.2,943450
GUJTHEM,2026-05-15,398.5,370.3,398.5,356.8,373514
GUJTHEM,2026-05-22,367.0,368.7,372.0,336.9,621509
GUJTHEM,2026-05-29,379.0,404.3,441.2,362.05,4189782
GUJTHEM,2026-06-05,404.3,413.2,431.0,387.9,845210
GUJTHEM,2026-06-12,411.8,387.3,422.95,377.0,422995
GUJTHEM,2026-06-19,394.8,383.55,397.75,369.5,404164
GUJTHEM,2026-06-26,378.9,393.5,414.0,378.75,1607941
GUJTHEM,2026-07-03,393.95,385.95,408.7,383.5,507150
GUJTHEM,2026-07-10,386.1,378.95,388.45,363.0,395680
GUJTHEM,2026-07-17,376.95,369.6,395.35,362.1,365935
GVPIL,2026-01-23,307.5,281.9,308.05,275.85,576380
GVPIL,2026-01-30,281.95,298.55,303.2,270.9,538119
GVPIL,2026-02-06,290.05,332.2,346.0,283.05,1099308
GVPIL,2026-02-13,332.65,479.7,479.7,325.6,20561177
GVPIL,2026-02-20,479.7,484.7,552.05,448.55,41757483
GVPIL,2026-02-27,493.95,476.35,517.0,456.0,4256095
GVPIL,2026-03-06,455.15,451.3,472.0,436.8,580045
GVPIL,2026-03-13,435.0,442.8,476.0,428.75,554678
GVPIL,2026-03-20,447.7,425.15,458.0,421.2,411979
GVPIL,2026-03-27,424.0,404.35,428.8,402.1,703643
GVPIL,2026-04-03,400.0,411.0,412.0,384.15,244732
GVPIL,2026-04-10,410.95,461.6,461.6,406.0,437462
GVPIL,2026-04-17,449.35,499.9,521.0,441.1,652495
GVPIL,2026-04-24,500.95,531.05,546.0,480.0,738255
GVPIL,2026-05-01,535.0,604.35,604.35,531.05,1016837
GVPIL,2026-05-08,622.0,646.35,677.4,600.6,1252018
GVPIL,2026-05-15,635.0,696.1,748.4,621.0,1325300
GVPIL,2026-05-22,666.3,731.85,732.4,628.3,1752813
GVPIL,2026-05-29,757.0,865.15,867.45,745.05,2646973
GVPIL,2026-06-05,897.4,884.1,926.3,780.85,3387798
GVPIL,2026-06-12,860.3,929.55,935.95,855.05,2201562
GVPIL,2026-06-19,961.95,1052.55,1076.0,950.0,2497024
GVPIL,2026-06-26,1080.0,987.25,1084.0,958.35,1725324
GVPIL,2026-07-03,977.0,873.75,990.0,873.75,1626603
GVPIL,2026-07-10,842.0,820.35,953.8,817.7,1719866
GVPIL,2026-07-17,800.0,792.95,871.05,780.0,1382196
GVT&D,2026-01-23,2614.9,2712.7,2765.0,2523.2,3777189
GVT&D,2026-01-30,2711.0,3230.3,3273.1,2651.0,5287316
GVT&D,2026-02-06,3209.8,3552.2,3819.0,3152.0,5812770
GVT&D,2026-02-13,3615.7,3553.0,3798.0,3520.0,2398749
GVT&D,2026-02-20,3570.0,3648.6,3758.0,3485.9,2400408
GVT&D,2026-02-27,3688.5,3850.2,3912.0,3645.9,2568360
GVT&D,2026-03-06,3655.3,3869.0,3999.0,3607.0,3122471
GVT&D,2026-03-13,3753.0,3604.3,3919.7,3582.3,1956553
GVT&D,2026-03-20,3575.0,3678.9,3880.0,3390.0,2643845
GVT&D,2026-03-27,3649.0,3746.2,3826.5,3420.1,3614996
GVT&D,2026-04-03,3655.0,3822.2,4344.0,3626.5,3212615
GVT&D,2026-04-10,3808.0,4067.0,4125.0,3650.0,4023286
GVT&D,2026-04-17,3988.0,4138.2,4212.9,3978.0,2823258
GVT&D,2026-04-24,4158.8,4598.3,4694.0,4156.0,4812086
GVT&D,2026-05-01,4640.0,4466.2,4680.0,4443.0,2326595
GVT&D,2026-05-08,4500.0,4625.5,4849.0,4391.0,3969005
GVT&D,2026-05-15,4630.2,4342.6,4635.0,4231.1,1999973
GVT&D,2026-05-22,4350.0,4849.5,4962.4,4251.8,5973764
GVT&D,2026-05-29,4921.0,5148.6,5222.1,4730.6,4718361
GVT&D,2026-06-05,5100.0,5067.0,5148.5,4581.0,5855152
GVT&D,2026-06-12,4900.0,4942.5,5014.0,4660.0,3406810
GVT&D,2026-06-19,4999.5,5533.5,5632.0,4740.0,4271937
GVT&D,2026-06-26,5533.5,5043.0,5650.0,4965.5,4045296
GVT&D,2026-07-03,5057.0,4401.5,5079.0,4320.0,9920318
GVT&D,2026-07-10,4451.1,4677.1,4738.8,4340.0,4328650
GVT&D,2026-07-17,4644.5,4387.4,4730.0,4342.0,3770713
HAL,2026-01-23,4427.0,4305.7,4525.0,4235.0,4530830
HAL,2026-01-30,4349.9,4619.4,4670.0,4271.7,5763763
HAL,2026-02-06,4415.0,4067.5,4608.1,3952.0,17743234
HAL,2026-02-13,4066.1,4212.4,4263.5,4014.1,9873050
HAL,2026-02-20,4228.7,4170.0,4296.0,4101.6,4963060
HAL,2026-02-27,4150.0,3913.2,4150.0,3900.0,10209894
HAL,2026-03-06,3837.0,4023.7,4039.7,3825.5,11229431
HAL,2026-03-13,4023.7,3914.4,4103.8,3892.4,7893165
HAL,2026-03-20,3914.4,3782.4,3991.6,3776.6,5263206
HAL,2026-03-27,3760.6,3588.6,3762.8,3576.1,6445448
HAL,2026-04-03,3551.0,3687.0,3700.1,3479.1,6055029
HAL,2026-04-10,3713.5,4112.2,4138.6,3661.0,7691692
HAL,2026-04-17,4039.9,4388.1,4399.4,4013.3,5780655
HAL,2026-04-24,4400.0,4265.8,4413.0,4236.1,3740191
HAL,2026-05-01,4280.0,4338.8,4397.3,4280.0,2731163
HAL,2026-05-08,4356.0,4788.1,4836.3,4318.0,8657501
HAL,2026-05-15,4779.2,4386.2,4808.6,4370.0,9343354
HAL,2026-05-22,4359.4,4368.4,4429.7,4175.0,6697539
HAL,2026-05-29,4391.2,4303.8,4474.0,4255.3,7146729
HAL,2026-06-05,4303.8,4216.9,4340.0,4176.1,4291279
HAL,2026-06-12,4166.6,4192.3,4321.0,4148.8,3305861
HAL,2026-06-19,4235.0,4408.1,4485.0,4202.6,4743120
HAL,2026-06-26,4424.1,4368.7,4535.0,4309.1,4456159
HAL,2026-07-03,4368.0,4428.9,4502.4,4269.9,3040564
HAL,2026-07-10,4432.0,4506.8,4524.9,4305.8,3616368
HAL,2026-07-17,4498.7,4500.7,4521.7,4392.0,2912835
HAPPYFORGE,2026-01-23,1070.0,1022.2,1074.0,1003.3,140144
HAPPYFORGE,2026-01-30,1020.0,1063.8,1070.0,1004.5,94783
HAPPYFORGE,2026-02-06,1020.1,1095.3,1161.0,1020.1,252796
HAPPYFORGE,2026-02-13,1090.0,1299.8,1339.0,1089.9,1036271
HAPPYFORGE,2026-02-20,1310.0,1347.5,1370.0,1251.2,376161
HAPPYFORGE,2026-02-27,1370.0,1333.7,1370.0,1299.0,225986
HAPPYFORGE,2026-03-06,1285.1,1257.2,1341.5,1231.2,177944
HAPPYFORGE,2026-03-13,1240.1,1217.2,1345.0,1190.0,323555
HAPPYFORGE,2026-03-20,1200.6,1265.4,1328.0,1200.6,299057
HAPPYFORGE,2026-03-27,1245.1,1179.1,1259.1,1161.0,224155
HAPPYFORGE,2026-04-03,1157.0,1188.6,1210.9,1135.0,111880
HAPPYFORGE,2026-04-10,1186.8,1295.9,1345.0,1161.1,293281
HAPPYFORGE,2026-04-17,1265.0,1336.6,1360.0,1250.0,348524
HAPPYFORGE,2026-04-24,1359.8,1321.8,1398.0,1280.1,516095
HAPPYFORGE,2026-05-01,1346.0,1348.0,1365.0,1287.2,218438
HAPPYFORGE,2026-05-08,1374.0,1443.6,1462.0,1320.8,557071
HAPPYFORGE,2026-05-15,1446.0,1386.6,1470.0,1353.3,365821
HAPPYFORGE,2026-05-22,1395.1,1378.5,1490.0,1324.7,1136532
HAPPYFORGE,2026-05-29,1406.9,1387.4,1434.4,1357.7,384940
HAPPYFORGE,2026-06-05,1404.0,1388.0,1470.0,1369.0,606945
HAPPYFORGE,2026-06-12,1386.0,1331.9,1386.0,1323.2,253803
HAPPYFORGE,2026-06-19,1358.7,1465.0,1486.0,1335.1,1358531
HAPPYFORGE,2026-06-26,1474.8,1509.3,1590.4,1470.9,899273
HAPPYFORGE,2026-07-03,1504.0,1499.1,1552.0,1482.8,364055
HAPPYFORGE,2026-07-10,1499.1,1582.3,1598.3,1470.3,389311
HAPPYFORGE,2026-07-17,1582.3,1595.3,1636.5,1555.2,291423
HARSHA,2026-01-23,395.0,371.7,399.0,364.95,1085830
HARSHA,2026-01-30,373.0,375.2,378.4,358.0,93181
HARSHA,2026-02-06,366.5,384.55,418.0,360.4,437888
HARSHA,2026-02-13,384.55,381.4,404.5,377.9,268867
HARSHA,2026-02-20,382.0,379.8,389.85,377.25,89297
HARSHA,2026-02-27,379.9,369.55,382.45,363.65,139728
HARSHA,2026-03-06,355.05,362.05,369.0,348.0,97853
HARSHA,2026-03-13,360.9,350.65,361.45,349.9,70175
HARSHA,2026-03-20,345.4,340.6,350.65,336.0,182783
HARSHA,2026-03-27,337.2,322.35,355.7,321.1,225033
HARSHA,2026-04-03,317.0,333.55,336.8,313.3,97290
HARSHA,2026-04-10,330.65,357.9,376.0,320.5,161750
HARSHA,2026-04-17,350.05,401.6,412.7,344.05,425470
HARSHA,2026-04-24,401.0,381.6,401.0,379.6,152451
HARSHA,2026-05-01,385.0,386.7,405.65,378.0,270768
HARSHA,2026-05-08,388.0,426.1,469.0,384.15,3513554
HARSHA,2026-05-15,416.65,405.65,434.9,396.2,935579
HARSHA,2026-05-22,406.0,406.45,418.0,394.1,663344
HARSHA,2026-05-29,418.45,397.15,419.9,395.05,1158976
HARSHA,2026-06-05,400.5,404.85,417.0,385.0,1646314
HARSHA,2026-06-12,404.85,402.5,422.8,390.85,1734515
HARSHA,2026-06-19,408.5,431.05,451.0,408.5,1378857
HARSHA,2026-06-26,434.0,416.25,443.0,415.1,597418
HARSHA,2026-07-03,418.2,417.55,433.2,406.3,1352871
HARSHA,2026-07-10,417.55,427.7,438.0,415.1,877524
HARSHA,2026-07-17,427.7,419.9,432.0,414.35,614673
HAVELLS,2026-01-23,1426.5,1287.0,1454.5,1280.0,9343832
HAVELLS,2026-01-30,1289.0,1285.0,1296.6,1257.9,5015151
HAVELLS,2026-02-06,1275.0,1355.0,1358.9,1250.1,3123973
HAVELLS,2026-02-13,1358.0,1404.0,1419.0,1346.0,2715553
HAVELLS,2026-02-20,1404.0,1412.9,1442.3,1392.3,1877308
HAVELLS,2026-02-27,1420.0,1397.1,1426.0,1390.1,3313918
HAVELLS,2026-03-06,1360.0,1349.2,1383.6,1314.1,2605053
HAVELLS,2026-03-13,1336.9,1310.2,1404.6,1301.4,5611214
HAVELLS,2026-03-20,1310.0,1281.2,1349.2,1273.0,4179194
HAVELLS,2026-03-27,1270.0,1231.6,1300.0,1217.2,8310483
HAVELLS,2026-04-03,1210.9,1180.6,1227.4,1142.5,3562563
HAVELLS,2026-04-10,1188.4,1281.7,1284.0,1164.1,4206024
HAVELLS,2026-04-17,1258.4,1306.4,1314.8,1229.0,3803625
HAVELLS,2026-04-24,1312.8,1238.6,1410.7,1233.0,13770799
HAVELLS,2026-05-01,1248.0,1240.6,1290.3,1233.0,7010530
HAVELLS,2026-05-08,1241.1,1255.2,1276.7,1231.0,4126789
HAVELLS,2026-05-15,1248.2,1209.6,1249.0,1183.2,3336301
HAVELLS,2026-05-22,1206.0,1200.9,1218.2,1176.3,3528570
HAVELLS,2026-05-29,1209.9,1176.8,1219.4,1166.0,6431590
HAVELLS,2026-06-05,1185.3,1150.5,1186.2,1123.6,4489214
HAVELLS,2026-06-12,1143.1,1154.1,1165.9,1125.5,3331436
HAVELLS,2026-06-19,1172.2,1176.3,1209.1,1165.2,3884143
HAVELLS,2026-06-26,1185.5,1178.3,1196.0,1163.3,2412770
HAVELLS,2026-07-03,1178.3,1181.1,1200.9,1140.3,4439612
HAVELLS,2026-07-10,1186.5,1188.4,1234.0,1176.0,8706641
HAVELLS,2026-07-17,1180.9,1187.3,1195.6,1141.2,9875617
HBLENGINE,2026-01-23,790.0,706.1,790.8,700.0,14831266
HBLENGINE,2026-01-30,712.0,783.6,794.0,692.4,8253276
HBLENGINE,2026-02-06,758.0,784.7,807.0,742.1,5099866
HBLENGINE,2026-02-13,785.0,762.6,817.0,753.0,13639296
HBLENGINE,2026-02-20,758.0,720.35,758.8,716.8,5240861
HBLENGINE,2026-02-27,725.05,684.75,727.35,680.4,4528116
HBLENGINE,2026-03-06,648.3,676.9,689.9,641.25,5797896
HBLENGINE,2026-03-13,664.0,658.5,701.85,645.0,5542754
HBLENGINE,2026-03-20,658.95,659.5,693.9,641.2,4979797
HBLENGINE,2026-03-27,650.0,642.05,679.85,618.4,7141293
HBLENGINE,2026-04-03,634.1,667.4,673.5,613.0,4778810
HBLENGINE,2026-04-10,666.95,730.65,745.9,645.3,9057520
HBLENGINE,2026-04-17,712.8,786.5,794.9,706.0,7748248
HBLENGINE,2026-04-24,787.95,798.35,832.5,772.35,9604807
HBLENGINE,2026-05-01,802.0,798.5,829.85,787.7,5325348
HBLENGINE,2026-05-08,805.75,848.15,875.0,784.9,11314110
HBLENGINE,2026-05-15,842.05,771.95,850.0,769.0,6346204
HBLENGINE,2026-05-22,758.0,774.65,797.25,736.0,5886033
HBLENGINE,2026-05-29,751.0,822.6,875.0,738.15,16572542
HBLENGINE,2026-06-05,830.0,794.95,830.6,780.0,6093523
HBLENGINE,2026-06-12,780.0,774.3,788.45,732.1,4473128
HBLENGINE,2026-06-19,792.05,815.5,832.5,791.1,6258714
HBLENGINE,2026-06-26,819.0,827.25,844.9,808.25,6178530
HBLENGINE,2026-07-03,828.0,816.95,836.0,786.55,6105486
HBLENGINE,2026-07-10,816.0,765.85,829.5,751.6,4566630
HBLENGINE,2026-07-17,760.0,741.9,770.95,734.45,3850580
HCC,2026-01-23,20.5,18.17,20.64,18.07,143342819
HCC,2026-01-30,18.3,20.02,20.9,17.85,132575271
HCC,2026-02-06,19.35,19.06,20.35,18.8,95985020
HCC,2026-02-13,19.25,19.83,20.6,19.25,130479274
HCC,2026-02-20,19.99,18.69,19.99,18.61,64552571
HCC,2026-02-27,18.9,17.38,18.96,17.3,81383392
HCC,2026-03-06,16.56,16.01,17.17,15.9,88151753
HCC,2026-03-13,15.8,15.33,16.5,15.15,88972961
HCC,2026-03-20,15.52,15.44,15.87,14.6,123781877
HCC,2026-03-27,15.25,14.52,15.44,14.15,133174428
HCC,2026-04-03,14.25,15.4,15.54,13.65,93492108
HCC,2026-04-10,15.42,17.6,17.87,14.9,175197837
HCC,2026-04-17,17.0,19.09,19.71,16.75,175798173
HCC,2026-04-24,19.21,20.05,21.25,18.65,236132241
HCC,2026-05-01,20.44,22.04,22.88,20.0,234299239
HCC,2026-05-08,22.39,23.3,24.65,21.92,226725873
HCC,2026-05-15,23.0,21.41,23.17,20.96,198580410
HCC,2026-05-22,21.12,20.87,21.64,20.35,125117661
HCC,2026-05-29,21.25,22.81,23.98,21.19,260430980
HCC,2026-06-05,23.0,24.02,24.5,21.82,229531634
HCC,2026-06-12,23.6,23.37,24.2,21.55,164196016
HCC,2026-06-19,24.01,27.02,28.39,23.76,448952587
HCC,2026-06-26,27.3,26.76,28.5,26.55,217517180
HCC,2026-07-03,26.77,24.83,26.78,24.75,129900057
HCC,2026-07-10,24.9,23.89,25.2,22.53,149248019
HCC,2026-07-17,23.59,22.37,24.16,22.11,101244829
HCLTECH,2026-01-23,1698.0,1707.0,1721.0,1668.9,9283201
HCLTECH,2026-01-30,1720.0,1695.6,1734.4,1683.0,12069680
HCLTECH,2026-02-06,1670.0,1593.7,1780.1,1574.1,17479321
HCLTECH,2026-02-13,1600.4,1455.2,1619.9,1396.0,20655586
HCLTECH,2026-02-20,1451.1,1436.5,1510.7,1431.0,12054904
HCLTECH,2026-02-27,1438.2,1389.1,1441.6,1322.5,29318915
HCLTECH,2026-03-06,1351.0,1356.7,1386.0,1332.5,9340095
HCLTECH,2026-03-13,1330.0,1325.4,1376.0,1321.0,10573178
HCLTECH,2026-03-20,1312.8,1333.7,1378.4,1297.7,15181833
HCLTECH,2026-03-27,1314.8,1364.4,1411.4,1310.0,21845487
HCLTECH,2026-04-03,1350.0,1402.2,1412.8,1336.2,14519644
HCLTECH,2026-04-10,1397.0,1451.2,1469.0,1388.1,16383953
HCLTECH,2026-04-17,1441.0,1442.3,1474.9,1417.5,14795626
HCLTECH,2026-04-24,1445.9,1203.2,1455.0,1198.1,57718677
HCLTECH,2026-05-01,1209.0,1199.1,1232.7,1184.0,22557471
HCLTECH,2026-05-08,1208.0,1198.4,1213.5,1176.8,15859204
HCLTECH,2026-05-15,1196.9,1132.6,1206.3,1103.4,18666838
HCLTECH,2026-05-22,1129.0,1164.0,1198.3,1121.4,14051318
HCLTECH,2026-05-29,1168.0,1183.8,1191.7,1153.7,16067393
HCLTECH,2026-06-05,1190.1,1154.7,1257.0,1147.0,22431414
HCLTECH,2026-06-12,1141.9,1109.6,1159.0,1089.5,11011844
HCLTECH,2026-06-19,1123.5,1131.7,1173.6,1091.4,26350246
HCLTECH,2026-06-26,1136.0,1100.7,1148.7,1093.2,14928457
HCLTECH,2026-07-03,1095.6,1139.0,1159.0,1030.0,29295586
HCLTECH,2026-07-10,1145.0,1164.1,1191.5,1121.0,17032138
HCLTECH,2026-07-17,1162.0,1203.9,1237.0,1144.5,32221412
HDFCAMC,2026-01-23,2580.2,2429.7,2598.8,2420.0,3831323
HDFCAMC,2026-01-30,2433.0,2515.7,2555.0,2407.3,5372047
HDFCAMC,2026-02-06,2468.9,2719.8,2772.6,2432.0,9766775
HDFCAMC,2026-02-13,2750.0,2813.2,2843.9,2715.0,3811334
HDFCAMC,2026-02-20,2807.8,2715.7,2901.5,2701.4,2444090
HDFCAMC,2026-02-27,2739.0,2698.6,2772.0,2666.5,4200889
HDFCAMC,2026-03-06,2625.0,2503.8,2690.2,2495.2,3107077
HDFCAMC,2026-03-13,2453.8,2381.0,2551.3,2357.3,5397613
HDFCAMC,2026-03-20,2384.0,2385.9,2501.6,2323.0,6306962
HDFCAMC,2026-03-27,2359.9,2313.9,2419.5,2236.6,8440929
HDFCAMC,2026-04-03,2255.1,2348.6,2369.0,2205.6,5651555
HDFCAMC,2026-04-10,2349.8,2619.3,2626.2,2315.2,5698961
HDFCAMC,2026-04-17,2549.7,2792.4,2799.0,2525.2,8375909
HDFCAMC,2026-04-24,2791.8,2735.0,2816.8,2692.9,6048358
HDFCAMC,2026-05-01,2749.9,2712.6,2808.3,2703.7,3670480
HDFCAMC,2026-05-08,2725.0,2854.0,2872.4,2707.0,4270649
HDFCAMC,2026-05-15,2845.0,2703.5,2845.0,2618.0,3840442
HDFCAMC,2026-05-22,2663.0,2738.7,2774.2,2600.1,4044636
HDFCAMC,2026-05-29,2768.0,2674.3,2809.8,2652.6,4093973
HDFCAMC,2026-06-05,2687.5,2495.9,2712.4,2463.5,5201617
HDFCAMC,2026-06-12,2465.0,2455.9,2510.4,2380.8,4871331
HDFCAMC,2026-06-19,2500.0,2719.0,2735.0,2499.0,4663435
HDFCAMC,2026-06-26,2730.0,2649.7,2732.9,2621.0,2952885
HDFCAMC,2026-07-03,2638.0,2800.2,2808.3,2594.4,4406881
HDFCAMC,2026-07-10,2821.5,2761.2,2838.4,2645.8,3870700
HDFCAMC,2026-07-17,2751.0,2651.2,2767.3,2587.6,8100872
HDFCBANK,2026-01-23,935.9,916.1,936.15,909.25,182411525
HDFCBANK,2026-01-30,906.0,929.25,941.45,905.0,146967092
HDFCBANK,2026-02-06,915.0,941.1,994.0,909.3,148959285
HDFCBANK,2026-02-13,945.0,903.9,950.0,901.0,164403580
HDFCBANK,2026-02-20,903.9,911.85,929.5,902.1,98009461
HDFCBANK,2026-02-27,916.5,887.75,927.95,885.0,158255102
HDFCBANK,2026-03-06,876.2,857.05,887.75,848.0,144005475
HDFCBANK,2026-03-13,825.0,817.0,856.8,812.0,218527738
HDFCBANK,2026-03-20,817.0,780.45,848.9,770.0,389283509
HDFCBANK,2026-03-27,763.15,756.2,794.8,741.05,258327563
HDFCBANK,2026-04-03,745.2,750.9,755.9,726.65,231673196
HDFCBANK,2026-04-10,759.0,810.3,819.0,745.0,251591382
HDFCBANK,2026-04-17,791.5,799.9,820.05,787.35,187462680
HDFCBANK,2026-04-24,797.1,784.85,814.9,777.0,190558182
HDFCBANK,2026-05-01,787.5,771.7,794.5,762.25,127280896
HDFCBANK,2026-05-08,772.6,780.85,801.55,763.7,187600942
HDFCBANK,2026-05-15,771.95,767.5,781.9,747.0,189361704
HDFCBANK,2026-05-22,759.0,766.8,775.0,751.35,154402156
HDFCBANK,2026-05-29,776.0,744.55,790.85,737.75,222551598
HDFCBANK,2026-06-05,749.0,747.05,758.7,733.15,196210474
HDFCBANK,2026-06-12,738.0,772.45,774.45,732.3,173268588
HDFCBANK,2026-06-19,790.0,779.8,802.95,775.6,175507740
HDFCBANK,2026-06-26,789.9,796.3,804.45,772.55,134893085
HDFCBANK,2026-07-03,800.0,801.05,807.0,792.75,178584492
HDFCBANK,2026-07-10,805.0,824.95,843.0,805.0,223057271
HDFCBANK,2026-07-17,817.0,819.6,823.7,806.5,104949378
HDFCLIFE,2026-01-23,726.9,712.1,742.95,710.3,13951994
HDFCLIFE,2026-01-30,712.1,731.0,735.7,708.1,11307048
HDFCLIFE,2026-02-06,717.3,703.5,735.0,698.55,15945456
HDFCLIFE,2026-02-13,704.5,696.8,713.95,688.9,15698258
HDFCLIFE,2026-02-20,693.0,728.65,735.8,693.0,12746310
HDFCLIFE,2026-02-27,730.0,715.3,745.75,714.25,12463445
HDFCLIFE,2026-03-06,704.6,668.55,720.0,667.95,17116484
HDFCLIFE,2026-03-13,655.0,625.75,661.6,624.0,15721823
HDFCLIFE,2026-03-20,625.0,623.65,646.6,617.2,13594157
HDFCLIFE,2026-03-27,615.1,610.2,617.2,590.05,15205739
HDFCLIFE,2026-04-03,608.95,566.1,610.0,555.1,21955859
HDFCLIFE,2026-04-10,563.0,604.15,608.55,560.75,22093521
HDFCLIFE,2026-04-17,592.45,616.45,650.75,592.0,22470357
HDFCLIFE,2026-04-24,617.0,588.2,617.25,585.6,21069512
HDFCLIFE,2026-05-01,595.0,586.9,603.45,578.4,24257067
HDFCLIFE,2026-05-08,591.95,621.7,629.3,583.0,65780856
HDFCLIFE,2026-05-15,619.0,608.7,626.0,598.85,14839088
HDFCLIFE,2026-05-22,600.7,616.6,620.7,594.05,16564730
HDFCLIFE,2026-05-29,622.5,594.8,624.05,588.8,16326851
HDFCLIFE,2026-06-05,594.75,575.3,603.85,570.25,15361158
HDFCLIFE,2026-06-12,571.9,555.35,572.9,543.0,15874445
HDFCLIFE,2026-06-19,561.0,591.85,593.8,561.0,10476873
HDFCLIFE,2026-06-26,591.9,585.45,605.0,583.1,9962557
HDFCLIFE,2026-07-03,584.45,567.7,587.45,564.8,19691629
HDFCLIFE,2026-07-10,565.75,567.7,573.8,551.0,24257771
HDFCLIFE,2026-07-17,563.0,563.65,588.0,553.25,25017815
HESTERBIO,2026-01-23,1535.0,1379.9,1535.0,1372.0,23745
HESTERBIO,2026-01-30,1385.0,1483.8,1523.7,1360.3,32594
HESTERBIO,2026-02-06,1530.0,1509.5,1546.8,1476.7,16916
HESTERBIO,2026-02-13,1509.5,1564.6,1591.9,1503.9,21594
HESTERBIO,2026-02-20,1569.0,1572.3,1629.0,1538.2,11393
HESTERBIO,2026-02-27,1578.2,1562.1,1598.0,1536.1,15435
HESTERBIO,2026-03-06,1502.0,1474.1,1559.9,1470.0,13613
HESTERBIO,2026-03-13,1480.1,1400.7,1560.0,1378.9,27338
HESTERBIO,2026-03-20,1400.5,1395.0,1495.0,1378.3,38866
HESTERBIO,2026-03-27,1395.0,1317.4,1406.0,1310.0,25850
HESTERBIO,2026-04-03,1317.4,1419.4,1427.9,1239.3,13266
HESTERBIO,2026-04-10,1419.5,1454.6,1470.1,1400.0,14001
HESTERBIO,2026-04-17,1454.6,1491.0,1528.6,1421.0,15822
HESTERBIO,2026-04-24,1530.0,1492.0,1530.0,1450.1,24146
HESTERBIO,2026-05-01,1519.0,1634.2,1800.0,1480.0,60042
HESTERBIO,2026-05-08,1615.4,1646.3,1697.0,1613.6,12072
HESTERBIO,2026-05-15,1643.0,1831.4,1990.0,1626.1,227292
HESTERBIO,2026-05-22,1810.0,1875.2,1918.0,1755.0,87590
HESTERBIO,2026-05-29,1910.0,2009.2,2238.7,1875.3,188464
HESTERBIO,2026-06-05,2030.0,1961.6,2070.6,1910.2,32534
HESTERBIO,2026-06-12,1950.0,1952.9,2018.8,1916.0,26319
HESTERBIO,2026-06-19,1979.0,2076.4,2149.0,1965.0,45041
HESTERBIO,2026-06-26,2079.9,2230.8,2315.0,2079.9,91304
HESTERBIO,2026-07-03,2263.2,2198.4,2295.0,2130.1,33074
HESTERBIO,2026-07-10,2218.2,2120.9,2259.0,2067.2,23614
HESTERBIO,2026-07-17,2110.0,2447.8,2660.0,2110.0,918044
HFCL,2026-01-23,68.02,61.1,68.64,59.84,66040094
HFCL,2026-01-30,61.39,68.61,69.75,59.82,93927024
HFCL,2026-02-06,65.7,70.91,72.7,63.45,125668883
HFCL,2026-02-13,71.3,69.74,73.5,69.2,64158966
HFCL,2026-02-20,69.6,71.31,75.4,68.65,99634997
HFCL,2026-02-27,71.66,68.51,72.34,67.85,49805476
HFCL,2026-03-06,66.24,69.64,71.1,64.5,71376938
HFCL,2026-03-13,67.7,71.97,77.2,65.68,192132065
HFCL,2026-03-20,72.32,71.16,75.06,69.3,81096550
HFCL,2026-03-27,70.0,70.76,73.3,66.2,79668976
HFCL,2026-04-03,70.5,71.72,73.45,67.15,55570730
HFCL,2026-04-10,71.44,84.4,84.8,69.83,193388642
HFCL,2026-04-17,82.25,95.49,96.2,81.69,222508270
HFCL,2026-04-24,97.0,100.22,101.5,92.92,182741028
HFCL,2026-05-01,101.75,116.03,119.5,101.75,349131529
HFCL,2026-05-08,122.35,141.15,147.67,119.38,686763437
HFCL,2026-05-15,139.3,147.89,155.3,137.65,407654628
HFCL,2026-05-22,147.3,148.21,148.98,134.93,211127313
HFCL,2026-05-29,158.9,179.94,189.08,155.0,371347748
HFCL,2026-06-05,180.0,187.23,208.98,176.5,314230599
HFCL,2026-06-12,177.87,171.86,184.7,160.66,148595719
HFCL,2026-06-19,180.45,209.61,209.61,180.45,125077079
HFCL,2026-06-26,218.99,215.0,220.09,195.0,122765670
HFCL,2026-07-03,212.2,214.48,219.96,201.49,132492954
HFCL,2026-07-10,212.9,217.25,229.5,208.81,114984309
HFCL,2026-07-17,214.04,213.17,229.4,206.1,85193588
HIRECT,2026-01-23,698.0,603.85,698.0,595.05,231594
HIRECT,2026-01-30,603.85,626.2,631.7,565.2,207614
HIRECT,2026-02-06,626.8,670.9,726.15,582.8,403110
HIRECT,2026-02-13,700.0,679.4,754.0,663.5,1013872
HIRECT,2026-02-20,655.05,654.2,678.95,634.0,357674
HIRECT,2026-02-27,657.5,709.15,740.95,657.5,1865988
HIRECT,2026-03-06,658.95,728.4,735.5,649.95,371344
HIRECT,2026-03-13,722.5,716.1,773.4,693.95,363552
HIRECT,2026-03-20,715.0,744.3,799.0,693.0,328232
HIRECT,2026-03-27,747.9,717.4,815.0,708.5,615617
HIRECT,2026-04-03,704.6,693.25,713.45,643.7,304901
HIRECT,2026-04-10,698.25,840.4,847.4,661.5,2045001
HIRECT,2026-04-17,819.0,898.65,915.0,811.6,2135517
HIRECT,2026-04-24,885.0,909.9,951.0,875.0,692661
HIRECT,2026-05-01,919.6,941.7,989.0,908.1,447676
HIRECT,2026-05-08,951.4,935.2,968.8,870.2,543280
HIRECT,2026-05-15,927.0,946.35,980.45,869.1,630588
HIRECT,2026-05-22,890.05,963.65,1020.0,797.55,3045806
HIRECT,2026-05-29,972.0,1113.95,1212.1,965.1,1832335
HIRECT,2026-06-05,1129.0,1128.4,1204.4,1073.0,747334
HIRECT,2026-06-12,1133.5,1130.5,1169.0,1043.2,1014865
HIRECT,2026-06-19,1158.8,1152.4,1209.9,1123.6,673351
HIRECT,2026-06-26,1166.0,1121.0,1179.0,1111.2,242322
HIRECT,2026-07-03,1120.0,1092.2,1184.0,1070.5,492567
HIRECT,2026-07-10,1119.8,1055.1,1119.8,1001.0,346511
HIRECT,2026-07-17,1044.6,1244.5,1399.0,1029.1,5154486
HLEGLAS,2026-01-23,440.0,396.15,440.05,385.8,591948
HLEGLAS,2026-01-30,393.0,381.15,395.0,364.7,520148
HLEGLAS,2026-02-06,378.0,374.2,394.0,352.9,492000
HLEGLAS,2026-02-13,375.0,322.9,415.5,321.35,1820977
HLEGLAS,2026-02-20,322.85,322.4,336.7,314.4,477676
HLEGLAS,2026-02-27,323.55,327.75,334.7,311.15,345566
HLEGLAS,2026-03-06,308.0,308.4,327.8,305.05,366647
HLEGLAS,2026-03-13,307.8,293.65,321.6,289.05,625092
HLEGLAS,2026-03-20,296.6,286.3,301.95,273.3,825034
HLEGLAS,2026-03-27,286.25,263.8,291.4,258.65,649897
HLEGLAS,2026-04-03,258.5,267.0,276.05,250.0,777083
HLEGLAS,2026-04-10,267.0,299.85,305.0,265.0,561644
HLEGLAS,2026-04-17,295.7,331.3,336.9,287.25,492206
HLEGLAS,2026-04-24,332.0,321.85,334.95,316.5,500731
HLEGLAS,2026-05-01,321.5,320.35,339.0,317.2,256094
HLEGLAS,2026-05-08,320.35,352.65,365.0,317.0,653634
HLEGLAS,2026-05-15,350.0,317.35,365.65,313.5,591690
HLEGLAS,2026-05-22,317.35,324.7,332.5,292.95,893019
HLEGLAS,2026-05-29,329.9,319.75,336.8,316.6,305814
HLEGLAS,2026-06-05,320.1,384.5,409.8,314.4,16103324
HLEGLAS,2026-06-12,380.0,381.4,393.0,356.3,865566
HLEGLAS,2026-06-19,395.0,375.0,396.7,371.1,561306
HLEGLAS,2026-06-26,379.1,380.45,404.0,375.0,791664
HLEGLAS,2026-07-03,379.5,381.2,404.0,371.35,594023
HLEGLAS,2026-07-10,382.2,419.05,444.4,377.4,4759758
HLEGLAS,2026-07-17,416.0,422.0,446.0,384.5,1763352
HNDFDS,2026-01-23,487.5,449.75,498.05,444.2,472927
HNDFDS,2026-01-30,446.95,464.7,471.9,442.0,198459
HNDFDS,2026-02-06,460.0,487.1,497.95,446.55,266840
HNDFDS,2026-02-13,488.05,505.55,535.3,483.0,408497
HNDFDS,2026-02-20,500.05,494.55,505.4,478.45,164199
HNDFDS,2026-02-27,492.3,487.2,495.45,477.05,124613
HNDFDS,2026-03-06,475.0,477.05,485.9,465.0,181471
HNDFDS,2026-03-13,470.9,470.65,484.55,460.0,285520
HNDFDS,2026-03-20,469.65,482.15,491.0,463.05,190737
HNDFDS,2026-03-27,478.0,508.65,516.5,461.6,335064
HNDFDS,2026-04-03,508.0,490.45,514.95,481.0,188733
HNDFDS,2026-04-10,488.0,508.75,512.7,484.25,251020
HNDFDS,2026-04-17,498.0,508.55,523.95,495.95,199317
HNDFDS,2026-04-24,507.0,486.6,508.4,479.05,314965
HNDFDS,2026-05-01,485.1,492.95,498.0,482.0,185249
HNDFDS,2026-05-08,492.0,545.1,553.45,492.0,486436
HNDFDS,2026-05-15,543.0,520.15,545.9,511.85,296949
HNDFDS,2026-05-22,512.0,513.35,549.25,509.1,239888
HNDFDS,2026-05-29,522.6,518.75,545.0,515.0,278919
HNDFDS,2026-06-05,524.0,530.25,545.0,515.55,315620
HNDFDS,2026-06-12,522.4,529.7,539.75,518.0,191404
HNDFDS,2026-06-19,535.0,545.4,568.95,531.65,403856
HNDFDS,2026-06-26,546.75,559.75,568.85,540.0,654696
HNDFDS,2026-07-03,560.0,551.05,571.95,546.2,372001
HNDFDS,2026-07-10,555.0,569.55,575.0,524.15,482015
HNDFDS,2026-07-17,574.95,558.4,594.0,554.0,350792
HONASA,2026-01-23,285.9,271.8,286.35,267.35,2125167
HONASA,2026-01-30,271.8,276.35,278.05,260.8,1194202
HONASA,2026-02-06,270.0,285.5,287.4,269.55,1708310
HONASA,2026-02-13,290.85,301.45,319.0,286.0,25192865
HONASA,2026-02-20,300.15,300.8,310.95,295.25,6931505
HONASA,2026-02-27,306.5,303.0,312.9,300.65,2716995
HONASA,2026-03-06,286.8,290.8,304.85,283.0,2701395
HONASA,2026-03-13,285.0,268.95,298.2,267.5,2142069
HONASA,2026-03-20,265.4,289.2,295.95,261.6,5351542
HONASA,2026-03-27,285.0,298.25,300.45,277.75,1890647
HONASA,2026-04-03,291.05,304.0,309.4,288.2,2430563
HONASA,2026-04-10,302.0,344.85,348.7,300.15,14638857
HONASA,2026-04-17,342.7,345.3,353.55,335.1,4445039
HONASA,2026-04-24,348.5,348.85,359.75,337.3,2786535
HONASA,2026-05-01,349.2,340.6,353.0,339.5,1778361
HONASA,2026-05-08,336.95,359.25,362.8,331.0,2901452
HONASA,2026-05-15,361.0,354.0,364.7,344.5,4154013
HONASA,2026-05-22,354.6,384.35,402.8,340.55,71210379
HONASA,2026-05-29,385.0,406.4,424.9,381.85,17077540
HONASA,2026-06-05,409.35,416.1,422.4,396.1,5761734
HONASA,2026-06-12,410.05,413.65,438.35,404.45,16965428
HONASA,2026-06-19,417.75,417.4,419.7,398.2,4356831
HONASA,2026-06-26,415.9,417.7,435.15,402.3,13085639
HONASA,2026-07-03,420.3,461.75,473.35,416.2,14694681
HONASA,2026-07-10,460.25,472.1,478.8,458.8,6318744
HONASA,2026-07-17,468.85,466.95,491.35,461.0,3832428
HONAUT,2026-01-23,33965.0,31375.0,34300.0,31185.0,31909
HONAUT,2026-01-30,31405.0,33375.0,34280.0,30590.0,30102
HONAUT,2026-02-06,32950.0,31955.0,34645.0,31800.0,19642
HONAUT,2026-02-13,32250.0,31375.0,32775.0,31230.0,14718
HONAUT,2026-02-20,31500.0,30895.0,31720.0,30805.0,15961
HONAUT,2026-02-27,31000.0,30975.0,32125.0,30890.0,17847
HONAUT,2026-03-06,30600.0,29965.0,30970.0,29845.0,39549
HONAUT,2026-03-13,29750.0,30050.0,31060.0,29385.0,27172
HONAUT,2026-03-20,30100.0,28330.0,30250.0,28200.0,22902
HONAUT,2026-03-27,28150.0,27030.0,28450.0,26955.0,19943
HONAUT,2026-04-03,26990.0,26885.0,27695.0,26220.0,18617
HONAUT,2026-04-10,27250.0,28585.0,28670.0,26575.0,54642
HONAUT,2026-04-17,28105.0,32785.0,32900.0,27780.0,49731
HONAUT,2026-04-24,33085.0,31365.0,33100.0,31215.0,21439
HONAUT,2026-05-01,31365.0,31030.0,32005.0,30855.0,9134
HONAUT,2026-05-08,31400.0,30170.0,31495.0,30000.0,26444
HONAUT,2026-05-15,30155.0,28975.0,30155.0,28000.0,19914
HONAUT,2026-05-22,28950.0,35405.0,36550.0,28150.0,272990
HONAUT,2026-05-29,35245.0,35520.0,36500.0,34000.0,65763
HONAUT,2026-06-05,35700.0,34700.0,36195.0,34240.0,46652
HONAUT,2026-06-12,34300.0,36160.0,36700.0,34300.0,38181
HONAUT,2026-06-19,36395.0,37460.0,37750.0,35770.0,26672
HONAUT,2026-06-26,37800.0,39405.0,39650.0,37500.0,26806
HONAUT,2026-07-03,39600.0,39515.0,40480.0,38780.0,24402
HONAUT,2026-07-10,39515.0,38175.0,39600.0,37315.0,22561
HONAUT,2026-07-17,38165.0,38955.0,39800.0,37580.0,24681
HSCL,2026-01-23,477.0,446.8,481.6,439.0,5603326
HSCL,2026-01-30,446.4,460.75,474.9,441.8,3261722
HSCL,2026-02-06,445.55,455.2,479.45,444.05,8116157
HSCL,2026-02-13,458.5,450.35,464.5,447.0,3438659
HSCL,2026-02-20,450.5,489.7,496.0,447.0,11777345
HSCL,2026-02-27,497.35,484.85,497.35,477.4,5778397
HSCL,2026-03-06,466.0,451.3,476.3,437.1,7815386
HSCL,2026-03-13,443.15,438.85,456.1,425.0,7227628
HSCL,2026-03-20,434.0,451.4,459.05,421.0,10345178
HSCL,2026-03-27,445.0,443.85,471.0,429.5,11251020
HSCL,2026-04-03,439.0,448.15,465.6,423.2,12435006
HSCL,2026-04-10,446.85,470.9,478.05,431.55,15665591
HSCL,2026-04-17,463.0,493.55,498.0,456.2,12321858
HSCL,2026-04-24,496.0,566.15,605.0,482.65,96419943
HSCL,2026-05-01,577.0,607.75,624.0,544.5,53636839
HSCL,2026-05-08,619.15,637.65,654.45,587.4,69740960
HSCL,2026-05-15,631.95,596.0,632.5,580.8,60154995
HSCL,2026-05-22,593.2,587.15,607.95,539.6,52323566
HSCL,2026-05-29,587.0,606.45,625.0,578.05,27617500
HSCL,2026-06-05,604.0,685.05,698.0,580.9,71075215
HSCL,2026-06-12,680.0,680.5,707.45,633.8,92682506
HSCL,2026-06-19,690.0,671.05,718.0,663.15,65596008
HSCL,2026-06-26,676.95,678.1,685.8,630.05,69105661
HSCL,2026-07-03,677.95,680.65,693.3,640.0,61245280
HSCL,2026-07-10,682.0,660.45,693.9,635.85,49872104
HSCL,2026-07-17,658.6,741.55,744.5,653.0,63251597
ICICIBANK,2026-01-23,1399.9,1343.4,1400.0,1335.7,91318025
ICICIBANK,2026-01-30,1340.0,1355.0,1387.7,1328.6,85638281
ICICIBANK,2026-02-06,1329.9,1406.1,1417.0,1329.1,68611577
ICICIBANK,2026-02-13,1413.5,1414.6,1434.4,1388.8,64813059
ICICIBANK,2026-02-20,1404.0,1394.5,1414.0,1384.0,46175268
ICICIBANK,2026-02-27,1400.0,1378.9,1410.0,1376.7,87685934
ICICIBANK,2026-03-06,1355.0,1313.4,1379.2,1310.4,77307158
ICICIBANK,2026-03-13,1272.7,1254.8,1315.0,1248.7,85497635
ICICIBANK,2026-03-20,1255.0,1245.4,1297.1,1240.1,88848830
ICICIBANK,2026-03-27,1226.6,1233.8,1272.9,1218.1,78588251
ICICIBANK,2026-04-03,1216.5,1215.8,1234.0,1187.6,70276830
ICICIBANK,2026-04-10,1213.0,1321.9,1333.5,1200.5,101905439
ICICIBANK,2026-04-17,1304.9,1346.8,1366.9,1296.7,96568843
ICICIBANK,2026-04-24,1364.7,1326.2,1393.1,1324.0,92645997
ICICIBANK,2026-05-01,1327.9,1263.4,1335.9,1259.0,61616543
ICICIBANK,2026-05-08,1264.3,1264.8,1294.0,1245.5,98120548
ICICIBANK,2026-05-15,1259.4,1244.5,1275.7,1227.2,87862705
ICICIBANK,2026-05-22,1235.5,1264.3,1270.8,1223.3,93796477
ICICIBANK,2026-05-29,1271.0,1256.4,1301.8,1247.9,81628484
ICICIBANK,2026-06-05,1257.1,1262.1,1265.0,1213.7,71395574
ICICIBANK,2026-06-12,1246.4,1340.8,1344.3,1243.1,113293579
ICICIBANK,2026-06-19,1354.6,1346.5,1362.7,1325.3,59793811
ICICIBANK,2026-06-26,1353.0,1387.5,1404.0,1331.5,50313641
ICICIBANK,2026-07-03,1390.0,1411.4,1420.0,1366.1,72276710
ICICIBANK,2026-07-10,1412.0,1401.2,1433.0,1375.9,58902752
ICICIBANK,2026-07-17,1393.5,1444.3,1455.1,1386.3,58463916
ICICIGI,2026-01-23,1870.2,1795.7,1895.1,1790.0,5056161
ICICIGI,2026-01-30,1790.0,1814.1,1853.3,1779.8,4585856
ICICIGI,2026-02-06,1832.9,1861.6,1890.0,1801.8,3279041
ICICIGI,2026-02-13,1879.8,1916.1,1950.0,1845.0,2360686
ICICIGI,2026-02-20,1902.4,1936.1,1983.1,1902.4,2567025
ICICIGI,2026-02-27,1940.0,1901.5,1967.9,1891.7,3172374
ICICIGI,2026-03-06,1835.6,1880.3,1913.3,1835.6,2034797
ICICIGI,2026-03-13,1857.2,1837.1,1910.7,1832.4,2559557
ICICIGI,2026-03-20,1836.2,1777.2,1863.8,1772.2,3324657
ICICIGI,2026-03-27,1761.0,1747.0,1780.9,1703.2,7589051
ICICIGI,2026-04-03,1710.0,1689.1,1754.9,1629.5,4194663
ICICIGI,2026-04-10,1700.9,1786.0,1802.0,1675.0,3093809
ICICIGI,2026-04-17,1745.7,1891.6,1908.9,1745.7,3335706
ICICIGI,2026-04-24,1891.6,1772.1,1908.8,1765.0,2669029
ICICIGI,2026-05-01,1780.0,1763.2,1806.7,1736.3,1839010
ICICIGI,2026-05-08,1762.0,1828.0,1862.8,1742.9,4390752
ICICIGI,2026-05-15,1820.0,1835.2,1856.8,1763.6,2484882
ICICIGI,2026-05-22,1820.0,1826.2,1850.5,1767.2,2094613
ICICIGI,2026-05-29,1835.1,1792.2,1887.5,1739.5,3826484
ICICIGI,2026-06-05,1790.9,1758.0,1795.7,1718.4,3571367
ICICIGI,2026-06-12,1735.0,1695.7,1802.4,1671.8,2994846
ICICIGI,2026-06-19,1715.0,1870.1,1884.1,1715.0,3875726
ICICIGI,2026-06-26,1877.9,1813.6,1893.5,1809.0,1796780
ICICIGI,2026-07-03,1810.0,1772.8,1822.7,1733.0,3834308
ICICIGI,2026-07-10,1777.0,1826.2,1837.9,1766.8,2433619
ICICIGI,2026-07-17,1806.0,1612.2,1821.9,1544.6,20341175
ICIL,2026-01-23,252.95,224.5,255.7,222.1,1668138
ICIL,2026-01-30,230.4,235.75,245.85,221.0,1988148
ICIL,2026-02-06,230.83,302.71,343.0,228.67,17713257
ICIL,2026-02-13,314.45,303.42,319.75,288.5,5212767
ICIL,2026-02-20,305.25,293.93,323.64,292.32,3163889
ICIL,2026-02-27,302.17,265.67,307.14,261.4,2228168
ICIL,2026-03-06,246.0,261.1,265.95,245.0,1112155
ICIL,2026-03-13,255.1,234.55,263.55,233.05,1163477
ICIL,2026-03-20,235.95,233.45,247.95,227.85,1219213
ICIL,2026-03-27,229.0,255.9,271.9,216.9,2914609
ICIL,2026-04-03,250.0,247.47,263.83,238.15,1237847
ICIL,2026-04-10,250.0,248.56,261.08,242.5,2318886
ICIL,2026-04-17,244.2,275.85,278.75,240.11,2257785
ICIL,2026-04-24,275.51,263.29,287.41,259.8,1923781
ICIL,2026-05-01,264.25,277.36,281.04,263.61,1336370
ICIL,2026-05-08,277.85,306.0,311.85,276.55,3321264
ICIL,2026-05-15,301.45,290.2,303.9,278.55,1033486
ICIL,2026-05-22,288.85,302.9,318.85,277.95,2626727
ICIL,2026-05-29,303.5,312.1,316.15,302.2,1380172
ICIL,2026-06-05,324.0,328.6,360.4,318.9,10601223
ICIL,2026-06-12,320.0,344.45,345.0,315.0,2157132
ICIL,2026-06-19,354.75,394.6,410.5,339.9,10237041
ICIL,2026-06-26,395.0,426.4,442.95,384.05,15837844
ICIL,2026-07-03,426.0,426.5,463.8,406.35,4501189
ICIL,2026-07-10,426.5,412.55,439.45,406.45,1437264
ICIL,2026-07-17,412.0,389.3,429.05,384.2,2286335
IDEA,2026-01-23,10.82,9.93,10.82,9.87,2446990760
IDEA,2026-01-30,9.97,11.17,11.38,9.68,2547174906
IDEA,2026-02-06,10.78,11.12,11.55,10.41,2416420793
IDEA,2026-02-13,11.3,11.3,11.9,11.23,2732501900
IDEA,2026-02-20,11.25,11.16,11.66,11.09,1555511888
IDEA,2026-02-27,11.2,10.59,11.22,10.54,1888714751
IDEA,2026-03-06,10.25,10.06,10.53,9.85,2020675401
IDEA,2026-03-13,9.89,9.27,10.12,9.18,2234089813
IDEA,2026-03-20,9.32,9.34,9.74,8.85,2749341790
IDEA,2026-03-27,9.22,8.89,9.22,8.65,2114546625
IDEA,2026-04-03,8.77,8.58,8.94,8.13,1988795654
IDEA,2026-04-10,8.6,9.25,9.39,8.36,2537506852
IDEA,2026-04-17,9.0,9.61,9.68,8.94,1705640166
IDEA,2026-04-24,9.64,9.52,9.73,9.37,1879960203
IDEA,2026-05-01,9.58,10.22,10.55,9.56,2093002693
IDEA,2026-05-08,11.0,11.24,11.44,10.4,2766709833
IDEA,2026-05-15,11.24,12.95,13.33,11.2,3214617983
IDEA,2026-05-22,12.74,13.73,13.99,12.45,3145815376
IDEA,2026-05-29,13.97,13.99,14.44,13.79,2956495984
IDEA,2026-06-05,14.2,14.95,15.25,13.81,2717469720
IDEA,2026-06-12,14.82,14.9,15.09,13.73,3982584973
IDEA,2026-06-19,15.34,14.92,15.34,14.45,2323190233
IDEA,2026-06-26,14.98,14.06,15.03,13.98,1473018562
IDEA,2026-07-03,14.1,14.25,14.85,13.83,2552559832
IDEA,2026-07-10,14.22,14.19,14.54,13.76,1551939004
IDEA,2026-07-17,14.1,13.74,14.17,13.51,1423237091
IDEAFORGE,2026-01-23,451.95,401.3,457.05,395.9,1401459
IDEAFORGE,2026-01-30,401.9,461.5,465.0,389.0,1897920
IDEAFORGE,2026-02-06,442.0,425.7,455.0,418.75,871722
IDEAFORGE,2026-02-13,430.0,411.0,443.45,410.0,662516
IDEAFORGE,2026-02-20,408.35,414.0,431.85,404.0,857241
IDEAFORGE,2026-02-27,417.25,413.0,430.05,405.15,610043
IDEAFORGE,2026-03-06,407.0,441.15,474.95,405.5,21703220
IDEAFORGE,2026-03-13,442.0,404.8,464.35,401.2,2701530
IDEAFORGE,2026-03-20,404.8,417.95,460.3,385.35,16130196
IDEAFORGE,2026-03-27,417.9,385.25,417.9,382.0,1525656
IDEAFORGE,2026-04-03,380.95,396.2,411.0,366.0,2389456
IDEAFORGE,2026-04-10,397.35,436.65,445.0,390.0,2518726
IDEAFORGE,2026-04-17,427.3,476.85,480.0,417.0,2060113
IDEAFORGE,2026-04-24,477.0,515.3,568.75,459.05,18234636
IDEAFORGE,2026-05-01,518.7,609.2,622.2,511.05,10129857
IDEAFORGE,2026-05-08,710.0,814.15,849.35,682.6,31693779
IDEAFORGE,2026-05-15,814.0,818.7,888.0,720.0,11274635
IDEAFORGE,2026-05-22,803.0,775.95,834.95,727.0,2959962
IDEAFORGE,2026-05-29,814.0,845.0,882.0,810.0,1751649
IDEAFORGE,2026-06-05,856.0,945.0,945.0,776.8,1620129
IDEAFORGE,2026-06-12,939.95,869.1,992.25,852.3,2619696
IDEAFORGE,2026-06-19,890.0,931.45,950.0,845.0,1376196
IDEAFORGE,2026-06-26,936.1,824.75,937.0,785.3,1201926
IDEAFORGE,2026-07-03,819.0,821.6,876.0,786.6,781505
IDEAFORGE,2026-07-10,832.0,900.75,900.75,821.1,1168083
IDEAFORGE,2026-07-17,895.0,843.75,935.0,822.0,1201209
IEX,2026-01-23,139.0,127.53,141.9,127.06,81966370
IEX,2026-01-30,128.16,126.79,129.47,125.28,38923576
IEX,2026-02-06,125.0,120.94,128.17,119.0,46598658
IEX,2026-02-13,121.5,123.95,127.65,119.38,51442506
IEX,2026-02-20,123.5,125.42,127.08,122.28,19802691
IEX,2026-02-27,125.75,125.64,130.7,124.5,27151499
IEX,2026-03-06,122.14,121.76,124.27,117.84,21862832
IEX,2026-03-13,119.01,120.25,126.19,117.5,35436997
IEX,2026-03-20,120.28,120.53,124.1,117.19,26181178
IEX,2026-03-27,118.71,118.84,124.0,114.72,33474611
IEX,2026-04-03,117.9,119.42,121.0,114.6,19054473
IEX,2026-04-10,120.6,129.99,131.4,118.51,31455647
IEX,2026-04-17,127.5,135.81,136.8,126.52,22613983
IEX,2026-04-24,132.89,123.23,132.89,122.34,82638544
IEX,2026-05-01,123.19,125.19,127.64,122.38,36395864
IEX,2026-05-08,125.5,134.12,134.82,125.34,32296147
IEX,2026-05-15,133.76,125.27,137.34,125.0,33706557
IEX,2026-05-22,124.0,127.07,128.69,121.47,14627724
IEX,2026-05-29,127.7,128.31,129.8,125.71,17465249
IEX,2026-06-05,128.9,122.38,129.22,122.2,29794417
IEX,2026-06-12,121.85,120.84,121.9,116.8,21490984
IEX,2026-06-19,123.5,122.78,125.6,122.25,18224206
IEX,2026-06-26,122.78,125.0,128.65,122.78,23910281
IEX,2026-07-03,124.86,123.94,126.22,122.8,25384637
IEX,2026-07-10,123.94,119.64,124.25,116.26,31911705
IEX,2026-07-17,118.99,122.8,126.8,116.26,39148739
IFCI,2026-01-23,60.9,56.35,63.48,56.0,274793579
IFCI,2026-01-30,56.9,55.09,58.23,53.78,61568275
IFCI,2026-02-06,57.43,60.18,61.25,54.8,144152147
IFCI,2026-02-13,61.63,62.87,68.13,59.81,371528173
IFCI,2026-02-20,62.6,59.97,64.39,59.6,98858098
IFCI,2026-02-27,60.85,59.98,61.92,57.85,73461516
IFCI,2026-03-06,56.65,54.59,57.87,53.51,53357634
IFCI,2026-03-13,52.5,57.21,59.83,51.61,258432200
IFCI,2026-03-20,57.49,53.99,57.5,53.67,75974245
IFCI,2026-03-27,53.0,51.06,53.79,49.8,49969764
IFCI,2026-04-03,49.85,52.44,53.28,46.4,58748761
IFCI,2026-04-10,53.5,57.25,60.0,51.51,96230905
IFCI,2026-04-17,55.0,61.19,62.35,54.44,82693862
IFCI,2026-04-24,61.15,59.5,64.17,58.93,92245502
IFCI,2026-05-01,60.01,58.69,62.3,57.61,62751297
IFCI,2026-05-08,59.05,64.45,66.0,57.87,154463791
IFCI,2026-05-15,63.95,63.29,66.25,60.8,174334420
IFCI,2026-05-22,63.0,60.74,63.0,60.6,58362413
IFCI,2026-05-29,61.6,68.53,70.2,61.5,175312184
IFCI,2026-06-05,68.6,79.6,83.44,66.61,748551317
IFCI,2026-06-12,78.0,84.57,84.57,70.01,415367529
IFCI,2026-06-19,87.67,85.73,95.8,80.61,1214038644
IFCI,2026-06-26,86.7,77.0,87.2,76.55,216129558
IFCI,2026-07-03,77.09,75.91,78.56,74.5,169786261
IFCI,2026-07-10,75.83,77.46,79.64,73.32,179582811
IFCI,2026-07-17,76.28,72.17,77.35,71.51,64878252
IGL,2026-01-23,180.02,174.86,181.37,174.0,7216278
IGL,2026-01-30,175.0,177.89,182.04,171.15,8241991
IGL,2026-02-06,174.65,175.98,177.98,170.12,10507214
IGL,2026-02-13,177.0,166.51,179.0,163.0,15019438
IGL,2026-02-20,168.47,168.2,173.4,165.0,16878081
IGL,2026-02-27,168.2,170.86,172.68,167.43,9331919
IGL,2026-03-06,164.2,157.27,168.49,156.08,12435527
IGL,2026-03-13,154.05,156.51,166.4,152.24,25174080
IGL,2026-03-20,156.9,156.63,159.5,152.2,9502426
IGL,2026-03-27,156.0,148.33,156.0,146.6,23332204
IGL,2026-04-03,146.8,146.31,150.34,141.74,9893287
IGL,2026-04-10,146.0,161.33,162.5,143.78,21470801
IGL,2026-04-17,159.7,169.27,171.25,157.59,21612600
IGL,2026-04-24,169.9,164.61,173.29,161.3,28694441
IGL,2026-05-01,165.43,166.02,169.2,163.6,15318010
IGL,2026-05-08,168.02,165.99,171.84,165.08,15549136
IGL,2026-05-15,164.5,152.12,164.5,150.06,12591133
IGL,2026-05-22,151.95,155.51,159.1,149.61,43440440
IGL,2026-05-29,157.8,160.47,169.9,157.11,18969431
IGL,2026-06-05,160.47,164.32,165.43,159.15,14966181
IGL,2026-06-12,163.99,163.52,165.75,159.21,10738419
IGL,2026-06-19,166.5,167.6,175.6,165.0,17225511
IGL,2026-06-26,168.01,170.38,171.73,166.5,9809242
IGL,2026-07-03,170.38,153.99,171.0,153.5,17341382
IGL,2026-07-10,153.99,154.06,154.7,149.11,11745047
IGL,2026-07-17,153.0,153.11,158.7,151.4,10286124
IGPL,2026-01-23,373.45,370.05,381.5,353.9,78870
IGPL,2026-01-30,372.0,361.9,381.25,360.05,50514
IGPL,2026-02-06,348.2,354.05,364.0,344.0,68244
IGPL,2026-02-13,355.0,333.75,374.2,332.1,182800
IGPL,2026-02-20,335.6,369.65,370.45,324.05,186929
IGPL,2026-02-27,370.85,361.3,375.0,356.1,103564
IGPL,2026-03-06,357.45,334.05,358.0,326.3,95070
IGPL,2026-03-13,325.8,338.75,373.1,315.0,199099
IGPL,2026-03-20,336.25,384.85,390.0,325.9,416027
IGPL,2026-03-27,387.0,337.55,387.5,336.35,350245
IGPL,2026-04-03,334.0,350.85,366.0,326.0,136025
IGPL,2026-04-10,357.85,424.0,432.5,347.75,511853
IGPL,2026-04-17,421.95,424.75,432.7,405.0,226148
IGPL,2026-04-24,431.0,424.95,433.0,412.5,127466
IGPL,2026-05-01,430.0,430.55,437.4,416.1,185613
IGPL,2026-05-08,434.0,465.35,474.75,423.2,381041
IGPL,2026-05-15,465.35,444.25,481.0,441.1,205900
IGPL,2026-05-22,442.5,432.05,483.3,419.25,379872
IGPL,2026-05-29,429.9,425.1,450.0,420.25,199600
IGPL,2026-06-05,412.0,441.85,445.45,408.75,196304
IGPL,2026-06-12,441.85,435.8,442.8,426.0,80258
IGPL,2026-06-19,437.5,446.8,467.85,426.6,143112
IGPL,2026-06-26,440.1,450.05,462.0,437.05,90585
IGPL,2026-07-03,445.0,454.6,465.0,445.0,160162
IGPL,2026-07-10,458.85,432.15,458.85,418.05,107898
IGPL,2026-07-17,428.85,427.85,443.75,424.5,76610
INDHOTEL,2026-01-23,682.95,645.8,687.2,637.55,22852133
INDHOTEL,2026-01-30,640.7,674.15,678.5,633.85,15474079
INDHOTEL,2026-02-06,664.0,683.2,693.9,646.7,6697901
INDHOTEL,2026-02-13,684.35,699.9,713.9,682.95,11079659
INDHOTEL,2026-02-20,699.9,674.95,703.45,665.0,7113883
INDHOTEL,2026-02-27,681.05,667.05,685.0,665.25,14304446
INDHOTEL,2026-03-06,645.3,623.85,662.1,614.1,13140284
INDHOTEL,2026-03-13,610.1,609.85,632.0,597.0,16548746
INDHOTEL,2026-03-20,610.0,615.55,641.9,595.0,10800488
INDHOTEL,2026-03-27,610.55,590.9,625.95,580.85,16832076
INDHOTEL,2026-04-03,582.15,582.75,597.0,565.0,14654580
INDHOTEL,2026-04-10,584.0,641.5,644.0,577.65,12426207
INDHOTEL,2026-04-17,620.05,659.3,662.95,618.0,10894052
INDHOTEL,2026-04-24,659.0,635.35,668.8,630.4,12651645
INDHOTEL,2026-05-01,635.55,635.85,656.6,626.7,6686496
INDHOTEL,2026-05-08,640.0,673.05,678.5,635.0,9089131
INDHOTEL,2026-05-15,670.0,656.25,674.9,622.45,18759884
INDHOTEL,2026-05-22,651.0,650.25,666.7,633.4,11773710
INDHOTEL,2026-05-29,654.25,654.25,673.2,650.6,10281036
INDHOTEL,2026-06-05,663.0,657.6,668.5,635.0,11387584
INDHOTEL,2026-06-12,650.0,679.45,681.95,645.6,11961275
INDHOTEL,2026-06-19,687.0,724.75,728.9,685.0,10208315
INDHOTEL,2026-06-26,728.0,720.65,740.0,717.5,12140997
INDHOTEL,2026-07-03,720.0,728.6,732.5,701.1,19301581
INDHOTEL,2026-07-10,730.0,752.3,754.0,718.6,11906325
INDHOTEL,2026-07-17,748.25,727.9,750.9,725.45,13035430
INDIAMART,2026-01-23,2289.0,2194.0,2295.0,2132.1,1143340
INDIAMART,2026-01-30,2200.0,2201.9,2223.3,2139.1,298657
INDIAMART,2026-02-06,2195.2,2238.4,2310.7,2162.3,691169
INDIAMART,2026-02-13,2250.0,2200.0,2286.9,2150.0,466142
INDIAMART,2026-02-20,2187.1,2185.7,2236.5,2143.5,427970
INDIAMART,2026-02-27,2186.0,2132.0,2242.9,2125.1,402810
INDIAMART,2026-03-06,2100.0,2120.6,2126.5,2030.0,817991
INDIAMART,2026-03-13,2075.4,2101.9,2217.0,2066.0,681143
INDIAMART,2026-03-20,2100.2,1994.4,2140.0,1980.0,781871
INDIAMART,2026-03-27,1961.0,1970.7,2045.2,1943.1,816216
INDIAMART,2026-04-03,1960.0,2018.9,2078.0,1925.6,383148
INDIAMART,2026-04-10,2016.9,2100.0,2130.2,1977.6,1007679
INDIAMART,2026-04-17,2055.5,2170.9,2179.9,2045.8,550721
INDIAMART,2026-04-24,2188.0,2107.1,2199.0,2099.6,513316
INDIAMART,2026-05-01,2125.0,2103.6,2154.9,2080.0,286242
INDIAMART,2026-05-08,2036.6,2091.8,2122.2,2013.9,705185
INDIAMART,2026-05-15,2071.1,1956.5,2088.9,1934.4,395932
INDIAMART,2026-05-22,1956.5,2030.0,2040.7,1911.0,344280
INDIAMART,2026-05-29,2030.0,2015.7,2047.0,1966.4,284009
INDIAMART,2026-06-05,2002.4,2000.4,2014.0,1955.1,178491
INDIAMART,2026-06-12,1983.1,2016.4,2022.3,1961.0,281941
INDIAMART,2026-06-19,2021.0,2089.4,2175.0,2020.7,863567
INDIAMART,2026-06-26,2089.4,1955.4,2095.0,1948.1,498752
INDIAMART,2026-07-03,1970.0,1879.2,1970.0,1860.0,521872
INDIAMART,2026-07-10,1899.7,1924.0,1945.0,1867.2,349553
INDIAMART,2026-07-17,1915.0,1910.1,1978.9,1903.0,385997
INDIGRID,2026-01-23,165.2,165.31,166.8,164.01,5005683
INDIGRID,2026-01-30,165.9,164.28,166.25,163.01,5395140
INDIGRID,2026-02-06,165.28,163.64,168.5,161.75,7117593
INDIGRID,2026-02-13,162.9,166.35,166.99,162.1,4723432
INDIGRID,2026-02-20,167.4,164.32,167.4,162.55,3870233
INDIGRID,2026-02-27,164.75,166.27,166.38,161.01,3604521
INDIGRID,2026-03-06,166.7,164.53,166.9,163.51,3387970
INDIGRID,2026-03-13,164.53,164.99,166.65,164.1,3803359
INDIGRID,2026-03-20,165.0,165.22,167.0,163.81,7261147
INDIGRID,2026-03-27,165.97,165.39,166.25,163.01,4352191
INDIGRID,2026-04-03,165.62,165.11,166.1,164.33,3662539
INDIGRID,2026-04-10,165.5,171.08,171.4,165.28,3633577
INDIGRID,2026-04-17,171.25,172.93,173.5,167.0,3175492
INDIGRID,2026-04-24,173.0,172.03,176.0,171.8,3141213
INDIGRID,2026-05-01,172.9,172.0,177.86,171.11,2739212
INDIGRID,2026-05-08,172.86,173.74,174.18,171.5,2539308
INDIGRID,2026-05-15,173.99,171.92,174.85,170.93,4313525
INDIGRID,2026-05-22,173.23,169.43,173.46,168.5,5030331
INDIGRID,2026-05-29,169.5,171.43,171.87,169.15,4175048
INDIGRID,2026-06-05,172.1,171.87,172.8,170.0,2395993
INDIGRID,2026-06-12,172.0,171.06,172.78,170.45,2698034
INDIGRID,2026-06-19,171.8,174.14,175.0,170.36,4921079
INDIGRID,2026-06-26,174.99,176.15,177.95,172.8,4606701
INDIGRID,2026-07-03,177.12,178.93,180.01,175.9,4780633
INDIGRID,2026-07-10,179.5,179.49,179.9,176.13,3312843
INDIGRID,2026-07-17,180.9,178.8,180.9,177.63,2262438
INDOTECH,2026-01-23,1430.7,1229.5,1430.7,1225.0,95050
INDOTECH,2026-01-30,1229.1,1334.9,1399.0,1148.0,214063
INDOTECH,2026-02-06,1252.0,1349.8,1544.2,1198.8,187012
INDOTECH,2026-02-13,1356.5,1374.0,1468.5,1350.0,61774
INDOTECH,2026-02-20,1379.0,1417.4,1495.0,1288.0,288982
INDOTECH,2026-02-27,1431.0,1580.5,1665.0,1425.7,643676
INDOTECH,2026-03-06,1500.0,1379.0,1545.0,1362.1,116670
INDOTECH,2026-03-13,1350.0,1318.8,1437.0,1302.2,90244
INDOTECH,2026-03-20,1348.8,1298.1,1351.2,1235.3,118895
INDOTECH,2026-03-27,1278.9,1178.5,1328.0,1172.0,133851
INDOTECH,2026-04-03,1163.0,1252.0,1295.0,1100.0,163950
INDOTECH,2026-04-10,1270.8,1327.9,1398.1,1230.0,136737
INDOTECH,2026-04-17,1294.0,1845.8,1885.0,1277.2,656316
INDOTECH,2026-04-24,1845.9,2402.9,2544.8,1770.0,1045082
INDOTECH,2026-05-01,2439.9,2702.3,2702.3,2292.6,591686
INDOTECH,2026-05-08,2740.0,2835.9,2835.9,2486.2,640390
INDOTECH,2026-05-15,2920.0,2599.8,2977.6,2555.0,463898
INDOTECH,2026-05-22,2540.2,2322.8,2583.0,2236.0,137186
INDOTECH,2026-05-29,2316.0,2516.8,2660.0,2316.0,81199
INDOTECH,2026-06-05,2530.0,2657.6,2894.0,2400.1,219403
INDOTECH,2026-06-12,2600.0,2604.0,2650.0,2489.9,45554
INDOTECH,2026-06-19,2650.0,2679.7,2719.9,2520.0,62502
INDOTECH,2026-06-26,2789.0,2935.2,3050.5,2721.4,177977
INDOTECH,2026-07-03,3081.9,3136.7,3300.0,3052.7,442950
INDOTECH,2026-07-10,3136.7,3304.3,3304.3,2901.6,108602
INDOTECH,2026-07-17,3349.0,3400.9,3550.0,3242.3,130561
INDUSINDBK,2026-01-23,947.95,892.45,961.9,888.25,23969691
INDUSINDBK,2026-01-30,875.0,896.1,904.5,851.15,18651739
INDUSINDBK,2026-02-06,889.0,903.6,959.6,884.35,21518448
INDUSINDBK,2026-02-13,910.0,926.05,937.0,900.35,18049493
INDUSINDBK,2026-02-20,930.0,926.05,952.2,912.15,20961754
INDUSINDBK,2026-02-27,926.05,956.75,968.85,911.95,21189518
INDUSINDBK,2026-03-06,939.0,917.85,955.95,912.05,7197877
INDUSINDBK,2026-03-13,899.0,814.4,907.5,804.8,23786713
INDUSINDBK,2026-03-20,814.55,818.6,847.9,806.2,24468957
INDUSINDBK,2026-03-27,806.3,792.55,834.3,771.7,23103684
INDUSINDBK,2026-04-03,781.0,778.7,793.65,750.5,13912125
INDUSINDBK,2026-04-10,774.6,830.9,840.85,756.4,11291159
INDUSINDBK,2026-04-17,807.1,853.9,857.45,800.7,10463449
INDUSINDBK,2026-04-24,853.9,847.95,873.0,839.0,8696182
INDUSINDBK,2026-05-01,865.2,916.05,925.0,865.2,23926617
INDUSINDBK,2026-05-08,925.25,950.75,957.9,903.0,10493450
INDUSINDBK,2026-05-15,939.0,886.4,940.9,881.95,7687291
INDUSINDBK,2026-05-22,885.75,910.15,914.5,870.2,8984136
INDUSINDBK,2026-05-29,920.15,914.35,940.2,910.35,7766935
INDUSINDBK,2026-06-05,917.75,904.8,925.9,884.05,9345138
INDUSINDBK,2026-06-12,881.0,917.35,928.0,881.0,9984537
INDUSINDBK,2026-06-19,926.0,947.45,953.5,920.2,13361128
INDUSINDBK,2026-06-26,947.0,918.95,947.0,900.15,7457527
INDUSINDBK,2026-07-03,918.95,974.35,978.4,908.1,13150438
INDUSINDBK,2026-07-10,968.0,1015.8,1038.0,960.0,17722046
INDUSINDBK,2026-07-17,1010.0,1027.2,1031.2,992.0,6074069
INNOVACAP,2026-01-23,665.35,678.05,764.95,624.0,3737080
INNOVACAP,2026-01-30,678.95,695.2,727.95,658.75,319390
INNOVACAP,2026-02-06,694.9,707.65,737.0,685.5,141420
INNOVACAP,2026-02-13,707.7,678.85,725.0,669.8,106448
INNOVACAP,2026-02-20,678.85,669.5,702.1,663.55,203919
INNOVACAP,2026-02-27,672.8,668.25,694.0,659.55,100846
INNOVACAP,2026-03-06,623.0,679.9,685.9,622.0,114130
INNOVACAP,2026-03-13,671.6,713.55,729.0,653.25,118460
INNOVACAP,2026-03-20,705.6,679.6,728.45,673.0,144109
INNOVACAP,2026-03-27,670.0,671.35,722.85,655.95,193654
INNOVACAP,2026-04-03,671.5,704.4,722.7,662.5,94693
INNOVACAP,2026-04-10,708.8,689.35,712.85,670.0,275506
INNOVACAP,2026-04-17,685.9,742.3,753.5,675.05,183303
INNOVACAP,2026-04-24,736.55,721.15,740.75,702.3,511203
INNOVACAP,2026-05-01,718.4,752.05,763.4,710.0,422534
INNOVACAP,2026-05-08,790.0,875.75,900.0,790.0,1421677
INNOVACAP,2026-05-15,875.75,858.3,918.0,833.05,288877
INNOVACAP,2026-05-22,858.3,848.3,905.95,841.2,224187
INNOVACAP,2026-05-29,844.15,850.4,882.0,834.0,192439
INNOVACAP,2026-06-05,855.0,867.5,889.0,836.8,131349
INNOVACAP,2026-06-12,850.55,942.45,974.0,850.55,787396
INNOVACAP,2026-06-19,952.0,949.55,978.0,911.75,346929
INNOVACAP,2026-06-26,965.0,941.35,980.0,918.0,162324
INNOVACAP,2026-07-03,937.0,957.85,1031.5,932.3,252467
INNOVACAP,2026-07-10,968.65,989.35,1033.8,942.0,414828
INNOVACAP,2026-07-17,995.7,962.7,1034.85,957.1,209181
INOXINDIA,2026-01-23,1108.0,1094.7,1126.5,1070.0,253919
INOXINDIA,2026-01-30,1095.1,1115.8,1118.7,1068.2,151130
INOXINDIA,2026-02-06,1090.9,1118.8,1166.0,1082.0,286907
INOXINDIA,2026-02-13,1123.0,1169.4,1194.0,1121.5,370785
INOXINDIA,2026-02-20,1177.8,1132.8,1202.1,1124.0,197369
INOXINDIA,2026-02-27,1136.6,1163.0,1176.0,1131.1,200805
INOXINDIA,2026-03-06,1113.0,1180.6,1215.0,1093.0,299259
INOXINDIA,2026-03-13,1175.0,1136.5,1210.0,1126.5,328153
INOXINDIA,2026-03-20,1138.5,1180.7,1230.0,1117.0,612064
INOXINDIA,2026-03-27,1164.0,1198.6,1262.0,1151.1,827944
INOXINDIA,2026-04-03,1185.0,1242.3,1252.0,1148.9,448139
INOXINDIA,2026-04-10,1253.9,1305.1,1325.0,1202.7,1397480
INOXINDIA,2026-04-17,1299.1,1491.7,1554.8,1287.1,2849002
INOXINDIA,2026-04-24,1504.9,1508.6,1615.9,1463.0,1544109
INOXINDIA,2026-05-01,1517.4,1457.0,1555.0,1444.4,629106
INOXINDIA,2026-05-08,1480.8,1483.2,1579.2,1408.0,2200182
INOXINDIA,2026-05-15,1491.7,1433.0,1508.6,1368.1,1166388
INOXINDIA,2026-05-22,1404.0,1448.3,1495.9,1378.1,734966
INOXINDIA,2026-05-29,1449.9,1493.6,1555.0,1427.1,992347
INOXINDIA,2026-06-05,1500.0,1578.8,1594.0,1425.2,979424
INOXINDIA,2026-06-12,1553.9,1808.2,1980.0,1543.5,7613507
INOXINDIA,2026-06-19,1838.8,1917.8,1947.0,1755.4,2191238
INOXINDIA,2026-06-26,1940.0,1872.9,2099.0,1866.1,2175126
INOXINDIA,2026-07-03,1872.5,1871.0,1975.6,1814.7,1471413
INOXINDIA,2026-07-10,1860.0,1978.0,2034.0,1788.4,2883285
INOXINDIA,2026-07-17,1970.0,1980.2,2008.4,1820.0,1388102
INTELLECT,2026-01-23,912.5,891.05,928.0,879.55,1131876
INTELLECT,2026-01-30,891.0,913.7,932.1,871.0,782900
INTELLECT,2026-02-06,869.1,760.4,877.9,754.8,3974262
INTELLECT,2026-02-13,770.0,678.9,787.95,672.0,2880693
INTELLECT,2026-02-20,678.7,704.2,741.3,664.0,4200836
INTELLECT,2026-02-27,710.25,697.6,714.45,683.0,1742313
INTELLECT,2026-03-06,661.5,681.0,692.25,652.25,1631573
INTELLECT,2026-03-13,674.1,660.75,686.0,650.3,1507663
INTELLECT,2026-03-20,666.75,650.55,699.0,640.4,4332414
INTELLECT,2026-03-27,648.0,629.95,663.85,626.0,1315015
INTELLECT,2026-04-03,626.0,657.9,663.4,595.2,1126066
INTELLECT,2026-04-10,656.95,679.5,692.0,642.55,1335058
INTELLECT,2026-04-17,650.0,694.55,732.0,639.05,2697821
INTELLECT,2026-04-24,701.35,688.7,715.5,660.25,2679020
INTELLECT,2026-05-01,685.5,745.35,770.9,685.5,4209362
INTELLECT,2026-05-08,751.5,806.8,834.4,728.6,8693279
INTELLECT,2026-05-15,805.0,686.6,805.0,680.0,3265576
INTELLECT,2026-05-22,685.0,697.95,723.3,667.0,2083661
INTELLECT,2026-05-29,701.7,716.85,746.6,700.0,1697538
INTELLECT,2026-06-05,719.65,745.95,760.2,719.65,3268337
INTELLECT,2026-06-12,740.0,743.05,790.95,716.4,2547220
INTELLECT,2026-06-19,755.0,746.7,779.0,730.15,2040170
INTELLECT,2026-06-26,746.0,747.05,767.4,735.1,865717
INTELLECT,2026-07-03,747.05,787.0,798.25,707.1,3243765
INTELLECT,2026-07-10,791.0,758.75,794.0,737.55,2238483
INTELLECT,2026-07-17,758.7,760.0,796.35,749.3,2590669
IOLCP,2026-01-23,73.88,69.07,75.9,68.12,3513922
IOLCP,2026-01-30,69.26,74.03,74.2,67.98,2177196
IOLCP,2026-02-06,73.0,75.59,77.59,70.2,3334000
IOLCP,2026-02-13,76.4,74.74,83.4,72.21,8085798
IOLCP,2026-02-20,74.8,73.32,75.9,72.85,2443728
IOLCP,2026-02-27,73.44,73.05,75.55,71.4,3430510
IOLCP,2026-03-06,71.25,73.98,74.8,69.25,4172819
IOLCP,2026-03-13,72.9,68.82,74.12,68.5,5386827
IOLCP,2026-03-20,68.8,74.36,76.24,67.19,11097630
IOLCP,2026-03-27,74.25,77.95,80.39,71.11,10818174
IOLCP,2026-04-03,76.5,77.29,78.78,72.2,3944707
IOLCP,2026-04-10,78.04,82.12,83.0,75.67,7327277
IOLCP,2026-04-17,80.06,91.13,93.73,79.2,8996826
IOLCP,2026-04-24,91.1,89.11,95.59,86.92,9149488
IOLCP,2026-05-01,90.0,94.32,97.79,90.0,7905700
IOLCP,2026-05-08,95.0,96.89,99.95,94.1,5804574
IOLCP,2026-05-15,97.24,105.94,116.46,96.5,41216356
IOLCP,2026-05-22,105.7,118.73,126.72,103.76,49970556
IOLCP,2026-05-29,119.21,128.98,138.9,119.21,32924994
IOLCP,2026-06-05,130.0,131.68,139.99,121.55,15587713
IOLCP,2026-06-12,130.0,134.24,136.5,125.1,9332910
IOLCP,2026-06-19,137.01,130.21,139.4,123.2,11697081
IOLCP,2026-06-26,131.35,133.66,139.0,129.22,16240250
IOLCP,2026-07-03,134.0,142.96,151.2,132.62,31545953
IOLCP,2026-07-10,143.7,171.06,177.9,143.0,89186101
IOLCP,2026-07-17,170.0,148.33,179.6,146.63,26809191
IONEXCHANG,2026-01-23,351.1,349.55,366.8,344.9,1071429
IONEXCHANG,2026-01-30,350.0,354.2,369.0,322.1,1529110
IONEXCHANG,2026-02-06,350.0,378.6,382.15,344.5,1876019
IONEXCHANG,2026-02-13,380.6,388.1,404.0,373.6,1807727
IONEXCHANG,2026-02-20,388.1,381.15,396.0,373.3,840557
IONEXCHANG,2026-02-27,381.15,364.1,393.0,363.15,596720
IONEXCHANG,2026-03-06,344.9,347.0,360.25,338.0,535135
IONEXCHANG,2026-03-13,336.35,337.8,393.7,332.65,4220619
IONEXCHANG,2026-03-20,340.5,338.05,347.1,328.0,1236467
IONEXCHANG,2026-03-27,337.05,333.25,347.65,312.7,1354092
IONEXCHANG,2026-04-03,327.2,347.5,351.7,317.2,716080
IONEXCHANG,2026-04-10,347.0,378.1,384.5,339.6,1067123
IONEXCHANG,2026-04-17,368.7,400.75,411.0,360.0,1127326
IONEXCHANG,2026-04-24,404.5,397.35,414.5,389.1,1074371
IONEXCHANG,2026-05-01,397.3,396.4,413.0,393.0,824044
IONEXCHANG,2026-05-08,400.0,419.25,432.8,396.0,2215897
IONEXCHANG,2026-05-15,412.0,390.15,416.9,385.4,944274
IONEXCHANG,2026-05-22,391.0,395.05,409.4,375.0,657657
IONEXCHANG,2026-05-29,399.5,362.05,415.0,360.0,2058184
IONEXCHANG,2026-06-05,367.2,350.65,368.9,343.0,1264889
IONEXCHANG,2026-06-12,350.95,345.6,351.95,327.3,1194975
IONEXCHANG,2026-06-19,349.75,370.4,393.8,349.7,4603631
IONEXCHANG,2026-06-26,374.7,398.65,407.5,371.0,6364571
IONEXCHANG,2026-07-03,398.65,418.35,428.0,397.05,4333068
IONEXCHANG,2026-07-10,421.85,468.3,479.4,392.15,14263061
IONEXCHANG,2026-07-17,469.4,435.4,486.0,422.25,5529737
IPCALAB,2026-01-23,1509.9,1462.8,1517.0,1432.0,579876
IPCALAB,2026-01-30,1467.9,1470.8,1509.8,1432.7,475943
IPCALAB,2026-02-06,1409.0,1416.7,1470.0,1391.8,1128382
IPCALAB,2026-02-13,1417.7,1485.4,1503.9,1403.0,1087661
IPCALAB,2026-02-20,1475.0,1449.8,1530.0,1436.2,737512
IPCALAB,2026-02-27,1465.0,1528.9,1547.4,1458.0,1400594
IPCALAB,2026-03-06,1471.8,1494.2,1525.0,1461.3,310509
IPCALAB,2026-03-13,1451.0,1561.3,1576.7,1448.1,1208125
IPCALAB,2026-03-20,1565.6,1544.9,1624.0,1505.5,1390372
IPCALAB,2026-03-27,1543.6,1586.0,1619.5,1488.3,1286102
IPCALAB,2026-04-03,1594.0,1488.3,1620.0,1432.5,1173428
IPCALAB,2026-04-10,1466.0,1456.2,1485.7,1414.0,856297
IPCALAB,2026-04-17,1436.0,1468.3,1490.0,1431.4,590417
IPCALAB,2026-04-24,1460.0,1555.9,1573.2,1447.7,1157499
IPCALAB,2026-05-01,1557.1,1530.9,1590.0,1522.6,817557
IPCALAB,2026-05-08,1538.0,1552.6,1610.5,1513.6,897534
IPCALAB,2026-05-15,1557.2,1605.0,1654.7,1494.0,2950031
IPCALAB,2026-05-22,1585.0,1602.1,1678.3,1585.0,1484955
IPCALAB,2026-05-29,1609.9,1524.4,1618.7,1482.9,1298856
IPCALAB,2026-06-05,1530.0,1641.9,1650.6,1470.0,1566451
IPCALAB,2026-06-12,1610.0,1583.0,1670.0,1568.6,1431742
IPCALAB,2026-06-19,1613.0,1585.8,1613.0,1530.0,684320
IPCALAB,2026-06-26,1603.0,1618.3,1655.0,1582.4,550343
IPCALAB,2026-07-03,1618.3,1778.9,1788.3,1616.0,2219004
IPCALAB,2026-07-10,1798.5,1787.9,1812.5,1741.0,943456
IPCALAB,2026-07-17,1787.9,1900.6,1944.9,1760.0,1826719
IRCTC,2026-01-23,627.65,617.8,638.85,601.35,7280125
IRCTC,2026-01-30,620.0,623.05,628.8,601.3,7185639
IRCTC,2026-02-06,607.0,620.0,633.6,596.0,4875639
IRCTC,2026-02-13,623.0,617.5,638.95,612.0,9129516
IRCTC,2026-02-20,617.35,645.3,651.25,606.15,13835316
IRCTC,2026-02-27,650.7,569.55,650.8,558.1,45031607
IRCTC,2026-03-06,552.9,552.8,578.0,547.45,9954882
IRCTC,2026-03-13,542.0,527.6,552.75,520.05,10358513
IRCTC,2026-03-20,527.7,522.85,543.9,518.25,8101026
IRCTC,2026-03-27,520.0,510.6,530.4,504.85,7818852
IRCTC,2026-04-03,508.0,511.8,522.4,492.65,5369254
IRCTC,2026-04-10,513.0,542.3,545.75,502.75,6207000
IRCTC,2026-04-17,532.35,564.9,570.05,525.7,6332938
IRCTC,2026-04-24,565.4,541.2,569.95,539.2,5686628
IRCTC,2026-05-01,543.2,539.55,554.0,536.15,5278316
IRCTC,2026-05-08,544.5,564.9,581.3,542.05,10001214
IRCTC,2026-05-15,562.55,535.95,562.55,528.75,4438511
IRCTC,2026-05-22,535.0,530.25,541.4,523.0,4190341
IRCTC,2026-05-29,535.0,509.85,547.65,503.0,5574285
IRCTC,2026-06-05,512.1,528.6,535.0,508.2,5046197
IRCTC,2026-06-12,521.95,521.35,531.7,507.4,3693856
IRCTC,2026-06-19,529.5,519.6,529.85,517.0,4762384
IRCTC,2026-06-26,519.7,514.1,526.75,511.1,3044508
IRCTC,2026-07-03,514.05,509.95,514.1,501.0,3856049
IRCTC,2026-07-10,509.95,503.25,510.9,496.0,4278590
IRCTC,2026-07-17,500.85,507.0,510.45,496.05,5444549
ITDC,2026-01-23,560.5,501.05,563.2,500.0,120333
ITDC,2026-01-30,504.9,525.5,534.1,485.85,108255
ITDC,2026-02-06,560.5,527.8,579.9,520.0,594826
ITDC,2026-02-13,530.0,532.95,596.75,527.15,661047
ITDC,2026-02-20,530.0,532.0,563.65,529.3,172019
ITDC,2026-02-27,534.95,525.7,541.1,523.05,68340
ITDC,2026-03-06,515.0,482.05,515.0,473.05,127508
ITDC,2026-03-13,480.0,439.35,480.0,436.4,156037
ITDC,2026-03-20,441.0,426.7,455.0,418.0,173961
ITDC,2026-03-27,424.0,387.25,424.15,385.0,230712
ITDC,2026-04-03,387.25,405.7,407.85,368.0,135508
ITDC,2026-04-10,405.7,610.4,635.2,396.1,46610627
ITDC,2026-04-17,607.35,616.25,671.4,573.0,18755713
ITDC,2026-04-24,616.25,584.95,668.9,580.55,2150583
ITDC,2026-05-01,593.0,586.5,614.9,582.6,400083
ITDC,2026-05-08,590.0,584.15,608.95,575.6,375890
ITDC,2026-05-15,589.0,548.35,616.05,546.0,514841
ITDC,2026-05-22,538.0,550.05,559.9,527.05,175700
ITDC,2026-05-29,555.0,543.4,564.85,535.1,113414
ITDC,2026-06-05,543.3,669.95,706.95,530.0,18671545
ITDC,2026-06-12,637.0,585.1,652.0,566.05,4848681
ITDC,2026-06-19,590.0,619.0,631.35,587.3,1755313
ITDC,2026-06-26,624.0,599.35,642.6,594.5,637245
ITDC,2026-07-03,599.35,587.95,605.0,583.0,171657
ITDC,2026-07-10,589.75,716.8,787.55,582.9,65083685
ITDC,2026-07-17,709.8,743.95,820.0,680.15,23346802
J&KBANK,2026-01-23,102.75,104.1,109.8,98.5,31661519
J&KBANK,2026-01-30,104.1,104.71,106.5,101.58,13064691
J&KBANK,2026-02-06,101.75,103.2,105.7,98.61,10467915
J&KBANK,2026-02-13,104.0,101.74,106.53,101.21,7819817
J&KBANK,2026-02-20,101.65,103.57,106.0,100.6,8772441
J&KBANK,2026-02-27,104.0,121.39,123.6,104.0,102464308
J&KBANK,2026-03-06,116.2,118.62,122.79,112.87,33972591
J&KBANK,2026-03-13,113.1,120.81,128.48,108.7,56418061
J&KBANK,2026-03-20,121.14,118.82,125.61,116.49,37774967
J&KBANK,2026-03-27,115.68,114.33,119.7,108.0,23831630
J&KBANK,2026-04-03,114.0,113.56,115.2,109.33,12121145
J&KBANK,2026-04-10,113.35,123.22,127.3,110.8,24141634
J&KBANK,2026-04-17,120.0,131.25,133.2,117.62,25027606
J&KBANK,2026-04-24,131.2,126.05,135.0,124.3,21185188
J&KBANK,2026-05-01,126.05,129.02,135.68,125.37,24397425
J&KBANK,2026-05-08,130.01,141.76,145.0,129.6,43051567
J&KBANK,2026-05-15,140.0,130.7,140.0,129.54,15046534
J&KBANK,2026-05-22,130.0,140.03,142.15,126.12,18224851
J&KBANK,2026-05-29,141.0,140.36,144.7,139.4,12316797
J&KBANK,2026-06-05,140.36,147.52,151.0,138.91,26736563
J&KBANK,2026-06-12,145.93,157.4,158.83,145.2,24490809
J&KBANK,2026-06-19,160.56,163.56,167.15,157.68,18848940
J&KBANK,2026-06-26,164.95,158.4,165.99,157.6,10691876
J&KBANK,2026-07-03,158.4,165.2,166.6,150.68,24320413
J&KBANK,2026-07-10,165.01,192.65,201.75,162.2,42645205
J&KBANK,2026-07-17,188.99,182.69,191.65,176.73,35257668
JAGSNPHARM,2026-01-23,175.45,163.73,176.93,155.0,426954
JAGSNPHARM,2026-01-30,166.5,168.82,170.99,159.15,320518
JAGSNPHARM,2026-02-06,169.0,168.16,185.2,163.7,287282
JAGSNPHARM,2026-02-13,168.16,174.56,188.0,167.7,244405
JAGSNPHARM,2026-02-20,176.5,173.35,178.76,170.05,293476
JAGSNPHARM,2026-02-27,174.3,168.67,176.65,166.2,118160
JAGSNPHARM,2026-03-06,165.3,173.34,175.12,157.55,327327
JAGSNPHARM,2026-03-13,172.0,182.96,201.5,162.0,4944863
JAGSNPHARM,2026-03-20,182.75,183.34,190.0,179.15,1043262
JAGSNPHARM,2026-03-27,181.32,184.69,186.5,180.0,467192
JAGSNPHARM,2026-04-03,184.5,186.22,187.0,183.0,259542
JAGSNPHARM,2026-04-10,186.99,192.93,199.0,186.0,612954
JAGSNPHARM,2026-04-17,189.5,191.94,197.45,189.41,485648
JAGSNPHARM,2026-04-24,194.49,199.2,209.29,184.5,2079134
JAGSNPHARM,2026-05-01,203.17,210.37,213.7,197.26,1087477
JAGSNPHARM,2026-05-08,206.37,217.34,225.12,204.29,691473
JAGSNPHARM,2026-05-15,217.25,206.21,217.25,205.42,373577
JAGSNPHARM,2026-05-22,206.0,209.92,214.05,194.61,794026
JAGSNPHARM,2026-05-29,210.05,206.6,212.9,200.01,483160
JAGSNPHARM,2026-06-05,207.9,203.04,208.4,200.0,180573
JAGSNPHARM,2026-06-12,199.1,211.39,219.36,197.25,423847
JAGSNPHARM,2026-06-19,215.9,212.28,215.9,206.81,262597
JAGSNPHARM,2026-06-26,212.63,223.5,236.79,212.28,1317821
JAGSNPHARM,2026-07-03,222.32,236.62,264.5,221.62,11640921
JAGSNPHARM,2026-07-10,241.7,232.77,244.4,227.45,720446
JAGSNPHARM,2026-07-17,230.0,224.08,233.12,222.1,325584
JASH,2026-01-23,401.0,355.85,401.0,352.7,521389
JASH,2026-01-30,353.0,386.8,390.2,351.1,287966
JASH,2026-02-06,389.2,389.4,457.85,368.0,487272
JASH,2026-02-13,394.4,394.75,422.0,383.25,372742
JASH,2026-02-20,394.75,399.6,419.0,386.1,816767
JASH,2026-02-27,405.0,399.9,408.0,383.3,510201
JASH,2026-03-06,395.0,389.3,405.0,382.65,331209
JASH,2026-03-13,381.0,363.0,399.0,353.05,847180
JASH,2026-03-20,352.4,368.5,382.9,352.1,611719
JASH,2026-03-27,362.5,339.7,368.0,333.3,648849
JASH,2026-04-03,333.05,368.3,372.0,327.1,351181
JASH,2026-04-10,370.1,402.65,422.0,365.95,619120
JASH,2026-04-17,391.0,393.75,408.0,382.65,939996
JASH,2026-04-24,393.75,421.4,434.65,385.0,912197
JASH,2026-05-01,426.7,418.75,432.0,412.05,302912
JASH,2026-05-08,418.75,418.35,426.0,402.7,481726
JASH,2026-05-15,410.0,386.5,433.8,385.0,441635
JASH,2026-05-22,380.7,399.25,404.85,368.0,478531
JASH,2026-05-29,394.0,402.9,440.0,392.1,1216715
JASH,2026-06-05,406.1,448.9,450.0,399.0,1089715
JASH,2026-06-12,451.5,466.55,468.5,430.05,686225
JASH,2026-06-19,482.5,500.05,514.8,475.9,1570866
JASH,2026-06-26,508.75,550.3,572.85,502.5,2234861
JASH,2026-07-03,550.0,492.0,550.0,475.05,1998977
JASH,2026-07-10,484.0,532.75,542.0,480.0,1290737
JASH,2026-07-17,532.75,520.45,548.0,513.1,749744
JAYNECOIND,2026-01-23,81.0,71.56,81.63,70.95,55753633
JAYNECOIND,2026-01-30,70.65,73.26,75.79,70.2,19896093
JAYNECOIND,2026-02-06,70.45,75.96,77.0,69.11,16355849
JAYNECOIND,2026-02-13,77.0,76.08,80.81,75.05,23116409
JAYNECOIND,2026-02-20,76.47,79.13,84.17,75.21,19014186
JAYNECOIND,2026-02-27,79.99,76.8,81.69,76.31,17002068
JAYNECOIND,2026-03-06,73.1,73.38,77.26,72.4,10005325
JAYNECOIND,2026-03-13,72.0,71.27,76.76,68.5,15392827
JAYNECOIND,2026-03-20,71.2,74.24,77.16,69.75,19301141
JAYNECOIND,2026-03-27,71.8,74.11,75.29,68.4,21401680
JAYNECOIND,2026-04-03,72.8,78.99,79.95,71.1,14831505
JAYNECOIND,2026-04-10,79.28,81.69,83.8,78.0,23703878
JAYNECOIND,2026-04-17,80.0,96.23,99.7,79.31,55556077
JAYNECOIND,2026-04-24,96.5,95.78,101.64,94.5,33578021
JAYNECOIND,2026-05-01,108.75,110.79,114.4,101.0,78423009
JAYNECOIND,2026-05-08,112.0,114.69,117.0,110.5,26715291
JAYNECOIND,2026-05-15,114.0,104.05,114.0,102.8,24922452
JAYNECOIND,2026-05-22,104.05,103.16,109.19,98.51,27867192
JAYNECOIND,2026-05-29,104.5,102.34,107.54,101.5,18871225
JAYNECOIND,2026-06-05,102.34,96.46,103.55,94.89,23678860
JAYNECOIND,2026-06-12,94.5,90.86,95.42,85.85,26918497
JAYNECOIND,2026-06-19,92.6,89.68,94.95,87.79,18572810
JAYNECOIND,2026-06-26,89.7,85.76,90.66,83.75,15578722
JAYNECOIND,2026-07-03,85.02,90.99,93.75,84.27,15471823
JAYNECOIND,2026-07-10,91.79,91.48,92.45,85.2,12052800
JAYNECOIND,2026-07-17,91.4,90.28,95.99,87.84,32497742
JBCHEPHARM,2026-01-23,1915.0,1846.0,1935.9,1833.8,1040134
JBCHEPHARM,2026-01-30,1846.1,1869.5,1890.0,1775.8,580609
JBCHEPHARM,2026-02-06,1875.0,1849.5,1931.7,1830.6,1448998
JBCHEPHARM,2026-02-13,1857.5,1891.8,1926.8,1848.7,1262240
JBCHEPHARM,2026-02-20,1905.2,2000.3,2015.2,1895.1,2585832
JBCHEPHARM,2026-02-27,2019.9,2053.5,2114.7,2004.0,1569418
JBCHEPHARM,2026-03-06,1976.2,2052.9,2085.2,1974.0,1019578
JBCHEPHARM,2026-03-13,2020.0,2121.8,2141.0,2010.0,2581087
JBCHEPHARM,2026-03-20,2136.0,2138.6,2195.0,2065.0,2187735
JBCHEPHARM,2026-03-27,2138.6,2056.7,2138.6,2048.9,1152141
JBCHEPHARM,2026-04-03,2048.9,1961.1,2103.0,1892.6,772227
JBCHEPHARM,2026-04-10,1913.3,2005.4,2009.0,1913.3,2024503
JBCHEPHARM,2026-04-17,1999.1,1998.0,2029.0,1958.6,1383452
JBCHEPHARM,2026-04-24,1985.1,2005.8,2033.7,1960.2,1492644
JBCHEPHARM,2026-05-01,2013.0,2043.4,2081.9,2008.2,981358
JBCHEPHARM,2026-05-08,2066.8,2149.8,2171.0,2062.3,1420113
JBCHEPHARM,2026-05-15,2133.5,2140.4,2224.9,2080.5,2179933
JBCHEPHARM,2026-05-22,2124.6,2192.6,2217.0,2087.1,1295865
JBCHEPHARM,2026-05-29,2214.0,2167.4,2285.3,2131.0,1187662
JBCHEPHARM,2026-06-05,2160.7,2169.3,2184.0,2080.9,1898998
JBCHEPHARM,2026-06-12,2164.0,2257.7,2300.0,2131.3,1297485
JBCHEPHARM,2026-06-19,2264.4,2193.5,2269.9,2175.7,1197492
JBCHEPHARM,2026-06-26,2193.0,2243.9,2261.0,2163.1,649388
JBCHEPHARM,2026-07-03,2263.4,2364.6,2371.8,2236.3,1862800
JBCHEPHARM,2026-07-10,2360.0,2435.5,2474.0,2350.4,2789751
JBCHEPHARM,2026-07-17,2415.2,2408.9,2525.5,2380.0,6789847
JBMA,2026-01-23,592.05,529.0,593.8,525.3,2117384
JBMA,2026-01-30,530.25,564.05,573.6,518.0,2559537
JBMA,2026-02-06,545.0,580.65,618.4,542.1,5925509
JBMA,2026-02-13,585.0,579.85,612.4,578.0,1610271
JBMA,2026-02-20,572.9,570.45,591.85,561.05,860037
JBMA,2026-02-27,570.95,551.35,577.7,548.05,957622
JBMA,2026-03-06,526.1,521.9,538.65,502.3,1211759
JBMA,2026-03-13,513.95,494.3,531.7,491.0,1435167
JBMA,2026-03-20,499.85,567.25,590.6,477.0,70500922
JBMA,2026-03-27,556.0,546.65,603.55,533.0,24585562
JBMA,2026-04-03,539.0,561.7,584.75,512.4,14854225
JBMA,2026-04-10,562.0,611.45,633.0,546.2,13623423
JBMA,2026-04-17,609.0,624.2,644.95,606.8,8352074
JBMA,2026-04-24,627.0,612.85,639.3,606.65,3178799
JBMA,2026-05-01,617.7,630.15,655.0,615.25,4047112
JBMA,2026-05-08,633.2,649.9,663.5,611.05,4976605
JBMA,2026-05-15,659.0,641.6,711.2,638.0,23941591
JBMA,2026-05-22,638.05,631.8,655.35,607.65,3943229
JBMA,2026-05-29,639.0,621.45,657.5,616.15,1589317
JBMA,2026-06-05,629.0,679.7,718.6,629.0,22001249
JBMA,2026-06-12,660.05,683.8,690.55,642.25,7637315
JBMA,2026-06-19,691.25,727.3,738.0,677.05,10226235
JBMA,2026-06-26,734.0,693.1,738.5,688.05,2882028
JBMA,2026-07-03,693.1,703.55,719.85,680.0,3581434
JBMA,2026-07-10,702.5,684.7,703.3,656.35,2396894
JBMA,2026-07-17,679.0,670.35,707.5,667.0,1824204
JGCHEM,2026-01-23,340.4,309.05,343.6,308.0,269175
JGCHEM,2026-01-30,309.05,317.65,323.7,298.4,208679
JGCHEM,2026-02-06,312.0,331.7,341.95,304.55,403646
JGCHEM,2026-02-13,335.0,378.4,416.0,335.0,1306528
JGCHEM,2026-02-20,382.0,379.65,389.3,360.4,445743
JGCHEM,2026-02-27,376.0,361.75,385.3,351.0,273881
JGCHEM,2026-03-06,342.5,370.45,375.0,342.5,401106
JGCHEM,2026-03-13,364.9,329.05,368.25,326.05,301800
JGCHEM,2026-03-20,330.05,332.0,346.45,317.1,315546
JGCHEM,2026-03-27,331.2,318.45,342.9,312.5,532303
JGCHEM,2026-04-03,319.8,337.3,340.0,306.8,227981
JGCHEM,2026-04-10,343.95,358.1,363.15,324.1,343298
JGCHEM,2026-04-17,350.95,380.6,389.5,340.55,518379
JGCHEM,2026-04-24,386.0,400.05,417.6,372.3,624275
JGCHEM,2026-05-01,405.9,404.2,416.9,398.55,367394
JGCHEM,2026-05-08,405.0,417.75,429.35,405.0,342153
JGCHEM,2026-05-15,418.1,392.65,422.0,381.6,603662
JGCHEM,2026-05-22,393.0,392.7,400.0,378.2,281357
JGCHEM,2026-05-29,399.7,436.2,453.7,396.05,1062928
JGCHEM,2026-06-05,439.7,417.35,448.55,414.6,345864
JGCHEM,2026-06-12,405.05,429.2,452.85,405.05,644049
JGCHEM,2026-06-19,435.0,437.6,448.45,423.1,352084
JGCHEM,2026-06-26,434.0,416.8,455.2,414.0,358173
JGCHEM,2026-07-03,414.75,422.45,433.0,409.25,211197
JGCHEM,2026-07-10,425.6,456.35,459.0,417.05,646127
JGCHEM,2026-07-17,459.7,445.45,464.25,435.6,483404
JINDALSAW,2026-01-23,155.0,177.72,195.0,155.0,249980854
JINDALSAW,2026-01-30,178.26,175.77,184.7,172.6,13003953
JINDALSAW,2026-02-06,172.0,187.78,190.91,169.06,13767649
JINDALSAW,2026-02-13,189.5,190.18,198.9,186.26,13373574
JINDALSAW,2026-02-20,189.01,181.28,192.26,175.68,8693040
JINDALSAW,2026-02-27,182.77,185.37,191.0,173.97,23287159
JINDALSAW,2026-03-06,173.75,166.74,183.85,165.0,7386722
JINDALSAW,2026-03-13,165.0,191.33,211.0,159.06,212566730
JINDALSAW,2026-03-20,190.88,194.13,203.79,187.0,39604098
JINDALSAW,2026-03-27,192.01,186.01,192.01,177.72,12209378
JINDALSAW,2026-04-03,183.0,191.79,195.43,180.39,10252856
JINDALSAW,2026-04-10,191.78,204.87,206.44,188.35,12464118
JINDALSAW,2026-04-17,200.0,236.28,239.0,197.55,20776619
JINDALSAW,2026-04-24,236.28,239.73,249.79,231.23,19950109
JINDALSAW,2026-05-01,241.6,222.75,248.9,218.95,22698069
JINDALSAW,2026-05-08,223.86,243.96,249.45,223.86,12001580
JINDALSAW,2026-05-15,241.9,229.09,245.99,226.0,7270439
JINDALSAW,2026-05-22,227.55,220.0,227.55,214.01,7600968
JINDALSAW,2026-05-29,222.3,247.09,251.7,222.3,13072419
JINDALSAW,2026-06-05,247.1,250.57,267.5,235.01,20255584
JINDALSAW,2026-06-12,248.0,238.5,248.0,221.7,8718878
JINDALSAW,2026-06-19,244.0,260.88,269.91,242.5,15195778
JINDALSAW,2026-06-26,262.0,260.72,262.5,252.81,5208864
JINDALSAW,2026-07-03,262.0,260.95,265.65,255.1,6541382
JINDALSAW,2026-07-10,261.0,275.8,278.95,248.6,10977870
JINDALSAW,2026-07-17,272.5,269.45,273.9,248.5,16428217
JSFB,2026-01-23,394.05,373.3,404.0,369.0,1219870
JSFB,2026-01-30,373.3,359.65,375.0,352.2,1216246
JSFB,2026-02-06,359.0,352.2,365.1,338.9,1705578
JSFB,2026-02-13,346.0,388.15,411.8,346.0,8850480
JSFB,2026-02-20,387.9,382.6,406.9,376.65,2061588
JSFB,2026-02-27,386.0,370.8,388.05,360.45,2860684
JSFB,2026-03-06,356.0,350.35,375.0,347.0,1387184
JSFB,2026-03-13,345.0,353.05,367.85,333.6,2749381
JSFB,2026-03-20,353.05,349.25,364.05,342.0,1479602
JSFB,2026-03-27,349.25,372.0,386.0,330.0,1824687
JSFB,2026-04-03,368.0,372.7,375.45,354.85,772778
JSFB,2026-04-10,369.0,384.6,408.0,364.1,1141428
JSFB,2026-04-17,382.0,391.45,413.9,371.0,1157747
JSFB,2026-04-24,391.45,459.35,483.1,381.0,8066299
JSFB,2026-05-01,464.95,458.15,501.0,453.65,3299672
JSFB,2026-05-08,463.35,455.05,475.0,429.95,2919058
JSFB,2026-05-15,451.0,490.85,506.8,445.05,6000536
JSFB,2026-05-22,484.95,450.45,494.3,441.3,3936930
JSFB,2026-05-29,456.45,495.25,507.0,449.2,3093117
JSFB,2026-06-05,500.0,477.55,500.0,469.6,4697175
JSFB,2026-06-12,470.0,479.75,483.25,456.4,1873443
JSFB,2026-06-19,483.9,460.1,488.85,455.05,2447394
JSFB,2026-06-26,466.3,448.5,466.3,446.65,2009140
JSFB,2026-07-03,452.4,469.3,480.8,445.0,2770833
JSFB,2026-07-10,469.3,474.1,479.75,439.0,3772726
JSFB,2026-07-17,474.1,493.0,521.05,474.1,9986532
JSLL,2026-01-23,707.0,684.2,726.8,655.1,1091529
JSLL,2026-01-30,679.7,664.35,682.3,642.35,574001
JSLL,2026-02-06,664.95,712.3,733.5,639.55,1531395
JSLL,2026-02-13,780.0,698.35,809.0,693.4,5646896
JSLL,2026-02-20,695.0,689.8,722.0,681.2,722922
JSLL,2026-02-27,698.0,608.65,698.0,606.0,1435379
JSLL,2026-03-06,581.2,605.0,623.75,581.2,1024802
JSLL,2026-03-13,601.0,582.05,635.0,580.2,1007662
JSLL,2026-03-20,577.0,611.3,635.0,570.6,1210479
JSLL,2026-03-27,605.0,553.65,615.9,536.9,2572947
JSLL,2026-04-03,546.0,606.6,616.0,534.4,2650005
JSLL,2026-04-10,610.25,666.9,676.0,591.55,1420431
JSLL,2026-04-17,648.3,686.25,693.6,639.1,742041
JSLL,2026-04-24,680.1,633.7,696.0,631.35,830872
JSLL,2026-05-01,643.25,674.9,695.0,635.0,947822
JSLL,2026-05-08,675.15,748.25,768.8,670.95,3235445
JSLL,2026-05-15,749.0,639.1,784.45,625.05,2878320
JSLL,2026-05-22,635.25,649.75,680.2,610.1,1608986
JSLL,2026-05-29,661.0,614.95,661.0,599.55,1840799
JSLL,2026-06-05,570.0,629.85,749.65,492.0,74432047
JSLL,2026-06-12,620.0,612.2,644.9,567.55,7443400
JSLL,2026-06-19,615.6,557.2,631.0,545.05,5104494
JSLL,2026-06-26,563.0,602.25,619.6,563.0,9341109
JSLL,2026-07-03,603.65,576.05,609.45,569.5,3193547
JSLL,2026-07-10,576.0,593.0,599.9,554.0,2846423
JSLL,2026-07-17,585.0,565.65,591.45,563.0,1412200
JTLIND,2026-01-23,72.0,75.96,80.5,67.5,81839579
JTLIND,2026-01-30,77.19,71.42,78.5,67.57,28202301
JTLIND,2026-02-06,70.9,67.49,76.5,64.47,30809478
JTLIND,2026-02-13,67.6,65.77,68.89,64.47,13452470
JTLIND,2026-02-20,65.5,65.02,66.5,63.4,7550421
JTLIND,2026-02-27,65.0,63.63,65.9,62.74,6132212
JTLIND,2026-03-06,59.01,53.48,61.0,50.16,14904961
JTLIND,2026-03-13,52.0,52.28,57.89,50.34,12727027
JTLIND,2026-03-20,51.8,52.11,55.49,49.31,8113936
JTLIND,2026-03-27,51.33,45.9,51.61,45.58,11183163
JTLIND,2026-04-03,45.1,49.88,51.39,40.25,18288106
JTLIND,2026-04-10,50.0,64.38,68.55,47.7,105510068
JTLIND,2026-04-17,62.5,66.76,71.74,61.5,16201833
JTLIND,2026-04-24,67.11,81.39,82.7,67.11,36978212
JTLIND,2026-05-01,82.45,79.5,83.64,75.6,20831091
JTLIND,2026-05-08,78.81,81.6,82.9,76.2,22392768
JTLIND,2026-05-15,81.13,68.65,84.0,67.03,24569504
JTLIND,2026-05-22,67.5,70.31,70.84,64.85,9970410
JTLIND,2026-05-29,72.0,69.0,72.28,68.51,5906596
JTLIND,2026-06-05,69.0,70.62,72.55,64.9,10278353
JTLIND,2026-06-12,70.62,74.99,75.5,68.01,18660397
JTLIND,2026-06-19,76.0,79.23,82.34,71.16,28014566
JTLIND,2026-06-26,80.4,77.42,83.7,76.53,10302932
JTLIND,2026-07-03,77.49,82.29,84.97,75.87,20252844
JTLIND,2026-07-10,83.07,78.04,87.2,76.62,18225133
JTLIND,2026-07-17,76.9,74.7,79.4,73.71,7562700
JUBLPHARMA,2026-01-23,1031.0,956.1,1032.0,926.9,957879
JUBLPHARMA,2026-01-30,951.0,981.9,991.0,929.6,479211
JUBLPHARMA,2026-02-06,959.1,937.65,998.35,929.6,731144
JUBLPHARMA,2026-02-13,925.0,913.0,955.05,893.6,1014419
JUBLPHARMA,2026-02-20,909.9,872.55,914.6,847.2,537604
JUBLPHARMA,2026-02-27,882.0,866.3,910.9,861.1,873711
JUBLPHARMA,2026-03-06,828.6,818.05,860.0,813.6,490361
JUBLPHARMA,2026-03-13,818.0,844.2,855.0,786.05,1072376
JUBLPHARMA,2026-03-20,830.1,831.35,861.95,816.65,578218
JUBLPHARMA,2026-03-27,815.0,844.25,886.3,804.15,1010474
JUBLPHARMA,2026-04-03,830.5,839.3,847.0,800.05,867105
JUBLPHARMA,2026-04-10,839.3,890.8,903.05,823.55,1288506
JUBLPHARMA,2026-04-17,869.5,910.9,916.8,865.6,335261
JUBLPHARMA,2026-04-24,916.0,945.4,959.35,899.05,469925
JUBLPHARMA,2026-05-01,955.0,926.6,959.0,916.5,506469
JUBLPHARMA,2026-05-08,931.05,1008.2,1019.9,927.25,510313
JUBLPHARMA,2026-05-15,1000.0,990.15,1031.7,971.55,603691
JUBLPHARMA,2026-05-22,979.5,1006.35,1030.0,979.5,1090754
JUBLPHARMA,2026-05-29,1006.45,995.0,1014.9,955.25,698799
JUBLPHARMA,2026-06-05,983.0,973.6,997.75,959.0,354611
JUBLPHARMA,2026-06-12,967.05,976.75,981.75,939.05,325727
JUBLPHARMA,2026-06-19,987.0,966.35,1004.7,960.2,414511
JUBLPHARMA,2026-06-26,959.8,964.4,997.5,948.1,543595
JUBLPHARMA,2026-07-03,969.2,969.2,999.75,950.25,476559
JUBLPHARMA,2026-07-10,972.0,964.2,995.4,954.3,474270
JUBLPHARMA,2026-07-17,964.2,1022.6,1042.0,958.5,1300391
KAJARIACER,2026-01-23,992.55,934.15,998.3,924.8,990493
KAJARIACER,2026-01-30,927.0,902.4,932.4,871.0,1054624
KAJARIACER,2026-02-06,875.0,940.45,943.85,869.6,938257
KAJARIACER,2026-02-13,945.1,939.95,965.0,930.0,812578
KAJARIACER,2026-02-20,937.0,993.8,1013.15,918.0,2334783
KAJARIACER,2026-02-27,1000.0,957.1,1007.95,944.8,1331718
KAJARIACER,2026-03-06,904.8,934.65,950.9,877.2,1327011
KAJARIACER,2026-03-13,916.05,910.15,979.0,905.0,1504841
KAJARIACER,2026-03-20,905.0,951.35,969.6,870.0,1813772
KAJARIACER,2026-03-27,958.05,950.75,958.65,877.6,1222664
KAJARIACER,2026-04-03,924.95,974.05,1007.55,911.5,1770229
KAJARIACER,2026-04-10,961.1,1120.7,1125.0,957.15,1720789
KAJARIACER,2026-04-17,1080.0,1178.35,1197.1,1080.0,1602406
KAJARIACER,2026-04-24,1178.35,1211.15,1220.75,1158.9,3181574
KAJARIACER,2026-05-01,1213.0,1187.65,1246.8,1162.4,2551391
KAJARIACER,2026-05-08,1187.0,1104.1,1187.0,1050.1,2940226
KAJARIACER,2026-05-15,1102.3,1064.4,1125.6,1050.0,1235797
KAJARIACER,2026-05-22,1066.2,1059.2,1075.9,1041.2,727764
KAJARIACER,2026-05-29,1069.9,1072.6,1099.0,1060.5,1402703
KAJARIACER,2026-06-05,1075.8,1083.8,1125.0,1067.1,974201
KAJARIACER,2026-06-12,1078.1,1082.3,1100.0,1060.1,537886
KAJARIACER,2026-06-19,1098.0,1170.4,1174.8,1094.1,1330140
KAJARIACER,2026-06-26,1170.4,1196.6,1232.9,1153.0,1698123
KAJARIACER,2026-07-03,1178.1,1202.3,1232.4,1168.2,1547676
KAJARIACER,2026-07-10,1207.0,1218.0,1229.7,1189.0,758664
KAJARIACER,2026-07-17,1210.1,1239.5,1271.5,1204.0,2361531
KAYNES,2026-01-23,3612.0,3379.2,3669.2,3365.6,5782378
KAYNES,2026-01-30,3402.0,3475.4,3562.0,3294.9,5596050
KAYNES,2026-02-06,3577.5,3700.3,3803.0,3337.1,16617971
KAYNES,2026-02-13,3765.0,3942.5,4177.0,3757.8,13575233
KAYNES,2026-02-20,3928.0,3870.9,4075.0,3817.8,6213610
KAYNES,2026-02-27,3898.0,3856.5,3990.6,3745.9,5196499
KAYNES,2026-03-06,3671.0,3746.8,3855.0,3614.1,4726261
KAYNES,2026-03-13,3661.3,3475.6,3899.0,3456.0,6544674
KAYNES,2026-03-20,3490.0,3620.6,3743.9,3420.0,5692112
KAYNES,2026-03-27,3550.0,3612.6,3778.3,3347.0,7290568
KAYNES,2026-04-03,3560.0,3538.0,3674.8,3380.0,5011560
KAYNES,2026-04-10,3547.9,3896.3,3975.0,3460.0,8260959
KAYNES,2026-04-17,3795.5,4214.4,4263.9,3752.0,6049388
KAYNES,2026-04-24,4220.0,4266.8,4476.2,4116.1,6469857
KAYNES,2026-05-01,4300.0,4044.4,4315.0,3970.0,4185383
KAYNES,2026-05-08,4070.0,4507.5,4538.6,4016.0,4609364
KAYNES,2026-05-15,4505.0,3271.9,4533.0,3184.2,23204232
KAYNES,2026-05-22,3259.7,3321.4,3330.0,2995.0,10533685
KAYNES,2026-05-29,3369.9,3133.6,3418.1,3122.5,6699340
KAYNES,2026-06-05,3164.9,3121.8,3249.1,3072.2,4430761
KAYNES,2026-06-12,3069.9,3076.9,3109.6,3018.1,2778815
KAYNES,2026-06-19,3142.6,3253.1,3399.0,3070.2,6201052
KAYNES,2026-06-26,3286.0,3264.7,3386.0,3180.1,4943362
KAYNES,2026-07-03,3264.6,3333.8,3363.0,3110.0,6333406
KAYNES,2026-07-10,3339.5,3336.1,3474.3,3192.0,7672907
KAYNES,2026-07-17,3300.0,3385.8,3478.4,3270.1,4250554
KEC,2026-01-23,681.0,634.95,692.75,626.4,2321739
KEC,2026-01-30,637.9,667.15,670.55,619.35,2528477
KEC,2026-02-06,635.0,615.5,655.65,603.3,5306317
KEC,2026-02-13,619.0,601.95,638.9,600.0,2611556
KEC,2026-02-20,601.7,584.3,614.75,577.65,2651482
KEC,2026-02-27,590.0,585.3,600.65,574.55,1985774
KEC,2026-03-06,551.0,546.55,578.7,533.55,2673991
KEC,2026-03-13,533.0,549.05,578.5,520.2,8032153
KEC,2026-03-20,549.05,546.1,570.5,525.35,3883083
KEC,2026-03-27,540.0,533.7,567.8,511.9,2625759
KEC,2026-04-03,525.0,529.5,539.15,501.05,1991565
KEC,2026-04-10,527.85,573.65,616.95,516.15,14470520
KEC,2026-04-17,560.05,580.05,594.0,551.0,4807230
KEC,2026-04-24,580.7,575.15,593.9,557.15,7689929
KEC,2026-05-01,576.75,560.7,585.0,553.2,3022949
KEC,2026-05-08,567.0,598.05,617.0,565.0,10423728
KEC,2026-05-15,596.45,548.55,597.45,543.3,4317958
KEC,2026-05-22,540.95,485.05,540.95,466.0,13193633
KEC,2026-05-29,491.6,499.65,511.3,490.0,5943994
KEC,2026-06-05,499.65,497.1,509.5,487.4,3347058
KEC,2026-06-12,492.2,504.45,509.0,481.2,2932099
KEC,2026-06-19,521.05,541.45,544.5,510.0,7231714
KEC,2026-06-26,544.2,528.15,551.0,525.15,2998398
KEC,2026-07-03,540.5,511.0,551.0,508.3,16263616
KEC,2026-07-10,513.2,504.85,516.7,484.15,4369591
KEC,2026-07-17,500.0,495.4,514.4,488.35,7437594
KEI,2026-01-23,4340.0,3807.2,4400.0,3728.7,2964753
KEI,2026-01-30,3814.9,4021.1,4047.2,3759.2,1404674
KEI,2026-02-06,3949.9,4462.6,4560.0,3928.4,2099616
KEI,2026-02-13,4489.9,4566.8,4646.0,4455.7,877417
KEI,2026-02-20,4574.0,4756.0,4785.0,4450.0,1118323
KEI,2026-02-27,4806.0,5080.4,5110.0,4687.6,1850455
KEI,2026-03-06,4920.5,4921.0,5303.0,4861.5,3052765
KEI,2026-03-13,4860.0,4158.0,4875.0,4144.0,3305934
KEI,2026-03-20,4117.0,4188.0,4424.0,4063.0,1656237
KEI,2026-03-27,4110.0,4124.0,4319.0,3937.0,2006381
KEI,2026-04-03,4074.0,4048.1,4217.8,3953.3,1939196
KEI,2026-04-10,4058.2,4459.0,4580.5,4009.3,2205231
KEI,2026-04-17,4362.2,4839.3,4866.2,4301.0,1443231
KEI,2026-04-24,4839.3,4816.1,4996.9,4725.4,1683023
KEI,2026-05-01,4884.1,4857.5,5050.0,4747.6,1653983
KEI,2026-05-08,4900.9,5099.6,5245.0,4720.1,4606205
KEI,2026-05-15,5050.0,5117.5,5247.8,4822.6,2018215
KEI,2026-05-22,5074.9,5260.5,5325.0,4950.0,1925879
KEI,2026-05-29,5325.0,5267.5,5476.3,5230.0,1155819
KEI,2026-06-05,5289.5,5335.5,5398.0,5067.5,1038491
KEI,2026-06-12,5289.0,5369.5,5383.0,5107.0,1046931
KEI,2026-06-19,5444.5,5631.0,5685.0,5345.0,1432685
KEI,2026-06-26,5639.0,5268.0,5708.0,5230.0,1456168
KEI,2026-07-03,5294.0,5270.5,5600.0,5155.0,3086683
KEI,2026-07-10,5287.0,5149.5,5291.0,4925.0,1451272
KEI,2026-07-17,5139.0,4906.5,5233.0,4881.0,1848141
KERNEX,2026-01-23,1350.0,1139.7,1350.0,1112.0,1677887
KERNEX,2026-01-30,1179.6,1257.8,1272.4,1122.2,846493
KERNEX,2026-02-06,1216.3,1194.2,1280.0,1161.5,698384
KERNEX,2026-02-13,1216.0,1167.5,1295.0,1151.4,1408887
KERNEX,2026-02-20,1174.5,1106.2,1181.5,1072.7,500759
KERNEX,2026-02-27,1122.8,1078.0,1125.0,1073.7,299710
KERNEX,2026-03-06,1026.0,1037.0,1074.0,1014.2,506035
KERNEX,2026-03-13,1022.1,982.2,1039.0,951.2,686845
KERNEX,2026-03-20,975.0,962.0,994.0,922.9,670672
KERNEX,2026-03-27,951.0,908.0,964.9,888.1,880199
KERNEX,2026-04-03,900.0,958.45,975.0,850.0,567930
KERNEX,2026-04-10,979.9,1167.25,1185.0,951.7,1415062
KERNEX,2026-04-17,1140.0,1172.85,1206.45,1121.0,582194
KERNEX,2026-04-24,1175.0,1296.45,1324.0,1146.0,826487
KERNEX,2026-05-01,1287.05,1348.8,1380.0,1287.05,792502
KERNEX,2026-05-08,1369.9,1583.8,1626.0,1333.0,2346732
KERNEX,2026-05-15,1556.1,1404.8,1607.7,1353.8,1288416
KERNEX,2026-05-22,1375.8,1351.4,1407.9,1328.4,474700
KERNEX,2026-05-29,1364.9,1689.9,1747.0,1364.9,3476116
KERNEX,2026-06-05,1714.7,1836.1,1918.4,1682.0,3929205
KERNEX,2026-06-12,1815.0,1993.3,2000.0,1805.1,1658237
KERNEX,2026-06-19,1993.3,1999.5,2145.0,1944.1,1272633
KERNEX,2026-06-26,2003.5,2035.7,2070.0,1890.0,799803
KERNEX,2026-07-03,2039.7,2378.8,2427.3,1992.1,1417435
KERNEX,2026-07-10,2378.8,2157.5,2445.0,1987.0,1331566
KERNEX,2026-07-17,2148.0,2039.3,2249.0,2011.0,783294
KFINTECH,2026-01-23,1065.0,1018.7,1067.5,986.4,4275657
KFINTECH,2026-01-30,1022.8,1014.0,1034.6,997.6,2391937
KFINTECH,2026-02-06,972.0,967.7,1054.1,951.1,4031625
KFINTECH,2026-02-13,974.0,968.1,1038.0,955.6,4307948
KFINTECH,2026-02-20,968.1,1007.4,1061.4,952.0,7580086
KFINTECH,2026-02-27,1016.9,956.7,1029.0,955.0,3829228
KFINTECH,2026-03-06,934.0,912.75,956.7,899.4,2849385
KFINTECH,2026-03-13,906.0,892.55,956.95,873.45,2963478
KFINTECH,2026-03-20,893.0,914.55,950.0,889.1,3982577
KFINTECH,2026-03-27,910.0,913.6,947.8,870.0,4155110
KFINTECH,2026-04-03,899.0,904.15,920.7,866.0,2044249
KFINTECH,2026-04-10,905.0,911.45,946.9,881.7,7007218
KFINTECH,2026-04-17,894.0,976.0,983.0,882.7,5754366
KFINTECH,2026-04-24,980.0,956.05,1006.0,951.35,4558505
KFINTECH,2026-05-01,961.95,895.7,986.4,892.0,8740477
KFINTECH,2026-05-08,902.5,916.3,938.1,856.7,8416451
KFINTECH,2026-05-15,905.0,808.2,911.65,805.0,6251720
KFINTECH,2026-05-22,804.25,817.6,842.0,784.95,5958513
KFINTECH,2026-05-29,829.0,857.75,876.9,821.0,5289933
KFINTECH,2026-06-05,861.75,868.85,875.0,829.0,5198756
KFINTECH,2026-06-12,858.8,826.7,859.0,800.05,3886970
KFINTECH,2026-06-19,845.0,915.35,919.4,836.95,6994505
KFINTECH,2026-06-26,922.5,874.15,928.0,873.0,4029982
KFINTECH,2026-07-03,874.15,880.05,894.8,839.0,5166158
KFINTECH,2026-07-10,888.6,901.1,910.75,838.0,7598294
KFINTECH,2026-07-17,900.0,887.9,930.0,869.7,6376399
KINGFA,2026-01-23,4362.1,3913.9,4400.0,3900.0,23654
KINGFA,2026-01-30,3806.7,4363.7,4389.0,3790.0,23552
KINGFA,2026-02-06,4184.0,4261.8,4490.0,3979.1,19011
KINGFA,2026-02-13,4345.5,4304.3,4629.0,4212.6,22342
KINGFA,2026-02-20,4308.6,4045.0,4370.0,4025.0,14562
KINGFA,2026-02-27,4145.0,4404.1,4580.2,3986.0,54821
KINGFA,2026-03-06,4246.5,4179.0,4439.8,4071.1,18080
KINGFA,2026-03-13,4158.1,4095.3,4221.0,3950.5,20999
KINGFA,2026-03-20,4100.0,4073.3,4330.0,4016.0,20388
KINGFA,2026-03-27,4015.0,4032.2,4177.0,3927.0,11882
KINGFA,2026-04-03,3983.6,4192.6,4281.0,3956.8,17245
KINGFA,2026-04-10,4220.0,4371.8,4399.0,4125.1,23393
KINGFA,2026-04-17,4303.0,4735.6,4835.9,4303.0,30825
KINGFA,2026-04-24,4720.0,4920.4,5070.0,4720.0,49355
KINGFA,2026-05-01,4924.5,4779.1,5139.0,4545.0,50617
KINGFA,2026-05-08,4878.9,5374.9,5399.4,4698.2,73146
KINGFA,2026-05-15,5425.0,5177.1,5476.0,5038.1,33677
KINGFA,2026-05-22,5177.1,5135.7,5447.9,5100.0,29326
KINGFA,2026-05-29,5190.0,5473.4,5699.4,5125.0,59815
KINGFA,2026-06-05,5582.5,5367.0,5599.0,5223.5,53372
KINGFA,2026-06-12,5340.0,5108.0,5399.0,4931.0,19471
KINGFA,2026-06-19,5150.0,5159.5,5265.0,4971.0,50451
KINGFA,2026-06-26,5160.0,5059.0,5256.0,5018.5,21673
KINGFA,2026-07-03,5084.5,5108.5,5244.5,4948.0,32195
KINGFA,2026-07-10,5101.0,5146.5,5199.0,4955.0,48501
KINGFA,2026-07-17,5146.5,5037.5,5184.0,4978.0,21152
KIRLOSBROS,2026-01-23,1600.2,1490.6,1602.0,1449.9,376092
KIRLOSBROS,2026-01-30,1490.6,1566.3,1592.1,1462.7,175664
KIRLOSBROS,2026-02-06,1491.2,1603.6,1675.0,1474.4,1936196
KIRLOSBROS,2026-02-13,1614.9,1604.6,1650.0,1576.2,323176
KIRLOSBROS,2026-02-20,1600.6,1599.2,1655.0,1585.0,185403
KIRLOSBROS,2026-02-27,1603.9,1582.8,1645.8,1560.0,232220
KIRLOSBROS,2026-03-06,1485.0,1645.7,1672.0,1475.0,3258290
KIRLOSBROS,2026-03-13,1582.0,1520.2,1648.8,1510.0,639231
KIRLOSBROS,2026-03-20,1509.1,1561.4,1600.0,1469.5,295154
KIRLOSBROS,2026-03-27,1552.9,1426.5,1556.1,1413.1,424826
KIRLOSBROS,2026-04-03,1400.0,1403.9,1430.6,1335.0,275987
KIRLOSBROS,2026-04-10,1400.0,1588.3,1594.5,1377.1,412438
KIRLOSBROS,2026-04-17,1526.0,1764.3,1869.8,1526.0,1009005
KIRLOSBROS,2026-04-24,1764.4,1645.0,1783.8,1617.1,416781
KIRLOSBROS,2026-05-01,1651.1,1729.9,1764.4,1651.0,388045
KIRLOSBROS,2026-05-08,1735.2,1733.1,1783.0,1692.1,270605
KIRLOSBROS,2026-05-15,1733.1,1607.4,1734.6,1550.1,613801
KIRLOSBROS,2026-05-22,1586.6,1597.8,1658.4,1558.9,215497
KIRLOSBROS,2026-05-29,1624.0,1633.0,1734.8,1605.0,330402
KIRLOSBROS,2026-06-05,1640.6,1711.1,1757.0,1594.3,718554
KIRLOSBROS,2026-06-12,1711.9,1729.4,1745.0,1654.0,326933
KIRLOSBROS,2026-06-19,1751.9,1933.6,1965.0,1733.5,975294
KIRLOSBROS,2026-06-26,1970.0,2018.5,2189.2,1956.6,4625974
KIRLOSBROS,2026-07-03,2026.7,1852.5,2098.0,1800.0,1411898
KIRLOSBROS,2026-07-10,1852.5,1920.5,1934.9,1811.3,491653
KIRLOSBROS,2026-07-17,1920.5,1868.2,2007.6,1833.1,663822
KIRLOSENG,2026-01-23,1162.0,1094.2,1162.8,1058.5,858061
KIRLOSENG,2026-01-30,1100.0,1174.0,1180.0,1073.5,828034
KIRLOSENG,2026-02-06,1140.4,1170.6,1249.0,1101.3,1112940
KIRLOSENG,2026-02-13,1177.9,1379.9,1434.9,1177.9,7832318
KIRLOSENG,2026-02-20,1386.7,1418.5,1475.5,1378.8,3482327
KIRLOSENG,2026-02-27,1420.0,1393.2,1429.3,1361.0,938742
KIRLOSENG,2026-03-06,1320.0,1510.5,1530.0,1265.0,2605639
KIRLOSENG,2026-03-13,1515.0,1451.3,1519.5,1404.9,1972483
KIRLOSENG,2026-03-20,1449.0,1376.7,1509.0,1360.0,1513023
KIRLOSENG,2026-03-27,1366.2,1347.4,1400.9,1254.9,1150783
KIRLOSENG,2026-04-03,1321.0,1383.9,1412.0,1294.0,779164
KIRLOSENG,2026-04-10,1381.1,1473.2,1495.0,1368.9,1798703
KIRLOSENG,2026-04-17,1443.7,1618.4,1664.0,1414.0,2924748
KIRLOSENG,2026-04-24,1625.0,1591.1,1687.5,1571.6,2266687
KIRLOSENG,2026-05-01,1616.8,1698.2,1745.9,1605.0,2033716
KIRLOSENG,2026-05-08,1701.1,1728.9,1765.0,1666.2,1421086
KIRLOSENG,2026-05-15,1732.1,1740.2,1775.0,1536.1,3208482
KIRLOSENG,2026-05-22,1739.0,1671.0,1739.0,1630.0,1766210
KIRLOSENG,2026-05-29,1665.0,1928.0,1943.7,1656.3,2595380
KIRLOSENG,2026-06-05,1930.2,1913.3,1990.8,1842.7,2237017
KIRLOSENG,2026-06-12,1837.0,1890.5,1907.6,1791.1,1033892
KIRLOSENG,2026-06-19,1952.9,1991.5,2052.7,1910.0,1728147
KIRLOSENG,2026-06-26,2200.0,2484.3,2720.0,2200.0,19805968
KIRLOSENG,2026-07-03,2480.0,2230.8,2500.0,2220.0,3808752
KIRLOSENG,2026-07-10,2294.0,2491.9,2503.0,2239.7,5909587
KIRLOSENG,2026-07-17,2485.0,2255.7,2572.0,2240.0,2051926
KIRLOSIND,2026-01-23,3029.9,3127.8,3175.0,2786.9,38162
KIRLOSIND,2026-01-30,3112.1,3158.0,3232.0,3064.0,21220
KIRLOSIND,2026-02-06,2982.0,3104.2,3210.0,2935.0,11085
KIRLOSIND,2026-02-13,3105.3,3141.3,3310.5,3102.5,23681
KIRLOSIND,2026-02-20,3141.3,2971.9,3151.3,2923.2,13327
KIRLOSIND,2026-02-27,2974.8,2834.6,2996.7,2800.0,30795
KIRLOSIND,2026-03-06,2739.1,2939.0,2983.8,2739.1,22918
KIRLOSIND,2026-03-13,2924.4,2691.9,2924.4,2660.1,32150
KIRLOSIND,2026-03-20,2705.4,2735.8,2840.0,2647.1,32140
KIRLOSIND,2026-03-27,2725.0,2601.3,2825.0,2580.0,48902
KIRLOSIND,2026-04-03,2601.3,2763.1,2825.0,2463.0,26262
KIRLOSIND,2026-04-10,2703.0,2948.0,3027.9,2703.0,34440
KIRLOSIND,2026-04-17,2939.2,3180.3,3250.0,2839.2,36179
KIRLOSIND,2026-04-24,3164.4,3238.4,3399.0,3065.2,61380
KIRLOSIND,2026-05-01,3249.5,3260.2,3398.6,3204.1,17856
KIRLOSIND,2026-05-08,3298.9,3375.8,3399.8,3221.0,19756
KIRLOSIND,2026-05-15,3392.6,3049.8,3392.6,2973.5,21694
KIRLOSIND,2026-05-22,3059.9,3098.6,3545.0,2941.9,287060
KIRLOSIND,2026-05-29,3111.0,3139.1,3249.3,3085.0,18634
KIRLOSIND,2026-06-05,3160.0,3211.4,3239.9,3030.2,25768
KIRLOSIND,2026-06-12,3203.4,3129.3,3203.4,3026.0,12083
KIRLOSIND,2026-06-19,3224.0,3749.8,3955.0,3156.1,512400
KIRLOSIND,2026-06-26,3772.3,3928.3,4574.8,3772.3,836735
KIRLOSIND,2026-07-03,3901.0,4099.9,4148.0,3840.1,90129
KIRLOSIND,2026-07-10,4103.9,4134.3,4233.0,3949.0,81182
KIRLOSIND,2026-07-17,4127.5,3824.8,4180.0,3788.1,56827
KIRLPNU,2026-01-23,1096.9,1068.0,1126.0,1045.0,470383
KIRLPNU,2026-01-30,1075.9,1141.0,1163.6,1042.2,642959
KIRLPNU,2026-02-06,1128.6,1147.6,1207.5,1124.1,411269
KIRLPNU,2026-02-13,1148.0,1140.7,1221.6,1132.0,448958
KIRLPNU,2026-02-20,1141.7,1142.0,1155.6,1097.0,391689
KIRLPNU,2026-02-27,1145.9,1161.9,1175.0,1122.4,242098
KIRLPNU,2026-03-06,1085.5,1157.0,1177.3,1081.0,339266
KIRLPNU,2026-03-13,1150.1,1077.8,1157.0,1065.0,238064
KIRLPNU,2026-03-20,1074.6,1050.7,1087.8,1032.0,367286
KIRLPNU,2026-03-27,1040.0,1059.2,1119.9,1033.2,317519
KIRLPNU,2026-04-03,1043.3,1090.3,1099.9,1034.7,204813
KIRLPNU,2026-04-10,1099.9,1204.1,1207.1,1076.6,232716
KIRLPNU,2026-04-17,1174.1,1263.4,1285.0,1166.6,571901
KIRLPNU,2026-04-24,1267.0,1337.4,1374.3,1258.8,717558
KIRLPNU,2026-05-01,1353.0,1503.3,1562.3,1347.0,3685546
KIRLPNU,2026-05-08,1528.8,1560.2,1613.8,1510.0,1206993
KIRLPNU,2026-05-15,1549.3,1541.4,1574.0,1444.2,798905
KIRLPNU,2026-05-22,1541.0,1607.3,1661.3,1490.3,755240
KIRLPNU,2026-05-29,1629.0,1574.3,1705.0,1545.5,589497
KIRLPNU,2026-06-05,1574.8,1570.8,1627.9,1500.0,397523
KIRLPNU,2026-06-12,1551.0,1606.0,1680.0,1505.5,746241
KIRLPNU,2026-06-19,1628.0,1950.0,1987.0,1619.9,2245280
KIRLPNU,2026-06-26,2050.0,1899.2,2197.1,1866.5,2442814
KIRLPNU,2026-07-03,1912.0,1825.9,2040.0,1812.1,1229284
KIRLPNU,2026-07-10,1843.6,1783.7,1860.0,1726.8,651522
KIRLPNU,2026-07-17,1784.0,1696.0,1804.9,1671.1,524330
KOTAKBANK,2026-01-23,419.0,422.8,431.0,415.0,78056265
KOTAKBANK,2026-01-30,415.0,408.0,415.0,400.5,109205034
KOTAKBANK,2026-02-06,408.7,422.35,425.0,404.1,111810798
KOTAKBANK,2026-02-13,430.0,420.65,434.9,419.55,90502506
KOTAKBANK,2026-02-20,419.0,421.35,427.4,415.0,39240672
KOTAKBANK,2026-02-27,423.0,415.2,432.45,414.45,66832977
KOTAKBANK,2026-03-06,410.0,399.8,414.6,399.0,66106408
KOTAKBANK,2026-03-13,390.0,366.85,394.25,363.4,128841821
KOTAKBANK,2026-03-20,366.85,366.75,376.95,363.35,92725066
KOTAKBANK,2026-03-27,364.85,366.15,378.0,355.25,108341998
KOTAKBANK,2026-04-03,361.0,358.0,364.05,345.5,83064569
KOTAKBANK,2026-04-10,358.0,374.55,381.15,350.1,108311667
KOTAKBANK,2026-04-17,367.95,383.6,386.45,365.6,72814262
KOTAKBANK,2026-04-24,384.1,370.85,386.0,367.65,85248647
KOTAKBANK,2026-05-01,375.0,383.3,386.85,372.0,57137857
KOTAKBANK,2026-05-08,378.9,380.8,382.45,363.0,173217613
KOTAKBANK,2026-05-15,376.1,387.05,393.3,374.4,80794593
KOTAKBANK,2026-05-22,382.0,384.15,393.0,376.3,69968360
KOTAKBANK,2026-05-29,388.3,384.2,395.15,381.25,80067045
KOTAKBANK,2026-06-05,384.15,377.45,387.0,372.2,66033547
KOTAKBANK,2026-06-12,373.0,403.3,404.5,372.7,83238940
KOTAKBANK,2026-06-19,408.0,399.25,411.0,398.0,61850175
KOTAKBANK,2026-06-26,399.25,409.0,413.8,398.0,45592338
KOTAKBANK,2026-07-03,402.5,396.75,405.0,389.9,111487435
KOTAKBANK,2026-07-10,389.75,377.6,389.75,368.4,126088637
KOTAKBANK,2026-07-17,375.8,389.95,391.8,375.1,67224077
KOVAI,2026-04-17,2576.65,2576.65,2576.65,2576.65,0
KOVAI,2026-04-24,5499.9,5659.6,5748.0,5350.1,11200
KOVAI,2026-05-01,5740.0,5657.6,6052.6,5500.0,19387
KOVAI,2026-05-08,5642.5,5689.5,5838.5,5530.0,17592
KOVAI,2026-05-15,5750.0,5427.5,5750.0,5340.0,23950
KOVAI,2026-05-22,5492.5,5393.5,5528.5,5294.5,18222
KOVAI,2026-05-29,5421.0,5360.5,5540.0,5275.5,30685
KOVAI,2026-06-05,5300.0,5398.0,5459.0,5300.0,12430
KOVAI,2026-06-12,5322.0,5811.0,5946.0,5275.5,39024
KOVAI,2026-06-19,5860.0,5842.5,5900.0,5728.0,14468
KOVAI,2026-06-26,5842.5,6019.0,6340.0,5800.0,79892
KOVAI,2026-07-03,6019.5,6042.5,6140.0,5899.5,40939
KOVAI,2026-07-10,6097.5,5989.5,6158.5,5894.0,15144
KOVAI,2026-07-17,6015.5,5986.0,6057.0,5800.0,22680
KPIL,2026-01-23,1149.6,1107.8,1149.6,1060.0,668118
KPIL,2026-01-30,1105.8,1144.0,1174.5,1067.4,359392
KPIL,2026-02-06,1158.3,1091.3,1159.3,1075.0,1282922
KPIL,2026-02-13,1091.3,1096.9,1144.7,1078.1,805198
KPIL,2026-02-20,1090.1,1135.6,1140.9,1078.0,546217
KPIL,2026-02-27,1139.9,1240.1,1249.5,1135.6,1383384
KPIL,2026-03-06,1194.9,1133.9,1227.0,1108.5,822136
KPIL,2026-03-13,1115.0,1102.0,1163.0,1072.0,472983
KPIL,2026-03-20,1096.6,1071.0,1140.0,1037.0,1763826
KPIL,2026-03-27,1060.0,1073.7,1119.0,1007.1,1125177
KPIL,2026-04-03,1066.1,1106.1,1111.0,1040.1,413601
KPIL,2026-04-10,1092.0,1183.3,1190.9,1073.1,992717
KPIL,2026-04-17,1175.0,1231.7,1237.0,1147.6,509603
KPIL,2026-04-24,1239.0,1240.8,1273.1,1213.2,510909
KPIL,2026-05-01,1250.0,1250.3,1275.0,1230.1,307658
KPIL,2026-05-08,1255.0,1275.7,1329.0,1237.6,1519704
KPIL,2026-05-15,1276.7,1257.6,1282.4,1210.1,1008529
KPIL,2026-05-22,1256.0,1267.5,1327.0,1225.0,1026448
KPIL,2026-05-29,1275.9,1305.0,1322.7,1259.5,808189
KPIL,2026-06-05,1320.0,1290.3,1335.0,1240.1,1108903
KPIL,2026-06-12,1280.0,1301.6,1323.9,1241.0,622617
KPIL,2026-06-19,1323.0,1398.7,1409.9,1296.0,3638898
KPIL,2026-06-26,1410.0,1384.2,1479.6,1376.1,1619232
KPIL,2026-07-03,1376.9,1384.0,1405.2,1338.2,1588797
KPIL,2026-07-10,1386.0,1352.0,1391.0,1321.0,555081
KPIL,2026-07-17,1340.0,1310.0,1347.0,1285.1,773304
KPITTECH,2026-01-23,1185.0,1114.5,1186.8,1088.8,3596323
KPITTECH,2026-01-30,1098.5,1041.9,1117.4,1018.3,6375073
KPITTECH,2026-02-06,991.0,958.4,1063.0,943.2,6044857
KPITTECH,2026-02-13,959.0,861.7,993.9,812.9,11828115
KPITTECH,2026-02-20,860.4,835.4,891.6,830.7,5684472
KPITTECH,2026-02-27,835.4,771.1,841.9,758.0,14635925
KPITTECH,2026-03-06,736.0,698.55,768.3,695.4,8567858
KPITTECH,2026-03-13,692.25,660.15,708.75,652.9,9543502
KPITTECH,2026-03-20,660.0,660.95,698.85,624.9,14591349
KPITTECH,2026-03-27,650.0,660.05,684.8,644.4,6620381
KPITTECH,2026-04-03,648.85,696.8,698.9,633.0,5305097
KPITTECH,2026-04-10,696.8,716.45,740.0,684.35,9257578
KPITTECH,2026-04-17,709.65,747.8,762.8,695.25,6928776
KPITTECH,2026-04-24,748.65,709.6,750.45,690.15,7410383
KPITTECH,2026-05-01,713.1,759.05,767.2,713.1,7292948
KPITTECH,2026-05-08,767.0,729.15,795.3,704.0,28875525
KPITTECH,2026-05-15,728.0,703.7,737.2,693.0,9431121
KPITTECH,2026-05-22,702.0,751.05,764.5,690.45,11396373
KPITTECH,2026-05-29,753.95,771.95,797.5,753.95,6434907
KPITTECH,2026-06-05,776.05,777.8,826.0,758.0,9934076
KPITTECH,2026-06-12,770.0,749.0,773.0,718.2,3725412
KPITTECH,2026-06-19,763.0,760.05,774.0,711.1,6395843
KPITTECH,2026-06-26,763.8,742.6,770.95,733.0,4652040
KPITTECH,2026-07-03,738.9,558.65,743.8,551.85,47395527
KPITTECH,2026-07-10,560.9,561.75,567.8,543.35,17580815
KPITTECH,2026-07-17,560.0,554.05,578.9,543.0,14839205
KPRMILL,2026-01-23,837.4,848.9,918.0,804.05,2939745
KPRMILL,2026-01-30,869.95,869.55,946.5,842.0,6073754
KPRMILL,2026-02-06,887.0,977.3,1030.8,848.1,7138766
KPRMILL,2026-02-13,999.1,930.5,1013.6,869.05,7443428
KPRMILL,2026-02-20,929.95,933.5,941.9,890.0,1385466
KPRMILL,2026-02-27,950.0,897.8,959.2,890.1,1752198
KPRMILL,2026-03-06,842.3,840.45,880.0,826.8,816688
KPRMILL,2026-03-13,825.0,839.2,936.9,796.1,9022533
KPRMILL,2026-03-20,844.8,823.1,860.25,807.0,1502789
KPRMILL,2026-03-27,817.95,842.9,858.45,804.0,1721529
KPRMILL,2026-04-03,825.1,829.9,842.4,813.15,823518
KPRMILL,2026-04-10,830.7,871.95,906.95,821.95,1927957
KPRMILL,2026-04-17,860.1,927.7,934.0,849.15,1629654
KPRMILL,2026-04-24,925.0,930.6,937.1,910.85,1083114
KPRMILL,2026-05-01,930.7,936.6,946.5,916.55,891620
KPRMILL,2026-05-08,941.0,955.75,989.15,936.15,1161248
KPRMILL,2026-05-15,954.0,923.45,954.0,883.15,1309843
KPRMILL,2026-05-22,917.15,941.7,975.95,905.5,999532
KPRMILL,2026-05-29,945.7,966.5,988.2,930.55,692060
KPRMILL,2026-06-05,991.85,1086.55,1123.0,965.55,3711186
KPRMILL,2026-06-12,1070.0,1065.8,1097.0,1019.3,1880921
KPRMILL,2026-06-19,1084.95,1159.75,1208.7,1038.05,7378912
KPRMILL,2026-06-26,1163.7,1191.3,1334.0,1123.5,16702348
KPRMILL,2026-07-03,1183.1,1184.5,1231.0,1113.75,3326379
KPRMILL,2026-07-10,1189.0,1110.1,1189.0,1096.1,1274442
KPRMILL,2026-07-17,1110.1,1140.3,1174.0,1089.1,1579267
KRISHANA,2026-01-23,95.8,96.9,101.0,91.21,2269690
KRISHANA,2026-01-30,96.78,97.0,98.14,93.34,1507125
KRISHANA,2026-02-06,94.15,98.42,99.0,91.78,2648950
KRISHANA,2026-02-13,99.79,102.5,106.93,98.6,2886315
KRISHANA,2026-02-20,101.41,100.6,107.53,98.02,3888675
KRISHANA,2026-02-27,101.16,96.87,101.5,96.67,880070
KRISHANA,2026-03-06,92.2,97.35,98.05,92.01,906885
KRISHANA,2026-03-13,95.02,96.53,101.8,94.23,1574065
KRISHANA,2026-03-20,97.58,97.44,98.8,93.72,1281680
KRISHANA,2026-03-27,95.98,96.27,99.2,93.24,3421555
KRISHANA,2026-04-03,95.29,107.84,109.0,93.0,2917700
KRISHANA,2026-04-10,109.14,114.44,123.8,109.08,9469990
KRISHANA,2026-04-17,112.2,125.2,131.56,111.2,9940570
KRISHANA,2026-04-24,125.2,127.63,131.0,123.21,5544325
KRISHANA,2026-05-01,129.8,120.02,140.8,118.81,12771800
KRISHANA,2026-05-08,120.23,140.41,140.79,117.0,10157715
KRISHANA,2026-05-15,141.27,133.93,142.5,132.81,8794435
KRISHANA,2026-05-22,133.6,133.34,143.7,129.61,8120225
KRISHANA,2026-05-29,134.74,133.62,140.0,130.4,5634430
KRISHANA,2026-06-05,134.0,133.34,139.74,132.8,6042170
KRISHANA,2026-06-12,132.0,134.72,138.2,129.94,3300205
KRISHANA,2026-06-19,136.0,135.9,139.95,134.5,4374465
KRISHANA,2026-06-26,135.68,144.92,149.71,135.01,13665705
KRISHANA,2026-07-03,146.4,151.85,152.3,132.02,10381539
KRISHANA,2026-07-10,151.0,140.2,151.0,126.25,8189202
KRISHANA,2026-07-17,140.4,140.45,142.25,133.05,4057911
KRISHNADEF,2026-01-23,906.0,948.25,985.0,870.0,757343
KRISHNADEF,2026-01-30,960.05,1069.25,1144.65,905.0,1391149
KRISHNADEF,2026-02-06,1002.7,930.9,1040.0,890.3,807148
KRISHNADEF,2026-02-13,932.5,993.4,1020.5,932.5,425674
KRISHNADEF,2026-02-20,1038.0,1103.2,1200.0,990.2,1003057
KRISHNADEF,2026-02-27,1106.0,1084.4,1140.0,985.1,631050
KRISHNADEF,2026-03-06,1060.6,1127.3,1240.0,1031.1,1279589
KRISHNADEF,2026-03-13,1114.4,994.0,1193.9,990.0,874827
KRISHNADEF,2026-03-20,980.5,898.4,992.1,865.2,938134
KRISHNADEF,2026-03-27,888.0,831.3,919.0,824.8,492483
KRISHNADEF,2026-04-03,822.0,880.0,947.9,788.9,541741
KRISHNADEF,2026-04-10,897.9,950.0,970.0,860.85,537258
KRISHNADEF,2026-04-17,938.4,1043.55,1055.0,915.0,436194
KRISHNADEF,2026-04-24,1035.0,1045.05,1123.5,1020.0,563277
KRISHNADEF,2026-05-01,1065.0,1077.55,1129.0,1053.35,401680
KRISHNADEF,2026-05-08,1080.0,1193.5,1243.0,1022.0,632460
KRISHNADEF,2026-05-15,1193.5,1080.8,1313.0,1072.0,906557
KRISHNADEF,2026-05-22,1057.1,1098.7,1299.0,1022.1,1379913
KRISHNADEF,2026-05-29,1106.0,1101.5,1187.7,1063.1,671384
KRISHNADEF,2026-06-05,1116.6,1164.9,1229.5,1073.2,760609
KRISHNADEF,2026-06-12,1147.9,1210.5,1288.0,1129.6,841089
KRISHNADEF,2026-06-19,1249.6,1350.6,1375.0,1200.0,1028693
KRISHNADEF,2026-06-26,1366.0,1275.0,1400.0,1266.0,514598
KRISHNADEF,2026-07-03,1290.0,1253.2,1300.0,1170.0,2220022
KRISHNADEF,2026-07-10,1268.6,1315.2,1369.0,1263.1,891939
KRISHNADEF,2026-07-17,1282.9,1281.1,1349.9,1257.1,439088
KRN,2026-01-23,701.0,598.1,711.65,594.0,1345097
KRN,2026-01-30,603.0,638.35,654.1,589.8,908847
KRN,2026-02-06,659.7,673.05,703.95,630.05,1154669
KRN,2026-02-13,698.0,715.2,750.0,688.0,1784210
KRN,2026-02-20,714.0,879.1,909.9,706.05,20647286
KRN,2026-02-27,896.7,998.05,1031.8,883.05,41306511
KRN,2026-03-06,946.0,926.45,976.75,871.45,5860113
KRN,2026-03-13,917.3,856.0,986.9,851.35,5842312
KRN,2026-03-20,855.0,896.85,926.5,823.3,4522865
KRN,2026-03-27,885.0,886.45,934.9,831.5,2898937
KRN,2026-04-03,868.0,867.85,921.8,844.05,1934031
KRN,2026-04-10,872.0,969.35,986.2,845.25,3248110
KRN,2026-04-17,940.0,1269.9,1290.0,937.1,11706863
KRN,2026-04-24,1269.0,1247.7,1314.0,1183.55,5309408
KRN,2026-05-01,1259.0,1295.35,1405.0,1255.2,4573622
KRN,2026-05-08,1304.9,1300.2,1351.0,1192.3,3693095
KRN,2026-05-15,1294.0,1172.6,1318.5,1095.3,3630038
KRN,2026-05-22,1162.8,1109.6,1194.9,987.8,1558440
KRN,2026-05-29,1134.7,1107.3,1139.0,1055.0,566146
KRN,2026-06-05,1107.3,1216.8,1278.5,1005.1,1023954
KRN,2026-06-12,1169.0,1261.2,1293.6,1136.0,1015038
KRN,2026-06-19,1305.0,1235.2,1305.0,1208.0,507328
KRN,2026-06-26,1240.0,1191.0,1261.0,1146.1,339549
KRN,2026-07-03,1172.0,1214.8,1287.9,1156.0,616797
KRN,2026-07-10,1208.0,1230.9,1260.0,1181.0,352874
KRN,2026-07-17,1210.0,1249.9,1319.0,1206.0,602196
KSB,2026-01-23,733.5,693.45,741.85,676.05,242035
KSB,2026-01-30,686.0,708.2,738.7,666.65,523084
KSB,2026-02-06,698.1,708.0,728.2,687.0,314891
KSB,2026-02-13,711.7,709.65,745.25,707.05,304845
KSB,2026-02-20,704.0,719.25,733.85,693.2,197339
KSB,2026-02-27,720.9,770.25,807.0,704.3,20236782
KSB,2026-03-06,738.0,757.7,762.95,717.45,1057491
KSB,2026-03-13,739.0,751.0,797.35,730.15,956641
KSB,2026-03-20,745.05,782.3,837.05,738.3,2003132
KSB,2026-03-27,777.7,795.85,824.0,757.05,1868975
KSB,2026-04-03,795.85,838.3,842.15,776.0,929616
KSB,2026-04-10,849.1,893.25,897.5,822.55,1051865
KSB,2026-04-17,890.0,968.2,979.5,870.0,3041853
KSB,2026-04-24,978.2,971.5,1011.5,959.05,2155287
KSB,2026-05-01,986.25,978.6,1028.3,961.0,1527273
KSB,2026-05-08,971.0,877.35,973.1,872.5,2293661
KSB,2026-05-15,882.5,851.1,892.0,833.05,687477
KSB,2026-05-22,847.85,819.7,848.0,813.15,556925
KSB,2026-05-29,823.9,789.9,831.5,784.0,539519
KSB,2026-06-05,789.5,814.1,825.0,750.0,1304401
KSB,2026-06-12,810.0,834.8,844.8,794.05,975090
KSB,2026-06-19,844.8,902.55,909.0,841.55,911666
KSB,2026-06-26,910.0,934.35,967.95,901.1,943257
KSB,2026-07-03,938.0,936.1,973.85,920.15,594596
KSB,2026-07-10,936.15,940.25,948.0,912.0,487596
KSB,2026-07-17,940.25,903.6,959.0,889.65,428722
KSL,2026-01-23,687.0,665.2,694.95,663.15,138656
KSL,2026-01-30,663.15,710.7,720.0,660.2,144417
KSL,2026-02-06,690.7,758.0,790.0,670.0,768749
KSL,2026-02-13,764.0,743.4,789.75,734.45,137103
KSL,2026-02-20,748.9,746.55,783.1,737.0,116676
KSL,2026-02-27,752.0,748.1,764.25,723.0,133938
KSL,2026-03-06,718.55,725.9,748.4,701.0,145134
KSL,2026-03-13,711.05,663.5,728.0,660.15,228247
KSL,2026-03-20,663.5,651.65,685.0,634.0,302478
KSL,2026-03-27,649.0,612.85,670.5,608.0,348050
KSL,2026-04-03,606.1,625.85,630.0,574.0,174602
KSL,2026-04-10,625.85,656.85,673.5,616.0,263360
KSL,2026-04-17,654.5,746.6,751.9,636.05,248026
KSL,2026-04-24,731.0,798.15,817.75,731.0,401300
KSL,2026-05-01,803.5,849.7,856.8,796.05,256488
KSL,2026-05-08,860.0,862.5,914.55,845.0,461229
KSL,2026-05-15,845.0,814.05,855.0,795.9,278024
KSL,2026-05-22,805.0,828.6,840.5,779.6,214255
KSL,2026-05-29,830.15,826.25,868.9,810.0,207503
KSL,2026-06-05,831.0,809.5,862.0,800.0,276090
KSL,2026-06-12,805.55,807.5,822.65,770.1,120441
KSL,2026-06-19,809.0,829.3,833.9,801.5,148747
KSL,2026-06-26,830.45,818.7,843.65,805.4,167496
KSL,2026-07-03,825.0,882.1,892.95,812.05,293370
KSL,2026-07-10,892.0,959.2,970.0,852.0,808060
KSL,2026-07-17,959.0,926.05,982.55,896.0,344697
KTKBANK,2026-01-23,191.05,179.06,191.37,178.33,8406052
KTKBANK,2026-01-30,178.7,182.05,187.0,175.8,9888176
KTKBANK,2026-02-06,180.85,200.3,202.08,175.32,16122742
KTKBANK,2026-02-13,203.0,202.72,209.65,196.98,17401990
KTKBANK,2026-02-20,203.0,202.76,209.7,200.05,10242700
KTKBANK,2026-02-27,203.15,202.88,209.65,199.2,12499957
KTKBANK,2026-03-06,197.09,217.8,224.03,195.55,29520925
KTKBANK,2026-03-13,210.5,223.61,233.0,203.31,34583132
KTKBANK,2026-03-20,225.0,228.93,238.95,211.05,25087062
KTKBANK,2026-03-27,223.0,229.66,231.72,212.5,14166016
KTKBANK,2026-04-03,225.0,227.47,233.41,217.0,9880417
KTKBANK,2026-04-10,227.89,242.97,251.0,223.67,21249031
KTKBANK,2026-04-17,238.0,246.23,248.2,234.41,13214623
KTKBANK,2026-04-24,247.69,242.04,255.5,240.46,13255442
KTKBANK,2026-05-01,243.0,268.61,271.44,242.99,18298727
KTKBANK,2026-05-08,269.6,259.35,275.3,258.3,11299904
KTKBANK,2026-05-15,258.0,246.1,258.35,243.7,8370517
KTKBANK,2026-05-22,245.35,264.5,273.75,238.7,30581601
KTKBANK,2026-05-29,264.8,269.35,278.4,262.2,12454957
KTKBANK,2026-06-05,271.0,262.0,277.4,257.15,11719955
KTKBANK,2026-06-12,259.75,275.7,277.5,255.0,12530763
KTKBANK,2026-06-19,280.0,274.7,282.95,270.35,9622265
KTKBANK,2026-06-26,275.1,265.6,277.0,263.7,5998907
KTKBANK,2026-07-03,264.1,263.4,276.85,261.3,8442780
KTKBANK,2026-07-10,264.9,276.35,277.95,261.05,10741918
KTKBANK,2026-07-17,273.9,273.15,280.0,268.35,6841460
LALPATHLAB,2026-01-23,1397.9,1376.4,1429.0,1345.2,2064680
LALPATHLAB,2026-01-30,1380.0,1409.5,1420.0,1368.9,996114
LALPATHLAB,2026-02-06,1424.6,1443.4,1449.9,1363.3,1248886
LALPATHLAB,2026-02-13,1444.9,1398.7,1474.0,1389.1,880107
LALPATHLAB,2026-02-20,1405.7,1402.3,1449.0,1393.6,787190
LALPATHLAB,2026-02-27,1404.1,1399.9,1430.3,1376.4,1354882
LALPATHLAB,2026-03-06,1361.0,1360.0,1428.3,1322.8,1704166
LALPATHLAB,2026-03-13,1350.0,1355.1,1414.9,1312.7,1266281
LALPATHLAB,2026-03-20,1355.2,1308.2,1364.8,1302.2,1241381
LALPATHLAB,2026-03-27,1295.1,1325.4,1364.0,1272.6,1273935
LALPATHLAB,2026-04-03,1313.0,1328.7,1358.0,1285.0,980348
LALPATHLAB,2026-04-10,1328.7,1404.7,1416.2,1310.8,1759034
LALPATHLAB,2026-04-17,1380.0,1402.1,1471.5,1365.5,1281448
LALPATHLAB,2026-04-24,1404.5,1408.9,1469.0,1394.2,2102038
LALPATHLAB,2026-05-01,1405.0,1367.2,1429.0,1363.0,880407
LALPATHLAB,2026-05-08,1390.4,1649.8,1660.0,1390.0,11405355
LALPATHLAB,2026-05-15,1637.9,1602.9,1698.0,1568.0,2367185
LALPATHLAB,2026-05-22,1585.1,1630.1,1719.9,1581.4,1615855
LALPATHLAB,2026-05-29,1640.0,1607.4,1651.5,1585.9,1277169
LALPATHLAB,2026-06-05,1611.2,1536.9,1611.2,1528.0,809344
LALPATHLAB,2026-06-12,1510.1,1601.5,1634.0,1500.1,1215134
LALPATHLAB,2026-06-19,1625.7,1635.8,1803.0,1579.2,10091375
LALPATHLAB,2026-06-26,1640.0,1689.2,1698.6,1640.0,1142626
LALPATHLAB,2026-07-03,1698.5,1645.7,1698.5,1610.1,1903747
LALPATHLAB,2026-07-10,1641.1,1692.8,1718.0,1635.7,1998682
LALPATHLAB,2026-07-17,1692.0,1687.4,1784.0,1666.2,1351973
LAURUSLABS,2026-01-23,1067.0,1016.4,1075.8,980.1,18023312
LAURUSLABS,2026-01-30,1030.0,965.0,1041.0,951.8,11508837
LAURUSLABS,2026-02-06,918.85,950.55,1020.0,917.95,7096740
LAURUSLABS,2026-02-13,958.0,1010.6,1026.8,949.15,7841255
LAURUSLABS,2026-02-20,1014.5,1019.0,1044.8,1006.05,4881893
LAURUSLABS,2026-02-27,1024.4,1075.8,1103.55,996.9,8197060
LAURUSLABS,2026-03-06,1030.0,1026.2,1073.9,1019.9,5510330
LAURUSLABS,2026-03-13,1005.0,1003.4,1068.0,975.0,9531215
LAURUSLABS,2026-03-20,997.7,987.2,1013.9,936.3,8840844
LAURUSLABS,2026-03-27,979.1,1008.8,1029.0,957.4,10528756
LAURUSLABS,2026-04-03,1001.0,1042.9,1049.8,984.7,6788772
LAURUSLABS,2026-04-10,1042.9,1098.35,1109.0,1014.3,7905311
LAURUSLABS,2026-04-17,1080.6,1135.75,1142.35,1072.55,5519404
LAURUSLABS,2026-04-24,1135.75,1113.45,1144.85,1091.1,8176985
LAURUSLABS,2026-05-01,1118.8,1100.95,1133.0,1080.0,7519252
LAURUSLABS,2026-05-08,1102.2,1228.3,1237.9,1102.0,18030134
LAURUSLABS,2026-05-15,1232.5,1323.6,1327.9,1221.4,13135770
LAURUSLABS,2026-05-22,1323.6,1343.5,1373.9,1307.6,9664271
LAURUSLABS,2026-05-29,1345.0,1362.0,1393.4,1340.0,6473560
LAURUSLABS,2026-06-05,1372.4,1446.8,1450.1,1358.0,10295220
LAURUSLABS,2026-06-12,1432.0,1394.3,1457.0,1373.8,7801976
LAURUSLABS,2026-06-19,1414.0,1412.9,1424.6,1342.9,9759674
LAURUSLABS,2026-06-26,1415.0,1450.0,1492.6,1410.5,9346146
LAURUSLABS,2026-07-03,1450.0,1542.3,1555.0,1450.0,23725173
LAURUSLABS,2026-07-10,1543.5,1537.8,1551.0,1448.2,10259346
LAURUSLABS,2026-07-17,1534.5,1529.8,1579.1,1520.4,6670607
LIKHITHA,2026-01-23,169.7,158.8,169.7,157.65,289213
LIKHITHA,2026-01-30,157.4,161.73,164.4,154.44,188787
LIKHITHA,2026-02-06,165.64,167.01,177.0,158.21,216034
LIKHITHA,2026-02-13,167.3,166.7,174.88,165.0,213979
LIKHITHA,2026-02-20,161.1,157.64,167.94,152.5,325196
LIKHITHA,2026-02-27,159.98,149.88,160.08,148.5,190721
LIKHITHA,2026-03-06,144.0,146.83,152.24,144.0,221646
LIKHITHA,2026-03-13,145.0,141.84,153.2,140.65,285300
LIKHITHA,2026-03-20,148.4,141.74,148.4,137.02,259153
LIKHITHA,2026-03-27,141.5,172.98,176.0,131.45,4015588
LIKHITHA,2026-04-03,168.1,172.27,179.95,155.5,1247799
LIKHITHA,2026-04-10,172.49,221.86,252.81,166.65,2912125
LIKHITHA,2026-04-17,215.5,233.16,235.0,211.0,243406
LIKHITHA,2026-04-24,236.98,231.89,245.3,216.0,296549
LIKHITHA,2026-05-01,231.78,213.56,231.78,210.55,136240
LIKHITHA,2026-05-08,208.87,216.48,224.9,200.0,195584
LIKHITHA,2026-05-15,215.0,204.82,224.9,203.0,148909
LIKHITHA,2026-05-22,203.0,203.21,205.5,192.0,111378
LIKHITHA,2026-05-29,207.9,188.13,211.0,185.92,159140
LIKHITHA,2026-06-05,187.0,216.39,219.0,185.2,221608
LIKHITHA,2026-06-12,216.39,231.57,238.0,212.2,287283
LIKHITHA,2026-06-19,235.0,243.21,248.0,225.2,259711
LIKHITHA,2026-06-26,247.4,257.6,268.12,247.0,345047
LIKHITHA,2026-07-03,270.48,262.3,272.0,256.96,414702
LIKHITHA,2026-07-10,257.6,243.0,262.3,233.0,162385
LIKHITHA,2026-07-17,240.0,240.6,252.9,234.0,194528
LLOYDSENGG,2026-01-23,49.49,43.12,50.12,42.63,16522018
LLOYDSENGG,2026-01-30,43.12,44.6,45.98,41.13,15719979
LLOYDSENGG,2026-02-06,43.21,51.22,53.88,41.62,36348546
LLOYDSENGG,2026-02-13,52.2,53.06,56.49,51.83,22811171
LLOYDSENGG,2026-02-20,52.8,50.37,53.59,49.8,10631678
LLOYDSENGG,2026-02-27,50.85,47.8,50.85,47.5,9180837
LLOYDSENGG,2026-03-06,45.42,44.65,47.39,43.55,15226292
LLOYDSENGG,2026-03-13,44.24,41.85,45.75,41.65,17126530
LLOYDSENGG,2026-03-20,41.6,41.3,44.62,40.44,17927369
LLOYDSENGG,2026-03-27,40.92,39.04,43.0,38.0,64286476
LLOYDSENGG,2026-04-03,38.79,42.09,42.62,37.4,27747785
LLOYDSENGG,2026-04-10,42.1,49.88,51.43,40.75,37004223
LLOYDSENGG,2026-04-17,48.19,55.86,56.9,47.55,27212096
LLOYDSENGG,2026-04-24,56.01,57.43,60.57,54.0,41859071
LLOYDSENGG,2026-05-01,57.82,57.77,60.12,56.41,18199042
LLOYDSENGG,2026-05-08,58.2,62.87,64.5,57.1,59751243
LLOYDSENGG,2026-05-15,62.74,70.59,74.0,61.8,121936489
LLOYDSENGG,2026-05-22,70.0,69.37,70.6,67.1,34417764
LLOYDSENGG,2026-05-29,70.0,73.61,79.4,70.0,60956941
LLOYDSENGG,2026-06-05,74.0,72.69,75.29,68.9,39119582
LLOYDSENGG,2026-06-12,71.85,70.94,73.0,66.51,32963047
LLOYDSENGG,2026-06-19,73.0,86.84,89.78,71.01,380350426
LLOYDSENGG,2026-06-26,87.7,84.91,91.99,84.31,83141310
LLOYDSENGG,2026-07-03,84.49,83.94,89.55,82.1,49657676
LLOYDSENGG,2026-07-10,84.76,90.6,92.59,81.0,95072522
LLOYDSENGG,2026-07-17,89.4,88.56,95.1,85.64,66877139
LLOYDSME,2026-01-23,1218.0,1115.5,1226.6,1111.0,1589369
LLOYDSME,2026-01-30,1121.2,1103.8,1163.0,1084.0,1977934
LLOYDSME,2026-02-06,1073.0,1261.3,1328.0,1042.9,6651090
LLOYDSME,2026-02-13,1270.9,1190.4,1284.9,1181.1,2627584
LLOYDSME,2026-02-20,1180.1,1143.0,1227.7,1122.0,2788436
LLOYDSME,2026-02-27,1158.0,1233.0,1304.0,1123.1,2912851
LLOYDSME,2026-03-06,1182.0,1184.0,1248.0,1147.6,3542359
LLOYDSME,2026-03-13,1161.8,1140.8,1223.8,1128.5,1750408
LLOYDSME,2026-03-20,1149.0,1245.8,1275.0,1119.9,4642365
LLOYDSME,2026-03-27,1230.0,1278.3,1340.5,1186.4,3666115
LLOYDSME,2026-04-03,1260.0,1388.3,1398.0,1234.4,2643136
LLOYDSME,2026-04-10,1383.6,1506.2,1510.0,1360.5,3144242
LLOYDSME,2026-04-17,1486.8,1623.3,1631.0,1460.0,3463948
LLOYDSME,2026-04-24,1631.0,1695.6,1701.0,1618.4,3224211
LLOYDSME,2026-05-01,1704.8,1764.4,1785.2,1689.1,3165612
LLOYDSME,2026-05-08,1780.0,1736.3,1846.0,1702.7,5382429
LLOYDSME,2026-05-15,1738.0,1734.0,1790.0,1696.2,2700061
LLOYDSME,2026-05-22,1705.1,1737.3,1742.8,1636.1,2089581
LLOYDSME,2026-05-29,1750.5,1802.1,1888.6,1747.6,3141875
LLOYDSME,2026-06-05,1805.0,1778.6,1846.8,1764.3,2487551
LLOYDSME,2026-06-12,1740.0,1761.9,1774.3,1670.0,1851292
LLOYDSME,2026-06-19,1797.1,1766.2,1797.1,1731.7,1727876
LLOYDSME,2026-06-26,1770.0,1721.4,1814.0,1691.2,2423061
LLOYDSME,2026-07-03,1725.0,1777.0,1848.0,1720.6,2822155
LLOYDSME,2026-07-10,1784.0,1799.6,1828.0,1708.9,1990333
LLOYDSME,2026-07-17,1799.0,1865.4,1877.9,1776.1,2689242
LT,2026-01-23,3820.0,3743.8,3878.4,3720.1,9660199
LT,2026-01-30,3743.8,3932.3,3960.9,3739.0,10709538
LT,2026-02-06,3830.7,4068.1,4122.0,3825.0,11244252
LT,2026-02-13,4073.9,4173.9,4199.0,4062.4,9650999
LT,2026-02-20,4170.0,4380.6,4390.0,4135.3,9207748
LT,2026-02-27,4395.6,4278.3,4440.0,4228.1,13005322
LT,2026-03-06,4061.0,3949.8,4141.4,3760.0,21553117
LT,2026-03-13,3850.0,3439.0,3972.0,3424.5,24679532
LT,2026-03-20,3453.5,3434.8,3638.8,3396.6,27294871
LT,2026-03-27,3405.1,3564.1,3660.0,3288.1,20765280
LT,2026-04-03,3500.0,3613.1,3682.9,3470.0,11770627
LT,2026-04-10,3616.6,3959.9,4032.0,3577.0,21042605
LT,2026-04-17,3825.0,4096.1,4149.0,3815.6,17348986
LT,2026-04-24,4100.0,4014.3,4130.0,3978.5,12541171
LT,2026-05-01,4058.0,4014.0,4126.0,3990.0,8494943
LT,2026-05-08,4026.0,3974.5,4139.5,3900.0,20659991
LT,2026-05-15,3948.0,3909.0,3988.0,3847.0,11090587
LT,2026-05-22,3873.9,3926.6,3970.0,3852.0,9017440
LT,2026-05-29,3970.0,4076.5,4128.0,3961.5,10142742
LT,2026-06-05,4089.0,3953.2,4105.8,3894.0,8043911
LT,2026-06-12,3901.1,4049.3,4059.8,3854.4,10508729
LT,2026-06-19,4130.0,4209.4,4244.9,4130.0,10821800
LT,2026-06-26,4228.0,4216.4,4272.3,4166.0,7839399
LT,2026-07-03,4225.0,4026.6,4252.0,4012.0,9670091
LT,2026-07-10,4027.7,3945.8,4068.0,3867.8,12348519
LT,2026-07-17,3895.0,3814.5,3939.0,3762.3,12635200
LTM,2026-01-23,6300.0,5893.5,6429.5,5751.5,3365416
LTM,2026-01-30,5894.0,5974.5,6035.0,5841.0,831681
LTM,2026-02-06,6068.5,5561.5,6275.5,5500.0,1861668
LTM,2026-02-13,5561.5,5115.5,5692.0,4988.0,2036304
LTM,2026-02-20,5100.0,4889.5,5234.5,4862.0,1270801
LTM,2026-02-27,4849.5,4462.0,4876.0,4435.0,2353303
LTM,2026-03-06,4393.9,4292.0,4477.0,4260.0,786769
LTM,2026-03-13,4250.0,4206.5,4373.4,4195.5,928116
LTM,2026-03-20,4214.9,4298.8,4389.4,4048.0,1885509
LTM,2026-03-27,4236.0,4200.7,4323.6,4071.0,1857072
LTM,2026-04-03,4178.9,4303.9,4318.9,4000.0,1487733
LTM,2026-04-10,4279.8,4503.7,4584.4,4260.5,2079734
LTM,2026-04-17,4410.0,4753.6,4778.9,4400.0,1590230
LTM,2026-04-24,4753.6,4282.3,4784.0,4240.0,2100779
LTM,2026-05-01,4282.4,4269.6,4435.0,4248.0,1156630
LTM,2026-05-08,4290.1,4349.8,4397.2,4182.0,1359457
LTM,2026-05-15,4361.2,3968.4,4404.0,3907.3,2482633
LTM,2026-05-22,3968.4,4007.8,4284.0,3947.4,2240146
LTM,2026-05-29,4000.0,4061.6,4149.4,3901.0,2406384
LTM,2026-06-05,4081.8,4027.2,4360.0,3993.0,3057866
LTM,2026-06-12,3987.0,3844.7,4040.0,3803.7,1761139
LTM,2026-06-19,3920.0,3832.5,4089.6,3756.0,2592958
LTM,2026-06-26,3850.0,3762.6,3888.3,3737.3,2054730
LTM,2026-07-03,3775.5,3757.8,3790.3,3528.0,2544483
LTM,2026-07-10,3757.8,4037.2,4083.2,3715.4,2571235
LTM,2026-07-17,4057.5,4075.6,4239.8,3971.2,3765599
LUMAXTECH,2026-01-23,1522.4,1377.6,1526.5,1351.0,765970
LUMAXTECH,2026-01-30,1358.0,1348.1,1390.0,1287.0,552969
LUMAXTECH,2026-02-06,1270.0,1476.1,1548.7,1221.2,1292684
LUMAXTECH,2026-02-13,1476.1,1624.4,1823.9,1476.1,3524010
LUMAXTECH,2026-02-20,1645.3,1720.2,1745.0,1614.3,1628579
LUMAXTECH,2026-02-27,1745.3,1757.4,1812.0,1642.1,1546195
LUMAXTECH,2026-03-06,1650.0,1531.9,1736.5,1461.1,1394907
LUMAXTECH,2026-03-13,1480.0,1434.0,1525.6,1327.8,1389416
LUMAXTECH,2026-03-20,1440.0,1568.0,1663.0,1394.5,1501359
LUMAXTECH,2026-03-27,1560.2,1608.8,1636.0,1465.2,795029
LUMAXTECH,2026-04-03,1559.4,1613.9,1624.9,1510.0,446887
LUMAXTECH,2026-04-10,1616.9,1823.3,1848.0,1594.0,1945591
LUMAXTECH,2026-04-17,1770.0,1794.9,1898.0,1726.1,1497204
LUMAXTECH,2026-04-24,1750.0,1727.0,1839.0,1720.8,914248
LUMAXTECH,2026-05-01,1726.0,1621.4,1760.0,1537.9,967624
LUMAXTECH,2026-05-08,1647.9,1736.1,1759.7,1540.1,1594701
LUMAXTECH,2026-05-15,1736.1,1636.1,1765.5,1592.1,646764
LUMAXTECH,2026-05-22,1600.0,1624.9,1672.7,1554.1,707521
LUMAXTECH,2026-05-29,1624.9,1724.8,1746.0,1588.0,1083620
LUMAXTECH,2026-06-05,1750.0,1664.4,1803.0,1638.1,1597777
LUMAXTECH,2026-06-12,1626.0,1634.0,1679.0,1578.0,544316
LUMAXTECH,2026-06-19,1625.0,1646.4,1714.0,1604.1,648825
LUMAXTECH,2026-06-26,1645.0,1548.9,1669.5,1497.0,952579
LUMAXTECH,2026-07-03,1545.0,1524.5,1575.6,1497.3,621136
LUMAXTECH,2026-07-10,1518.6,1491.0,1534.0,1428.2,519725
LUMAXTECH,2026-07-17,1485.0,1419.6,1510.0,1384.4,746673
LUPIN,2026-01-23,2155.0,2137.2,2210.0,2130.3,3889330
LUPIN,2026-01-30,2140.5,2152.8,2168.0,2088.0,3613070
LUPIN,2026-02-06,2135.3,2173.7,2244.5,2078.2,4453171
LUPIN,2026-02-13,2189.9,2199.3,2233.8,2160.0,3801930
LUPIN,2026-02-20,2219.3,2219.4,2263.0,2191.9,3573190
LUPIN,2026-02-27,2220.0,2301.9,2336.3,2210.5,4794822
LUPIN,2026-03-06,2275.6,2343.8,2369.5,2261.3,4981732
LUPIN,2026-03-13,2310.0,2314.9,2377.6,2284.4,4523095
LUPIN,2026-03-20,2301.1,2322.5,2337.8,2241.6,3968556
LUPIN,2026-03-27,2319.7,2334.8,2369.3,2280.5,4478384
LUPIN,2026-04-03,2324.1,2274.5,2359.9,2170.1,4835738
LUPIN,2026-04-10,2270.1,2333.8,2339.0,2232.8,6654510
LUPIN,2026-04-17,2316.7,2326.1,2352.9,2296.0,3640222
LUPIN,2026-04-24,2323.0,2296.1,2381.0,2262.0,4653056
LUPIN,2026-05-01,2304.9,2305.2,2341.0,2260.3,3962329
LUPIN,2026-05-08,2320.0,2379.5,2494.0,2304.1,10227432
LUPIN,2026-05-15,2330.4,2276.2,2330.4,2210.6,9527532
LUPIN,2026-05-22,2240.0,2281.8,2309.6,2214.1,5789071
LUPIN,2026-05-29,2294.0,2267.7,2301.4,2250.0,5169529
LUPIN,2026-06-05,2285.4,2267.7,2306.3,2219.8,4562966
LUPIN,2026-06-12,2232.2,2293.3,2297.1,2232.2,3565116
LUPIN,2026-06-19,2296.9,2351.6,2355.8,2253.6,3800590
LUPIN,2026-06-26,2360.0,2343.5,2395.0,2335.7,2657355
LUPIN,2026-07-03,2350.0,2476.0,2481.0,2343.6,5452067
LUPIN,2026-07-10,2489.9,2496.3,2526.9,2445.7,3440329
LUPIN,2026-07-17,2495.0,2443.2,2529.5,2428.0,3610306
LXCHEM,2026-01-23,146.0,138.61,148.11,137.99,2645282
LXCHEM,2026-01-30,140.0,141.79,145.25,134.33,1528045
LXCHEM,2026-02-06,139.08,143.03,148.59,133.61,2201755
LXCHEM,2026-02-13,145.8,146.74,155.39,144.24,2375428
LXCHEM,2026-02-20,145.1,137.28,145.37,136.4,2979424
LXCHEM,2026-02-27,137.64,125.94,138.85,125.03,4407555
LXCHEM,2026-03-06,121.0,113.72,124.12,113.11,3552509
LXCHEM,2026-03-13,114.78,116.6,126.46,110.15,5046771
LXCHEM,2026-03-20,115.68,120.16,125.85,114.6,4542539
LXCHEM,2026-03-27,119.4,112.26,123.94,111.75,4225118
LXCHEM,2026-04-03,112.0,118.0,118.95,107.6,2842708
LXCHEM,2026-04-10,118.0,126.19,131.2,114.0,4783788
LXCHEM,2026-04-17,123.4,142.1,144.8,121.11,5131117
LXCHEM,2026-04-24,143.23,140.16,147.0,138.8,2548139
LXCHEM,2026-05-01,141.3,144.34,155.5,140.96,3247370
LXCHEM,2026-05-08,145.45,164.84,172.34,142.61,7856538
LXCHEM,2026-05-15,161.0,152.49,170.49,152.0,5378215
LXCHEM,2026-05-22,150.0,151.81,163.5,147.28,4333027
LXCHEM,2026-05-29,153.7,148.08,159.5,147.05,2303169
LXCHEM,2026-06-05,148.35,158.66,176.0,144.7,50879866
LXCHEM,2026-06-12,156.22,153.88,157.49,146.71,2814282
LXCHEM,2026-06-19,155.5,152.37,157.39,150.88,2189684
LXCHEM,2026-06-26,153.17,155.99,169.8,152.23,11538703
LXCHEM,2026-07-03,157.0,161.48,165.44,153.11,3201848
LXCHEM,2026-07-10,161.12,155.51,161.42,149.75,2878259
LXCHEM,2026-07-17,154.8,171.76,173.43,153.05,10230945
M&M,2026-01-23,3689.0,3543.4,3689.0,3517.1,9086444
M&M,2026-01-30,3437.2,3431.8,3497.7,3282.8,21988321
M&M,2026-02-06,3355.0,3578.0,3643.8,3343.7,13551376
M&M,2026-02-13,3593.8,3533.4,3787.0,3520.3,12186218
M&M,2026-02-20,3535.0,3412.8,3549.5,3402.5,9976395
M&M,2026-02-27,3425.0,3397.4,3507.0,3381.1,11755457
M&M,2026-03-06,3299.9,3332.5,3374.9,3207.9,11924109
M&M,2026-03-13,3250.0,2931.1,3309.4,2922.6,25394663
M&M,2026-03-20,2902.0,3066.1,3236.2,2896.0,20148751
M&M,2026-03-27,3015.1,3041.3,3157.9,2935.0,14406977
M&M,2026-04-03,2980.0,3011.7,3079.9,2928.1,12237704
M&M,2026-04-10,3006.1,3259.8,3270.0,2949.5,14916592
M&M,2026-04-17,3194.6,3200.2,3301.9,3183.1,10633295
M&M,2026-04-24,3207.0,3038.4,3262.3,3032.2,15112233
M&M,2026-05-01,3050.0,3097.5,3192.0,3047.0,11710011
M&M,2026-05-08,3131.5,3330.4,3399.0,3070.2,22322797
M&M,2026-05-15,3235.0,3123.1,3292.0,3101.1,12015794
M&M,2026-05-22,3100.0,3081.3,3158.8,3033.0,11729215
M&M,2026-05-29,3134.7,3045.6,3173.7,3005.1,17027108
M&M,2026-06-05,3050.0,3040.5,3068.9,2913.1,17392943
M&M,2026-06-12,2985.0,3042.9,3050.0,2900.4,13960120
M&M,2026-06-19,3090.0,3074.8,3167.0,3059.0,17866304
M&M,2026-06-26,3085.0,3182.2,3208.5,3025.0,12541255
M&M,2026-07-03,3143.4,3136.9,3197.0,3061.8,15376871
M&M,2026-07-10,3157.9,3129.4,3217.1,3080.3,12735606
M&M,2026-07-17,3088.8,3179.2,3183.2,3079.4,10130085
MACPOWER,2026-01-23,921.8,835.6,924.3,823.2,47957
MACPOWER,2026-01-30,848.8,842.4,860.1,815.3,26685
MACPOWER,2026-02-06,867.65,837.4,951.0,821.0,69792
MACPOWER,2026-02-13,855.0,899.4,1015.0,829.0,470420
MACPOWER,2026-02-20,870.0,898.5,940.15,870.0,77267
MACPOWER,2026-02-27,900.0,993.7,1034.0,898.5,181308
MACPOWER,2026-03-06,945.1,933.1,1003.15,919.5,112209
MACPOWER,2026-03-13,930.0,903.05,983.9,889.05,82400
MACPOWER,2026-03-20,948.8,849.8,975.0,835.0,142321
MACPOWER,2026-03-27,835.2,826.25,883.0,822.3,96239
MACPOWER,2026-04-03,820.0,860.15,876.75,790.0,70501
MACPOWER,2026-04-10,869.95,1012.5,1054.8,847.1,116369
MACPOWER,2026-04-17,999.0,1060.65,1135.6,962.05,185954
MACPOWER,2026-04-24,1068.65,1089.25,1193.4,1060.95,168147
MACPOWER,2026-05-01,1076.0,1127.6,1165.0,1076.0,54467
MACPOWER,2026-05-08,1150.0,1215.5,1250.0,1130.0,204684
MACPOWER,2026-05-15,1226.1,1088.3,1229.0,1076.2,73731
MACPOWER,2026-05-22,1095.5,1124.1,1193.8,1051.1,55140
MACPOWER,2026-05-29,1163.4,969.8,1235.0,961.2,282034
MACPOWER,2026-06-05,979.9,1006.75,1029.85,859.1,393537
MACPOWER,2026-06-12,1006.0,995.15,1030.45,958.0,75816
MACPOWER,2026-06-19,1007.5,1182.05,1207.75,990.5,283532
MACPOWER,2026-06-26,1237.7,1154.3,1244.95,1135.15,99699
MACPOWER,2026-07-03,1175.0,1422.2,1453.1,1174.65,937368
MACPOWER,2026-07-10,1440.0,1371.7,1470.0,1308.6,122780
MACPOWER,2026-07-17,1370.0,1326.7,1380.0,1290.8,60082
MAHABANK,2026-01-23,66.82,65.63,67.59,62.91,111075354
MAHABANK,2026-01-30,65.69,65.27,67.16,63.91,60785625
MAHABANK,2026-02-06,60.48,65.52,66.04,59.79,79163013
MAHABANK,2026-02-13,66.7,65.44,67.7,64.79,63392592
MAHABANK,2026-02-20,65.25,68.79,69.85,64.26,91245865
MAHABANK,2026-02-27,69.36,74.76,77.0,69.0,205545290
MAHABANK,2026-03-06,70.65,70.13,74.58,67.25,115383586
MAHABANK,2026-03-13,67.0,64.09,69.14,63.59,100180581
MAHABANK,2026-03-20,63.9,65.49,66.33,61.4,103670354
MAHABANK,2026-03-27,64.18,64.46,66.89,61.51,81692943
MAHABANK,2026-04-03,62.5,63.89,65.5,61.03,51371032
MAHABANK,2026-04-10,64.22,70.59,71.45,63.03,94294632
MAHABANK,2026-04-17,68.55,72.73,72.99,67.82,66990674
MAHABANK,2026-04-24,73.01,77.9,82.15,72.31,302591835
MAHABANK,2026-05-01,78.7,78.37,81.05,76.45,91331067
MAHABANK,2026-05-08,79.0,83.9,85.9,78.13,127546155
MAHABANK,2026-05-15,82.5,78.02,82.5,77.3,78286247
MAHABANK,2026-05-22,77.5,80.04,80.45,76.2,52610697
MAHABANK,2026-05-29,81.0,79.27,82.2,78.4,44267863
MAHABANK,2026-06-05,79.2,79.19,80.77,76.9,56036337
MAHABANK,2026-06-12,78.5,87.3,87.62,77.8,122985563
MAHABANK,2026-06-19,88.61,90.19,91.2,87.1,99391134
MAHABANK,2026-06-26,90.64,88.71,90.69,87.22,38249855
MAHABANK,2026-07-03,88.25,88.53,94.5,88.0,109708922
MAHABANK,2026-07-10,89.59,84.25,90.58,79.9,141970804
MAHABANK,2026-07-17,83.57,79.9,84.71,79.12,88345773
MANALIPETC,2026-01-23,57.5,53.39,58.24,52.9,887631
MANALIPETC,2026-01-30,53.87,57.52,59.0,51.43,1131767
MANALIPETC,2026-02-06,58.6,58.26,64.2,57.47,1273944
MANALIPETC,2026-02-13,58.26,59.0,62.95,58.25,1177912
MANALIPETC,2026-02-20,59.0,55.82,59.1,55.32,909666
MANALIPETC,2026-02-27,55.88,55.41,56.48,53.55,655285
MANALIPETC,2026-03-06,52.5,51.44,55.0,50.1,802211
MANALIPETC,2026-03-13,50.3,45.93,52.0,45.31,1537557
MANALIPETC,2026-03-20,45.5,45.51,47.56,43.76,1546160
MANALIPETC,2026-03-27,44.6,41.27,44.9,40.6,2105083
MANALIPETC,2026-04-03,40.5,42.86,43.09,39.13,1702181
MANALIPETC,2026-04-10,43.5,55.07,57.14,42.1,5187394
MANALIPETC,2026-04-17,53.6,55.17,57.16,52.36,1432160
MANALIPETC,2026-04-24,55.17,52.95,56.1,52.5,755083
MANALIPETC,2026-05-01,52.9,53.43,55.97,52.52,631609
MANALIPETC,2026-05-08,53.43,56.7,58.96,52.99,1934653
MANALIPETC,2026-05-15,56.88,56.07,57.94,54.75,976158
MANALIPETC,2026-05-22,55.23,62.94,66.62,54.1,19668095
MANALIPETC,2026-05-29,63.1,60.05,63.8,59.1,2940762
MANALIPETC,2026-06-05,61.0,64.58,66.8,58.11,4679597
MANALIPETC,2026-06-12,63.0,65.2,68.6,58.8,10273292
MANALIPETC,2026-06-19,65.83,65.5,70.83,64.23,4970654
MANALIPETC,2026-06-26,65.94,63.53,67.35,63.2,1158904
MANALIPETC,2026-07-03,63.94,63.78,66.1,62.5,934572
MANALIPETC,2026-07-10,63.7,62.48,64.9,60.1,1077445
MANALIPETC,2026-07-17,62.54,61.77,65.9,61.0,1503996
MANAPPURAM,2026-01-23,315.2,294.75,317.85,292.8,20209126
MANAPPURAM,2026-01-30,298.1,284.65,299.4,270.0,23146156
MANAPPURAM,2026-02-06,267.4,300.9,302.35,260.7,22423144
MANAPPURAM,2026-02-13,302.65,302.65,313.25,296.6,25668808
MANAPPURAM,2026-02-20,303.25,306.5,311.75,295.35,18422366
MANAPPURAM,2026-02-27,308.8,283.25,311.4,281.7,37747461
MANAPPURAM,2026-03-06,280.0,262.75,287.6,262.0,20607991
MANAPPURAM,2026-03-13,255.0,256.1,268.85,249.7,23950065
MANAPPURAM,2026-03-20,253.85,259.25,273.25,246.95,31977999
MANAPPURAM,2026-03-27,252.9,253.95,269.35,245.15,24932866
MANAPPURAM,2026-04-03,251.55,255.8,260.9,247.8,14421562
MANAPPURAM,2026-04-10,256.4,267.6,270.8,252.9,19594344
MANAPPURAM,2026-04-17,263.1,268.9,274.75,258.45,13851299
MANAPPURAM,2026-04-24,269.0,289.4,302.45,265.5,24062607
MANAPPURAM,2026-05-01,289.5,294.35,299.75,286.75,15222534
MANAPPURAM,2026-05-08,298.0,316.0,318.2,296.4,29929592
MANAPPURAM,2026-05-15,312.3,307.45,313.65,292.05,20531489
MANAPPURAM,2026-05-22,303.6,324.1,326.95,295.75,29635996
MANAPPURAM,2026-05-29,327.0,325.4,334.0,323.5,9354139
MANAPPURAM,2026-06-05,325.85,308.2,327.4,300.1,11180226
MANAPPURAM,2026-06-12,304.55,305.2,308.5,282.55,18307207
MANAPPURAM,2026-06-19,310.35,318.65,322.45,305.9,11302248
MANAPPURAM,2026-06-26,322.65,318.5,330.9,309.35,15432180
MANAPPURAM,2026-07-03,316.55,328.2,335.5,311.2,19209267
MANAPPURAM,2026-07-10,326.7,341.3,347.9,323.2,21819543
MANAPPURAM,2026-07-17,335.0,325.45,338.7,318.75,11344091
MANINDS,2026-01-23,341.85,313.7,350.0,306.55,1470095
MANINDS,2026-01-30,315.25,325.5,328.3,303.7,1215691
MANINDS,2026-02-06,321.8,363.35,368.0,302.05,2272350
MANINDS,2026-02-13,374.2,424.15,445.0,367.8,29475842
MANINDS,2026-02-20,417.75,428.3,442.0,413.1,3046455
MANINDS,2026-02-27,432.6,461.95,470.9,420.5,4976143
MANINDS,2026-03-06,416.0,405.95,462.0,384.05,4686940
MANINDS,2026-03-13,391.55,395.7,428.7,375.0,2160082
MANINDS,2026-03-20,395.7,371.4,406.3,365.05,1926778
MANINDS,2026-03-27,365.0,329.55,365.85,328.0,3079549
MANINDS,2026-04-03,326.0,350.5,360.0,315.55,2339714
MANINDS,2026-04-10,349.4,465.8,468.0,345.85,8697989
MANINDS,2026-04-17,445.05,537.1,550.0,440.0,4719207
MANINDS,2026-04-24,539.0,550.85,563.95,518.05,2602142
MANINDS,2026-05-01,553.6,526.65,570.0,511.3,1649302
MANINDS,2026-05-08,535.0,529.8,556.6,514.35,2779151
MANINDS,2026-05-15,529.8,560.15,567.5,510.05,2840646
MANINDS,2026-05-22,557.05,571.2,606.4,533.3,9317171
MANINDS,2026-05-29,583.0,500.5,589.8,496.5,3881738
MANINDS,2026-06-05,498.0,537.55,551.9,480.15,9608127
MANINDS,2026-06-12,526.0,545.95,554.4,501.4,3254761
MANINDS,2026-06-19,555.7,587.6,623.7,552.1,4930243
MANINDS,2026-06-26,595.65,569.15,609.0,564.8,1643426
MANINDS,2026-07-03,568.0,582.55,605.0,567.95,991126
MANINDS,2026-07-10,585.0,566.5,587.9,541.15,1091361
MANINDS,2026-07-17,564.25,529.55,570.4,528.0,860908
MANORAMA,2026-01-23,1280.0,1093.0,1294.4,1060.6,889878
MANORAMA,2026-01-30,1119.0,1350.7,1433.3,1100.3,1800083
MANORAMA,2026-02-06,1355.0,1408.0,1438.9,1278.0,837002
MANORAMA,2026-02-13,1415.0,1410.3,1519.0,1404.9,600366
MANORAMA,2026-02-20,1405.0,1415.8,1500.0,1386.1,502061
MANORAMA,2026-02-27,1415.0,1426.3,1453.7,1392.1,405212
MANORAMA,2026-03-06,1382.0,1352.1,1408.0,1335.0,236722
MANORAMA,2026-03-13,1313.1,1276.1,1390.0,1259.0,466107
MANORAMA,2026-03-20,1268.0,1271.9,1346.9,1240.0,439714
MANORAMA,2026-03-27,1250.0,1208.9,1308.0,1190.6,464361
MANORAMA,2026-04-03,1190.0,1219.7,1246.0,1120.3,494191
MANORAMA,2026-04-10,1240.0,1282.7,1335.0,1209.5,666018
MANORAMA,2026-04-17,1252.0,1417.7,1422.0,1240.0,383508
MANORAMA,2026-04-24,1416.0,1411.1,1475.7,1372.2,510421
MANORAMA,2026-05-01,1420.8,1509.0,1524.1,1413.1,461785
MANORAMA,2026-05-08,1527.0,1576.2,1638.0,1500.0,1001393
MANORAMA,2026-05-15,1584.0,1305.6,1610.0,1300.0,2278570
MANORAMA,2026-05-22,1300.0,1386.4,1414.0,1287.4,637251
MANORAMA,2026-05-29,1396.5,1426.4,1487.0,1373.0,693352
MANORAMA,2026-06-05,1446.9,1476.1,1540.0,1419.1,718183
MANORAMA,2026-06-12,1450.0,1564.4,1585.6,1430.5,913633
MANORAMA,2026-06-19,1581.8,1558.2,1581.8,1490.6,735578
MANORAMA,2026-06-26,1550.5,1573.5,1615.0,1522.2,668723
MANORAMA,2026-07-03,1573.8,1562.4,1676.7,1551.0,1348474
MANORAMA,2026-07-10,1570.9,1603.4,1624.2,1501.1,1078078
MANORAMA,2026-07-17,1603.4,1591.5,1641.7,1573.3,708647
MARICO,2026-01-23,760.0,740.95,765.05,738.85,7889665
MARICO,2026-01-30,752.7,729.8,756.0,719.05,13142772
MARICO,2026-02-06,725.0,752.75,753.35,708.3,11482811
MARICO,2026-02-13,758.0,760.15,773.15,749.4,6565776
MARICO,2026-02-20,762.55,788.2,800.0,757.0,6518791
MARICO,2026-02-27,795.0,788.65,813.5,786.75,8090467
MARICO,2026-03-06,770.1,785.25,790.6,768.9,5378313
MARICO,2026-03-13,783.05,752.4,792.9,749.35,10927308
MARICO,2026-03-20,751.1,744.3,759.45,734.0,7276806
MARICO,2026-03-27,734.8,742.45,758.75,723.55,7481557
MARICO,2026-04-03,739.0,761.35,767.55,728.95,9069957
MARICO,2026-04-10,764.0,763.25,772.0,738.85,11228148
MARICO,2026-04-17,743.65,757.3,764.5,740.4,8283348
MARICO,2026-04-24,757.3,783.3,787.1,753.9,8444326
MARICO,2026-05-01,783.3,775.0,794.0,765.65,4319495
MARICO,2026-05-08,781.0,831.3,843.15,760.6,14822358
MARICO,2026-05-15,829.75,841.15,848.8,824.8,8960442
MARICO,2026-05-22,841.15,824.45,845.85,822.0,7209710
MARICO,2026-05-29,832.0,821.7,845.0,812.0,11473206
MARICO,2026-06-05,812.0,810.65,826.55,794.85,7485113
MARICO,2026-06-12,803.1,819.05,832.95,800.25,8327427
MARICO,2026-06-19,827.0,817.05,831.0,796.0,10936592
MARICO,2026-06-26,821.05,825.8,832.9,807.0,7105789
MARICO,2026-07-03,824.6,838.55,873.0,824.6,19201640
MARICO,2026-07-10,839.0,852.5,863.9,835.0,9771450
MARICO,2026-07-17,850.0,844.0,853.1,829.9,7249566
MARINE,2026-01-23,191.67,170.49,192.82,169.79,1754909
MARINE,2026-01-30,172.9,180.41,185.0,170.34,2098290
MARINE,2026-02-06,185.0,188.14,197.2,177.2,1566882
MARINE,2026-02-13,193.91,182.71,202.02,182.2,1373023
MARINE,2026-02-20,182.45,191.52,198.0,179.44,1813765
MARINE,2026-02-27,192.47,192.05,195.38,185.0,1051730
MARINE,2026-03-06,179.25,191.75,198.0,178.01,1784151
MARINE,2026-03-13,189.75,175.32,192.54,174.5,1395092
MARINE,2026-03-20,172.69,170.73,182.42,170.0,1537859
MARINE,2026-03-27,166.24,161.4,174.47,160.0,2304229
MARINE,2026-04-03,160.03,172.3,175.0,150.86,1589289
MARINE,2026-04-10,172.3,191.58,197.1,167.46,2442744
MARINE,2026-04-17,188.9,208.56,211.75,183.26,2745332
MARINE,2026-04-24,208.6,224.71,244.45,205.01,5327633
MARINE,2026-05-01,227.0,229.3,239.0,225.32,1823511
MARINE,2026-05-08,230.42,242.92,249.25,225.3,2863286
MARINE,2026-05-15,242.92,218.75,242.92,212.5,1759709
MARINE,2026-05-22,215.0,233.09,239.78,208.21,2876184
MARINE,2026-05-29,238.2,268.94,282.48,235.01,9164152
MARINE,2026-06-05,274.5,248.85,277.9,239.95,5735212
MARINE,2026-06-12,242.0,244.05,249.3,230.0,2486836
MARINE,2026-06-19,252.6,258.45,267.0,244.0,4136856
MARINE,2026-06-26,263.9,268.75,297.9,261.25,7176770
MARINE,2026-07-03,268.75,280.3,297.3,265.35,4231475
MARINE,2026-07-10,282.55,258.7,289.0,245.2,3940123
MARINE,2026-07-17,258.0,249.75,264.55,244.1,2542049
MARKSANS,2026-01-23,170.26,163.27,173.7,162.5,4794379
MARKSANS,2026-01-30,164.25,163.85,166.48,156.0,2350789
MARKSANS,2026-02-06,168.51,177.36,187.75,161.7,7589640
MARKSANS,2026-02-13,180.07,181.75,191.74,178.0,3625140
MARKSANS,2026-02-20,180.6,178.38,185.9,175.46,2229196
MARKSANS,2026-02-27,178.99,173.93,182.0,172.5,2889628
MARKSANS,2026-03-06,165.0,171.05,175.9,164.0,2540698
MARKSANS,2026-03-13,167.0,167.01,178.0,165.25,2544769
MARKSANS,2026-03-20,167.84,170.05,171.8,161.01,3262955
MARKSANS,2026-03-27,168.21,163.08,168.5,157.2,4121137
MARKSANS,2026-04-03,160.57,168.15,171.48,155.0,2418331
MARKSANS,2026-04-10,170.3,178.48,180.5,162.91,3150214
MARKSANS,2026-04-17,173.0,179.23,181.99,171.5,2195167
MARKSANS,2026-04-24,179.23,190.21,195.68,175.21,7670468
MARKSANS,2026-05-01,191.0,184.63,195.0,181.0,3361279
MARKSANS,2026-05-08,187.55,197.76,207.0,185.0,14784543
MARKSANS,2026-05-15,198.81,207.45,213.45,193.75,11503887
MARKSANS,2026-05-22,209.56,211.86,225.49,208.1,13756389
MARKSANS,2026-05-29,214.0,246.19,264.4,213.97,61252605
MARKSANS,2026-06-05,249.0,233.19,256.0,230.5,11780320
MARKSANS,2026-06-12,230.22,252.37,260.0,228.2,18318185
MARKSANS,2026-06-19,255.0,259.67,266.54,246.1,12425915
MARKSANS,2026-06-26,260.8,256.07,275.5,252.81,11768957
MARKSANS,2026-07-03,256.09,264.45,278.8,256.0,9339554
MARKSANS,2026-07-10,264.0,272.4,281.6,257.5,13455402
MARKSANS,2026-07-17,270.95,267.1,281.4,263.85,6945411
MASTEK,2026-01-23,2090.2,2007.5,2243.0,1993.0,914451
MASTEK,2026-01-30,2007.5,2051.1,2065.0,1948.0,163896
MASTEK,2026-02-06,2012.5,2015.4,2174.8,1990.0,553337
MASTEK,2026-02-13,2029.8,1750.8,2040.0,1676.2,1003985
MASTEK,2026-02-20,1745.6,1711.2,1812.8,1689.0,350686
MASTEK,2026-02-27,1711.2,1584.6,1729.0,1559.1,475565
MASTEK,2026-03-06,1550.0,1561.2,1660.0,1545.0,579675
MASTEK,2026-03-13,1530.1,1496.8,1593.9,1487.1,234844
MASTEK,2026-03-20,1497.9,1449.5,1557.4,1437.4,552176
MASTEK,2026-03-27,1430.7,1397.6,1463.8,1373.4,436937
MASTEK,2026-04-03,1397.0,1508.3,1512.0,1334.2,464536
MASTEK,2026-04-10,1508.3,1585.4,1626.9,1475.0,292140
MASTEK,2026-04-17,1575.0,1746.0,1754.9,1541.1,383946
MASTEK,2026-04-24,1700.0,1700.1,1796.4,1662.0,638057
MASTEK,2026-05-01,1711.6,1694.2,1747.0,1654.0,184112
MASTEK,2026-05-08,1694.2,1683.1,1715.0,1630.1,317138
MASTEK,2026-05-15,1683.1,1549.9,1688.0,1531.0,226735
MASTEK,2026-05-22,1544.0,1635.2,1687.0,1507.0,316110
MASTEK,2026-05-29,1635.5,1627.0,1719.0,1604.0,173458
MASTEK,2026-06-05,1628.9,1660.1,1789.8,1627.0,654205
MASTEK,2026-06-12,1650.0,1577.4,1663.8,1554.1,128261
MASTEK,2026-06-19,1594.8,1605.5,1685.0,1586.1,204080
MASTEK,2026-06-26,1608.1,1575.2,1636.3,1570.1,89523
MASTEK,2026-07-03,1580.0,1621.3,1655.5,1542.0,262727
MASTEK,2026-07-10,1621.3,1680.1,1691.8,1588.0,267289
MASTEK,2026-07-17,1684.8,1772.6,1799.0,1651.0,615579
MAYURUNIQ,2026-01-23,494.5,500.85,508.0,474.0,449194
MAYURUNIQ,2026-01-30,500.7,512.25,521.9,497.0,209857
MAYURUNIQ,2026-02-06,527.0,575.45,606.4,521.95,1221209
MAYURUNIQ,2026-02-13,581.0,562.1,597.0,556.85,537547
MAYURUNIQ,2026-02-20,570.0,554.0,586.6,548.6,262447
MAYURUNIQ,2026-02-27,563.2,531.85,577.3,521.25,433776
MAYURUNIQ,2026-03-06,520.0,516.8,535.0,506.55,325412
MAYURUNIQ,2026-03-13,510.0,504.0,526.0,493.05,285675
MAYURUNIQ,2026-03-20,504.0,509.35,523.5,487.15,332054
MAYURUNIQ,2026-03-27,504.7,512.65,538.95,488.0,314880
MAYURUNIQ,2026-04-03,510.0,528.9,531.0,490.45,178986
MAYURUNIQ,2026-04-10,528.9,563.55,579.0,514.5,340295
MAYURUNIQ,2026-04-17,555.1,574.1,583.25,542.25,297642
MAYURUNIQ,2026-04-24,571.0,560.75,592.85,558.0,369567
MAYURUNIQ,2026-05-01,560.75,549.25,574.5,545.0,141039
MAYURUNIQ,2026-05-08,555.0,629.4,637.0,555.0,929562
MAYURUNIQ,2026-05-15,622.1,628.4,648.0,593.15,652542
MAYURUNIQ,2026-05-22,631.5,704.9,738.3,600.75,7677360
MAYURUNIQ,2026-05-29,727.85,754.45,805.75,705.85,1667010
MAYURUNIQ,2026-06-05,755.0,733.65,780.0,721.6,775116
MAYURUNIQ,2026-06-12,726.0,793.2,849.15,717.0,2826142
MAYURUNIQ,2026-06-19,803.0,826.25,847.7,792.05,676878
MAYURUNIQ,2026-06-26,833.25,789.85,835.0,779.1,316502
MAYURUNIQ,2026-07-03,789.5,882.15,907.0,785.35,1110591
MAYURUNIQ,2026-07-10,898.05,833.55,898.05,805.6,572005
MAYURUNIQ,2026-07-17,832.0,785.25,869.0,761.5,471371
MBAPL,2026-01-23,77.65,81.65,85.4,76.81,3708390
MBAPL,2026-01-30,81.65,82.23,83.2,78.8,2271820
MBAPL,2026-02-06,83.0,88.44,89.3,81.28,4766805
MBAPL,2026-02-13,89.56,92.95,95.59,89.04,11837320
MBAPL,2026-02-20,93.2,92.27,97.89,90.53,8568015
MBAPL,2026-02-27,92.27,93.75,95.8,91.32,5746055
MBAPL,2026-03-06,92.4,93.94,96.38,89.39,7856840
MBAPL,2026-03-13,92.7,89.3,94.14,88.06,8145305
MBAPL,2026-03-20,87.61,90.61,92.36,86.25,11069690
MBAPL,2026-03-27,89.4,92.23,95.45,87.16,6396165
MBAPL,2026-04-03,90.85,106.35,107.4,90.85,9235775
MBAPL,2026-04-10,107.67,104.76,110.61,104.27,6185330
MBAPL,2026-04-17,103.6,101.91,111.8,100.33,8251655
MBAPL,2026-04-24,102.6,101.37,104.79,100.5,4929195
MBAPL,2026-05-01,101.5,105.16,108.19,100.61,5258870
MBAPL,2026-05-08,104.8,114.84,117.0,104.2,8205765
MBAPL,2026-05-15,114.36,107.06,114.37,104.77,4428440
MBAPL,2026-05-22,106.11,106.21,110.4,104.4,3745395
MBAPL,2026-05-29,106.21,105.94,112.2,105.1,4391600
MBAPL,2026-06-05,105.8,109.36,114.47,104.09,4754580
MBAPL,2026-06-12,108.4,112.66,114.6,107.11,4433190
MBAPL,2026-06-19,114.2,112.6,115.6,111.01,3560340
MBAPL,2026-06-26,111.59,115.34,117.0,109.01,4211370
MBAPL,2026-07-03,116.78,125.15,126.95,106.41,7962718
MBAPL,2026-07-10,126.5,131.25,133.4,109.75,8314836
MBAPL,2026-07-17,131.0,136.2,136.95,121.0,9434049
MCX,2026-01-23,2455.0,2282.0,2486.0,2245.0,18420166
MCX,2026-01-30,2385.0,2528.0,2705.0,2301.0,26696741
MCX,2026-02-06,2212.7,2380.4,2557.0,2125.5,33276816
MCX,2026-02-13,2430.0,2340.6,2494.5,2321.2,19625903
MCX,2026-02-20,2240.0,2395.9,2436.0,2168.0,18165096
MCX,2026-02-27,2427.0,2443.3,2484.9,2373.0,11406648
MCX,2026-03-06,2427.0,2533.9,2590.7,2425.3,13919235
MCX,2026-03-13,2479.0,2498.8,2623.9,2451.1,14572507
MCX,2026-03-20,2474.0,2414.5,2702.7,2396.8,22561216
MCX,2026-03-27,2400.0,2398.2,2497.7,2260.0,21995236
MCX,2026-04-03,2371.2,2443.0,2508.0,2345.0,10363689
MCX,2026-04-10,2437.2,2669.4,2708.8,2422.3,18457880
MCX,2026-04-17,2650.0,2856.1,2903.0,2629.0,16776361
MCX,2026-04-24,2862.0,2760.9,2895.0,2756.0,11338275
MCX,2026-05-01,2786.5,2971.5,2985.1,2773.8,8582398
MCX,2026-05-08,3000.0,3097.8,3136.0,2867.0,12284373
MCX,2026-05-15,3120.0,3391.0,3423.0,3042.5,22073743
MCX,2026-05-22,3348.2,3269.9,3480.0,3257.3,14020665
MCX,2026-05-29,3300.0,2954.5,3347.0,2906.2,25004489
MCX,2026-06-05,2967.0,2795.0,2987.5,2751.0,20130571
MCX,2026-06-12,2721.0,2853.0,2915.0,2707.0,13357395
MCX,2026-06-19,2909.0,2803.8,2909.9,2761.8,14861482
MCX,2026-06-26,2822.0,2831.7,2882.7,2802.1,8637996
MCX,2026-07-03,2822.0,2814.0,3038.0,2800.0,24780160
MCX,2026-07-10,2800.0,2770.7,2839.0,2577.5,19622498
MCX,2026-07-17,2773.0,2747.5,2942.1,2729.0,10019800
METROPOLIS,2026-01-23,475.0,453.35,487.48,447.75,522440
METROPOLIS,2026-01-30,453.35,468.25,480.98,436.27,670836
METROPOLIS,2026-02-06,476.2,496.73,511.0,459.75,2418236
METROPOLIS,2026-02-13,501.88,486.95,503.75,483.52,524020
METROPOLIS,2026-02-20,490.38,465.02,490.83,463.4,292224
METROPOLIS,2026-02-27,469.12,475.95,489.98,464.12,516704
METROPOLIS,2026-03-06,460.25,447.55,469.98,445.25,660188
METROPOLIS,2026-03-13,445.0,452.15,463.42,433.3,1237172
METROPOLIS,2026-03-20,455.25,441.1,478.5,436.0,1493815
METROPOLIS,2026-03-27,434.5,430.8,475.0,421.2,2705044
METROPOLIS,2026-04-03,426.1,421.75,444.0,412.25,1050355
METROPOLIS,2026-04-10,433.0,468.1,471.8,422.0,2153790
METROPOLIS,2026-04-17,452.1,471.7,484.5,452.1,565880
METROPOLIS,2026-04-24,471.7,467.1,494.4,463.25,429968
METROPOLIS,2026-05-01,467.1,476.5,485.95,463.0,324779
METROPOLIS,2026-05-08,472.2,549.5,574.9,472.2,10673487
METROPOLIS,2026-05-15,549.0,528.85,600.0,515.0,5055808
METROPOLIS,2026-05-22,522.5,518.95,537.35,495.7,1333094
METROPOLIS,2026-05-29,527.0,555.35,565.0,513.15,1200998
METROPOLIS,2026-06-05,560.0,533.2,560.0,527.05,787909
METROPOLIS,2026-06-12,520.0,530.7,539.65,515.0,387811
METROPOLIS,2026-06-19,539.85,552.75,559.85,523.25,1608237
METROPOLIS,2026-06-26,555.9,543.35,563.5,526.0,998802
METROPOLIS,2026-07-03,544.3,556.0,559.1,516.25,2156768
METROPOLIS,2026-07-10,560.0,567.95,578.75,545.55,1734882
METROPOLIS,2026-07-17,568.0,545.3,585.4,540.05,1430522
MGL,2026-01-23,1060.0,1077.0,1125.1,1059.9,1319260
MGL,2026-01-30,1076.4,1052.8,1076.4,1018.6,1099081
MGL,2026-02-06,1044.0,1152.6,1165.0,1026.1,1714522
MGL,2026-02-13,1148.5,1107.1,1202.0,1100.0,1484445
MGL,2026-02-20,1108.7,1133.5,1145.3,1098.6,477885
MGL,2026-02-27,1133.5,1219.8,1233.0,1133.5,1535000
MGL,2026-03-06,1185.0,1049.3,1227.0,1041.2,2314053
MGL,2026-03-13,1024.0,1035.0,1086.0,1010.1,3520825
MGL,2026-03-20,1035.0,967.1,1042.0,955.0,3000393
MGL,2026-03-27,960.0,940.2,988.0,900.0,2690200
MGL,2026-04-03,939.9,953.15,959.9,918.3,1160531
MGL,2026-04-10,959.5,1075.75,1090.8,940.2,1987877
MGL,2026-04-17,1060.0,1125.75,1132.95,1039.65,1515267
MGL,2026-04-24,1129.55,1130.15,1159.9,1114.45,1297182
MGL,2026-05-01,1127.0,1135.65,1177.6,1116.95,632625
MGL,2026-05-08,1146.4,1172.9,1190.7,1121.0,1000908
MGL,2026-05-15,1160.8,1087.6,1160.8,1024.0,1532080
MGL,2026-05-22,1071.7,1054.8,1082.7,1036.7,734062
MGL,2026-05-29,1057.5,1095.0,1121.0,1057.5,1047441
MGL,2026-06-05,1102.0,1089.1,1107.9,1053.0,1364198
MGL,2026-06-12,1081.0,1094.9,1104.5,1044.0,785014
MGL,2026-06-19,1116.8,1209.0,1230.0,1108.9,1772769
MGL,2026-06-26,1215.0,1174.6,1252.0,1172.1,897286
MGL,2026-07-03,1174.6,1128.6,1211.2,1125.0,1143623
MGL,2026-07-10,1128.6,1126.3,1150.0,1082.5,720638
MGL,2026-07-17,1124.9,1100.4,1137.9,1087.8,572323
MIDHANI,2026-01-23,358.25,329.7,366.3,328.0,4558910
MIDHANI,2026-01-30,332.0,375.25,390.7,324.75,7974558
MIDHANI,2026-02-06,352.0,354.3,372.3,340.7,3430545
MIDHANI,2026-02-13,360.0,360.95,379.7,355.05,2763543
MIDHANI,2026-02-20,359.0,349.8,368.9,348.1,1747673
MIDHANI,2026-02-27,353.7,346.25,355.45,334.55,1689741
MIDHANI,2026-03-06,337.3,352.85,362.5,334.15,3178656
MIDHANI,2026-03-13,348.9,312.9,349.4,311.5,2382074
MIDHANI,2026-03-20,312.7,315.3,327.0,298.4,2706098
MIDHANI,2026-03-27,313.0,287.05,313.0,284.55,2871219
MIDHANI,2026-04-03,282.0,292.55,296.65,266.65,3530215
MIDHANI,2026-04-10,294.85,330.25,333.0,287.25,3931554
MIDHANI,2026-04-17,321.05,369.6,375.95,317.25,4618811
MIDHANI,2026-04-24,369.6,375.95,395.45,364.4,6481953
MIDHANI,2026-05-01,378.75,389.9,404.3,377.9,6089759
MIDHANI,2026-05-08,392.75,421.25,438.7,386.15,8029841
MIDHANI,2026-05-15,419.8,408.05,432.8,387.45,7749212
MIDHANI,2026-05-22,402.0,413.2,424.55,378.0,4783601
MIDHANI,2026-05-29,419.0,420.65,447.85,403.3,6672569
MIDHANI,2026-06-05,420.2,435.55,449.9,403.7,12074070
MIDHANI,2026-06-12,430.5,435.1,454.8,417.65,9214000
MIDHANI,2026-06-19,442.45,437.0,451.2,428.8,6007963
MIDHANI,2026-06-26,439.2,413.05,448.0,411.0,3429563
MIDHANI,2026-07-03,414.4,427.85,437.5,407.3,3069456
MIDHANI,2026-07-10,427.85,415.9,441.8,405.95,3306677
MIDHANI,2026-07-17,413.0,408.0,428.15,404.9,2537876
MINDACORP,2026-01-23,559.0,542.9,573.25,504.45,2552845
MINDACORP,2026-01-30,538.95,562.85,572.0,525.05,582387
MINDACORP,2026-02-06,550.3,584.2,607.5,544.35,2065536
MINDACORP,2026-02-13,588.95,598.0,606.1,580.6,1446269
MINDACORP,2026-02-20,595.6,583.3,597.3,565.6,671392
MINDACORP,2026-02-27,585.0,555.55,585.85,553.1,709585
MINDACORP,2026-03-06,525.2,520.95,548.0,510.0,828827
MINDACORP,2026-03-13,502.05,480.85,521.6,468.5,1663579
MINDACORP,2026-03-20,480.85,502.5,510.0,470.35,894421
MINDACORP,2026-03-27,492.5,528.7,554.5,484.15,1678252
MINDACORP,2026-04-03,518.45,501.4,519.0,490.0,715553
MINDACORP,2026-04-10,502.0,514.35,536.5,493.2,2141386
MINDACORP,2026-04-17,507.0,532.8,541.6,499.8,2726953
MINDACORP,2026-04-24,531.0,527.6,551.75,523.2,1321773
MINDACORP,2026-05-01,525.15,520.1,529.0,512.45,1828791
MINDACORP,2026-05-08,520.1,537.5,542.8,512.25,1174913
MINDACORP,2026-05-15,534.5,525.2,542.5,502.0,1244288
MINDACORP,2026-05-22,526.0,574.65,590.0,507.4,4348674
MINDACORP,2026-05-29,585.0,624.4,635.0,577.0,7545428
MINDACORP,2026-06-05,632.0,643.4,663.0,610.8,4274965
MINDACORP,2026-06-12,639.05,637.2,656.85,625.15,1840060
MINDACORP,2026-06-19,650.15,652.95,679.85,640.15,3296693
MINDACORP,2026-06-26,661.55,670.45,691.0,652.25,1976393
MINDACORP,2026-07-03,670.45,703.15,713.65,659.05,2839131
MINDACORP,2026-07-10,705.0,698.9,711.5,679.5,1792360
MINDACORP,2026-07-17,699.85,678.3,708.75,669.9,1191844
MMFL,2026-01-23,425.0,378.4,438.4,374.0,604137
MMFL,2026-01-30,375.0,409.25,426.5,362.0,344654
MMFL,2026-02-06,393.6,431.15,455.15,383.3,771178
MMFL,2026-02-13,431.5,465.0,477.8,425.35,541062
MMFL,2026-02-20,458.95,476.15,501.05,426.15,949335
MMFL,2026-02-27,478.95,459.1,482.6,451.0,473883
MMFL,2026-03-06,445.6,434.6,461.05,426.1,257878
MMFL,2026-03-13,420.0,429.35,465.0,411.8,488556
MMFL,2026-03-20,433.55,428.25,444.5,415.0,283604
MMFL,2026-03-27,427.4,399.9,432.0,395.65,376035
MMFL,2026-04-03,397.45,412.05,415.0,364.85,269772
MMFL,2026-04-10,410.0,431.55,457.7,401.95,489426
MMFL,2026-04-17,431.55,464.25,481.0,423.0,490018
MMFL,2026-04-24,470.0,498.9,526.95,459.0,927059
MMFL,2026-05-01,491.4,494.4,520.0,478.1,294438
MMFL,2026-05-08,484.65,493.7,511.5,484.65,282488
MMFL,2026-05-15,486.0,445.95,492.95,436.5,640825
MMFL,2026-05-22,449.9,454.4,480.6,431.55,648222
MMFL,2026-05-29,459.95,447.95,477.0,445.4,466406
MMFL,2026-06-05,451.55,450.55,465.95,432.0,271280
MMFL,2026-06-12,450.0,448.0,462.0,433.9,196456
MMFL,2026-06-19,454.0,469.8,481.9,446.0,397503
MMFL,2026-06-26,460.0,461.05,472.8,431.1,434013
MMFL,2026-07-03,461.05,502.1,511.85,448.0,1413042
MMFL,2026-07-10,505.25,523.4,527.0,486.3,952810
MMFL,2026-07-17,525.0,527.6,534.0,511.05,545599
MOLDTKPAC,2026-01-23,570.0,551.05,576.3,539.7,205443
MOLDTKPAC,2026-01-30,551.05,547.5,559.85,530.0,97494
MOLDTKPAC,2026-02-06,529.45,540.6,566.45,524.15,259774
MOLDTKPAC,2026-02-13,539.0,555.95,618.9,534.0,609213
MOLDTKPAC,2026-02-20,555.95,566.25,577.7,537.55,261528
MOLDTKPAC,2026-02-27,568.0,577.05,587.6,544.45,162608
MOLDTKPAC,2026-03-06,550.0,572.05,579.65,545.65,330916
MOLDTKPAC,2026-03-13,569.25,495.55,569.25,492.1,426878
MOLDTKPAC,2026-03-20,493.0,512.15,529.75,475.0,376659
MOLDTKPAC,2026-03-27,509.15,482.75,509.15,470.0,412321
MOLDTKPAC,2026-04-03,465.0,522.75,524.4,464.9,208817
MOLDTKPAC,2026-04-10,524.4,561.7,583.0,517.0,312815
MOLDTKPAC,2026-04-17,530.0,554.6,561.0,506.2,618038
MOLDTKPAC,2026-04-24,550.0,584.4,611.6,545.55,489665
MOLDTKPAC,2026-05-01,583.0,568.75,587.0,560.0,272591
MOLDTKPAC,2026-05-08,565.0,589.95,607.4,550.1,962027
MOLDTKPAC,2026-05-15,589.95,703.2,718.1,570.0,3841742
MOLDTKPAC,2026-05-22,703.2,679.35,710.0,666.65,1077597
MOLDTKPAC,2026-05-29,681.0,702.6,718.7,681.0,471724
MOLDTKPAC,2026-06-05,706.05,709.0,724.7,682.55,652912
MOLDTKPAC,2026-06-12,707.85,676.1,709.0,646.0,517195
MOLDTKPAC,2026-06-19,689.7,698.1,712.2,676.0,340143
MOLDTKPAC,2026-06-26,703.0,689.5,713.45,680.0,225193
MOLDTKPAC,2026-07-03,691.0,704.85,742.0,685.0,819980
MOLDTKPAC,2026-07-10,707.0,669.4,707.0,654.55,321968
MOLDTKPAC,2026-07-17,670.95,695.6,706.0,663.7,225112
MON100,2026-01-23,234.06,237.88,238.89,223.0,6366304
MON100,2026-01-30,238.0,230.56,239.85,229.01,5108661
MON100,2026-02-06,229.0,227.7,239.5,222.0,5710709
MON100,2026-02-13,232.08,230.24,236.0,228.03,4151685
MON100,2026-02-20,235.99,225.79,236.0,225.33,4083366
MON100,2026-02-27,231.43,225.19,233.0,224.16,3905629
MON100,2026-03-06,230.81,221.38,230.81,216.05,6585606
MON100,2026-03-13,216.05,219.52,227.7,213.01,5101173
MON100,2026-03-20,220.95,225.96,228.3,214.0,5419235
MON100,2026-03-27,231.6,231.73,236.95,217.86,5759058
MON100,2026-04-03,235.88,239.47,240.5,224.75,3731409
MON100,2026-04-10,239.0,256.38,261.96,236.05,8451070
MON100,2026-04-17,259.3,286.78,286.78,250.62,5696660
MON100,2026-04-24,286.2,293.13,295.83,279.03,5820549
MON100,2026-05-01,294.95,299.17,301.29,294.15,2396265
MON100,2026-05-08,301.87,316.77,316.77,298.59,3189917
MON100,2026-05-15,315.16,329.04,329.04,315.16,3028693
MON100,2026-05-22,331.62,332.13,332.13,322.0,3602142
MON100,2026-05-29,330.7,336.1,336.1,328.74,2552161
MON100,2026-06-05,335.83,342.55,342.55,330.87,2910310
MON100,2026-06-12,339.75,318.03,341.0,315.55,7489446
MON100,2026-06-19,330.19,328.41,338.7,328.04,3801133
MON100,2026-06-26,332.32,325.82,336.3,325.82,2984384
MON100,2026-07-03,324.22,332.78,335.9,324.22,2738431
MON100,2026-07-10,327.91,327.73,332.1,322.11,2912528
MON100,2026-07-17,332.37,332.9,333.61,328.05,2484048
MONARCH,2026-01-23,298.0,282.65,299.9,269.25,772554
MONARCH,2026-01-30,280.05,298.25,302.75,265.1,567618
MONARCH,2026-02-06,272.3,296.3,313.8,272.0,437050
MONARCH,2026-02-13,300.15,297.55,306.5,294.15,164534
MONARCH,2026-02-20,297.75,286.5,297.75,283.65,119446
MONARCH,2026-02-27,298.95,279.45,298.95,273.55,425421
MONARCH,2026-03-06,275.25,258.9,276.7,255.6,682978
MONARCH,2026-03-13,255.0,258.8,273.0,239.85,1488944
MONARCH,2026-03-20,260.1,268.0,281.3,252.0,536503
MONARCH,2026-03-27,269.35,242.5,269.35,239.85,1444353
MONARCH,2026-04-03,238.9,265.32,267.02,235.45,586387
MONARCH,2026-04-10,271.0,295.49,305.0,266.6,558262
MONARCH,2026-04-17,294.02,300.55,306.98,281.1,406912
MONARCH,2026-04-24,302.0,294.9,304.0,290.25,162299
MONARCH,2026-05-01,295.01,295.79,312.0,291.95,547272
MONARCH,2026-05-08,294.25,310.1,318.0,294.25,474123
MONARCH,2026-05-15,310.0,299.7,311.0,290.6,1098590
MONARCH,2026-05-22,307.2,320.35,324.85,306.9,1389973
MONARCH,2026-05-29,336.0,336.0,348.8,323.4,725768
MONARCH,2026-06-05,337.0,338.9,343.0,320.2,455336
MONARCH,2026-06-12,337.75,339.95,346.0,326.1,502121
MONARCH,2026-06-19,342.9,350.25,355.45,332.4,1771097
MONARCH,2026-06-26,350.0,337.75,358.0,335.0,328928
MONARCH,2026-07-03,337.75,345.85,353.95,332.2,262228
MONARCH,2026-07-10,346.0,360.7,364.0,336.15,559422
MONARCH,2026-07-17,360.0,360.55,370.95,353.0,622909
MOREPENLAB,2026-01-23,37.8,34.17,38.0,34.0,9887617
MOREPENLAB,2026-01-30,34.5,36.31,36.5,33.5,7239322
MOREPENLAB,2026-02-06,36.63,36.69,39.69,34.83,9339986
MOREPENLAB,2026-02-13,37.82,38.55,41.0,37.06,15374213
MOREPENLAB,2026-02-20,38.55,39.23,40.26,37.27,7512863
MOREPENLAB,2026-02-27,43.0,43.67,48.84,41.51,230792947
MOREPENLAB,2026-03-06,41.1,39.79,43.25,39.12,19940895
MOREPENLAB,2026-03-13,38.9,38.11,41.58,37.25,15796498
MOREPENLAB,2026-03-20,38.11,36.99,39.3,36.8,12703873
MOREPENLAB,2026-03-27,36.59,36.15,37.88,35.1,15267432
MOREPENLAB,2026-04-03,35.03,37.81,38.27,33.05,13543433
MOREPENLAB,2026-04-10,37.81,40.16,40.82,36.51,17130740
MOREPENLAB,2026-04-17,39.0,41.9,43.18,38.3,17352966
MOREPENLAB,2026-04-24,42.25,41.72,44.18,40.65,17706747
MOREPENLAB,2026-05-01,42.1,41.36,43.85,40.9,10212859
MOREPENLAB,2026-05-08,41.8,45.64,46.56,41.6,21191889
MOREPENLAB,2026-05-15,45.82,41.94,47.0,41.82,20597782
MOREPENLAB,2026-05-22,41.0,42.91,44.79,39.69,13622642
MOREPENLAB,2026-05-29,43.45,43.24,45.5,41.38,22908937
MOREPENLAB,2026-06-05,43.77,43.75,49.49,42.91,47834600
MOREPENLAB,2026-06-12,43.34,50.12,51.8,42.5,132624605
MOREPENLAB,2026-06-19,51.15,49.5,53.66,48.6,51678761
MOREPENLAB,2026-06-26,50.18,53.16,54.2,49.71,45336407
MOREPENLAB,2026-07-03,53.16,59.07,63.4,52.45,128919897
MOREPENLAB,2026-07-10,59.38,61.22,63.1,58.42,56117371
MOREPENLAB,2026-07-17,60.8,58.9,64.58,57.66,48534316
MOTHERSON,2026-01-23,114.3,108.4,114.3,106.32,81714980
MOTHERSON,2026-01-30,110.24,112.9,114.55,107.61,52328493
MOTHERSON,2026-02-06,111.47,118.1,125.49,109.62,83687049
MOTHERSON,2026-02-13,119.7,131.26,135.83,119.21,187982681
MOTHERSON,2026-02-20,130.5,129.42,135.59,128.8,68631077
MOTHERSON,2026-02-27,130.0,133.34,136.15,128.48,71863851
MOTHERSON,2026-03-06,126.2,122.77,131.8,121.43,74444533
MOTHERSON,2026-03-13,119.01,113.82,125.98,113.0,109857802
MOTHERSON,2026-03-20,113.82,111.59,119.03,111.0,91951872
MOTHERSON,2026-03-27,111.0,109.38,115.65,106.25,98710052
MOTHERSON,2026-04-03,106.9,106.81,110.52,102.82,86317025
MOTHERSON,2026-04-10,106.97,122.16,122.55,105.4,139571342
MOTHERSON,2026-04-17,118.16,125.03,125.87,117.2,104995602
MOTHERSON,2026-04-24,125.4,125.7,132.99,122.38,123936705
MOTHERSON,2026-05-01,126.13,121.21,128.8,119.12,59464630
MOTHERSON,2026-05-08,121.99,132.03,132.76,118.41,98395433
MOTHERSON,2026-05-15,130.58,129.92,131.61,123.55,76803569
MOTHERSON,2026-05-22,128.95,136.18,139.01,125.15,199912144
MOTHERSON,2026-05-29,137.5,145.74,151.77,134.65,163954547
MOTHERSON,2026-06-05,146.01,143.56,147.4,140.56,115217603
MOTHERSON,2026-06-12,142.0,143.4,145.44,138.03,79133142
MOTHERSON,2026-06-19,146.1,145.54,149.9,142.61,89023193
MOTHERSON,2026-06-26,145.54,151.71,155.25,141.76,116221037
MOTHERSON,2026-07-03,151.71,146.3,154.0,146.02,141929077
MOTHERSON,2026-07-10,146.54,143.19,148.8,136.71,97436118
MOTHERSON,2026-07-17,142.05,144.17,145.84,141.06,85353990
MOTILALOFS,2026-01-23,850.95,751.0,852.4,746.1,5822268
MOTILALOFS,2026-01-30,754.4,753.55,808.8,719.45,13202296
MOTILALOFS,2026-02-06,727.95,779.8,818.0,715.15,4852994
MOTILALOFS,2026-02-13,791.0,784.55,829.0,782.0,3279773
MOTILALOFS,2026-02-20,766.55,769.25,792.6,758.4,3172839
MOTILALOFS,2026-02-27,771.0,725.15,775.85,712.75,3558040
MOTILALOFS,2026-03-06,689.1,715.95,731.85,687.35,2622154
MOTILALOFS,2026-03-13,700.0,680.25,724.75,675.0,3760869
MOTILALOFS,2026-03-20,681.4,662.6,705.0,660.1,4373845
MOTILALOFS,2026-03-27,653.0,668.65,695.25,614.9,5200518
MOTILALOFS,2026-04-03,655.6,684.95,687.3,616.1,4561523
MOTILALOFS,2026-04-10,684.95,778.55,782.0,671.2,5631022
MOTILALOFS,2026-04-17,760.0,815.45,819.0,752.55,5425390
MOTILALOFS,2026-04-24,816.0,781.05,835.5,774.2,6614949
MOTILALOFS,2026-05-01,787.75,800.25,815.0,770.05,8451148
MOTILALOFS,2026-05-08,821.35,882.0,902.5,808.95,9173845
MOTILALOFS,2026-05-15,877.1,843.3,877.1,831.1,4389431
MOTILALOFS,2026-05-22,831.0,849.45,865.35,821.1,3024919
MOTILALOFS,2026-05-29,857.95,879.5,909.0,851.0,4616927
MOTILALOFS,2026-06-05,884.0,855.35,889.0,838.4,3488812
MOTILALOFS,2026-06-12,847.5,888.45,890.6,812.25,6630284
MOTILALOFS,2026-06-19,904.95,953.45,961.7,903.0,6287364
MOTILALOFS,2026-06-26,953.5,946.15,961.9,928.1,2888417
MOTILALOFS,2026-07-03,946.15,968.35,981.45,942.5,3740835
MOTILALOFS,2026-07-10,970.0,979.35,982.95,903.65,4418416
MOTILALOFS,2026-07-17,968.0,967.1,989.75,950.6,2962310
MRF,2026-01-23,143000.0,137475.0,145135.0,136800.0,34869
MRF,2026-01-30,139000.0,132165.0,139000.0,130025.0,40727
MRF,2026-02-06,132295.0,146455.0,149070.0,131200.0,84692
MRF,2026-02-13,147000.0,150105.0,152450.0,143250.0,55290
MRF,2026-02-20,150105.0,146390.0,150990.0,144145.0,24591
MRF,2026-02-27,146645.0,140985.0,148000.0,140400.0,42639
MRF,2026-03-06,136480.0,138780.0,142500.0,134395.0,38555
MRF,2026-03-13,135910.0,134920.0,138445.0,134435.0,30851
MRF,2026-03-20,135455.0,127535.0,135455.0,127015.0,37510
MRF,2026-03-27,127515.0,129575.0,130900.0,123455.0,32943
MRF,2026-04-03,128100.0,126390.0,133000.0,124725.0,35684
MRF,2026-04-10,127600.0,136705.0,137600.0,125120.0,51379
MRF,2026-04-17,133450.0,139855.0,140795.0,133450.0,24203
MRF,2026-04-24,139855.0,132145.0,140510.0,131740.0,26914
MRF,2026-05-01,132550.0,129710.0,134100.0,128750.0,32384
MRF,2026-05-08,131000.0,130425.0,133950.0,128110.0,51304
MRF,2026-05-15,130330.0,128640.0,130500.0,124900.0,33215
MRF,2026-05-22,127500.0,126785.0,129500.0,125410.0,27965
MRF,2026-05-29,128220.0,123420.0,129390.0,122000.0,32368
MRF,2026-06-05,125275.0,123505.0,125950.0,123350.0,23853
MRF,2026-06-12,123500.0,125515.0,125700.0,122050.0,22498
MRF,2026-06-19,127005.0,128645.0,131795.0,127005.0,42422
MRF,2026-06-26,128645.0,129550.0,132885.0,128645.0,29337
MRF,2026-07-03,129900.0,134655.0,136490.0,123605.0,64030
MRF,2026-07-10,135200.0,134425.0,138990.0,132600.0,38490
MRF,2026-07-17,133000.0,130695.0,133250.0,129550.0,31871
MSTCLTD,2026-01-23,476.0,455.7,478.2,450.5,561053
MSTCLTD,2026-01-30,457.85,461.7,478.6,447.6,492123
MSTCLTD,2026-02-06,453.25,458.15,472.0,429.0,741066
MSTCLTD,2026-02-13,465.0,477.4,509.35,462.6,1210651
MSTCLTD,2026-02-20,477.4,464.25,488.0,456.3,634901
MSTCLTD,2026-02-27,464.25,457.2,469.2,445.0,764680
MSTCLTD,2026-03-06,443.05,441.3,454.15,434.0,579006
MSTCLTD,2026-03-13,432.0,413.2,439.0,411.0,735926
MSTCLTD,2026-03-20,414.0,415.65,435.0,393.45,998698
MSTCLTD,2026-03-27,415.0,381.15,415.0,378.35,1137273
MSTCLTD,2026-04-03,378.0,407.35,411.2,362.15,905583
MSTCLTD,2026-04-10,407.0,423.05,432.95,394.15,1265284
MSTCLTD,2026-04-17,419.0,471.6,493.0,406.0,1788445
MSTCLTD,2026-04-24,471.65,433.4,471.8,430.1,1073166
MSTCLTD,2026-05-01,436.8,433.15,456.0,426.65,581414
MSTCLTD,2026-05-08,438.0,455.9,464.0,436.3,1099297
MSTCLTD,2026-05-15,454.0,422.25,454.0,420.1,650259
MSTCLTD,2026-05-22,421.95,426.25,430.95,411.0,390883
MSTCLTD,2026-05-29,427.5,440.5,447.8,427.5,499520
MSTCLTD,2026-06-05,474.0,512.35,535.7,442.0,17721751
MSTCLTD,2026-06-12,503.0,568.55,576.8,486.4,16800481
MSTCLTD,2026-06-19,584.9,692.75,724.4,580.15,29039147
MSTCLTD,2026-06-26,692.75,647.4,696.95,637.0,2544135
MSTCLTD,2026-07-03,651.0,715.7,732.0,627.5,6463688
MSTCLTD,2026-07-10,726.0,670.65,743.9,646.55,4001668
MSTCLTD,2026-07-17,670.0,594.55,688.8,591.3,2101399
MTARTECH,2026-01-23,2670.7,2400.2,2715.9,2365.0,1660899
MTARTECH,2026-01-30,2450.0,2931.5,3078.0,2390.0,4794592
MTARTECH,2026-02-06,3079.9,3270.7,3448.9,2946.3,4435991
MTARTECH,2026-02-13,3245.1,3586.5,3748.7,3240.0,2870936
MTARTECH,2026-02-20,3588.0,3657.6,3822.0,3579.5,1901563
MTARTECH,2026-02-27,3675.9,3806.8,3907.5,3595.2,1665788
MTARTECH,2026-03-06,3670.0,3782.2,3920.0,3470.0,2378134
MTARTECH,2026-03-13,3700.0,3388.0,3810.0,3370.0,1920942
MTARTECH,2026-03-20,3388.0,3525.3,3735.0,3309.0,1602211
MTARTECH,2026-03-27,3475.0,3576.5,3705.0,3321.3,1131085
MTARTECH,2026-04-03,3560.0,3576.3,3652.2,3356.0,669168
MTARTECH,2026-04-10,3576.3,4173.8,4444.0,3524.1,4492491
MTARTECH,2026-04-17,4121.0,4857.8,5070.0,4094.8,4987493
MTARTECH,2026-04-24,4857.0,5139.2,5445.0,4825.0,2695266
MTARTECH,2026-05-01,5168.5,6457.1,6750.0,5125.0,5132012
MTARTECH,2026-05-08,6700.0,6470.0,6787.0,6055.5,4250303
MTARTECH,2026-05-15,6480.0,7234.0,7730.0,6030.5,12467552
MTARTECH,2026-05-22,7200.0,8075.5,8449.5,6686.0,15285822
MTARTECH,2026-05-29,8172.0,7879.5,8230.0,7620.0,6391655
MTARTECH,2026-06-05,7890.0,7535.5,7924.0,6813.0,7901774
MTARTECH,2026-06-12,7100.0,7159.5,7536.5,6180.0,12901579
MTARTECH,2026-06-19,7289.0,8374.5,8714.0,7010.0,16661919
MTARTECH,2026-06-26,8396.0,7976.5,8480.0,7732.0,3471302
MTARTECH,2026-07-03,7621.0,7033.5,7948.0,7030.5,1028004
MTARTECH,2026-07-10,6975.0,7101.0,7225.0,6707.5,795377
MTARTECH,2026-07-17,7025.0,6046.0,7025.0,6046.0,598594
MUFIN,2026-01-23,118.78,112.53,122.01,109.99,6973038
MUFIN,2026-01-30,114.5,114.09,116.01,108.69,3874933
MUFIN,2026-02-06,113.52,113.98,119.99,110.23,4380263
MUFIN,2026-02-13,115.0,116.49,120.85,113.5,7402082
MUFIN,2026-02-20,117.5,115.92,123.0,114.0,8423481
MUFIN,2026-02-27,117.0,114.86,118.49,113.12,4657218
MUFIN,2026-03-06,113.5,107.51,113.51,104.0,4293344
MUFIN,2026-03-13,106.05,101.7,108.73,100.4,4589676
MUFIN,2026-03-20,102.5,102.99,108.99,98.25,4969206
MUFIN,2026-03-27,103.0,99.05,105.0,96.25,3215986
MUFIN,2026-04-03,99.1,99.94,104.4,95.0,4946864
MUFIN,2026-04-10,102.49,106.03,106.99,98.51,8442956
MUFIN,2026-04-17,104.39,113.43,114.85,102.84,3974699
MUFIN,2026-04-24,114.5,115.05,120.0,113.0,46759158
MUFIN,2026-05-01,115.6,114.28,118.75,112.61,7769794
MUFIN,2026-05-08,115.8,118.46,121.0,113.12,7588051
MUFIN,2026-05-15,118.01,112.71,118.06,111.57,9093766
MUFIN,2026-05-22,113.0,121.39,123.87,111.13,15096716
MUFIN,2026-05-29,122.9,123.21,128.18,120.8,10669472
MUFIN,2026-06-05,124.4,122.5,124.77,118.73,6441002
MUFIN,2026-06-12,121.51,122.46,122.8,117.15,4402349
MUFIN,2026-06-19,124.99,130.86,133.5,122.5,8487752
MUFIN,2026-06-26,132.0,128.1,132.69,127.01,4431752
MUFIN,2026-07-03,128.5,135.04,138.0,126.32,9512167
MUFIN,2026-07-10,135.4,130.22,135.7,126.5,3136836
MUFIN,2026-07-17,130.0,129.26,132.2,125.41,3333695
MUTHOOTFIN,2026-01-23,3942.0,3802.8,4028.3,3754.3,3106430
MUTHOOTFIN,2026-01-30,3829.0,3829.6,4149.5,3801.1,2790780
MUTHOOTFIN,2026-02-06,3480.0,3704.2,3798.9,3410.5,4448721
MUTHOOTFIN,2026-02-13,3722.4,3586.1,4082.9,3552.7,9042208
MUTHOOTFIN,2026-02-20,3580.0,3460.0,3580.0,3365.0,4909759
MUTHOOTFIN,2026-02-27,3512.0,3353.5,3539.9,3332.4,4137608
MUTHOOTFIN,2026-03-06,3354.9,3238.9,3484.8,3232.0,3538694
MUTHOOTFIN,2026-03-13,3090.1,3333.2,3355.0,3080.4,5292459
MUTHOOTFIN,2026-03-20,3316.6,3315.9,3492.9,3256.0,5715529
MUTHOOTFIN,2026-03-27,3190.0,3270.6,3348.7,3042.1,9421981
MUTHOOTFIN,2026-04-03,3189.0,3178.8,3320.0,3140.0,2619127
MUTHOOTFIN,2026-04-10,3196.1,3573.9,3579.9,3168.0,4310002
MUTHOOTFIN,2026-04-17,3499.0,3571.3,3678.5,3437.0,2782892
MUTHOOTFIN,2026-04-24,3560.7,3493.5,3646.0,3443.3,2658360
MUTHOOTFIN,2026-05-01,3501.4,3424.2,3542.0,3385.1,1634127
MUTHOOTFIN,2026-05-08,3424.2,3528.9,3614.4,3391.1,3000558
MUTHOOTFIN,2026-05-15,3481.5,3311.4,3587.0,3239.0,8194419
MUTHOOTFIN,2026-05-22,3278.3,3296.7,3348.2,3236.0,3618292
MUTHOOTFIN,2026-05-29,3321.1,3342.9,3388.9,3243.0,2878971
MUTHOOTFIN,2026-06-05,3330.0,3153.1,3334.0,3126.1,2918657
MUTHOOTFIN,2026-06-12,3081.8,3042.2,3113.9,2822.6,4749279
MUTHOOTFIN,2026-06-19,3129.0,3126.1,3214.0,3079.8,3525640
MUTHOOTFIN,2026-06-26,3169.0,3025.6,3227.0,3018.2,3618189
MUTHOOTFIN,2026-07-03,3026.0,3054.9,3103.9,2902.3,9107475
MUTHOOTFIN,2026-07-10,3062.1,3129.4,3169.0,3032.7,5545316
MUTHOOTFIN,2026-07-17,3070.0,2989.5,3114.9,2936.1,3647732
MUTHOOTMF,2026-01-23,185.1,179.16,188.8,172.45,920181
MUTHOOTMF,2026-01-30,179.44,178.23,182.8,174.61,457845
MUTHOOTMF,2026-02-06,170.51,180.72,184.8,167.3,527794
MUTHOOTMF,2026-02-13,184.94,190.3,197.2,175.11,4358137
MUTHOOTMF,2026-02-20,190.3,182.87,198.5,180.8,1341230
MUTHOOTMF,2026-02-27,185.0,168.91,187.88,168.0,988484
MUTHOOTMF,2026-03-06,163.0,158.8,166.88,155.1,919679
MUTHOOTMF,2026-03-13,155.0,145.96,158.0,145.1,839876
MUTHOOTMF,2026-03-20,146.0,150.85,156.78,141.5,860995
MUTHOOTMF,2026-03-27,148.01,153.4,170.37,141.2,1245821
MUTHOOTMF,2026-04-03,155.24,152.86,156.6,144.38,536387
MUTHOOTMF,2026-04-10,150.8,169.12,172.0,150.01,933024
MUTHOOTMF,2026-04-17,162.01,176.78,182.1,162.01,774180
MUTHOOTMF,2026-04-24,176.01,184.92,199.5,171.51,25664792
MUTHOOTMF,2026-05-01,184.77,192.38,199.9,182.35,1836087
MUTHOOTMF,2026-05-08,193.99,200.52,217.99,190.8,5383238
MUTHOOTMF,2026-05-15,200.0,181.09,200.79,180.01,2485809
MUTHOOTMF,2026-05-22,178.5,180.28,184.9,175.2,954056
MUTHOOTMF,2026-05-29,183.99,179.98,185.25,175.2,996524
MUTHOOTMF,2026-06-05,180.0,181.87,186.27,171.8,1974050
MUTHOOTMF,2026-06-12,180.35,187.6,189.85,178.0,1004103
MUTHOOTMF,2026-06-19,192.0,203.77,211.97,189.22,2538400
MUTHOOTMF,2026-06-26,205.0,210.55,216.88,199.75,1541999
MUTHOOTMF,2026-07-03,210.02,221.47,230.9,206.03,2750963
MUTHOOTMF,2026-07-10,221.47,235.26,245.0,205.0,20740143
MUTHOOTMF,2026-07-17,239.56,240.06,252.0,235.55,6584724
NACLIND,2026-01-23,174.01,159.51,179.4,156.01,537248
NACLIND,2026-01-30,158.7,144.8,160.16,144.8,1096565
NACLIND,2026-02-06,133.65,136.13,144.6,127.6,2420551
NACLIND,2026-02-13,139.0,140.65,156.0,135.01,1954241
NACLIND,2026-02-20,139.05,139.92,147.63,138.05,1026210
NACLIND,2026-02-27,140.41,133.6,144.25,131.51,824283
NACLIND,2026-03-06,128.0,118.22,130.97,116.51,1094392
NACLIND,2026-03-13,115.0,122.03,128.33,112.62,3151294
NACLIND,2026-03-20,121.1,137.99,139.32,114.1,4507976
NACLIND,2026-03-27,133.25,129.26,140.41,124.55,2670144
NACLIND,2026-04-03,127.15,138.15,138.15,125.1,1929469
NACLIND,2026-04-10,141.4,166.26,177.54,140.26,4437004
NACLIND,2026-04-17,162.0,175.07,182.5,158.55,1841682
NACLIND,2026-04-24,176.99,154.2,177.99,150.92,2337172
NACLIND,2026-05-01,159.78,161.32,164.9,155.08,716321
NACLIND,2026-05-08,162.09,177.41,189.86,158.0,7499936
NACLIND,2026-05-15,178.0,161.58,179.39,160.2,1465684
NACLIND,2026-05-22,160.0,158.12,167.79,155.2,1299112
NACLIND,2026-05-29,159.11,157.65,166.8,154.69,1054077
NACLIND,2026-06-05,157.65,161.18,169.49,150.0,1862006
NACLIND,2026-06-12,160.98,164.76,176.55,158.13,3497921
NACLIND,2026-06-19,165.01,193.8,195.8,164.05,11177984
NACLIND,2026-06-26,198.0,205.0,220.9,193.11,19035991
NACLIND,2026-07-03,207.8,218.4,238.7,196.05,26071694
NACLIND,2026-07-10,220.52,234.56,237.69,212.99,13319939
NACLIND,2026-07-17,238.4,213.45,245.0,204.0,9595573
NAM-INDIA,2026-01-23,882.0,823.95,895.0,817.6,2310085
NAM-INDIA,2026-01-30,820.0,878.1,919.2,795.8,6303377
NAM-INDIA,2026-02-06,868.0,919.8,1009.0,841.95,6766057
NAM-INDIA,2026-02-13,932.0,912.4,973.9,899.95,5148743
NAM-INDIA,2026-02-20,912.4,957.05,992.3,906.0,2888448
NAM-INDIA,2026-02-27,957.05,931.2,988.0,927.0,2905162
NAM-INDIA,2026-03-06,901.0,860.25,925.85,841.0,2901473
NAM-INDIA,2026-03-13,838.0,823.65,886.0,811.1,2947532
NAM-INDIA,2026-03-20,820.0,838.9,892.0,815.1,2669478
NAM-INDIA,2026-03-27,823.0,831.95,878.9,805.1,2958674
NAM-INDIA,2026-04-03,820.5,829.9,873.75,796.3,3461501
NAM-INDIA,2026-04-10,830.0,955.25,961.0,813.2,7892253
NAM-INDIA,2026-04-17,940.0,1015.05,1024.7,913.5,6597289
NAM-INDIA,2026-04-24,1024.95,979.35,1064.45,972.1,7321356
NAM-INDIA,2026-05-01,996.0,1009.95,1065.0,982.1,7769122
NAM-INDIA,2026-05-08,1025.0,1103.4,1117.9,1005.2,5367859
NAM-INDIA,2026-05-15,1093.3,1100.6,1105.7,1029.0,5739022
NAM-INDIA,2026-05-22,1091.0,1080.4,1125.0,1060.8,4897765
NAM-INDIA,2026-05-29,1095.2,1100.2,1122.0,1075.7,4405247
NAM-INDIA,2026-06-05,1100.0,1113.1,1144.4,1045.3,6521138
NAM-INDIA,2026-06-12,1085.1,1089.1,1102.0,1037.9,6167409
NAM-INDIA,2026-06-19,1100.0,1186.9,1191.3,1099.9,5149620
NAM-INDIA,2026-06-26,1194.0,1139.0,1194.0,1133.8,2317219
NAM-INDIA,2026-07-03,1129.5,1218.2,1233.5,1129.5,4199764
NAM-INDIA,2026-07-10,1216.8,1212.7,1232.8,1158.8,3210117
NAM-INDIA,2026-07-17,1205.1,1186.5,1223.0,1137.5,3962008
NAUKRI,2026-01-23,1320.5,1300.9,1388.0,1268.9,5321951
NAUKRI,2026-01-30,1300.9,1249.4,1313.9,1242.2,7427071
NAUKRI,2026-02-06,1250.0,1130.4,1305.6,1118.6,14257251
NAUKRI,2026-02-13,1139.8,1141.1,1204.8,1104.2,10241389
NAUKRI,2026-02-20,1122.0,1074.8,1151.9,1065.0,7348058
NAUKRI,2026-02-27,1070.7,1029.6,1084.9,1006.1,12521491
NAUKRI,2026-03-06,994.0,980.1,1025.7,978.0,8484546
NAUKRI,2026-03-13,966.0,952.4,988.0,937.9,6745248
NAUKRI,2026-03-20,950.0,978.2,1006.0,930.5,9454353
NAUKRI,2026-03-27,970.0,991.4,1030.1,954.3,15145535
NAUKRI,2026-04-03,974.1,993.8,1009.4,951.3,6752585
NAUKRI,2026-04-10,998.75,990.9,1040.0,966.8,12174731
NAUKRI,2026-04-17,979.4,1054.55,1057.5,968.75,4900406
NAUKRI,2026-04-24,1054.55,984.95,1080.9,979.35,8125706
NAUKRI,2026-05-01,991.2,972.85,1023.5,968.25,6216742
NAUKRI,2026-05-08,976.15,978.35,996.0,959.0,6320708
NAUKRI,2026-05-15,978.35,928.1,980.95,920.2,8734534
NAUKRI,2026-05-22,922.5,960.95,985.0,914.8,18199662
NAUKRI,2026-05-29,964.45,995.0,1047.8,908.3,25303905
NAUKRI,2026-06-05,1005.0,988.45,1022.35,980.5,8883954
NAUKRI,2026-06-12,977.25,972.2,1011.85,949.05,5343098
NAUKRI,2026-06-19,989.9,984.25,1029.0,955.0,7570207
NAUKRI,2026-06-26,985.0,978.85,1024.8,976.3,12068135
NAUKRI,2026-07-03,988.75,1034.65,1055.1,970.0,8060039
NAUKRI,2026-07-10,1034.65,1204.05,1229.1,1012.8,35660206
NAUKRI,2026-07-17,1191.0,1187.25,1220.5,1175.0,6194168
NAVINFLUOR,2026-01-23,6180.0,5919.0,6273.5,5606.5,856416
NAVINFLUOR,2026-01-30,5948.5,6099.0,6189.0,5715.5,555572
NAVINFLUOR,2026-02-06,5948.0,6417.5,6473.0,5801.5,1237244
NAVINFLUOR,2026-02-13,6500.0,6304.0,6965.0,6286.0,3453014
NAVINFLUOR,2026-02-20,6335.0,6526.0,6546.0,6210.0,679665
NAVINFLUOR,2026-02-27,6560.0,6256.5,6666.0,6170.0,821121
NAVINFLUOR,2026-03-06,5960.0,6572.0,6660.0,5900.0,1151209
NAVINFLUOR,2026-03-13,6434.0,6172.0,6620.0,6034.0,923354
NAVINFLUOR,2026-03-20,6120.0,6124.0,6461.0,6061.0,619928
NAVINFLUOR,2026-03-27,6061.0,6055.0,6340.0,5866.0,709665
NAVINFLUOR,2026-04-03,6040.0,5891.0,6256.5,5666.5,477576
NAVINFLUOR,2026-04-10,5891.0,6181.0,6214.5,5760.0,752233
NAVINFLUOR,2026-04-17,6086.0,6284.0,6415.0,5990.5,470636
NAVINFLUOR,2026-04-24,6296.0,6452.0,6600.0,6221.0,1184099
NAVINFLUOR,2026-05-01,6520.0,6821.0,7200.0,6437.5,3303276
NAVINFLUOR,2026-05-08,6855.0,7041.5,7119.0,6755.5,1627088
NAVINFLUOR,2026-05-15,7000.0,7001.0,7120.0,6818.5,522391
NAVINFLUOR,2026-05-22,7030.0,7125.0,7229.0,6875.5,803703
NAVINFLUOR,2026-05-29,7195.0,7129.0,7525.0,6970.0,941649
NAVINFLUOR,2026-06-05,7125.5,7032.5,7219.5,6901.0,499616
NAVINFLUOR,2026-06-12,7000.0,7303.0,7330.0,6786.0,758156
NAVINFLUOR,2026-06-19,7400.0,7493.5,7573.0,7164.5,833355
NAVINFLUOR,2026-06-26,7480.0,7609.0,7744.0,7352.0,481375
NAVINFLUOR,2026-07-03,7625.0,7552.5,7810.0,7440.0,659345
NAVINFLUOR,2026-07-10,7579.5,7712.0,7785.5,7289.0,572680
NAVINFLUOR,2026-07-17,7680.0,7579.0,7741.0,7502.0,418685
NAZARA,2026-01-23,268.5,277.9,291.5,262.7,13669985
NAZARA,2026-01-30,280.0,284.4,291.55,271.25,7598720
NAZARA,2026-02-06,284.55,259.0,295.2,254.85,17259989
NAZARA,2026-02-13,261.9,279.1,287.5,260.0,12970955
NAZARA,2026-02-20,280.0,270.7,280.4,269.1,3742880
NAZARA,2026-02-27,272.1,264.8,274.0,262.35,7537238
NAZARA,2026-03-06,261.0,244.05,262.25,241.25,3914505
NAZARA,2026-03-13,240.0,237.35,257.95,230.2,7701797
NAZARA,2026-03-20,238.95,235.35,260.0,220.1,12842120
NAZARA,2026-03-27,233.0,240.3,242.95,215.7,12371600
NAZARA,2026-04-03,237.5,234.92,242.7,228.38,6998996
NAZARA,2026-04-10,236.9,252.33,255.75,229.05,17451926
NAZARA,2026-04-17,250.0,273.34,276.4,244.5,12424632
NAZARA,2026-04-24,274.99,270.09,279.39,265.5,8083438
NAZARA,2026-05-01,273.0,263.56,277.99,257.12,10977499
NAZARA,2026-05-08,265.9,268.6,277.0,262.25,10773812
NAZARA,2026-05-15,268.6,299.95,314.0,259.2,68378554
NAZARA,2026-05-22,299.5,283.5,305.0,282.7,16741521
NAZARA,2026-05-29,286.8,277.75,295.0,275.0,7103227
NAZARA,2026-06-05,281.0,271.5,282.3,265.0,8912956
NAZARA,2026-06-12,271.0,285.85,289.5,264.4,7596712
NAZARA,2026-06-19,288.9,297.35,307.0,286.65,12241173
NAZARA,2026-06-26,297.5,300.65,305.9,289.3,6287172
NAZARA,2026-07-03,301.9,305.65,311.0,301.0,13327925
NAZARA,2026-07-10,305.65,304.3,310.0,293.5,11059138
NAZARA,2026-07-17,304.0,304.65,315.0,302.75,13688696
NCC,2026-01-23,150.22,141.82,150.22,140.04,13686488
NCC,2026-01-30,142.34,146.43,149.4,138.57,10033070
NCC,2026-02-06,145.82,156.47,159.42,143.53,17603141
NCC,2026-02-13,157.5,151.93,161.98,151.2,12940200
NCC,2026-02-20,151.8,149.07,154.99,135.0,36148935
NCC,2026-02-27,150.0,152.64,155.25,147.9,10352326
NCC,2026-03-06,147.1,141.02,150.48,140.02,11220716
NCC,2026-03-13,140.0,144.28,155.0,136.24,19677015
NCC,2026-03-20,144.28,140.59,147.4,139.44,16880758
NCC,2026-03-27,140.0,136.97,142.84,131.16,13702802
NCC,2026-04-03,135.0,141.71,142.65,130.0,9712461
NCC,2026-04-10,141.99,153.06,154.51,138.5,14592086
NCC,2026-04-17,150.95,161.26,163.56,147.53,13541953
NCC,2026-04-24,161.88,161.99,166.82,158.22,20752206
NCC,2026-05-01,162.54,163.84,168.64,161.5,14911468
NCC,2026-05-08,166.52,170.04,171.77,164.95,13326336
NCC,2026-05-15,169.42,160.68,169.66,159.02,14593718
NCC,2026-05-22,157.46,146.17,157.89,145.11,10687114
NCC,2026-05-29,147.6,152.03,154.83,147.21,7050777
NCC,2026-06-05,154.0,146.28,154.93,145.81,7147818
NCC,2026-06-12,144.61,151.69,152.0,141.25,13005450
NCC,2026-06-19,155.0,155.84,159.9,152.1,10900516
NCC,2026-06-26,156.89,153.59,161.08,153.0,12139921
NCC,2026-07-03,153.66,149.51,154.4,147.66,7389440
NCC,2026-07-10,149.51,145.76,152.8,142.5,8735761
NCC,2026-07-17,145.0,139.6,145.48,139.0,7845628
NEOGEN,2026-01-23,1308.6,1131.7,1320.6,1122.2,391401
NEOGEN,2026-01-30,1129.0,1216.5,1248.8,1090.5,204265
NEOGEN,2026-02-06,1243.5,1353.5,1440.0,1180.0,444193
NEOGEN,2026-02-13,1356.0,1286.4,1368.0,1255.1,204903
NEOGEN,2026-02-20,1314.0,1326.7,1368.5,1276.2,254544
NEOGEN,2026-02-27,1328.0,1464.3,1488.9,1319.9,577801
NEOGEN,2026-03-06,1360.0,1330.7,1420.2,1320.5,145154
NEOGEN,2026-03-13,1330.0,1343.6,1501.0,1330.0,804933
NEOGEN,2026-03-20,1352.1,1336.4,1427.8,1302.0,335629
NEOGEN,2026-03-27,1310.0,1179.6,1325.0,1161.5,438790
NEOGEN,2026-04-03,1179.7,1194.8,1230.0,1101.2,252075
NEOGEN,2026-04-10,1185.0,1365.5,1386.0,1161.3,401297
NEOGEN,2026-04-17,1330.0,1511.6,1581.5,1313.3,279066
NEOGEN,2026-04-24,1501.6,1634.5,1720.0,1475.1,1522441
NEOGEN,2026-05-01,1654.8,1637.5,1699.0,1611.0,162589
NEOGEN,2026-05-08,1650.0,1772.4,1883.0,1637.5,426353
NEOGEN,2026-05-15,1763.5,1664.8,1763.5,1619.7,214973
NEOGEN,2026-05-22,1690.0,1687.1,1748.9,1547.0,716565
NEOGEN,2026-05-29,1690.0,1858.1,1887.0,1683.1,626136
NEOGEN,2026-06-05,1880.0,1903.6,1960.3,1752.0,701133
NEOGEN,2026-06-12,1865.0,2033.7,2087.3,1865.0,797458
NEOGEN,2026-06-19,2080.0,1932.0,2090.0,1896.0,587734
NEOGEN,2026-06-26,1953.0,1874.8,1957.7,1862.4,179038
NEOGEN,2026-07-03,1874.8,1968.3,2047.8,1845.0,1043589
NEOGEN,2026-07-10,1968.3,2085.1,2106.0,1920.0,395825
NEOGEN,2026-07-17,2084.1,2175.6,2374.0,2040.0,958486
NESCO,2026-01-23,1157.0,1144.2,1200.1,1105.2,300970
NESCO,2026-01-30,1152.2,1139.6,1152.2,1075.0,238398
NESCO,2026-02-06,1093.0,1136.5,1178.2,1093.0,229525
NESCO,2026-02-13,1135.0,1187.0,1245.0,1133.2,307473
NESCO,2026-02-20,1165.0,1142.7,1198.0,1119.8,199424
NESCO,2026-02-27,1142.1,1123.6,1157.9,1101.2,219663
NESCO,2026-03-06,1102.1,1085.0,1121.9,1058.5,263845
NESCO,2026-03-13,1069.0,1021.6,1095.5,1005.5,203680
NESCO,2026-03-20,1026.5,1055.4,1074.0,1005.0,275984
NESCO,2026-03-27,1040.0,1021.3,1090.0,1000.1,325884
NESCO,2026-04-03,998.1,1068.1,1075.0,996.0,180333
NESCO,2026-04-10,1068.1,1147.8,1155.0,1048.9,201155
NESCO,2026-04-17,1130.0,1208.4,1217.0,1106.5,259726
NESCO,2026-04-24,1218.0,1168.6,1220.0,1161.0,165096
NESCO,2026-05-01,1171.0,1227.7,1256.0,1171.0,226272
NESCO,2026-05-08,1233.0,1311.3,1323.9,1231.0,314867
NESCO,2026-05-15,1291.0,1230.4,1297.6,1213.1,197080
NESCO,2026-05-22,1211.8,1241.4,1283.0,1189.9,188809
NESCO,2026-05-29,1250.0,1173.6,1280.0,1165.0,209826
NESCO,2026-06-05,1173.7,1112.6,1200.0,1110.1,232356
NESCO,2026-06-12,1102.1,1089.8,1107.5,1067.0,345711
NESCO,2026-06-19,1095.0,1138.0,1144.0,1087.2,234571
NESCO,2026-06-26,1145.0,1087.8,1147.9,1083.3,146551
NESCO,2026-07-03,1091.6,1125.1,1145.0,1070.3,367032
NESCO,2026-07-10,1128.0,1099.0,1180.8,1084.4,578261
NESCO,2026-07-17,1108.0,1094.0,1108.0,1071.2,219444
NESTLEIND,2026-01-23,1306.0,1293.8,1320.3,1271.3,4825856
NESTLEIND,2026-01-30,1300.0,1332.4,1339.6,1262.3,8543542
NESTLEIND,2026-02-06,1297.5,1303.3,1340.4,1273.9,5053149
NESTLEIND,2026-02-13,1301.0,1282.6,1324.9,1278.0,3651392
NESTLEIND,2026-02-20,1276.7,1293.8,1303.4,1271.9,2711948
NESTLEIND,2026-02-27,1299.0,1291.7,1334.8,1286.0,5125000
NESTLEIND,2026-03-06,1261.9,1252.4,1288.0,1222.7,4040381
NESTLEIND,2026-03-13,1227.0,1202.2,1249.5,1200.6,7281352
NESTLEIND,2026-03-20,1200.0,1193.6,1225.0,1177.6,6139389
NESTLEIND,2026-03-27,1189.0,1193.2,1217.8,1163.2,4955167
NESTLEIND,2026-04-03,1185.0,1191.3,1200.0,1159.4,5009150
NESTLEIND,2026-04-10,1190.0,1249.3,1252.3,1179.0,7151224
NESTLEIND,2026-04-17,1239.3,1285.6,1292.0,1222.1,5703632
NESTLEIND,2026-04-24,1294.0,1421.3,1430.9,1274.6,24848877
NESTLEIND,2026-05-01,1429.0,1458.6,1470.0,1401.0,10786483
NESTLEIND,2026-05-08,1460.0,1482.4,1496.3,1446.3,10086694
NESTLEIND,2026-05-15,1475.3,1430.5,1498.1,1427.5,9126187
NESTLEIND,2026-05-22,1430.5,1423.1,1454.5,1398.5,8615086
NESTLEIND,2026-05-29,1430.0,1421.5,1444.1,1408.5,16462618
NESTLEIND,2026-06-05,1424.5,1386.2,1434.9,1368.1,7565944
NESTLEIND,2026-06-12,1375.0,1375.7,1454.9,1370.6,8613852
NESTLEIND,2026-06-19,1410.0,1414.8,1420.0,1371.5,8560055
NESTLEIND,2026-06-26,1422.8,1402.6,1430.7,1380.6,6564867
NESTLEIND,2026-07-03,1424.0,1459.8,1463.7,1381.5,12560846
NESTLEIND,2026-07-10,1457.1,1455.2,1482.9,1441.7,7757098
NESTLEIND,2026-07-17,1452.3,1427.2,1452.3,1405.1,7951410
NETWEB,2026-01-23,3710.0,3100.1,3753.0,3060.0,11609419
NETWEB,2026-01-30,3118.7,3144.7,3305.0,3006.1,3701529
NETWEB,2026-02-06,3332.5,3119.2,3480.0,3051.0,6207258
NETWEB,2026-02-13,3140.0,3097.3,3273.7,3015.0,7672384
NETWEB,2026-02-20,3094.0,3636.5,3751.0,3043.0,24834121
NETWEB,2026-02-27,3657.0,3861.4,3994.4,3450.0,19222104
NETWEB,2026-03-06,3716.0,3222.3,3945.0,3128.0,16046139
NETWEB,2026-03-13,3100.0,3176.0,3409.9,3030.1,9148054
NETWEB,2026-03-20,3170.0,3284.4,3380.0,3135.1,5183665
NETWEB,2026-03-27,3245.0,3180.1,3300.9,3061.9,3988691
NETWEB,2026-04-03,3122.6,3155.0,3227.2,3043.3,2158394
NETWEB,2026-04-10,3155.0,3346.2,3448.0,3115.6,4231004
NETWEB,2026-04-17,3287.0,3809.0,3868.9,3233.3,8636567
NETWEB,2026-04-24,3818.0,3824.8,4117.0,3724.9,8564546
NETWEB,2026-05-01,3880.0,4064.8,4174.8,3880.0,6010143
NETWEB,2026-05-08,4090.0,4422.2,4492.0,3760.0,11914080
NETWEB,2026-05-15,4413.1,3840.5,4489.0,3775.0,5770252
NETWEB,2026-05-22,3804.3,3851.3,4044.0,3671.1,4739696
NETWEB,2026-05-29,3880.4,4670.7,4760.0,3792.9,13851404
NETWEB,2026-06-05,4691.8,4666.0,4965.0,4536.0,16148565
NETWEB,2026-06-12,4480.1,4587.4,4610.0,4050.0,14021254
NETWEB,2026-06-19,4700.0,5060.9,5244.0,4550.0,13339588
NETWEB,2026-06-26,5100.0,4943.8,5175.0,4901.0,4929661
NETWEB,2026-07-03,4900.0,4427.4,4940.0,4386.0,7760617
NETWEB,2026-07-10,4424.9,4305.0,4454.8,4153.0,4454452
NETWEB,2026-07-17,4250.1,4244.3,4495.0,4212.0,4073443
NEULANDLAB,2026-01-23,14000.0,13251.0,14035.0,12990.0,211025
NEULANDLAB,2026-01-30,13251.0,13251.0,13455.0,12447.0,161480
NEULANDLAB,2026-02-06,13538.0,13030.0,13893.0,12875.0,121355
NEULANDLAB,2026-02-13,13229.0,13056.0,14170.0,12770.0,385913
NEULANDLAB,2026-02-20,13056.0,12638.0,14000.0,12552.0,222589
NEULANDLAB,2026-02-27,12800.0,12825.0,13790.0,12714.0,412637
NEULANDLAB,2026-03-06,12594.0,13034.0,13150.0,12552.0,103392
NEULANDLAB,2026-03-13,12999.0,12152.0,13139.0,12013.0,171988
NEULANDLAB,2026-03-20,12152.0,11995.0,12552.0,11897.0,136246
NEULANDLAB,2026-03-27,11801.0,12067.0,12431.0,11500.0,135329
NEULANDLAB,2026-04-03,11980.0,12433.0,12783.0,11750.0,88238
NEULANDLAB,2026-04-10,12587.0,14951.0,15094.0,12349.0,403079
NEULANDLAB,2026-04-17,14611.0,15295.0,15414.0,14434.0,142045
NEULANDLAB,2026-04-24,15298.0,14405.0,15491.0,14283.0,139035
NEULANDLAB,2026-05-01,14449.0,15003.0,15040.0,14307.0,93703
NEULANDLAB,2026-05-08,15100.0,17666.0,17765.0,15100.0,532782
NEULANDLAB,2026-05-15,17768.0,16590.0,18305.0,15900.0,849650
NEULANDLAB,2026-05-22,16590.0,16693.0,17250.0,16244.0,213844
NEULANDLAB,2026-05-29,16785.0,17088.0,17399.0,16650.0,186199
NEULANDLAB,2026-06-05,17102.0,16811.0,17684.0,16705.0,188288
NEULANDLAB,2026-06-12,16794.0,17198.0,17400.0,16401.0,166401
NEULANDLAB,2026-06-19,17450.0,17345.0,17572.0,16560.0,150664
NEULANDLAB,2026-06-26,17366.0,17961.0,18730.0,17011.0,364482
NEULANDLAB,2026-07-03,18000.0,18944.0,19200.0,17944.0,273906
NEULANDLAB,2026-07-10,18950.0,19506.0,20089.0,18520.0,260500
NEULANDLAB,2026-07-17,18629.0,18434.0,19558.0,18055.0,133770
NEWGEN,2026-01-23,749.9,624.25,749.9,617.55,13388068
NEWGEN,2026-01-30,626.0,582.0,626.0,571.45,1948484
NEWGEN,2026-02-06,572.0,530.95,594.95,526.55,3076405
NEWGEN,2026-02-13,538.75,479.6,574.4,475.8,6385399
NEWGEN,2026-02-20,478.95,556.9,637.5,458.65,155986610
NEWGEN,2026-02-27,558.4,508.75,578.0,495.0,44412491
NEWGEN,2026-03-06,478.75,465.5,502.35,460.1,10659594
NEWGEN,2026-03-13,456.0,441.9,472.9,436.9,6170995
NEWGEN,2026-03-20,446.0,440.6,469.85,434.5,11584237
NEWGEN,2026-03-27,435.0,422.0,449.3,415.0,5060432
NEWGEN,2026-04-03,416.0,440.35,443.7,401.05,3410502
NEWGEN,2026-04-10,440.65,447.95,465.0,431.75,5070512
NEWGEN,2026-04-17,442.95,483.5,489.0,431.35,7255825
NEWGEN,2026-04-24,484.0,462.75,485.95,461.15,3651330
NEWGEN,2026-05-01,465.5,505.75,534.0,465.5,18475458
NEWGEN,2026-05-08,509.0,504.85,514.0,482.25,5169541
NEWGEN,2026-05-15,502.75,472.3,509.25,450.55,5871444
NEWGEN,2026-05-22,469.05,437.6,477.45,436.15,2975915
NEWGEN,2026-05-29,441.9,442.7,451.95,432.9,2432573
NEWGEN,2026-06-05,443.8,489.05,538.0,435.0,57691876
NEWGEN,2026-06-12,480.0,464.25,499.3,452.9,4425740
NEWGEN,2026-06-19,475.0,481.95,514.9,465.85,13592399
NEWGEN,2026-06-26,486.5,473.1,490.8,469.0,2000097
NEWGEN,2026-07-03,473.55,481.9,492.0,465.0,3942546
NEWGEN,2026-07-10,482.4,517.2,542.9,461.25,31543613
NEWGEN,2026-07-17,511.95,547.55,607.0,507.05,67427421
NGLFINE,2026-01-23,1500.0,1526.5,1634.8,1470.1,19809
NGLFINE,2026-01-30,1510.0,1677.3,1800.0,1510.0,20141
NGLFINE,2026-02-06,1730.0,2190.4,2575.0,1659.2,141740
NGLFINE,2026-02-13,2220.0,2277.4,2420.0,2172.1,33578
NGLFINE,2026-02-20,2300.0,2346.4,2449.9,2185.2,39973
NGLFINE,2026-02-27,2398.0,2301.2,2398.0,2206.8,12904
NGLFINE,2026-03-06,2232.0,2404.9,2499.0,2196.5,36125
NGLFINE,2026-03-13,2363.0,2150.2,2575.0,2115.4,34350
NGLFINE,2026-03-20,2117.9,2183.8,2323.9,2117.9,18245
NGLFINE,2026-03-27,2180.0,2121.7,2429.9,2007.0,23642
NGLFINE,2026-04-03,2149.1,2132.6,2194.9,1998.1,21798
NGLFINE,2026-04-10,2128.6,2331.2,2495.0,2100.4,29833
NGLFINE,2026-04-17,2286.9,2226.6,2445.0,2200.0,32977
NGLFINE,2026-04-24,2226.6,2235.9,2425.0,2195.3,29803
NGLFINE,2026-05-01,2269.3,2214.5,2417.8,2160.0,28838
NGLFINE,2026-05-08,2202.0,2340.7,2767.9,2159.0,125246
NGLFINE,2026-05-15,2333.6,2350.5,2450.0,2106.1,58520
NGLFINE,2026-05-22,2369.3,2735.8,2879.8,2174.4,138771
NGLFINE,2026-05-29,2900.0,2785.1,3005.0,2636.0,162391
NGLFINE,2026-06-05,2834.4,2742.6,2970.0,2550.0,97192
NGLFINE,2026-06-12,2718.0,3048.8,3144.0,2566.5,176946
NGLFINE,2026-06-19,3186.0,3055.6,3200.0,2830.0,166246
NGLFINE,2026-06-26,3041.1,2989.9,3232.0,2925.2,59712
NGLFINE,2026-07-03,2978.8,3206.0,3260.0,2900.0,52011
NGLFINE,2026-07-10,3230.0,3193.6,3329.0,3027.1,71544
NGLFINE,2026-07-17,3155.4,3131.9,3198.0,3054.1,20246
NH,2026-01-23,1902.3,1746.7,1913.5,1736.6,1377378
NH,2026-01-30,1755.3,1767.9,1779.4,1705.1,1056429
NH,2026-02-06,1792.9,1715.3,1809.9,1688.3,1474334
NH,2026-02-13,1725.0,1819.8,1900.0,1714.9,1899031
NH,2026-02-20,1787.0,1827.0,1858.0,1772.8,1135713
NH,2026-02-27,1850.0,1830.9,1879.9,1805.0,1519561
NH,2026-03-06,1789.8,1755.3,1823.9,1720.1,989704
NH,2026-03-13,1737.9,1668.8,1779.8,1660.0,1806731
NH,2026-03-20,1660.0,1652.2,1708.0,1613.0,1390413
NH,2026-03-27,1644.0,1635.5,1721.8,1600.3,1906102
NH,2026-04-03,1605.0,1625.0,1652.0,1589.0,978338
NH,2026-04-10,1625.0,1754.9,1768.8,1609.0,1123222
NH,2026-04-17,1725.0,1826.1,1829.8,1703.0,1105920
NH,2026-04-24,1827.3,1768.3,1838.0,1762.0,835335
NH,2026-05-01,1770.5,1766.6,1812.0,1747.0,812594
NH,2026-05-08,1768.0,1820.3,1884.0,1741.2,2279411
NH,2026-05-15,1820.0,1841.1,1904.4,1801.7,1693263
NH,2026-05-22,1839.0,1855.6,1938.8,1808.2,1892935
NH,2026-05-29,1930.0,1894.0,1968.0,1868.0,2853703
NH,2026-06-05,1912.5,1969.2,2002.3,1875.0,1528792
NH,2026-06-12,1945.0,1893.9,1982.9,1850.0,1489493
NH,2026-06-19,1910.0,1878.7,1918.2,1833.6,1415719
NH,2026-06-26,1881.7,1956.8,1988.0,1863.5,1074402
NH,2026-07-03,1962.9,2002.8,2049.5,1888.0,2352834
NH,2026-07-10,2003.9,2027.3,2032.7,1957.0,1052631
NH,2026-07-17,2025.0,2029.5,2045.0,1995.0,784482
NIACL,2026-01-23,150.0,143.42,150.0,140.5,1426131
NIACL,2026-01-30,143.59,148.91,151.39,140.8,1094418
NIACL,2026-02-06,148.0,149.7,153.2,142.2,2829557
NIACL,2026-02-13,150.51,150.48,162.39,149.31,4203036
NIACL,2026-02-20,150.35,149.85,155.4,149.0,1487440
NIACL,2026-02-27,150.75,147.3,152.77,146.01,1334057
NIACL,2026-03-06,142.0,138.62,144.0,136.3,1762522
NIACL,2026-03-13,137.3,134.61,139.59,131.9,2108154
NIACL,2026-03-20,134.26,132.51,136.8,129.4,2764763
NIACL,2026-03-27,131.55,121.81,131.55,121.2,3980067
NIACL,2026-04-03,120.0,123.23,124.55,116.97,1733197
NIACL,2026-04-10,123.5,155.71,155.92,121.3,78379891
NIACL,2026-04-17,150.0,167.34,180.4,148.7,64045336
NIACL,2026-04-24,166.54,163.95,175.0,161.4,9768112
NIACL,2026-05-01,165.3,160.6,167.25,157.2,3269329
NIACL,2026-05-08,161.0,164.1,166.32,159.8,3590010
NIACL,2026-05-15,163.21,165.02,170.98,154.0,8815850
NIACL,2026-05-22,163.5,164.64,169.6,158.05,3926463
NIACL,2026-05-29,165.0,157.42,168.5,156.56,2674152
NIACL,2026-06-05,157.75,151.51,159.74,145.5,5000536
NIACL,2026-06-12,149.0,152.8,153.5,146.41,1887996
NIACL,2026-06-19,154.9,202.31,206.6,154.5,211050039
NIACL,2026-06-26,205.5,184.63,218.0,183.26,113710678
NIACL,2026-07-03,184.25,185.82,194.34,175.6,22716997
NIACL,2026-07-10,187.0,183.92,189.5,178.0,6448007
NIACL,2026-07-17,176.5,174.82,185.0,174.1,3902292
NITCO,2026-01-23,89.0,80.62,89.7,78.2,1980241
NITCO,2026-01-30,81.47,82.99,84.47,77.46,1455270
NITCO,2026-02-06,79.81,83.06,88.98,76.8,1168653
NITCO,2026-02-13,83.07,80.48,88.88,80.0,861611
NITCO,2026-02-20,81.7,78.84,81.89,75.1,705929
NITCO,2026-02-27,79.0,74.77,83.0,74.3,1140500
NITCO,2026-03-06,72.25,70.53,74.19,66.99,1019354
NITCO,2026-03-13,69.5,64.95,71.99,64.0,1893954
NITCO,2026-03-20,65.28,81.38,85.92,64.31,7889152
NITCO,2026-03-27,80.16,88.46,90.36,74.31,4359362
NITCO,2026-04-03,87.0,85.42,90.88,81.97,2928515
NITCO,2026-04-10,85.0,85.7,89.7,81.7,4197438
NITCO,2026-04-17,84.0,90.65,93.5,83.2,7272496
NITCO,2026-04-24,90.6,87.93,94.36,87.6,1715082
NITCO,2026-05-01,89.21,88.27,92.2,85.33,2015917
NITCO,2026-05-08,88.5,107.52,110.0,87.0,13075667
NITCO,2026-05-15,107.6,96.23,110.05,95.15,4574351
NITCO,2026-05-22,94.01,96.27,101.99,92.0,2194927
NITCO,2026-05-29,97.9,98.35,102.5,94.24,1643048
NITCO,2026-06-05,99.14,92.17,100.57,89.0,5051650
NITCO,2026-06-12,90.17,98.41,101.5,90.16,4722418
NITCO,2026-06-19,101.89,113.74,114.44,93.52,29805467
NITCO,2026-06-26,114.9,108.25,117.94,107.67,7353841
NITCO,2026-07-03,106.1,116.39,119.4,105.01,6391128
NITCO,2026-07-10,117.34,106.52,117.62,105.1,3006393
NITCO,2026-07-17,106.0,110.86,114.0,102.63,3953883
NITINSPIN,2026-01-23,324.0,317.55,324.65,302.2,218947
NITINSPIN,2026-01-30,318.05,330.0,349.0,315.25,343208
NITINSPIN,2026-02-06,318.25,340.25,374.0,316.0,795197
NITINSPIN,2026-02-13,354.45,335.15,362.0,324.0,835311
NITINSPIN,2026-02-20,333.45,383.2,426.8,329.6,31054742
NITINSPIN,2026-02-27,382.75,379.55,409.15,375.4,7048438
NITINSPIN,2026-03-06,375.0,373.2,382.95,360.0,817491
NITINSPIN,2026-03-13,366.1,360.05,368.0,347.55,474895
NITINSPIN,2026-03-20,358.0,368.5,381.2,349.5,451539
NITINSPIN,2026-03-27,361.15,359.6,379.8,350.0,593996
NITINSPIN,2026-04-03,356.5,377.2,381.15,340.45,383695
NITINSPIN,2026-04-10,373.0,396.05,399.9,367.1,703662
NITINSPIN,2026-04-17,382.0,421.45,425.0,382.0,846293
NITINSPIN,2026-04-24,425.0,412.45,431.25,400.1,455954
NITINSPIN,2026-05-01,424.0,461.9,475.0,419.45,1335737
NITINSPIN,2026-05-08,461.0,480.7,515.9,461.0,1777097
NITINSPIN,2026-05-15,482.0,499.4,544.95,469.85,2357955
NITINSPIN,2026-05-22,492.0,499.5,527.8,479.95,763357
NITINSPIN,2026-05-29,507.55,489.35,510.0,480.65,529011
NITINSPIN,2026-06-05,504.2,535.8,564.7,495.5,1430189
NITINSPIN,2026-06-12,525.25,559.35,562.5,520.1,821418
NITINSPIN,2026-06-19,571.0,568.7,573.9,542.3,542247
NITINSPIN,2026-06-26,570.0,550.4,573.9,542.95,474913
NITINSPIN,2026-07-03,544.55,563.55,580.5,541.5,547184
NITINSPIN,2026-07-10,563.0,543.2,569.9,533.35,360807
NITINSPIN,2026-07-17,546.0,550.35,574.45,539.0,421260
NOVARTIND,2026-04-17,672.25,672.25,672.25,672.25,0
NOVARTIND,2026-04-24,991.0,962.0,1019.95,950.0,37124
NOVARTIND,2026-05-01,962.0,1030.5,1059.9,950.5,70319
NOVARTIND,2026-05-08,1030.0,1112.5,1125.0,1013.0,73286
NOVARTIND,2026-05-15,1120.0,1209.4,1275.0,1095.0,499540
NOVARTIND,2026-05-22,1190.0,1365.3,1407.0,1165.1,217552
NOVARTIND,2026-05-29,1335.0,1556.6,1575.0,1322.0,198762
NOVARTIND,2026-06-05,1575.0,1391.1,1589.2,1272.1,147264
NOVARTIND,2026-06-12,1384.1,1301.6,1428.0,1285.5,64830
NOVARTIND,2026-06-19,1303.0,1388.9,1395.0,1281.0,64507
NOVARTIND,2026-06-26,1395.0,1434.9,1554.0,1388.9,177107
NOVARTIND,2026-07-03,1421.6,1469.4,1538.6,1421.1,56762
NOVARTIND,2026-07-10,1480.0,1494.6,1515.0,1440.0,84347
NOVARTIND,2026-07-17,1509.0,1570.1,1723.0,1500.3,597160
NRBBEARING,2026-01-23,252.85,236.55,252.85,230.0,1256802
NRBBEARING,2026-01-30,234.2,255.4,258.0,234.0,924354
NRBBEARING,2026-02-06,250.0,274.8,278.4,244.0,857498
NRBBEARING,2026-02-13,277.65,282.5,297.1,274.3,1768538
NRBBEARING,2026-02-20,282.65,278.05,290.65,276.05,441226
NRBBEARING,2026-02-27,278.6,271.05,283.45,268.15,321287
NRBBEARING,2026-03-06,262.25,261.05,276.2,254.55,771039
NRBBEARING,2026-03-13,255.8,253.9,278.8,247.65,754501
NRBBEARING,2026-03-20,251.4,242.6,261.8,240.15,599261
NRBBEARING,2026-03-27,242.0,227.65,243.0,225.5,1142233
NRBBEARING,2026-04-03,227.65,234.5,240.0,212.55,824159
NRBBEARING,2026-04-10,237.0,257.41,259.79,232.15,477382
NRBBEARING,2026-04-17,252.0,295.06,308.0,247.5,2440175
NRBBEARING,2026-04-24,294.3,282.62,304.55,279.48,564606
NRBBEARING,2026-05-01,282.0,284.02,291.99,280.41,280784
NRBBEARING,2026-05-08,289.0,318.0,350.0,285.0,7441744
NRBBEARING,2026-05-15,323.8,346.9,356.95,318.0,8420450
NRBBEARING,2026-05-22,348.4,373.9,379.0,340.0,3910467
NRBBEARING,2026-05-29,379.0,370.0,390.0,367.95,2176900
NRBBEARING,2026-06-05,374.0,385.65,391.7,349.45,2390036
NRBBEARING,2026-06-12,387.6,425.85,455.8,387.55,26898850
NRBBEARING,2026-06-19,438.0,428.25,444.0,412.6,1844459
NRBBEARING,2026-06-26,438.5,429.2,443.45,421.35,1376227
NRBBEARING,2026-07-03,432.0,423.15,467.6,401.55,6651394
NRBBEARING,2026-07-10,425.0,428.95,443.1,416.6,1945242
NRBBEARING,2026-07-17,430.0,407.4,438.95,398.0,1396797
NUVAMA,2026-01-23,1468.0,1332.6,1489.0,1324.6,2357438
NUVAMA,2026-01-30,1310.3,1345.4,1355.4,1234.0,3148514
NUVAMA,2026-02-06,1230.3,1354.0,1396.5,1223.0,2013787
NUVAMA,2026-02-13,1375.0,1299.7,1406.3,1280.7,1786578
NUVAMA,2026-02-20,1259.6,1289.8,1324.1,1235.4,2232937
NUVAMA,2026-02-27,1298.6,1244.9,1300.0,1231.0,1507917
NUVAMA,2026-03-06,1188.8,1225.1,1264.6,1178.1,1807606
NUVAMA,2026-03-13,1200.0,1158.6,1246.8,1152.0,1208569
NUVAMA,2026-03-20,1150.0,1147.5,1195.0,1136.8,1732511
NUVAMA,2026-03-27,1140.0,1195.4,1212.0,1096.9,2398191
NUVAMA,2026-04-03,1195.4,1142.6,1200.2,1109.5,1899862
NUVAMA,2026-04-10,1150.0,1306.5,1327.9,1125.7,1954902
NUVAMA,2026-04-17,1292.0,1400.7,1410.0,1259.9,1302588
NUVAMA,2026-04-24,1406.9,1346.0,1415.0,1335.0,1740326
NUVAMA,2026-05-01,1350.0,1326.5,1392.0,1313.1,1231279
NUVAMA,2026-05-08,1335.7,1631.5,1647.9,1316.0,8889389
NUVAMA,2026-05-15,1626.0,1458.5,1635.6,1453.7,3075862
NUVAMA,2026-05-22,1448.0,1480.9,1514.9,1417.1,2412173
NUVAMA,2026-05-29,1480.1,1554.6,1577.3,1480.1,1909997
NUVAMA,2026-06-05,1567.7,1574.4,1595.0,1525.9,2598792
NUVAMA,2026-06-12,1556.0,1588.1,1600.0,1497.6,2201457
NUVAMA,2026-06-19,1625.1,1739.6,1779.0,1615.8,3353850
NUVAMA,2026-06-26,1739.6,1748.6,1779.9,1710.0,1689934
NUVAMA,2026-07-03,1731.1,1887.5,1955.0,1731.1,3839826
NUVAMA,2026-07-10,1878.2,1977.6,1993.7,1835.0,2268626
NUVAMA,2026-07-17,1950.1,1863.1,1981.6,1821.4,1617489
NYKAA,2026-01-23,252.75,234.7,256.65,233.85,21715027
NYKAA,2026-01-30,235.0,237.5,239.0,232.0,26164219
NYKAA,2026-02-06,239.99,276.99,278.5,234.09,84975645
NYKAA,2026-02-13,277.0,270.95,285.6,269.88,52014670
NYKAA,2026-02-20,270.95,265.58,277.39,263.99,17747050
NYKAA,2026-02-27,267.0,265.48,269.9,257.53,21628747
NYKAA,2026-03-06,257.2,254.8,264.15,250.0,13478262
NYKAA,2026-03-13,250.0,238.15,259.4,235.05,22634880
NYKAA,2026-03-20,236.65,240.6,245.5,233.2,26268922
NYKAA,2026-03-27,235.0,239.65,248.0,232.9,19796030
NYKAA,2026-04-03,235.55,245.98,247.29,232.05,19967770
NYKAA,2026-04-10,246.3,259.49,260.44,243.31,28905089
NYKAA,2026-04-17,255.01,269.66,270.9,251.37,12732978
NYKAA,2026-04-24,271.77,262.79,272.5,258.2,24985020
NYKAA,2026-05-01,263.19,264.76,271.9,263.07,12978992
NYKAA,2026-05-08,267.8,272.8,279.25,260.75,16360406
NYKAA,2026-05-15,272.9,272.4,276.9,258.4,15442048
NYKAA,2026-05-22,272.9,277.25,285.6,265.85,46934630
NYKAA,2026-05-29,280.1,262.3,281.0,259.05,40411708
NYKAA,2026-06-05,262.65,262.3,270.4,259.65,20710799
NYKAA,2026-06-12,259.0,273.5,275.65,257.8,37950630
NYKAA,2026-06-19,276.45,302.3,303.75,270.25,69810471
NYKAA,2026-06-26,302.0,301.35,309.75,300.35,29093107
NYKAA,2026-07-03,301.3,310.3,316.9,300.15,54919135
NYKAA,2026-07-10,313.6,330.1,330.95,311.0,46822780
NYKAA,2026-07-17,328.45,323.05,332.15,320.4,27637699
OAL,2026-01-23,270.0,256.75,275.05,251.25,55612
OAL,2026-01-30,251.0,287.4,308.1,251.0,263135
OAL,2026-02-06,284.7,289.0,295.05,277.15,29687
OAL,2026-02-13,289.85,298.1,329.0,288.05,132816
OAL,2026-02-20,294.0,282.2,296.45,277.75,125225
OAL,2026-02-27,288.7,275.3,288.7,271.5,92212
OAL,2026-03-06,271.15,247.1,273.75,242.35,90590
OAL,2026-03-13,245.0,248.55,264.95,241.75,219705
OAL,2026-03-20,246.4,252.65,261.9,239.0,94889
OAL,2026-03-27,248.0,235.4,253.0,232.0,167115
OAL,2026-04-03,235.4,245.13,249.0,228.0,38506
OAL,2026-04-10,242.15,270.37,274.0,240.0,88573
OAL,2026-04-17,268.0,312.07,340.32,266.01,622384
OAL,2026-04-24,310.0,311.64,327.19,297.0,152293
OAL,2026-05-01,306.5,310.19,319.0,303.54,29964
OAL,2026-05-08,314.7,316.8,324.0,300.1,106474
OAL,2026-05-15,315.4,304.35,320.95,290.0,80478
OAL,2026-05-22,301.05,310.45,321.6,294.6,65973
OAL,2026-05-29,317.9,327.85,338.05,309.1,98788
OAL,2026-06-05,316.0,318.55,329.0,301.0,63511
OAL,2026-06-12,324.0,327.0,350.0,312.25,110009
OAL,2026-06-19,333.0,343.3,352.4,330.55,107074
OAL,2026-06-26,340.0,323.95,349.05,319.15,64723
OAL,2026-07-03,327.0,315.15,334.5,301.6,140759
OAL,2026-07-10,315.0,345.15,373.1,309.9,395315
OAL,2026-07-17,345.15,358.75,372.05,336.55,126000
OBEROIRLTY,2026-01-23,1660.0,1453.9,1670.8,1442.0,8705895
OBEROIRLTY,2026-01-30,1454.8,1490.9,1506.0,1425.5,3256824
OBEROIRLTY,2026-02-06,1450.0,1532.6,1558.8,1429.0,3686320
OBEROIRLTY,2026-02-13,1552.0,1547.6,1582.8,1515.3,1527519
OBEROIRLTY,2026-02-20,1544.8,1523.2,1568.4,1494.0,1510108
OBEROIRLTY,2026-02-27,1530.0,1522.8,1553.7,1492.9,2085979
OBEROIRLTY,2026-03-06,1490.0,1474.6,1511.1,1429.0,2906294
OBEROIRLTY,2026-03-13,1455.1,1452.1,1516.8,1430.0,2458440
OBEROIRLTY,2026-03-20,1464.1,1445.8,1484.8,1395.5,3942072
OBEROIRLTY,2026-03-27,1420.0,1457.0,1507.0,1391.2,2586632
OBEROIRLTY,2026-04-03,1436.0,1506.9,1513.2,1408.0,3066705
OBEROIRLTY,2026-04-10,1506.9,1671.7,1707.0,1483.4,3511356
OBEROIRLTY,2026-04-17,1620.5,1710.6,1740.1,1605.9,3012314
OBEROIRLTY,2026-04-24,1717.6,1687.0,1754.0,1681.1,3215803
OBEROIRLTY,2026-05-01,1697.0,1669.6,1735.0,1658.1,2055464
OBEROIRLTY,2026-05-08,1669.0,1703.0,1715.0,1655.6,1423267
OBEROIRLTY,2026-05-15,1712.8,1617.2,1712.8,1599.4,2292351
OBEROIRLTY,2026-05-22,1610.0,1659.6,1682.2,1571.0,1478053
OBEROIRLTY,2026-05-29,1671.1,1707.1,1744.0,1671.0,2786954
OBEROIRLTY,2026-06-05,1707.2,1633.4,1711.6,1615.6,1398150
OBEROIRLTY,2026-06-12,1617.0,1622.8,1640.3,1575.1,1368789
OBEROIRLTY,2026-06-19,1671.0,1683.5,1713.0,1650.0,3104514
OBEROIRLTY,2026-06-26,1690.0,1749.2,1784.0,1675.4,2926191
OBEROIRLTY,2026-07-03,1751.0,1934.4,1944.3,1739.3,4227187
OBEROIRLTY,2026-07-10,1960.5,1924.8,1986.1,1820.7,5558646
OBEROIRLTY,2026-07-17,1905.2,1894.8,1947.9,1855.7,2643006
OFSS,2026-01-23,7965.0,7956.0,8044.0,7538.5,978757
OFSS,2026-01-30,7979.0,7760.0,8089.5,7688.0,444698
OFSS,2026-02-06,7850.0,7264.0,8015.5,7145.0,763826
OFSS,2026-02-13,7398.0,6639.0,7399.0,6400.0,1086101
OFSS,2026-02-20,6639.0,6642.5,6912.0,6593.0,753838
OFSS,2026-02-27,6645.0,6932.0,6985.0,6399.5,996893
OFSS,2026-03-06,6755.0,6718.0,6980.5,6690.0,423678
OFSS,2026-03-13,6650.0,6526.0,6995.5,6500.0,559244
OFSS,2026-03-20,6516.0,6580.0,6675.0,6234.5,923473
OFSS,2026-03-27,6490.0,6947.0,7062.0,6401.0,1435856
OFSS,2026-04-03,6810.5,6992.5,7023.0,6681.0,585673
OFSS,2026-04-10,6999.5,7253.5,7335.0,6943.0,711233
OFSS,2026-04-17,7200.5,7992.5,8020.0,7077.0,647424
OFSS,2026-04-24,8063.5,8949.0,9013.5,7837.0,4162492
OFSS,2026-05-01,9050.0,9726.5,9825.0,9010.0,2269524
OFSS,2026-05-08,9885.5,9345.5,9898.0,9301.0,1352403
OFSS,2026-05-15,9395.0,9015.0,9401.5,8646.5,886294
OFSS,2026-05-22,9015.0,9525.0,9999.0,8949.5,1422882
OFSS,2026-05-29,9530.0,9964.0,10584.5,9500.0,1576313
OFSS,2026-06-05,10069.0,9936.5,10475.5,9775.0,1600626
OFSS,2026-06-12,9800.0,9327.5,10000.0,9050.0,1096114
OFSS,2026-06-19,9500.0,9638.5,9695.0,9127.5,890398
OFSS,2026-06-26,9700.0,10974.5,11035.0,9614.0,2331758
OFSS,2026-07-03,10974.5,11248.0,11279.0,10550.0,1707681
OFSS,2026-07-10,11260.0,11651.0,11685.0,10780.0,1162712
OFSS,2026-07-17,11625.0,11771.0,11958.0,11337.0,1521063
OLECTRA,2026-01-23,1100.0,989.4,1106.4,985.0,2393981
OLECTRA,2026-01-30,989.4,1084.6,1093.7,965.1,2629520
OLECTRA,2026-02-06,1069.7,1022.3,1133.0,1015.0,1963812
OLECTRA,2026-02-13,1029.9,1020.9,1082.5,1009.5,1368319
OLECTRA,2026-02-20,1013.0,1014.5,1041.1,1000.2,1000240
OLECTRA,2026-02-27,1015.0,997.1,1061.5,988.9,2957316
OLECTRA,2026-03-06,935.05,907.9,982.55,901.3,1867398
OLECTRA,2026-03-13,899.0,880.45,952.95,874.1,2404174
OLECTRA,2026-03-20,885.0,1097.4,1129.9,866.6,20285267
OLECTRA,2026-03-27,1080.0,1025.75,1114.0,1012.0,8102009
OLECTRA,2026-04-03,1000.0,1020.1,1048.9,963.2,2496104
OLECTRA,2026-04-10,1028.7,1184.25,1230.0,1006.0,7123818
OLECTRA,2026-04-17,1182.0,1225.15,1255.85,1173.55,5598346
OLECTRA,2026-04-24,1228.0,1202.8,1253.9,1189.5,3068175
OLECTRA,2026-05-01,1212.0,1245.6,1307.0,1208.8,4013464
OLECTRA,2026-05-08,1245.9,1340.7,1397.9,1230.5,5166143
OLECTRA,2026-05-15,1355.0,1237.7,1395.0,1231.5,4811253
OLECTRA,2026-05-22,1219.7,1207.7,1262.0,1175.0,2497822
OLECTRA,2026-05-29,1225.0,1180.0,1243.9,1166.4,1468086
OLECTRA,2026-06-05,1255.0,1290.8,1393.0,1219.4,10178261
OLECTRA,2026-06-12,1265.0,1296.0,1327.8,1235.0,2998300
OLECTRA,2026-06-19,1312.0,1520.3,1534.7,1257.2,10651544
OLECTRA,2026-06-26,1530.0,1493.4,1552.9,1450.4,3994532
OLECTRA,2026-07-03,1505.0,1490.0,1556.0,1451.6,5349820
OLECTRA,2026-07-10,1498.9,1423.6,1505.7,1380.0,3041633
OLECTRA,2026-07-17,1415.5,1346.7,1417.9,1341.0,1595913
ORIENTHOT,2026-01-23,113.7,101.5,113.7,101.01,936157
ORIENTHOT,2026-01-30,101.4,101.53,102.89,98.66,632234
ORIENTHOT,2026-02-06,100.89,105.53,110.41,99.54,886148
ORIENTHOT,2026-02-13,106.0,102.61,111.43,101.52,782093
ORIENTHOT,2026-02-20,102.2,100.78,106.79,100.11,1541656
ORIENTHOT,2026-02-27,101.13,101.49,103.0,98.51,1646635
ORIENTHOT,2026-03-06,98.0,93.01,101.13,92.1,780419
ORIENTHOT,2026-03-13,92.0,86.3,93.31,84.61,3307354
ORIENTHOT,2026-03-20,85.2,91.8,93.55,80.0,1674441
ORIENTHOT,2026-03-27,90.0,86.35,94.33,84.0,1292986
ORIENTHOT,2026-04-03,86.34,89.74,90.0,81.1,639999
ORIENTHOT,2026-04-10,90.0,98.22,101.0,88.94,907097
ORIENTHOT,2026-04-17,96.5,98.69,101.0,93.8,737782
ORIENTHOT,2026-04-24,99.02,95.73,100.88,95.04,911149
ORIENTHOT,2026-05-01,96.2,99.35,102.08,96.2,593995
ORIENTHOT,2026-05-08,99.35,108.05,110.64,94.07,3010672
ORIENTHOT,2026-05-15,107.0,101.1,107.0,96.74,573852
ORIENTHOT,2026-05-22,98.5,99.13,99.6,95.14,462633
ORIENTHOT,2026-05-29,100.0,95.54,103.0,94.4,788015
ORIENTHOT,2026-06-05,96.0,102.12,105.5,95.12,1045181
ORIENTHOT,2026-06-12,102.21,108.32,109.7,98.64,1563875
ORIENTHOT,2026-06-19,109.9,121.31,123.8,108.01,3651426
ORIENTHOT,2026-06-26,124.0,139.32,145.88,115.8,37283986
ORIENTHOT,2026-07-03,138.01,139.26,145.0,135.2,3467623
ORIENTHOT,2026-07-10,140.82,133.53,144.8,128.2,2096538
ORIENTHOT,2026-07-17,132.4,126.61,138.53,124.45,2960540
ORIENTTECH,2026-01-23,370.0,326.6,375.95,325.05,3562328
ORIENTTECH,2026-01-30,326.6,328.8,337.85,318.15,2019746
ORIENTTECH,2026-02-06,351.0,335.75,359.0,327.1,2325732
ORIENTTECH,2026-02-13,337.95,335.35,364.0,326.6,1918793
ORIENTTECH,2026-02-20,293.0,311.6,334.1,286.0,6156405
ORIENTTECH,2026-02-27,315.0,297.0,315.0,295.5,1350889
ORIENTTECH,2026-03-06,285.2,269.8,292.4,256.8,1800254
ORIENTTECH,2026-03-13,260.1,272.55,287.7,254.0,2566189
ORIENTTECH,2026-03-20,276.65,262.95,276.65,257.6,1164542
ORIENTTECH,2026-03-27,258.1,240.25,262.8,238.75,1021520
ORIENTTECH,2026-04-03,236.25,254.06,262.4,220.8,2528234
ORIENTTECH,2026-04-10,254.89,274.58,278.0,248.62,1358808
ORIENTTECH,2026-04-17,267.39,294.77,297.96,258.61,1241959
ORIENTTECH,2026-04-24,295.0,278.2,296.49,271.8,938793
ORIENTTECH,2026-05-01,282.74,272.98,289.95,271.0,569752
ORIENTTECH,2026-05-08,277.05,316.65,332.8,270.3,5107715
ORIENTTECH,2026-05-15,315.8,275.7,315.8,270.5,1333423
ORIENTTECH,2026-05-22,274.05,272.8,281.7,260.5,781332
ORIENTTECH,2026-05-29,278.0,266.75,296.0,265.0,1010539
ORIENTTECH,2026-06-05,264.1,263.05,273.8,261.25,602201
ORIENTTECH,2026-06-12,261.9,253.35,261.9,242.1,555051
ORIENTTECH,2026-06-19,257.0,254.7,265.8,252.3,539024
ORIENTTECH,2026-06-26,254.7,248.95,260.95,248.1,371897
ORIENTTECH,2026-07-03,248.8,264.17,277.8,242.82,8662720
ORIENTTECH,2026-07-10,262.8,251.96,262.8,245.5,499598
ORIENTTECH,2026-07-17,252.11,276.88,303.4,249.41,26225086
PAGEIND,2026-01-23,34335.0,32880.0,34565.0,31740.0,159539
PAGEIND,2026-01-30,33000.0,32995.0,33255.0,32135.0,88669
PAGEIND,2026-02-06,32840.0,35560.0,36295.0,32400.0,179699
PAGEIND,2026-02-13,35680.0,33530.0,35730.0,33300.0,141855
PAGEIND,2026-02-20,33550.0,32740.0,33950.0,32465.0,51628
PAGEIND,2026-02-27,32800.0,32110.0,33555.0,31740.0,146623
PAGEIND,2026-03-06,31000.0,31595.0,31825.0,30600.0,100719
PAGEIND,2026-03-13,30940.0,30285.0,32040.0,30010.0,92038
PAGEIND,2026-03-20,30280.0,32005.0,32500.0,29805.0,84491
PAGEIND,2026-03-27,31845.0,31805.0,33450.0,31130.0,99198
PAGEIND,2026-04-03,31505.0,33945.0,34080.0,31260.0,137245
PAGEIND,2026-04-10,33945.0,36055.0,36480.0,33745.0,147704
PAGEIND,2026-04-17,35700.0,37975.0,38275.0,35505.0,168315
PAGEIND,2026-04-24,37900.0,37665.0,38500.0,37270.0,155147
PAGEIND,2026-05-01,37765.0,36785.0,38190.0,36230.0,75145
PAGEIND,2026-05-08,36915.0,37365.0,37740.0,36735.0,66029
PAGEIND,2026-05-15,37220.0,36820.0,37305.0,34720.0,70469
PAGEIND,2026-05-22,36640.0,39455.0,40490.0,36210.0,309899
PAGEIND,2026-05-29,39495.0,38195.0,40140.0,37630.0,144645
PAGEIND,2026-06-05,38100.0,38345.0,39090.0,36585.0,127100
PAGEIND,2026-06-12,38290.0,38625.0,39370.0,37545.0,89348
PAGEIND,2026-06-19,39000.0,39975.0,40480.0,38875.0,160609
PAGEIND,2026-06-26,39995.0,40950.0,41905.0,39200.0,175326
PAGEIND,2026-07-03,41000.0,42800.0,43855.0,40225.0,241204
PAGEIND,2026-07-10,42650.0,39395.0,42810.0,39250.0,254006
PAGEIND,2026-07-17,39400.0,39900.0,40980.0,39300.0,138911
PAISALO,2026-01-23,33.7,32.65,34.4,31.7,17305874
PAISALO,2026-01-30,32.73,34.28,34.66,31.5,20702283
PAISALO,2026-02-06,34.0,35.92,36.64,32.51,26096520
PAISALO,2026-02-13,35.92,34.38,36.37,33.87,17644229
PAISALO,2026-02-20,34.3,34.68,34.82,32.9,22081420
PAISALO,2026-02-27,35.0,35.56,36.49,34.3,23858153
PAISALO,2026-03-06,34.26,33.44,35.49,32.98,14900227
PAISALO,2026-03-13,32.9,30.97,33.9,30.6,14103146
PAISALO,2026-03-20,30.99,35.07,37.16,30.0,34096578
PAISALO,2026-03-27,34.29,34.33,35.9,32.19,26470185
PAISALO,2026-04-03,33.95,35.76,36.9,33.48,16388138
PAISALO,2026-04-10,35.39,39.3,40.0,35.22,68738728
PAISALO,2026-04-17,38.51,43.81,44.7,38.23,79852569
PAISALO,2026-04-24,43.8,46.46,47.2,42.94,85795597
PAISALO,2026-05-01,46.78,49.94,51.15,46.37,63834977
PAISALO,2026-05-08,50.34,49.51,50.53,47.8,60189679
PAISALO,2026-05-15,49.94,46.73,49.94,43.86,59187469
PAISALO,2026-05-22,46.35,50.32,51.3,45.26,54766263
PAISALO,2026-05-29,50.8,51.58,52.4,48.61,57389862
PAISALO,2026-06-05,52.21,57.87,58.27,51.16,91365467
PAISALO,2026-06-12,56.96,59.3,61.0,56.56,69009770
PAISALO,2026-06-19,60.25,58.81,60.5,57.82,29581971
PAISALO,2026-06-26,59.01,59.34,60.1,58.35,18334584
PAISALO,2026-07-03,59.8,71.87,74.9,58.11,195151161
PAISALO,2026-07-10,71.7,73.24,73.99,68.71,85593712
PAISALO,2026-07-17,72.0,71.75,77.39,67.15,158085713
PANACEABIO,2026-01-23,403.0,364.1,403.05,354.0,972737
PANACEABIO,2026-01-30,361.45,372.95,385.9,342.4,804845
PANACEABIO,2026-02-06,368.05,363.15,382.9,351.05,529549
PANACEABIO,2026-02-13,367.0,350.05,378.75,346.7,496235
PANACEABIO,2026-02-20,348.95,341.5,366.5,337.45,408477
PANACEABIO,2026-02-27,342.35,331.0,349.35,327.55,238767
PANACEABIO,2026-03-06,317.4,320.45,336.45,312.25,490623
PANACEABIO,2026-03-13,314.0,325.15,365.0,305.05,1033662
PANACEABIO,2026-03-20,327.75,329.65,343.15,313.0,496756
PANACEABIO,2026-03-27,323.1,319.8,339.8,313.4,492244
PANACEABIO,2026-04-03,313.65,323.4,333.25,292.4,412860
PANACEABIO,2026-04-10,326.1,327.15,339.95,314.65,407416
PANACEABIO,2026-04-17,320.0,358.75,362.0,314.0,578878
PANACEABIO,2026-04-24,355.0,368.55,374.25,332.0,1081200
PANACEABIO,2026-05-01,365.35,361.05,385.0,358.7,432369
PANACEABIO,2026-05-08,360.2,388.75,414.5,360.2,992428
PANACEABIO,2026-05-15,382.0,386.45,403.0,363.5,641597
PANACEABIO,2026-05-22,384.5,418.55,432.0,365.55,1161597
PANACEABIO,2026-05-29,422.95,412.85,439.2,407.05,648461
PANACEABIO,2026-06-05,402.1,540.2,577.65,391.0,13505107
PANACEABIO,2026-06-12,531.95,536.0,647.0,515.0,21799343
PANACEABIO,2026-06-19,548.5,536.4,568.7,513.8,1973931
PANACEABIO,2026-06-26,541.9,557.2,581.0,521.1,2045994
PANACEABIO,2026-07-03,559.95,551.2,597.0,531.05,2323772
PANACEABIO,2026-07-10,554.0,546.6,567.45,520.25,1126257
PANACEABIO,2026-07-17,530.0,548.85,576.9,530.0,908826
PARACABLES,2026-01-23,34.87,31.39,35.5,31.15,2856066
PARACABLES,2026-01-30,31.65,33.36,35.98,31.05,3962298
PARACABLES,2026-02-06,32.15,38.44,41.4,31.5,9651013
PARACABLES,2026-02-13,38.79,35.7,40.4,35.6,3744158
PARACABLES,2026-02-20,35.71,36.52,37.44,34.23,3702543
PARACABLES,2026-02-27,37.0,34.84,37.25,33.41,3133070
PARACABLES,2026-03-06,33.62,32.71,34.7,32.11,2839677
PARACABLES,2026-03-13,32.0,31.81,33.95,31.17,3611171
PARACABLES,2026-03-20,31.5,34.76,36.0,30.86,4141415
PARACABLES,2026-03-27,34.22,30.68,34.8,30.45,6604822
PARACABLES,2026-04-03,30.68,32.55,32.78,28.3,4456065
PARACABLES,2026-04-10,32.94,36.63,38.4,31.8,4241007
PARACABLES,2026-04-17,35.99,40.4,41.39,34.46,4528283
PARACABLES,2026-04-24,40.55,36.75,40.7,36.3,3076041
PARACABLES,2026-05-01,36.9,39.43,41.38,36.9,6068216
PARACABLES,2026-05-08,39.6,55.13,55.65,39.17,33940217
PARACABLES,2026-05-15,55.0,56.26,60.9,54.07,51872995
PARACABLES,2026-05-22,56.27,59.41,61.07,52.6,15424502
PARACABLES,2026-05-29,59.2,65.87,70.95,58.0,31376247
PARACABLES,2026-06-05,66.5,67.32,72.45,57.82,29769448
PARACABLES,2026-06-12,66.8,64.12,67.74,59.8,14575004
PARACABLES,2026-06-19,65.4,73.06,74.34,63.52,22167279
PARACABLES,2026-06-26,74.6,70.34,74.8,65.53,13788127
PARACABLES,2026-07-03,70.0,71.12,75.7,67.11,13781292
PARACABLES,2026-07-10,71.4,66.95,74.34,64.0,10936536
PARACABLES,2026-07-17,66.56,64.35,67.5,64.01,4617030
PARAS,2026-01-23,659.0,622.95,663.7,615.0,2491736
PARAS,2026-01-30,630.0,712.75,717.0,618.85,3916792
PARAS,2026-02-06,663.95,643.15,688.0,638.0,2524196
PARAS,2026-02-13,647.0,639.6,678.85,638.0,1524485
PARAS,2026-02-20,639.0,642.15,658.0,628.3,1466037
PARAS,2026-02-27,643.0,637.8,646.35,627.15,1176439
PARAS,2026-03-06,636.0,749.35,760.0,631.85,54395103
PARAS,2026-03-13,764.35,638.95,769.9,637.15,11346413
PARAS,2026-03-20,640.0,627.2,656.95,625.0,3197131
PARAS,2026-03-27,625.15,625.85,646.0,580.5,3511407
PARAS,2026-04-03,623.2,635.55,662.9,591.25,3878171
PARAS,2026-04-10,637.9,681.25,697.9,619.15,3982313
PARAS,2026-04-17,664.0,809.15,825.0,657.9,9838008
PARAS,2026-04-24,811.6,800.55,849.5,776.0,10285848
PARAS,2026-05-01,800.55,794.25,835.55,776.85,5037511
PARAS,2026-05-08,802.0,866.6,888.0,770.0,10372182
PARAS,2026-05-15,860.0,753.4,882.45,746.4,13109561
PARAS,2026-05-22,748.8,812.0,826.7,721.0,8299655
PARAS,2026-05-29,824.0,819.35,881.95,808.0,8164232
PARAS,2026-06-05,825.0,960.15,994.0,805.7,26381223
PARAS,2026-06-12,948.0,1097.15,1105.2,941.0,30074697
PARAS,2026-06-19,1125.5,1408.65,1443.0,1040.0,60395688
PARAS,2026-06-26,1408.65,1233.75,1417.65,1224.9,13567350
PARAS,2026-07-03,1230.0,1294.0,1350.0,1172.0,18672962
PARAS,2026-07-10,1299.0,1253.1,1415.0,1193.9,16442478
PARAS,2026-07-17,1248.1,1176.3,1250.0,1162.1,4496969
PDSL,2026-01-23,344.3,311.15,344.55,303.4,518155
PDSL,2026-01-30,314.5,340.0,350.15,301.0,605832
PDSL,2026-02-06,327.1,343.2,384.9,321.5,964507
PDSL,2026-02-13,349.0,324.2,357.0,310.65,469646
PDSL,2026-02-20,320.0,305.65,341.1,299.55,597820
PDSL,2026-02-27,305.7,304.25,319.35,292.35,661740
PDSL,2026-03-06,286.0,295.1,303.5,286.0,500955
PDSL,2026-03-13,293.5,269.5,301.1,267.1,649389
PDSL,2026-03-20,269.9,260.8,283.15,256.4,692894
PDSL,2026-03-27,257.0,264.15,287.05,246.05,759316
PDSL,2026-04-03,260.25,285.15,292.0,250.0,352059
PDSL,2026-04-10,286.0,294.95,329.0,280.6,13884274
PDSL,2026-04-17,292.0,301.25,307.85,282.2,641754
PDSL,2026-04-24,299.25,279.45,300.0,276.3,465090
PDSL,2026-05-01,280.0,277.8,288.55,270.0,618720
PDSL,2026-05-08,277.8,300.65,303.8,275.5,368231
PDSL,2026-05-15,300.65,280.25,302.0,276.2,279871
PDSL,2026-05-22,280.35,288.25,307.65,274.3,1334345
PDSL,2026-05-29,290.0,302.2,303.35,288.85,777485
PDSL,2026-06-05,306.1,320.2,324.9,292.0,996657
PDSL,2026-06-12,318.6,305.8,321.9,296.0,436134
PDSL,2026-06-19,308.2,338.75,352.0,308.0,2534164
PDSL,2026-06-26,340.0,360.15,373.75,332.75,1366194
PDSL,2026-07-03,361.05,366.65,381.15,345.0,1140922
PDSL,2026-07-10,368.45,356.85,370.4,344.1,430600
PDSL,2026-07-17,352.0,361.85,418.5,347.05,11525749
PERSISTENT,2026-01-23,6395.0,6155.0,6491.0,6027.5,4041891
PERSISTENT,2026-01-30,6125.0,6035.0,6299.5,5979.5,1988928
PERSISTENT,2026-02-06,6119.5,5852.0,6552.5,5741.0,3944447
PERSISTENT,2026-02-13,5881.5,5479.0,5948.0,5210.0,4584286
PERSISTENT,2026-02-20,5485.0,5092.0,5735.0,5070.0,4632386
PERSISTENT,2026-02-27,5090.0,4733.0,5120.0,4585.0,7429785
PERSISTENT,2026-03-06,4600.0,4777.5,4830.0,4449.1,3206179
PERSISTENT,2026-03-13,4680.0,4638.8,4895.0,4567.1,3106315
PERSISTENT,2026-03-20,4640.0,4716.7,4848.9,4496.3,2870201
PERSISTENT,2026-03-27,4688.8,4899.8,4987.4,4639.3,3807396
PERSISTENT,2026-04-03,4855.0,5227.7,5267.0,4825.0,2945077
PERSISTENT,2026-04-10,5234.0,5427.1,5489.0,5209.6,3578873
PERSISTENT,2026-04-17,5319.5,5446.5,5605.4,5317.0,2429556
PERSISTENT,2026-04-24,5451.0,4747.3,5512.3,4734.0,6095986
PERSISTENT,2026-05-01,4764.9,4800.0,4909.4,4745.2,2776525
PERSISTENT,2026-05-08,4815.2,5113.6,5137.0,4743.1,2931394
PERSISTENT,2026-05-15,5124.9,4702.1,5173.3,4577.0,2872408
PERSISTENT,2026-05-22,4678.6,4970.3,5187.7,4665.0,2778862
PERSISTENT,2026-05-29,5030.0,5194.3,5278.0,4971.5,2384567
PERSISTENT,2026-06-05,5238.0,5038.5,5612.0,4978.0,3959192
PERSISTENT,2026-06-12,4958.0,4811.0,5145.0,4732.5,2245616
PERSISTENT,2026-06-19,4885.0,4829.0,5105.0,4602.0,3740689
PERSISTENT,2026-06-26,4838.0,4841.5,4976.5,4763.0,1628791
PERSISTENT,2026-07-03,4500.0,4682.7,4766.0,4244.5,12059968
PERSISTENT,2026-07-10,4704.8,5053.9,5065.4,4650.8,4275813
PERSISTENT,2026-07-17,5000.4,5183.9,5257.0,4975.0,3075673
PGIL,2026-01-23,1450.1,1389.6,1481.9,1370.1,273471
PGIL,2026-01-30,1396.1,1557.5,1578.9,1355.0,441540
PGIL,2026-02-06,1603.0,1834.8,1970.1,1552.1,1473200
PGIL,2026-02-13,1827.7,1586.1,1844.2,1498.1,1247442
PGIL,2026-02-20,1593.0,1550.0,1664.0,1534.6,396614
PGIL,2026-02-27,1581.0,1538.8,1608.9,1519.0,402302
PGIL,2026-03-06,1463.6,1509.9,1570.9,1458.1,265180
PGIL,2026-03-13,1474.0,1461.9,1540.0,1417.1,215734
PGIL,2026-03-20,1467.8,1489.5,1577.9,1439.0,243398
PGIL,2026-03-27,1485.5,1392.1,1485.5,1371.5,198805
PGIL,2026-04-03,1380.0,1486.1,1499.9,1350.0,114839
PGIL,2026-04-10,1500.1,1535.8,1576.0,1467.1,121005
PGIL,2026-04-17,1500.0,1642.9,1677.0,1491.3,232112
PGIL,2026-04-24,1654.9,1543.7,1703.5,1531.2,236489
PGIL,2026-05-01,1561.0,1535.8,1591.4,1515.0,71715
PGIL,2026-05-08,1537.2,1604.7,1628.0,1512.1,115973
PGIL,2026-05-15,1604.7,1671.6,1740.0,1428.0,2071097
PGIL,2026-05-22,1685.0,1620.3,1695.3,1555.2,378740
PGIL,2026-05-29,1650.3,1653.5,1670.0,1600.0,270146
PGIL,2026-06-05,1698.5,1665.6,1743.0,1595.1,231290
PGIL,2026-06-12,1645.0,1630.9,1750.0,1601.9,252468
PGIL,2026-06-19,1647.1,1793.5,1833.4,1631.0,556472
PGIL,2026-06-26,1815.0,2071.0,2115.7,1799.9,3353591
PGIL,2026-07-03,2070.0,2016.3,2108.5,1971.1,541908
PGIL,2026-07-10,2016.3,1998.0,2057.1,1901.3,256471
PGIL,2026-07-17,1988.0,2041.3,2073.3,1963.0,378448
PHARMABEES,2026-01-23,22.65,22.32,26.52,21.94,21864695
PHARMABEES,2026-01-30,22.32,22.24,22.94,21.95,13977827
PHARMABEES,2026-02-06,22.12,22.49,23.6,21.71,27536509
PHARMABEES,2026-02-13,22.9,22.75,23.51,22.34,20982755
PHARMABEES,2026-02-20,22.75,23.02,23.54,22.45,18410361
PHARMABEES,2026-02-27,23.71,23.59,24.03,22.0,31934319
PHARMABEES,2026-03-06,23.5,23.54,24.19,22.85,23285447
PHARMABEES,2026-03-13,23.54,23.41,24.6,22.5,51026767
PHARMABEES,2026-03-20,22.82,23.2,23.8,22.58,22547657
PHARMABEES,2026-03-27,23.78,23.18,23.78,22.6,22313013
PHARMABEES,2026-04-03,23.18,22.41,23.59,21.69,33278317
PHARMABEES,2026-04-10,22.97,22.73,23.45,22.06,29169284
PHARMABEES,2026-04-17,23.1,23.12,23.65,22.42,30963652
PHARMABEES,2026-04-24,23.6,23.21,23.8,22.32,58269025
PHARMABEES,2026-05-01,23.79,23.91,24.37,23.22,24167028
PHARMABEES,2026-05-08,23.91,24.78,25.44,23.56,84683227
PHARMABEES,2026-05-15,24.78,25.26,25.54,24.04,59247467
PHARMABEES,2026-05-22,25.26,25.23,25.79,24.86,49818911
PHARMABEES,2026-05-29,25.05,25.02,25.86,24.4,30061631
PHARMABEES,2026-06-05,25.31,24.9,25.32,24.09,28872858
PHARMABEES,2026-06-12,25.52,25.01,25.65,24.17,29840289
PHARMABEES,2026-06-19,25.01,25.09,25.52,24.24,38102917
PHARMABEES,2026-06-26,25.38,25.63,26.36,25.09,34677259
PHARMABEES,2026-07-03,25.63,26.48,26.9,25.0,37282739
PHARMABEES,2026-07-10,26.95,26.43,27.06,25.97,26416047
PHARMABEES,2026-07-17,26.43,26.39,27.25,25.0,28804057
PHOENIXLTD,2026-01-23,1848.8,1726.5,1861.1,1719.2,2799848
PHOENIXLTD,2026-01-30,1710.0,1670.7,1766.4,1656.0,2957851
PHOENIXLTD,2026-02-06,1622.0,1735.2,1747.8,1600.0,3433344
PHOENIXLTD,2026-02-13,1747.9,1735.5,1808.7,1725.1,1477738
PHOENIXLTD,2026-02-20,1720.0,1733.2,1782.0,1720.0,1060891
PHOENIXLTD,2026-02-27,1742.8,1658.6,1754.9,1652.8,1973721
PHOENIXLTD,2026-03-06,1600.0,1603.9,1654.9,1588.0,1762207
PHOENIXLTD,2026-03-13,1561.2,1565.5,1615.5,1528.2,2331857
PHOENIXLTD,2026-03-20,1565.5,1543.1,1633.9,1507.0,3183873
PHOENIXLTD,2026-03-27,1513.9,1501.4,1580.5,1465.6,2759214
PHOENIXLTD,2026-04-03,1477.0,1525.2,1544.0,1466.2,2415859
PHOENIXLTD,2026-04-10,1512.0,1763.5,1775.0,1502.1,4456128
PHOENIXLTD,2026-04-17,1730.0,1792.2,1813.5,1707.2,1136296
PHOENIXLTD,2026-04-24,1783.2,1775.9,1834.9,1746.2,2310074
PHOENIXLTD,2026-05-01,1790.0,1765.0,1842.6,1726.9,2857371
PHOENIXLTD,2026-05-08,1795.0,1829.3,1855.9,1770.7,1473230
PHOENIXLTD,2026-05-15,1820.0,1738.5,1827.0,1707.1,1710511
PHOENIXLTD,2026-05-22,1710.0,1790.3,1805.0,1688.0,2222205
PHOENIXLTD,2026-05-29,1798.0,1771.2,1819.3,1740.0,2236652
PHOENIXLTD,2026-06-05,1773.2,1751.1,1786.0,1675.0,2675744
PHOENIXLTD,2026-06-12,1750.0,1757.6,1814.2,1713.0,1856566
PHOENIXLTD,2026-06-19,1788.0,1881.1,1911.0,1766.7,3341281
PHOENIXLTD,2026-06-26,1890.4,1904.6,1944.5,1840.2,1969452
PHOENIXLTD,2026-07-03,1894.0,2047.6,2059.9,1890.0,4848625
PHOENIXLTD,2026-07-10,2070.0,2138.9,2149.0,2013.4,7282430
PHOENIXLTD,2026-07-17,2140.3,2075.8,2169.8,2059.1,3742366
PIDILITIND,2026-01-23,1465.6,1447.9,1480.4,1412.4,3186791
PIDILITIND,2026-01-30,1449.7,1431.1,1467.8,1411.8,2773322
PIDILITIND,2026-02-06,1426.7,1489.1,1493.6,1398.8,6206856
PIDILITIND,2026-02-13,1490.0,1479.3,1502.9,1467.9,2426552
PIDILITIND,2026-02-20,1470.0,1464.9,1506.0,1460.0,3487985
PIDILITIND,2026-02-27,1464.9,1492.0,1525.0,1463.0,4075158
PIDILITIND,2026-03-06,1430.0,1433.8,1476.8,1421.0,2953402
PIDILITIND,2026-03-13,1400.0,1340.0,1438.6,1334.2,3307044
PIDILITIND,2026-03-20,1340.8,1341.3,1391.5,1303.9,2744418
PIDILITIND,2026-03-27,1333.0,1314.9,1383.9,1293.3,3537432
PIDILITIND,2026-04-03,1298.9,1273.6,1326.1,1268.7,2934570
PIDILITIND,2026-04-10,1281.4,1357.1,1400.4,1259.0,6075173
PIDILITIND,2026-04-17,1330.0,1393.4,1398.0,1314.3,5116404
PIDILITIND,2026-04-24,1395.0,1394.3,1424.8,1378.7,3058666
PIDILITIND,2026-05-01,1394.3,1375.7,1406.9,1355.0,2445190
PIDILITIND,2026-05-08,1378.2,1476.0,1515.0,1347.7,10506577
PIDILITIND,2026-05-15,1468.5,1467.7,1493.8,1427.6,5934367
PIDILITIND,2026-05-22,1456.0,1478.4,1484.0,1428.2,2627543
PIDILITIND,2026-05-29,1500.0,1482.8,1508.4,1466.5,5810773
PIDILITIND,2026-06-05,1482.8,1476.6,1485.9,1430.0,3611697
PIDILITIND,2026-06-12,1450.1,1535.5,1553.9,1447.5,4686945
PIDILITIND,2026-06-19,1568.8,1579.9,1595.0,1552.6,4489438
PIDILITIND,2026-06-26,1580.0,1597.0,1620.7,1555.0,3772656
PIDILITIND,2026-07-03,1597.7,1598.0,1625.5,1578.0,4281569
PIDILITIND,2026-07-10,1606.9,1598.5,1626.7,1562.7,2716507
PIDILITIND,2026-07-17,1578.9,1566.1,1597.3,1547.4,4838437
PIIND,2026-01-23,3261.6,3175.4,3271.7,3082.8,1175656
PIIND,2026-01-30,3175.4,3195.4,3239.8,3087.1,700347
PIIND,2026-02-06,3066.4,3129.3,3400.0,3011.0,1211601
PIIND,2026-02-13,3123.8,3150.6,3301.7,3035.0,2730251
PIIND,2026-02-20,3089.7,3048.0,3167.4,2990.1,1629151
PIIND,2026-02-27,3057.5,3117.3,3159.3,3048.0,1049915
PIIND,2026-03-06,2982.3,3079.6,3127.0,2982.1,783540
PIIND,2026-03-13,3010.2,2896.3,3113.6,2840.1,1221189
PIIND,2026-03-20,2900.0,2909.5,2958.2,2844.0,1137412
PIIND,2026-03-27,2866.0,2810.8,2943.0,2750.1,1127571
PIIND,2026-04-03,2740.0,2797.2,2852.0,2700.0,793883
PIIND,2026-04-10,2805.4,2952.1,2964.7,2762.0,1494157
PIIND,2026-04-17,2910.0,3139.7,3182.0,2850.0,1491558
PIIND,2026-04-24,3120.0,3081.2,3156.9,3000.1,1349744
PIIND,2026-05-01,3083.3,3054.8,3180.0,3015.6,1155620
PIIND,2026-05-08,3065.3,3110.8,3134.7,2992.0,1118002
PIIND,2026-05-15,3101.0,3114.9,3169.2,2991.0,1206484
PIIND,2026-05-22,3117.9,2781.0,3194.1,2700.0,5199089
PIIND,2026-05-29,2794.9,2775.0,2874.0,2750.0,1716567
PIIND,2026-06-05,2789.8,2717.9,2789.8,2657.2,1651270
PIIND,2026-06-12,2702.0,2841.7,2880.0,2663.4,2896974
PIIND,2026-06-19,2855.0,2803.6,2921.9,2781.7,1311861
PIIND,2026-06-26,2805.5,2684.9,2842.7,2670.0,1075487
PIIND,2026-07-03,2684.9,2646.1,2695.7,2541.0,1902438
PIIND,2026-07-10,2646.1,2607.4,2685.0,2551.7,927718
PIIND,2026-07-17,2602.0,2623.8,2643.0,2527.0,955510
PITTIENG,2026-01-23,700.0,725.7,734.0,675.0,181710
PITTIENG,2026-01-30,736.7,785.85,809.95,702.35,209391
PITTIENG,2026-02-06,781.4,877.2,907.0,743.55,539330
PITTIENG,2026-02-13,874.8,904.7,964.55,861.0,270851
PITTIENG,2026-02-20,908.0,897.4,928.75,877.55,166465
PITTIENG,2026-02-27,897.0,910.05,919.95,879.1,141937
PITTIENG,2026-03-06,851.55,878.85,902.2,851.55,159861
PITTIENG,2026-03-13,855.0,770.45,874.35,759.0,208136
PITTIENG,2026-03-20,769.9,775.9,804.45,752.1,196401
PITTIENG,2026-03-27,770.0,725.85,779.4,710.9,335530
PITTIENG,2026-04-03,715.0,737.95,744.25,683.2,191374
PITTIENG,2026-04-10,737.95,838.75,846.0,737.95,302255
PITTIENG,2026-04-17,838.75,928.2,939.0,812.05,374929
PITTIENG,2026-04-24,928.2,913.35,955.25,880.0,392918
PITTIENG,2026-05-01,927.05,977.7,1021.45,918.0,769868
PITTIENG,2026-05-08,987.0,982.9,1025.35,978.1,284272
PITTIENG,2026-05-15,992.6,901.0,992.6,852.05,272195
PITTIENG,2026-05-22,885.0,942.1,963.85,855.0,171469
PITTIENG,2026-05-29,950.0,934.25,974.0,916.8,212943
PITTIENG,2026-06-05,931.0,932.95,958.55,910.15,131512
PITTIENG,2026-06-12,933.65,993.0,1005.0,899.7,247706
PITTIENG,2026-06-19,1010.0,1009.45,1020.0,951.5,221923
PITTIENG,2026-06-26,1019.5,978.8,1035.25,958.75,223138
PITTIENG,2026-07-03,978.7,974.3,984.5,943.85,304556
PITTIENG,2026-07-10,978.2,968.85,980.15,917.6,241285
PITTIENG,2026-07-17,968.8,943.65,980.0,935.0,128902
PIXTRANS,2026-01-23,1300.0,1297.5,1310.0,1252.0,33309
PIXTRANS,2026-01-30,1320.0,1312.6,1320.0,1268.5,29928
PIXTRANS,2026-02-06,1319.0,1461.1,1494.0,1285.7,103332
PIXTRANS,2026-02-13,1480.0,1414.8,1520.0,1405.2,55928
PIXTRANS,2026-02-20,1505.0,1523.2,1624.0,1470.3,324432
PIXTRANS,2026-02-27,1535.0,1451.8,1547.0,1432.9,69529
PIXTRANS,2026-03-06,1382.0,1455.6,1477.7,1382.0,44304
PIXTRANS,2026-03-13,1425.0,1401.5,1470.0,1376.7,125533
PIXTRANS,2026-03-20,1424.0,1453.0,1470.4,1365.1,60102
PIXTRANS,2026-03-27,1450.0,1447.0,1471.0,1383.0,57433
PIXTRANS,2026-04-03,1450.8,1458.4,1478.7,1403.0,44334
PIXTRANS,2026-04-10,1445.0,1450.8,1499.4,1425.0,57304
PIXTRANS,2026-04-17,1424.0,1524.5,1545.0,1424.0,64455
PIXTRANS,2026-04-24,1549.0,1483.5,1557.3,1471.0,48490
PIXTRANS,2026-05-01,1480.0,1550.0,1608.1,1455.8,92772
PIXTRANS,2026-05-08,1570.0,1526.2,1580.0,1488.7,51246
PIXTRANS,2026-05-15,1526.2,1525.3,1555.0,1505.4,61460
PIXTRANS,2026-05-22,1515.0,1623.4,1706.0,1510.0,247694
PIXTRANS,2026-05-29,1550.0,1555.0,1625.0,1464.0,176427
PIXTRANS,2026-06-05,1578.4,1608.9,1664.8,1555.2,90124
PIXTRANS,2026-06-12,1582.0,1604.2,1639.0,1563.9,47391
PIXTRANS,2026-06-19,1604.2,1640.6,1659.0,1592.5,68960
PIXTRANS,2026-06-26,1640.6,1796.1,1854.0,1598.2,2895848
PIXTRANS,2026-07-03,1792.1,1810.6,1930.0,1776.0,1586480
PIXTRANS,2026-07-10,1818.0,1820.0,1836.0,1717.1,132219
PIXTRANS,2026-07-17,1833.9,1798.0,1937.9,1777.8,190568
PNBHOUSING,2026-01-23,957.2,812.4,967.5,806.0,13639663
PNBHOUSING,2026-01-30,814.0,822.4,852.85,798.75,4448322
PNBHOUSING,2026-02-06,805.5,849.25,860.0,779.9,7356801
PNBHOUSING,2026-02-13,857.0,836.05,872.0,827.7,4925941
PNBHOUSING,2026-02-20,832.0,848.9,870.95,830.15,3257919
PNBHOUSING,2026-02-27,850.0,824.75,869.15,817.4,4014110
PNBHOUSING,2026-03-06,811.15,772.95,827.7,770.6,3007489
PNBHOUSING,2026-03-13,763.0,763.9,806.4,729.6,5549780
PNBHOUSING,2026-03-20,763.0,791.9,813.45,749.5,4345202
PNBHOUSING,2026-03-27,786.0,794.65,812.9,737.05,4692623
PNBHOUSING,2026-04-03,785.0,784.4,795.75,749.0,3800535
PNBHOUSING,2026-04-10,781.0,864.75,885.45,775.95,3415485
PNBHOUSING,2026-04-17,855.0,923.7,927.9,836.2,6338078
PNBHOUSING,2026-04-24,923.3,1033.65,1041.25,899.15,30321324
PNBHOUSING,2026-05-01,1047.9,1045.65,1068.5,1027.5,6263511
PNBHOUSING,2026-05-08,1050.0,1091.2,1095.8,1031.4,5016400
PNBHOUSING,2026-05-15,1080.0,1069.4,1095.0,1044.6,4272532
PNBHOUSING,2026-05-22,1053.6,1059.6,1072.6,1040.0,4830703
PNBHOUSING,2026-05-29,1064.8,1030.5,1105.0,1020.7,4449153
PNBHOUSING,2026-06-05,1040.0,997.7,1048.9,961.1,3655158
PNBHOUSING,2026-06-12,978.0,989.9,998.5,950.0,4754922
PNBHOUSING,2026-06-19,999.8,1003.0,1031.9,989.7,2542603
PNBHOUSING,2026-06-26,1004.6,1044.8,1079.9,1000.1,3329907
PNBHOUSING,2026-07-03,1038.9,1064.4,1086.4,1024.3,5079642
PNBHOUSING,2026-07-10,1066.5,1110.6,1119.0,1051.6,6531505
PNBHOUSING,2026-07-17,1110.0,1099.8,1132.7,1072.7,3278354
POLYCAB,2026-01-23,7182.5,6722.0,7440.5,6705.5,3335128
POLYCAB,2026-01-30,6805.5,7013.5,7037.5,6663.0,1566131
POLYCAB,2026-02-06,6800.5,7623.5,7699.5,6800.0,1901577
POLYCAB,2026-02-13,7679.0,7587.5,7844.5,7565.0,818907
POLYCAB,2026-02-20,7617.5,7869.0,7932.0,7536.0,1018224
POLYCAB,2026-02-27,7939.0,8610.5,8722.0,7830.0,3630302
POLYCAB,2026-03-06,8400.0,8552.0,8696.5,8266.5,1931933
POLYCAB,2026-03-13,8450.0,7193.5,8455.0,7118.0,3778901
POLYCAB,2026-03-20,7203.0,7171.0,7409.0,7008.0,2589600
POLYCAB,2026-03-27,7100.0,7067.0,7271.0,6750.0,2627378
POLYCAB,2026-04-03,6941.5,6878.0,7188.0,6690.5,1361661
POLYCAB,2026-04-10,6925.0,7728.0,7804.0,6817.0,2312687
POLYCAB,2026-04-17,7511.5,8182.5,8224.5,7435.5,1943528
POLYCAB,2026-04-24,8182.5,8033.0,8305.0,7897.0,2414912
POLYCAB,2026-05-01,8087.5,8110.5,8338.5,7970.5,1333922
POLYCAB,2026-05-08,8110.5,9083.0,9159.0,8062.5,4432430
POLYCAB,2026-05-15,9004.5,9152.5,9267.5,8865.0,1865607
POLYCAB,2026-05-22,9100.0,9263.5,9316.5,8943.5,1361501
POLYCAB,2026-05-29,9320.0,9477.5,9747.0,9296.0,1391679
POLYCAB,2026-06-05,9501.0,9699.0,9833.0,9320.5,1151446
POLYCAB,2026-06-12,9590.5,9554.0,9699.0,9352.5,1173348
POLYCAB,2026-06-19,9679.5,10083.0,10120.0,9475.0,1864598
POLYCAB,2026-06-26,10090.0,9531.0,10126.0,9516.5,1163606
POLYCAB,2026-07-03,9664.0,9548.5,10008.0,9420.5,2593855
POLYCAB,2026-07-10,9600.0,9210.5,9612.0,9001.0,1524990
POLYCAB,2026-07-17,9190.0,8862.0,9632.5,8826.0,2791770
POLYMED,2026-01-23,1640.8,1590.0,1673.7,1554.0,700929
POLYMED,2026-01-30,1590.0,1520.9,1590.0,1483.1,442777
POLYMED,2026-02-06,1500.0,1389.4,1598.3,1373.0,1458389
POLYMED,2026-02-13,1384.7,1289.2,1534.5,1260.6,1925917
POLYMED,2026-02-20,1296.0,1255.8,1343.0,1246.0,1075797
POLYMED,2026-02-27,1275.5,1256.1,1307.9,1229.0,1122489
POLYMED,2026-03-06,1232.4,1356.1,1415.0,1225.1,2565329
POLYMED,2026-03-13,1345.0,1260.2,1356.8,1250.0,971380
POLYMED,2026-03-20,1265.0,1240.9,1293.0,1230.0,691510
POLYMED,2026-03-27,1227.2,1230.1,1336.7,1195.6,966766
POLYMED,2026-04-03,1230.0,1334.2,1363.4,1182.0,755695
POLYMED,2026-04-10,1334.2,1462.3,1478.0,1300.2,757850
POLYMED,2026-04-17,1425.9,1467.4,1511.3,1423.1,357102
POLYMED,2026-04-24,1466.0,1414.2,1514.0,1405.1,660087
POLYMED,2026-05-01,1419.9,1512.1,1537.6,1414.2,476994
POLYMED,2026-05-08,1520.0,1652.1,1693.0,1515.1,810320
POLYMED,2026-05-15,1641.5,1498.9,1710.0,1489.1,632514
POLYMED,2026-05-22,1496.0,1598.2,1606.2,1426.1,588939
POLYMED,2026-05-29,1600.0,1349.7,1634.2,1313.0,1738629
POLYMED,2026-06-05,1340.1,1419.8,1435.0,1300.0,1056657
POLYMED,2026-06-12,1406.0,1532.4,1537.0,1370.7,1482692
POLYMED,2026-06-19,1546.5,1563.3,1594.7,1498.0,429903
POLYMED,2026-06-26,1570.0,1650.2,1723.0,1555.2,723057
POLYMED,2026-07-03,1650.2,1677.8,1777.0,1625.5,980486
POLYMED,2026-07-10,1689.9,1668.3,1712.0,1605.6,328490
POLYMED,2026-07-17,1668.3,1680.5,1774.9,1622.5,514215
POLYPLEX,2026-01-23,873.0,826.7,873.05,806.0,198939
POLYPLEX,2026-01-30,822.9,847.65,862.7,806.0,131887
POLYPLEX,2026-02-06,831.2,855.75,869.0,815.0,177880
POLYPLEX,2026-02-13,858.9,844.55,905.5,835.0,226796
POLYPLEX,2026-02-20,835.0,819.75,845.95,812.0,168552
POLYPLEX,2026-02-27,819.75,848.3,929.0,802.35,2620309
POLYPLEX,2026-03-06,805.1,831.9,846.9,801.95,322307
POLYPLEX,2026-03-13,811.95,818.05,853.0,786.05,404725
POLYPLEX,2026-03-20,819.5,852.55,907.9,794.05,740996
POLYPLEX,2026-03-27,841.0,778.2,849.0,775.0,622424
POLYPLEX,2026-04-03,775.5,794.1,805.0,740.0,295878
POLYPLEX,2026-04-10,806.0,866.6,877.5,781.6,365533
POLYPLEX,2026-04-17,865.05,883.7,900.0,840.0,183604
POLYPLEX,2026-04-24,893.45,889.65,899.9,842.75,346030
POLYPLEX,2026-05-01,889.85,946.2,978.0,885.1,590913
POLYPLEX,2026-05-08,951.0,950.1,957.45,921.0,221312
POLYPLEX,2026-05-15,941.5,899.15,941.5,879.5,190587
POLYPLEX,2026-05-22,925.0,961.45,1011.9,870.0,2067883
POLYPLEX,2026-05-29,980.0,926.1,993.0,902.0,503911
POLYPLEX,2026-06-05,939.0,903.1,954.45,895.4,227141
POLYPLEX,2026-06-12,894.9,898.35,916.0,884.9,174805
POLYPLEX,2026-06-19,905.65,951.1,955.55,905.65,374999
POLYPLEX,2026-06-26,957.9,984.3,1054.7,948.7,2270622
POLYPLEX,2026-07-03,992.15,1017.15,1043.85,950.2,611815
POLYPLEX,2026-07-10,1017.0,1060.55,1075.2,1000.0,678710
POLYPLEX,2026-07-17,1060.0,1077.55,1095.0,1051.5,366289
POWERGRID,2026-01-23,256.9,254.15,259.95,252.05,70847057
POWERGRID,2026-01-30,256.5,256.5,263.05,252.05,83628195
POWERGRID,2026-02-06,251.25,292.75,293.5,250.0,147356900
POWERGRID,2026-02-13,292.5,287.2,297.65,286.5,66843378
POWERGRID,2026-02-20,288.0,298.95,302.25,287.25,61849805
POWERGRID,2026-02-27,302.0,298.65,311.7,297.9,77529303
POWERGRID,2026-03-06,290.0,299.15,302.75,288.9,79237034
POWERGRID,2026-03-13,285.5,300.95,309.5,285.5,87736860
POWERGRID,2026-03-20,300.95,297.6,305.0,291.4,83890065
POWERGRID,2026-03-27,298.0,295.5,309.0,290.3,91763669
POWERGRID,2026-04-03,292.05,289.95,305.9,283.5,58963677
POWERGRID,2026-04-10,294.9,302.75,303.5,287.3,60387908
POWERGRID,2026-04-17,299.95,318.1,318.95,297.65,72699105
POWERGRID,2026-04-24,319.0,316.4,323.05,314.5,43685352
POWERGRID,2026-05-01,318.0,318.35,324.95,315.95,38311696
POWERGRID,2026-05-08,314.0,313.95,323.9,310.6,37879565
POWERGRID,2026-05-15,313.95,305.85,314.05,295.65,64038303
POWERGRID,2026-05-22,296.3,294.3,304.5,290.2,59747507
POWERGRID,2026-05-29,298.5,290.55,303.0,285.45,98813150
POWERGRID,2026-06-05,291.0,285.65,292.35,278.4,69076442
POWERGRID,2026-06-12,283.0,284.8,293.05,282.6,42594468
POWERGRID,2026-06-19,290.0,292.25,292.9,282.85,42150847
POWERGRID,2026-06-26,289.0,283.9,295.25,283.05,50533876
POWERGRID,2026-07-03,287.0,287.85,292.0,283.5,53806909
POWERGRID,2026-07-10,287.2,283.1,287.95,279.2,35970844
POWERGRID,2026-07-17,282.8,283.55,286.95,278.9,43715693
POWERINDIA,2026-01-23,16269.0,16501.0,17140.0,16200.0,858688
POWERINDIA,2026-01-30,16650.0,18862.0,18925.0,16410.0,640595
POWERINDIA,2026-02-06,18363.0,21871.0,22077.0,18273.0,1706233
POWERINDIA,2026-02-13,21900.0,22418.0,23140.0,21827.0,753994
POWERINDIA,2026-02-20,22450.0,23871.0,23998.0,22350.0,543751
POWERINDIA,2026-02-27,23871.0,25562.0,25799.0,23827.0,603222
POWERINDIA,2026-03-06,24500.0,25860.0,26160.0,24195.0,500897
POWERINDIA,2026-03-13,25400.0,24165.0,26325.0,24100.0,719617
POWERINDIA,2026-03-20,24195.0,25025.0,25680.0,23400.0,588611
POWERINDIA,2026-03-27,24845.0,24685.0,25850.0,23970.0,576856
POWERINDIA,2026-04-03,24265.0,25325.0,25595.0,24000.0,362831
POWERINDIA,2026-04-10,25350.0,28425.0,28510.0,24665.0,928714
POWERINDIA,2026-04-17,27800.0,28925.0,29095.0,27670.0,654161
POWERINDIA,2026-04-24,29250.0,32200.0,32295.0,28960.0,821524
POWERINDIA,2026-05-01,32340.0,33550.0,33795.0,31835.0,476713
POWERINDIA,2026-05-08,33880.0,34005.0,35095.0,32925.0,739549
POWERINDIA,2026-05-15,33635.0,32535.0,33995.0,31195.0,596324
POWERINDIA,2026-05-22,32400.0,35555.0,36750.0,32005.0,725770
POWERINDIA,2026-05-29,36000.0,38445.0,38645.0,34005.0,1312490
POWERINDIA,2026-06-05,38700.0,36870.0,38785.0,34820.0,1123570
POWERINDIA,2026-06-12,36200.0,34325.0,36385.0,33010.0,940626
POWERINDIA,2026-06-19,35000.0,36880.0,37115.0,34125.0,537128
POWERINDIA,2026-06-26,37095.0,33965.0,37335.0,33680.0,557011
POWERINDIA,2026-07-03,34005.0,31040.0,35515.0,30400.0,1486366
POWERINDIA,2026-07-10,31075.0,32605.0,32920.0,31075.0,764894
POWERINDIA,2026-07-17,32240.0,32075.0,34215.0,31300.0,650838
POWERMECH,2026-01-23,2239.2,1993.7,2266.0,1985.0,306962
POWERMECH,2026-01-30,2009.0,2074.4,2088.0,1955.0,228614
POWERMECH,2026-02-06,2011.0,2105.0,2248.0,1944.0,382290
POWERMECH,2026-02-13,2137.8,2096.8,2283.3,2075.0,465730
POWERMECH,2026-02-20,2107.3,2185.4,2249.9,2066.0,534007
POWERMECH,2026-02-27,2224.8,2076.9,2224.8,2065.0,271369
POWERMECH,2026-03-06,1950.0,2022.8,2070.0,1931.2,232852
POWERMECH,2026-03-13,1975.1,1983.0,2021.1,1920.3,303145
POWERMECH,2026-03-20,1980.0,1994.0,2049.0,1804.6,1033895
POWERMECH,2026-03-27,1955.0,1823.2,1975.0,1812.1,503572
POWERMECH,2026-04-03,1796.0,1893.4,1917.6,1717.7,437578
POWERMECH,2026-04-10,1893.4,2261.6,2297.9,1832.9,781325
POWERMECH,2026-04-17,2210.1,2376.0,2395.0,2172.2,597391
POWERMECH,2026-04-24,2367.0,2408.5,2512.0,2330.1,572736
POWERMECH,2026-05-01,2438.0,2481.8,2550.0,2414.4,359758
POWERMECH,2026-05-08,2512.0,2605.8,2645.2,2455.0,519307
POWERMECH,2026-05-15,2610.0,2441.0,2626.7,2360.4,312952
POWERMECH,2026-05-22,2430.0,2544.7,2635.0,2334.0,856237
POWERMECH,2026-05-29,2594.9,2500.7,2599.0,2461.0,311311
POWERMECH,2026-06-05,2505.0,2601.8,2679.0,2450.0,817037
POWERMECH,2026-06-12,2601.8,2789.5,2809.5,2475.7,925504
POWERMECH,2026-06-19,2859.9,2839.9,2924.0,2740.3,669764
POWERMECH,2026-06-26,2955.0,2760.1,3007.5,2744.0,1021029
POWERMECH,2026-07-03,2771.0,2631.3,2799.9,2616.0,350059
POWERMECH,2026-07-10,2656.8,2640.0,2730.0,2525.0,351100
POWERMECH,2026-07-17,2645.0,2554.7,2679.0,2510.5,269118
PRECOT,2026-01-23,334.6,309.25,335.05,300.05,11278
PRECOT,2026-01-30,312.95,330.25,360.7,305.8,9684
PRECOT,2026-02-06,337.05,480.35,499.0,326.35,277970
PRECOT,2026-02-13,468.1,492.15,533.0,465.4,146014
PRECOT,2026-02-20,495.0,496.85,507.9,460.55,9256
PRECOT,2026-02-27,506.8,456.15,506.8,448.0,12729
PRECOT,2026-03-06,454.0,439.1,454.0,413.7,17750
PRECOT,2026-03-13,421.45,509.0,511.0,419.0,17043
PRECOT,2026-03-20,487.05,483.8,516.0,474.3,7535
PRECOT,2026-03-27,485.2,528.75,535.0,466.15,27337
PRECOT,2026-04-03,548.95,547.95,548.95,505.0,13174
PRECOT,2026-04-10,530.2,554.7,579.5,515.1,31270
PRECOT,2026-04-17,534.7,563.25,580.0,534.7,12431
PRECOT,2026-04-24,568.95,564.0,579.0,540.25,46616
PRECOT,2026-05-01,564.9,548.35,570.0,531.55,23071
PRECOT,2026-05-08,541.1,620.35,641.8,541.1,42782
PRECOT,2026-05-15,645.0,666.9,672.0,614.5,36267
PRECOT,2026-05-22,665.0,732.6,783.9,575.6,63196
PRECOT,2026-05-29,770.0,802.7,861.25,741.5,86233
PRECOT,2026-06-05,805.0,758.25,805.0,728.4,38798
PRECOT,2026-06-12,738.65,697.35,751.4,642.05,49724
PRECOT,2026-06-19,705.05,753.3,762.95,684.05,19928
PRECOT,2026-06-26,753.8,736.2,787.95,719.9,16765
PRECOT,2026-07-03,701.0,738.85,783.0,697.95,45214
PRECOT,2026-07-10,730.05,809.95,838.9,730.05,32284
PRECOT,2026-07-17,830.0,825.3,845.0,792.0,26500
PREMEXPLN,2026-01-23,501.2,471.1,506.2,456.6,1011295
PREMEXPLN,2026-01-30,471.85,512.25,527.0,463.25,966216
PREMEXPLN,2026-02-06,479.1,471.85,524.95,470.6,752079
PREMEXPLN,2026-02-13,476.95,467.05,514.9,454.1,1276855
PREMEXPLN,2026-02-20,461.95,470.5,483.25,443.5,927170
PREMEXPLN,2026-02-27,470.5,537.65,546.5,461.75,2433796
PREMEXPLN,2026-03-06,537.0,507.55,554.0,493.05,1759593
PREMEXPLN,2026-03-13,500.2,450.95,504.9,446.0,1157713
PREMEXPLN,2026-03-20,450.5,438.0,473.0,426.0,1205023
PREMEXPLN,2026-03-27,430.0,406.05,441.0,392.3,2132481
PREMEXPLN,2026-04-03,406.05,425.7,430.2,378.4,1129924
PREMEXPLN,2026-04-10,429.6,460.35,467.0,412.45,1163962
PREMEXPLN,2026-04-17,450.0,501.3,508.85,440.85,1217941
PREMEXPLN,2026-04-24,501.3,516.5,550.0,485.0,3101926
PREMEXPLN,2026-05-01,521.95,561.35,569.0,514.0,2104028
PREMEXPLN,2026-05-08,567.0,550.35,574.9,548.1,1581540
PREMEXPLN,2026-05-15,548.0,523.3,574.75,494.95,2451067
PREMEXPLN,2026-05-22,515.0,595.5,614.4,504.35,3688856
PREMEXPLN,2026-05-29,600.55,690.55,779.5,596.8,21144582
PREMEXPLN,2026-06-05,661.55,685.65,711.7,630.0,4739624
PREMEXPLN,2026-06-12,668.85,692.65,732.0,650.0,5211743
PREMEXPLN,2026-06-19,704.0,775.3,798.9,675.0,10325295
PREMEXPLN,2026-06-26,781.05,741.45,783.0,719.4,3725064
PREMEXPLN,2026-07-03,741.45,782.05,829.8,741.45,8000562
PREMEXPLN,2026-07-10,785.9,687.5,799.0,680.0,6532646
PREMEXPLN,2026-07-17,684.0,664.1,688.0,660.1,1905932
PRICOLLTD,2026-01-23,605.0,581.5,607.3,563.65,2622223
PRICOLLTD,2026-01-30,581.0,549.1,584.55,521.1,2508531
PRICOLLTD,2026-02-06,573.75,578.35,594.45,540.0,2435481
PRICOLLTD,2026-02-13,579.9,633.45,637.4,579.9,3200829
PRICOLLTD,2026-02-20,635.8,603.3,639.4,592.85,2145922
PRICOLLTD,2026-02-27,604.8,602.8,639.1,599.2,2192832
PRICOLLTD,2026-03-06,576.3,565.8,594.7,552.8,1467955
PRICOLLTD,2026-03-13,560.05,516.85,565.5,511.35,1586386
PRICOLLTD,2026-03-20,516.0,533.55,549.3,511.0,1516844
PRICOLLTD,2026-03-27,527.0,525.3,557.0,509.0,1153825
PRICOLLTD,2026-04-03,522.0,529.85,539.55,508.95,769781
PRICOLLTD,2026-04-10,525.95,583.75,590.0,520.9,1130506
PRICOLLTD,2026-04-17,568.15,586.8,593.4,561.55,979225
PRICOLLTD,2026-04-24,590.0,594.65,626.4,575.1,1390210
PRICOLLTD,2026-05-01,597.45,572.75,606.55,565.7,1040038
PRICOLLTD,2026-05-08,582.1,622.25,636.35,569.85,2016347
PRICOLLTD,2026-05-15,621.05,614.7,644.3,565.2,16053777
PRICOLLTD,2026-05-22,608.0,556.65,608.0,531.35,5639874
PRICOLLTD,2026-05-29,566.75,562.1,584.0,555.15,1828792
PRICOLLTD,2026-06-05,563.6,561.35,582.45,550.4,1684477
PRICOLLTD,2026-06-12,558.5,550.5,558.95,532.6,2072849
PRICOLLTD,2026-06-19,556.15,559.15,588.1,554.2,2828420
PRICOLLTD,2026-06-26,565.0,586.7,600.0,562.85,2968065
PRICOLLTD,2026-07-03,598.0,621.7,625.0,580.5,5011045
PRICOLLTD,2026-07-10,624.0,627.25,632.75,605.3,2130453
PRICOLLTD,2026-07-17,612.0,615.3,631.2,608.45,1801674
PRIVISCL,2026-01-23,2653.0,2717.4,2742.0,2570.8,634168
PRIVISCL,2026-01-30,2747.0,2812.7,2855.4,2649.5,492154
PRIVISCL,2026-02-06,2807.3,2757.8,2915.0,2710.0,512164
PRIVISCL,2026-02-13,2774.9,2738.0,2830.1,2682.1,699820
PRIVISCL,2026-02-20,2738.0,2898.0,2910.0,2702.0,533869
PRIVISCL,2026-02-27,2915.0,3039.6,3049.0,2890.0,564113
PRIVISCL,2026-03-06,2950.0,2900.5,3023.6,2815.0,333333
PRIVISCL,2026-03-13,2878.0,2845.3,2990.0,2806.1,463632
PRIVISCL,2026-03-20,2845.3,2927.3,3001.0,2752.5,272807
PRIVISCL,2026-03-27,2918.0,2954.7,3039.0,2830.0,476061
PRIVISCL,2026-04-03,2911.0,2941.1,2991.5,2865.7,157166
PRIVISCL,2026-04-10,2941.1,2900.1,3050.9,2889.2,403845
PRIVISCL,2026-04-17,2900.0,3133.1,3150.0,2836.1,953254
PRIVISCL,2026-04-24,3155.0,3232.6,3270.0,3071.0,484548
PRIVISCL,2026-05-01,3265.0,3360.1,3366.0,3230.1,376368
PRIVISCL,2026-05-08,3402.0,3487.9,3515.0,3330.0,455921
PRIVISCL,2026-05-15,3530.0,3091.8,3590.9,3042.0,1164957
PRIVISCL,2026-05-22,3065.1,3318.3,3345.5,3003.0,373468
PRIVISCL,2026-05-29,3359.2,3255.2,3374.9,3188.1,316452
PRIVISCL,2026-06-05,3295.6,3230.7,3350.1,3214.4,250523
PRIVISCL,2026-06-12,3176.1,3444.3,3455.0,3110.0,689601
PRIVISCL,2026-06-19,3500.0,3493.9,3529.0,3429.7,388369
PRIVISCL,2026-06-26,3483.3,3550.5,3720.1,3471.0,418321
PRIVISCL,2026-07-03,3587.4,3694.9,3760.0,3545.0,351181
PRIVISCL,2026-07-10,3680.3,3662.8,3693.0,3505.5,279094
PRIVISCL,2026-07-17,3667.7,3676.5,3755.9,3597.0,214733
PRUDENT,2026-01-23,2337.0,2262.1,2394.0,2241.5,141784
PRUDENT,2026-01-30,2286.8,2396.9,2443.9,2187.5,191009
PRUDENT,2026-02-06,2375.2,2573.5,2847.7,2310.4,385468
PRUDENT,2026-02-13,2579.5,2629.6,2771.1,2538.9,182355
PRUDENT,2026-02-20,2645.0,2595.5,2666.5,2515.1,107764
PRUDENT,2026-02-27,2594.0,2349.9,2606.3,2335.6,196731
PRUDENT,2026-03-06,2299.9,2240.2,2359.1,2159.3,149953
PRUDENT,2026-03-13,2152.0,2228.9,2310.0,2121.0,168148
PRUDENT,2026-03-20,2234.9,2236.6,2377.9,2164.6,158289
PRUDENT,2026-03-27,2234.0,2215.1,2352.9,2150.0,191629
PRUDENT,2026-04-03,2186.0,2239.4,2276.9,2150.0,57924
PRUDENT,2026-04-10,2218.3,2530.8,2551.0,2211.0,230249
PRUDENT,2026-04-17,2469.9,2752.0,2764.0,2251.3,143596
PRUDENT,2026-04-24,2764.0,2804.9,2825.0,2690.0,115114
PRUDENT,2026-05-01,2815.0,2826.1,2882.0,2790.0,107027
PRUDENT,2026-05-08,2826.0,2829.1,2950.0,2780.0,181117
PRUDENT,2026-05-15,2800.0,2832.3,2849.0,2695.0,205189
PRUDENT,2026-05-22,2832.1,2647.8,2832.1,2602.3,161337
PRUDENT,2026-05-29,2687.5,2720.2,2766.6,2659.7,111317
PRUDENT,2026-06-05,2700.0,2696.9,2741.0,2604.5,163725
PRUDENT,2026-06-12,2668.0,2909.1,2912.7,2573.9,98408
PRUDENT,2026-06-19,2925.0,3029.2,3088.3,2879.0,143511
PRUDENT,2026-06-26,3070.0,2988.7,3160.1,2965.0,118909
PRUDENT,2026-07-03,2980.0,3003.0,3068.0,2934.1,93309
PRUDENT,2026-07-10,3024.9,2983.2,3060.0,2891.1,100100
PRUDENT,2026-07-17,2983.0,2893.4,3084.9,2824.6,85644
PSPPROJECT,2026-01-23,802.0,689.55,802.0,680.0,369526
PSPPROJECT,2026-01-30,700.0,750.1,804.9,668.3,703407
PSPPROJECT,2026-02-06,732.0,778.1,790.9,691.1,292440
PSPPROJECT,2026-02-13,775.9,785.9,834.0,774.05,203461
PSPPROJECT,2026-02-20,782.05,767.25,814.05,762.1,100589
PSPPROJECT,2026-02-27,769.95,725.55,783.0,720.15,140062
PSPPROJECT,2026-03-06,710.15,684.5,728.2,679.35,233862
PSPPROJECT,2026-03-13,680.0,658.95,702.35,649.45,580665
PSPPROJECT,2026-03-20,663.0,651.2,688.6,647.3,358362
PSPPROJECT,2026-03-27,637.5,609.2,657.0,604.05,535006
PSPPROJECT,2026-04-03,599.0,628.95,638.9,569.2,295555
PSPPROJECT,2026-04-10,628.95,693.1,708.2,617.05,416383
PSPPROJECT,2026-04-17,682.0,725.95,751.9,665.0,307123
PSPPROJECT,2026-04-24,728.95,729.05,749.6,707.5,270492
PSPPROJECT,2026-05-01,720.1,787.15,833.9,720.05,907905
PSPPROJECT,2026-05-08,799.9,833.15,863.0,770.05,674152
PSPPROJECT,2026-05-15,829.9,786.75,829.9,751.8,299116
PSPPROJECT,2026-05-22,785.5,763.3,796.95,746.55,285527
PSPPROJECT,2026-05-29,770.0,854.7,879.0,767.0,720491
PSPPROJECT,2026-06-05,873.25,873.45,960.0,808.05,1360833
PSPPROJECT,2026-06-12,865.5,917.2,940.0,837.05,1034888
PSPPROJECT,2026-06-19,928.95,969.1,987.0,893.3,774931
PSPPROJECT,2026-06-26,979.95,988.3,1014.25,951.0,696966
PSPPROJECT,2026-07-03,995.0,1025.8,1050.6,967.8,547129
PSPPROJECT,2026-07-10,1034.9,1069.2,1143.0,1024.0,1423150
PSPPROJECT,2026-07-17,1059.0,1046.3,1108.5,1034.2,488927
PYRAMID,2026-01-23,158.3,149.41,160.92,144.94,204779
PYRAMID,2026-01-30,150.0,150.83,154.68,144.11,80981
PYRAMID,2026-02-06,147.02,155.66,159.99,144.0,98846
PYRAMID,2026-02-13,155.0,153.4,164.0,150.31,158710
PYRAMID,2026-02-20,156.89,152.12,159.76,149.91,70250
PYRAMID,2026-02-27,149.41,145.94,154.19,145.5,112262
PYRAMID,2026-03-06,143.48,152.77,153.51,137.1,115225
PYRAMID,2026-03-13,147.02,143.93,153.0,141.1,86941
PYRAMID,2026-03-20,146.1,147.2,152.43,140.12,236375
PYRAMID,2026-03-27,146.89,140.62,146.89,138.11,157787
PYRAMID,2026-04-03,140.0,143.43,144.8,131.8,110508
PYRAMID,2026-04-10,141.0,152.32,155.96,141.0,84048
PYRAMID,2026-04-17,150.0,157.56,160.0,147.0,82417
PYRAMID,2026-04-24,157.56,166.29,170.0,152.01,133049
PYRAMID,2026-05-01,168.95,175.31,181.96,165.7,237650
PYRAMID,2026-05-08,176.18,178.18,181.0,167.06,156352
PYRAMID,2026-05-15,177.0,160.39,188.38,159.5,802687
PYRAMID,2026-05-22,159.72,173.58,181.27,153.0,189670
PYRAMID,2026-05-29,174.01,163.17,179.7,162.1,107670
PYRAMID,2026-06-05,162.0,162.16,169.87,159.9,164316
PYRAMID,2026-06-12,160.0,168.06,172.8,160.0,138487
PYRAMID,2026-06-19,168.06,175.41,178.49,165.1,158696
PYRAMID,2026-06-26,177.0,170.54,180.0,169.44,125443
PYRAMID,2026-07-03,174.39,171.42,176.99,165.0,156368
PYRAMID,2026-07-10,169.9,165.47,171.4,161.24,144928
PYRAMID,2026-07-17,164.0,160.93,169.02,157.98,157345
RADICO,2026-01-23,2891.0,2962.0,3049.0,2700.0,3227183
RADICO,2026-01-30,2901.4,2828.1,2976.7,2677.8,2950815
RADICO,2026-02-06,2727.7,2727.2,2920.0,2690.0,2012914
RADICO,2026-02-13,2727.2,2789.4,2840.5,2721.9,1486897
RADICO,2026-02-20,2790.9,2706.2,2857.7,2694.0,1482594
RADICO,2026-02-27,2723.2,2649.5,2754.7,2629.8,1005004
RADICO,2026-03-06,2500.0,2766.9,2793.9,2500.0,2933008
RADICO,2026-03-13,2736.0,2800.1,2921.0,2655.0,2449338
RADICO,2026-03-20,2788.0,2660.5,2856.0,2582.0,1913215
RADICO,2026-03-27,2650.0,2640.2,2761.0,2552.4,2557860
RADICO,2026-04-03,2621.0,2623.2,2705.0,2568.1,1097594
RADICO,2026-04-10,2643.0,2792.7,2811.0,2601.1,1923065
RADICO,2026-04-17,2760.0,3186.9,3227.0,2710.0,3086941
RADICO,2026-04-24,3220.9,3187.2,3436.0,3162.5,3188210
RADICO,2026-05-01,3225.0,3423.1,3475.0,3218.1,1985015
RADICO,2026-05-08,3433.0,3477.2,3522.0,3302.0,3023754
RADICO,2026-05-15,3480.0,3499.2,3532.9,3400.8,2137001
RADICO,2026-05-22,3499.2,3561.1,3679.0,3425.0,1587817
RADICO,2026-05-29,3585.5,3518.6,3649.0,3410.1,1422755
RADICO,2026-06-05,3563.4,3490.7,3563.4,3426.5,1091520
RADICO,2026-06-12,3466.1,3541.7,3557.6,3427.1,827532
RADICO,2026-06-19,3575.0,3769.2,3778.0,3556.4,2626075
RADICO,2026-06-26,3770.0,3829.8,3843.0,3710.0,1063515
RADICO,2026-07-03,3841.8,3892.3,3986.3,3786.0,2190216
RADICO,2026-07-10,3940.0,4073.7,4161.8,3903.2,2529809
RADICO,2026-07-17,4068.8,4097.9,4149.2,4011.3,1268667
RAIN,2026-01-23,139.49,134.58,142.35,130.01,8972508
RAIN,2026-01-30,135.49,154.92,169.63,133.62,53070052
RAIN,2026-02-06,156.88,161.95,172.99,150.61,25920703
RAIN,2026-02-13,163.45,152.37,176.0,151.21,25871458
RAIN,2026-02-20,150.0,145.53,154.25,145.0,10195154
RAIN,2026-02-27,145.99,148.64,157.03,144.01,12876525
RAIN,2026-03-06,141.94,132.93,148.04,126.77,19855705
RAIN,2026-03-13,130.0,112.16,131.0,110.99,26626299
RAIN,2026-03-20,112.66,108.91,116.75,107.2,13107244
RAIN,2026-03-27,107.0,109.17,114.45,102.5,17765319
RAIN,2026-04-03,107.3,113.08,116.44,106.0,11371251
RAIN,2026-04-10,112.05,122.67,124.78,109.05,19040060
RAIN,2026-04-17,120.8,132.4,135.4,118.22,13901993
RAIN,2026-04-24,132.55,128.2,139.05,127.2,14069358
RAIN,2026-05-01,129.0,126.2,134.65,125.5,9689760
RAIN,2026-05-08,128.0,143.82,144.88,125.43,21315767
RAIN,2026-05-15,154.8,156.99,169.0,153.2,124339636
RAIN,2026-05-22,156.5,156.32,158.88,147.9,13906153
RAIN,2026-05-29,157.5,188.07,193.55,157.1,62461679
RAIN,2026-06-05,189.5,197.09,207.3,186.2,42969831
RAIN,2026-06-12,192.2,196.87,209.68,191.2,25313206
RAIN,2026-06-19,200.8,191.0,214.17,187.31,35948896
RAIN,2026-06-26,191.8,185.49,194.45,179.65,17325773
RAIN,2026-07-03,185.73,187.74,192.6,179.77,11695025
RAIN,2026-07-10,188.0,207.05,210.0,186.53,36188333
RAIN,2026-07-17,207.04,206.77,218.9,202.5,27023802
RAINBOW,2026-01-23,1265.0,1185.6,1270.0,1160.8,1185269
RAINBOW,2026-01-30,1185.6,1138.1,1199.0,1123.0,657927
RAINBOW,2026-02-06,1160.0,1126.6,1172.0,1090.0,994777
RAINBOW,2026-02-13,1127.3,1186.1,1244.4,1117.6,901579
RAINBOW,2026-02-20,1186.1,1197.0,1244.3,1170.0,374199
RAINBOW,2026-02-27,1197.0,1189.7,1225.6,1185.0,266481
RAINBOW,2026-03-06,1136.0,1199.4,1250.0,1135.0,612634
RAINBOW,2026-03-13,1189.0,1132.7,1214.0,1130.4,613222
RAINBOW,2026-03-20,1132.7,1114.3,1138.2,1091.4,798439
RAINBOW,2026-03-27,1105.0,1164.4,1180.5,1084.0,655725
RAINBOW,2026-04-03,1141.0,1149.5,1183.9,1120.5,575543
RAINBOW,2026-04-10,1162.0,1249.7,1322.0,1150.0,3897490
RAINBOW,2026-04-17,1227.0,1248.4,1288.9,1227.0,474509
RAINBOW,2026-04-24,1280.0,1242.3,1321.0,1225.0,723160
RAINBOW,2026-05-01,1248.0,1252.3,1271.4,1227.2,370578
RAINBOW,2026-05-08,1250.0,1304.5,1335.0,1236.5,1895989
RAINBOW,2026-05-15,1310.9,1336.2,1341.7,1258.9,994972
RAINBOW,2026-05-22,1336.0,1355.0,1365.0,1321.3,548516
RAINBOW,2026-05-29,1365.0,1380.3,1394.0,1317.5,535849
RAINBOW,2026-06-05,1395.0,1343.3,1395.0,1311.0,451383
RAINBOW,2026-06-12,1337.5,1365.0,1368.0,1313.5,421868
RAINBOW,2026-06-19,1374.0,1470.8,1495.0,1374.0,819682
RAINBOW,2026-06-26,1475.0,1434.5,1487.7,1425.0,364946
RAINBOW,2026-07-03,1434.5,1440.0,1454.0,1390.0,530404
RAINBOW,2026-07-10,1450.0,1470.4,1511.7,1405.5,551062
RAINBOW,2026-07-17,1462.6,1493.4,1508.0,1449.3,373690
RAJRATAN,2026-01-23,526.8,455.3,526.8,450.4,1616246
RAJRATAN,2026-01-30,453.25,407.15,457.2,401.1,761025
RAJRATAN,2026-02-06,406.35,469.65,472.0,392.1,690550
RAJRATAN,2026-02-13,471.9,466.05,502.0,457.05,480843
RAJRATAN,2026-02-20,466.0,431.85,480.0,427.15,341952
RAJRATAN,2026-02-27,435.0,416.75,439.55,410.0,371028
RAJRATAN,2026-03-06,397.0,395.8,422.7,394.8,327538
RAJRATAN,2026-03-13,390.0,367.65,401.7,362.7,354122
RAJRATAN,2026-03-20,368.0,370.65,399.15,351.1,395442
RAJRATAN,2026-03-27,365.0,348.6,381.3,341.6,425115
RAJRATAN,2026-04-03,344.05,371.35,374.4,323.9,327393
RAJRATAN,2026-04-10,365.0,400.75,416.0,365.0,413481
RAJRATAN,2026-04-17,387.0,429.4,436.9,385.0,346611
RAJRATAN,2026-04-24,434.95,419.05,450.0,401.55,1220019
RAJRATAN,2026-05-01,418.0,444.35,455.0,418.0,438261
RAJRATAN,2026-05-08,446.7,446.2,464.75,439.4,343259
RAJRATAN,2026-05-15,446.2,413.1,446.25,403.0,340772
RAJRATAN,2026-05-22,406.0,411.15,419.0,395.0,308156
RAJRATAN,2026-05-29,421.85,410.75,428.2,405.05,197537
RAJRATAN,2026-06-05,410.85,432.15,443.95,406.2,232016
RAJRATAN,2026-06-12,416.0,459.2,473.95,416.0,549027
RAJRATAN,2026-06-19,465.0,448.6,468.95,446.25,238260
RAJRATAN,2026-06-26,459.6,433.5,470.0,432.0,237092
RAJRATAN,2026-07-03,435.65,453.05,467.0,426.85,239319
RAJRATAN,2026-07-10,456.35,482.05,493.7,450.55,644023
RAJRATAN,2026-07-17,482.0,485.85,515.0,468.6,721411
RAMRAT,2026-01-23,293.65,290.75,302.1,268.0,240553
RAMRAT,2026-01-30,295.1,293.55,298.8,281.9,142700
RAMRAT,2026-02-06,282.0,296.35,309.95,281.1,151897
RAMRAT,2026-02-13,323.75,312.05,339.25,310.5,2385753
RAMRAT,2026-02-20,312.0,320.0,325.0,303.8,227684
RAMRAT,2026-02-27,326.0,320.7,327.5,310.45,138336
RAMRAT,2026-03-06,309.95,352.85,356.45,302.55,740432
RAMRAT,2026-03-13,345.95,307.5,352.1,305.15,638643
RAMRAT,2026-03-20,302.4,307.55,316.4,295.7,215870
RAMRAT,2026-03-27,309.0,301.2,318.9,282.85,316025
RAMRAT,2026-04-03,297.45,303.05,305.0,286.4,193758
RAMRAT,2026-04-10,307.3,331.25,334.9,297.15,313087
RAMRAT,2026-04-17,327.85,389.8,414.65,317.55,3621449
RAMRAT,2026-04-24,391.0,384.15,394.95,369.0,1653259
RAMRAT,2026-05-01,389.9,444.25,450.7,386.5,2065754
RAMRAT,2026-05-08,454.7,444.75,474.15,428.1,1293406
RAMRAT,2026-05-15,445.05,420.4,447.35,411.0,629440
RAMRAT,2026-05-22,420.0,432.65,447.7,395.2,529720
RAMRAT,2026-05-29,442.0,425.5,520.0,421.9,4587243
RAMRAT,2026-06-05,425.2,391.5,427.15,386.75,1697931
RAMRAT,2026-06-12,388.7,379.2,389.7,354.0,787948
RAMRAT,2026-06-19,388.6,407.15,414.0,379.0,766406
RAMRAT,2026-06-26,409.0,404.4,434.9,402.0,926501
RAMRAT,2026-07-03,408.9,395.6,417.8,390.6,566423
RAMRAT,2026-07-10,395.6,419.05,425.9,393.65,877912
RAMRAT,2026-07-17,416.9,410.75,447.4,406.6,754441
RATEGAIN,2026-01-23,661.2,615.0,666.0,610.05,3605505
RATEGAIN,2026-01-30,612.0,612.1,625.0,564.6,1236432
RATEGAIN,2026-02-06,611.55,582.75,659.85,580.1,2405193
RATEGAIN,2026-02-13,592.45,547.85,605.6,480.5,5478178
RATEGAIN,2026-02-20,535.05,547.9,590.0,523.5,2035336
RATEGAIN,2026-02-27,547.0,529.35,551.0,495.4,2578305
RATEGAIN,2026-03-06,496.25,479.85,520.0,460.5,1231005
RATEGAIN,2026-03-13,471.8,493.0,513.6,460.1,1863656
RATEGAIN,2026-03-20,490.0,481.6,513.9,477.75,1214775
RATEGAIN,2026-03-27,478.3,468.75,499.9,460.0,1537451
RATEGAIN,2026-04-03,468.75,493.5,497.85,437.0,1435564
RATEGAIN,2026-04-10,485.35,562.1,565.6,484.85,1672895
RATEGAIN,2026-04-17,551.1,583.65,593.4,535.5,1210812
RATEGAIN,2026-04-24,579.9,589.85,596.0,562.2,2043157
RATEGAIN,2026-05-01,592.6,602.6,612.95,571.1,2053798
RATEGAIN,2026-05-08,608.4,634.75,647.2,590.1,1197122
RATEGAIN,2026-05-15,633.5,625.35,683.45,611.1,1830693
RATEGAIN,2026-05-22,623.35,714.45,735.9,623.35,14468979
RATEGAIN,2026-05-29,717.0,746.45,766.7,699.0,3350947
RATEGAIN,2026-06-05,754.5,758.7,802.0,748.0,3407435
RATEGAIN,2026-06-12,741.0,783.05,797.65,737.0,2315472
RATEGAIN,2026-06-19,814.9,867.7,901.6,801.15,4070717
RATEGAIN,2026-06-26,874.7,840.95,898.0,837.6,1162586
RATEGAIN,2026-07-03,840.95,941.05,960.0,830.0,3367233
RATEGAIN,2026-07-10,941.1,944.7,970.0,910.45,1848120
RATEGAIN,2026-07-17,937.25,950.7,997.25,925.55,2426364
RAYMOND,2026-01-23,393.9,369.7,396.9,367.15,1827929
RAYMOND,2026-01-30,371.55,379.95,420.0,361.0,5838179
RAYMOND,2026-02-06,393.7,403.7,428.25,377.5,2689721
RAYMOND,2026-02-13,405.0,398.25,430.5,391.3,2325807
RAYMOND,2026-02-20,396.65,398.55,408.6,388.0,1229760
RAYMOND,2026-02-27,401.05,400.8,414.0,393.3,1160041
RAYMOND,2026-03-06,376.0,380.7,403.95,376.0,1622145
RAYMOND,2026-03-13,377.0,355.45,384.75,352.85,1769636
RAYMOND,2026-03-20,357.45,372.95,404.6,343.15,2730036
RAYMOND,2026-03-27,361.75,342.55,365.2,336.4,1860404
RAYMOND,2026-04-03,336.7,351.0,354.95,320.0,1600921
RAYMOND,2026-04-10,353.0,386.3,389.0,340.7,2437415
RAYMOND,2026-04-17,384.0,422.4,426.5,373.95,2766497
RAYMOND,2026-04-24,425.0,434.2,459.6,414.35,3124677
RAYMOND,2026-05-01,437.9,465.8,483.95,435.3,2553463
RAYMOND,2026-05-08,471.6,515.7,544.0,433.0,12634102
RAYMOND,2026-05-15,514.75,453.55,514.75,448.15,2345702
RAYMOND,2026-05-22,451.9,552.85,559.95,446.65,12778735
RAYMOND,2026-05-29,557.05,540.4,569.0,520.9,3636154
RAYMOND,2026-06-05,545.0,510.1,555.8,506.0,2864418
RAYMOND,2026-06-12,501.0,580.7,586.0,497.4,4192948
RAYMOND,2026-06-19,588.0,586.45,614.95,582.25,2657582
RAYMOND,2026-06-26,590.0,592.3,617.9,585.05,2940865
RAYMOND,2026-07-03,591.8,607.9,614.9,578.25,1710960
RAYMOND,2026-07-10,607.0,631.7,640.0,590.6,4733805
RAYMOND,2026-07-17,630.7,604.75,646.0,593.0,2414799
RBLBANK,2026-01-23,309.0,288.6,309.0,287.2,53254425
RBLBANK,2026-01-30,289.75,298.75,302.05,288.25,18054436
RBLBANK,2026-02-06,291.0,302.1,309.75,287.8,18987045
RBLBANK,2026-02-13,303.4,313.8,318.4,302.5,16402821
RBLBANK,2026-02-20,312.35,329.0,340.4,310.25,45733680
RBLBANK,2026-02-27,330.0,319.75,334.0,317.2,29935739
RBLBANK,2026-03-06,310.0,303.8,319.15,302.7,21908549
RBLBANK,2026-03-13,295.1,294.75,309.85,290.2,19399469
RBLBANK,2026-03-20,294.85,297.25,303.35,290.45,15082895
RBLBANK,2026-03-27,294.1,295.65,308.95,287.4,15583357
RBLBANK,2026-04-03,292.1,301.0,304.25,288.55,17208929
RBLBANK,2026-04-10,308.95,322.15,326.8,302.3,44109943
RBLBANK,2026-04-17,316.2,315.55,324.4,311.35,12559105
RBLBANK,2026-04-24,316.3,321.4,324.4,307.7,29539945
RBLBANK,2026-05-01,318.0,336.55,345.65,306.1,54991744
RBLBANK,2026-05-08,339.0,343.45,349.9,326.15,28126929
RBLBANK,2026-05-15,341.3,338.1,342.6,322.6,19577872
RBLBANK,2026-05-22,337.55,334.35,337.55,318.45,16857560
RBLBANK,2026-05-29,340.0,345.0,353.0,337.45,20227889
RBLBANK,2026-06-05,345.0,351.35,356.8,333.0,21032104
RBLBANK,2026-06-12,348.45,365.85,368.45,343.3,28104909
RBLBANK,2026-06-19,370.0,378.85,379.9,364.35,29974064
RBLBANK,2026-06-26,380.35,371.05,381.7,368.25,27546187
RBLBANK,2026-07-03,371.5,361.1,371.5,354.7,28626591
RBLBANK,2026-07-10,358.75,380.65,381.6,356.9,31648639
RBLBANK,2026-07-17,378.1,368.1,382.35,360.25,49680856
RECLTD,2026-01-23,370.9,361.35,374.2,351.1,53757558
RECLTD,2026-01-30,362.9,364.1,384.75,359.0,46858379
RECLTD,2026-02-06,360.0,372.5,386.5,354.75,67926428
RECLTD,2026-02-13,374.0,346.9,377.95,339.8,56043365
RECLTD,2026-02-20,346.1,354.2,366.6,343.2,21659916
RECLTD,2026-02-27,356.75,349.8,357.5,347.5,27656240
RECLTD,2026-03-06,339.55,339.15,350.8,324.2,34430941
RECLTD,2026-03-13,332.0,331.5,349.45,321.0,39531929
RECLTD,2026-03-20,332.0,330.5,349.15,326.7,45697146
RECLTD,2026-03-27,327.45,318.45,329.15,310.55,36358189
RECLTD,2026-04-03,314.25,324.8,325.95,304.05,34416171
RECLTD,2026-04-10,323.55,349.8,354.3,320.2,34304343
RECLTD,2026-04-17,341.15,373.3,377.7,337.75,47909351
RECLTD,2026-04-24,373.35,374.0,387.45,366.45,37452374
RECLTD,2026-05-01,376.0,354.3,383.5,352.75,41863070
RECLTD,2026-05-08,356.0,359.4,367.3,351.15,34402313
RECLTD,2026-05-15,358.0,345.85,358.8,341.7,23270429
RECLTD,2026-05-22,345.0,336.95,345.0,328.15,21825693
RECLTD,2026-05-29,340.0,337.65,345.0,335.0,20909292
RECLTD,2026-06-05,339.65,343.9,346.8,321.0,34956874
RECLTD,2026-06-12,340.0,348.05,354.8,335.7,30719245
RECLTD,2026-06-19,353.7,355.35,364.85,350.5,17576201
RECLTD,2026-06-26,355.35,364.65,371.3,355.35,27013590
RECLTD,2026-07-03,365.55,365.15,372.35,362.0,40105985
RECLTD,2026-07-10,365.15,351.95,367.85,345.7,24660568
RECLTD,2026-07-17,349.1,355.1,357.0,346.85,22805927
REDTAPE,2026-01-23,124.06,111.92,124.98,110.89,1445214
REDTAPE,2026-01-30,113.37,123.68,131.71,107.53,8879938
REDTAPE,2026-02-06,124.02,124.44,130.65,120.24,1878001
REDTAPE,2026-02-13,124.21,133.43,138.7,123.89,10024733
REDTAPE,2026-02-20,134.0,125.94,134.0,122.92,2484179
REDTAPE,2026-02-27,127.19,117.39,128.0,117.01,1406851
REDTAPE,2026-03-06,110.25,118.51,124.0,109.0,1466487
REDTAPE,2026-03-13,115.0,114.76,118.25,108.92,1476925
REDTAPE,2026-03-20,113.71,117.2,121.6,110.0,1515168
REDTAPE,2026-03-27,116.1,112.95,119.9,110.05,2523277
REDTAPE,2026-04-03,110.2,114.25,116.81,108.16,1053987
REDTAPE,2026-04-10,113.05,122.85,128.9,113.05,2476954
REDTAPE,2026-04-17,118.05,122.3,124.4,117.51,1133780
REDTAPE,2026-04-24,123.0,127.19,127.58,120.1,1807403
REDTAPE,2026-05-01,129.0,128.48,131.69,125.64,1169473
REDTAPE,2026-05-08,129.9,133.83,135.0,125.0,1798366
REDTAPE,2026-05-15,132.9,129.36,141.1,128.15,2705207
REDTAPE,2026-05-22,128.0,134.07,136.3,120.31,3010974
REDTAPE,2026-05-29,135.9,139.52,158.99,130.47,28170531
REDTAPE,2026-06-05,140.0,134.82,141.65,132.33,4764398
REDTAPE,2026-06-12,132.58,133.87,137.7,129.02,2102375
REDTAPE,2026-06-19,135.12,134.13,139.61,132.03,1870254
REDTAPE,2026-06-26,134.98,136.9,138.9,131.66,1822855
REDTAPE,2026-07-03,137.44,139.18,140.98,133.6,1474142
REDTAPE,2026-07-10,143.56,135.6,143.8,131.0,1377234
REDTAPE,2026-07-17,134.01,134.04,139.44,130.11,3269137
REFEX,2026-01-23,239.5,222.75,261.0,220.5,6611724
REFEX,2026-01-30,221.45,225.2,236.0,214.45,3321892
REFEX,2026-02-06,220.63,227.85,243.75,209.69,2455341
REFEX,2026-02-13,228.69,232.36,256.65,228.69,3630705
REFEX,2026-02-20,230.0,239.71,264.5,225.35,5619383
REFEX,2026-02-27,241.05,220.69,243.44,218.64,3329532
REFEX,2026-03-06,210.0,218.39,223.67,201.0,2697278
REFEX,2026-03-13,210.0,198.03,218.54,196.51,3212687
REFEX,2026-03-20,197.15,200.53,214.5,189.63,4105094
REFEX,2026-03-27,198.0,196.78,217.5,188.0,4456998
REFEX,2026-04-03,192.41,204.05,206.38,188.5,1760393
REFEX,2026-04-10,202.5,226.17,229.88,198.0,3576357
REFEX,2026-04-17,222.98,244.76,252.4,217.0,2935940
REFEX,2026-04-24,244.76,247.71,261.5,239.53,3394233
REFEX,2026-05-01,248.4,263.86,274.7,248.0,3503200
REFEX,2026-05-08,265.0,263.0,273.55,250.7,2729206
REFEX,2026-05-15,260.0,277.8,308.4,251.55,12202133
REFEX,2026-05-22,275.0,279.05,288.8,260.95,4813518
REFEX,2026-05-29,285.0,328.3,344.6,280.55,36730666
REFEX,2026-06-05,333.0,312.5,333.1,304.1,6083021
REFEX,2026-06-12,307.0,311.0,315.45,295.0,2926541
REFEX,2026-06-19,316.9,336.9,342.0,312.15,6333702
REFEX,2026-06-26,343.0,348.95,352.95,331.1,4598561
REFEX,2026-07-03,350.0,358.4,371.4,345.95,6032001
REFEX,2026-07-10,358.0,344.75,359.85,330.0,2963008
REFEX,2026-07-17,343.15,306.8,349.15,303.1,3086338
RELAXO,2026-01-23,385.0,357.7,388.0,354.2,514893
RELAXO,2026-01-30,368.15,391.2,403.5,358.85,416260
RELAXO,2026-02-06,377.6,369.25,404.5,366.3,400179
RELAXO,2026-02-13,370.75,359.8,380.0,356.0,407671
RELAXO,2026-02-20,358.95,357.95,374.85,351.05,292408
RELAXO,2026-02-27,358.0,348.1,359.0,345.05,264761
RELAXO,2026-03-06,335.0,321.8,344.0,320.1,457314
RELAXO,2026-03-13,321.8,294.7,322.1,293.4,662281
RELAXO,2026-03-20,295.75,273.95,295.75,270.7,967957
RELAXO,2026-03-27,270.0,249.75,270.8,248.1,875261
RELAXO,2026-04-03,245.0,267.45,270.0,236.5,623673
RELAXO,2026-04-10,270.0,290.12,300.0,260.64,3634226
RELAXO,2026-04-17,287.0,309.03,318.0,283.5,538102
RELAXO,2026-04-24,311.0,301.19,314.8,299.0,385427
RELAXO,2026-05-01,302.0,298.09,312.0,297.0,314321
RELAXO,2026-05-08,300.15,308.85,313.95,296.4,1647013
RELAXO,2026-05-15,314.75,288.4,314.75,283.1,636609
RELAXO,2026-05-22,284.5,294.4,297.2,278.4,283869
RELAXO,2026-05-29,296.0,345.3,358.0,294.9,17052900
RELAXO,2026-06-05,343.65,330.05,348.0,320.5,2862151
RELAXO,2026-06-12,326.75,342.65,354.2,315.2,2100379
RELAXO,2026-06-19,345.65,355.85,375.7,340.2,1460033
RELAXO,2026-06-26,356.0,413.55,423.0,355.0,34206200
RELAXO,2026-07-03,406.05,397.15,426.0,390.0,6262437
RELAXO,2026-07-10,399.95,394.7,410.85,378.65,1530051
RELAXO,2026-07-17,394.8,439.95,439.95,363.7,38295285
RHIM,2026-01-23,451.3,418.75,464.45,410.75,831969
RHIM,2026-01-30,422.4,445.1,456.45,406.05,2512326
RHIM,2026-02-06,432.95,435.1,447.5,418.5,606259
RHIM,2026-02-13,439.0,436.65,475.0,432.35,740352
RHIM,2026-02-20,439.0,458.5,489.9,421.0,2935750
RHIM,2026-02-27,462.9,434.65,463.5,429.15,1028328
RHIM,2026-03-06,428.35,395.55,430.0,390.2,749689
RHIM,2026-03-13,386.1,375.5,391.9,361.9,1720138
RHIM,2026-03-20,376.0,370.35,383.45,363.45,886590
RHIM,2026-03-27,362.25,334.1,368.0,332.1,1021220
RHIM,2026-04-03,332.1,364.0,369.0,323.05,819319
RHIM,2026-04-10,365.0,387.25,395.0,359.35,651704
RHIM,2026-04-17,385.95,401.9,412.4,372.7,1015057
RHIM,2026-04-24,405.0,403.55,426.7,395.0,864433
RHIM,2026-05-01,403.6,403.9,416.45,398.1,272220
RHIM,2026-05-08,404.7,410.45,414.75,398.25,370219
RHIM,2026-05-15,410.45,388.3,410.45,380.1,455173
RHIM,2026-05-22,389.1,394.25,421.45,371.55,3121229
RHIM,2026-05-29,395.05,406.6,420.9,386.5,1619513
RHIM,2026-06-05,392.35,399.6,404.95,333.8,15953561
RHIM,2026-06-12,390.0,367.8,390.0,356.4,1399200
RHIM,2026-06-19,372.05,381.95,384.95,366.95,931542
RHIM,2026-06-26,383.05,376.2,391.9,373.2,1012219
RHIM,2026-07-03,376.0,384.3,443.8,353.0,75099886
RHIM,2026-07-10,383.0,420.35,425.3,378.0,10252931
RHIM,2026-07-17,419.15,409.0,427.3,401.5,3912119
RISHABH,2026-01-23,368.0,333.7,368.0,330.3,147846
RISHABH,2026-01-30,333.0,370.05,377.0,315.0,348786
RISHABH,2026-02-06,393.85,436.65,459.0,375.0,1022986
RISHABH,2026-02-13,436.0,436.85,460.0,419.65,755186
RISHABH,2026-02-20,435.75,434.9,477.0,412.9,699939
RISHABH,2026-02-27,435.0,417.65,441.2,415.3,229917
RISHABH,2026-03-06,400.0,384.7,418.0,381.2,151183
RISHABH,2026-03-13,384.55,390.85,411.0,365.0,220439
RISHABH,2026-03-20,391.0,387.65,412.0,370.0,198258
RISHABH,2026-03-27,389.55,372.45,399.95,360.0,137702
RISHABH,2026-04-03,362.0,387.7,392.75,345.5,185610
RISHABH,2026-04-10,392.4,440.4,467.45,377.05,682337
RISHABH,2026-04-17,434.0,463.75,484.0,420.0,588479
RISHABH,2026-04-24,467.45,489.45,515.0,454.35,1478853
RISHABH,2026-05-01,490.0,471.9,506.35,469.0,392550
RISHABH,2026-05-08,473.0,527.15,543.2,473.0,692529
RISHABH,2026-05-15,527.0,478.9,548.8,474.85,733459
RISHABH,2026-05-22,476.0,517.4,545.0,453.0,3591295
RISHABH,2026-05-29,524.0,529.65,566.0,517.6,1798459
RISHABH,2026-06-05,529.0,512.45,541.3,486.4,940916
RISHABH,2026-06-12,509.75,556.45,559.0,501.05,772228
RISHABH,2026-06-19,558.2,578.65,593.0,546.6,853286
RISHABH,2026-06-26,581.55,567.4,609.0,560.3,457346
RISHABH,2026-07-03,570.0,649.45,678.0,564.85,2215806
RISHABH,2026-07-10,657.0,662.1,692.8,617.45,2186871
RISHABH,2026-07-17,660.2,656.1,678.9,634.3,909070
RKFORGE,2026-01-23,491.15,510.5,521.65,474.3,1940906
RKFORGE,2026-01-30,506.35,511.1,519.9,491.1,1407101
RKFORGE,2026-02-06,509.25,555.85,575.0,486.7,3059095
RKFORGE,2026-02-13,562.6,571.3,583.5,560.6,1721085
RKFORGE,2026-02-20,562.4,549.95,583.9,547.75,2789477
RKFORGE,2026-02-27,554.0,551.8,565.0,536.0,916921
RKFORGE,2026-03-06,535.0,565.2,569.9,522.55,1061161
RKFORGE,2026-03-13,558.0,559.25,566.15,534.35,1758170
RKFORGE,2026-03-20,559.0,499.6,562.3,495.95,1489402
RKFORGE,2026-03-27,497.55,487.95,517.0,460.15,2367076
RKFORGE,2026-04-03,482.1,503.0,509.05,461.35,1357334
RKFORGE,2026-04-10,496.8,544.05,547.8,489.45,1261550
RKFORGE,2026-04-17,530.55,535.15,548.65,523.5,1450824
RKFORGE,2026-04-24,535.15,546.5,570.0,522.6,4948123
RKFORGE,2026-05-01,549.05,598.3,617.75,547.55,8518059
RKFORGE,2026-05-08,607.5,610.25,632.0,582.75,6686639
RKFORGE,2026-05-15,608.0,573.95,629.9,570.1,2999921
RKFORGE,2026-05-22,566.05,555.05,574.9,547.95,2015496
RKFORGE,2026-05-29,556.8,566.4,584.5,556.8,1460802
RKFORGE,2026-06-05,572.5,554.6,584.4,548.8,1476796
RKFORGE,2026-06-12,544.05,592.2,595.0,530.1,2241154
RKFORGE,2026-06-19,606.0,588.7,607.0,574.0,1542209
RKFORGE,2026-06-26,589.15,563.7,596.45,562.1,1275880
RKFORGE,2026-07-03,563.0,577.35,587.5,556.7,914368
RKFORGE,2026-07-10,580.0,565.3,587.5,558.85,1955618
RKFORGE,2026-07-17,565.0,568.25,594.9,550.05,18231250
RML,2026-01-23,778.0,740.2,778.0,720.0,32786
RML,2026-01-30,740.2,737.2,760.55,725.05,24093
RML,2026-02-06,723.7,836.7,898.0,715.05,617967
RML,2026-02-13,836.7,834.3,869.15,824.0,95238
RML,2026-02-20,837.1,821.4,865.0,810.0,43837
RML,2026-02-27,825.0,840.6,846.6,805.0,65070
RML,2026-03-06,787.25,834.25,840.0,787.25,44434
RML,2026-03-13,820.05,770.6,838.8,763.0,53706
RML,2026-03-20,774.95,723.85,774.95,717.95,77981
RML,2026-03-27,710.0,661.75,730.5,643.9,84289
RML,2026-04-03,655.05,669.25,675.0,608.5,61385
RML,2026-04-10,670.0,740.6,752.1,662.75,96584
RML,2026-04-17,736.0,767.9,780.95,718.05,58396
RML,2026-04-24,769.0,747.55,797.85,743.55,51924
RML,2026-05-01,736.3,809.35,829.95,736.3,56434
RML,2026-05-08,822.15,917.3,966.8,809.0,1127503
RML,2026-05-15,914.0,895.3,928.85,861.05,189566
RML,2026-05-22,894.5,922.7,945.9,878.95,126831
RML,2026-05-29,944.8,909.75,953.55,905.1,104155
RML,2026-06-05,910.0,901.45,938.35,898.0,59510
RML,2026-06-12,890.1,922.7,932.0,882.5,81416
RML,2026-06-19,930.0,1121.15,1137.0,925.0,2368288
RML,2026-06-26,1126.3,1041.4,1169.0,1037.25,357878
RML,2026-07-03,1041.4,1206.8,1264.8,1035.1,841670
RML,2026-07-10,1207.3,1299.6,1323.9,1185.7,373243
RML,2026-07-17,1282.7,1179.2,1319.8,1174.0,114516
ROLEXRINGS,2026-01-23,119.35,119.92,124.5,114.4,2922216
ROLEXRINGS,2026-01-30,122.0,121.2,127.7,117.0,1558844
ROLEXRINGS,2026-02-06,119.6,125.71,138.0,116.55,3104006
ROLEXRINGS,2026-02-13,126.4,138.32,149.4,125.13,17271513
ROLEXRINGS,2026-02-20,138.45,141.1,151.95,137.15,5806974
ROLEXRINGS,2026-02-27,141.49,134.51,142.66,132.0,3175331
ROLEXRINGS,2026-03-06,129.9,121.87,134.32,121.32,2002017
ROLEXRINGS,2026-03-13,119.5,115.21,125.5,114.3,2621433
ROLEXRINGS,2026-03-20,115.21,119.14,123.54,113.6,1934629
ROLEXRINGS,2026-03-27,117.0,115.33,120.24,111.1,2455533
ROLEXRINGS,2026-04-03,114.5,118.2,118.85,110.07,1022493
ROLEXRINGS,2026-04-10,119.5,131.79,136.8,116.65,3775978
ROLEXRINGS,2026-04-17,131.0,136.35,138.0,125.51,1678727
ROLEXRINGS,2026-04-24,136.35,155.27,176.0,134.0,228270737
ROLEXRINGS,2026-05-01,157.87,145.82,158.27,143.6,13793049
ROLEXRINGS,2026-05-08,146.7,150.84,154.0,144.14,9687929
ROLEXRINGS,2026-05-15,151.71,148.28,153.19,145.0,5572035
ROLEXRINGS,2026-05-22,141.5,143.44,145.25,138.0,4992958
ROLEXRINGS,2026-05-29,145.0,140.51,147.47,139.51,5427340
ROLEXRINGS,2026-06-05,141.15,138.35,141.89,135.0,6898262
ROLEXRINGS,2026-06-12,136.65,139.43,143.24,136.1,5238190
ROLEXRINGS,2026-06-19,142.0,143.23,143.6,139.11,5094886
ROLEXRINGS,2026-06-26,144.0,148.07,149.79,143.51,4882401
ROLEXRINGS,2026-07-03,149.24,142.02,150.93,141.5,6653783
ROLEXRINGS,2026-07-10,141.99,141.07,143.99,137.34,3485985
ROLEXRINGS,2026-07-17,139.01,157.89,161.9,139.01,15733312
RPGLIFE,2026-01-23,2266.6,2135.7,2321.5,2130.1,28396
RPGLIFE,2026-01-30,2130.0,2007.9,2135.0,1880.0,238065
RPGLIFE,2026-02-06,1981.0,1975.5,2050.0,1953.9,38468
RPGLIFE,2026-02-13,1977.5,1974.6,2093.8,1950.1,42754
RPGLIFE,2026-02-20,1977.8,1903.7,1999.8,1899.8,30808
RPGLIFE,2026-02-27,1903.7,1874.4,1933.0,1864.0,33819
RPGLIFE,2026-03-06,1764.7,1872.3,1884.1,1764.2,47937
RPGLIFE,2026-03-13,1870.0,1881.0,1985.0,1802.9,35803
RPGLIFE,2026-03-20,1880.9,1879.7,1935.6,1815.0,54354
RPGLIFE,2026-03-27,1870.0,1864.6,1934.0,1733.0,51500
RPGLIFE,2026-04-03,1860.0,1921.2,1941.1,1793.3,24169
RPGLIFE,2026-04-10,1901.0,1881.0,1950.0,1856.1,27804
RPGLIFE,2026-04-17,1881.0,2024.6,2044.9,1851.0,152693
RPGLIFE,2026-04-24,2023.8,2033.1,2080.0,1953.9,55031
RPGLIFE,2026-05-01,2011.9,2295.0,2336.6,2003.7,1727497
RPGLIFE,2026-05-08,2314.0,2463.1,2524.9,2295.0,349405
RPGLIFE,2026-05-15,2480.0,2292.5,2480.0,2270.1,42662
RPGLIFE,2026-05-22,2270.5,2293.9,2355.0,2249.1,32612
RPGLIFE,2026-05-29,2308.0,2224.7,2327.9,2187.2,38669
RPGLIFE,2026-06-05,2224.0,2161.6,2257.5,2100.0,35214
RPGLIFE,2026-06-12,2154.9,2216.7,2314.7,2065.3,166014
RPGLIFE,2026-06-19,2258.1,2277.4,2331.9,2226.2,42671
RPGLIFE,2026-06-26,2299.6,2276.4,2397.6,2275.0,24304
RPGLIFE,2026-07-03,2200.0,2415.8,2480.0,2200.0,54059
RPGLIFE,2026-07-10,2415.8,2856.9,2889.0,2366.8,381633
RPGLIFE,2026-07-17,2823.6,2859.8,2993.8,2722.5,277152
RPTECH,2026-01-23,368.0,337.85,368.4,335.0,462266
RPTECH,2026-01-30,337.05,359.0,364.95,320.0,555913
RPTECH,2026-02-06,374.35,382.2,408.55,346.45,1618688
RPTECH,2026-02-13,389.0,365.6,396.1,361.15,491468
RPTECH,2026-02-20,363.1,359.1,378.7,355.2,293518
RPTECH,2026-02-27,359.1,369.05,377.95,339.85,1050668
RPTECH,2026-03-06,354.0,351.55,364.9,344.9,306549
RPTECH,2026-03-13,350.0,342.75,369.4,324.0,443296
RPTECH,2026-03-20,342.2,342.35,356.0,336.8,298116
RPTECH,2026-03-27,337.2,346.45,376.8,333.0,1424640
RPTECH,2026-04-03,344.05,364.7,366.0,333.3,265796
RPTECH,2026-04-10,368.8,404.75,407.0,362.05,491281
RPTECH,2026-04-17,398.0,455.9,463.45,389.55,1547566
RPTECH,2026-04-24,455.0,460.65,487.95,448.05,1041203
RPTECH,2026-05-01,461.0,458.25,500.0,439.5,742295
RPTECH,2026-05-08,458.0,530.6,538.0,454.95,1436851
RPTECH,2026-05-15,534.95,507.55,549.0,504.05,1711358
RPTECH,2026-05-22,507.55,545.5,560.0,496.8,1425807
RPTECH,2026-05-29,546.55,543.1,557.1,517.3,601942
RPTECH,2026-06-05,545.0,546.25,575.0,532.6,1110156
RPTECH,2026-06-12,540.0,558.4,574.0,518.85,841602
RPTECH,2026-06-19,570.0,750.65,762.9,558.9,49330577
RPTECH,2026-06-26,756.95,780.9,806.2,727.0,9695085
RPTECH,2026-07-03,777.0,757.95,812.85,721.5,4869325
RPTECH,2026-07-10,761.7,783.05,799.7,730.0,3052205
RPTECH,2026-07-17,777.0,734.45,806.85,730.0,2594978
RRKABEL,2026-01-23,1468.4,1351.6,1468.4,1340.3,785743
RRKABEL,2026-01-30,1333.8,1373.7,1382.0,1290.7,658276
RRKABEL,2026-02-06,1380.0,1463.8,1498.0,1314.6,1282070
RRKABEL,2026-02-13,1465.0,1403.9,1499.0,1393.5,693300
RRKABEL,2026-02-20,1409.0,1442.8,1459.0,1396.1,517155
RRKABEL,2026-02-27,1449.0,1562.6,1578.2,1430.0,2952981
RRKABEL,2026-03-06,1525.0,1528.5,1573.1,1431.1,1241776
RRKABEL,2026-03-13,1500.0,1343.1,1534.0,1336.3,1375354
RRKABEL,2026-03-20,1339.1,1391.4,1446.9,1315.0,685070
RRKABEL,2026-03-27,1379.8,1314.6,1386.8,1306.0,497758
RRKABEL,2026-04-03,1300.0,1333.6,1348.9,1281.3,261295
RRKABEL,2026-04-10,1339.9,1396.6,1425.3,1300.1,694274
RRKABEL,2026-04-17,1371.1,1475.6,1520.0,1346.5,1428100
RRKABEL,2026-04-24,1476.0,1442.4,1514.0,1400.0,1618674
RRKABEL,2026-05-01,1460.0,1571.0,1648.0,1451.8,4442761
RRKABEL,2026-05-08,1610.0,1942.4,1984.0,1602.3,9390825
RRKABEL,2026-05-15,1942.3,1953.8,2049.0,1885.7,3787892
RRKABEL,2026-05-22,1919.3,1947.6,2008.0,1898.1,2131193
RRKABEL,2026-05-29,1979.0,2056.3,2117.0,1929.9,3944555
RRKABEL,2026-06-05,2095.0,2223.4,2239.8,1964.3,4506896
RRKABEL,2026-06-12,2179.0,2168.2,2216.7,2063.9,2197833
RRKABEL,2026-06-19,2209.0,2321.1,2365.0,2177.0,4492612
RRKABEL,2026-06-26,2332.8,2488.3,2518.9,2324.1,3006695
RRKABEL,2026-07-03,2500.0,2343.3,2549.0,2320.0,3955193
RRKABEL,2026-07-10,2346.7,2225.7,2359.8,2164.0,1701505
RRKABEL,2026-07-17,2193.6,2293.3,2415.0,2175.0,2699793
SAFARI,2026-01-23,2072.7,1981.6,2072.7,1900.0,125218
SAFARI,2026-01-30,1974.3,2031.9,2075.2,1920.0,197585
SAFARI,2026-02-06,1976.0,2123.4,2140.4,1946.4,288937
SAFARI,2026-02-13,2120.2,1766.5,2207.0,1762.0,557524
SAFARI,2026-02-20,1765.0,1836.3,1906.1,1725.5,286820
SAFARI,2026-02-27,1835.1,1797.2,2033.8,1762.2,217964
SAFARI,2026-03-06,1797.2,1680.3,1797.2,1633.1,179581
SAFARI,2026-03-13,1652.6,1594.1,1684.0,1585.0,80696
SAFARI,2026-03-20,1580.0,1520.5,1640.2,1433.6,911551
SAFARI,2026-03-27,1514.3,1442.1,1539.3,1436.0,184461
SAFARI,2026-04-03,1434.3,1498.3,1554.9,1391.2,145241
SAFARI,2026-04-10,1499.9,1558.5,1588.0,1456.0,189436
SAFARI,2026-04-17,1547.9,1577.5,1653.9,1512.6,477726
SAFARI,2026-04-24,1577.0,1470.0,1594.8,1450.0,287014
SAFARI,2026-05-01,1470.0,1412.5,1511.0,1393.4,373987
SAFARI,2026-05-08,1423.5,1524.4,1569.4,1363.1,762878
SAFARI,2026-05-15,1520.1,1458.1,1520.1,1422.1,494919
SAFARI,2026-05-22,1459.5,1527.0,1574.4,1398.0,624011
SAFARI,2026-05-29,1539.0,1503.7,1550.0,1484.0,234056
SAFARI,2026-06-05,1511.4,1633.1,1697.0,1500.3,1719629
SAFARI,2026-06-12,1628.2,1535.1,1630.0,1510.0,308797
SAFARI,2026-06-19,1548.1,1675.5,1702.9,1548.1,358545
SAFARI,2026-06-26,1678.3,1590.6,1681.6,1581.0,171922
SAFARI,2026-07-03,1590.6,1617.5,1656.9,1568.0,321050
SAFARI,2026-07-10,1617.5,1631.2,1655.0,1588.0,360047
SAFARI,2026-07-17,1620.0,1640.5,1696.0,1609.8,123638
SAKSOFT,2026-01-23,186.45,167.0,186.83,165.55,836001
SAKSOFT,2026-01-30,167.2,172.94,180.0,164.27,469929
SAKSOFT,2026-02-06,175.8,162.44,180.25,150.35,2756505
SAKSOFT,2026-02-13,162.99,161.64,175.69,161.0,1445581
SAKSOFT,2026-02-20,162.0,155.28,168.67,154.33,1034228
SAKSOFT,2026-02-27,156.52,141.67,157.9,140.0,1340004
SAKSOFT,2026-03-06,134.5,136.05,139.4,130.25,1119957
SAKSOFT,2026-03-13,134.05,127.66,142.05,126.01,1471273
SAKSOFT,2026-03-20,129.22,119.57,129.22,115.52,2141086
SAKSOFT,2026-03-27,116.0,116.81,130.0,112.01,1829943
SAKSOFT,2026-04-03,115.2,124.07,125.0,107.59,1263040
SAKSOFT,2026-04-10,125.0,134.54,139.84,122.1,1156890
SAKSOFT,2026-04-17,132.0,147.69,149.0,127.1,1107612
SAKSOFT,2026-04-24,149.19,138.17,149.99,136.35,781731
SAKSOFT,2026-05-01,139.0,140.15,146.19,135.0,529885
SAKSOFT,2026-05-08,140.15,148.78,153.35,136.02,2414961
SAKSOFT,2026-05-15,150.15,135.26,155.0,134.05,1716868
SAKSOFT,2026-05-22,133.23,139.02,155.0,129.31,6935142
SAKSOFT,2026-05-29,140.5,143.27,153.0,139.99,3082863
SAKSOFT,2026-06-05,144.49,143.23,153.79,140.25,2708839
SAKSOFT,2026-06-12,140.11,137.85,143.1,135.2,961519
SAKSOFT,2026-06-19,141.8,139.96,148.75,138.0,1283726
SAKSOFT,2026-06-26,141.35,160.45,163.88,138.4,32774963
SAKSOFT,2026-07-03,163.75,178.98,217.33,162.45,296761229
SAKSOFT,2026-07-10,180.01,171.06,186.76,161.66,22881762
SAKSOFT,2026-07-17,178.24,179.06,189.99,173.9,18029855
SANGAMIND,2026-01-23,459.9,422.65,469.0,415.35,214957
SANGAMIND,2026-01-30,421.0,454.75,468.0,412.6,74739
SANGAMIND,2026-02-06,450.9,474.3,524.0,440.1,497795
SANGAMIND,2026-02-13,480.3,464.5,498.0,458.3,74417
SANGAMIND,2026-02-20,462.85,467.05,479.7,445.4,115692
SANGAMIND,2026-02-27,467.0,467.05,482.0,463.15,81672
SANGAMIND,2026-03-06,455.1,433.4,462.25,430.2,75109
SANGAMIND,2026-03-13,425.0,424.95,436.9,412.3,65440
SANGAMIND,2026-03-20,418.0,435.45,449.55,412.8,30665
SANGAMIND,2026-03-27,427.0,430.95,440.0,412.2,55663
SANGAMIND,2026-04-03,425.7,425.3,437.8,410.1,31175
SANGAMIND,2026-04-10,428.5,451.65,484.1,428.5,39347
SANGAMIND,2026-04-17,450.1,459.5,464.9,440.55,24793
SANGAMIND,2026-04-24,465.0,513.2,576.95,464.4,1655129
SANGAMIND,2026-05-01,520.0,517.8,549.0,512.1,292744
SANGAMIND,2026-05-08,520.35,523.0,543.0,515.0,160172
SANGAMIND,2026-05-15,523.0,496.3,528.1,489.55,105364
SANGAMIND,2026-05-22,488.05,495.75,505.0,469.8,106642
SANGAMIND,2026-05-29,495.7,515.95,531.85,495.7,130512
SANGAMIND,2026-06-05,516.0,526.4,553.0,516.0,311024
SANGAMIND,2026-06-12,515.85,542.25,549.95,515.85,144201
SANGAMIND,2026-06-19,552.0,541.0,560.25,521.55,152843
SANGAMIND,2026-06-26,541.0,541.85,574.9,522.05,431128
SANGAMIND,2026-07-03,536.3,552.5,562.0,526.0,122109
SANGAMIND,2026-07-10,547.3,558.75,573.3,536.0,249968
SANGAMIND,2026-07-17,559.0,636.95,650.0,554.0,4456484
SANGHVIMOV,2026-01-23,311.0,278.25,321.55,276.0,1612292
SANGHVIMOV,2026-01-30,280.0,302.15,305.8,270.3,729356
SANGHVIMOV,2026-02-06,297.1,318.2,329.9,283.0,1022272
SANGHVIMOV,2026-02-13,308.1,289.45,312.0,287.8,1025550
SANGHVIMOV,2026-02-20,287.7,267.1,291.25,260.1,1138107
SANGHVIMOV,2026-02-27,269.75,261.2,274.6,259.0,843785
SANGHVIMOV,2026-03-06,249.85,244.9,259.35,242.55,883562
SANGHVIMOV,2026-03-13,235.0,235.0,252.45,228.1,1548885
SANGHVIMOV,2026-03-20,231.05,241.15,257.8,223.8,2154835
SANGHVIMOV,2026-03-27,239.0,245.9,269.3,230.5,1751987
SANGHVIMOV,2026-04-03,243.1,286.67,291.76,230.55,1840493
SANGHVIMOV,2026-04-10,282.13,297.46,305.08,273.24,1797479
SANGHVIMOV,2026-04-17,290.0,306.85,316.7,286.45,1411629
SANGHVIMOV,2026-04-24,308.0,301.92,324.97,298.0,1412374
SANGHVIMOV,2026-05-01,303.4,319.9,321.79,298.95,901841
SANGHVIMOV,2026-05-08,321.1,338.65,345.6,314.4,1270868
SANGHVIMOV,2026-05-15,336.0,302.7,340.45,301.0,964674
SANGHVIMOV,2026-05-22,298.5,354.85,378.25,294.95,10908315
SANGHVIMOV,2026-05-29,357.8,364.05,398.8,356.1,2525824
SANGHVIMOV,2026-06-05,365.0,373.15,383.1,344.6,1290193
SANGHVIMOV,2026-06-12,366.2,387.95,399.5,362.0,1596040
SANGHVIMOV,2026-06-19,393.6,414.75,430.0,392.6,3500941
SANGHVIMOV,2026-06-26,423.7,411.1,442.6,406.8,2225892
SANGHVIMOV,2026-07-03,411.1,463.25,464.8,408.45,2347472
SANGHVIMOV,2026-07-10,466.6,459.25,473.0,436.0,1907631
SANGHVIMOV,2026-07-17,459.9,421.2,470.5,413.9,2195035
SANSERA,2026-01-23,1846.0,1661.0,1878.9,1651.0,737683
SANSERA,2026-01-30,1663.0,1735.2,1750.1,1622.8,797576
SANSERA,2026-02-06,1699.0,1849.1,2092.6,1683.5,1175383
SANSERA,2026-02-13,1887.0,2248.9,2270.0,1831.6,3588548
SANSERA,2026-02-20,2200.0,2285.4,2324.8,2135.1,1057481
SANSERA,2026-02-27,2299.0,2342.2,2396.0,2244.4,1194268
SANSERA,2026-03-06,2200.0,2197.7,2316.0,2140.0,638067
SANSERA,2026-03-13,2125.1,1953.4,2208.8,1946.1,943509
SANSERA,2026-03-20,1984.0,2177.9,2228.4,1947.7,1253843
SANSERA,2026-03-27,2131.0,2159.2,2223.2,2025.0,766752
SANSERA,2026-04-03,2158.0,2136.6,2220.0,2052.2,562900
SANSERA,2026-04-10,2136.6,2337.5,2377.0,2088.0,1327387
SANSERA,2026-04-17,2270.1,2378.3,2478.0,2267.2,1115658
SANSERA,2026-04-24,2400.0,2530.7,2596.0,2259.0,1588227
SANSERA,2026-05-01,2555.0,2513.6,2672.5,2475.4,999717
SANSERA,2026-05-08,2515.0,2519.8,2627.4,2426.0,893508
SANSERA,2026-05-15,2504.0,2385.0,2527.0,2331.1,554907
SANSERA,2026-05-22,2351.6,2853.8,2950.0,2317.4,4648653
SANSERA,2026-05-29,2870.0,2861.0,2992.2,2840.0,1079647
SANSERA,2026-06-05,2899.0,2945.1,2992.0,2795.7,1284373
SANSERA,2026-06-12,2904.8,2914.2,2995.0,2843.0,1096167
SANSERA,2026-06-19,2950.0,2945.8,3000.0,2817.0,1046265
SANSERA,2026-06-26,2950.0,3146.2,3271.0,2915.4,2703406
SANSERA,2026-07-03,3150.9,3251.5,3268.0,3081.9,1038636
SANSERA,2026-07-10,3251.5,3304.0,3339.0,3071.0,1296886
SANSERA,2026-07-17,3301.0,3218.8,3361.5,3185.0,855553
SAREGAMA,2026-01-23,345.0,333.75,350.0,322.0,1804068
SAREGAMA,2026-01-30,334.0,337.2,343.0,318.65,1073510
SAREGAMA,2026-02-06,337.15,329.0,340.05,317.1,2236032
SAREGAMA,2026-02-13,329.0,343.05,367.6,329.0,2287211
SAREGAMA,2026-02-20,344.85,343.0,348.95,334.05,1014359
SAREGAMA,2026-02-27,343.0,333.0,344.85,323.0,1296728
SAREGAMA,2026-03-06,320.0,322.25,331.35,314.9,1003124
SAREGAMA,2026-03-13,312.15,342.6,351.9,307.05,2116205
SAREGAMA,2026-03-20,342.6,344.1,370.9,336.15,3515523
SAREGAMA,2026-03-27,337.6,330.35,344.0,319.0,1297509
SAREGAMA,2026-04-03,321.6,320.5,338.0,317.1,1048310
SAREGAMA,2026-04-10,327.0,329.5,337.55,308.8,3463252
SAREGAMA,2026-04-17,330.0,343.9,351.0,322.25,1650551
SAREGAMA,2026-04-24,342.0,346.75,351.8,336.4,1813047
SAREGAMA,2026-05-01,346.75,343.85,365.0,340.5,1592695
SAREGAMA,2026-05-08,346.9,360.4,375.0,342.0,1815904
SAREGAMA,2026-05-15,360.05,415.75,443.0,328.1,135234513
SAREGAMA,2026-05-22,405.15,402.3,423.0,383.6,28616852
SAREGAMA,2026-05-29,407.5,424.15,428.0,394.1,7919598
SAREGAMA,2026-06-05,444.0,476.2,479.0,438.6,27866265
SAREGAMA,2026-06-12,465.55,455.85,485.0,433.25,6550158
SAREGAMA,2026-06-19,459.9,465.9,471.55,450.2,3204223
SAREGAMA,2026-06-26,468.9,480.7,489.95,461.55,3100636
SAREGAMA,2026-07-03,482.0,485.75,509.9,475.75,3719147
SAREGAMA,2026-07-10,487.9,479.2,493.0,443.35,2788390
SAREGAMA,2026-07-17,479.1,494.85,503.0,470.15,2791356
SASKEN,2026-01-23,1331.2,1243.6,1350.0,1234.1,47363
SASKEN,2026-01-30,1258.0,1230.1,1280.0,1205.0,34174
SASKEN,2026-02-06,1274.8,1254.0,1320.5,1224.0,72609
SASKEN,2026-02-13,1297.0,1230.0,1390.0,1212.1,449020
SASKEN,2026-02-20,1230.0,1229.3,1284.0,1188.1,86230
SASKEN,2026-02-27,1223.1,1144.9,1236.0,1129.0,64049
SASKEN,2026-03-06,1136.2,1118.8,1158.9,1097.5,65394
SASKEN,2026-03-13,1089.0,1007.5,1150.0,999.3,201111
SASKEN,2026-03-20,1022.6,1174.4,1199.0,991.0,361599
SASKEN,2026-03-27,1136.1,1136.6,1221.9,1078.6,235571
SASKEN,2026-04-03,1136.6,1186.9,1202.0,1100.1,71894
SASKEN,2026-04-10,1178.5,1209.4,1253.0,1172.6,41359
SASKEN,2026-04-17,1199.9,1345.7,1357.9,1178.8,100584
SASKEN,2026-04-24,1362.9,1267.8,1391.0,1222.2,77048
SASKEN,2026-05-01,1290.0,1309.4,1349.5,1275.1,56570
SASKEN,2026-05-08,1323.0,1362.2,1389.3,1320.0,112954
SASKEN,2026-05-15,1500.0,1709.6,1959.0,1480.3,9100064
SASKEN,2026-05-22,1680.1,1813.8,1878.0,1655.0,1163895
SASKEN,2026-05-29,1862.0,2258.2,2284.0,1792.1,1138203
SASKEN,2026-06-05,2230.1,2181.2,2358.7,2120.0,472995
SASKEN,2026-06-12,2170.3,2120.6,2440.0,2035.5,491828
SASKEN,2026-06-19,2188.2,2586.1,2780.2,2102.2,527645
SASKEN,2026-06-26,2579.0,2250.4,2579.0,2219.1,294296
SASKEN,2026-07-03,2260.4,2094.0,2339.4,2071.1,256288
SASKEN,2026-07-10,2129.9,2055.9,2147.9,1926.9,194223
SASKEN,2026-07-17,2040.0,1886.2,2118.0,1875.7,91319
SATIN,2026-01-23,149.3,152.13,155.99,145.51,995393
SATIN,2026-01-30,152.2,158.35,166.0,150.0,1637867
SATIN,2026-02-06,158.6,159.88,162.0,152.2,506653
SATIN,2026-02-13,159.88,154.33,162.8,152.21,677936
SATIN,2026-02-20,151.6,154.9,163.95,150.02,1049559
SATIN,2026-02-27,153.2,154.72,160.9,150.61,762925
SATIN,2026-03-06,144.15,150.99,155.8,144.15,586825
SATIN,2026-03-13,145.0,144.04,151.9,143.15,519918
SATIN,2026-03-20,144.04,145.16,149.0,143.0,464509
SATIN,2026-03-27,143.01,142.67,148.45,138.6,1042985
SATIN,2026-04-03,140.0,145.6,149.8,136.0,529358
SATIN,2026-04-10,144.2,159.52,162.0,143.26,741540
SATIN,2026-04-17,153.65,175.49,178.25,152.38,1934180
SATIN,2026-04-24,176.2,167.37,178.0,165.35,1389714
SATIN,2026-05-01,168.21,176.16,183.0,168.21,2033644
SATIN,2026-05-08,176.16,212.72,215.5,176.16,4152785
SATIN,2026-05-15,210.51,223.39,245.54,210.5,36755855
SATIN,2026-05-22,220.0,210.08,226.0,205.3,2752309
SATIN,2026-05-29,212.0,217.82,228.89,211.77,1633572
SATIN,2026-06-05,217.8,241.39,247.0,213.16,5788979
SATIN,2026-06-12,239.49,226.32,244.75,216.36,2757201
SATIN,2026-06-19,233.4,235.43,241.0,227.86,1682554
SATIN,2026-06-26,233.45,231.03,244.47,229.55,1457782
SATIN,2026-07-03,230.01,254.8,262.02,226.75,4254212
SATIN,2026-07-10,259.0,256.68,267.2,246.05,3961906
SATIN,2026-07-17,257.0,255.07,270.89,250.2,3737830
SBCL,2026-01-23,436.45,414.8,439.8,412.0,372741
SBCL,2026-01-30,411.0,425.05,426.55,401.0,196886
SBCL,2026-02-06,420.4,485.5,493.9,412.05,931067
SBCL,2026-02-13,487.75,512.85,548.9,486.05,706449
SBCL,2026-02-20,508.55,497.9,512.8,477.0,310383
SBCL,2026-02-27,499.9,448.75,512.75,447.45,493263
SBCL,2026-03-06,431.15,424.45,445.0,417.55,497108
SBCL,2026-03-13,419.05,415.1,444.0,410.0,537773
SBCL,2026-03-20,415.0,405.55,434.75,392.05,840688
SBCL,2026-03-27,402.0,376.3,406.9,370.0,1270142
SBCL,2026-04-03,370.4,410.15,420.55,368.6,1035814
SBCL,2026-04-10,411.0,486.35,489.55,405.35,1177700
SBCL,2026-04-17,479.55,523.0,531.9,470.55,1325693
SBCL,2026-04-24,525.0,592.3,625.0,513.6,6419934
SBCL,2026-05-01,615.0,595.5,655.4,580.0,5951409
SBCL,2026-05-08,594.05,636.65,655.0,583.65,2154995
SBCL,2026-05-15,636.7,601.25,636.7,565.6,1251839
SBCL,2026-05-22,590.1,677.95,700.0,577.0,2925758
SBCL,2026-05-29,686.5,740.0,789.0,686.0,4305996
SBCL,2026-06-05,739.7,712.7,761.35,703.05,1596326
SBCL,2026-06-12,702.7,695.5,747.0,662.5,2473865
SBCL,2026-06-19,706.0,746.55,774.5,688.0,2690891
SBCL,2026-06-26,758.0,754.0,789.85,736.55,1951642
SBCL,2026-07-03,760.45,794.05,799.05,724.5,2885218
SBCL,2026-07-10,810.0,747.05,814.0,688.05,3369994
SBCL,2026-07-17,734.15,737.35,749.6,710.55,1358290
SCHAEFFLER,2026-01-23,3810.0,3616.4,3818.7,3518.4,219315
SCHAEFFLER,2026-01-30,3630.0,3622.1,3680.0,3548.7,231819
SCHAEFFLER,2026-02-06,3578.0,3814.3,3937.6,3550.0,306666
SCHAEFFLER,2026-02-13,3886.0,3772.1,4071.3,3700.5,251839
SCHAEFFLER,2026-02-20,3799.6,3888.9,3951.2,3733.8,160848
SCHAEFFLER,2026-02-27,3901.9,4357.2,4443.8,3901.9,2139360
SCHAEFFLER,2026-03-06,4170.0,4325.8,4467.7,4080.0,481338
SCHAEFFLER,2026-03-13,4274.0,3830.6,4274.0,3806.2,351247
SCHAEFFLER,2026-03-20,3820.5,4186.5,4240.0,3749.4,579758
SCHAEFFLER,2026-03-27,4155.0,3985.1,4155.0,3874.5,256958
SCHAEFFLER,2026-04-03,3901.0,3764.4,3996.9,3707.0,252965
SCHAEFFLER,2026-04-10,3764.2,3905.5,3990.0,3690.8,705031
SCHAEFFLER,2026-04-17,3850.0,4002.5,4040.0,3793.6,392352
SCHAEFFLER,2026-04-24,4000.0,4286.6,4351.0,3954.5,623787
SCHAEFFLER,2026-05-01,4350.0,4124.8,4445.0,4035.4,612608
SCHAEFFLER,2026-05-08,4192.2,4247.9,4297.0,4078.7,576240
SCHAEFFLER,2026-05-15,4249.0,4029.6,4264.9,4009.5,257046
SCHAEFFLER,2026-05-22,3996.0,4072.1,4144.9,3886.6,247859
SCHAEFFLER,2026-05-29,4100.0,4128.7,4249.0,4064.0,354666
SCHAEFFLER,2026-06-05,4136.5,4035.3,4152.0,3962.5,553507
SCHAEFFLER,2026-06-12,4007.5,4055.7,4144.9,3811.1,197243
SCHAEFFLER,2026-06-19,4102.6,4329.9,4369.0,4025.0,503891
SCHAEFFLER,2026-06-26,4350.0,4157.6,4429.0,4138.3,412768
SCHAEFFLER,2026-07-03,4157.0,4162.1,4235.0,4051.0,284554
SCHAEFFLER,2026-07-10,4192.6,4085.0,4196.4,4030.0,164449
SCHAEFFLER,2026-07-17,4090.4,4146.1,4210.0,4060.0,539712
SCHNEIDER,2026-01-23,615.0,606.7,644.15,571.85,7556634
SCHNEIDER,2026-01-30,605.0,692.8,707.8,595.9,2053951
SCHNEIDER,2026-02-06,701.2,768.9,775.8,677.2,1970374
SCHNEIDER,2026-02-13,771.95,811.7,832.0,761.15,3388187
SCHNEIDER,2026-02-20,814.5,922.65,942.45,795.9,8034617
SCHNEIDER,2026-02-27,936.3,906.45,948.8,840.0,1543160
SCHNEIDER,2026-03-06,865.0,905.85,915.0,829.55,537726
SCHNEIDER,2026-03-13,885.2,885.7,934.0,860.6,704892
SCHNEIDER,2026-03-20,862.1,890.0,925.0,842.1,357922
SCHNEIDER,2026-03-27,875.1,876.75,912.0,845.6,348139
SCHNEIDER,2026-04-03,871.0,906.05,910.5,832.95,270671
SCHNEIDER,2026-04-10,907.0,1010.1,1014.3,886.1,947034
SCHNEIDER,2026-04-17,990.0,1036.05,1047.8,976.1,755092
SCHNEIDER,2026-04-24,1055.0,1180.1,1183.35,1024.0,1254825
SCHNEIDER,2026-05-01,1190.0,1243.7,1249.8,1130.0,803057
SCHNEIDER,2026-05-08,1248.0,1344.6,1370.0,1220.0,1476862
SCHNEIDER,2026-05-15,1344.0,1264.3,1346.0,1217.0,701050
SCHNEIDER,2026-05-22,1255.0,1307.6,1367.0,1175.0,893103
SCHNEIDER,2026-05-29,1328.0,1308.8,1417.8,1308.8,1349805
SCHNEIDER,2026-06-05,1243.4,1172.2,1243.4,1066.2,4472772
SCHNEIDER,2026-06-12,1149.0,1105.7,1175.8,1071.0,2638082
SCHNEIDER,2026-06-19,1123.7,1331.4,1338.0,1100.0,4087715
SCHNEIDER,2026-06-26,1344.9,1335.3,1468.7,1331.1,2637985
SCHNEIDER,2026-07-03,1336.0,1481.6,1492.1,1320.0,3982479
SCHNEIDER,2026-07-10,1494.3,1414.2,1548.0,1403.0,2119728
SCHNEIDER,2026-07-17,1410.0,1278.5,1443.6,1271.0,1157072
SERVOTECH,2026-01-23,70.6,59.52,70.6,59.16,3358496
SERVOTECH,2026-01-30,60.0,59.05,63.9,57.51,4689778
SERVOTECH,2026-02-06,77.5,79.73,89.0,71.0,21666303
SERVOTECH,2026-02-13,80.4,85.35,90.0,79.07,10021056
SERVOTECH,2026-02-20,85.35,76.32,85.8,76.01,3646935
SERVOTECH,2026-02-27,78.5,75.56,78.91,73.05,3306553
SERVOTECH,2026-03-06,70.2,68.36,72.7,66.25,2899320
SERVOTECH,2026-03-13,65.01,68.28,73.59,62.4,3637061
SERVOTECH,2026-03-20,68.24,68.71,71.78,65.0,2785390
SERVOTECH,2026-03-27,66.35,66.58,71.6,64.65,3142194
SERVOTECH,2026-04-03,66.0,68.88,69.39,61.62,2858284
SERVOTECH,2026-04-10,68.88,79.97,83.35,66.3,5750483
SERVOTECH,2026-04-17,77.9,85.77,87.0,75.9,5150971
SERVOTECH,2026-04-24,85.5,90.24,95.8,82.02,12082358
SERVOTECH,2026-05-01,91.1,94.93,99.0,89.2,9756665
SERVOTECH,2026-05-08,99.19,95.05,100.63,94.0,6265684
SERVOTECH,2026-05-15,96.0,93.2,102.2,89.0,11283668
SERVOTECH,2026-05-22,84.06,92.8,96.6,84.06,7334389
SERVOTECH,2026-05-29,94.12,97.51,101.75,92.32,8596966
SERVOTECH,2026-06-05,98.25,104.26,115.8,94.84,28364332
SERVOTECH,2026-06-12,103.4,102.53,106.3,95.51,7946783
SERVOTECH,2026-06-19,104.1,101.67,107.4,100.61,5748003
SERVOTECH,2026-06-26,102.0,98.45,104.88,97.92,3877878
SERVOTECH,2026-07-03,98.1,101.37,103.5,95.28,5152517
SERVOTECH,2026-07-10,101.45,98.91,105.25,94.56,4255366
SERVOTECH,2026-07-17,98.0,99.8,102.5,92.48,4818925
SHAILY,2026-01-23,2156.8,1890.3,2173.7,1870.0,947879
SHAILY,2026-01-30,1880.9,1913.7,1935.6,1784.0,984775
SHAILY,2026-02-06,1935.0,2010.1,2119.0,1858.0,1021399
SHAILY,2026-02-13,2016.0,2003.7,2287.8,1931.0,1595716
SHAILY,2026-02-20,2013.8,2021.9,2136.0,1976.7,728037
SHAILY,2026-02-27,2051.9,1950.1,2075.0,1916.4,1187806
SHAILY,2026-03-06,1831.0,1913.6,1991.8,1806.0,581707
SHAILY,2026-03-13,1860.0,1938.8,1989.8,1800.0,2178869
SHAILY,2026-03-20,1912.2,2399.0,2505.1,1876.4,6324834
SHAILY,2026-03-27,2350.0,2156.6,2426.5,2140.0,1494688
SHAILY,2026-04-03,2124.3,2083.3,2221.0,2001.8,657474
SHAILY,2026-04-10,2078.8,1950.5,2220.0,1922.0,2442257
SHAILY,2026-04-17,1926.0,1885.0,2003.6,1770.9,2805973
SHAILY,2026-04-24,1885.0,2503.1,2564.0,1832.0,6030432
SHAILY,2026-05-01,2457.4,2532.6,2587.0,2344.0,2368463
SHAILY,2026-05-08,2520.1,2679.2,2720.0,2462.6,1050975
SHAILY,2026-05-15,2690.0,2768.3,2836.9,2503.4,1313034
SHAILY,2026-05-22,2750.0,2695.2,2828.3,2376.0,1952027
SHAILY,2026-05-29,2737.1,2989.5,3019.9,2650.4,1437963
SHAILY,2026-06-05,3004.9,3062.9,3198.0,2925.6,1840431
SHAILY,2026-06-12,3055.1,2972.0,3233.9,2890.3,1005544
SHAILY,2026-06-19,3049.8,2803.8,3049.8,2630.8,4329766
SHAILY,2026-06-26,2815.0,2849.7,2918.0,2750.0,694680
SHAILY,2026-07-03,2849.7,2901.6,2956.0,2820.2,1046340
SHAILY,2026-07-10,2901.7,2767.4,2935.9,2627.9,1729722
SHAILY,2026-07-17,2756.0,2760.6,2799.1,2666.3,709204
SHANTIGEAR,2026-01-23,407.2,450.05,493.4,395.0,830425
SHANTIGEAR,2026-01-30,451.0,451.6,463.0,434.15,83946
SHANTIGEAR,2026-02-06,450.0,453.85,463.0,449.95,49488
SHANTIGEAR,2026-02-13,453.85,453.6,478.0,450.0,80368
SHANTIGEAR,2026-02-20,453.6,450.1,457.0,449.5,74426
SHANTIGEAR,2026-02-27,450.55,450.1,453.95,449.5,32563
SHANTIGEAR,2026-03-06,449.5,440.3,452.45,435.0,59698
SHANTIGEAR,2026-03-13,435.0,452.1,495.0,431.15,143453
SHANTIGEAR,2026-03-20,450.0,440.4,458.95,438.05,114681
SHANTIGEAR,2026-03-27,440.0,430.45,443.45,427.5,107171
SHANTIGEAR,2026-04-03,430.0,446.3,449.0,420.1,54949
SHANTIGEAR,2026-04-10,449.0,461.95,475.0,443.05,56454
SHANTIGEAR,2026-04-17,466.95,472.3,489.25,454.05,51621
SHANTIGEAR,2026-04-24,469.45,469.25,485.0,462.0,41572
SHANTIGEAR,2026-05-01,470.7,480.85,484.0,469.55,32719
SHANTIGEAR,2026-05-08,482.0,462.7,490.0,450.0,189177
SHANTIGEAR,2026-05-15,465.5,442.0,465.5,439.75,59409
SHANTIGEAR,2026-05-22,440.0,440.7,447.5,439.95,34762
SHANTIGEAR,2026-05-29,440.7,440.55,453.45,439.75,69338
SHANTIGEAR,2026-06-05,440.0,441.15,448.0,440.0,44301
SHANTIGEAR,2026-06-12,441.15,441.25,444.85,440.0,37559
SHANTIGEAR,2026-06-19,450.0,450.6,462.8,442.0,92684
SHANTIGEAR,2026-06-26,452.85,441.2,458.0,440.0,103153
SHANTIGEAR,2026-07-03,438.0,444.35,460.0,438.0,59629
SHANTIGEAR,2026-07-10,444.0,442.6,462.45,436.15,71517
SHANTIGEAR,2026-07-17,444.0,423.6,446.95,421.1,43789
SHILPAMED,2026-01-23,291.05,267.0,291.85,261.15,1455738
SHILPAMED,2026-01-30,270.05,288.95,295.0,259.5,1717654
SHILPAMED,2026-02-06,288.0,315.9,332.0,272.0,3455608
SHILPAMED,2026-02-13,329.0,326.8,350.9,316.0,4587164
SHILPAMED,2026-02-20,326.8,324.8,336.9,322.1,971081
SHILPAMED,2026-02-27,324.85,336.65,344.5,317.3,1942363
SHILPAMED,2026-03-06,315.9,333.1,336.85,311.95,1095523
SHILPAMED,2026-03-13,329.8,312.8,348.25,312.0,2730322
SHILPAMED,2026-03-20,312.8,323.25,328.7,308.3,1266487
SHILPAMED,2026-03-27,320.15,349.6,365.0,311.05,14023088
SHILPAMED,2026-04-03,345.1,388.9,393.0,338.05,2262334
SHILPAMED,2026-04-10,388.9,420.1,426.9,368.45,2500994
SHILPAMED,2026-04-17,410.05,410.55,424.45,404.55,1288833
SHILPAMED,2026-04-24,415.0,413.9,436.4,396.5,3127907
SHILPAMED,2026-05-01,408.6,406.65,429.0,400.6,1212704
SHILPAMED,2026-05-08,410.65,437.0,451.0,408.05,3523311
SHILPAMED,2026-05-15,434.25,478.4,491.95,426.15,5642944
SHILPAMED,2026-05-22,479.0,490.25,518.55,464.15,7820566
SHILPAMED,2026-05-29,500.0,498.95,529.8,483.35,8194680
SHILPAMED,2026-06-05,504.5,538.05,543.0,493.4,8515126
SHILPAMED,2026-06-12,530.0,546.75,581.0,526.0,5740984
SHILPAMED,2026-06-19,554.8,551.35,589.0,524.05,5521359
SHILPAMED,2026-06-26,552.0,571.6,598.9,543.6,6073589
SHILPAMED,2026-07-03,571.6,608.95,615.0,556.95,9962338
SHILPAMED,2026-07-10,610.0,627.15,633.3,588.1,3638500
SHILPAMED,2026-07-17,624.05,620.25,650.0,615.85,2952045
SHRIPISTON,2026-01-23,2866.4,2700.3,2953.0,2670.1,377107
SHRIPISTON,2026-01-30,2700.3,2749.3,2770.0,2620.0,220019
SHRIPISTON,2026-02-06,2690.0,2967.2,3144.0,2570.7,721539
SHRIPISTON,2026-02-13,3023.9,3084.0,3247.0,2996.8,429882
SHRIPISTON,2026-02-20,3090.0,2934.8,3147.0,2910.0,219978
SHRIPISTON,2026-02-27,2979.0,3116.9,3230.0,2952.1,550032
SHRIPISTON,2026-03-06,3001.3,2928.7,3134.9,2911.0,258730
SHRIPISTON,2026-03-13,2872.0,2856.1,3131.0,2780.7,332575
SHRIPISTON,2026-03-20,2875.0,3125.0,3249.8,2813.8,1185448
SHRIPISTON,2026-03-27,3125.0,3033.5,3145.0,2890.2,377466
SHRIPISTON,2026-04-03,2988.0,2928.4,3125.0,2915.0,168218
SHRIPISTON,2026-04-10,2928.4,3608.2,3653.0,2928.4,908686
SHRIPISTON,2026-04-17,3501.0,3735.8,3749.9,3501.0,494978
SHRIPISTON,2026-04-24,3750.0,3478.7,3764.9,3462.5,412439
SHRIPISTON,2026-05-01,3485.0,3491.1,3672.0,3379.1,324237
SHRIPISTON,2026-05-08,3540.0,3604.4,3648.3,3492.6,198986
SHRIPISTON,2026-05-15,3612.0,3385.6,3677.0,3302.6,366217
SHRIPISTON,2026-05-22,3380.0,3253.6,3395.0,3227.4,167582
SHRIPISTON,2026-05-29,3270.6,3391.0,3472.0,3222.2,206969
SHRIPISTON,2026-06-05,3391.0,3406.1,3493.9,3305.0,190316
SHRIPISTON,2026-06-12,3355.0,3524.4,3638.0,3263.1,452141
SHRIPISTON,2026-06-19,3598.0,3739.7,3860.0,3577.0,521398
SHRIPISTON,2026-06-26,3731.0,4033.0,4050.0,3731.0,358364
SHRIPISTON,2026-07-03,4036.4,4197.5,4421.5,3951.1,464173
SHRIPISTON,2026-07-10,4197.5,4189.6,4296.6,4088.0,166810
SHRIPISTON,2026-07-17,4157.0,4169.9,4311.9,4101.1,173113
SHRIRAMFIN,2026-01-23,1002.0,1003.55,1020.85,972.55,34315305
SHRIRAMFIN,2026-01-30,1011.2,1020.0,1029.3,984.2,26690323
SHRIRAMFIN,2026-02-06,990.2,1002.5,1041.5,939.0,36896241
SHRIRAMFIN,2026-02-13,1005.0,1065.8,1087.1,1003.4,30930059
SHRIRAMFIN,2026-02-20,1065.8,1059.3,1088.3,1044.6,15270452
SHRIRAMFIN,2026-02-27,1072.8,1079.4,1108.0,1050.2,18836553
SHRIRAMFIN,2026-03-06,1044.0,1007.5,1071.0,987.4,29137372
SHRIRAMFIN,2026-03-13,957.5,1003.6,1077.9,934.2,50645944
SHRIRAMFIN,2026-03-20,990.0,938.6,1028.9,922.3,59073806
SHRIRAMFIN,2026-03-27,930.0,903.8,965.0,870.2,50420364
SHRIRAMFIN,2026-04-03,888.0,891.6,926.3,863.45,29931587
SHRIRAMFIN,2026-04-10,895.0,1027.55,1035.45,885.65,45375333
SHRIRAMFIN,2026-04-17,1000.15,1036.95,1043.5,988.8,26173550
SHRIRAMFIN,2026-04-24,1040.0,1011.3,1062.7,983.55,28696438
SHRIRAMFIN,2026-05-01,1011.3,937.35,1012.0,921.0,33669067
SHRIRAMFIN,2026-05-08,942.0,1007.75,1023.75,937.3,24510460
SHRIRAMFIN,2026-05-15,990.0,937.9,990.85,901.3,40329351
SHRIRAMFIN,2026-05-22,923.8,941.0,944.25,910.0,24225853
SHRIRAMFIN,2026-05-29,956.95,947.15,975.55,942.9,25447973
SHRIRAMFIN,2026-06-05,950.05,923.3,953.85,888.9,32306747
SHRIRAMFIN,2026-06-12,909.0,954.95,959.1,879.1,28903898
SHRIRAMFIN,2026-06-19,1005.0,1001.9,1017.3,988.0,27125792
SHRIRAMFIN,2026-06-26,1003.95,1031.8,1052.0,980.55,24001514
SHRIRAMFIN,2026-07-03,1036.95,1063.6,1081.5,1029.75,30650579
SHRIRAMFIN,2026-07-10,1065.9,1044.1,1087.3,1005.0,25668659
SHRIRAMFIN,2026-07-17,1019.9,1034.9,1053.1,1007.0,22849701
SHRIRAMPPS,2026-01-23,77.0,72.52,77.84,72.04,2613925
SHRIRAMPPS,2026-01-30,73.8,74.27,77.38,71.31,1860014
SHRIRAMPPS,2026-02-06,72.0,76.34,82.2,70.97,2069963
SHRIRAMPPS,2026-02-13,76.97,84.36,86.54,76.78,4419038
SHRIRAMPPS,2026-02-20,82.25,83.75,84.2,78.43,3016744
SHRIRAMPPS,2026-02-27,84.08,79.35,84.12,78.14,1613050
SHRIRAMPPS,2026-03-06,79.35,75.27,79.35,74.0,1270027
SHRIRAMPPS,2026-03-13,73.65,70.94,75.0,69.63,2713997
SHRIRAMPPS,2026-03-20,70.94,68.22,71.5,67.8,3434699
SHRIRAMPPS,2026-03-27,66.17,65.96,69.59,65.0,5363705
SHRIRAMPPS,2026-04-03,65.15,67.61,67.99,60.57,2099958
SHRIRAMPPS,2026-04-10,67.7,78.53,79.7,66.44,7056715
SHRIRAMPPS,2026-04-17,76.9,82.56,82.98,75.0,2441492
SHRIRAMPPS,2026-04-24,83.5,82.53,86.92,80.45,2816740
SHRIRAMPPS,2026-05-01,83.24,84.5,88.5,83.24,2238503
SHRIRAMPPS,2026-05-08,85.19,96.89,98.89,85.01,12752974
SHRIRAMPPS,2026-05-15,96.87,83.11,96.87,83.0,6269919
SHRIRAMPPS,2026-05-22,82.49,84.13,84.59,80.4,2596241
SHRIRAMPPS,2026-05-29,86.89,89.16,97.9,85.25,16756144
SHRIRAMPPS,2026-06-05,89.9,88.18,91.89,87.36,4799611
SHRIRAMPPS,2026-06-12,87.2,85.97,87.5,81.37,2382444
SHRIRAMPPS,2026-06-19,87.5,91.81,93.9,86.95,5199994
SHRIRAMPPS,2026-06-26,92.5,88.85,94.0,88.22,2637781
SHRIRAMPPS,2026-07-03,88.76,89.22,90.85,86.87,2594447
SHRIRAMPPS,2026-07-10,90.0,89.96,94.0,83.55,5153814
SHRIRAMPPS,2026-07-17,88.05,87.18,92.0,85.5,2792325
SHYAMMETL,2026-01-23,813.45,779.1,820.15,774.0,674694
SHYAMMETL,2026-01-30,777.0,856.25,872.9,754.7,1707541
SHYAMMETL,2026-02-06,843.3,860.4,867.35,827.65,434481
SHYAMMETL,2026-02-13,857.95,879.45,912.8,856.2,1108173
SHYAMMETL,2026-02-20,880.15,850.1,905.4,834.2,671965
SHYAMMETL,2026-02-27,858.0,860.3,866.05,823.1,606792
SHYAMMETL,2026-03-06,820.0,794.95,860.0,790.65,708715
SHYAMMETL,2026-03-13,775.2,769.9,801.5,752.1,564470
SHYAMMETL,2026-03-20,769.9,795.3,818.0,746.0,1505261
SHYAMMETL,2026-03-27,774.0,770.25,815.45,761.2,1259292
SHYAMMETL,2026-04-03,763.0,792.65,802.95,747.95,968425
SHYAMMETL,2026-04-10,780.0,838.8,857.0,774.05,2584707
SHYAMMETL,2026-04-17,823.0,864.2,880.0,811.1,798173
SHYAMMETL,2026-04-24,859.9,820.7,872.0,802.3,2565797
SHYAMMETL,2026-05-01,834.3,873.75,908.6,830.05,4740228
SHYAMMETL,2026-05-08,884.0,903.5,926.9,877.0,3014997
SHYAMMETL,2026-05-15,908.85,877.25,934.9,829.35,5467506
SHYAMMETL,2026-05-22,871.0,947.8,952.5,860.05,4045998
SHYAMMETL,2026-05-29,958.9,973.35,992.0,939.0,4698916
SHYAMMETL,2026-06-05,975.0,1001.3,1014.0,957.0,3386760
SHYAMMETL,2026-06-12,995.0,983.75,995.0,961.0,2563064
SHYAMMETL,2026-06-19,986.4,970.3,1002.85,950.7,3635636
SHYAMMETL,2026-06-26,979.5,945.75,979.5,933.0,1365775
SHYAMMETL,2026-07-03,940.1,955.1,979.05,934.35,1677519
SHYAMMETL,2026-07-10,965.0,975.1,978.4,916.1,2617042
SHYAMMETL,2026-07-17,974.95,1022.5,1059.0,965.15,4113153
SIEMENS,2026-01-23,2919.9,2900.4,2975.9,2826.0,1236410
SIEMENS,2026-01-30,2918.0,3101.3,3118.9,2852.0,1206990
SIEMENS,2026-02-06,2984.9,3176.2,3324.6,2972.6,2289921
SIEMENS,2026-02-13,3115.1,3116.5,3184.5,3036.7,1879589
SIEMENS,2026-02-20,3116.5,3206.2,3307.0,3083.1,2243560
SIEMENS,2026-02-27,3210.1,3418.6,3440.0,3201.0,2686119
SIEMENS,2026-03-06,3396.2,3268.9,3396.3,3141.7,1685277
SIEMENS,2026-03-13,3180.0,3207.6,3361.9,3130.0,1620641
SIEMENS,2026-03-20,3220.0,3129.6,3233.1,3066.0,1901642
SIEMENS,2026-03-27,3110.0,3048.9,3127.0,2937.0,1952676
SIEMENS,2026-04-03,2997.6,3026.6,3072.3,2906.0,1023161
SIEMENS,2026-04-10,3041.4,3388.5,3402.4,2965.1,1860353
SIEMENS,2026-04-17,3340.0,3707.9,3718.9,3275.5,4519349
SIEMENS,2026-04-24,3702.0,3808.9,3901.0,3659.5,2891249
SIEMENS,2026-05-01,3830.5,3808.2,3892.0,3734.5,1256169
SIEMENS,2026-05-08,3850.0,3822.6,3930.0,3783.0,2079104
SIEMENS,2026-05-15,3720.0,3587.9,3724.5,3469.0,2852088
SIEMENS,2026-05-22,3572.0,3811.7,3834.0,3454.5,1906846
SIEMENS,2026-05-29,3836.4,3844.0,3937.3,3543.3,4947835
SIEMENS,2026-06-05,3850.0,3700.8,3856.7,3639.6,2305340
SIEMENS,2026-06-12,3620.0,3569.6,3675.0,3501.0,1845682
SIEMENS,2026-06-19,3630.0,3759.6,3776.1,3582.7,1777071
SIEMENS,2026-06-26,3779.0,3627.9,3807.7,3550.1,1418743
SIEMENS,2026-07-03,3650.0,3536.3,3668.4,3497.5,1692756
SIEMENS,2026-07-10,3553.9,3496.5,3584.9,3398.1,1681260
SIEMENS,2026-07-17,3479.3,3658.8,3855.0,3437.0,2493075
SIRCA,2026-01-23,492.0,459.95,497.7,456.1,1308707
SIRCA,2026-01-30,462.7,463.85,485.4,452.5,847178
SIRCA,2026-02-06,457.35,465.5,487.7,447.5,1116482
SIRCA,2026-02-13,467.8,472.6,483.95,460.05,1005550
SIRCA,2026-02-20,471.5,458.85,478.95,456.25,1127177
SIRCA,2026-02-27,468.0,457.25,474.0,455.5,1227119
SIRCA,2026-03-06,454.0,451.4,461.0,429.0,1141594
SIRCA,2026-03-13,446.0,410.25,449.65,407.0,921574
SIRCA,2026-03-20,411.0,429.25,439.85,398.45,1688432
SIRCA,2026-03-27,429.0,419.7,438.4,395.0,770397
SIRCA,2026-04-03,419.0,422.1,431.8,396.3,769635
SIRCA,2026-04-10,428.05,437.15,443.9,399.0,1912663
SIRCA,2026-04-17,435.0,456.7,460.15,419.1,1967711
SIRCA,2026-04-24,460.0,437.3,464.25,425.8,1644959
SIRCA,2026-05-01,443.5,423.75,444.85,419.6,961827
SIRCA,2026-05-08,424.0,423.1,444.7,417.05,4656264
SIRCA,2026-05-15,424.8,436.3,443.0,416.0,5816278
SIRCA,2026-05-22,437.05,419.35,437.7,413.2,2278246
SIRCA,2026-05-29,422.25,417.7,426.5,414.0,1389372
SIRCA,2026-06-05,422.95,419.45,436.55,414.5,1458160
SIRCA,2026-06-12,418.5,418.15,421.25,412.9,851280
SIRCA,2026-06-19,425.8,412.3,429.0,408.2,1609355
SIRCA,2026-06-26,413.9,407.05,430.0,405.0,1811366
SIRCA,2026-07-03,410.0,402.45,410.5,397.25,1284815
SIRCA,2026-07-10,403.6,393.65,407.75,388.8,1305956
SIRCA,2026-07-17,395.55,391.0,407.45,385.0,1399833
SIS,2026-01-23,330.05,321.55,335.0,315.8,198758
SIS,2026-01-30,323.2,336.5,339.9,316.95,206430
SIS,2026-02-06,338.5,341.1,359.0,328.55,589068
SIS,2026-02-13,340.75,327.35,352.0,324.75,248243
SIS,2026-02-20,327.9,296.8,328.05,294.4,550626
SIS,2026-02-27,295.2,305.3,308.85,288.3,1354415
SIS,2026-03-06,303.0,297.9,309.5,289.15,814268
SIS,2026-03-13,294.05,279.4,295.0,278.0,333829
SIS,2026-03-20,279.95,273.65,281.25,271.55,240895
SIS,2026-03-27,271.15,288.65,296.7,257.05,537056
SIS,2026-04-03,285.05,287.85,295.0,279.5,162179
SIS,2026-04-10,292.15,302.75,306.0,279.9,157904
SIS,2026-04-17,302.0,323.4,330.0,299.0,147767
SIS,2026-04-24,320.0,335.7,344.0,316.2,281078
SIS,2026-05-01,337.0,355.45,369.9,335.7,233192
SIS,2026-05-08,369.9,390.25,418.85,367.0,4247816
SIS,2026-05-15,390.25,390.25,398.0,368.4,286705
SIS,2026-05-22,384.4,392.55,409.5,377.35,373865
SIS,2026-05-29,392.55,402.8,412.8,384.5,264194
SIS,2026-06-05,406.0,417.05,439.65,396.05,1685136
SIS,2026-06-12,407.7,421.15,444.3,397.05,925679
SIS,2026-06-19,421.0,429.75,441.0,418.8,553693
SIS,2026-06-26,429.75,435.4,480.95,426.3,9645366
SIS,2026-07-03,436.0,425.75,444.9,402.55,1199022
SIS,2026-07-10,423.5,435.5,443.95,422.15,474406
SIS,2026-07-17,435.5,433.6,445.35,427.95,675570
SIYSIL,2026-01-23,594.0,561.25,601.95,548.8,263432
SIYSIL,2026-01-30,570.1,521.3,572.45,494.1,915033
SIYSIL,2026-02-06,514.45,560.45,605.0,496.4,963194
SIYSIL,2026-02-13,567.9,570.85,586.8,558.35,546705
SIYSIL,2026-02-20,561.3,551.7,578.0,540.0,190228
SIYSIL,2026-02-27,556.75,531.55,564.75,530.1,156040
SIYSIL,2026-03-06,505.0,510.3,543.95,505.0,250776
SIYSIL,2026-03-13,503.05,485.85,513.0,483.0,325791
SIYSIL,2026-03-20,485.85,475.35,495.45,467.4,286427
SIYSIL,2026-03-27,472.5,459.6,498.0,455.2,770547
SIYSIL,2026-04-03,452.0,480.2,483.6,433.35,244383
SIYSIL,2026-04-10,489.9,532.2,541.3,472.85,433605
SIYSIL,2026-04-17,529.55,544.25,554.9,510.0,147910
SIYSIL,2026-04-24,547.15,564.75,595.0,535.4,423999
SIYSIL,2026-05-01,564.75,569.05,591.1,564.1,205423
SIYSIL,2026-05-08,574.7,594.55,612.0,558.4,675295
SIYSIL,2026-05-15,585.5,572.95,594.9,542.1,321571
SIYSIL,2026-05-22,585.0,593.45,618.8,570.1,1879187
SIYSIL,2026-05-29,595.0,573.6,609.0,570.65,381522
SIYSIL,2026-06-05,589.85,615.65,633.45,567.0,639863
SIYSIL,2026-06-12,605.0,617.95,638.8,593.6,397282
SIYSIL,2026-06-19,630.0,631.6,647.0,607.05,355185
SIYSIL,2026-06-26,645.0,645.3,668.1,618.0,441749
SIYSIL,2026-07-03,645.3,638.9,651.0,624.0,221486
SIYSIL,2026-07-10,638.9,645.0,647.7,605.0,344838
SIYSIL,2026-07-17,640.15,631.45,656.1,616.1,235305
SJS,2026-01-23,1671.0,1571.4,1684.3,1524.8,813498
SJS,2026-01-30,1578.5,1668.3,1779.0,1527.8,877283
SJS,2026-02-06,1655.0,1757.4,1796.1,1625.6,701122
SJS,2026-02-13,1767.1,1803.6,1919.0,1741.5,840385
SJS,2026-02-20,1812.5,1836.4,1930.0,1790.6,435914
SJS,2026-02-27,1901.4,1759.7,1901.4,1751.6,436359
SJS,2026-03-06,1656.1,1632.6,1766.8,1611.7,406964
SJS,2026-03-13,1596.9,1552.2,1706.1,1539.9,704257
SJS,2026-03-20,1563.9,1583.8,1674.9,1525.2,402397
SJS,2026-03-27,1560.0,1616.1,1666.0,1503.0,392175
SJS,2026-04-03,1578.0,1603.9,1623.0,1525.3,366018
SJS,2026-04-10,1590.0,1793.4,1813.4,1563.2,644343
SJS,2026-04-17,1745.0,1703.8,1794.9,1670.3,421610
SJS,2026-04-24,1703.8,1616.6,1746.5,1605.2,506878
SJS,2026-05-01,1622.0,1808.8,1815.0,1591.1,712381
SJS,2026-05-08,1839.9,2012.5,2033.9,1818.3,1726079
SJS,2026-05-15,2012.9,1902.7,2029.0,1892.0,440662
SJS,2026-05-22,1895.4,1980.3,2018.0,1850.4,365221
SJS,2026-05-29,2013.0,2105.2,2119.9,1976.0,423060
SJS,2026-06-05,2103.0,2003.8,2137.8,1949.5,678390
SJS,2026-06-12,1990.0,2115.2,2132.3,1971.5,435431
SJS,2026-06-19,2160.0,2215.3,2286.7,2136.2,505894
SJS,2026-06-26,2254.0,2141.4,2255.0,2115.0,211800
SJS,2026-07-03,2141.6,2187.4,2263.0,2114.1,376389
SJS,2026-07-10,2190.9,2183.4,2288.9,2151.0,568417
SJS,2026-07-17,2176.7,2175.3,2200.0,2104.0,275105
SKIPPER,2026-01-23,380.0,336.9,383.25,333.55,2090114
SKIPPER,2026-01-30,336.9,361.7,374.0,327.1,3213796
SKIPPER,2026-02-06,362.55,386.7,405.1,342.25,2388453
SKIPPER,2026-02-13,395.0,373.8,410.0,365.8,2173633
SKIPPER,2026-02-20,371.25,380.6,392.0,365.5,1404976
SKIPPER,2026-02-27,381.85,366.35,390.1,362.9,822089
SKIPPER,2026-03-06,350.0,346.1,361.95,338.55,931511
SKIPPER,2026-03-13,338.0,346.6,369.7,327.05,3535389
SKIPPER,2026-03-20,347.15,350.15,361.55,333.0,1362129
SKIPPER,2026-03-27,354.25,347.4,358.0,328.45,1632876
SKIPPER,2026-04-03,337.3,351.5,356.35,330.4,1153659
SKIPPER,2026-04-10,353.15,384.3,387.9,345.05,1344986
SKIPPER,2026-04-17,370.8,433.35,438.8,365.2,2387436
SKIPPER,2026-04-24,435.0,454.15,492.0,419.0,8106042
SKIPPER,2026-05-01,455.15,478.45,523.9,455.15,6221899
SKIPPER,2026-05-08,486.0,466.2,494.1,461.0,3636342
SKIPPER,2026-05-15,466.9,460.2,487.4,434.5,4334948
SKIPPER,2026-05-22,454.0,460.05,474.65,436.35,2180647
SKIPPER,2026-05-29,463.05,549.35,560.0,456.0,8246977
SKIPPER,2026-06-05,570.0,556.6,582.9,540.05,10550273
SKIPPER,2026-06-12,550.0,544.65,555.25,518.5,3295734
SKIPPER,2026-06-19,554.0,543.3,569.5,535.05,3142244
SKIPPER,2026-06-26,545.8,533.15,561.0,523.5,2175545
SKIPPER,2026-07-03,529.0,574.95,579.25,520.1,4072394
SKIPPER,2026-07-10,576.95,546.5,593.0,526.05,3223273
SKIPPER,2026-07-17,542.0,538.8,574.5,532.95,3860114
SKYGOLD,2026-01-23,317.5,301.5,335.0,297.95,3573495
SKYGOLD,2026-01-30,300.05,303.75,319.9,299.5,2087304
SKYGOLD,2026-02-06,308.5,320.3,328.0,298.65,2210179
SKYGOLD,2026-02-13,325.45,372.75,384.0,324.0,25729867
SKYGOLD,2026-02-20,372.05,361.25,387.45,359.3,5504998
SKYGOLD,2026-02-27,367.85,361.35,377.95,356.0,2341004
SKYGOLD,2026-03-06,326.3,338.85,353.9,326.3,2503788
SKYGOLD,2026-03-13,328.0,334.5,349.2,320.2,2134613
SKYGOLD,2026-03-20,332.0,346.65,356.85,326.0,2062484
SKYGOLD,2026-03-27,345.0,328.6,345.0,310.8,3869314
SKYGOLD,2026-04-03,323.7,340.05,342.9,310.85,1945159
SKYGOLD,2026-04-10,344.0,389.35,399.7,337.0,4777551
SKYGOLD,2026-04-17,377.2,423.35,440.0,374.3,4616123
SKYGOLD,2026-04-24,429.0,412.55,429.0,403.3,2891603
SKYGOLD,2026-05-01,413.65,453.9,467.25,413.0,6709583
SKYGOLD,2026-05-08,459.7,541.25,549.9,445.3,8316079
SKYGOLD,2026-05-15,501.95,446.2,511.85,421.65,15801143
SKYGOLD,2026-05-22,441.45,469.95,479.2,431.7,3662878
SKYGOLD,2026-05-29,475.65,521.0,541.95,457.3,9192950
SKYGOLD,2026-06-05,530.0,528.45,590.0,506.35,11265524
SKYGOLD,2026-06-12,521.4,508.95,529.45,488.35,5106823
SKYGOLD,2026-06-19,521.9,509.4,545.75,501.2,3264608
SKYGOLD,2026-06-26,515.4,499.15,519.95,485.5,9087778
SKYGOLD,2026-07-03,499.15,560.0,589.0,495.05,5815282
SKYGOLD,2026-07-10,560.0,623.85,638.0,538.05,9233728
SKYGOLD,2026-07-17,629.0,621.3,647.35,602.55,3355039
SOLARINDS,2026-01-23,12934.0,12658.0,13179.0,12350.0,562612
SOLARINDS,2026-01-30,12694.0,13480.0,14000.0,12558.0,929395
SOLARINDS,2026-02-06,13198.0,12999.0,14130.0,12851.0,1020381
SOLARINDS,2026-02-13,13060.0,13043.0,13598.0,12925.0,417725
SOLARINDS,2026-02-20,13043.0,13296.0,13589.0,12852.0,404349
SOLARINDS,2026-02-27,13450.0,13504.0,13845.0,13080.0,556813
SOLARINDS,2026-03-06,13099.0,15152.0,15576.0,13099.0,1745529
SOLARINDS,2026-03-13,15250.0,14251.0,15428.0,14201.0,1084408
SOLARINDS,2026-03-20,14257.0,12934.0,14487.0,12887.0,896633
SOLARINDS,2026-03-27,12887.0,12418.0,13258.0,12282.0,769891
SOLARINDS,2026-04-03,12276.0,13109.0,13165.0,12000.0,609448
SOLARINDS,2026-04-10,13109.0,14073.0,14259.0,12952.0,705726
SOLARINDS,2026-04-17,13899.0,15089.0,15186.0,13670.0,751215
SOLARINDS,2026-04-24,15140.0,15056.0,15995.0,14848.0,835498
SOLARINDS,2026-05-01,15195.0,15439.0,15572.0,15036.0,415900
SOLARINDS,2026-05-08,15562.0,16105.0,16199.0,15351.0,525626
SOLARINDS,2026-05-15,16105.0,17314.0,17469.0,15533.0,1198627
SOLARINDS,2026-05-22,17509.0,18132.0,18699.0,17227.0,1564221
SOLARINDS,2026-05-29,18378.0,18247.0,18874.0,18011.0,810029
SOLARINDS,2026-06-05,18390.0,18441.0,18770.0,17835.0,815019
SOLARINDS,2026-06-12,18250.0,17143.0,18498.0,17060.0,576941
SOLARINDS,2026-06-19,17440.0,18052.0,18379.0,16832.0,705330
SOLARINDS,2026-06-26,18140.0,17428.0,18539.0,17344.0,465051
SOLARINDS,2026-07-03,17429.0,18514.0,18972.0,17274.0,1074999
SOLARINDS,2026-07-10,18510.0,18236.0,18866.0,17028.0,930659
SOLARINDS,2026-07-17,18200.0,18467.0,18698.0,17940.0,501210
SOMANYCERA,2026-01-23,405.0,383.45,409.1,380.0,135319
SOMANYCERA,2026-01-30,380.0,408.25,433.95,372.1,549298
SOMANYCERA,2026-02-06,409.45,399.7,431.95,397.0,112340
SOMANYCERA,2026-02-13,400.1,402.0,424.1,398.0,497727
SOMANYCERA,2026-02-20,398.0,405.4,423.65,391.25,284272
SOMANYCERA,2026-02-27,409.9,410.15,415.95,388.45,412838
SOMANYCERA,2026-03-06,381.0,374.95,405.15,371.0,132083
SOMANYCERA,2026-03-13,373.95,360.4,388.0,332.0,630079
SOMANYCERA,2026-03-20,361.3,378.3,393.5,349.05,277495
SOMANYCERA,2026-03-27,371.7,380.75,386.45,356.0,205386
SOMANYCERA,2026-04-03,371.0,388.2,393.0,352.6,148298
SOMANYCERA,2026-04-10,388.2,426.3,435.35,378.75,309479
SOMANYCERA,2026-04-17,426.3,441.4,453.0,403.75,176479
SOMANYCERA,2026-04-24,447.45,470.05,482.0,430.1,356340
SOMANYCERA,2026-05-01,472.7,463.35,478.65,452.0,141234
SOMANYCERA,2026-05-08,467.2,475.25,478.65,460.5,184285
SOMANYCERA,2026-05-15,470.5,445.65,474.8,434.55,268739
SOMANYCERA,2026-05-22,475.0,529.3,552.45,435.05,6281668
SOMANYCERA,2026-05-29,531.0,492.9,544.8,488.1,227908
SOMANYCERA,2026-06-05,495.0,512.3,543.95,495.0,834221
SOMANYCERA,2026-06-12,512.3,514.15,524.8,491.1,304956
SOMANYCERA,2026-06-19,521.7,516.4,535.0,510.0,735533
SOMANYCERA,2026-06-26,517.55,513.95,545.0,507.55,663224
SOMANYCERA,2026-07-03,517.9,537.2,549.35,510.3,1065767
SOMANYCERA,2026-07-10,542.0,519.6,543.75,504.4,352021
SOMANYCERA,2026-07-17,519.6,522.55,550.65,512.45,452952
SONACOMS,2026-01-23,458.8,456.1,472.1,437.7,10036077
SONACOMS,2026-01-30,470.0,495.75,498.5,461.2,14573045
SONACOMS,2026-02-06,490.2,513.5,549.45,483.25,22350531
SONACOMS,2026-02-13,520.85,527.95,542.4,520.1,9759694
SONACOMS,2026-02-20,527.6,532.1,545.6,520.35,7756631
SONACOMS,2026-02-27,535.5,534.5,546.9,525.1,5710606
SONACOMS,2026-03-06,502.0,514.95,529.0,496.45,4164993
SONACOMS,2026-03-13,501.0,486.05,536.9,484.0,7778256
SONACOMS,2026-03-20,484.0,506.25,528.65,474.4,7790860
SONACOMS,2026-03-27,498.8,488.75,519.0,479.65,14985006
SONACOMS,2026-04-03,484.05,496.55,507.8,474.5,7182523
SONACOMS,2026-04-10,499.5,554.25,559.85,489.25,11726464
SONACOMS,2026-04-17,549.75,593.85,596.95,540.8,14319220
SONACOMS,2026-04-24,595.0,564.85,596.0,560.5,7854488
SONACOMS,2026-05-01,566.15,607.25,613.1,565.85,13425529
SONACOMS,2026-05-08,614.0,579.3,614.0,569.35,19837569
SONACOMS,2026-05-15,574.7,573.55,605.6,568.5,16591853
SONACOMS,2026-05-22,571.0,593.75,599.95,555.55,7023983
SONACOMS,2026-05-29,599.0,607.45,621.8,590.1,6437838
SONACOMS,2026-06-05,608.8,602.3,615.15,590.8,7402724
SONACOMS,2026-06-12,593.3,593.05,607.35,582.1,6822935
SONACOMS,2026-06-19,602.6,613.8,618.75,591.6,7465704
SONACOMS,2026-06-26,620.0,619.25,632.2,612.05,8511371
SONACOMS,2026-07-03,619.25,660.1,672.6,608.3,15936302
SONACOMS,2026-07-10,660.05,668.55,682.2,657.6,10167238
SONACOMS,2026-07-17,667.85,704.85,708.45,658.7,12289562
SONATSOFTW,2026-01-23,339.05,308.2,341.4,304.65,2895117
SONATSOFTW,2026-01-30,309.65,317.3,323.5,299.95,1613967
SONATSOFTW,2026-02-06,313.25,305.9,331.5,301.1,3214102
SONATSOFTW,2026-02-13,310.0,279.1,324.3,275.0,5152519
SONATSOFTW,2026-02-20,280.0,285.65,292.5,270.0,5628858
SONATSOFTW,2026-02-27,285.6,268.2,291.8,267.0,3011462
SONATSOFTW,2026-03-06,252.7,246.45,265.4,245.7,3120090
SONATSOFTW,2026-03-13,243.0,235.75,259.4,231.45,9476933
SONATSOFTW,2026-03-20,235.75,236.75,243.6,229.3,2809592
SONATSOFTW,2026-03-27,235.5,219.0,236.1,216.0,4018091
SONATSOFTW,2026-04-03,215.0,231.79,234.0,207.15,3266887
SONATSOFTW,2026-04-10,233.0,246.27,250.46,228.54,2808653
SONATSOFTW,2026-04-17,243.0,280.34,291.4,236.9,24406686
SONATSOFTW,2026-04-24,282.0,256.98,282.0,255.0,2982116
SONATSOFTW,2026-05-01,256.95,255.03,269.04,254.05,2212448
SONATSOFTW,2026-05-08,255.5,297.15,307.9,255.5,31899874
SONATSOFTW,2026-05-15,300.0,265.75,303.5,259.05,8939682
SONATSOFTW,2026-05-22,261.0,267.9,272.4,252.3,2931510
SONATSOFTW,2026-05-29,269.05,265.1,278.4,261.1,2168337
SONATSOFTW,2026-06-05,266.5,265.7,292.4,261.8,19296712
SONATSOFTW,2026-06-12,261.75,254.05,265.85,251.4,2947680
SONATSOFTW,2026-06-19,257.5,297.4,324.9,257.05,52558230
SONATSOFTW,2026-06-26,300.0,284.25,302.95,282.5,3448643
SONATSOFTW,2026-07-03,284.25,278.0,294.0,261.9,30649230
SONATSOFTW,2026-07-10,278.0,285.35,289.9,270.1,7239214
SONATSOFTW,2026-07-17,285.0,307.45,329.5,281.5,42447002
SOTL,2026-01-23,358.85,347.7,364.45,338.1,84619
SOTL,2026-01-30,349.6,348.85,354.45,338.85,65814
SOTL,2026-02-06,338.8,351.8,360.0,334.3,65370
SOTL,2026-02-13,352.9,357.15,373.8,352.85,107498
SOTL,2026-02-20,357.2,362.45,379.9,350.1,113342
SOTL,2026-02-27,362.25,379.15,389.6,360.2,171047
SOTL,2026-03-06,366.0,354.35,375.45,350.25,89766
SOTL,2026-03-13,335.0,327.8,356.5,326.25,142180
SOTL,2026-03-20,327.8,342.85,347.95,318.05,160622
SOTL,2026-03-27,339.7,300.7,341.35,297.3,243958
SOTL,2026-04-03,296.25,314.6,319.0,285.8,149461
SOTL,2026-04-10,319.5,344.05,347.0,311.6,107127
SOTL,2026-04-17,346.4,364.85,378.35,336.7,114682
SOTL,2026-04-24,364.0,365.15,375.0,360.35,117999
SOTL,2026-05-01,366.3,361.9,377.6,356.35,108877
SOTL,2026-05-08,363.0,438.85,467.9,361.8,3689441
SOTL,2026-05-15,436.7,409.2,450.0,405.1,379525
SOTL,2026-05-22,407.55,426.05,436.45,392.05,347546
SOTL,2026-05-29,430.0,435.8,450.35,415.55,297791
SOTL,2026-06-05,445.0,560.5,599.0,411.65,17748725
SOTL,2026-06-12,545.0,570.35,594.4,540.0,1932492
SOTL,2026-06-19,592.25,604.8,624.0,572.5,2625632
SOTL,2026-06-26,609.0,527.95,609.5,523.0,790164
SOTL,2026-07-03,528.05,532.65,540.0,496.35,681489
SOTL,2026-07-10,536.45,607.45,639.15,536.4,3475654
SOTL,2026-07-17,606.05,580.25,611.9,561.1,1036806
SOUTHBANK,2026-01-23,43.99,45.0,46.84,43.02,198755726
SOUTHBANK,2026-01-30,45.62,37.58,45.99,36.03,241712647
SOUTHBANK,2026-02-06,37.55,41.27,41.7,36.81,145741081
SOUTHBANK,2026-02-13,41.49,40.95,41.99,39.7,62969548
SOUTHBANK,2026-02-20,40.95,40.19,42.09,39.8,54955419
SOUTHBANK,2026-02-27,40.25,41.15,41.84,40.0,70677816
SOUTHBANK,2026-03-06,38.28,39.81,41.39,38.28,70662197
SOUTHBANK,2026-03-13,39.0,38.01,40.48,37.5,61426733
SOUTHBANK,2026-03-20,37.25,36.01,38.28,35.7,82904849
SOUTHBANK,2026-03-27,35.61,35.81,37.35,33.38,86996877
SOUTHBANK,2026-04-03,34.61,36.74,37.2,34.0,65004027
SOUTHBANK,2026-04-10,37.1,38.76,39.15,35.92,79990421
SOUTHBANK,2026-04-17,37.67,38.93,39.32,37.19,51113881
SOUTHBANK,2026-04-24,39.0,38.63,40.2,38.07,56849054
SOUTHBANK,2026-05-01,39.2,39.46,40.51,39.04,59837563
SOUTHBANK,2026-05-08,39.34,40.91,43.38,39.31,116531404
SOUTHBANK,2026-05-15,40.77,38.83,41.65,38.0,64140171
SOUTHBANK,2026-05-22,38.1,40.72,41.9,37.78,90900441
SOUTHBANK,2026-05-29,40.8,41.42,42.45,40.33,41669442
SOUTHBANK,2026-06-05,41.42,44.0,44.97,40.6,104297816
SOUTHBANK,2026-06-12,43.2,46.66,47.5,43.01,126546076
SOUTHBANK,2026-06-19,47.2,48.46,49.79,46.54,100189283
SOUTHBANK,2026-06-26,48.7,45.41,48.74,44.91,54366711
SOUTHBANK,2026-07-03,45.41,46.1,47.49,44.64,81868378
SOUTHBANK,2026-07-10,46.05,45.81,49.9,43.01,166791993
SOUTHBANK,2026-07-17,45.75,44.6,46.59,43.94,85312057
SPAL,2026-01-23,639.6,643.55,662.0,600.0,212248
SPAL,2026-01-30,653.2,674.15,698.1,648.0,216389
SPAL,2026-02-06,670.3,707.85,802.4,641.6,1142112
SPAL,2026-02-13,737.65,757.65,812.9,670.1,1462669
SPAL,2026-02-20,754.45,733.8,758.4,723.6,244022
SPAL,2026-02-27,750.0,707.45,765.0,682.45,380806
SPAL,2026-03-06,668.1,685.55,711.95,668.1,130552
SPAL,2026-03-13,661.0,694.8,710.0,654.3,152128
SPAL,2026-03-20,691.55,715.25,728.0,678.9,134971
SPAL,2026-03-27,700.0,700.75,725.5,680.05,103214
SPAL,2026-04-03,698.0,717.15,733.3,686.15,113045
SPAL,2026-04-10,717.15,762.95,813.8,704.95,120366
SPAL,2026-04-17,750.0,764.8,797.95,737.45,144284
SPAL,2026-04-24,768.0,781.05,816.0,760.2,206163
SPAL,2026-05-01,798.0,811.05,834.0,776.55,132151
SPAL,2026-05-08,811.05,812.75,837.45,792.5,84093
SPAL,2026-05-15,811.95,781.65,836.0,775.0,162235
SPAL,2026-05-22,777.65,776.35,795.5,732.4,196155
SPAL,2026-05-29,780.4,782.05,803.7,743.65,107516
SPAL,2026-06-05,798.95,812.2,849.5,770.2,147990
SPAL,2026-06-12,800.0,796.05,832.55,785.35,72011
SPAL,2026-06-19,806.0,1028.4,1084.0,796.4,8786087
SPAL,2026-06-26,1030.0,1099.95,1149.6,954.75,3074419
SPAL,2026-07-03,1094.5,1118.6,1185.0,1010.5,2116860
SPAL,2026-07-10,1120.0,1159.7,1221.9,1081.7,1151504
SPAL,2026-07-17,1150.0,992.2,1199.0,981.2,726317
SPARC,2026-01-23,133.0,124.94,133.0,123.25,2668777
SPARC,2026-01-30,125.49,126.08,127.26,121.86,1513561
SPARC,2026-02-06,136.25,139.16,148.3,128.19,7835244
SPARC,2026-02-13,140.79,132.1,143.6,131.2,2936100
SPARC,2026-02-20,132.05,129.21,135.27,128.25,1545339
SPARC,2026-02-27,129.21,127.08,132.2,125.0,1930563
SPARC,2026-03-06,125.0,123.96,127.28,121.36,1540313
SPARC,2026-03-13,122.51,116.83,128.5,116.0,7655575
SPARC,2026-03-20,116.83,115.42,123.68,111.55,6412015
SPARC,2026-03-27,114.42,120.89,133.7,108.0,18110530
SPARC,2026-04-03,120.89,124.06,124.75,113.91,4704396
SPARC,2026-04-10,124.06,148.34,153.24,120.57,17081827
SPARC,2026-04-17,145.0,148.01,157.4,118.68,6736613
SPARC,2026-04-24,148.0,139.28,148.45,136.72,2970696
SPARC,2026-05-01,139.91,143.04,163.2,139.9,15435122
SPARC,2026-05-08,144.85,173.09,182.59,138.92,43320439
SPARC,2026-05-15,172.05,163.65,175.6,162.01,10628398
SPARC,2026-05-22,162.55,209.77,214.0,158.21,89925371
SPARC,2026-05-29,214.0,212.11,248.75,210.55,114084369
SPARC,2026-06-05,213.21,212.82,222.59,194.1,24975727
SPARC,2026-06-12,209.0,223.76,224.52,201.1,17904058
SPARC,2026-06-19,226.5,238.09,253.17,220.26,18339834
SPARC,2026-06-26,239.0,224.92,247.95,223.0,10498009
SPARC,2026-07-03,225.0,239.37,243.34,220.05,6480137
SPARC,2026-07-10,241.0,264.6,289.0,241.0,30731769
SPARC,2026-07-17,261.5,235.2,269.39,228.15,8510056
SPORTKING,2026-01-23,84.47,81.37,84.48,78.17,455020
SPORTKING,2026-01-30,82.0,90.12,90.5,80.22,432468
SPORTKING,2026-02-06,91.05,102.01,111.74,88.86,1646936
SPORTKING,2026-02-13,106.0,108.79,117.5,103.31,2164425
SPORTKING,2026-02-20,108.79,118.3,121.13,108.48,1484584
SPORTKING,2026-02-27,119.5,115.5,121.0,113.0,628390
SPORTKING,2026-03-06,106.0,110.3,113.47,106.0,570232
SPORTKING,2026-03-13,108.2,108.15,118.62,104.24,762877
SPORTKING,2026-03-20,106.56,117.27,123.4,105.17,937302
SPORTKING,2026-03-27,115.9,114.41,122.19,108.61,829692
SPORTKING,2026-04-03,113.25,128.47,129.78,112.0,1204393
SPORTKING,2026-04-10,131.29,139.64,145.4,128.15,3653160
SPORTKING,2026-04-17,137.0,140.13,145.0,133.51,1975075
SPORTKING,2026-04-24,142.7,137.12,153.0,133.32,3668412
SPORTKING,2026-05-01,138.9,147.48,151.0,135.0,2236332
SPORTKING,2026-05-08,148.0,150.84,160.3,146.11,2267237
SPORTKING,2026-05-15,148.6,147.81,153.5,146.0,1006291
SPORTKING,2026-05-22,141.01,163.51,165.4,136.5,2729574
SPORTKING,2026-05-29,167.0,170.43,187.45,161.43,3338449
SPORTKING,2026-06-05,176.65,180.38,198.5,174.0,7345466
SPORTKING,2026-06-12,178.02,182.62,186.5,167.55,1555226
SPORTKING,2026-06-19,188.61,183.07,188.61,176.41,1115311
SPORTKING,2026-06-26,186.0,178.09,193.0,173.81,2382864
SPORTKING,2026-07-03,178.0,179.34,184.0,171.82,820417
SPORTKING,2026-07-10,181.65,182.64,189.39,168.04,1581615
SPORTKING,2026-07-17,182.51,197.21,209.9,179.33,5964414
SRF,2026-01-23,3001.0,2713.7,3029.3,2661.6,4305640
SRF,2026-01-30,2722.9,2816.3,2840.4,2645.0,2241859
SRF,2026-02-06,2727.0,2901.6,3081.7,2719.3,1451420
SRF,2026-02-13,2905.6,2833.4,3014.9,2765.6,1365268
SRF,2026-02-20,2830.0,2689.1,2883.1,2660.3,2155743
SRF,2026-02-27,2718.9,2562.2,2718.9,2553.0,2541971
SRF,2026-03-06,2474.9,2622.7,2649.0,2474.9,1422264
SRF,2026-03-13,2600.0,2499.7,2636.8,2446.6,3073027
SRF,2026-03-20,2484.9,2454.5,2592.0,2425.9,3706937
SRF,2026-03-27,2440.0,2494.9,2581.8,2381.0,3419493
SRF,2026-04-03,2460.0,2416.1,2587.9,2395.3,2167877
SRF,2026-04-10,2425.0,2473.4,2506.0,2355.0,4536991
SRF,2026-04-17,2420.0,2494.5,2525.0,2371.5,1756081
SRF,2026-04-24,2510.0,2493.6,2563.7,2452.0,2499361
SRF,2026-05-01,2516.8,2518.6,2604.0,2484.4,1412488
SRF,2026-05-08,2520.4,2780.8,2819.3,2495.0,6354851
SRF,2026-05-15,2777.0,2689.5,2832.1,2664.9,2331512
SRF,2026-05-22,2666.0,2639.4,2688.0,2590.5,1777422
SRF,2026-05-29,2661.0,2715.8,2776.4,2655.4,3185006
SRF,2026-06-05,2719.0,2704.9,2758.0,2651.2,1875803
SRF,2026-06-12,2647.0,2743.0,2754.8,2610.4,2350871
SRF,2026-06-19,2760.9,2709.8,2784.0,2651.2,2361107
SRF,2026-06-26,2720.0,2732.9,2777.0,2697.3,1975903
SRF,2026-07-03,2732.9,2794.5,2832.0,2648.8,3172769
SRF,2026-07-10,2803.0,2774.6,2859.5,2691.6,1554768
SRF,2026-07-17,2777.6,2874.7,2916.0,2716.0,2625618
STAR,2026-01-23,900.1,796.25,904.0,791.0,1816652
STAR,2026-01-30,801.0,877.0,908.4,768.65,6913035
STAR,2026-02-06,855.0,863.9,889.9,812.0,1853116
STAR,2026-02-13,869.0,857.65,912.0,846.7,1099402
STAR,2026-02-20,852.85,869.65,909.0,852.65,1059947
STAR,2026-02-27,878.0,851.55,887.8,847.95,661907
STAR,2026-03-06,820.1,864.85,871.7,817.25,959285
STAR,2026-03-13,847.0,921.6,936.4,826.25,1267394
STAR,2026-03-20,916.0,903.65,921.25,870.55,1362802
STAR,2026-03-27,903.65,940.3,952.85,890.15,1429083
STAR,2026-04-03,940.3,971.15,980.0,905.6,1015312
STAR,2026-04-10,971.95,1000.0,1010.9,957.0,1187134
STAR,2026-04-17,993.0,1000.25,1018.45,978.9,1101738
STAR,2026-04-24,1004.9,1066.25,1089.9,987.0,1812304
STAR,2026-05-01,1071.0,1036.8,1110.0,1026.15,1186818
STAR,2026-05-08,1053.3,1156.9,1169.8,1017.1,1562899
STAR,2026-05-15,1156.9,1153.7,1231.0,1126.1,1472942
STAR,2026-05-22,1143.0,1153.2,1210.8,1035.0,3864172
STAR,2026-05-29,1144.0,1111.8,1207.6,1089.0,1232792
STAR,2026-06-05,1111.8,1044.6,1136.3,1003.5,1228634
STAR,2026-06-12,1040.8,1055.5,1063.7,965.5,1407344
STAR,2026-06-19,1068.2,1110.9,1132.2,1068.2,907507
STAR,2026-06-26,1110.0,1082.2,1149.8,1072.0,508107
STAR,2026-07-03,1099.9,1126.8,1138.0,1076.5,826604
STAR,2026-07-10,1120.0,1082.6,1138.0,1052.0,773240
STAR,2026-07-17,1083.0,1074.9,1100.0,1007.5,808275
STARHEALTH,2026-01-23,441.4,425.15,442.95,423.65,1867644
STARHEALTH,2026-01-30,426.2,469.25,478.0,416.55,7335069
STARHEALTH,2026-02-06,473.5,458.75,478.95,453.0,2072079
STARHEALTH,2026-02-13,460.0,467.85,488.6,455.8,2024402
STARHEALTH,2026-02-20,465.7,453.35,485.6,450.05,973652
STARHEALTH,2026-02-27,454.1,465.5,486.45,450.55,3791381
STARHEALTH,2026-03-06,455.0,458.85,467.0,444.6,1629514
STARHEALTH,2026-03-13,455.0,463.6,467.75,433.05,2432908
STARHEALTH,2026-03-20,467.05,452.0,469.0,449.0,1867806
STARHEALTH,2026-03-27,450.35,457.55,465.55,439.25,2060564
STARHEALTH,2026-04-03,450.0,469.9,472.0,442.55,1754038
STARHEALTH,2026-04-10,460.05,469.45,478.95,450.55,1936859
STARHEALTH,2026-04-17,465.0,503.35,505.7,459.05,2056222
STARHEALTH,2026-04-24,503.35,512.65,520.8,499.15,2429069
STARHEALTH,2026-05-01,505.0,525.65,586.25,505.0,9007281
STARHEALTH,2026-05-08,527.75,520.15,532.35,514.1,2521860
STARHEALTH,2026-05-15,517.75,501.7,528.4,499.45,1674778
STARHEALTH,2026-05-22,500.9,522.85,535.95,491.9,2559631
STARHEALTH,2026-05-29,522.85,527.95,535.2,518.75,2925251
STARHEALTH,2026-06-05,525.05,526.0,539.45,519.75,2571891
STARHEALTH,2026-06-12,523.35,519.6,535.0,513.0,2651741
STARHEALTH,2026-06-19,524.75,580.25,595.8,520.0,11389003
STARHEALTH,2026-06-26,580.2,577.1,597.4,569.05,2791402
STARHEALTH,2026-07-03,584.0,580.3,605.8,572.3,2627856
STARHEALTH,2026-07-10,580.0,603.25,614.2,577.4,2603261
STARHEALTH,2026-07-17,603.2,582.95,623.9,579.6,3119522
STEELCAS,2026-01-23,205.3,183.37,205.3,178.6,272941
STEELCAS,2026-01-30,182.6,184.54,202.23,176.02,270977
STEELCAS,2026-02-06,211.0,225.06,254.8,198.74,1191475
STEELCAS,2026-02-13,227.76,224.25,240.56,223.04,199822
STEELCAS,2026-02-20,223.06,236.06,243.46,218.6,334823
STEELCAS,2026-02-27,240.05,234.17,249.0,226.98,291900
STEELCAS,2026-03-06,216.0,226.81,234.0,208.31,137080
STEELCAS,2026-03-13,223.82,223.36,235.0,216.54,195218
STEELCAS,2026-03-20,222.0,228.96,238.0,213.35,176771
STEELCAS,2026-03-27,220.51,228.05,232.0,216.0,199298
STEELCAS,2026-04-03,227.0,233.63,242.82,221.73,491300
STEELCAS,2026-04-10,235.95,281.13,285.0,233.0,671125
STEELCAS,2026-04-17,279.0,295.75,304.0,273.0,477023
STEELCAS,2026-04-24,299.0,287.48,300.0,283.5,248821
STEELCAS,2026-05-01,286.8,289.42,320.0,283.01,405965
STEELCAS,2026-05-08,287.55,287.55,300.95,277.0,225655
STEELCAS,2026-05-15,289.0,283.1,301.95,270.55,363062
STEELCAS,2026-05-22,280.5,288.15,300.0,272.35,207081
STEELCAS,2026-05-29,289.4,283.3,302.0,279.0,203695
STEELCAS,2026-06-05,271.0,287.05,295.05,257.8,580896
STEELCAS,2026-06-12,286.95,285.5,293.0,273.05,186525
STEELCAS,2026-06-19,294.0,293.4,309.0,286.15,442376
STEELCAS,2026-06-26,290.9,297.95,344.0,286.65,8211582
STEELCAS,2026-07-03,294.4,310.55,311.75,290.55,462902
STEELCAS,2026-07-10,314.4,312.8,329.35,302.05,701008
STEELCAS,2026-07-17,314.25,301.6,320.35,295.05,397477
STEELXIND,2026-01-23,8.55,7.92,8.55,7.9,4063320
STEELXIND,2026-01-30,7.95,8.06,8.19,7.7,4189527
STEELXIND,2026-02-06,8.01,7.99,8.49,7.88,2986584
STEELXIND,2026-02-13,8.08,7.99,8.25,7.63,3520712
STEELXIND,2026-02-20,7.97,7.71,7.99,7.6,3132858
STEELXIND,2026-02-27,7.79,8.29,8.87,7.65,9083487
STEELXIND,2026-03-06,7.81,8.53,8.7,7.46,8259090
STEELXIND,2026-03-13,8.52,7.73,8.53,7.62,5145276
STEELXIND,2026-03-20,7.74,7.4,7.83,7.3,4759160
STEELXIND,2026-03-27,7.38,7.55,7.79,7.0,7910132
STEELXIND,2026-04-03,7.56,7.55,7.8,7.0,5281886
STEELXIND,2026-04-10,7.53,8.9,9.29,7.47,12682873
STEELXIND,2026-04-17,8.84,8.97,9.07,8.5,4604190
STEELXIND,2026-04-24,9.0,9.99,10.9,8.97,35510684
STEELXIND,2026-05-01,10.05,9.98,10.38,9.61,10984405
STEELXIND,2026-05-08,10.06,10.68,11.04,9.79,17459453
STEELXIND,2026-05-15,10.58,10.37,10.79,8.01,13140393
STEELXIND,2026-05-22,10.35,10.39,10.5,9.97,5502977
STEELXIND,2026-05-29,10.4,12.8,13.39,9.91,56182753
STEELXIND,2026-06-05,13.0,12.34,13.3,11.72,34746863
STEELXIND,2026-06-12,12.29,11.49,12.6,10.22,25467417
STEELXIND,2026-06-19,12.4,13.39,13.51,12.03,47764995
STEELXIND,2026-06-26,13.4,12.41,13.95,12.31,17775465
STEELXIND,2026-07-03,12.4,12.74,12.95,12.04,15666854
STEELXIND,2026-07-10,12.5,12.01,12.98,11.62,11940194
STEELXIND,2026-07-17,12.05,12.03,12.34,11.94,6210576
STLTECH,2026-01-23,93.85,88.39,95.7,86.0,6773126
STLTECH,2026-01-30,88.5,106.35,108.12,84.6,34791301
STLTECH,2026-02-06,113.0,132.55,139.0,104.48,53164430
STLTECH,2026-02-13,134.64,155.66,163.4,134.64,125936973
STLTECH,2026-02-20,154.0,159.94,164.99,151.92,33307295
STLTECH,2026-02-27,163.9,159.18,171.48,156.65,40067216
STLTECH,2026-03-06,153.1,181.3,184.9,153.1,52438552
STLTECH,2026-03-13,176.0,186.94,205.73,165.0,57540265
STLTECH,2026-03-20,188.78,188.56,195.91,172.17,40634642
STLTECH,2026-03-27,185.0,186.13,197.8,170.02,25420521
STLTECH,2026-04-03,183.0,177.83,189.0,170.8,14446139
STLTECH,2026-04-10,179.7,231.22,235.4,177.03,45531414
STLTECH,2026-04-17,224.31,263.08,269.16,224.31,39650139
STLTECH,2026-04-24,263.0,266.45,292.39,260.55,29285088
STLTECH,2026-05-01,270.0,294.8,299.38,269.5,38573335
STLTECH,2026-05-08,301.85,375.95,375.95,300.75,22846184
STLTECH,2026-05-15,394.7,419.8,434.7,377.55,34577676
STLTECH,2026-05-22,408.2,441.15,441.15,381.15,14700704
STLTECH,2026-05-29,463.2,536.15,536.15,463.2,1629909
STLTECH,2026-06-05,562.95,619.25,679.9,541.3,26755128
STLTECH,2026-06-12,588.3,583.65,617.7,553.25,16872910
STLTECH,2026-06-19,596.0,654.35,678.0,562.0,14113824
STLTECH,2026-06-26,658.9,613.35,665.0,577.8,5128149
STLTECH,2026-07-03,620.0,576.8,639.3,534.5,12186719
STLTECH,2026-07-10,567.0,543.05,589.0,501.75,13031682
STLTECH,2026-07-17,531.0,520.4,548.0,492.25,11139064
STYLAMIND,2026-01-23,2181.4,2176.3,2309.0,2150.1,304566
STYLAMIND,2026-01-30,2199.0,2212.8,2221.3,2132.1,125187
STYLAMIND,2026-02-06,2181.0,2206.2,2290.0,2181.0,198249
STYLAMIND,2026-02-13,2226.0,2218.4,2252.0,2187.7,152802
STYLAMIND,2026-02-20,2205.1,2219.4,2248.9,2205.1,249922
STYLAMIND,2026-02-27,2220.0,2228.6,2238.0,2205.0,154221
STYLAMIND,2026-03-06,2196.0,2227.5,2236.8,2196.0,194374
STYLAMIND,2026-03-13,2220.0,2210.9,2226.1,2161.1,291733
STYLAMIND,2026-03-20,2210.5,2205.7,2230.9,2197.1,189233
STYLAMIND,2026-03-27,2200.2,2176.0,2215.0,2167.0,179853
STYLAMIND,2026-04-03,2178.0,2176.5,2185.3,2150.0,169795
STYLAMIND,2026-04-10,2156.0,2222.6,2245.0,2156.0,302447
STYLAMIND,2026-04-17,2216.0,2243.6,2268.0,2216.0,450537
STYLAMIND,2026-04-24,2245.0,2234.7,2258.0,2223.0,200773
STYLAMIND,2026-05-01,2247.9,2236.2,2247.9,2226.7,68098
STYLAMIND,2026-05-08,2245.0,2548.0,2740.0,2231.7,801112
STYLAMIND,2026-05-15,2526.0,2653.8,2750.0,2431.4,227088
STYLAMIND,2026-05-22,2675.0,2758.6,2848.7,2601.6,338944
STYLAMIND,2026-05-29,2789.9,2831.2,2929.0,2772.3,126184
STYLAMIND,2026-06-05,2900.0,3053.5,3119.3,2838.2,185527
STYLAMIND,2026-06-12,3053.5,3179.9,3279.0,3017.8,300261
STYLAMIND,2026-06-19,3200.0,3327.8,3357.3,3190.1,121770
STYLAMIND,2026-06-26,3327.8,3326.2,3350.0,3122.4,120638
STYLAMIND,2026-07-03,3328.9,3230.0,3338.9,3130.0,89159
STYLAMIND,2026-07-10,3228.8,3284.8,3335.0,2984.0,196894
STYLAMIND,2026-07-17,3284.8,3250.4,3410.1,3208.0,135414
SUMICHEM,2026-01-23,430.0,418.85,442.95,410.45,1092345
SUMICHEM,2026-01-30,415.0,409.65,425.9,396.2,3756688
SUMICHEM,2026-02-06,419.25,410.35,440.0,405.1,1481007
SUMICHEM,2026-02-13,410.35,407.05,443.1,404.0,2755386
SUMICHEM,2026-02-20,407.45,406.85,415.05,401.45,838489
SUMICHEM,2026-02-27,406.15,401.15,415.0,396.0,1234773
SUMICHEM,2026-03-06,381.05,395.25,401.0,380.6,704091
SUMICHEM,2026-03-13,392.5,381.25,398.8,376.6,1117624
SUMICHEM,2026-03-20,379.75,387.0,398.2,370.05,1846909
SUMICHEM,2026-03-27,383.0,374.65,388.5,368.9,1456274
SUMICHEM,2026-04-03,372.85,383.3,385.5,362.6,588878
SUMICHEM,2026-04-10,383.95,418.6,422.6,376.2,944255
SUMICHEM,2026-04-17,413.0,442.4,444.7,403.55,673681
SUMICHEM,2026-04-24,443.1,434.7,453.8,429.15,1379920
SUMICHEM,2026-05-01,438.0,419.15,447.6,416.1,597646
SUMICHEM,2026-05-08,422.75,485.55,514.5,420.4,4574596
SUMICHEM,2026-05-15,485.55,458.75,485.55,441.7,1355831
SUMICHEM,2026-05-22,456.0,469.2,479.55,444.95,1671459
SUMICHEM,2026-05-29,472.95,501.55,509.95,466.9,2465831
SUMICHEM,2026-06-05,502.05,472.05,507.3,467.8,586977
SUMICHEM,2026-06-12,469.0,461.85,469.15,444.5,628546
SUMICHEM,2026-06-19,465.0,452.7,483.7,450.8,1912077
SUMICHEM,2026-06-26,453.0,435.3,454.9,429.75,2875675
SUMICHEM,2026-07-03,435.0,502.3,509.4,411.55,31835531
SUMICHEM,2026-07-10,499.0,513.7,516.0,463.65,7253891
SUMICHEM,2026-07-17,513.0,538.55,549.75,507.05,4728769
SUNFLAG,2026-01-23,251.2,239.2,257.15,238.45,649084
SUNFLAG,2026-01-30,239.95,244.95,252.85,237.1,365328
SUNFLAG,2026-02-06,235.1,245.57,263.8,231.0,722412
SUNFLAG,2026-02-13,247.1,245.09,262.79,243.1,492808
SUNFLAG,2026-02-20,248.3,245.23,263.85,241.41,772160
SUNFLAG,2026-02-27,245.23,246.04,255.0,236.1,689290
SUNFLAG,2026-03-06,240.0,236.57,247.59,233.1,435396
SUNFLAG,2026-03-13,232.0,211.82,234.6,208.95,917219
SUNFLAG,2026-03-20,210.1,217.64,223.6,205.0,778071
SUNFLAG,2026-03-27,215.01,202.93,220.0,201.87,1049799
SUNFLAG,2026-04-03,200.07,214.17,216.45,192.15,893168
SUNFLAG,2026-04-10,213.5,249.42,250.99,209.25,1520093
SUNFLAG,2026-04-17,245.0,272.97,279.59,240.62,1445510
SUNFLAG,2026-04-24,273.0,287.1,299.36,265.6,1909394
SUNFLAG,2026-05-01,291.0,292.61,306.6,285.51,781084
SUNFLAG,2026-05-08,293.1,415.85,428.0,293.1,33758920
SUNFLAG,2026-05-15,405.85,373.45,409.9,361.2,3011864
SUNFLAG,2026-05-22,372.3,377.25,382.15,344.6,1592670
SUNFLAG,2026-05-29,384.8,373.75,407.0,369.25,1858230
SUNFLAG,2026-06-05,365.05,372.1,427.2,357.75,4756570
SUNFLAG,2026-06-12,366.9,352.45,367.0,333.55,1792617
SUNFLAG,2026-06-19,360.0,358.55,370.0,352.5,899966
SUNFLAG,2026-06-26,356.4,345.15,368.9,335.1,624822
SUNFLAG,2026-07-03,344.0,353.35,370.0,333.15,962554
SUNFLAG,2026-07-10,352.0,342.7,353.0,323.3,734892
SUNFLAG,2026-07-17,340.0,344.65,356.65,336.8,1123401
SUNPHARMA,2026-01-23,1650.0,1631.9,1687.3,1600.0,15900835
SUNPHARMA,2026-01-30,1658.2,1595.3,1658.2,1583.7,16549622
SUNPHARMA,2026-02-06,1634.0,1695.1,1729.0,1598.2,19546599
SUNPHARMA,2026-02-13,1706.7,1697.5,1719.8,1694.6,8200129
SUNPHARMA,2026-02-20,1697.5,1724.4,1730.6,1693.4,5911104
SUNPHARMA,2026-02-27,1732.9,1737.0,1792.2,1720.2,10638835
SUNPHARMA,2026-03-06,1712.0,1799.4,1805.6,1712.0,16104943
SUNPHARMA,2026-03-13,1772.9,1801.6,1843.0,1770.0,15082634
SUNPHARMA,2026-03-20,1801.6,1777.1,1818.0,1737.9,12760957
SUNPHARMA,2026-03-27,1774.8,1793.6,1819.0,1741.1,9699982
SUNPHARMA,2026-04-03,1786.8,1693.6,1790.0,1620.0,11365955
SUNPHARMA,2026-04-10,1684.3,1654.9,1749.2,1630.4,22230666
SUNPHARMA,2026-04-17,1654.9,1675.5,1713.9,1640.1,15170569
SUNPHARMA,2026-04-24,1680.0,1620.4,1713.0,1613.6,20486828
SUNPHARMA,2026-05-01,1625.0,1808.3,1815.0,1621.9,58153775
SUNPHARMA,2026-05-08,1820.0,1847.9,1857.8,1798.6,15503905
SUNPHARMA,2026-05-15,1827.2,1878.2,1887.9,1820.0,12986379
SUNPHARMA,2026-05-22,1878.2,1844.6,1916.6,1833.1,12250515
SUNPHARMA,2026-05-29,1840.0,1799.2,1882.0,1785.3,16831111
SUNPHARMA,2026-06-05,1812.0,1782.2,1812.1,1756.8,13985515
SUNPHARMA,2026-06-12,1780.7,1807.7,1814.5,1766.1,11838576
SUNPHARMA,2026-06-19,1818.0,1838.3,1842.7,1792.6,9516002
SUNPHARMA,2026-06-26,1845.0,1862.8,1902.4,1834.0,7623663
SUNPHARMA,2026-07-03,1876.8,1904.8,1925.1,1855.9,8892790
SUNPHARMA,2026-07-10,1904.0,1935.5,1953.9,1875.1,11984547
SUNPHARMA,2026-07-17,1925.9,1932.6,1962.7,1910.0,10550647
SUPREMEIND,2026-01-23,3489.2,3488.5,3510.0,3268.0,2065497
SUPREMEIND,2026-01-30,3505.0,3513.5,3558.4,3421.8,1155764
SUPREMEIND,2026-02-06,3485.0,3678.6,3759.2,3452.6,1296334
SUPREMEIND,2026-02-13,3702.0,3774.9,3869.9,3648.5,1549231
SUPREMEIND,2026-02-20,3774.9,3918.3,3967.1,3749.5,1218114
SUPREMEIND,2026-02-27,3918.3,3975.2,4074.8,3910.0,1571979
SUPREMEIND,2026-03-06,3880.0,3947.7,4067.7,3825.0,1258923
SUPREMEIND,2026-03-13,3902.6,3886.5,4060.0,3780.2,2033006
SUPREMEIND,2026-03-20,3865.3,3834.4,4029.0,3820.3,918313
SUPREMEIND,2026-03-27,3804.8,3747.7,3919.6,3672.5,1163972
SUPREMEIND,2026-04-03,3680.1,3642.1,3842.8,3413.0,1380935
SUPREMEIND,2026-04-10,3649.2,3802.4,3941.4,3516.0,1274403
SUPREMEIND,2026-04-17,3774.9,3709.0,3879.8,3631.2,2266788
SUPREMEIND,2026-04-24,3740.0,3664.0,3760.0,3623.1,1566268
SUPREMEIND,2026-05-01,3701.0,3622.6,3826.5,3534.0,2298201
SUPREMEIND,2026-05-08,3669.0,3654.9,3746.3,3581.2,925554
SUPREMEIND,2026-05-15,3675.0,3508.7,3675.0,3479.0,485569
SUPREMEIND,2026-05-22,3498.4,3556.0,3600.0,3400.0,746878
SUPREMEIND,2026-05-29,3565.3,3549.0,3645.0,3515.1,709064
SUPREMEIND,2026-06-05,3589.0,3602.0,3685.7,3468.1,726727
SUPREMEIND,2026-06-12,3579.5,3485.0,3579.5,3429.7,702937
SUPREMEIND,2026-06-19,3548.0,3525.5,3606.9,3476.5,798858
SUPREMEIND,2026-06-26,3570.0,3421.9,3646.0,3406.9,958839
SUPREMEIND,2026-07-03,3397.7,3228.7,3413.0,3141.0,1871100
SUPREMEIND,2026-07-10,3245.0,3319.6,3327.4,3140.0,982988
SUPREMEIND,2026-07-17,3319.6,3433.7,3538.1,3275.1,1150280
SURYODAY,2026-01-23,140.0,132.74,144.0,130.48,1948264
SURYODAY,2026-01-30,132.83,138.55,143.3,129.5,830636
SURYODAY,2026-02-06,135.2,134.83,138.1,132.5,426204
SURYODAY,2026-02-13,134.5,129.86,136.95,129.1,500028
SURYODAY,2026-02-20,129.86,122.1,131.99,121.15,1939475
SURYODAY,2026-02-27,122.1,132.08,134.0,115.41,3988468
SURYODAY,2026-03-06,127.25,129.25,135.0,122.34,1463352
SURYODAY,2026-03-13,130.0,131.98,136.9,123.82,1497422
SURYODAY,2026-03-20,128.15,123.54,133.29,120.75,2054018
SURYODAY,2026-03-27,123.75,127.93,133.0,119.7,2352386
SURYODAY,2026-04-03,126.53,125.9,127.26,118.3,541351
SURYODAY,2026-04-10,127.27,133.77,140.0,126.9,1446095
SURYODAY,2026-04-17,133.5,144.05,145.82,129.1,1074085
SURYODAY,2026-04-24,144.0,145.2,149.35,141.5,1095581
SURYODAY,2026-05-01,145.2,152.89,154.8,144.96,914954
SURYODAY,2026-05-08,152.17,179.93,184.79,151.0,10669292
SURYODAY,2026-05-15,180.79,167.33,190.78,166.55,6256943
SURYODAY,2026-05-22,164.99,159.4,167.0,156.8,993945
SURYODAY,2026-05-29,161.0,163.59,170.97,159.47,1176045
SURYODAY,2026-06-05,163.0,171.83,176.48,160.2,1891718
SURYODAY,2026-06-12,168.38,169.65,178.0,164.1,1154752
SURYODAY,2026-06-19,171.66,175.09,178.08,166.59,2548540
SURYODAY,2026-06-26,174.22,171.98,178.0,169.29,2122951
SURYODAY,2026-07-03,173.49,182.15,188.5,171.5,3113323
SURYODAY,2026-07-10,186.0,184.31,188.2,172.3,3067736
SURYODAY,2026-07-17,184.0,179.79,195.0,177.3,2869749
SUVEN,2026-01-23,149.85,134.07,151.5,132.11,1883597
SUVEN,2026-01-30,133.25,132.81,137.39,125.45,1414814
SUVEN,2026-02-06,139.9,160.31,176.02,131.63,4606179
SUVEN,2026-02-13,161.48,151.52,166.59,146.47,966243
SUVEN,2026-02-20,150.0,151.08,157.27,144.76,709456
SUVEN,2026-02-27,151.98,146.07,155.0,145.0,766913
SUVEN,2026-03-06,140.0,137.74,145.09,132.89,1149118
SUVEN,2026-03-13,134.9,137.61,148.0,132.5,2052815
SUVEN,2026-03-20,137.61,134.03,146.35,132.0,1779783
SUVEN,2026-03-27,134.0,130.19,138.0,124.11,2145217
SUVEN,2026-04-03,130.0,157.96,162.0,130.0,3977724
SUVEN,2026-04-10,156.2,195.52,202.54,152.51,5122251
SUVEN,2026-04-17,190.0,196.08,201.5,186.6,1769239
SUVEN,2026-04-24,197.9,202.05,217.5,196.08,2749560
SUVEN,2026-05-01,202.05,211.88,229.69,202.05,2254774
SUVEN,2026-05-08,211.84,222.98,226.25,200.0,1737201
SUVEN,2026-05-15,228.0,211.15,228.0,202.31,2058136
SUVEN,2026-05-22,211.95,265.45,277.99,209.71,38525895
SUVEN,2026-05-29,270.75,279.34,294.88,264.07,6743516
SUVEN,2026-06-05,297.95,237.35,297.95,235.1,11456130
SUVEN,2026-06-12,235.0,268.25,273.7,230.6,9055081
SUVEN,2026-06-19,274.0,268.2,276.9,254.2,8907207
SUVEN,2026-06-26,269.0,267.25,277.15,252.65,5918138
SUVEN,2026-07-03,270.65,327.6,336.0,264.25,18927566
SUVEN,2026-07-10,327.6,357.85,370.8,308.5,11064283
SUVEN,2026-07-17,360.0,325.9,371.0,321.5,4906710
SYRMA,2026-01-23,708.0,665.35,708.4,634.5,4402729
SYRMA,2026-01-30,667.95,761.0,802.0,649.5,15456682
SYRMA,2026-02-06,774.8,868.6,877.2,748.2,12821546
SYRMA,2026-02-13,873.0,872.8,895.0,852.15,5231462
SYRMA,2026-02-20,870.9,832.4,889.95,828.0,3130149
SYRMA,2026-02-27,836.4,822.25,867.0,815.15,4221084
SYRMA,2026-03-06,779.35,761.55,802.6,730.05,4508166
SYRMA,2026-03-13,730.0,724.55,775.55,700.1,5212180
SYRMA,2026-03-20,721.0,783.9,796.85,709.0,8691929
SYRMA,2026-03-27,775.0,818.2,841.45,735.7,6823676
SYRMA,2026-04-03,805.8,796.3,818.9,765.2,3323811
SYRMA,2026-04-10,798.0,868.6,879.0,789.3,4068043
SYRMA,2026-04-17,850.0,978.1,993.0,844.5,11028411
SYRMA,2026-04-24,974.9,969.6,1032.0,958.0,7438129
SYRMA,2026-05-01,983.0,958.95,997.0,945.85,3140382
SYRMA,2026-05-08,963.6,1100.15,1136.45,960.0,7508886
SYRMA,2026-05-15,1104.8,1013.25,1188.0,987.05,18712127
SYRMA,2026-05-22,1005.05,1038.85,1050.5,957.4,5881571
SYRMA,2026-05-29,1049.95,1088.55,1102.6,1036.15,4288909
SYRMA,2026-06-05,1102.0,1226.8,1234.0,1085.9,7735891
SYRMA,2026-06-12,1194.0,1266.7,1290.9,1180.4,5810624
SYRMA,2026-06-19,1320.0,1334.0,1355.0,1273.0,5485681
SYRMA,2026-06-26,1341.0,1440.5,1517.7,1328.5,9283058
SYRMA,2026-07-03,1440.0,1376.0,1454.0,1351.0,6650154
SYRMA,2026-07-10,1379.0,1451.9,1457.0,1332.2,7334547
SYRMA,2026-07-17,1431.7,1359.1,1449.5,1351.5,3205758
TALBROAUTO,2026-01-23,263.3,246.35,266.8,235.0,791704
TALBROAUTO,2026-01-30,243.0,256.8,265.0,232.85,354120
TALBROAUTO,2026-02-06,252.0,273.55,294.9,252.0,1421059
TALBROAUTO,2026-02-13,275.05,283.85,293.2,274.0,650165
TALBROAUTO,2026-02-20,282.0,273.05,286.9,272.25,249701
TALBROAUTO,2026-02-27,274.7,259.6,278.15,257.4,328450
TALBROAUTO,2026-03-06,247.0,240.95,256.0,240.3,232683
TALBROAUTO,2026-03-13,239.85,247.65,253.9,229.95,508262
TALBROAUTO,2026-03-20,246.05,236.55,249.8,231.85,644172
TALBROAUTO,2026-03-27,236.0,233.0,262.8,219.9,1341651
TALBROAUTO,2026-04-03,230.3,246.66,251.39,228.0,367449
TALBROAUTO,2026-04-10,245.0,265.7,276.89,241.52,691715
TALBROAUTO,2026-04-17,261.0,275.62,280.0,256.1,349535
TALBROAUTO,2026-04-24,276.99,277.78,286.0,272.0,372068
TALBROAUTO,2026-05-01,277.0,332.65,335.0,277.0,2176727
TALBROAUTO,2026-05-08,338.75,324.7,350.15,323.1,882218
TALBROAUTO,2026-05-15,324.75,322.3,342.2,308.05,918065
TALBROAUTO,2026-05-22,320.0,359.05,372.8,312.55,6282391
TALBROAUTO,2026-05-29,367.4,345.35,372.0,342.65,1455540
TALBROAUTO,2026-06-05,345.35,350.75,366.0,330.25,818619
TALBROAUTO,2026-06-12,345.0,359.75,379.7,334.45,1382769
TALBROAUTO,2026-06-19,374.05,360.45,385.85,350.0,974143
TALBROAUTO,2026-06-26,369.9,406.5,429.9,360.55,4433345
TALBROAUTO,2026-07-03,407.0,412.1,435.0,403.55,2161650
TALBROAUTO,2026-07-10,413.7,408.1,424.65,396.0,909184
TALBROAUTO,2026-07-17,408.0,405.1,410.7,384.75,699427
TANLA,2026-01-23,461.3,481.0,508.0,433.0,25058486
TANLA,2026-01-30,478.6,511.25,526.3,443.1,10176064
TANLA,2026-02-06,500.95,478.6,517.4,475.0,2009934
TANLA,2026-02-13,481.0,467.8,514.7,464.1,1511687
TANLA,2026-02-20,465.0,454.05,479.1,452.3,1367526
TANLA,2026-02-27,455.0,455.0,477.55,440.6,3157190
TANLA,2026-03-06,431.1,447.0,450.8,431.1,1294954
TANLA,2026-03-13,440.0,418.6,454.4,417.0,1832567
TANLA,2026-03-20,421.0,423.05,435.8,403.2,2489669
TANLA,2026-03-27,420.0,398.45,422.5,393.9,2011028
TANLA,2026-04-03,393.0,422.75,428.3,365.9,2611420
TANLA,2026-04-10,425.0,475.45,484.9,415.1,3377952
TANLA,2026-04-17,464.4,491.1,497.0,444.8,1699381
TANLA,2026-04-24,492.0,485.8,518.35,479.1,2483915
TANLA,2026-05-01,509.0,511.95,582.95,506.65,26813411
TANLA,2026-05-08,516.7,564.8,589.0,510.15,5462219
TANLA,2026-05-15,559.8,497.5,561.45,492.3,2147750
TANLA,2026-05-22,495.05,518.6,536.85,480.0,3755089
TANLA,2026-05-29,520.0,525.4,543.5,517.8,1453434
TANLA,2026-06-05,527.4,517.15,546.9,512.0,3286205
TANLA,2026-06-12,511.0,513.7,529.45,499.0,1501184
TANLA,2026-06-19,521.5,521.35,542.9,509.25,1709774
TANLA,2026-06-26,524.9,520.05,532.95,517.3,979573
TANLA,2026-07-03,522.95,539.05,551.0,521.2,2160500
TANLA,2026-07-10,544.7,550.2,559.0,520.15,2942061
TANLA,2026-07-17,549.9,584.55,598.9,542.5,6576549
TARIL,2026-01-23,260.3,232.5,261.8,231.0,16079810
TARIL,2026-01-30,232.5,236.15,244.6,226.5,12814815
TARIL,2026-02-06,236.48,247.97,257.48,224.05,18418677
TARIL,2026-02-13,253.4,271.11,298.71,251.8,59767016
TARIL,2026-02-20,269.77,313.86,328.68,261.18,76309236
TARIL,2026-02-27,318.51,310.14,318.92,293.18,27556745
TARIL,2026-03-06,290.1,293.65,315.6,288.0,17311035
TARIL,2026-03-13,283.0,276.85,295.9,273.7,13900323
TARIL,2026-03-20,278.2,285.15,295.7,258.2,24026572
TARIL,2026-03-27,275.85,272.15,289.6,268.15,12911369
TARIL,2026-04-03,268.0,273.1,282.8,253.0,11582124
TARIL,2026-04-10,276.7,281.45,288.1,266.7,18209685
TARIL,2026-04-17,275.6,322.3,327.7,272.0,26928261
TARIL,2026-04-24,325.0,323.45,335.0,295.0,57194833
TARIL,2026-05-01,329.4,334.2,358.0,317.75,37822088
TARIL,2026-05-08,336.35,324.6,338.0,310.9,18372323
TARIL,2026-05-15,322.4,300.8,323.7,296.55,12416585
TARIL,2026-05-22,298.0,310.6,318.9,287.5,12384306
TARIL,2026-05-29,315.0,320.55,329.6,312.0,8720050
TARIL,2026-06-05,322.4,321.1,326.5,305.55,7741983
TARIL,2026-06-12,315.0,315.1,323.5,299.7,7246375
TARIL,2026-06-19,322.0,357.55,372.0,315.0,52484633
TARIL,2026-06-26,360.65,334.45,361.0,330.0,12659854
TARIL,2026-07-03,334.9,336.75,365.0,326.6,40436672
TARIL,2026-07-10,336.7,344.75,349.8,319.1,13233103
TARIL,2026-07-17,341.25,332.5,350.6,328.8,6624703
TATACOMM,2026-01-23,1742.2,1560.2,1770.9,1529.6,4010037
TATACOMM,2026-01-30,1561.0,1570.5,1588.9,1508.3,1483539
TATACOMM,2026-02-06,1616.9,1552.7,1620.2,1516.6,1208558
TATACOMM,2026-02-13,1562.0,1656.9,1710.0,1546.7,1656374
TATACOMM,2026-02-20,1625.1,1686.7,1703.6,1611.0,967826
TATACOMM,2026-02-27,1686.7,1597.5,1694.0,1580.5,1906033
TATACOMM,2026-03-06,1575.0,1456.7,1596.6,1439.8,1062609
TATACOMM,2026-03-13,1426.0,1398.1,1496.0,1394.8,1795754
TATACOMM,2026-03-20,1400.0,1416.8,1504.2,1377.3,1364475
TATACOMM,2026-03-27,1410.2,1398.3,1457.7,1361.6,1378748
TATACOMM,2026-04-03,1400.0,1387.3,1417.4,1322.5,839483
TATACOMM,2026-04-10,1380.0,1509.0,1518.9,1363.5,1510554
TATACOMM,2026-04-17,1485.7,1521.1,1574.7,1430.0,1355387
TATACOMM,2026-04-24,1534.0,1520.6,1612.0,1490.9,5222843
TATACOMM,2026-05-01,1520.6,1580.5,1623.0,1518.2,1948712
TATACOMM,2026-05-08,1586.7,1592.3,1609.8,1538.7,1868684
TATACOMM,2026-05-15,1576.9,1680.0,1716.0,1530.4,2523065
TATACOMM,2026-05-22,1667.5,1964.0,1979.0,1630.2,7865659
TATACOMM,2026-05-29,1964.0,1965.0,2049.9,1888.0,5680414
TATACOMM,2026-06-05,1984.6,1972.7,2029.7,1895.1,3700782
TATACOMM,2026-06-12,1963.0,1966.6,1994.9,1857.7,2605999
TATACOMM,2026-06-19,2000.0,1988.8,2017.3,1890.2,3837415
TATACOMM,2026-06-26,2003.0,1991.9,2110.0,1978.1,5434196
TATACOMM,2026-07-03,1990.1,1906.7,2017.8,1876.2,2958748
TATACOMM,2026-07-10,1908.7,1856.2,1928.9,1850.0,1661381
TATACOMM,2026-07-17,1857.0,1817.1,1895.9,1801.0,875610
TATACONSUM,2026-01-23,1180.2,1153.5,1203.9,1149.7,6474042
TATACONSUM,2026-01-30,1158.6,1133.9,1200.0,1100.1,13760961
TATACONSUM,2026-02-06,1092.9,1159.3,1180.9,1084.0,6133553
TATACONSUM,2026-02-13,1159.3,1132.2,1175.0,1125.4,3985962
TATACONSUM,2026-02-20,1128.5,1156.2,1173.2,1117.1,3344566
TATACONSUM,2026-02-27,1156.2,1141.0,1185.0,1134.9,4479905
TATACONSUM,2026-03-06,1110.8,1116.7,1145.8,1095.8,4878230
TATACONSUM,2026-03-13,1086.7,1083.6,1111.0,1048.0,7056441
TATACONSUM,2026-03-20,1083.6,1050.2,1104.2,1039.4,7461775
TATACONSUM,2026-03-27,1036.1,1048.5,1073.0,1019.6,6812214
TATACONSUM,2026-04-03,1038.8,1042.0,1047.9,1007.2,5697557
TATACONSUM,2026-04-10,1043.0,1093.7,1095.8,1022.7,9219249
TATACONSUM,2026-04-17,1075.5,1113.2,1126.4,1073.8,5800372
TATACONSUM,2026-04-24,1113.2,1174.0,1197.0,1106.7,9305406
TATACONSUM,2026-05-01,1168.0,1144.6,1183.9,1139.4,5445604
TATACONSUM,2026-05-08,1149.7,1176.2,1194.0,1135.6,9083529
TATACONSUM,2026-05-15,1202.2,1234.0,1282.7,1200.0,29119725
TATACONSUM,2026-05-22,1230.7,1191.8,1236.6,1189.1,8627910
TATACONSUM,2026-05-29,1191.0,1178.4,1211.0,1168.4,15023436
TATACONSUM,2026-06-05,1178.4,1130.9,1182.5,1124.2,9530953
TATACONSUM,2026-06-12,1115.0,1100.7,1134.3,1093.6,5915976
TATACONSUM,2026-06-19,1109.7,1111.5,1135.8,1097.5,6979149
TATACONSUM,2026-06-26,1111.5,1131.3,1135.3,1092.0,6670016
TATACONSUM,2026-07-03,1142.6,1116.7,1142.7,1065.1,13127356
TATACONSUM,2026-07-10,1115.1,1111.9,1130.0,1084.3,6091951
TATACONSUM,2026-07-17,1105.6,1088.6,1110.2,1074.9,6259268
TATAELXSI,2026-01-23,5604.5,5409.5,5614.5,5280.5,1497779
TATAELXSI,2026-01-30,5404.0,5323.5,5453.5,5241.5,685646
TATAELXSI,2026-02-06,5448.0,5198.5,5636.5,5120.0,1387773
TATAELXSI,2026-02-13,5229.0,4824.0,5398.5,4755.0,1544359
TATAELXSI,2026-02-20,4824.0,4859.0,5044.0,4750.0,1330271
TATAELXSI,2026-02-27,4845.5,4513.0,4873.0,4455.0,2041360
TATAELXSI,2026-03-06,4317.7,4330.2,4529.0,4317.7,1050085
TATAELXSI,2026-03-13,4295.0,4255.0,4425.0,4221.5,1070587
TATAELXSI,2026-03-20,4233.7,4237.7,4321.1,4021.6,2688187
TATAELXSI,2026-03-27,4190.0,4160.8,4288.0,4100.0,1177629
TATAELXSI,2026-04-03,4125.0,4241.3,4254.2,3966.2,892501
TATAELXSI,2026-04-10,4243.0,4445.3,4490.0,4206.1,1201643
TATAELXSI,2026-04-17,4380.0,4592.5,4753.6,4335.0,1033433
TATAELXSI,2026-04-24,4582.3,4193.0,4670.0,4157.7,3465729
TATAELXSI,2026-05-01,4204.9,4129.9,4283.4,4090.0,1511613
TATAELXSI,2026-05-08,4150.0,4319.6,4347.4,4127.3,1039351
TATAELXSI,2026-05-15,4331.9,4125.6,4331.9,3945.0,1233851
TATAELXSI,2026-05-22,4126.1,4311.1,4320.0,4037.4,1137225
TATAELXSI,2026-05-29,4355.1,4285.4,4424.6,4265.0,942622
TATAELXSI,2026-06-05,4306.9,4301.1,4542.8,4266.5,2145197
TATAELXSI,2026-06-12,4266.1,4064.9,4301.0,3981.0,915106
TATAELXSI,2026-06-19,4120.0,4065.5,4157.0,3926.1,1514338
TATAELXSI,2026-06-26,4085.7,4028.3,4139.3,4011.1,799451
TATAELXSI,2026-07-03,4041.0,3678.9,4054.9,3562.0,3384043
TATAELXSI,2026-07-10,3693.3,3690.3,3734.7,3588.7,1300758
TATAELXSI,2026-07-17,3690.3,3503.2,3840.0,3469.7,4055186
TATAPOWER,2026-01-23,366.1,345.25,368.7,344.1,16048044
TATAPOWER,2026-01-30,345.7,366.3,367.5,342.5,21126890
TATAPOWER,2026-02-06,355.0,365.95,372.25,348.4,18948563
TATAPOWER,2026-02-13,367.0,374.1,381.5,365.1,18697648
TATAPOWER,2026-02-20,372.0,378.0,384.25,368.3,15881778
TATAPOWER,2026-02-27,379.0,377.55,385.4,372.5,15745241
TATAPOWER,2026-03-06,356.0,375.5,385.25,356.0,21082466
TATAPOWER,2026-03-13,366.5,394.95,407.35,365.15,56498550
TATAPOWER,2026-03-20,395.55,402.4,418.45,385.0,60740598
TATAPOWER,2026-03-27,402.7,385.7,403.3,373.0,41795573
TATAPOWER,2026-04-03,381.0,385.0,390.9,368.0,25053543
TATAPOWER,2026-04-10,385.05,399.35,401.35,378.45,33041065
TATAPOWER,2026-04-17,394.95,427.6,432.0,390.25,59702268
TATAPOWER,2026-04-24,427.5,435.0,440.8,424.45,42750672
TATAPOWER,2026-05-01,436.6,444.55,464.9,435.2,46086440
TATAPOWER,2026-05-08,445.5,436.0,448.0,434.7,25495214
TATAPOWER,2026-05-15,434.0,407.0,437.95,390.8,42076011
TATAPOWER,2026-05-22,404.6,408.9,418.5,395.95,27265176
TATAPOWER,2026-05-29,411.25,420.75,434.0,409.4,27336716
TATAPOWER,2026-06-05,421.7,409.2,423.75,406.55,20899346
TATAPOWER,2026-06-12,404.05,393.55,409.1,388.0,23935438
TATAPOWER,2026-06-19,397.75,402.35,405.6,395.55,32795700
TATAPOWER,2026-06-26,402.35,388.95,407.6,388.0,23862001
TATAPOWER,2026-07-03,388.95,375.2,390.3,374.3,31538294
TATAPOWER,2026-07-10,375.2,381.3,382.8,370.1,21731826
TATAPOWER,2026-07-17,379.7,377.25,385.3,374.55,18190750
TCIEXP,2026-01-23,511.0,495.8,516.0,478.0,90361
TCIEXP,2026-01-30,482.1,543.1,550.0,482.1,88875
TCIEXP,2026-02-06,523.0,578.35,589.85,502.65,328512
TCIEXP,2026-02-13,581.4,565.05,592.7,551.2,56183
TCIEXP,2026-02-20,559.9,567.2,583.0,549.0,59196
TCIEXP,2026-02-27,560.0,545.85,572.35,535.5,41419
TCIEXP,2026-03-06,521.0,534.9,559.95,500.0,160327
TCIEXP,2026-03-13,534.75,481.8,534.75,480.0,101995
TCIEXP,2026-03-20,480.0,498.15,505.0,462.55,112013
TCIEXP,2026-03-27,493.6,461.0,494.65,447.55,212685
TCIEXP,2026-04-03,452.0,495.3,509.0,452.0,115551
TCIEXP,2026-04-10,495.3,545.2,552.5,485.65,140186
TCIEXP,2026-04-17,539.75,543.45,572.25,514.5,194739
TCIEXP,2026-04-24,538.0,512.95,544.75,510.5,118400
TCIEXP,2026-05-01,514.0,524.35,529.75,511.65,47117
TCIEXP,2026-05-08,534.7,566.5,593.55,525.0,201451
TCIEXP,2026-05-15,560.0,512.95,560.0,510.0,83968
TCIEXP,2026-05-22,507.4,504.3,525.0,494.55,370564
TCIEXP,2026-05-29,505.1,491.05,523.0,487.0,70701
TCIEXP,2026-06-05,499.7,528.05,546.0,488.15,121209
TCIEXP,2026-06-12,529.1,513.3,539.05,500.4,53040
TCIEXP,2026-06-19,515.15,537.55,544.85,515.15,54687
TCIEXP,2026-06-26,541.0,533.35,625.0,525.15,5090285
TCIEXP,2026-07-03,530.8,507.9,530.8,505.05,377877
TCIEXP,2026-07-10,508.1,559.75,583.0,495.5,3233658
TCIEXP,2026-07-17,549.0,580.4,614.0,549.0,1058692
TCS,2026-01-23,3188.0,3162.5,3220.0,3082.0,14240669
TCS,2026-01-30,3175.0,3123.9,3205.2,3092.0,12510817
TCS,2026-02-06,3198.0,2941.6,3350.0,2916.0,26063861
TCS,2026-02-13,2959.1,2692.2,3011.6,2585.0,31072485
TCS,2026-02-20,2700.0,2686.2,2760.0,2647.5,15610999
TCS,2026-02-27,2686.0,2637.4,2704.0,2561.3,24667698
TCS,2026-03-06,2592.0,2557.6,2635.0,2546.4,13780098
TCS,2026-03-13,2530.0,2410.5,2560.0,2397.0,15916365
TCS,2026-03-20,2410.0,2390.6,2482.9,2350.2,16847042
TCS,2026-03-27,2365.0,2389.8,2435.4,2348.0,18103886
TCS,2026-04-03,2375.1,2450.7,2472.0,2346.2,16315778
TCS,2026-04-10,2474.0,2524.3,2605.0,2448.0,27966804
TCS,2026-04-17,2489.9,2581.5,2594.0,2470.0,15624580
TCS,2026-04-24,2587.1,2396.9,2614.0,2388.8,17857331
TCS,2026-05-01,2396.9,2473.9,2491.0,2396.9,17168195
TCS,2026-05-08,2494.0,2394.4,2498.3,2375.1,18787499
TCS,2026-05-15,2371.0,2264.0,2415.0,2206.4,20538865
TCS,2026-05-22,2264.0,2317.3,2377.6,2252.2,22621814
TCS,2026-05-29,2325.0,2258.9,2334.0,2235.0,25871493
TCS,2026-06-05,2284.0,2198.9,2457.4,2192.0,44358264
TCS,2026-06-12,2170.0,2161.4,2180.8,2110.0,18738510
TCS,2026-06-19,2192.0,2125.0,2231.0,2059.9,26303681
TCS,2026-06-26,2132.2,2094.7,2157.0,2055.0,20445017
TCS,2026-07-03,2090.0,2093.5,2116.6,1976.8,24988616
TCS,2026-07-10,2090.0,2069.0,2133.3,2016.0,21509468
TCS,2026-07-17,2075.0,2269.0,2275.0,2065.1,38168134
TDPOWERSYS,2026-01-23,664.2,624.3,680.35,615.35,2605965
TDPOWERSYS,2026-01-30,622.05,729.5,767.95,602.4,6740705
TDPOWERSYS,2026-02-06,737.2,783.3,844.45,717.35,7062643
TDPOWERSYS,2026-02-13,795.25,834.45,888.8,790.0,7784799
TDPOWERSYS,2026-02-20,833.15,882.55,919.9,828.0,5134625
TDPOWERSYS,2026-02-27,885.6,903.3,933.0,863.8,6273931
TDPOWERSYS,2026-03-06,840.0,878.75,908.4,831.0,3475077
TDPOWERSYS,2026-03-13,851.25,780.5,863.75,773.55,4197023
TDPOWERSYS,2026-03-20,773.0,863.25,875.65,765.0,3058162
TDPOWERSYS,2026-03-27,840.0,848.8,896.9,803.65,3147558
TDPOWERSYS,2026-04-03,840.0,863.4,886.8,826.0,2350593
TDPOWERSYS,2026-04-10,864.6,926.6,954.0,859.05,8668657
TDPOWERSYS,2026-04-17,915.0,996.9,1009.0,905.7,7617035
TDPOWERSYS,2026-04-24,996.9,1112.85,1119.2,995.0,7177540
TDPOWERSYS,2026-05-01,1126.5,1152.7,1195.0,1075.0,5517267
TDPOWERSYS,2026-05-08,1169.9,1219.6,1289.2,1135.6,5896211
TDPOWERSYS,2026-05-15,1217.5,1311.3,1336.8,1125.3,12632788
TDPOWERSYS,2026-05-22,1329.0,1295.0,1361.0,1211.0,11262214
TDPOWERSYS,2026-05-29,1310.0,1318.6,1379.6,1275.5,5003269
TDPOWERSYS,2026-06-05,1318.7,1312.8,1356.0,1193.0,7029893
TDPOWERSYS,2026-06-12,1280.1,1192.8,1304.7,1115.0,6445514
TDPOWERSYS,2026-06-19,1222.6,1272.7,1290.0,1164.7,4085910
TDPOWERSYS,2026-06-26,1284.0,1255.1,1374.0,1244.1,5240617
TDPOWERSYS,2026-07-03,1246.0,1091.8,1272.3,1075.0,6090547
TDPOWERSYS,2026-07-10,1097.2,1150.2,1182.0,1070.0,6626483
TDPOWERSYS,2026-07-17,1140.0,1127.7,1184.0,1102.1,3458747
TECHM,2026-01-23,1690.0,1701.1,1736.0,1660.1,19168794
TECHM,2026-01-30,1720.0,1743.1,1776.6,1700.0,9033722
TECHM,2026-02-06,1713.7,1619.9,1854.0,1598.0,12275201
TECHM,2026-02-13,1625.0,1534.4,1658.5,1464.4,16385715
TECHM,2026-02-20,1526.0,1456.9,1547.5,1453.1,8352268
TECHM,2026-02-27,1459.5,1357.8,1470.0,1335.3,16974438
TECHM,2026-03-06,1335.0,1331.7,1366.7,1319.3,5628421
TECHM,2026-03-13,1305.0,1332.8,1356.5,1304.1,7819166
TECHM,2026-03-20,1324.0,1384.8,1404.7,1315.9,11281525
TECHM,2026-03-27,1366.0,1391.6,1439.2,1357.6,15159031
TECHM,2026-04-03,1380.0,1441.5,1447.0,1367.1,7174656
TECHM,2026-04-10,1435.0,1440.2,1493.0,1426.0,9737400
TECHM,2026-04-17,1425.6,1511.4,1522.5,1412.9,6592313
TECHM,2026-04-24,1510.9,1358.5,1531.3,1347.4,22807246
TECHM,2026-05-01,1362.9,1473.5,1482.0,1360.2,9813569
TECHM,2026-05-08,1484.0,1463.0,1492.4,1444.0,5580531
TECHM,2026-05-15,1460.0,1370.5,1475.4,1327.3,12610542
TECHM,2026-05-22,1363.7,1422.2,1506.8,1363.7,16771854
TECHM,2026-05-29,1429.4,1483.9,1496.6,1421.2,8393329
TECHM,2026-06-05,1495.2,1483.5,1589.0,1453.1,17169774
TECHM,2026-06-12,1469.1,1429.2,1518.4,1425.0,9430093
TECHM,2026-06-19,1441.2,1409.6,1476.8,1344.0,14178200
TECHM,2026-06-26,1414.0,1437.1,1476.0,1400.5,10573507
TECHM,2026-07-03,1439.7,1410.1,1453.9,1355.6,14565878
TECHM,2026-07-10,1409.8,1454.8,1478.9,1391.0,9826423
TECHM,2026-07-17,1444.2,1572.9,1585.0,1444.2,19665918
TECHNOE,2026-01-23,971.0,893.4,974.7,883.1,791829
TECHNOE,2026-01-30,892.3,974.5,990.0,870.0,687312
TECHNOE,2026-02-06,1005.0,1035.75,1080.0,975.0,1041028
TECHNOE,2026-02-13,1056.4,1048.8,1159.0,1027.65,1096030
TECHNOE,2026-02-20,1047.45,1144.4,1194.0,1025.45,2567548
TECHNOE,2026-02-27,1158.4,1173.2,1215.7,1138.2,1466256
TECHNOE,2026-03-06,1109.5,1120.3,1158.0,1101.5,730059
TECHNOE,2026-03-13,1099.1,1086.6,1137.8,1047.0,961138
TECHNOE,2026-03-20,1076.4,1089.6,1138.0,1057.6,1302427
TECHNOE,2026-03-27,1072.0,1031.9,1093.2,1001.2,916535
TECHNOE,2026-04-03,1019.0,1049.4,1057.0,978.0,836603
TECHNOE,2026-04-10,1059.0,1116.0,1122.25,1023.9,1374375
TECHNOE,2026-04-17,1089.0,1234.25,1238.95,1066.65,1466686
TECHNOE,2026-04-24,1242.0,1223.5,1284.0,1210.0,1375310
TECHNOE,2026-05-01,1234.0,1283.25,1329.0,1231.0,1369686
TECHNOE,2026-05-08,1300.0,1257.2,1335.6,1246.5,1111962
TECHNOE,2026-05-15,1255.0,1196.0,1265.0,1191.1,904815
TECHNOE,2026-05-22,1184.1,1334.5,1349.8,1143.8,3191954
TECHNOE,2026-05-29,1354.0,1079.2,1383.9,1059.2,6453405
TECHNOE,2026-06-05,1093.8,1017.0,1094.0,1005.3,1927810
TECHNOE,2026-06-12,1006.0,1038.7,1047.2,983.6,1099026
TECHNOE,2026-06-19,1057.4,1079.3,1116.9,1025.2,1605437
TECHNOE,2026-06-26,1094.1,1087.1,1111.0,1064.0,863052
TECHNOE,2026-07-03,1088.2,1081.8,1097.6,1050.0,1187019
TECHNOE,2026-07-10,1079.0,1050.2,1092.0,1037.6,661889
TECHNOE,2026-07-17,1048.8,1034.1,1061.0,1026.7,523852
TEJASNET,2026-01-23,362.5,304.05,363.05,300.0,11358310
TEJASNET,2026-01-30,304.15,340.8,353.45,294.0,50675262
TEJASNET,2026-02-06,331.0,336.75,356.6,319.05,6934313
TEJASNET,2026-02-13,339.0,328.65,365.0,323.5,5861564
TEJASNET,2026-02-20,328.7,326.75,346.55,324.25,4409646
TEJASNET,2026-02-27,328.0,435.85,442.7,312.45,202611727
TEJASNET,2026-03-06,421.4,465.05,528.95,405.95,330435750
TEJASNET,2026-03-13,452.95,424.45,492.0,418.55,80383770
TEJASNET,2026-03-20,441.65,435.95,463.0,428.0,50535708
TEJASNET,2026-03-27,428.0,410.5,435.95,399.15,24621279
TEJASNET,2026-04-03,405.05,419.25,424.85,382.25,15178839
TEJASNET,2026-04-10,425.0,443.45,461.5,408.4,18894010
TEJASNET,2026-04-17,430.0,424.55,455.9,422.05,17526002
TEJASNET,2026-04-24,426.3,411.0,426.7,396.25,11853050
TEJASNET,2026-05-01,415.0,415.15,429.35,408.4,6472083
TEJASNET,2026-05-08,415.15,514.4,554.95,414.5,95402463
TEJASNET,2026-05-15,511.9,445.75,511.9,443.0,27193792
TEJASNET,2026-05-22,440.95,468.15,478.8,425.95,23345793
TEJASNET,2026-05-29,474.8,520.4,529.85,469.55,34619879
TEJASNET,2026-06-05,525.1,576.2,629.45,518.2,113106699
TEJASNET,2026-06-12,561.95,598.85,602.9,525.6,56844423
TEJASNET,2026-06-19,607.0,632.35,644.75,572.8,44978237
TEJASNET,2026-06-26,638.0,622.75,642.0,608.4,15976135
TEJASNET,2026-07-03,620.1,593.6,642.0,591.05,16265822
TEJASNET,2026-07-10,594.7,564.65,595.0,527.6,13062630
TEJASNET,2026-07-17,564.5,538.9,581.9,534.0,11498985
TFCILTD,2026-01-23,68.76,60.97,68.79,58.7,63045251
TFCILTD,2026-01-30,60.97,65.46,67.1,58.25,40571884
TFCILTD,2026-02-06,63.0,67.29,68.0,61.3,35777316
TFCILTD,2026-02-13,67.6,74.84,75.25,67.0,32269083
TFCILTD,2026-02-20,74.84,72.96,75.98,71.0,40892977
TFCILTD,2026-02-27,73.13,70.83,80.45,70.0,52493610
TFCILTD,2026-03-06,68.0,66.93,70.2,65.64,27158668
TFCILTD,2026-03-13,65.0,62.9,68.99,61.35,33513272
TFCILTD,2026-03-20,63.0,65.45,68.4,62.26,33104582
TFCILTD,2026-03-27,64.2,64.71,66.29,61.95,36259979
TFCILTD,2026-04-03,64.0,64.65,66.39,61.9,18324803
TFCILTD,2026-04-10,64.9,67.71,69.8,64.1,22955100
TFCILTD,2026-04-17,66.5,73.04,73.9,65.65,15880485
TFCILTD,2026-04-24,73.4,72.56,79.19,72.02,21869280
TFCILTD,2026-05-01,73.0,72.1,75.61,71.75,6230795
TFCILTD,2026-05-08,72.39,83.48,84.61,71.8,31129173
TFCILTD,2026-05-15,83.06,75.7,83.9,73.8,30938933
TFCILTD,2026-05-22,75.0,73.59,76.6,71.15,28610456
TFCILTD,2026-05-29,73.59,73.05,74.9,71.7,27718154
TFCILTD,2026-06-05,73.06,75.25,78.2,71.2,32852652
TFCILTD,2026-06-12,74.5,74.68,77.0,71.7,20131427
TFCILTD,2026-06-19,75.5,74.16,78.0,73.57,30587111
TFCILTD,2026-06-26,74.1,78.44,82.28,73.75,34306419
TFCILTD,2026-07-03,78.14,79.24,79.99,74.72,13761469
TFCILTD,2026-07-10,79.3,75.15,82.2,73.37,39006794
TFCILTD,2026-07-17,75.0,85.03,86.5,74.61,54021380
THEMISMED,2026-01-23,91.7,79.69,92.99,78.3,618779
THEMISMED,2026-01-30,78.3,80.18,82.0,76.0,311295
THEMISMED,2026-02-06,77.5,83.68,85.77,75.15,417979
THEMISMED,2026-02-13,84.01,90.83,94.64,84.01,539771
THEMISMED,2026-02-20,92.89,90.61,96.0,89.01,272470
THEMISMED,2026-02-27,90.61,85.8,91.77,81.5,311639
THEMISMED,2026-03-06,82.01,78.84,84.36,78.1,141068
THEMISMED,2026-03-13,79.02,78.02,84.89,74.06,1279895
THEMISMED,2026-03-20,77.5,75.29,79.0,74.01,504378
THEMISMED,2026-03-27,74.81,69.8,77.6,68.2,768646
THEMISMED,2026-04-03,69.8,79.22,80.0,64.95,404544
THEMISMED,2026-04-10,79.22,83.59,85.8,76.6,344280
THEMISMED,2026-04-17,81.0,90.07,91.0,79.84,323516
THEMISMED,2026-04-24,90.0,96.42,99.8,86.62,440276
THEMISMED,2026-05-01,98.0,98.7,100.0,90.81,261800
THEMISMED,2026-05-08,98.6,97.49,103.58,97.1,266841
THEMISMED,2026-05-15,97.1,97.63,109.57,95.01,615792
THEMISMED,2026-05-22,97.63,100.29,105.26,94.43,275793
THEMISMED,2026-05-29,101.99,109.56,117.5,99.01,852132
THEMISMED,2026-06-05,110.0,104.34,110.89,103.29,413743
THEMISMED,2026-06-12,104.0,103.99,109.8,100.0,283254
THEMISMED,2026-06-19,104.94,101.73,107.0,100.52,219902
THEMISMED,2026-06-26,102.0,114.33,137.0,100.85,11607427
THEMISMED,2026-07-03,114.9,118.59,124.8,108.35,2673589
THEMISMED,2026-07-10,119.54,116.96,123.89,110.9,460094
THEMISMED,2026-07-17,116.55,109.9,121.0,109.37,393366
THERMAX,2026-01-23,2950.4,2920.6,2960.4,2847.8,285030
THERMAX,2026-01-30,2920.6,2878.0,2944.7,2751.1,443666
THERMAX,2026-02-06,2902.0,2872.6,3090.0,2806.0,740493
THERMAX,2026-02-13,2919.0,2886.7,2985.7,2749.8,942413
THERMAX,2026-02-20,2886.1,3151.8,3198.4,2845.4,694599
THERMAX,2026-02-27,3152.0,3117.8,3246.6,3076.0,689786
THERMAX,2026-03-06,3012.0,3161.9,3197.8,2966.8,361314
THERMAX,2026-03-13,3120.0,3221.0,3235.0,3004.5,553295
THERMAX,2026-03-20,3261.0,3227.4,3347.2,3180.7,1839711
THERMAX,2026-03-27,3195.1,3196.9,3301.8,3050.0,430796
THERMAX,2026-04-03,3258.9,3295.7,3353.0,3143.0,861283
THERMAX,2026-04-10,3295.8,3643.0,3665.0,3192.7,1380918
THERMAX,2026-04-17,3596.0,4141.4,4185.8,3537.6,1538840
THERMAX,2026-04-24,4141.4,4006.5,4305.0,3988.7,993069
THERMAX,2026-05-01,4023.0,4077.6,4183.6,3922.5,681688
THERMAX,2026-05-08,4077.6,4677.5,4759.0,4056.7,4420107
THERMAX,2026-05-15,4707.0,4500.4,4880.0,4401.9,1867796
THERMAX,2026-05-22,4458.6,4454.6,4636.0,4330.0,1130062
THERMAX,2026-05-29,4454.6,4982.7,5075.0,4383.1,2650222
THERMAX,2026-06-05,4982.7,4832.1,5016.1,4722.1,1566829
THERMAX,2026-06-12,4723.0,4726.3,4885.0,4533.3,1040712
THERMAX,2026-06-19,4821.0,4702.4,4889.0,4638.8,821135
THERMAX,2026-06-26,4712.1,4828.8,4935.0,4681.0,790636
THERMAX,2026-07-03,4832.1,4607.5,5277.8,4575.0,2047202
THERMAX,2026-07-10,4590.0,4809.0,4860.0,4532.5,984244
THERMAX,2026-07-17,4775.0,4662.0,4796.0,4358.5,1370018
THYROCARE,2026-01-23,464.7,440.25,484.0,435.0,1524117
THYROCARE,2026-01-30,445.75,420.0,469.0,397.5,2511152
THYROCARE,2026-02-06,404.95,405.65,416.0,376.5,2483857
THYROCARE,2026-02-13,411.05,403.1,419.0,391.1,1352671
THYROCARE,2026-02-20,400.4,399.45,425.05,382.6,1486408
THYROCARE,2026-02-27,399.0,393.65,415.8,378.55,3780449
THYROCARE,2026-03-06,375.2,369.85,392.6,365.85,1045814
THYROCARE,2026-03-13,360.0,354.95,382.0,351.8,1169628
THYROCARE,2026-03-20,355.0,351.35,379.7,348.35,1102668
THYROCARE,2026-03-27,350.0,361.25,383.85,342.55,2538317
THYROCARE,2026-04-03,358.2,366.0,373.25,346.8,767110
THYROCARE,2026-04-10,368.0,399.0,400.95,364.15,828514
THYROCARE,2026-04-17,392.0,389.05,411.0,385.4,1035274
THYROCARE,2026-04-24,392.55,395.1,403.1,383.55,952231
THYROCARE,2026-05-01,395.0,400.3,418.0,395.0,624321
THYROCARE,2026-05-08,400.65,486.5,526.0,399.75,13635907
THYROCARE,2026-05-15,488.9,462.15,493.55,460.0,2015797
THYROCARE,2026-05-22,460.0,465.85,483.8,445.0,1539449
THYROCARE,2026-05-29,472.3,506.3,521.4,466.35,2186678
THYROCARE,2026-06-05,528.75,518.0,530.0,502.0,1607763
THYROCARE,2026-06-12,518.0,528.9,578.25,495.0,3749243
THYROCARE,2026-06-19,540.0,540.55,553.7,528.0,1412752
THYROCARE,2026-06-26,543.75,517.2,574.9,512.2,1949711
THYROCARE,2026-07-03,518.5,555.6,565.0,515.4,1446429
THYROCARE,2026-07-10,554.05,515.7,557.95,511.65,1459139
THYROCARE,2026-07-17,512.0,520.6,547.15,505.5,2083534
TIIL,2026-01-23,1996.5,1994.5,2098.0,1868.5,77879
TIIL,2026-01-30,1996.5,2031.3,2091.8,1955.2,56304
TIIL,2026-02-06,1960.0,2323.6,2357.0,1880.8,182570
TIIL,2026-02-13,2325.9,2546.0,2696.9,2222.1,265667
TIIL,2026-02-20,2480.1,2381.7,2542.5,2305.0,57640
TIIL,2026-02-27,2412.5,2278.8,2415.0,2251.0,41141
TIIL,2026-03-06,2220.0,2126.5,2300.0,2075.9,58794
TIIL,2026-03-13,2050.1,1998.0,2166.6,1990.9,52903
TIIL,2026-03-20,1960.1,2189.8,2255.0,1960.1,68373
TIIL,2026-03-27,2188.9,2186.5,2246.8,2053.4,148769
TIIL,2026-04-03,2180.0,2248.4,2301.3,2072.6,107144
TIIL,2026-04-10,2310.6,2331.5,2425.6,2202.9,66293
TIIL,2026-04-17,2393.9,2455.8,2553.9,2252.2,69101
TIIL,2026-04-24,2455.8,2491.2,2567.9,2425.0,35806
TIIL,2026-05-01,2491.3,2485.2,2574.9,2451.1,31982
TIIL,2026-05-08,2485.2,2501.6,2558.0,2432.1,34328
TIIL,2026-05-15,2477.0,2407.6,2625.0,2400.1,52390
TIIL,2026-05-22,2407.9,2606.9,2658.4,2401.0,119110
TIIL,2026-05-29,2615.0,2465.6,2725.0,2451.0,104437
TIIL,2026-06-05,2456.1,2505.6,2547.9,2355.0,52320
TIIL,2026-06-12,2491.4,2508.4,2555.0,2426.2,33460
TIIL,2026-06-19,2559.0,2616.7,2648.0,2482.0,77598
TIIL,2026-06-26,2621.1,2559.0,2658.0,2549.0,51645
TIIL,2026-07-03,2559.0,2509.8,2646.8,2471.0,32949
TIIL,2026-07-10,2532.4,2479.2,2579.8,2455.5,41953
TIIL,2026-07-17,2481.0,2538.3,2600.0,2436.7,42457
TIINDIA,2026-01-23,2342.6,2219.4,2411.7,2210.1,1705439
TIINDIA,2026-01-30,2230.0,2335.1,2355.0,2164.9,3257180
TIINDIA,2026-02-06,2334.0,2313.6,2657.9,2268.3,5894412
TIINDIA,2026-02-13,2327.0,2498.6,2517.9,2318.0,3385958
TIINDIA,2026-02-20,2490.0,2585.8,2592.0,2417.9,2240084
TIINDIA,2026-02-27,2585.8,2753.4,2768.0,2512.3,3607389
TIINDIA,2026-03-06,2567.4,2722.9,2850.0,2567.4,4189702
TIINDIA,2026-03-13,2626.0,2458.2,2696.3,2433.3,1421537
TIINDIA,2026-03-20,2441.3,2537.3,2595.9,2361.0,2683415
TIINDIA,2026-03-27,2524.9,2566.3,2698.6,2436.0,1359469
TIINDIA,2026-04-03,2500.0,2567.3,2648.0,2472.8,1052748
TIINDIA,2026-04-10,2574.9,2744.8,2798.5,2509.4,1381965
TIINDIA,2026-04-17,2699.2,2790.2,2814.7,2648.6,1081176
TIINDIA,2026-04-24,2790.0,2968.7,3153.0,2750.7,2945270
TIINDIA,2026-05-01,2970.0,2947.9,3065.1,2892.0,950802
TIINDIA,2026-05-08,2972.6,3049.8,3066.0,2872.8,1361319
TIINDIA,2026-05-15,3046.1,2850.3,3070.7,2729.3,2977967
TIINDIA,2026-05-22,2850.3,3011.3,3063.5,2751.0,1482901
TIINDIA,2026-05-29,3044.0,3141.4,3250.0,3014.9,1731713
TIINDIA,2026-06-05,3140.9,3129.0,3160.0,2990.3,1283052
TIINDIA,2026-06-12,3082.6,3141.8,3172.2,2962.0,2261400
TIINDIA,2026-06-19,3192.0,3285.6,3312.8,3169.9,1019921
TIINDIA,2026-06-26,3299.9,3054.0,3335.2,3038.6,1346619
TIINDIA,2026-07-03,3077.7,2975.8,3128.3,2925.4,2015462
TIINDIA,2026-07-10,2976.1,2958.4,3024.9,2880.8,686328
TIINDIA,2026-07-17,2950.0,2888.6,3015.5,2821.6,677592
TIMEX,2026-04-24,335.0,337.95,348.0,323.0,746813
TIMEX,2026-05-01,340.2,342.45,357.6,329.9,907118
TIMEX,2026-05-08,344.05,369.45,377.0,342.4,1182138
TIMEX,2026-05-15,360.5,348.8,374.0,332.3,622587
TIMEX,2026-05-22,345.4,378.95,386.25,332.0,1285059
TIMEX,2026-05-29,383.9,449.35,456.4,369.3,10483133
TIMEX,2026-06-05,458.05,437.95,465.0,425.1,2789995
TIMEX,2026-06-12,432.3,493.75,496.9,422.15,4082446
TIMEX,2026-06-19,498.7,518.7,522.9,472.6,2701221
TIMEX,2026-06-26,515.0,507.5,519.9,481.05,2105624
TIMEX,2026-07-03,511.5,524.45,543.0,503.55,2869610
TIMEX,2026-07-10,527.0,569.6,576.8,509.1,1673062
TIMEX,2026-07-17,570.0,534.0,591.8,525.0,1230508
TIMKEN,2026-01-23,2990.5,3030.4,3129.0,2932.0,121030
TIMKEN,2026-01-30,3070.0,2941.6,3075.0,2890.8,177037
TIMKEN,2026-02-06,3003.1,3238.5,3356.0,2989.4,519261
TIMKEN,2026-02-13,3238.0,3062.8,3330.0,3044.8,124843
TIMKEN,2026-02-20,3079.5,3155.2,3199.0,3000.0,134599
TIMKEN,2026-02-27,3155.2,3472.9,3500.0,3091.3,303229
TIMKEN,2026-03-06,3351.0,3385.4,3429.3,3172.1,237424
TIMKEN,2026-03-13,3385.4,3445.4,3529.8,3234.0,388300
TIMKEN,2026-03-20,3475.1,3163.3,3610.0,3145.0,510170
TIMKEN,2026-03-27,3140.0,3319.0,3357.2,3008.0,207049
TIMKEN,2026-04-03,3237.0,3347.8,3420.0,3205.0,116665
TIMKEN,2026-04-10,3347.8,3488.6,3555.3,3254.0,196549
TIMKEN,2026-04-17,3416.9,3506.6,3618.0,3408.8,296918
TIMKEN,2026-04-24,3540.0,3517.6,3679.6,3431.1,364203
TIMKEN,2026-05-01,3557.0,3428.8,3600.0,3400.8,146363
TIMKEN,2026-05-08,3410.0,3595.0,3637.9,3384.9,312359
TIMKEN,2026-05-15,3584.2,3531.2,3645.0,3467.4,339566
TIMKEN,2026-05-22,3520.0,3750.2,3765.0,3411.0,938032
TIMKEN,2026-05-29,3750.2,3630.4,3775.0,3580.0,269927
TIMKEN,2026-06-05,3636.0,3643.6,3711.7,3478.6,171239
TIMKEN,2026-06-12,3600.0,3530.2,3645.9,3500.0,151203
TIMKEN,2026-06-19,3560.0,3689.4,3724.8,3505.0,418162
TIMKEN,2026-06-26,3726.8,3653.7,3925.0,3638.5,577598
TIMKEN,2026-07-03,3656.0,3401.2,3666.6,3390.0,482759
TIMKEN,2026-07-10,3415.1,3205.0,3449.6,3180.0,220271
TIMKEN,2026-07-17,3205.0,3142.2,3205.0,3110.2,512454
TIPSMUSIC,2026-01-23,518.0,524.7,578.0,510.0,13024994
TIPSMUSIC,2026-01-30,523.0,543.85,557.0,516.85,1080006
TIPSMUSIC,2026-02-06,520.0,558.45,567.55,520.0,566267
TIPSMUSIC,2026-02-13,561.95,576.5,587.0,553.3,1011025
TIPSMUSIC,2026-02-20,576.5,554.0,595.0,535.9,520636
TIPSMUSIC,2026-02-27,556.0,539.7,569.05,532.35,370992
TIPSMUSIC,2026-03-06,520.0,510.35,554.9,500.1,580811
TIPSMUSIC,2026-03-13,502.0,490.9,522.15,485.2,612597
TIPSMUSIC,2026-03-20,487.0,515.55,531.95,486.3,575944
TIPSMUSIC,2026-03-27,505.0,500.45,536.85,490.0,777059
TIPSMUSIC,2026-04-03,494.0,528.5,530.5,481.15,561217
TIPSMUSIC,2026-04-10,533.0,539.45,558.8,517.65,444901
TIPSMUSIC,2026-04-17,525.0,585.55,590.0,521.05,628166
TIPSMUSIC,2026-04-24,586.0,665.15,692.1,567.25,13035201
TIPSMUSIC,2026-05-01,670.0,649.7,688.15,642.45,1725560
TIPSMUSIC,2026-05-08,649.7,648.35,669.8,631.55,1528324
TIPSMUSIC,2026-05-15,640.1,646.65,670.0,616.85,1442066
TIPSMUSIC,2026-05-22,647.8,681.05,686.0,636.65,1142482
TIPSMUSIC,2026-05-29,691.1,662.45,692.0,640.0,1110491
TIPSMUSIC,2026-06-05,667.6,690.95,726.75,646.0,2304030
TIPSMUSIC,2026-06-12,678.0,640.25,683.05,630.3,903784
TIPSMUSIC,2026-06-19,654.9,653.0,661.95,632.05,645400
TIPSMUSIC,2026-06-26,653.0,637.85,670.95,634.35,504775
TIPSMUSIC,2026-07-03,634.4,684.65,693.95,620.5,1463782
TIPSMUSIC,2026-07-10,694.0,711.55,720.1,659.5,1836321
TIPSMUSIC,2026-07-17,711.0,669.0,724.75,652.5,1654609
TITAGARH,2026-01-23,804.7,786.55,804.7,757.05,3053136
TITAGARH,2026-01-30,789.4,821.0,826.85,766.1,3656100
TITAGARH,2026-02-06,790.0,781.5,822.0,769.1,2150981
TITAGARH,2026-02-13,785.95,764.8,798.75,761.0,2194854
TITAGARH,2026-02-20,761.0,743.5,771.95,742.0,1717319
TITAGARH,2026-02-27,748.25,700.95,752.65,699.05,1780117
TITAGARH,2026-03-06,665.2,680.3,697.0,637.7,4030292
TITAGARH,2026-03-13,669.05,639.4,676.4,638.0,2756558
TITAGARH,2026-03-20,635.0,626.35,653.95,610.0,3441923
TITAGARH,2026-03-27,624.95,595.6,640.65,590.45,3456740
TITAGARH,2026-04-03,590.0,614.9,618.75,568.7,3184101
TITAGARH,2026-04-10,621.95,710.25,728.0,603.0,32030222
TITAGARH,2026-04-17,694.95,741.05,758.65,680.5,5487466
TITAGARH,2026-04-24,744.0,756.65,761.95,722.0,3398888
TITAGARH,2026-05-01,762.0,768.4,805.0,757.05,3908388
TITAGARH,2026-05-08,772.95,839.95,869.7,759.75,24907589
TITAGARH,2026-05-15,838.75,763.3,838.9,760.5,3738829
TITAGARH,2026-05-22,753.0,757.3,767.45,721.2,2781472
TITAGARH,2026-05-29,770.95,826.15,860.0,767.0,11977736
TITAGARH,2026-06-05,823.25,837.9,877.5,790.0,5535019
TITAGARH,2026-06-12,827.0,858.65,866.0,814.15,3920675
TITAGARH,2026-06-19,880.0,922.45,971.0,852.1,9229199
TITAGARH,2026-06-26,925.75,888.45,933.0,884.1,3056453
TITAGARH,2026-07-03,888.45,877.25,906.5,869.1,2429409
TITAGARH,2026-07-10,878.2,835.8,880.0,813.7,1874755
TITAGARH,2026-07-17,830.0,859.85,889.8,820.15,2288571
TITAN,2026-01-23,4165.7,4021.8,4207.4,3980.0,3339202
TITAN,2026-01-30,4021.8,3977.4,4040.0,3843.1,5142774
TITAN,2026-02-06,4000.0,4141.0,4160.0,3893.3,4816087
TITAN,2026-02-13,4200.2,4179.2,4378.4,4155.0,7671513
TITAN,2026-02-20,4155.0,4236.4,4261.0,4128.8,2290201
TITAN,2026-02-27,4270.0,4327.5,4352.2,4235.0,3261051
TITAN,2026-03-06,4288.8,4244.6,4330.0,4083.5,3066568
TITAN,2026-03-13,4160.0,4073.2,4242.9,4033.8,3759633
TITAN,2026-03-20,4057.0,4106.6,4174.8,4002.2,4478743
TITAN,2026-03-27,4056.6,3981.5,4097.0,3825.0,5181673
TITAN,2026-04-03,3942.0,4097.2,4109.1,3914.1,3885065
TITAN,2026-04-10,4105.0,4505.0,4523.9,4105.0,9737430
TITAN,2026-04-17,4391.1,4525.9,4554.0,4330.0,5176716
TITAN,2026-04-24,4532.1,4410.0,4549.0,4361.4,4537996
TITAN,2026-05-01,4438.8,4385.2,4475.0,4358.0,2842029
TITAN,2026-05-08,4407.1,4509.0,4605.0,4213.4,9175441
TITAN,2026-05-15,4350.4,4169.1,4379.5,3985.1,12774192
TITAN,2026-05-22,4130.1,4079.8,4182.7,4053.0,4107971
TITAN,2026-05-29,4120.1,4074.9,4170.0,4059.0,3848266
TITAN,2026-06-05,4100.0,4260.2,4289.0,3986.0,5083700
TITAN,2026-06-12,4196.8,4184.0,4238.1,3962.8,4455266
TITAN,2026-06-19,4221.0,4419.9,4441.7,4220.3,3984575
TITAN,2026-06-26,4405.3,4291.3,4417.4,4225.0,2383551
TITAN,2026-07-03,4285.0,4461.1,4507.7,4266.6,4344127
TITAN,2026-07-10,4450.0,4584.4,4679.8,4450.0,7450567
TITAN,2026-07-17,4578.0,4638.1,4668.8,4524.4,3824347
TMB,2026-01-23,566.0,552.35,580.75,532.8,1198372
TMB,2026-01-30,552.35,609.25,621.9,549.45,2058604
TMB,2026-02-06,591.65,632.85,660.7,584.8,3739789
TMB,2026-02-13,632.85,649.65,708.5,632.85,2094581
TMB,2026-02-20,649.65,689.55,715.5,646.55,1560918
TMB,2026-02-27,689.55,669.05,721.0,663.0,1550913
TMB,2026-03-06,642.0,630.15,679.15,625.6,1189348
TMB,2026-03-13,618.0,600.6,650.5,585.25,1566602
TMB,2026-03-20,600.0,599.0,638.7,589.8,1230330
TMB,2026-03-27,597.7,599.95,616.0,570.05,1703457
TMB,2026-04-03,590.15,623.65,627.0,575.0,634795
TMB,2026-04-10,615.0,652.75,661.4,610.0,1308433
TMB,2026-04-17,637.0,683.75,691.8,637.0,913390
TMB,2026-04-24,685.0,639.9,693.95,637.5,1040938
TMB,2026-05-01,644.15,739.65,768.4,644.15,12933062
TMB,2026-05-08,748.15,730.15,770.0,725.05,1804949
TMB,2026-05-15,734.4,668.05,734.45,658.5,1450410
TMB,2026-05-22,668.05,682.75,710.0,653.2,944028
TMB,2026-05-29,685.55,692.55,701.6,676.1,666896
TMB,2026-06-05,692.0,745.9,755.0,686.35,3788191
TMB,2026-06-12,740.0,767.05,791.95,733.9,1653982
TMB,2026-06-19,772.95,780.6,798.25,758.4,1134035
TMB,2026-06-26,781.0,732.6,783.45,729.75,625403
TMB,2026-07-03,733.0,778.65,799.4,726.0,1804571
TMB,2026-07-10,777.45,801.6,807.95,748.6,1162499
TMB,2026-07-17,804.95,797.35,821.2,777.15,1033855
TORNTPHARM,2026-01-23,4033.3,3932.2,4107.2,3903.7,1487606
TORNTPHARM,2026-01-30,3968.0,3960.8,4013.1,3695.0,1397181
TORNTPHARM,2026-02-06,4018.5,3939.0,4104.1,3903.9,1538818
TORNTPHARM,2026-02-13,3968.5,4078.0,4130.0,3936.2,1546545
TORNTPHARM,2026-02-20,4144.3,4241.7,4324.9,4118.0,3016354
TORNTPHARM,2026-02-27,4276.1,4333.3,4470.0,4244.0,2271622
TORNTPHARM,2026-03-06,4191.0,4317.8,4397.5,4175.2,1363553
TORNTPHARM,2026-03-13,4295.0,4390.0,4482.9,4259.2,2052062
TORNTPHARM,2026-03-20,4390.0,4270.2,4443.9,4199.0,1546705
TORNTPHARM,2026-03-27,4270.3,4265.6,4339.9,4161.2,1410530
TORNTPHARM,2026-04-03,4222.9,3987.2,4333.0,3871.1,1793953
TORNTPHARM,2026-04-10,3987.2,4155.2,4160.0,3945.7,2056834
TORNTPHARM,2026-04-17,4116.6,4179.5,4235.0,4102.6,1868068
TORNTPHARM,2026-04-24,4215.0,4117.2,4215.0,4065.1,1716375
TORNTPHARM,2026-05-01,4125.0,4185.1,4281.4,4118.6,1176557
TORNTPHARM,2026-05-08,4223.2,4380.8,4436.8,4213.0,1037783
TORNTPHARM,2026-05-15,4406.3,4405.7,4555.1,4264.0,1705968
TORNTPHARM,2026-05-22,4357.0,4486.2,4535.0,4306.0,1426759
TORNTPHARM,2026-05-29,4525.0,4410.8,4712.9,4356.1,4733812
TORNTPHARM,2026-06-05,4438.1,4420.9,4453.5,4240.3,2763997
TORNTPHARM,2026-06-12,4350.0,4571.2,4666.0,4350.0,2217692
TORNTPHARM,2026-06-19,4600.0,4429.8,4600.0,4414.8,2202908
TORNTPHARM,2026-06-26,4454.2,4516.2,4566.8,4377.0,1689784
TORNTPHARM,2026-07-03,4516.2,4768.3,4783.0,4506.1,3309834
TORNTPHARM,2026-07-10,4770.1,4901.5,4948.0,4743.1,3255900
TORNTPHARM,2026-07-17,4898.7,4763.0,5085.8,4695.1,8795261
TRENT,2026-01-23,2599.73,2503.93,2642.6,2462.07,6910869
TRENT,2026-01-30,2517.73,2523.67,2583.0,2478.73,5225006
TRENT,2026-02-06,2486.0,2742.53,2771.33,2430.0,13004987
TRENT,2026-02-13,2744.67,2834.67,2866.0,2731.93,5737081
TRENT,2026-02-20,2822.67,2727.33,2865.33,2694.47,3585572
TRENT,2026-02-27,2723.33,2599.67,2746.6,2560.0,5776758
TRENT,2026-03-06,2503.67,2481.87,2591.73,2475.67,4039532
TRENT,2026-03-13,2405.93,2325.2,2499.93,2313.47,6859219
TRENT,2026-03-20,2325.2,2373.07,2480.0,2285.27,6340302
TRENT,2026-03-27,2334.8,2266.4,2354.87,2226.87,6349531
TRENT,2026-04-03,2200.0,2367.07,2378.27,2183.67,6894066
TRENT,2026-04-10,2423.27,2611.0,2666.0,2423.27,15347575
TRENT,2026-04-17,2559.0,2738.47,2778.4,2542.0,5731079
TRENT,2026-04-24,2766.67,2864.87,2998.67,2751.8,20531892
TRENT,2026-05-01,2890.67,2763.07,2899.0,2749.33,4745584
TRENT,2026-05-08,2756.67,2828.2,2903.33,2711.47,5507075
TRENT,2026-05-15,2818.13,2734.2,2826.0,2680.67,4643122
TRENT,2026-05-22,2700.67,2864.33,2876.6,2653.73,5904748
TRENT,2026-05-29,2894.0,2816.0,2908.0,2793.33,4142093
TRENT,2026-06-05,2822.87,2774.2,2856.53,2703.6,5839700
TRENT,2026-06-12,2740.0,2755.3,2845.5,2680.0,5603554
TRENT,2026-06-19,2791.3,3205.8,3218.8,2791.3,14838731
TRENT,2026-06-26,3209.8,3216.2,3309.2,3137.0,8121869
TRENT,2026-07-03,3225.3,3340.6,3399.7,3225.3,7469653
TRENT,2026-07-10,3341.0,2902.8,3365.0,2892.4,15239085
TRENT,2026-07-17,2884.0,2842.4,2914.9,2838.2,4626770
TRITURBINE,2026-01-23,497.7,462.3,497.7,454.1,3250548
TRITURBINE,2026-01-30,462.0,502.45,506.4,454.1,1531975
TRITURBINE,2026-02-06,495.0,502.75,554.95,485.0,5364862
TRITURBINE,2026-02-13,508.45,490.7,514.5,478.5,5426855
TRITURBINE,2026-02-20,488.4,490.2,494.05,483.15,880710
TRITURBINE,2026-02-27,490.25,489.2,497.35,479.4,2276786
TRITURBINE,2026-03-06,461.05,471.9,489.55,455.0,1193094
TRITURBINE,2026-03-13,463.65,459.45,476.0,455.25,1144012
TRITURBINE,2026-03-20,456.0,456.15,478.0,447.5,1155612
TRITURBINE,2026-03-27,448.45,451.95,467.9,428.35,3068656
TRITURBINE,2026-04-03,445.0,460.65,463.55,430.2,1240812
TRITURBINE,2026-04-10,451.0,460.15,481.8,449.95,2271919
TRITURBINE,2026-04-17,457.85,515.45,532.7,447.2,11992915
TRITURBINE,2026-04-24,518.05,569.85,605.95,512.85,78520814
TRITURBINE,2026-05-01,572.9,573.25,595.65,562.0,3558640
TRITURBINE,2026-05-08,573.95,597.9,604.65,543.5,4464687
TRITURBINE,2026-05-15,600.5,606.95,612.9,557.2,5142609
TRITURBINE,2026-05-22,606.0,706.95,738.0,560.85,63723501
TRITURBINE,2026-05-29,706.95,741.5,787.6,685.0,11969779
TRITURBINE,2026-06-05,742.0,686.9,747.45,661.25,5262665
TRITURBINE,2026-06-12,680.05,671.2,682.2,637.65,2386156
TRITURBINE,2026-06-19,680.0,672.3,696.6,656.55,3018955
TRITURBINE,2026-06-26,671.0,669.35,749.0,661.3,11122981
TRITURBINE,2026-07-03,669.35,657.9,699.0,652.85,4567659
TRITURBINE,2026-07-10,658.0,606.1,666.7,599.2,3885883
TRITURBINE,2026-07-17,602.05,615.25,647.5,595.0,5961606
TVSMOTOR,2026-01-23,3660.0,3549.8,3719.4,3525.2,3143670
TVSMOTOR,2026-01-30,3600.0,3677.4,3757.4,3496.0,5060520
TVSMOTOR,2026-02-06,3610.0,3758.5,3820.0,3558.8,3709156
TVSMOTOR,2026-02-13,3780.0,3864.6,3903.9,3715.8,3193161
TVSMOTOR,2026-02-20,3860.0,3816.2,3898.3,3787.0,1652669
TVSMOTOR,2026-02-27,3835.0,3869.7,3970.0,3743.4,4201353
TVSMOTOR,2026-03-06,3780.0,3784.0,3907.2,3645.3,3502639
TVSMOTOR,2026-03-13,3699.0,3324.5,3797.5,3282.3,7291020
TVSMOTOR,2026-03-20,3329.9,3462.2,3578.9,3287.3,5453686
TVSMOTOR,2026-03-27,3440.0,3445.2,3590.0,3382.0,4069700
TVSMOTOR,2026-04-03,3395.1,3391.4,3502.0,3293.8,3479367
TVSMOTOR,2026-04-10,3467.9,3839.9,3850.5,3410.1,5239241
TVSMOTOR,2026-04-17,3769.8,3735.8,3828.0,3711.0,2552127
TVSMOTOR,2026-04-24,3735.8,3488.2,3807.9,3462.7,4720035
TVSMOTOR,2026-05-01,3500.5,3492.9,3602.0,3415.1,3173541
TVSMOTOR,2026-05-08,3400.0,3695.2,3730.0,3367.8,3869134
TVSMOTOR,2026-05-15,3651.0,3466.8,3684.9,3382.8,5783472
TVSMOTOR,2026-05-22,3430.0,3417.5,3443.4,3228.0,8077825
TVSMOTOR,2026-05-29,3458.0,3355.7,3501.7,3315.2,6625341
TVSMOTOR,2026-06-05,3382.0,3383.9,3420.0,3291.6,4477444
TVSMOTOR,2026-06-12,3325.0,3312.8,3381.2,3265.6,5904857
TVSMOTOR,2026-06-19,3362.1,3442.9,3481.7,3333.0,4579286
TVSMOTOR,2026-06-26,3470.0,3569.7,3602.3,3375.7,4858533
TVSMOTOR,2026-07-03,3542.4,3627.4,3674.9,3429.0,8433220
TVSMOTOR,2026-07-10,3627.4,3623.1,3775.0,3608.6,3572512
TVSMOTOR,2026-07-17,3599.8,3618.2,3695.0,3549.9,3879107
TVSSCS,2026-01-23,103.0,93.96,103.0,93.1,2490615
TVSSCS,2026-01-30,94.2,96.51,101.5,92.16,2499085
TVSSCS,2026-02-06,96.05,100.64,105.0,93.21,1820706
TVSSCS,2026-02-13,101.77,131.13,137.0,100.89,84245592
TVSSCS,2026-02-20,130.71,122.35,133.9,120.1,18848249
TVSSCS,2026-02-27,123.0,114.97,123.03,112.0,3183495
TVSSCS,2026-03-06,110.5,111.76,116.0,107.5,1714206
TVSSCS,2026-03-13,109.0,104.08,111.37,102.55,2546745
TVSSCS,2026-03-20,103.0,100.47,105.8,98.88,2739860
TVSSCS,2026-03-27,99.05,95.04,100.79,94.51,3372699
TVSSCS,2026-04-03,95.0,99.64,100.2,90.32,878825
TVSSCS,2026-04-10,100.98,111.06,111.99,98.26,1352673
TVSSCS,2026-04-17,109.0,115.69,117.6,106.97,1188964
TVSSCS,2026-04-24,115.69,114.35,120.0,112.25,1180327
TVSSCS,2026-05-01,115.3,114.51,119.5,112.4,663479
TVSSCS,2026-05-08,115.1,125.29,127.5,113.52,1825427
TVSSCS,2026-05-15,122.0,113.32,124.99,110.25,1244037
TVSSCS,2026-05-22,112.0,121.57,121.57,109.0,1191740
TVSSCS,2026-05-29,125.0,117.19,126.85,116.16,2710742
TVSSCS,2026-06-05,116.41,129.67,130.39,110.66,6140461
TVSSCS,2026-06-12,127.39,132.26,132.26,119.34,4099348
TVSSCS,2026-06-19,135.8,140.31,141.88,132.3,7015378
TVSSCS,2026-06-26,140.95,131.49,142.3,129.97,2875040
TVSSCS,2026-07-03,132.0,136.41,142.0,129.16,2976208
TVSSCS,2026-07-10,136.88,141.66,146.5,134.0,4657545
TVSSCS,2026-07-17,139.1,135.54,143.8,133.95,2170812
UFBL,2026-01-23,190.7,178.54,192.0,174.09,244098
UFBL,2026-01-30,179.0,181.2,192.89,172.34,372913
UFBL,2026-02-06,220.0,251.39,264.9,220.0,6197825
UFBL,2026-02-13,250.0,252.89,275.69,238.57,597751
UFBL,2026-02-20,253.0,250.32,263.0,241.11,201940
UFBL,2026-02-27,251.0,237.23,257.84,231.06,148032
UFBL,2026-03-06,234.99,237.54,250.13,222.81,295379
UFBL,2026-03-13,237.5,210.41,239.86,201.28,670686
UFBL,2026-03-20,210.99,235.38,242.0,199.1,336062
UFBL,2026-03-27,226.55,217.0,241.0,208.57,353724
UFBL,2026-04-03,211.0,212.62,219.0,191.0,207435
UFBL,2026-04-10,210.0,281.15,284.5,208.0,1077779
UFBL,2026-04-17,270.0,325.5,327.9,264.47,732270
UFBL,2026-04-24,325.0,299.91,327.5,299.0,374108
UFBL,2026-05-01,299.25,351.35,356.0,299.25,691014
UFBL,2026-05-08,352.0,384.2,393.95,341.0,415576
UFBL,2026-05-15,372.0,361.95,380.0,341.25,310184
UFBL,2026-05-22,364.7,475.25,488.0,295.0,14377549
UFBL,2026-05-29,467.0,493.2,511.0,461.0,1785906
UFBL,2026-06-05,497.0,506.0,516.0,414.0,1015727
UFBL,2026-06-12,530.0,593.6,600.0,515.95,2132355
UFBL,2026-06-19,612.1,644.15,657.2,586.3,1176818
UFBL,2026-06-26,645.0,690.85,728.4,641.05,1250840
UFBL,2026-07-03,663.0,706.45,706.45,615.6,856882
UFBL,2026-07-10,715.15,755.8,763.35,679.25,718951
UFBL,2026-07-17,754.0,701.9,763.0,701.9,337958
UNIPARTS,2026-01-23,439.9,413.5,440.5,399.8,361261
UNIPARTS,2026-01-30,421.0,432.45,434.4,405.0,167174
UNIPARTS,2026-02-06,439.8,485.6,500.0,415.0,596432
UNIPARTS,2026-02-13,490.0,515.65,540.0,490.0,895534
UNIPARTS,2026-02-20,510.0,474.85,510.0,471.7,334749
UNIPARTS,2026-02-27,478.8,458.2,484.95,457.0,168535
UNIPARTS,2026-03-06,450.0,458.3,474.45,435.15,236538
UNIPARTS,2026-03-13,455.3,440.45,470.0,431.0,281104
UNIPARTS,2026-03-20,442.0,456.0,467.95,430.25,273125
UNIPARTS,2026-03-27,445.0,460.05,476.5,440.5,290930
UNIPARTS,2026-04-03,460.05,469.1,472.75,433.05,171078
UNIPARTS,2026-04-10,479.5,508.65,516.55,462.5,461393
UNIPARTS,2026-04-17,494.0,517.5,532.7,494.0,321743
UNIPARTS,2026-04-24,520.0,502.6,525.6,492.0,215668
UNIPARTS,2026-05-01,504.0,534.35,559.0,504.0,1120948
UNIPARTS,2026-05-08,533.55,565.75,581.95,522.3,828281
UNIPARTS,2026-05-15,568.0,537.15,578.9,528.0,551805
UNIPARTS,2026-05-22,535.0,563.45,572.5,520.05,399519
UNIPARTS,2026-05-29,574.4,601.05,654.0,553.75,4598335
UNIPARTS,2026-06-05,601.0,633.95,645.7,586.0,1137882
UNIPARTS,2026-06-12,625.0,659.7,670.7,616.05,884205
UNIPARTS,2026-06-19,670.6,674.7,705.8,648.15,1191513
UNIPARTS,2026-06-26,674.7,651.85,699.0,650.35,582548
UNIPARTS,2026-07-03,653.0,652.45,678.9,641.8,583534
UNIPARTS,2026-07-10,655.0,704.95,710.85,638.85,879473
UNIPARTS,2026-07-17,707.0,676.0,722.7,672.15,835362
UNIVCABLES,2026-01-23,730.0,666.2,761.4,664.0,408036
UNIVCABLES,2026-01-30,666.0,726.85,744.6,641.7,256396
UNIVCABLES,2026-02-06,703.0,758.15,778.0,680.4,386720
UNIVCABLES,2026-02-13,742.6,690.2,754.9,679.9,369009
UNIVCABLES,2026-02-20,690.05,682.7,712.55,675.05,181128
UNIVCABLES,2026-02-27,685.0,694.85,710.95,660.2,291145
UNIVCABLES,2026-03-06,661.5,678.35,694.0,660.0,171524
UNIVCABLES,2026-03-13,674.2,603.1,674.55,600.0,307001
UNIVCABLES,2026-03-20,600.0,675.95,700.0,576.0,781712
UNIVCABLES,2026-03-27,665.55,642.45,710.0,615.0,437766
UNIVCABLES,2026-04-03,633.8,671.05,695.9,624.05,185436
UNIVCABLES,2026-04-10,675.05,767.9,784.75,656.6,549896
UNIVCABLES,2026-04-17,738.0,841.2,869.5,730.0,435253
UNIVCABLES,2026-04-24,847.95,819.45,885.45,800.25,389774
UNIVCABLES,2026-05-01,823.9,837.45,884.9,801.0,389975
UNIVCABLES,2026-05-08,850.7,1139.45,1234.0,841.65,4381213
UNIVCABLES,2026-05-15,1139.45,1003.75,1142.85,993.25,874855
UNIVCABLES,2026-05-22,985.55,1012.05,1051.0,928.0,711233
UNIVCABLES,2026-05-29,1100.0,1136.05,1239.0,1071.0,3694327
UNIVCABLES,2026-06-05,1150.0,1227.5,1302.5,1084.3,2876970
UNIVCABLES,2026-06-12,1190.0,1176.6,1261.0,1121.3,1208321
UNIVCABLES,2026-06-19,1230.1,1273.5,1328.3,1152.0,1675058
UNIVCABLES,2026-06-26,1285.0,1216.1,1391.0,1201.0,1318037
UNIVCABLES,2026-07-03,1226.7,1170.9,1277.7,1132.5,731137
UNIVCABLES,2026-07-10,1174.3,1130.3,1188.0,1077.0,496583
UNIVCABLES,2026-07-17,1119.0,1166.7,1243.0,1119.0,509690
UNOMINDA,2026-01-23,1174.1,1134.1,1182.0,1107.7,4616522
UNOMINDA,2026-01-30,1134.1,1182.3,1186.2,1114.8,3071894
UNOMINDA,2026-02-06,1145.1,1158.0,1248.0,1138.7,6665509
UNOMINDA,2026-02-13,1155.9,1244.0,1255.0,1150.2,5763256
UNOMINDA,2026-02-20,1236.1,1195.2,1247.5,1181.9,2460134
UNOMINDA,2026-02-27,1205.0,1188.5,1238.0,1167.1,3706394
UNOMINDA,2026-03-06,1130.0,1121.3,1171.5,1097.3,3923313
UNOMINDA,2026-03-13,1095.7,1013.2,1125.7,1006.6,7133750
UNOMINDA,2026-03-20,1010.3,1067.0,1086.0,994.0,4977266
UNOMINDA,2026-03-27,1053.1,1048.7,1104.0,1010.0,3763243
UNOMINDA,2026-04-03,1029.0,1025.4,1061.0,1003.3,3388472
UNOMINDA,2026-04-10,1033.9,1078.0,1100.5,1013.9,4865570
UNOMINDA,2026-04-17,1056.1,1097.8,1117.8,1044.0,4644007
UNOMINDA,2026-04-24,1097.8,1108.1,1160.3,1071.2,6341938
UNOMINDA,2026-05-01,1108.1,1112.5,1165.0,1099.1,2424968
UNOMINDA,2026-05-08,1123.5,1178.9,1189.7,1066.3,4772179
UNOMINDA,2026-05-15,1164.9,1121.8,1180.1,1102.1,3856945
UNOMINDA,2026-05-22,1122.6,1089.3,1161.5,1007.5,8457054
UNOMINDA,2026-05-29,1100.0,1101.7,1136.8,1095.3,3527785
UNOMINDA,2026-06-05,1106.0,1090.0,1113.9,1057.2,4176928
UNOMINDA,2026-06-12,1084.2,1057.7,1097.4,1031.3,4446343
UNOMINDA,2026-06-19,1078.6,1115.6,1137.7,1071.5,3212799
UNOMINDA,2026-06-26,1119.9,1136.5,1153.9,1089.0,3952598
UNOMINDA,2026-07-03,1140.0,1126.1,1149.3,1067.7,4344006
UNOMINDA,2026-07-10,1135.1,1166.1,1179.9,1100.0,6094004
UNOMINDA,2026-07-17,1150.0,1154.8,1172.0,1119.0,3472025
USHAMART,2026-01-23,422.0,408.85,430.55,407.7,1561927
USHAMART,2026-01-30,405.0,409.25,419.55,401.8,1977680
USHAMART,2026-02-06,417.25,416.85,424.8,393.65,2329560
USHAMART,2026-02-13,424.3,408.9,443.25,407.0,2619118
USHAMART,2026-02-20,408.9,402.4,429.0,400.0,1472495
USHAMART,2026-02-27,407.55,418.4,441.0,397.25,10863097
USHAMART,2026-03-06,393.2,419.0,425.45,390.0,1676680
USHAMART,2026-03-13,412.6,407.55,430.4,398.25,1953023
USHAMART,2026-03-20,408.3,400.85,414.0,392.0,1819196
USHAMART,2026-03-27,397.8,408.0,419.1,380.0,2062399
USHAMART,2026-04-03,400.0,405.55,410.2,389.0,855732
USHAMART,2026-04-10,404.5,440.85,443.1,402.2,1497802
USHAMART,2026-04-17,426.95,448.8,452.55,422.1,1060572
USHAMART,2026-04-24,451.35,444.0,461.0,436.25,1979831
USHAMART,2026-05-01,446.9,451.8,472.0,446.1,7507175
USHAMART,2026-05-08,463.9,472.85,490.0,446.75,5711199
USHAMART,2026-05-15,472.95,472.95,489.4,455.1,4437977
USHAMART,2026-05-22,469.8,465.7,474.3,455.0,1660225
USHAMART,2026-05-29,468.05,506.05,518.0,468.05,7772591
USHAMART,2026-06-05,506.0,513.1,527.5,485.25,3750651
USHAMART,2026-06-12,508.0,486.5,508.0,473.45,1708349
USHAMART,2026-06-19,493.1,476.05,505.4,470.9,3298886
USHAMART,2026-06-26,472.9,473.1,484.0,460.0,1776614
USHAMART,2026-07-03,478.0,514.1,517.5,476.65,3954410
USHAMART,2026-07-10,517.9,510.1,519.85,486.0,1909610
USHAMART,2026-07-17,510.1,494.95,516.8,485.0,1733230
V2RETAIL,2026-01-23,204.43,182.6,205.0,177.51,8365430
V2RETAIL,2026-01-30,181.84,199.56,203.71,176.97,3530250
V2RETAIL,2026-02-06,200.02,198.9,226.98,192.13,11328690
V2RETAIL,2026-02-13,200.78,203.12,212.5,192.91,5825340
V2RETAIL,2026-02-20,200.5,198.67,204.04,195.25,2768260
V2RETAIL,2026-02-27,201.31,199.42,201.31,194.64,2604310
V2RETAIL,2026-03-06,190.0,193.81,196.99,186.22,2828460
V2RETAIL,2026-03-13,189.94,192.79,200.3,186.12,4344420
V2RETAIL,2026-03-20,194.4,191.22,198.0,183.96,3808730
V2RETAIL,2026-03-27,190.49,197.3,218.0,172.03,6688519
V2RETAIL,2026-04-03,193.4,191.71,198.99,180.0,4525378
V2RETAIL,2026-04-10,190.0,197.13,201.63,188.95,4524213
V2RETAIL,2026-04-17,194.6,193.44,200.64,189.94,6821068
V2RETAIL,2026-04-24,193.44,203.06,209.89,189.13,7154504
V2RETAIL,2026-05-01,205.0,198.65,208.88,195.25,3198935
V2RETAIL,2026-05-08,199.0,219.64,223.38,194.12,9032903
V2RETAIL,2026-05-15,215.06,228.24,241.5,210.02,9591711
V2RETAIL,2026-05-22,228.24,233.33,235.1,214.36,5592039
V2RETAIL,2026-05-29,237.55,230.03,245.0,222.0,8074250
V2RETAIL,2026-06-05,232.5,247.99,259.25,228.93,13610363
V2RETAIL,2026-06-12,241.25,223.48,248.23,214.0,8354586
V2RETAIL,2026-06-19,229.5,236.85,241.2,227.1,5423056
V2RETAIL,2026-06-26,241.75,221.23,243.2,220.0,4058773
V2RETAIL,2026-07-03,221.21,230.37,248.92,219.13,12048317
V2RETAIL,2026-07-10,232.65,220.23,235.0,218.45,5076222
V2RETAIL,2026-07-17,219.6,221.13,227.59,215.7,4454238
VBL,2026-01-23,494.7,474.1,500.35,471.15,21938077
VBL,2026-01-30,472.9,471.25,478.5,451.45,25756535
VBL,2026-02-06,468.0,439.05,492.15,432.2,63625121
VBL,2026-02-13,443.45,449.3,462.7,439.1,21742265
VBL,2026-02-20,447.0,453.85,464.4,444.3,11894332
VBL,2026-02-27,457.55,451.4,464.35,449.55,15918247
VBL,2026-03-06,434.95,447.65,455.75,426.0,24626967
VBL,2026-03-13,444.0,401.3,444.7,400.45,34769524
VBL,2026-03-20,401.6,401.45,418.0,400.0,30063660
VBL,2026-03-27,398.0,389.3,407.4,381.0,35555446
VBL,2026-04-03,386.0,403.7,405.0,381.5,20298789
VBL,2026-04-10,405.0,431.6,434.0,395.3,25979658
VBL,2026-04-17,418.0,473.9,475.2,417.15,32237934
VBL,2026-04-24,476.4,490.45,498.7,464.3,49768440
VBL,2026-05-01,494.9,513.7,534.7,479.85,67270352
VBL,2026-05-08,513.7,508.85,521.35,499.8,20029572
VBL,2026-05-15,506.0,503.8,510.0,484.65,18599842
VBL,2026-05-22,503.8,539.45,541.4,494.3,40821894
VBL,2026-05-29,542.95,528.0,544.4,525.45,31204444
VBL,2026-06-05,529.0,523.3,539.65,515.15,22654655
VBL,2026-06-12,518.3,522.2,538.6,511.5,18135317
VBL,2026-06-19,529.0,529.5,555.8,526.35,36577253
VBL,2026-06-26,528.0,507.65,530.0,502.95,28531455
VBL,2026-07-03,507.65,515.8,523.8,502.35,20935441
VBL,2026-07-10,510.0,478.1,512.3,472.1,36398106
VBL,2026-07-17,477.25,463.35,478.7,460.1,28376685
VENUSPIPES,2026-01-23,1119.0,1026.6,1119.3,995.7,265642
VENUSPIPES,2026-01-30,1038.0,1024.1,1055.0,990.0,155826
VENUSPIPES,2026-02-06,1029.8,1198.7,1208.9,990.5,748412
VENUSPIPES,2026-02-13,1210.0,1159.1,1252.0,1155.0,205456
VENUSPIPES,2026-02-20,1150.0,1036.1,1169.8,1018.6,313293
VENUSPIPES,2026-02-27,1047.9,1111.0,1124.9,1032.3,334070
VENUSPIPES,2026-03-06,1030.0,1020.7,1091.1,1007.4,245959
VENUSPIPES,2026-03-13,1000.2,980.8,1053.0,966.1,366521
VENUSPIPES,2026-03-20,975.0,949.5,1018.4,921.3,388117
VENUSPIPES,2026-03-27,944.1,935.3,996.8,894.6,429846
VENUSPIPES,2026-04-03,920.0,984.85,999.0,890.0,244100
VENUSPIPES,2026-04-10,970.15,1232.25,1255.0,970.0,671610
VENUSPIPES,2026-04-17,1199.0,1289.8,1329.9,1175.0,402252
VENUSPIPES,2026-04-24,1300.5,1339.35,1392.0,1260.0,387446
VENUSPIPES,2026-05-01,1364.9,1377.7,1455.95,1363.65,252179
VENUSPIPES,2026-05-08,1392.8,1403.0,1450.0,1304.7,231320
VENUSPIPES,2026-05-15,1366.1,1304.0,1389.7,1258.0,215548
VENUSPIPES,2026-05-22,1280.0,1400.7,1426.0,1202.5,301090
VENUSPIPES,2026-05-29,1425.0,1398.0,1519.0,1351.1,850363
VENUSPIPES,2026-06-05,1398.5,1449.0,1485.0,1359.0,466665
VENUSPIPES,2026-06-12,1410.1,1414.3,1448.8,1336.9,204888
VENUSPIPES,2026-06-19,1454.0,1546.1,1579.0,1422.1,812589
VENUSPIPES,2026-06-26,1590.0,1696.5,1761.8,1590.0,1580413
VENUSPIPES,2026-07-03,1696.5,1783.2,1816.0,1665.4,811717
VENUSPIPES,2026-07-10,1794.8,1807.9,1875.0,1709.2,762869
VENUSPIPES,2026-07-17,1803.0,1708.8,1831.0,1699.5,457129
VGUARD,2026-01-23,306.85,311.0,315.2,301.1,2441026
VGUARD,2026-01-30,312.0,351.95,355.0,307.1,2312950
VGUARD,2026-02-06,344.75,335.35,356.45,332.4,911780
VGUARD,2026-02-13,335.9,324.4,348.4,323.0,734791
VGUARD,2026-02-20,321.35,315.4,334.0,314.55,407712
VGUARD,2026-02-27,317.95,313.2,325.0,309.1,641868
VGUARD,2026-03-06,293.25,311.65,313.5,290.0,605924
VGUARD,2026-03-13,312.0,320.0,326.6,302.2,1060559
VGUARD,2026-03-20,320.0,324.85,333.0,312.15,701502
VGUARD,2026-03-27,321.15,316.2,332.05,308.35,2676572
VGUARD,2026-04-03,315.95,322.7,325.2,307.6,580289
VGUARD,2026-04-10,322.65,321.65,332.0,316.75,1046539
VGUARD,2026-04-17,316.0,328.85,333.2,312.05,959940
VGUARD,2026-04-24,328.85,328.85,336.8,321.55,1032092
VGUARD,2026-05-01,328.05,330.2,338.0,326.25,1003517
VGUARD,2026-05-08,331.1,331.4,341.95,325.55,1438649
VGUARD,2026-05-15,331.4,320.55,334.0,315.0,3302420
VGUARD,2026-05-22,320.95,305.1,326.35,304.15,2302007
VGUARD,2026-05-29,308.0,306.75,317.65,303.3,1992832
VGUARD,2026-06-05,307.4,310.45,313.5,296.2,1332961
VGUARD,2026-06-12,309.6,299.15,309.6,292.55,507393
VGUARD,2026-06-19,302.9,311.25,316.15,302.25,870076
VGUARD,2026-06-26,314.9,306.2,315.0,305.5,579872
VGUARD,2026-07-03,307.0,302.9,314.7,298.2,1003185
VGUARD,2026-07-10,303.0,305.6,311.6,300.25,581621
VGUARD,2026-07-17,305.6,300.15,307.15,299.1,830610
VIJAYA,2026-01-23,988.0,996.3,1004.2,944.2,378275
VIJAYA,2026-01-30,993.0,958.7,996.3,918.3,590823
VIJAYA,2026-02-06,972.0,965.2,984.0,937.4,501934
VIJAYA,2026-02-13,965.2,988.05,1029.0,964.6,372388
VIJAYA,2026-02-20,987.9,1008.9,1037.0,986.6,556837
VIJAYA,2026-02-27,1025.0,1004.5,1025.0,971.85,418439
VIJAYA,2026-03-06,977.0,956.4,991.6,924.9,289298
VIJAYA,2026-03-13,956.0,930.8,969.9,914.4,678727
VIJAYA,2026-03-20,925.0,904.6,953.3,890.0,678857
VIJAYA,2026-03-27,890.0,870.3,909.0,866.2,266111
VIJAYA,2026-04-03,865.0,897.05,903.75,848.0,316525
VIJAYA,2026-04-10,897.0,981.8,990.05,877.7,842759
VIJAYA,2026-04-17,970.0,1022.55,1051.25,954.15,466824
VIJAYA,2026-04-24,1030.0,1065.55,1070.0,997.8,897081
VIJAYA,2026-05-01,1080.0,1129.6,1135.0,1065.55,1140426
VIJAYA,2026-05-08,1139.0,1278.9,1299.9,1136.0,2403994
VIJAYA,2026-05-15,1280.0,1329.2,1379.3,1258.3,2974417
VIJAYA,2026-05-22,1325.0,1227.1,1374.0,1221.4,1264257
VIJAYA,2026-05-29,1240.0,1308.5,1322.1,1212.0,821416
VIJAYA,2026-06-05,1318.6,1372.4,1427.8,1224.5,2095296
VIJAYA,2026-06-12,1339.9,1287.2,1359.9,1252.0,869844
VIJAYA,2026-06-19,1300.0,1364.2,1390.0,1270.0,960113
VIJAYA,2026-06-26,1371.0,1367.8,1383.1,1280.1,1112952
VIJAYA,2026-07-03,1370.8,1365.2,1414.9,1285.2,3826945
VIJAYA,2026-07-10,1365.2,1389.1,1399.0,1303.2,933661
VIJAYA,2026-07-17,1389.0,1341.3,1440.0,1309.5,1671716
VINATIORGA,2026-01-23,1566.9,1520.4,1574.5,1495.0,98631
VINATIORGA,2026-01-30,1519.0,1526.6,1534.8,1486.4,74402
VINATIORGA,2026-02-06,1472.0,1524.4,1615.0,1470.6,244460
VINATIORGA,2026-02-13,1555.0,1498.7,1579.9,1477.3,192018
VINATIORGA,2026-02-20,1505.0,1506.6,1529.8,1463.5,113766
VINATIORGA,2026-02-27,1520.5,1472.1,1524.0,1470.0,72403
VINATIORGA,2026-03-06,1430.1,1375.4,1455.9,1356.2,135644
VINATIORGA,2026-03-13,1340.0,1348.0,1430.0,1324.0,136996
VINATIORGA,2026-03-20,1353.0,1386.2,1436.0,1350.1,219935
VINATIORGA,2026-03-27,1386.2,1336.2,1394.0,1311.0,599696
VINATIORGA,2026-04-03,1320.0,1309.0,1364.0,1304.2,171106
VINATIORGA,2026-04-10,1310.0,1254.4,1342.0,1249.0,599984
VINATIORGA,2026-04-17,1243.0,1291.5,1295.5,1203.0,924799
VINATIORGA,2026-04-24,1295.0,1280.6,1318.8,1268.0,449766
VINATIORGA,2026-05-01,1287.0,1322.3,1332.0,1278.0,390188
VINATIORGA,2026-05-08,1330.0,1395.1,1426.7,1320.5,384265
VINATIORGA,2026-05-15,1390.0,1322.8,1418.8,1280.2,598042
VINATIORGA,2026-05-22,1313.0,1318.5,1421.0,1286.0,324919
VINATIORGA,2026-05-29,1340.0,1301.1,1360.0,1277.5,352784
VINATIORGA,2026-06-05,1305.0,1304.1,1329.5,1280.0,364467
VINATIORGA,2026-06-12,1300.1,1303.2,1323.2,1284.0,290028
VINATIORGA,2026-06-19,1325.7,1333.9,1371.9,1298.0,595879
VINATIORGA,2026-06-26,1354.9,1367.3,1397.6,1330.0,325593
VINATIORGA,2026-07-03,1368.0,1323.2,1374.5,1298.6,317268
VINATIORGA,2026-07-10,1326.9,1333.1,1360.6,1289.1,547953
VINATIORGA,2026-07-17,1327.0,1320.8,1341.8,1308.0,134443
VINDHYATEL,2026-01-23,1270.0,1202.9,1291.2,1175.5,66517
VINDHYATEL,2026-01-30,1208.9,1220.9,1234.7,1178.0,53724
VINDHYATEL,2026-02-06,1186.1,1244.4,1287.0,1140.1,116458
VINDHYATEL,2026-02-13,1188.5,1111.4,1188.5,1102.3,142810
VINDHYATEL,2026-02-20,1111.4,1087.8,1122.1,1059.0,65054
VINDHYATEL,2026-02-27,1097.5,1048.7,1108.9,1029.1,75620
VINDHYATEL,2026-03-06,1032.7,1003.8,1038.8,1000.0,56243
VINDHYATEL,2026-03-13,1009.9,1109.0,1246.0,975.5,359851
VINDHYATEL,2026-03-20,1109.0,1058.6,1149.0,1053.0,112469
VINDHYATEL,2026-03-27,1063.5,987.0,1121.0,980.0,199478
VINDHYATEL,2026-04-03,987.0,1092.05,1098.75,963.9,122659
VINDHYATEL,2026-04-10,1075.7,1168.45,1190.0,1064.95,91423
VINDHYATEL,2026-04-17,1125.0,1370.4,1449.65,1125.0,553994
VINDHYATEL,2026-04-24,1380.0,1257.65,1404.0,1244.0,98193
VINDHYATEL,2026-05-01,1267.0,1369.0,1420.0,1267.0,118206
VINDHYATEL,2026-05-08,1388.8,1797.2,1884.9,1387.8,912179
VINDHYATEL,2026-05-15,1796.8,1590.7,1885.2,1562.5,423086
VINDHYATEL,2026-05-22,1595.0,1588.3,1695.0,1490.0,187356
VINDHYATEL,2026-05-29,1600.0,2210.5,2285.9,1600.0,1722124
VINDHYATEL,2026-06-05,2200.0,1993.3,2345.0,1974.5,813408
VINDHYATEL,2026-06-12,1980.0,2087.8,2150.0,1890.0,487323
VINDHYATEL,2026-06-19,2151.0,2374.1,2400.0,2112.1,548369
VINDHYATEL,2026-06-26,2425.0,2141.2,2484.9,2113.0,413267
VINDHYATEL,2026-07-03,2152.4,2032.9,2152.4,2016.0,172457
VINDHYATEL,2026-07-10,2049.2,1986.6,2051.2,1870.2,157778
VINDHYATEL,2026-07-17,1981.1,1806.5,2019.8,1795.0,166063
VIPIND,2026-01-23,364.05,348.8,369.4,342.05,997540
VIPIND,2026-01-30,348.1,375.2,379.95,335.05,871446
VIPIND,2026-02-06,367.9,385.7,390.7,358.5,623098
VIPIND,2026-02-13,382.0,390.2,405.0,371.5,1161947
VIPIND,2026-02-20,387.0,368.0,387.6,350.7,1261628
VIPIND,2026-02-27,370.0,357.55,374.2,354.4,777035
VIPIND,2026-03-06,340.0,366.4,371.2,340.0,601830
VIPIND,2026-03-13,361.0,337.75,366.45,336.25,1072017
VIPIND,2026-03-20,337.75,336.65,349.75,322.0,1594740
VIPIND,2026-03-27,336.65,319.15,336.7,308.8,2045748
VIPIND,2026-04-03,319.05,316.55,322.9,300.1,636146
VIPIND,2026-04-10,315.0,324.4,331.0,309.0,922644
VIPIND,2026-04-17,323.0,320.3,328.55,313.1,822191
VIPIND,2026-04-24,320.3,299.3,325.0,298.05,1676996
VIPIND,2026-05-01,300.0,296.25,308.8,292.05,1564708
VIPIND,2026-05-08,298.9,309.0,332.5,292.85,5653572
VIPIND,2026-05-15,307.55,302.55,307.55,285.85,2301187
VIPIND,2026-05-22,288.0,303.2,304.0,278.25,3009474
VIPIND,2026-05-29,305.1,299.4,314.0,292.6,4542683
VIPIND,2026-06-05,303.85,329.85,345.0,300.9,34465231
VIPIND,2026-06-12,327.1,314.95,329.3,296.65,1523693
VIPIND,2026-06-19,320.45,317.5,327.0,315.35,1136101
VIPIND,2026-06-26,317.5,312.45,320.85,309.4,669647
VIPIND,2026-07-03,312.45,308.35,318.25,300.6,1163305
VIPIND,2026-07-10,309.8,303.0,310.0,298.0,962946
VIPIND,2026-07-17,302.5,297.45,305.95,291.55,883284
VISHNU,2026-01-23,506.5,507.4,521.85,496.5,323497
VISHNU,2026-01-30,507.0,524.25,529.0,496.55,297378
VISHNU,2026-02-06,492.4,510.9,549.0,487.35,288599
VISHNU,2026-02-13,519.45,515.15,533.4,503.0,272520
VISHNU,2026-02-20,519.1,512.4,535.0,502.5,301151
VISHNU,2026-02-27,517.0,501.65,528.45,501.0,285487
VISHNU,2026-03-06,491.7,486.65,501.8,474.0,387737
VISHNU,2026-03-13,483.95,508.15,516.0,471.2,426789
VISHNU,2026-03-20,505.65,513.3,530.0,484.0,318997
VISHNU,2026-03-27,504.0,495.9,519.4,483.0,347425
VISHNU,2026-04-03,490.05,507.15,511.5,483.0,180012
VISHNU,2026-04-10,510.0,515.25,528.5,502.65,369718
VISHNU,2026-04-17,510.0,580.95,612.8,505.0,994859
VISHNU,2026-04-24,585.6,581.35,618.95,563.15,839802
VISHNU,2026-05-01,581.35,594.15,605.0,575.25,342603
VISHNU,2026-05-08,609.0,598.5,631.0,589.05,645913
VISHNU,2026-05-15,597.15,573.0,605.0,572.0,449785
VISHNU,2026-05-22,573.0,599.25,614.4,567.0,500676
VISHNU,2026-05-29,599.8,579.1,619.95,566.15,316240
VISHNU,2026-06-05,600.0,603.4,652.0,598.0,2399423
VISHNU,2026-06-12,600.0,589.95,611.15,575.1,278290
VISHNU,2026-06-19,595.0,601.0,619.8,591.5,316576
VISHNU,2026-06-26,601.0,608.4,640.0,594.0,609422
VISHNU,2026-07-03,612.5,622.15,640.0,596.2,374651
VISHNU,2026-07-10,625.0,597.0,629.5,580.4,310669
VISHNU,2026-07-17,596.95,605.75,634.7,590.05,401050
VIYASH,2026-01-23,199.0,207.16,211.39,192.62,5274555
VIYASH,2026-01-30,210.0,203.61,210.0,200.16,1621828
VIYASH,2026-02-06,204.0,201.56,220.0,197.1,3429592
VIYASH,2026-02-13,207.7,216.33,228.2,203.1,5486646
VIYASH,2026-02-20,219.8,216.76,226.89,210.43,2639680
VIYASH,2026-02-27,217.04,213.08,240.0,205.5,3800604
VIYASH,2026-03-06,202.2,202.87,208.98,194.5,3415031
VIYASH,2026-03-13,195.88,197.3,200.82,189.62,4083358
VIYASH,2026-03-20,196.65,188.43,199.4,188.0,3505970
VIYASH,2026-03-27,186.54,187.5,195.2,178.13,3425194
VIYASH,2026-04-03,186.85,191.76,195.31,181.69,1732476
VIYASH,2026-04-10,193.0,208.75,212.47,187.65,4583920
VIYASH,2026-04-17,202.55,208.25,214.78,201.9,3377227
VIYASH,2026-04-24,208.0,207.15,216.48,205.06,3571392
VIYASH,2026-05-01,207.95,203.74,212.83,202.95,2108417
VIYASH,2026-05-08,204.09,219.6,233.0,199.88,7196172
VIYASH,2026-05-15,218.81,224.54,235.4,213.7,5727756
VIYASH,2026-05-22,224.1,246.06,268.7,217.05,31716764
VIYASH,2026-05-29,247.9,261.94,277.35,247.35,16962901
VIYASH,2026-06-05,262.0,255.25,270.9,241.3,15695472
VIYASH,2026-06-12,253.0,249.95,263.85,248.0,11602853
VIYASH,2026-06-19,256.0,254.95,260.0,242.85,11080626
VIYASH,2026-06-26,257.3,269.3,278.9,256.0,15409087
VIYASH,2026-07-03,271.4,294.15,297.0,266.6,16174067
VIYASH,2026-07-10,295.0,277.8,298.0,267.35,8559919
VIYASH,2026-07-17,278.2,268.65,285.35,264.6,5239873
VMARCIND,2026-01-23,653.0,614.45,686.0,601.6,88000
VMARCIND,2026-01-30,610.0,582.25,610.0,526.0,141750
VMARCIND,2026-02-06,585.0,594.45,629.9,560.0,87250
VMARCIND,2026-02-13,609.0,607.8,617.8,549.7,211250
VMARCIND,2026-02-20,629.9,724.5,748.9,612.05,219250
VMARCIND,2026-02-27,715.0,702.45,737.95,660.0,127250
VMARCIND,2026-03-06,665.05,698.95,733.0,658.5,189500
VMARCIND,2026-03-13,675.05,691.2,701.0,665.05,98750
VMARCIND,2026-03-20,685.0,650.85,699.0,643.0,90750
VMARCIND,2026-03-27,642.0,602.4,675.0,535.35,125750
VMARCIND,2026-04-03,605.0,637.5,646.0,575.0,110000
VMARCIND,2026-04-10,637.5,797.85,799.5,637.5,165750
VMARCIND,2026-04-17,759.0,845.2,874.0,755.3,158750
VMARCIND,2026-04-24,855.0,894.6,968.0,830.0,187500
VMARCIND,2026-05-01,905.0,991.45,1030.0,905.0,87500
VMARCIND,2026-05-08,991.45,1019.0,1025.0,925.3,161500
VMARCIND,2026-05-15,1015.0,1089.85,1260.0,1015.0,738250
VMARCIND,2026-05-22,1090.0,1121.9,1141.95,1025.0,268500
VMARCIND,2026-05-29,1129.95,1386.1,1397.3,1095.05,350500
VMARCIND,2026-06-05,1403.0,1513.95,1615.0,1371.25,402750
VMARCIND,2026-06-12,1457.0,1399.65,1467.95,1349.0,269000
VMARCIND,2026-06-19,1427.95,1599.75,1708.0,1399.65,286250
VMARCIND,2026-06-26,1604.95,1580.5,1654.95,1565.0,102250
VMARCIND,2026-07-03,261.67,257.73,274.64,253.5,1003500
VMARCIND,2026-07-10,261.34,263.8,311.9,248.0,1657500
VMARCIND,2026-07-17,257.2,276.65,298.9,257.2,1927500
VOLTAMP,2026-01-23,7190.5,6826.0,7200.5,6756.0,108226
VOLTAMP,2026-01-30,6826.0,7374.5,7432.0,6666.0,105255
VOLTAMP,2026-02-06,7285.5,7973.0,8245.5,7256.5,278038
VOLTAMP,2026-02-13,8003.0,7955.0,8374.0,7921.0,162026
VOLTAMP,2026-02-20,7900.0,8229.5,8637.5,7836.0,211801
VOLTAMP,2026-02-27,8305.0,9105.0,9294.0,8247.5,371422
VOLTAMP,2026-03-06,8540.0,8685.5,9009.0,8460.5,204361
VOLTAMP,2026-03-13,8450.0,8505.0,8850.0,8368.0,189312
VOLTAMP,2026-03-20,8553.0,8604.5,8802.0,8179.0,111307
VOLTAMP,2026-03-27,8501.0,8439.0,8730.0,8203.0,103319
VOLTAMP,2026-04-03,8400.0,9170.5,9190.0,8252.0,135948
VOLTAMP,2026-04-10,9244.0,9311.5,9581.0,8890.0,196537
VOLTAMP,2026-04-17,9120.0,10145.0,10210.0,9091.0,335108
VOLTAMP,2026-04-24,10205.0,10768.5,11295.0,10188.0,507592
VOLTAMP,2026-05-01,11001.0,11742.0,11998.0,10983.5,355555
VOLTAMP,2026-05-08,11900.0,9535.0,12863.0,9340.0,1385705
VOLTAMP,2026-05-15,9361.0,9501.0,9597.0,9084.0,332992
VOLTAMP,2026-05-22,9500.0,9134.0,9500.0,8950.0,267731
VOLTAMP,2026-05-29,9170.0,9497.0,9620.0,9121.0,173339
VOLTAMP,2026-06-05,9485.0,9884.5,10044.0,9082.0,231471
VOLTAMP,2026-06-12,9800.0,9719.5,10143.0,9500.0,261208
VOLTAMP,2026-06-19,9935.0,10237.5,10430.0,9850.0,155702
VOLTAMP,2026-06-26,10262.0,10304.0,11144.0,10230.0,237121
VOLTAMP,2026-07-03,10326.5,9702.0,10599.0,9614.0,182882
VOLTAMP,2026-07-10,9650.0,9562.0,9932.0,9358.0,76027
VOLTAMP,2026-07-17,9544.0,9522.0,9560.0,9270.0,218925
VOLTAS,2026-01-23,1405.2,1315.4,1417.6,1274.2,4475525
VOLTAS,2026-01-30,1320.0,1327.9,1379.9,1280.0,3786313
VOLTAS,2026-02-06,1297.4,1435.0,1439.4,1270.0,3138715
VOLTAS,2026-02-13,1440.0,1525.4,1546.8,1431.4,4695984
VOLTAS,2026-02-20,1530.0,1546.9,1552.8,1504.0,3412414
VOLTAS,2026-02-27,1548.1,1561.3,1582.5,1513.1,5563941
VOLTAS,2026-03-06,1521.0,1478.4,1539.0,1430.0,3592558
VOLTAS,2026-03-13,1462.0,1414.2,1509.8,1385.2,4984399
VOLTAS,2026-03-20,1410.6,1324.5,1448.0,1318.4,3763232
VOLTAS,2026-03-27,1305.0,1322.6,1381.0,1223.0,5922232
VOLTAS,2026-04-03,1291.0,1235.4,1313.5,1186.8,6885163
VOLTAS,2026-04-10,1225.0,1315.6,1319.0,1204.1,7245570
VOLTAS,2026-04-17,1286.0,1440.1,1447.8,1271.7,6749318
VOLTAS,2026-04-24,1447.0,1464.0,1503.5,1429.6,5482958
VOLTAS,2026-05-01,1481.4,1430.4,1537.9,1418.2,5000516
VOLTAS,2026-05-08,1445.2,1324.8,1463.7,1321.0,5564296
VOLTAS,2026-05-15,1315.6,1230.7,1348.0,1224.6,6325708
VOLTAS,2026-05-22,1205.7,1268.1,1311.5,1198.6,5225110
VOLTAS,2026-05-29,1281.0,1245.7,1300.0,1232.2,5455003
VOLTAS,2026-06-05,1255.0,1298.3,1310.0,1204.0,7071645
VOLTAS,2026-06-12,1280.0,1285.4,1329.8,1266.0,4091610
VOLTAS,2026-06-19,1310.0,1343.4,1381.8,1301.0,6877896
VOLTAS,2026-06-26,1384.0,1302.4,1411.9,1296.1,6054627
VOLTAS,2026-07-03,1303.2,1280.2,1306.8,1272.0,3620294
VOLTAS,2026-07-10,1280.9,1286.7,1302.0,1247.0,5439499
VOLTAS,2026-07-17,1285.0,1342.4,1403.0,1273.4,4660222
VSSL,2026-01-23,274.05,248.25,281.0,243.8,428676
VSSL,2026-01-30,248.5,255.6,261.55,245.8,157452
VSSL,2026-02-06,260.0,259.5,263.0,240.15,154950
VSSL,2026-02-13,259.0,255.8,266.9,254.4,84845
VSSL,2026-02-20,256.05,251.8,259.7,250.0,86475
VSSL,2026-02-27,254.3,256.6,265.0,243.55,151898
VSSL,2026-03-06,251.0,244.0,253.9,241.9,106694
VSSL,2026-03-13,240.0,231.7,246.15,229.95,158923
VSSL,2026-03-20,229.95,232.85,242.45,225.35,218022
VSSL,2026-03-27,230.0,218.85,239.9,216.0,203878
VSSL,2026-04-03,217.65,226.0,228.48,206.4,169783
VSSL,2026-04-10,221.0,243.17,245.99,221.0,295959
VSSL,2026-04-17,238.51,256.64,262.14,235.5,209913
VSSL,2026-04-24,258.0,263.1,273.5,251.2,269908
VSSL,2026-05-01,264.41,278.69,306.3,261.33,5363743
VSSL,2026-05-08,278.7,275.0,287.35,268.95,333217
VSSL,2026-05-15,275.0,280.3,287.55,261.1,325826
VSSL,2026-05-22,278.25,272.55,282.45,269.0,152394
VSSL,2026-05-29,276.0,268.2,277.0,266.15,117326
VSSL,2026-06-05,273.95,275.45,278.7,266.25,185623
VSSL,2026-06-12,275.7,276.15,281.0,260.05,267750
VSSL,2026-06-19,277.35,281.55,293.7,275.1,305367
VSSL,2026-06-26,280.0,282.9,291.6,278.15,158734
VSSL,2026-07-03,283.0,274.35,284.4,271.35,127440
VSSL,2026-07-10,274.35,276.35,277.45,266.0,140250
VSSL,2026-07-17,277.0,298.35,308.7,277.0,1391440
VTL,2026-01-23,417.5,403.45,422.95,391.0,1680668
VTL,2026-01-30,405.15,432.35,468.0,400.6,9492165
VTL,2026-02-06,452.2,482.0,539.85,434.05,5754345
VTL,2026-02-13,487.7,510.55,525.0,471.2,6843313
VTL,2026-02-20,510.8,536.45,539.9,498.0,2863559
VTL,2026-02-27,539.9,542.55,549.9,502.0,3786519
VTL,2026-03-06,511.0,538.9,552.0,511.0,1371568
VTL,2026-03-13,532.95,536.75,548.5,515.8,1178462
VTL,2026-03-20,530.0,532.9,559.9,522.0,3525014
VTL,2026-03-27,534.0,527.2,553.8,508.55,2979056
VTL,2026-04-03,520.95,536.6,542.9,513.55,2087353
VTL,2026-04-10,535.0,560.85,566.0,524.1,2205706
VTL,2026-04-17,549.0,557.6,564.0,532.5,1266710
VTL,2026-04-24,557.65,590.05,602.6,546.35,8477723
VTL,2026-05-01,588.0,612.0,620.7,585.75,2485604
VTL,2026-05-08,619.75,580.7,647.0,562.3,3288564
VTL,2026-05-15,575.0,606.95,633.65,564.05,2840681
VTL,2026-05-22,604.0,610.65,626.8,587.05,1457973
VTL,2026-05-29,617.25,577.15,623.0,570.25,869095
VTL,2026-06-05,605.9,631.4,640.8,593.25,2656118
VTL,2026-06-12,626.5,627.85,645.45,602.5,1228715
VTL,2026-06-19,630.1,657.45,670.05,611.4,3457414
VTL,2026-06-26,664.0,634.3,664.0,631.7,1339450
VTL,2026-07-03,630.1,666.25,674.9,624.0,1961902
VTL,2026-07-10,665.1,636.15,688.0,620.0,1297676
VTL,2026-07-17,633.4,636.55,659.0,626.6,714891
WABAG,2026-01-23,1188.8,1061.1,1191.5,1054.8,1584087
WABAG,2026-01-30,1061.1,1077.7,1085.7,1033.0,1368020
WABAG,2026-02-06,1075.0,1214.9,1248.0,1040.7,2226502
WABAG,2026-02-13,1221.0,1284.0,1346.5,1217.8,2064389
WABAG,2026-02-20,1280.5,1272.9,1317.5,1262.2,782635
WABAG,2026-02-27,1277.4,1264.3,1299.6,1250.0,856072
WABAG,2026-03-06,1100.0,1225.0,1237.9,1100.0,967227
WABAG,2026-03-13,1188.5,1227.6,1318.8,1165.8,3675313
WABAG,2026-03-20,1270.0,1236.9,1290.0,1194.0,2350239
WABAG,2026-03-27,1224.5,1200.5,1278.0,1167.5,1617064
WABAG,2026-04-03,1185.0,1239.6,1250.0,1152.0,862281
WABAG,2026-04-10,1235.0,1355.5,1366.0,1208.6,1393324
WABAG,2026-04-17,1325.0,1389.5,1460.0,1301.5,2870832
WABAG,2026-04-24,1400.0,1493.3,1528.7,1382.4,3337785
WABAG,2026-05-01,1505.8,1509.6,1559.0,1446.2,1380160
WABAG,2026-05-08,1514.1,1478.0,1521.1,1470.2,826855
WABAG,2026-05-15,1460.0,1386.1,1470.2,1353.0,1115918
WABAG,2026-05-22,1370.0,1431.4,1480.0,1326.3,2200884
WABAG,2026-05-29,1468.0,1527.8,1584.9,1442.1,2479901
WABAG,2026-06-05,1531.0,1600.4,1609.9,1523.0,1685011
WABAG,2026-06-12,1593.0,1577.8,1603.3,1510.0,1237968
WABAG,2026-06-19,1620.4,1983.6,2009.7,1612.1,7900581
WABAG,2026-06-26,2014.9,2110.8,2188.0,1972.6,5623631
WABAG,2026-07-03,2100.0,2080.9,2217.0,1985.0,5648623
WABAG,2026-07-10,2088.8,2221.2,2248.0,2035.0,5779429
WABAG,2026-07-17,2210.0,1991.1,2253.5,1966.3,3838026
WALCHANNAG,2026-01-23,159.2,152.07,159.2,141.6,5403677
WALCHANNAG,2026-01-30,156.4,187.9,201.96,150.2,32186976
WALCHANNAG,2026-02-06,187.8,177.72,204.0,176.04,7382101
WALCHANNAG,2026-02-13,179.7,169.71,186.8,169.1,2835368
WALCHANNAG,2026-02-20,169.0,172.76,186.0,166.39,3710710
WALCHANNAG,2026-02-27,172.3,172.97,180.01,165.0,2510599
WALCHANNAG,2026-03-06,162.0,165.58,179.94,159.4,3401404
WALCHANNAG,2026-03-13,161.85,150.95,168.59,150.15,2466758
WALCHANNAG,2026-03-20,150.95,148.14,155.0,145.01,3074232
WALCHANNAG,2026-03-27,145.26,139.11,148.59,136.81,3034929
WALCHANNAG,2026-04-03,136.15,143.91,145.99,131.15,1973112
WALCHANNAG,2026-04-10,146.95,175.48,181.85,140.5,6741052
WALCHANNAG,2026-04-17,170.0,192.89,198.9,166.58,7991080
WALCHANNAG,2026-04-24,194.9,219.19,223.3,188.5,15443034
WALCHANNAG,2026-05-01,222.1,235.02,248.15,217.3,7789916
WALCHANNAG,2026-05-08,238.81,254.72,265.3,235.63,9714585
WALCHANNAG,2026-05-15,250.0,232.84,250.0,216.76,7157658
WALCHANNAG,2026-05-22,228.51,231.85,255.05,220.63,11406582
WALCHANNAG,2026-05-29,235.8,253.36,276.6,233.5,19032520
WALCHANNAG,2026-06-05,256.0,241.75,260.7,230.1,10714270
WALCHANNAG,2026-06-12,237.5,265.45,268.0,235.1,14566792
WALCHANNAG,2026-06-19,270.8,312.05,315.8,260.35,28774980
WALCHANNAG,2026-06-26,314.35,273.75,314.9,271.2,7688242
WALCHANNAG,2026-07-03,275.5,243.55,279.9,236.8,9326288
WALCHANNAG,2026-07-10,243.0,261.0,264.95,225.05,11232558
WALCHANNAG,2026-07-17,257.1,245.9,267.0,241.2,4944498
WEBELSOLAR,2026-01-23,83.0,74.78,83.0,74.41,16140225
WEBELSOLAR,2026-01-30,74.79,81.4,87.5,72.91,15868100
WEBELSOLAR,2026-02-06,74.54,66.63,84.3,64.41,35743524
WEBELSOLAR,2026-02-13,67.84,65.64,74.17,65.25,20111764
WEBELSOLAR,2026-02-20,65.64,64.09,67.59,62.82,14357265
WEBELSOLAR,2026-02-27,64.09,55.32,65.98,54.8,36640980
WEBELSOLAR,2026-03-06,52.82,52.71,56.2,52.12,18224678
WEBELSOLAR,2026-03-13,51.0,52.75,58.44,50.4,28741511
WEBELSOLAR,2026-03-20,52.51,74.85,74.85,51.23,122916417
WEBELSOLAR,2026-03-27,76.22,70.77,79.48,69.75,68005397
WEBELSOLAR,2026-04-03,68.8,76.36,77.5,63.7,29468456
WEBELSOLAR,2026-04-10,76.0,78.89,81.6,74.65,27731776
WEBELSOLAR,2026-04-17,76.81,91.37,93.19,75.01,28471157
WEBELSOLAR,2026-04-24,93.3,110.85,112.12,86.61,61711777
WEBELSOLAR,2026-05-01,113.8,110.66,128.31,110.29,49866509
WEBELSOLAR,2026-05-08,114.5,114.94,125.0,111.1,36541422
WEBELSOLAR,2026-05-15,113.6,103.44,114.35,100.75,18791583
WEBELSOLAR,2026-05-22,100.65,107.89,110.53,98.7,17572591
WEBELSOLAR,2026-05-29,109.4,109.26,116.48,107.8,13871545
WEBELSOLAR,2026-06-05,110.0,110.76,115.43,102.65,19499152
WEBELSOLAR,2026-06-12,108.61,103.63,109.55,99.42,13081624
WEBELSOLAR,2026-06-19,107.9,104.71,108.0,103.0,8978934
WEBELSOLAR,2026-06-26,104.31,101.48,106.6,100.41,6517606
WEBELSOLAR,2026-07-03,101.08,106.81,110.4,98.51,10886740
WEBELSOLAR,2026-07-10,106.29,99.85,106.29,96.59,8394387
WEBELSOLAR,2026-07-17,99.53,104.29,104.29,97.75,9117245
WELCORP,2026-01-23,736.85,730.6,796.5,728.6,6392885
WELCORP,2026-01-30,740.15,729.25,760.1,714.8,2978433
WELCORP,2026-02-06,733.85,824.85,842.2,710.0,3650002
WELCORP,2026-02-13,837.45,802.65,845.0,801.0,1330661
WELCORP,2026-02-20,802.6,783.5,817.85,777.3,1205994
WELCORP,2026-02-27,794.95,825.25,831.0,770.0,2114640
WELCORP,2026-03-06,780.0,809.05,829.0,767.0,2083135
WELCORP,2026-03-13,800.0,800.2,869.8,767.05,3553268
WELCORP,2026-03-20,800.0,803.85,825.7,784.0,1552478
WELCORP,2026-03-27,800.0,817.35,840.0,759.0,1769375
WELCORP,2026-04-03,817.35,846.85,850.0,805.45,1649909
WELCORP,2026-04-10,850.0,961.8,967.0,837.35,3811104
WELCORP,2026-04-17,941.0,1077.15,1097.0,930.05,4546840
WELCORP,2026-04-24,1077.0,1207.45,1234.95,1064.55,11088122
WELCORP,2026-05-01,1224.5,1266.75,1290.0,1194.4,4640773
WELCORP,2026-05-08,1285.0,1291.9,1315.0,1231.1,3250142
WELCORP,2026-05-15,1288.0,1309.0,1377.4,1276.1,4174437
WELCORP,2026-05-22,1309.0,1277.5,1357.7,1252.2,5835521
WELCORP,2026-05-29,1284.9,1376.9,1394.8,1284.9,4095967
WELCORP,2026-06-05,1380.1,1388.8,1427.0,1350.0,4570608
WELCORP,2026-06-12,1360.0,1402.3,1418.0,1320.0,2932232
WELCORP,2026-06-19,1420.0,1423.4,1434.3,1370.0,2400645
WELCORP,2026-06-26,1426.3,1455.1,1459.5,1394.0,3156826
WELCORP,2026-07-03,1465.0,1439.3,1539.0,1408.5,4848500
WELCORP,2026-07-10,1425.0,1612.6,1634.0,1425.0,13049515
WELCORP,2026-07-17,1601.7,1581.5,1698.8,1576.0,8820810
WELENT,2026-01-23,448.0,467.1,509.0,445.55,1677162
WELENT,2026-01-30,465.0,471.55,482.0,455.15,364012
WELENT,2026-02-06,456.2,502.7,506.7,454.5,1267605
WELENT,2026-02-13,503.0,495.2,522.6,493.9,1114962
WELENT,2026-02-20,492.35,498.4,510.5,487.85,467753
WELENT,2026-02-27,499.7,484.9,503.9,481.2,416605
WELENT,2026-03-06,462.0,455.8,480.0,452.45,492248
WELENT,2026-03-13,450.0,471.85,487.0,435.0,568178
WELENT,2026-03-20,466.95,462.35,476.1,451.2,378379
WELENT,2026-03-27,450.05,430.0,459.0,423.0,734191
WELENT,2026-04-03,431.75,438.7,441.9,412.0,268651
WELENT,2026-04-10,438.5,442.7,456.0,431.0,843570
WELENT,2026-04-17,435.1,483.8,486.4,433.25,893517
WELENT,2026-04-24,488.0,505.35,523.3,471.2,1402879
WELENT,2026-05-01,501.0,523.25,558.4,499.65,4023333
WELENT,2026-05-08,528.0,522.2,544.8,516.3,2184928
WELENT,2026-05-15,520.0,510.75,530.0,447.25,1192454
WELENT,2026-05-22,501.0,505.15,515.35,479.55,838860
WELENT,2026-05-29,507.6,517.15,530.2,493.45,877222
WELENT,2026-06-05,522.0,541.4,548.8,502.9,1563379
WELENT,2026-06-12,531.0,552.25,566.8,528.0,1700359
WELENT,2026-06-19,555.7,567.85,583.6,547.2,1628550
WELENT,2026-06-26,574.4,572.45,587.7,561.6,741378
WELENT,2026-07-03,573.55,603.25,633.7,565.65,3199005
WELENT,2026-07-10,601.45,614.0,626.05,590.0,1758190
WELENT,2026-07-17,614.0,626.3,634.9,607.3,1731118
WELSPUNLIV,2026-01-23,121.22,120.78,127.0,112.16,12729670
WELSPUNLIV,2026-01-30,125.0,123.93,129.71,121.43,14156132
WELSPUNLIV,2026-02-06,123.88,140.35,152.85,119.73,69444570
WELSPUNLIV,2026-02-13,144.0,141.16,148.28,135.1,30737775
WELSPUNLIV,2026-02-20,141.19,136.78,142.4,134.85,8978435
WELSPUNLIV,2026-02-27,140.0,125.33,142.9,123.21,16022883
WELSPUNLIV,2026-03-06,120.27,120.36,126.38,116.61,6912396
WELSPUNLIV,2026-03-13,116.15,112.1,120.99,110.18,9016402
WELSPUNLIV,2026-03-20,112.11,114.57,117.36,108.01,10020697
WELSPUNLIV,2026-03-27,112.62,116.46,117.84,107.5,8830977
WELSPUNLIV,2026-04-03,115.01,115.97,117.0,107.1,6000069
WELSPUNLIV,2026-04-10,115.4,123.07,125.1,113.31,6029397
WELSPUNLIV,2026-04-17,120.1,125.42,127.25,118.51,4130946
WELSPUNLIV,2026-04-24,126.1,130.16,136.45,124.0,9788347
WELSPUNLIV,2026-05-01,131.9,128.96,134.85,127.33,4052680
WELSPUNLIV,2026-05-08,129.07,133.8,139.0,127.3,11500850
WELSPUNLIV,2026-05-15,133.11,141.02,141.8,128.8,19984881
WELSPUNLIV,2026-05-22,141.0,139.2,145.8,135.0,12166881
WELSPUNLIV,2026-05-29,139.85,137.97,141.99,137.3,3638882
WELSPUNLIV,2026-06-05,142.73,143.13,146.0,141.47,10471237
WELSPUNLIV,2026-06-12,140.6,138.54,145.11,133.34,6605248
WELSPUNLIV,2026-06-19,141.0,162.23,165.5,139.5,37545171
WELSPUNLIV,2026-06-26,162.05,167.32,171.0,159.0,26179942
WELSPUNLIV,2026-07-03,167.0,170.93,171.99,158.31,15123784
WELSPUNLIV,2026-07-10,171.4,166.17,173.4,161.8,9422667
WELSPUNLIV,2026-07-17,165.0,164.4,174.97,160.1,13211230
WHEELS,2026-01-23,775.0,731.5,805.45,726.6,130750
WHEELS,2026-01-30,728.7,762.25,812.0,705.85,512308
WHEELS,2026-02-06,761.0,857.35,882.0,761.0,274118
WHEELS,2026-02-13,867.6,866.35,896.0,858.1,150881
WHEELS,2026-02-20,860.0,897.6,949.95,849.1,389050
WHEELS,2026-02-27,904.8,901.8,929.0,877.05,150679
WHEELS,2026-03-06,861.0,880.25,895.1,840.0,126545
WHEELS,2026-03-13,875.0,898.7,949.0,845.0,465710
WHEELS,2026-03-20,907.5,1027.2,1048.0,883.05,679907
WHEELS,2026-03-27,1038.1,1082.1,1108.95,972.0,615188
WHEELS,2026-04-03,1075.1,974.35,1077.75,950.3,367683
WHEELS,2026-04-10,991.0,1043.85,1053.0,928.0,558113
WHEELS,2026-04-17,1041.0,1067.05,1075.2,1008.05,407828
WHEELS,2026-04-24,1068.0,1047.95,1091.85,1038.05,329260
WHEELS,2026-05-01,1041.0,1228.3,1277.1,1028.25,3023133
WHEELS,2026-05-08,1226.8,1329.6,1359.2,1219.0,812291
WHEELS,2026-05-15,1325.7,1467.3,1499.9,1263.0,1041306
WHEELS,2026-05-22,1495.1,1677.5,1744.0,1477.2,4039540
WHEELS,2026-05-29,1684.0,1575.8,1700.0,1543.1,587086
WHEELS,2026-06-05,1570.1,1487.7,1617.7,1460.5,532003
WHEELS,2026-06-12,1460.0,1634.7,1664.8,1442.5,759530
WHEELS,2026-06-19,1650.0,1553.4,1700.0,1456.7,551016
WHEELS,2026-06-26,1575.0,1674.4,1690.3,1522.0,688228
WHEELS,2026-07-03,1700.0,1491.6,1808.0,1464.3,2444519
WHEELS,2026-07-10,1506.0,1513.1,1533.9,1415.1,891975
WHEELS,2026-07-17,1513.0,1472.1,1522.3,1450.3,304577
WINDMACHIN,2026-01-23,258.65,259.9,274.0,228.05,949577
WINDMACHIN,2026-01-30,261.0,263.35,271.6,250.5,170377
WINDMACHIN,2026-02-06,255.0,254.4,276.0,236.3,359951
WINDMACHIN,2026-02-13,255.0,253.65,273.0,251.95,143244
WINDMACHIN,2026-02-20,250.0,242.95,254.9,241.0,89956
WINDMACHIN,2026-02-27,244.9,251.95,258.3,232.7,152809
WINDMACHIN,2026-03-06,236.9,247.0,249.45,229.8,229296
WINDMACHIN,2026-03-13,236.0,235.05,248.5,230.55,259153
WINDMACHIN,2026-03-20,238.35,230.05,238.35,215.2,277996
WINDMACHIN,2026-03-27,226.0,216.05,234.9,212.0,338340
WINDMACHIN,2026-04-03,211.0,224.87,226.6,200.65,206451
WINDMACHIN,2026-04-10,224.87,258.81,269.8,221.4,557484
WINDMACHIN,2026-04-17,251.01,305.99,309.77,247.0,1189809
WINDMACHIN,2026-04-24,305.96,280.46,305.96,277.0,580238
WINDMACHIN,2026-05-01,281.0,285.58,293.96,278.99,629846
WINDMACHIN,2026-05-08,285.55,320.1,323.0,282.25,827941
WINDMACHIN,2026-05-15,323.75,285.1,325.0,283.5,375866
WINDMACHIN,2026-05-22,283.55,287.75,297.3,271.3,162981
WINDMACHIN,2026-05-29,289.0,286.95,306.8,282.8,300889
WINDMACHIN,2026-06-05,288.0,285.75,294.9,276.0,227779
WINDMACHIN,2026-06-12,282.0,324.55,343.9,278.4,3173428
WINDMACHIN,2026-06-19,328.2,325.05,333.95,320.8,350886
WINDMACHIN,2026-06-26,322.6,305.15,331.0,303.0,165073
WINDMACHIN,2026-07-03,305.15,308.0,313.45,299.1,211634
WINDMACHIN,2026-07-10,308.0,311.65,328.0,295.25,531383
WINDMACHIN,2026-07-17,311.65,299.5,320.0,293.4,263165
WOCKPHARMA,2026-01-23,1419.2,1351.6,1437.0,1335.0,2203463
WOCKPHARMA,2026-01-30,1375.1,1382.2,1411.9,1335.1,1353005
WOCKPHARMA,2026-02-06,1348.6,1398.4,1440.0,1275.0,2547449
WOCKPHARMA,2026-02-13,1410.0,1394.8,1463.0,1363.0,3974584
WOCKPHARMA,2026-02-20,1394.7,1381.6,1438.8,1375.1,1611779
WOCKPHARMA,2026-02-27,1381.6,1361.9,1404.7,1346.8,1116471
WOCKPHARMA,2026-03-06,1310.0,1299.6,1347.4,1271.9,1867463
WOCKPHARMA,2026-03-13,1294.9,1211.3,1342.0,1202.6,2432748
WOCKPHARMA,2026-03-20,1202.0,1176.2,1236.8,1166.5,2252265
WOCKPHARMA,2026-03-27,1164.9,1189.5,1246.5,1086.7,5054031
WOCKPHARMA,2026-04-03,1186.0,1271.5,1283.5,1162.1,2924771
WOCKPHARMA,2026-04-10,1270.0,1343.8,1406.4,1238.0,2901718
WOCKPHARMA,2026-04-17,1326.1,1395.3,1410.6,1307.5,2434014
WOCKPHARMA,2026-04-24,1395.3,1405.2,1532.0,1372.0,3674067
WOCKPHARMA,2026-05-01,1412.2,1395.6,1452.0,1382.0,1905481
WOCKPHARMA,2026-05-08,1400.0,1606.5,1778.0,1400.0,44822057
WOCKPHARMA,2026-05-15,1613.9,1545.9,1660.0,1505.0,6444030
WOCKPHARMA,2026-05-22,1540.0,1575.4,1655.9,1522.6,5455803
WOCKPHARMA,2026-05-29,1591.6,2031.4,2097.4,1571.0,19379453
WOCKPHARMA,2026-06-05,2377.0,1920.9,2422.3,1907.1,32559718
WOCKPHARMA,2026-06-12,1900.0,1938.0,1978.0,1820.0,10899176
WOCKPHARMA,2026-06-19,1951.0,2011.1,2120.0,1888.8,8815087
WOCKPHARMA,2026-06-26,2014.0,1965.2,2073.5,1951.0,4069605
WOCKPHARMA,2026-07-03,1972.1,1938.5,1994.0,1876.6,3707464
WOCKPHARMA,2026-07-10,1938.0,1810.7,1945.9,1798.4,2833532
WOCKPHARMA,2026-07-17,1805.0,1900.7,1919.9,1792.4,3508492
WSTCSTPAPR,2026-01-23,401.0,390.65,412.15,386.1,193291
WSTCSTPAPR,2026-01-30,385.2,400.95,404.0,385.0,145680
WSTCSTPAPR,2026-02-06,389.0,435.25,448.55,386.1,390900
WSTCSTPAPR,2026-02-13,441.95,430.2,464.95,415.1,455224
WSTCSTPAPR,2026-02-20,424.0,409.5,434.75,407.65,152848
WSTCSTPAPR,2026-02-27,411.0,421.55,428.0,407.55,373941
WSTCSTPAPR,2026-03-06,407.15,391.55,413.0,390.0,218364
WSTCSTPAPR,2026-03-13,387.25,389.3,407.2,375.0,316591
WSTCSTPAPR,2026-03-20,390.0,434.65,438.45,381.05,433329
WSTCSTPAPR,2026-03-27,426.0,419.45,444.0,406.55,508332
WSTCSTPAPR,2026-04-03,415.1,431.95,438.0,401.75,248450
WSTCSTPAPR,2026-04-10,423.5,458.5,459.7,423.5,577738
WSTCSTPAPR,2026-04-17,445.0,495.05,508.0,442.0,685469
WSTCSTPAPR,2026-04-24,495.5,483.05,516.9,466.4,1191591
WSTCSTPAPR,2026-05-01,494.8,483.6,508.15,473.6,318877
WSTCSTPAPR,2026-05-08,484.05,523.7,538.65,482.5,1428965
WSTCSTPAPR,2026-05-15,512.15,467.1,534.0,461.8,714505
WSTCSTPAPR,2026-05-22,461.0,479.65,491.95,451.0,306711
WSTCSTPAPR,2026-05-29,481.15,495.6,526.0,480.0,892874
WSTCSTPAPR,2026-06-05,505.75,513.25,530.0,501.25,1007373
WSTCSTPAPR,2026-06-12,513.0,494.35,513.0,482.0,350469
WSTCSTPAPR,2026-06-19,500.0,513.35,523.7,492.1,713885
WSTCSTPAPR,2026-06-26,512.1,496.85,516.3,489.0,282216
WSTCSTPAPR,2026-07-03,504.9,529.4,553.0,497.55,1587846
WSTCSTPAPR,2026-07-10,530.0,538.2,568.0,515.4,1587880
WSTCSTPAPR,2026-07-17,538.0,520.4,553.35,515.2,398557
XPROINDIA,2026-01-23,1055.75,993.6,1133.8,976.3,258699
XPROINDIA,2026-01-30,999.9,943.25,1081.0,938.05,159491
XPROINDIA,2026-02-06,941.85,963.6,996.65,917.75,114198
XPROINDIA,2026-02-13,974.4,924.1,1009.85,909.0,98758
XPROINDIA,2026-02-20,924.0,878.05,932.75,865.15,147381
XPROINDIA,2026-02-27,878.9,902.4,915.0,842.4,110164
XPROINDIA,2026-03-06,883.0,916.4,949.3,866.05,209415
XPROINDIA,2026-03-13,884.3,813.0,920.6,807.45,265345
XPROINDIA,2026-03-20,825.1,1005.0,1017.05,788.05,490423
XPROINDIA,2026-03-27,985.0,1033.55,1055.0,934.15,352533
XPROINDIA,2026-04-03,1020.55,1035.2,1067.0,986.0,112727
XPROINDIA,2026-04-10,1022.0,1112.5,1124.0,999.2,219836
XPROINDIA,2026-04-17,1090.8,1071.2,1117.5,1040.0,145766
XPROINDIA,2026-04-24,1079.2,1024.7,1082.4,1018.0,118390
XPROINDIA,2026-05-01,1021.0,1018.2,1045.0,1004.0,109273
XPROINDIA,2026-05-08,1020.0,1153.4,1215.0,1011.0,354060
XPROINDIA,2026-05-15,1165.0,1084.9,1166.3,1082.1,68987
XPROINDIA,2026-05-22,1066.0,1150.8,1192.5,1055.0,256308
XPROINDIA,2026-05-29,1174.0,1112.8,1179.0,1087.7,162461
XPROINDIA,2026-06-05,1111.0,1170.7,1233.0,1098.2,256974
XPROINDIA,2026-06-12,1170.7,1207.1,1214.9,1140.0,166012
XPROINDIA,2026-06-19,1243.0,1344.8,1492.9,1194.5,1956798
XPROINDIA,2026-06-26,1345.0,1341.2,1397.5,1322.0,158171
XPROINDIA,2026-07-03,1345.2,1495.0,1574.8,1321.2,430531
XPROINDIA,2026-07-10,1495.0,1457.8,1534.0,1388.2,207782
XPROINDIA,2026-07-17,1438.4,1397.3,1498.0,1360.0,141523
YASHO,2026-01-23,1272.3,1246.0,1296.0,1220.0,73148
YASHO,2026-01-30,1250.7,1220.3,1250.7,1165.4,209254
YASHO,2026-02-06,1190.1,1387.0,1491.9,1170.0,264471
YASHO,2026-02-13,1387.1,1375.5,1443.1,1330.5,99321
YASHO,2026-02-20,1390.0,1491.8,1560.0,1375.6,168795
YASHO,2026-02-27,1480.8,1561.4,1630.0,1434.1,205390
YASHO,2026-03-06,1504.0,1564.4,1594.9,1470.0,99006
YASHO,2026-03-13,1550.0,1304.2,1550.0,1281.3,78302
YASHO,2026-03-20,1298.1,1413.0,1464.0,1298.1,34209
YASHO,2026-03-27,1385.0,1362.5,1527.8,1350.0,109069
YASHO,2026-04-03,1332.5,1398.7,1407.8,1250.0,32509
YASHO,2026-04-10,1409.2,1469.0,1512.6,1386.7,39922
YASHO,2026-04-17,1469.0,1533.2,1571.0,1426.1,44319
YASHO,2026-04-24,1533.1,1475.4,1546.0,1462.6,27293
YASHO,2026-05-01,1486.1,1498.6,1510.0,1431.4,22157
YASHO,2026-05-08,1510.0,1551.6,1625.0,1465.0,42159
YASHO,2026-05-15,1551.6,1695.9,1759.0,1520.0,132533
YASHO,2026-05-22,1695.9,2024.9,2090.0,1623.5,565539
YASHO,2026-05-29,2035.0,2072.8,2295.0,2012.0,181278
YASHO,2026-06-05,2100.0,2470.1,2594.5,2062.2,231299
YASHO,2026-06-12,2457.7,2870.4,2939.0,2401.0,329002
YASHO,2026-06-19,2920.0,2878.6,3025.0,2666.0,230202
YASHO,2026-06-26,2862.1,2868.5,3025.0,2715.1,119723
YASHO,2026-07-03,2840.7,2972.9,3180.3,2816.2,201511
YASHO,2026-07-10,2972.9,3037.9,3075.0,2745.0,113960
YASHO,2026-07-17,3050.0,3010.7,3149.0,2945.5,69441
YATHARTH,2026-01-23,614.5,550.8,618.8,548.3,2181546
YATHARTH,2026-01-30,559.0,587.2,594.0,538.25,1849485
YATHARTH,2026-02-06,610.2,642.5,678.0,580.25,4259654
YATHARTH,2026-02-13,645.9,685.25,701.85,644.0,2089333
YATHARTH,2026-02-20,685.95,720.3,725.75,671.05,2267804
YATHARTH,2026-02-27,727.4,709.55,729.0,692.5,1635613
YATHARTH,2026-03-06,687.0,647.35,706.0,637.2,1935279
YATHARTH,2026-03-13,627.5,658.75,707.0,624.8,1776848
YATHARTH,2026-03-20,645.6,640.25,681.0,638.0,1443760
YATHARTH,2026-03-27,638.9,642.25,672.0,613.1,1807754
YATHARTH,2026-04-03,630.0,671.55,679.9,615.5,1545083
YATHARTH,2026-04-10,680.0,753.75,764.4,661.7,1604738
YATHARTH,2026-04-17,736.0,755.75,799.0,724.6,2200760
YATHARTH,2026-04-24,758.0,718.3,764.0,715.0,1766536
YATHARTH,2026-05-01,726.0,820.0,825.0,725.0,2958657
YATHARTH,2026-05-08,820.0,862.2,866.95,807.5,2768911
YATHARTH,2026-05-15,867.35,815.6,887.85,804.1,2487424
YATHARTH,2026-05-22,812.95,862.15,868.95,800.1,1663599
YATHARTH,2026-05-29,875.0,796.5,889.9,786.0,4147029
YATHARTH,2026-06-05,807.95,808.9,820.0,776.35,1023194
YATHARTH,2026-06-12,795.0,839.75,847.65,794.4,1273706
YATHARTH,2026-06-19,853.0,839.75,853.0,816.7,1678448
YATHARTH,2026-06-26,845.0,837.05,874.7,831.1,1790294
YATHARTH,2026-07-03,832.9,865.55,883.4,832.9,1553759
YATHARTH,2026-07-10,871.0,829.75,871.0,794.95,1159097
YATHARTH,2026-07-17,825.0,844.0,864.6,806.35,1725180
YESBANK,2026-01-23,23.99,20.92,23.99,20.8,709216278
YESBANK,2026-01-30,21.0,21.41,21.55,20.68,544466290
YESBANK,2026-02-06,21.18,21.29,21.99,20.81,414195999
YESBANK,2026-02-13,21.39,20.86,21.64,20.71,311581623
YESBANK,2026-02-20,20.76,21.04,21.33,20.7,225366378
YESBANK,2026-02-27,21.06,20.72,21.24,20.57,513321774
YESBANK,2026-03-06,19.93,20.12,20.52,19.84,382474822
YESBANK,2026-03-13,19.89,18.8,20.04,18.75,436176946
YESBANK,2026-03-20,18.61,18.58,18.99,18.19,455424858
YESBANK,2026-03-27,18.49,18.12,18.58,17.56,555383844
YESBANK,2026-04-03,17.95,17.87,18.1,17.2,370509337
YESBANK,2026-04-10,17.93,19.08,19.2,17.68,453317178
YESBANK,2026-04-17,18.7,20.19,20.44,18.45,428027420
YESBANK,2026-04-24,20.64,19.84,20.71,19.67,730742155
YESBANK,2026-05-01,19.85,19.93,20.55,19.85,321697896
YESBANK,2026-05-08,19.99,22.94,23.05,19.76,1052235605
YESBANK,2026-05-15,22.61,22.07,23.18,21.88,669601099
YESBANK,2026-05-22,21.95,21.87,22.34,20.93,447049941
YESBANK,2026-05-29,22.14,23.15,23.55,22.01,589123845
YESBANK,2026-06-05,23.28,23.3,23.77,22.2,643807382
YESBANK,2026-06-12,22.94,23.02,23.55,22.18,496192780
YESBANK,2026-06-19,23.3,25.41,25.78,23.25,1140410899
YESBANK,2026-06-26,25.5,24.87,25.56,24.5,435187289
YESBANK,2026-07-03,24.87,24.39,25.38,24.07,580898362
YESBANK,2026-07-10,24.64,23.94,24.79,23.32,315777010
YESBANK,2026-07-17,23.8,23.61,23.93,23.21,287560118
ZENTEC,2026-01-23,1327.9,1287.6,1344.3,1262.1,2090464
ZENTEC,2026-01-30,1287.6,1415.6,1420.0,1260.0,1873450
ZENTEC,2026-02-06,1348.6,1326.1,1419.5,1305.2,1798247
ZENTEC,2026-02-13,1326.9,1314.3,1365.0,1302.9,1714537
ZENTEC,2026-02-20,1306.0,1322.2,1369.0,1288.8,1273777
ZENTEC,2026-02-27,1332.8,1359.9,1369.8,1304.0,1424096
ZENTEC,2026-03-06,1296.8,1426.8,1453.5,1296.8,5980169
ZENTEC,2026-03-13,1419.9,1364.7,1469.6,1340.0,2670915
ZENTEC,2026-03-20,1364.7,1413.9,1464.0,1330.0,2362579
ZENTEC,2026-03-27,1400.0,1356.2,1400.0,1339.2,1879152
ZENTEC,2026-04-03,1335.6,1367.2,1386.0,1265.0,1551195
ZENTEC,2026-04-10,1350.0,1541.4,1582.0,1346.2,4492879
ZENTEC,2026-04-17,1500.0,1616.5,1642.8,1486.1,2583810
ZENTEC,2026-04-24,1635.0,1674.4,1825.0,1612.5,10398013
ZENTEC,2026-05-01,1689.9,1671.1,1736.3,1626.4,2104880
ZENTEC,2026-05-08,1484.4,1625.1,1672.2,1466.1,6078051
ZENTEC,2026-05-15,1625.1,1554.9,1676.0,1537.1,2556185
ZENTEC,2026-05-22,1530.1,1593.1,1639.4,1477.0,2279727
ZENTEC,2026-05-29,1619.0,1664.7,1721.7,1593.2,3193653
ZENTEC,2026-06-05,1676.9,1815.3,1885.0,1582.3,8934533
ZENTEC,2026-06-12,1786.0,1793.8,1840.9,1706.7,3996151
ZENTEC,2026-06-19,1828.0,1997.0,2013.5,1766.1,7141555
ZENTEC,2026-06-26,2009.0,1771.2,2024.0,1765.2,2767767
ZENTEC,2026-07-03,1769.8,1746.7,1815.0,1720.8,2750347
ZENTEC,2026-07-10,1758.3,1880.4,1904.0,1758.3,5634432
ZENTEC,2026-07-17,1870.0,1769.7,1870.9,1763.0,1445698
ZYDUSLIFE,2026-01-23,868.1,882.0,897.15,855.95,3338596
ZYDUSLIFE,2026-01-30,890.0,885.3,899.2,879.9,1868555
ZYDUSLIFE,2026-02-06,876.3,888.15,916.85,863.65,2863128
ZYDUSLIFE,2026-02-13,897.45,904.7,933.35,882.0,7288523
ZYDUSLIFE,2026-02-20,905.0,900.75,919.75,898.3,2231941
ZYDUSLIFE,2026-02-27,906.95,921.7,947.55,899.1,3769796
ZYDUSLIFE,2026-03-06,893.65,913.05,919.5,889.0,2718026
ZYDUSLIFE,2026-03-13,888.0,905.9,936.15,885.1,2921150
ZYDUSLIFE,2026-03-20,907.1,890.5,911.9,874.0,2683865
ZYDUSLIFE,2026-03-27,890.45,896.7,914.0,858.0,2604949
ZYDUSLIFE,2026-04-03,885.0,864.25,900.0,835.5,2907508
ZYDUSLIFE,2026-04-10,870.0,915.4,917.0,853.05,3269714
ZYDUSLIFE,2026-04-17,902.7,943.95,948.0,893.4,2181265
ZYDUSLIFE,2026-04-24,945.0,927.4,962.9,921.7,3462673
ZYDUSLIFE,2026-05-01,929.6,891.9,953.9,890.4,4295740
ZYDUSLIFE,2026-05-08,895.0,940.05,953.0,893.15,3426720
ZYDUSLIFE,2026-05-15,940.0,1011.7,1018.8,925.1,8970159
ZYDUSLIFE,2026-05-22,1010.0,1038.95,1093.65,987.85,23892773
ZYDUSLIFE,2026-05-29,1049.8,1077.7,1115.5,1041.5,11008524
ZYDUSLIFE,2026-06-05,1081.0,1089.0,1108.9,1048.9,7312677
ZYDUSLIFE,2026-06-12,1080.1,1104.7,1119.8,1076.2,4328737
ZYDUSLIFE,2026-06-19,1110.0,1070.8,1112.1,1053.8,6892317
ZYDUSLIFE,2026-06-26,1070.5,1101.4,1126.0,1064.6,6207241
ZYDUSLIFE,2026-07-03,1104.7,1140.6,1142.9,1095.1,7128810
ZYDUSLIFE,2026-07-10,1145.0,1150.8,1181.5,1131.6,7866956
ZYDUSLIFE,2026-07-17,1142.9,1143.7,1169.7,1126.6,6896885
ZYDUSWELL,2026-01-23,439.7,418.55,440.0,410.15,745265
ZYDUSWELL,2026-01-30,418.0,448.3,451.9,413.05,587807
ZYDUSWELL,2026-02-06,440.2,388.6,447.0,386.0,1915017
ZYDUSWELL,2026-02-13,388.6,407.3,418.75,386.6,808181
ZYDUSWELL,2026-02-20,407.3,399.25,407.75,394.05,402678
ZYDUSWELL,2026-02-27,400.05,384.9,410.95,378.1,669351
ZYDUSWELL,2026-03-06,367.6,381.2,386.6,367.55,449850
ZYDUSWELL,2026-03-13,374.0,404.25,450.65,367.95,48618616
ZYDUSWELL,2026-03-20,418.0,424.65,439.8,405.0,29327395
ZYDUSWELL,2026-03-27,415.0,446.1,470.0,404.25,2733653
ZYDUSWELL,2026-04-03,442.1,443.05,449.0,420.3,841293
ZYDUSWELL,2026-04-10,447.55,489.75,527.65,447.25,35041938
ZYDUSWELL,2026-04-17,489.0,499.25,552.4,489.0,32354788
ZYDUSWELL,2026-04-24,503.85,490.85,534.35,481.2,5701298
ZYDUSWELL,2026-05-01,481.0,508.55,516.0,477.1,1924057
ZYDUSWELL,2026-05-08,515.0,517.5,523.05,500.1,1740678
ZYDUSWELL,2026-05-15,520.5,502.15,542.0,495.3,3754685
ZYDUSWELL,2026-05-22,502.3,490.4,522.8,483.1,2814978
ZYDUSWELL,2026-05-29,496.0,507.05,512.0,480.0,1601862
ZYDUSWELL,2026-06-05,507.0,504.6,511.65,489.4,1122986
ZYDUSWELL,2026-06-12,503.0,506.0,535.45,486.05,2688839
ZYDUSWELL,2026-06-19,510.0,512.35,516.2,496.5,971144
ZYDUSWELL,2026-06-26,515.0,518.1,545.0,502.85,3076805
ZYDUSWELL,2026-07-03,522.0,598.3,599.9,518.15,21579246
ZYDUSWELL,2026-07-10,599.9,592.45,606.95,553.0,3176235
ZYDUSWELL,2026-07-17,590.0,586.45,608.0,573.25,1666734
