Symbol,Date,Open,Close,High,Low,Volume
ACUTAAS,2026-03-04,2173.0,2104.5,2206.0,2081.0,492017
ACUTAAS,2026-03-05,2130.10009765625,2234.89990234375,2249.0,2130.10009765625,593099
ACUTAAS,2026-03-06,2239.0,2250.699951171875,2297.300048828125,2207.199951171875,364329
ACUTAAS,2026-03-09,2163.5,2154.60009765625,2213.60009765625,2120.800048828125,308050
ACUTAAS,2026-03-10,2201.0,2227.89990234375,2270.0,2168.699951171875,333250
ACUTAAS,2026-03-11,2229.89990234375,2193.0,2259.60009765625,2171.0,303331
ACUTAAS,2026-03-12,2198.300048828125,2187.699951171875,2200.10009765625,2145.0,457626
ACUTAAS,2026-03-13,2150.0,2083.800048828125,2187.699951171875,2071.0,382981
ACUTAAS,2026-03-16,2062.199951171875,2165.0,2175.0,2062.0,548411
ACUTAAS,2026-03-17,2182.0,2302.60009765625,2324.300048828125,2170.0,699144
ACUTAAS,2026-03-18,2300.0,2257.800048828125,2320.199951171875,2250.0,200845
ACUTAAS,2026-03-19,2177.39990234375,2241.300048828125,2294.800048828125,2177.39990234375,314848
ACUTAAS,2026-03-20,2254.89990234375,2399.800048828125,2460.800048828125,2243.10009765625,658530
ACUTAAS,2026-03-23,2361.5,2268.199951171875,2420.0,2244.89990234375,558487
ACUTAAS,2026-03-24,2342.10009765625,2435.300048828125,2496.89990234375,2303.39990234375,1620858
ACUTAAS,2026-03-25,2475.0,2527.300048828125,2580.0,2460.5,661327
ACUTAAS,2026-03-27,2515.199951171875,2545.0,2561.39990234375,2473.39990234375,750071
ACUTAAS,2026-03-30,2515.0,2558.60009765625,2572.0,2496.10009765625,407693
ACUTAAS,2026-04-01,2626.0,2332.10009765625,2634.800048828125,2232.699951171875,1715994
ACUTAAS,2026-04-02,2281.0,2110.199951171875,2281.10009765625,2095.0,1285985
ACUTAAS,2026-04-06,2107.0,2212.39990234375,2248.0,2073.0,1184772
ACUTAAS,2026-04-07,2200.0,2214.0,2263.699951171875,2193.89990234375,307965
ACUTAAS,2026-04-08,2300.0,2335.89990234375,2346.89990234375,2224.0,469141
ACUTAAS,2026-04-09,2336.0,2322.10009765625,2393.89990234375,2300.0,270176
ACUTAAS,2026-04-10,2350.0,2362.199951171875,2394.0,2313.10009765625,296389
ACUTAAS,2026-04-13,2325.0,2393.60009765625,2403.0,2272.60009765625,372043
ACUTAAS,2026-04-15,2440.0,2291.699951171875,2443.0,2280.0,719290
ACUTAAS,2026-04-16,2300.0,2340.39990234375,2357.5,2255.60009765625,386985
ACUTAAS,2026-04-17,2330.0,2361.699951171875,2389.5,2325.39990234375,323387
ACUTAAS,2026-04-20,2362.89990234375,2410.699951171875,2419.0,2338.0,264360
ACUTAAS,2026-04-21,2410.699951171875,2374.39990234375,2468.39990234375,2361.0,246743
ACUTAAS,2026-04-22,2360.0,2423.199951171875,2468.0,2347.39990234375,334784
ACUTAAS,2026-04-23,2419.0,2386.699951171875,2435.0,2379.699951171875,243296
ACUTAAS,2026-04-24,2390.0,2395.0,2424.89990234375,2340.0,351454
ACUTAAS,2026-04-27,2410.0,2494.60009765625,2510.0,2388.39990234375,438160
ACUTAAS,2026-04-28,2500.0,2467.800048828125,2539.60009765625,2460.39990234375,509399
ACUTAAS,2026-04-29,2480.199951171875,2502.39990234375,2520.0,2460.0,254583
ACUTAAS,2026-04-30,2516.300048828125,2594.10009765625,2710.0,2486.0,2668458
ACUTAAS,2026-05-01,2594.10009765625,2594.10009765625,2594.10009765625,2594.10009765625,0
ACUTAAS,2026-05-04,2629.699951171875,2676.39990234375,2693.199951171875,2538.0,1141509
ACUTAAS,2026-05-05,2680.0,2656.699951171875,2720.0,2604.5,558776
ACUTAAS,2026-05-06,2665.0,2685.800048828125,2745.0,2664.0,523243
ACUTAAS,2026-05-07,2699.699951171875,2725.699951171875,2739.0,2640.0,394353
ACUTAAS,2026-05-08,2700.199951171875,2734.300048828125,2759.0,2700.0,268791
ACUTAAS,2026-05-11,2745.0,2810.300048828125,2825.0,2728.5,575357
ACUTAAS,2026-05-12,2810.0,2742.199951171875,2843.10009765625,2720.0,458354
ACUTAAS,2026-05-13,2749.89990234375,2827.800048828125,2849.89990234375,2743.10009765625,363383
ACUTAAS,2026-05-14,2848.89990234375,2726.800048828125,2848.89990234375,2706.5,658946
ACUTAAS,2026-05-15,2740.5,2731.0,2769.89990234375,2702.800048828125,193779
ACUTAAS,2026-05-18,2725.0,2799.10009765625,2818.699951171875,2714.5,352410
ACUTAAS,2026-05-19,2809.10009765625,2886.5,2906.0,2809.0,610355
ACUTAAS,2026-05-20,2870.0,2880.60009765625,2909.800048828125,2849.0,389160
ACUTAAS,2026-05-21,2890.0,3000.39990234375,3025.0,2875.300048828125,825155
ACUTAAS,2026-05-22,2997.0,2951.199951171875,3001.0,2930.0,333925
ACUTAAS,2026-05-25,2920.0,2923.800048828125,2963.300048828125,2864.199951171875,333972
ACUTAAS,2026-05-26,2923.800048828125,3034.800048828125,3069.0,2918.0,530723
ACUTAAS,2026-05-27,3049.0,3000.60009765625,3075.300048828125,2989.0,206974
ACUTAAS,2026-05-28,3000.60009765625,3000.60009765625,3000.60009765625,3000.60009765625,0
ACUTAAS,2026-05-29,3009.89990234375,3132.5,3184.89990234375,2991.0,602384
ACUTAAS,2026-06-01,3176.699951171875,3018.89990234375,3188.10009765625,2995.800048828125,305945
ACUTAAS,2026-06-02,3000.0,3037.60009765625,3059.800048828125,2902.0,430122
ACUTAAS,2026-06-03,3049.0,3135.699951171875,3180.0,3037.699951171875,385864
ACUTAAS,2026-06-04,3136.0,3164.699951171875,3188.0,3115.60009765625,250577
ANGELONE,2026-03-04,222.1999969482422,221.75,223.25,217.52000427246094,5600383
ANGELONE,2026-03-05,223.8000030517578,224.67999267578125,225.8800048828125,220.74000549316406,4622589
ANGELONE,2026-03-06,226.5,219.55999755859375,230.50999450683594,218.1999969482422,9633447
ANGELONE,2026-03-09,215.0,218.9600067138672,219.99000549316406,209.0,8704812
ANGELONE,2026-03-10,222.99000549316406,225.30999755859375,226.5,220.25,4421152
ANGELONE,2026-03-11,226.0500030517578,218.52999877929688,227.6999969482422,217.8000030517578,4391522
ANGELONE,2026-03-12,216.0,213.07000732421875,217.5,212.36000061035156,10674079
ANGELONE,2026-03-13,212.82000732421875,215.5800018310547,218.3800048828125,208.6300048828125,10402529
ANGELONE,2026-03-16,215.5800018310547,216.6300048828125,217.89999389648438,210.6199951171875,9982288
ANGELONE,2026-03-17,218.0,216.97999572753906,221.1999969482422,214.5,10682186
ANGELONE,2026-03-18,217.89999389648438,236.2100067138672,237.89999389648438,217.16000366210938,25414506
ANGELONE,2026-03-19,230.0,232.4199981689453,234.91000366210938,228.00999450683594,9785627
ANGELONE,2026-03-20,235.89999389648438,231.32000732421875,237.8000030517578,230.0,6007983
ANGELONE,2026-03-23,227.0,220.91000366210938,228.60000610351562,218.8000030517578,6295384
ANGELONE,2026-03-24,226.99000549316406,230.44000244140625,231.49000549316406,223.14999389648438,6207473
ANGELONE,2026-03-25,233.5,241.6699981689453,243.8000030517578,233.10000610351562,8880739
ANGELONE,2026-03-27,238.0,235.27000427246094,243.0,233.72000122070312,7528583
ANGELONE,2026-03-30,229.8000030517578,227.52999877929688,234.38999938964844,226.0,6704081
ANGELONE,2026-04-01,238.9600067138672,240.60000610351562,244.4499969482422,238.00999450683594,9009539
ANGELONE,2026-04-02,233.0,240.85000610351562,241.9199981689453,228.4499969482422,7690927
ANGELONE,2026-04-06,241.0,246.0500030517578,246.91000366210938,236.6999969482422,5924466
ANGELONE,2026-04-07,245.0,246.10000610351562,248.0,242.3300018310547,3628752
ANGELONE,2026-04-08,255.0,267.6199951171875,269.0,253.00999450683594,16338003
ANGELONE,2026-04-09,270.0,281.79998779296875,284.20001220703125,265.79998779296875,29671494
ANGELONE,2026-04-10,281.489990234375,280.989990234375,287.8999938964844,279.5400085449219,14403261
ANGELONE,2026-04-13,273.0,280.4599914550781,282.79998779296875,273.0,6934623
ANGELONE,2026-04-15,287.79998779296875,297.760009765625,298.8999938964844,286.1199951171875,21051102
ANGELONE,2026-04-16,299.3500061035156,292.6099853515625,301.5,288.7200012207031,14443355
ANGELONE,2026-04-17,302.0,322.4700012207031,324.3999938964844,297.510009765625,80869288
ANGELONE,2026-04-20,322.6000061035156,319.1600036621094,327.95001220703125,314.20001220703125,23135454
ANGELONE,2026-04-21,319.3500061035156,324.04998779296875,326.6499938964844,318.7300109863281,13064927
ANGELONE,2026-04-22,324.04998779296875,328.5899963378906,330.2300109863281,323.2099914550781,11503789
ANGELONE,2026-04-23,328.0,321.2099914550781,328.0,320.30999755859375,6611292
ANGELONE,2026-04-24,322.80999755859375,314.5199890136719,323.0,309.510009765625,9294838
ANGELONE,2026-04-27,316.8500061035156,318.6400146484375,322.9800109863281,316.5199890136719,5143144
ANGELONE,2026-04-28,318.1499938964844,319.2699890136719,320.42999267578125,316.0,4252695
ANGELONE,2026-04-29,319.2699890136719,313.1000061035156,323.3999938964844,311.7900085449219,4413662
ANGELONE,2026-04-30,311.3599853515625,308.7099914550781,311.54998779296875,306.1199951171875,3939153
ANGELONE,2026-05-01,308.7099914550781,308.7099914550781,308.7099914550781,308.7099914550781,0
ANGELONE,2026-05-04,308.70001220703125,307.70001220703125,313.5,303.95001220703125,5085193
ANGELONE,2026-05-05,307.8999938964844,314.3999938964844,317.5,303.70001220703125,6117395
ANGELONE,2026-05-06,316.75,316.8500061035156,318.6000061035156,310.6000061035156,5077995
ANGELONE,2026-05-07,318.3999938964844,322.6000061035156,324.70001220703125,315.54998779296875,6220705
ANGELONE,2026-05-08,322.0,326.0,334.95001220703125,319.0,12373135
ANGELONE,2026-05-11,323.75,317.20001220703125,326.95001220703125,316.1499938964844,4569661
ANGELONE,2026-05-12,315.6499938964844,299.1000061035156,315.95001220703125,296.95001220703125,8637203
ANGELONE,2026-05-13,300.1000061035156,298.1499938964844,303.3999938964844,297.04998779296875,4043706
ANGELONE,2026-05-14,300.29998779296875,303.70001220703125,306.29998779296875,290.79998779296875,8288598
ANGELONE,2026-05-15,305.29998779296875,306.8500061035156,311.54998779296875,303.1499938964844,6072039
ANGELONE,2026-05-18,302.79998779296875,303.95001220703125,305.0,298.3999938964844,4296924
ANGELONE,2026-05-19,303.95001220703125,328.0,330.0,303.8999938964844,20805019
ANGELONE,2026-05-20,326.3999938964844,325.0,328.54998779296875,321.25,6591462
ANGELONE,2026-05-21,327.79998779296875,339.6499938964844,343.29998779296875,327.0,25211127
ANGELONE,2026-05-22,341.95001220703125,339.3500061035156,345.6499938964844,335.6499938964844,10307977
ANGELONE,2026-05-25,342.0,346.45001220703125,348.70001220703125,342.0,8423076
ANGELONE,2026-05-26,347.0,344.45001220703125,351.0,343.0,6678864
ANGELONE,2026-05-27,345.0,336.95001220703125,350.25,335.04998779296875,6777475
ANGELONE,2026-05-28,336.95001220703125,336.95001220703125,336.95001220703125,336.95001220703125,0
ANGELONE,2026-05-29,338.45001220703125,337.29998779296875,344.0,335.29998779296875,5635640
ANGELONE,2026-06-01,341.0,335.6000061035156,345.54998779296875,334.04998779296875,6444968
ANGELONE,2026-06-02,334.6000061035156,342.6499938964844,344.75,331.8999938964844,6132413
ANGELONE,2026-06-03,343.0,334.75,343.3500061035156,327.6000061035156,6426900
ANGELONE,2026-06-04,334.0,337.70001220703125,343.54998779296875,334.0,6699518
ANURAS,2026-03-04,1200.0,1246.5,1255.0,1162.300048828125,407216
ANURAS,2026-03-05,1248.0,1244.300048828125,1260.0,1234.199951171875,822936
ANURAS,2026-03-06,1251.5,1252.9000244140625,1258.0,1215.0999755859375,277351
ANURAS,2026-03-09,1205.0,1254.4000244140625,1265.0,1203.0,775365
ANURAS,2026-03-10,1264.0,1294.0999755859375,1309.9000244140625,1241.0,495100
ANURAS,2026-03-11,1302.0,1299.0,1349.5,1285.800048828125,517379
ANURAS,2026-03-12,1290.0,1267.0999755859375,1290.300048828125,1261.199951171875,68134
ANURAS,2026-03-13,1260.0,1235.0,1268.800048828125,1223.0999755859375,153141
ANURAS,2026-03-16,1225.5999755859375,1236.5999755859375,1243.9000244140625,1210.0,146263
ANURAS,2026-03-17,1245.0,1236.0999755859375,1251.9000244140625,1226.9000244140625,188822
ANURAS,2026-03-18,1235.0,1240.4000244140625,1276.5999755859375,1230.0999755859375,185767
ANURAS,2026-03-19,1237.199951171875,1243.5,1260.0,1225.5999755859375,122960
ANURAS,2026-03-20,1245.0,1252.5,1272.800048828125,1245.0,180870
ANURAS,2026-03-23,1230.0,1241.800048828125,1248.0,1207.0,153377
ANURAS,2026-03-24,1250.0,1253.199951171875,1259.0,1232.9000244140625,191964
ANURAS,2026-03-25,1253.0,1267.0,1285.800048828125,1253.0,153979
ANURAS,2026-03-27,1255.5,1233.800048828125,1266.9000244140625,1220.199951171875,284931
ANURAS,2026-03-30,1212.300048828125,1230.9000244140625,1248.0,1201.300048828125,156546
ANURAS,2026-04-01,1237.0,1276.4000244140625,1283.0,1232.199951171875,80385
ANURAS,2026-04-02,1251.0999755859375,1265.4000244140625,1270.0,1236.5,231657
ANURAS,2026-04-06,1265.0,1243.5999755859375,1286.9000244140625,1235.0999755859375,125737
ANURAS,2026-04-07,1242.699951171875,1244.0999755859375,1250.4000244140625,1227.5999755859375,61044
ANURAS,2026-04-08,1268.5,1260.800048828125,1274.199951171875,1250.0,235760
ANURAS,2026-04-09,1268.9000244140625,1275.9000244140625,1279.0,1252.300048828125,268062
ANURAS,2026-04-10,1279.0,1286.199951171875,1299.9000244140625,1274.9000244140625,220907
ANURAS,2026-04-13,1271.0,1275.0999755859375,1289.5999755859375,1250.5999755859375,108664
ANURAS,2026-04-15,1282.4000244140625,1287.800048828125,1297.0999755859375,1275.0,356293
ANURAS,2026-04-16,1294.9000244140625,1266.4000244140625,1294.9000244140625,1261.199951171875,77922
ANURAS,2026-04-17,1255.5999755859375,1288.0,1294.5999755859375,1255.5999755859375,208854
ANURAS,2026-04-20,1284.0,1309.0,1325.0,1276.300048828125,190053
ANURAS,2026-04-21,1321.9000244140625,1318.0999755859375,1345.0,1302.300048828125,470341
ANURAS,2026-04-22,1329.9000244140625,1343.300048828125,1348.9000244140625,1315.0999755859375,215193
ANURAS,2026-04-23,1351.0999755859375,1341.0,1384.0,1336.300048828125,492172
ANURAS,2026-04-24,1340.0,1341.0,1354.300048828125,1333.0,97403
ANURAS,2026-04-27,1354.9000244140625,1334.5,1364.4000244140625,1324.199951171875,362864
ANURAS,2026-04-28,1325.5999755859375,1310.0,1345.5999755859375,1303.0,204572
ANURAS,2026-04-29,1317.800048828125,1294.699951171875,1320.0,1287.0,232549
ANURAS,2026-04-30,1300.9000244140625,1343.800048828125,1358.0999755859375,1281.699951171875,537387
ANURAS,2026-05-04,1350.0,1348.0,1368.9000244140625,1334.5999755859375,365997
ANURAS,2026-05-05,1341.5,1359.300048828125,1364.9000244140625,1326.800048828125,276339
ANURAS,2026-05-06,1379.0,1360.4000244140625,1381.300048828125,1350.0,275167
ANURAS,2026-05-07,1360.0,1367.0,1415.0,1329.0,1398344
ANURAS,2026-05-08,1370.0,1372.0999755859375,1382.0,1354.300048828125,482841
ANURAS,2026-05-11,1354.199951171875,1361.0999755859375,1367.0,1341.300048828125,501492
ANURAS,2026-05-12,1365.0,1359.5,1380.800048828125,1351.699951171875,401537
ANURAS,2026-05-13,1372.199951171875,1375.0,1396.0,1360.199951171875,735774
ANURAS,2026-05-14,1390.800048828125,1375.300048828125,1390.800048828125,1365.0,237972
ANURAS,2026-05-15,1365.0999755859375,1376.0,1389.5,1365.0999755859375,196449
ANURAS,2026-05-18,1380.0,1361.0999755859375,1381.800048828125,1342.699951171875,206917
ANURAS,2026-05-19,1378.199951171875,1361.4000244140625,1378.199951171875,1351.199951171875,170546
ANURAS,2026-05-20,1353.5999755859375,1371.5,1382.0,1353.5999755859375,272265
ANURAS,2026-05-21,1372.0,1374.199951171875,1387.800048828125,1360.300048828125,198362
ANURAS,2026-05-22,1387.0,1366.0999755859375,1387.4000244140625,1350.0,389512
ANURAS,2026-05-25,1390.0,1371.0999755859375,1390.0,1341.300048828125,490980
ANURAS,2026-05-26,1374.9000244140625,1370.300048828125,1384.4000244140625,1364.199951171875,297868
ANURAS,2026-05-27,1382.699951171875,1368.0,1384.4000244140625,1351.5,251608
ANURAS,2026-05-28,1368.0,1368.0,1368.0,1368.0,0
ANURAS,2026-05-29,1360.199951171875,1293.9000244140625,1368.0,1265.0,1019264
ANURAS,2026-06-01,1299.800048828125,1328.199951171875,1345.4000244140625,1280.0,316670
ANURAS,2026-06-02,1328.199951171875,1324.9000244140625,1339.9000244140625,1311.199951171875,218422
ANURAS,2026-06-03,1324.9000244140625,1327.199951171875,1337.0,1298.300048828125,275959
ANURAS,2026-06-04,1333.300048828125,1348.199951171875,1353.0,1321.699951171875,206354
APARINDS,2026-03-04,10501.0,10022.0,10526.0,9925.0,178917
APARINDS,2026-03-05,10174.0,10427.0,10505.0,10174.0,126662
APARINDS,2026-03-06,10426.0,10394.0,10693.0,10305.0,91181
APARINDS,2026-03-09,10180.0,10142.0,10197.0,9891.0,64613
APARINDS,2026-03-10,10332.0,9996.0,10400.0,9952.0,73925
APARINDS,2026-03-11,9996.0,9260.0,10099.0,9202.0,143106
APARINDS,2026-03-12,9170.0,9456.0,9548.0,8942.0,152770
APARINDS,2026-03-13,9305.0,8989.0,9332.0,8886.0,150007
APARINDS,2026-03-16,8989.0,9119.0,9231.0,8856.0,80272
APARINDS,2026-03-17,9220.0,9416.0,9555.0,9009.0,138005
APARINDS,2026-03-18,9412.0,9609.0,9719.0,9254.0,114949
APARINDS,2026-03-19,9400.0,9598.0,9730.0,9372.0,76956
APARINDS,2026-03-20,9632.0,9673.0,9841.0,9602.0,80462
APARINDS,2026-03-23,9645.0,9805.0,9851.0,9315.0,110812
APARINDS,2026-03-24,9925.0,9859.0,9955.0,9685.0,83567
APARINDS,2026-03-25,9859.0,10014.0,10185.0,9859.0,75136
APARINDS,2026-03-27,9980.0,10608.0,10798.0,9789.0,312781
APARINDS,2026-03-30,10385.0,9881.0,10450.0,9750.0,147725
APARINDS,2026-04-01,10350.0,9774.5,10350.0,9682.0,175204
APARINDS,2026-04-02,9730.5,9832.0,9960.5,9298.5,114306
APARINDS,2026-04-06,9844.0,9935.0,10026.0,9676.0,62394
APARINDS,2026-04-07,9935.0,10152.0,10304.5,9835.5,84442
APARINDS,2026-04-08,10450.0,10489.0,10569.0,10336.5,75126
APARINDS,2026-04-09,10480.5,10767.0,11115.0,10446.5,195441
APARINDS,2026-04-10,10899.5,11342.0,11439.5,10826.0,168276
APARINDS,2026-04-13,11072.0,11115.0,11329.5,10929.5,122505
APARINDS,2026-04-15,11400.0,11207.0,11431.0,11079.0,111976
APARINDS,2026-04-16,11400.0,11266.5,11488.0,11134.0,171653
APARINDS,2026-04-17,11339.5,11482.0,11779.0,11266.0,204223
APARINDS,2026-04-20,11520.0,11977.0,12065.0,11380.5,183666
APARINDS,2026-04-21,12049.5,11714.0,12327.5,11646.5,139779
APARINDS,2026-04-22,11770.0,11789.0,12049.5,11721.5,118067
APARINDS,2026-04-23,11760.0,11838.0,12238.5,11702.0,160375
APARINDS,2026-04-24,11884.0,11532.0,12009.5,11379.5,94911
APARINDS,2026-04-27,11707.5,12135.0,12195.0,11636.0,133569
APARINDS,2026-04-28,12195.5,11862.0,12320.5,11701.0,110483
APARINDS,2026-04-29,11996.0,12387.5,12485.5,11855.0,181004
APARINDS,2026-04-30,12447.0,12331.0,12850.0,12263.5,191647
APARINDS,2026-05-01,12331.0,12331.0,12331.0,12331.0,0
APARINDS,2026-05-04,12545.0,12442.0,12550.0,12115.0,107890
APARINDS,2026-05-05,12460.0,12794.0,12810.0,12415.0,131933
APARINDS,2026-05-06,12900.0,12384.0,12900.0,12340.0,102133
APARINDS,2026-05-07,12478.0,12801.0,12862.0,12423.0,151696
APARINDS,2026-05-08,12850.0,12810.0,12890.0,12723.0,51050
APARINDS,2026-05-11,12801.0,12843.0,12910.0,12628.0,68820
APARINDS,2026-05-12,12800.0,12459.0,12998.0,12395.0,87962
APARINDS,2026-05-13,12459.0,12424.0,12795.0,12360.0,59813
APARINDS,2026-05-14,12600.0,12735.0,12799.0,12350.0,77388
APARINDS,2026-05-15,12730.0,12650.0,13024.0,12505.0,56782
APARINDS,2026-05-18,12571.0,12154.0,12571.0,11911.0,116704
APARINDS,2026-05-19,12220.0,12327.0,12393.0,11864.0,82373
APARINDS,2026-05-20,12150.0,12676.0,12748.0,12141.0,77431
APARINDS,2026-05-21,12726.0,12855.0,12888.0,12591.0,67277
APARINDS,2026-05-22,12910.0,12782.0,13149.0,12725.0,67964
APARINDS,2026-05-25,12832.0,12480.0,13079.0,12412.0,93225
APARINDS,2026-05-26,12480.0,12536.0,12780.0,12460.0,73038
APARINDS,2026-05-27,12548.0,13426.0,13580.0,12545.0,241856
APARINDS,2026-05-28,13426.0,13426.0,13426.0,13426.0,0
APARINDS,2026-05-29,13500.0,13118.0,13500.0,12760.0,338022
APARINDS,2026-06-01,13120.0,12801.0,13299.0,12578.0,129624
APARINDS,2026-06-02,12801.0,13270.0,13325.0,12511.0,128084
APARINDS,2026-06-03,13270.0,13538.0,14080.0,13270.0,231576
APARINDS,2026-06-04,13570.0,13709.0,13825.0,13428.0,159520
APOLLO,2026-03-04,209.0,212.0399932861328,217.47000122070312,203.27999877929688,10816404
APOLLO,2026-03-05,216.39999389648438,214.60000610351562,219.39999389648438,213.1999969482422,6147241
APOLLO,2026-03-06,216.3000030517578,220.27000427246094,227.6999969482422,214.63999938964844,7726681
APOLLO,2026-03-09,218.0,209.6999969482422,218.8300018310547,208.0,4614758
APOLLO,2026-03-10,214.88999938964844,217.6699981689453,219.75,209.72000122070312,6522311
APOLLO,2026-03-11,218.0,212.66000366210938,223.50999450683594,210.8000030517578,4085205
APOLLO,2026-03-12,210.99000549316406,210.83999633789062,212.89999389648438,204.64999389648438,5050945
APOLLO,2026-03-13,208.0,200.6699981689453,209.5500030517578,199.57000732421875,4400391
APOLLO,2026-03-16,200.6699981689453,194.8699951171875,203.88999938964844,193.5,7275327
APOLLO,2026-03-17,196.0,202.10000610351562,203.3000030517578,196.0,8656605
APOLLO,2026-03-18,204.0,206.2899932861328,207.0,201.22000122070312,6102802
APOLLO,2026-03-19,200.0,196.3699951171875,203.0,195.61000061035156,4431627
APOLLO,2026-03-20,198.41000366210938,198.6300048828125,202.97999572753906,196.5,4079398
APOLLO,2026-03-23,195.5,188.72000122070312,195.5,185.77999877929688,5339620
APOLLO,2026-03-24,192.99000549316406,199.72999572753906,201.75,191.5,6923872
APOLLO,2026-03-25,201.5,197.6699981689453,204.4499969482422,195.89999389648438,5114900
APOLLO,2026-03-27,197.07000732421875,189.49000549316406,197.07000732421875,187.52999877929688,10347073
APOLLO,2026-03-30,187.0,182.16000366210938,196.5,179.5,6927611
APOLLO,2026-04-01,193.0,195.77000427246094,200.3699951171875,190.22000122070312,8336691
APOLLO,2026-04-02,190.00999450683594,197.1300048828125,198.50999450683594,189.39999389648438,4367296
APOLLO,2026-04-06,197.1300048828125,199.86000061035156,201.75,191.27999877929688,5609864
APOLLO,2026-04-07,198.0,198.02000427246094,201.3000030517578,196.4499969482422,2806774
APOLLO,2026-04-08,210.0800018310547,208.0500030517578,211.5,205.00999450683594,6422270
APOLLO,2026-04-09,208.0500030517578,232.52000427246094,238.89999389648438,207.11000061035156,50987271
APOLLO,2026-04-10,235.0,237.57000732421875,244.0,235.0,22157166
APOLLO,2026-04-13,229.00999450683594,232.47000122070312,235.69000244140625,227.69000244140625,7652318
APOLLO,2026-04-15,236.99000549316406,235.5800018310547,240.8000030517578,235.0,4652182
APOLLO,2026-04-16,238.0,242.1699981689453,250.0,237.94000244140625,10095853
APOLLO,2026-04-17,244.4499969482422,282.8999938964844,287.0,243.39999389648438,53344279
APOLLO,2026-04-20,287.0,289.2900085449219,299.6000061035156,278.44000244140625,38761214
APOLLO,2026-04-21,289.95001220703125,286.92999267578125,292.989990234375,283.1199951171875,14120772
APOLLO,2026-04-22,285.0,287.25,296.5400085449219,284.20001220703125,9161435
APOLLO,2026-04-23,287.0,290.9599914550781,299.0,270.6000061035156,18319393
APOLLO,2026-04-24,293.0,283.8999938964844,296.6000061035156,281.20001220703125,8202914
APOLLO,2026-04-27,285.0,301.19000244140625,307.29998779296875,282.0,26167705
APOLLO,2026-04-28,302.0,305.8999938964844,312.3399963378906,298.25,13974840
APOLLO,2026-04-29,307.3999938964844,296.3599853515625,312.0,291.92999267578125,9430901
APOLLO,2026-04-30,295.0,297.1099853515625,300.989990234375,290.6199951171875,6447222
APOLLO,2026-05-01,297.1099853515625,297.1099853515625,297.1099853515625,297.1099853515625,0
APOLLO,2026-05-04,299.95001220703125,295.6000061035156,302.1000061035156,287.45001220703125,5250657
APOLLO,2026-05-05,295.0,308.04998779296875,310.6499938964844,294.3500061035156,13168729
APOLLO,2026-05-06,310.0,312.75,320.0,308.0,11618016
APOLLO,2026-05-07,314.8999938964844,314.54998779296875,315.6000061035156,307.04998779296875,5992021
APOLLO,2026-05-08,313.1499938964844,324.8500061035156,337.79998779296875,313.1499938964844,19953918
APOLLO,2026-05-11,324.95001220703125,317.70001220703125,327.3999938964844,315.20001220703125,6678648
APOLLO,2026-05-12,316.3500061035156,294.8500061035156,318.3999938964844,292.6499938964844,10603247
APOLLO,2026-05-13,295.0,304.3500061035156,308.8999938964844,294.5,6879952
APOLLO,2026-05-14,307.3999938964844,305.54998779296875,309.5,297.04998779296875,5530323
APOLLO,2026-05-15,306.75,294.54998779296875,307.6499938964844,290.6000061035156,5153332
APOLLO,2026-05-18,294.54998779296875,311.0,320.3500061035156,283.25,13102842
APOLLO,2026-05-19,326.79998779296875,340.70001220703125,357.70001220703125,317.79998779296875,114856385
APOLLO,2026-05-20,340.75,356.70001220703125,369.3999938964844,340.75,73859367
APOLLO,2026-05-21,362.5,358.6000061035156,377.70001220703125,353.0,53090161
APOLLO,2026-05-22,358.54998779296875,355.04998779296875,361.8500061035156,347.6000061035156,24623537
APOLLO,2026-05-25,360.0,408.20001220703125,419.79998779296875,360.0,89965101
APOLLO,2026-05-26,409.5,412.1000061035156,428.70001220703125,403.29998779296875,67331319
APOLLO,2026-05-27,412.8999938964844,417.8500061035156,433.79998779296875,408.04998779296875,44512706
APOLLO,2026-05-28,417.8500061035156,417.8500061035156,417.8500061035156,417.8500061035156,0
APOLLO,2026-05-29,419.3999938964844,409.0,421.6000061035156,403.0,19000777
APOLLO,2026-06-01,410.54998779296875,404.1499938964844,429.79998779296875,398.70001220703125,31964502
APOLLO,2026-06-02,402.8500061035156,437.0,442.0,401.45001220703125,42775590
APOLLO,2026-06-03,441.0,407.54998779296875,446.8999938964844,402.5,42624969
APOLLO,2026-06-04,411.0,419.20001220703125,424.54998779296875,408.1000061035156,30125129
ASTRAMICRO,2026-03-04,992.1500244140625,995.5499877929688,1000.0,976.0,557399
ASTRAMICRO,2026-03-05,999.0,1030.4000244140625,1039.0,999.0,1218793
ASTRAMICRO,2026-03-06,1035.0,1038.050048828125,1055.0,1030.949951171875,634438
ASTRAMICRO,2026-03-09,1038.0999755859375,1007.7999877929688,1042.050048828125,990.9000244140625,697917
ASTRAMICRO,2026-03-10,1021.7999877929688,1031.4000244140625,1038.0,1015.7000122070312,599504
ASTRAMICRO,2026-03-11,1040.0,1029.25,1058.949951171875,1025.0,262988
ASTRAMICRO,2026-03-12,1025.0,1034.4000244140625,1045.300048828125,1001.5,226990
ASTRAMICRO,2026-03-13,1040.0,978.5999755859375,1042.6500244140625,975.0,321485
ASTRAMICRO,2026-03-16,973.9500122070312,954.0999755859375,985.8499755859375,948.4000244140625,282824
ASTRAMICRO,2026-03-17,960.5,964.4500122070312,975.0,956.5999755859375,166294
ASTRAMICRO,2026-03-18,960.0,946.0499877929688,963.0,938.2000122070312,413726
ASTRAMICRO,2026-03-19,928.0499877929688,908.6500244140625,936.0,901.9000244140625,162000
ASTRAMICRO,2026-03-20,921.9000244140625,890.7999877929688,931.4500122070312,884.4000244140625,202120
ASTRAMICRO,2026-03-23,873.0,892.25,915.0,872.9500122070312,636013
ASTRAMICRO,2026-03-24,908.0,913.3499755859375,919.9000244140625,872.3499755859375,327035
ASTRAMICRO,2026-03-25,919.9500122070312,917.7000122070312,927.9000244140625,911.25,332120
ASTRAMICRO,2026-03-27,917.7000122070312,879.2000122070312,917.7000122070312,875.0,522106
ASTRAMICRO,2026-03-30,870.0,855.7000122070312,910.0,851.0,541613
ASTRAMICRO,2026-04-01,880.0,897.1500244140625,924.0,870.0,530141
ASTRAMICRO,2026-04-02,897.0,952.6500244140625,961.7999877929688,872.5499877929688,850462
ASTRAMICRO,2026-04-06,957.3499755859375,943.9500122070312,959.9000244140625,916.0499877929688,474301
ASTRAMICRO,2026-04-07,945.0,996.9000244140625,1000.0,938.0,742709
ASTRAMICRO,2026-04-08,1018.0,1008.0,1040.0,999.8499755859375,727321
ASTRAMICRO,2026-04-09,1016.5,1011.0499877929688,1035.3499755859375,1006.9000244140625,420119
ASTRAMICRO,2026-04-10,1020.0,1015.6500244140625,1031.5999755859375,1011.0,226143
ASTRAMICRO,2026-04-13,990.0,1019.25,1029.0,981.2000122070312,201091
ASTRAMICRO,2026-04-15,1034.0,1032.5,1041.75,1026.4000244140625,206003
ASTRAMICRO,2026-04-16,1039.0,1074.699951171875,1080.0,1034.3499755859375,827283
ASTRAMICRO,2026-04-17,1083.0,1093.449951171875,1099.0,1071.0,627157
ASTRAMICRO,2026-04-20,1089.0999755859375,1064.550048828125,1093.25,1055.800048828125,286258
ASTRAMICRO,2026-04-21,1064.4000244140625,1111.0999755859375,1115.5,1062.0,789726
ASTRAMICRO,2026-04-22,1119.699951171875,1129.75,1135.0,1111.5,458961
ASTRAMICRO,2026-04-23,1131.050048828125,1135.550048828125,1142.75,1095.0,471977
ASTRAMICRO,2026-04-24,1145.0,1123.75,1146.0,1108.199951171875,282589
ASTRAMICRO,2026-04-27,1134.9000244140625,1138.3499755859375,1149.0,1129.6500244140625,284124
ASTRAMICRO,2026-04-28,1140.0,1096.300048828125,1141.949951171875,1092.0,256845
ASTRAMICRO,2026-04-29,1103.0,1108.25,1119.25,1082.699951171875,286873
ASTRAMICRO,2026-04-30,1102.75,1125.199951171875,1132.800048828125,1085.050048828125,255563
ASTRAMICRO,2026-05-01,1125.199951171875,1125.199951171875,1125.199951171875,1125.199951171875,0
ASTRAMICRO,2026-05-04,1134.0,1110.699951171875,1140.0,1102.9000244140625,220861
ASTRAMICRO,2026-05-05,1111.699951171875,1104.0999755859375,1129.0,1099.5,232560
ASTRAMICRO,2026-05-06,1096.0,1088.199951171875,1110.199951171875,1079.699951171875,452109
ASTRAMICRO,2026-05-07,1092.0,1162.5,1168.800048828125,1088.4000244140625,975489
ASTRAMICRO,2026-05-08,1170.0,1147.4000244140625,1179.0,1142.199951171875,534180
ASTRAMICRO,2026-05-11,1145.0,1135.199951171875,1174.0,1126.0,516039
ASTRAMICRO,2026-05-12,1130.0,1108.699951171875,1150.5,1104.5,420897
ASTRAMICRO,2026-05-13,1101.0,1111.199951171875,1137.9000244140625,1101.0,193465
ASTRAMICRO,2026-05-14,1124.4000244140625,1112.0,1133.5999755859375,1097.0,181464
ASTRAMICRO,2026-05-15,1118.0,1106.5999755859375,1129.800048828125,1101.0,138749
ASTRAMICRO,2026-05-18,1106.5999755859375,1087.199951171875,1113.9000244140625,1074.0,196833
ASTRAMICRO,2026-05-19,1087.0999755859375,1092.699951171875,1110.0,1083.0,136976
ASTRAMICRO,2026-05-20,1084.5999755859375,1154.0999755859375,1158.800048828125,1070.0999755859375,697656
ASTRAMICRO,2026-05-21,1160.0,1184.5,1189.0,1150.0,604898
ASTRAMICRO,2026-05-22,1187.0,1174.9000244140625,1199.0,1165.0,425536
ASTRAMICRO,2026-05-25,1190.0,1235.5999755859375,1254.0,1187.199951171875,1924065
ASTRAMICRO,2026-05-26,1244.0,1357.0,1389.699951171875,1216.5999755859375,10704585
ASTRAMICRO,2026-05-27,1374.0,1397.4000244140625,1432.0,1360.699951171875,5233365
ASTRAMICRO,2026-05-28,1397.4000244140625,1397.4000244140625,1397.4000244140625,1397.4000244140625,0
ASTRAMICRO,2026-05-29,1395.199951171875,1401.699951171875,1433.0,1380.0,1614132
ASTRAMICRO,2026-06-01,1415.4000244140625,1316.199951171875,1422.5999755859375,1301.0,1418410
ASTRAMICRO,2026-06-02,1314.0,1323.800048828125,1367.5,1300.199951171875,762930
ASTRAMICRO,2026-06-03,1315.0,1323.699951171875,1352.699951171875,1296.300048828125,511436
ASTRAMICRO,2026-06-04,1329.0,1377.699951171875,1400.0,1316.0,1209521
AUROPHARMA,2026-03-04,1201.0,1195.4000244140625,1202.9000244140625,1179.800048828125,909693
AUROPHARMA,2026-03-05,1198.0,1225.5,1230.699951171875,1198.0,900601
AUROPHARMA,2026-03-06,1224.9000244140625,1231.9000244140625,1244.699951171875,1215.0999755859375,804367
AUROPHARMA,2026-03-09,1202.300048828125,1247.300048828125,1251.800048828125,1182.0999755859375,2180013
AUROPHARMA,2026-03-10,1260.0,1285.9000244140625,1291.800048828125,1249.0,2197827
AUROPHARMA,2026-03-11,1291.0,1304.800048828125,1318.5,1290.0,2541782
AUROPHARMA,2026-03-12,1308.0,1311.9000244140625,1319.800048828125,1289.4000244140625,2110239
AUROPHARMA,2026-03-13,1304.300048828125,1296.5,1317.800048828125,1288.0999755859375,1634716
AUROPHARMA,2026-03-16,1302.0,1279.5999755859375,1314.0,1265.800048828125,1436685
AUROPHARMA,2026-03-17,1284.9000244140625,1286.0,1295.0,1275.0999755859375,635152
AUROPHARMA,2026-03-18,1278.0,1269.0,1290.5,1265.300048828125,1700454
AUROPHARMA,2026-03-19,1255.0,1247.5,1269.0,1240.0,816613
AUROPHARMA,2026-03-20,1262.0,1291.4000244140625,1297.800048828125,1258.300048828125,1395687
AUROPHARMA,2026-03-23,1291.5999755859375,1278.699951171875,1299.0,1268.300048828125,1758274
AUROPHARMA,2026-03-24,1303.0,1281.5999755859375,1310.0,1255.4000244140625,1769183
AUROPHARMA,2026-03-25,1290.4000244140625,1307.800048828125,1330.0,1282.0999755859375,1891714
AUROPHARMA,2026-03-27,1307.800048828125,1314.199951171875,1327.0,1296.0,1923752
AUROPHARMA,2026-03-30,1300.0,1304.4000244140625,1320.0,1298.0999755859375,2474751
AUROPHARMA,2026-04-01,1332.199951171875,1342.0999755859375,1359.9000244140625,1325.9000244140625,2595497
AUROPHARMA,2026-04-02,1335.5,1333.699951171875,1338.9000244140625,1266.0999755859375,1870240
AUROPHARMA,2026-04-06,1344.0,1340.4000244140625,1357.9000244140625,1318.5,1519668
AUROPHARMA,2026-04-07,1345.0,1330.0,1357.5,1316.0,1557945
AUROPHARMA,2026-04-08,1362.699951171875,1335.699951171875,1363.0,1316.800048828125,3256118
AUROPHARMA,2026-04-09,1335.0,1340.4000244140625,1346.699951171875,1321.5999755859375,938616
AUROPHARMA,2026-04-10,1345.0,1349.4000244140625,1355.0,1336.800048828125,907020
AUROPHARMA,2026-04-13,1340.0,1339.800048828125,1353.0,1333.0,1378435
AUROPHARMA,2026-04-15,1350.0,1373.9000244140625,1379.199951171875,1345.800048828125,1829958
AUROPHARMA,2026-04-16,1389.9000244140625,1386.5,1389.9000244140625,1368.0,2253671
AUROPHARMA,2026-04-17,1388.9000244140625,1386.0,1394.9000244140625,1375.300048828125,1612415
AUROPHARMA,2026-04-20,1392.0,1367.800048828125,1392.0,1363.5,707108
AUROPHARMA,2026-04-21,1368.9000244140625,1391.699951171875,1401.0999755859375,1367.0999755859375,1362848
AUROPHARMA,2026-04-22,1389.5,1421.199951171875,1425.0999755859375,1382.4000244140625,1703571
AUROPHARMA,2026-04-23,1420.0,1435.4000244140625,1459.5,1409.0999755859375,2238307
AUROPHARMA,2026-04-24,1436.9000244140625,1413.800048828125,1446.0,1411.699951171875,967660
AUROPHARMA,2026-04-27,1414.9000244140625,1416.699951171875,1433.4000244140625,1386.5999755859375,998030
AUROPHARMA,2026-04-28,1415.0,1422.5999755859375,1430.0,1410.300048828125,847634
AUROPHARMA,2026-04-29,1425.9000244140625,1396.800048828125,1433.0,1389.300048828125,1738923
AUROPHARMA,2026-04-30,1392.0,1389.5,1404.0,1378.5999755859375,606347
AUROPHARMA,2026-05-01,1389.5,1389.5,1389.5,1389.5,0
AUROPHARMA,2026-05-04,1398.0,1376.0,1398.0,1367.0999755859375,777740
AUROPHARMA,2026-05-05,1373.9000244140625,1428.0999755859375,1431.0,1367.0,1811658
AUROPHARMA,2026-05-06,1431.0,1484.0,1489.699951171875,1426.0999755859375,2420846
AUROPHARMA,2026-05-07,1475.0999755859375,1478.699951171875,1498.5,1469.300048828125,1228324
AUROPHARMA,2026-05-08,1485.0,1487.300048828125,1513.4000244140625,1480.0999755859375,1018078
AUROPHARMA,2026-05-11,1487.300048828125,1486.5999755859375,1505.5,1477.4000244140625,925400
AUROPHARMA,2026-05-12,1486.5999755859375,1488.199951171875,1504.0,1478.5999755859375,1343339
AUROPHARMA,2026-05-13,1490.0,1497.5,1509.800048828125,1483.5999755859375,1821805
AUROPHARMA,2026-05-14,1504.4000244140625,1510.9000244140625,1525.9000244140625,1497.0,1206993
AUROPHARMA,2026-05-15,1519.0,1511.800048828125,1528.0,1503.300048828125,707047
AUROPHARMA,2026-05-18,1514.300048828125,1500.5,1525.0,1491.5999755859375,939496
AUROPHARMA,2026-05-19,1500.5,1512.800048828125,1530.0,1499.800048828125,1538969
AUROPHARMA,2026-05-20,1510.0999755859375,1517.5,1539.0,1505.0999755859375,1068558
AUROPHARMA,2026-05-21,1523.0,1546.699951171875,1550.0,1515.5,1013775
AUROPHARMA,2026-05-22,1520.0,1463.5,1520.0,1445.800048828125,3038819
AUROPHARMA,2026-05-25,1455.199951171875,1454.5999755859375,1465.0,1428.0,2684468
AUROPHARMA,2026-05-26,1450.0,1461.199951171875,1467.800048828125,1449.300048828125,950593
AUROPHARMA,2026-05-27,1463.0,1435.9000244140625,1473.0,1428.5,791921
AUROPHARMA,2026-05-28,1435.9000244140625,1435.9000244140625,1435.9000244140625,1435.9000244140625,0
AUROPHARMA,2026-05-29,1435.9000244140625,1426.4000244140625,1453.4000244140625,1411.0,2434944
AUROPHARMA,2026-06-01,1426.4000244140625,1433.699951171875,1449.9000244140625,1421.0,1385493
AUROPHARMA,2026-06-02,1436.9000244140625,1429.199951171875,1446.5,1415.0999755859375,1066247
AUROPHARMA,2026-06-03,1432.5,1440.4000244140625,1458.0,1419.199951171875,969156
AUROPHARMA,2026-06-04,1442.0999755859375,1463.5999755859375,1482.0,1431.5999755859375,931335
AUTOIETF,2026-03-04,27.950000762939453,27.690000534057617,27.950000762939453,27.399999618530273,675248
AUTOIETF,2026-03-05,27.90999984741211,28.200000762939453,28.299999237060547,27.709999084472656,395265
AUTOIETF,2026-03-09,27.760000228881836,26.709999084472656,27.760000228881836,26.459999084472656,1531951
AUTOIETF,2026-03-10,27.3700008392334,27.56999969482422,27.639999389648438,26.959999084472656,451505
AUTOIETF,2026-03-11,28.25,26.6200008392334,28.25,26.59000015258789,4398913
AUTOIETF,2026-03-12,26.510000228881836,25.850000381469727,26.559999465942383,25.809999465942383,1479864
AUTOIETF,2026-03-13,25.5,24.950000762939453,25.850000381469727,24.850000381469727,1551883
AUTOIETF,2026-03-16,25.56999969482422,25.31999969482422,25.56999969482422,24.549999237060547,1094979
AUTOIETF,2026-03-17,25.3700008392334,25.8700008392334,25.950000762939453,25.260000228881836,899087
AUTOIETF,2026-03-18,26.010000228881836,26.3700008392334,26.479999542236328,26.010000228881836,1024123
AUTOIETF,2026-03-19,26.3700008392334,25.399999618530273,26.3700008392334,25.1200008392334,1026257
AUTOIETF,2026-03-20,25.5,25.510000228881836,25.719999313354492,25.3700008392334,602494
AUTOIETF,2026-03-23,25.239999771118164,24.65999984741211,25.239999771118164,24.600000381469727,953592
AUTOIETF,2026-03-24,24.670000076293945,25.280000686645508,25.5,24.670000076293945,948014
AUTOIETF,2026-03-25,25.489999771118164,25.809999465942383,26.030000686645508,25.489999771118164,648880
AUTOIETF,2026-03-27,25.709999084472656,25.06999969482422,25.709999084472656,25.010000228881836,629879
AUTOIETF,2026-03-30,24.8799991607666,24.5,24.8799991607666,24.43000030517578,795108
AUTOIETF,2026-04-01,24.639999389648438,25.0,25.440000534057617,24.6299991607666,565211
AUTOIETF,2026-04-02,25.0,24.8700008392334,25.0,24.200000762939453,810990
AUTOIETF,2026-04-06,25.489999771118164,25.079999923706055,25.489999771118164,24.610000610351562,680049
AUTOIETF,2026-04-07,24.950000762939453,25.110000610351562,25.170000076293945,24.59000015258789,763744
AUTOIETF,2026-04-08,25.5,26.739999771118164,26.850000381469727,25.5,1988504
AUTOIETF,2026-04-09,27.040000915527344,26.6299991607666,27.040000915527344,26.3700008392334,703011
AUTOIETF,2026-04-10,26.8700008392334,27.420000076293945,27.459999084472656,26.75,992074
AUTOIETF,2026-04-13,27.420000076293945,26.889999389648438,27.420000076293945,26.65999984741211,1277371
AUTOIETF,2026-04-15,26.899999618530273,27.280000686645508,27.5,26.899999618530273,691963
AUTOIETF,2026-04-16,27.559999465942383,27.18000030517578,27.559999465942383,27.049999237060547,531664
AUTOIETF,2026-04-17,27.229999542236328,27.229999542236328,27.3799991607666,26.950000762939453,536706
AUTOIETF,2026-04-20,27.90999984741211,27.270000457763672,27.90999984741211,26.959999084472656,440647
AUTOIETF,2026-04-21,27.270000457763672,27.450000762939453,27.559999465942383,26.579999923706055,1580371
AUTOIETF,2026-04-22,27.450000762939453,27.280000686645508,27.540000915527344,27.229999542236328,726931
AUTOIETF,2026-04-23,27.280000686645508,26.6299991607666,27.309999465942383,26.520000457763672,1395106
AUTOIETF,2026-04-24,26.6200008392334,26.459999084472656,26.799999237060547,26.34000015258789,774377
AUTOIETF,2026-04-27,26.68000030517578,26.850000381469727,26.90999984741211,26.540000915527344,610461
AUTOIETF,2026-04-28,26.170000076293945,26.59000015258789,27.520000457763672,26.170000076293945,349583
AUTOIETF,2026-04-29,27.25,26.809999465942383,27.260000228881836,26.670000076293945,1153445
AUTOIETF,2026-04-30,27.479999542236328,26.6299991607666,27.479999542236328,26.229999542236328,915047
AUTOIETF,2026-05-01,26.6299991607666,26.6299991607666,26.6299991607666,26.6299991607666,0
AUTOIETF,2026-05-04,26.6299991607666,26.799999237060547,27.239999771118164,26.479999542236328,718153
AUTOIETF,2026-05-05,26.989999771118164,26.969999313354492,27.0,26.600000381469727,340860
AUTOIETF,2026-05-06,27.31999969482422,27.559999465942383,27.600000381469727,27.049999237060547,1169466
AUTOIETF,2026-05-07,27.549999237060547,28.079999923706055,28.290000915527344,27.549999237060547,2771165
AUTOIETF,2026-05-08,27.93000030517578,28.010000228881836,28.139999389648438,27.81999969482422,448345
AUTOIETF,2026-05-11,27.760000228881836,27.520000457763672,27.860000610351562,27.43000030517578,537194
AUTOIETF,2026-05-12,27.520000457763672,26.889999389648438,27.56999969482422,26.81999969482422,651733
AUTOIETF,2026-05-13,27.010000228881836,26.700000762939453,27.040000915527344,26.6200008392334,1787810
AUTOIETF,2026-05-14,26.969999313354492,26.860000610351562,26.969999313354492,26.399999618530273,650203
AUTOIETF,2026-05-15,27.0,26.860000610351562,27.18000030517578,26.770000457763672,3573986
AUTOIETF,2026-05-18,26.860000610351562,26.40999984741211,26.860000610351562,26.280000686645508,2207949
AUTOIETF,2026-05-19,26.549999237060547,26.510000228881836,26.75,26.299999237060547,2210170
AUTOIETF,2026-05-20,26.110000610351562,26.719999313354492,26.84000015258789,26.100000381469727,401089
AUTOIETF,2026-05-21,27.260000228881836,26.799999237060547,27.260000228881836,26.700000762939453,259737
AUTOIETF,2026-05-22,26.1299991607666,26.809999465942383,26.989999771118164,26.1299991607666,208192
AUTOIETF,2026-05-25,26.959999084472656,27.239999771118164,27.450000762939453,26.959999084472656,456468
AUTOIETF,2026-05-26,27.229999542236328,27.260000228881836,27.40999984741211,27.110000610351562,311266
AUTOIETF,2026-05-27,27.34000015258789,27.670000076293945,27.770000457763672,27.25,1884499
AUTOIETF,2026-05-28,27.670000076293945,27.670000076293945,27.670000076293945,27.670000076293945,0
AUTOIETF,2026-05-29,27.670000076293945,27.15999984741211,27.860000610351562,27.049999237060547,809954
AUTOIETF,2026-06-01,27.479999542236328,26.739999771118164,27.479999542236328,26.65999984741211,544909
AUTOIETF,2026-06-02,26.56999969482422,26.920000076293945,26.959999084472656,26.420000076293945,2158645
AUTOIETF,2026-06-03,26.93000030517578,26.920000076293945,27.059999465942383,26.709999084472656,700588
AUTOIETF,2026-06-04,26.239999771118164,,27.299999237060547,26.239999771118164,433399
BHARATFORG,2026-03-04,1870.0,1841.800048828125,1870.0,1810.4000244140625,1688493
BHARATFORG,2026-03-05,1900.0,1898.4000244140625,1918.0,1859.9000244140625,3038129
BHARATFORG,2026-03-06,1894.9000244140625,1923.9000244140625,1935.5,1879.9000244140625,1711572
BHARATFORG,2026-03-09,1909.199951171875,1862.300048828125,1909.199951171875,1809.9000244140625,1166675
BHARATFORG,2026-03-10,1885.0,1842.199951171875,1886.5,1827.0999755859375,959909
BHARATFORG,2026-03-11,1849.699951171875,1797.0999755859375,1862.800048828125,1793.0,807896
BHARATFORG,2026-03-12,1789.9000244140625,1779.5999755859375,1792.4000244140625,1720.0,1253973
BHARATFORG,2026-03-13,1764.0,1675.0999755859375,1775.5,1666.0999755859375,1361265
BHARATFORG,2026-03-16,1675.0999755859375,1697.0,1717.4000244140625,1650.0,905203
BHARATFORG,2026-03-17,1708.0,1746.0,1755.0,1691.199951171875,1099383
BHARATFORG,2026-03-18,1760.0,1804.4000244140625,1812.0,1760.0,2118929
BHARATFORG,2026-03-19,1760.199951171875,1712.4000244140625,1773.0,1701.0,874537
BHARATFORG,2026-03-20,1718.0,1711.5,1757.9000244140625,1706.300048828125,939720
BHARATFORG,2026-03-23,1700.0,1648.5999755859375,1700.0,1634.0,1394239
BHARATFORG,2026-03-24,1700.0,1708.800048828125,1724.4000244140625,1649.4000244140625,1227249
BHARATFORG,2026-03-25,1738.5,1736.5,1751.4000244140625,1720.0,1733055
BHARATFORG,2026-03-27,1721.0,1725.0999755859375,1739.0,1684.300048828125,2212093
BHARATFORG,2026-03-30,1690.0,1674.5999755859375,1707.800048828125,1653.699951171875,1836256
BHARATFORG,2026-04-01,1710.0,1668.4000244140625,1730.5,1661.699951171875,957975
BHARATFORG,2026-04-02,1644.699951171875,1642.5999755859375,1657.4000244140625,1613.4000244140625,1002002
BHARATFORG,2026-04-06,1637.0,1670.5999755859375,1680.0,1616.5999755859375,1211548
BHARATFORG,2026-04-07,1667.9000244140625,1671.300048828125,1675.5999755859375,1610.199951171875,1247449
BHARATFORG,2026-04-08,1716.5,1781.4000244140625,1791.4000244140625,1716.5,1961222
BHARATFORG,2026-04-09,1778.0,1739.4000244140625,1781.0,1724.0999755859375,1861562
BHARATFORG,2026-04-10,1751.0,1798.800048828125,1805.0,1751.0,1462504
BHARATFORG,2026-04-13,1770.0,1801.300048828125,1822.5,1739.199951171875,1138866
BHARATFORG,2026-04-15,1830.0,1831.5999755859375,1849.300048828125,1811.5,1709299
BHARATFORG,2026-04-16,1847.9000244140625,1855.800048828125,1860.0,1830.0,1279566
BHARATFORG,2026-04-17,1855.800048828125,1860.5,1876.0,1821.0,1036045
BHARATFORG,2026-04-20,1864.0,1866.199951171875,1881.9000244140625,1831.699951171875,742005
BHARATFORG,2026-04-21,1875.0,1895.800048828125,1915.0,1873.0,971441
BHARATFORG,2026-04-22,1888.0999755859375,1903.199951171875,1925.0,1888.0999755859375,1054785
BHARATFORG,2026-04-23,1899.0,1874.0999755859375,1912.4000244140625,1846.4000244140625,1398269
BHARATFORG,2026-04-24,1884.0,1856.0,1892.0999755859375,1836.0,680205
BHARATFORG,2026-04-27,1865.4000244140625,1901.0999755859375,1919.4000244140625,1865.4000244140625,890710
BHARATFORG,2026-04-28,1910.0,1894.800048828125,1915.0,1890.0,546155
BHARATFORG,2026-04-29,1905.699951171875,1907.800048828125,1949.9000244140625,1897.199951171875,1752427
BHARATFORG,2026-04-30,1904.0999755859375,1881.5999755859375,1906.5,1846.699951171875,2076179
BHARATFORG,2026-05-01,1881.5999755859375,1881.5999755859375,1881.5999755859375,1881.5999755859375,0
BHARATFORG,2026-05-04,1912.300048828125,1845.800048828125,1916.0999755859375,1837.5,1030440
BHARATFORG,2026-05-05,1845.800048828125,1866.5999755859375,1878.300048828125,1818.300048828125,1019363
BHARATFORG,2026-05-06,1885.0,1873.800048828125,1905.0,1831.199951171875,1389306
BHARATFORG,2026-05-07,1887.4000244140625,1992.9000244140625,2026.5999755859375,1856.0999755859375,7055670
BHARATFORG,2026-05-08,2009.4000244140625,1989.699951171875,2044.0,1975.0999755859375,3399059
BHARATFORG,2026-05-11,1983.0,1987.0,2007.4000244140625,1952.4000244140625,1307321
BHARATFORG,2026-05-12,1999.0,1913.0,1999.0,1907.199951171875,1099257
BHARATFORG,2026-05-13,1912.9000244140625,1945.9000244140625,1986.9000244140625,1911.800048828125,1225143
BHARATFORG,2026-05-14,1972.0,1948.9000244140625,1976.699951171875,1938.800048828125,1194716
BHARATFORG,2026-05-15,1959.699951171875,1913.0999755859375,1959.699951171875,1905.0999755859375,822275
BHARATFORG,2026-05-18,1910.0,1891.0,1910.0,1865.4000244140625,472953
BHARATFORG,2026-05-19,1885.0,1857.300048828125,1902.800048828125,1848.0,1020594
BHARATFORG,2026-05-20,1845.0,1888.199951171875,1905.699951171875,1827.5999755859375,953954
BHARATFORG,2026-05-21,1902.0,1898.800048828125,1931.9000244140625,1892.199951171875,589383
BHARATFORG,2026-05-22,1900.0,1897.699951171875,1916.9000244140625,1892.0,636410
BHARATFORG,2026-05-25,1914.800048828125,1918.300048828125,1942.9000244140625,1896.300048828125,831690
BHARATFORG,2026-05-26,1926.5999755859375,1930.4000244140625,1939.9000244140625,1908.300048828125,1012118
BHARATFORG,2026-05-27,1938.9000244140625,1938.5999755859375,1961.0,1916.0,561943
BHARATFORG,2026-05-28,1938.5999755859375,1938.5999755859375,1938.5999755859375,1938.5999755859375,0
BHARATFORG,2026-05-29,1956.4000244140625,1957.199951171875,1967.800048828125,1920.0,3127027
BHARATFORG,2026-06-01,1970.0999755859375,1922.699951171875,1970.0999755859375,1915.300048828125,758736
BHARATFORG,2026-06-02,1913.9000244140625,1902.9000244140625,1918.800048828125,1870.5,1291251
BHARATFORG,2026-06-03,1908.0999755859375,1936.5,1948.9000244140625,1893.9000244140625,808066
BHARATFORG,2026-06-04,1936.5,1937.5,1988.5,1931.5,1347808
BSE,2026-03-04,2600.0,2626.89990234375,2641.699951171875,2537.0,4779189
BSE,2026-03-05,2710.0,2761.39990234375,2782.0,2656.300048828125,7464269
BSE,2026-03-06,2750.0,2751.60009765625,2789.0,2736.39990234375,3007569
BSE,2026-03-09,2680.0,2768.89990234375,2778.0,2643.300048828125,4205385
BSE,2026-03-10,2820.0,2860.60009765625,2883.39990234375,2805.300048828125,5240537
BSE,2026-03-11,2871.39990234375,2837.39990234375,2897.300048828125,2825.0,2802847
BSE,2026-03-12,2800.0,2850.60009765625,2877.89990234375,2781.199951171875,2988021
BSE,2026-03-13,2852.0,2797.0,2878.5,2787.5,3313604
BSE,2026-03-16,2797.0,2862.60009765625,2888.0,2777.0,4333977
BSE,2026-03-17,2890.0,2973.60009765625,2980.0,2867.89990234375,5772951
BSE,2026-03-18,2982.300048828125,2995.60009765625,3009.0,2958.10009765625,4344998
BSE,2026-03-19,2950.0,2895.0,2995.0,2876.0,3871447
BSE,2026-03-20,2920.0,2806.10009765625,2939.0,2783.10009765625,5795250
BSE,2026-03-23,2770.0,2714.39990234375,2776.800048828125,2688.0,4616085
BSE,2026-03-24,2800.0,2805.89990234375,2812.89990234375,2728.199951171875,4092016
BSE,2026-03-25,2840.0,2890.199951171875,2899.39990234375,2814.39990234375,4742623
BSE,2026-03-27,2856.0,2779.800048828125,2878.699951171875,2770.199951171875,3938937
BSE,2026-03-30,2740.0,2683.5,2750.0,2676.60009765625,3840678
BSE,2026-04-01,2810.5,2867.60009765625,2899.89990234375,2797.300048828125,5166997
BSE,2026-04-02,2808.0,2851.39990234375,2865.0,2763.0,3493966
BSE,2026-04-06,2851.39990234375,2982.300048828125,3000.0,2818.199951171875,5962836
BSE,2026-04-07,2959.0,2950.800048828125,2977.5,2917.89990234375,3628119
BSE,2026-04-08,3075.0,3163.60009765625,3208.60009765625,3031.800048828125,10418736
BSE,2026-04-09,3150.0,3257.39990234375,3285.699951171875,3137.60009765625,7362810
BSE,2026-04-10,3310.0,3281.199951171875,3330.0,3234.0,6867670
BSE,2026-04-13,3201.0,3303.60009765625,3341.300048828125,3200.60009765625,5886170
BSE,2026-04-15,3370.0,3390.699951171875,3422.0,3350.5,4418141
BSE,2026-04-16,3430.300048828125,3446.699951171875,3459.89990234375,3403.199951171875,4790050
BSE,2026-04-17,3455.0,3531.5,3550.0,3425.0,6083283
BSE,2026-04-20,3540.0,3470.699951171875,3570.0,3465.0,3517096
BSE,2026-04-21,3470.699951171875,3515.800048828125,3527.89990234375,3470.0,2670233
BSE,2026-04-22,3513.0,3499.199951171875,3529.89990234375,3492.60009765625,1771183
BSE,2026-04-23,3508.0,3463.0,3508.0,3452.199951171875,2373666
BSE,2026-04-24,3475.89990234375,3446.0,3482.0,3412.199951171875,2270468
BSE,2026-04-27,3465.0,3534.60009765625,3546.89990234375,3451.0,2386493
BSE,2026-04-28,3552.0,3626.10009765625,3639.60009765625,3543.60009765625,3792795
BSE,2026-04-29,3649.0,3635.699951171875,3675.5,3620.300048828125,2658476
BSE,2026-04-30,3602.699951171875,3640.5,3663.0,3568.0,2381291
BSE,2026-05-01,3640.5,3640.5,3640.5,3640.5,0
BSE,2026-05-04,3681.0,3711.300048828125,3755.0,3673.0,3764178
BSE,2026-05-05,3712.0,3726.199951171875,3790.0,3691.0,3120952
BSE,2026-05-06,3780.0,3852.10009765625,3872.0,3755.0,3772261
BSE,2026-05-07,3887.0,3963.60009765625,3985.0,3864.89990234375,4714160
BSE,2026-05-08,3963.60009765625,3907.39990234375,3994.0,3832.300048828125,9146079
BSE,2026-05-11,3891.0,3918.0,3945.0,3845.199951171875,4662297
BSE,2026-05-12,3918.0,3851.89990234375,3958.89990234375,3840.300048828125,4056561
BSE,2026-05-13,3852.5,3888.800048828125,3918.0,3847.199951171875,3250454
BSE,2026-05-14,3922.300048828125,4037.60009765625,4065.0,3917.199951171875,6138554
BSE,2026-05-15,4065.10009765625,4000.60009765625,4084.0,3971.10009765625,4256007
BSE,2026-05-18,3940.0,4120.7001953125,4134.0,3940.0,5053942
BSE,2026-05-19,4155.39990234375,4190.7998046875,4298.89990234375,4119.0,7088657
BSE,2026-05-20,4170.0,4218.60009765625,4232.0,4150.0,4697677
BSE,2026-05-21,4270.0,4186.89990234375,4293.7998046875,4153.2001953125,3507063
BSE,2026-05-22,4200.0,4193.7998046875,4232.0,4151.5,2489857
BSE,2026-05-25,4250.0,4291.2001953125,4303.0,4215.0,2791628
BSE,2026-05-26,4300.0,4403.2998046875,4425.0,4295.10009765625,3782550
BSE,2026-05-27,4437.0,4248.39990234375,4446.7998046875,4236.10009765625,4332377
BSE,2026-05-28,4248.39990234375,4248.39990234375,4248.39990234375,4248.39990234375,0
BSE,2026-05-29,4250.0,4146.10009765625,4256.0,4127.89990234375,4544243
BSE,2026-06-01,4180.0,4066.60009765625,4198.0,4031.89990234375,3556913
BSE,2026-06-02,4020.0,3931.89990234375,4045.0,3875.60009765625,5568609
BSE,2026-06-03,3935.5,3966.10009765625,4018.0,3855.0,5058668
BSE,2026-06-04,3949.0,4033.39990234375,4104.89990234375,3926.39990234375,4245472
CARYSIL,2026-03-04,870.6500244140625,859.0999755859375,883.0,851.1500244140625,63709
CARYSIL,2026-03-05,867.0,878.25,885.1500244140625,858.2000122070312,44177
CARYSIL,2026-03-06,882.9500122070312,864.4000244140625,888.3499755859375,859.9000244140625,41573
CARYSIL,2026-03-09,859.0,825.4500122070312,859.0,809.2999877929688,86028
CARYSIL,2026-03-10,830.0,844.5,856.6500244140625,823.0999755859375,57363
CARYSIL,2026-03-11,853.0,846.6500244140625,868.0,840.0,31082
CARYSIL,2026-03-12,844.5499877929688,815.2999877929688,844.5499877929688,794.0,157755
CARYSIL,2026-03-13,806.1500244140625,785.0999755859375,818.7000122070312,773.0499877929688,155963
CARYSIL,2026-03-16,787.0,777.4500122070312,788.0,753.0499877929688,107879
CARYSIL,2026-03-17,781.2000122070312,778.8499755859375,787.7000122070312,767.5999755859375,89163
CARYSIL,2026-03-18,784.7999877929688,813.5999755859375,829.0,772.2000122070312,89711
CARYSIL,2026-03-19,801.0,782.4500122070312,813.9500122070312,777.25,56589
CARYSIL,2026-03-20,790.0,781.6500244140625,796.4000244140625,776.0499877929688,43692
CARYSIL,2026-03-23,777.6500244140625,749.0499877929688,777.6500244140625,745.5,99344
CARYSIL,2026-03-24,770.0,794.0,803.0,761.8499755859375,107754
CARYSIL,2026-03-25,800.0,823.8499755859375,847.8499755859375,799.3499755859375,106001
CARYSIL,2026-03-27,822.0,787.7999877929688,822.0,770.2000122070312,86736
CARYSIL,2026-03-30,774.0,753.4000244140625,787.7999877929688,749.7999877929688,152044
CARYSIL,2026-04-01,762.0,792.9000244140625,801.8499755859375,762.0,40797
CARYSIL,2026-04-02,783.0,798.0999755859375,809.6500244140625,757.2000122070312,55413
CARYSIL,2026-04-06,798.0499877929688,808.0999755859375,813.4500122070312,782.0,57021
CARYSIL,2026-04-07,817.0,804.7999877929688,817.0,798.0499877929688,43283
CARYSIL,2026-04-08,844.9000244140625,833.4500122070312,846.8499755859375,820.9500122070312,100826
CARYSIL,2026-04-09,837.5999755859375,830.0,849.7000122070312,822.5999755859375,70303
CARYSIL,2026-04-10,839.0,843.4000244140625,851.8499755859375,835.3499755859375,55634
CARYSIL,2026-04-13,832.0,841.4000244140625,852.9500122070312,800.2000122070312,54408
CARYSIL,2026-04-15,859.0,885.0,899.9500122070312,852.0,83829
CARYSIL,2026-04-16,889.0,889.9000244140625,895.0,871.5999755859375,46265
CARYSIL,2026-04-17,894.0,902.4000244140625,921.9000244140625,890.0499877929688,63117
CARYSIL,2026-04-20,904.5999755859375,863.4000244140625,909.0,856.7999877929688,203539
CARYSIL,2026-04-21,875.0,887.5,925.0,872.0999755859375,292563
CARYSIL,2026-04-22,894.0,919.7999877929688,934.7999877929688,887.5,175493
CARYSIL,2026-04-23,919.0,915.2999877929688,935.0,909.6500244140625,100461
CARYSIL,2026-04-24,912.0,899.0999755859375,921.0,891.0,64364
CARYSIL,2026-04-27,908.0,913.2999877929688,941.0,905.8499755859375,190627
CARYSIL,2026-04-28,909.0,919.25,934.0,909.0,104996
CARYSIL,2026-04-29,928.9500122070312,894.75,928.9500122070312,891.0,97049
CARYSIL,2026-04-30,901.5999755859375,902.9000244140625,905.75,873.4000244140625,74571
CARYSIL,2026-05-01,902.9000244140625,902.9000244140625,902.9000244140625,902.9000244140625,0
CARYSIL,2026-05-04,902.9000244140625,898.9500122070312,929.9000244140625,895.0,48674
CARYSIL,2026-05-05,905.25,899.8499755859375,911.0,890.4000244140625,43097
CARYSIL,2026-05-06,900.25,948.9500122070312,956.5,898.5999755859375,151703
CARYSIL,2026-05-07,955.0,956.2999877929688,969.0,949.6500244140625,83363
CARYSIL,2026-05-08,963.7000122070312,951.5999755859375,963.7000122070312,938.3499755859375,59419
CARYSIL,2026-05-11,951.5499877929688,920.5499877929688,956.4500122070312,916.0,59333
CARYSIL,2026-05-12,926.6500244140625,891.25,926.6500244140625,884.0,58421
CARYSIL,2026-05-13,878.1500244140625,889.75,903.7000122070312,878.1500244140625,31272
CARYSIL,2026-05-14,891.0499877929688,912.3499755859375,918.0,882.5999755859375,43811
CARYSIL,2026-05-15,915.0,918.4500122070312,942.0,902.3499755859375,66154
CARYSIL,2026-05-18,915.0,907.9500122070312,918.4500122070312,888.2999877929688,41995
CARYSIL,2026-05-19,907.9500122070312,919.5999755859375,934.0,906.7999877929688,37508
CARYSIL,2026-05-20,917.0499877929688,1022.2999877929688,1070.0,909.0499877929688,1278354
CARYSIL,2026-05-21,1040.0,1049.949951171875,1074.0,1028.0,843836
CARYSIL,2026-05-22,1065.699951171875,1079.0,1095.949951171875,1029.949951171875,225345
CARYSIL,2026-05-25,1099.949951171875,1116.550048828125,1143.8499755859375,1073.449951171875,437590
CARYSIL,2026-05-26,1116.550048828125,1110.3499755859375,1142.949951171875,1103.4000244140625,167410
CARYSIL,2026-05-27,1099.949951171875,1095.550048828125,1121.949951171875,1089.6500244140625,91151
CARYSIL,2026-05-28,1095.550048828125,1095.550048828125,1095.550048828125,1095.550048828125,0
CARYSIL,2026-05-29,1107.0,1077.550048828125,1115.6500244140625,1070.0999755859375,100303
CARYSIL,2026-06-01,1079.9000244140625,1056.0,1110.0,1050.5,101491
CARYSIL,2026-06-02,1056.0,1113.5,1118.0,1039.199951171875,141083
CARYSIL,2026-06-03,1118.0,1138.0,1148.0,1080.699951171875,182936
CARYSIL,2026-06-04,1145.0,1095.199951171875,1171.5999755859375,1084.0,249308
CCL,2026-03-04,987.2999877929688,1009.0999755859375,1025.0,987.2999877929688,163866
CCL,2026-03-05,1013.5999755859375,1029.0999755859375,1033.9000244140625,1013.5999755859375,110698
CCL,2026-03-06,1035.0,1015.7999877929688,1040.0,995.4000244140625,189424
CCL,2026-03-09,985.0,1031.4000244140625,1037.0,985.0,258508
CCL,2026-03-10,1035.0,1045.699951171875,1059.0,1033.5,702932
CCL,2026-03-11,1045.699951171875,1042.5999755859375,1058.0,1031.199951171875,223360
CCL,2026-03-12,1030.0,1060.5999755859375,1066.5,1027.199951171875,220761
CCL,2026-03-13,1065.5,1022.5999755859375,1066.0999755859375,1016.5999755859375,189915
CCL,2026-03-16,1028.0,1043.300048828125,1057.4000244140625,1024.4000244140625,386761
CCL,2026-03-17,1044.800048828125,1038.800048828125,1053.5999755859375,1025.699951171875,145422
CCL,2026-03-18,1044.0,1046.0,1052.0,1040.0,193257
CCL,2026-03-19,1040.4000244140625,1034.300048828125,1060.0,1029.5999755859375,134865
CCL,2026-03-20,1049.300048828125,1087.5999755859375,1105.0,1044.9000244140625,912155
CCL,2026-03-23,1082.199951171875,1067.9000244140625,1082.199951171875,1042.199951171875,270231
CCL,2026-03-24,1076.0,1080.800048828125,1095.300048828125,1054.300048828125,254284
CCL,2026-03-25,1075.800048828125,1077.5999755859375,1108.800048828125,1071.0,258757
CCL,2026-03-27,1078.9000244140625,1058.699951171875,1081.300048828125,1050.0,139784
CCL,2026-03-30,1048.4000244140625,1041.199951171875,1058.300048828125,1024.300048828125,283411
CCL,2026-04-01,1054.0999755859375,1082.300048828125,1087.9000244140625,1046.800048828125,258798
CCL,2026-04-02,1075.0,1093.0,1100.0,1032.0999755859375,152013
CCL,2026-04-06,1089.300048828125,1116.9000244140625,1125.0,1076.9000244140625,450626
CCL,2026-04-07,1111.5,1146.0999755859375,1159.699951171875,1093.800048828125,851798
CCL,2026-04-08,1170.0,1123.199951171875,1183.0999755859375,1112.0999755859375,474198
CCL,2026-04-09,1104.5,1075.9000244140625,1106.800048828125,1070.0,553320
CCL,2026-04-10,1085.0,1078.300048828125,1087.0,1057.4000244140625,208309
CCL,2026-04-13,1070.0,1095.300048828125,1103.800048828125,1047.5999755859375,212043
CCL,2026-04-15,1114.9000244140625,1081.0,1122.5,1057.4000244140625,358568
CCL,2026-04-16,1089.0,1070.5999755859375,1096.9000244140625,1067.0,299499
CCL,2026-04-17,1077.4000244140625,1089.4000244140625,1097.4000244140625,1075.5999755859375,128752
CCL,2026-04-20,1087.800048828125,1085.9000244140625,1105.0,1066.9000244140625,254386
CCL,2026-04-21,1089.4000244140625,1113.0999755859375,1129.9000244140625,1089.4000244140625,347280
CCL,2026-04-22,1116.0,1121.5999755859375,1146.5,1106.199951171875,265948
CCL,2026-04-23,1115.0,1091.5,1123.9000244140625,1088.0,164132
CCL,2026-04-24,1079.0,1098.800048828125,1116.199951171875,1078.0,356669
CCL,2026-04-27,1098.0999755859375,1121.199951171875,1127.800048828125,1094.0,290579
CCL,2026-04-28,1122.0,1103.199951171875,1129.199951171875,1101.0999755859375,101153
CCL,2026-04-29,1105.0,1125.0999755859375,1147.0,1104.9000244140625,295314
CCL,2026-04-30,1125.0999755859375,1135.0999755859375,1150.0,1116.199951171875,222681
CCL,2026-05-01,1135.0999755859375,1135.0999755859375,1135.0999755859375,1135.0999755859375,0
CCL,2026-05-04,1134.4000244140625,1170.300048828125,1184.0,1133.0,377273
CCL,2026-05-05,1180.0,1176.5,1198.0,1157.199951171875,283297
CCL,2026-05-06,1180.199951171875,1178.300048828125,1192.0,1163.4000244140625,244205
CCL,2026-05-07,1182.0,1207.800048828125,1217.5,1180.300048828125,339545
CCL,2026-05-08,1200.0,1123.0999755859375,1200.0,1111.199951171875,1093185
CCL,2026-05-11,1113.0999755859375,1099.199951171875,1114.699951171875,1044.0,575816
CCL,2026-05-12,1099.199951171875,1094.5999755859375,1135.0,1089.0,258630
CCL,2026-05-13,1094.5,1124.300048828125,1144.0,1094.5,260584
CCL,2026-05-14,1135.0,1111.800048828125,1135.0,1104.0,125172
CCL,2026-05-15,1111.5,1116.300048828125,1130.300048828125,1104.300048828125,150891
CCL,2026-05-18,1116.300048828125,1090.4000244140625,1120.4000244140625,1083.199951171875,83626
CCL,2026-05-19,1090.4000244140625,1089.4000244140625,1098.9000244140625,1081.199951171875,90637
CCL,2026-05-20,1090.0,1096.0,1108.699951171875,1078.5999755859375,85399
CCL,2026-05-21,1098.0,1107.5999755859375,1112.0,1094.0,115635
CCL,2026-05-22,1112.0,1064.9000244140625,1134.0,1055.5,629758
CCL,2026-05-25,1070.0,1059.0,1084.0999755859375,1053.0999755859375,216044
CCL,2026-05-26,1058.0,1063.9000244140625,1069.5999755859375,1056.0999755859375,93029
CCL,2026-05-27,1063.0,1071.0,1081.9000244140625,1045.0999755859375,191657
CCL,2026-05-28,1071.0,1071.0,1071.0,1071.0,0
CCL,2026-05-29,1071.0,1053.800048828125,1077.699951171875,1044.9000244140625,138228
CCL,2026-06-01,1053.800048828125,1064.800048828125,1071.9000244140625,1043.0,154015
CCL,2026-06-02,1064.800048828125,1070.5,1084.0,1045.0,212382
CCL,2026-06-03,1072.0,1078.199951171875,1088.9000244140625,1062.199951171875,148436
CCL,2026-06-04,1077.199951171875,1067.699951171875,1079.0,1060.300048828125,96070
CGPOWER,2026-03-04,700.0,684.9000244140625,702.0,676.4000244140625,3881115
CGPOWER,2026-03-05,689.0,701.0999755859375,702.8499755859375,683.4000244140625,1348514
CGPOWER,2026-03-06,700.0,715.4500122070312,722.5,696.0,2922020
CGPOWER,2026-03-09,704.9000244140625,697.5499877929688,704.9000244140625,684.2000122070312,2675404
CGPOWER,2026-03-10,706.0,728.2000122070312,731.9500122070312,703.2999877929688,3876241
CGPOWER,2026-03-11,730.4000244140625,726.2999877929688,741.5,724.0499877929688,2728417
CGPOWER,2026-03-12,723.4500122070312,737.2999877929688,740.25,701.5999755859375,3548443
CGPOWER,2026-03-13,740.5499877929688,709.9000244140625,749.0,706.4500122070312,5430860
CGPOWER,2026-03-16,708.6500244140625,698.6500244140625,711.7999877929688,680.0999755859375,3890962
CGPOWER,2026-03-17,701.0,708.4000244140625,712.0,697.0,2292184
CGPOWER,2026-03-18,709.2999877929688,707.1500244140625,716.9500122070312,702.2000122070312,1560683
CGPOWER,2026-03-19,697.0,686.7000122070312,700.5,683.4500122070312,1682758
CGPOWER,2026-03-20,697.0,681.5999755859375,709.0,678.6500244140625,2720138
CGPOWER,2026-03-23,675.1500244140625,664.0999755859375,675.5,642.7999877929688,3640981
CGPOWER,2026-03-24,680.0,667.2999877929688,680.9500122070312,658.75,3376154
CGPOWER,2026-03-25,677.25,692.25,693.9500122070312,675.0,2736013
CGPOWER,2026-03-27,687.7000122070312,667.9500122070312,688.7999877929688,666.0,3464175
CGPOWER,2026-03-30,656.0,655.0499877929688,672.9500122070312,651.5,4829822
CGPOWER,2026-04-01,673.0,680.2999877929688,690.25,672.4000244140625,2316056
CGPOWER,2026-04-02,670.25,680.0499877929688,683.25,655.5999755859375,2098148
CGPOWER,2026-04-06,681.9000244140625,687.2999877929688,689.8499755859375,671.6500244140625,2378124
CGPOWER,2026-04-07,684.0,693.9000244140625,694.8499755859375,671.25,2287422
CGPOWER,2026-04-08,715.1500244140625,726.2999877929688,730.5499877929688,705.9000244140625,2887427
CGPOWER,2026-04-09,725.9500122070312,720.5999755859375,735.0,716.0499877929688,2673685
CGPOWER,2026-04-10,727.1500244140625,731.0999755859375,735.5999755859375,720.0,2096526
CGPOWER,2026-04-13,710.0,716.0999755859375,727.9500122070312,705.2000122070312,2060416
CGPOWER,2026-04-15,727.0,748.0,750.0,726.5,4100236
CGPOWER,2026-04-16,759.0499877929688,755.9000244140625,761.7000122070312,747.25,3570965
CGPOWER,2026-04-17,760.0,774.7999877929688,776.5,748.3499755859375,4137167
CGPOWER,2026-04-20,775.9500122070312,795.7000122070312,804.6500244140625,764.2000122070312,5497243
CGPOWER,2026-04-21,800.0,805.25,819.5999755859375,798.1500244140625,3645438
CGPOWER,2026-04-22,805.25,824.3499755859375,835.0,803.0,4826906
CGPOWER,2026-04-23,825.7000122070312,837.7999877929688,842.0,821.4000244140625,3763003
CGPOWER,2026-04-24,844.5,823.1500244140625,846.9000244140625,809.0,3994254
CGPOWER,2026-04-27,823.3499755859375,820.2999877929688,834.9500122070312,818.0999755859375,2549032
CGPOWER,2026-04-28,820.7000122070312,831.2000122070312,836.4000244140625,820.7000122070312,1966693
CGPOWER,2026-04-29,835.3499755859375,825.5999755859375,840.0,820.2999877929688,2354905
CGPOWER,2026-04-30,824.75,813.3499755859375,824.75,803.9000244140625,3248937
CGPOWER,2026-05-01,813.3499755859375,813.3499755859375,813.3499755859375,813.3499755859375,0
CGPOWER,2026-05-04,819.0,802.2999877929688,828.0,800.5,2569215
CGPOWER,2026-05-05,800.0,826.9000244140625,833.0,794.0999755859375,6919738
CGPOWER,2026-05-06,832.7999877929688,828.9000244140625,839.5,804.0,8627698
CGPOWER,2026-05-07,841.5,859.0999755859375,872.3499755859375,830.0499877929688,13476263
CGPOWER,2026-05-08,860.3499755859375,873.5499877929688,875.7999877929688,852.0,3998673
CGPOWER,2026-05-11,875.0,858.0999755859375,886.7999877929688,855.0,4501442
CGPOWER,2026-05-12,858.1500244140625,833.7000122070312,863.75,831.7000122070312,3032058
CGPOWER,2026-05-13,830.0,847.0499877929688,850.0,826.0,2586976
CGPOWER,2026-05-14,856.0,848.25,856.0499877929688,827.0499877929688,2851857
CGPOWER,2026-05-15,845.9000244140625,838.2000122070312,848.0,833.0,1670728
CGPOWER,2026-05-18,825.9500122070312,808.75,830.0,804.5999755859375,4002836
CGPOWER,2026-05-19,811.0,819.4000244140625,828.7000122070312,807.1500244140625,2055370
CGPOWER,2026-05-20,819.4000244140625,853.25,857.75,812.5999755859375,3710693
CGPOWER,2026-05-21,865.0,864.9000244140625,870.2999877929688,857.0499877929688,2811644
CGPOWER,2026-05-22,866.9000244140625,865.7000122070312,873.5,858.0,2028217
CGPOWER,2026-05-25,874.9000244140625,867.9000244140625,884.4000244140625,864.7999877929688,2222363
CGPOWER,2026-05-26,867.9000244140625,879.1500244140625,890.0,864.2000122070312,2788855
CGPOWER,2026-05-27,882.5499877929688,934.7999877929688,938.0,882.0,9258467
CGPOWER,2026-05-28,934.7999877929688,934.7999877929688,934.7999877929688,934.7999877929688,0
CGPOWER,2026-05-29,938.9000244140625,917.4500122070312,944.0999755859375,910.9500122070312,9449904
CGPOWER,2026-06-01,928.9500122070312,894.3499755859375,928.9500122070312,891.2999877929688,3148459
CGPOWER,2026-06-02,895.0499877929688,907.7000122070312,910.5499877929688,883.0499877929688,4931769
CGPOWER,2026-06-03,912.9500122070312,906.6500244140625,914.5999755859375,890.4500122070312,3685445
CGPOWER,2026-06-04,915.0,937.9000244140625,951.0,906.75,8471887
CRAFTSMAN,2026-03-04,7577.5,7421.5,7599.0,7322.5,33561
CRAFTSMAN,2026-03-05,7421.5,7594.5,7630.0,7323.5,32978
CRAFTSMAN,2026-03-06,7590.0,7458.0,7629.5,7450.0,10095
CRAFTSMAN,2026-03-09,7201.0,7287.5,7353.0,7171.5,15524
CRAFTSMAN,2026-03-10,7350.0,7421.0,7469.5,7274.5,20324
CRAFTSMAN,2026-03-11,7415.0,7325.5,7425.0,7240.5,28254
CRAFTSMAN,2026-03-12,7290.0,7354.0,7491.0,7238.5,60004
CRAFTSMAN,2026-03-13,7307.0,6674.0,7307.0,6632.5,123452
CRAFTSMAN,2026-03-16,6612.5,6792.5,6911.5,6521.5,92509
CRAFTSMAN,2026-03-17,6850.0,6917.0,6969.0,6741.0,49154
CRAFTSMAN,2026-03-18,6965.0,6887.5,7016.0,6825.0,75324
CRAFTSMAN,2026-03-19,6804.0,6855.0,6955.0,6777.5,24171
CRAFTSMAN,2026-03-20,6950.0,6912.0,6968.0,6726.0,27734
CRAFTSMAN,2026-03-23,6822.0,6546.5,6828.5,6451.5,33079
CRAFTSMAN,2026-03-24,6796.0,6843.0,6909.0,6623.5,35118
CRAFTSMAN,2026-03-25,6968.0,7049.0,7101.0,6888.0,16025
CRAFTSMAN,2026-03-27,6988.5,6924.0,6988.5,6884.0,14928
CRAFTSMAN,2026-03-30,6892.0,6977.0,7148.5,6717.0,42421
CRAFTSMAN,2026-04-01,7140.5,6838.0,7173.5,6786.0,57919
CRAFTSMAN,2026-04-02,6800.0,6789.0,6810.0,6683.0,13204
CRAFTSMAN,2026-04-06,6789.5,6781.5,6803.0,6665.0,28718
CRAFTSMAN,2026-04-07,6848.0,6744.5,6848.0,6690.0,15096
CRAFTSMAN,2026-04-08,6852.0,7351.5,7550.0,6800.0,167271
CRAFTSMAN,2026-04-09,7321.5,7408.5,7489.0,7257.5,21635
CRAFTSMAN,2026-04-10,7500.0,7430.0,7566.0,7408.0,32418
CRAFTSMAN,2026-04-13,7300.0,7398.5,7463.5,7210.5,15226
CRAFTSMAN,2026-04-15,7600.0,7433.5,7600.0,7375.0,25050
CRAFTSMAN,2026-04-16,7548.0,7512.5,7548.0,7443.0,24671
CRAFTSMAN,2026-04-17,7510.0,7691.0,7710.5,7488.5,24998
CRAFTSMAN,2026-04-20,7698.0,7721.5,7933.0,7665.0,24486
CRAFTSMAN,2026-04-21,7730.0,7653.0,7789.5,7637.0,9436
CRAFTSMAN,2026-04-22,7653.0,7684.5,7763.5,7640.0,13407
CRAFTSMAN,2026-04-23,7695.0,7750.5,7798.0,7633.0,14204
CRAFTSMAN,2026-04-24,7751.0,7570.0,7766.0,7494.5,18061
CRAFTSMAN,2026-04-27,7535.0,7633.0,7800.0,7531.0,21818
CRAFTSMAN,2026-04-28,7615.0,7572.0,7649.0,7520.0,14741
CRAFTSMAN,2026-04-29,7635.0,7750.5,7799.5,7530.5,33814
CRAFTSMAN,2026-04-30,7770.0,7688.0,7795.0,7611.0,44655
CRAFTSMAN,2026-05-04,7795.0,7679.0,7880.0,7616.0,26936
CRAFTSMAN,2026-05-05,7679.0,7741.5,7753.0,7612.5,12497
CRAFTSMAN,2026-05-06,7800.0,7774.5,7843.5,7691.0,13035
CRAFTSMAN,2026-05-07,7825.0,8637.0,8780.0,7704.5,1672385
CRAFTSMAN,2026-05-08,8657.5,8981.5,9738.0,8657.5,2259509
CRAFTSMAN,2026-05-11,9039.5,8806.0,9275.0,8736.5,651559
CRAFTSMAN,2026-05-12,8868.0,8688.0,9054.0,8601.0,200188
CRAFTSMAN,2026-05-13,8632.5,8584.5,8845.0,8512.5,65958
CRAFTSMAN,2026-05-14,8695.0,8567.0,8761.0,8513.5,61274
CRAFTSMAN,2026-05-15,8566.5,8462.5,8760.0,8320.0,70403
CRAFTSMAN,2026-05-18,8472.5,8428.5,8499.0,8242.5,38689
CRAFTSMAN,2026-05-19,8400.0,8536.0,8564.0,8351.5,30925
CRAFTSMAN,2026-05-20,8496.5,8575.0,8619.0,8401.0,38814
CRAFTSMAN,2026-05-21,8620.0,8543.0,8650.0,8520.0,35973
CRAFTSMAN,2026-05-22,8543.0,8702.0,8774.0,8425.0,45785
CRAFTSMAN,2026-05-25,8850.0,8692.5,8919.0,8625.5,33663
CRAFTSMAN,2026-05-26,8666.5,8667.5,8843.0,8622.0,24446
CRAFTSMAN,2026-05-27,8660.0,8688.5,8787.5,8570.5,31339
CRAFTSMAN,2026-05-28,8688.5,8688.5,8688.5,8688.5,0
CRAFTSMAN,2026-05-29,8830.0,9074.0,9259.0,8748.5,135231
CRAFTSMAN,2026-06-01,9178.0,8771.5,9232.0,8589.0,205545
CRAFTSMAN,2026-06-02,8687.5,8979.0,9000.0,8675.0,42669
CRAFTSMAN,2026-06-03,8978.0,8898.5,9001.0,8613.5,95289
CRAFTSMAN,2026-06-04,8878.0,9174.0,9300.0,8843.5,86273
CUB,2026-03-04,273.0,261.04998779296875,274.1000061035156,259.04998779296875,2664457
CUB,2026-03-05,264.95001220703125,268.1499938964844,269.1000061035156,262.79998779296875,2041343
CUB,2026-03-06,268.3999938964844,259.75,268.70001220703125,258.04998779296875,1974924
CUB,2026-03-09,254.0,246.64999389648438,254.0,244.5,2495315
CUB,2026-03-10,250.0,251.39999389648438,256.5,244.1999969482422,2512388
CUB,2026-03-11,251.39999389648438,247.0500030517578,257.75,245.89999389648438,1740886
CUB,2026-03-12,245.89999389648438,243.85000610351562,246.89999389648438,239.3000030517578,2955678
CUB,2026-03-13,242.5500030517578,231.5,242.5500030517578,229.3000030517578,2489273
CUB,2026-03-16,230.0,242.5500030517578,250.3000030517578,226.4499969482422,9441485
CUB,2026-03-17,240.89999389648438,240.0500030517578,243.25,237.0500030517578,3111960
CUB,2026-03-18,239.89999389648438,251.1999969482422,252.1999969482422,239.89999389648438,2811323
CUB,2026-03-19,247.39999389648438,244.14999389648438,247.39999389648438,239.10000610351562,2173475
CUB,2026-03-20,246.85000610351562,241.35000610351562,248.75,239.35000610351562,1265582
CUB,2026-03-23,239.9499969482422,234.3000030517578,239.9499969482422,230.75,1600262
CUB,2026-03-24,240.0,235.5500030517578,241.8000030517578,232.1999969482422,2983174
CUB,2026-03-25,235.5,252.9499969482422,257.0,235.5,5782925
CUB,2026-03-27,248.5,253.6999969482422,258.8500061035156,244.10000610351562,4523260
CUB,2026-03-30,248.0500030517578,239.85000610351562,249.3000030517578,235.75,3375336
CUB,2026-04-01,250.0,239.67999267578125,251.6999969482422,236.00999450683594,2548115
CUB,2026-04-02,236.0,240.49000549316406,241.44000244140625,229.9600067138672,2195530
CUB,2026-04-06,242.88999938964844,249.91000366210938,253.1999969482422,237.97999572753906,5664468
CUB,2026-04-07,247.50999450683594,248.52000427246094,251.0,245.10000610351562,2503790
CUB,2026-04-08,256.989990234375,255.1300048828125,262.5199890136719,253.3699951171875,3995117
CUB,2026-04-09,256.3999938964844,252.47000122070312,259.45001220703125,250.5,2547718
CUB,2026-04-10,253.44000244140625,257.1400146484375,258.0299987792969,253.44000244140625,2418067
CUB,2026-04-13,255.0,249.4600067138672,255.0,248.30999755859375,1626697
CUB,2026-04-15,249.4600067138672,252.0500030517578,253.77999877929688,247.00999450683594,2927424
CUB,2026-04-16,253.0,249.82000732421875,254.5399932861328,247.41000366210938,2692194
CUB,2026-04-17,249.82000732421875,257.82000732421875,260.1000061035156,248.83999633789062,3513019
CUB,2026-04-20,261.3999938964844,265.75,275.0,256.760009765625,8439006
CUB,2026-04-21,270.3599853515625,264.92999267578125,273.9700012207031,262.8999938964844,6352245
CUB,2026-04-22,265.70001220703125,270.1499938964844,271.3900146484375,265.010009765625,5249034
CUB,2026-04-23,270.1499938964844,265.5199890136719,271.3900146484375,263.5,1617606
CUB,2026-04-24,265.5199890136719,262.510009765625,267.2900085449219,260.0,1472909
CUB,2026-04-27,264.0,271.2099914550781,274.5,263.8299865722656,2888445
CUB,2026-04-28,281.5199890136719,275.6499938964844,293.510009765625,273.2099914550781,17001285
CUB,2026-04-29,277.0,277.3699951171875,282.489990234375,274.4100036621094,2775552
CUB,2026-04-30,277.0400085449219,270.0899963378906,277.3699951171875,268.6000061035156,1698427
CUB,2026-05-01,270.0899963378906,270.0899963378906,270.0899963378906,270.0899963378906,0
CUB,2026-05-04,271.0,271.8500061035156,275.79998779296875,269.04998779296875,2113460
CUB,2026-05-05,270.8999938964844,269.29998779296875,272.0,265.25,2358753
CUB,2026-05-06,275.0,273.0,282.5,268.3500061035156,3043911
CUB,2026-05-07,272.95001220703125,270.8500061035156,273.8999938964844,268.6000061035156,1169101
CUB,2026-05-08,271.04998779296875,260.3500061035156,271.54998779296875,258.1499938964844,5432812
CUB,2026-05-11,258.8500061035156,254.1999969482422,258.8500061035156,249.3000030517578,6477139
CUB,2026-05-12,254.1999969482422,244.4499969482422,254.89999389648438,243.10000610351562,1160599
CUB,2026-05-13,245.0,245.60000610351562,249.39999389648438,242.35000610351562,2216783
CUB,2026-05-14,247.8000030517578,246.8000030517578,251.0500030517578,242.39999389648438,1142316
CUB,2026-05-15,246.8000030517578,250.64999389648438,252.5,245.10000610351562,1507884
CUB,2026-05-18,250.60000610351562,248.75,250.60000610351562,245.60000610351562,1034551
CUB,2026-05-19,248.0500030517578,251.10000610351562,252.8000030517578,245.75,1276451
CUB,2026-05-20,249.9499969482422,250.0500030517578,251.5,247.5,2020917
CUB,2026-05-21,251.5,252.14999389648438,253.3000030517578,246.85000610351562,1386922
CUB,2026-05-22,251.10000610351562,248.5500030517578,254.60000610351562,247.60000610351562,731177
CUB,2026-05-25,251.8000030517578,249.89999389648438,253.0500030517578,249.1999969482422,897950
CUB,2026-05-26,251.9499969482422,254.10000610351562,256.79998779296875,249.89999389648438,1814654
CUB,2026-05-27,255.10000610351562,253.85000610351562,255.64999389648438,250.85000610351562,872260
CUB,2026-05-28,253.85000610351562,253.85000610351562,253.85000610351562,253.85000610351562,0
CUB,2026-05-29,253.89999389648438,255.4499969482422,258.3500061035156,253.8000030517578,1373425
CUB,2026-06-01,257.1000061035156,254.10000610351562,258.6000061035156,250.14999389648438,1735666
CUB,2026-06-02,254.0,249.60000610351562,254.10000610351562,247.25,1212615
CUB,2026-06-03,250.35000610351562,249.25,251.5,244.0500030517578,1479958
CUB,2026-06-04,249.25,246.14999389648438,251.39999389648438,245.0,1568058
DATAPATTNS,2026-03-04,3198.699951171875,3126.300048828125,3249.0,3078.0,974618
DATAPATTNS,2026-03-05,3124.5,3359.199951171875,3422.0,3117.0,2763865
DATAPATTNS,2026-03-06,3369.89990234375,3491.199951171875,3609.5,3340.0,2658765
DATAPATTNS,2026-03-09,3491.199951171875,3493.199951171875,3560.0,3360.10009765625,2086215
DATAPATTNS,2026-03-10,3555.0,3441.800048828125,3600.0,3421.39990234375,1056610
DATAPATTNS,2026-03-11,3441.800048828125,3383.199951171875,3505.39990234375,3360.0,691899
DATAPATTNS,2026-03-12,3373.0,3332.0,3373.0,3230.10009765625,703664
DATAPATTNS,2026-03-13,3318.60009765625,3215.0,3339.0,3172.0,804393
DATAPATTNS,2026-03-16,3215.300048828125,3095.89990234375,3260.0,3055.10009765625,1003505
DATAPATTNS,2026-03-17,3096.0,3300.5,3329.89990234375,3094.5,2096185
DATAPATTNS,2026-03-18,3305.0,3302.0,3325.0,3205.0,793953
DATAPATTNS,2026-03-19,3250.0,3256.39990234375,3350.0,3211.0,931303
DATAPATTNS,2026-03-20,3265.800048828125,3230.800048828125,3376.39990234375,3205.5,569222
DATAPATTNS,2026-03-23,3206.300048828125,3072.60009765625,3241.89990234375,3012.60009765625,766107
DATAPATTNS,2026-03-24,3134.0,3237.89990234375,3257.10009765625,3101.89990234375,791424
DATAPATTNS,2026-03-25,3261.89990234375,3213.300048828125,3342.0,3190.199951171875,945482
DATAPATTNS,2026-03-27,3195.0,3153.0,3224.10009765625,3136.60009765625,578749
DATAPATTNS,2026-03-30,3113.0,3035.300048828125,3225.0,3015.10009765625,875305
DATAPATTNS,2026-04-01,3140.0,3107.60009765625,3180.0,3062.10009765625,843921
DATAPATTNS,2026-04-02,3069.0,3055.300048828125,3088.0,2900.10009765625,968279
DATAPATTNS,2026-04-06,3068.0,3136.699951171875,3175.89990234375,2998.10009765625,821747
DATAPATTNS,2026-04-07,3117.0,3209.10009765625,3246.0,3088.300048828125,734094
DATAPATTNS,2026-04-08,3325.0,3280.800048828125,3325.89990234375,3256.699951171875,468264
DATAPATTNS,2026-04-09,3265.0,3369.39990234375,3411.5,3248.0,993652
DATAPATTNS,2026-04-10,3390.0,3269.60009765625,3473.89990234375,3256.5,925712
DATAPATTNS,2026-04-13,3224.0,3343.10009765625,3360.0,3186.0,756573
DATAPATTNS,2026-04-15,3400.0,3451.199951171875,3514.10009765625,3400.0,954042
DATAPATTNS,2026-04-16,3488.0,3490.5,3534.89990234375,3430.0,685164
DATAPATTNS,2026-04-17,3525.0,3494.199951171875,3589.0,3475.0,956589
DATAPATTNS,2026-04-20,3530.0,3467.60009765625,3607.0,3444.0,1111522
DATAPATTNS,2026-04-21,3478.89990234375,3526.39990234375,3699.0,3470.0,2541971
DATAPATTNS,2026-04-22,3536.0,3828.300048828125,3885.0,3515.699951171875,2963516
DATAPATTNS,2026-04-23,3845.0,4135.10009765625,4189.89990234375,3784.60009765625,5902264
DATAPATTNS,2026-04-24,4135.0,4077.699951171875,4147.0,3868.0,3153381
DATAPATTNS,2026-04-27,4100.0,3960.10009765625,4168.0,3940.0,1560665
DATAPATTNS,2026-04-28,3960.10009765625,4059.89990234375,4174.7001953125,3960.0,1311746
DATAPATTNS,2026-04-29,4099.7001953125,4118.10009765625,4295.0,4066.39990234375,1814621
DATAPATTNS,2026-04-30,4129.0,4081.699951171875,4209.7001953125,4027.60009765625,1057980
DATAPATTNS,2026-05-01,4081.699951171875,4081.699951171875,4081.699951171875,4081.699951171875,0
DATAPATTNS,2026-05-04,4130.0,4093.199951171875,4169.7998046875,3892.300048828125,1079561
DATAPATTNS,2026-05-05,4101.0,4219.89990234375,4269.0,4060.10009765625,1523726
DATAPATTNS,2026-05-06,4279.89990234375,4171.5,4303.0,4121.10009765625,1020044
DATAPATTNS,2026-05-07,4192.39990234375,4250.10009765625,4280.0,4180.10009765625,716006
DATAPATTNS,2026-05-08,4239.89990234375,4103.39990234375,4287.0,4085.10009765625,814195
DATAPATTNS,2026-05-11,4090.0,4142.0,4175.0,4040.0,654209
DATAPATTNS,2026-05-12,4115.10009765625,4062.5,4145.2998046875,4015.10009765625,544891
DATAPATTNS,2026-05-13,4075.0,4196.2001953125,4226.7001953125,4037.300048828125,835377
DATAPATTNS,2026-05-14,4250.0,4010.5,4250.0,3952.0,1164041
DATAPATTNS,2026-05-15,4010.5,3876.5,4030.0,3565.60009765625,3470053
DATAPATTNS,2026-05-18,3869.699951171875,3752.199951171875,3884.89990234375,3685.0,1071054
DATAPATTNS,2026-05-19,3770.0,3634.5,3847.89990234375,3621.60009765625,819880
DATAPATTNS,2026-05-20,3615.0,3834.10009765625,3875.0,3600.10009765625,1356724
DATAPATTNS,2026-05-21,3910.0,3934.5,4007.89990234375,3872.10009765625,983950
DATAPATTNS,2026-05-22,3955.0,3969.699951171875,4084.5,3944.0,1026747
DATAPATTNS,2026-05-25,4020.0,4096.0,4148.0,3970.0,1081059
DATAPATTNS,2026-05-26,4092.0,4101.7001953125,4147.0,4060.0,556839
DATAPATTNS,2026-05-27,4114.0,4139.2001953125,4212.0,4110.0,636187
DATAPATTNS,2026-05-28,4139.2001953125,4139.2001953125,4139.2001953125,4139.2001953125,0
DATAPATTNS,2026-05-29,4142.0,4043.10009765625,4249.0,4010.0,995093
DATAPATTNS,2026-06-01,4063.300048828125,3839.89990234375,4088.0,3801.0,855053
DATAPATTNS,2026-06-02,3825.0,4025.199951171875,4045.39990234375,3811.800048828125,775621
DATAPATTNS,2026-06-03,4034.0,3990.39990234375,4077.800048828125,3953.60009765625,478696
DATAPATTNS,2026-06-04,3990.39990234375,4192.39990234375,4244.0,3975.10009765625,1257638
DSSL,2026-03-04,880.0,866.9500122070312,891.9500122070312,861.0499877929688,28444
DSSL,2026-03-05,871.3499755859375,876.0999755859375,889.0999755859375,865.0,24102
DSSL,2026-03-06,876.0999755859375,883.2000122070312,900.0,874.0,19612
DSSL,2026-03-09,883.2000122070312,891.3499755859375,967.9500122070312,859.0999755859375,87433
DSSL,2026-03-10,909.2000122070312,914.2000122070312,923.9500122070312,891.0,28037
DSSL,2026-03-11,923.3499755859375,911.5,924.0,905.0,18084
DSSL,2026-03-12,909.9000244140625,907.5999755859375,940.0,887.4000244140625,43024
DSSL,2026-03-13,902.0,897.2999877929688,910.0,891.25,20925
DSSL,2026-03-16,897.2999877929688,883.2000122070312,900.5999755859375,865.5,27626
DSSL,2026-03-17,879.0,881.7000122070312,901.9500122070312,878.9000244140625,15511
DSSL,2026-03-18,885.0,909.4000244140625,913.3499755859375,885.0,19195
DSSL,2026-03-19,899.4000244140625,886.0499877929688,903.5499877929688,881.9000244140625,10847
DSSL,2026-03-20,886.0,897.5999755859375,927.0999755859375,886.0,22294
DSSL,2026-03-23,881.5999755859375,871.75,889.2000122070312,868.0,27856
DSSL,2026-03-24,885.7000122070312,886.5999755859375,909.0,871.75,26662
DSSL,2026-03-25,890.0,885.7000122070312,909.0,880.0,23895
DSSL,2026-03-27,885.6500244140625,855.7000122070312,886.5999755859375,854.0,37590
DSSL,2026-03-30,855.9500122070312,784.8499755859375,856.0,781.0,78176
DSSL,2026-04-01,826.0,864.4000244140625,875.0,804.6500244140625,47170
DSSL,2026-04-02,850.0,879.9000244140625,893.0,832.9000244140625,26018
DSSL,2026-04-06,879.7999877929688,883.7000122070312,889.2000122070312,862.0499877929688,17080
DSSL,2026-04-07,895.4000244140625,918.0999755859375,945.0,880.1500244140625,64494
DSSL,2026-04-08,947.0499877929688,1004.5499877929688,1019.0,937.3499755859375,141867
DSSL,2026-04-09,987.5499877929688,986.1500244140625,1032.0,970.0499877929688,73213
DSSL,2026-04-10,984.7000122070312,1055.199951171875,1068.0,976.1500244140625,130030
DSSL,2026-04-13,1022.0,1065.25,1079.8499755859375,1008.9000244140625,84660
DSSL,2026-04-15,1096.0,1047.800048828125,1096.949951171875,1042.1500244140625,55644
DSSL,2026-04-16,1050.0,1054.050048828125,1069.9000244140625,1030.0,44567
DSSL,2026-04-17,1062.550048828125,1057.1500244140625,1062.550048828125,1033.8499755859375,23076
DSSL,2026-04-20,1057.949951171875,1046.0999755859375,1071.949951171875,1037.0999755859375,27307
DSSL,2026-04-21,1046.0999755859375,1041.3499755859375,1060.9000244140625,1037.0,26738
DSSL,2026-04-22,1041.3499755859375,1052.6500244140625,1059.0,1030.0,25445
DSSL,2026-04-23,1063.199951171875,1052.8499755859375,1063.199951171875,1037.0,30284
DSSL,2026-04-24,1060.0,1036.949951171875,1060.0,1014.0,29868
DSSL,2026-04-27,1036.949951171875,1059.050048828125,1069.0,1035.0,30747
DSSL,2026-04-28,1069.6500244140625,1056.5,1089.5,1050.0,35967
DSSL,2026-04-29,1060.0,1052.1500244140625,1079.0,1044.0,22937
DSSL,2026-04-30,1052.199951171875,1088.25,1120.949951171875,1036.0,108210
DSSL,2026-05-01,1088.25,1088.25,1088.25,1088.25,0
DSSL,2026-05-04,1093.5999755859375,1115.5,1144.5999755859375,1093.5999755859375,69425
DSSL,2026-05-05,1215.0,1250.4000244140625,1338.5999755859375,1215.0,1625211
DSSL,2026-05-06,1284.0,1362.9000244140625,1381.0,1251.9000244140625,638163
DSSL,2026-05-07,1369.0,1364.9000244140625,1407.699951171875,1355.0,208886
DSSL,2026-05-08,1358.199951171875,1304.800048828125,1379.5,1289.5,108376
DSSL,2026-05-11,1311.0,1427.800048828125,1445.0,1304.800048828125,480438
DSSL,2026-05-12,1430.0,1354.0999755859375,1443.9000244140625,1336.0999755859375,190628
DSSL,2026-05-13,1348.9000244140625,1379.4000244140625,1398.4000244140625,1318.0999755859375,92421
DSSL,2026-05-14,1377.5,1367.699951171875,1420.0,1331.0,53533
DSSL,2026-05-15,1414.0,1362.9000244140625,1429.800048828125,1325.0,121714
DSSL,2026-05-18,1362.0,1382.800048828125,1394.5999755859375,1305.300048828125,69952
DSSL,2026-05-19,1430.0,1547.800048828125,1575.800048828125,1392.0999755859375,471308
DSSL,2026-05-20,1556.0999755859375,1489.4000244140625,1589.5999755859375,1473.0,206253
DSSL,2026-05-21,1523.800048828125,1640.5999755859375,1755.0,1500.0,795498
DSSL,2026-05-22,1667.0,1734.4000244140625,1764.0,1632.0,395781
DSSL,2026-05-25,1792.800048828125,1895.0999755859375,1924.800048828125,1766.0,533094
DSSL,2026-05-26,1910.0,1731.5,1910.0,1720.0,368586
DSSL,2026-05-27,1731.5,1803.800048828125,1846.800048828125,1730.0,251578
DSSL,2026-05-28,1803.800048828125,1803.800048828125,1803.800048828125,1803.800048828125,0
DSSL,2026-05-29,1824.0,1745.9000244140625,1827.800048828125,1671.4000244140625,291137
DSSL,2026-06-01,1645.0,1571.4000244140625,1669.699951171875,1571.4000244140625,186583
DSSL,2026-06-02,1464.4000244140625,1502.9000244140625,1620.0,1414.300048828125,382956
DSSL,2026-06-03,1503.0,1427.800048828125,1517.5999755859375,1427.800048828125,86265
DSSL,2026-06-04,1370.0999755859375,1356.5,1403.4000244140625,1356.5,336228
ESABINDIA,2026-03-04,5379.0,5320.5,5395.5,5245.5,4791
ESABINDIA,2026-03-05,5320.5,5324.5,5412.5,5307.5,2236
ESABINDIA,2026-03-06,5359.0,5383.5,5478.5,5315.5,966
ESABINDIA,2026-03-09,5312.0,5314.5,5383.5,5185.0,1627
ESABINDIA,2026-03-10,5324.5,5342.0,5428.0,5248.5,3408
ESABINDIA,2026-03-11,5342.0,5335.5,5400.0,5301.0,1196
ESABINDIA,2026-03-12,5272.0,5326.0,5351.5,5260.0,781
ESABINDIA,2026-03-13,5353.0,5384.0,5498.0,5202.0,6082
ESABINDIA,2026-03-16,5303.0,5525.0,5550.0,5244.5,4796
ESABINDIA,2026-03-17,5502.0,5431.5,5515.0,5425.0,901
ESABINDIA,2026-03-18,5431.5,5368.0,5504.0,5328.5,3736
ESABINDIA,2026-03-19,5305.0,5301.5,5378.0,5280.0,1075
ESABINDIA,2026-03-20,5260.5,5406.0,5460.0,5260.5,1175
ESABINDIA,2026-03-23,5325.0,5153.5,5379.0,5127.0,4430
ESABINDIA,2026-03-24,5233.0,5220.0,5242.5,5144.0,1876
ESABINDIA,2026-03-25,5245.5,5254.5,5319.0,5231.0,1037
ESABINDIA,2026-03-27,5255.5,5118.0,5256.0,5085.0,2338
ESABINDIA,2026-03-30,5118.0,4955.5,5118.0,4901.5,3405
ESABINDIA,2026-04-01,5200.0,5111.2998046875,5200.0,5050.10009765625,2207
ESABINDIA,2026-04-02,5000.0,5229.2001953125,5250.0,5000.0,5650
ESABINDIA,2026-04-06,5229.2001953125,5187.0,5229.2001953125,5122.2998046875,1782
ESABINDIA,2026-04-07,5222.0,5195.7001953125,5250.0,5175.0,1188
ESABINDIA,2026-04-08,5325.5,5328.7998046875,5420.7998046875,5250.2001953125,2181
ESABINDIA,2026-04-09,5328.7998046875,5416.39990234375,5450.0,5280.2001953125,2023
ESABINDIA,2026-04-10,5416.0,5515.39990234375,5585.7998046875,5393.0,5750
ESABINDIA,2026-04-13,5333.2998046875,5401.2001953125,5498.7001953125,5333.2998046875,1972
ESABINDIA,2026-04-15,5430.0,5463.60009765625,5539.0,5400.0,22798
ESABINDIA,2026-04-16,5550.0,5524.60009765625,5560.0,5422.0,4585
ESABINDIA,2026-04-17,5524.60009765625,5717.7998046875,5746.0,5524.5,7738
ESABINDIA,2026-04-20,5717.7998046875,5791.5,5870.0,5628.0,7810
ESABINDIA,2026-04-21,5800.0,5773.2998046875,6000.0,5721.60009765625,3752
ESABINDIA,2026-04-22,5840.0,5977.0,5998.0,5724.10009765625,5341
ESABINDIA,2026-04-23,5990.0,5817.0,6050.0,5790.7998046875,3318
ESABINDIA,2026-04-24,5818.0,5909.10009765625,5970.2001953125,5742.2998046875,4476
ESABINDIA,2026-04-27,5909.10009765625,6071.5,6157.5,5909.10009765625,6489
ESABINDIA,2026-04-28,6095.7998046875,6187.7998046875,6206.0,6067.10009765625,5666
ESABINDIA,2026-04-29,6187.7998046875,6214.5,6234.0,6100.0,2683
ESABINDIA,2026-04-30,6205.0,6266.89990234375,6344.39990234375,6141.60009765625,4374
ESABINDIA,2026-05-04,6370.0,7138.0,7224.0,6344.5,145527
ESABINDIA,2026-05-05,7100.0,7081.5,7260.0,6926.0,15339
ESABINDIA,2026-05-06,7100.5,7150.5,7231.5,7033.5,9070
ESABINDIA,2026-05-07,7188.0,7086.0,7319.5,7050.0,5635
ESABINDIA,2026-05-08,7033.0,6936.0,7173.0,6879.5,5091
ESABINDIA,2026-05-11,6935.5,6742.0,7010.0,6701.0,8125
ESABINDIA,2026-05-12,6742.0,6721.0,6886.5,6691.0,4582
ESABINDIA,2026-05-13,6692.0,6702.5,6847.0,6662.0,2534
ESABINDIA,2026-05-14,6808.0,6660.5,6808.0,6565.5,2218
ESABINDIA,2026-05-15,6680.0,6587.5,6716.0,6567.0,1573
ESABINDIA,2026-05-18,6637.0,6533.0,6640.0,6410.5,5232
ESABINDIA,2026-05-19,6565.5,6563.5,6649.0,6490.0,1682
ESABINDIA,2026-05-20,6490.0,6646.0,6795.0,6435.0,2231
ESABINDIA,2026-05-21,6700.0,6802.0,6883.5,6700.0,5753
ESABINDIA,2026-05-22,6853.5,7053.0,7169.5,6698.5,12559
ESABINDIA,2026-05-25,7115.0,6989.5,7168.5,6891.0,7927
ESABINDIA,2026-05-26,6992.0,7000.0,7079.5,6952.5,3229
ESABINDIA,2026-05-27,6974.0,7019.5,7099.0,6935.0,4969
ESABINDIA,2026-05-28,7019.5,7019.5,7019.5,7019.5,0
ESABINDIA,2026-05-29,6827.0,6511.0,6870.0,6430.5,23464
ESABINDIA,2026-06-01,6549.5,6262.0,6637.5,6237.5,8711
ESABINDIA,2026-06-02,6226.0,6116.0,6348.0,6100.0,4004
ESABINDIA,2026-06-03,6200.0,5940.5,6200.0,5910.0,7404
ESABINDIA,2026-06-04,5940.5,5937.0,6044.0,5851.5,4701
FEDERALBNK,2026-03-04,290.95001220703125,286.45001220703125,293.75,283.1499938964844,8763077
FEDERALBNK,2026-03-05,287.75,289.70001220703125,291.6000061035156,285.20001220703125,6014011
FEDERALBNK,2026-03-06,286.3999938964844,286.5,291.25,285.6000061035156,3826606
FEDERALBNK,2026-03-09,280.0,273.29998779296875,280.75,268.70001220703125,12304998
FEDERALBNK,2026-03-10,277.25,276.0,281.1499938964844,275.25,10974726
FEDERALBNK,2026-03-11,276.70001220703125,269.45001220703125,277.0,268.70001220703125,9571287
FEDERALBNK,2026-03-12,265.75,270.25,272.1499938964844,264.8500061035156,7972457
FEDERALBNK,2026-03-13,268.6499938964844,263.04998779296875,269.75,262.1499938964844,7258500
FEDERALBNK,2026-03-16,262.0,260.8500061035156,265.5,257.04998779296875,12531069
FEDERALBNK,2026-03-17,260.8500061035156,264.54998779296875,266.5,255.8000030517578,12836887
FEDERALBNK,2026-03-18,265.0,271.5,272.70001220703125,265.0,7002312
FEDERALBNK,2026-03-19,266.45001220703125,265.8999938964844,269.1499938964844,262.3500061035156,9790533
FEDERALBNK,2026-03-20,268.04998779296875,267.1000061035156,274.29998779296875,266.0,14660431
FEDERALBNK,2026-03-23,263.0,254.35000610351562,263.29998779296875,253.3000030517578,13966492
FEDERALBNK,2026-03-24,262.25,262.5,263.8999938964844,257.6000061035156,6880170
FEDERALBNK,2026-03-25,265.5,270.95001220703125,273.8999938964844,264.79998779296875,9709681
FEDERALBNK,2026-03-27,269.0,269.29998779296875,270.95001220703125,265.29998779296875,16383055
FEDERALBNK,2026-03-30,268.0,259.3999938964844,268.0,257.1499938964844,10978564
FEDERALBNK,2026-04-01,266.45001220703125,267.6000061035156,270.1000061035156,262.8999938964844,8296508
FEDERALBNK,2026-04-02,263.8999938964844,265.54998779296875,266.95001220703125,256.5,5537579
FEDERALBNK,2026-04-06,265.3999938964844,271.5,272.20001220703125,261.70001220703125,9297534
FEDERALBNK,2026-04-07,270.0,275.1499938964844,276.8999938964844,266.45001220703125,8015264
FEDERALBNK,2026-04-08,286.3500061035156,284.45001220703125,288.79998779296875,282.54998779296875,7811348
FEDERALBNK,2026-04-09,284.1000061035156,283.29998779296875,286.0,281.6000061035156,4273025
FEDERALBNK,2026-04-10,284.0,291.70001220703125,292.75,284.0,8640231
FEDERALBNK,2026-04-13,284.70001220703125,288.20001220703125,290.3500061035156,283.5,7132285
FEDERALBNK,2026-04-15,294.6000061035156,286.8500061035156,294.8999938964844,286.0,7778158
FEDERALBNK,2026-04-16,289.5,284.3999938964844,289.79998779296875,281.6000061035156,10948325
FEDERALBNK,2026-04-17,284.95001220703125,293.75,294.20001220703125,282.8500061035156,9241911
FEDERALBNK,2026-04-20,293.5,294.3500061035156,298.0,292.29998779296875,11292785
FEDERALBNK,2026-04-21,295.79998779296875,295.75,299.04998779296875,295.04998779296875,7746822
FEDERALBNK,2026-04-22,295.75,296.45001220703125,298.45001220703125,295.0,6443950
FEDERALBNK,2026-04-23,294.95001220703125,295.3999938964844,296.6499938964844,293.54998779296875,3657050
FEDERALBNK,2026-04-24,296.0,293.0,298.29998779296875,291.25,7243806
FEDERALBNK,2026-04-27,294.70001220703125,294.04998779296875,297.6499938964844,292.79998779296875,3880432
FEDERALBNK,2026-04-28,292.8500061035156,290.6000061035156,295.8500061035156,290.0,6666139
FEDERALBNK,2026-04-29,296.0,284.75,301.70001220703125,282.54998779296875,21186876
FEDERALBNK,2026-04-30,284.70001220703125,286.95001220703125,287.95001220703125,280.0,13939720
FEDERALBNK,2026-05-01,286.95001220703125,286.95001220703125,286.95001220703125,286.95001220703125,0
FEDERALBNK,2026-05-04,290.0,289.1499938964844,291.6499938964844,287.3999938964844,5494699
FEDERALBNK,2026-05-05,289.3500061035156,292.6000061035156,295.0,286.6000061035156,5869785
FEDERALBNK,2026-05-06,295.25,293.0,296.45001220703125,288.8500061035156,9998298
FEDERALBNK,2026-05-07,294.5,297.04998779296875,297.75,290.0,6089681
FEDERALBNK,2026-05-08,297.0,297.25,298.45001220703125,291.45001220703125,6129346
FEDERALBNK,2026-05-11,295.0,292.45001220703125,297.3999938964844,291.1499938964844,11135956
FEDERALBNK,2026-05-12,291.54998779296875,284.79998779296875,293.6499938964844,283.79998779296875,8461329
FEDERALBNK,2026-05-13,285.8999938964844,280.04998779296875,285.8999938964844,277.1000061035156,15147738
FEDERALBNK,2026-05-14,282.0,280.25,282.8500061035156,277.54998779296875,8574291
FEDERALBNK,2026-05-15,281.95001220703125,281.29998779296875,284.70001220703125,278.29998779296875,6034270
FEDERALBNK,2026-05-18,280.75,283.95001220703125,285.6499938964844,277.54998779296875,7212332
FEDERALBNK,2026-05-19,284.79998779296875,286.6000061035156,287.79998779296875,283.75,6905213
FEDERALBNK,2026-05-20,285.8500061035156,289.8999938964844,290.54998779296875,283.1000061035156,6657728
FEDERALBNK,2026-05-21,290.5,283.75,292.5,283.04998779296875,6916472
FEDERALBNK,2026-05-22,284.1499938964844,287.20001220703125,288.3999938964844,283.20001220703125,6756952
FEDERALBNK,2026-05-25,289.0,289.25,292.5,286.79998779296875,9346757
FEDERALBNK,2026-05-26,292.0,290.20001220703125,293.3500061035156,288.6499938964844,10983670
FEDERALBNK,2026-05-27,289.5,288.8999938964844,293.0,287.8500061035156,3869975
FEDERALBNK,2026-05-28,288.8999938964844,288.8999938964844,288.8999938964844,288.8999938964844,0
FEDERALBNK,2026-05-29,292.0,288.95001220703125,293.8999938964844,283.6000061035156,239376091
FEDERALBNK,2026-06-01,290.0,288.20001220703125,292.3999938964844,285.5,6701913
FEDERALBNK,2026-06-02,286.5,293.04998779296875,293.79998779296875,284.8500061035156,5900487
FEDERALBNK,2026-06-03,293.95001220703125,301.04998779296875,302.8500061035156,290.29998779296875,15946881
FEDERALBNK,2026-06-04,301.25,300.1000061035156,303.79998779296875,295.6499938964844,11947303
GESHIP,2026-03-04,1300.0,1354.5999755859375,1362.0,1290.0999755859375,603009
GESHIP,2026-03-05,1379.699951171875,1389.4000244140625,1437.9000244140625,1362.5,1718653
GESHIP,2026-03-06,1395.5999755859375,1415.300048828125,1435.0,1395.5999755859375,755093
GESHIP,2026-03-09,1410.0,1338.5,1410.5,1332.5,499811
GESHIP,2026-03-10,1358.0,1391.0999755859375,1397.699951171875,1346.0,571911
GESHIP,2026-03-11,1398.0999755859375,1427.0,1442.5,1391.0,712854
GESHIP,2026-03-12,1420.0,1486.5,1492.5999755859375,1395.300048828125,1091966
GESHIP,2026-03-13,1487.699951171875,1459.9000244140625,1509.0,1445.0,1202406
GESHIP,2026-03-16,1450.0,1373.4000244140625,1452.699951171875,1343.699951171875,1140038
GESHIP,2026-03-17,1380.0,1426.4000244140625,1435.0,1379.0,984676
GESHIP,2026-03-18,1414.0,1441.0,1474.5,1408.4000244140625,699169
GESHIP,2026-03-19,1425.5999755859375,1441.300048828125,1453.5,1415.0,451060
GESHIP,2026-03-20,1455.0,1429.699951171875,1477.0,1410.5,501108
GESHIP,2026-03-23,1425.5,1360.0,1425.5,1346.0,362189
GESHIP,2026-03-24,1405.0,1398.699951171875,1418.0999755859375,1373.0,558248
GESHIP,2026-03-25,1415.5999755859375,1416.5,1462.5,1404.199951171875,696191
GESHIP,2026-03-27,1405.0,1415.0,1443.0999755859375,1401.199951171875,350920
GESHIP,2026-03-30,1400.9000244140625,1414.699951171875,1449.0,1389.0999755859375,506870
GESHIP,2026-04-01,1449.0,1460.0999755859375,1491.9000244140625,1435.5,713339
GESHIP,2026-04-02,1455.0,1439.5999755859375,1455.0,1418.699951171875,321146
GESHIP,2026-04-06,1439.5999755859375,1463.0,1502.199951171875,1438.0999755859375,785318
GESHIP,2026-04-07,1455.0,1424.5,1455.0,1409.300048828125,450563
GESHIP,2026-04-08,1495.0,1389.5999755859375,1495.0,1378.0,790349
GESHIP,2026-04-09,1388.9000244140625,1391.199951171875,1402.0,1360.0,526428
GESHIP,2026-04-10,1391.199951171875,1372.9000244140625,1402.0,1366.699951171875,289597
GESHIP,2026-04-13,1350.0,1335.300048828125,1371.9000244140625,1320.0,469571
GESHIP,2026-04-15,1357.0,1400.4000244140625,1405.0,1350.4000244140625,780224
GESHIP,2026-04-16,1419.4000244140625,1381.4000244140625,1419.4000244140625,1375.0999755859375,424951
GESHIP,2026-04-17,1385.300048828125,1424.300048828125,1435.9000244140625,1385.0999755859375,819986
GESHIP,2026-04-20,1440.0,1423.5999755859375,1469.9000244140625,1415.5,541002
GESHIP,2026-04-21,1427.0,1445.5999755859375,1477.300048828125,1423.199951171875,624903
GESHIP,2026-04-22,1449.0,1449.0999755859375,1463.5999755859375,1432.5,233855
GESHIP,2026-04-23,1448.0,1414.4000244140625,1457.0,1410.0999755859375,202718
GESHIP,2026-04-24,1427.699951171875,1404.4000244140625,1434.0,1397.5999755859375,114258
GESHIP,2026-04-27,1413.0,1424.199951171875,1439.9000244140625,1405.0,146510
GESHIP,2026-04-28,1428.0,1474.4000244140625,1492.5,1428.0,652856
GESHIP,2026-04-29,1484.9000244140625,1554.5999755859375,1590.800048828125,1483.0,2500676
GESHIP,2026-04-30,1551.0,1576.800048828125,1589.699951171875,1534.0999755859375,971195
GESHIP,2026-05-01,1576.800048828125,1576.800048828125,1576.800048828125,1576.800048828125,0
GESHIP,2026-05-04,1590.0,1536.800048828125,1600.0,1524.0,640010
GESHIP,2026-05-05,1537.0,1523.800048828125,1548.4000244140625,1514.800048828125,412967
GESHIP,2026-05-06,1536.199951171875,1575.0999755859375,1591.300048828125,1518.699951171875,614465
GESHIP,2026-05-07,1581.300048828125,1552.4000244140625,1582.699951171875,1533.199951171875,412995
GESHIP,2026-05-08,1557.4000244140625,1588.300048828125,1618.9000244140625,1538.0,1104209
GESHIP,2026-05-11,1587.0,1582.300048828125,1610.0,1557.0,675300
GESHIP,2026-05-12,1580.0,1510.5,1584.9000244140625,1501.0,556553
GESHIP,2026-05-13,1519.0,1498.4000244140625,1536.9000244140625,1493.0,306051
GESHIP,2026-05-14,1505.0,1484.9000244140625,1522.0,1462.0999755859375,363695
GESHIP,2026-05-15,1550.0,1533.9000244140625,1642.699951171875,1503.699951171875,9754062
GESHIP,2026-05-18,1533.9000244140625,1696.5,1730.0,1533.9000244140625,18205845
GESHIP,2026-05-19,1705.0,1715.9000244140625,1798.0,1676.5,7326701
GESHIP,2026-05-20,1698.0,1665.4000244140625,1719.199951171875,1634.0999755859375,1965461
GESHIP,2026-05-21,1672.4000244140625,1719.5999755859375,1745.0,1672.4000244140625,2606607
GESHIP,2026-05-22,1720.0999755859375,1666.0999755859375,1733.4000244140625,1655.0,732563
GESHIP,2026-05-25,1685.0,1648.5999755859375,1708.0,1630.5999755859375,953112
GESHIP,2026-05-26,1650.0999755859375,1650.699951171875,1695.0,1638.800048828125,640280
GESHIP,2026-05-27,1650.0,1511.300048828125,1650.0,1502.0,1842803
GESHIP,2026-05-28,1511.300048828125,1511.300048828125,1511.300048828125,1511.300048828125,0
GESHIP,2026-05-29,1522.0,1418.9000244140625,1526.300048828125,1410.0,2447379
GESHIP,2026-06-01,1418.9000244140625,1467.699951171875,1487.0,1415.0,1494016
GESHIP,2026-06-02,1467.699951171875,1517.199951171875,1522.0,1466.0,980366
GESHIP,2026-06-03,1520.0,1480.199951171875,1536.0,1470.5,584518
GESHIP,2026-06-04,1479.0999755859375,1492.0,1530.0,1477.0,699761
GLENMARK,2026-03-04,2106.300048828125,2039.699951171875,2110.5,2031.0999755859375,414944
GLENMARK,2026-03-05,2042.199951171875,2108.89990234375,2118.89990234375,2042.199951171875,523392
GLENMARK,2026-03-06,2094.39990234375,2124.39990234375,2138.0,2094.39990234375,431504
GLENMARK,2026-03-09,2100.0,2117.60009765625,2124.800048828125,2050.199951171875,304629
GLENMARK,2026-03-10,2140.0,2225.800048828125,2240.0,2130.39990234375,1554898
GLENMARK,2026-03-11,2243.0,2272.699951171875,2297.89990234375,2228.0,920351
GLENMARK,2026-03-12,2273.199951171875,2256.39990234375,2273.199951171875,2215.39990234375,996025
GLENMARK,2026-03-13,2242.0,2170.699951171875,2266.0,2163.699951171875,516548
GLENMARK,2026-03-16,2172.5,2175.39990234375,2214.800048828125,2145.0,528614
GLENMARK,2026-03-17,2179.89990234375,2145.89990234375,2184.699951171875,2136.0,773805
GLENMARK,2026-03-18,2145.89990234375,2186.300048828125,2237.60009765625,2143.10009765625,882940
GLENMARK,2026-03-19,2174.0,2097.5,2176.60009765625,2087.39990234375,465494
GLENMARK,2026-03-20,2114.10009765625,2180.10009765625,2190.89990234375,2110.10009765625,596886
GLENMARK,2026-03-23,2170.0,2089.0,2170.0,2079.89990234375,408786
GLENMARK,2026-03-24,2103.0,2095.699951171875,2137.10009765625,2078.300048828125,540486
GLENMARK,2026-03-25,2120.0,2168.5,2179.699951171875,2102.39990234375,446774
GLENMARK,2026-03-27,2168.5,2170.5,2188.39990234375,2146.60009765625,743776
GLENMARK,2026-03-30,2169.5,2131.699951171875,2170.800048828125,2108.699951171875,1198064
GLENMARK,2026-04-01,2180.0,2101.10009765625,2238.39990234375,2085.0,1011784
GLENMARK,2026-04-02,2085.0,2091.800048828125,2098.39990234375,1966.5,970078
GLENMARK,2026-04-06,2079.300048828125,2104.800048828125,2112.800048828125,2036.699951171875,582698
GLENMARK,2026-04-07,2100.0,2114.10009765625,2138.0,2068.199951171875,387544
GLENMARK,2026-04-08,2165.0,2173.5,2187.0,2129.60009765625,544557
GLENMARK,2026-04-09,2173.5,2169.10009765625,2186.199951171875,2142.0,612817
GLENMARK,2026-04-10,2173.89990234375,2163.199951171875,2198.89990234375,2148.89990234375,669385
GLENMARK,2026-04-13,2153.39990234375,2193.10009765625,2205.0,2115.10009765625,724078
GLENMARK,2026-04-15,2230.89990234375,2258.39990234375,2265.0,2205.0,616653
GLENMARK,2026-04-16,2267.0,2249.5,2273.800048828125,2228.60009765625,434249
GLENMARK,2026-04-17,2249.5,2249.5,2274.89990234375,2240.89990234375,366026
GLENMARK,2026-04-20,2249.5,2230.699951171875,2250.5,2210.5,407547
GLENMARK,2026-04-21,2221.89990234375,2233.10009765625,2245.0,2215.199951171875,254906
GLENMARK,2026-04-22,2233.10009765625,2240.0,2247.0,2204.800048828125,323261
GLENMARK,2026-04-23,2247.89990234375,2335.0,2359.39990234375,2212.10009765625,1703667
GLENMARK,2026-04-24,2351.0,2299.5,2372.800048828125,2283.199951171875,838461
GLENMARK,2026-04-27,2312.0,2325.10009765625,2339.89990234375,2290.89990234375,462955
GLENMARK,2026-04-28,2328.10009765625,2403.699951171875,2427.39990234375,2327.300048828125,1537658
GLENMARK,2026-04-29,2418.699951171875,2413.89990234375,2474.0,2403.699951171875,616900
GLENMARK,2026-04-30,2400.10009765625,2406.300048828125,2455.89990234375,2385.60009765625,792796
GLENMARK,2026-05-01,2406.300048828125,2406.300048828125,2406.300048828125,2406.300048828125,0
GLENMARK,2026-05-04,2434.300048828125,2393.699951171875,2438.800048828125,2382.60009765625,451086
GLENMARK,2026-05-05,2384.300048828125,2417.89990234375,2430.0,2360.0,917832
GLENMARK,2026-05-06,2435.0,2377.60009765625,2440.0,2354.89990234375,1108754
GLENMARK,2026-05-07,2390.0,2371.60009765625,2404.0,2355.699951171875,426469
GLENMARK,2026-05-08,2350.0,2366.39990234375,2384.89990234375,2315.800048828125,702435
GLENMARK,2026-05-11,2356.5,2347.300048828125,2368.800048828125,2317.699951171875,829523
GLENMARK,2026-05-12,2340.89990234375,2257.10009765625,2340.89990234375,2244.0,759205
GLENMARK,2026-05-13,2245.199951171875,2277.60009765625,2326.5,2245.199951171875,1014123
GLENMARK,2026-05-14,2300.0,2340.60009765625,2350.39990234375,2292.60009765625,965814
GLENMARK,2026-05-15,2345.89990234375,2325.89990234375,2367.89990234375,2317.10009765625,257072
GLENMARK,2026-05-18,2329.699951171875,2339.89990234375,2353.300048828125,2301.0,429194
GLENMARK,2026-05-19,2351.5,2405.89990234375,2413.5,2335.0,855987
GLENMARK,2026-05-20,2410.199951171875,2379.0,2427.0,2370.0,973567
GLENMARK,2026-05-21,2395.0,2393.0,2407.800048828125,2372.0,381349
GLENMARK,2026-05-22,2390.0,2259.10009765625,2413.89990234375,2226.300048828125,1593969
GLENMARK,2026-05-25,2268.10009765625,2337.0,2363.39990234375,2268.10009765625,809409
GLENMARK,2026-05-26,2318.0,2351.39990234375,2373.0,2317.89990234375,479694
GLENMARK,2026-05-27,2322.0,2384.89990234375,2390.0,2322.0,541843
GLENMARK,2026-05-28,2384.89990234375,2384.89990234375,2384.89990234375,2384.89990234375,0
GLENMARK,2026-05-29,2400.0,2274.89990234375,2400.699951171875,2257.800048828125,1343564
GLENMARK,2026-06-01,2288.800048828125,2201.199951171875,2300.0,2179.800048828125,2017198
GLENMARK,2026-06-02,2218.699951171875,2184.60009765625,2236.800048828125,2144.300048828125,1215431
GLENMARK,2026-06-03,2193.89990234375,2174.0,2222.0,2148.199951171875,1090073
GLENMARK,2026-06-04,2174.0,2180.60009765625,2207.89990234375,2146.5,571102
GOODLUCK,2026-03-04,1117.9000244140625,1084.5,1124.5,1080.0,153874
GOODLUCK,2026-03-05,1086.0,1103.5999755859375,1116.0,1070.0,86455
GOODLUCK,2026-03-06,1100.0,1080.699951171875,1110.5999755859375,1075.0,51470
GOODLUCK,2026-03-09,1050.0,1043.9000244140625,1069.800048828125,1006.5,128965
GOODLUCK,2026-03-10,1053.0,1064.5999755859375,1074.5,1045.0,69058
GOODLUCK,2026-03-11,1077.9000244140625,1038.699951171875,1085.4000244140625,1035.0,58747
GOODLUCK,2026-03-12,1035.9000244140625,1054.4000244140625,1062.4000244140625,1022.0999755859375,66235
GOODLUCK,2026-03-13,1054.4000244140625,1022.4000244140625,1054.4000244140625,1016.0999755859375,101078
GOODLUCK,2026-03-16,1010.0,1024.800048828125,1033.199951171875,1001.2999877929688,139668
GOODLUCK,2026-03-17,1035.0,1046.699951171875,1064.300048828125,1017.9000244140625,57045
GOODLUCK,2026-03-18,1047.0,1057.300048828125,1062.4000244140625,1045.0,58990
GOODLUCK,2026-03-19,1035.0,1015.2000122070312,1044.0,1012.0,59724
GOODLUCK,2026-03-20,1014.9000244140625,1017.0999755859375,1043.4000244140625,1001.0,75159
GOODLUCK,2026-03-23,1004.0,919.7999877929688,1004.0,915.0,218318
GOODLUCK,2026-03-24,956.0,972.7000122070312,993.0,936.7000122070312,140059
GOODLUCK,2026-03-25,985.0,1009.2000122070312,1027.300048828125,977.0,93729
GOODLUCK,2026-03-27,1015.9000244140625,980.0,1015.9000244140625,975.0999755859375,149234
GOODLUCK,2026-03-30,981.0,986.2000122070312,1016.2999877929688,958.2000122070312,217829
GOODLUCK,2026-04-01,1030.0,1036.800048828125,1049.4000244140625,1006.25,76784
GOODLUCK,2026-04-02,1005.0,1045.800048828125,1050.0,995.5,48682
GOODLUCK,2026-04-06,1046.0999755859375,1050.75,1063.199951171875,1025.300048828125,40740
GOODLUCK,2026-04-07,1050.75,1059.8499755859375,1069.0,1038.800048828125,43744
GOODLUCK,2026-04-08,1106.6500244140625,1084.449951171875,1106.949951171875,1075.800048828125,57742
GOODLUCK,2026-04-09,1089.800048828125,1071.0,1095.0999755859375,1061.800048828125,37497
GOODLUCK,2026-04-10,1071.050048828125,1114.050048828125,1124.300048828125,1071.050048828125,106641
GOODLUCK,2026-04-13,1099.8499755859375,1101.0,1113.199951171875,1072.8499755859375,55658
GOODLUCK,2026-04-15,1121.0,1136.3499755859375,1143.5,1115.449951171875,68447
GOODLUCK,2026-04-16,1154.9000244140625,1187.0,1224.25,1146.5999755859375,244848
GOODLUCK,2026-04-17,1190.0,1229.050048828125,1240.0,1190.0,172985
GOODLUCK,2026-04-20,1229.050048828125,1227.050048828125,1250.0999755859375,1222.199951171875,85792
GOODLUCK,2026-04-21,1234.800048828125,1235.699951171875,1254.300048828125,1231.6500244140625,80069
GOODLUCK,2026-04-22,1245.0,1234.0999755859375,1254.9000244140625,1220.25,69071
GOODLUCK,2026-04-23,1234.0999755859375,1208.949951171875,1235.4000244140625,1196.550048828125,76408
GOODLUCK,2026-04-24,1207.800048828125,1189.3499755859375,1216.0,1167.0,54546
GOODLUCK,2026-04-27,1197.800048828125,1236.75,1241.050048828125,1192.699951171875,70948
GOODLUCK,2026-04-28,1244.0,1248.6500244140625,1268.3499755859375,1234.0,117614
GOODLUCK,2026-04-29,1249.5,1276.449951171875,1289.199951171875,1244.4000244140625,139210
GOODLUCK,2026-04-30,1268.0,1254.6500244140625,1274.75,1227.9000244140625,64799
GOODLUCK,2026-05-04,1272.4000244140625,1300.4000244140625,1320.0,1265.0999755859375,169956
GOODLUCK,2026-05-05,1305.9000244140625,1374.5,1390.0,1287.5,509216
GOODLUCK,2026-05-06,1392.4000244140625,1391.0999755859375,1424.0,1380.0,293770
GOODLUCK,2026-05-07,1398.0,1405.0999755859375,1426.5,1347.800048828125,221915
GOODLUCK,2026-05-08,1409.800048828125,1427.5999755859375,1475.0,1409.800048828125,457748
GOODLUCK,2026-05-11,1435.5999755859375,1389.800048828125,1439.0,1382.0,123053
GOODLUCK,2026-05-12,1366.0,1305.0,1398.5,1291.9000244140625,194733
GOODLUCK,2026-05-13,1306.800048828125,1302.0999755859375,1345.0,1290.0,148388
GOODLUCK,2026-05-14,1302.0999755859375,1322.5,1346.0,1295.0999755859375,119665
GOODLUCK,2026-05-15,1361.9000244140625,1329.0,1384.5999755859375,1319.0999755859375,122208
GOODLUCK,2026-05-18,1330.0,1341.9000244140625,1347.800048828125,1255.0,201027
GOODLUCK,2026-05-19,1349.0,1358.300048828125,1372.0999755859375,1332.0,116556
GOODLUCK,2026-05-20,1350.0,1348.5999755859375,1355.0,1320.0,78486
GOODLUCK,2026-05-21,1368.9000244140625,1437.4000244140625,1450.0,1360.9000244140625,582297
GOODLUCK,2026-05-22,1438.0,1435.699951171875,1471.0,1425.0,259570
GOODLUCK,2026-05-25,1447.0,1417.0999755859375,1469.800048828125,1391.800048828125,309766
GOODLUCK,2026-05-26,1410.0,1337.800048828125,1455.0,1305.0,1057261
GOODLUCK,2026-05-27,1348.5,1381.300048828125,1393.0,1345.0,225097
GOODLUCK,2026-05-28,1381.300048828125,1381.300048828125,1381.300048828125,1381.300048828125,0
GOODLUCK,2026-05-29,1375.0,1295.4000244140625,1375.0,1282.300048828125,250201
GOODLUCK,2026-06-01,1300.9000244140625,1318.0,1324.0,1270.199951171875,122801
GOODLUCK,2026-06-02,1317.9000244140625,1319.9000244140625,1335.0,1290.0,74449
GOODLUCK,2026-06-03,1313.0999755859375,1343.5999755859375,1349.9000244140625,1296.5999755859375,131828
GOODLUCK,2026-06-04,1342.9000244140625,1344.5,1364.0,1328.9000244140625,85426
GRWRHITECH,2026-03-04,4011.0,3988.10009765625,4015.0,3825.60009765625,77421
GRWRHITECH,2026-03-05,4035.699951171875,4001.10009765625,4041.5,3890.300048828125,29288
GRWRHITECH,2026-03-06,4001.10009765625,4051.5,4122.89990234375,4001.10009765625,32431
GRWRHITECH,2026-03-09,3949.0,3929.39990234375,3950.10009765625,3823.60009765625,29503
GRWRHITECH,2026-03-10,3985.0,4074.0,4090.0,3949.10009765625,23119
GRWRHITECH,2026-03-11,4013.199951171875,3986.699951171875,4185.5,3933.0,32398
GRWRHITECH,2026-03-12,3969.89990234375,4078.800048828125,4215.10009765625,3876.800048828125,42298
GRWRHITECH,2026-03-13,4078.800048828125,3824.89990234375,4095.0,3790.10009765625,59404
GRWRHITECH,2026-03-16,3780.0,3850.89990234375,3875.199951171875,3700.10009765625,30709
GRWRHITECH,2026-03-17,3912.10009765625,3768.60009765625,3912.10009765625,3739.699951171875,41418
GRWRHITECH,2026-03-18,3780.0,3879.10009765625,3922.199951171875,3735.10009765625,50692
GRWRHITECH,2026-03-19,3800.0,3685.89990234375,3848.39990234375,3670.0,30265
GRWRHITECH,2026-03-20,3731.0,3650.800048828125,3794.0,3636.0,37003
GRWRHITECH,2026-03-23,3636.0,3412.0,3636.0,3393.0,70935
GRWRHITECH,2026-03-24,3513.89990234375,3524.60009765625,3550.800048828125,3328.60009765625,79950
GRWRHITECH,2026-03-25,3595.0,3663.39990234375,3695.0,3525.39990234375,48275
GRWRHITECH,2026-03-27,3664.0,3385.60009765625,3668.89990234375,3360.0,89982
GRWRHITECH,2026-03-30,3333.0,3382.39990234375,3422.300048828125,3241.0,104059
GRWRHITECH,2026-04-01,3509.0,3623.5,3669.89990234375,3509.0,65289
GRWRHITECH,2026-04-02,3550.0,3703.39990234375,3720.0,3490.0,32776
GRWRHITECH,2026-04-06,3703.39990234375,3704.0,3725.0,3621.300048828125,25476
GRWRHITECH,2026-04-07,3715.0,3718.60009765625,3738.0,3648.0,26877
GRWRHITECH,2026-04-08,3949.0,3693.89990234375,3949.0,3678.0,71775
GRWRHITECH,2026-04-09,3724.0,3644.699951171875,3724.0,3571.0,49253
GRWRHITECH,2026-04-10,3660.89990234375,3730.300048828125,3745.89990234375,3660.89990234375,26294
GRWRHITECH,2026-04-13,3670.0,3724.5,3869.0,3670.0,72381
GRWRHITECH,2026-04-15,3800.0,4014.699951171875,4071.199951171875,3800.0,137649
GRWRHITECH,2026-04-16,4069.0,3967.300048828125,4098.0,3892.800048828125,74624
GRWRHITECH,2026-04-17,3987.10009765625,3985.60009765625,4045.0,3939.5,44425
GRWRHITECH,2026-04-20,3985.60009765625,3977.5,4016.89990234375,3863.10009765625,70124
GRWRHITECH,2026-04-21,3977.5,3927.199951171875,4045.10009765625,3921.5,78858
GRWRHITECH,2026-04-22,3935.0,4051.5,4097.0,3926.699951171875,95479
GRWRHITECH,2026-04-23,4098.0,4195.7001953125,4250.0,4040.10009765625,148070
GRWRHITECH,2026-04-24,4203.7001953125,4035.89990234375,4214.7998046875,4000.0,64429
GRWRHITECH,2026-04-27,4074.0,4038.0,4174.89990234375,3985.10009765625,57500
GRWRHITECH,2026-04-28,4034.60009765625,3951.800048828125,4038.0,3801.199951171875,145217
GRWRHITECH,2026-04-29,3990.0,3813.300048828125,3990.60009765625,3802.0,71764
GRWRHITECH,2026-04-30,3810.0,3999.0,4025.0,3809.699951171875,92825
GRWRHITECH,2026-05-01,3999.0,3999.0,3999.0,3999.0,0
GRWRHITECH,2026-05-04,4044.0,4271.7001953125,4364.89990234375,4041.10009765625,246971
GRWRHITECH,2026-05-05,4303.0,4477.2998046875,4492.2998046875,4282.0,158227
GRWRHITECH,2026-05-06,4525.0,5044.0,5250.0,4450.89990234375,1128471
GRWRHITECH,2026-05-07,5087.0,5451.39990234375,5560.0,4959.89990234375,683521
GRWRHITECH,2026-05-08,5425.10009765625,5290.2998046875,5434.0,5225.0,97162
GRWRHITECH,2026-05-11,5329.0,5187.5,5438.0,5122.5,86775
GRWRHITECH,2026-05-12,5253.0,4948.10009765625,5253.0,4870.5,94934
GRWRHITECH,2026-05-13,4940.0,5312.10009765625,5345.0,4930.2998046875,129817
GRWRHITECH,2026-05-14,5350.0,5444.60009765625,5475.0,5267.2001953125,94738
GRWRHITECH,2026-05-15,5500.0,5403.39990234375,5500.0,5268.0,71400
GRWRHITECH,2026-05-18,5363.39990234375,5382.89990234375,5424.89990234375,5180.60009765625,65670
GRWRHITECH,2026-05-19,5409.0,5541.10009765625,5668.0,5374.60009765625,243206
GRWRHITECH,2026-05-20,5535.0,5635.2998046875,5665.0,5330.2001953125,103570
GRWRHITECH,2026-05-21,5655.0,5524.5,5699.0,5486.5,95275
GRWRHITECH,2026-05-22,5543.2001953125,5353.39990234375,5543.2001953125,5261.0,75508
GRWRHITECH,2026-05-25,5362.39990234375,5587.89990234375,5614.89990234375,5362.39990234375,101474
GRWRHITECH,2026-05-26,5600.10009765625,5797.5,5857.0,5560.0,110372
GRWRHITECH,2026-05-27,5822.0,5746.2001953125,5850.0,5610.0,68877
GRWRHITECH,2026-05-28,5746.2001953125,5746.2001953125,5746.2001953125,5746.2001953125,0
GRWRHITECH,2026-05-29,5726.10009765625,6117.89990234375,6166.0,5604.2001953125,214990
GRWRHITECH,2026-06-01,6149.0,5813.5,6165.5,5740.0,91326
GRWRHITECH,2026-06-02,5761.0,5894.5,5929.0,5574.0,116546
GRWRHITECH,2026-06-03,5894.5,5713.5,5949.5,5480.0,102102
GRWRHITECH,2026-06-04,5729.0,5863.5,5891.0,5655.5,51551
GVT&D,2026-03-04,3650.0,3682.60009765625,3799.10009765625,3607.0,915717
GVT&D,2026-03-05,3733.5,3824.39990234375,3906.0,3720.0,587767
GVT&D,2026-03-06,3824.39990234375,3869.0,3999.0,3820.0,572135
GVT&D,2026-03-09,3753.0,3768.60009765625,3817.699951171875,3680.0,428803
GVT&D,2026-03-10,3884.0,3854.39990234375,3919.699951171875,3816.5,352161
GVT&D,2026-03-11,3890.0,3784.10009765625,3902.89990234375,3744.5,283139
GVT&D,2026-03-12,3790.0,3749.800048828125,3822.89990234375,3730.199951171875,579036
GVT&D,2026-03-13,3746.60009765625,3604.300048828125,3781.300048828125,3582.300048828125,313414
GVT&D,2026-03-16,3575.0,3522.300048828125,3600.5,3390.0,772778
GVT&D,2026-03-17,3559.5,3671.10009765625,3713.699951171875,3487.60009765625,536116
GVT&D,2026-03-18,3700.0,3807.699951171875,3843.89990234375,3647.0,442974
GVT&D,2026-03-19,3768.60009765625,3761.800048828125,3838.0,3729.699951171875,328126
GVT&D,2026-03-20,3780.60009765625,3678.89990234375,3880.0,3644.699951171875,563851
GVT&D,2026-03-23,3649.0,3461.0,3649.0,3420.10009765625,882995
GVT&D,2026-03-24,3605.0,3520.89990234375,3627.699951171875,3463.10009765625,661556
GVT&D,2026-03-25,3569.0,3763.39990234375,3772.89990234375,3561.0,808920
GVT&D,2026-03-27,3650.0,3746.199951171875,3826.5,3609.699951171875,1261525
GVT&D,2026-03-30,3655.0,3640.39990234375,3784.39990234375,3626.5,789388
GVT&D,2026-04-01,3760.89990234375,3798.699951171875,4344.0,3724.300048828125,1710784
GVT&D,2026-04-02,3789.89990234375,3822.199951171875,3847.89990234375,3674.699951171875,712443
GVT&D,2026-04-06,3808.0,3723.10009765625,3998.0,3708.0,639297
GVT&D,2026-04-07,3722.0,3673.199951171875,3758.0,3660.60009765625,368310
GVT&D,2026-04-08,3800.0,3725.10009765625,3830.0,3650.0,657936
GVT&D,2026-04-09,3762.0,3911.300048828125,3977.800048828125,3752.0,1193863
GVT&D,2026-04-10,3956.0,4067.0,4125.0,3949.89990234375,1163880
GVT&D,2026-04-13,3988.0,4093.60009765625,4180.0,3978.0,822677
GVT&D,2026-04-15,4192.60009765625,4134.5,4212.89990234375,4096.0,864568
GVT&D,2026-04-16,4174.0,4074.199951171875,4174.0,4034.5,493133
GVT&D,2026-04-17,4085.0,4138.2001953125,4154.2998046875,4070.10009765625,642880
GVT&D,2026-04-20,4158.7998046875,4232.2998046875,4277.89990234375,4156.0,683717
GVT&D,2026-04-21,4259.89990234375,4252.10009765625,4289.60009765625,4227.0,424389
GVT&D,2026-04-22,4254.10009765625,4239.39990234375,4283.0,4220.0,419894
GVT&D,2026-04-23,4300.0,4496.39990234375,4650.0,4294.89990234375,2275465
GVT&D,2026-04-24,4530.0,4598.2998046875,4694.0,4525.0,1008621
GVT&D,2026-04-27,4640.0,4556.7998046875,4672.39990234375,4524.10009765625,524025
GVT&D,2026-04-28,4549.7998046875,4520.7998046875,4620.0,4471.2001953125,571666
GVT&D,2026-04-29,4550.0,4479.39990234375,4680.0,4460.5,577126
GVT&D,2026-04-30,4495.0,4466.2001953125,4581.89990234375,4443.0,653778
GVT&D,2026-05-01,4466.2001953125,4466.2001953125,4466.2001953125,4466.2001953125,0
GVT&D,2026-05-04,4500.0,4486.60009765625,4541.0,4391.0,474054
GVT&D,2026-05-05,4518.0,4578.89990234375,4624.5,4499.89990234375,1145970
GVT&D,2026-05-06,4610.0,4563.10009765625,4620.0,4521.89990234375,943716
GVT&D,2026-05-07,4586.0,4768.2001953125,4822.0,4580.0,888676
GVT&D,2026-05-08,4780.0,4625.5,4849.0,4610.39990234375,516589
GVT&D,2026-05-11,4630.2001953125,4432.89990234375,4635.0,4412.39990234375,394062
GVT&D,2026-05-12,4430.0,4282.39990234375,4564.2998046875,4231.10009765625,615718
GVT&D,2026-05-13,4257.7998046875,4351.39990234375,4423.2001953125,4246.2998046875,438428
GVT&D,2026-05-14,4368.0,4337.7998046875,4419.2001953125,4249.0,257771
GVT&D,2026-05-15,4362.89990234375,4342.60009765625,4423.89990234375,4265.5,293994
GVT&D,2026-05-18,4350.0,4426.7998046875,4466.0,4251.7998046875,368852
GVT&D,2026-05-19,4350.0,4385.2998046875,4530.0,4321.60009765625,979292
GVT&D,2026-05-20,4450.0,4679.39990234375,4799.89990234375,4414.2998046875,2742590
GVT&D,2026-05-21,4749.0,4794.60009765625,4962.39990234375,4700.0,1086952
GVT&D,2026-05-22,4810.0,4849.5,4912.39990234375,4764.0,796078
GVT&D,2026-05-25,4921.0,4774.7001953125,4945.89990234375,4730.60009765625,516843
GVT&D,2026-05-26,4796.89990234375,4848.2998046875,4878.0,4776.0,483181
GVT&D,2026-05-27,4869.0,5097.7001953125,5183.5,4849.0,1339313
GVT&D,2026-05-28,5097.7001953125,5097.7001953125,5097.7001953125,5097.7001953125,0
GVT&D,2026-05-29,5140.0,5148.60009765625,5222.10009765625,4940.0,2379024
GVT&D,2026-06-01,5100.0,4755.0,5148.0,4694.5,1353247
GVT&D,2026-06-02,4757.5,4781.0,4856.0,4581.0,1308469
GVT&D,2026-06-03,4799.5,4964.5,5070.0,4783.5,1305674
GVT&D,2026-06-04,5134.0,5086.5,5148.5,5028.0,999168
HSCL,2026-03-04,448.8500061035156,442.29998779296875,454.95001220703125,437.1000061035156,1954413
HSCL,2026-03-05,443.1499938964844,457.45001220703125,466.95001220703125,443.1499938964844,3081382
HSCL,2026-03-06,452.29998779296875,451.29998779296875,458.20001220703125,449.3999938964844,987260
HSCL,2026-03-09,443.1499938964844,440.1499938964844,444.5,425.0,2083065
HSCL,2026-03-10,450.5,451.3999938964844,455.0,439.04998779296875,1037055
HSCL,2026-03-11,451.5,447.0,454.6499938964844,443.6499938964844,1031425
HSCL,2026-03-12,444.6000061035156,453.04998779296875,456.1000061035156,428.3999938964844,1571524
HSCL,2026-03-13,449.5,438.8500061035156,449.5,433.0,1504559
HSCL,2026-03-16,434.0,440.8500061035156,444.8999938964844,421.0,1921374
HSCL,2026-03-17,441.8999938964844,446.95001220703125,450.5,424.79998779296875,2055941
HSCL,2026-03-18,449.0,453.54998779296875,458.6000061035156,436.29998779296875,1713826
HSCL,2026-03-19,445.0,452.54998779296875,458.75,431.70001220703125,2321173
HSCL,2026-03-20,455.0,451.3999938964844,459.04998779296875,443.3500061035156,2332864
HSCL,2026-03-23,445.0,438.1499938964844,446.20001220703125,429.5,2277031
HSCL,2026-03-24,439.8500061035156,445.6499938964844,451.8999938964844,431.0,3325540
HSCL,2026-03-25,449.0,461.04998779296875,471.0,445.70001220703125,2188259
HSCL,2026-03-27,458.0,443.8500061035156,463.79998779296875,440.0,3460190
HSCL,2026-03-30,439.0,441.6000061035156,445.70001220703125,423.20001220703125,4719867
HSCL,2026-04-01,452.29998779296875,446.8500061035156,465.6000061035156,441.20001220703125,3637095
HSCL,2026-04-02,439.1499938964844,448.1499938964844,451.5,427.79998779296875,4078044
HSCL,2026-04-06,446.8500061035156,451.5,454.20001220703125,431.54998779296875,3197443
HSCL,2026-04-07,448.0,456.1000061035156,463.20001220703125,436.20001220703125,3174290
HSCL,2026-04-08,470.0,469.04998779296875,478.04998779296875,458.6499938964844,3874303
HSCL,2026-04-09,464.75,464.79998779296875,466.70001220703125,455.04998779296875,3088288
HSCL,2026-04-10,466.0,470.8999938964844,473.5,460.95001220703125,2331267
HSCL,2026-04-13,463.0,470.54998779296875,474.3999938964844,456.20001220703125,3018407
HSCL,2026-04-15,476.0,490.45001220703125,491.3999938964844,474.25,3147772
HSCL,2026-04-16,494.5,488.8500061035156,498.0,485.3500061035156,3588761
HSCL,2026-04-17,491.20001220703125,493.54998779296875,495.5,487.70001220703125,2566918
HSCL,2026-04-20,496.0,489.0,496.0,482.6499938964844,5461730
HSCL,2026-04-21,490.0,506.54998779296875,513.4500122070312,487.0,6547185
HSCL,2026-04-22,510.0,523.0999755859375,525.25,509.04998779296875,3171788
HSCL,2026-04-23,522.0,536.2000122070312,538.2000122070312,522.0,3980730
HSCL,2026-04-24,549.0,566.1500244140625,605.0,548.1500244140625,77258510
HSCL,2026-04-27,577.0,570.6500244140625,583.7000122070312,544.5,21019872
HSCL,2026-04-28,571.0,571.4000244140625,582.5999755859375,563.75,9311132
HSCL,2026-04-29,573.5499877929688,601.5999755859375,608.5,570.0499877929688,10045746
HSCL,2026-04-30,603.9500122070312,607.75,624.0,595.2000122070312,13260089
HSCL,2026-05-01,607.75,607.75,607.75,607.75,0
HSCL,2026-05-04,619.1500244140625,609.9000244140625,642.5999755859375,587.4000244140625,15427013
HSCL,2026-05-05,610.0,614.7000122070312,628.0,601.7999877929688,16746158
HSCL,2026-05-06,609.4000244140625,635.1500244140625,654.4500122070312,600.25,15500586
HSCL,2026-05-07,640.0,614.9000244140625,646.5,610.0,9678191
HSCL,2026-05-08,618.0,637.6500244140625,646.9000244140625,611.0999755859375,12389012
HSCL,2026-05-11,631.9500122070312,615.9500122070312,632.0,609.2000122070312,15397336
HSCL,2026-05-12,615.5,607.7000122070312,628.5999755859375,598.7999877929688,19156210
HSCL,2026-05-13,606.0,618.7000122070312,631.0499877929688,580.7999877929688,13151585
HSCL,2026-05-14,617.5,617.0499877929688,632.5,611.0999755859375,4558922
HSCL,2026-05-15,620.0,596.0,624.2000122070312,588.1500244140625,7890942
HSCL,2026-05-18,593.2000122070312,551.5,595.6500244140625,546.3499755859375,8758965
HSCL,2026-05-19,557.0,563.75,596.5999755859375,539.5999755859375,20865976
HSCL,2026-05-20,558.0,581.4000244140625,586.3499755859375,555.75,5599067
HSCL,2026-05-21,584.0,590.5499877929688,607.9500122070312,577.0999755859375,11914065
HSCL,2026-05-22,596.0,587.1500244140625,597.4000244140625,579.3499755859375,5185493
HSCL,2026-05-25,587.0,593.25,597.0,578.0499877929688,6111518
HSCL,2026-05-26,595.5,606.4000244140625,619.9500122070312,593.5999755859375,6911907
HSCL,2026-05-27,607.9000244140625,607.2000122070312,625.0,603.75,8455044
HSCL,2026-05-28,607.2000122070312,607.2000122070312,607.2000122070312,607.2000122070312,0
HSCL,2026-05-29,611.0,606.4500122070312,614.1500244140625,595.0,6139031
HSCL,2026-06-01,604.0,603.4000244140625,612.25,588.5999755859375,8763874
HSCL,2026-06-02,600.0,607.0999755859375,611.5,592.6500244140625,7233121
HSCL,2026-06-03,609.0,602.0499877929688,614.7000122070312,580.9000244140625,11405271
HSCL,2026-06-04,602.0,642.0,646.0,602.0,19227270
JBCHEPHARM,2026-03-04,2045.5,2051.800048828125,2067.5,2010.5999755859375,177486
JBCHEPHARM,2026-03-05,2066.0,2070.39990234375,2075.39990234375,2048.199951171875,377890
JBCHEPHARM,2026-03-06,2080.0,2052.89990234375,2080.0,2038.5,204452
JBCHEPHARM,2026-03-09,2020.0,2071.60009765625,2077.0,2010.0,289019
JBCHEPHARM,2026-03-10,2084.800048828125,2117.39990234375,2125.0,2077.199951171875,706962
JBCHEPHARM,2026-03-11,2132.800048828125,2126.10009765625,2135.0,2108.39990234375,432657
JBCHEPHARM,2026-03-12,2129.699951171875,2131.39990234375,2141.0,2107.699951171875,394549
JBCHEPHARM,2026-03-13,2130.0,2121.800048828125,2139.199951171875,2097.10009765625,757900
JBCHEPHARM,2026-03-16,2136.0,2090.199951171875,2177.0,2065.0,605829
JBCHEPHARM,2026-03-17,2099.0,2104.0,2119.39990234375,2083.10009765625,378003
JBCHEPHARM,2026-03-18,2115.0,2118.0,2132.0,2077.199951171875,433848
JBCHEPHARM,2026-03-19,2100.0,2084.89990234375,2104.300048828125,2068.60009765625,302505
JBCHEPHARM,2026-03-20,2080.0,2138.60009765625,2195.0,2080.0,467550
JBCHEPHARM,2026-03-23,2138.60009765625,2080.300048828125,2138.60009765625,2069.199951171875,254449
JBCHEPHARM,2026-03-24,2105.0,2076.800048828125,2105.0,2053.39990234375,275291
JBCHEPHARM,2026-03-25,2092.0,2085.300048828125,2112.10009765625,2063.10009765625,335521
JBCHEPHARM,2026-03-27,2089.89990234375,2056.699951171875,2091.5,2048.89990234375,286880
JBCHEPHARM,2026-03-30,2048.89990234375,2064.39990234375,2076.199951171875,2030.199951171875,324504
JBCHEPHARM,2026-04-01,2071.89990234375,2008.800048828125,2103.0,1990.5999755859375,241774
JBCHEPHARM,2026-04-02,1994.0,1961.0999755859375,1998.800048828125,1892.5999755859375,205949
JBCHEPHARM,2026-04-06,1913.300048828125,1952.0,1968.0999755859375,1913.300048828125,384187
JBCHEPHARM,2026-04-07,1959.800048828125,1961.9000244140625,1981.199951171875,1923.199951171875,383971
JBCHEPHARM,2026-04-08,1985.0,1942.5,1994.300048828125,1937.699951171875,578001
JBCHEPHARM,2026-04-09,1943.5,1970.199951171875,1983.0999755859375,1943.5,341494
JBCHEPHARM,2026-04-10,1988.800048828125,2005.4000244140625,2009.0,1968.4000244140625,336850
JBCHEPHARM,2026-04-13,1999.0999755859375,1998.4000244140625,2029.0,1976.0999755859375,585644
JBCHEPHARM,2026-04-15,1999.0,1981.0999755859375,2023.5,1975.199951171875,524015
JBCHEPHARM,2026-04-16,1981.0999755859375,1975.0,1999.800048828125,1958.5999755859375,201603
JBCHEPHARM,2026-04-17,1975.0,1998.0,2002.300048828125,1966.5,72190
JBCHEPHARM,2026-04-20,1985.0999755859375,1991.199951171875,2008.5,1967.5999755859375,67902
JBCHEPHARM,2026-04-21,1996.0,1992.9000244140625,2014.5999755859375,1986.5,595399
JBCHEPHARM,2026-04-22,1990.0,1977.800048828125,1999.9000244140625,1968.699951171875,249366
JBCHEPHARM,2026-04-23,1980.0,2011.5,2033.699951171875,1960.199951171875,354656
JBCHEPHARM,2026-04-24,2011.5,2005.800048828125,2018.199951171875,1991.0,225321
JBCHEPHARM,2026-04-27,2013.0,2047.5,2056.0,2008.199951171875,300193
JBCHEPHARM,2026-04-28,2064.0,2043.5999755859375,2065.699951171875,2031.0,334885
JBCHEPHARM,2026-04-29,2061.0,2061.199951171875,2081.89990234375,2040.0,201035
JBCHEPHARM,2026-04-30,2061.199951171875,2043.4000244140625,2072.89990234375,2028.699951171875,145245
JBCHEPHARM,2026-05-01,2043.4000244140625,2043.4000244140625,2043.4000244140625,2043.4000244140625,0
JBCHEPHARM,2026-05-04,2066.800048828125,2082.10009765625,2097.5,2062.300048828125,248571
JBCHEPHARM,2026-05-05,2082.0,2094.60009765625,2108.10009765625,2080.10009765625,380441
JBCHEPHARM,2026-05-06,2106.800048828125,2141.5,2171.0,2100.0,422003
JBCHEPHARM,2026-05-07,2114.10009765625,2143.199951171875,2167.0,2108.0,233228
JBCHEPHARM,2026-05-08,2143.300048828125,2149.800048828125,2164.0,2134.89990234375,135870
JBCHEPHARM,2026-05-11,2133.5,2209.199951171875,2224.89990234375,2111.699951171875,584031
JBCHEPHARM,2026-05-12,2152.0,2135.300048828125,2189.39990234375,2125.0,753580
JBCHEPHARM,2026-05-13,2122.10009765625,2094.300048828125,2149.699951171875,2080.5,375198
JBCHEPHARM,2026-05-14,2107.89990234375,2137.800048828125,2148.0,2095.10009765625,231504
JBCHEPHARM,2026-05-15,2153.39990234375,2140.39990234375,2160.10009765625,2124.39990234375,235620
JBCHEPHARM,2026-05-18,2124.60009765625,2125.300048828125,2142.89990234375,2087.10009765625,242131
JBCHEPHARM,2026-05-19,2125.300048828125,2171.60009765625,2187.39990234375,2106.10009765625,196385
JBCHEPHARM,2026-05-20,2170.0,2163.60009765625,2189.5,2138.10009765625,235609
JBCHEPHARM,2026-05-21,2166.0,2178.89990234375,2194.89990234375,2154.5,417886
JBCHEPHARM,2026-05-22,2189.800048828125,2192.60009765625,2217.0,2171.0,203854
JBCHEPHARM,2026-05-25,2214.0,2228.39990234375,2285.300048828125,2200.0,485276
JBCHEPHARM,2026-05-26,2248.0,2190.0,2248.0,2168.0,207333
JBCHEPHARM,2026-05-27,2190.0,2204.199951171875,2215.0,2168.0,170231
JBCHEPHARM,2026-05-28,2204.199951171875,2204.199951171875,2204.199951171875,2204.199951171875,0
JBCHEPHARM,2026-05-29,2204.199951171875,2167.39990234375,2239.800048828125,2131.0,324822
JBCHEPHARM,2026-06-01,2160.699951171875,2140.199951171875,2177.699951171875,2120.0,667973
JBCHEPHARM,2026-06-02,2122.0,2129.60009765625,2135.300048828125,2080.89990234375,371359
JBCHEPHARM,2026-06-03,2121.0,2140.0,2149.199951171875,2104.0,250200
JBCHEPHARM,2026-06-04,2124.0,2133.699951171875,2163.39990234375,2121.699951171875,420680
JINDALSTEL,2026-03-04,1225.0999755859375,1168.4000244140625,1227.0,1161.0,2894114
JINDALSTEL,2026-03-05,1172.300048828125,1184.0,1193.300048828125,1169.4000244140625,788753
JINDALSTEL,2026-03-06,1184.0,1180.4000244140625,1195.800048828125,1176.5999755859375,797237
JINDALSTEL,2026-03-09,1157.0,1144.0999755859375,1167.0999755859375,1132.0,2194187
JINDALSTEL,2026-03-10,1154.9000244140625,1187.199951171875,1190.9000244140625,1150.5,1189789
JINDALSTEL,2026-03-11,1187.0,1187.0,1205.0999755859375,1183.199951171875,1055730
JINDALSTEL,2026-03-12,1177.5999755859375,1225.0,1232.0999755859375,1162.199951171875,1959835
JINDALSTEL,2026-03-13,1216.300048828125,1143.300048828125,1222.4000244140625,1136.0999755859375,1866333
JINDALSTEL,2026-03-16,1137.0,1133.0,1156.199951171875,1124.199951171875,1403667
JINDALSTEL,2026-03-17,1135.9000244140625,1157.300048828125,1160.699951171875,1128.0,809027
JINDALSTEL,2026-03-18,1157.300048828125,1179.199951171875,1184.4000244140625,1140.199951171875,1013722
JINDALSTEL,2026-03-19,1161.199951171875,1138.0999755859375,1162.699951171875,1130.699951171875,542455
JINDALSTEL,2026-03-20,1144.0999755859375,1186.5,1196.0,1144.0999755859375,1998983
JINDALSTEL,2026-03-23,1162.0,1106.199951171875,1169.800048828125,1101.5999755859375,1880244
JINDALSTEL,2026-03-24,1129.4000244140625,1120.5999755859375,1138.5,1111.0,1222265
JINDALSTEL,2026-03-25,1132.199951171875,1143.0,1154.0,1130.5,1230757
JINDALSTEL,2026-03-27,1135.9000244140625,1131.4000244140625,1154.699951171875,1122.4000244140625,1840045
JINDALSTEL,2026-03-30,1117.0,1113.0999755859375,1133.800048828125,1106.9000244140625,1729076
JINDALSTEL,2026-04-01,1131.0,1137.4000244140625,1158.300048828125,1126.4000244140625,1544180
JINDALSTEL,2026-04-02,1131.0,1137.9000244140625,1146.300048828125,1093.800048828125,1485498
JINDALSTEL,2026-04-06,1131.0,1134.0,1156.4000244140625,1101.300048828125,4716546
JINDALSTEL,2026-04-07,1124.0999755859375,1168.199951171875,1173.9000244140625,1124.0999755859375,1729304
JINDALSTEL,2026-04-08,1190.0,1213.0999755859375,1223.0999755859375,1188.9000244140625,1573122
JINDALSTEL,2026-04-09,1213.300048828125,1199.5999755859375,1229.699951171875,1194.800048828125,1807078
JINDALSTEL,2026-04-10,1207.0,1219.199951171875,1223.0999755859375,1196.5,1632332
JINDALSTEL,2026-04-13,1205.0,1218.5,1230.300048828125,1185.5,1075242
JINDALSTEL,2026-04-15,1234.0,1221.300048828125,1249.5,1211.0,1190536
JINDALSTEL,2026-04-16,1226.0,1228.300048828125,1242.0,1219.5,1381465
JINDALSTEL,2026-04-17,1228.300048828125,1270.0,1284.0,1207.9000244140625,2860655
JINDALSTEL,2026-04-20,1274.9000244140625,1287.699951171875,1297.5,1250.0,1852542
JINDALSTEL,2026-04-21,1290.0,1288.800048828125,1306.199951171875,1277.300048828125,1197265
JINDALSTEL,2026-04-22,1289.0,1278.5999755859375,1298.4000244140625,1272.300048828125,1550115
JINDALSTEL,2026-04-23,1278.5999755859375,1254.5,1279.9000244140625,1251.699951171875,843109
JINDALSTEL,2026-04-24,1252.199951171875,1256.0,1273.0999755859375,1237.300048828125,1161639
JINDALSTEL,2026-04-27,1257.9000244140625,1278.199951171875,1293.5999755859375,1257.5999755859375,1150764
JINDALSTEL,2026-04-28,1283.5,1265.5,1290.5,1262.5,858544
JINDALSTEL,2026-04-29,1270.9000244140625,1228.0999755859375,1270.9000244140625,1224.5,1069141
JINDALSTEL,2026-04-30,1224.0,1223.0999755859375,1234.4000244140625,1201.0999755859375,878441
JINDALSTEL,2026-05-01,1223.0999755859375,1223.0999755859375,1223.0999755859375,1223.0999755859375,0
JINDALSTEL,2026-05-04,1245.0,1261.4000244140625,1278.9000244140625,1234.0999755859375,4141121
JINDALSTEL,2026-05-05,1263.0999755859375,1261.199951171875,1283.300048828125,1254.699951171875,2181399
JINDALSTEL,2026-05-06,1272.0,1264.300048828125,1283.5999755859375,1250.0,1985427
JINDALSTEL,2026-05-07,1273.0,1258.199951171875,1284.4000244140625,1254.199951171875,992992
JINDALSTEL,2026-05-08,1258.199951171875,1248.4000244140625,1260.0,1239.199951171875,995187
JINDALSTEL,2026-05-11,1250.0,1232.0,1256.0,1230.199951171875,699510
JINDALSTEL,2026-05-12,1233.0999755859375,1214.300048828125,1242.800048828125,1211.0999755859375,1177173
JINDALSTEL,2026-05-13,1219.0,1242.9000244140625,1258.0,1216.0999755859375,1024817
JINDALSTEL,2026-05-14,1253.0999755859375,1252.800048828125,1258.4000244140625,1237.199951171875,1111090
JINDALSTEL,2026-05-15,1255.0,1232.0,1259.0,1225.699951171875,1171259
JINDALSTEL,2026-05-18,1229.199951171875,1231.800048828125,1246.300048828125,1200.699951171875,923644
JINDALSTEL,2026-05-19,1237.0,1226.300048828125,1237.699951171875,1221.199951171875,634511
JINDALSTEL,2026-05-20,1215.0,1223.0999755859375,1244.0,1200.9000244140625,1117681
JINDALSTEL,2026-05-21,1243.0,1196.800048828125,1243.0,1194.0,963285
JINDALSTEL,2026-05-22,1198.5999755859375,1209.9000244140625,1212.4000244140625,1192.300048828125,805924
JINDALSTEL,2026-05-25,1224.4000244140625,1212.300048828125,1224.4000244140625,1209.0999755859375,323348
JINDALSTEL,2026-05-26,1212.300048828125,1222.9000244140625,1226.300048828125,1205.0,477830
JINDALSTEL,2026-05-27,1225.0,1220.5999755859375,1254.9000244140625,1211.0,1184467
JINDALSTEL,2026-05-28,1220.5999755859375,1220.5999755859375,1220.5999755859375,1220.5999755859375,0
JINDALSTEL,2026-05-29,1227.0,1207.199951171875,1230.5,1191.699951171875,4256869
JINDALSTEL,2026-06-01,1219.0,1209.800048828125,1222.9000244140625,1203.0999755859375,451079
JINDALSTEL,2026-06-02,1199.699951171875,1203.4000244140625,1217.5,1196.699951171875,478492
JINDALSTEL,2026-06-03,1213.199951171875,1211.300048828125,1218.9000244140625,1190.0,489001
JINDALSTEL,2026-06-04,1210.800048828125,1197.199951171875,1213.5999755859375,1195.0,611274
KEI,2026-03-04,5123.0,4979.0,5174.5,4963.0,552306
KEI,2026-03-05,5042.0,4920.5,5042.0,4861.5,581342
KEI,2026-03-06,4930.5,4921.0,5000.5,4903.0,336511
KEI,2026-03-09,4860.0,4789.5,4875.0,4670.5,475141
KEI,2026-03-10,4854.5,4537.0,4865.5,4429.0,884481
KEI,2026-03-11,4537.0,4321.0,4554.0,4303.5,896337
KEI,2026-03-12,4300.0,4330.0,4425.0,4265.0,523034
KEI,2026-03-13,4330.0,4158.0,4330.0,4144.0,526941
KEI,2026-03-16,4117.0,4174.0,4218.0,4063.0,311508
KEI,2026-03-17,4200.0,4216.5,4237.0,4110.5,287485
KEI,2026-03-18,4248.0,4390.0,4424.0,4224.0,381581
KEI,2026-03-19,4331.0,4213.0,4340.0,4185.0,434290
KEI,2026-03-20,4234.0,4188.0,4323.0,4176.5,241373
KEI,2026-03-23,4110.0,3990.5,4121.5,3937.0,370258
KEI,2026-03-24,4123.5,4126.0,4142.5,4000.0,356052
KEI,2026-03-25,4219.0,4196.0,4319.0,4166.0,681413
KEI,2026-03-27,4196.0,4124.0,4230.5,4101.5,598658
KEI,2026-03-30,4074.0,4038.0,4135.5,3962.0,740360
KEI,2026-04-01,4131.2001953125,4134.7998046875,4217.7998046875,4092.300048828125,639264
KEI,2026-04-02,4100.0,4048.10009765625,4109.5,3953.300048828125,559572
KEI,2026-04-06,4058.199951171875,4123.10009765625,4150.89990234375,4009.300048828125,257078
KEI,2026-04-07,4137.0,4236.60009765625,4246.0,4031.0,400852
KEI,2026-04-08,4450.0,4507.2001953125,4580.5,4427.60009765625,758851
KEI,2026-04-09,4507.7998046875,4416.89990234375,4529.89990234375,4385.10009765625,476450
KEI,2026-04-10,4440.2998046875,4459.0,4565.0,4419.39990234375,312000
KEI,2026-04-13,4362.2001953125,4458.7001953125,4499.0,4301.0,334642
KEI,2026-04-15,4579.2998046875,4598.5,4640.0,4535.0,279299
KEI,2026-04-16,4640.0,4647.39990234375,4694.0,4587.0,340276
KEI,2026-04-17,4689.89990234375,4839.2998046875,4866.2001953125,4634.5,489014
KEI,2026-04-20,4839.2998046875,4880.60009765625,4954.39990234375,4725.39990234375,360940
KEI,2026-04-21,4930.7001953125,4825.7001953125,4996.89990234375,4807.0,411620
KEI,2026-04-22,4825.7998046875,4909.7001953125,4942.2998046875,4803.5,280906
KEI,2026-04-23,4859.0,4839.5,4984.0,4826.2998046875,367334
KEI,2026-04-24,4850.0,4816.10009765625,4887.39990234375,4750.0,262223
KEI,2026-04-27,4884.10009765625,4888.7001953125,5009.2001953125,4825.0,338902
KEI,2026-04-28,4899.0,4965.10009765625,4998.0,4889.39990234375,236667
KEI,2026-04-29,4997.0,4935.2001953125,5050.0,4917.10009765625,354086
KEI,2026-04-30,4935.2001953125,4857.5,4935.2001953125,4747.60009765625,724328
KEI,2026-05-01,4857.5,4857.5,4857.5,4857.5,0
KEI,2026-05-04,4900.89990234375,5058.2998046875,5070.10009765625,4791.89990234375,662781
KEI,2026-05-05,4950.0,5018.2001953125,5136.0,4720.10009765625,1875678
KEI,2026-05-06,5049.7998046875,5148.60009765625,5225.0,5048.10009765625,587088
KEI,2026-05-07,5127.89990234375,5110.2001953125,5245.0,4956.60009765625,1118993
KEI,2026-05-08,5126.0,5099.60009765625,5179.89990234375,5064.2998046875,361665
KEI,2026-05-11,5050.0,5120.0,5221.0,5021.7001953125,442843
KEI,2026-05-12,5120.0,4997.10009765625,5176.10009765625,4964.7998046875,236015
KEI,2026-05-13,4991.10009765625,4919.5,5006.60009765625,4822.60009765625,593722
KEI,2026-05-14,4942.7998046875,5144.7001953125,5180.0,4871.0,387925
KEI,2026-05-15,5228.89990234375,5117.5,5247.7998046875,5073.0,357710
KEI,2026-05-18,5074.89990234375,5088.10009765625,5115.7001953125,4950.0,374326
KEI,2026-05-19,5080.0,5082.39990234375,5180.0,5028.2998046875,324895
KEI,2026-05-20,5050.0,5119.7998046875,5139.0,5040.10009765625,266512
KEI,2026-05-21,5146.2001953125,5237.0,5295.0,5146.2001953125,550071
KEI,2026-05-22,5262.5,5260.5,5325.0,5232.60009765625,410075
KEI,2026-05-25,5325.0,5281.5,5345.0,5264.0,239111
KEI,2026-05-26,5289.60009765625,5305.5,5328.89990234375,5267.2001953125,239510
KEI,2026-05-27,5320.0,5446.2001953125,5455.0,5306.39990234375,328358
KEI,2026-05-28,5446.2001953125,5446.2001953125,5446.2001953125,5446.2001953125,0
KEI,2026-05-29,5474.89990234375,5267.5,5476.2998046875,5230.0,348840
KEI,2026-06-01,5289.5,5174.0,5350.5,5157.0,163199
KEI,2026-06-02,5109.0,5261.5,5281.0,5067.5,204472
KEI,2026-06-03,5299.0,5222.0,5347.5,5204.5,265111
KEI,2026-06-04,5222.0,5296.0,5374.5,5186.0,201738
KRISHANA,2026-03-04,460.04998779296875,465.04998779296875,471.8500061035156,460.04998779296875,41027
KRISHANA,2026-03-05,465.0,475.8999938964844,478.0,463.04998779296875,36362
KRISHANA,2026-03-06,468.75,486.75,490.25,468.75,37343
KRISHANA,2026-03-09,475.1000061035156,477.20001220703125,483.8999938964844,471.3999938964844,26251
KRISHANA,2026-03-10,479.75,499.29998779296875,499.95001220703125,475.0,124966
KRISHANA,2026-03-11,504.8999938964844,495.8500061035156,504.95001220703125,493.29998779296875,23371
KRISHANA,2026-03-12,488.20001220703125,507.3999938964844,509.0,486.04998779296875,86717
KRISHANA,2026-03-13,500.70001220703125,482.6499938964844,505.8500061035156,471.1499938964844,53508
KRISHANA,2026-03-16,487.8999938964844,474.3500061035156,487.8999938964844,468.6000061035156,31264
KRISHANA,2026-03-17,479.95001220703125,474.3999938964844,481.0,471.1499938964844,26583
KRISHANA,2026-03-18,474.3999938964844,489.25,490.95001220703125,471.6000061035156,58541
KRISHANA,2026-03-19,481.75,475.45001220703125,483.25,470.6000061035156,72719
KRISHANA,2026-03-20,476.0,487.20001220703125,494.0,475.0,67229
KRISHANA,2026-03-23,479.8999938964844,469.0,479.8999938964844,466.20001220703125,62559
KRISHANA,2026-03-24,479.95001220703125,479.25,488.5,467.5,227667
KRISHANA,2026-03-25,479.8999938964844,482.1000061035156,496.0,477.0,309929
KRISHANA,2026-03-27,478.04998779296875,481.3500061035156,489.25,478.0,84156
KRISHANA,2026-03-30,476.45001220703125,470.6499938964844,484.70001220703125,465.0,76691
KRISHANA,2026-04-01,484.95001220703125,498.29998779296875,503.70001220703125,475.6499938964844,78426
KRISHANA,2026-04-02,494.0,539.2000122070312,545.0,482.0,428423
KRISHANA,2026-04-06,545.7000122070312,554.4000244140625,571.9000244140625,545.4000244140625,383191
KRISHANA,2026-04-07,557.6500244140625,572.75,579.7999877929688,548.0499877929688,408886
KRISHANA,2026-04-08,585.0,598.9500122070312,604.9500122070312,580.0,486371
KRISHANA,2026-04-09,603.9000244140625,584.3499755859375,619.0,580.5999755859375,350740
KRISHANA,2026-04-10,595.0,572.2000122070312,598.0,565.0,264810
KRISHANA,2026-04-13,561.0,580.25,595.4000244140625,556.0,329201
KRISHANA,2026-04-15,594.0,610.5,627.0,589.9500122070312,600994
KRISHANA,2026-04-16,619.9500122070312,640.2000122070312,643.9500122070312,611.0499877929688,645794
KRISHANA,2026-04-17,648.0,626.0,657.7999877929688,617.0999755859375,412125
KRISHANA,2026-04-20,626.0,638.75,644.0,616.0499877929688,264395
KRISHANA,2026-04-21,643.7000122070312,623.6500244140625,648.0,621.1500244140625,245002
KRISHANA,2026-04-22,623.6500244140625,638.5,643.4000244140625,623.6500244140625,189648
KRISHANA,2026-04-23,642.2000122070312,635.1500244140625,651.0,628.2999877929688,144974
KRISHANA,2026-04-24,642.5,638.1500244140625,655.0,630.0,264846
KRISHANA,2026-04-27,649.0,686.8499755859375,698.0,631.0999755859375,884487
KRISHANA,2026-04-28,698.0,669.0499877929688,704.0,665.5,377603
KRISHANA,2026-04-29,672.3499755859375,604.9500122070312,674.3499755859375,598.8499755859375,997534
KRISHANA,2026-04-30,605.2999877929688,600.0999755859375,620.0,594.0499877929688,294736
KRISHANA,2026-05-01,600.0999755859375,600.0999755859375,600.0999755859375,600.0999755859375,0
KRISHANA,2026-05-04,601.1500244140625,611.0999755859375,615.4000244140625,585.0,361539
KRISHANA,2026-05-05,614.9500122070312,633.9000244140625,637.0,613.0499877929688,401745
KRISHANA,2026-05-06,644.9500122070312,664.0499877929688,675.0,625.5,338236
KRISHANA,2026-05-07,675.0,680.5,682.0,664.5,310977
KRISHANA,2026-05-08,682.0999755859375,702.0499877929688,703.9500122070312,682.0999755859375,619046
KRISHANA,2026-05-11,706.3499755859375,680.5499877929688,712.5,667.5,504117
KRISHANA,2026-05-12,680.0,681.8499755859375,694.9500122070312,669.9500122070312,210620
KRISHANA,2026-05-13,681.0,677.5499877929688,695.0499877929688,673.0,279001
KRISHANA,2026-05-14,683.0,689.0499877929688,699.9500122070312,682.0,481659
KRISHANA,2026-05-15,692.9000244140625,669.6500244140625,698.0,664.0499877929688,283490
KRISHANA,2026-05-18,668.0,665.4000244140625,669.9500122070312,648.0499877929688,175465
KRISHANA,2026-05-19,669.0,681.7000122070312,683.75,660.8499755859375,110206
KRISHANA,2026-05-20,676.0,684.3499755859375,688.9000244140625,667.9500122070312,119154
KRISHANA,2026-05-21,692.0,702.5,704.0,676.0499877929688,618608
KRISHANA,2026-05-22,711.0,666.7000122070312,718.5,661.5999755859375,600612
KRISHANA,2026-05-25,673.7000122070312,666.8499755859375,679.7999877929688,652.0,290982
KRISHANA,2026-05-26,666.0,672.4000244140625,684.0,660.0,305547
KRISHANA,2026-05-27,680.7999877929688,681.0999755859375,700.0,666.2999877929688,365175
KRISHANA,2026-05-28,681.0999755859375,681.0999755859375,681.0999755859375,681.0999755859375,0
KRISHANA,2026-05-29,690.0,668.0999755859375,692.0,663.4500122070312,165182
KRISHANA,2026-06-01,670.0,679.75,688.0,664.1500244140625,261428
KRISHANA,2026-06-02,677.9000244140625,686.4500122070312,692.0,671.3499755859375,309341
KRISHANA,2026-06-03,694.0,682.6500244140625,698.7000122070312,675.0,190922
KRISHANA,2026-06-04,682.6500244140625,684.5499877929688,695.5999755859375,678.7999877929688,198629
KTKBANK,2026-03-04,200.0,200.8800048828125,202.97999572753906,195.8000030517578,5306661
KTKBANK,2026-03-05,201.0399932861328,213.58999633789062,215.25,200.25,9859905
KTKBANK,2026-03-06,215.0,217.8000030517578,224.02999877929688,214.47999572753906,10374317
KTKBANK,2026-03-09,210.5,205.80999755859375,212.6999969482422,203.30999755859375,3973126
KTKBANK,2026-03-10,210.0,221.30999755859375,223.64999389648438,207.50999450683594,8257267
KTKBANK,2026-03-11,221.99000549316406,228.72999572753906,233.0,221.0,11555276
KTKBANK,2026-03-12,226.89999389648438,226.6999969482422,230.39999389648438,221.11000061035156,4355969
KTKBANK,2026-03-13,226.0,223.61000061035156,229.74000549316406,220.1999969482422,6441494
KTKBANK,2026-03-16,225.0,217.6999969482422,225.00999450683594,211.0500030517578,5109651
KTKBANK,2026-03-17,219.5,226.14999389648438,227.0,215.5,3586969
KTKBANK,2026-03-18,225.9499969482422,231.8800048828125,238.24000549316406,225.0,7552817
KTKBANK,2026-03-19,225.5,231.32000732421875,236.0,225.5,5061968
KTKBANK,2026-03-20,234.8000030517578,228.92999267578125,238.9499969482422,226.14999389648438,3775657
KTKBANK,2026-03-23,223.0,214.5,225.9600067138672,212.5,3367717
KTKBANK,2026-03-24,220.0,218.1199951171875,221.5,215.60000610351562,2397533
KTKBANK,2026-03-25,222.0,226.47999572753906,231.6999969482422,220.0,3937747
KTKBANK,2026-03-27,225.0,229.66000366210938,231.72000122070312,220.50999450683594,4463019
KTKBANK,2026-03-30,225.0,222.9600067138672,231.3000030517578,221.83999633789062,2593415
KTKBANK,2026-04-01,230.0,230.1699981689453,233.41000366210938,226.0,3961866
KTKBANK,2026-04-02,228.14999389648438,227.47000122070312,229.99000549316406,217.0,3325136
KTKBANK,2026-04-06,227.88999938964844,229.6999969482422,236.3000030517578,223.6699981689453,3262658
KTKBANK,2026-04-07,228.0,228.9499969482422,232.0,226.0,1969505
KTKBANK,2026-04-08,235.0,243.50999450683594,243.9499969482422,231.8800048828125,7559581
KTKBANK,2026-04-09,243.50999450683594,243.69000244140625,251.0,240.0,6004567
KTKBANK,2026-04-10,244.8000030517578,242.97000122070312,246.5500030517578,240.25,2452720
KTKBANK,2026-04-13,238.0,240.94000244140625,243.57000732421875,234.41000366210938,1770434
KTKBANK,2026-04-15,245.0,242.52000427246094,247.8000030517578,241.39999389648438,3658477
KTKBANK,2026-04-16,244.49000549316406,246.33999633789062,247.9499969482422,241.47000122070312,3755039
KTKBANK,2026-04-17,246.33999633789062,246.22999572753906,248.1999969482422,242.60000610351562,4030673
KTKBANK,2026-04-20,247.69000244140625,245.6699981689453,255.5,243.5,5817601
KTKBANK,2026-04-21,246.0,250.32000732421875,252.4600067138672,246.0,2240422
KTKBANK,2026-04-22,253.0,250.63999938964844,254.0,249.60000610351562,1928406
KTKBANK,2026-04-23,249.0,244.97000122070312,250.89999389648438,244.44000244140625,2068821
KTKBANK,2026-04-24,245.5399932861328,242.0399932861328,247.0,240.4600067138672,1200192
KTKBANK,2026-04-27,243.0,254.32000732421875,255.89999389648438,242.99000549316406,3491065
KTKBANK,2026-04-28,253.0,263.6300048828125,265.010009765625,251.10000610351562,5284366
KTKBANK,2026-04-29,263.0,268.3299865722656,271.44000244140625,261.42999267578125,5831407
KTKBANK,2026-04-30,268.3299865722656,268.6099853515625,270.5,262.4700012207031,3691889
KTKBANK,2026-05-01,268.6099853515625,268.6099853515625,268.6099853515625,268.6099853515625,0
KTKBANK,2026-05-04,269.6000061035156,274.3999938964844,275.29998779296875,266.20001220703125,3909826
KTKBANK,2026-05-05,272.70001220703125,269.6000061035156,273.45001220703125,265.5,2259134
KTKBANK,2026-05-06,271.3999938964844,266.3999938964844,273.1000061035156,265.5,1674655
KTKBANK,2026-05-07,267.79998779296875,266.79998779296875,269.29998779296875,259.8500061035156,2118384
KTKBANK,2026-05-08,265.95001220703125,259.3500061035156,265.95001220703125,258.29998779296875,1337905
KTKBANK,2026-05-11,258.0,251.60000610351562,258.3500061035156,250.5500030517578,1612559
KTKBANK,2026-05-12,250.5,247.0500030517578,252.10000610351562,244.5,2418566
KTKBANK,2026-05-13,247.25,248.8000030517578,255.0,246.0,1662222
KTKBANK,2026-05-14,250.0,246.9499969482422,251.5,244.0,1302271
KTKBANK,2026-05-15,246.9499969482422,246.10000610351562,252.0,243.6999969482422,1374899
KTKBANK,2026-05-18,245.35000610351562,242.85000610351562,245.35000610351562,238.6999969482422,1390684
KTKBANK,2026-05-19,245.0,247.75,252.75,245.0,2633018
KTKBANK,2026-05-20,255.39999389648438,263.79998779296875,271.3999938964844,252.10000610351562,20166345
KTKBANK,2026-05-21,267.0,270.8500061035156,273.75,262.20001220703125,4554046
KTKBANK,2026-05-22,272.8999938964844,264.5,272.8999938964844,263.25,1837508
KTKBANK,2026-05-25,264.79998779296875,264.25,267.0,262.20001220703125,1643721
KTKBANK,2026-05-26,265.5,267.54998779296875,278.0,263.25,5166361
KTKBANK,2026-05-27,269.79998779296875,271.8500061035156,274.0,268.79998779296875,2159206
KTKBANK,2026-05-28,271.8500061035156,271.8500061035156,271.8500061035156,271.8500061035156,0
KTKBANK,2026-05-29,272.8999938964844,269.3500061035156,278.3999938964844,267.04998779296875,3485669
KTKBANK,2026-06-01,271.0,265.70001220703125,277.3999938964844,262.5,3062519
KTKBANK,2026-06-02,265.0,264.0,273.04998779296875,261.29998779296875,3219483
KTKBANK,2026-06-03,264.1000061035156,267.6000061035156,269.6499938964844,257.1499938964844,2909567
KTKBANK,2026-06-04,266.5,262.8999938964844,268.70001220703125,261.29998779296875,1391190
LAURUSLABS,2026-03-04,1059.0,1030.5999755859375,1061.0,1019.9000244140625,1499364
LAURUSLABS,2026-03-05,1037.0,1045.9000244140625,1057.699951171875,1033.699951171875,938473
LAURUSLABS,2026-03-06,1045.0,1026.199951171875,1055.0,1022.4000244140625,810949
LAURUSLABS,2026-03-09,1005.0,1021.0,1026.0999755859375,975.0,1955333
LAURUSLABS,2026-03-10,1030.0,1038.0,1051.9000244140625,1030.0,1367343
LAURUSLABS,2026-03-11,1043.699951171875,1041.0,1068.0,1031.0,1839756
LAURUSLABS,2026-03-12,1042.0,1046.800048828125,1057.0,1017.5999755859375,1300644
LAURUSLABS,2026-03-13,1037.0,1003.4000244140625,1050.5,980.7999877929688,3068139
LAURUSLABS,2026-03-16,997.7000122070312,960.7999877929688,1013.9000244140625,951.7999877929688,2979584
LAURUSLABS,2026-03-17,962.9000244140625,968.7000122070312,987.0,962.0,1580678
LAURUSLABS,2026-03-18,976.9000244140625,983.4000244140625,991.7999877929688,968.5,1187761
LAURUSLABS,2026-03-19,975.0,944.9000244140625,975.2000122070312,936.2999877929688,1329267
LAURUSLABS,2026-03-20,960.7999877929688,987.2000122070312,990.9000244140625,953.0,1763554
LAURUSLABS,2026-03-23,979.0999755859375,961.4000244140625,981.4000244140625,957.4000244140625,1068049
LAURUSLABS,2026-03-24,978.0,992.5999755859375,1001.5,966.0,1521765
LAURUSLABS,2026-03-25,1009.0,1023.5,1029.0,995.4000244140625,1421805
LAURUSLABS,2026-03-27,1019.0,1008.7999877929688,1021.0,1000.5,6517137
LAURUSLABS,2026-03-30,1001.0,992.7000122070312,1003.9000244140625,984.7000122070312,1517014
LAURUSLABS,2026-04-01,1020.0999755859375,1038.800048828125,1044.4000244140625,1017.5499877929688,2351992
LAURUSLABS,2026-04-02,1028.0,1042.9000244140625,1049.800048828125,994.25,2919766
LAURUSLABS,2026-04-06,1042.9000244140625,1058.199951171875,1063.550048828125,1014.2999877929688,1952469
LAURUSLABS,2026-04-07,1059.9000244140625,1057.449951171875,1071.4000244140625,1045.0,1562842
LAURUSLABS,2026-04-08,1077.0,1082.449951171875,1092.25,1072.0999755859375,1645757
LAURUSLABS,2026-04-09,1081.0,1083.699951171875,1090.9000244140625,1074.050048828125,974649
LAURUSLABS,2026-04-10,1091.0999755859375,1098.3499755859375,1109.0,1079.5999755859375,1769594
LAURUSLABS,2026-04-13,1080.5999755859375,1087.800048828125,1092.800048828125,1072.550048828125,1313173
LAURUSLABS,2026-04-15,1122.0,1117.5999755859375,1124.0,1093.75,1723052
LAURUSLABS,2026-04-16,1127.0,1128.3499755859375,1135.75,1112.800048828125,1250244
LAURUSLABS,2026-04-17,1130.0,1135.75,1142.3499755859375,1122.550048828125,1232935
LAURUSLABS,2026-04-20,1135.75,1129.5,1144.8499755859375,1118.4000244140625,1180808
LAURUSLABS,2026-04-21,1127.6500244140625,1114.3499755859375,1136.800048828125,1110.050048828125,1493267
LAURUSLABS,2026-04-22,1110.0,1096.0999755859375,1119.9000244140625,1094.0,1916410
LAURUSLABS,2026-04-23,1096.5,1129.0,1130.0,1091.0999755859375,1920320
LAURUSLABS,2026-04-24,1129.199951171875,1113.449951171875,1137.199951171875,1110.199951171875,1666180
LAURUSLABS,2026-04-27,1118.800048828125,1123.550048828125,1132.4000244140625,1106.300048828125,1363246
LAURUSLABS,2026-04-28,1132.0,1090.449951171875,1133.0,1085.0,2044775
LAURUSLABS,2026-04-29,1092.449951171875,1106.0999755859375,1115.800048828125,1085.0,1747114
LAURUSLABS,2026-04-30,1086.300048828125,1100.949951171875,1112.949951171875,1080.0,2364117
LAURUSLABS,2026-05-01,1100.949951171875,1100.949951171875,1100.949951171875,1100.949951171875,0
LAURUSLABS,2026-05-04,1102.199951171875,1166.4000244140625,1171.0,1102.0,4720716
LAURUSLABS,2026-05-05,1172.5,1164.0999755859375,1175.5,1157.699951171875,5271484
LAURUSLABS,2026-05-06,1174.0,1177.5999755859375,1200.5999755859375,1164.199951171875,3550499
LAURUSLABS,2026-05-07,1188.699951171875,1206.5,1223.699951171875,1183.699951171875,2528893
LAURUSLABS,2026-05-08,1206.0,1228.300048828125,1237.9000244140625,1206.0,1958542
LAURUSLABS,2026-05-11,1232.5,1266.800048828125,1277.300048828125,1221.4000244140625,3026020
LAURUSLABS,2026-05-12,1273.0,1268.0,1289.0,1260.0999755859375,2330669
LAURUSLABS,2026-05-13,1275.0,1280.5,1292.5,1246.5999755859375,3171882
LAURUSLABS,2026-05-14,1291.5,1315.5,1324.0999755859375,1283.0999755859375,2384098
LAURUSLABS,2026-05-15,1324.0,1323.5999755859375,1327.9000244140625,1309.9000244140625,2223101
LAURUSLABS,2026-05-18,1323.5999755859375,1327.300048828125,1333.5,1307.5999755859375,1925151
LAURUSLABS,2026-05-19,1335.0,1344.9000244140625,1353.0999755859375,1322.0999755859375,1880061
LAURUSLABS,2026-05-20,1339.0,1361.0999755859375,1363.4000244140625,1335.5999755859375,2103500
LAURUSLABS,2026-05-21,1373.9000244140625,1351.0,1373.9000244140625,1342.199951171875,2056966
LAURUSLABS,2026-05-22,1355.699951171875,1343.5,1355.699951171875,1332.0999755859375,1698593
LAURUSLABS,2026-05-25,1345.0,1356.300048828125,1363.9000244140625,1340.0,1632496
LAURUSLABS,2026-05-26,1361.0,1373.9000244140625,1376.9000244140625,1357.0,1754325
LAURUSLABS,2026-05-27,1369.9000244140625,1381.699951171875,1391.5,1365.0999755859375,1311180
LAURUSLABS,2026-05-28,1381.699951171875,1381.699951171875,1381.699951171875,1381.699951171875,0
LAURUSLABS,2026-05-29,1383.0,1362.0,1393.4000244140625,1356.4000244140625,1775559
LAURUSLABS,2026-06-01,1372.4000244140625,1388.4000244140625,1398.800048828125,1358.0,2996514
LAURUSLABS,2026-06-02,1388.0,1382.5999755859375,1390.699951171875,1370.5,2356089
LAURUSLABS,2026-06-03,1382.0,1394.300048828125,1396.800048828125,1371.0,1443846
LAURUSLABS,2026-06-04,1392.0,1427.199951171875,1433.699951171875,1384.0,1983191
LUPIN,2026-03-04,2311.10009765625,2304.89990234375,2312.0,2268.39990234375,1343538
LUPIN,2026-03-05,2310.0,2332.89990234375,2361.60009765625,2310.0,1683119
LUPIN,2026-03-06,2341.0,2343.800048828125,2369.5,2324.800048828125,1374145
LUPIN,2026-03-09,2310.0,2303.10009765625,2319.89990234375,2284.39990234375,852490
LUPIN,2026-03-10,2318.0,2337.39990234375,2358.0,2314.60009765625,1118753
LUPIN,2026-03-11,2350.0,2344.60009765625,2377.60009765625,2336.5,985107
LUPIN,2026-03-12,2337.0,2357.300048828125,2361.39990234375,2306.0,870863
LUPIN,2026-03-13,2348.0,2314.89990234375,2361.89990234375,2297.199951171875,695882
LUPIN,2026-03-16,2301.10009765625,2290.39990234375,2312.0,2251.0,614808
LUPIN,2026-03-17,2306.0,2298.199951171875,2312.199951171875,2285.39990234375,723707
LUPIN,2026-03-18,2295.300048828125,2302.39990234375,2323.0,2295.300048828125,1168283
LUPIN,2026-03-19,2278.0,2251.5,2295.0,2241.60009765625,372325
LUPIN,2026-03-20,2275.0,2322.5,2337.800048828125,2265.10009765625,1089433
LUPIN,2026-03-23,2319.699951171875,2296.699951171875,2321.0,2282.10009765625,1092156
LUPIN,2026-03-24,2325.0,2331.800048828125,2348.89990234375,2280.5,1275818
LUPIN,2026-03-25,2338.699951171875,2347.60009765625,2360.699951171875,2331.199951171875,1159296
LUPIN,2026-03-27,2347.60009765625,2334.800048828125,2369.300048828125,2323.39990234375,951114
LUPIN,2026-03-30,2324.10009765625,2313.89990234375,2332.800048828125,2295.5,1593494
LUPIN,2026-04-01,2346.0,2274.89990234375,2359.89990234375,2258.89990234375,2010354
LUPIN,2026-04-02,2269.199951171875,2274.5,2286.0,2170.10009765625,1231890
LUPIN,2026-04-06,2270.10009765625,2279.89990234375,2290.0,2232.800048828125,792605
LUPIN,2026-04-07,2260.0,2298.300048828125,2309.89990234375,2246.89990234375,546081
LUPIN,2026-04-08,2335.300048828125,2294.10009765625,2339.0,2256.10009765625,1850253
LUPIN,2026-04-09,2300.199951171875,2295.10009765625,2314.39990234375,2272.0,2196761
LUPIN,2026-04-10,2301.60009765625,2333.800048828125,2336.39990234375,2290.10009765625,1268810
LUPIN,2026-04-13,2316.699951171875,2315.10009765625,2338.89990234375,2301.10009765625,746223
LUPIN,2026-04-15,2348.0,2338.89990234375,2352.89990234375,2315.10009765625,908344
LUPIN,2026-04-16,2349.5,2327.0,2350.0,2296.0,985698
LUPIN,2026-04-17,2316.0,2326.10009765625,2335.0,2300.0,999957
LUPIN,2026-04-20,2323.0,2328.699951171875,2339.300048828125,2303.699951171875,720175
LUPIN,2026-04-21,2333.0,2311.5,2340.199951171875,2304.0,527927
LUPIN,2026-04-22,2304.699951171875,2307.89990234375,2318.60009765625,2285.10009765625,989132
LUPIN,2026-04-23,2307.89990234375,2341.39990234375,2381.0,2293.89990234375,1116471
LUPIN,2026-04-24,2347.300048828125,2296.10009765625,2351.5,2262.0,1299351
LUPIN,2026-04-27,2304.89990234375,2324.5,2341.0,2296.199951171875,898638
LUPIN,2026-04-28,2299.10009765625,2302.699951171875,2319.39990234375,2260.300048828125,1261666
LUPIN,2026-04-29,2314.0,2311.39990234375,2333.800048828125,2302.699951171875,706510
LUPIN,2026-04-30,2297.0,2305.199951171875,2317.39990234375,2277.699951171875,1095515
LUPIN,2026-05-01,2305.199951171875,2305.199951171875,2305.199951171875,2305.199951171875,0
LUPIN,2026-05-04,2320.0,2348.800048828125,2361.89990234375,2304.10009765625,1305028
LUPIN,2026-05-05,2354.0,2343.300048828125,2364.60009765625,2326.60009765625,1419075
LUPIN,2026-05-06,2362.300048828125,2442.89990234375,2459.0,2350.39990234375,2886186
LUPIN,2026-05-07,2454.89990234375,2460.10009765625,2494.0,2430.39990234375,1409904
LUPIN,2026-05-08,2425.0,2379.5,2475.0,2347.89990234375,3207239
LUPIN,2026-05-11,2330.39990234375,2255.89990234375,2330.39990234375,2236.10009765625,3278889
LUPIN,2026-05-12,2256.0,2245.39990234375,2289.800048828125,2233.0,1412650
LUPIN,2026-05-13,2245.800048828125,2215.60009765625,2267.199951171875,2210.60009765625,1323687
LUPIN,2026-05-14,2248.0,2258.199951171875,2273.800048828125,2225.0,1452555
LUPIN,2026-05-15,2268.0,2276.199951171875,2299.0,2254.10009765625,2059751
LUPIN,2026-05-18,2240.0,2252.39990234375,2274.89990234375,2214.10009765625,907343
LUPIN,2026-05-19,2252.39990234375,2287.39990234375,2294.0,2250.5,1242712
LUPIN,2026-05-20,2275.10009765625,2285.5,2309.60009765625,2264.800048828125,1189737
LUPIN,2026-05-21,2297.10009765625,2284.5,2304.300048828125,2269.60009765625,1224058
LUPIN,2026-05-22,2297.0,2281.800048828125,2304.5,2270.0,1225221
LUPIN,2026-05-25,2294.0,2287.199951171875,2294.0,2269.800048828125,773725
LUPIN,2026-05-26,2287.199951171875,2266.0,2294.0,2250.0,889172
LUPIN,2026-05-27,2258.300048828125,2276.39990234375,2292.199951171875,2250.5,568728
LUPIN,2026-05-28,2276.39990234375,2276.39990234375,2276.39990234375,2276.39990234375,0
LUPIN,2026-05-29,2289.0,2267.699951171875,2301.39990234375,2256.199951171875,2937904
LUPIN,2026-06-01,2285.39990234375,2262.89990234375,2286.0,2231.199951171875,1482207
LUPIN,2026-06-02,2242.0,2249.800048828125,2259.199951171875,2219.800048828125,822811
LUPIN,2026-06-03,2248.60009765625,2261.199951171875,2265.0,2235.0,570270
LUPIN,2026-06-04,2261.60009765625,2249.800048828125,2270.800048828125,2244.699951171875,663261
MAHABANK,2026-03-04,70.5,68.41999816894531,70.5,67.25,35412738
MAHABANK,2026-03-05,69.0,71.38999938964844,71.91000366210938,69.0,25095072
MAHABANK,2026-03-06,71.0,70.12999725341797,71.2300033569336,69.5,15951877
MAHABANK,2026-03-09,67.0,65.69000244140625,67.5,63.59000015258789,36574212
MAHABANK,2026-03-10,67.44000244140625,68.7699966430664,69.08000183105469,66.44000244140625,20969226
MAHABANK,2026-03-11,69.05000305175781,67.04000091552734,69.13999938964844,66.69999694824219,11860949
MAHABANK,2026-03-12,65.55999755859375,67.11000061035156,68.0199966430664,65.44999694824219,12907665
MAHABANK,2026-03-13,67.0,64.08999633789062,67.08000183105469,63.79999923706055,17868529
MAHABANK,2026-03-16,63.900001525878906,63.33000183105469,64.26000213623047,61.900001525878906,18679362
MAHABANK,2026-03-17,63.849998474121094,62.47999954223633,63.88999938964844,61.400001525878906,19530270
MAHABANK,2026-03-18,62.79999923706055,64.12999725341797,64.3499984741211,62.779998779296875,14452657
MAHABANK,2026-03-19,62.0,62.63999938964844,63.75,61.93000030517578,18036935
MAHABANK,2026-03-20,63.060001373291016,65.48999786376953,66.33000183105469,63.060001373291016,32971130
MAHABANK,2026-03-23,64.18000030517578,62.31999969482422,64.18000030517578,61.5099983215332,21311564
MAHABANK,2026-03-24,64.9000015258789,63.880001068115234,64.9000015258789,62.41999816894531,26031048
MAHABANK,2026-03-25,64.05000305175781,65.51000213623047,66.88999938964844,64.0199966430664,18424709
MAHABANK,2026-03-27,64.80000305175781,64.45999908447266,64.94999694824219,63.099998474121094,15925622
MAHABANK,2026-03-30,62.5,61.33000183105469,63.34000015258789,61.029998779296875,16152002
MAHABANK,2026-04-01,64.0,64.87999725341797,65.5,63.25,16041678
MAHABANK,2026-04-02,63.0,63.88999938964844,64.22000122070312,61.20000076293945,19177352
MAHABANK,2026-04-06,64.22000122070312,66.58999633789062,67.0,63.029998779296875,20626583
MAHABANK,2026-04-07,66.4000015258789,66.54000091552734,66.88999938964844,65.41000366210938,12305719
MAHABANK,2026-04-08,69.5,69.94000244140625,70.75,68.3499984741211,29587648
MAHABANK,2026-04-09,70.2699966430664,70.02999877929688,71.11000061035156,69.4000015258789,14480468
MAHABANK,2026-04-10,70.5,70.58999633789062,71.44999694824219,69.2300033569336,17294214
MAHABANK,2026-04-13,68.55000305175781,70.13999938964844,70.5,67.81999969482422,18486325
MAHABANK,2026-04-15,71.41999816894531,71.38999938964844,72.23999786376953,70.8499984741211,12896288
MAHABANK,2026-04-16,71.98999786376953,71.25,72.27999877929688,70.30999755859375,18316236
MAHABANK,2026-04-17,71.80000305175781,72.7300033569336,72.98999786376953,71.23999786376953,17291825
MAHABANK,2026-04-20,73.01000213623047,75.54000091552734,76.94999694824219,72.30999755859375,48456248
MAHABANK,2026-04-21,77.4000015258789,80.18000030517578,81.5,76.9800033569336,152939074
MAHABANK,2026-04-22,80.58999633789062,79.76000213623047,82.1500015258789,78.8499984741211,52387766
MAHABANK,2026-04-23,79.75,77.30999755859375,79.83999633789062,77.01000213623047,22534246
MAHABANK,2026-04-24,77.69999694824219,77.9000015258789,78.38999938964844,75.75,26274501
MAHABANK,2026-04-27,78.69999694824219,79.75,80.11000061035156,78.51000213623047,20410069
MAHABANK,2026-04-28,77.0,77.73999786376953,79.12999725341797,76.44999694824219,24357922
MAHABANK,2026-04-29,78.30000305175781,79.61000061035156,81.05000305175781,77.16999816894531,31621563
MAHABANK,2026-04-30,79.5,78.37000274658203,79.62999725341797,77.62999725341797,14941513
MAHABANK,2026-05-01,78.37000274658203,78.37000274658203,78.37000274658203,78.37000274658203,0
MAHABANK,2026-05-04,79.0,79.30000305175781,80.12000274658203,78.93000030517578,17922648
MAHABANK,2026-05-05,78.80000305175781,81.23999786376953,81.58999633789062,78.12999725341797,28560769
MAHABANK,2026-05-06,82.25,83.62999725341797,84.1500015258789,82.13999938964844,37582297
MAHABANK,2026-05-07,84.33999633789062,85.30999755859375,85.9000015258789,83.70999908447266,23847379
MAHABANK,2026-05-08,85.30999755859375,83.9000015258789,85.30999755859375,82.66999816894531,19633062
MAHABANK,2026-05-11,82.5,81.41999816894531,82.5,79.8499984741211,22177064
MAHABANK,2026-05-12,81.0,78.37000274658203,82.44999694824219,78.0,17449726
MAHABANK,2026-05-13,78.3499984741211,79.97000122070312,80.4800033569336,78.12999725341797,14533430
MAHABANK,2026-05-14,80.5,78.5,80.69999694824219,77.30000305175781,14374430
MAHABANK,2026-05-15,78.69999694824219,78.0199966430664,78.97000122070312,77.7699966430664,9751597
MAHABANK,2026-05-18,77.5,77.80000305175781,78.0,76.19999694824219,12211000
MAHABANK,2026-05-19,77.80000305175781,78.33999633789062,78.5999984741211,77.41999816894531,7491904
MAHABANK,2026-05-20,78.0,78.75,78.98999786376953,77.08999633789062,7838024
MAHABANK,2026-05-21,79.9000015258789,79.76000213623047,80.33999633789062,79.3499984741211,11883310
MAHABANK,2026-05-22,79.5,80.04000091552734,80.44999694824219,79.01000213623047,13186459
MAHABANK,2026-05-25,81.0,81.16999816894531,82.19999694824219,80.70999908447266,11362497
MAHABANK,2026-05-26,81.36000061035156,80.18000030517578,81.75,79.80999755859375,13667175
MAHABANK,2026-05-27,80.18000030517578,80.08000183105469,80.25,79.5999984741211,7325388
MAHABANK,2026-05-28,80.08000183105469,80.08000183105469,80.08000183105469,80.08000183105469,0
MAHABANK,2026-05-29,80.0999984741211,79.2699966430664,80.69999694824219,78.4000015258789,11912803
MAHABANK,2026-06-01,79.19999694824219,77.63999938964844,79.33000183105469,76.9000015258789,14202373
MAHABANK,2026-06-02,77.41000366210938,78.91000366210938,79.43000030517578,77.06999969482422,9355862
MAHABANK,2026-06-03,79.0,79.69999694824219,79.98999786376953,78.04000091552734,11016774
MAHABANK,2026-06-04,79.5,79.9000015258789,80.58000183105469,78.83999633789062,8749850
MAYURUNIQ,2026-03-04,528.5499877929688,517.1500244140625,528.5499877929688,510.0,90163
MAYURUNIQ,2026-03-05,517.4000244140625,515.5999755859375,528.0,506.54998779296875,128189
MAYURUNIQ,2026-03-06,518.0499877929688,516.7999877929688,524.75,510.3500061035156,50717
MAYURUNIQ,2026-03-09,510.0,500.45001220703125,510.0,493.04998779296875,58317
MAYURUNIQ,2026-03-10,503.1000061035156,521.3499755859375,523.5499877929688,501.45001220703125,54800
MAYURUNIQ,2026-03-11,526.0,510.8500061035156,526.0,507.0,51756
MAYURUNIQ,2026-03-12,510.8500061035156,521.0,523.9000244140625,502.0,57260
MAYURUNIQ,2026-03-13,518.5,504.0,518.5,500.0,63542
MAYURUNIQ,2026-03-16,504.0,502.04998779296875,506.70001220703125,487.1499938964844,63385
MAYURUNIQ,2026-03-17,508.95001220703125,503.8999938964844,509.0,500.0,33382
MAYURUNIQ,2026-03-18,506.3999938964844,506.0,523.5,502.3999938964844,107134
MAYURUNIQ,2026-03-19,502.0,500.54998779296875,509.25,496.6499938964844,65530
MAYURUNIQ,2026-03-20,500.54998779296875,509.3500061035156,516.2000122070312,499.95001220703125,62623
MAYURUNIQ,2026-03-23,504.70001220703125,493.20001220703125,504.70001220703125,488.0,100551
MAYURUNIQ,2026-03-24,500.0,516.0999755859375,523.4500122070312,500.0,60762
MAYURUNIQ,2026-03-25,520.0,531.7999877929688,538.9500122070312,520.0,97052
MAYURUNIQ,2026-03-27,523.9000244140625,512.6500244140625,527.0,511.0,56515
MAYURUNIQ,2026-03-30,510.0,494.3500061035156,510.04998779296875,490.45001220703125,92015
MAYURUNIQ,2026-04-01,520.1500244140625,518.2999877929688,530.0499877929688,506.0,48335
MAYURUNIQ,2026-04-02,517.9000244140625,528.9000244140625,531.0,506.04998779296875,38636
MAYURUNIQ,2026-04-06,528.9000244140625,533.0,539.9000244140625,514.5,94190
MAYURUNIQ,2026-04-07,536.0,535.2000122070312,541.2000122070312,525.9000244140625,38433
MAYURUNIQ,2026-04-08,555.0,568.2999877929688,579.0,545.0,126394
MAYURUNIQ,2026-04-09,572.8499755859375,552.4500122070312,573.0,549.0999755859375,37496
MAYURUNIQ,2026-04-10,552.4500122070312,563.5499877929688,570.7999877929688,552.4500122070312,43782
MAYURUNIQ,2026-04-13,555.0999755859375,568.0,583.25,542.25,114938
MAYURUNIQ,2026-04-15,571.0499877929688,573.2999877929688,581.4500122070312,567.1500244140625,81011
MAYURUNIQ,2026-04-16,575.0,570.25,580.0,560.0,45027
MAYURUNIQ,2026-04-17,572.0,574.0999755859375,580.0,570.0499877929688,56666
MAYURUNIQ,2026-04-20,571.0,571.0999755859375,583.0,569.5499877929688,42160
MAYURUNIQ,2026-04-21,571.2000122070312,586.4000244140625,588.9000244140625,571.0,116796
MAYURUNIQ,2026-04-22,585.0,585.9000244140625,592.8499755859375,578.0,109841
MAYURUNIQ,2026-04-23,585.9000244140625,573.75,588.7999877929688,572.5,51999
MAYURUNIQ,2026-04-24,577.9000244140625,560.75,577.9000244140625,558.0,48771
MAYURUNIQ,2026-04-27,560.75,566.7999877929688,572.7999877929688,560.0,42257
MAYURUNIQ,2026-04-28,569.0999755859375,563.9000244140625,574.5,553.7999877929688,38692
MAYURUNIQ,2026-04-29,556.1500244140625,557.5499877929688,573.0,556.0,25474
MAYURUNIQ,2026-04-30,560.6500244140625,549.25,560.6500244140625,545.0,34616
MAYURUNIQ,2026-05-04,555.0,566.7000122070312,578.1500244140625,555.0,43978
MAYURUNIQ,2026-05-05,566.7999877929688,560.9500122070312,570.8499755859375,560.0,24729
MAYURUNIQ,2026-05-06,561.5,574.5,577.0,561.0,58731
MAYURUNIQ,2026-05-07,576.0,605.0999755859375,614.7999877929688,569.5499877929688,365865
MAYURUNIQ,2026-05-08,607.0,629.4000244140625,637.0,601.0,436259
MAYURUNIQ,2026-05-11,622.0999755859375,612.5,648.0,608.0,168594
MAYURUNIQ,2026-05-12,609.4000244140625,600.0499877929688,615.9000244140625,593.1500244140625,100810
MAYURUNIQ,2026-05-13,615.0,604.2999877929688,624.4500122070312,598.75,122924
MAYURUNIQ,2026-05-14,607.2999877929688,601.7000122070312,612.0,594.4500122070312,60811
MAYURUNIQ,2026-05-15,598.7000122070312,628.4000244140625,630.0,595.0,199403
MAYURUNIQ,2026-05-18,631.5,610.1500244140625,631.5,600.75,100642
MAYURUNIQ,2026-05-19,612.2000122070312,619.4000244140625,624.0,604.25,65557
MAYURUNIQ,2026-05-20,642.0999755859375,692.25,712.8499755859375,625.6500244140625,5623025
MAYURUNIQ,2026-05-21,718.0,677.0,738.2999877929688,670.0999755859375,1450111
MAYURUNIQ,2026-05-22,689.0,704.9000244140625,709.0,682.0,438025
MAYURUNIQ,2026-05-25,727.8499755859375,747.7999877929688,766.0,705.8499755859375,709695
MAYURUNIQ,2026-05-26,746.2000122070312,746.5499877929688,759.8499755859375,741.0,237566
MAYURUNIQ,2026-05-27,749.9000244140625,777.9000244140625,805.75,745.2999877929688,492672
MAYURUNIQ,2026-05-28,777.9000244140625,777.9000244140625,777.9000244140625,777.9000244140625,0
MAYURUNIQ,2026-05-29,779.4000244140625,754.4500122070312,791.5499877929688,750.5999755859375,227077
MAYURUNIQ,2026-06-01,755.0,734.75,780.0,730.0,254672
MAYURUNIQ,2026-06-02,732.2000122070312,745.25,763.0,721.5999755859375,200689
MAYURUNIQ,2026-06-03,758.7000122070312,735.0499877929688,758.7000122070312,723.5499877929688,125593
MAYURUNIQ,2026-06-04,735.0499877929688,734.4000244140625,749.0,732.0,105535
MCX,2026-03-04,2494.199951171875,2478.5,2497.699951171875,2432.60009765625,2931485
MCX,2026-03-05,2498.10009765625,2553.5,2572.10009765625,2498.10009765625,3764228
MCX,2026-03-06,2562.0,2533.89990234375,2590.699951171875,2522.800048828125,1832576
MCX,2026-03-09,2479.0,2577.10009765625,2587.89990234375,2451.10009765625,4232863
MCX,2026-03-10,2605.0,2578.199951171875,2623.89990234375,2562.10009765625,3351851
MCX,2026-03-11,2580.0,2531.60009765625,2608.0,2520.39990234375,2043024
MCX,2026-03-12,2512.699951171875,2526.10009765625,2539.89990234375,2466.89990234375,2510419
MCX,2026-03-13,2520.0,2498.800048828125,2544.0,2465.0,2434350
MCX,2026-03-16,2474.0,2555.60009765625,2577.0,2440.800048828125,3474374
MCX,2026-03-17,2579.89990234375,2671.800048828125,2681.0,2570.0,4027322
MCX,2026-03-18,2680.0,2603.10009765625,2702.699951171875,2575.10009765625,5748986
MCX,2026-03-19,2556.5,2530.39990234375,2624.39990234375,2520.39990234375,4095995
MCX,2026-03-20,2550.0,2414.5,2558.89990234375,2396.800048828125,5214539
MCX,2026-03-23,2400.0,2314.39990234375,2402.5,2260.0,6653727
MCX,2026-03-24,2383.800048828125,2419.0,2426.0,2291.0,4100132
MCX,2026-03-25,2469.0,2465.10009765625,2497.699951171875,2450.0,3400803
MCX,2026-03-27,2427.89990234375,2398.199951171875,2487.0,2390.800048828125,7840574
MCX,2026-03-30,2371.199951171875,2389.39990234375,2416.0,2345.0,3743842
MCX,2026-04-01,2449.89990234375,2469.699951171875,2508.0,2440.300048828125,3749070
MCX,2026-04-02,2425.0,2443.0,2449.0,2360.0,2870777
MCX,2026-04-06,2437.199951171875,2549.0,2570.0,2422.300048828125,3640729
MCX,2026-04-07,2525.0,2541.89990234375,2559.699951171875,2485.0,3664426
MCX,2026-04-08,2650.800048828125,2596.300048828125,2655.0,2570.0,4126660
MCX,2026-04-09,2600.0,2657.5,2681.800048828125,2576.5,3860778
MCX,2026-04-10,2680.0,2669.39990234375,2708.800048828125,2622.89990234375,3165287
MCX,2026-04-13,2650.0,2765.60009765625,2776.39990234375,2629.0,4807666
MCX,2026-04-15,2844.89990234375,2851.10009765625,2889.0,2812.199951171875,4612212
MCX,2026-04-16,2881.0,2862.199951171875,2903.0,2840.0,3431999
MCX,2026-04-17,2884.0,2856.10009765625,2884.0,2780.0,3924484
MCX,2026-04-20,2862.0,2859.10009765625,2895.0,2845.699951171875,2053838
MCX,2026-04-21,2857.0,2825.60009765625,2865.699951171875,2815.199951171875,2126934
MCX,2026-04-22,2830.0,2783.199951171875,2834.800048828125,2768.5,2904468
MCX,2026-04-23,2771.0,2791.39990234375,2852.0,2765.5,1914246
MCX,2026-04-24,2791.60009765625,2760.89990234375,2813.300048828125,2756.0,2338789
MCX,2026-04-27,2786.5,2830.0,2834.5,2773.800048828125,1697920
MCX,2026-04-28,2835.0,2898.0,2915.0,2833.10009765625,1771034
MCX,2026-04-29,2911.89990234375,2968.300048828125,2980.89990234375,2862.0,2698924
MCX,2026-04-30,2975.0,2971.5,2985.10009765625,2925.699951171875,2414520
MCX,2026-05-01,2971.5,2971.5,2971.5,2971.5,0
MCX,2026-05-04,3000.0,2912.89990234375,3041.0,2870.39990234375,2390500
MCX,2026-05-05,2920.0,2902.5,2926.0,2867.0,1752968
MCX,2026-05-06,2939.800048828125,2973.199951171875,2989.39990234375,2911.0,1999829
MCX,2026-05-07,2989.39990234375,3042.60009765625,3058.0,2962.5,2366069
MCX,2026-05-08,3069.0,3097.800048828125,3136.0,3022.39990234375,3775007
MCX,2026-05-11,3120.0,3187.89990234375,3219.60009765625,3042.5,6246307
MCX,2026-05-12,3200.0,3156.89990234375,3256.0,3146.300048828125,4305796
MCX,2026-05-13,3249.0,3204.199951171875,3265.0,3131.0,4279384
MCX,2026-05-14,3219.300048828125,3339.10009765625,3364.0,3210.0,3838705
MCX,2026-05-15,3366.5,3391.0,3423.0,3350.0,3403551
MCX,2026-05-18,3348.199951171875,3348.39990234375,3369.0,3306.199951171875,2862332
MCX,2026-05-19,3363.89990234375,3414.699951171875,3447.39990234375,3331.5,2730028
MCX,2026-05-20,3398.60009765625,3441.699951171875,3451.89990234375,3369.199951171875,2257155
MCX,2026-05-21,3470.0,3322.800048828125,3480.0,3308.0,3460281
MCX,2026-05-22,3333.300048828125,3269.89990234375,3357.300048828125,3257.300048828125,2710869
MCX,2026-05-25,3300.0,3313.89990234375,3345.0,3240.0,2400665
MCX,2026-05-26,3329.0,3307.300048828125,3347.0,3290.0,1955204
MCX,2026-05-27,3312.0,3158.5,3322.699951171875,3150.800048828125,2992806
MCX,2026-05-28,3158.5,3158.5,3158.5,3158.5,0
MCX,2026-05-29,3169.800048828125,2954.5,3177.0,2906.199951171875,17655814
MCX,2026-06-01,2967.0,2890.5,2987.5,2875.699951171875,3492170
MCX,2026-06-02,2890.0,2878.699951171875,2905.699951171875,2823.800048828125,4613055
MCX,2026-06-03,2886.0,2833.60009765625,2904.199951171875,2797.5,3605952
MCX,2026-06-04,2837.0,2893.5,2913.0,2810.10009765625,3710305
MON100,2026-03-04,221.0,218.5800018310547,223.32000732421875,217.11000061035156,2320571
MON100,2026-03-05,222.47999572753906,219.22999572753906,222.60000610351562,217.13999938964844,1592893
MON100,2026-03-06,220.97999572753906,221.3800048828125,221.9499969482422,219.55999755859375,837610
MON100,2026-03-09,216.0500030517578,219.24000549316406,220.5,213.00999450683594,1468334
MON100,2026-03-10,224.72000122070312,223.97999572753906,224.72000122070312,219.6699981689453,801184
MON100,2026-03-11,227.6999969482422,222.27000427246094,227.6999969482422,220.30999755859375,919426
MON100,2026-03-12,216.7100067138672,223.82000732421875,224.97999572753906,216.7100067138672,587377
MON100,2026-03-13,218.22000122070312,219.52000427246094,223.38999938964844,216.86000061035156,1324852
MON100,2026-03-16,220.9499969482422,217.69000244140625,220.9499969482422,217.1999969482422,2259312
MON100,2026-03-17,214.0,218.97999572753906,223.97000122070312,214.0,879832
MON100,2026-03-18,220.77999877929688,225.2899932861328,226.60000610351562,219.36000061035156,825250
MON100,2026-03-19,226.0,223.1999969482422,226.4499969482422,221.05999755859375,817162
MON100,2026-03-20,228.3000030517578,225.9600067138672,228.3000030517578,222.05999755859375,637679
MON100,2026-03-23,231.60000610351562,219.17999267578125,231.60000610351562,217.86000061035156,1314993
MON100,2026-03-24,225.75999450683594,228.35000610351562,230.0,219.5500030517578,942502
MON100,2026-03-25,222.63999938964844,236.17999267578125,236.9499969482422,222.63999938964844,1757011
MON100,2026-03-27,235.60000610351562,231.72999572753906,236.0,229.4499969482422,1744552
MON100,2026-03-30,235.8800048828125,231.5399932861328,235.8800048828125,224.75,1057022
MON100,2026-04-01,235.0,238.57000732421875,239.1999969482422,231.89999389648438,1401560
MON100,2026-04-02,238.7899932861328,239.47000122070312,240.5,235.2100067138672,1272827
MON100,2026-04-06,239.0,242.17999267578125,244.8699951171875,236.0500030517578,1781798
MON100,2026-04-07,238.14999389648438,245.35000610351562,246.69000244140625,238.14999389648438,882888
MON100,2026-04-08,247.35000610351562,256.239990234375,258.79998779296875,246.64999389648438,2699670
MON100,2026-04-09,258.739990234375,254.3300018310547,259.8800048828125,253.47999572753906,1395486
MON100,2026-04-10,254.3300018310547,256.3800048828125,261.9599914550781,254.0500030517578,1691228
MON100,2026-04-13,259.29998779296875,255.0500030517578,259.29998779296875,250.6199951171875,1321659
MON100,2026-04-15,258.0,269.9599914550781,273.1499938964844,257.1000061035156,1967474
MON100,2026-04-16,265.54998779296875,277.510009765625,277.510009765625,265.54998779296875,1158019
MON100,2026-04-17,284.44000244140625,286.7799987792969,286.7799987792969,277.510009765625,1249508
MON100,2026-04-20,286.20001220703125,285.1600036621094,287.4700012207031,279.0299987792969,1514974
MON100,2026-04-21,289.45001220703125,289.2200012207031,290.010009765625,285.0400085449219,1393017
MON100,2026-04-22,289.75,289.7699890136719,289.7699890136719,287.1600036621094,458052
MON100,2026-04-23,289.7699890136719,289.8900146484375,289.8900146484375,288.1400146484375,712824
MON100,2026-04-24,295.8299865722656,293.1300048828125,295.8299865722656,284.04998779296875,1741682
MON100,2026-04-27,294.95001220703125,295.1000061035156,295.1000061035156,294.1499938964844,443444
MON100,2026-04-28,297.29998779296875,301.2900085449219,301.2900085449219,297.29998779296875,734236
MON100,2026-04-29,301.1099853515625,301.1000061035156,301.1099853515625,297.0199890136719,612187
MON100,2026-04-30,299.1700134277344,299.1700134277344,299.1700134277344,298.010009765625,606398
MON100,2026-05-01,299.1700134277344,299.1700134277344,299.1700134277344,299.1700134277344,0
MON100,2026-05-04,301.8699951171875,301.8699951171875,301.8699951171875,301.8699951171875,395230
MON100,2026-05-05,305.0400085449219,305.0400085449219,305.0400085449219,305.0400085449219,332623
MON100,2026-05-06,307.82000732421875,307.82000732421875,307.82000732421875,307.82000732421875,950488
MON100,2026-05-07,307.82000732421875,312.5,312.5,298.5899963378906,247441
MON100,2026-05-08,316.7699890136719,316.7699890136719,316.7699890136719,314.42999267578125,1264135
MON100,2026-05-11,315.1600036621094,315.1600036621094,315.1600036621094,315.1600036621094,407502
MON100,2026-05-12,323.3699951171875,323.3699951171875,323.3699951171875,323.3699951171875,533551
MON100,2026-05-13,327.1600036621094,327.1600036621094,327.1600036621094,320.0,1400312
MON100,2026-05-14,325.3900146484375,325.3900146484375,325.3900146484375,325.3900146484375,454937
MON100,2026-05-15,329.0400085449219,329.0400085449219,329.0400085449219,329.0400085449219,232391
MON100,2026-05-18,331.6199951171875,331.6199951171875,331.6199951171875,322.0,1445568
MON100,2026-05-19,326.82000732421875,327.2699890136719,327.2699890136719,326.82000732421875,300004
MON100,2026-05-20,327.0899963378906,327.0899963378906,327.0899963378906,327.0899963378906,740068
MON100,2026-05-21,325.739990234375,325.739990234375,325.739990234375,325.739990234375,368534
MON100,2026-05-22,332.1300048828125,332.1300048828125,332.1300048828125,332.04998779296875,747968
MON100,2026-05-25,330.70001220703125,330.70001220703125,330.70001220703125,330.70001220703125,161912
MON100,2026-05-26,330.3399963378906,330.3399963378906,330.3399963378906,330.3399963378906,1397307
MON100,2026-05-27,328.739990234375,328.739990234375,328.739990234375,328.739990234375,480322
MON100,2026-05-28,328.739990234375,328.739990234375,328.739990234375,328.739990234375,0
MON100,2026-05-29,335.82000732421875,336.1000061035156,336.1000061035156,333.5,512620
MON100,2026-06-01,335.8299865722656,335.8299865722656,335.8299865722656,335.8299865722656,228292
MON100,2026-06-02,337.3999938964844,337.3999938964844,337.3999938964844,337.3999938964844,292414
MON100,2026-06-03,339.3599853515625,339.3599853515625,339.3599853515625,339.3599853515625,704780
MON100,2026-06-04,341.9800109863281,,341.9800109863281,330.8699951171875,608797
NAVINFLUOR,2026-03-04,6200.0,6076.0,6223.5,6026.5,244261
NAVINFLUOR,2026-03-05,6110.0,6504.5,6550.0,6110.0,467047
NAVINFLUOR,2026-03-06,6550.0,6572.0,6660.0,6494.0,270785
NAVINFLUOR,2026-03-09,6434.0,6387.5,6485.5,6323.5,160646
NAVINFLUOR,2026-03-10,6555.0,6540.0,6620.0,6480.0,147696
NAVINFLUOR,2026-03-11,6575.0,6315.0,6617.5,6305.0,214324
NAVINFLUOR,2026-03-12,6315.0,6220.0,6345.5,6158.5,143404
NAVINFLUOR,2026-03-13,6201.0,6172.0,6260.0,6034.0,257284
NAVINFLUOR,2026-03-16,6120.0,6171.5,6233.5,6100.0,107788
NAVINFLUOR,2026-03-17,6232.0,6282.0,6318.0,6180.0,154367
NAVINFLUOR,2026-03-18,6325.0,6337.5,6461.0,6303.0,106122
NAVINFLUOR,2026-03-19,6250.0,6262.5,6371.0,6192.5,130005
NAVINFLUOR,2026-03-20,6293.5,6124.0,6366.0,6061.0,121646
NAVINFLUOR,2026-03-23,6061.0,5886.5,6093.5,5866.0,112393
NAVINFLUOR,2026-03-24,6050.0,6184.5,6225.0,5950.0,141673
NAVINFLUOR,2026-03-25,6250.0,6217.5,6340.0,6168.0,191524
NAVINFLUOR,2026-03-27,6210.0,6055.0,6220.0,5975.0,264075
NAVINFLUOR,2026-03-30,6040.0,6162.5,6200.0,5940.5,179011
NAVINFLUOR,2026-04-01,6248.0,6034.0,6256.5,6012.0,104748
NAVINFLUOR,2026-04-02,5900.0,5891.0,5929.0,5666.5,193817
NAVINFLUOR,2026-04-06,5891.0,5843.0,6069.0,5811.0,133973
NAVINFLUOR,2026-04-07,5832.0,5821.5,5925.0,5760.0,108995
NAVINFLUOR,2026-04-08,6020.0,6061.5,6165.5,5950.5,148585
NAVINFLUOR,2026-04-09,6091.5,6135.0,6209.0,6002.0,155092
NAVINFLUOR,2026-04-10,6135.0,6181.0,6214.5,6089.5,205588
NAVINFLUOR,2026-04-13,6086.0,6238.0,6272.0,5990.5,109868
NAVINFLUOR,2026-04-15,6280.5,6222.5,6415.0,6200.5,149103
NAVINFLUOR,2026-04-16,6335.0,6256.0,6343.5,6156.0,120936
NAVINFLUOR,2026-04-17,6287.0,6284.0,6340.0,6258.5,90729
NAVINFLUOR,2026-04-20,6296.0,6471.5,6500.0,6221.0,243155
NAVINFLUOR,2026-04-21,6520.0,6373.5,6600.0,6350.0,218722
NAVINFLUOR,2026-04-22,6365.0,6267.0,6450.0,6250.0,155888
NAVINFLUOR,2026-04-23,6280.0,6280.5,6389.5,6250.5,99339
NAVINFLUOR,2026-04-24,6309.0,6452.0,6515.0,6262.0,466995
NAVINFLUOR,2026-04-27,6520.0,6578.5,6620.0,6437.5,418471
NAVINFLUOR,2026-04-28,6590.0,6627.0,6675.0,6567.5,247608
NAVINFLUOR,2026-04-29,6670.0,6758.5,6816.0,6660.0,314954
NAVINFLUOR,2026-04-30,7050.0,6821.0,7200.0,6660.5,2322243
NAVINFLUOR,2026-05-01,6821.0,6821.0,6821.0,6821.0,0
NAVINFLUOR,2026-05-04,6855.0,6796.5,6978.0,6755.5,415445
NAVINFLUOR,2026-05-05,6810.0,7005.0,7020.0,6765.0,532928
NAVINFLUOR,2026-05-06,7080.0,7043.0,7088.0,6978.0,317134
NAVINFLUOR,2026-05-07,7099.0,7085.0,7119.0,6985.5,188220
NAVINFLUOR,2026-05-08,7049.0,7041.5,7095.5,6996.5,173361
NAVINFLUOR,2026-05-11,7000.0,7071.5,7120.0,6945.0,138990
NAVINFLUOR,2026-05-12,7070.0,6950.5,7070.0,6912.5,105798
NAVINFLUOR,2026-05-13,6940.0,6910.5,7120.0,6890.0,126614
NAVINFLUOR,2026-05-14,6979.0,6892.5,6979.0,6818.5,97487
NAVINFLUOR,2026-05-15,6896.0,7001.0,7020.0,6861.0,53502
NAVINFLUOR,2026-05-18,7030.0,6904.5,7071.5,6875.5,102622
NAVINFLUOR,2026-05-19,6908.0,7075.5,7180.5,6908.0,211523
NAVINFLUOR,2026-05-20,7040.5,7046.5,7099.0,6952.5,88015
NAVINFLUOR,2026-05-21,7090.0,7118.5,7229.0,7075.5,167825
NAVINFLUOR,2026-05-22,7135.0,7125.0,7175.0,7031.0,233718
NAVINFLUOR,2026-05-25,7195.0,7445.5,7460.0,7179.0,369626
NAVINFLUOR,2026-05-26,7453.5,7396.0,7525.0,7274.0,200763
NAVINFLUOR,2026-05-27,7400.0,7244.5,7470.0,7202.5,119235
NAVINFLUOR,2026-05-28,7244.5,7244.5,7244.5,7244.5,0
NAVINFLUOR,2026-05-29,7244.5,7129.0,7360.0,6970.0,252025
NAVINFLUOR,2026-06-01,7125.5,6998.5,7219.5,6970.5,138524
NAVINFLUOR,2026-06-02,6941.5,7052.0,7143.5,6901.0,132052
NAVINFLUOR,2026-06-03,7050.5,7035.5,7179.5,7000.0,82526
NAVINFLUOR,2026-06-04,7035.5,7090.5,7148.0,7017.5,77756
NETWEB,2026-03-04,3620.0,3461.5,3718.800048828125,3440.5,3657489
NETWEB,2026-03-05,3518.39990234375,3250.800048828125,3576.0,3128.0,5505527
NETWEB,2026-03-06,3244.699951171875,3222.300048828125,3339.800048828125,3202.10009765625,2487243
NETWEB,2026-03-09,3100.0,3199.5,3228.5,3030.10009765625,2714515
NETWEB,2026-03-10,3275.0,3324.10009765625,3358.0,3235.0,2225891
NETWEB,2026-03-11,3348.0,3278.60009765625,3409.89990234375,3230.10009765625,1785272
NETWEB,2026-03-12,3215.0,3226.199951171875,3254.10009765625,3165.89990234375,1393279
NETWEB,2026-03-13,3210.0,3176.0,3248.0,3136.10009765625,1029097
NETWEB,2026-03-16,3170.0,3226.60009765625,3258.89990234375,3135.10009765625,1424011
NETWEB,2026-03-17,3254.0,3304.39990234375,3322.0,3208.0,1136476
NETWEB,2026-03-18,3321.0,3295.800048828125,3380.0,3280.0,1034998
NETWEB,2026-03-19,3220.0,3250.300048828125,3328.800048828125,3205.10009765625,872566
NETWEB,2026-03-20,3270.89990234375,3284.39990234375,3346.39990234375,3270.0,715614
NETWEB,2026-03-23,3245.0,3087.60009765625,3246.0,3061.89990234375,960357
NETWEB,2026-03-24,3193.89990234375,3198.89990234375,3232.300048828125,3115.0,1134311
NETWEB,2026-03-25,3230.0,3251.199951171875,3300.89990234375,3191.0,1140539
NETWEB,2026-03-27,3232.0,3180.10009765625,3236.800048828125,3138.0,753484
NETWEB,2026-03-30,3122.60009765625,3098.800048828125,3159.699951171875,3070.300048828125,871156
NETWEB,2026-04-01,3215.0,3144.10009765625,3227.199951171875,3127.0,691654
NETWEB,2026-04-02,3104.10009765625,3155.0,3165.0,3043.300048828125,595584
NETWEB,2026-04-06,3155.0,3225.699951171875,3234.89990234375,3115.60009765625,637136
NETWEB,2026-04-07,3219.0,3240.0,3255.800048828125,3177.0,566702
NETWEB,2026-04-08,3372.0,3311.39990234375,3448.0,3292.199951171875,1232904
NETWEB,2026-04-09,3294.5,3340.10009765625,3383.300048828125,3278.0,830445
NETWEB,2026-04-10,3364.699951171875,3346.199951171875,3438.0,3330.0,963817
NETWEB,2026-04-13,3287.0,3309.39990234375,3320.0,3233.300048828125,477229
NETWEB,2026-04-15,3390.0,3563.699951171875,3646.0,3363.39990234375,3228438
NETWEB,2026-04-16,3600.0,3708.39990234375,3780.0,3600.0,3077625
NETWEB,2026-04-17,3737.0,3809.0,3868.89990234375,3735.10009765625,1853275
NETWEB,2026-04-20,3818.0,3779.699951171875,3861.699951171875,3724.89990234375,1017702
NETWEB,2026-04-21,3779.0,3904.699951171875,3997.89990234375,3769.60009765625,2308946
NETWEB,2026-04-22,3904.0,4019.60009765625,4117.0,3882.60009765625,2801777
NETWEB,2026-04-23,4010.0,3903.39990234375,4087.39990234375,3867.10009765625,1238749
NETWEB,2026-04-24,3928.0,3824.800048828125,3968.800048828125,3760.0,1197372
NETWEB,2026-04-27,3880.0,3919.699951171875,4029.800048828125,3880.0,1281950
NETWEB,2026-04-28,3936.0,4002.199951171875,4108.7001953125,3932.0,1685774
NETWEB,2026-04-29,4052.5,4031.0,4174.7998046875,3980.0,1783438
NETWEB,2026-04-30,4044.0,4064.800048828125,4112.2998046875,3981.0,1258981
NETWEB,2026-05-01,4064.800048828125,4064.800048828125,4064.800048828125,4064.800048828125,0
NETWEB,2026-05-04,4090.0,3927.699951171875,4110.7001953125,3760.0,2434739
NETWEB,2026-05-05,3946.0,4178.10009765625,4199.0,3927.800048828125,3065109
NETWEB,2026-05-06,4250.0,4368.39990234375,4450.0,4231.0,3164055
NETWEB,2026-05-07,4377.0,4302.7001953125,4429.60009765625,4260.89990234375,1258674
NETWEB,2026-05-08,4330.0,4422.2001953125,4492.0,4330.0,1991503
NETWEB,2026-05-11,4413.10009765625,4295.2001953125,4489.0,4264.0,1299162
NETWEB,2026-05-12,4305.0,4016.0,4338.0,3981.0,1498763
NETWEB,2026-05-13,4018.0,3933.10009765625,4071.89990234375,3918.699951171875,1258971
NETWEB,2026-05-14,3973.89990234375,3907.60009765625,4012.699951171875,3815.800048828125,976488
NETWEB,2026-05-15,3938.0,3840.5,3976.39990234375,3775.0,736868
NETWEB,2026-05-18,3804.300048828125,3806.10009765625,3862.89990234375,3731.10009765625,680371
NETWEB,2026-05-19,3820.0,3746.39990234375,3855.300048828125,3735.0,548730
NETWEB,2026-05-20,3717.0,3841.699951171875,3854.39990234375,3671.10009765625,996231
NETWEB,2026-05-21,3900.0,3813.199951171875,4044.0,3757.699951171875,1920283
NETWEB,2026-05-22,3825.0,3851.300048828125,3891.0,3820.10009765625,594081
NETWEB,2026-05-25,3880.39990234375,3843.10009765625,3908.60009765625,3792.89990234375,770545
NETWEB,2026-05-26,3840.0,3851.699951171875,3945.0,3832.0,877405
NETWEB,2026-05-27,3860.0,4072.0,4097.7001953125,3854.0,1579910
NETWEB,2026-05-28,4072.0,4072.0,4072.0,4072.0,0
NETWEB,2026-05-29,4100.0,4670.7001953125,4760.0,4050.199951171875,10623544
NETWEB,2026-06-01,4691.7998046875,4620.10009765625,4925.7001953125,4536.0,4576123
NETWEB,2026-06-02,4608.89990234375,4782.7998046875,4824.5,4552.2998046875,4220022
NETWEB,2026-06-03,4800.0,4705.2998046875,4944.7998046875,4630.0,2662374
NETWEB,2026-06-04,4703.0,4934.2001953125,4965.0,4665.0,2758303
NGLFINE,2026-03-04,2400.0,2336.39990234375,2400.0,2251.0,9814
NGLFINE,2026-03-05,2336.39990234375,2336.699951171875,2410.89990234375,2316.39990234375,3260
NGLFINE,2026-03-06,2348.0,2404.89990234375,2438.800048828125,2347.699951171875,5815
NGLFINE,2026-03-09,2363.0,2256.60009765625,2363.0,2222.0,4921
NGLFINE,2026-03-10,2260.0,2363.60009765625,2414.89990234375,2260.0,3823
NGLFINE,2026-03-11,2399.10009765625,2431.0,2524.800048828125,2358.10009765625,8526
NGLFINE,2026-03-12,2575.0,2333.60009765625,2575.0,2323.0,3755
NGLFINE,2026-03-13,2345.300048828125,2150.199951171875,2345.300048828125,2115.39990234375,13325
NGLFINE,2026-03-16,2117.89990234375,2179.89990234375,2323.89990234375,2117.89990234375,7832
NGLFINE,2026-03-17,2212.60009765625,2191.199951171875,2260.300048828125,2138.0,3190
NGLFINE,2026-03-18,2224.10009765625,2178.89990234375,2290.0,2144.199951171875,4432
NGLFINE,2026-03-19,2170.10009765625,2203.60009765625,2247.89990234375,2170.0,1794
NGLFINE,2026-03-20,2230.0,2183.800048828125,2230.0,2165.60009765625,997
NGLFINE,2026-03-23,2180.0,2044.699951171875,2180.0,2007.0,4131
NGLFINE,2026-03-24,2101.0,2153.199951171875,2166.60009765625,2070.0,2252
NGLFINE,2026-03-25,2213.199951171875,2241.0,2429.89990234375,2199.89990234375,10521
NGLFINE,2026-03-27,2235.0,2121.699951171875,2256.699951171875,2075.5,6738
NGLFINE,2026-03-30,2149.10009765625,2057.10009765625,2149.10009765625,1998.0999755859375,7397
NGLFINE,2026-04-01,2100.0,2081.199951171875,2194.89990234375,2062.0,11407
NGLFINE,2026-04-02,2059.10009765625,2132.60009765625,2149.89990234375,2021.300048828125,2994
NGLFINE,2026-04-06,2128.60009765625,2223.5,2255.800048828125,2100.39990234375,4949
NGLFINE,2026-04-07,2234.89990234375,2211.699951171875,2247.60009765625,2193.0,2883
NGLFINE,2026-04-08,2278.199951171875,2331.39990234375,2344.0,2225.0,4319
NGLFINE,2026-04-09,2344.10009765625,2361.800048828125,2495.0,2344.0,13907
NGLFINE,2026-04-10,2411.60009765625,2331.199951171875,2462.800048828125,2305.0,3775
NGLFINE,2026-04-13,2286.89990234375,2243.0,2325.0,2207.199951171875,7846
NGLFINE,2026-04-15,2322.0,2323.699951171875,2445.0,2223.800048828125,12918
NGLFINE,2026-04-16,2323.699951171875,2247.300048828125,2389.699951171875,2230.0,5358
NGLFINE,2026-04-17,2250.300048828125,2226.60009765625,2309.199951171875,2200.0,6855
NGLFINE,2026-04-20,2226.60009765625,2299.300048828125,2350.0,2197.0,9400
NGLFINE,2026-04-21,2325.0,2258.0,2325.0,2251.10009765625,2473
NGLFINE,2026-04-22,2263.199951171875,2274.39990234375,2315.0,2254.0,1834
NGLFINE,2026-04-23,2285.800048828125,2286.0,2425.0,2260.0,9362
NGLFINE,2026-04-24,2289.0,2235.89990234375,2335.39990234375,2195.300048828125,6734
NGLFINE,2026-04-27,2269.300048828125,2317.39990234375,2417.800048828125,2199.199951171875,13135
NGLFINE,2026-04-28,2329.10009765625,2266.699951171875,2339.5,2248.89990234375,3373
NGLFINE,2026-04-29,2299.0,2281.800048828125,2299.10009765625,2250.10009765625,3596
NGLFINE,2026-04-30,2277.800048828125,2214.5,2281.10009765625,2160.0,8734
NGLFINE,2026-05-01,2214.5,2214.5,2214.5,2214.5,0
NGLFINE,2026-05-04,2202.0,2259.10009765625,2280.0,2159.0,4652
NGLFINE,2026-05-05,2259.10009765625,2440.0,2498.0,2215.10009765625,18538
NGLFINE,2026-05-06,2498.0,2640.800048828125,2767.89990234375,2472.10009765625,53980
NGLFINE,2026-05-07,2670.0,2656.60009765625,2738.5,2608.199951171875,11499
NGLFINE,2026-05-08,2630.0,2340.699951171875,2656.60009765625,2283.10009765625,36577
NGLFINE,2026-05-11,2333.60009765625,2279.5,2359.39990234375,2238.199951171875,12955
NGLFINE,2026-05-12,2257.10009765625,2188.60009765625,2270.89990234375,2171.10009765625,11121
NGLFINE,2026-05-13,2188.60009765625,2177.199951171875,2228.800048828125,2161.10009765625,4809
NGLFINE,2026-05-14,2164.5,2271.699951171875,2300.0,2106.10009765625,10759
NGLFINE,2026-05-15,2294.199951171875,2350.5,2450.0,2238.10009765625,18876
NGLFINE,2026-05-18,2369.300048828125,2249.800048828125,2369.300048828125,2210.0,5441
NGLFINE,2026-05-19,2221.5,2276.699951171875,2339.89990234375,2174.39990234375,4880
NGLFINE,2026-05-20,2240.800048828125,2410.10009765625,2525.0,2176.0,16647
NGLFINE,2026-05-21,2450.0,2501.89990234375,2525.0,2405.0,11247
NGLFINE,2026-05-22,2569.800048828125,2735.800048828125,2879.800048828125,2288.5,100556
NGLFINE,2026-05-25,2900.0,2858.89990234375,3005.0,2801.10009765625,100089
NGLFINE,2026-05-26,2830.0,2819.800048828125,2927.89990234375,2772.10009765625,33214
NGLFINE,2026-05-27,2819.800048828125,2697.60009765625,2878.39990234375,2636.0,13089
NGLFINE,2026-05-28,2697.60009765625,2697.60009765625,2697.60009765625,2697.60009765625,0
NGLFINE,2026-05-29,2697.60009765625,2785.10009765625,2878.0,2690.10009765625,15999
NGLFINE,2026-06-01,2834.39990234375,2740.0,2970.0,2705.0,20923
NGLFINE,2026-06-02,2737.800048828125,2654.5,2764.39990234375,2622.10009765625,9490
NGLFINE,2026-06-03,2654.5,2645.10009765625,2717.0,2551.60009765625,17530
NGLFINE,2026-06-04,2622.300048828125,2581.699951171875,2687.800048828125,2550.0,9027
NMDC,2026-03-04,80.0,76.70999908447266,80.37999725341797,76.0,31337830
NMDC,2026-03-05,77.48999786376953,78.44000244140625,79.48999786376953,77.36000061035156,20259988
NMDC,2026-03-06,78.0,79.79000091552734,81.91000366210938,77.94999694824219,32383963
NMDC,2026-03-09,79.0,79.12999725341797,79.37000274658203,76.48999786376953,27385520
NMDC,2026-03-10,80.0999984741211,79.66999816894531,80.6500015258789,79.12999725341797,17656054
NMDC,2026-03-11,80.05000305175781,79.7300033569336,81.08999633789062,79.44999694824219,13889368
NMDC,2026-03-12,79.30000305175781,80.87000274658203,81.5999984741211,77.54000091552734,20967907
NMDC,2026-03-13,80.4000015258789,78.58999633789062,81.25,78.25,21709925
NMDC,2026-03-16,78.58999633789062,77.55999755859375,78.95999908447266,76.61000061035156,17446342
NMDC,2026-03-17,78.19999694824219,79.22000122070312,79.5,76.91000366210938,22084741
NMDC,2026-03-18,79.22000122070312,79.48999786376953,79.9800033569336,78.26000213623047,15877573
NMDC,2026-03-19,78.19999694824219,77.94000244140625,78.9000015258789,77.5,22414516
NMDC,2026-03-20,78.01000213623047,79.77999877929688,81.31999969482422,78.01000213623047,39390638
NMDC,2026-03-23,78.75,75.08999633789062,78.76000213623047,74.55000305175781,35184834
NMDC,2026-03-24,77.44999694824219,76.7699966430664,77.44999694824219,74.91999816894531,22852797
NMDC,2026-03-25,77.31999969482422,77.8499984741211,78.73999786376953,77.25,21760094
NMDC,2026-03-27,77.58999633789062,77.19999694824219,78.29000091552734,76.55000305175781,25794674
NMDC,2026-03-30,76.5,76.2699966430664,78.41999816894531,76.08999633789062,20168817
NMDC,2026-04-01,78.55999755859375,78.16999816894531,79.4800033569336,77.73999786376953,27161656
NMDC,2026-04-02,78.0,78.08000183105469,78.5,75.61000061035156,27259464
NMDC,2026-04-06,78.68000030517578,81.4000015258789,82.29000091552734,78.0199966430664,52439160
NMDC,2026-04-07,80.9800033569336,81.73999786376953,81.91000366210938,80.62000274658203,13939494
NMDC,2026-04-08,83.25,82.91000366210938,84.30000305175781,82.5999984741211,23422589
NMDC,2026-04-09,83.0,84.44000244140625,85.0,82.51000213623047,25196614
NMDC,2026-04-10,85.0,85.06999969482422,86.30000305175781,83.91000366210938,23342535
NMDC,2026-04-13,83.75,85.80999755859375,86.4000015258789,83.12000274658203,29197819
NMDC,2026-04-15,87.0,87.16999816894531,87.97000122070312,86.62999725341797,21574292
NMDC,2026-04-16,87.5999984741211,87.16000366210938,88.66000366210938,85.8499984741211,40443893
NMDC,2026-04-17,87.5,89.77999877929688,90.1500015258789,87.26000213623047,41324296
NMDC,2026-04-20,89.9000015258789,88.9000015258789,90.16999816894531,88.12999725341797,30415217
NMDC,2026-04-21,89.83000183105469,88.47000122070312,89.94000244140625,87.41999816894531,24339172
NMDC,2026-04-22,88.43000030517578,88.58999633789062,89.94999694824219,88.05000305175781,18410428
NMDC,2026-04-23,88.41000366210938,87.30999755859375,88.54000091552734,86.62999725341797,25119407
NMDC,2026-04-24,87.5,89.29000091552734,89.98999786376953,86.69999694824219,34794839
NMDC,2026-04-27,90.25,90.41999816894531,91.19999694824219,89.80999755859375,37668047
NMDC,2026-04-28,90.83999633789062,90.9000015258789,91.86000061035156,90.55000305175781,29317759
NMDC,2026-04-29,91.5,91.7300033569336,92.7699966430664,89.93000030517578,27064617
NMDC,2026-04-30,92.04000091552734,90.37000274658203,92.06999969482422,89.75,23931554
NMDC,2026-05-01,90.37000274658203,90.37000274658203,90.37000274658203,90.37000274658203,0
NMDC,2026-05-04,91.0,89.08999633789062,91.70999908447266,88.30000305175781,19723503
NMDC,2026-05-05,89.0,88.83000183105469,89.63999938964844,87.95999908447266,12339321
NMDC,2026-05-06,90.0,89.18000030517578,90.8499984741211,88.5,14607779
NMDC,2026-05-07,89.69999694824219,90.13999938964844,90.88999938964844,89.13999938964844,19540926
NMDC,2026-05-08,90.05000305175781,88.80000305175781,90.5,88.66999816894531,12944581
NMDC,2026-05-11,88.01000213623047,86.79000091552734,88.30000305175781,86.58999633789062,13097856
NMDC,2026-05-12,86.62000274658203,86.62000274658203,88.47000122070312,86.37999725341797,14380728
NMDC,2026-05-13,86.5,91.11000061035156,91.80000305175781,86.41999816894531,42008503
NMDC,2026-05-14,92.0,93.20999908447266,93.77999877929688,91.62999725341797,39823561
NMDC,2026-05-15,93.62000274658203,91.41000366210938,94.25,91.13999938964844,23322409
NMDC,2026-05-18,90.87000274658203,90.13999938964844,90.87000274658203,88.27999877929688,14568803
NMDC,2026-05-19,90.29000091552734,89.0199966430664,90.55000305175781,88.76000213623047,14073570
NMDC,2026-05-20,88.5,88.4800033569336,89.23999786376953,86.69000244140625,18893927
NMDC,2026-05-21,89.19999694824219,88.16000366210938,89.6500015258789,87.9000015258789,11605971
NMDC,2026-05-22,88.48999786376953,87.8499984741211,88.48999786376953,87.29000091552734,15440319
NMDC,2026-05-25,88.51000213623047,90.19000244140625,90.43000030517578,88.51000213623047,15033928
NMDC,2026-05-26,90.5,90.66999816894531,91.05999755859375,89.58000183105469,17202008
NMDC,2026-05-27,91.25,92.27999877929688,92.77999877929688,91.12999725341797,24144878
NMDC,2026-05-28,92.27999877929688,92.27999877929688,92.27999877929688,92.27999877929688,0
NMDC,2026-05-29,93.0,87.98999786376953,93.05000305175781,87.38999938964844,50736815
NMDC,2026-06-01,89.0999984741211,92.37000274658203,93.69999694824219,87.5,73822842
NMDC,2026-06-02,92.79000091552734,95.30999755859375,97.23999786376953,92.30000305175781,102137637
NMDC,2026-06-03,96.0999984741211,96.04000091552734,97.48999786376953,95.06999969482422,48441070
NMDC,2026-06-04,95.80999755859375,94.69999694824219,97.3499984741211,94.33999633789062,30790125
NRBBEARING,2026-03-04,262.0,256.20001220703125,265.70001220703125,254.5500030517578,221398
NRBBEARING,2026-03-05,257.6499938964844,263.5,268.8999938964844,256.1000061035156,194195
NRBBEARING,2026-03-06,263.04998779296875,261.04998779296875,276.20001220703125,260.0,238266
NRBBEARING,2026-03-09,255.8000030517578,255.0500030517578,259.29998779296875,247.64999389648438,145696
NRBBEARING,2026-03-10,258.0,263.0,267.6000061035156,257.70001220703125,113935
NRBBEARING,2026-03-11,262.04998779296875,266.1000061035156,278.79998779296875,262.04998779296875,209665
NRBBEARING,2026-03-12,262.8999938964844,264.6499938964844,268.0,258.5,110919
NRBBEARING,2026-03-13,262.20001220703125,253.89999389648438,267.1499938964844,248.3000030517578,174286
NRBBEARING,2026-03-16,251.39999389648438,251.39999389648438,256.5,250.6999969482422,134428
NRBBEARING,2026-03-17,248.0,255.35000610351562,258.6000061035156,248.0,87361
NRBBEARING,2026-03-18,257.8999938964844,256.79998779296875,261.79998779296875,254.25,113830
NRBBEARING,2026-03-19,255.60000610351562,247.25,256.0,246.35000610351562,151897
NRBBEARING,2026-03-20,248.60000610351562,242.60000610351562,253.6999969482422,240.14999389648438,111745
NRBBEARING,2026-03-23,242.0,228.3000030517578,242.0,226.25,326628
NRBBEARING,2026-03-24,232.25,231.35000610351562,236.85000610351562,228.10000610351562,264292
NRBBEARING,2026-03-25,236.0,234.89999389648438,243.0,232.5,314261
NRBBEARING,2026-03-27,232.3000030517578,227.64999389648438,234.85000610351562,225.5,237052
NRBBEARING,2026-03-30,227.64999389648438,216.1999969482422,231.5,212.5500030517578,393080
NRBBEARING,2026-04-01,225.89999389648438,237.05999755859375,240.0,223.69000244140625,287564
NRBBEARING,2026-04-02,231.5,234.5,236.00999450683594,224.57000732421875,143515
NRBBEARING,2026-04-06,237.0,241.77000427246094,242.99000549316406,232.14999389648438,113885
NRBBEARING,2026-04-07,238.13999938964844,237.5500030517578,242.0,236.13999938964844,66448
NRBBEARING,2026-04-08,245.10000610351562,252.82000732421875,254.39999389648438,245.10000610351562,117873
NRBBEARING,2026-04-09,252.99000549316406,252.22000122070312,259.010009765625,250.0,110781
NRBBEARING,2026-04-10,256.0,257.4100036621094,259.7900085449219,252.75,68395
NRBBEARING,2026-04-13,252.0,255.10000610351562,260.3299865722656,247.5,102497
NRBBEARING,2026-04-15,262.5,265.8399963378906,268.5,261.25,163399
NRBBEARING,2026-04-16,269.8999938964844,281.1499938964844,286.0,267.260009765625,1223732
NRBBEARING,2026-04-17,284.5,295.05999755859375,308.0,282.8500061035156,950547
NRBBEARING,2026-04-20,294.29998779296875,294.05999755859375,304.54998779296875,285.82000732421875,190466
NRBBEARING,2026-04-21,294.07000732421875,289.6700134277344,297.0,288.6000061035156,98910
NRBBEARING,2026-04-22,289.6700134277344,291.4200134277344,294.6499938964844,287.32000732421875,91024
NRBBEARING,2026-04-23,289.0,290.6700134277344,292.9100036621094,287.2200012207031,88425
NRBBEARING,2026-04-24,290.6700134277344,282.6199951171875,294.6000061035156,279.4800109863281,95781
NRBBEARING,2026-04-27,282.0,287.239990234375,289.489990234375,281.3599853515625,68926
NRBBEARING,2026-04-28,289.5,284.45001220703125,291.989990234375,282.1499938964844,83967
NRBBEARING,2026-04-29,285.5,285.3599853515625,289.3599853515625,282.3500061035156,56347
NRBBEARING,2026-04-30,286.7900085449219,284.0199890136719,289.3800048828125,280.4100036621094,71544
NRBBEARING,2026-05-04,289.0,293.1000061035156,297.3999938964844,287.0,197046
NRBBEARING,2026-05-05,295.0,291.3500061035156,295.3999938964844,289.95001220703125,100311
NRBBEARING,2026-05-06,295.95001220703125,292.8500061035156,295.95001220703125,285.0,83459
NRBBEARING,2026-05-07,294.79998779296875,300.1499938964844,305.0,293.95001220703125,300403
NRBBEARING,2026-05-08,309.0,318.0,350.0,303.6000061035156,6760525
NRBBEARING,2026-05-11,323.79998779296875,326.6000061035156,336.79998779296875,318.0,1910836
NRBBEARING,2026-05-12,329.79998779296875,330.6000061035156,346.0,325.1000061035156,1977479
NRBBEARING,2026-05-13,330.29998779296875,340.79998779296875,353.5,327.0,1825777
NRBBEARING,2026-05-14,346.3999938964844,339.6000061035156,347.54998779296875,331.3999938964844,1061327
NRBBEARING,2026-05-15,341.0,346.8999938964844,356.95001220703125,338.0,1645031
NRBBEARING,2026-05-18,348.3999938964844,355.45001220703125,358.0,340.0,1070755
NRBBEARING,2026-05-19,358.79998779296875,356.70001220703125,365.75,352.29998779296875,852840
NRBBEARING,2026-05-20,353.0,357.95001220703125,365.0,352.5,500630
NRBBEARING,2026-05-21,363.0,366.95001220703125,370.95001220703125,357.54998779296875,659966
NRBBEARING,2026-05-22,368.79998779296875,373.8999938964844,379.0,359.8500061035156,826276
NRBBEARING,2026-05-25,379.0,386.1499938964844,388.5,378.0,929450
NRBBEARING,2026-05-26,389.0,384.6000061035156,390.0,375.1499938964844,504675
NRBBEARING,2026-05-27,385.04998779296875,381.79998779296875,390.0,378.29998779296875,335672
NRBBEARING,2026-05-28,381.79998779296875,381.79998779296875,381.79998779296875,381.79998779296875,0
NRBBEARING,2026-05-29,378.8500061035156,370.0,383.70001220703125,367.95001220703125,407103
NRBBEARING,2026-06-01,374.0,360.1000061035156,374.0,356.8500061035156,493896
NRBBEARING,2026-06-02,356.8999938964844,356.45001220703125,361.3999938964844,352.1499938964844,220704
NRBBEARING,2026-06-03,354.54998779296875,357.3500061035156,361.20001220703125,349.45001220703125,267676
NRBBEARING,2026-06-04,356.3999938964844,371.6000061035156,379.95001220703125,355.54998779296875,614883
NTPC,2026-03-04,370.75,365.79998779296875,373.8500061035156,364.1000061035156,11433169
NTPC,2026-03-05,366.95001220703125,378.04998779296875,379.8999938964844,366.6000061035156,16158714
NTPC,2026-03-06,377.0,380.6000061035156,385.54998779296875,374.6499938964844,14940896
NTPC,2026-03-09,373.0,376.25,379.0,371.3999938964844,11286578
NTPC,2026-03-10,385.0,377.29998779296875,385.45001220703125,374.8500061035156,10875834
NTPC,2026-03-11,377.5,379.8999938964844,383.8999938964844,376.45001220703125,9963701
NTPC,2026-03-12,379.0,390.54998779296875,392.3999938964844,375.6499938964844,23847146
NTPC,2026-03-13,391.8500061035156,384.45001220703125,394.5,383.20001220703125,27107369
NTPC,2026-03-16,384.5,382.3999938964844,388.25,375.45001220703125,16793109
NTPC,2026-03-17,382.8999938964844,383.3500061035156,385.8999938964844,378.29998779296875,9720902
NTPC,2026-03-18,385.0,378.5,386.3500061035156,377.6000061035156,10681498
NTPC,2026-03-19,373.5,374.04998779296875,380.75,373.1000061035156,10568326
NTPC,2026-03-20,375.8500061035156,380.95001220703125,383.29998779296875,375.5,20930288
NTPC,2026-03-23,377.1000061035156,372.3999938964844,379.5,369.29998779296875,13148432
NTPC,2026-03-24,378.0,375.54998779296875,378.1499938964844,371.0,9339144
NTPC,2026-03-25,376.0,378.3999938964844,380.95001220703125,375.6000061035156,9266292
NTPC,2026-03-27,379.8999938964844,375.6499938964844,379.8999938964844,374.6499938964844,20263654
NTPC,2026-03-30,374.0,370.6499938964844,377.95001220703125,369.6499938964844,17974103
NTPC,2026-04-01,381.29998779296875,364.6499938964844,381.8999938964844,361.45001220703125,15449629
NTPC,2026-04-02,359.95001220703125,359.6499938964844,361.29998779296875,352.0,16551512
NTPC,2026-04-06,358.79998779296875,366.1000061035156,366.75,355.70001220703125,11534034
NTPC,2026-04-07,364.8500061035156,368.8500061035156,369.79998779296875,362.25,12603971
NTPC,2026-04-08,373.5,374.1499938964844,375.54998779296875,368.25,19491331
NTPC,2026-04-09,376.95001220703125,378.6499938964844,384.20001220703125,376.5,18503665
NTPC,2026-04-10,381.20001220703125,380.1499938964844,384.45001220703125,372.04998779296875,14953758
NTPC,2026-04-13,374.3500061035156,386.25,388.0,374.3500061035156,15240045
NTPC,2026-04-15,390.25,392.6000061035156,393.95001220703125,387.1000061035156,7722460
NTPC,2026-04-16,397.0,390.79998779296875,397.25,387.79998779296875,9896906
NTPC,2026-04-17,393.0,393.6000061035156,396.25,388.45001220703125,15320653
NTPC,2026-04-20,393.0,398.0,400.8500061035156,390.6499938964844,9895187
NTPC,2026-04-21,398.6000061035156,396.20001220703125,402.70001220703125,395.70001220703125,9493644
NTPC,2026-04-22,398.0,405.3999938964844,407.25,393.20001220703125,16411131
NTPC,2026-04-23,404.0,402.25,405.8999938964844,400.3999938964844,9144699
NTPC,2026-04-24,404.75,401.8500061035156,405.25,399.20001220703125,6266676
NTPC,2026-04-27,403.8999938964844,410.20001220703125,414.3999938964844,402.6000061035156,13001752
NTPC,2026-04-28,414.0,406.8500061035156,414.20001220703125,405.95001220703125,7726655
NTPC,2026-04-29,409.5,401.29998779296875,410.0,399.6499938964844,11920835
NTPC,2026-04-30,400.0,399.1499938964844,400.29998779296875,393.1499938964844,7706357
NTPC,2026-05-01,399.1499938964844,399.1499938964844,399.1499938964844,399.1499938964844,0
NTPC,2026-05-04,400.0,400.04998779296875,404.79998779296875,397.25,6333200
NTPC,2026-05-05,398.29998779296875,398.6499938964844,400.5,394.54998779296875,6791514
NTPC,2026-05-06,400.0,394.8500061035156,403.0,391.6499938964844,11120409
NTPC,2026-05-07,396.75,400.3500061035156,403.5,393.1499938964844,9700378
NTPC,2026-05-08,398.0,402.1499938964844,405.1000061035156,397.1499938964844,4740939
NTPC,2026-05-11,401.8999938964844,392.95001220703125,405.0,391.0,10088836
NTPC,2026-05-12,392.20001220703125,392.70001220703125,399.8500061035156,391.25,10247516
NTPC,2026-05-13,392.0,390.45001220703125,394.04998779296875,385.79998779296875,12322076
NTPC,2026-05-14,393.70001220703125,396.29998779296875,398.54998779296875,391.20001220703125,7363948
NTPC,2026-05-15,396.0,395.25,398.0,392.5,7107857
NTPC,2026-05-18,393.0,388.29998779296875,393.8500061035156,384.8999938964844,7632596
NTPC,2026-05-19,386.70001220703125,389.3999938964844,392.75,386.04998779296875,6693518
NTPC,2026-05-20,386.1000061035156,392.45001220703125,393.3500061035156,384.0,5386249
NTPC,2026-05-21,393.5,388.79998779296875,395.54998779296875,387.8500061035156,10596954
NTPC,2026-05-22,389.95001220703125,388.6499938964844,391.5,387.45001220703125,11755213
NTPC,2026-05-25,391.95001220703125,390.04998779296875,392.79998779296875,386.45001220703125,10489850
NTPC,2026-05-26,390.75,389.70001220703125,392.25,389.0,9062218
NTPC,2026-05-27,390.3500061035156,398.1499938964844,403.1000061035156,390.3500061035156,14418621
NTPC,2026-05-28,398.1499938964844,398.1499938964844,398.1499938964844,398.1499938964844,0
NTPC,2026-05-29,400.0,386.8999938964844,401.6499938964844,385.1000061035156,17003143
NTPC,2026-06-01,386.8999938964844,378.70001220703125,389.0,376.5,18408900
NTPC,2026-06-02,375.95001220703125,367.3999938964844,377.5,363.04998779296875,17496468
NTPC,2026-06-03,368.04998779296875,366.79998779296875,371.5,363.70001220703125,10825715
NTPC,2026-06-04,366.79998779296875,366.3999938964844,368.79998779296875,364.3500061035156,14363519
PHARMABEES,2026-03-04,24.190000534057617,23.219999313354492,24.190000534057617,23.1200008392334,8116666
PHARMABEES,2026-03-05,23.229999542236328,23.56999969482422,23.649999618530273,22.850000381469727,5995689
PHARMABEES,2026-03-06,23.850000381469727,23.540000915527344,23.850000381469727,23.459999084472656,3808196
PHARMABEES,2026-03-09,23.540000915527344,23.530000686645508,23.56999969482422,22.5,8239807
PHARMABEES,2026-03-10,24.110000610351562,23.860000610351562,24.110000610351562,23.530000686645508,7418990
PHARMABEES,2026-03-11,24.079999923706055,24.0,24.18000030517578,23.760000228881836,14476380
PHARMABEES,2026-03-12,24.600000381469727,23.90999984741211,24.600000381469727,23.5,10706070
PHARMABEES,2026-03-13,24.15999984741211,23.40999984741211,24.15999984741211,23.3700008392334,10185520
PHARMABEES,2026-03-16,22.81999969482422,23.15999984741211,23.799999237060547,22.81999969482422,6578745
PHARMABEES,2026-03-17,23.0,23.209999084472656,23.549999237060547,22.579999923706055,3171296
PHARMABEES,2026-03-18,23.299999237060547,23.209999084472656,23.459999084472656,23.139999389648438,4034553
PHARMABEES,2026-03-19,22.6200008392334,23.0,23.5,22.6200008392334,4743197
PHARMABEES,2026-03-20,23.010000228881836,23.200000762939453,23.5,22.899999618530273,4019866
PHARMABEES,2026-03-23,23.780000686645508,22.719999313354492,23.780000686645508,22.6299991607666,7547074
PHARMABEES,2026-03-24,23.280000686645508,22.829999923706055,23.280000686645508,22.600000381469727,4270755
PHARMABEES,2026-03-25,22.899999618530273,23.280000686645508,23.43000030517578,22.799999237060547,4310387
PHARMABEES,2026-03-27,23.510000228881836,23.18000030517578,23.510000228881836,22.719999313354492,6184797
PHARMABEES,2026-03-30,23.18000030517578,22.799999237060547,23.59000015258789,22.760000228881836,5881149
PHARMABEES,2026-04-01,23.09000015258789,22.290000915527344,23.420000076293945,21.950000762939453,19600770
PHARMABEES,2026-04-02,22.290000915527344,22.40999984741211,22.479999542236328,21.690000534057617,7796398
PHARMABEES,2026-04-06,22.969999313354492,22.440000534057617,22.979999542236328,22.059999465942383,5644413
PHARMABEES,2026-04-07,23.0,22.43000030517578,23.0,22.200000762939453,3517735
PHARMABEES,2026-04-08,22.989999771118164,22.600000381469727,23.450000762939453,22.440000534057617,11387740
PHARMABEES,2026-04-09,22.600000381469727,22.739999771118164,23.100000381469727,22.540000915527344,3924426
PHARMABEES,2026-04-10,23.100000381469727,22.729999542236328,23.100000381469727,22.549999237060547,4694970
PHARMABEES,2026-04-13,23.100000381469727,22.6200008392334,23.100000381469727,22.420000076293945,11313420
PHARMABEES,2026-04-15,23.18000030517578,23.049999237060547,23.18000030517578,22.639999389648438,10009540
PHARMABEES,2026-04-16,22.469999313354492,23.079999923706055,23.200000762939453,22.469999313354492,4733815
PHARMABEES,2026-04-17,23.649999618530273,23.1200008392334,23.649999618530273,23.0,4906877
PHARMABEES,2026-04-20,23.600000381469727,23.020000457763672,23.600000381469727,22.959999084472656,4478796
PHARMABEES,2026-04-21,23.020000457763672,23.049999237060547,23.200000762939453,22.6200008392334,3256097
PHARMABEES,2026-04-22,23.059999465942383,23.0,23.09000015258789,22.93000030517578,8674422
PHARMABEES,2026-04-23,23.450000762939453,23.6200008392334,23.75,22.31999969482422,26985450
PHARMABEES,2026-04-24,23.799999237060547,23.209999084472656,23.799999237060547,23.020000457763672,14874260
PHARMABEES,2026-04-27,23.790000915527344,23.780000686645508,23.81999969482422,23.219999313354492,9702212
PHARMABEES,2026-04-28,23.950000762939453,23.739999771118164,24.3700008392334,23.540000915527344,5322998
PHARMABEES,2026-04-29,23.950000762939453,23.860000610351562,23.979999542236328,23.5,3755529
PHARMABEES,2026-04-30,23.260000228881836,23.90999984741211,24.0,23.260000228881836,5386289
PHARMABEES,2026-05-04,23.90999984741211,24.049999237060547,24.5,23.6200008392334,11110490
PHARMABEES,2026-05-05,24.5,24.170000076293945,24.5,23.950000762939453,4861882
PHARMABEES,2026-05-06,23.559999465942383,24.81999969482422,25.1200008392334,23.559999465942383,48854870
PHARMABEES,2026-05-07,25.440000534057617,24.790000915527344,25.440000534057617,24.6200008392334,12563360
PHARMABEES,2026-05-08,24.809999465942383,24.780000686645508,24.959999084472656,24.600000381469727,7292625
PHARMABEES,2026-05-11,24.780000686645508,24.809999465942383,24.979999542236328,24.479999542236328,9735037
PHARMABEES,2026-05-12,24.809999465942383,24.420000076293945,25.299999237060547,24.389999389648438,16875950
PHARMABEES,2026-05-13,24.200000762939453,24.530000686645508,24.979999542236328,24.040000915527344,9013459
PHARMABEES,2026-05-14,24.829999923706055,25.209999084472656,25.260000228881836,24.25,13678990
PHARMABEES,2026-05-15,25.200000762939453,25.260000228881836,25.540000915527344,25.110000610351562,9944031
PHARMABEES,2026-05-18,25.260000228881836,25.440000534057617,25.540000915527344,25.040000915527344,17867310
PHARMABEES,2026-05-19,25.540000915527344,25.540000915527344,25.690000534057617,25.149999618530273,8816020
PHARMABEES,2026-05-20,25.780000686645508,25.5,25.780000686645508,25.420000076293945,8179258
PHARMABEES,2026-05-21,24.860000610351562,25.489999771118164,25.790000915527344,24.860000610351562,6367349
PHARMABEES,2026-05-22,25.5,25.229999542236328,25.59000015258789,25.190000534057617,8588974
PHARMABEES,2026-05-25,25.049999237060547,25.329999923706055,25.860000610351562,25.049999237060547,7281811
PHARMABEES,2026-05-26,25.579999923706055,25.309999465942383,25.579999923706055,25.18000030517578,4904779
PHARMABEES,2026-05-27,25.540000915527344,25.31999969482422,25.540000915527344,25.209999084472656,7979037
PHARMABEES,2026-05-29,25.579999923706055,25.020000457763672,25.579999923706055,24.399999618530273,9896004
PHARMABEES,2026-06-01,25.309999465942383,24.8799991607666,25.31999969482422,24.799999237060547,6586941
PHARMABEES,2026-06-02,25.18000030517578,24.670000076293945,25.18000030517578,24.43000030517578,10349510
PHARMABEES,2026-06-03,24.399999618530273,24.760000228881836,24.920000076293945,24.399999618530273,4249091
PHARMABEES,2026-06-04,25.100000381469727,24.790000915527344,25.100000381469727,24.520000457763672,3900728
POLYCAB,2026-03-04,8420.0,8284.0,8475.0,8266.5,485905
POLYCAB,2026-03-05,8331.0,8564.0,8586.0,8272.0,504469
POLYCAB,2026-03-06,8562.0,8552.0,8630.0,8480.0,287941
POLYCAB,2026-03-09,8450.0,8228.5,8455.0,8180.0,498043
POLYCAB,2026-03-10,8363.0,7723.0,8363.0,7684.0,1056999
POLYCAB,2026-03-11,7690.0,7429.5,7707.5,7383.0,1095711
POLYCAB,2026-03-12,7400.0,7455.0,7538.0,7282.0,498945
POLYCAB,2026-03-13,7429.5,7193.5,7429.5,7118.0,629203
POLYCAB,2026-03-16,7203.0,7127.0,7224.5,7008.0,459070
POLYCAB,2026-03-17,7150.0,7166.5,7194.5,7050.0,353172
POLYCAB,2026-03-18,7200.0,7374.5,7409.0,7176.5,683932
POLYCAB,2026-03-19,7277.0,7180.0,7288.0,7101.5,642482
POLYCAB,2026-03-20,7205.0,7171.0,7346.5,7126.0,450944
POLYCAB,2026-03-23,7100.0,6795.0,7100.0,6750.0,652615
POLYCAB,2026-03-24,7001.5,7064.5,7141.0,6774.5,902790
POLYCAB,2026-03-25,7120.0,7145.0,7271.0,7104.0,491517
POLYCAB,2026-03-27,7046.0,7067.0,7109.5,6935.0,580456
POLYCAB,2026-03-30,6941.5,6843.5,7017.5,6800.0,550269
POLYCAB,2026-04-01,7148.5,6925.0,7188.0,6882.0,424350
POLYCAB,2026-04-02,6860.0,6878.0,6906.0,6690.5,387042
POLYCAB,2026-04-06,6925.0,7047.0,7075.0,6817.0,345105
POLYCAB,2026-04-07,7035.5,7227.0,7239.5,6942.5,344147
POLYCAB,2026-04-08,7450.0,7600.5,7648.5,7442.0,713512
POLYCAB,2026-04-09,7599.0,7607.0,7663.5,7515.5,419514
POLYCAB,2026-04-10,7632.5,7728.0,7804.0,7632.5,490409
POLYCAB,2026-04-13,7511.5,7548.0,7604.0,7435.5,493179
POLYCAB,2026-04-15,7675.0,7791.0,7855.0,7675.0,494604
POLYCAB,2026-04-16,7845.0,7903.5,7930.0,7772.5,272451
POLYCAB,2026-04-17,7950.0,8182.5,8224.5,7910.0,683294
POLYCAB,2026-04-20,8182.5,8198.5,8285.0,8049.0,403635
POLYCAB,2026-04-21,8200.0,7955.5,8305.0,7925.5,443095
POLYCAB,2026-04-22,7945.0,8038.0,8103.0,7897.0,468978
POLYCAB,2026-04-23,8000.0,7963.5,8125.0,7950.0,482518
POLYCAB,2026-04-24,8000.0,8033.0,8088.0,7901.0,616686
POLYCAB,2026-04-27,8087.5,8065.5,8147.0,8020.0,291146
POLYCAB,2026-04-28,8040.0,8254.0,8290.0,8040.0,363780
POLYCAB,2026-04-29,8300.0,8148.5,8338.5,8119.0,263510
POLYCAB,2026-04-30,8132.5,8110.5,8163.5,7970.5,415486
POLYCAB,2026-05-01,8110.5,8110.5,8110.5,8110.5,0
POLYCAB,2026-05-04,8110.5,8344.5,8363.0,8062.5,435059
POLYCAB,2026-05-05,8347.5,8337.0,8374.0,8154.0,462166
POLYCAB,2026-05-06,8400.0,8415.5,8525.0,8355.5,1084637
POLYCAB,2026-05-07,8499.0,9003.0,9050.0,8450.0,1837111
POLYCAB,2026-05-08,9030.0,9083.0,9159.0,8952.5,613457
POLYCAB,2026-05-11,9004.5,9065.5,9136.0,8963.0,261216
POLYCAB,2026-05-12,9115.0,9021.5,9220.0,8979.0,617924
POLYCAB,2026-05-13,8991.0,8887.5,9072.5,8865.0,423358
POLYCAB,2026-05-14,8948.0,9217.5,9239.0,8925.5,360127
POLYCAB,2026-05-15,9262.5,9152.5,9267.5,9100.0,202982
POLYCAB,2026-05-18,9100.0,9151.0,9170.0,8943.5,295160
POLYCAB,2026-05-19,9171.0,9162.5,9293.5,9090.0,337327
POLYCAB,2026-05-20,9068.0,9199.0,9238.0,9016.5,320359
POLYCAB,2026-05-21,9235.0,9193.5,9309.5,9176.0,231631
POLYCAB,2026-05-22,9227.5,9263.5,9316.5,9194.0,177024
POLYCAB,2026-05-25,9320.0,9398.5,9424.0,9296.0,252126
POLYCAB,2026-05-26,9369.5,9613.5,9669.5,9358.0,424144
POLYCAB,2026-05-27,9613.5,9664.0,9696.0,9561.0,219320
POLYCAB,2026-05-28,9664.0,9664.0,9664.0,9664.0,0
POLYCAB,2026-05-29,9700.0,9477.5,9747.0,9426.0,496089
POLYCAB,2026-06-01,9501.0,9480.5,9599.0,9383.0,216109
POLYCAB,2026-06-02,9420.0,9531.5,9555.5,9320.5,256995
POLYCAB,2026-06-03,9525.0,9571.5,9640.0,9479.5,162922
POLYCAB,2026-06-04,9565.0,9717.5,9774.5,9532.5,259390
POWERINDIA,2026-03-04,25160.0,24500.0,25195.0,24195.0,159680
POWERINDIA,2026-03-05,24700.0,25305.0,25465.0,24645.0,111078
POWERINDIA,2026-03-06,25500.0,25860.0,26160.0,25320.0,111188
POWERINDIA,2026-03-09,25400.0,25160.0,25455.0,24425.0,144230
POWERINDIA,2026-03-10,25700.0,25225.0,26325.0,25000.0,195888
POWERINDIA,2026-03-11,25225.0,24955.0,25645.0,24805.0,134572
POWERINDIA,2026-03-12,24995.0,24880.0,25325.0,24385.0,142729
POWERINDIA,2026-03-13,24990.0,24165.0,25175.0,24100.0,102198
POWERINDIA,2026-03-16,24195.0,24205.0,24405.0,23400.0,138189
POWERINDIA,2026-03-17,24495.0,24710.0,24795.0,24180.0,95146
POWERINDIA,2026-03-18,24700.0,24975.0,25250.0,24485.0,94865
POWERINDIA,2026-03-19,24675.0,24650.0,24880.0,24335.0,80351
POWERINDIA,2026-03-20,24930.0,25025.0,25680.0,24870.0,180060
POWERINDIA,2026-03-23,24845.0,24255.0,24970.0,23970.0,131323
POWERINDIA,2026-03-24,25085.0,25025.0,25400.0,24530.0,146462
POWERINDIA,2026-03-25,25300.0,25670.0,25850.0,25245.0,111610
POWERINDIA,2026-03-27,25500.0,24685.0,25545.0,24500.0,187461
POWERINDIA,2026-03-30,24265.0,24235.0,24735.0,24000.0,126517
POWERINDIA,2026-04-01,25240.0,25065.0,25595.0,24910.0,123682
POWERINDIA,2026-04-02,24925.0,25325.0,25420.0,24180.0,112632
POWERINDIA,2026-04-06,25350.0,25015.0,26180.0,24920.0,130996
POWERINDIA,2026-04-07,24930.0,25030.0,25215.0,24665.0,89225
POWERINDIA,2026-04-08,25600.0,25915.0,26155.0,25145.0,151238
POWERINDIA,2026-04-09,26080.0,27315.0,27500.0,25865.0,255940
POWERINDIA,2026-04-10,27680.0,28425.0,28510.0,27525.0,301315
POWERINDIA,2026-04-13,27800.0,28325.0,28860.0,27715.0,214351
POWERINDIA,2026-04-15,28850.0,28435.0,29095.0,28350.0,163350
POWERINDIA,2026-04-16,28435.0,28255.0,28575.0,27670.0,171282
POWERINDIA,2026-04-17,28500.0,28925.0,28970.0,28180.0,105178
POWERINDIA,2026-04-20,29250.0,29645.0,29900.0,28960.0,181052
POWERINDIA,2026-04-21,29960.0,29890.0,30400.0,29760.0,170096
POWERINDIA,2026-04-22,29905.0,30335.0,30470.0,29825.0,112170
POWERINDIA,2026-04-23,30365.0,31720.0,31875.0,30365.0,193846
POWERINDIA,2026-04-24,31780.0,32200.0,32295.0,31000.0,164360
POWERINDIA,2026-04-27,32340.0,32065.0,32550.0,31835.0,124497
POWERINDIA,2026-04-28,32200.0,32805.0,32940.0,31865.0,127919
POWERINDIA,2026-04-29,32900.0,32885.0,33285.0,32535.0,95678
POWERINDIA,2026-04-30,32975.0,33550.0,33795.0,32530.0,128619
POWERINDIA,2026-05-01,33550.0,33550.0,33550.0,33550.0,0
POWERINDIA,2026-05-04,33880.0,33730.0,34365.0,33065.0,159471
POWERINDIA,2026-05-05,33905.0,34255.0,34330.0,33720.0,90730
POWERINDIA,2026-05-06,34385.0,33380.0,34385.0,32925.0,173551
POWERINDIA,2026-05-07,33800.0,34875.0,34950.0,33500.0,146328
POWERINDIA,2026-05-08,34950.0,34005.0,35095.0,33445.0,169469
POWERINDIA,2026-05-11,33635.0,33020.0,33995.0,32705.0,123670
POWERINDIA,2026-05-12,33020.0,32265.0,33660.0,32125.0,115794
POWERINDIA,2026-05-13,32265.0,31745.0,32660.0,31645.0,115951
POWERINDIA,2026-05-14,32100.0,32290.0,32395.0,31375.0,133169
POWERINDIA,2026-05-15,32350.0,32535.0,32695.0,31195.0,107740
POWERINDIA,2026-05-18,32400.0,32800.0,32950.0,32005.0,81635
POWERINDIA,2026-05-19,32965.0,33360.0,33730.0,32785.0,108292
POWERINDIA,2026-05-20,33000.0,35525.0,35790.0,32710.0,252759
POWERINDIA,2026-05-21,35980.0,36450.0,36750.0,35850.0,164536
POWERINDIA,2026-05-22,36585.0,35555.0,36700.0,35415.0,118548
POWERINDIA,2026-05-25,36000.0,35635.0,36040.0,35030.0,139682
POWERINDIA,2026-05-26,35400.0,35995.0,36495.0,34005.0,511899
POWERINDIA,2026-05-27,36220.0,37550.0,37695.0,35985.0,284794
POWERINDIA,2026-05-28,37550.0,37550.0,37550.0,37550.0,0
POWERINDIA,2026-05-29,37750.0,38445.0,38645.0,36810.0,376115
POWERINDIA,2026-06-01,38700.0,36380.0,38785.0,36225.0,279448
POWERINDIA,2026-06-02,36300.0,35105.0,36315.0,34820.0,244798
POWERINDIA,2026-06-03,35350.0,35190.0,36110.0,35010.0,235330
POWERINDIA,2026-06-04,35705.0,36525.0,37360.0,35510.0,254549
PRECOT,2026-03-04,421.29998779296875,416.5,423.1000061035156,413.70001220703125,5163
PRECOT,2026-03-05,425.0,425.5,437.0,419.0,5892
PRECOT,2026-03-06,425.5,439.1000061035156,445.0,418.04998779296875,4066
PRECOT,2026-03-09,421.45001220703125,439.0,441.0,421.45001220703125,985
PRECOT,2026-03-10,439.0,460.95001220703125,460.95001220703125,419.0,1917
PRECOT,2026-03-11,457.3500061035156,465.20001220703125,483.95001220703125,437.95001220703125,4223
PRECOT,2026-03-12,442.1000061035156,488.45001220703125,488.45001220703125,442.1000061035156,2848
PRECOT,2026-03-13,493.5,509.0,511.0,466.5,7070
PRECOT,2026-03-16,487.04998779296875,484.54998779296875,502.5,484.0,1381
PRECOT,2026-03-17,495.0,490.0,495.0,474.29998779296875,1058
PRECOT,2026-03-18,512.0,499.79998779296875,514.5,490.0,487
PRECOT,2026-03-19,515.0,481.75,516.0,478.6000061035156,2643
PRECOT,2026-03-20,476.70001220703125,483.79998779296875,504.8999938964844,476.70001220703125,1966
PRECOT,2026-03-23,485.20001220703125,470.45001220703125,500.0,466.1499938964844,3707
PRECOT,2026-03-24,473.0,493.95001220703125,493.95001220703125,470.0,15721
PRECOT,2026-03-25,493.95001220703125,518.4500122070312,518.5999755859375,491.5,2809
PRECOT,2026-03-27,518.5,528.75,535.0,495.20001220703125,5100
PRECOT,2026-03-30,548.9500122070312,530.9500122070312,548.9500122070312,505.0,3584
PRECOT,2026-04-01,540.0,530.0,541.0,528.0,6764
PRECOT,2026-04-02,512.5999755859375,547.9500122070312,548.4000244140625,506.0,2826
PRECOT,2026-04-06,530.2000122070312,538.3499755859375,545.0,530.2000122070312,2089
PRECOT,2026-04-07,538.3499755859375,523.75,541.0,515.0999755859375,442
PRECOT,2026-04-08,534.8499755859375,549.9000244140625,549.9000244140625,524.0999755859375,21570
PRECOT,2026-04-09,551.5,567.8499755859375,574.9500122070312,540.0499877929688,6258
PRECOT,2026-04-10,553.6500244140625,554.7000122070312,579.5,540.0999755859375,911
PRECOT,2026-04-13,534.7000122070312,559.8499755859375,580.0,534.7000122070312,2754
PRECOT,2026-04-15,566.0,551.4000244140625,575.0,545.0,5504
PRECOT,2026-04-16,551.4000244140625,551.2000122070312,556.5,551.2000122070312,1408
PRECOT,2026-04-17,551.2000122070312,563.25,575.0,547.0999755859375,2765
PRECOT,2026-04-20,568.9500122070312,568.9500122070312,569.0,567.0,1214
PRECOT,2026-04-21,567.0,564.5999755859375,579.0,560.0,5216
PRECOT,2026-04-22,567.0,543.25,567.0,540.25,2732
PRECOT,2026-04-23,545.0,550.0,569.4000244140625,545.0,4318
PRECOT,2026-04-24,577.0,564.0,577.0,551.0,33136
PRECOT,2026-04-27,564.9000244140625,553.4500122070312,570.0,548.0,10903
PRECOT,2026-04-28,554.0,550.0499877929688,558.0,537.0,3765
PRECOT,2026-04-29,553.75,535.9000244140625,553.75,531.5499877929688,2590
PRECOT,2026-04-30,536.9500122070312,548.3499755859375,562.0,536.9500122070312,5813
PRECOT,2026-05-04,541.0999755859375,575.75,575.75,541.0999755859375,11252
PRECOT,2026-05-05,575.75,582.7000122070312,601.0,570.0,9325
PRECOT,2026-05-06,586.0999755859375,611.7999877929688,611.7999877929688,586.0999755859375,7695
PRECOT,2026-05-07,640.0,626.7000122070312,641.7999877929688,610.0,9191
PRECOT,2026-05-08,601.2000122070312,620.3499755859375,641.7000122070312,601.2000122070312,5319
PRECOT,2026-05-11,645.0,646.7999877929688,650.0,616.0,7842
PRECOT,2026-05-12,614.75,619.7999877929688,649.75,614.5,2670
PRECOT,2026-05-13,616.7000122070312,640.9000244140625,649.0,614.5499877929688,9753
PRECOT,2026-05-14,645.0,660.2999877929688,671.0,641.0,10312
PRECOT,2026-05-15,660.2999877929688,666.9000244140625,672.0,641.2000122070312,5690
PRECOT,2026-05-18,665.0,629.9000244140625,665.9000244140625,617.5499877929688,3839
PRECOT,2026-05-19,575.5999755859375,650.9500122070312,660.0,575.5999755859375,3309
PRECOT,2026-05-20,660.0499877929688,716.0,716.0,660.0,19755
PRECOT,2026-05-21,724.9000244140625,769.4000244140625,783.9000244140625,720.0,30808
PRECOT,2026-05-22,780.0,732.5999755859375,780.0,730.0,5485
PRECOT,2026-05-25,770.0,762.5499877929688,805.8499755859375,741.5,42609
PRECOT,2026-05-26,769.7999877929688,823.1500244140625,838.0,749.9500122070312,27628
PRECOT,2026-05-27,823.1500244140625,844.9000244140625,849.9500122070312,823.1500244140625,9788
PRECOT,2026-05-28,844.9000244140625,844.9000244140625,844.9000244140625,844.9000244140625,0
PRECOT,2026-05-29,849.0,802.7000122070312,861.25,802.7000122070312,6208
PRECOT,2026-06-01,805.0,762.6500244140625,805.0,762.5999755859375,18741
PRECOT,2026-06-02,732.0,766.7000122070312,786.9500122070312,732.0,5661
PRECOT,2026-06-03,769.7000122070312,733.5499877929688,769.7000122070312,728.4000244140625,5878
PRECOT,2026-06-04,750.5499877929688,765.6500244140625,770.2000122070312,749.9000244140625,4899
PRIVISCL,2026-03-04,2915.0,2841.10009765625,2959.89990234375,2815.0,113839
PRIVISCL,2026-03-05,2889.0,2920.199951171875,2940.0,2850.5,81092
PRIVISCL,2026-03-06,2910.0,2900.5,2939.800048828125,2861.0,48896
PRIVISCL,2026-03-09,2878.0,2927.89990234375,2947.39990234375,2820.0,308861
PRIVISCL,2026-03-10,2970.0,2946.199951171875,2990.0,2925.0,25563
PRIVISCL,2026-03-11,2945.0,2899.89990234375,2945.0,2890.39990234375,43569
PRIVISCL,2026-03-12,2906.89990234375,2869.39990234375,2906.89990234375,2827.0,29848
PRIVISCL,2026-03-13,2883.89990234375,2845.300048828125,2883.89990234375,2806.10009765625,55791
PRIVISCL,2026-03-16,2845.300048828125,2823.699951171875,2855.800048828125,2752.5,53746
PRIVISCL,2026-03-17,2801.0,2933.89990234375,2985.0,2801.0,89343
PRIVISCL,2026-03-18,2934.0,2996.800048828125,3001.0,2929.89990234375,62385
PRIVISCL,2026-03-19,2951.10009765625,2925.800048828125,2983.60009765625,2870.0,47747
PRIVISCL,2026-03-20,2925.0,2927.300048828125,2960.0,2906.0,19586
PRIVISCL,2026-03-23,2918.0,2850.60009765625,2918.0,2830.0,88803
PRIVISCL,2026-03-24,2878.699951171875,2941.60009765625,2977.0,2850.60009765625,163312
PRIVISCL,2026-03-25,2970.0,2963.199951171875,3039.0,2945.0,107077
PRIVISCL,2026-03-27,2963.10009765625,2954.699951171875,2989.89990234375,2925.300048828125,116869
PRIVISCL,2026-03-30,2911.0,2897.800048828125,2937.199951171875,2888.0,30356
PRIVISCL,2026-04-01,2920.0,2931.0,2991.5,2920.0,51603
PRIVISCL,2026-04-02,2929.89990234375,2941.10009765625,2962.800048828125,2865.699951171875,75207
PRIVISCL,2026-04-06,2941.10009765625,2961.699951171875,2978.0,2909.5,46989
PRIVISCL,2026-04-07,2979.0,2978.199951171875,3014.0,2944.89990234375,85652
PRIVISCL,2026-04-08,3050.0,2938.199951171875,3050.89990234375,2925.199951171875,135332
PRIVISCL,2026-04-09,2939.699951171875,2915.800048828125,2955.199951171875,2909.5,44942
PRIVISCL,2026-04-10,2950.0,2900.10009765625,2955.0,2889.199951171875,90930
PRIVISCL,2026-04-13,2900.0,2935.10009765625,2970.39990234375,2836.10009765625,337600
PRIVISCL,2026-04-15,2980.0,2929.800048828125,3000.0,2919.0,77662
PRIVISCL,2026-04-16,2949.89990234375,2944.10009765625,2965.699951171875,2884.10009765625,169109
PRIVISCL,2026-04-17,2949.89990234375,3133.10009765625,3150.0,2942.89990234375,368883
PRIVISCL,2026-04-20,3155.0,3086.89990234375,3185.60009765625,3071.0,88273
PRIVISCL,2026-04-21,3102.300048828125,3138.10009765625,3148.800048828125,3091.300048828125,55015
PRIVISCL,2026-04-22,3165.0,3163.300048828125,3190.5,3115.0,127569
PRIVISCL,2026-04-23,3181.60009765625,3250.800048828125,3270.0,3147.5,132276
PRIVISCL,2026-04-24,3267.0,3232.60009765625,3269.89990234375,3187.60009765625,81415
PRIVISCL,2026-04-27,3265.0,3261.39990234375,3366.0,3230.10009765625,146224
PRIVISCL,2026-04-28,3264.89990234375,3269.39990234375,3300.0,3245.0,38354
PRIVISCL,2026-04-29,3269.39990234375,3317.60009765625,3333.0,3249.0,103929
PRIVISCL,2026-04-30,3330.0,3360.10009765625,3365.39990234375,3265.10009765625,87861
PRIVISCL,2026-05-01,3360.10009765625,3360.10009765625,3360.10009765625,3360.10009765625,0
PRIVISCL,2026-05-04,3402.0,3362.800048828125,3455.0,3330.0,141359
PRIVISCL,2026-05-05,3362.699951171875,3375.199951171875,3402.0,3336.0,44059
PRIVISCL,2026-05-06,3411.0,3388.300048828125,3411.0,3345.0,39115
PRIVISCL,2026-05-07,3388.300048828125,3493.5,3500.0,3370.199951171875,122033
PRIVISCL,2026-05-08,3515.0,3487.89990234375,3515.0,3414.89990234375,109355
PRIVISCL,2026-05-11,3530.0,3472.89990234375,3590.89990234375,3412.5,502152
PRIVISCL,2026-05-12,3488.0,3198.699951171875,3528.0,3175.0,268810
PRIVISCL,2026-05-13,3219.800048828125,3172.800048828125,3256.199951171875,3152.5,119668
PRIVISCL,2026-05-14,3219.0,3075.300048828125,3259.0,3042.0,200358
PRIVISCL,2026-05-15,3085.199951171875,3091.800048828125,3150.0,3052.199951171875,73969
PRIVISCL,2026-05-18,3065.10009765625,3095.60009765625,3105.0,3003.0,73232
PRIVISCL,2026-05-19,3098.89990234375,3086.0,3144.0,3071.0,54106
PRIVISCL,2026-05-20,3100.0,3173.0,3212.0,3079.5,88932
PRIVISCL,2026-05-21,3176.10009765625,3267.300048828125,3282.0,3176.10009765625,96525
PRIVISCL,2026-05-22,3303.300048828125,3318.300048828125,3345.5,3283.800048828125,60673
PRIVISCL,2026-05-25,3359.199951171875,3300.60009765625,3374.89990234375,3280.5,59936
PRIVISCL,2026-05-26,3280.0,3342.300048828125,3355.89990234375,3280.0,48839
PRIVISCL,2026-05-27,3342.300048828125,3290.5,3358.199951171875,3259.39990234375,50269
PRIVISCL,2026-05-28,3290.5,3290.5,3290.5,3290.5,0
PRIVISCL,2026-05-29,3290.5,3255.199951171875,3349.699951171875,3188.10009765625,157408
PRIVISCL,2026-06-01,3295.60009765625,3305.5,3350.10009765625,3255.0,90429
PRIVISCL,2026-06-02,3289.10009765625,3284.39990234375,3293.300048828125,3215.800048828125,30486
PRIVISCL,2026-06-03,3298.0,3256.39990234375,3347.0,3239.0,59866
PRIVISCL,2026-06-04,3221.0,3262.39990234375,3300.0,3221.0,43548
RADICO,2026-03-04,2562.0,2541.199951171875,2579.89990234375,2505.0,299602
RADICO,2026-03-05,2574.89990234375,2566.39990234375,2600.0,2529.699951171875,253867
RADICO,2026-03-06,2552.5,2766.89990234375,2793.89990234375,2540.10009765625,2100819
RADICO,2026-03-09,2736.0,2751.60009765625,2760.0,2655.0,373124
RADICO,2026-03-10,2764.89990234375,2762.5,2794.699951171875,2713.300048828125,381745
RADICO,2026-03-11,2770.0,2894.0,2921.0,2732.89990234375,699402
RADICO,2026-03-12,2880.0,2857.5,2880.0,2781.199951171875,549459
RADICO,2026-03-13,2850.0,2800.10009765625,2880.10009765625,2785.0,445608
RADICO,2026-03-16,2788.0,2827.39990234375,2856.0,2757.10009765625,283160
RADICO,2026-03-17,2839.300048828125,2739.10009765625,2839.300048828125,2710.10009765625,453538
RADICO,2026-03-18,2739.0,2709.699951171875,2788.60009765625,2690.0,360017
RADICO,2026-03-19,2696.199951171875,2594.0,2696.199951171875,2582.0,409085
RADICO,2026-03-20,2620.199951171875,2660.5,2706.0,2588.89990234375,407415
RADICO,2026-03-23,2650.0,2606.60009765625,2650.10009765625,2552.39990234375,399468
RADICO,2026-03-24,2655.0,2637.300048828125,2669.800048828125,2561.0,358955
RADICO,2026-03-25,2653.699951171875,2747.0,2761.0,2637.300048828125,494679
RADICO,2026-03-27,2703.0,2640.199951171875,2730.0,2611.0,1304758
RADICO,2026-03-30,2621.0,2629.300048828125,2657.89990234375,2568.10009765625,432760
RADICO,2026-04-01,2679.89990234375,2684.0,2705.0,2619.5,342760
RADICO,2026-04-02,2642.5,2623.199951171875,2664.5,2587.199951171875,322074
RADICO,2026-04-06,2643.0,2684.699951171875,2695.0,2601.10009765625,178418
RADICO,2026-04-07,2684.699951171875,2629.0,2684.699951171875,2617.300048828125,508369
RADICO,2026-04-08,2670.0,2762.300048828125,2775.5,2657.0,449022
RADICO,2026-04-09,2760.0,2717.10009765625,2781.800048828125,2698.0,362108
RADICO,2026-04-10,2737.10009765625,2792.699951171875,2811.0,2722.199951171875,425148
RADICO,2026-04-13,2760.0,2807.699951171875,2822.699951171875,2710.0,289424
RADICO,2026-04-15,2835.0,2906.699951171875,2915.0,2830.699951171875,573925
RADICO,2026-04-16,2920.10009765625,3036.39990234375,3054.800048828125,2918.0,1034273
RADICO,2026-04-17,3040.10009765625,3186.89990234375,3227.0,3014.199951171875,1189319
RADICO,2026-04-20,3220.89990234375,3340.10009765625,3365.0,3191.10009765625,1253847
RADICO,2026-04-21,3356.800048828125,3249.199951171875,3436.0,3170.199951171875,1099710
RADICO,2026-04-22,3250.0,3243.0,3307.5,3209.60009765625,401276
RADICO,2026-04-23,3243.0,3199.199951171875,3257.60009765625,3190.0,196159
RADICO,2026-04-24,3212.199951171875,3187.199951171875,3239.89990234375,3162.5,237218
RADICO,2026-04-27,3225.0,3315.39990234375,3339.0,3218.10009765625,592198
RADICO,2026-04-28,3355.0,3399.199951171875,3419.60009765625,3288.60009765625,627277
RADICO,2026-04-29,3405.0,3458.5,3475.0,3367.0,308361
RADICO,2026-04-30,3442.0,3423.10009765625,3449.0,3292.699951171875,457179
RADICO,2026-05-01,3423.10009765625,3423.10009765625,3423.10009765625,3423.10009765625,0
RADICO,2026-05-04,3433.0,3389.199951171875,3482.0,3358.10009765625,331690
RADICO,2026-05-05,3414.199951171875,3338.89990234375,3414.199951171875,3326.300048828125,277744
RADICO,2026-05-06,3360.0,3357.199951171875,3397.0,3302.0,739701
RADICO,2026-05-07,3400.0,3407.0,3463.0,3327.300048828125,807879
RADICO,2026-05-08,3420.800048828125,3477.199951171875,3522.0,3414.300048828125,866740
RADICO,2026-05-11,3480.0,3489.699951171875,3523.89990234375,3442.199951171875,277473
RADICO,2026-05-12,3486.39990234375,3428.60009765625,3517.5,3400.800048828125,483851
RADICO,2026-05-13,3429.89990234375,3450.5,3498.300048828125,3422.0,465546
RADICO,2026-05-14,3463.60009765625,3461.0,3532.89990234375,3420.60009765625,420937
RADICO,2026-05-15,3491.10009765625,3499.199951171875,3529.0,3468.10009765625,489194
RADICO,2026-05-18,3499.199951171875,3471.39990234375,3499.199951171875,3425.0,154912
RADICO,2026-05-19,3468.0,3599.89990234375,3673.89990234375,3468.0,764359
RADICO,2026-05-20,3600.300048828125,3565.89990234375,3679.0,3555.699951171875,302978
RADICO,2026-05-21,3584.89990234375,3571.89990234375,3605.0,3537.89990234375,218325
RADICO,2026-05-22,3584.0,3561.10009765625,3594.89990234375,3527.60009765625,147243
RADICO,2026-05-25,3585.5,3539.39990234375,3588.0,3535.60009765625,119213
RADICO,2026-05-26,3553.0,3578.39990234375,3590.0,3535.60009765625,191917
RADICO,2026-05-27,3604.0,3439.300048828125,3649.0,3426.89990234375,463766
RADICO,2026-05-28,3439.300048828125,3439.300048828125,3439.300048828125,3439.300048828125,0
RADICO,2026-05-29,3442.0,3518.60009765625,3569.0,3410.10009765625,647859
RADICO,2026-06-01,3563.39990234375,3506.10009765625,3563.39990234375,3480.0,228462
RADICO,2026-06-02,3465.800048828125,3487.5,3507.800048828125,3426.5,263853
RADICO,2026-06-03,3485.0,3464.10009765625,3509.60009765625,3451.0,159441
RADICO,2026-06-04,3450.0,3502.39990234375,3560.0,3450.0,247899
SBCL,2026-03-04,424.6000061035156,421.1499938964844,433.6499938964844,419.25,187923
SBCL,2026-03-05,422.04998779296875,428.25,431.8999938964844,417.54998779296875,106383
SBCL,2026-03-06,425.54998779296875,424.45001220703125,433.8500061035156,422.1000061035156,44047
SBCL,2026-03-09,419.04998779296875,413.6000061035156,423.3999938964844,410.0,90165
SBCL,2026-03-10,417.8999938964844,429.6499938964844,444.0,414.0,232727
SBCL,2026-03-11,429.6499938964844,433.29998779296875,438.8500061035156,426.0,53894
SBCL,2026-03-12,426.79998779296875,423.54998779296875,430.75,420.04998779296875,72150
SBCL,2026-03-13,423.54998779296875,415.1000061035156,427.29998779296875,410.25,88837
SBCL,2026-03-16,415.0,413.04998779296875,419.8999938964844,402.25,177306
SBCL,2026-03-17,415.20001220703125,416.95001220703125,423.75,412.0,75915
SBCL,2026-03-18,417.0,419.04998779296875,434.75,417.0,144834
SBCL,2026-03-19,411.0,396.95001220703125,417.04998779296875,392.04998779296875,309005
SBCL,2026-03-20,397.45001220703125,405.54998779296875,410.1499938964844,397.3999938964844,133628
SBCL,2026-03-23,402.0,395.54998779296875,404.79998779296875,390.79998779296875,121114
SBCL,2026-03-24,402.8999938964844,375.25,406.8999938964844,372.1000061035156,488007
SBCL,2026-03-25,380.8999938964844,380.75,391.6499938964844,372.5,345295
SBCL,2026-03-27,376.5,376.29998779296875,383.1000061035156,370.0,315726
SBCL,2026-03-30,370.3999938964844,387.8500061035156,407.0,368.6000061035156,577467
SBCL,2026-04-01,410.1499938964844,418.0,420.54998779296875,397.6000061035156,230022
SBCL,2026-04-02,418.3500061035156,410.1499938964844,418.3500061035156,402.0,228325
SBCL,2026-04-06,411.0,418.54998779296875,420.6000061035156,405.3500061035156,120067
SBCL,2026-04-07,418.0,428.95001220703125,431.1000061035156,412.54998779296875,130574
SBCL,2026-04-08,450.8500061035156,467.04998779296875,478.0,431.1499938964844,424093
SBCL,2026-04-09,457.20001220703125,467.45001220703125,478.0,456.0,200316
SBCL,2026-04-10,476.25,486.3500061035156,489.54998779296875,470.54998779296875,302650
SBCL,2026-04-13,479.54998779296875,485.95001220703125,496.75,470.54998779296875,178140
SBCL,2026-04-15,489.8999938964844,518.2999877929688,526.2999877929688,481.79998779296875,400844
SBCL,2026-04-16,519.0499877929688,514.5,531.9000244140625,506.54998779296875,196655
SBCL,2026-04-17,514.9000244140625,523.0,531.4000244140625,507.0,550054
SBCL,2026-04-20,525.0,521.1500244140625,526.8499755859375,515.0,163110
SBCL,2026-04-21,521.1500244140625,520.75,525.0,513.5999755859375,90902
SBCL,2026-04-22,520.75,536.5499877929688,538.5,515.3499755859375,235112
SBCL,2026-04-23,537.0,524.2999877929688,543.2999877929688,519.5499877929688,185557
SBCL,2026-04-24,521.7000122070312,592.2999877929688,625.0,520.0999755859375,5745253
SBCL,2026-04-27,615.0,639.5,655.4000244140625,607.2999877929688,4971891
SBCL,2026-04-28,635.0,612.7999877929688,640.7999877929688,607.3499755859375,520961
SBCL,2026-04-29,616.0,602.4000244140625,623.8499755859375,595.1500244140625,246360
SBCL,2026-04-30,595.0,595.5,607.9000244140625,580.0,212197
SBCL,2026-05-01,595.5,595.5,595.5,595.5,0
SBCL,2026-05-04,594.0499877929688,625.0499877929688,638.0,586.5499877929688,562520
SBCL,2026-05-05,625.5,614.5999755859375,627.5,607.6500244140625,144148
SBCL,2026-05-06,615.9500122070312,603.7000122070312,636.75,588.0499877929688,187661
SBCL,2026-05-07,609.4500122070312,621.5999755859375,635.0,598.0,279101
SBCL,2026-05-08,638.25,636.6500244140625,655.0,583.6500244140625,981565
SBCL,2026-05-11,636.7000122070312,599.7000122070312,636.7000122070312,595.1500244140625,323949
SBCL,2026-05-12,605.0,583.0999755859375,605.0,575.4000244140625,226244
SBCL,2026-05-13,575.0,573.75,598.7999877929688,565.5999755859375,173611
SBCL,2026-05-14,580.0,604.2000122070312,614.9000244140625,568.1500244140625,372581
SBCL,2026-05-15,610.3499755859375,601.25,615.7000122070312,590.1500244140625,155454
SBCL,2026-05-18,590.0999755859375,595.9500122070312,605.0,577.0,155381
SBCL,2026-05-19,619.9000244140625,633.1500244140625,648.0,616.0499877929688,894271
SBCL,2026-05-20,636.2000122070312,664.7999877929688,681.3499755859375,635.0,1015912
SBCL,2026-05-21,680.0,686.9500122070312,696.8499755859375,674.5,490184
SBCL,2026-05-22,690.0,677.9500122070312,700.0,672.0499877929688,370010
SBCL,2026-05-25,686.5,697.75,721.2000122070312,686.0,657114
SBCL,2026-05-26,703.9000244140625,748.75,789.0,700.0499877929688,2723159
SBCL,2026-05-27,756.9500122070312,759.8499755859375,783.0,750.3499755859375,620193
SBCL,2026-05-28,759.8499755859375,759.8499755859375,759.8499755859375,759.8499755859375,0
SBCL,2026-05-29,755.0,740.0,759.8499755859375,731.4000244140625,305530
SBCL,2026-06-01,739.7000122070312,730.7999877929688,755.7999877929688,726.2999877929688,550040
SBCL,2026-06-02,728.2000122070312,734.5499877929688,742.9000244140625,726.5,140241
SBCL,2026-06-03,740.5499877929688,723.9000244140625,761.3499755859375,714.5999755859375,231427
SBCL,2026-06-04,723.9000244140625,727.7999877929688,745.0,714.0999755859375,349605
SCHAEFFLER,2026-03-04,4285.0,4134.2998046875,4285.0,4080.0,133978
SCHAEFFLER,2026-03-05,4158.0,4288.89990234375,4333.2998046875,4158.0,70689
SCHAEFFLER,2026-03-06,4296.0,4325.7998046875,4467.7001953125,4267.7001953125,144244
SCHAEFFLER,2026-03-09,4274.0,4172.60009765625,4274.0,4119.0,79491
SCHAEFFLER,2026-03-10,4213.2001953125,4164.39990234375,4264.0,4150.0,46811
SCHAEFFLER,2026-03-11,4164.39990234375,4050.39990234375,4202.7998046875,4025.0,106688
SCHAEFFLER,2026-03-12,4050.39990234375,3988.60009765625,4050.39990234375,3974.300048828125,41368
SCHAEFFLER,2026-03-13,3988.60009765625,3830.60009765625,3988.60009765625,3806.199951171875,76889
SCHAEFFLER,2026-03-16,3820.5,3773.89990234375,3860.0,3749.39990234375,116603
SCHAEFFLER,2026-03-17,3798.0,3914.300048828125,3950.0,3764.699951171875,72743
SCHAEFFLER,2026-03-18,3917.0,4053.800048828125,4080.0,3906.89990234375,101481
SCHAEFFLER,2026-03-19,3996.0,3959.0,4034.800048828125,3910.5,75429
SCHAEFFLER,2026-03-20,3966.0,4186.5,4240.0,3966.0,213502
SCHAEFFLER,2026-03-23,4155.0,3951.60009765625,4155.0,3922.0,63480
SCHAEFFLER,2026-03-24,4059.89990234375,3978.89990234375,4059.89990234375,3874.5,70033
SCHAEFFLER,2026-03-25,4011.5,4063.10009765625,4098.0,4000.0,59643
SCHAEFFLER,2026-03-27,4030.0,3985.10009765625,4038.800048828125,3956.300048828125,63802
SCHAEFFLER,2026-03-30,3901.0,3844.800048828125,3944.10009765625,3810.5,93036
SCHAEFFLER,2026-04-01,3890.0,3870.60009765625,3996.89990234375,3852.39990234375,70468
SCHAEFFLER,2026-04-02,3800.0,3764.39990234375,3851.199951171875,3707.0,89461
SCHAEFFLER,2026-04-06,3764.199951171875,3782.699951171875,3804.800048828125,3715.0,68166
SCHAEFFLER,2026-04-07,3790.0,3706.39990234375,3794.89990234375,3690.800048828125,90816
SCHAEFFLER,2026-04-08,3804.89990234375,3884.699951171875,3990.0,3753.89990234375,155420
SCHAEFFLER,2026-04-09,3900.0,3846.10009765625,3912.800048828125,3835.800048828125,236450
SCHAEFFLER,2026-04-10,3900.0,3905.5,3948.10009765625,3850.0,154179
SCHAEFFLER,2026-04-13,3850.0,3877.5,3903.60009765625,3793.60009765625,111890
SCHAEFFLER,2026-04-15,3901.0,3942.800048828125,4014.60009765625,3901.0,107773
SCHAEFFLER,2026-04-16,3999.89990234375,3966.10009765625,4040.0,3913.5,108328
SCHAEFFLER,2026-04-17,3952.60009765625,4002.5,4019.699951171875,3926.800048828125,64361
SCHAEFFLER,2026-04-20,4000.0,4086.699951171875,4113.39990234375,3954.5,113304
SCHAEFFLER,2026-04-21,4108.0,4172.89990234375,4185.0,4050.60009765625,75663
SCHAEFFLER,2026-04-22,4164.7998046875,4288.7998046875,4312.89990234375,4152.0,139173
SCHAEFFLER,2026-04-23,4274.7998046875,4220.10009765625,4351.0,4172.2998046875,120501
SCHAEFFLER,2026-04-24,4248.0,4286.60009765625,4337.89990234375,4225.0,175146
SCHAEFFLER,2026-04-27,4350.0,4355.0,4445.0,4287.2998046875,129291
SCHAEFFLER,2026-04-28,4376.7001953125,4283.2998046875,4391.10009765625,4265.0,119331
SCHAEFFLER,2026-04-29,4302.0,4326.7998046875,4350.10009765625,4291.39990234375,77178
SCHAEFFLER,2026-04-30,4188.10009765625,4124.7998046875,4233.60009765625,4035.39990234375,286808
SCHAEFFLER,2026-05-01,4124.7998046875,4124.7998046875,4124.7998046875,4124.7998046875,0
SCHAEFFLER,2026-05-04,4192.2001953125,4174.2001953125,4247.7998046875,4078.699951171875,180204
SCHAEFFLER,2026-05-05,4142.60009765625,4141.2998046875,4176.5,4098.39990234375,103140
SCHAEFFLER,2026-05-06,4159.0,4193.60009765625,4205.0,4117.2998046875,97763
SCHAEFFLER,2026-05-07,4202.7001953125,4247.2998046875,4297.0,4175.0,121556
SCHAEFFLER,2026-05-08,4240.10009765625,4247.89990234375,4260.0,4180.7001953125,73577
SCHAEFFLER,2026-05-11,4249.0,4211.60009765625,4264.89990234375,4180.89990234375,48212
SCHAEFFLER,2026-05-12,4181.0,4082.300048828125,4215.10009765625,4052.0,58680
SCHAEFFLER,2026-05-13,4089.89990234375,4110.39990234375,4138.0,4016.199951171875,60369
SCHAEFFLER,2026-05-14,4162.60009765625,4042.0,4180.0,4024.0,58543
SCHAEFFLER,2026-05-15,4062.0,4029.60009765625,4100.0,4009.5,31242
SCHAEFFLER,2026-05-18,3996.0,3974.199951171875,4000.0,3886.60009765625,69970
SCHAEFFLER,2026-05-19,3976.199951171875,3987.800048828125,4060.0,3961.5,70990
SCHAEFFLER,2026-05-20,3966.60009765625,4014.89990234375,4044.0,3920.5,26992
SCHAEFFLER,2026-05-21,4046.0,4088.89990234375,4144.89990234375,4046.0,56408
SCHAEFFLER,2026-05-22,4100.7998046875,4072.10009765625,4115.0,4036.39990234375,23499
SCHAEFFLER,2026-05-25,4100.0,4102.7001953125,4135.60009765625,4066.60009765625,32247
SCHAEFFLER,2026-05-26,4102.7001953125,4196.10009765625,4249.0,4102.7001953125,205458
SCHAEFFLER,2026-05-27,4210.0,4157.7001953125,4246.5,4131.2998046875,25652
SCHAEFFLER,2026-05-28,4157.7001953125,4157.7001953125,4157.7001953125,4157.7001953125,0
SCHAEFFLER,2026-05-29,4149.39990234375,4128.7001953125,4160.0,4064.0,91309
SCHAEFFLER,2026-06-01,4136.5,4079.800048828125,4152.0,4052.0,55761
SCHAEFFLER,2026-06-02,4070.300048828125,4071.60009765625,4092.10009765625,4027.0,43045
SCHAEFFLER,2026-06-03,4072.0,4049.89990234375,4118.2998046875,4002.0,310410
SCHAEFFLER,2026-06-04,4030.0,3997.39990234375,4039.89990234375,3962.5,63119
SCHNEIDER,2026-03-04,843.6500244140625,832.75,862.0,829.5499877929688,172676
SCHNEIDER,2026-03-05,832.75,874.3499755859375,874.3499755859375,832.75,73175
SCHNEIDER,2026-03-06,879.0,905.8499755859375,915.0,875.0,156697
SCHNEIDER,2026-03-09,885.2000122070312,900.0999755859375,912.7999877929688,860.5999755859375,158352
SCHNEIDER,2026-03-10,901.0,923.5999755859375,925.0,901.0,261583
SCHNEIDER,2026-03-11,924.0,908.5,934.0,881.5,80833
SCHNEIDER,2026-03-12,877.0,907.4500122070312,912.4000244140625,877.0,55875
SCHNEIDER,2026-03-13,907.7999877929688,885.7000122070312,907.7999877929688,862.0999755859375,148249
SCHNEIDER,2026-03-16,862.0999755859375,871.8499755859375,897.9000244140625,842.0999755859375,91865
SCHNEIDER,2026-03-17,876.0,889.0999755859375,897.9000244140625,862.0499877929688,54467
SCHNEIDER,2026-03-18,890.0,898.5999755859375,908.0,880.0,73611
SCHNEIDER,2026-03-19,880.0,895.2000122070312,907.0,871.0999755859375,85598
SCHNEIDER,2026-03-20,925.0,890.0,925.0,885.0,52381
SCHNEIDER,2026-03-23,875.0999755859375,866.7000122070312,891.0,845.5999755859375,138558
SCHNEIDER,2026-03-24,874.9500122070312,895.3499755859375,900.0,861.0,77834
SCHNEIDER,2026-03-25,899.7999877929688,893.5,912.0,888.0,58846
SCHNEIDER,2026-03-27,893.5,876.75,900.0,865.0,72901
SCHNEIDER,2026-03-30,871.0,845.7999877929688,872.4000244140625,832.9500122070312,107286
SCHNEIDER,2026-04-01,858.25,876.0499877929688,888.0499877929688,858.25,93610
SCHNEIDER,2026-04-02,864.7000122070312,906.0499877929688,910.5,841.5,69775
SCHNEIDER,2026-04-06,907.0,926.25,945.0,886.0999755859375,245191
SCHNEIDER,2026-04-07,926.25,927.4500122070312,940.25,902.0,122674
SCHNEIDER,2026-04-08,951.3499755859375,973.7999877929688,973.7999877929688,930.0499877929688,203617
SCHNEIDER,2026-04-09,978.0,966.7999877929688,994.4000244140625,960.0,120425
SCHNEIDER,2026-04-10,980.0,1010.0999755859375,1014.2999877929688,966.0,255127
SCHNEIDER,2026-04-13,990.0,1018.1500244140625,1032.0999755859375,976.0999755859375,228635
SCHNEIDER,2026-04-15,1034.9000244140625,996.5499877929688,1045.0,980.0999755859375,176834
SCHNEIDER,2026-04-16,1002.0,998.25,1002.0,979.9000244140625,113550
SCHNEIDER,2026-04-17,999.0,1036.050048828125,1047.800048828125,998.0,236073
SCHNEIDER,2026-04-20,1055.0,1087.8499755859375,1087.8499755859375,1037.0,434238
SCHNEIDER,2026-04-21,1107.0,1058.800048828125,1108.0,1037.0,182423
SCHNEIDER,2026-04-22,1059.5,1111.699951171875,1111.699951171875,1024.0,232783
SCHNEIDER,2026-04-23,1106.0,1127.0,1158.0,1100.0,172554
SCHNEIDER,2026-04-24,1126.0999755859375,1180.0999755859375,1183.3499755859375,1080.0,232827
SCHNEIDER,2026-04-27,1190.0,1182.0,1210.0,1150.0,228136
SCHNEIDER,2026-04-28,1187.949951171875,1144.1500244140625,1194.9000244140625,1130.0,129611
SCHNEIDER,2026-04-29,1145.0,1191.25,1199.949951171875,1134.0,193783
SCHNEIDER,2026-04-30,1179.9000244140625,1243.699951171875,1249.800048828125,1155.5,251527
SCHNEIDER,2026-05-01,1243.699951171875,1243.699951171875,1243.699951171875,1243.699951171875,0
SCHNEIDER,2026-05-04,1248.0,1305.800048828125,1305.800048828125,1244.4000244140625,338314
SCHNEIDER,2026-05-05,1300.0,1349.9000244140625,1355.0,1290.0,372099
SCHNEIDER,2026-05-06,1360.0,1282.5,1370.0,1282.5,261210
SCHNEIDER,2026-05-07,1250.0,1343.4000244140625,1344.800048828125,1220.0,336787
SCHNEIDER,2026-05-08,1336.0,1344.5999755859375,1359.800048828125,1310.0,168452
SCHNEIDER,2026-05-11,1344.0,1316.9000244140625,1346.0,1285.0,202099
SCHNEIDER,2026-05-12,1313.0,1265.199951171875,1339.0,1251.0999755859375,184378
SCHNEIDER,2026-05-13,1217.0,1281.300048828125,1320.0,1217.0,124475
SCHNEIDER,2026-05-14,1300.0,1315.0,1320.0,1270.0,119613
SCHNEIDER,2026-05-15,1313.0,1264.300048828125,1318.0,1249.300048828125,70485
SCHNEIDER,2026-05-18,1255.0,1201.0999755859375,1259.9000244140625,1201.0999755859375,120688
SCHNEIDER,2026-05-19,1177.9000244140625,1244.699951171875,1261.0,1175.0,150899
SCHNEIDER,2026-05-20,1230.0,1300.0,1305.0,1229.9000244140625,191605
SCHNEIDER,2026-05-21,1343.0,1325.300048828125,1350.0999755859375,1295.0,219635
SCHNEIDER,2026-05-22,1340.0,1307.5999755859375,1367.0,1299.0,210276
SCHNEIDER,2026-05-25,1328.0,1364.699951171875,1372.9000244140625,1317.699951171875,339190
SCHNEIDER,2026-05-26,1377.4000244140625,1376.800048828125,1412.0,1348.0999755859375,354616
SCHNEIDER,2026-05-27,1396.9000244140625,1377.5999755859375,1417.800048828125,1361.0,314166
SCHNEIDER,2026-05-28,1377.5999755859375,1377.5999755859375,1377.5999755859375,1377.5999755859375,0
SCHNEIDER,2026-05-29,1308.800048828125,1308.800048828125,1308.800048828125,1308.800048828125,341833
SCHNEIDER,2026-06-01,1243.4000244140625,1243.4000244140625,1243.4000244140625,1243.4000244140625,85599
SCHNEIDER,2026-06-02,1181.300048828125,1181.300048828125,1181.300048828125,1181.300048828125,255152
SCHNEIDER,2026-06-03,1122.300048828125,1122.300048828125,1122.300048828125,1122.300048828125,52580
SCHNEIDER,2026-06-04,1066.199951171875,1109.800048828125,1139.0,1066.199951171875,2497722
SHAILY,2026-03-04,1932.9000244140625,1861.800048828125,1953.9000244140625,1840.0,175762
SHAILY,2026-03-05,1875.0,1882.5999755859375,1920.699951171875,1868.0,164541
SHAILY,2026-03-06,1882.5999755859375,1913.5999755859375,1946.699951171875,1872.5,84104
SHAILY,2026-03-09,1860.0,1837.800048828125,1875.9000244140625,1800.0,146623
SHAILY,2026-03-10,1892.4000244140625,1886.0,1902.699951171875,1851.0,174121
SHAILY,2026-03-11,1895.800048828125,1908.5,1939.9000244140625,1876.800048828125,157131
SHAILY,2026-03-12,1887.5999755859375,1911.4000244140625,1931.0,1858.199951171875,1043037
SHAILY,2026-03-13,1933.0,1938.800048828125,1989.800048828125,1906.0999755859375,657957
SHAILY,2026-03-16,1912.199951171875,1915.0999755859375,1934.0,1876.4000244140625,322799
SHAILY,2026-03-17,1910.0,2279.89990234375,2298.10009765625,1909.0999755859375,2043355
SHAILY,2026-03-18,2291.800048828125,2351.300048828125,2383.0,2219.800048828125,1501129
SHAILY,2026-03-19,2271.800048828125,2294.199951171875,2387.60009765625,2270.0,579450
SHAILY,2026-03-20,2333.199951171875,2399.0,2505.10009765625,2325.0,1878101
SHAILY,2026-03-23,2350.0,2209.60009765625,2350.0,2182.199951171875,442919
SHAILY,2026-03-24,2296.699951171875,2328.300048828125,2366.10009765625,2226.300048828125,324406
SHAILY,2026-03-25,2350.0,2267.39990234375,2426.5,2251.10009765625,440564
SHAILY,2026-03-27,2256.5,2156.60009765625,2283.60009765625,2140.0,286799
SHAILY,2026-03-30,2124.300048828125,2084.39990234375,2138.89990234375,2065.0,186951
SHAILY,2026-04-01,2186.5,2094.199951171875,2221.0,2082.10009765625,304981
SHAILY,2026-04-02,2070.0,2083.300048828125,2100.0,2001.800048828125,165542
SHAILY,2026-04-06,2078.800048828125,2112.5,2139.0,2020.0999755859375,224979
SHAILY,2026-04-07,2101.0,2092.5,2101.0,2044.5999755859375,155190
SHAILY,2026-04-08,2200.0,2003.9000244140625,2220.0,1950.0,1196470
SHAILY,2026-04-09,2003.800048828125,1995.0,2020.0,1946.0,443385
SHAILY,2026-04-10,1995.0,1950.5,2025.0,1922.0,422233
SHAILY,2026-04-13,1926.0,1942.300048828125,1987.9000244140625,1906.199951171875,223238
SHAILY,2026-04-15,1979.9000244140625,1882.5,2003.5999755859375,1770.9000244140625,1515115
SHAILY,2026-04-16,1922.0,1901.0999755859375,1927.9000244140625,1861.0999755859375,588328
SHAILY,2026-04-17,1917.0,1885.0,1919.800048828125,1850.0,479292
SHAILY,2026-04-20,1885.0,1845.699951171875,1896.4000244140625,1835.0,186730
SHAILY,2026-04-21,1863.800048828125,1840.5999755859375,1870.0,1832.0,186397
SHAILY,2026-04-22,1854.199951171875,1938.9000244140625,1976.0,1844.0999755859375,529379
SHAILY,2026-04-23,1932.9000244140625,2186.199951171875,2214.0,1922.0,1748223
SHAILY,2026-04-24,2210.10009765625,2503.10009765625,2564.0,2147.10009765625,3379703
SHAILY,2026-04-27,2457.39990234375,2422.60009765625,2477.39990234375,2344.0,839853
SHAILY,2026-04-28,2424.0,2489.39990234375,2523.60009765625,2386.0,499996
SHAILY,2026-04-29,2587.0,2527.60009765625,2587.0,2375.0,632156
SHAILY,2026-04-30,2490.0,2532.60009765625,2585.0,2479.0,396458
SHAILY,2026-05-01,2532.60009765625,2532.60009765625,2532.60009765625,2532.60009765625,0
SHAILY,2026-05-04,2520.10009765625,2579.0,2625.0,2462.60009765625,296642
SHAILY,2026-05-05,2597.800048828125,2603.10009765625,2611.0,2534.60009765625,172778
SHAILY,2026-05-06,2612.89990234375,2631.199951171875,2650.0,2590.0,213286
SHAILY,2026-05-07,2669.0,2673.800048828125,2699.0,2629.699951171875,159583
SHAILY,2026-05-08,2665.0,2679.199951171875,2720.0,2621.300048828125,208686
SHAILY,2026-05-11,2690.0,2700.10009765625,2750.0,2503.39990234375,357120
SHAILY,2026-05-12,2701.89990234375,2693.60009765625,2780.0,2650.10009765625,323130
SHAILY,2026-05-13,2695.0,2744.0,2751.300048828125,2665.0,156540
SHAILY,2026-05-14,2736.0,2793.5,2836.89990234375,2736.0,230673
SHAILY,2026-05-15,2828.800048828125,2768.300048828125,2830.0,2659.300048828125,245571
SHAILY,2026-05-18,2750.0,2691.10009765625,2783.800048828125,2609.0,268910
SHAILY,2026-05-19,2701.0,2636.800048828125,2763.39990234375,2601.10009765625,185520
SHAILY,2026-05-20,2403.0,2733.800048828125,2828.300048828125,2376.0,982376
SHAILY,2026-05-21,2750.0,2752.5,2795.0,2665.0,284516
SHAILY,2026-05-22,2760.0,2695.199951171875,2825.0,2680.0,230705
SHAILY,2026-05-25,2737.10009765625,2751.0,2771.0,2662.60009765625,202824
SHAILY,2026-05-26,2751.0,2689.300048828125,2774.199951171875,2665.10009765625,158206
SHAILY,2026-05-27,2701.0,2661.199951171875,2726.300048828125,2650.39990234375,91610
SHAILY,2026-05-28,2661.199951171875,2661.199951171875,2661.199951171875,2661.199951171875,0
SHAILY,2026-05-29,2689.10009765625,2989.5,3019.89990234375,2686.300048828125,985323
SHAILY,2026-06-01,3004.89990234375,3144.800048828125,3198.0,2925.60009765625,708178
SHAILY,2026-06-02,3127.60009765625,3038.0,3144.0,2970.0,418046
SHAILY,2026-06-03,3023.0,3070.699951171875,3186.89990234375,3007.39990234375,224422
SHAILY,2026-06-04,3100.0,3067.39990234375,3184.0,3050.0,262426
SHILPAMED,2026-03-04,319.8500061035156,315.70001220703125,320.20001220703125,311.95001220703125,341452
SHILPAMED,2026-03-05,318.0,323.79998779296875,328.0,318.0,209024
SHILPAMED,2026-03-06,325.45001220703125,333.1000061035156,336.8500061035156,325.0,311941
SHILPAMED,2026-03-09,329.79998779296875,333.1499938964844,335.70001220703125,316.75,381297
SHILPAMED,2026-03-10,335.0,338.6499938964844,345.45001220703125,333.45001220703125,758443
SHILPAMED,2026-03-11,340.0,336.0,348.25,334.1499938964844,738359
SHILPAMED,2026-03-12,335.25,332.29998779296875,341.45001220703125,328.29998779296875,484227
SHILPAMED,2026-03-13,334.0,312.79998779296875,335.6000061035156,312.0,367996
SHILPAMED,2026-03-16,312.79998779296875,316.0,320.0,308.29998779296875,414960
SHILPAMED,2026-03-17,320.0,317.8999938964844,322.0,314.3999938964844,225178
SHILPAMED,2026-03-18,320.29998779296875,324.6000061035156,328.70001220703125,318.1499938964844,152219
SHILPAMED,2026-03-19,315.0,314.75,325.54998779296875,312.0,234571
SHILPAMED,2026-03-20,319.0,323.25,327.45001220703125,315.6000061035156,239559
SHILPAMED,2026-03-23,320.1499938964844,312.3500061035156,320.3999938964844,311.04998779296875,250651
SHILPAMED,2026-03-24,317.0,338.0,365.0,314.54998779296875,11979792
SHILPAMED,2026-03-25,338.0,345.29998779296875,352.6499938964844,337.6499938964844,1046466
SHILPAMED,2026-03-27,345.0,349.6000061035156,355.0,341.79998779296875,746179
SHILPAMED,2026-03-30,345.1000061035156,348.8999938964844,352.8999938964844,338.04998779296875,654877
SHILPAMED,2026-04-01,360.0,374.70001220703125,379.1000061035156,350.6000061035156,771146
SHILPAMED,2026-04-02,370.0,388.8999938964844,393.0,364.1499938964844,836311
SHILPAMED,2026-04-06,388.8999938964844,391.5,394.45001220703125,368.45001220703125,647462
SHILPAMED,2026-04-07,392.8999938964844,391.3500061035156,396.8999938964844,385.8999938964844,279263
SHILPAMED,2026-04-08,409.75,403.70001220703125,410.0,393.20001220703125,450324
SHILPAMED,2026-04-09,401.3999938964844,419.0,426.8999938964844,395.0,763895
SHILPAMED,2026-04-10,424.0,420.1000061035156,425.0,412.04998779296875,360050
SHILPAMED,2026-04-13,410.04998779296875,415.8999938964844,423.0,404.54998779296875,236532
SHILPAMED,2026-04-15,420.0,414.20001220703125,424.45001220703125,409.0,521309
SHILPAMED,2026-04-16,415.95001220703125,412.0,420.04998779296875,406.95001220703125,247601
SHILPAMED,2026-04-17,410.0,410.54998779296875,416.6499938964844,407.0,283391
SHILPAMED,2026-04-20,415.0,411.25,429.8999938964844,402.8999938964844,595035
SHILPAMED,2026-04-21,412.6000061035156,405.25,414.0,400.3999938964844,313476
SHILPAMED,2026-04-22,400.8999938964844,408.3500061035156,413.79998779296875,396.5,391334
SHILPAMED,2026-04-23,407.8999938964844,427.6000061035156,436.3999938964844,405.04998779296875,1408070
SHILPAMED,2026-04-24,434.8500061035156,413.8999938964844,435.3500061035156,412.0,419992
SHILPAMED,2026-04-27,408.6000061035156,415.20001220703125,429.0,407.0,384799
SHILPAMED,2026-04-28,415.1499938964844,407.79998779296875,418.5,405.1000061035156,280467
SHILPAMED,2026-04-29,409.0,404.04998779296875,413.1499938964844,400.6000061035156,210978
SHILPAMED,2026-04-30,404.04998779296875,406.6499938964844,414.95001220703125,400.8999938964844,336460
SHILPAMED,2026-05-01,406.6499938964844,406.6499938964844,406.6499938964844,406.6499938964844,0
SHILPAMED,2026-05-04,410.6499938964844,418.70001220703125,425.95001220703125,409.0,420018
SHILPAMED,2026-05-05,415.8500061035156,424.3999938964844,436.3500061035156,408.04998779296875,990280
SHILPAMED,2026-05-06,424.3999938964844,441.8999938964844,448.8999938964844,424.3500061035156,1008040
SHILPAMED,2026-05-07,443.79998779296875,441.70001220703125,451.0,437.0,412493
SHILPAMED,2026-05-08,438.0,437.0,447.70001220703125,432.04998779296875,692480
SHILPAMED,2026-05-11,434.25,456.1499938964844,478.0,426.1499938964844,1791376
SHILPAMED,2026-05-12,459.54998779296875,438.6499938964844,459.54998779296875,433.70001220703125,423159
SHILPAMED,2026-05-13,439.0,438.8500061035156,452.5,435.04998779296875,505122
SHILPAMED,2026-05-14,438.3500061035156,450.5,453.79998779296875,432.5,473377
SHILPAMED,2026-05-15,452.29998779296875,478.3999938964844,491.95001220703125,450.0,2449910
SHILPAMED,2026-05-18,479.0,476.20001220703125,493.20001220703125,473.04998779296875,1004118
SHILPAMED,2026-05-19,476.95001220703125,472.45001220703125,490.75,464.1499938964844,552666
SHILPAMED,2026-05-20,471.1499938964844,476.29998779296875,483.79998779296875,466.8500061035156,379251
SHILPAMED,2026-05-21,479.8999938964844,474.6499938964844,486.8500061035156,468.04998779296875,634358
SHILPAMED,2026-05-22,479.79998779296875,490.25,518.5499877929688,475.1000061035156,5250173
SHILPAMED,2026-05-25,500.0,512.1500244140625,529.7999877929688,495.8999938964844,4464797
SHILPAMED,2026-05-26,515.0,504.8500061035156,519.0,492.1499938964844,1613808
SHILPAMED,2026-05-27,505.0,491.79998779296875,506.8999938964844,483.3500061035156,1055210
SHILPAMED,2026-05-28,491.79998779296875,491.79998779296875,491.79998779296875,491.79998779296875,0
SHILPAMED,2026-05-29,494.0,498.95001220703125,509.79998779296875,491.0,1060865
SHILPAMED,2026-06-01,504.5,499.25,509.79998779296875,493.3999938964844,776759
SHILPAMED,2026-06-02,499.6000061035156,517.3499755859375,526.5499877929688,494.04998779296875,2867786
SHILPAMED,2026-06-03,521.0,515.4000244140625,525.0,502.3999938964844,1776974
SHILPAMED,2026-06-04,517.9500122070312,525.7999877929688,532.2000122070312,509.1499938964844,1316326
SIEMENS,2026-03-04,3285.0,3161.0,3285.0,3141.699951171875,424094
SIEMENS,2026-03-05,3172.0,3215.699951171875,3236.0,3170.10009765625,277723
SIEMENS,2026-03-06,3215.10009765625,3268.89990234375,3318.89990234375,3177.5,384941
SIEMENS,2026-03-09,3180.0,3228.89990234375,3246.800048828125,3130.0,292747
SIEMENS,2026-03-10,3265.0,3274.89990234375,3333.0,3246.39990234375,359689
SIEMENS,2026-03-11,3296.0,3272.199951171875,3348.39990234375,3262.60009765625,293668
SIEMENS,2026-03-12,3249.5,3324.699951171875,3349.60009765625,3219.60009765625,361947
SIEMENS,2026-03-13,3324.0,3207.60009765625,3361.89990234375,3195.89990234375,312590
SIEMENS,2026-03-16,3220.0,3149.60009765625,3233.10009765625,3101.0,681618
SIEMENS,2026-03-17,3153.39990234375,3173.5,3183.300048828125,3121.0,269351
SIEMENS,2026-03-18,3180.0,3220.89990234375,3231.60009765625,3144.0,203255
SIEMENS,2026-03-19,3175.0,3079.0,3175.0,3066.0,410905
SIEMENS,2026-03-20,3121.10009765625,3129.60009765625,3199.0,3089.89990234375,336513
SIEMENS,2026-03-23,3110.0,2988.300048828125,3110.0,2937.0,524215
SIEMENS,2026-03-24,3069.89990234375,3001.800048828125,3070.0,2980.0,563273
SIEMENS,2026-03-25,3015.0,3101.300048828125,3127.0,3015.0,366090
SIEMENS,2026-03-27,3096.0,3048.89990234375,3105.0,3010.0,499098
SIEMENS,2026-03-30,2997.60009765625,2935.0,3020.300048828125,2923.10009765625,480280
SIEMENS,2026-04-01,3010.0,3017.0,3072.300048828125,2985.699951171875,276980
SIEMENS,2026-04-02,2970.0,3026.60009765625,3045.0,2906.0,265901
SIEMENS,2026-04-06,3041.39990234375,3048.0,3065.89990234375,2965.10009765625,372908
SIEMENS,2026-04-07,3053.39990234375,3075.5,3084.0,2992.800048828125,184684
SIEMENS,2026-04-08,3180.0,3226.10009765625,3245.60009765625,3147.0,398432
SIEMENS,2026-04-09,3230.89990234375,3222.5,3255.0,3181.0,279120
SIEMENS,2026-04-10,3234.39990234375,3388.5,3402.39990234375,3232.0,625209
SIEMENS,2026-04-13,3340.0,3343.5,3375.5,3275.5,329882
SIEMENS,2026-04-15,3400.0,3576.10009765625,3590.0,3365.60009765625,2134727
SIEMENS,2026-04-16,3600.0,3563.800048828125,3619.300048828125,3532.800048828125,1020682
SIEMENS,2026-04-17,3589.0,3707.89990234375,3718.89990234375,3565.0,1034058
SIEMENS,2026-04-20,3702.0,3709.0,3778.5,3659.5,659226
SIEMENS,2026-04-21,3726.0,3721.699951171875,3787.0,3701.0,371076
SIEMENS,2026-04-22,3709.0,3844.300048828125,3885.0,3706.60009765625,882278
SIEMENS,2026-04-23,3849.0,3864.39990234375,3901.0,3811.5,663008
SIEMENS,2026-04-24,3882.0,3808.89990234375,3893.60009765625,3767.89990234375,315661
SIEMENS,2026-04-27,3830.5,3856.0,3881.0,3797.0,309453
SIEMENS,2026-04-28,3856.0,3827.300048828125,3892.0,3805.5,267852
SIEMENS,2026-04-29,3850.0,3776.800048828125,3870.0,3765.60009765625,204618
SIEMENS,2026-04-30,3790.0,3808.199951171875,3847.60009765625,3734.5,474246
SIEMENS,2026-05-01,3808.199951171875,3808.199951171875,3808.199951171875,3808.199951171875,0
SIEMENS,2026-05-04,3850.0,3834.10009765625,3930.0,3820.0,813487
SIEMENS,2026-05-05,3851.199951171875,3846.60009765625,3866.5,3809.5,253569
SIEMENS,2026-05-06,3880.0,3841.800048828125,3885.0,3783.0,330665
SIEMENS,2026-05-07,3860.0,3871.5,3895.5,3792.89990234375,315030
SIEMENS,2026-05-08,3871.60009765625,3822.60009765625,3906.89990234375,3786.0,366353
SIEMENS,2026-05-11,3720.0,3605.60009765625,3720.0,3552.89990234375,996964
SIEMENS,2026-05-12,3605.0,3574.39990234375,3644.800048828125,3555.800048828125,385531
SIEMENS,2026-05-13,3574.39990234375,3532.199951171875,3628.5,3518.199951171875,396807
SIEMENS,2026-05-14,3574.0,3693.800048828125,3712.0,3469.0,788580
SIEMENS,2026-05-15,3724.5,3587.89990234375,3724.5,3575.0,284206
SIEMENS,2026-05-18,3572.0,3535.10009765625,3572.0,3454.5,305148
SIEMENS,2026-05-19,3540.0,3550.89990234375,3593.89990234375,3518.800048828125,213583
SIEMENS,2026-05-20,3524.0,3696.39990234375,3705.0,3493.10009765625,507079
SIEMENS,2026-05-21,3739.0,3720.60009765625,3780.0,3710.800048828125,346583
SIEMENS,2026-05-22,3720.60009765625,3811.699951171875,3834.0,3714.0,534453
SIEMENS,2026-05-25,3836.39990234375,3667.5,3878.5,3658.0,471211
SIEMENS,2026-05-26,3685.800048828125,3677.199951171875,3697.89990234375,3620.0,713402
SIEMENS,2026-05-27,3569.699951171875,3878.699951171875,3909.89990234375,3543.300048828125,1738785
SIEMENS,2026-05-28,3878.699951171875,3878.699951171875,3878.699951171875,3878.699951171875,0
SIEMENS,2026-05-29,3859.699951171875,3844.0,3937.300048828125,3744.60009765625,2024437
SIEMENS,2026-06-01,3850.0,3711.300048828125,3856.699951171875,3681.699951171875,526590
SIEMENS,2026-06-02,3712.699951171875,3729.699951171875,3756.89990234375,3639.60009765625,628712
SIEMENS,2026-06-03,3728.10009765625,3709.60009765625,3755.0,3665.0,464320
SIEMENS,2026-06-04,3719.0,3686.89990234375,3765.0,3679.10009765625,341821
SMSPHARMA,2026-03-04,367.95001220703125,374.45001220703125,383.95001220703125,360.54998779296875,375439
SMSPHARMA,2026-03-05,376.0,386.04998779296875,390.0,373.70001220703125,300561
SMSPHARMA,2026-03-06,386.04998779296875,375.75,388.0,374.04998779296875,148488
SMSPHARMA,2026-03-09,374.8500061035156,383.70001220703125,384.8999938964844,361.75,243899
SMSPHARMA,2026-03-10,387.0,420.29998779296875,423.8999938964844,385.6499938964844,1367096
SMSPHARMA,2026-03-11,422.0,413.3999938964844,433.8999938964844,411.04998779296875,773687
SMSPHARMA,2026-03-12,410.0,405.20001220703125,419.8999938964844,401.1000061035156,379792
SMSPHARMA,2026-03-13,400.0,368.75,403.0,366.25,757879
SMSPHARMA,2026-03-16,370.0,366.1499938964844,379.8999938964844,356.20001220703125,422607
SMSPHARMA,2026-03-17,365.79998779296875,372.70001220703125,378.79998779296875,365.79998779296875,216681
SMSPHARMA,2026-03-18,375.1000061035156,382.25,387.20001220703125,373.8999938964844,223962
SMSPHARMA,2026-03-19,376.54998779296875,366.1000061035156,379.0,362.6000061035156,171661
SMSPHARMA,2026-03-20,367.25,385.04998779296875,394.25,367.25,491633
SMSPHARMA,2026-03-23,376.3999938964844,368.75,384.95001220703125,365.20001220703125,278264
SMSPHARMA,2026-03-24,376.6499938964844,395.1499938964844,399.6000061035156,372.6000061035156,521785
SMSPHARMA,2026-03-25,395.5,404.54998779296875,413.79998779296875,394.0,652847
SMSPHARMA,2026-03-27,398.95001220703125,386.1499938964844,412.04998779296875,385.0,337296
SMSPHARMA,2026-03-30,384.6000061035156,374.8500061035156,392.1499938964844,371.0,384417
SMSPHARMA,2026-04-01,393.79998779296875,392.75,404.8999938964844,382.04998779296875,334936
SMSPHARMA,2026-04-02,385.0,388.25,391.1499938964844,370.25,383777
SMSPHARMA,2026-04-06,390.0,390.54998779296875,394.8500061035156,378.29998779296875,290040
SMSPHARMA,2026-04-07,386.0,390.04998779296875,396.70001220703125,383.04998779296875,213888
SMSPHARMA,2026-04-08,405.8999938964844,399.20001220703125,405.8999938964844,393.1000061035156,216600
SMSPHARMA,2026-04-09,400.0,415.0,419.8999938964844,395.29998779296875,510597
SMSPHARMA,2026-04-10,420.0,418.3999938964844,429.95001220703125,414.1000061035156,415256
SMSPHARMA,2026-04-13,410.0,416.8500061035156,422.5,397.6000061035156,257455
SMSPHARMA,2026-04-15,425.0,438.29998779296875,447.79998779296875,424.0,616880
SMSPHARMA,2026-04-16,439.8500061035156,424.3999938964844,446.0,421.3999938964844,400100
SMSPHARMA,2026-04-17,425.79998779296875,429.0,434.0,425.1000061035156,160833
SMSPHARMA,2026-04-20,428.95001220703125,417.70001220703125,433.5,415.1000061035156,189249
SMSPHARMA,2026-04-21,423.0,408.1000061035156,424.8500061035156,407.0,211941
SMSPHARMA,2026-04-22,405.1000061035156,420.25,423.0,405.1000061035156,198905
SMSPHARMA,2026-04-23,420.25,415.54998779296875,432.6000061035156,413.0,434749
SMSPHARMA,2026-04-24,418.5,396.70001220703125,419.0,392.20001220703125,365571
SMSPHARMA,2026-04-27,397.20001220703125,399.6499938964844,405.8999938964844,395.0,150638
SMSPHARMA,2026-04-28,399.6499938964844,390.25,403.8999938964844,387.0,211676
SMSPHARMA,2026-04-29,392.0,410.1000061035156,415.0,391.1000061035156,415773
SMSPHARMA,2026-04-30,414.0,403.70001220703125,414.45001220703125,397.25,204608
SMSPHARMA,2026-05-04,406.1000061035156,406.1499938964844,417.70001220703125,402.95001220703125,213893
SMSPHARMA,2026-05-05,407.0,402.79998779296875,414.0,400.20001220703125,159822
SMSPHARMA,2026-05-06,404.5,414.0,419.0,404.29998779296875,336585
SMSPHARMA,2026-05-07,417.3999938964844,421.5,429.0,412.79998779296875,351944
SMSPHARMA,2026-05-08,414.6499938964844,416.3500061035156,427.3999938964844,411.0,257978
SMSPHARMA,2026-05-11,411.8999938964844,419.3500061035156,434.29998779296875,408.0,384132
SMSPHARMA,2026-05-12,420.0,402.0,425.0,399.5,258830
SMSPHARMA,2026-05-13,404.29998779296875,404.04998779296875,413.29998779296875,398.1499938964844,200187
SMSPHARMA,2026-05-14,409.95001220703125,399.5,413.6000061035156,395.5,165322
SMSPHARMA,2026-05-15,399.5,400.3999938964844,407.3999938964844,396.6499938964844,111626
SMSPHARMA,2026-05-18,396.20001220703125,398.0,402.20001220703125,387.1000061035156,169478
SMSPHARMA,2026-05-19,393.70001220703125,410.25,418.04998779296875,393.70001220703125,158248
SMSPHARMA,2026-05-20,408.0,424.29998779296875,426.0,406.75,281000
SMSPHARMA,2026-05-21,428.5,425.8500061035156,432.79998779296875,422.1000061035156,251492
SMSPHARMA,2026-05-22,432.6499938964844,381.45001220703125,438.45001220703125,374.0,2134021
SMSPHARMA,2026-05-25,385.0,369.1499938964844,389.3999938964844,361.70001220703125,891323
SMSPHARMA,2026-05-26,373.20001220703125,376.25,380.8999938964844,370.0,383554
SMSPHARMA,2026-05-27,378.45001220703125,377.3500061035156,380.75,374.20001220703125,201661
SMSPHARMA,2026-05-28,377.3500061035156,377.3500061035156,377.3500061035156,377.3500061035156,0
SMSPHARMA,2026-05-29,379.95001220703125,369.25,381.3999938964844,367.1000061035156,159814
SMSPHARMA,2026-06-01,369.25,359.5,371.0,357.5,266814
SMSPHARMA,2026-06-02,359.0,363.95001220703125,365.8999938964844,354.1000061035156,124050
SMSPHARMA,2026-06-03,364.20001220703125,356.5,364.6000061035156,352.70001220703125,163360
SMSPHARMA,2026-06-04,357.3999938964844,353.6499938964844,359.8999938964844,352.0,108779
SOLARINDS,2026-03-04,14124.0,14523.0,14599.0,13989.0,662105
SOLARINDS,2026-03-05,14796.0,14671.0,14980.0,14502.0,310453
SOLARINDS,2026-03-06,14702.0,15152.0,15576.0,14671.0,395561
SOLARINDS,2026-03-09,15250.0,14977.0,15297.0,14689.0,299160
SOLARINDS,2026-03-10,15250.0,14720.0,15428.0,14664.0,252763
SOLARINDS,2026-03-11,14792.0,14515.0,14792.0,14314.0,224844
SOLARINDS,2026-03-12,14361.0,14525.0,14745.0,14315.0,145031
SOLARINDS,2026-03-13,14500.0,14251.0,14580.0,14201.0,162610
SOLARINDS,2026-03-16,14257.0,14082.0,14487.0,13902.0,226665
SOLARINDS,2026-03-17,14082.0,14034.0,14104.0,13744.0,171595
SOLARINDS,2026-03-18,14056.0,13699.0,14135.0,13659.0,193238
SOLARINDS,2026-03-19,13649.0,13159.0,13649.0,13104.0,148345
SOLARINDS,2026-03-20,13277.0,12934.0,13445.0,12887.0,156790
SOLARINDS,2026-03-23,12887.0,12430.0,12887.0,12282.0,164689
SOLARINDS,2026-03-24,12619.0,12554.0,12720.0,12340.0,135319
SOLARINDS,2026-03-25,12674.0,12890.0,13258.0,12674.0,199867
SOLARINDS,2026-03-27,12890.0,12418.0,12890.0,12300.0,270016
SOLARINDS,2026-03-30,12276.0,12076.0,12578.0,12000.0,211386
SOLARINDS,2026-04-01,12420.0,12807.0,12978.0,12233.0,199157
SOLARINDS,2026-04-02,12700.0,13109.0,13165.0,12340.0,198905
SOLARINDS,2026-04-06,13109.0,13303.0,13345.0,12952.0,135192
SOLARINDS,2026-04-07,13301.0,13406.0,13450.0,13129.0,111189
SOLARINDS,2026-04-08,14000.0,13662.0,14000.0,13495.0,186166
SOLARINDS,2026-04-09,13601.0,13928.0,14125.0,13501.0,170394
SOLARINDS,2026-04-10,14039.0,14073.0,14259.0,13962.0,102785
SOLARINDS,2026-04-13,13899.0,14525.0,14654.0,13670.0,241705
SOLARINDS,2026-04-15,14792.0,14886.0,14988.0,14575.0,227636
SOLARINDS,2026-04-16,14936.0,14990.0,15186.0,14886.0,153035
SOLARINDS,2026-04-17,14999.0,15089.0,15176.0,14953.0,128839
SOLARINDS,2026-04-20,15140.0,14907.0,15162.0,14848.0,85713
SOLARINDS,2026-04-21,14851.0,14949.0,15169.0,14851.0,124161
SOLARINDS,2026-04-22,14950.0,15272.0,15308.0,14925.0,121750
SOLARINDS,2026-04-23,15300.0,15747.0,15930.0,15225.0,219018
SOLARINDS,2026-04-24,15857.0,15056.0,15995.0,14998.0,284856
SOLARINDS,2026-04-27,15195.0,15259.0,15316.0,15036.0,106703
SOLARINDS,2026-04-28,15259.0,15304.0,15464.0,15259.0,103827
SOLARINDS,2026-04-29,15450.0,15377.0,15572.0,15230.0,117051
SOLARINDS,2026-04-30,15385.0,15439.0,15545.0,15161.0,88319
SOLARINDS,2026-05-01,15439.0,15439.0,15439.0,15439.0,0
SOLARINDS,2026-05-04,15562.0,15459.0,15690.0,15351.0,72043
SOLARINDS,2026-05-05,15460.0,15845.0,15895.0,15407.0,92232
SOLARINDS,2026-05-06,15954.0,15740.0,15990.0,15564.0,113558
SOLARINDS,2026-05-07,15854.0,15887.0,15950.0,15486.0,112369
SOLARINDS,2026-05-08,15945.0,16105.0,16199.0,15900.0,135424
SOLARINDS,2026-05-11,16105.0,16263.0,16325.0,15905.0,132627
SOLARINDS,2026-05-12,16260.0,15585.0,16280.0,15533.0,117620
SOLARINDS,2026-05-13,15550.0,15787.0,15989.0,15545.0,81887
SOLARINDS,2026-05-14,15894.0,16665.0,16700.0,15850.0,303796
SOLARINDS,2026-05-15,16740.0,17314.0,17469.0,16323.0,562697
SOLARINDS,2026-05-18,17509.0,18019.0,18089.0,17227.0,688909
SOLARINDS,2026-05-19,18100.0,18116.0,18498.0,17918.0,303361
SOLARINDS,2026-05-20,18052.0,18210.0,18320.0,17925.0,219437
SOLARINDS,2026-05-21,18301.0,18392.0,18699.0,18250.0,195807
SOLARINDS,2026-05-22,18400.0,18132.0,18479.0,18055.0,156707
SOLARINDS,2026-05-25,18378.0,18377.0,18475.0,18011.0,105453
SOLARINDS,2026-05-26,18377.0,18479.0,18541.0,18280.0,111277
SOLARINDS,2026-05-27,18424.0,18653.0,18799.0,18424.0,105005
SOLARINDS,2026-05-28,18653.0,18653.0,18653.0,18653.0,0
SOLARINDS,2026-05-29,18746.0,18247.0,18874.0,18027.0,488294
SOLARINDS,2026-06-01,18390.0,18203.0,18459.0,18127.0,100566
SOLARINDS,2026-06-02,18171.0,18386.0,18500.0,17835.0,184106
SOLARINDS,2026-06-03,18396.0,18577.0,18737.0,18285.0,266212
SOLARINDS,2026-06-04,18560.0,18293.0,18770.0,18251.0,161517
SYRMA,2026-03-04,763.0,738.8499755859375,764.5,730.0499877929688,1311944
SYRMA,2026-03-05,749.9500122070312,766.9500122070312,777.0,741.1500244140625,1119878
SYRMA,2026-03-06,760.0,761.5499877929688,774.8499755859375,755.0999755859375,582996
SYRMA,2026-03-09,730.0,729.0999755859375,741.9500122070312,700.0999755859375,1784005
SYRMA,2026-03-10,748.0,761.0999755859375,765.0,741.4000244140625,1016234
SYRMA,2026-03-11,766.0499877929688,757.5,775.5499877929688,754.1500244140625,932222
SYRMA,2026-03-12,749.0,750.2000122070312,756.9000244140625,727.2000122070312,658937
SYRMA,2026-03-13,748.0,724.5499877929688,762.0,719.3499755859375,820782
SYRMA,2026-03-16,721.0,727.7999877929688,735.9000244140625,709.0,936362
SYRMA,2026-03-17,740.0,765.5999755859375,774.8499755859375,732.0,2744252
SYRMA,2026-03-18,768.0499877929688,784.4500122070312,793.0,750.75,2064528
SYRMA,2026-03-19,765.0,757.9000244140625,774.9500122070312,754.0,1174159
SYRMA,2026-03-20,760.0,783.9000244140625,796.8499755859375,760.0,1772628
SYRMA,2026-03-23,775.0,746.0,777.6500244140625,735.7000122070312,979054
SYRMA,2026-03-24,774.9000244140625,790.9000244140625,801.0499877929688,755.0,2165668
SYRMA,2026-03-25,801.0,817.75,831.9500122070312,795.5499877929688,2035624
SYRMA,2026-03-27,816.0499877929688,818.2000122070312,841.4500122070312,806.0999755859375,1643330
SYRMA,2026-03-30,805.7999877929688,773.0999755859375,811.5999755859375,765.9000244140625,1093175
SYRMA,2026-04-01,809.9000244140625,797.5999755859375,818.9000244140625,791.4000244140625,1459952
SYRMA,2026-04-02,791.0,796.2999877929688,799.0999755859375,765.2000122070312,770684
SYRMA,2026-04-06,798.0,808.5,814.4500122070312,789.2999877929688,856948
SYRMA,2026-04-07,805.9500122070312,808.4500122070312,818.0,800.0,512672
SYRMA,2026-04-08,844.0,844.5999755859375,848.7999877929688,825.0,944433
SYRMA,2026-04-09,843.0,847.4000244140625,864.0,842.0,758609
SYRMA,2026-04-10,858.0,868.5999755859375,879.0,850.8499755859375,995381
SYRMA,2026-04-13,850.0,861.5,875.9000244140625,844.5,965957
SYRMA,2026-04-15,881.0,895.0499877929688,908.0,874.0,1586874
SYRMA,2026-04-16,906.0,968.75,988.9000244140625,904.0,6845002
SYRMA,2026-04-17,970.0,978.0999755859375,993.0,965.2999877929688,1630578
SYRMA,2026-04-20,974.9000244140625,963.3499755859375,988.9500122070312,958.0,744368
SYRMA,2026-04-21,966.0,985.9500122070312,1032.0,963.0,3220124
SYRMA,2026-04-22,989.0,997.75,1014.25,985.9500122070312,1419188
SYRMA,2026-04-23,1005.0,983.5,1010.75,980.0,939109
SYRMA,2026-04-24,990.0,969.5999755859375,1008.8499755859375,965.9000244140625,1115340
SYRMA,2026-04-27,983.0,979.4000244140625,993.0999755859375,974.5999755859375,655093
SYRMA,2026-04-28,986.7000122070312,971.5499877929688,986.7000122070312,964.4000244140625,478655
SYRMA,2026-04-29,977.0,976.0499877929688,997.0,962.5499877929688,1113857
SYRMA,2026-04-30,975.0,958.9500122070312,975.0,945.8499755859375,892777
SYRMA,2026-05-01,958.9500122070312,958.9500122070312,958.9500122070312,958.9500122070312,0
SYRMA,2026-05-04,963.5999755859375,1018.5499877929688,1030.0,960.0,1649812
SYRMA,2026-05-05,1023.2999877929688,1058.3499755859375,1072.300048828125,1018.0999755859375,2505501
SYRMA,2026-05-06,1068.8499755859375,1059.3499755859375,1075.949951171875,1030.550048828125,928176
SYRMA,2026-05-07,1061.0,1093.4000244140625,1104.3499755859375,1059.0,1194132
SYRMA,2026-05-08,1097.0,1100.1500244140625,1136.449951171875,1082.300048828125,1231265
SYRMA,2026-05-11,1104.800048828125,1112.5999755859375,1145.199951171875,1092.0,1683499
SYRMA,2026-05-12,1155.0,1075.199951171875,1188.0,1060.050048828125,11303958
SYRMA,2026-05-13,1075.0,1035.6500244140625,1104.6500244140625,1031.0,2245592
SYRMA,2026-05-14,1043.0,1028.699951171875,1046.0,987.0499877929688,2534579
SYRMA,2026-05-15,1030.0,1013.25,1044.5999755859375,1002.0,944499
SYRMA,2026-05-18,1005.0499877929688,969.9500122070312,1005.2000122070312,962.5499877929688,1069302
SYRMA,2026-05-19,975.0,984.1500244140625,988.8499755859375,957.4000244140625,802254
SYRMA,2026-05-20,971.2999877929688,1004.0,1010.0,960.1500244140625,1282108
SYRMA,2026-05-21,1020.0,1024.6500244140625,1039.8499755859375,1009.0,1700509
SYRMA,2026-05-22,1035.8499755859375,1038.8499755859375,1050.5,1018.5,1027398
SYRMA,2026-05-25,1049.949951171875,1057.25,1080.0,1036.1500244140625,1019492
SYRMA,2026-05-26,1060.5999755859375,1057.300048828125,1068.699951171875,1039.0,740843
SYRMA,2026-05-27,1056.9000244140625,1053.800048828125,1075.75,1048.0,544786
SYRMA,2026-05-28,1053.800048828125,1053.800048828125,1053.800048828125,1053.800048828125,0
SYRMA,2026-05-29,1060.0,1088.550048828125,1102.5999755859375,1049.0999755859375,1983788
SYRMA,2026-06-01,1102.0,1107.300048828125,1115.0,1085.9000244140625,1343156
SYRMA,2026-06-02,1101.0,1166.800048828125,1174.0,1097.0,2269095
SYRMA,2026-06-03,1172.0,1195.300048828125,1214.800048828125,1156.699951171875,2008192
SYRMA,2026-06-04,1195.0999755859375,1221.5999755859375,1234.0,1189.4000244140625,1378327
TALBROAUTO,2026-03-04,251.89999389648438,242.75,251.89999389648438,241.0,65161
TALBROAUTO,2026-03-05,242.75,244.8000030517578,249.9499969482422,240.5500030517578,41151
TALBROAUTO,2026-03-06,245.64999389648438,240.9499969482422,246.89999389648438,240.3000030517578,45021
TALBROAUTO,2026-03-09,239.85000610351562,244.85000610351562,252.3000030517578,229.9499969482422,166282
TALBROAUTO,2026-03-10,244.5500030517578,247.0,252.0,237.60000610351562,109863
TALBROAUTO,2026-03-11,245.0500030517578,242.14999389648438,248.8000030517578,241.0,50230
TALBROAUTO,2026-03-12,236.35000610351562,251.6999969482422,253.89999389648438,236.35000610351562,136075
TALBROAUTO,2026-03-13,249.0,247.64999389648438,249.89999389648438,244.25,45812
TALBROAUTO,2026-03-16,246.0500030517578,238.0500030517578,246.60000610351562,234.89999389648438,136280
TALBROAUTO,2026-03-17,237.10000610351562,234.89999389648438,243.1999969482422,231.85000610351562,91650
TALBROAUTO,2026-03-18,233.0,245.6999969482422,249.8000030517578,233.0,97164
TALBROAUTO,2026-03-19,238.89999389648438,235.0500030517578,242.10000610351562,232.35000610351562,70386
TALBROAUTO,2026-03-20,239.35000610351562,236.5500030517578,248.85000610351562,233.60000610351562,248692
TALBROAUTO,2026-03-23,236.0,224.39999389648438,236.0,223.0,77837
TALBROAUTO,2026-03-24,230.0,224.0500030517578,233.0,219.89999389648438,158243
TALBROAUTO,2026-03-25,224.0500030517578,238.89999389648438,262.79998779296875,224.0,1002139
TALBROAUTO,2026-03-27,240.0,233.0,240.9499969482422,229.0,103432
TALBROAUTO,2026-03-30,230.3000030517578,231.8000030517578,240.0,228.0,211034
TALBROAUTO,2026-04-01,244.7100067138672,243.30999755859375,247.38999938964844,236.25,95574
TALBROAUTO,2026-04-02,240.0,246.66000366210938,251.38999938964844,235.10000610351562,60841
TALBROAUTO,2026-04-06,245.0,246.5,248.89999389648438,241.52000427246094,53624
TALBROAUTO,2026-04-07,248.6999969482422,249.1999969482422,251.5,243.61000061035156,71197
TALBROAUTO,2026-04-08,259.0,253.91000366210938,269.0,251.1999969482422,148057
TALBROAUTO,2026-04-09,255.91000366210938,258.44000244140625,262.7900085449219,250.0399932861328,92188
TALBROAUTO,2026-04-10,257.1000061035156,265.70001220703125,276.8900146484375,257.1000061035156,326649
TALBROAUTO,2026-04-13,261.0,265.79998779296875,270.42999267578125,256.1000061035156,85382
TALBROAUTO,2026-04-15,270.0,266.7099914550781,272.0799865722656,265.0,102144
TALBROAUTO,2026-04-16,266.7099914550781,270.8599853515625,272.0,265.0,57488
TALBROAUTO,2026-04-17,272.0,275.6199951171875,280.0,270.010009765625,104521
TALBROAUTO,2026-04-20,276.989990234375,281.4100036621094,282.6000061035156,272.0,120954
TALBROAUTO,2026-04-21,282.25,279.95001220703125,286.0,278.6700134277344,90688
TALBROAUTO,2026-04-22,279.95001220703125,277.7900085449219,283.0,276.54998779296875,32596
TALBROAUTO,2026-04-23,274.0,281.17999267578125,283.0,274.0,68111
TALBROAUTO,2026-04-24,279.54998779296875,277.7799987792969,283.17999267578125,275.6000061035156,59719
TALBROAUTO,2026-04-27,277.0,295.3699951171875,299.0,277.0,378470
TALBROAUTO,2026-04-28,290.20001220703125,311.9599914550781,317.489990234375,290.20001220703125,567338
TALBROAUTO,2026-04-29,316.45001220703125,320.8699951171875,332.94000244140625,307.2300109863281,635073
TALBROAUTO,2026-04-30,317.010009765625,332.6499938964844,335.0,317.010009765625,595846
TALBROAUTO,2026-05-01,332.6499938964844,332.6499938964844,332.6499938964844,332.6499938964844,0
TALBROAUTO,2026-05-04,338.75,331.29998779296875,341.0,326.8999938964844,237597
TALBROAUTO,2026-05-05,327.8999938964844,336.79998779296875,350.1499938964844,324.79998779296875,298584
TALBROAUTO,2026-05-06,336.75,326.0,344.04998779296875,324.8500061035156,158123
TALBROAUTO,2026-05-07,324.54998779296875,330.1499938964844,333.0,324.5,102078
TALBROAUTO,2026-05-08,330.0,324.70001220703125,337.0,323.1000061035156,85836
TALBROAUTO,2026-05-11,324.75,327.79998779296875,342.20001220703125,315.20001220703125,183695
TALBROAUTO,2026-05-12,325.1499938964844,312.75,334.3500061035156,308.04998779296875,120151
TALBROAUTO,2026-05-13,310.0,333.70001220703125,341.3500061035156,310.0,422202
TALBROAUTO,2026-05-14,338.5,327.25,338.54998779296875,319.1000061035156,107564
TALBROAUTO,2026-05-15,329.0,322.29998779296875,330.29998779296875,318.8999938964844,84453
TALBROAUTO,2026-05-18,320.0,321.1000061035156,324.0,312.54998779296875,69048
TALBROAUTO,2026-05-19,320.79998779296875,330.5,348.0,320.0,370217
TALBROAUTO,2026-05-20,325.29998779296875,327.3500061035156,330.0,316.8500061035156,146574
TALBROAUTO,2026-05-21,345.0,319.54998779296875,360.0,317.0,2154994
TALBROAUTO,2026-05-22,321.70001220703125,359.04998779296875,372.79998779296875,318.5,3541558
TALBROAUTO,2026-05-25,367.3999938964844,354.3500061035156,372.0,350.8500061035156,701253
TALBROAUTO,2026-05-26,350.0,348.6000061035156,364.6000061035156,345.5,300435
TALBROAUTO,2026-05-27,345.20001220703125,348.20001220703125,357.1499938964844,345.20001220703125,128361
TALBROAUTO,2026-05-28,348.20001220703125,348.20001220703125,348.20001220703125,348.20001220703125,0
TALBROAUTO,2026-05-29,347.0,345.3500061035156,365.5,342.6499938964844,325491
TALBROAUTO,2026-06-01,345.3500061035156,343.5,352.8999938964844,341.0,143005
TALBROAUTO,2026-06-02,338.6000061035156,342.3500061035156,348.3999938964844,334.95001220703125,91878
TALBROAUTO,2026-06-03,340.20001220703125,352.95001220703125,357.8500061035156,330.25,227685
TALBROAUTO,2026-06-04,349.1000061035156,354.29998779296875,366.0,347.70001220703125,156435
TDPOWERSYS,2026-03-04,870.0,876.4500122070312,898.0,866.3499755859375,1053119
TDPOWERSYS,2026-03-05,879.7000122070312,884.2999877929688,900.5499877929688,862.5,615883
TDPOWERSYS,2026-03-06,889.4000244140625,878.75,908.4000244140625,872.9000244140625,698395
TDPOWERSYS,2026-03-09,851.25,845.4000244140625,860.8499755859375,829.0499877929688,650792
TDPOWERSYS,2026-03-10,854.9000244140625,815.3499755859375,863.75,810.5,1017663
TDPOWERSYS,2026-03-11,817.0,802.6500244140625,842.5,798.0,722554
TDPOWERSYS,2026-03-12,802.5,812.5999755859375,820.7999877929688,778.7999877929688,848159
TDPOWERSYS,2026-03-13,812.0,780.5,822.4000244140625,773.5499877929688,957855
TDPOWERSYS,2026-03-16,773.0,794.8499755859375,799.9500122070312,765.0,622769
TDPOWERSYS,2026-03-17,796.4000244140625,817.25,824.9000244140625,785.0,515730
TDPOWERSYS,2026-03-18,822.0,836.5,849.9500122070312,819.3499755859375,503691
TDPOWERSYS,2026-03-19,819.0,833.5,839.5999755859375,803.3499755859375,507915
TDPOWERSYS,2026-03-20,839.0499877929688,863.25,875.6500244140625,838.0,908057
TDPOWERSYS,2026-03-23,840.0,819.7000122070312,853.5,803.6500244140625,781166
TDPOWERSYS,2026-03-24,839.0,860.0499877929688,868.0999755859375,834.4000244140625,790092
TDPOWERSYS,2026-03-25,864.7000122070312,885.6500244140625,896.9000244140625,863.5,1095577
TDPOWERSYS,2026-03-27,875.5,848.7999877929688,879.9000244140625,843.3499755859375,480723
TDPOWERSYS,2026-03-30,840.0,851.3499755859375,868.8499755859375,836.0,640775
TDPOWERSYS,2026-04-01,870.0499877929688,862.5999755859375,886.7999877929688,856.5,1004726
TDPOWERSYS,2026-04-02,850.0999755859375,863.4000244140625,878.0,826.0,705092
TDPOWERSYS,2026-04-06,864.5999755859375,879.0,895.0,859.0499877929688,1179981
TDPOWERSYS,2026-04-07,881.7000122070312,880.25,885.0,861.25,896766
TDPOWERSYS,2026-04-08,913.7000122070312,884.5999755859375,928.6500244140625,875.0,1919104
TDPOWERSYS,2026-04-09,888.0,877.5,912.0499877929688,872.0499877929688,822307
TDPOWERSYS,2026-04-10,886.0,926.5999755859375,954.0,882.75,3850499
TDPOWERSYS,2026-04-13,915.0,915.5499877929688,939.0,905.7000122070312,1551454
TDPOWERSYS,2026-04-15,930.0,941.9000244140625,965.7000122070312,920.0999755859375,2384608
TDPOWERSYS,2026-04-16,957.9000244140625,970.75,983.9000244140625,949.75,2233725
TDPOWERSYS,2026-04-17,978.0,996.9000244140625,1009.0,975.6500244140625,1447248
TDPOWERSYS,2026-04-20,996.9000244140625,1030.699951171875,1049.699951171875,995.0,1991662
TDPOWERSYS,2026-04-21,1036.0,1017.4500122070312,1044.9000244140625,1009.2000122070312,983138
TDPOWERSYS,2026-04-22,1017.4500122070312,1062.699951171875,1066.9000244140625,1005.0999755859375,1014470
TDPOWERSYS,2026-04-23,1063.0,1070.449951171875,1104.3499755859375,1053.75,1237266
TDPOWERSYS,2026-04-24,1079.0,1112.8499755859375,1119.199951171875,1060.199951171875,1951004
TDPOWERSYS,2026-04-27,1126.5,1089.800048828125,1131.1500244140625,1075.0,1455211
TDPOWERSYS,2026-04-28,1093.0,1145.550048828125,1154.800048828125,1092.0,1214816
TDPOWERSYS,2026-04-29,1153.0,1146.5,1195.0,1130.0999755859375,1378100
TDPOWERSYS,2026-04-30,1144.0,1152.699951171875,1173.0,1126.0,1469140
TDPOWERSYS,2026-05-01,1152.699951171875,1152.699951171875,1152.699951171875,1152.699951171875,0
TDPOWERSYS,2026-05-04,1169.9000244140625,1162.5,1175.0,1140.300048828125,628040
TDPOWERSYS,2026-05-05,1162.9000244140625,1176.800048828125,1188.9000244140625,1152.0999755859375,614347
TDPOWERSYS,2026-05-06,1183.9000244140625,1164.199951171875,1194.0999755859375,1135.5999755859375,901526
TDPOWERSYS,2026-05-07,1165.0,1245.300048828125,1289.199951171875,1164.0999755859375,2804318
TDPOWERSYS,2026-05-08,1249.699951171875,1219.5999755859375,1277.9000244140625,1213.0,947980
TDPOWERSYS,2026-05-11,1217.5,1178.699951171875,1217.5,1140.5,1615973
TDPOWERSYS,2026-05-12,1174.0,1166.9000244140625,1219.0,1158.0,845703
TDPOWERSYS,2026-05-13,1165.0,1175.9000244140625,1198.800048828125,1155.0,666186
TDPOWERSYS,2026-05-14,1185.800048828125,1184.0,1198.0,1172.0999755859375,711130
TDPOWERSYS,2026-05-15,1199.5,1311.300048828125,1336.800048828125,1125.300048828125,8793796
TDPOWERSYS,2026-05-18,1329.0,1328.0,1361.0,1255.0999755859375,4015270
TDPOWERSYS,2026-05-19,1260.0,1256.300048828125,1289.9000244140625,1211.0,3334954
TDPOWERSYS,2026-05-20,1240.0,1231.199951171875,1250.0,1217.300048828125,1201219
TDPOWERSYS,2026-05-21,1243.5,1302.0999755859375,1310.0,1241.5,2062899
TDPOWERSYS,2026-05-22,1310.0,1295.0,1310.0,1266.4000244140625,647872
TDPOWERSYS,2026-05-25,1310.0,1301.800048828125,1329.0,1281.699951171875,924721
TDPOWERSYS,2026-05-26,1304.0,1367.199951171875,1375.0,1296.5999755859375,1026482
TDPOWERSYS,2026-05-27,1377.4000244140625,1331.5,1379.5999755859375,1284.5999755859375,1509265
TDPOWERSYS,2026-05-28,1331.5,1331.5,1331.5,1331.5,0
TDPOWERSYS,2026-05-29,1305.0,1318.5999755859375,1359.0,1275.5,1542801
TDPOWERSYS,2026-06-01,1318.699951171875,1230.699951171875,1320.5,1220.0,2017628
TDPOWERSYS,2026-06-02,1220.0,1235.0,1249.9000244140625,1193.0,1901054
TDPOWERSYS,2026-06-03,1244.0,1286.300048828125,1309.5,1241.4000244140625,1309216
TDPOWERSYS,2026-06-04,1288.0,1325.5,1356.0,1286.0,1115238
THERMAX,2026-03-04,3051.0,3015.5,3079.300048828125,2966.800048828125,55902
THERMAX,2026-03-05,3025.0,3063.699951171875,3090.0,3025.0,121186
THERMAX,2026-03-06,3052.0,3161.89990234375,3197.800048828125,3040.0,103275
THERMAX,2026-03-09,3120.0,3064.5,3120.0,3004.5,74855
THERMAX,2026-03-10,3124.0,3172.89990234375,3210.0,3084.89990234375,86716
THERMAX,2026-03-11,3171.699951171875,3182.300048828125,3227.0,3159.699951171875,88435
THERMAX,2026-03-12,3182.300048828125,3165.300048828125,3182.89990234375,3087.0,66913
THERMAX,2026-03-13,3165.0,3221.0,3235.0,3105.0,236376
THERMAX,2026-03-16,3261.0,3259.199951171875,3330.0,3226.199951171875,614244
THERMAX,2026-03-17,3259.10009765625,3238.39990234375,3313.89990234375,3180.699951171875,441192
THERMAX,2026-03-18,3238.300048828125,3279.199951171875,3317.60009765625,3186.0,235084
THERMAX,2026-03-19,3245.39990234375,3237.39990234375,3347.199951171875,3205.0,357374
THERMAX,2026-03-20,3268.89990234375,3227.39990234375,3268.89990234375,3208.199951171875,191817
THERMAX,2026-03-23,3195.10009765625,3101.10009765625,3200.0,3050.0,102143
THERMAX,2026-03-24,3125.0,3191.60009765625,3252.0,3073.800048828125,116424
THERMAX,2026-03-25,3205.5,3249.199951171875,3301.800048828125,3203.5,142264
THERMAX,2026-03-27,3227.89990234375,3196.89990234375,3228.800048828125,3141.0,69965
THERMAX,2026-03-30,3258.89990234375,3260.699951171875,3340.0,3143.0,541315
THERMAX,2026-04-01,3299.0,3345.39990234375,3353.0,3272.0,173401
THERMAX,2026-04-02,3268.10009765625,3295.699951171875,3337.5,3208.60009765625,146567
THERMAX,2026-04-06,3295.800048828125,3276.60009765625,3320.0,3232.10009765625,68087
THERMAX,2026-04-07,3276.60009765625,3213.800048828125,3276.60009765625,3192.699951171875,114865
THERMAX,2026-04-08,3330.89990234375,3291.60009765625,3331.0,3196.60009765625,287409
THERMAX,2026-04-09,3296.0,3535.10009765625,3586.0,3255.0,676592
THERMAX,2026-04-10,3535.10009765625,3643.0,3665.0,3530.0,233965
THERMAX,2026-04-13,3596.0,3870.800048828125,3889.60009765625,3537.60009765625,536932
THERMAX,2026-04-15,3897.0,4085.0,4099.0,3875.0,421948
THERMAX,2026-04-16,4085.0,4126.39990234375,4185.7998046875,4040.60009765625,362809
THERMAX,2026-04-17,4112.0,4141.39990234375,4170.0,4058.0,217151
THERMAX,2026-04-20,4141.39990234375,4185.2001953125,4305.0,4061.800048828125,373347
THERMAX,2026-04-21,4208.0,4125.10009765625,4250.0,4021.10009765625,261667
THERMAX,2026-04-22,4148.39990234375,4053.10009765625,4166.10009765625,4047.0,154799
THERMAX,2026-04-23,4053.10009765625,4059.699951171875,4148.60009765625,4030.199951171875,130733
THERMAX,2026-04-24,4060.0,4006.5,4095.5,3988.699951171875,72523
THERMAX,2026-04-27,4023.0,4156.2998046875,4183.60009765625,3996.0,214001
THERMAX,2026-04-28,4167.0,4015.300048828125,4174.89990234375,3980.0,119561
THERMAX,2026-04-29,4050.0,3990.0,4058.39990234375,3960.0,74832
THERMAX,2026-04-30,4000.0,4077.60009765625,4107.7998046875,3922.5,273294
THERMAX,2026-05-01,4077.60009765625,4077.60009765625,4077.60009765625,4077.60009765625,0
THERMAX,2026-05-04,4077.60009765625,4179.7998046875,4205.0,4056.699951171875,252250
THERMAX,2026-05-05,4199.0,4113.60009765625,4209.2001953125,4100.0,88402
THERMAX,2026-05-06,4148.7998046875,4076.89990234375,4150.0,4059.39990234375,68595
THERMAX,2026-05-07,4097.10009765625,4182.2998046875,4290.0,4088.39990234375,349360
THERMAX,2026-05-08,4370.0,4677.5,4759.0,4306.0,3661500
THERMAX,2026-05-11,4707.0,4545.10009765625,4880.0,4500.5,724225
THERMAX,2026-05-12,4561.60009765625,4483.0,4564.5,4401.89990234375,339988
THERMAX,2026-05-13,4535.7998046875,4546.5,4730.0,4486.0,448975
THERMAX,2026-05-14,4588.89990234375,4597.7001953125,4619.89990234375,4491.89990234375,235536
THERMAX,2026-05-15,4640.89990234375,4500.39990234375,4660.0,4488.60009765625,119072
THERMAX,2026-05-18,4458.60009765625,4393.2998046875,4498.0,4356.0,200590
THERMAX,2026-05-19,4397.39990234375,4416.60009765625,4498.5,4335.10009765625,154839
THERMAX,2026-05-20,4380.10009765625,4415.10009765625,4456.39990234375,4330.0,128625
THERMAX,2026-05-21,4449.7998046875,4575.0,4620.89990234375,4449.7001953125,414005
THERMAX,2026-05-22,4568.0,4454.60009765625,4636.0,4421.60009765625,232003
THERMAX,2026-05-25,4454.60009765625,4435.7001953125,4476.89990234375,4405.10009765625,104492
THERMAX,2026-05-26,4476.5,4435.7998046875,4510.7001953125,4383.10009765625,142494
THERMAX,2026-05-27,4480.0,4590.60009765625,4658.39990234375,4423.5,616811
THERMAX,2026-05-28,4590.60009765625,4590.60009765625,4590.60009765625,4590.60009765625,0
THERMAX,2026-05-29,4659.0,4982.7001953125,5075.0,4650.0,1786425
THERMAX,2026-06-01,4982.7001953125,4992.7998046875,5016.10009765625,4800.0,341725
THERMAX,2026-06-02,4950.0,4969.7001953125,5005.0,4800.10009765625,334807
THERMAX,2026-06-03,4959.0,4784.5,4959.0,4722.10009765625,323481
THERMAX,2026-06-04,4755.0,4875.89990234375,5002.89990234375,4755.0,363756
TMB,2026-03-04,665.0,651.75,671.9000244140625,647.0999755859375,480779
TMB,2026-03-05,655.2000122070312,649.9500122070312,665.7000122070312,641.75,256421
TMB,2026-03-06,653.7000122070312,630.1500244140625,653.7000122070312,625.5999755859375,192763
TMB,2026-03-09,618.0,593.9000244140625,620.4500122070312,585.25,493708
TMB,2026-03-10,607.0,636.7999877929688,641.0,602.0,370930
TMB,2026-03-11,643.0,619.75,650.5,616.9500122070312,225972
TMB,2026-03-12,615.2000122070312,627.3499755859375,634.8499755859375,606.4500122070312,190694
TMB,2026-03-13,627.3499755859375,600.5999755859375,627.7000122070312,595.0,285298
TMB,2026-03-16,600.0,603.0,611.25,590.8499755859375,249390
TMB,2026-03-17,602.0999755859375,609.3499755859375,616.75,602.0,179597
TMB,2026-03-18,615.0,632.5,638.7000122070312,612.5,245554
TMB,2026-03-19,621.0,602.0,624.7000122070312,589.7999877929688,242055
TMB,2026-03-20,608.2000122070312,599.0,624.0999755859375,594.0,313734
TMB,2026-03-23,597.7000122070312,571.75,597.7000122070312,570.0499877929688,220204
TMB,2026-03-24,582.5,598.9000244140625,604.5999755859375,577.75,240366
TMB,2026-03-25,606.5,603.5499877929688,615.5999755859375,601.2000122070312,245117
TMB,2026-03-27,597.3499755859375,599.9500122070312,616.0,594.4500122070312,997770
TMB,2026-03-30,590.1500244140625,579.4000244140625,596.7000122070312,575.0,217941
TMB,2026-04-01,609.0,606.5999755859375,619.0,600.25,209615
TMB,2026-04-02,605.0,623.6500244140625,627.0,597.6500244140625,207239
TMB,2026-04-06,615.0,629.0499877929688,643.7000122070312,610.5499877929688,285965
TMB,2026-04-07,617.0999755859375,612.5499877929688,623.5999755859375,610.0,131310
TMB,2026-04-08,630.5,654.6500244140625,660.0,621.3499755859375,390326
TMB,2026-04-09,661.4000244140625,641.6500244140625,661.4000244140625,636.9500122070312,307991
TMB,2026-04-10,651.1500244140625,652.75,659.7000122070312,647.2999877929688,192841
TMB,2026-04-13,637.0,657.25,669.9500122070312,637.0,234316
TMB,2026-04-15,669.0,679.5499877929688,682.6500244140625,657.5,328325
TMB,2026-04-16,682.9500122070312,681.0499877929688,688.9500122070312,667.7999877929688,208188
TMB,2026-04-17,686.0,683.75,691.7999877929688,675.0,142561
TMB,2026-04-20,685.0,663.8499755859375,693.9500122070312,661.0,316528
TMB,2026-04-21,661.0,650.9500122070312,672.8499755859375,648.75,286679
TMB,2026-04-22,655.75,667.4000244140625,676.0499877929688,653.9500122070312,164738
TMB,2026-04-23,667.4000244140625,650.0499877929688,669.5499877929688,647.9500122070312,113271
TMB,2026-04-24,643.2000122070312,639.9000244140625,663.0,637.5,159722
TMB,2026-04-27,644.1500244140625,697.2999877929688,725.0,644.1500244140625,6997356
TMB,2026-04-28,688.0,738.5499877929688,760.0,684.9500122070312,4114483
TMB,2026-04-29,748.7000122070312,744.6500244140625,768.4000244140625,732.0,1323124
TMB,2026-04-30,739.0,739.6500244140625,749.4000244140625,728.1500244140625,498099
TMB,2026-05-01,739.6500244140625,739.6500244140625,739.6500244140625,739.6500244140625,0
TMB,2026-05-04,748.1500244140625,734.9000244140625,770.0,732.0,546466
TMB,2026-05-05,734.0,728.5499877929688,741.2000122070312,725.0999755859375,264961
TMB,2026-05-06,745.0,756.7999877929688,760.0,736.0999755859375,425695
TMB,2026-05-07,762.7999877929688,743.6500244140625,767.9500122070312,735.0,285458
TMB,2026-05-08,738.9000244140625,730.1500244140625,751.25,725.0499877929688,282369
TMB,2026-05-11,734.4000244140625,681.4500122070312,734.4500122070312,676.0999755859375,586974
TMB,2026-05-12,682.0499877929688,663.5,683.5999755859375,660.5499877929688,264040
TMB,2026-05-13,665.9000244140625,681.5999755859375,696.7999877929688,665.9000244140625,297762
TMB,2026-05-14,687.7999877929688,666.3499755859375,687.7999877929688,658.5,174918
TMB,2026-05-15,667.7999877929688,668.0499877929688,685.5499877929688,666.2000122070312,126716
TMB,2026-05-18,668.0499877929688,686.75,690.9500122070312,653.2000122070312,287143
TMB,2026-05-19,689.0,679.4000244140625,689.0,669.75,128451
TMB,2026-05-20,674.0,692.75,697.8499755859375,665.3499755859375,141527
TMB,2026-05-21,694.0,691.5999755859375,710.0,683.0,269080
TMB,2026-05-22,688.0,682.75,694.5999755859375,676.5,117827
TMB,2026-05-25,685.5499877929688,684.25,692.2000122070312,681.4000244140625,79651
TMB,2026-05-26,684.25,683.0499877929688,701.5999755859375,680.0,128566
TMB,2026-05-27,691.0,679.0499877929688,693.8499755859375,676.0999755859375,123796
TMB,2026-05-28,679.0499877929688,679.0499877929688,679.0499877929688,679.0499877929688,0
TMB,2026-05-29,679.0499877929688,692.5499877929688,700.0,678.0,334883
TMB,2026-06-01,692.0,728.25,747.75,686.3499755859375,2797399
TMB,2026-06-02,724.0,739.75,744.0,710.0499877929688,325759
TMB,2026-06-03,745.0,740.4500122070312,750.9500122070312,724.0999755859375,269115
TMB,2026-06-04,735.0,748.0999755859375,755.0,733.0,232194
TORNTPHARM,2026-03-04,4310.10009765625,4341.0,4364.89990234375,4285.10009765625,433704
TORNTPHARM,2026-03-05,4348.89990234375,4353.39990234375,4394.39990234375,4328.89990234375,284382
TORNTPHARM,2026-03-06,4353.5,4317.7998046875,4380.2998046875,4287.0,413700
TORNTPHARM,2026-03-09,4295.0,4373.7001953125,4388.39990234375,4259.2001953125,470670
TORNTPHARM,2026-03-10,4393.7001953125,4427.7998046875,4470.0,4389.0,374410
TORNTPHARM,2026-03-11,4450.0,4431.2001953125,4456.39990234375,4413.10009765625,311569
TORNTPHARM,2026-03-12,4406.0,4446.0,4460.2001953125,4391.0,322856
TORNTPHARM,2026-03-13,4422.10009765625,4390.0,4482.89990234375,4360.0,572557
TORNTPHARM,2026-03-16,4390.0,4266.60009765625,4443.89990234375,4244.2001953125,397033
TORNTPHARM,2026-03-17,4266.60009765625,4305.5,4341.60009765625,4242.7001953125,438235
TORNTPHARM,2026-03-18,4306.0,4289.2998046875,4323.89990234375,4251.0,239014
TORNTPHARM,2026-03-19,4250.0,4210.7998046875,4257.39990234375,4199.0,203313
TORNTPHARM,2026-03-20,4210.7998046875,4270.2001953125,4313.7001953125,4205.7998046875,269110
TORNTPHARM,2026-03-23,4270.2998046875,4213.89990234375,4270.2998046875,4164.60009765625,320186
TORNTPHARM,2026-03-24,4200.0,4256.60009765625,4339.89990234375,4161.2001953125,288474
TORNTPHARM,2026-03-25,4277.89990234375,4297.5,4335.0,4231.0,237001
TORNTPHARM,2026-03-27,4300.0,4265.60009765625,4332.7998046875,4252.7998046875,564869
TORNTPHARM,2026-03-30,4222.89990234375,4220.2001953125,4261.60009765625,4188.2001953125,558051
TORNTPHARM,2026-04-01,4277.60009765625,4111.2998046875,4333.0,4092.0,425740
TORNTPHARM,2026-04-02,4075.0,3987.199951171875,4090.800048828125,3871.10009765625,810162
TORNTPHARM,2026-04-06,3987.199951171875,4011.60009765625,4035.10009765625,3950.0,420340
TORNTPHARM,2026-04-07,4002.0,4051.300048828125,4073.699951171875,3945.699951171875,484787
TORNTPHARM,2026-04-08,4098.89990234375,4029.199951171875,4098.89990234375,3997.699951171875,434801
TORNTPHARM,2026-04-09,4048.800048828125,4094.5,4104.7001953125,4029.300048828125,362204
TORNTPHARM,2026-04-10,4116.89990234375,4155.2001953125,4160.0,4074.60009765625,354702
TORNTPHARM,2026-04-13,4116.60009765625,4181.0,4210.0,4110.0,701920
TORNTPHARM,2026-04-15,4235.0,4159.2998046875,4235.0,4130.10009765625,552360
TORNTPHARM,2026-04-16,4158.89990234375,4155.89990234375,4165.7998046875,4102.60009765625,303666
TORNTPHARM,2026-04-17,4157.0,4179.5,4193.0,4125.7001953125,310122
TORNTPHARM,2026-04-20,4215.0,4191.2001953125,4215.0,4145.2001953125,296605
TORNTPHARM,2026-04-21,4172.0,4135.7001953125,4208.7998046875,4114.0,230855
TORNTPHARM,2026-04-22,4138.89990234375,4084.60009765625,4140.60009765625,4071.199951171875,413095
TORNTPHARM,2026-04-23,4068.60009765625,4147.2001953125,4174.0,4065.10009765625,492873
TORNTPHARM,2026-04-24,4151.0,4117.2001953125,4158.0,4097.39990234375,282947
TORNTPHARM,2026-04-27,4125.0,4219.7998046875,4244.0,4118.60009765625,353785
TORNTPHARM,2026-04-28,4219.7998046875,4182.89990234375,4250.39990234375,4172.7998046875,322631
TORNTPHARM,2026-04-29,4220.0,4231.5,4281.39990234375,4200.0,222082
TORNTPHARM,2026-04-30,4231.7001953125,4185.10009765625,4234.7001953125,4146.10009765625,278059
TORNTPHARM,2026-05-01,4185.10009765625,4185.10009765625,4185.10009765625,4185.10009765625,0
TORNTPHARM,2026-05-04,4223.2001953125,4251.7998046875,4280.0,4213.0,245394
TORNTPHARM,2026-05-05,4251.7998046875,4275.10009765625,4300.0,4236.39990234375,162268
TORNTPHARM,2026-05-06,4299.89990234375,4358.2998046875,4436.7998046875,4274.0,322957
TORNTPHARM,2026-05-07,4360.0,4362.7001953125,4405.7001953125,4346.5,190314
TORNTPHARM,2026-05-08,4350.0,4380.7998046875,4398.39990234375,4336.7001953125,116850
TORNTPHARM,2026-05-11,4406.2998046875,4517.10009765625,4555.10009765625,4337.89990234375,567958
TORNTPHARM,2026-05-12,4509.5,4381.89990234375,4509.5,4373.0,273700
TORNTPHARM,2026-05-13,4355.7998046875,4295.7998046875,4409.89990234375,4264.0,316867
TORNTPHARM,2026-05-14,4348.2001953125,4403.89990234375,4420.7001953125,4318.0,243561
TORNTPHARM,2026-05-15,4425.0,4405.7001953125,4450.39990234375,4380.2998046875,303882
TORNTPHARM,2026-05-18,4357.0,4393.7001953125,4429.89990234375,4306.0,329331
TORNTPHARM,2026-05-19,4392.0,4460.10009765625,4500.0,4358.0,314462
TORNTPHARM,2026-05-20,4440.10009765625,4429.2001953125,4520.89990234375,4400.0,331283
TORNTPHARM,2026-05-21,4517.7001953125,4469.2001953125,4517.7001953125,4444.2001953125,245755
TORNTPHARM,2026-05-22,4474.2998046875,4486.2001953125,4535.0,4440.7001953125,205928
TORNTPHARM,2026-05-25,4525.0,4572.60009765625,4712.89990234375,4510.0,1007365
TORNTPHARM,2026-05-26,4572.2998046875,4452.10009765625,4595.2001953125,4413.0,506176
TORNTPHARM,2026-05-27,4468.0,4537.7998046875,4552.89990234375,4434.10009765625,217334
TORNTPHARM,2026-05-28,4537.7998046875,4537.7998046875,4537.7998046875,4537.7998046875,0
TORNTPHARM,2026-05-29,4554.7998046875,4410.7998046875,4575.0,4356.10009765625,3002937
TORNTPHARM,2026-06-01,4438.10009765625,4350.39990234375,4444.0,4325.2998046875,694048
TORNTPHARM,2026-06-02,4280.0,4317.89990234375,4338.39990234375,4240.2998046875,644323
TORNTPHARM,2026-06-03,4317.89990234375,4368.5,4389.89990234375,4284.10009765625,405210
TORNTPHARM,2026-06-04,4389.0,4339.89990234375,4425.0,4328.10009765625,595200
USHAMART,2026-03-04,410.8999938964844,413.8999938964844,416.8999938964844,408.6000061035156,346370
USHAMART,2026-03-05,414.3500061035156,422.04998779296875,424.3999938964844,414.3500061035156,575502
USHAMART,2026-03-06,421.20001220703125,419.0,425.45001220703125,416.5,205255
USHAMART,2026-03-09,412.6000061035156,405.1000061035156,414.95001220703125,398.25,524729
USHAMART,2026-03-10,410.0,420.45001220703125,421.6499938964844,410.0,275991
USHAMART,2026-03-11,421.5,425.1000061035156,430.3999938964844,414.70001220703125,588395
USHAMART,2026-03-12,425.1000061035156,421.1499938964844,428.0,417.6000061035156,226514
USHAMART,2026-03-13,415.04998779296875,407.54998779296875,419.75,406.0,337394
USHAMART,2026-03-16,408.29998779296875,397.25,412.70001220703125,392.0,373352
USHAMART,2026-03-17,399.0,399.5,401.29998779296875,392.1499938964844,220329
USHAMART,2026-03-18,402.45001220703125,412.1499938964844,414.0,399.5,259401
USHAMART,2026-03-19,406.29998779296875,397.1499938964844,407.20001220703125,394.1499938964844,339779
USHAMART,2026-03-20,397.29998779296875,400.8500061035156,408.0,397.1499938964844,626335
USHAMART,2026-03-23,397.79998779296875,387.3500061035156,398.04998779296875,380.0,598394
USHAMART,2026-03-24,392.1000061035156,393.3500061035156,400.95001220703125,390.0,494465
USHAMART,2026-03-25,399.8999938964844,414.0,419.1000061035156,395.54998779296875,440197
USHAMART,2026-03-27,414.5,408.0,415.8500061035156,402.04998779296875,529343
USHAMART,2026-03-30,400.0,391.45001220703125,405.04998779296875,389.0,361473
USHAMART,2026-04-01,410.1499938964844,406.6499938964844,410.20001220703125,399.04998779296875,203044
USHAMART,2026-04-02,404.0,405.54998779296875,407.25,390.0,291215
USHAMART,2026-04-06,404.5,408.6499938964844,413.5,402.20001220703125,275544
USHAMART,2026-04-07,404.04998779296875,405.5,413.3500061035156,403.29998779296875,230263
USHAMART,2026-04-08,416.0,423.6000061035156,426.79998779296875,411.54998779296875,349801
USHAMART,2026-04-09,423.8999938964844,431.79998779296875,436.1499938964844,421.79998779296875,355636
USHAMART,2026-04-10,433.8999938964844,440.8500061035156,443.1000061035156,430.20001220703125,286558
USHAMART,2026-04-13,426.95001220703125,435.20001220703125,438.20001220703125,422.1000061035156,258639
USHAMART,2026-04-15,443.6499938964844,441.95001220703125,444.6499938964844,436.04998779296875,238841
USHAMART,2026-04-16,445.0,446.6499938964844,450.75,438.8999938964844,278832
USHAMART,2026-04-17,448.5,448.79998779296875,452.54998779296875,445.75,284260
USHAMART,2026-04-20,451.3500061035156,445.25,454.6499938964844,443.1000061035156,266654
USHAMART,2026-04-21,443.0,443.54998779296875,452.0,442.0,186916
USHAMART,2026-04-22,443.1000061035156,444.95001220703125,449.8999938964844,441.0,198024
USHAMART,2026-04-23,444.5,439.0,446.5,436.25,150709
USHAMART,2026-04-24,439.0,444.0,461.0,439.0,1177528
USHAMART,2026-04-27,446.8999938964844,460.3500061035156,470.0,446.1000061035156,3843715
USHAMART,2026-04-28,462.8999938964844,457.5,469.8500061035156,453.1499938964844,438738
USHAMART,2026-04-29,459.79998779296875,461.79998779296875,466.0,455.6000061035156,637890
USHAMART,2026-04-30,461.79998779296875,451.79998779296875,472.0,446.25,2586832
USHAMART,2026-05-01,451.79998779296875,451.79998779296875,451.79998779296875,451.79998779296875,0
USHAMART,2026-05-04,463.8999938964844,463.8500061035156,484.0,453.1499938964844,2290932
USHAMART,2026-05-05,464.79998779296875,454.20001220703125,464.79998779296875,446.75,482617
USHAMART,2026-05-06,459.0,469.25,472.70001220703125,456.45001220703125,875024
USHAMART,2026-05-07,467.8500061035156,477.3999938964844,480.0,465.0,723090
USHAMART,2026-05-08,479.8999938964844,472.8500061035156,490.0,470.20001220703125,1339536
USHAMART,2026-05-11,472.95001220703125,477.6499938964844,481.3999938964844,467.6499938964844,647002
USHAMART,2026-05-12,474.5,457.8500061035156,475.95001220703125,455.1000061035156,939848
USHAMART,2026-05-13,460.1000061035156,475.5,488.0,460.1000061035156,1749460
USHAMART,2026-05-14,480.0,476.25,489.3999938964844,474.3500061035156,678210
USHAMART,2026-05-15,476.8999938964844,472.95001220703125,480.70001220703125,470.1000061035156,423457
USHAMART,2026-05-18,469.79998779296875,469.25,471.3999938964844,455.3999938964844,436313
USHAMART,2026-05-19,471.0,469.95001220703125,474.29998779296875,462.6499938964844,243277
USHAMART,2026-05-20,468.1000061035156,465.5,471.6000061035156,455.0,457388
USHAMART,2026-05-21,467.6000061035156,463.75,473.1000061035156,461.45001220703125,232905
USHAMART,2026-05-22,465.0,465.70001220703125,468.70001220703125,459.04998779296875,290342
USHAMART,2026-05-25,468.04998779296875,473.8999938964844,479.8500061035156,468.04998779296875,389938
USHAMART,2026-05-26,478.29998779296875,480.79998779296875,484.8999938964844,471.3999938964844,517110
USHAMART,2026-05-27,487.0,510.45001220703125,518.0,485.0,5794545
USHAMART,2026-05-28,510.45001220703125,510.45001220703125,510.45001220703125,510.45001220703125,0
USHAMART,2026-05-29,515.0,506.04998779296875,516.9000244140625,494.1000061035156,1070998
USHAMART,2026-06-01,506.0,490.75,507.45001220703125,489.0,603998
USHAMART,2026-06-02,494.0,492.0,499.29998779296875,487.54998779296875,442814
USHAMART,2026-06-03,492.1000061035156,497.95001220703125,503.5,485.25,574928
USHAMART,2026-06-04,498.8999938964844,519.7999877929688,527.5,491.3999938964844,1578459
ZYDUSLIFE,2026-03-04,894.0,896.9000244140625,903.9000244140625,889.0,1277388
ZYDUSLIFE,2026-03-05,900.0,914.6500244140625,918.0,898.0999755859375,465436
ZYDUSLIFE,2026-03-06,914.6500244140625,913.0499877929688,919.5,905.7999877929688,456550
ZYDUSLIFE,2026-03-09,888.0,908.8499755859375,911.9000244140625,885.0999755859375,482098
ZYDUSLIFE,2026-03-10,915.0,923.0999755859375,927.0,909.0,549015
ZYDUSLIFE,2026-03-11,923.0999755859375,921.75,936.1500244140625,918.0,565317
ZYDUSLIFE,2026-03-12,918.5,916.9000244140625,926.5999755859375,909.5,462276
ZYDUSLIFE,2026-03-13,913.2000122070312,905.9000244140625,924.5999755859375,901.5,862444
ZYDUSLIFE,2026-03-16,907.0999755859375,886.9000244140625,911.9000244140625,877.0999755859375,726548
ZYDUSLIFE,2026-03-17,895.0,889.7999877929688,902.7000122070312,887.8499755859375,711312
ZYDUSLIFE,2026-03-18,891.1500244140625,899.5999755859375,905.9500122070312,889.0,455746
ZYDUSLIFE,2026-03-19,891.0,876.1500244140625,894.7999877929688,874.0,366164
ZYDUSLIFE,2026-03-20,880.2000122070312,890.5,896.0,880.2000122070312,424095
ZYDUSLIFE,2026-03-23,890.4500122070312,860.5999755859375,899.0,858.0,662395
ZYDUSLIFE,2026-03-24,879.9000244140625,886.4000244140625,888.9000244140625,865.0999755859375,428190
ZYDUSLIFE,2026-03-25,888.0499877929688,903.7000122070312,914.0,886.5,574279
ZYDUSLIFE,2026-03-27,901.9500122070312,896.7000122070312,910.4000244140625,894.0,940085
ZYDUSLIFE,2026-03-30,885.0,871.2000122070312,892.2000122070312,869.0999755859375,1126058
ZYDUSLIFE,2026-04-01,888.0,863.2000122070312,900.0,857.0999755859375,768431
ZYDUSLIFE,2026-04-02,860.0,864.25,866.0,835.5,1013019
ZYDUSLIFE,2026-04-06,870.0,866.2999877929688,870.0,853.0499877929688,519512
ZYDUSLIFE,2026-04-07,866.2999877929688,873.5,877.8499755859375,854.4500122070312,682225
ZYDUSLIFE,2026-04-08,897.0,891.5499877929688,897.0,879.5499877929688,748386
ZYDUSLIFE,2026-04-09,891.2000122070312,902.25,909.9000244140625,888.5499877929688,705255
ZYDUSLIFE,2026-04-10,907.0499877929688,915.4000244140625,917.0,900.0,614336
ZYDUSLIFE,2026-04-13,902.7000122070312,922.4000244140625,930.5,893.4000244140625,579363
ZYDUSLIFE,2026-04-15,925.5499877929688,936.0499877929688,938.0,919.0,516172
ZYDUSLIFE,2026-04-16,939.0,939.0999755859375,948.0,930.2000122070312,581117
ZYDUSLIFE,2026-04-17,940.0,943.9500122070312,948.0,935.0,504613
ZYDUSLIFE,2026-04-20,945.0,936.5,949.0999755859375,932.0,459049
ZYDUSLIFE,2026-04-21,936.0,928.5999755859375,937.0,926.1500244140625,318304
ZYDUSLIFE,2026-04-22,926.0,929.9000244140625,933.5,922.0499877929688,290532
ZYDUSLIFE,2026-04-23,927.0,946.3499755859375,962.9000244140625,921.7000122070312,1693451
ZYDUSLIFE,2026-04-24,948.0,927.4000244140625,951.75,922.5499877929688,701337
ZYDUSLIFE,2026-04-27,929.5999755859375,939.6500244140625,953.9000244140625,922.2999877929688,1176377
ZYDUSLIFE,2026-04-28,925.0,911.2999877929688,925.0,905.0,1542977
ZYDUSLIFE,2026-04-29,915.0,910.8499755859375,922.0,908.6500244140625,590232
ZYDUSLIFE,2026-04-30,910.9000244140625,891.9000244140625,915.4000244140625,890.4000244140625,986154
ZYDUSLIFE,2026-05-01,891.9000244140625,891.9000244140625,891.9000244140625,891.9000244140625,0
ZYDUSLIFE,2026-05-04,895.0,902.3499755859375,905.0,893.1500244140625,382316
ZYDUSLIFE,2026-05-05,897.2999877929688,912.25,918.0,897.0,405008
ZYDUSLIFE,2026-05-06,919.0999755859375,938.7999877929688,943.9000244140625,915.0,1506636
ZYDUSLIFE,2026-05-07,945.0,940.2999877929688,945.4500122070312,936.25,488635
ZYDUSLIFE,2026-05-08,938.0499877929688,940.0499877929688,953.0,935.5499877929688,644125
ZYDUSLIFE,2026-05-11,940.0,956.9500122070312,962.0,927.0,977515
ZYDUSLIFE,2026-05-12,960.0999755859375,930.6500244140625,963.9500122070312,928.5999755859375,720954
ZYDUSLIFE,2026-05-13,928.5999755859375,939.25,944.1500244140625,925.0999755859375,680562
ZYDUSLIFE,2026-05-14,968.0,991.7000122070312,997.0,961.0999755859375,4595018
ZYDUSLIFE,2026-05-15,999.0499877929688,1011.7000122070312,1018.7999877929688,993.0,1996110
ZYDUSLIFE,2026-05-18,1010.0,991.0999755859375,1010.0,987.8499755859375,1296063
ZYDUSLIFE,2026-05-19,995.0,1018.9000244140625,1048.0,995.0,5876623
ZYDUSLIFE,2026-05-20,1066.1500244140625,1040.8499755859375,1093.6500244140625,1038.050048828125,13503459
ZYDUSLIFE,2026-05-21,1054.0,1036.449951171875,1054.0,1030.050048828125,1920511
ZYDUSLIFE,2026-05-22,1041.0,1038.949951171875,1047.449951171875,1036.800048828125,1296117
ZYDUSLIFE,2026-05-25,1049.800048828125,1072.949951171875,1075.0,1041.5,2355182
ZYDUSLIFE,2026-05-26,1074.0,1079.050048828125,1083.25,1066.3499755859375,1948614
ZYDUSLIFE,2026-05-27,1078.5999755859375,1085.800048828125,1088.9000244140625,1074.25,2116567
ZYDUSLIFE,2026-05-28,1085.800048828125,1085.800048828125,1085.800048828125,1085.800048828125,0
ZYDUSLIFE,2026-05-29,1096.449951171875,1077.699951171875,1115.5,1071.199951171875,4588161
ZYDUSLIFE,2026-06-01,1081.0,1091.199951171875,1108.9000244140625,1071.800048828125,2045714
ZYDUSLIFE,2026-06-02,1082.0,1078.300048828125,1091.0999755859375,1061.0999755859375,1928305
ZYDUSLIFE,2026-06-03,1078.0999755859375,1076.5999755859375,1081.0999755859375,1048.9000244140625,1403453
ZYDUSLIFE,2026-06-04,1070.0,1084.5999755859375,1098.0,1063.0999755859375,1016000
