Symbol,Date,Open,Close,High,Low,Volume
AARTIIND,2023-09-29,498.45,491.4,503.1,484.25,4389447.0
AARTIIND,2023-10-31,493.5,454.45,495.5,438.0,19293833.0
AARTIIND,2023-11-30,455.05,554.35,570.7,446.0,46283622.0
AARTIIND,2023-12-29,558.0,649.6,661.5,546.2,50641171.0
AARTIIND,2024-01-31,653.7,659.1,691.75,580.15,55609912.0
AARTIIND,2024-02-29,659.1,655.95,712.0,623.0,42384141.0
AARTIIND,2024-03-29,665.0,665.55,678.35,606.55,17325813.0
AARTIIND,2024-04-30,667.0,741.75,769.25,666.15,30098907.0
AARTIIND,2024-05-31,741.7,611.65,755.0,604.05,36201037.0
AARTIIND,2024-06-28,638.0,686.25,718.8,563.0,28089199.0
AARTIIND,2024-07-31,685.5,748.85,754.0,630.0,21854234.0
AARTIIND,2024-08-30,755.95,627.05,765.5,593.05,65950772.0
AARTIIND,2024-09-30,627.05,582.95,636.0,559.0,37341661.0
AARTIIND,2024-10-31,581.05,510.9,592.8,480.4,27728519.0
AARTIIND,2024-11-29,512.6,448.3,529.5,422.6,57708547.0
AARTIIND,2024-12-31,448.0,410.05,456.5,402.1,26567746.0
AARTIIND,2025-01-31,410.35,444.7,466.4,390.25,66735010.0
AARTIIND,2025-02-28,447.7,376.0,477.75,374.45,31565371.0
AARTIIND,2025-03-31,377.0,390.75,414.4,364.15,22531087.0
AARTIIND,2025-04-30,391.25,421.25,448.95,344.2,38726257.0
AARTIIND,2025-05-30,421.25,469.25,495.0,420.0,43944157.0
AARTIIND,2025-06-30,470.0,479.45,492.4,433.35,28864713.0
AARTIIND,2025-07-31,479.45,420.05,487.0,416.0,33307084.0
AARTIIND,2025-08-29,410.0,376.1,417.75,367.5,22721910.0
AARTIIND,2025-09-30,376.1,374.9,400.1,370.1,11802653.0
AARTIIND,2025-10-31,375.75,379.95,388.0,370.0,7764934.0
AARTIIND,2025-11-28,379.95,382.3,419.5,376.65,29607332.0
AARTIIND,2025-12-31,384.35,373.9,392.7,345.05,21631976.0
AARTIIND,2026-01-30,375.8,371.95,379.7,338.05,10356813.0
AARTIIND,2026-02-27,366.0,447.15,474.7,360.85,36069218.0
AARTIIND,2026-03-31,416.0,399.05,456.75,397.0,18823387.0
AARTIIND,2026-04-30,406.15,507.5,512.4,394.6,26438401.0
AARTIIND,2026-05-29,507.5,475.0,523.1,440.6,22715636.0
AARTIIND,2026-06-30,474.9,458.3,504.9,424.0,35306189.0
AARTIIND,2026-07-31,461.0,489.1,516.95,458.3,28354868.0
AARTIIND,2026-08-31,486.35,524.4,551.75,480.55,29070270.0
AARTIIND,2026-09-30,527.0,489.25,529.75,459.55,10216309.0
AARTIPHARM,2023-09-29,436.2,461.95,466.2,430.0,564836.0
AARTIPHARM,2023-10-31,465.0,384.9,465.0,371.1,2828012.0
AARTIPHARM,2023-11-30,388.65,411.65,425.8,380.05,2790825.0
AARTIPHARM,2023-12-29,414.0,504.45,535.35,412.5,8774883.0
AARTIPHARM,2024-01-31,508.4,533.15,560.0,485.55,5283477.0
AARTIPHARM,2024-02-29,535.0,488.4,566.95,477.0,4250341.0
AARTIPHARM,2024-03-29,491.8,434.95,500.65,399.55,4744241.0
AARTIPHARM,2024-04-30,462.0,513.1,542.5,430.0,4151249.0
AARTIPHARM,2024-05-31,513.1,562.0,638.75,487.85,16683282.0
AARTIPHARM,2024-06-28,570.0,611.1,653.0,497.05,3870554.0
AARTIPHARM,2024-07-31,612.0,632.4,662.8,551.05,4123678.0
AARTIPHARM,2024-08-30,630.0,688.55,721.7,558.5,8196313.0
AARTIPHARM,2024-09-30,686.1,636.7,715.5,605.0,4163674.0
AARTIPHARM,2024-10-31,637.0,639.55,647.5,579.05,3456927.0
AARTIPHARM,2024-11-29,646.9,633.9,697.9,602.6,3362005.0
AARTIPHARM,2024-12-31,631.85,686.25,715.0,557.05,13602269.0
AARTIPHARM,2025-01-31,679.1,584.55,719.8,572.2,8842405.0
AARTIPHARM,2025-02-28,589.0,733.2,837.25,568.1,29301875.0
AARTIPHARM,2025-03-31,735.7,749.25,793.7,685.7,10517354.0
AARTIPHARM,2025-04-30,745.1,713.35,820.8,574.45,12418535.0
AARTIPHARM,2025-05-30,713.35,911.0,917.0,687.7,11374319.0
AARTIPHARM,2025-06-30,915.0,890.35,949.5,838.65,6081310.0
AARTIPHARM,2025-07-31,898.3,911.2,971.0,884.85,6401759.0
AARTIPHARM,2025-08-29,911.2,841.35,918.35,740.8,8404950.0
AARTIPHARM,2025-09-30,847.0,827.65,946.1,802.85,8002488.0
AARTIPHARM,2025-10-31,828.5,851.95,875.0,820.0,2496743.0
AARTIPHARM,2025-11-28,847.7,700.65,869.85,672.7,5915494.0
AARTIPHARM,2025-12-31,697.1,752.4,784.25,685.3,3287298.0
AARTIPHARM,2026-01-30,752.4,753.2,817.9,723.15,5229217.0
AARTIPHARM,2026-02-27,737.2,723.7,803.5,678.6,3876081.0
AARTIPHARM,2026-03-31,681.0,591.95,714.95,585.0,4195009.0
AARTIPHARM,2026-04-30,610.0,740.25,753.4,610.0,3661848.0
AARTIPHARM,2026-05-29,740.25,633.25,814.0,626.0,4528920.0
AARTIPHARM,2026-06-30,635.0,680.05,743.6,604.15,6214710.0
AARTIPHARM,2026-07-31,684.95,667.15,735.0,650.8,3404815.0
AARTIPHARM,2026-08-31,670.8,845.4,932.6,670.65,28026458.0
AARTIPHARM,2026-09-30,845.0,939.55,962.0,765.0,15162835.0
ABB,2023-09-29,4219.3,4098.25,4250.0,4087.7,1201902.0
ABB,2023-10-31,4103.95,4109.3,4339.4,3850.0,5101925.0
ABB,2023-11-30,4120.0,4419.75,4465.0,4044.9,4566584.0
ABB,2023-12-29,4449.0,4674.85,4957.0,4375.8,5694232.0
ABB,2024-01-31,4674.85,4671.6,4990.05,4600.0,4081619.0
ABB,2024-02-29,4692.0,5444.95,5552.0,4340.3,17174793.0
ABB,2024-03-29,5498.0,6360.85,6471.95,5455.0,8542218.0
ABB,2024-04-30,6422.45,6540.75,6773.1,6245.0,6832717.0
ABB,2024-05-31,6585.0,8317.95,8599.8,6545.0,11876023.0
ABB,2024-06-28,8500.5,8490.9,9149.95,6982.4,10478389.0
ABB,2024-07-31,8490.9,7896.85,8808.7,7053.2,6544844.0
ABB,2024-08-30,7896.85,7936.05,8263.75,7236.8,7317680.0
ABB,2024-09-30,7945.0,8055.0,8214.0,7350.05,5507174.0
ABB,2024-10-31,8100.0,7429.45,8940.6,7200.05,7697042.0
ABB,2024-11-29,7474.0,7421.25,7540.1,6605.0,9817044.0
ABB,2024-12-31,7378.0,6912.25,7960.0,6668.1,6054981.0
ABB,2025-01-31,6912.0,5874.65,6947.7,5678.0,6192887.0
ABB,2025-02-28,5920.0,4935.4,5943.4,4918.0,15098536.0
ABB,2025-03-31,4954.8,5546.25,5625.0,4890.0,8121699.0
ABB,2025-04-30,5539.5,5522.5,5792.0,4684.45,8773909.0
ABB,2025-05-30,5505.0,5971.0,6118.0,5190.0,6735364.0
ABB,2025-06-30,5960.0,6080.5,6260.0,5850.0,4101150.0
ABB,2025-07-31,6114.5,5510.0,6144.5,5468.0,7485277.0
ABB,2025-08-29,5539.0,4999.0,5539.0,4939.5,7952206.0
ABB,2025-09-30,5042.0,5183.3,5471.3,5017.6,5096907.0
ABB,2025-10-31,5185.0,5220.0,5343.0,5075.0,4725561.0
ABB,2025-11-28,5215.0,5175.0,5280.5,4896.0,4929262.0
ABB,2025-12-31,5218.0,5170.0,5299.0,4981.0,2869156.0
ABB,2026-01-30,5183.0,5578.5,5605.5,4637.5,7024781.0
ABB,2026-02-27,5490.0,6073.0,6246.0,5368.5,10046711.0
ABB,2026-03-31,5840.0,5941.5,6554.0,5793.5,7178807.0
ABB,2026-04-30,6180.0,7230.0,7822.5,5916.5,9595057.0
ABB,2026-05-29,7230.0,7253.0,7389.0,6171.5,10458546.0
ABB,2026-06-30,7253.0,7031.0,7327.0,6653.0,6738449.0
ABB,2026-07-31,7046.0,7284.5,7924.5,6715.5,9200650.0
ABB,2026-08-31,7243.5,7638.5,7894.5,7243.0,5101419.0
ABB,2026-09-30,7521.5,7052.5,7524.5,6905.5,3167012.0
ABBOTINDIA,2023-09-29,22594.95,23179.45,23245.0,22000.0,61461.0
ABBOTINDIA,2023-10-31,23244.95,22413.65,23300.0,22051.0,183922.0
ABBOTINDIA,2023-11-30,22420.95,23805.15,24455.05,22152.05,257135.0
ABBOTINDIA,2023-12-29,23751.1,22851.25,23925.9,22000.0,315824.0
ABBOTINDIA,2024-01-31,22852.0,25906.95,26381.65,22720.0,558676.0
ABBOTINDIA,2024-02-29,26175.0,28434.2,29638.95,25701.1,412419.0
ABBOTINDIA,2024-03-29,28569.0,27120.8,28800.0,26426.3,265419.0
ABBOTINDIA,2024-04-30,27275.0,26446.05,27700.0,25200.0,322503.0
ABBOTINDIA,2024-05-31,26499.95,25887.75,27216.5,25408.65,252258.0
ABBOTINDIA,2024-06-28,26000.0,27624.1,28450.0,25588.55,352847.0
ABBOTINDIA,2024-07-31,27782.1,28385.1,28949.65,27119.6,297361.0
ABBOTINDIA,2024-08-30,28400.0,30195.85,30521.0,26770.0,462972.0
ABBOTINDIA,2024-09-30,30300.0,29165.5,30380.9,27502.75,252834.0
ABBOTINDIA,2024-10-31,29050.0,28978.7,29525.0,27423.4,207889.0
ABBOTINDIA,2024-11-29,29119.95,27723.4,29809.2,26912.1,191726.0
ABBOTINDIA,2024-12-31,27800.0,29741.0,30089.85,27800.0,219795.0
ABBOTINDIA,2025-01-31,29830.2,26173.3,30668.0,25325.0,238546.0
ABBOTINDIA,2025-02-28,26249.95,30395.65,30650.0,25743.0,483235.0
ABBOTINDIA,2025-03-31,30610.2,30720.55,31898.95,29555.55,218600.0
ABBOTINDIA,2025-04-30,30720.55,29985.0,31400.0,27500.05,139154.0
ABBOTINDIA,2025-05-30,29990.0,30455.0,31590.0,29555.0,196491.0
ABBOTINDIA,2025-06-30,30455.0,35670.0,37000.0,30110.0,272828.0
ABBOTINDIA,2025-07-31,35675.0,34405.0,35955.0,32565.0,165987.0
ABBOTINDIA,2025-08-29,34550.0,31480.0,34815.0,31175.0,138247.0
ABBOTINDIA,2025-09-30,31650.0,29290.0,32775.0,29060.0,219861.0
ABBOTINDIA,2025-10-31,29500.0,28995.0,30560.0,28900.0,116714.0
ABBOTINDIA,2025-11-28,29000.0,30075.0,30655.0,28600.0,180864.0
ABBOTINDIA,2025-12-31,30200.0,29025.0,30200.0,27430.0,191912.0
ABBOTINDIA,2026-01-30,28860.0,27565.0,28990.0,26430.0,121662.0
ABBOTINDIA,2026-02-27,27470.0,26530.0,27910.0,26075.0,138142.0
ABBOTINDIA,2026-03-31,26025.0,25915.0,28490.0,25350.0,211816.0
ABBOTINDIA,2026-04-30,26415.0,25435.0,26550.0,25150.0,256025.0
ABBOTINDIA,2026-05-29,25435.0,26855.0,28280.0,25175.0,255162.0
ABBOTINDIA,2026-06-30,27095.0,25440.0,27175.0,25200.0,196726.0
ABBOTINDIA,2026-07-31,25585.0,27800.0,28940.0,25370.0,296671.0
ABBOTINDIA,2026-08-31,27950.0,25850.0,28635.0,25800.0,190808.0
ABBOTINDIA,2026-09-30,25880.0,26955.0,27490.0,25135.0,150888.0
ABDL,2024-07-31,320.0,308.2,347.35,282.05,100219735.0
ABDL,2024-08-30,307.65,359.4,364.3,284.25,30271693.0
ABDL,2024-09-30,371.0,339.0,372.4,332.75,21956802.0
ABDL,2024-10-31,339.0,324.6,347.95,295.9,16565350.0
ABDL,2024-11-29,328.9,336.75,345.0,306.1,8753263.0
ABDL,2024-12-31,338.5,429.55,436.9,333.05,23993240.0
ABDL,2025-01-31,429.55,387.05,444.4,356.15,12035219.0
ABDL,2025-02-28,387.0,311.75,418.0,307.25,11297736.0
ABDL,2025-03-31,315.0,306.2,343.0,294.75,13051372.0
ABDL,2025-04-30,300.4,307.25,339.9,279.0,15121967.0
ABDL,2025-05-30,308.0,399.7,428.65,302.1,15188977.0
ABDL,2025-06-30,400.0,430.95,454.8,390.0,12944711.0
ABDL,2025-07-31,435.0,515.05,522.5,419.0,15445277.0
ABDL,2025-08-29,516.0,505.4,539.8,485.7,7618886.0
ABDL,2025-09-30,508.9,507.7,565.5,491.1,8826372.0
ABDL,2025-10-31,513.25,662.05,671.4,509.1,13479521.0
ABDL,2025-11-28,666.0,653.8,696.8,608.0,12454681.0
ABDL,2025-12-31,652.0,613.55,652.0,586.2,7711476.0
ABDL,2026-01-30,616.15,486.15,622.0,429.5,13133171.0
ABDL,2026-02-27,491.1,476.1,544.0,466.3,6415767.0
ABDL,2026-03-31,445.0,404.05,487.5,382.1,10410742.0
ABDL,2026-04-30,405.1,531.8,588.0,404.05,10580298.0
ABDL,2026-05-29,535.0,558.3,600.0,505.15,6314297.0
ABDL,2026-06-30,567.65,667.9,675.45,542.0,9622299.0
ABDL,2026-07-31,666.95,619.5,711.7,580.0,12418120.0
ABDL,2026-08-31,619.5,618.4,643.9,584.3,7475212.0
ABDL,2026-09-30,628.8,715.05,753.8,586.55,19591938.0
ACE,2023-09-29,679.9,688.5,715.15,653.75,1127329.0
ACE,2023-10-31,688.5,833.1,842.0,657.3,6801900.0
ACE,2023-11-30,841.95,838.25,895.0,800.0,5759324.0
ACE,2023-12-29,844.95,829.15,885.0,780.0,4652346.0
ACE,2024-01-31,834.0,977.0,994.0,834.0,6999417.0
ACE,2024-02-29,983.95,1264.15,1295.0,946.0,11454018.0
ACE,2024-03-29,1299.0,1426.65,1489.4,1044.3,12975479.0
ACE,2024-04-30,1440.05,1518.8,1695.0,1345.8,10200083.0
ACE,2024-05-31,1523.95,1432.2,1649.0,1283.0,9394147.0
ACE,2024-06-28,1500.0,1486.9,1560.0,1181.0,11065243.0
ACE,2024-07-31,1480.0,1393.4,1603.0,1335.0,9427689.0
ACE,2024-08-30,1385.1,1290.95,1392.1,1227.55,5835198.0
ACE,2024-09-30,1294.6,1388.75,1464.9,1225.05,8100638.0
ACE,2024-10-31,1396.05,1347.2,1437.05,1115.5,9289798.0
ACE,2024-11-29,1349.15,1308.1,1406.0,1186.3,4045829.0
ACE,2024-12-31,1288.5,1507.4,1542.0,1268.95,12021705.0
ACE,2025-01-31,1506.0,1288.0,1600.0,1163.4,6866898.0
ACE,2025-02-28,1287.95,1050.3,1319.85,1042.05,5512058.0
ACE,2025-03-31,1052.55,1257.1,1294.35,917.45,7394817.0
ACE,2025-04-30,1254.0,1168.5,1302.0,1060.05,3114755.0
ACE,2025-05-30,1175.0,1248.7,1389.0,1140.0,8300829.0
ACE,2025-06-30,1253.6,1218.6,1277.0,1156.9,3758592.0
ACE,2025-07-31,1218.6,1132.5,1227.8,1077.7,3034992.0
ACE,2025-08-29,1132.0,1053.5,1141.0,930.0,18455498.0
ACE,2025-09-30,1060.3,1072.6,1170.0,1040.0,11063512.0
ACE,2025-10-31,1067.0,1100.9,1125.0,1049.0,3018859.0
ACE,2025-11-28,1102.0,992.8,1110.6,957.0,2921375.0
ACE,2025-12-31,995.7,946.65,1009.5,909.0,4487449.0
ACE,2026-01-30,954.0,849.5,981.4,775.45,4174432.0
ACE,2026-02-27,887.3,884.7,940.0,854.65,4002311.0
ACE,2026-03-31,844.7,748.95,902.0,745.1,4568384.0
ACE,2026-04-30,778.0,887.65,954.8,763.95,7124949.0
ACE,2026-05-29,887.65,884.95,966.75,845.55,10192520.0
ACE,2026-06-30,890.0,1024.0,1047.0,850.5,8573315.0
ACE,2026-07-31,1034.3,1070.3,1087.5,957.8,15753342.0
ACE,2026-08-31,1072.0,1110.5,1196.0,1062.3,8431197.0
ACE,2026-09-30,1110.9,1226.6,1268.0,1073.8,6500544.0
ACUTAAS,2023-09-29,639.33,616.62,644.0,612.0,501806.0
ACUTAAS,2023-10-31,616.5,584.85,634.0,537.8,3023902.0
ACUTAAS,2023-11-30,584.85,556.38,599.45,533.22,3023550.0
ACUTAAS,2023-12-29,561.97,561.0,617.42,511.75,21400436.0
ACUTAAS,2024-01-31,567.4,581.67,593.6,540.0,7576322.0
ACUTAAS,2024-02-29,583.0,557.45,583.38,517.5,6465736.0
ACUTAAS,2024-03-29,558.97,546.85,597.0,502.23,5724696.0
ACUTAAS,2024-04-30,547.0,615.42,648.25,547.0,8503300.0
ACUTAAS,2024-05-31,622.33,608.62,641.47,574.05,8358950.0
ACUTAAS,2024-06-28,620.5,646.22,734.5,504.0,13147270.0
ACUTAAS,2024-07-31,665.0,668.97,725.97,617.5,8784166.0
ACUTAAS,2024-08-30,673.97,690.53,699.0,607.5,8115026.0
ACUTAAS,2024-09-30,691.83,871.0,911.5,676.03,15832318.0
ACUTAAS,2024-10-31,873.25,988.75,997.0,726.62,15607474.0
ACUTAAS,2024-11-29,993.5,1071.47,1092.07,961.75,10926000.0
ACUTAAS,2024-12-31,1075.0,1074.43,1181.45,1003.12,8403640.0
ACUTAAS,2025-01-31,1085.18,1192.65,1204.97,918.78,21266248.0
ACUTAAS,2025-02-28,1192.05,1084.32,1322.0,1040.0,12017458.0
ACUTAAS,2025-03-31,1089.97,1220.4,1271.57,1019.42,10711376.0
ACUTAAS,2025-04-30,1220.5,1130.6,1276.82,976.55,10425763.0
ACUTAAS,2025-05-30,1150.9,1176.3,1244.0,1095.1,14021579.0
ACUTAAS,2025-06-30,1176.3,1144.4,1176.3,1059.0,7099600.0
ACUTAAS,2025-07-31,1130.0,1327.4,1350.0,1084.7,8702395.0
ACUTAAS,2025-08-29,1351.9,1406.0,1445.0,1261.2,6392799.0
ACUTAAS,2025-09-30,1418.0,1317.8,1530.3,1305.6,6185687.0
ACUTAAS,2025-10-31,1302.0,1727.7,1868.2,1302.0,8964201.0
ACUTAAS,2025-11-28,1732.6,1837.5,1902.0,1661.0,7475986.0
ACUTAAS,2025-12-31,1847.2,1704.9,1848.1,1613.2,5266550.0
ACUTAAS,2026-01-30,1710.0,1912.5,1968.0,1570.0,7898684.0
ACUTAAS,2026-02-27,1818.0,2158.8,2200.0,1817.0,7608988.0
ACUTAAS,2026-03-31,2058.7,2558.6,2580.0,2055.0,9952226.0
ACUTAAS,2026-04-30,2626.0,2594.1,2710.0,2073.0,12643364.0
ACUTAAS,2026-05-29,2594.1,3132.5,3184.9,2538.0,9321549.0
ACUTAAS,2026-06-30,3176.7,3526.2,3603.6,2902.0,10027013.0
ACUTAAS,2026-07-31,3545.0,3104.9,3740.0,3062.1,9634714.0
ACUTAAS,2026-08-31,3100.0,3160.6,3399.8,3025.0,5640184.0
ACUTAAS,2026-09-30,3163.4,3272.5,3509.9,3120.0,5755150.0
ANANDRATHI,2023-09-29,395.49,420.2,432.49,390.51,2060184.0
ANANDRATHI,2023-10-31,422.33,477.27,493.0,413.0,9152280.0
ANANDRATHI,2023-11-30,477.27,648.88,661.17,477.27,5833752.0
ANANDRATHI,2023-12-29,675.0,648.42,678.0,597.5,5045516.0
ANANDRATHI,2024-01-31,653.5,764.56,775.0,627.51,7105208.0
ANANDRATHI,2024-02-29,772.0,914.2,936.25,767.5,5510840.0
ANANDRATHI,2024-03-29,924.75,923.59,1012.5,860.0,7740060.0
ANANDRATHI,2024-04-30,937.25,999.56,1062.0,856.0,7826852.0
ANANDRATHI,2024-05-31,1007.22,1048.85,1074.99,962.5,3207024.0
ANANDRATHI,2024-06-28,1072.5,976.96,1074.99,885.33,2576188.0
ANANDRATHI,2024-07-31,979.4,944.59,1073.55,855.08,4240508.0
ANANDRATHI,2024-08-30,932.0,953.45,974.5,866.59,3466932.0
ANANDRATHI,2024-09-30,953.75,981.34,1012.39,938.55,3371636.0
ANANDRATHI,2024-10-31,981.34,1031.49,1095.5,951.5,8759412.0
ANANDRATHI,2024-11-29,1041.8,1039.01,1050.0,940.69,2690228.0
ANANDRATHI,2024-12-31,1038.99,986.01,1161.5,965.79,5404844.0
ANANDRATHI,2025-01-31,992.5,915.55,1062.5,845.33,9180256.0
ANANDRATHI,2025-02-28,915.7,1000.26,1042.66,878.16,15820900.0
ANANDRATHI,2025-03-31,1005.0,956.1,1062.72,797.0,13450512.0
ANANDRATHI,2025-04-30,947.5,850.9,951.42,800.0,4003510.0
ANANDRATHI,2025-05-30,846.1,938.25,986.95,820.5,3432592.0
ANANDRATHI,2025-06-30,947.65,1079.85,1092.5,947.65,7821024.0
ANANDRATHI,2025-07-31,1085.0,1322.8,1365.0,1017.05,22156056.0
ANANDRATHI,2025-08-29,1322.5,1396.95,1424.55,1270.0,4950060.0
ANANDRATHI,2025-09-30,1403.5,1413.4,1545.2,1380.0,5659912.0
ANANDRATHI,2025-10-31,1414.5,1544.2,1660.7,1387.55,22882082.0
ANANDRATHI,2025-11-28,1555.65,1444.45,1584.0,1385.75,4487350.0
ANANDRATHI,2025-12-31,1461.6,1556.2,1568.5,1396.5,16533744.0
ANANDRATHI,2026-01-30,1551.5,1442.7,1602.75,1353.85,11413236.0
ANANDRATHI,2026-02-27,1439.75,1537.95,1548.5,1413.5,6082456.0
ANANDRATHI,2026-03-31,1501.35,1517.7,1620.5,1451.5,6512128.0
ANANDRATHI,2026-04-30,1527.5,1800.8,1867.5,1525.0,13443866.0
ANANDRATHI,2026-05-29,1800.8,1725.35,1849.5,1715.35,15194002.0
ANANDRATHI,2026-06-30,1748.95,1976.7,2032.7,1710.6,15979958.0
ANANDRATHI,2026-07-31,1994.0,2073.7,2176.2,1945.1,7855445.0
ANANDRATHI,2026-08-31,2094.0,2204.2,2242.0,2028.5,4826005.0
ANANDRATHI,2026-09-30,2213.4,2126.8,2268.4,2007.0,4973149.0
APARINDS,2023-09-29,5334.9,5477.55,6019.85,5271.0,1699539.0
APARINDS,2023-10-31,5494.0,5179.45,5629.0,4545.65,2574703.0
APARINDS,2023-11-30,5187.9,5581.4,5994.7,5011.0,2277589.0
APARINDS,2023-12-29,5640.0,6053.4,6102.6,5250.0,2860341.0
APARINDS,2024-01-31,6053.4,6321.3,6450.0,5151.0,3587069.0
APARINDS,2024-02-29,6350.0,6253.65,6541.55,5785.05,1944035.0
APARINDS,2024-03-29,6260.05,6978.9,7400.0,5503.85,3635959.0
APARINDS,2024-04-30,7060.0,7880.1,7983.85,6761.6,2395059.0
APARINDS,2024-05-31,7929.0,7907.65,8399.0,7310.0,3164339.0
APARINDS,2024-06-28,8250.0,8473.45,8849.0,6565.05,2320115.0
APARINDS,2024-07-31,8500.0,9229.4,9659.9,7595.0,3675302.0
APARINDS,2024-08-30,9299.85,9163.5,9495.0,8081.0,2631886.0
APARINDS,2024-09-30,9170.0,9528.6,10624.8,8716.4,3279717.0
APARINDS,2024-10-31,9500.0,10062.35,11000.0,9163.15,2371638.0
APARINDS,2024-11-29,10200.15,10101.35,10263.2,8574.35,2195400.0
APARINDS,2024-12-31,10029.0,10317.6,10500.0,9768.0,1402731.0
APARINDS,2025-01-31,10318.0,7491.95,11779.9,6690.0,4395381.0
APARINDS,2025-02-28,7494.25,5797.4,7795.0,5595.65,3424497.0
APARINDS,2025-03-31,5849.0,5539.95,6382.55,5280.0,4219873.0
APARINDS,2025-04-30,5535.0,5603.0,5689.0,4308.05,2768849.0
APARINDS,2025-05-30,5603.0,8114.0,8399.0,5435.0,3889562.0
APARINDS,2025-06-30,8150.0,8721.5,9023.0,7643.5,1970977.0
APARINDS,2025-07-31,8850.0,8907.5,9905.0,8450.5,3235677.0
APARINDS,2025-08-29,8900.0,7732.0,9079.5,7692.5,1341523.0
APARINDS,2025-09-30,7798.0,8186.0,8989.0,7701.5,1460257.0
APARINDS,2025-10-31,8154.5,8671.0,9600.0,8110.0,2384295.0
APARINDS,2025-11-28,8676.0,9159.5,9449.5,8165.0,1582302.0
APARINDS,2025-12-31,9232.5,8367.5,9232.5,8350.0,954365.0
APARINDS,2026-01-30,8424.0,7994.0,8455.0,6801.0,1503465.0
APARINDS,2026-02-27,8065.0,11180.5,11648.0,7866.5,3376969.0
APARINDS,2026-03-31,10500.0,9881.0,11250.0,8856.0,2374819.0
APARINDS,2026-04-30,10350.0,12331.0,12850.0,9298.5,2799047.0
APARINDS,2026-05-29,12331.0,13118.0,13580.0,11864.0,2053357.0
APARINDS,2026-06-30,13120.0,15695.0,17157.0,12511.0,3811794.0
APARINDS,2026-07-31,15849.0,14348.0,15849.0,13282.0,3449306.0
APARINDS,2026-08-31,14400.0,17702.0,18465.0,14321.0,3711501.0
APARINDS,2026-09-30,17776.0,17776.0,19265.0,16015.0,2360824.0
APLAPOLLO,2023-09-29,1578.25,1625.0,1679.0,1519.1,3697721.0
APLAPOLLO,2023-10-31,1630.0,1565.3,1788.35,1554.0,13675636.0
APLAPOLLO,2023-11-30,1570.0,1687.65,1774.0,1506.15,44228810.0
APLAPOLLO,2023-12-29,1700.0,1536.8,1745.0,1520.15,14607684.0
APLAPOLLO,2024-01-31,1553.9,1503.35,1589.0,1432.9,20570850.0
APLAPOLLO,2024-02-29,1506.7,1547.55,1550.0,1305.0,17454744.0
APLAPOLLO,2024-03-29,1547.8,1495.95,1660.0,1440.0,15174651.0
APLAPOLLO,2024-04-30,1509.95,1557.25,1622.0,1476.4,8999778.0
APLAPOLLO,2024-05-31,1570.0,1504.9,1728.95,1439.05,13872117.0
APLAPOLLO,2024-06-28,1562.0,1555.3,1679.0,1403.25,15879183.0
APLAPOLLO,2024-07-31,1560.05,1485.5,1654.0,1455.4,13245915.0
APLAPOLLO,2024-08-30,1493.0,1462.1,1507.75,1341.95,11330231.0
APLAPOLLO,2024-09-30,1451.1,1584.15,1589.0,1382.45,10615677.0
APLAPOLLO,2024-10-31,1590.0,1520.45,1652.6,1376.7,13048674.0
APLAPOLLO,2024-11-29,1530.0,1516.4,1556.7,1400.0,10495655.0
APLAPOLLO,2024-12-31,1505.7,1568.25,1645.8,1473.0,11413017.0
APLAPOLLO,2025-01-31,1560.0,1509.55,1643.35,1415.4,12523843.0
APLAPOLLO,2025-02-28,1509.55,1438.95,1537.5,1272.7,13665859.0
APLAPOLLO,2025-03-31,1426.35,1525.25,1567.5,1365.0,9984371.0
APLAPOLLO,2025-04-30,1524.95,1619.8,1647.4,1399.95,9926161.0
APLAPOLLO,2025-05-30,1619.8,1811.7,1851.0,1582.1,15142950.0
APLAPOLLO,2025-06-30,1810.0,1739.1,1936.0,1728.2,13347524.0
APLAPOLLO,2025-07-31,1738.6,1601.2,1793.9,1492.0,19798034.0
APLAPOLLO,2025-08-29,1600.0,1604.7,1669.0,1549.0,10630148.0
APLAPOLLO,2025-09-30,1595.1,1686.1,1717.9,1592.6,10827896.0
APLAPOLLO,2025-10-31,1693.7,1791.5,1825.0,1685.3,10707015.0
APLAPOLLO,2025-11-28,1798.0,1718.9,1811.0,1690.0,9859074.0
APLAPOLLO,2025-12-31,1727.8,1914.0,1920.9,1710.6,10680625.0
APLAPOLLO,2026-01-30,1925.6,2045.7,2151.1,1847.0,17796454.0
APLAPOLLO,2026-02-27,2064.0,2234.6,2301.4,2041.4,17643437.0
APLAPOLLO,2026-03-31,2195.0,1937.0,2251.8,1872.1,12689217.0
APLAPOLLO,2026-04-30,1978.2,1905.0,2173.0,1834.0,13234453.0
APLAPOLLO,2026-05-29,1905.0,1831.1,2011.7,1820.0,15543265.0
APLAPOLLO,2026-06-30,1834.7,1788.7,1878.5,1736.0,14705364.0
APLAPOLLO,2026-07-31,1799.0,1819.5,1908.0,1750.1,11757024.0
APLAPOLLO,2026-08-31,1820.3,2223.4,2278.4,1820.3,16574676.0
APLAPOLLO,2026-09-30,2228.7,2214.7,2281.0,2041.3,11726073.0
APOLLO,2023-09-29,57.15,56.65,59.6,56.0,11331448.0
APOLLO,2023-10-31,59.0,91.4,91.4,58.1,151755877.0
APOLLO,2023-11-30,92.5,124.85,161.7,89.9,146150532.0
APOLLO,2023-12-29,128.0,113.95,129.7,106.9,14781644.0
APOLLO,2024-01-31,117.95,124.15,137.0,116.0,14185064.0
APOLLO,2024-02-29,128.0,127.3,147.55,109.25,27263999.0
APOLLO,2024-03-29,125.6,95.3,133.65,94.0,16741169.0
APOLLO,2024-04-30,96.95,109.05,117.45,96.65,17214606.0
APOLLO,2024-05-31,106.05,106.45,118.5,97.5,14173099.0
APOLLO,2024-06-28,111.6,106.95,118.24,98.25,38084602.0
APOLLO,2024-07-31,107.5,119.25,128.38,103.4,74384242.0
APOLLO,2024-08-30,119.25,104.5,121.48,104.3,75546349.0
APOLLO,2024-09-30,105.75,103.05,113.0,100.21,51949894.0
APOLLO,2024-10-31,103.0,101.38,106.99,87.99,42445143.0
APOLLO,2024-11-29,102.5,100.11,105.1,90.25,27055549.0
APOLLO,2024-12-31,100.19,115.48,117.5,92.55,67520426.0
APOLLO,2025-01-31,117.5,137.67,157.0,112.3,291504440.0
APOLLO,2025-02-28,138.25,112.68,143.25,103.77,137529685.0
APOLLO,2025-03-31,112.98,122.72,129.8,106.13,129903599.0
APOLLO,2025-04-30,123.0,117.77,125.48,105.3,107730605.0
APOLLO,2025-05-30,116.81,188.92,194.0,112.6,552373669.0
APOLLO,2025-06-30,188.7,192.36,221.38,179.1,184551514.0
APOLLO,2025-07-31,193.25,173.66,196.0,162.34,95423187.0
APOLLO,2025-08-29,173.0,262.79,271.4,168.65,316658651.0
APOLLO,2025-09-30,264.5,326.1,354.7,261.3,453874482.0
APOLLO,2025-10-31,325.25,276.8,345.8,274.8,78063768.0
APOLLO,2025-11-28,278.5,263.2,291.75,256.55,66991113.0
APOLLO,2025-12-31,264.15,272.0,281.5,219.65,75074027.0
APOLLO,2026-01-30,271.9,260.75,280.0,218.0,52793239.0
APOLLO,2026-02-27,248.45,237.8,258.95,227.05,48195321.0
APOLLO,2026-03-31,228.4,182.16,241.0,179.5,129066643.0
APOLLO,2026-04-30,193.0,297.11,312.34,189.4,321018360.0
APOLLO,2026-05-29,297.11,409.0,433.8,283.25,591171038.0
APOLLO,2026-06-30,410.55,424.75,446.9,377.25,466088137.0
APOLLO,2026-07-31,428.0,389.9,466.5,374.0,258496425.0
APOLLO,2026-08-31,393.95,386.1,408.55,378.0,94343321.0
APOLLO,2026-09-30,387.0,395.6,427.95,361.4,144697820.0
ARTEMISMED,2023-09-29,159.05,158.6,164.45,151.0,1319770.0
ARTEMISMED,2023-10-31,159.95,153.8,167.4,136.1,4908958.0
ARTEMISMED,2023-11-30,154.8,171.65,174.8,145.75,4543139.0
ARTEMISMED,2023-12-29,172.8,180.15,187.0,161.0,4105796.0
ARTEMISMED,2024-01-31,179.05,185.1,193.7,170.05,3952012.0
ARTEMISMED,2024-02-29,183.0,170.1,189.9,156.0,3469269.0
ARTEMISMED,2024-03-29,171.55,169.85,178.0,141.3,3394675.0
ARTEMISMED,2024-04-30,172.4,182.4,196.95,168.35,2598727.0
ARTEMISMED,2024-05-31,183.0,174.5,199.9,168.8,3799574.0
ARTEMISMED,2024-06-28,179.8,177.42,188.24,143.05,2850858.0
ARTEMISMED,2024-07-31,175.7,263.76,266.43,175.7,12484230.0
ARTEMISMED,2024-08-30,263.8,286.05,289.4,234.4,5681031.0
ARTEMISMED,2024-09-30,287.2,284.4,304.7,266.0,4891213.0
ARTEMISMED,2024-10-31,285.9,280.3,296.7,249.45,3068168.0
ARTEMISMED,2024-11-29,281.0,328.8,343.7,265.75,8928328.0
ARTEMISMED,2024-12-31,326.0,314.8,350.0,309.0,3455676.0
ARTEMISMED,2025-01-31,316.45,316.0,346.7,270.0,3493312.0
ARTEMISMED,2025-02-28,317.0,231.65,335.0,225.65,2758365.0
ARTEMISMED,2025-03-31,228.2,273.46,280.26,207.71,2779633.0
ARTEMISMED,2025-04-30,273.45,252.95,306.15,240.0,2100542.0
ARTEMISMED,2025-05-30,254.3,279.45,290.0,223.3,3384583.0
ARTEMISMED,2025-06-30,279.0,254.5,280.8,242.0,1663918.0
ARTEMISMED,2025-07-31,254.55,239.05,265.25,226.0,2074339.0
ARTEMISMED,2025-08-29,239.05,218.98,256.6,217.83,1992233.0
ARTEMISMED,2025-09-30,219.1,234.18,251.77,219.1,4207620.0
ARTEMISMED,2025-10-31,234.16,247.56,254.6,222.05,3621195.0
ARTEMISMED,2025-11-28,247.56,285.46,297.5,240.35,8309236.0
ARTEMISMED,2025-12-31,287.9,271.05,295.0,261.55,3163508.0
ARTEMISMED,2026-01-30,271.95,247.95,280.6,221.0,2768858.0
ARTEMISMED,2026-02-27,245.0,239.9,249.0,210.06,4614851.0
ARTEMISMED,2026-03-31,234.12,205.51,237.35,203.35,2352671.0
ARTEMISMED,2026-04-30,207.5,244.13,247.1,207.5,3797069.0
ARTEMISMED,2026-05-29,244.13,273.36,295.0,243.01,4670408.0
ARTEMISMED,2026-06-30,276.3,264.95,277.6,253.2,2844823.0
ARTEMISMED,2026-07-31,263.65,298.5,308.0,258.4,6715145.0
ARTEMISMED,2026-08-31,304.8,317.45,333.7,299.0,9000200.0
ARTEMISMED,2026-09-30,317.45,357.7,378.8,306.6,26391913.0
AUROPHARMA,2023-09-29,866.6,914.35,930.0,852.2,13739523.0
AUROPHARMA,2023-10-31,917.0,849.5,924.45,845.0,34938950.0
AUROPHARMA,2023-11-30,850.0,1041.55,1058.0,834.65,51080475.0
AUROPHARMA,2023-12-29,1049.0,1084.0,1099.9,996.3,40354525.0
AUROPHARMA,2024-01-31,1085.05,1150.4,1177.1,1061.4,49122362.0
AUROPHARMA,2024-02-29,1155.0,1028.1,1155.05,958.5,81504225.0
AUROPHARMA,2024-03-29,1020.6,1088.75,1114.0,984.3,35583779.0
AUROPHARMA,2024-04-30,1113.0,1153.5,1175.8,1069.3,34570688.0
AUROPHARMA,2024-05-31,1148.0,1185.7,1245.7,1097.1,33945357.0
AUROPHARMA,2024-06-28,1229.0,1207.6,1292.1,1109.45,30928582.0
AUROPHARMA,2024-07-31,1214.05,1434.15,1440.7,1203.0,30396945.0
AUROPHARMA,2024-08-30,1434.1,1569.4,1580.6,1395.0,34754125.0
AUROPHARMA,2024-09-30,1580.8,1460.7,1592.0,1444.0,25950054.0
AUROPHARMA,2024-10-31,1455.0,1396.5,1520.05,1385.05,18797632.0
AUROPHARMA,2024-11-29,1407.45,1262.6,1417.3,1215.6,22014385.0
AUROPHARMA,2024-12-31,1263.0,1334.5,1340.85,1173.1,24109179.0
AUROPHARMA,2025-01-31,1334.85,1171.9,1356.2,1133.05,21957731.0
AUROPHARMA,2025-02-28,1179.45,1058.3,1219.9,1052.7,19711329.0
AUROPHARMA,2025-03-31,1061.5,1160.5,1230.7,1031.05,14428809.0
AUROPHARMA,2025-04-30,1156.5,1229.1,1278.6,1010.0,35641293.0
AUROPHARMA,2025-05-30,1234.0,1147.8,1251.4,1119.9,24940376.0
AUROPHARMA,2025-06-30,1151.0,1134.8,1194.3,1078.5,23324485.0
AUROPHARMA,2025-07-31,1137.1,1139.8,1197.0,1100.0,26679276.0
AUROPHARMA,2025-08-29,1142.0,1027.9,1144.0,1020.0,28068730.0
AUROPHARMA,2025-09-30,1022.8,1083.9,1138.0,1016.1,30855771.0
AUROPHARMA,2025-10-31,1086.9,1138.9,1155.8,1066.8,27031830.0
AUROPHARMA,2025-11-28,1142.9,1226.7,1249.9,1120.0,25010542.0
AUROPHARMA,2025-12-31,1229.0,1183.0,1240.7,1160.5,15459233.0
AUROPHARMA,2026-01-30,1190.0,1207.7,1270.8,1116.2,23761983.0
AUROPHARMA,2026-02-27,1172.1,1220.4,1250.9,1106.0,45145093.0
AUROPHARMA,2026-03-31,1186.2,1304.4,1330.0,1179.8,29969946.0
AUROPHARMA,2026-04-30,1332.2,1389.5,1459.5,1266.1,30890011.0
AUROPHARMA,2026-05-29,1389.5,1426.4,1550.0,1367.0,27722773.0
AUROPHARMA,2026-06-30,1426.4,1578.7,1588.9,1391.0,33514958.0
AUROPHARMA,2026-07-31,1578.7,1580.2,1636.8,1512.0,19539635.0
AUROPHARMA,2026-08-31,1586.9,1717.0,1717.0,1536.8,22332715.0
AUROPHARMA,2026-09-30,1700.0,1712.0,1740.0,1622.6,13502854.0
AVALON,2023-09-29,557.95,555.4,575.2,551.85,789976.0
AVALON,2023-10-31,555.95,496.25,600.0,456.15,10586925.0
AVALON,2023-11-30,498.4,504.25,514.2,470.5,5053322.0
AVALON,2023-12-29,507.65,551.1,576.0,490.0,7725300.0
AVALON,2024-01-31,550.0,545.95,562.15,512.25,3954419.0
AVALON,2024-02-29,549.0,530.95,549.1,467.9,7296354.0
AVALON,2024-03-29,534.0,494.0,535.0,469.95,2980994.0
AVALON,2024-04-30,498.0,517.35,549.0,488.35,2070251.0
AVALON,2024-05-31,517.0,486.7,521.9,474.85,2684558.0
AVALON,2024-06-28,496.7,541.0,575.0,457.2,3063103.0
AVALON,2024-07-31,541.0,521.95,560.0,484.0,1753240.0
AVALON,2024-08-30,527.15,521.15,548.8,425.0,3345396.0
AVALON,2024-09-30,523.7,580.9,667.0,489.85,11497914.0
AVALON,2024-10-31,580.9,594.5,659.0,527.45,6246800.0
AVALON,2024-11-29,594.0,964.9,969.9,575.0,27898683.0
AVALON,2024-12-31,963.95,964.0,1073.75,830.2,15305626.0
AVALON,2025-01-31,972.0,660.25,1023.0,598.0,18646153.0
AVALON,2025-02-28,684.0,664.45,766.8,603.0,10769395.0
AVALON,2025-03-31,666.95,757.55,807.2,644.15,7453363.0
AVALON,2025-04-30,750.0,861.1,925.1,689.9,8984846.0
AVALON,2025-05-30,856.5,859.9,928.4,774.0,8866636.0
AVALON,2025-06-30,858.0,843.4,884.05,783.45,7444901.0
AVALON,2025-07-31,847.0,845.85,891.5,790.95,4834375.0
AVALON,2025-08-29,849.9,830.7,965.9,826.0,9159113.0
AVALON,2025-09-30,832.2,1009.15,1024.0,832.2,7245009.0
AVALON,2025-10-31,1010.9,1190.7,1318.0,1000.1,11692006.0
AVALON,2025-11-28,1199.1,968.7,1209.9,957.2,3526089.0
AVALON,2025-12-31,968.7,878.9,985.5,839.0,3801528.0
AVALON,2026-01-30,876.5,858.25,967.9,777.3,5142488.0
AVALON,2026-02-27,872.0,1019.2,1127.5,826.2,6083815.0
AVALON,2026-03-31,958.5,928.0,1015.3,856.4,2791416.0
AVALON,2026-04-30,933.45,1057.25,1152.0,910.0,4281553.0
AVALON,2026-05-29,1057.25,1520.5,1558.6,1050.4,19435349.0
AVALON,2026-06-30,1538.0,1801.9,1838.5,1436.1,7776269.0
AVALON,2026-07-31,1815.0,1807.9,1859.0,1621.0,8038827.0
AVALON,2026-08-31,1814.0,2373.3,2400.0,1740.0,11922655.0
AVALON,2026-09-30,2370.1,2328.5,2618.0,1980.0,13422585.0
BALAMINES,2023-09-29,2245.15,2174.25,2259.6,2170.0,196988.0
BALAMINES,2023-10-31,2185.45,2045.65,2250.0,2008.65,653786.0
BALAMINES,2023-11-30,2049.95,2016.8,2110.0,2000.0,679304.0
BALAMINES,2023-12-29,2030.0,2668.5,2725.0,2008.6,6565275.0
BALAMINES,2024-01-31,2675.0,2438.7,2735.0,2279.0,2165560.0
BALAMINES,2024-02-29,2399.0,2173.75,2440.45,2132.4,1060635.0
BALAMINES,2024-03-29,2194.0,2045.25,2431.95,2009.2,2721974.0
BALAMINES,2024-04-30,2050.0,2192.35,2327.75,2049.0,1978910.0
BALAMINES,2024-05-31,2193.9,2093.25,2424.0,2070.3,1957420.0
BALAMINES,2024-06-28,2139.0,2289.55,2507.0,1960.0,2106194.0
BALAMINES,2024-07-31,2300.0,2499.75,2534.0,2173.4,2162133.0
BALAMINES,2024-08-30,2511.25,2224.35,2549.75,2089.25,1921305.0
BALAMINES,2024-09-30,2245.2,2287.05,2433.0,2181.0,1700767.0
BALAMINES,2024-10-31,2291.55,2129.3,2374.0,2000.5,932513.0
BALAMINES,2024-11-29,2132.9,2064.35,2169.0,1950.05,596453.0
BALAMINES,2024-12-31,2051.0,1786.7,2119.9,1711.4,1108190.0
BALAMINES,2025-01-31,1786.75,1719.7,1980.0,1557.0,4884737.0
BALAMINES,2025-02-28,1732.45,1293.35,1792.15,1279.25,1343829.0
BALAMINES,2025-03-31,1297.05,1207.15,1397.3,1171.0,1881506.0
BALAMINES,2025-04-30,1224.65,1263.6,1380.0,1127.55,1493211.0
BALAMINES,2025-05-30,1274.6,1450.7,1502.0,1192.3,1255844.0
BALAMINES,2025-06-30,1452.7,1841.6,1858.0,1372.1,5486374.0
BALAMINES,2025-07-31,1838.1,1768.4,1945.0,1653.9,2307840.0
BALAMINES,2025-08-29,1768.4,1457.0,1788.8,1450.0,883351.0
BALAMINES,2025-09-30,1464.2,1389.2,1560.0,1383.5,747713.0
BALAMINES,2025-10-31,1410.0,1409.1,1440.0,1325.1,526688.0
BALAMINES,2025-11-28,1410.1,1152.8,1457.9,1083.5,1669324.0
BALAMINES,2025-12-31,1161.8,1121.0,1166.2,1079.0,910809.0
BALAMINES,2026-01-30,1118.8,1117.0,1333.1,1065.6,30462290.0
BALAMINES,2026-02-27,1125.8,1087.4,1182.9,1060.1,1902940.0
BALAMINES,2026-03-31,1038.3,977.2,1095.0,968.1,2227749.0
BALAMINES,2026-04-30,1011.2,1333.65,1347.0,988.5,2278521.0
BALAMINES,2026-05-29,1333.65,1775.6,1956.0,1318.3,10730743.0
BALAMINES,2026-06-30,1775.6,2035.9,2288.0,1700.6,11437549.0
BALAMINES,2026-07-31,2058.0,2133.3,2443.6,2017.7,8548247.0
BALAMINES,2026-08-31,2148.0,2323.6,2461.0,1977.3,4419042.0
BALAMINES,2026-09-30,2347.2,2189.6,2629.8,2081.0,4119175.0
BBOX,2023-09-29,184.5,184.8,193.6,176.65,848899.0
BBOX,2023-10-31,184.8,243.2,262.0,184.45,14615161.0
BBOX,2023-11-30,244.15,257.05,274.6,230.2,3718385.0
BBOX,2023-12-29,257.0,291.15,291.15,225.0,1809370.0
BBOX,2024-01-31,305.7,284.0,305.7,266.65,1844070.0
BBOX,2024-02-29,285.95,263.5,303.2,256.5,1735715.0
BBOX,2024-03-29,264.35,225.1,276.0,209.8,1547597.0
BBOX,2024-04-30,229.65,239.85,292.0,224.3,2230757.0
BBOX,2024-05-31,243.85,245.3,261.8,210.2,1984759.0
BBOX,2024-06-28,250.9,350.59,384.38,217.95,21105586.0
BBOX,2024-07-31,355.0,512.4,513.5,354.05,19495761.0
BBOX,2024-08-30,515.0,513.4,584.0,481.0,5753293.0
BBOX,2024-09-30,523.95,500.8,555.0,478.0,3846830.0
BBOX,2024-10-31,502.0,487.4,522.0,445.4,3583124.0
BBOX,2024-11-29,500.0,628.95,632.85,490.0,10431381.0
BBOX,2024-12-31,637.0,648.75,714.8,613.25,7377815.0
BBOX,2025-01-31,659.8,515.2,696.45,503.2,7329391.0
BBOX,2025-02-28,525.0,372.8,530.0,372.8,4785328.0
BBOX,2025-03-31,373.3,360.25,389.7,326.35,7077688.0
BBOX,2025-04-30,361.95,373.15,451.6,320.85,7645830.0
BBOX,2025-05-30,373.15,516.4,524.0,364.9,9489803.0
BBOX,2025-06-30,534.1,524.0,577.65,462.25,5729151.0
BBOX,2025-07-31,530.0,508.9,563.85,471.6,1853745.0
BBOX,2025-08-29,513.0,452.0,523.0,447.4,1359411.0
BBOX,2025-09-30,454.25,515.25,540.9,435.05,6802549.0
BBOX,2025-10-31,519.9,530.65,613.8,509.7,9563588.0
BBOX,2025-11-28,532.95,533.8,570.5,510.0,12680615.0
BBOX,2025-12-31,535.75,550.85,571.7,493.25,6844964.0
BBOX,2026-01-30,548.4,515.2,572.95,465.6,5751465.0
BBOX,2026-02-27,514.75,533.5,588.95,486.0,12057534.0
BBOX,2026-03-31,510.3,447.15,533.0,444.3,6907872.0
BBOX,2026-04-30,447.4,639.6,655.85,447.4,16345741.0
BBOX,2026-05-29,639.6,1037.15,1050.0,639.6,37054010.0
BBOX,2026-06-30,1049.0,947.2,1103.0,903.7,14037486.0
BBOX,2026-07-31,942.8,755.5,1000.0,725.0,7812485.0
BBOX,2026-08-31,769.0,747.65,842.5,721.5,8706059.0
BBOX,2026-09-30,742.45,799.75,845.9,709.15,11080048.0
BHEL,2023-09-29,124.85,131.0,131.7,122.85,166905301.0
BHEL,2023-10-31,131.0,120.85,133.75,113.5,364266214.0
BHEL,2023-11-30,121.3,170.45,176.5,120.7,746498627.0
BHEL,2023-12-29,171.35,193.55,199.7,165.8,646660057.0
BHEL,2024-01-31,199.0,228.25,234.45,191.85,902686235.0
BHEL,2024-02-29,230.5,227.55,243.25,201.35,715990683.0
BHEL,2024-03-29,230.0,247.3,275.85,207.1,828847899.0
BHEL,2024-04-30,249.0,281.7,284.8,246.25,383483393.0
BHEL,2024-05-31,283.1,298.9,322.5,267.05,741579552.0
BHEL,2024-06-28,320.0,300.85,321.0,224.05,669264739.0
BHEL,2024-07-31,301.95,315.25,335.35,283.0,553602840.0
BHEL,2024-08-30,314.7,290.55,319.95,285.0,263007780.0
BHEL,2024-09-30,291.0,279.7,292.0,249.45,315118242.0
BHEL,2024-10-31,280.4,239.0,285.5,210.7,430207301.0
BHEL,2024-11-29,240.9,251.09,253.8,218.12,231696964.0
BHEL,2024-12-31,249.75,229.4,256.55,223.6,216668974.0
BHEL,2025-01-31,230.01,208.09,236.77,184.14,324230456.0
BHEL,2025-02-28,209.56,179.17,214.4,177.6,312934835.0
BHEL,2025-03-31,180.1,216.43,221.9,176.0,233533059.0
BHEL,2025-04-30,215.15,226.84,235.2,193.5,266491797.0
BHEL,2025-05-30,226.84,259.83,269.12,212.1,333545901.0
BHEL,2025-06-30,261.05,266.3,272.1,243.5,174183933.0
BHEL,2025-07-31,267.75,238.45,267.75,234.25,95521063.0
BHEL,2025-08-29,238.45,208.01,249.6,205.12,147191746.0
BHEL,2025-09-30,209.5,238.45,242.43,209.05,162855764.0
BHEL,2025-10-31,239.0,265.49,266.49,229.54,212234665.0
BHEL,2025-11-28,265.0,290.85,295.25,255.3,228902996.0
BHEL,2025-12-31,291.1,287.45,295.25,267.7,134973455.0
BHEL,2026-01-30,288.5,262.7,305.9,240.5,334582064.0
BHEL,2026-02-27,253.5,264.95,277.0,249.5,341176828.0
BHEL,2026-03-31,256.05,245.5,270.35,244.0,185001057.0
BHEL,2026-04-30,254.5,352.41,358.1,239.17,409495470.0
BHEL,2026-05-29,352.41,416.75,424.9,352.41,409707732.0
BHEL,2026-06-30,417.0,414.1,423.7,367.6,279044102.0
BHEL,2026-07-31,416.1,407.0,446.5,371.8,355649886.0
BHEL,2026-08-31,409.0,442.65,442.65,400.2,165914654.0
BHEL,2026-09-30,437.25,418.95,439.9,406.0,110229127.0
BOSCHLTD,2023-09-29,19119.0,19019.7,19700.0,18840.0,158366.0
BOSCHLTD,2023-10-31,19060.0,19450.95,20932.1,18600.0,501212.0
BOSCHLTD,2023-11-30,19460.0,21599.55,21850.0,19300.0,557499.0
BOSCHLTD,2023-12-29,21700.0,22203.8,22300.0,21331.0,542978.0
BOSCHLTD,2024-01-31,22301.0,23568.15,24172.05,22101.0,508926.0
BOSCHLTD,2024-02-29,23600.0,28590.85,29300.0,23589.25,930910.0
BOSCHLTD,2024-03-29,28590.85,30031.3,31150.0,28116.0,812409.0
BOSCHLTD,2024-04-30,30050.1,29356.05,31400.15,28538.9,765559.0
BOSCHLTD,2024-05-31,29365.05,30393.75,32229.5,29160.05,2079714.0
BOSCHLTD,2024-06-28,30555.0,34084.4,36678.0,27500.0,966977.0
BOSCHLTD,2024-07-31,34000.05,34978.45,35777.8,33100.0,563043.0
BOSCHLTD,2024-08-30,34853.0,32389.6,35182.8,30900.0,679799.0
BOSCHLTD,2024-09-30,32389.6,37678.9,38179.9,31922.35,1017909.0
BOSCHLTD,2024-10-31,37700.0,35121.6,39088.8,34822.35,602083.0
BOSCHLTD,2024-11-29,35339.0,34966.2,36772.7,32830.5,573006.0
BOSCHLTD,2024-12-31,34720.1,34100.2,36997.35,33539.3,408302.0
BOSCHLTD,2025-01-31,34121.0,28729.15,34919.25,27980.05,612941.0
BOSCHLTD,2025-02-28,28899.0,26544.0,29119.95,26310.75,425231.0
BOSCHLTD,2025-03-31,26544.0,28358.45,28560.0,26005.0,481142.0
BOSCHLTD,2025-04-30,28100.15,29455.0,29685.0,25921.6,406153.0
BOSCHLTD,2025-05-30,29595.0,31415.0,32705.0,29340.0,477247.0
BOSCHLTD,2025-06-30,31450.0,32680.0,32895.0,30945.0,551769.0
BOSCHLTD,2025-07-31,32660.0,40385.0,40490.0,32120.0,1305049.0
BOSCHLTD,2025-08-29,40375.0,39960.0,41290.0,37900.0,774985.0
BOSCHLTD,2025-09-30,40220.0,38145.0,41945.0,37635.0,648821.0
BOSCHLTD,2025-10-31,38145.0,37245.0,39520.0,36800.0,394100.0
BOSCHLTD,2025-11-28,37200.0,36110.0,37950.0,35680.0,439778.0
BOSCHLTD,2025-12-31,36280.0,36040.0,37250.0,34990.0,423674.0
BOSCHLTD,2026-01-30,36040.0,36530.0,39600.0,34610.0,706282.0
BOSCHLTD,2026-02-27,36000.0,36425.0,38620.0,34730.0,409967.0
BOSCHLTD,2026-03-31,35855.0,28745.0,36175.0,28610.0,447441.0
BOSCHLTD,2026-04-30,29445.0,35995.0,38395.0,29120.0,1200596.0
BOSCHLTD,2026-05-29,36150.0,36625.0,38855.0,34825.0,777816.0
BOSCHLTD,2026-06-30,37155.0,39900.0,41385.0,35755.0,994346.0
BOSCHLTD,2026-07-31,39950.0,41085.0,42985.0,39705.0,645285.0
BOSCHLTD,2026-08-31,41325.0,50000.0,50000.0,41000.0,1029611.0
BOSCHLTD,2026-09-30,49400.0,48250.0,49400.0,46410.0,497554.0
CAPLIPOINT,2023-09-29,999.7,1030.85,1049.9,988.8,327306.0
CAPLIPOINT,2023-10-31,1037.9,1025.5,1143.95,954.0,1703788.0
CAPLIPOINT,2023-11-30,1027.0,1255.0,1337.8,1001.1,3730484.0
CAPLIPOINT,2023-12-29,1261.3,1356.15,1429.1,1178.0,2804008.0
CAPLIPOINT,2024-01-31,1368.3,1448.35,1550.0,1341.05,2999193.0
CAPLIPOINT,2024-02-29,1449.0,1483.0,1619.05,1389.85,2701656.0
CAPLIPOINT,2024-03-29,1500.2,1315.35,1540.0,1240.0,2378543.0
CAPLIPOINT,2024-04-30,1349.8,1356.45,1409.9,1253.25,2193256.0
CAPLIPOINT,2024-05-31,1360.45,1290.3,1390.0,1255.7,1617732.0
CAPLIPOINT,2024-06-28,1325.0,1472.6,1543.1,1225.0,3415378.0
CAPLIPOINT,2024-07-31,1472.25,1574.05,1600.95,1408.0,3914172.0
CAPLIPOINT,2024-08-30,1582.35,1905.0,1984.9,1452.0,14340319.0
CAPLIPOINT,2024-09-30,1924.7,1897.95,2158.8,1870.0,7681284.0
CAPLIPOINT,2024-10-31,1900.0,2035.4,2109.95,1780.05,5153046.0
CAPLIPOINT,2024-11-29,2044.95,2196.35,2200.0,1914.55,2515794.0
CAPLIPOINT,2024-12-31,2216.0,2500.65,2641.0,2205.0,5503816.0
CAPLIPOINT,2025-01-31,2515.0,2074.35,2625.95,1785.05,3950720.0
CAPLIPOINT,2025-02-28,2093.95,1822.5,2249.85,1806.05,2742168.0
CAPLIPOINT,2025-03-31,1822.5,1999.8,2085.0,1606.0,3215016.0
CAPLIPOINT,2025-04-30,1994.25,1878.9,2111.2,1599.0,2781627.0
CAPLIPOINT,2025-05-30,1878.9,2152.6,2296.9,1810.0,2936921.0
CAPLIPOINT,2025-06-30,2143.0,2117.6,2190.0,2004.0,2279947.0
CAPLIPOINT,2025-07-31,2115.8,2066.4,2162.4,1954.9,1687108.0
CAPLIPOINT,2025-08-29,2066.3,2098.6,2235.0,1886.0,3146405.0
CAPLIPOINT,2025-09-30,2098.6,1966.1,2395.0,1949.5,2216152.0
CAPLIPOINT,2025-10-31,1973.8,2032.8,2086.9,1960.1,1000708.0
CAPLIPOINT,2025-11-28,2032.8,1910.8,2074.0,1879.2,1164933.0
CAPLIPOINT,2025-12-31,1911.0,1838.1,1992.1,1747.0,1652950.0
CAPLIPOINT,2026-01-30,1840.1,1773.9,1871.0,1672.0,1225822.0
CAPLIPOINT,2026-02-27,1790.1,1700.1,1939.0,1681.1,1387961.0
CAPLIPOINT,2026-03-31,1680.0,1504.8,1710.0,1500.3,1501807.0
CAPLIPOINT,2026-04-30,1565.0,1709.0,1799.8,1508.0,1778174.0
CAPLIPOINT,2026-05-29,1710.5,2024.5,2099.0,1710.5,4691311.0
CAPLIPOINT,2026-06-30,2024.5,2626.0,2675.0,1950.0,5056764.0
CAPLIPOINT,2026-07-31,2652.0,2516.8,2699.0,2435.4,2586583.0
CAPLIPOINT,2026-08-31,2516.8,2517.4,2672.1,2382.5,1928482.0
CAPLIPOINT,2026-09-30,2514.0,2835.1,2990.0,2490.5,6623747.0
CARYSIL,2023-09-29,611.0,620.1,629.5,610.6,221841.0
CARYSIL,2023-10-31,622.0,628.4,698.05,593.05,1813876.0
CARYSIL,2023-11-30,631.0,915.3,942.85,622.1,6264546.0
CARYSIL,2023-12-29,930.0,822.1,980.0,820.0,2194412.0
CARYSIL,2024-01-31,832.0,862.4,898.0,805.05,2420363.0
CARYSIL,2024-02-29,858.0,955.8,1150.95,857.95,4631695.0
CARYSIL,2024-03-29,965.3,981.95,1020.0,871.05,1992796.0
CARYSIL,2024-04-30,1000.0,944.9,1048.0,912.45,1381829.0
CARYSIL,2024-05-31,940.0,798.15,984.9,776.3,1972096.0
CARYSIL,2024-06-28,820.0,841.1,889.95,725.15,1412879.0
CARYSIL,2024-07-31,841.1,778.5,889.85,720.55,2555742.0
CARYSIL,2024-08-30,786.1,899.1,937.7,758.2,2820501.0
CARYSIL,2024-09-30,908.3,799.3,926.95,779.8,1372459.0
CARYSIL,2024-10-31,806.9,804.8,845.05,725.0,1401395.0
CARYSIL,2024-11-29,812.45,762.35,830.0,735.5,1216453.0
CARYSIL,2024-12-31,759.0,750.2,828.95,742.6,1259797.0
CARYSIL,2025-01-31,753.0,691.1,771.9,660.0,1180445.0
CARYSIL,2025-02-28,688.5,515.2,720.85,482.3,1881424.0
CARYSIL,2025-03-31,525.35,623.75,715.0,486.25,6010485.0
CARYSIL,2025-04-30,616.15,606.65,692.8,512.0,2706396.0
CARYSIL,2025-05-30,602.1,827.9,839.0,584.0,4836874.0
CARYSIL,2025-06-30,869.45,869.85,947.0,840.0,3213589.0
CARYSIL,2025-07-31,874.0,886.65,932.9,815.05,2223187.0
CARYSIL,2025-08-29,885.0,859.75,928.95,768.0,3299871.0
CARYSIL,2025-09-30,859.75,842.45,989.95,768.0,4689448.0
CARYSIL,2025-10-31,843.3,935.45,962.0,835.9,2098670.0
CARYSIL,2025-11-28,939.85,1012.85,1071.9,914.0,4228114.0
CARYSIL,2025-12-31,1016.4,898.7,1066.0,858.2,1386948.0
CARYSIL,2026-01-30,895.0,794.35,938.9,732.1,1375346.0
CARYSIL,2026-02-27,790.3,895.7,1045.0,750.0,2858409.0
CARYSIL,2026-03-31,851.1,753.4,893.35,745.5,1638816.0
CARYSIL,2026-04-30,762.0,902.9,941.0,757.2,1974559.0
CARYSIL,2026-05-29,902.9,1077.55,1143.85,878.15,3868739.0
CARYSIL,2026-06-30,1079.9,1198.2,1247.9,1039.2,3680731.0
CARYSIL,2026-07-31,1204.9,1175.3,1280.9,1083.1,2797896.0
CARYSIL,2026-08-31,1170.1,1128.5,1273.0,1095.1,2358605.0
CARYSIL,2026-09-30,1133.2,1064.4,1211.0,1035.5,1651693.0
CGPOWER,2023-09-29,441.7,442.2,448.6,431.4,6171287.0
CGPOWER,2023-10-31,442.2,390.1,446.9,359.2,39761897.0
CGPOWER,2023-11-30,390.1,449.4,503.45,370.95,85618002.0
CGPOWER,2023-12-29,453.9,454.4,476.3,436.05,41840866.0
CGPOWER,2024-01-31,458.7,468.55,488.0,414.3,52433739.0
CGPOWER,2024-02-29,468.0,443.25,468.0,420.25,49538889.0
CGPOWER,2024-03-29,480.5,540.9,556.4,449.4,116241969.0
CGPOWER,2024-04-30,546.05,553.95,565.5,479.25,61732932.0
CGPOWER,2024-05-31,553.6,643.45,669.0,530.65,97906349.0
CGPOWER,2024-06-28,700.0,704.7,735.0,549.0,72499717.0
CGPOWER,2024-07-31,708.0,736.0,783.75,645.0,68314843.0
CGPOWER,2024-08-30,740.0,696.1,764.9,665.55,42564370.0
CGPOWER,2024-09-30,699.0,759.05,814.4,658.75,59341502.0
CGPOWER,2024-10-31,763.05,704.4,874.7,698.25,94474621.0
CGPOWER,2024-11-29,715.0,732.25,771.0,681.1,41505923.0
CGPOWER,2024-12-31,736.6,728.0,811.4,709.2,48893184.0
CGPOWER,2025-01-31,727.0,634.85,753.7,517.75,109345201.0
CGPOWER,2025-02-28,639.0,572.6,647.0,537.1,70330087.0
CGPOWER,2025-03-31,570.1,638.5,669.8,548.15,71273436.0
CGPOWER,2025-04-30,636.65,626.8,663.15,517.7,51879177.0
CGPOWER,2025-05-30,622.0,686.7,708.9,578.0,60554451.0
CGPOWER,2025-06-30,686.75,682.15,703.45,650.0,47103254.0
CGPOWER,2025-07-31,689.15,661.7,695.5,645.5,69990999.0
CGPOWER,2025-08-29,662.05,694.3,699.75,646.0,61989284.0
CGPOWER,2025-09-30,710.0,740.95,797.55,703.5,89139531.0
CGPOWER,2025-10-31,740.0,736.65,768.5,717.4,45936447.0
CGPOWER,2025-11-28,733.0,672.9,757.1,669.1,48036932.0
CGPOWER,2025-12-31,672.9,647.9,691.2,634.65,42425729.0
CGPOWER,2026-01-30,650.0,584.05,661.0,525.5,115180478.0
CGPOWER,2026-02-27,600.45,725.2,733.7,586.4,64745015.0
CGPOWER,2026-03-31,688.95,655.05,749.0,642.8,59184410.0
CGPOWER,2026-04-30,673.0,813.35,846.9,655.6,62452583.0
CGPOWER,2026-05-29,813.35,917.45,944.1,794.1,88562997.0
CGPOWER,2026-06-30,928.95,952.15,969.9,883.05,86009836.0
CGPOWER,2026-07-31,958.0,863.4,980.9,814.85,123585337.0
CGPOWER,2026-08-31,865.55,916.0,916.0,826.1,51022950.0
CGPOWER,2026-09-30,901.95,886.0,931.0,838.55,43387900.0
CRAFTSMAN,2023-09-29,4764.4,4635.45,4821.0,4612.1,153057.0
CRAFTSMAN,2023-10-31,4624.75,4868.8,5037.75,4214.35,907188.0
CRAFTSMAN,2023-11-30,4868.8,5049.75,5419.0,4741.0,832317.0
CRAFTSMAN,2023-12-29,5085.5,5406.25,5513.65,4998.5,603645.0
CRAFTSMAN,2024-01-31,5406.25,4376.3,5441.45,4341.05,972009.0
CRAFTSMAN,2024-02-29,4377.0,4188.85,4581.0,4028.05,963075.0
CRAFTSMAN,2024-03-29,4274.95,4314.9,4447.0,3782.05,829375.0
CRAFTSMAN,2024-04-30,4379.55,4426.4,4754.7,4250.0,961582.0
CRAFTSMAN,2024-05-31,4460.0,4231.1,4487.4,4111.0,776536.0
CRAFTSMAN,2024-06-28,4284.95,5541.55,5690.0,4080.2,4162064.0
CRAFTSMAN,2024-07-31,5604.95,5589.5,5840.0,4997.95,1225854.0
CRAFTSMAN,2024-08-30,5594.95,6038.9,6679.65,5091.05,1758592.0
CRAFTSMAN,2024-09-30,6124.35,6474.6,7121.25,5785.0,2169675.0
CRAFTSMAN,2024-10-31,6473.25,5099.15,6618.95,4833.0,914972.0
CRAFTSMAN,2024-11-29,5164.05,5099.3,5398.2,4602.4,749249.0
CRAFTSMAN,2024-12-31,5107.75,5385.1,5894.7,4842.0,1662664.0
CRAFTSMAN,2025-01-31,5429.0,4177.2,5429.0,4035.95,1409539.0
CRAFTSMAN,2025-02-28,4184.05,4501.85,4710.0,3864.0,1307614.0
CRAFTSMAN,2025-03-31,4381.2,4877.3,5247.95,4273.55,1181804.0
CRAFTSMAN,2025-04-30,4904.95,4605.3,4955.0,3700.0,455320.0
CRAFTSMAN,2025-05-30,4550.1,5604.4,5842.3,4419.9,1661139.0
CRAFTSMAN,2025-06-30,5632.0,5570.5,5749.5,5100.0,1142860.0
CRAFTSMAN,2025-07-31,5597.0,6752.0,7067.0,5523.0,2009307.0
CRAFTSMAN,2025-08-29,6674.0,6912.5,7254.5,6255.0,919176.0
CRAFTSMAN,2025-09-30,6955.0,6793.5,7200.0,6525.5,435848.0
CRAFTSMAN,2025-10-31,6795.0,6680.0,6875.5,6324.0,673786.0
CRAFTSMAN,2025-11-28,6780.0,7024.5,7378.5,6530.0,1664411.0
CRAFTSMAN,2025-12-31,7053.0,7689.5,7837.0,6723.0,1254497.0
CRAFTSMAN,2026-01-30,7600.0,7317.0,8069.0,7123.5,997384.0
CRAFTSMAN,2026-02-27,7250.0,7526.0,8220.0,7080.0,885994.0
CRAFTSMAN,2026-03-31,7250.0,6977.0,7700.0,6451.5,802146.0
CRAFTSMAN,2026-04-30,7140.5,7688.0,7933.0,6665.0,620828.0
CRAFTSMAN,2026-05-29,7795.0,9074.0,9738.0,7612.5,5448609.0
CRAFTSMAN,2026-06-30,9178.0,9460.0,9938.0,8589.0,2143885.0
CRAFTSMAN,2026-07-31,9500.0,9873.5,10275.0,8955.5,1505473.0
CRAFTSMAN,2026-08-31,9934.5,11198.5,11500.0,9922.5,971706.0
CRAFTSMAN,2026-09-30,11221.0,10735.0,11999.0,10509.0,1081212.0
CUB,2023-09-29,97.5,95.03,97.8,93.75,20743992.0
CUB,2023-10-31,95.21,103.57,107.62,93.11,184274095.0
CUB,2023-11-30,103.54,109.76,114.75,102.53,108308549.0
CUB,2023-12-29,111.15,111.75,125.85,109.28,140976141.0
CUB,2024-01-31,112.43,108.68,116.18,102.56,86637991.0
CUB,2024-02-29,109.24,101.36,109.39,97.57,161415014.0
CUB,2024-03-29,101.78,101.36,105.19,94.05,69810583.0
CUB,2024-04-30,102.38,120.53,122.81,102.22,143134542.0
CUB,2024-05-31,121.43,107.32,122.55,105.86,97338287.0
CUB,2024-06-28,111.3,125.31,128.87,97.8,188204308.0
CUB,2024-07-31,126.0,129.2,131.1,114.01,119731677.0
CUB,2024-08-30,129.0,128.02,132.62,117.94,75601038.0
CUB,2024-09-30,129.6,122.95,130.75,122.1,74105558.0
CUB,2024-10-31,123.56,131.8,134.46,112.65,270986657.0
CUB,2024-11-29,132.6,134.65,136.68,125.04,82450211.0
CUB,2024-12-31,134.65,129.25,140.93,127.69,60411358.0
CUB,2025-01-31,129.0,130.29,133.07,120.87,48413961.0
CUB,2025-02-28,133.5,110.85,135.68,108.01,90398095.0
CUB,2025-03-31,111.08,117.89,122.7,107.18,53166941.0
CUB,2025-04-30,117.89,132.42,138.96,112.16,65595767.0
CUB,2025-05-30,131.51,146.77,148.35,129.01,63844939.0
CUB,2025-06-30,146.25,164.03,165.75,140.29,63151843.0
CUB,2025-07-31,161.25,160.71,174.41,150.23,60539381.0
CUB,2025-08-29,162.3,147.04,168.38,146.37,48326324.0
CUB,2025-09-30,145.62,160.3,160.5,145.12,59013584.0
CUB,2025-10-31,159.75,171.5,180.45,156.98,58397974.0
CUB,2025-11-28,171.11,203.31,212.32,170.34,152406962.0
CUB,2025-12-31,204.3,218.1,226.65,194.36,76051559.0
CUB,2026-01-30,216.98,226.31,228.52,195.75,58843051.0
CUB,2026-02-27,213.07,212.29,243.07,201.15,46113699.0
CUB,2026-03-31,203.25,179.89,210.56,169.84,76953557.0
CUB,2026-04-30,187.5,202.57,220.13,172.47,106835516.0
CUB,2026-05-29,202.57,191.59,211.88,181.76,50708075.0
CUB,2026-06-30,192.82,208.6,209.5,179.25,70074923.0
CUB,2026-07-31,208.0,206.5,245.38,205.51,85381173.0
CUB,2026-08-31,208.5,229.19,230.92,200.74,58123348.0
CUB,2026-09-30,228.01,225.57,248.85,216.42,39556426.0
DATAPATTNS,2023-09-29,2070.0,2101.2,2114.75,2051.0,483251.0
DATAPATTNS,2023-10-31,2102.95,1867.4,2135.95,1735.0,2181867.0
DATAPATTNS,2023-11-30,1878.95,2012.7,2031.35,1815.0,3001005.0
DATAPATTNS,2023-12-29,2025.0,1861.2,2111.2,1855.0,2393298.0
DATAPATTNS,2024-01-31,1862.0,1905.5,2007.8,1811.1,3468848.0
DATAPATTNS,2024-02-29,2050.0,2484.35,2679.95,1751.0,14364358.0
DATAPATTNS,2024-03-29,2495.05,2422.0,3080.0,2101.0,7958072.0
DATAPATTNS,2024-04-30,2469.0,2969.95,3208.95,2464.65,12326172.0
DATAPATTNS,2024-05-31,2975.0,2962.4,3443.9,2714.6,11241579.0
DATAPATTNS,2024-06-28,3098.0,3001.4,3158.0,2379.35,12090638.0
DATAPATTNS,2024-07-31,3001.05,3188.4,3655.0,2900.05,19990230.0
DATAPATTNS,2024-08-30,3198.4,2804.35,3228.15,2735.0,4907870.0
DATAPATTNS,2024-09-30,2802.0,2315.7,2834.0,2297.1,4426799.0
DATAPATTNS,2024-10-31,2320.0,2419.85,2548.0,2116.5,8078590.0
DATAPATTNS,2024-11-29,2440.0,2503.4,2574.65,2145.05,4438000.0
DATAPATTNS,2024-12-31,2499.0,2470.7,2702.0,2380.0,4293401.0
DATAPATTNS,2025-01-31,2470.6,2207.4,2542.0,1891.35,3016872.0
DATAPATTNS,2025-02-28,2221.05,1437.75,2333.0,1405.4,14014967.0
DATAPATTNS,2025-03-31,1438.0,1689.95,1819.95,1351.15,53108634.0
DATAPATTNS,2025-04-30,1679.8,2486.6,2647.0,1392.25,35528555.0
DATAPATTNS,2025-05-30,2480.0,2848.2,3141.7,2121.0,30396542.0
DATAPATTNS,2025-06-30,2850.0,2900.7,3268.8,2775.0,19755593.0
DATAPATTNS,2025-07-31,2900.0,2640.9,3038.0,2520.0,5190559.0
DATAPATTNS,2025-08-29,2640.0,2402.8,2735.0,2351.0,5299367.0
DATAPATTNS,2025-09-30,2407.0,2549.4,2925.0,2407.0,6705307.0
DATAPATTNS,2025-10-31,2559.9,2744.0,2891.5,2533.4,7011790.0
DATAPATTNS,2025-11-28,2744.0,2970.8,3215.0,2545.0,18249041.0
DATAPATTNS,2025-12-31,2987.0,2626.6,3025.0,2435.5,7234664.0
DATAPATTNS,2026-01-30,2623.0,2671.8,2774.0,2131.0,12381310.0
DATAPATTNS,2026-02-27,2495.0,3210.2,3309.9,2453.0,18896215.0
DATAPATTNS,2026-03-31,3120.0,3035.3,3609.5,3012.6,22945325.0
DATAPATTNS,2026-04-30,3140.0,4081.7,4295.0,2900.1,30525703.0
DATAPATTNS,2026-05-29,4081.7,4043.1,4303.0,3565.6,20349636.0
DATAPATTNS,2026-06-30,4063.3,4501.8,4955.9,3801.0,28878251.0
DATAPATTNS,2026-07-31,4519.7,4281.0,4831.7,3899.0,23723103.0
DATAPATTNS,2026-08-31,4300.7,4521.5,5000.0,4236.1,17707643.0
DATAPATTNS,2026-09-30,4525.0,4418.8,4999.9,4140.0,11758431.0
DEEPAKNTR,2023-09-29,2126.75,2120.45,2157.0,2082.2,1119842.0
DEEPAKNTR,2023-10-31,2091.0,1986.75,2167.85,1921.85,5257449.0
DEEPAKNTR,2023-11-30,1988.0,2196.1,2239.8,1955.05,6722501.0
DEEPAKNTR,2023-12-29,2209.0,2481.2,2502.0,2179.4,12735139.0
DEEPAKNTR,2024-01-31,2488.0,2305.9,2521.15,2208.05,5739700.0
DEEPAKNTR,2024-02-29,2350.0,2212.85,2378.0,2163.0,5851422.0
DEEPAKNTR,2024-03-29,2206.15,2125.5,2250.0,2035.1,3562790.0
DEEPAKNTR,2024-04-30,2131.95,2430.55,2535.0,2120.0,9253040.0
DEEPAKNTR,2024-05-31,2430.55,2191.3,2619.8,2165.0,9501802.0
DEEPAKNTR,2024-06-28,2280.0,2501.95,2646.0,2021.0,8156836.0
DEEPAKNTR,2024-07-31,2520.0,3092.3,3122.05,2510.0,11925256.0
DEEPAKNTR,2024-08-30,3083.05,2911.05,3169.0,2783.45,10873840.0
DEEPAKNTR,2024-09-30,2926.45,2907.1,3023.8,2782.0,5335675.0
DEEPAKNTR,2024-10-31,2909.4,2636.3,3011.15,2611.1,6713700.0
DEEPAKNTR,2024-11-29,2664.0,2727.25,2885.1,2453.0,5986627.0
DEEPAKNTR,2024-12-31,2749.0,2494.3,2778.0,2490.0,5044000.0
DEEPAKNTR,2025-01-31,2500.0,2325.6,2527.35,2177.9,3871043.0
DEEPAKNTR,2025-02-28,2350.0,1851.3,2399.95,1809.95,12549814.0
DEEPAKNTR,2025-03-31,1855.0,1983.6,2113.9,1790.8,4026657.0
DEEPAKNTR,2025-04-30,1974.6,1935.6,2067.4,1782.0,4574699.0
DEEPAKNTR,2025-05-30,1935.9,2027.3,2174.0,1845.0,7395939.0
DEEPAKNTR,2025-06-30,2025.0,1987.1,2036.2,1865.0,4109042.0
DEEPAKNTR,2025-07-31,1990.1,1840.4,2012.0,1835.0,2622103.0
DEEPAKNTR,2025-08-29,1835.0,1787.9,1877.0,1775.0,2642565.0
DEEPAKNTR,2025-09-30,1800.0,1835.1,1904.4,1733.9,6457292.0
DEEPAKNTR,2025-10-31,1835.1,1728.4,1859.5,1725.0,2168603.0
DEEPAKNTR,2025-11-28,1728.9,1558.6,1770.0,1555.0,2380965.0
DEEPAKNTR,2025-12-31,1564.9,1731.7,1800.0,1514.0,4164486.0
DEEPAKNTR,2026-01-30,1731.7,1642.5,1737.5,1521.0,3491396.0
DEEPAKNTR,2026-02-27,1590.1,1580.7,1738.8,1564.2,1929441.0
DEEPAKNTR,2026-03-31,1512.0,1286.8,1569.0,1280.0,3778630.0
DEEPAKNTR,2026-04-30,1329.9,1736.9,1780.0,1302.5,4943641.0
DEEPAKNTR,2026-05-29,1749.9,1682.0,1897.9,1656.3,4298928.0
DEEPAKNTR,2026-06-30,1675.0,1546.4,1718.8,1541.1,2445720.0
DEEPAKNTR,2026-07-31,1556.4,1662.2,1764.0,1534.0,4171589.0
DEEPAKNTR,2026-08-31,1667.0,1749.4,1851.0,1656.1,12020190.0
DEEPAKNTR,2026-09-30,1751.6,1587.1,1820.0,1546.2,5340930.0
DYNAMATECH,2023-09-29,4283.5,4074.45,4373.95,3957.05,98689.0
DYNAMATECH,2023-10-31,4093.0,4012.55,4750.0,3775.05,369944.0
DYNAMATECH,2023-11-30,4025.85,4329.4,4438.75,3930.0,182327.0
DYNAMATECH,2023-12-29,4343.55,5112.8,5289.9,4219.95,602248.0
DYNAMATECH,2024-01-31,5102.0,6399.15,6781.9,5060.1,433128.0
DYNAMATECH,2024-02-29,6463.75,7131.85,7780.0,6199.0,542334.0
DYNAMATECH,2024-03-29,7238.85,7457.1,7780.0,6074.0,425944.0
DYNAMATECH,2024-04-30,7659.95,8275.45,9082.9,7580.0,468832.0
DYNAMATECH,2024-05-31,8310.55,7790.1,8683.5,7145.85,380994.0
DYNAMATECH,2024-06-28,7990.0,7346.25,8049.9,6176.25,265762.0
DYNAMATECH,2024-07-31,7346.25,7103.2,7570.0,6575.0,294264.0
DYNAMATECH,2024-08-30,7209.75,7977.85,8075.0,6400.0,542605.0
DYNAMATECH,2024-09-30,8041.0,7966.55,8261.4,7330.0,375060.0
DYNAMATECH,2024-10-31,8000.0,7521.15,8356.9,6785.1,298510.0
DYNAMATECH,2024-11-29,7585.05,7713.75,7790.0,6700.0,200129.0
DYNAMATECH,2024-12-31,7713.75,8461.35,8937.0,7701.0,351370.0
DYNAMATECH,2025-01-31,8401.0,7012.4,8639.9,6528.0,246436.0
DYNAMATECH,2025-02-28,7009.0,6775.95,7359.65,6001.5,178530.0
DYNAMATECH,2025-03-31,6721.0,6212.7,6834.0,5710.0,246173.0
DYNAMATECH,2025-04-30,6212.0,6326.0,6833.0,5444.15,208781.0
DYNAMATECH,2025-05-30,6300.0,6854.0,7239.0,6120.0,217827.0
DYNAMATECH,2025-06-30,6840.0,7190.0,7548.5,6691.0,367761.0
DYNAMATECH,2025-07-31,7190.0,6620.0,7465.0,6550.5,187988.0
DYNAMATECH,2025-08-29,6692.0,6429.5,6858.0,6320.0,116606.0
DYNAMATECH,2025-09-30,6430.0,6847.0,7545.0,6422.0,198105.0
DYNAMATECH,2025-10-31,6942.0,7916.0,8259.0,6765.0,964368.0
DYNAMATECH,2025-11-28,7968.0,9247.5,9876.0,7875.5,702737.0
DYNAMATECH,2025-12-31,9267.0,9372.0,10039.5,8360.5,841041.0
DYNAMATECH,2026-01-30,9404.0,8798.0,9675.5,7673.0,455824.0
DYNAMATECH,2026-02-27,8382.0,10030.0,10913.0,8080.0,647960.0
DYNAMATECH,2026-03-31,9700.0,9010.0,10950.0,8773.0,543130.0
DYNAMATECH,2026-04-30,9240.0,11568.0,12681.0,9094.5,632535.0
DYNAMATECH,2026-05-29,11750.0,11122.0,12875.0,9950.0,599454.0
DYNAMATECH,2026-06-30,11245.0,10393.0,11250.0,9769.0,329762.0
DYNAMATECH,2026-07-31,10470.0,10339.0,11149.0,10057.0,237219.0
DYNAMATECH,2026-08-31,10356.0,11966.0,12275.0,10356.0,455253.0
DYNAMATECH,2026-09-30,11981.0,13153.0,13287.0,11215.0,388050.0
ELGIEQUIP,2023-09-29,511.65,511.0,519.65,493.25,958414.0
ELGIEQUIP,2023-10-31,510.0,505.35,517.0,466.8,4799801.0
ELGIEQUIP,2023-11-30,505.35,531.15,540.9,497.0,5247050.0
ELGIEQUIP,2023-12-29,535.0,544.55,554.0,503.1,5506520.0
ELGIEQUIP,2024-01-31,547.25,614.9,617.0,524.0,7096982.0
ELGIEQUIP,2024-02-29,611.8,652.05,703.95,582.3,12256181.0
ELGIEQUIP,2024-03-29,653.45,601.7,714.2,576.55,7312992.0
ELGIEQUIP,2024-04-30,609.9,650.95,669.0,584.7,10249864.0
ELGIEQUIP,2024-05-31,654.25,610.7,672.9,588.1,7102188.0
ELGIEQUIP,2024-06-28,632.0,718.45,798.95,540.15,12073327.0
ELGIEQUIP,2024-07-31,718.45,692.8,762.2,651.0,6887451.0
ELGIEQUIP,2024-08-30,698.85,694.4,738.0,591.55,11705135.0
ELGIEQUIP,2024-09-30,700.0,679.7,752.95,662.6,5892368.0
ELGIEQUIP,2024-10-31,672.0,662.55,698.9,588.05,4816011.0
ELGIEQUIP,2024-11-29,662.55,639.85,673.9,546.8,10165784.0
ELGIEQUIP,2024-12-31,647.0,579.8,669.0,560.0,2860750.0
ELGIEQUIP,2025-01-31,579.8,540.9,588.9,512.85,4481066.0
ELGIEQUIP,2025-02-28,540.9,428.1,575.0,426.25,6445665.0
ELGIEQUIP,2025-03-31,429.35,481.7,526.65,412.4,31340265.0
ELGIEQUIP,2025-04-30,485.7,445.45,490.2,401.0,14181402.0
ELGIEQUIP,2025-05-30,444.0,535.2,548.4,433.55,14871011.0
ELGIEQUIP,2025-06-30,540.0,536.45,563.55,504.8,18374534.0
ELGIEQUIP,2025-07-31,539.75,568.35,608.4,527.35,27228387.0
ELGIEQUIP,2025-08-29,569.3,471.85,588.7,469.85,6081180.0
ELGIEQUIP,2025-09-30,475.7,482.2,513.3,463.35,11679903.0
ELGIEQUIP,2025-10-31,482.0,497.4,509.9,458.5,7132005.0
ELGIEQUIP,2025-11-28,500.9,510.5,534.4,469.6,22150063.0
ELGIEQUIP,2025-12-31,510.0,473.75,515.0,451.35,10060752.0
ELGIEQUIP,2026-01-30,474.35,431.2,486.65,408.25,7630798.0
ELGIEQUIP,2026-02-27,435.1,534.75,552.5,424.4,18980563.0
ELGIEQUIP,2026-03-31,517.1,467.15,527.0,455.0,8866770.0
ELGIEQUIP,2026-04-30,479.0,553.5,574.7,460.1,10623388.0
ELGIEQUIP,2026-05-29,553.5,573.45,633.85,508.0,13294601.0
ELGIEQUIP,2026-06-30,580.0,598.1,631.7,568.5,11425280.0
ELGIEQUIP,2026-07-31,602.5,569.65,615.95,565.4,5962297.0
ELGIEQUIP,2026-08-31,570.05,627.35,644.0,569.45,17317873.0
ELGIEQUIP,2026-09-30,624.0,603.0,653.4,585.0,7415823.0
EXIDEIND,2023-09-29,256.2,260.6,262.9,253.6,6587479.0
EXIDEIND,2023-10-31,261.7,255.4,274.0,241.7,40239756.0
EXIDEIND,2023-11-30,255.1,284.75,287.45,252.0,50803119.0
EXIDEIND,2023-12-29,285.9,317.85,324.25,278.5,70889340.0
EXIDEIND,2024-01-31,319.85,334.95,341.8,307.45,79250209.0
EXIDEIND,2024-02-29,337.5,320.3,354.0,316.05,51622988.0
EXIDEIND,2024-03-29,322.0,304.55,332.3,290.35,38142423.0
EXIDEIND,2024-04-30,305.0,472.4,481.7,305.0,444113389.0
EXIDEIND,2024-05-31,477.8,488.25,517.4,435.0,147235171.0
EXIDEIND,2024-06-28,512.7,564.5,620.35,429.2,180616249.0
EXIDEIND,2024-07-31,567.25,523.3,585.5,520.5,92787595.0
EXIDEIND,2024-08-30,525.9,492.9,528.35,479.8,65257330.0
EXIDEIND,2024-09-30,493.0,502.55,505.3,454.05,66740918.0
EXIDEIND,2024-10-31,507.5,455.45,534.4,444.65,114894778.0
EXIDEIND,2024-11-29,458.85,452.6,463.45,411.0,75205279.0
EXIDEIND,2024-12-31,456.7,416.55,472.5,408.5,57098223.0
EXIDEIND,2025-01-31,421.0,374.5,431.6,336.65,60410197.0
EXIDEIND,2025-02-28,378.7,347.8,390.95,345.35,49921936.0
EXIDEIND,2025-03-31,347.8,360.45,374.7,330.85,46186753.0
EXIDEIND,2025-04-30,358.65,351.75,388.6,328.0,54461924.0
EXIDEIND,2025-05-30,350.0,386.85,397.2,348.0,48022195.0
EXIDEIND,2025-06-30,385.0,387.75,410.0,370.1,51456517.0
EXIDEIND,2025-07-31,388.6,384.3,398.0,376.1,38715422.0
EXIDEIND,2025-08-29,384.3,396.25,403.6,370.75,73907939.0
EXIDEIND,2025-09-30,398.2,390.75,431.0,385.75,52859648.0
EXIDEIND,2025-10-31,391.9,381.9,409.0,377.6,41570393.0
EXIDEIND,2025-11-28,382.0,374.8,386.8,360.1,32933352.0
EXIDEIND,2025-12-31,375.6,362.2,381.75,357.2,26072693.0
EXIDEIND,2026-01-30,363.0,321.6,375.7,312.9,31445690.0
EXIDEIND,2026-02-27,318.0,334.3,345.9,308.45,35146894.0
EXIDEIND,2026-03-31,315.35,287.9,329.9,287.0,29902508.0
EXIDEIND,2026-04-30,294.2,360.55,370.3,289.7,65763077.0
EXIDEIND,2026-05-29,360.55,386.5,397.55,333.5,95969859.0
EXIDEIND,2026-06-30,390.45,387.6,410.5,377.7,61133167.0
EXIDEIND,2026-07-31,389.4,449.8,461.4,385.8,155872844.0
EXIDEIND,2026-08-31,449.95,440.25,496.4,435.15,72139928.0
EXIDEIND,2026-09-30,439.1,423.65,444.7,405.1,39459177.0
FCL,2023-09-29,31.24,32.0,32.49,31.13,11416000.0
FCL,2023-10-31,32.14,29.77,33.69,28.16,64253700.0
FCL,2023-11-30,29.8,36.25,37.68,29.3,143490230.0
FCL,2023-12-29,36.4,36.13,39.19,33.0,121249220.0
FCL,2024-01-31,36.38,34.07,37.4,31.71,67457650.0
FCL,2024-02-29,34.3,42.81,45.88,32.02,279731540.0
FCL,2024-03-29,43.41,36.79,44.56,33.46,132770220.0
FCL,2024-04-30,36.92,37.81,41.12,35.91,77628280.0
FCL,2024-05-31,38.28,35.4,38.4,34.03,68114590.0
FCL,2024-06-28,36.6,38.31,40.49,30.38,86012400.0
FCL,2024-07-31,38.33,38.16,40.15,34.58,56220480.0
FCL,2024-08-30,38.21,37.06,39.7,34.67,63816220.0
FCL,2024-09-30,37.4,40.53,42.53,35.71,176013230.0
FCL,2024-10-31,40.7,37.43,43.9,35.56,104569810.0
FCL,2024-11-29,37.37,35.2,38.39,32.13,34529230.0
FCL,2024-12-31,35.14,33.02,36.25,32.28,32174320.0
FCL,2025-01-31,33.15,32.48,35.4,27.8,93628480.0
FCL,2025-02-28,32.8,22.84,32.9,22.45,124890500.0
FCL,2025-03-31,23.0,22.98,24.97,21.31,102429110.0
FCL,2025-04-30,23.33,23.77,25.48,20.7,59881730.0
FCL,2025-05-30,23.92,23.86,26.98,22.16,81356200.0
FCL,2025-06-30,23.88,27.97,29.07,23.66,238363920.0
FCL,2025-07-31,28.04,26.08,28.7,25.66,61452680.0
FCL,2025-08-29,26.14,23.84,26.5,22.6,50125120.0
FCL,2025-09-30,23.84,24.95,27.08,23.1,622720810.0
FCL,2025-10-31,24.92,29.83,29.83,23.56,101847983.0
FCL,2025-11-28,28.9,25.17,35.79,23.95,148794076.0
FCL,2025-12-31,25.49,24.66,26.04,23.85,55549988.0
FCL,2026-01-30,24.66,22.32,24.81,20.95,37003990.0
FCL,2026-02-27,22.27,23.61,25.92,21.31,43584003.0
FCL,2026-03-31,22.55,19.24,23.37,19.1,37000913.0
FCL,2026-04-30,20.73,22.98,24.3,19.75,72056824.0
FCL,2026-05-29,22.98,39.99,41.25,22.65,887872947.0
FCL,2026-06-30,40.35,38.8,47.18,36.66,391244639.0
FCL,2026-07-31,39.19,39.32,43.4,35.13,283336570.0
FCL,2026-08-31,39.74,50.79,52.21,38.25,297671417.0
FCL,2026-09-30,51.0,60.48,62.4,48.0,482229359.0
FEDERALBNK,2023-09-29,145.9,147.2,151.5,144.15,87736780.0
FEDERALBNK,2023-10-31,147.5,140.65,152.6,137.25,283542748.0
FEDERALBNK,2023-11-30,140.6,147.35,155.2,139.65,222033296.0
FEDERALBNK,2023-12-29,148.75,156.15,159.3,148.0,240104078.0
FEDERALBNK,2024-01-31,156.2,147.3,157.2,139.4,333473886.0
FEDERALBNK,2024-02-29,148.15,150.4,166.35,143.35,361380342.0
FEDERALBNK,2024-03-29,151.4,150.2,158.55,139.65,242629418.0
FEDERALBNK,2024-04-30,152.0,162.6,164.65,148.5,316749270.0
FEDERALBNK,2024-05-31,169.5,162.05,170.3,156.35,304910747.0
FEDERALBNK,2024-06-28,165.25,177.25,179.73,148.0,300115126.0
FEDERALBNK,2024-07-31,177.3,201.39,205.15,173.91,420914008.0
FEDERALBNK,2024-08-30,202.0,194.7,206.59,190.26,186416142.0
FEDERALBNK,2024-09-30,197.5,196.73,197.7,181.73,188611253.0
FEDERALBNK,2024-10-31,198.5,203.91,205.66,182.0,323005629.0
FEDERALBNK,2024-11-29,204.25,210.78,214.44,195.04,228043917.0
FEDERALBNK,2024-12-31,210.78,200.02,217.0,190.55,189060593.0
FEDERALBNK,2025-01-31,200.4,187.21,207.23,178.09,205672085.0
FEDERALBNK,2025-02-28,188.24,177.62,189.52,175.01,114854814.0
FEDERALBNK,2025-03-31,177.81,192.73,200.0,172.66,138436876.0
FEDERALBNK,2025-04-30,191.72,196.68,205.5,186.51,185389895.0
FEDERALBNK,2025-05-30,195.93,202.06,204.59,183.15,177043421.0
FEDERALBNK,2025-06-30,202.2,213.12,214.45,201.71,226251485.0
FEDERALBNK,2025-07-31,214.35,202.43,220.0,201.14,152979275.0
FEDERALBNK,2025-08-29,202.68,191.71,202.92,185.11,150063331.0
FEDERALBNK,2025-09-30,191.71,192.93,200.47,188.4,112434839.0
FEDERALBNK,2025-10-31,193.0,236.61,237.5,191.6,273998720.0
FEDERALBNK,2025-11-28,236.62,257.92,258.8,232.42,165953039.0
FEDERALBNK,2025-12-31,259.7,267.1,271.1,255.35,173250770.0
FEDERALBNK,2026-01-30,267.65,287.75,289.6,242.3,269820575.0
FEDERALBNK,2026-02-27,284.8,299.85,302.0,276.0,134698665.0
FEDERALBNK,2026-03-31,290.0,259.4,299.35,253.3,187700333.0
FEDERALBNK,2026-04-30,266.45,286.95,301.7,256.5,169029748.0
FEDERALBNK,2026-05-29,286.95,288.95,298.45,277.1,380960583.0
FEDERALBNK,2026-06-30,290.0,330.05,331.8,284.85,195267390.0
FEDERALBNK,2026-07-31,329.0,358.85,359.9,323.0,163169199.0
FEDERALBNK,2026-08-31,359.45,356.7,371.7,341.55,99194886.0
FEDERALBNK,2026-09-30,350.0,322.0,356.95,319.5,94501817.0
FINCABLES,2023-09-29,1083.35,1121.0,1219.0,1083.35,4860333.0
FINCABLES,2023-10-31,1129.95,896.55,1136.3,841.2,13045247.0
FINCABLES,2023-11-30,895.1,966.4,985.85,883.35,10745246.0
FINCABLES,2023-12-29,978.0,1069.15,1157.95,972.0,9014019.0
FINCABLES,2024-01-31,1055.0,1100.2,1124.0,1021.05,4363323.0
FINCABLES,2024-02-29,1103.95,920.8,1183.0,915.35,4650817.0
FINCABLES,2024-03-29,927.85,1001.0,1008.9,831.25,8486378.0
FINCABLES,2024-04-30,1003.0,1053.25,1070.0,960.6,4490785.0
FINCABLES,2024-05-31,1070.75,1435.4,1506.9,994.15,26357929.0
FINCABLES,2024-06-28,1500.0,1559.4,1700.0,1300.05,5884948.0
FINCABLES,2024-07-31,1582.85,1533.15,1697.95,1441.15,3633179.0
FINCABLES,2024-08-30,1540.0,1452.25,1548.85,1420.25,4269110.0
FINCABLES,2024-09-30,1452.25,1412.5,1559.0,1369.15,6716692.0
FINCABLES,2024-10-31,1423.9,1223.5,1445.0,1174.55,4503634.0
FINCABLES,2024-11-29,1239.9,1149.85,1269.2,1086.05,2286705.0
FINCABLES,2024-12-31,1153.15,1182.0,1342.75,1131.5,12836576.0
FINCABLES,2025-01-31,1178.55,1001.5,1189.9,961.65,3676618.0
FINCABLES,2025-02-28,1006.95,816.85,1059.95,810.1,15790835.0
FINCABLES,2025-03-31,825.2,913.35,988.0,780.0,33366175.0
FINCABLES,2025-04-30,913.3,866.55,919.0,781.05,4853556.0
FINCABLES,2025-05-30,860.0,973.8,1007.6,850.75,10036219.0
FINCABLES,2025-06-30,973.75,979.6,1028.0,908.0,9975587.0
FINCABLES,2025-07-31,988.5,883.45,999.9,881.2,4258809.0
FINCABLES,2025-08-29,889.7,820.25,905.0,810.0,6237734.0
FINCABLES,2025-09-30,823.7,817.45,867.5,800.9,3768110.0
FINCABLES,2025-10-31,820.0,785.9,833.75,779.8,4538424.0
FINCABLES,2025-11-28,786.75,749.15,810.85,742.05,5197706.0
FINCABLES,2025-12-31,755.85,749.7,797.0,707.3,3999691.0
FINCABLES,2026-01-30,751.0,722.25,791.35,700.8,3654457.0
FINCABLES,2026-02-27,721.9,913.7,942.0,701.35,11003287.0
FINCABLES,2026-03-31,873.7,776.5,993.8,772.0,14144220.0
FINCABLES,2026-04-30,794.45,990.55,1022.0,765.5,9157374.0
FINCABLES,2026-05-29,990.55,1136.3,1184.8,967.55,14878358.0
FINCABLES,2026-06-30,1157.0,1169.4,1203.9,961.8,13389143.0
FINCABLES,2026-07-31,1170.6,987.6,1185.8,956.2,5167949.0
FINCABLES,2026-08-31,991.0,1247.15,1374.0,988.0,42661208.0
FINCABLES,2026-09-30,1260.0,1460.9,1498.0,1186.5,24378027.0
GESHIP,2023-09-29,816.7,847.2,908.0,813.2,4745123.0
GESHIP,2023-10-31,847.2,794.25,919.95,782.0,7152509.0
GESHIP,2023-11-30,799.0,875.55,882.0,727.5,8663691.0
GESHIP,2023-12-29,877.5,976.8,1042.3,852.8,14430130.0
GESHIP,2024-01-31,983.5,990.55,1043.9,935.05,8753165.0
GESHIP,2024-02-29,979.95,1005.9,1029.0,914.15,9085925.0
GESHIP,2024-03-29,1006.9,1001.25,1052.0,890.0,5020131.0
GESHIP,2024-04-30,1020.0,1090.05,1118.95,921.05,12254025.0
GESHIP,2024-05-31,1102.2,1077.3,1129.0,951.0,31134539.0
GESHIP,2024-06-28,1120.0,1225.0,1255.0,929.95,24106181.0
GESHIP,2024-07-31,1230.0,1387.65,1543.7,1206.05,56858728.0
GESHIP,2024-08-30,1395.0,1331.95,1420.0,1252.15,19602619.0
GESHIP,2024-09-30,1339.85,1200.5,1349.4,1181.25,9368711.0
GESHIP,2024-10-31,1202.0,1289.4,1365.0,1163.55,9828720.0
GESHIP,2024-11-29,1296.0,1100.85,1334.6,1040.1,9105149.0
GESHIP,2024-12-31,1096.15,962.0,1124.8,941.0,11569698.0
GESHIP,2025-01-31,963.0,984.0,1005.0,880.1,9405590.0
GESHIP,2025-02-28,987.0,810.7,1007.35,805.0,9523917.0
GESHIP,2025-03-31,814.0,931.65,963.0,797.5,7564909.0
GESHIP,2025-04-30,926.0,870.05,940.6,802.25,6216483.0
GESHIP,2025-05-30,878.0,930.8,992.15,845.0,13849957.0
GESHIP,2025-06-30,927.95,978.85,1049.0,926.6,25174978.0
GESHIP,2025-07-31,984.95,939.9,1044.6,918.0,9192738.0
GESHIP,2025-08-29,928.0,927.35,989.0,913.1,2978378.0
GESHIP,2025-09-30,924.9,993.75,1087.5,922.5,10148840.0
GESHIP,2025-10-31,993.95,1099.6,1137.7,981.5,10368464.0
GESHIP,2025-11-28,1101.0,1106.9,1179.0,1035.1,7737672.0
GESHIP,2025-12-31,1115.2,1129.0,1139.0,1057.1,6120337.0
GESHIP,2026-01-30,1135.0,1202.4,1266.5,1065.0,9446678.0
GESHIP,2026-02-27,1187.5,1338.9,1375.0,1180.7,9073635.0
GESHIP,2026-03-31,1320.0,1414.7,1509.0,1290.1,13917013.0
GESHIP,2026-04-30,1449.0,1576.8,1590.8,1320.0,12359445.0
GESHIP,2026-05-29,1576.8,1418.9,1798.0,1410.0,51561058.0
GESHIP,2026-06-30,1418.9,1483.1,1536.0,1352.1,15218012.0
GESHIP,2026-07-31,1484.6,1350.4,1509.2,1332.5,9262237.0
GESHIP,2026-08-31,1358.0,1301.8,1598.9,1261.0,27732993.0
GESHIP,2026-09-30,1304.8,1497.2,1505.0,1303.0,14668016.0
GLENMARK,2023-09-29,802.8,855.5,861.7,760.0,14705947.0
GLENMARK,2023-10-31,852.05,747.75,859.9,731.5,14817026.0
GLENMARK,2023-11-30,750.0,779.95,799.8,722.1,23357535.0
GLENMARK,2023-12-29,781.8,853.95,859.0,772.4,27307755.0
GLENMARK,2024-01-31,854.0,910.2,922.7,847.55,23589505.0
GLENMARK,2024-02-29,920.1,925.1,942.0,771.0,38105196.0
GLENMARK,2024-03-29,925.1,958.45,974.0,883.0,19010712.0
GLENMARK,2024-04-30,959.05,1057.2,1098.0,959.05,15483580.0
GLENMARK,2024-05-31,1060.35,1160.35,1183.9,985.2,23252102.0
GLENMARK,2024-06-28,1174.95,1230.5,1264.0,1037.15,14023698.0
GLENMARK,2024-07-31,1233.0,1468.75,1474.0,1232.1,20391911.0
GLENMARK,2024-08-30,1472.8,1731.75,1750.0,1406.4,24862179.0
GLENMARK,2024-09-30,1737.9,1673.5,1769.6,1610.0,25653840.0
GLENMARK,2024-10-31,1673.0,1694.55,1830.95,1628.1,15073465.0
GLENMARK,2024-11-29,1694.55,1528.65,1776.75,1451.0,12640114.0
GLENMARK,2024-12-31,1528.1,1609.1,1621.6,1446.5,16022693.0
GLENMARK,2025-01-31,1609.1,1453.2,1658.0,1368.15,8211867.0
GLENMARK,2025-02-28,1453.2,1278.95,1553.4,1275.5,13964125.0
GLENMARK,2025-03-31,1278.0,1541.05,1546.4,1277.3,11102933.0
GLENMARK,2025-04-30,1540.0,1381.2,1582.95,1336.0,15296691.0
GLENMARK,2025-05-30,1381.2,1457.1,1471.1,1355.4,15599991.0
GLENMARK,2025-06-30,1457.2,1753.8,1758.2,1448.5,25430021.0
GLENMARK,2025-07-31,1752.2,2134.1,2284.8,1740.1,46969157.0
GLENMARK,2025-08-29,2133.0,1923.9,2133.0,1901.1,14370630.0
GLENMARK,2025-09-30,1918.1,1952.7,2156.9,1904.0,15863129.0
GLENMARK,2025-10-31,1952.7,1891.2,1990.0,1792.6,11969263.0
GLENMARK,2025-11-28,1889.1,1946.2,1958.0,1801.4,24745875.0
GLENMARK,2025-12-31,1950.0,2035.2,2082.5,1892.7,14203956.0
GLENMARK,2026-01-30,2034.0,2015.9,2147.5,1910.1,9336747.0
GLENMARK,2026-02-27,1935.1,2136.7,2159.8,1842.0,9855596.0
GLENMARK,2026-03-31,2112.5,2131.7,2297.9,2031.1,12563932.0
GLENMARK,2026-04-30,2180.0,2406.3,2474.0,1966.5,13858020.0
GLENMARK,2026-05-29,2406.3,2274.9,2440.0,2226.3,14840889.0
GLENMARK,2026-06-30,2288.8,2204.3,2300.0,2101.0,15006375.0
GLENMARK,2026-07-31,2196.4,2233.9,2326.1,2142.8,12414053.0
GLENMARK,2026-08-31,2256.4,2480.0,2537.6,2162.0,11500771.0
GLENMARK,2026-09-30,2480.0,2380.0,2494.9,2306.3,8208335.0
GRAPHITE,2023-09-29,495.0,492.05,501.9,478.1,2443526.0
GRAPHITE,2023-10-31,491.05,466.6,516.9,434.2,21283852.0
GRAPHITE,2023-11-30,467.3,502.95,512.75,445.0,18141864.0
GRAPHITE,2023-12-29,504.0,550.2,572.0,499.15,36748168.0
GRAPHITE,2024-01-31,550.2,544.8,575.95,512.25,22228979.0
GRAPHITE,2024-02-29,544.0,598.85,626.4,525.9,54224160.0
GRAPHITE,2024-03-29,601.2,603.55,652.35,581.1,43921385.0
GRAPHITE,2024-04-30,607.6,676.35,709.4,606.2,48393907.0
GRAPHITE,2024-05-31,679.8,565.4,681.0,546.55,26214132.0
GRAPHITE,2024-06-28,585.0,561.4,608.0,513.45,14752256.0
GRAPHITE,2024-07-31,560.0,532.2,587.15,496.95,22200923.0
GRAPHITE,2024-08-30,535.0,517.1,556.3,485.15,22558874.0
GRAPHITE,2024-09-30,519.3,590.5,623.35,494.95,51581805.0
GRAPHITE,2024-10-31,590.55,529.95,608.6,490.0,18594663.0
GRAPHITE,2024-11-29,532.9,521.5,545.55,460.05,9137363.0
GRAPHITE,2024-12-31,517.55,565.3,614.4,514.95,54400046.0
GRAPHITE,2025-01-31,567.0,475.9,585.9,458.0,12666191.0
GRAPHITE,2025-02-28,476.0,391.45,520.6,382.5,12780808.0
GRAPHITE,2025-03-31,387.0,477.95,525.0,365.75,47474209.0
GRAPHITE,2025-04-30,475.0,452.2,506.95,411.0,9671675.0
GRAPHITE,2025-05-30,452.2,546.15,576.0,432.0,42576261.0
GRAPHITE,2025-06-30,545.75,566.2,592.7,512.6,25662483.0
GRAPHITE,2025-07-31,570.0,572.75,597.9,534.9,24764786.0
GRAPHITE,2025-08-29,574.0,510.8,581.45,505.8,9696045.0
GRAPHITE,2025-09-30,520.7,555.45,584.0,513.75,11841118.0
GRAPHITE,2025-10-31,558.5,623.15,651.8,541.2,38719738.0
GRAPHITE,2025-11-28,626.65,555.0,642.35,519.5,24971229.0
GRAPHITE,2025-12-31,556.0,641.7,648.0,516.2,27090746.0
GRAPHITE,2026-01-30,644.0,617.3,685.0,587.4,31750999.0
GRAPHITE,2026-02-27,597.0,718.1,747.0,574.75,36178504.0
GRAPHITE,2026-03-31,685.0,616.7,723.75,558.05,36268700.0
GRAPHITE,2026-04-30,632.55,707.1,760.0,618.35,42337303.0
GRAPHITE,2026-05-29,707.1,727.75,802.4,692.15,34389793.0
GRAPHITE,2026-06-30,734.3,613.4,739.4,597.65,16508750.0
GRAPHITE,2026-07-31,615.0,656.4,687.5,570.0,29070427.0
GRAPHITE,2026-08-31,657.0,702.55,748.5,654.35,28260563.0
GRAPHITE,2026-09-30,706.8,820.7,874.35,706.8,79982620.0
GVT&D,2023-09-29,402.05,442.65,450.0,382.15,1006088.0
GVT&D,2023-10-31,442.65,395.25,449.3,349.0,753908.0
GVT&D,2023-11-30,403.0,425.95,430.0,371.15,1428140.0
GVT&D,2023-12-29,427.85,503.35,503.35,401.25,1073920.0
GVT&D,2024-01-31,504.0,681.9,681.9,504.0,3403672.0
GVT&D,2024-02-29,694.0,911.4,918.4,673.95,3219341.0
GVT&D,2024-03-29,920.0,848.25,1007.0,805.0,1464925.0
GVT&D,2024-04-30,855.0,1143.2,1199.0,840.0,2870726.0
GVT&D,2024-05-31,1182.0,1360.35,1484.0,957.35,2966042.0
GVT&D,2024-06-28,1428.35,1491.7,1660.0,1222.65,2268389.0
GVT&D,2024-07-31,1491.7,1585.05,1762.0,1405.05,2681958.0
GVT&D,2024-08-30,1664.3,1713.6,1889.9,1612.0,5097039.0
GVT&D,2024-09-30,1714.0,1681.0,1807.9,1494.25,11657672.0
GVT&D,2024-10-31,1670.0,1785.9,1969.0,1577.9,8831457.0
GVT&D,2024-11-29,1820.0,1756.2,1959.5,1674.0,11914391.0
GVT&D,2024-12-31,1750.0,2075.9,2243.0,1717.25,7559983.0
GVT&D,2025-01-31,2042.0,1787.5,2118.1,1550.05,9661256.0
GVT&D,2025-02-28,1771.1,1338.3,1771.1,1319.85,9649194.0
GVT&D,2025-03-31,1320.0,1558.75,1644.8,1273.3,8353692.0
GVT&D,2025-04-30,1569.8,1566.1,1610.0,1254.0,7445086.0
GVT&D,2025-05-30,1595.5,2241.4,2334.7,1500.0,13341703.0
GVT&D,2025-06-30,2252.6,2361.1,2500.0,2204.0,8692596.0
GVT&D,2025-07-31,2361.1,2726.8,2726.8,2265.0,9287737.0
GVT&D,2025-08-29,2863.1,2779.2,2959.0,2653.0,12149406.0
GVT&D,2025-09-30,2779.0,2960.5,3147.0,2700.0,7783494.0
GVT&D,2025-10-31,2978.0,3037.4,3204.9,2803.0,8612240.0
GVT&D,2025-11-28,3040.0,2881.4,3323.8,2795.6,30192014.0
GVT&D,2025-12-31,2908.9,3132.5,3251.8,2696.1,15642822.0
GVT&D,2026-01-30,3135.9,3230.3,3273.1,2523.2,16383265.0
GVT&D,2026-02-27,3209.8,3850.2,3912.0,3152.0,13180287.0
GVT&D,2026-03-31,3655.3,3640.4,3999.0,3390.0,12127253.0
GVT&D,2026-04-30,3760.9,4466.2,4694.0,3650.0,16408452.0
GVT&D,2026-05-29,4466.2,5148.6,5222.1,4231.1,16661103.0
GVT&D,2026-06-30,5100.0,4944.0,5650.0,4581.0,22193528.0
GVT&D,2026-07-31,4977.0,4323.3,5043.0,3962.2,24779288.0
GVT&D,2026-08-31,4323.0,4445.2,4549.0,4025.0,20265736.0
GVT&D,2026-09-30,4400.0,4280.0,4825.0,4149.7,15087159.0
HAL,2023-09-29,1943.3,1928.15,1958.43,1885.0,8174843.0
HAL,2023-10-31,1939.15,1823.05,1990.0,1767.8,21608408.0
HAL,2023-11-30,1828.85,2379.8,2444.0,1819.0,40331632.0
HAL,2023-12-29,2495.0,2804.0,2849.75,2437.15,43238733.0
HAL,2024-01-31,2805.1,2999.4,3079.0,2748.45,34724636.0
HAL,2024-02-29,3020.0,3084.05,3170.0,2824.85,37602387.0
HAL,2024-03-29,3099.0,3327.0,3428.0,2913.6,37160267.0
HAL,2024-04-30,3392.0,3939.35,4044.75,3362.1,41943496.0
HAL,2024-05-31,3942.0,4973.85,5378.0,3671.0,76658576.0
HAL,2024-06-28,5444.0,5264.25,5582.8,3920.0,106040768.0
HAL,2024-07-31,5270.0,4922.85,5674.75,4510.0,69638843.0
HAL,2024-08-30,4922.0,4679.95,4946.9,4480.1,39407162.0
HAL,2024-09-30,4699.0,4420.65,4950.0,4172.0,38452011.0
HAL,2024-10-31,4428.0,4246.7,4676.6,4075.2,32512947.0
HAL,2024-11-29,4269.8,4476.85,4529.5,3920.35,29976034.0
HAL,2024-12-31,4475.0,4178.35,4755.0,4050.0,28065625.0
HAL,2025-01-31,4178.35,3936.8,4270.05,3485.0,37441007.0
HAL,2025-02-28,3972.0,3088.2,4052.85,3080.0,41266661.0
HAL,2025-03-31,3096.0,4177.45,4294.0,3046.05,45154948.0
HAL,2025-04-30,4400.0,4487.9,4660.0,3820.1,46599440.0
HAL,2025-05-30,4499.0,4974.1,5165.0,4360.2,68073938.0
HAL,2025-06-30,4970.0,4869.8,5147.0,4785.0,36750059.0
HAL,2025-07-31,4877.9,4533.9,5065.0,4401.0,23129046.0
HAL,2025-08-29,4533.9,4332.6,4619.0,4320.0,25655811.0
HAL,2025-09-30,4341.0,4746.5,4941.3,4323.0,26746440.0
HAL,2025-10-31,4732.0,4679.8,4978.0,4625.0,17687553.0
HAL,2025-11-28,4680.0,4542.4,4921.0,4405.0,21887465.0
HAL,2025-12-31,4562.0,4388.7,4584.0,4187.0,19024507.0
HAL,2026-01-30,4388.7,4619.4,4670.0,4235.0,19159629.0
HAL,2026-02-27,4415.0,3913.2,4608.1,3900.0,42789238.0
HAL,2026-03-31,3837.0,3487.2,4103.8,3479.1,33028502.0
HAL,2026-04-30,3581.4,4338.8,4413.0,3545.0,23801478.0
HAL,2026-05-29,4338.8,4303.8,4836.3,4175.0,31845123.0
HAL,2026-06-30,4303.8,4381.2,4535.0,4148.8,18501040.0
HAL,2026-07-31,4387.9,4646.5,4669.0,4305.8,14228219.0
HAL,2026-08-31,4660.4,4801.6,5149.9,4603.3,23003803.0
HAL,2026-09-30,4801.6,4800.0,5097.4,4615.8,14594266.0
HFCL,2023-09-29,72.5,77.15,80.2,71.35,83473256.0
HFCL,2023-10-31,76.7,65.2,78.25,61.5,152947773.0
HFCL,2023-11-30,65.35,66.65,71.25,64.25,89076469.0
HFCL,2023-12-29,67.0,84.15,87.4,65.95,716710321.0
HFCL,2024-01-31,85.9,103.1,108.8,81.2,824413064.0
HFCL,2024-02-29,103.95,107.3,117.8,89.95,900383760.0
HFCL,2024-03-29,107.95,91.8,112.3,80.25,392174483.0
HFCL,2024-04-30,92.55,100.5,103.8,89.55,326622819.0
HFCL,2024-05-31,101.85,103.75,109.4,90.2,404885810.0
HFCL,2024-06-28,108.1,113.17,130.5,82.85,914573160.0
HFCL,2024-07-31,114.0,134.54,137.53,105.4,857966197.0
HFCL,2024-08-30,134.58,149.62,152.0,122.27,1115013190.0
HFCL,2024-09-30,149.62,148.39,171.0,146.01,767155880.0
HFCL,2024-10-31,148.73,121.69,152.74,111.51,421000921.0
HFCL,2024-11-29,122.06,129.09,135.93,117.35,363422017.0
HFCL,2024-12-31,129.0,112.63,134.88,109.81,264756379.0
HFCL,2025-01-31,112.86,98.03,116.4,91.26,294791437.0
HFCL,2025-02-28,98.03,79.19,106.95,78.47,286112868.0
HFCL,2025-03-31,79.5,79.1,87.0,77.0,283350706.0
HFCL,2025-04-30,79.2,79.39,87.59,71.6,203492050.0
HFCL,2025-05-30,79.41,87.59,92.65,72.06,437117303.0
HFCL,2025-06-30,87.11,86.54,93.96,79.1,348174430.0
HFCL,2025-07-31,86.59,75.57,87.17,75.4,170828529.0
HFCL,2025-08-29,75.6,70.23,76.25,68.56,153926517.0
HFCL,2025-09-30,70.6,72.88,78.71,69.05,411400165.0
HFCL,2025-10-31,72.92,73.51,78.95,72.69,272268665.0
HFCL,2025-11-28,73.8,70.17,80.07,70.0,210591799.0
HFCL,2025-12-31,70.58,67.79,72.99,60.72,743463235.0
HFCL,2026-01-30,67.79,68.61,71.29,59.82,444549809.0
HFCL,2026-02-27,65.7,68.51,75.4,63.45,339268322.0
HFCL,2026-03-31,66.24,67.86,77.2,64.5,442646544.0
HFCL,2026-04-30,69.75,116.03,119.5,69.6,984968184.0
HFCL,2026-05-29,116.03,179.94,189.08,116.03,1676893126.0
HFCL,2026-06-30,180.0,212.85,220.09,160.66,778981005.0
HFCL,2026-07-31,214.0,193.92,229.5,181.05,582425181.0
HFCL,2026-08-31,196.95,249.09,256.7,195.7,429487776.0
HFCL,2026-09-30,252.0,211.27,255.16,205.1,132805369.0
HSCL,2023-09-29,234.0,243.4,255.25,231.85,10576942.0
HSCL,2023-10-31,240.1,238.75,271.2,224.0,43602263.0
HSCL,2023-11-30,236.2,273.7,275.8,236.15,30574158.0
HSCL,2023-12-29,275.0,309.5,313.8,265.05,47540103.0
HSCL,2024-01-31,310.85,374.35,398.75,309.5,35195490.0
HSCL,2024-02-29,376.95,368.3,389.9,335.2,11314817.0
HSCL,2024-03-29,368.3,302.3,372.8,272.0,10673464.0
HSCL,2024-04-30,302.3,375.0,385.0,302.0,13259974.0
HSCL,2024-05-31,377.1,332.9,381.0,327.95,12840544.0
HSCL,2024-06-28,348.95,394.2,418.5,307.7,23535376.0
HSCL,2024-07-31,398.95,429.2,448.0,384.35,32993352.0
HSCL,2024-08-30,432.25,523.25,539.8,427.65,43220179.0
HSCL,2024-09-30,524.3,661.65,688.7,511.2,68033334.0
HSCL,2024-10-31,664.0,573.05,676.2,541.55,40745167.0
HSCL,2024-11-29,573.05,527.1,597.7,472.0,17852193.0
HSCL,2024-12-31,525.0,584.7,591.9,519.2,26728167.0
HSCL,2025-01-31,589.5,493.7,606.6,444.0,19936637.0
HSCL,2025-02-28,497.45,408.25,516.45,397.15,14713736.0
HSCL,2025-03-31,405.0,424.35,464.0,384.6,16378512.0
HSCL,2025-04-30,438.7,437.7,503.85,365.35,32670593.0
HSCL,2025-05-30,436.7,472.4,484.95,410.2,18695170.0
HSCL,2025-06-30,469.95,517.8,527.5,435.3,88039086.0
HSCL,2025-07-31,518.95,473.05,534.45,469.35,44846344.0
HSCL,2025-08-29,472.95,445.9,484.7,440.55,18192578.0
HSCL,2025-09-30,447.4,440.55,490.0,438.0,48485348.0
HSCL,2025-10-31,442.5,482.25,494.4,441.9,31123169.0
HSCL,2025-11-28,481.0,437.6,486.6,418.5,16464024.0
HSCL,2025-12-31,438.5,487.85,494.35,432.05,34268554.0
HSCL,2026-01-30,487.75,460.75,498.8,439.0,17420582.0
HSCL,2026-02-27,445.55,484.85,497.35,444.05,29110558.0
HSCL,2026-03-31,466.0,441.6,476.3,421.0,41359079.0
HSCL,2026-04-30,452.3,607.75,624.0,427.8,185759370.0
HSCL,2026-05-29,607.75,606.45,654.45,539.6,209837021.0
HSCL,2026-06-30,604.0,679.2,718.0,580.9,325809086.0
HSCL,2026-07-31,678.7,750.65,819.5,635.85,254176068.0
HSCL,2026-08-31,750.0,659.2,794.5,650.0,146785536.0
HSCL,2026-09-30,660.35,678.75,692.8,632.5,64941472.0
INNOVACAP,2023-12-29,452.1,541.4,542.5,452.1,15496570.0
INNOVACAP,2024-01-31,535.0,517.05,588.0,496.0,14384990.0
INNOVACAP,2024-02-29,517.0,528.9,570.0,513.2,2655670.0
INNOVACAP,2024-03-29,530.05,449.55,536.95,443.25,1698340.0
INNOVACAP,2024-04-30,456.25,473.1,490.0,447.3,1416288.0
INNOVACAP,2024-05-31,476.2,480.6,517.15,450.25,1197693.0
INNOVACAP,2024-06-28,485.0,508.55,524.0,421.35,2173853.0
INNOVACAP,2024-07-31,508.75,632.9,649.8,486.8,3818536.0
INNOVACAP,2024-08-30,635.25,657.9,725.0,586.25,3203656.0
INNOVACAP,2024-09-30,680.0,773.1,841.55,666.0,2368853.0
INNOVACAP,2024-10-31,773.1,777.6,788.0,680.55,1334008.0
INNOVACAP,2024-11-29,783.0,1021.9,1060.0,780.0,3787307.0
INNOVACAP,2024-12-31,1034.0,1115.4,1176.0,956.95,2607833.0
INNOVACAP,2025-01-31,1115.4,1004.85,1260.0,881.0,2524494.0
INNOVACAP,2025-02-28,1004.85,725.9,1024.0,700.05,1398449.0
INNOVACAP,2025-03-31,725.0,878.85,964.0,662.0,2454393.0
INNOVACAP,2025-04-30,887.95,884.55,938.95,726.0,910129.0
INNOVACAP,2025-05-30,888.55,878.45,946.15,822.5,1300140.0
INNOVACAP,2025-06-30,891.0,858.75,1020.7,829.9,2491088.0
INNOVACAP,2025-07-31,862.75,909.35,939.0,821.65,1106252.0
INNOVACAP,2025-08-29,912.6,902.05,954.0,870.6,797014.0
INNOVACAP,2025-09-30,901.0,853.0,944.0,816.6,828788.0
INNOVACAP,2025-10-31,860.0,831.1,881.0,792.9,492059.0
INNOVACAP,2025-11-28,822.4,718.25,834.0,702.95,572985.0
INNOVACAP,2025-12-31,725.0,720.1,776.9,660.0,930735.0
INNOVACAP,2026-01-30,720.1,695.2,764.95,624.0,4274158.0
INNOVACAP,2026-02-27,694.9,668.25,737.0,659.55,552633.0
INNOVACAP,2026-03-31,623.0,689.85,729.0,622.0,631364.0
INNOVACAP,2026-04-30,685.0,752.05,763.4,670.0,1426228.0
INNOVACAP,2026-05-29,790.0,850.4,918.0,790.0,2127180.0
INNOVACAP,2026-06-30,855.0,978.45,1031.5,836.8,1584347.0
INNOVACAP,2026-07-31,981.0,974.25,1034.85,934.55,1025843.0
INNOVACAP,2026-08-31,975.0,1078.1,1120.0,925.2,1878791.0
INNOVACAP,2026-09-30,1074.0,1281.0,1353.5,1052.1,2266316.0
JASH,2023-09-29,262.4,269.07,276.4,262.01,71750.0
JASH,2023-10-31,269.39,272.75,306.72,250.2,987485.0
JASH,2023-11-30,268.66,261.26,288.8,258.9,488985.0
JASH,2023-12-29,266.0,312.88,325.4,258.09,1467325.0
JASH,2024-01-31,312.88,360.62,371.0,293.08,4169245.0
JASH,2024-02-29,361.6,340.2,383.58,326.36,3225385.0
JASH,2024-03-29,342.88,338.9,356.79,312.82,1209915.0
JASH,2024-04-30,340.0,399.3,407.8,332.0,3178810.0
JASH,2024-05-31,407.6,438.13,498.8,390.61,7675860.0
JASH,2024-06-28,464.0,430.72,484.8,375.93,2647870.0
JASH,2024-07-31,434.0,506.3,528.0,393.23,4425590.0
JASH,2024-08-30,506.3,416.59,510.1,412.2,2502505.0
JASH,2024-09-30,417.2,437.36,455.8,397.5,5240520.0
JASH,2024-10-31,438.95,508.85,544.0,407.2,5088235.0
JASH,2024-11-29,509.8,603.0,632.8,468.05,8393003.0
JASH,2024-12-31,609.95,565.05,653.85,555.1,5235294.0
JASH,2025-01-31,568.0,579.25,665.0,520.6,8224146.0
JASH,2025-02-28,582.85,537.65,601.8,496.0,4358414.0
JASH,2025-03-31,538.5,580.75,619.0,504.3,3653281.0
JASH,2025-04-30,574.6,564.45,698.95,541.0,7387290.0
JASH,2025-05-30,569.85,552.15,613.0,520.0,6962811.0
JASH,2025-06-30,542.2,581.2,587.9,535.1,3182246.0
JASH,2025-07-31,584.8,582.75,622.9,565.25,3479767.0
JASH,2025-08-29,579.8,519.05,587.9,504.85,3457918.0
JASH,2025-09-30,515.0,469.75,530.0,467.9,2201668.0
JASH,2025-10-31,469.5,485.45,517.7,440.95,1490583.0
JASH,2025-11-28,480.6,468.6,500.2,448.4,1410629.0
JASH,2025-12-31,462.0,439.95,467.0,417.9,1391081.0
JASH,2026-01-30,444.2,386.8,444.9,351.1,1670860.0
JASH,2026-02-27,389.2,399.9,457.85,368.0,2186982.0
JASH,2026-03-31,395.0,344.85,405.0,327.1,2633504.0
JASH,2026-04-30,344.95,418.75,434.65,344.85,2930859.0
JASH,2026-05-29,418.75,402.9,440.0,368.0,2618607.0
JASH,2026-06-30,406.1,507.3,572.85,399.0,6983956.0
JASH,2026-07-31,514.4,504.55,548.0,480.0,3761970.0
JASH,2026-08-31,506.0,465.55,520.0,464.0,2056260.0
JASH,2026-09-30,466.2,593.85,603.0,454.1,20126798.0
KABRAEXTRU,2023-09-29,452.5,440.3,452.7,434.0,198208.0
KABRAEXTRU,2023-10-31,440.3,429.65,478.0,406.0,1021529.0
KABRAEXTRU,2023-11-30,429.65,421.8,455.0,414.85,727337.0
KABRAEXTRU,2023-12-29,424.25,425.65,480.0,398.0,1554134.0
KABRAEXTRU,2024-01-31,427.5,412.45,439.65,387.15,1617553.0
KABRAEXTRU,2024-02-29,413.0,357.2,416.9,353.05,956983.0
KABRAEXTRU,2024-03-29,358.9,294.05,374.95,290.65,1378224.0
KABRAEXTRU,2024-04-30,295.0,369.9,397.0,295.0,3774941.0
KABRAEXTRU,2024-05-31,373.6,390.95,449.9,361.05,4473727.0
KABRAEXTRU,2024-06-28,402.95,414.35,447.0,340.0,3853839.0
KABRAEXTRU,2024-07-31,413.95,425.2,464.5,366.0,5081525.0
KABRAEXTRU,2024-08-30,429.0,416.0,444.7,375.05,2028457.0
KABRAEXTRU,2024-09-30,417.0,423.4,500.4,391.55,5438898.0
KABRAEXTRU,2024-10-31,423.4,434.1,475.7,385.0,2441095.0
KABRAEXTRU,2024-11-29,435.0,517.0,528.85,421.0,4244739.0
KABRAEXTRU,2024-12-31,516.95,551.15,582.0,491.0,4549527.0
KABRAEXTRU,2025-01-31,556.0,451.8,590.0,406.55,2067098.0
KABRAEXTRU,2025-02-28,456.75,332.3,474.1,326.0,1136734.0
KABRAEXTRU,2025-03-31,333.0,292.0,371.0,290.5,3349385.0
KABRAEXTRU,2025-04-30,295.55,268.75,303.95,245.4,1355564.0
KABRAEXTRU,2025-05-30,265.25,266.05,288.1,242.6,493557.0
KABRAEXTRU,2025-06-30,269.3,290.4,300.8,263.25,479342.0
KABRAEXTRU,2025-07-31,296.0,286.2,329.9,274.55,1090328.0
KABRAEXTRU,2025-08-29,288.5,288.9,302.75,245.15,1484451.0
KABRAEXTRU,2025-09-30,288.9,258.85,294.0,250.75,618882.0
KABRAEXTRU,2025-10-31,261.35,240.9,264.9,240.3,381738.0
KABRAEXTRU,2025-11-28,236.81,234.77,250.89,215.11,1006150.0
KABRAEXTRU,2025-12-31,234.75,227.23,243.46,215.0,348762.0
KABRAEXTRU,2026-01-30,229.03,199.13,232.78,180.0,765829.0
KABRAEXTRU,2026-02-27,190.0,256.1,284.5,190.0,1866845.0
KABRAEXTRU,2026-03-31,254.8,183.0,256.8,182.05,973099.0
KABRAEXTRU,2026-04-30,187.99,249.47,265.0,187.99,771448.0
KABRAEXTRU,2026-05-29,246.64,215.66,249.46,212.72,272630.0
KABRAEXTRU,2026-06-30,214.11,269.61,272.0,214.11,959278.0
KABRAEXTRU,2026-07-31,270.1,394.95,408.0,264.0,5587905.0
KABRAEXTRU,2026-08-31,401.0,600.3,625.15,395.0,10905155.0
KABRAEXTRU,2026-09-30,603.3,846.4,846.4,552.35,6596260.0
KIRLOSBROS,2023-09-29,836.9,839.05,877.45,809.95,398062.0
KIRLOSBROS,2023-10-31,839.0,904.95,1061.55,805.85,2218475.0
KIRLOSBROS,2023-11-30,908.15,983.0,989.95,803.25,1907261.0
KIRLOSBROS,2023-12-29,988.95,888.05,1047.8,873.2,1236024.0
KIRLOSBROS,2024-01-31,888.0,913.15,942.85,837.0,1528291.0
KIRLOSBROS,2024-02-29,925.0,919.65,1034.0,890.0,1182456.0
KIRLOSBROS,2024-03-29,924.3,1095.05,1240.9,914.75,6194225.0
KIRLOSBROS,2024-04-30,1125.05,1312.75,1353.8,1083.55,2404241.0
KIRLOSBROS,2024-05-31,1324.95,1718.6,1924.9,1295.0,7252186.0
KIRLOSBROS,2024-06-28,1840.0,2121.85,2295.5,1515.25,3137335.0
KIRLOSBROS,2024-07-31,2148.0,2437.0,2684.0,2120.05,3137647.0
KIRLOSBROS,2024-08-30,2437.0,1805.6,2472.0,1695.65,2398149.0
KIRLOSBROS,2024-09-30,1810.95,1853.8,1864.0,1577.35,2727343.0
KIRLOSBROS,2024-10-31,1869.0,1931.55,1944.4,1604.0,4405777.0
KIRLOSBROS,2024-11-29,1940.0,2279.9,2374.45,1905.05,6879639.0
KIRLOSBROS,2024-12-31,2300.9,2064.25,2409.4,1965.0,3121806.0
KIRLOSBROS,2025-01-31,2073.55,1857.85,2338.4,1668.05,7066215.0
KIRLOSBROS,2025-02-28,1900.0,1596.25,2005.75,1569.0,4570538.0
KIRLOSBROS,2025-03-31,1599.3,1712.7,1832.0,1422.35,4724022.0
KIRLOSBROS,2025-04-30,1700.0,1712.0,1839.2,1430.0,2268918.0
KIRLOSBROS,2025-05-30,1712.0,1812.2,1933.9,1683.4,1835723.0
KIRLOSBROS,2025-06-30,1838.9,2357.4,2475.0,1753.1,12038037.0
KIRLOSBROS,2025-07-31,2345.0,1970.9,2420.0,1880.0,5810250.0
KIRLOSBROS,2025-08-29,1972.8,1941.6,2075.0,1802.0,3664273.0
KIRLOSBROS,2025-09-30,1950.0,1929.7,2115.0,1872.8,1628528.0
KIRLOSBROS,2025-10-31,1930.0,1874.5,2032.0,1866.6,869403.0
KIRLOSBROS,2025-11-28,1887.0,1690.3,1900.0,1655.0,1075654.0
KIRLOSBROS,2025-12-31,1690.3,1610.2,1758.5,1512.5,1331913.0
KIRLOSBROS,2026-01-30,1624.7,1566.3,1685.0,1449.9,1172182.0
KIRLOSBROS,2026-02-27,1491.2,1582.8,1675.0,1474.4,2676995.0
KIRLOSBROS,2026-03-31,1485.0,1339.1,1672.0,1335.0,4713939.0
KIRLOSBROS,2026-04-30,1370.0,1729.9,1869.8,1350.6,2405818.0
KIRLOSBROS,2026-05-29,1729.9,1633.0,1783.0,1550.1,1430305.0
KIRLOSBROS,2026-06-30,1640.6,2053.4,2189.2,1594.3,7527621.0
KIRLOSBROS,2026-07-31,2068.8,1870.1,2098.0,1790.0,2518152.0
KIRLOSBROS,2026-08-31,1840.0,1900.2,1993.0,1838.2,1328748.0
KIRLOSBROS,2026-09-30,1898.8,1771.9,1906.6,1698.2,540934.0
KOVAI,2023-09-29,2593.1,2594.2,2630.0,2537.0,15310.0
KOVAI,2023-10-31,2620.0,2576.65,2768.9,2505.6,82228.0
KOVAI,2023-11-30,2576.65,2576.65,2576.65,2576.65,0.0
KOVAI,2023-12-29,2576.65,2576.65,2576.65,2576.65,0.0
KOVAI,2026-04-30,2576.65,5657.6,6052.6,2576.65,30587.0
KOVAI,2026-05-29,5642.5,5360.5,5838.5,5275.5,90449.0
KOVAI,2026-06-30,5300.0,5998.5,6340.0,5275.5,163341.0
KOVAI,2026-07-31,6010.0,5910.0,6158.5,5670.5,93755.0
KOVAI,2026-08-31,5895.0,6074.5,6279.0,5751.0,126187.0
KOVAI,2026-09-30,6081.0,6090.5,6444.0,5930.5,81716.0
KRISHANA,2023-09-29,48.05,48.85,50.39,47.92,6909490.0
KRISHANA,2023-10-31,48.9,49.24,53.8,47.02,7400475.0
KRISHANA,2023-11-30,48.81,47.0,54.19,46.21,5828020.0
KRISHANA,2023-12-29,47.24,49.59,51.29,46.0,6301775.0
KRISHANA,2024-01-31,49.86,46.46,52.69,45.43,5846690.0
KRISHANA,2024-02-29,46.11,50.2,51.53,41.01,8548315.0
KRISHANA,2024-03-29,50.59,48.81,54.49,47.2,8391545.0
KRISHANA,2024-04-30,49.17,46.01,49.72,42.83,4492465.0
KRISHANA,2024-05-31,45.5,50.24,50.61,42.22,4751790.0
KRISHANA,2024-06-28,50.8,58.27,62.39,49.3,11561135.0
KRISHANA,2024-07-31,59.78,56.41,62.0,52.34,5774980.0
KRISHANA,2024-08-30,56.59,49.44,57.38,48.17,4343840.0
KRISHANA,2024-09-30,49.0,46.94,54.57,46.58,3467375.0
KRISHANA,2024-10-31,47.8,43.73,49.06,42.31,2161940.0
KRISHANA,2024-11-29,43.73,41.68,45.66,40.78,1156425.0
KRISHANA,2024-12-31,41.7,40.07,42.96,39.02,3400565.0
KRISHANA,2025-01-31,40.0,40.54,45.4,35.39,7509845.0
KRISHANA,2025-02-28,40.6,39.53,41.38,35.03,4387340.0
KRISHANA,2025-03-31,40.0,47.04,50.8,37.8,8460465.0
KRISHANA,2025-04-30,46.34,56.43,57.4,42.0,10312785.0
KRISHANA,2025-05-30,56.88,74.96,84.44,56.65,44463505.0
KRISHANA,2025-06-30,75.2,99.81,108.82,75.08,31566000.0
KRISHANA,2025-07-31,99.01,111.74,117.0,82.39,32850240.0
KRISHANA,2025-08-29,112.8,115.53,123.8,101.08,16419205.0
KRISHANA,2025-09-30,116.39,90.14,119.98,89.61,18950295.0
KRISHANA,2025-10-31,90.98,101.02,120.0,86.2,27283420.0
KRISHANA,2025-11-28,99.62,100.06,108.4,98.28,6806490.0
KRISHANA,2025-12-31,100.16,106.44,110.19,94.0,8824090.0
KRISHANA,2026-01-30,106.44,97.0,107.27,91.21,8382060.0
KRISHANA,2026-02-27,94.15,96.87,107.53,91.78,10304010.0
KRISHANA,2026-03-31,92.2,94.13,101.8,92.01,7567640.0
KRISHANA,2026-04-30,96.99,120.02,140.8,95.13,40260930.0
KRISHANA,2026-05-29,120.02,133.62,143.7,117.0,32706805.0
KRISHANA,2026-06-30,134.0,137.6,149.71,129.94,32138075.0
KRISHANA,2026-07-31,137.74,182.95,193.9,126.25,48335309.0
KRISHANA,2026-08-31,183.7,191.03,206.39,177.5,16279200.0
KRISHANA,2026-09-30,191.8,187.24,193.0,171.21,11179273.0
KTKBANK,2023-09-29,244.5,248.95,254.0,241.05,14138381.0
KTKBANK,2023-10-31,249.3,229.6,251.95,216.65,28883583.0
KTKBANK,2023-11-30,230.0,218.9,238.65,210.6,37386245.0
KTKBANK,2023-12-29,218.9,234.05,247.65,217.35,38992313.0
KTKBANK,2024-01-31,234.05,254.45,285.0,232.5,66781695.0
KTKBANK,2024-02-29,255.9,227.55,263.9,222.8,31341605.0
KTKBANK,2024-03-29,230.0,225.1,253.6,219.6,28783577.0
KTKBANK,2024-04-30,228.95,231.25,240.95,220.5,34147634.0
KTKBANK,2024-05-31,231.95,214.3,235.2,210.3,32412610.0
KTKBANK,2024-06-28,223.0,224.0,239.0,192.0,39006923.0
KTKBANK,2024-07-31,224.9,237.67,245.0,216.33,54405531.0
KTKBANK,2024-08-30,238.9,227.49,240.05,214.0,44016634.0
KTKBANK,2024-09-30,229.1,236.79,243.2,216.0,52021744.0
KTKBANK,2024-10-31,236.7,217.03,240.55,200.15,30762433.0
KTKBANK,2024-11-29,217.2,212.0,221.83,197.6,14686066.0
KTKBANK,2024-12-31,212.01,214.53,231.0,207.02,23640870.0
KTKBANK,2025-01-31,214.3,191.68,216.01,179.78,27422573.0
KTKBANK,2025-02-28,185.0,167.65,189.0,167.0,26209694.0
KTKBANK,2025-03-31,168.89,175.85,186.0,162.2,23587205.0
KTKBANK,2025-04-30,175.0,195.87,205.0,167.55,24586045.0
KTKBANK,2025-05-30,195.87,197.91,208.7,184.01,26211563.0
KTKBANK,2025-06-30,197.98,195.67,212.79,190.0,45225611.0
KTKBANK,2025-07-31,197.51,180.66,198.49,179.7,26819416.0
KTKBANK,2025-08-29,180.66,171.62,181.05,169.12,15853338.0
KTKBANK,2025-09-30,173.0,172.11,182.01,170.0,25137126.0
KTKBANK,2025-10-31,172.85,178.25,185.5,170.26,24704465.0
KTKBANK,2025-11-28,179.0,212.13,220.4,173.8,224383678.0
KTKBANK,2025-12-31,214.7,205.5,219.4,195.59,114213367.0
KTKBANK,2026-01-30,205.5,182.05,212.4,175.8,60389576.0
KTKBANK,2026-02-27,180.85,202.88,209.7,175.32,56267389.0
KTKBANK,2026-03-31,197.09,222.96,238.95,195.55,105950550.0
KTKBANK,2026-04-30,230.0,268.61,271.44,217.0,73304825.0
KTKBANK,2026-05-29,268.61,269.35,278.4,238.7,62706979.0
KTKBANK,2026-06-30,271.0,273.4,282.95,255.0,42571074.0
KTKBANK,2026-07-31,274.0,284.75,295.4,261.05,58328249.0
KTKBANK,2026-08-31,288.0,335.15,342.5,286.0,70709188.0
KTKBANK,2026-09-30,335.15,335.5,345.9,309.85,37094004.0
LALPATHLAB,2023-09-29,1169.8,1262.18,1271.75,1155.82,2933662.0
LALPATHLAB,2023-10-31,1271.4,1209.6,1295.0,1156.15,7658444.0
LALPATHLAB,2023-11-30,1209.6,1348.9,1383.55,1179.95,14256648.0
LALPATHLAB,2023-12-29,1354.97,1288.85,1382.38,1223.28,10580360.0
LALPATHLAB,2024-01-31,1289.97,1258.7,1331.0,1176.4,7432332.0
LALPATHLAB,2024-02-29,1253.25,1175.85,1283.28,1142.5,8656084.0
LALPATHLAB,2024-03-29,1170.0,1131.43,1184.25,971.85,12607970.0
LALPATHLAB,2024-04-30,1131.45,1186.22,1215.43,1082.9,10866180.0
LALPATHLAB,2024-05-31,1186.47,1323.93,1330.0,1100.6,13445904.0
LALPATHLAB,2024-06-28,1332.0,1390.35,1444.5,1253.97,9583336.0
LALPATHLAB,2024-07-31,1397.5,1545.3,1575.0,1387.5,13221168.0
LALPATHLAB,2024-08-30,1553.1,1708.7,1729.7,1525.07,11950956.0
LALPATHLAB,2024-09-30,1710.0,1651.35,1726.45,1605.0,6591570.0
LALPATHLAB,2024-10-31,1655.0,1556.5,1826.97,1506.03,12386646.0
LALPATHLAB,2024-11-29,1558.0,1501.45,1574.22,1459.0,4308866.0
LALPATHLAB,2024-12-31,1500.65,1500.2,1603.5,1400.12,7946748.0
LALPATHLAB,2025-01-31,1495.62,1426.53,1571.95,1333.47,13459436.0
LALPATHLAB,2025-02-28,1444.5,1155.22,1446.95,1150.0,7749224.0
LALPATHLAB,2025-03-31,1154.45,1239.4,1314.0,1146.78,6678198.0
LALPATHLAB,2025-04-30,1244.88,1384.55,1489.5,1175.78,10926944.0
LALPATHLAB,2025-05-30,1381.5,1393.3,1453.1,1354.0,5689444.0
LALPATHLAB,2025-06-30,1400.0,1398.15,1514.85,1365.0,5542750.0
LALPATHLAB,2025-07-31,1409.4,1575.45,1587.5,1371.4,7367208.0
LALPATHLAB,2025-08-29,1595.0,1654.45,1753.2,1542.6,4718318.0
LALPATHLAB,2025-09-30,1654.4,1559.05,1770.0,1551.0,6345420.0
LALPATHLAB,2025-10-31,1552.5,1567.75,1617.5,1501.45,5537862.0
LALPATHLAB,2025-11-28,1577.45,1525.9,1654.6,1512.2,4611058.0
LALPATHLAB,2025-12-31,1527.5,1482.6,1534.6,1348.0,6902260.0
LALPATHLAB,2026-01-30,1483.3,1409.5,1520.0,1345.2,7525854.0
LALPATHLAB,2026-02-27,1424.6,1399.9,1474.0,1363.3,4271065.0
LALPATHLAB,2026-03-31,1361.0,1312.1,1428.3,1272.6,6006888.0
LALPATHLAB,2026-04-30,1316.2,1367.2,1471.5,1285.0,6482150.0
LALPATHLAB,2026-05-29,1367.2,1607.4,1719.9,1367.2,16665564.0
LALPATHLAB,2026-06-30,1611.2,1646.2,1803.0,1500.1,14219138.0
LALPATHLAB,2026-07-31,1640.8,1905.2,1919.8,1610.1,10911417.0
LALPATHLAB,2026-08-31,1920.0,1934.6,1988.9,1863.0,5121456.0
LALPATHLAB,2026-09-30,1934.8,1952.3,2038.6,1855.7,6134178.0
LAURUSLABS,2023-09-29,388.0,395.4,401.7,379.55,7453264.0
LAURUSLABS,2023-10-31,395.4,361.75,411.4,349.4,52676365.0
LAURUSLABS,2023-11-30,362.0,380.85,382.9,356.65,25024259.0
LAURUSLABS,2023-12-29,383.0,430.2,438.75,373.1,51920259.0
LAURUSLABS,2024-01-31,431.0,381.35,444.7,360.85,57195049.0
LAURUSLABS,2024-02-29,381.35,406.05,413.3,379.7,31391808.0
LAURUSLABS,2024-03-29,408.25,392.35,425.85,373.1,33372760.0
LAURUSLABS,2024-04-30,394.5,450.0,471.0,393.1,63982548.0
LAURUSLABS,2024-05-31,454.7,418.95,460.45,416.3,27204533.0
LAURUSLABS,2024-06-28,425.1,424.55,447.35,385.45,31220385.0
LAURUSLABS,2024-07-31,428.9,463.9,484.3,414.0,70554264.0
LAURUSLABS,2024-08-30,465.0,470.15,472.0,417.7,47572685.0
LAURUSLABS,2024-09-30,470.4,463.6,518.0,455.4,56277842.0
LAURUSLABS,2024-10-31,462.95,491.25,495.95,427.05,71574258.0
LAURUSLABS,2024-11-29,493.2,567.15,570.0,474.05,49357305.0
LAURUSLABS,2024-12-31,564.0,602.7,604.7,554.1,43347308.0
LAURUSLABS,2025-01-31,605.05,584.05,619.4,501.15,93162322.0
LAURUSLABS,2025-02-28,582.0,527.2,646.2,512.35,57192050.0
LAURUSLABS,2025-03-31,527.95,613.4,628.0,518.2,31351046.0
LAURUSLABS,2025-04-30,611.0,603.85,660.9,517.65,59006441.0
LAURUSLABS,2025-05-30,605.95,609.6,630.0,572.25,32454859.0
LAURUSLABS,2025-06-30,610.0,724.85,727.0,606.2,42969312.0
LAURUSLABS,2025-07-31,730.0,874.35,922.5,721.05,77108079.0
LAURUSLABS,2025-08-29,874.3,856.9,895.05,810.05,31817999.0
LAURUSLABS,2025-09-30,856.75,841.8,944.0,823.1,37382672.0
LAURUSLABS,2025-10-31,845.0,953.65,972.55,843.0,53099596.0
LAURUSLABS,2025-11-28,957.95,1031.35,1033.5,955.7,33854578.0
LAURUSLABS,2025-12-31,1035.0,1108.0,1119.0,985.9,30439421.0
LAURUSLABS,2026-01-30,1108.0,965.0,1141.0,951.8,45747699.0
LAURUSLABS,2026-02-27,918.85,1075.8,1103.55,917.95,28016948.0
LAURUSLABS,2026-03-31,1030.0,992.7,1073.9,936.3,35928159.0
LAURUSLABS,2026-04-30,1020.1,1100.95,1144.85,994.25,34392710.0
LAURUSLABS,2026-05-29,1100.95,1362.0,1393.4,1100.95,47303735.0
LAURUSLABS,2026-06-30,1372.4,1517.4,1531.2,1342.9,52799368.0
LAURUSLABS,2026-07-31,1525.0,1816.2,1826.6,1448.2,53398368.0
LAURUSLABS,2026-08-31,1821.0,1915.0,1949.0,1769.4,70245824.0
LAURUSLABS,2026-09-30,1888.9,2007.0,2055.3,1811.7,33371778.0
LTFOODS,2023-09-29,159.4,166.35,173.4,159.0,7100335.0
LTFOODS,2023-10-31,165.85,164.95,183.35,150.35,29767377.0
LTFOODS,2023-11-30,166.0,217.45,220.2,164.55,53415711.0
LTFOODS,2023-12-29,218.4,203.2,234.6,193.0,29118459.0
LTFOODS,2024-01-31,204.0,197.0,211.5,190.0,20010291.0
LTFOODS,2024-02-29,198.0,179.65,201.0,175.35,18748000.0
LTFOODS,2024-03-29,179.65,187.65,196.7,160.0,43120980.0
LTFOODS,2024-04-30,189.5,215.75,221.1,186.1,25689578.0
LTFOODS,2024-05-31,216.9,205.45,233.9,198.9,22152039.0
LTFOODS,2024-06-28,214.7,256.24,275.0,186.3,30203972.0
LTFOODS,2024-07-31,259.45,292.9,301.25,244.85,38358796.0
LTFOODS,2024-08-30,293.7,379.4,379.95,289.0,27801697.0
LTFOODS,2024-09-30,382.8,398.55,447.95,379.55,38220756.0
LTFOODS,2024-10-31,401.85,390.2,427.8,338.0,23784076.0
LTFOODS,2024-11-29,397.55,397.1,406.85,332.2,15917867.0
LTFOODS,2024-12-31,397.1,419.1,451.6,391.1,12976753.0
LTFOODS,2025-01-31,422.1,390.1,441.75,326.05,13101624.0
LTFOODS,2025-02-28,385.15,339.55,411.4,329.55,9926508.0
LTFOODS,2025-03-31,335.0,381.0,396.0,316.0,11481772.0
LTFOODS,2025-04-30,382.75,346.55,388.6,288.25,18831508.0
LTFOODS,2025-05-30,345.05,439.9,441.85,330.0,21300918.0
LTFOODS,2025-06-30,439.9,486.45,498.7,389.2,44736288.0
LTFOODS,2025-07-31,485.0,486.45,518.55,465.9,26956419.0
LTFOODS,2025-08-29,485.5,421.35,490.05,420.0,13087210.0
LTFOODS,2025-09-30,422.0,405.6,480.0,398.0,17142916.0
LTFOODS,2025-10-31,407.6,420.5,433.75,384.0,16062882.0
LTFOODS,2025-11-28,420.0,408.3,421.0,396.55,9405013.0
LTFOODS,2025-12-31,413.0,389.45,417.95,362.2,14026721.0
LTFOODS,2026-01-30,389.8,372.8,391.15,333.15,9654056.0
LTFOODS,2026-02-27,360.0,402.3,442.4,350.0,20711604.0
LTFOODS,2026-03-31,369.0,363.3,471.95,359.1,132427329.0
LTFOODS,2026-04-30,371.0,430.65,438.0,370.25,9952121.0
LTFOODS,2026-05-29,430.65,392.1,439.9,388.5,5723928.0
LTFOODS,2026-06-30,393.95,367.0,397.8,364.05,13533573.0
LTFOODS,2026-07-31,367.0,410.35,416.8,367.0,18908037.0
LTFOODS,2026-08-31,414.5,446.55,490.7,408.7,54143272.0
LTFOODS,2026-09-30,448.05,422.35,466.8,408.95,8470274.0
LUMAXTECH,2023-09-29,361.1,362.0,365.0,353.2,362416.0
LUMAXTECH,2023-10-31,362.0,352.95,385.95,332.35,1999871.0
LUMAXTECH,2023-11-30,353.0,389.5,412.0,352.35,3184704.0
LUMAXTECH,2023-12-29,393.95,385.5,406.75,368.0,3139369.0
LUMAXTECH,2024-01-31,386.45,389.7,403.95,362.5,2830511.0
LUMAXTECH,2024-02-29,410.0,480.85,498.9,374.55,18585688.0
LUMAXTECH,2024-03-29,482.0,483.2,489.85,398.7,4663865.0
LUMAXTECH,2024-04-30,494.0,478.1,515.0,442.2,3326915.0
LUMAXTECH,2024-05-31,478.8,485.3,509.7,450.7,3243104.0
LUMAXTECH,2024-06-28,492.0,582.9,595.6,424.05,7731939.0
LUMAXTECH,2024-07-31,582.55,562.8,609.95,525.3,3551991.0
LUMAXTECH,2024-08-30,568.4,526.25,575.05,513.95,2188441.0
LUMAXTECH,2024-09-30,528.5,562.4,596.25,500.2,4558169.0
LUMAXTECH,2024-10-31,567.0,521.95,584.95,469.75,2024932.0
LUMAXTECH,2024-11-29,527.4,521.0,548.0,480.0,1816562.0
LUMAXTECH,2024-12-31,522.4,645.35,665.0,517.8,4544902.0
LUMAXTECH,2025-01-31,654.0,543.1,684.5,495.0,3663601.0
LUMAXTECH,2025-02-28,539.65,500.15,579.6,495.05,1686897.0
LUMAXTECH,2025-03-31,502.8,539.95,584.0,480.0,1700478.0
LUMAXTECH,2025-04-30,534.55,520.95,567.5,449.0,1686391.0
LUMAXTECH,2025-05-30,520.95,811.55,834.0,509.55,6925269.0
LUMAXTECH,2025-06-30,811.55,1176.1,1198.0,805.95,12329304.0
LUMAXTECH,2025-07-31,1190.0,1101.9,1209.0,1001.1,2489452.0
LUMAXTECH,2025-08-29,1095.4,1174.7,1254.0,954.1,4393714.0
LUMAXTECH,2025-09-30,1180.5,1249.8,1337.9,1024.6,5901132.0
LUMAXTECH,2025-10-31,1252.2,1127.7,1336.5,1120.0,3095481.0
LUMAXTECH,2025-11-28,1138.0,1536.3,1542.0,1131.3,8063493.0
LUMAXTECH,2025-12-31,1543.0,1544.5,1620.0,1396.2,4434134.0
LUMAXTECH,2026-01-30,1553.0,1348.1,1703.1,1287.0,4145378.0
LUMAXTECH,2026-02-27,1270.0,1757.4,1823.9,1221.2,7991468.0
LUMAXTECH,2026-03-31,1650.0,1522.2,1736.5,1327.8,5262633.0
LUMAXTECH,2026-04-30,1589.8,1621.4,1898.0,1535.0,5589632.0
LUMAXTECH,2026-05-29,1621.4,1724.8,1765.5,1540.1,4032606.0
LUMAXTECH,2026-06-30,1750.0,1533.6,1803.0,1497.0,4020331.0
LUMAXTECH,2026-07-31,1537.0,1568.3,1601.9,1384.4,2696119.0
LUMAXTECH,2026-08-31,1579.0,2078.5,2110.0,1579.0,10197534.0
LUMAXTECH,2026-09-30,2106.4,2026.8,2190.0,1893.7,2669292.0
MANORAMA,2023-09-29,362.65,416.66,434.96,360.0,402655.0
MANORAMA,2023-10-31,406.4,430.64,476.99,393.67,941105.0
MANORAMA,2023-11-30,430.51,411.16,452.01,394.02,987130.0
MANORAMA,2023-12-29,413.6,379.51,420.0,366.2,1030315.0
MANORAMA,2024-01-31,393.39,374.35,440.0,372.8,1969845.0
MANORAMA,2024-02-29,374.42,395.04,417.77,351.2,1785780.0
MANORAMA,2024-03-29,405.89,398.35,427.8,301.55,2992495.0
MANORAMA,2024-04-30,415.0,634.9,670.35,405.6,4580300.0
MANORAMA,2024-05-31,639.7,608.3,665.0,545.0,954903.0
MANORAMA,2024-06-28,624.0,633.75,729.5,569.35,644780.0
MANORAMA,2024-07-31,636.0,703.6,748.1,604.05,1098036.0
MANORAMA,2024-08-30,715.0,828.85,910.75,669.65,1556605.0
MANORAMA,2024-09-30,830.0,830.15,873.0,751.55,1081702.0
MANORAMA,2024-10-31,831.0,984.3,1022.8,780.0,2329816.0
MANORAMA,2024-11-29,995.0,1177.45,1250.0,958.2,1267568.0
MANORAMA,2024-12-31,1193.75,1075.75,1256.0,1045.0,985978.0
MANORAMA,2025-01-31,1085.0,1052.15,1129.0,958.05,1321293.0
MANORAMA,2025-02-28,1080.0,952.95,1109.0,910.15,1310435.0
MANORAMA,2025-03-31,914.1,1060.9,1120.0,740.5,1917467.0
MANORAMA,2025-04-30,1056.0,1274.7,1388.1,849.95,4386633.0
MANORAMA,2025-05-30,1274.7,1460.7,1513.3,1170.0,3585561.0
MANORAMA,2025-06-30,1470.0,1460.6,1486.7,1297.2,2684255.0
MANORAMA,2025-07-31,1469.5,1521.7,1760.0,1400.6,6384805.0
MANORAMA,2025-08-29,1524.5,1355.3,1540.0,1345.1,2268480.0
MANORAMA,2025-09-30,1351.1,1394.1,1489.0,1302.9,2379648.0
MANORAMA,2025-10-31,1405.4,1391.1,1569.9,1370.0,3056066.0
MANORAMA,2025-11-28,1386.1,1294.8,1405.5,1259.7,1568497.0
MANORAMA,2025-12-31,1300.1,1335.2,1388.8,1287.0,1629852.0
MANORAMA,2026-01-30,1325.1,1350.7,1433.3,1060.6,3406395.0
MANORAMA,2026-02-27,1355.0,1426.3,1519.0,1278.0,2344641.0
MANORAMA,2026-03-31,1382.0,1130.0,1408.0,1120.3,1808195.0
MANORAMA,2026-04-30,1136.1,1509.0,1524.1,1136.1,2314632.0
MANORAMA,2026-05-29,1509.0,1426.4,1638.0,1287.4,4610566.0
MANORAMA,2026-06-30,1446.9,1655.3,1672.0,1419.1,3699920.0
MANORAMA,2026-07-31,1669.4,1604.5,1676.7,1501.1,3500878.0
MANORAMA,2026-08-31,1602.9,1890.8,2043.0,1588.9,20064006.0
MANORAMA,2026-09-30,1881.5,1872.8,2149.5,1795.1,4359264.0
MARICO,2023-09-29,573.1,561.65,586.75,556.0,6723156.0
MARICO,2023-10-31,576.45,536.55,595.0,521.85,29696745.0
MARICO,2023-11-30,538.1,538.65,545.75,516.05,27094800.0
MARICO,2023-12-29,540.0,548.5,553.85,520.85,34568267.0
MARICO,2024-01-31,550.0,527.85,557.5,508.6,28196267.0
MARICO,2024-02-29,530.95,522.6,554.7,515.5,36278896.0
MARICO,2024-03-29,523.25,497.2,529.9,486.3,28878792.0
MARICO,2024-04-30,497.2,518.0,524.0,490.55,27546594.0
MARICO,2024-05-31,517.5,595.55,615.9,510.45,97222683.0
MARICO,2024-06-28,609.0,613.0,667.2,588.25,68568183.0
MARICO,2024-07-31,614.2,674.1,691.0,601.0,66814930.0
MARICO,2024-08-30,675.65,647.15,692.8,626.25,57564287.0
MARICO,2024-09-30,648.0,695.4,713.5,633.0,61973749.0
MARICO,2024-10-31,694.0,640.0,719.85,616.85,53776215.0
MARICO,2024-11-29,643.8,644.95,664.1,579.6,48581848.0
MARICO,2024-12-31,637.1,639.5,649.15,600.55,36420457.0
MARICO,2025-01-31,636.0,670.65,686.55,623.25,41059317.0
MARICO,2025-02-28,670.65,600.6,736.9,598.05,33100465.0
MARICO,2025-03-31,596.8,651.65,661.0,577.85,32225680.0
MARICO,2025-04-30,641.0,710.45,726.3,641.0,52618314.0
MARICO,2025-05-30,708.05,716.45,740.2,695.1,57293524.0
MARICO,2025-06-30,715.05,722.35,735.7,680.3,41467886.0
MARICO,2025-07-31,723.95,709.8,745.0,690.2,42903628.0
MARICO,2025-08-29,707.1,725.85,759.0,695.2,41258252.0
MARICO,2025-09-30,726.4,697.4,754.75,690.3,44180991.0
MARICO,2025-10-31,697.0,719.95,742.0,691.3,32598994.0
MARICO,2025-11-28,716.3,717.4,765.3,705.8,32961153.0
MARICO,2025-12-31,717.7,750.6,755.0,707.25,35189621.0
MARICO,2026-01-30,755.0,729.8,780.0,719.05,39618408.0
MARICO,2026-02-27,725.0,788.65,813.5,708.3,32657845.0
MARICO,2026-03-31,770.1,735.95,792.9,723.55,34525243.0
MARICO,2026-04-30,752.0,775.0,794.0,728.95,37884015.0
MARICO,2026-05-29,775.0,821.7,848.8,760.6,42465716.0
MARICO,2026-06-30,812.0,836.25,844.65,794.85,44960859.0
MARICO,2026-07-31,836.25,870.65,889.1,829.9,44003210.0
MARICO,2026-08-31,870.0,820.0,881.35,820.0,34179327.0
MARICO,2026-09-30,823.15,819.0,840.05,791.25,30473129.0
MARKSANS,2023-09-29,104.75,110.05,111.4,103.75,6797799.0
MARKSANS,2023-10-31,110.35,105.55,114.4,97.45,27067713.0
MARKSANS,2023-11-30,105.55,166.35,167.5,105.05,129051606.0
MARKSANS,2023-12-29,167.3,161.1,172.0,146.0,33485085.0
MARKSANS,2024-01-31,162.5,155.35,179.3,142.85,44889258.0
MARKSANS,2024-02-29,156.05,152.5,170.85,138.5,30879229.0
MARKSANS,2024-03-29,156.0,151.9,157.4,130.25,16341631.0
MARKSANS,2024-04-30,152.0,165.8,185.5,152.0,62322349.0
MARKSANS,2024-05-31,165.9,148.55,175.0,144.2,38822955.0
MARKSANS,2024-06-28,150.25,159.04,166.6,130.0,26811476.0
MARKSANS,2024-07-31,163.0,210.98,212.98,160.0,71762477.0
MARKSANS,2024-08-30,212.49,239.52,242.7,186.6,79722290.0
MARKSANS,2024-09-30,241.4,297.9,328.8,237.32,116703913.0
MARKSANS,2024-10-31,297.05,289.65,306.75,257.55,42188065.0
MARKSANS,2024-11-29,294.8,342.75,353.9,282.0,63642989.0
MARKSANS,2024-12-31,345.9,296.65,358.7,276.0,34727942.0
MARKSANS,2025-01-31,298.8,241.1,308.0,217.35,22439389.0
MARKSANS,2025-02-28,241.1,204.69,276.4,201.1,25736999.0
MARKSANS,2025-03-31,207.69,222.47,231.94,190.0,26372533.0
MARKSANS,2025-04-30,221.0,219.39,246.79,171.0,32996550.0
MARKSANS,2025-05-30,218.39,261.42,265.0,207.0,30320311.0
MARKSANS,2025-06-30,260.0,261.5,270.7,235.9,25650685.0
MARKSANS,2025-07-31,263.55,227.45,266.6,224.65,32782570.0
MARKSANS,2025-08-29,227.28,168.6,227.9,166.75,35082122.0
MARKSANS,2025-09-30,169.4,165.04,181.6,162.51,24757502.0
MARKSANS,2025-10-31,166.0,182.08,186.72,162.0,26620013.0
MARKSANS,2025-11-28,180.51,187.95,201.3,179.8,23039390.0
MARKSANS,2025-12-31,188.1,180.29,197.8,175.64,14400896.0
MARKSANS,2026-01-30,181.8,163.85,187.26,156.0,13735808.0
MARKSANS,2026-02-27,168.51,173.93,191.74,161.7,16333604.0
MARKSANS,2026-03-31,165.0,156.89,178.0,155.0,13419654.0
MARKSANS,2026-04-30,165.0,184.63,195.68,160.6,17845364.0
MARKSANS,2026-05-29,184.63,246.19,264.4,184.63,101297424.0
MARKSANS,2026-06-30,249.0,272.81,277.0,228.2,59082416.0
MARKSANS,2026-07-31,274.4,258.35,281.6,239.65,40035445.0
MARKSANS,2026-08-31,259.0,321.6,345.5,258.85,120283073.0
MARKSANS,2026-09-30,322.9,336.95,350.95,301.1,43983353.0
MCX,2023-09-29,357.0,409.94,427.99,355.0,114967170.0
MCX,2023-10-31,407.6,466.18,483.44,382.63,198819735.0
MCX,2023-11-30,471.0,639.07,643.8,467.57,173845350.0
MCX,2023-12-29,642.0,639.97,668.8,611.85,76635865.0
MCX,2024-01-31,639.0,682.81,690.4,591.6,56495025.0
MCX,2024-02-29,680.41,752.76,798.0,658.4,74890440.0
MCX,2024-03-29,767.0,669.92,775.57,615.05,40957220.0
MCX,2024-04-30,666.0,821.8,854.0,662.0,143371055.0
MCX,2024-05-31,823.18,726.27,829.94,718.8,47698035.0
MCX,2024-06-28,761.8,784.78,808.6,583.57,61786805.0
MCX,2024-07-31,787.99,857.94,869.37,724.06,77950175.0
MCX,2024-08-30,865.6,1036.56,1046.92,826.01,61201005.0
MCX,2024-09-30,1041.97,1132.06,1207.09,1025.12,55739765.0
MCX,2024-10-31,1140.0,1303.18,1374.0,1135.49,59335175.0
MCX,2024-11-29,1308.01,1237.07,1323.57,1164.16,31488790.0
MCX,2024-12-31,1245.0,1246.82,1409.72,1227.9,33187985.0
MCX,2025-01-31,1248.0,1146.59,1282.68,1060.26,54030360.0
MCX,2025-02-28,1146.6,998.33,1237.98,989.15,33097835.0
MCX,2025-03-31,1000.01,1062.35,1107.8,881.63,46694145.0
MCX,2025-04-30,1069.99,1225.6,1270.0,907.0,44155060.0
MCX,2025-05-30,1230.2,1320.4,1341.2,1120.0,55430235.0
MCX,2025-06-30,1322.0,1788.8,1815.0,1312.2,115278175.0
MCX,2025-07-31,1795.3,1538.6,1823.0,1522.8,60732925.0
MCX,2025-08-29,1538.8,1478.0,1687.9,1460.8,48933420.0
MCX,2025-09-30,1488.8,1559.2,1625.1,1487.6,51865765.0
MCX,2025-10-31,1562.3,1848.7,1923.4,1551.3,66947270.0
MCX,2025-11-28,1857.6,2014.7,2094.3,1762.1,54526630.0
MCX,2025-12-31,2040.0,2227.2,2243.8,1950.0,49349390.0
MCX,2026-01-30,2232.0,2528.0,2705.0,2174.0,75065002.0
MCX,2026-02-27,2212.7,2443.3,2557.0,2125.5,82474463.0
MCX,2026-03-31,2427.0,2389.4,2702.7,2260.0,76792036.0
MCX,2026-04-30,2449.9,2971.5,2985.1,2360.0,61774761.0
MCX,2026-05-29,2971.5,2954.5,3480.0,2867.0,73383270.0
MCX,2026-06-30,2967.0,2837.2,2987.5,2707.0,69265159.0
MCX,2026-07-31,2858.5,2692.2,3038.0,2577.5,54342849.0
MCX,2026-08-31,2700.0,3400.0,3400.0,2565.5,61015097.0
MCX,2026-09-30,3360.1,3324.9,3481.4,3056.6,35899279.0
METROPOLIS,2023-09-29,354.0,364.95,372.0,349.98,4167788.0
METROPOLIS,2023-10-31,366.25,351.36,395.5,340.01,33269456.0
METROPOLIS,2023-11-30,350.25,425.79,427.88,350.25,32900788.0
METROPOLIS,2023-12-29,425.51,419.54,438.71,385.0,31228320.0
METROPOLIS,2024-01-31,421.12,408.1,435.65,362.5,32613172.0
METROPOLIS,2024-02-29,408.75,400.48,457.73,393.05,30897580.0
METROPOLIS,2024-03-29,402.95,430.9,453.69,387.76,26197336.0
METROPOLIS,2024-04-30,427.25,454.44,483.38,417.9,32535132.0
METROPOLIS,2024-05-31,453.75,476.66,512.5,422.75,28971608.0
METROPOLIS,2024-06-28,485.48,494.51,516.99,449.51,15378892.0
METROPOLIS,2024-07-31,498.7,529.72,537.56,488.83,15773012.0
METROPOLIS,2024-08-30,529.72,534.95,542.42,491.27,11508548.0
METROPOLIS,2024-09-30,539.47,548.01,555.5,520.56,9942700.0
METROPOLIS,2024-10-31,550.08,536.55,579.58,520.17,11001720.0
METROPOLIS,2024-11-29,535.62,535.4,558.99,497.04,9927184.0
METROPOLIS,2024-12-31,533.71,519.16,562.38,495.01,18376056.0
METROPOLIS,2025-01-31,515.28,449.23,521.6,421.85,13997580.0
METROPOLIS,2025-02-28,447.48,396.12,468.75,391.0,19006788.0
METROPOLIS,2025-03-31,392.17,391.14,422.5,381.9,7696936.0
METROPOLIS,2025-04-30,393.5,425.38,447.0,328.75,6996668.0
METROPOLIS,2025-05-30,420.5,420.02,431.23,397.08,6260868.0
METROPOLIS,2025-06-30,420.75,426.55,443.27,411.25,8455436.0
METROPOLIS,2025-07-31,428.5,498.83,527.72,422.77,24991092.0
METROPOLIS,2025-08-29,499.0,547.12,552.22,491.45,4620284.0
METROPOLIS,2025-09-30,550.0,509.0,565.75,478.98,5121324.0
METROPOLIS,2025-10-31,508.3,492.6,540.0,471.8,8452364.0
METROPOLIS,2025-11-28,495.15,482.75,529.58,478.55,3740820.0
METROPOLIS,2025-12-31,482.58,482.23,492.27,459.02,2555388.0
METROPOLIS,2026-01-30,483.75,468.25,515.0,436.27,4075884.0
METROPOLIS,2026-02-27,476.2,475.95,511.0,459.75,3751184.0
METROPOLIS,2026-03-31,460.25,434.0,478.5,414.2,6331030.0
METROPOLIS,2026-04-30,444.0,476.5,494.4,412.25,4289961.0
METROPOLIS,2026-05-29,476.5,555.35,600.0,472.2,18263387.0
METROPOLIS,2026-06-30,560.0,540.15,563.5,515.0,5306729.0
METROPOLIS,2026-07-31,540.15,582.45,609.05,532.0,6866183.0
METROPOLIS,2026-08-31,584.95,582.35,605.0,536.6,5599188.0
METROPOLIS,2026-09-30,582.0,582.6,607.85,557.8,3840244.0
MINDACORP,2023-09-29,325.85,333.0,335.9,322.15,2366265.0
MINDACORP,2023-10-31,333.4,325.8,369.95,313.0,22159480.0
MINDACORP,2023-11-30,325.7,365.25,375.9,323.85,38658459.0
MINDACORP,2023-12-29,368.0,386.25,404.25,361.2,17383491.0
MINDACORP,2024-01-31,386.0,412.5,415.0,373.2,16251336.0
MINDACORP,2024-02-29,415.0,420.7,449.95,386.1,13371193.0
MINDACORP,2024-03-29,420.75,417.7,434.0,365.85,5566616.0
MINDACORP,2024-04-30,415.95,408.05,434.9,388.8,8997065.0
MINDACORP,2024-05-31,409.0,425.35,434.0,397.5,9978479.0
MINDACORP,2024-06-28,434.0,481.4,500.95,400.0,19700041.0
MINDACORP,2024-07-31,484.8,493.3,512.4,460.1,7292336.0
MINDACORP,2024-08-30,491.0,567.95,652.0,488.45,33792373.0
MINDACORP,2024-09-30,584.0,601.95,623.8,516.0,34236524.0
MINDACORP,2024-10-31,600.6,513.95,614.9,469.05,10323280.0
MINDACORP,2024-11-29,515.0,495.55,537.8,470.15,6400322.0
MINDACORP,2024-12-31,499.85,489.5,552.0,481.95,6991701.0
MINDACORP,2025-01-31,489.0,570.4,598.8,487.0,21309188.0
MINDACORP,2025-02-28,558.0,480.3,585.0,474.95,7991330.0
MINDACORP,2025-03-31,475.0,539.3,554.5,453.65,6186036.0
MINDACORP,2025-04-30,548.0,486.45,548.0,470.5,2738394.0
MINDACORP,2025-05-30,486.45,522.75,556.85,459.9,5782838.0
MINDACORP,2025-06-30,523.1,521.5,584.9,498.0,6502974.0
MINDACORP,2025-07-31,523.45,499.3,542.3,496.85,7438582.0
MINDACORP,2025-08-29,499.0,498.85,521.7,445.05,6814876.0
MINDACORP,2025-09-30,498.05,569.45,601.65,498.05,36486072.0
MINDACORP,2025-10-31,575.0,563.7,606.9,553.25,10145364.0
MINDACORP,2025-11-28,563.7,581.25,619.95,563.7,15602354.0
MINDACORP,2025-12-31,576.0,574.1,617.0,557.25,5537230.0
MINDACORP,2026-01-30,577.0,562.85,614.7,504.45,6200903.0
MINDACORP,2026-02-27,550.3,555.55,607.5,544.35,4892782.0
MINDACORP,2026-03-31,525.2,505.65,554.5,468.5,5372372.0
MINDACORP,2026-04-30,508.25,520.1,551.75,490.0,8427163.0
MINDACORP,2026-05-29,520.1,624.4,635.0,502.0,14313303.0
MINDACORP,2026-06-30,632.0,696.8,701.0,610.8,12880558.0
MINDACORP,2026-07-31,702.05,700.95,714.75,650.0,6364075.0
MINDACORP,2026-08-31,703.05,712.55,769.0,685.5,16591928.0
MINDACORP,2026-09-30,712.7,678.85,719.85,661.8,2789559.0
MON100,2023-09-29,121.95,120.57,123.65,118.62,1790905.0
MON100,2023-10-31,123.0,116.49,125.85,112.85,8139023.0
MON100,2023-11-30,116.5,129.85,132.8,116.38,7725929.0
MON100,2023-12-29,131.8,136.63,141.25,127.35,9031983.0
MON100,2024-01-31,136.95,140.47,145.47,132.22,8967991.0
MON100,2024-02-29,144.7,143.85,149.35,138.9,8128994.0
MON100,2024-03-29,144.87,149.38,150.8,143.2,5865730.0
MON100,2024-04-30,151.95,144.72,154.6,138.51,12129649.0
MON100,2024-05-31,146.9,150.43,156.0,140.72,9704507.0
MON100,2024-06-28,154.55,162.81,166.5,147.0,7277600.0
MON100,2024-07-31,163.56,156.3,175.0,155.5,17203791.0
MON100,2024-08-30,157.96,159.94,163.57,142.11,29670984.0
MON100,2024-09-30,162.15,163.08,165.7,151.15,14530749.0
MON100,2024-10-31,164.0,166.27,171.9,159.2,9869380.0
MON100,2024-11-29,166.27,175.88,177.9,161.42,13455928.0
MON100,2024-12-31,177.5,214.21,218.74,175.12,17490938.0
MON100,2025-01-31,212.4,206.37,221.7,187.02,19057650.0
MON100,2025-02-28,209.0,183.93,213.6,181.1,16834780.0
MON100,2025-03-31,182.0,181.45,192.0,173.99,16034668.0
MON100,2025-04-30,183.88,169.55,183.88,159.3,40603551.0
MON100,2025-05-30,169.55,179.04,182.23,167.32,26796732.0
MON100,2025-06-30,178.8,192.97,193.75,177.2,15892850.0
MON100,2025-07-31,193.63,208.29,209.4,189.2,15923047.0
MON100,2025-08-29,209.89,204.42,209.89,197.81,13545327.0
MON100,2025-09-30,203.88,222.38,225.0,200.7,17244670.0
MON100,2025-10-31,223.88,244.55,258.8,217.32,32372468.0
MON100,2025-11-28,246.0,231.75,247.94,229.56,21742195.0
MON100,2025-12-31,234.48,231.63,241.95,229.06,16436821.0
MON100,2026-01-30,234.0,230.56,239.85,223.0,19588947.0
MON100,2026-02-27,229.0,225.19,239.5,222.0,17851389.0
MON100,2026-03-31,230.81,231.54,236.95,213.01,23922094.0
MON100,2026-04-30,235.0,299.17,301.29,231.9,25038931.0
MON100,2026-05-29,299.17,336.1,336.1,298.59,12372913.0
MON100,2026-06-30,335.83,325.72,342.55,315.55,17745294.0
MON100,2026-07-31,329.91,305.18,335.9,305.18,11629810.0
MON100,2026-08-31,315.45,332.2,336.81,315.45,7358930.0
MON100,2026-09-30,329.32,324.11,354.9,318.02,15255039.0
MOTHERSON,2023-09-29,64.33,64.0,65.2,63.37,65051545.0
MOTHERSON,2023-10-31,64.03,61.3,65.67,59.13,216836047.0
MOTHERSON,2023-11-30,61.8,61.37,62.47,57.87,312134553.0
MOTHERSON,2023-12-29,61.93,67.97,68.57,60.13,496665290.0
MOTHERSON,2024-01-31,68.53,75.5,78.67,67.57,749270732.0
MOTHERSON,2024-02-29,76.13,79.47,82.27,72.97,433326308.0
MOTHERSON,2024-03-29,79.57,78.07,84.33,71.67,1171202877.0
MOTHERSON,2024-04-30,78.1,87.47,88.93,77.87,537561863.0
MOTHERSON,2024-05-31,87.33,100.83,104.63,81.63,741377311.0
MOTHERSON,2024-06-28,106.47,126.87,133.47,89.67,996921672.0
MOTHERSON,2024-07-31,129.03,131.05,139.25,120.74,661437172.0
MOTHERSON,2024-08-30,131.6,130.19,133.89,113.54,662111110.0
MOTHERSON,2024-09-30,130.19,140.93,144.66,121.39,776479416.0
MOTHERSON,2024-10-31,141.33,120.63,143.91,119.77,434394891.0
MOTHERSON,2024-11-29,120.77,108.31,126.49,105.87,519655482.0
MOTHERSON,2024-12-31,108.31,104.08,116.38,101.6,554427441.0
MOTHERSON,2025-01-31,104.19,94.17,107.85,90.67,344855061.0
MOTHERSON,2025-02-28,94.4,79.06,95.57,77.81,696288328.0
MOTHERSON,2025-03-31,79.55,87.31,91.45,77.22,426813303.0
MOTHERSON,2025-04-30,87.31,88.85,92.99,71.5,583025612.0
MOTHERSON,2025-05-30,88.58,102.08,105.77,87.08,572891326.0
MOTHERSON,2025-06-30,102.6,103.22,108.17,96.79,373939556.0
MOTHERSON,2025-07-31,103.23,97.17,105.95,95.55,322060649.0
MOTHERSON,2025-08-29,97.17,92.75,99.85,89.7,284019643.0
MOTHERSON,2025-09-30,94.4,105.65,112.6,93.42,577669227.0
MOTHERSON,2025-10-31,105.6,105.39,109.65,101.01,257049916.0
MOTHERSON,2025-11-28,105.4,116.31,117.7,101.08,453512880.0
MOTHERSON,2025-12-31,116.5,119.94,122.8,113.13,295643168.0
MOTHERSON,2026-01-30,120.4,112.9,124.71,106.32,289242408.0
MOTHERSON,2026-02-27,111.47,133.34,136.15,109.62,412164658.0
MOTHERSON,2026-03-31,126.2,105.08,131.8,104.72,406342190.0
MOTHERSON,2026-04-30,107.99,121.21,132.99,102.82,482907373.0
MOTHERSON,2026-05-29,121.21,145.74,151.77,118.41,539065693.0
MOTHERSON,2026-06-30,146.01,148.11,155.25,138.03,499811663.0
MOTHERSON,2026-07-31,148.25,150.75,152.4,136.71,361180061.0
MOTHERSON,2026-08-31,152.9,170.68,173.27,148.34,425387376.0
MOTHERSON,2026-09-30,170.0,165.71,170.0,156.4,207373471.0
MSTCLTD,2023-09-29,405.6,430.85,441.3,396.5,2189177.0
MSTCLTD,2023-10-31,432.0,442.15,533.0,410.5,15931494.0
MSTCLTD,2023-11-30,444.3,424.9,457.85,418.2,5491954.0
MSTCLTD,2023-12-29,427.0,669.2,689.6,417.3,44304553.0
MSTCLTD,2024-01-31,673.65,1060.85,1165.0,617.0,38866982.0
MSTCLTD,2024-02-29,1077.4,909.25,1157.05,861.0,15089596.0
MSTCLTD,2024-03-29,917.95,831.7,978.8,760.0,7289936.0
MSTCLTD,2024-04-30,839.9,901.15,947.9,834.3,5636897.0
MSTCLTD,2024-05-31,908.0,891.2,1025.5,780.0,7192046.0
MSTCLTD,2024-06-28,929.4,857.3,944.05,691.1,6834588.0
MSTCLTD,2024-07-31,858.0,933.55,1036.9,800.0,13923602.0
MSTCLTD,2024-08-30,936.0,818.7,944.85,796.2,6535774.0
MSTCLTD,2024-09-30,822.8,668.05,822.8,664.45,4852664.0
MSTCLTD,2024-10-31,671.0,664.65,738.5,600.1,7404879.0
MSTCLTD,2024-11-29,668.9,719.6,745.05,557.75,5701160.0
MSTCLTD,2024-12-31,723.0,679.0,809.75,650.0,7685415.0
MSTCLTD,2025-01-31,678.95,612.85,724.3,540.45,4583697.0
MSTCLTD,2025-02-28,614.05,433.7,634.9,424.5,6213821.0
MSTCLTD,2025-03-31,434.95,509.9,548.8,411.1,8045881.0
MSTCLTD,2025-04-30,510.0,513.0,565.0,460.55,4310326.0
MSTCLTD,2025-05-30,516.0,555.85,582.45,473.4,5319631.0
MSTCLTD,2025-06-30,554.85,548.6,574.95,490.05,5652724.0
MSTCLTD,2025-07-31,548.6,478.05,562.5,474.95,3171948.0
MSTCLTD,2025-08-29,478.8,451.25,490.2,431.35,5156041.0
MSTCLTD,2025-09-30,460.0,476.4,546.4,451.35,6059594.0
MSTCLTD,2025-10-31,476.4,541.15,558.3,474.0,8873604.0
MSTCLTD,2025-11-28,540.2,492.5,565.85,479.6,3118277.0
MSTCLTD,2025-12-31,493.6,522.9,537.3,441.35,3299480.0
MSTCLTD,2026-01-30,522.9,461.7,541.2,447.6,2959027.0
MSTCLTD,2026-02-27,453.25,457.2,509.35,429.0,3351298.0
MSTCLTD,2026-03-31,443.05,365.85,454.15,362.15,3781914.0
MSTCLTD,2026-04-30,379.95,433.15,493.0,376.85,5282881.0
MSTCLTD,2026-05-29,433.15,440.5,464.0,411.0,2639959.0
MSTCLTD,2026-06-30,474.0,709.4,726.7,442.0,70106496.0
MSTCLTD,2026-07-31,706.9,618.2,743.9,579.5,11318051.0
MSTCLTD,2026-08-31,630.0,751.1,763.0,570.0,8564214.0
MSTCLTD,2026-09-30,753.95,740.8,805.0,671.0,5625850.0
NAVINFLUOR,2023-09-29,4455.0,3766.7,4524.8,3726.65,3939545.0
NAVINFLUOR,2023-10-31,3800.0,3438.25,3863.0,3356.55,7429118.0
NAVINFLUOR,2023-11-30,3390.0,3701.1,3744.45,3375.0,3538511.0
NAVINFLUOR,2023-12-29,3720.0,3853.2,3979.45,3680.2,3122796.0
NAVINFLUOR,2024-01-31,3852.0,3417.5,3897.4,3286.8,4906068.0
NAVINFLUOR,2024-02-29,3415.6,3021.1,3422.6,2988.95,6173959.0
NAVINFLUOR,2024-03-29,3021.1,3114.3,3188.0,2899.25,3587444.0
NAVINFLUOR,2024-04-30,3160.0,3419.25,3465.7,3037.05,6162055.0
NAVINFLUOR,2024-05-31,3423.95,3187.4,3498.0,3170.15,5720332.0
NAVINFLUOR,2024-06-28,3275.0,3574.25,3847.7,2875.95,5688595.0
NAVINFLUOR,2024-07-31,3604.45,3800.95,3820.95,3424.9,5875313.0
NAVINFLUOR,2024-08-30,3790.0,3298.4,3790.0,3226.4,4378962.0
NAVINFLUOR,2024-09-30,3300.75,3441.35,3477.0,3160.4,3226109.0
NAVINFLUOR,2024-10-31,3445.0,3329.85,3612.85,3181.3,5363340.0
NAVINFLUOR,2024-11-29,3379.0,3507.9,3560.25,3204.6,1939083.0
NAVINFLUOR,2024-12-31,3480.0,3245.8,3669.4,3180.0,2609312.0
NAVINFLUOR,2025-01-31,3246.3,4148.7,4299.05,3202.15,10724423.0
NAVINFLUOR,2025-02-28,4121.0,3762.25,4289.0,3605.0,4257743.0
NAVINFLUOR,2025-03-31,3750.0,4210.85,4381.0,3566.0,2346289.0
NAVINFLUOR,2025-04-30,4204.0,4521.6,4562.1,3670.6,4650642.0
NAVINFLUOR,2025-05-30,4484.0,4261.2,4748.0,4189.4,3665491.0
NAVINFLUOR,2025-06-30,4262.1,4820.1,4922.0,4225.0,3272909.0
NAVINFLUOR,2025-07-31,4849.9,5047.8,5444.0,4770.0,3553157.0
NAVINFLUOR,2025-08-29,5052.0,4687.5,5260.0,4652.0,1700604.0
NAVINFLUOR,2025-09-30,4631.0,4621.5,4995.0,4498.5,1846475.0
NAVINFLUOR,2025-10-31,4647.6,5687.4,5839.0,4514.5,6902833.0
NAVINFLUOR,2025-11-28,5700.0,5735.5,6168.5,5667.0,6113418.0
NAVINFLUOR,2025-12-31,5788.0,5920.0,6223.0,5440.0,3658156.0
NAVINFLUOR,2026-01-30,5950.0,6099.0,6273.5,5606.5,2909730.0
NAVINFLUOR,2026-02-27,5948.0,6256.5,6965.0,5801.5,6191044.0
NAVINFLUOR,2026-03-31,5960.0,6162.5,6660.0,5866.0,3583167.0
NAVINFLUOR,2026-04-30,6248.0,6821.0,7200.0,5666.5,6008809.0
NAVINFLUOR,2026-05-29,6821.0,7129.0,7525.0,6755.5,3894831.0
NAVINFLUOR,2026-06-30,7125.5,7687.0,7748.0,6786.0,2821008.0
NAVINFLUOR,2026-07-31,7730.0,7567.5,7936.0,7289.0,2841586.0
NAVINFLUOR,2026-08-31,7650.0,8675.5,8775.5,7510.0,7159178.0
NAVINFLUOR,2026-09-30,8688.0,8584.5,8949.5,8100.0,2334210.0
NEOGEN,2023-09-29,1695.0,1758.3,1781.9,1694.35,133700.0
NEOGEN,2023-10-31,1776.7,1591.25,1859.3,1510.05,754855.0
NEOGEN,2023-11-30,1590.85,1510.2,1607.9,1506.0,392486.0
NEOGEN,2023-12-29,1502.65,1480.05,1560.0,1463.05,813196.0
NEOGEN,2024-01-31,1488.0,1463.55,1524.8,1386.8,902709.0
NEOGEN,2024-02-29,1492.0,1322.5,1492.0,1243.25,712337.0
NEOGEN,2024-03-29,1323.0,1196.2,1365.0,1176.0,561864.0
NEOGEN,2024-04-30,1201.2,1542.5,1593.45,1197.05,1635646.0
NEOGEN,2024-05-31,1549.95,1481.95,1628.5,1409.1,681999.0
NEOGEN,2024-06-28,1541.85,1588.3,1745.05,1378.05,3115815.0
NEOGEN,2024-07-31,1595.0,1669.0,1718.2,1488.3,891381.0
NEOGEN,2024-08-30,1650.05,1488.0,1823.55,1480.0,1191218.0
NEOGEN,2024-09-30,1503.75,2066.6,2390.0,1445.85,5787826.0
NEOGEN,2024-10-31,2055.05,2168.7,2273.25,1846.5,1397106.0
NEOGEN,2024-11-29,2194.95,2096.2,2360.0,1868.0,1010048.0
NEOGEN,2024-12-31,2149.0,2231.15,2420.0,1983.55,1396903.0
NEOGEN,2025-01-31,2186.5,1905.75,2235.45,1649.65,868239.0
NEOGEN,2025-02-28,1893.15,1669.1,2191.0,1626.55,1052562.0
NEOGEN,2025-03-31,1660.1,1543.35,1926.0,1528.05,1225842.0
NEOGEN,2025-04-30,1575.0,1524.2,1728.9,1392.75,1031475.0
NEOGEN,2025-05-30,1530.0,1680.2,1760.0,1458.0,900709.0
NEOGEN,2025-06-30,1680.0,1656.7,1797.0,1562.1,814605.0
NEOGEN,2025-07-31,1656.0,1541.6,1670.0,1513.3,481751.0
NEOGEN,2025-08-29,1545.7,1404.2,1575.0,1390.0,642732.0
NEOGEN,2025-09-30,1426.0,1500.5,1608.7,1425.0,1420779.0
NEOGEN,2025-10-31,1500.0,1442.6,1557.2,1435.8,499034.0
NEOGEN,2025-11-28,1442.6,1125.3,1485.8,1118.9,1859365.0
NEOGEN,2025-12-31,1127.6,1184.2,1199.0,966.7,14667227.0
NEOGEN,2026-01-30,1184.2,1216.5,1346.4,1090.5,2175902.0
NEOGEN,2026-02-27,1243.5,1464.3,1488.9,1180.0,1481441.0
NEOGEN,2026-03-31,1360.0,1112.0,1501.0,1101.2,1838013.0
NEOGEN,2026-04-30,1124.1,1637.5,1720.0,1124.1,2503961.0
NEOGEN,2026-05-29,1637.5,1858.1,1887.0,1547.0,1984027.0
NEOGEN,2026-06-30,1880.0,2024.9,2090.0,1752.0,3164874.0
NEOGEN,2026-07-31,2030.0,2023.1,2374.0,1920.0,3131537.0
NEOGEN,2026-08-31,2055.7,2201.2,2483.9,1984.6,4595974.0
NEOGEN,2026-09-30,2245.3,2385.2,2499.7,2113.1,4174362.0
NEULANDLAB,2023-09-29,3646.8,3688.3,3850.0,3621.2,117796.0
NEULANDLAB,2023-10-31,3699.95,3870.6,4191.0,3611.1,512623.0
NEULANDLAB,2023-11-30,3869.05,5466.95,5524.3,3805.05,1285707.0
NEULANDLAB,2023-12-29,5597.95,5291.4,5601.4,4926.05,997838.0
NEULANDLAB,2024-01-31,5360.0,6413.65,6680.45,5021.1,902324.0
NEULANDLAB,2024-02-29,6413.65,7161.95,7318.3,6104.95,956024.0
NEULANDLAB,2024-03-29,7210.0,6322.15,7303.25,5549.85,943140.0
NEULANDLAB,2024-04-30,6250.0,7593.45,7790.0,5989.95,792719.0
NEULANDLAB,2024-05-31,7700.0,6042.5,7763.95,5968.35,767508.0
NEULANDLAB,2024-06-28,6250.0,7484.9,7689.8,5540.1,696951.0
NEULANDLAB,2024-07-31,7650.0,8758.35,9099.9,7496.05,697398.0
NEULANDLAB,2024-08-30,8798.15,12502.2,12710.5,8756.0,1527815.0
NEULANDLAB,2024-09-30,12502.2,12386.4,13630.0,11601.0,648510.0
NEULANDLAB,2024-10-31,12385.6,14606.6,16524.95,11100.0,972104.0
NEULANDLAB,2024-11-29,14849.0,16709.3,16877.7,12816.0,1012302.0
NEULANDLAB,2024-12-31,16738.35,13723.8,18100.0,13366.7,1927710.0
NEULANDLAB,2025-01-31,13785.85,14123.35,15165.85,12370.0,822009.0
NEULANDLAB,2025-02-28,14125.0,10611.0,15220.0,10222.65,975053.0
NEULANDLAB,2025-03-31,10704.95,12071.55,12797.4,10190.7,849857.0
NEULANDLAB,2025-04-30,11980.0,11992.0,13388.0,10400.15,975300.0
NEULANDLAB,2025-05-30,12107.0,11503.0,13170.0,10578.0,1023420.0
NEULANDLAB,2025-06-30,11520.0,12000.0,13950.0,11412.0,1628434.0
NEULANDLAB,2025-07-31,12050.0,13281.0,15500.0,11572.0,3341618.0
NEULANDLAB,2025-08-29,12761.0,13455.0,14079.0,12251.0,1220365.0
NEULANDLAB,2025-09-30,13464.0,14605.0,16440.0,13212.0,1313954.0
NEULANDLAB,2025-10-31,14700.0,16473.0,16776.0,14670.0,787764.0
NEULANDLAB,2025-11-28,16552.0,17288.0,19747.0,16025.0,1493417.0
NEULANDLAB,2025-12-31,17288.0,15175.0,17550.0,14840.0,1572099.0
NEULANDLAB,2026-01-30,15277.0,13251.0,15490.0,12447.0,784929.0
NEULANDLAB,2026-02-27,13538.0,12825.0,14170.0,12552.0,1142494.0
NEULANDLAB,2026-03-31,12594.0,12027.0,13150.0,11500.0,584517.0
NEULANDLAB,2026-04-30,12250.0,15003.0,15491.0,12060.0,828538.0
NEULANDLAB,2026-05-29,15003.0,17088.0,18305.0,15003.0,1782475.0
NEULANDLAB,2026-06-30,17102.0,18579.0,18775.0,16401.0,993380.0
NEULANDLAB,2026-07-31,18750.0,19043.0,20089.0,18055.0,836209.0
NEULANDLAB,2026-08-31,19149.0,23010.0,23881.0,19005.0,2308354.0
NEULANDLAB,2026-09-30,23010.0,21890.0,24225.0,21800.0,816884.0
NGLFINE,2023-09-29,2006.85,1960.6,2060.0,1950.0,12553.0
NGLFINE,2023-10-31,1979.3,1802.0,2045.0,1728.1,78047.0
NGLFINE,2023-11-30,1802.0,1979.25,2050.0,1785.0,96069.0
NGLFINE,2023-12-29,1952.0,2230.45,2249.5,1850.0,152858.0
NGLFINE,2024-01-31,2240.0,1898.9,2244.5,1862.05,74378.0
NGLFINE,2024-02-29,1950.0,2038.15,2195.7,1773.05,143462.0
NGLFINE,2024-03-29,2050.65,2094.0,2288.5,1922.0,130993.0
NGLFINE,2024-04-30,2094.0,2548.95,2823.9,2077.35,346459.0
NGLFINE,2024-05-31,2578.85,2241.8,2698.0,2155.05,138522.0
NGLFINE,2024-06-28,2295.0,2354.45,2525.7,2090.0,78464.0
NGLFINE,2024-07-31,2365.0,2653.55,2777.95,2305.4,194785.0
NGLFINE,2024-08-30,2653.55,2152.5,2736.9,2125.55,209433.0
NGLFINE,2024-09-30,2152.5,2019.4,2374.0,2000.0,98796.0
NGLFINE,2024-10-31,2019.45,1977.1,2178.9,1800.0,57061.0
NGLFINE,2024-11-29,2029.9,1825.15,2140.0,1702.35,58659.0
NGLFINE,2024-12-31,1825.15,1811.15,2077.45,1742.35,62869.0
NGLFINE,2025-01-31,1818.9,1646.25,1847.45,1583.75,50667.0
NGLFINE,2025-02-28,1665.2,1058.6,2050.0,957.0,529339.0
NGLFINE,2025-03-31,1058.0,1133.0,1225.0,980.5,87352.0
NGLFINE,2025-04-30,1129.0,1093.9,1203.9,1021.0,43963.0
NGLFINE,2025-05-30,1090.0,1138.5,1374.9,1051.0,46026.0
NGLFINE,2025-06-30,1115.8,1101.6,1115.8,980.0,25324.0
NGLFINE,2025-07-31,1103.0,1314.3,1490.0,1103.0,67111.0
NGLFINE,2025-08-29,1345.9,1422.7,1499.0,1175.5,52924.0
NGLFINE,2025-09-30,1432.0,1405.4,1564.9,1331.7,59152.0
NGLFINE,2025-10-31,1419.3,1504.3,1563.8,1410.0,52634.0
NGLFINE,2025-11-28,1511.6,1340.9,1650.0,1294.7,63535.0
NGLFINE,2025-12-31,1325.2,1406.2,1433.9,1271.0,50005.0
NGLFINE,2026-01-30,1413.2,1677.3,1800.0,1357.0,71112.0
NGLFINE,2026-02-27,1730.0,2301.2,2575.0,1659.2,228195.0
NGLFINE,2026-03-31,2232.0,2057.1,2575.0,1998.1,119759.0
NGLFINE,2026-04-30,2100.0,2214.5,2495.0,2021.3,135852.0
NGLFINE,2026-05-29,2214.5,2785.1,3005.0,2106.1,484928.0
NGLFINE,2026-06-30,2834.4,3107.5,3232.0,2550.0,514132.0
NGLFINE,2026-07-31,3062.0,3260.3,3349.0,2900.0,198886.0
NGLFINE,2026-08-31,3299.0,2649.5,3602.0,2620.0,349178.0
NGLFINE,2026-09-30,2640.0,2906.1,2999.8,2505.1,216499.0
NH,2023-09-29,1066.9,1085.5,1103.0,1057.45,1353965.0
NH,2023-10-31,1090.95,996.0,1132.8,979.95,4231016.0
NH,2023-11-30,1004.3,1225.6,1314.1,989.0,10559261.0
NH,2023-12-29,1230.5,1201.95,1248.0,1152.2,6131775.0
NH,2024-01-31,1205.0,1316.85,1338.0,1147.05,8036176.0
NH,2024-02-29,1330.0,1341.95,1444.9,1303.85,8922832.0
NH,2024-03-29,1339.05,1283.8,1340.2,1175.0,7959628.0
NH,2024-04-30,1292.5,1287.1,1375.0,1211.35,5746366.0
NH,2024-05-31,1290.0,1189.25,1311.0,1121.0,6450441.0
NH,2024-06-28,1220.0,1204.75,1319.8,1080.0,10286039.0
NH,2024-07-31,1214.4,1256.25,1294.5,1202.4,9427351.0
NH,2024-08-30,1264.8,1268.95,1311.0,1171.0,6531410.0
NH,2024-09-30,1279.0,1251.05,1392.95,1201.45,9631859.0
NH,2024-10-31,1251.05,1272.8,1297.5,1189.3,4907977.0
NH,2024-11-29,1260.0,1266.7,1319.7,1185.0,5530950.0
NH,2024-12-31,1270.0,1272.8,1347.15,1248.0,6728371.0
NH,2025-01-31,1270.0,1387.15,1401.85,1256.55,6399479.0
NH,2025-02-28,1379.0,1444.5,1514.7,1300.95,12197635.0
NH,2025-03-31,1450.0,1692.05,1724.35,1450.0,40084105.0
NH,2025-04-30,1693.85,1760.5,1871.6,1451.05,12072802.0
NH,2025-05-30,1770.0,1743.9,1869.9,1702.0,10061377.0
NH,2025-06-30,1745.0,2170.4,2370.2,1722.3,12339238.0
NH,2025-07-31,2180.0,1915.2,2201.3,1909.8,10021291.0
NH,2025-08-29,1915.2,1753.8,1963.7,1700.0,6464973.0
NH,2025-09-30,1754.0,1737.6,1844.0,1692.5,6427071.0
NH,2025-10-31,1730.0,1757.4,1852.0,1715.0,6979356.0
NH,2025-11-28,1768.0,1945.5,2093.3,1735.0,30454100.0
NH,2025-12-31,1965.7,1892.0,1975.0,1803.0,7087851.0
NH,2026-01-30,1880.0,1767.9,1953.2,1705.1,6556574.0
NH,2026-02-27,1792.9,1830.9,1900.0,1688.3,6028639.0
NH,2026-03-31,1789.8,1605.3,1823.9,1599.6,6408595.0
NH,2026-04-30,1648.6,1766.6,1838.0,1589.0,4539764.0
NH,2026-05-29,1766.6,1894.0,1968.0,1741.2,8719312.0
NH,2026-06-30,1912.5,1971.7,2002.3,1833.6,6740454.0
NH,2026-07-31,1979.7,2029.2,2092.9,1952.0,5203183.0
NH,2026-08-31,1999.0,1907.2,1999.0,1781.0,8189777.0
NH,2026-09-30,1919.8,1861.4,1949.6,1811.0,3315718.0
NILKAMAL,2023-09-29,2301.0,2268.3,2368.1,2249.6,13933.0
NILKAMAL,2023-10-31,2268.25,2380.9,2460.0,2201.0,87125.0
NILKAMAL,2023-11-30,2360.5,2214.1,2399.2,2151.05,54427.0
NILKAMAL,2023-12-29,2215.0,2238.15,2335.0,2195.05,95253.0
NILKAMAL,2024-01-31,2246.4,2162.25,2263.05,2145.0,161175.0
NILKAMAL,2024-02-29,2173.1,1949.7,2199.0,1945.0,107043.0
NILKAMAL,2024-03-29,1959.45,1705.75,1979.85,1690.0,116127.0
NILKAMAL,2024-04-30,1705.8,1954.55,2115.25,1705.8,694964.0
NILKAMAL,2024-05-31,1964.35,1804.75,1990.15,1794.0,299416.0
NILKAMAL,2024-06-28,1830.0,1949.65,2105.0,1735.0,266287.0
NILKAMAL,2024-07-31,1951.0,1933.55,2053.95,1895.05,658923.0
NILKAMAL,2024-08-30,1922.05,1866.5,1931.05,1795.55,267628.0
NILKAMAL,2024-09-30,1872.0,1920.4,1984.95,1828.0,285342.0
NILKAMAL,2024-10-31,1919.55,1946.4,2069.05,1815.0,241176.0
NILKAMAL,2024-11-29,1921.3,1879.9,2001.95,1790.0,108119.0
NILKAMAL,2024-12-31,1879.9,1907.85,1975.0,1870.0,78173.0
NILKAMAL,2025-01-31,1912.8,1719.3,2020.0,1683.6,74947.0
NILKAMAL,2025-02-28,1732.15,1578.9,1819.45,1572.05,78138.0
NILKAMAL,2025-03-31,1606.0,1537.7,1660.95,1494.05,107273.0
NILKAMAL,2025-04-30,1537.95,1612.7,1677.4,1530.35,52807.0
NILKAMAL,2025-05-30,1595.0,1763.2,1844.0,1561.0,84806.0
NILKAMAL,2025-06-30,1761.4,1786.2,1799.0,1656.0,58521.0
NILKAMAL,2025-07-31,1794.0,1686.0,1865.0,1680.0,157575.0
NILKAMAL,2025-08-29,1697.5,1559.1,1697.5,1535.0,79968.0
NILKAMAL,2025-09-30,1567.3,1551.6,1612.0,1499.8,97993.0
NILKAMAL,2025-10-31,1536.1,1512.6,1600.0,1505.2,54628.0
NILKAMAL,2025-11-28,1515.3,1411.8,1589.0,1395.8,108479.0
NILKAMAL,2025-12-31,1421.0,1379.2,1454.9,1330.7,66303.0
NILKAMAL,2026-01-30,1366.7,1390.9,1426.8,1350.0,76314.0
NILKAMAL,2026-02-27,1374.7,1374.3,1570.4,1364.7,177319.0
NILKAMAL,2026-03-31,1341.0,1066.7,1367.4,1050.5,141847.0
NILKAMAL,2026-04-30,1089.0,1298.6,1370.7,1089.0,99145.0
NILKAMAL,2026-05-29,1350.0,1279.2,1379.0,1225.5,167168.0
NILKAMAL,2026-06-30,1273.1,1259.2,1367.8,1250.0,208345.0
NILKAMAL,2026-07-31,1267.5,1797.8,1983.5,1255.1,4725397.0
NILKAMAL,2026-08-31,1789.0,2006.2,2118.6,1640.0,2845810.0
NILKAMAL,2026-09-30,2006.2,1884.0,2149.5,1832.1,442827.0
NRBBEARING,2023-09-29,282.0,279.9,292.0,271.1,1381275.0
NRBBEARING,2023-10-31,279.7,259.95,281.4,245.15,4098670.0
NRBBEARING,2023-11-30,259.55,276.55,283.0,249.35,4293239.0
NRBBEARING,2023-12-29,277.0,335.85,342.3,273.45,10964125.0
NRBBEARING,2024-01-31,341.45,344.15,401.55,332.05,9061891.0
NRBBEARING,2024-02-29,347.9,309.35,389.0,308.75,4646157.0
NRBBEARING,2024-03-29,311.9,268.05,326.0,249.75,3146298.0
NRBBEARING,2024-04-30,271.05,314.55,339.5,271.05,8028440.0
NRBBEARING,2024-05-31,315.6,314.4,364.9,300.6,7432913.0
NRBBEARING,2024-06-28,330.5,349.35,371.0,277.8,9244695.0
NRBBEARING,2024-07-31,351.0,327.1,356.7,310.1,3298321.0
NRBBEARING,2024-08-30,327.4,323.0,335.6,297.1,2184036.0
NRBBEARING,2024-09-30,322.0,301.85,332.95,298.35,3671557.0
NRBBEARING,2024-10-31,301.85,257.95,302.6,242.6,3424399.0
NRBBEARING,2024-11-29,260.3,292.0,306.55,258.3,5925396.0
NRBBEARING,2024-12-31,291.0,279.7,314.6,275.8,5670733.0
NRBBEARING,2025-01-31,277.15,255.15,293.9,240.0,2537171.0
NRBBEARING,2025-02-28,254.0,206.85,258.9,201.1,3505465.0
NRBBEARING,2025-03-31,206.99,203.02,225.59,191.45,3480717.0
NRBBEARING,2025-04-30,204.35,217.41,248.88,196.76,3460427.0
NRBBEARING,2025-05-30,214.0,269.62,279.0,208.04,5879103.0
NRBBEARING,2025-06-30,270.0,302.5,304.2,247.75,7146388.0
NRBBEARING,2025-07-31,305.0,289.0,310.0,278.15,3614819.0
NRBBEARING,2025-08-29,289.0,282.05,304.2,268.0,2488529.0
NRBBEARING,2025-09-30,282.25,283.75,301.0,267.2,3865296.0
NRBBEARING,2025-10-31,282.0,273.8,297.5,257.3,3198113.0
NRBBEARING,2025-11-28,273.95,292.15,295.7,264.05,4028569.0
NRBBEARING,2025-12-31,290.55,269.15,313.25,267.6,7274617.0
NRBBEARING,2026-01-30,270.35,255.4,284.3,230.0,4694547.0
NRBBEARING,2026-02-27,250.0,271.05,297.1,244.0,3388549.0
NRBBEARING,2026-03-31,262.25,216.2,278.8,212.55,3660114.0
NRBBEARING,2026-04-30,225.9,284.02,308.0,223.69,4194026.0
NRBBEARING,2026-05-29,289.0,370.0,390.0,285.0,21949561.0
NRBBEARING,2026-06-30,374.0,444.0,467.6,349.45,37220033.0
NRBBEARING,2026-07-31,448.75,409.9,449.25,382.4,7899550.0
NRBBEARING,2026-08-31,418.4,473.85,503.9,416.5,12113799.0
NRBBEARING,2026-09-30,473.0,534.8,548.8,441.2,19242721.0
PARAGMILK,2023-09-29,197.4,213.95,216.8,195.0,5674163.0
PARAGMILK,2023-10-31,216.5,203.85,230.55,190.65,20021034.0
PARAGMILK,2023-11-30,204.7,223.55,229.5,204.7,13732312.0
PARAGMILK,2023-12-29,225.0,232.35,263.4,219.0,17951263.0
PARAGMILK,2024-01-31,234.2,205.6,237.0,189.2,16102399.0
PARAGMILK,2024-02-29,207.25,243.0,289.75,205.8,58468621.0
PARAGMILK,2024-03-29,245.55,207.9,250.8,188.4,23064241.0
PARAGMILK,2024-04-30,211.55,211.95,225.0,203.15,20088328.0
PARAGMILK,2024-05-31,213.5,168.9,218.9,165.25,23207282.0
PARAGMILK,2024-06-28,173.0,175.19,189.38,149.8,14236839.0
PARAGMILK,2024-07-31,175.8,194.36,211.98,173.5,33667640.0
PARAGMILK,2024-08-30,195.39,190.85,204.95,182.01,16607168.0
PARAGMILK,2024-09-30,191.98,192.48,197.03,174.01,11397011.0
PARAGMILK,2024-10-31,193.2,207.0,236.7,190.01,65884131.0
PARAGMILK,2024-11-29,208.05,207.11,224.95,195.01,22495731.0
PARAGMILK,2024-12-31,208.4,188.15,219.9,182.0,15868117.0
PARAGMILK,2025-01-31,188.8,170.08,192.5,145.99,10259116.0
PARAGMILK,2025-02-28,167.39,144.41,188.0,143.11,8134518.0
PARAGMILK,2025-03-31,145.1,149.45,168.26,135.49,12772179.0
PARAGMILK,2025-04-30,151.0,179.89,193.6,151.0,17553350.0
PARAGMILK,2025-05-30,180.02,210.86,221.72,180.0,33466420.0
PARAGMILK,2025-06-30,210.89,221.8,232.19,204.87,27267262.0
PARAGMILK,2025-07-31,222.8,245.94,261.2,221.0,37439491.0
PARAGMILK,2025-08-29,245.52,226.78,251.95,211.6,10050556.0
PARAGMILK,2025-09-30,226.1,259.67,316.4,226.1,42571399.0
PARAGMILK,2025-10-31,261.1,311.55,324.45,258.8,31039632.0
PARAGMILK,2025-11-28,312.0,332.25,376.95,309.0,39424770.0
PARAGMILK,2025-12-31,332.95,290.45,340.9,278.05,13818475.0
PARAGMILK,2026-01-30,290.05,253.15,307.3,244.3,12649881.0
PARAGMILK,2026-02-27,243.3,202.45,265.0,187.6,20083368.0
PARAGMILK,2026-03-31,193.0,179.86,210.7,177.84,17205770.0
PARAGMILK,2026-04-30,187.84,224.24,236.22,184.49,19127504.0
PARAGMILK,2026-05-29,224.24,222.31,233.0,206.8,12252368.0
PARAGMILK,2026-06-30,224.98,233.56,246.59,221.0,13910199.0
PARAGMILK,2026-07-31,234.4,214.31,241.0,210.1,7081708.0
PARAGMILK,2026-08-31,218.0,254.42,256.6,205.0,24012696.0
PARAGMILK,2026-09-30,256.2,268.9,286.2,243.95,39508211.0
PERSISTENT,2023-09-29,2945.0,2898.35,2978.8,2803.82,3534146.0
PERSISTENT,2023-10-31,2887.43,3080.1,3100.0,2788.4,17801628.0
PERSISTENT,2023-11-30,3087.5,3199.98,3312.32,3063.8,29869894.0
PERSISTENT,2023-12-29,3222.5,3694.7,3780.0,3135.4,16715670.0
PERSISTENT,2024-01-31,3712.5,4176.58,4415.0,3580.18,14808924.0
PERSISTENT,2024-02-29,4212.5,4315.17,4450.0,4101.55,9589548.0
PERSISTENT,2024-03-29,4315.2,3984.55,4363.55,3931.0,10503552.0
PERSISTENT,2024-04-30,4069.9,3368.6,4085.05,3316.0,15077429.0
PERSISTENT,2024-05-31,3400.0,3410.5,3796.95,3254.0,9823611.0
PERSISTENT,2024-06-28,3510.5,4241.45,4285.0,3232.05,13077201.0
PERSISTENT,2024-07-31,4245.0,4832.3,4964.8,4227.2,15899495.0
PERSISTENT,2024-08-30,4879.95,5170.85,5264.95,4409.1,9261202.0
PERSISTENT,2024-09-30,5214.5,5450.4,5585.95,5115.0,8346612.0
PERSISTENT,2024-10-31,5478.8,5372.5,5798.7,5078.5,11580463.0
PERSISTENT,2024-11-29,5405.0,5905.65,6042.0,5298.0,7739242.0
PERSISTENT,2024-12-31,5905.65,6457.7,6788.9,5853.65,9893453.0
PERSISTENT,2025-01-31,6457.65,6032.6,6527.85,5445.0,15093715.0
PERSISTENT,2025-02-28,6047.75,5303.9,6303.95,5149.2,8762342.0
PERSISTENT,2025-03-31,5303.9,5513.75,5700.45,4989.95,10224702.0
PERSISTENT,2025-04-30,5494.0,5321.5,5509.65,4148.95,21825331.0
PERSISTENT,2025-05-30,5332.0,5638.0,5955.0,5310.5,9346536.0
PERSISTENT,2025-06-30,5632.0,6041.5,6180.0,5449.0,9645915.0
PERSISTENT,2025-07-31,6059.5,5160.5,6113.0,5082.0,12757722.0
PERSISTENT,2025-08-29,5135.0,5305.5,5509.5,5008.5,8102821.0
PERSISTENT,2025-09-30,5335.5,4822.5,5690.0,4785.0,11714967.0
PERSISTENT,2025-10-31,4859.6,5916.6,5977.0,4803.5,11067061.0
PERSISTENT,2025-11-28,5920.0,6353.0,6478.0,5699.0,7791159.0
PERSISTENT,2025-12-31,6375.5,6272.0,6599.0,6013.5,7733100.0
PERSISTENT,2026-01-30,6285.0,6035.0,6598.0,5979.5,9454532.0
PERSISTENT,2026-02-27,6119.5,4733.0,6552.5,4585.0,20590904.0
PERSISTENT,2026-03-31,4600.0,4877.2,4987.4,4449.1,14283695.0
PERSISTENT,2026-04-30,5000.0,4800.0,5605.4,4734.0,16532413.0
PERSISTENT,2026-05-29,4800.0,5194.3,5278.0,4577.0,10967231.0
PERSISTENT,2026-06-30,5238.0,4326.5,5612.0,4244.5,19258891.0
PERSISTENT,2026-07-31,4343.8,5549.0,5698.0,4311.7,18954965.0
PERSISTENT,2026-08-31,5533.5,5594.5,5910.0,5319.5,10362134.0
PERSISTENT,2026-09-30,5621.5,5372.0,5852.5,5188.0,7958494.0
PHARMABEES,2023-09-29,15.39,15.66,15.76,15.21,10374818.0
PHARMABEES,2023-10-31,15.66,14.92,16.25,14.75,30117623.0
PHARMABEES,2023-11-30,14.5,16.48,16.54,14.45,43782419.0
PHARMABEES,2023-12-29,16.59,17.09,17.5,16.11,69414746.0
PHARMABEES,2024-01-31,17.6,18.23,18.5,17.09,83338439.0
PHARMABEES,2024-02-29,18.24,19.31,20.8,18.03,69554142.0
PHARMABEES,2024-03-29,19.4,19.27,20.15,18.0,46586587.0
PHARMABEES,2024-04-30,19.5,19.27,19.78,17.0,61658017.0
PHARMABEES,2024-05-31,19.36,19.11,19.9,18.03,64671122.0
PHARMABEES,2024-06-28,19.75,20.08,20.8,18.83,95566665.0
PHARMABEES,2024-07-31,20.18,22.18,22.25,19.9,123957157.0
PHARMABEES,2024-08-30,22.0,23.74,23.79,21.93,89926545.0
PHARMABEES,2024-09-30,24.45,23.76,24.45,22.0,87744629.0
PHARMABEES,2024-10-31,23.76,23.17,24.53,22.53,116913106.0
PHARMABEES,2024-11-29,23.47,22.68,23.6,21.8,69209096.0
PHARMABEES,2024-12-31,22.89,23.84,23.99,22.24,90795217.0
PHARMABEES,2025-01-31,23.8,21.89,24.65,21.05,77254817.0
PHARMABEES,2025-02-28,21.99,20.22,22.85,20.17,63873054.0
PHARMABEES,2025-03-31,20.75,21.53,22.42,19.85,43875440.0
PHARMABEES,2025-04-30,21.62,22.2,22.58,19.47,113813455.0
PHARMABEES,2025-05-30,22.48,21.91,23.1,21.04,122897689.0
PHARMABEES,2025-06-30,22.15,22.48,24.4,21.11,86572652.0
PHARMABEES,2025-07-31,23.04,23.31,24.0,21.98,114503502.0
PHARMABEES,2025-08-29,23.89,22.38,23.89,21.52,93766266.0
PHARMABEES,2025-09-30,22.58,22.01,23.49,21.46,76113777.0
PHARMABEES,2025-10-31,21.83,22.72,24.4,21.83,78012795.0
PHARMABEES,2025-11-28,22.88,23.52,23.93,22.5,80815613.0
PHARMABEES,2025-12-31,23.61,23.34,23.91,22.47,88926889.0
PHARMABEES,2026-01-30,23.6,22.24,26.52,21.94,110352996.0
PHARMABEES,2026-02-27,22.12,23.59,24.03,21.71,98863944.0
PHARMABEES,2026-03-31,23.5,22.8,24.6,22.5,125054033.0
PHARMABEES,2026-04-30,23.09,23.91,24.37,21.69,169966157.0
PHARMABEES,2026-05-29,23.91,25.02,25.86,23.56,223811236.0
PHARMABEES,2026-06-30,25.31,26.04,26.9,24.09,146766098.0
PHARMABEES,2026-07-31,26.69,27.27,27.5,25.0,132010555.0
PHARMABEES,2026-08-31,27.27,27.6,28.32,26.5,83177610.0
PHARMABEES,2026-09-30,28.15,27.8,28.58,26.26,76735487.0
POLYCAB,2023-09-29,5151.0,5343.05,5398.0,5086.05,3219887.0
POLYCAB,2023-10-31,5325.0,4922.1,5493.65,4811.1,12202939.0
POLYCAB,2023-11-30,4922.1,5267.9,5433.0,4890.8,15275934.0
POLYCAB,2023-12-29,5344.0,5484.85,5733.0,5226.1,9560159.0
POLYCAB,2024-01-31,5500.0,4343.15,5530.45,3801.0,53226243.0
POLYCAB,2024-02-29,4350.0,4749.85,4867.6,4236.0,13821021.0
POLYCAB,2024-03-29,4780.0,5065.0,5136.3,4635.05,8160170.0
POLYCAB,2024-04-30,5073.0,5666.55,5789.0,5073.0,7366298.0
POLYCAB,2024-05-31,5700.0,6741.65,6900.0,5680.0,13892416.0
POLYCAB,2024-06-28,7000.0,6739.5,7331.45,6137.0,17898648.0
POLYCAB,2024-07-31,6750.0,6858.2,6882.0,5930.05,13426800.0
POLYCAB,2024-08-30,6900.0,6813.4,6906.0,6308.75,7217453.0
POLYCAB,2024-09-30,6839.95,6955.2,7119.0,6425.55,7886729.0
POLYCAB,2024-10-31,6987.95,6480.4,7605.0,6308.0,11871963.0
POLYCAB,2024-11-29,6500.0,7297.9,7320.0,6257.5,5969030.0
POLYCAB,2024-12-31,7308.0,7272.35,7595.0,7022.0,4516106.0
POLYCAB,2025-01-31,7285.0,6037.95,7440.0,5485.95,11195207.0
POLYCAB,2025-02-28,6080.95,4713.4,6092.25,4555.0,17707327.0
POLYCAB,2025-03-31,4830.75,5147.95,5456.1,4581.05,19592722.0
POLYCAB,2025-04-30,5091.0,5520.0,5694.0,4567.0,6902006.0
POLYCAB,2025-05-30,5499.0,5991.0,6167.0,5445.5,8645918.0
POLYCAB,2025-06-30,5982.0,6551.0,6586.0,5760.0,7239367.0
POLYCAB,2025-07-31,6560.5,6821.0,7080.0,6560.0,9114828.0
POLYCAB,2025-08-29,6820.5,7091.0,7208.0,6620.0,4685942.0
POLYCAB,2025-09-30,7126.5,7286.0,7714.0,7059.0,5235160.0
POLYCAB,2025-10-31,7334.0,7704.0,7903.0,7239.5,5734012.0
POLYCAB,2025-11-28,7704.0,7470.0,7816.0,7384.0,3285059.0
POLYCAB,2025-12-31,7478.0,7619.0,7680.5,6932.0,6738877.0
POLYCAB,2026-01-30,7615.0,7013.5,7948.0,6663.0,10912237.0
POLYCAB,2026-02-27,6800.5,8610.5,8722.0,6800.0,7369010.0
POLYCAB,2026-03-31,8400.0,6843.5,8696.5,6750.0,11478081.0
POLYCAB,2026-04-30,7148.5,8110.5,8338.5,6690.5,8816441.0
POLYCAB,2026-05-29,8110.5,9477.5,9747.0,8062.5,9051217.0
POLYCAB,2026-06-30,9501.0,9961.0,10126.0,9320.5,7067473.0
POLYCAB,2026-07-31,9979.5,9106.5,9979.5,8791.0,8395902.0
POLYCAB,2026-08-31,9120.0,9445.0,9445.0,8906.0,5502936.0
POLYCAB,2026-09-30,9200.0,8408.5,9209.0,8072.0,7312262.0
PPLPHARMA,2023-09-29,98.4,102.05,102.6,94.8,22734460.0
PPLPHARMA,2023-10-31,102.2,104.5,109.4,87.5,132897524.0
PPLPHARMA,2023-11-30,103.0,126.6,127.55,95.3,228049736.0
PPLPHARMA,2023-12-29,126.45,138.85,142.5,120.6,159434729.0
PPLPHARMA,2024-01-31,138.9,144.25,149.0,133.25,115321661.0
PPLPHARMA,2024-02-29,144.8,131.9,144.8,129.15,75276198.0
PPLPHARMA,2024-03-29,132.45,128.9,135.2,114.35,91116009.0
PPLPHARMA,2024-04-30,132.95,143.65,147.7,129.1,72378450.0
PPLPHARMA,2024-05-31,143.65,148.05,166.7,141.35,186069745.0
PPLPHARMA,2024-06-28,151.1,157.24,162.5,136.1,85133910.0
PPLPHARMA,2024-07-31,156.8,176.05,177.2,145.25,102259009.0
PPLPHARMA,2024-08-30,176.5,188.98,193.5,166.0,90860164.0
PPLPHARMA,2024-09-30,189.9,229.01,243.99,186.53,330908395.0
PPLPHARMA,2024-10-31,230.61,268.47,274.74,209.5,279763069.0
PPLPHARMA,2024-11-29,272.85,268.75,307.9,244.1,241060656.0
PPLPHARMA,2024-12-31,271.3,266.25,283.9,245.85,142417334.0
PPLPHARMA,2025-01-31,265.0,232.9,267.65,205.25,127880381.0
PPLPHARMA,2025-02-28,235.0,189.89,238.23,181.73,207105112.0
PPLPHARMA,2025-03-31,190.0,224.75,237.7,184.29,156799062.0
PPLPHARMA,2025-04-30,224.0,211.05,240.95,187.3,83321665.0
PPLPHARMA,2025-05-30,212.1,206.3,226.0,200.5,89239948.0
PPLPHARMA,2025-06-30,207.4,203.38,213.65,190.0,88514189.0
PPLPHARMA,2025-07-31,204.1,197.03,220.85,193.25,130140721.0
PPLPHARMA,2025-08-29,198.0,183.44,198.0,182.8,58423867.0
PPLPHARMA,2025-09-30,183.45,191.16,209.44,182.0,94643734.0
PPLPHARMA,2025-10-31,191.07,199.63,206.6,190.52,62509510.0
PPLPHARMA,2025-11-28,199.76,187.21,209.25,184.2,61630626.0
PPLPHARMA,2025-12-31,187.9,172.21,189.2,165.12,68287021.0
PPLPHARMA,2026-01-30,172.75,154.68,185.04,148.31,79664169.0
PPLPHARMA,2026-02-27,152.4,156.13,169.54,149.76,52364982.0
PPLPHARMA,2026-03-31,152.62,136.54,160.54,132.3,66102363.0
PPLPHARMA,2026-04-30,140.0,161.87,171.65,136.26,125800693.0
PPLPHARMA,2026-05-29,161.87,172.79,196.44,157.77,120957327.0
PPLPHARMA,2026-06-30,172.99,168.09,175.95,158.1,179784802.0
PPLPHARMA,2026-07-31,168.68,195.61,202.26,166.11,196914735.0
PPLPHARMA,2026-08-31,196.36,214.4,220.36,193.03,104052476.0
PPLPHARMA,2026-09-30,215.0,210.31,231.93,198.86,77760170.0
PRICOLLTD,2023-09-29,328.0,328.75,331.8,318.85,992486.0
PRICOLLTD,2023-10-31,330.15,354.55,385.7,310.9,18773892.0
PRICOLLTD,2023-11-30,354.9,345.15,371.9,316.3,10809337.0
PRICOLLTD,2023-12-29,347.7,379.85,393.0,328.0,13371178.0
PRICOLLTD,2024-01-31,379.85,382.95,390.0,342.95,13567414.0
PRICOLLTD,2024-02-29,390.0,403.25,444.0,381.15,17611253.0
PRICOLLTD,2024-03-29,405.2,389.4,411.25,330.05,10990633.0
PRICOLLTD,2024-04-30,390.0,432.95,448.3,375.25,9344558.0
PRICOLLTD,2024-05-31,442.0,436.7,468.5,416.0,9316820.0
PRICOLLTD,2024-06-28,442.05,492.05,515.0,385.25,11015934.0
PRICOLLTD,2024-07-31,505.0,500.05,514.95,461.05,7903455.0
PRICOLLTD,2024-08-30,517.95,517.0,542.5,474.1,11474677.0
PRICOLLTD,2024-09-30,515.0,478.4,515.0,466.85,6185509.0
PRICOLLTD,2024-10-31,480.75,482.35,485.7,432.0,6270421.0
PRICOLLTD,2024-11-29,482.0,483.75,486.0,437.0,2898567.0
PRICOLLTD,2024-12-31,485.0,543.1,598.8,483.75,13259034.0
PRICOLLTD,2025-01-31,542.1,505.0,569.7,448.25,8316901.0
PRICOLLTD,2025-02-28,510.9,397.85,533.0,386.75,6737388.0
PRICOLLTD,2025-03-31,401.0,451.45,460.0,388.55,9293276.0
PRICOLLTD,2025-04-30,456.0,437.85,471.8,367.85,4505268.0
PRICOLLTD,2025-05-30,433.9,449.75,480.95,408.4,5334053.0
PRICOLLTD,2025-06-30,452.0,458.35,459.9,424.25,4517371.0
PRICOLLTD,2025-07-31,458.9,432.8,476.25,428.55,5257805.0
PRICOLLTD,2025-08-29,455.0,459.85,475.0,415.1,13004040.0
PRICOLLTD,2025-09-30,463.4,535.0,557.95,461.0,9871839.0
PRICOLLTD,2025-10-31,539.0,529.3,551.3,499.9,4034789.0
PRICOLLTD,2025-11-28,529.25,623.45,693.25,514.0,38038287.0
PRICOLLTD,2025-12-31,624.05,661.1,677.9,589.75,11901834.0
PRICOLLTD,2026-01-30,663.5,549.1,694.2,521.1,9981679.0
PRICOLLTD,2026-02-27,573.75,602.8,639.4,540.0,9975064.0
PRICOLLTD,2026-03-31,576.3,513.9,594.7,508.95,6087984.0
PRICOLLTD,2026-04-30,535.0,572.75,626.4,517.5,4946786.0
PRICOLLTD,2026-05-29,572.75,562.1,644.3,531.35,25538790.0
PRICOLLTD,2026-06-30,563.6,602.3,614.65,532.6,12613016.0
PRICOLLTD,2026-07-31,605.95,696.65,715.5,597.0,13936550.0
PRICOLLTD,2026-08-31,715.0,803.25,823.0,709.45,11941508.0
PRICOLLTD,2026-09-30,814.95,759.4,814.95,721.0,5349577.0
PRIVISCL,2023-09-29,1200.0,1217.55,1264.4,1200.0,102993.0
PRIVISCL,2023-10-31,1202.0,1228.3,1245.0,1180.1,245509.0
PRIVISCL,2023-11-30,1231.4,1274.65,1365.5,1208.0,561440.0
PRIVISCL,2023-12-29,1277.0,1176.25,1349.55,1161.35,581486.0
PRIVISCL,2024-01-31,1190.0,1227.1,1275.0,1085.6,794543.0
PRIVISCL,2024-02-29,1221.75,1175.4,1304.0,1166.05,888303.0
PRIVISCL,2024-03-29,1177.0,991.15,1203.0,975.0,447741.0
PRIVISCL,2024-04-30,991.15,1255.45,1271.5,991.15,486211.0
PRIVISCL,2024-05-31,1255.5,1168.95,1371.0,1070.0,836147.0
PRIVISCL,2024-06-28,1195.0,1446.95,1480.95,1031.1,1347988.0
PRIVISCL,2024-07-31,1452.5,1596.1,1720.0,1443.25,1303354.0
PRIVISCL,2024-08-30,1600.4,1470.0,1632.65,1405.1,482065.0
PRIVISCL,2024-09-30,1470.0,1470.15,1565.0,1393.25,593906.0
PRIVISCL,2024-10-31,1470.15,1726.55,1808.0,1457.25,1775169.0
PRIVISCL,2024-11-29,1746.85,1908.55,2017.0,1716.1,1239196.0
PRIVISCL,2024-12-31,1914.0,1762.05,1995.0,1679.9,708405.0
PRIVISCL,2025-01-31,1771.3,1750.95,1914.95,1450.35,805927.0
PRIVISCL,2025-02-28,1742.85,1465.55,1830.0,1397.15,506890.0
PRIVISCL,2025-03-31,1470.0,1705.05,1728.0,1368.15,571764.0
PRIVISCL,2025-04-30,1723.95,1971.2,2043.9,1501.0,1169133.0
PRIVISCL,2025-05-30,1971.0,2308.3,2410.2,1855.5,3578827.0
PRIVISCL,2025-06-30,2315.0,2270.5,2584.8,2050.0,5238882.0
PRIVISCL,2025-07-31,2263.0,2554.9,2647.0,2244.8,3363722.0
PRIVISCL,2025-08-29,2568.3,2212.6,2660.0,2173.2,3141799.0
PRIVISCL,2025-09-30,2220.0,2384.9,2498.9,2210.2,1272023.0
PRIVISCL,2025-10-31,2397.5,2903.6,2954.7,2345.3,1833185.0
PRIVISCL,2025-11-28,2901.7,3153.6,3440.5,2885.8,2633099.0
PRIVISCL,2025-12-31,3166.9,2804.4,3383.8,2751.0,7508145.0
PRIVISCL,2026-01-30,2811.9,2812.7,2855.4,2570.8,3292027.0
PRIVISCL,2026-02-27,2807.3,3039.6,3049.0,2682.1,2309966.0
PRIVISCL,2026-03-31,2950.0,2897.8,3039.0,2752.5,1576189.0
PRIVISCL,2026-04-30,2920.0,3360.1,3366.0,2836.1,2344825.0
PRIVISCL,2026-05-29,3360.1,3255.2,3590.9,3003.0,2310798.0
PRIVISCL,2026-06-30,3295.6,3672.2,3720.1,3110.0,1868265.0
PRIVISCL,2026-07-31,3698.0,3617.1,3785.3,3491.0,1668026.0
PRIVISCL,2026-08-31,3680.0,3474.1,3731.0,3402.5,1237800.0
PRIVISCL,2026-09-30,3484.8,3594.1,3625.0,3303.3,1612938.0
RADICO,2023-09-29,1185.0,1203.85,1218.0,1155.0,765367.0
RADICO,2023-10-31,1205.0,1216.9,1266.9,1141.25,3983444.0
RADICO,2023-11-30,1228.5,1506.3,1537.85,1218.05,7586603.0
RADICO,2023-12-29,1533.95,1658.25,1885.1,1510.05,9800485.0
RADICO,2024-01-31,1669.3,1663.9,1703.0,1573.25,2875306.0
RADICO,2024-02-29,1669.95,1569.8,1820.0,1558.65,3525742.0
RADICO,2024-03-29,1592.0,1727.75,1742.0,1473.35,4663618.0
RADICO,2024-04-30,1742.0,1757.1,1815.0,1651.0,3752263.0
RADICO,2024-05-31,1764.95,1576.5,1845.0,1552.0,5536988.0
RADICO,2024-06-28,1593.0,1786.45,1868.0,1429.85,6019830.0
RADICO,2024-07-31,1786.1,1723.5,1807.9,1636.0,4309086.0
RADICO,2024-08-30,1744.65,1942.05,1975.75,1628.0,8119712.0
RADICO,2024-09-30,1982.0,2045.45,2332.7,1940.2,10627066.0
RADICO,2024-10-31,2030.0,2379.0,2524.0,1927.75,9139634.0
RADICO,2024-11-29,2405.6,2457.85,2479.9,2186.1,3443568.0
RADICO,2024-12-31,2448.05,2605.9,2629.8,2318.9,8331057.0
RADICO,2025-01-31,2605.9,2178.4,2637.7,2065.65,4748506.0
RADICO,2025-02-28,2178.1,2073.05,2407.9,1845.5,6434166.0
RADICO,2025-03-31,2073.05,2428.95,2450.0,1987.4,3097566.0
RADICO,2025-04-30,2429.05,2455.7,2521.2,2200.0,3792429.0
RADICO,2025-05-30,2455.7,2532.8,2665.0,2372.5,5126179.0
RADICO,2025-06-30,2552.9,2617.2,2786.9,2519.8,6837574.0
RADICO,2025-07-31,2640.0,2734.5,2785.9,2502.0,5392367.0
RADICO,2025-08-29,2768.0,2852.5,2940.0,2570.7,7329467.0
RADICO,2025-09-30,2852.5,2887.9,3067.0,2711.0,5641271.0
RADICO,2025-10-31,2884.8,3131.5,3423.0,2854.2,6715841.0
RADICO,2025-11-28,3149.9,3208.1,3591.9,3120.5,12134738.0
RADICO,2025-12-31,3190.0,3298.4,3398.9,3062.0,5752465.0
RADICO,2026-01-30,3282.0,2828.1,3307.8,2677.8,11107637.0
RADICO,2026-02-27,2727.7,2649.5,2920.0,2629.8,5987409.0
RADICO,2026-03-31,2500.0,2629.3,2921.0,2500.0,10286181.0
RADICO,2026-04-30,2679.9,3423.1,3475.0,2587.2,10848065.0
RADICO,2026-05-29,3423.1,3518.6,3679.0,3302.0,8171327.0
RADICO,2026-06-30,3563.4,3945.5,3975.2,3426.5,7060831.0
RADICO,2026-07-31,3946.0,4340.8,4494.4,3880.6,10716795.0
RADICO,2026-08-31,4350.8,4485.0,4747.0,4349.9,6625843.0
RADICO,2026-09-30,4481.4,4557.1,4614.1,4298.8,4413340.0
RPGLIFE,2023-09-29,1330.0,1293.55,1330.0,1277.0,98424.0
RPGLIFE,2023-10-31,1302.0,1407.2,1476.7,1225.05,786201.0
RPGLIFE,2023-11-30,1401.1,1390.75,1505.0,1362.95,557179.0
RPGLIFE,2023-12-29,1392.9,1335.85,1440.0,1292.0,337972.0
RPGLIFE,2024-01-31,1320.8,1617.15,1651.0,1307.0,600560.0
RPGLIFE,2024-02-29,1617.15,1517.25,1740.0,1500.25,520027.0
RPGLIFE,2024-03-29,1529.95,1528.45,1617.95,1360.0,475774.0
RPGLIFE,2024-04-30,1536.1,1546.4,1610.0,1462.0,208869.0
RPGLIFE,2024-05-31,1525.0,1428.4,1536.3,1410.0,327894.0
RPGLIFE,2024-06-28,1446.6,1642.25,1692.0,1381.0,390663.0
RPGLIFE,2024-07-31,1643.0,1960.35,2066.0,1539.95,1775872.0
RPGLIFE,2024-08-30,1963.65,2105.55,2296.0,1870.6,883599.0
RPGLIFE,2024-09-30,2106.0,2354.5,2422.0,2056.3,771790.0
RPGLIFE,2024-10-31,2320.0,2508.2,2974.95,2315.1,1090323.0
RPGLIFE,2024-11-29,2533.25,2217.45,2744.8,1954.6,437901.0
RPGLIFE,2024-12-31,2219.95,2184.45,2458.0,2052.15,291328.0
RPGLIFE,2025-01-31,2206.3,2440.65,2500.0,1983.45,744525.0
RPGLIFE,2025-02-28,2452.0,2090.2,2629.0,2050.0,337553.0
RPGLIFE,2025-03-31,2120.0,2281.55,2388.8,1948.2,220216.0
RPGLIFE,2025-04-30,2281.55,2091.3,2439.95,1835.0,686396.0
RPGLIFE,2025-05-30,2150.0,2181.2,2284.4,1923.0,388384.0
RPGLIFE,2025-06-30,2190.0,2480.8,2490.0,2121.7,684368.0
RPGLIFE,2025-07-31,2530.0,2401.0,2725.0,2197.5,861653.0
RPGLIFE,2025-08-29,2385.1,2320.5,2401.4,2247.5,187394.0
RPGLIFE,2025-09-30,2302.1,2234.2,2463.2,2222.2,174706.0
RPGLIFE,2025-10-31,2234.2,2403.9,2483.8,2210.8,432350.0
RPGLIFE,2025-11-28,2413.5,2278.1,2480.0,2196.0,215773.0
RPGLIFE,2025-12-31,2297.4,2322.3,2392.2,2175.0,127685.0
RPGLIFE,2026-01-30,2322.3,2007.9,2357.9,1880.0,327195.0
RPGLIFE,2026-02-27,1981.0,1874.4,2093.8,1864.0,145849.0
RPGLIFE,2026-03-31,1764.7,1857.7,1985.0,1733.0,205183.0
RPGLIFE,2026-04-30,1941.1,2295.0,2336.6,1840.4,1971605.0
RPGLIFE,2026-05-29,2295.0,2224.7,2524.9,2187.2,463348.0
RPGLIFE,2026-06-30,2224.0,2292.5,2397.6,2065.3,281621.0
RPGLIFE,2026-07-31,2306.0,2768.2,3082.0,2305.0,1024665.0
RPGLIFE,2026-08-31,2780.0,2629.0,2867.0,2490.1,282620.0
RPGLIFE,2026-09-30,2665.0,3050.6,3127.8,2550.0,621777.0
SAREGAMA,2023-09-29,367.35,362.45,393.85,350.0,3433085.0
SAREGAMA,2023-10-31,364.95,322.15,368.95,316.25,5386981.0
SAREGAMA,2023-11-30,323.7,371.75,382.6,309.6,12680332.0
SAREGAMA,2023-12-29,375.0,370.7,388.35,346.25,7809135.0
SAREGAMA,2024-01-31,374.7,348.45,382.45,325.85,8450021.0
SAREGAMA,2024-02-29,348.45,402.55,429.2,341.0,16481170.0
SAREGAMA,2024-03-29,402.55,347.35,412.65,339.0,7095428.0
SAREGAMA,2024-04-30,348.05,430.7,458.0,348.05,14783532.0
SAREGAMA,2024-05-31,431.0,502.65,512.95,404.0,18438034.0
SAREGAMA,2024-06-28,534.95,555.45,581.4,482.55,10472020.0
SAREGAMA,2024-07-31,558.95,554.0,579.0,510.6,8263680.0
SAREGAMA,2024-08-30,573.5,508.45,573.85,477.0,10260072.0
SAREGAMA,2024-09-30,511.85,631.75,642.0,488.3,36973647.0
SAREGAMA,2024-10-31,624.7,538.3,688.9,466.4,42638671.0
SAREGAMA,2024-11-29,540.0,508.7,550.0,439.1,12927408.0
SAREGAMA,2024-12-31,511.5,462.8,531.0,450.55,6642498.0
SAREGAMA,2025-01-31,460.3,476.05,603.8,455.2,50129599.0
SAREGAMA,2025-02-28,472.9,443.75,549.0,437.7,21630295.0
SAREGAMA,2025-03-31,446.55,511.65,540.0,417.4,8271237.0
SAREGAMA,2025-04-30,512.5,524.05,570.0,440.5,6637684.0
SAREGAMA,2025-05-30,524.05,542.55,565.0,517.1,5905197.0
SAREGAMA,2025-06-30,540.25,498.45,603.0,495.1,12740219.0
SAREGAMA,2025-07-31,500.9,483.3,520.0,466.1,11399136.0
SAREGAMA,2025-08-29,479.85,482.3,516.45,468.8,7882620.0
SAREGAMA,2025-09-30,484.25,469.15,517.7,460.1,6515207.0
SAREGAMA,2025-10-31,470.55,454.9,477.55,447.4,4093124.0
SAREGAMA,2025-11-28,457.1,397.5,460.0,364.15,19030618.0
SAREGAMA,2025-12-31,397.15,351.0,408.0,340.3,16070144.0
SAREGAMA,2026-01-30,352.45,337.2,381.3,318.65,11852907.0
SAREGAMA,2026-02-27,337.15,333.0,367.6,317.1,6834330.0
SAREGAMA,2026-03-31,320.0,319.3,370.9,307.05,8260289.0
SAREGAMA,2026-04-30,332.0,343.85,365.0,308.8,9239927.0
SAREGAMA,2026-05-29,343.85,424.15,443.0,328.1,173586867.0
SAREGAMA,2026-06-30,444.0,492.8,509.9,433.25,43577955.0
SAREGAMA,2026-07-31,493.9,522.85,535.9,443.35,13748216.0
SAREGAMA,2026-08-31,522.85,479.9,574.5,475.0,18183603.0
SAREGAMA,2026-09-30,477.0,496.9,517.2,475.2,6732973.0
SBCL,2023-09-29,539.6,530.85,545.0,527.5,416856.0
SBCL,2023-10-31,531.85,518.3,561.0,488.0,2506079.0
SBCL,2023-11-30,517.95,551.95,571.0,500.55,2488429.0
SBCL,2023-12-29,552.6,550.55,563.0,520.0,1984881.0
SBCL,2024-01-31,555.0,588.5,616.95,548.0,5025830.0
SBCL,2024-02-29,593.3,539.4,599.4,519.05,2702600.0
SBCL,2024-03-29,539.4,519.35,575.85,460.0,2193820.0
SBCL,2024-04-30,522.9,574.45,600.0,519.0,1874575.0
SBCL,2024-05-31,582.4,506.2,590.0,481.75,2156498.0
SBCL,2024-06-28,524.95,581.35,619.4,460.95,4672945.0
SBCL,2024-07-31,582.0,643.4,691.95,580.4,6463771.0
SBCL,2024-08-30,643.4,568.05,655.0,536.1,4124871.0
SBCL,2024-09-30,570.0,646.4,659.0,548.25,4263438.0
SBCL,2024-10-31,652.0,659.55,729.8,600.0,4562698.0
SBCL,2024-11-29,664.9,553.45,684.9,533.1,2259967.0
SBCL,2024-12-31,546.45,575.45,639.75,535.2,2552931.0
SBCL,2025-01-31,571.0,517.95,604.1,499.0,2493081.0
SBCL,2025-02-28,522.0,406.1,535.9,399.15,4058886.0
SBCL,2025-03-31,409.0,462.05,497.9,400.0,2633876.0
SBCL,2025-04-30,463.0,437.95,480.35,342.0,3077191.0
SBCL,2025-05-30,436.55,496.65,516.0,399.8,1262921.0
SBCL,2025-06-30,490.55,559.5,574.9,470.05,2156827.0
SBCL,2025-07-31,560.9,531.0,605.0,516.4,2358901.0
SBCL,2025-08-29,531.0,487.3,550.0,483.0,3230095.0
SBCL,2025-09-30,487.3,500.0,575.0,486.75,2059157.0
SBCL,2025-10-31,503.0,479.8,525.95,468.85,1653641.0
SBCL,2025-11-28,485.0,436.7,514.0,425.1,2104436.0
SBCL,2025-12-31,435.0,429.7,462.6,421.0,1402508.0
SBCL,2026-01-30,427.1,425.05,444.5,401.0,1717938.0
SBCL,2026-02-27,420.4,448.75,548.9,412.05,2441162.0
SBCL,2026-03-31,431.15,387.85,445.0,368.6,3723178.0
SBCL,2026-04-30,410.15,595.5,655.4,397.6,15333083.0
SBCL,2026-05-29,595.5,740.0,789.0,565.6,10638588.0
SBCL,2026-06-30,739.7,760.45,789.85,662.5,9598508.0
SBCL,2026-07-31,769.45,749.45,814.0,688.05,8932445.0
SBCL,2026-08-31,752.9,1070.0,1105.05,747.0,24676764.0
SBCL,2026-09-30,1084.9,1154.5,1215.7,957.1,6211283.0
SHILPAMED,2023-09-29,178.0,179.3,184.2,175.12,1397560.0
SHILPAMED,2023-10-31,180.5,177.02,183.25,148.4,9025060.0
SHILPAMED,2023-11-30,176.8,182.7,198.5,173.75,16655592.0
SHILPAMED,2023-12-29,183.7,165.15,195.68,164.0,12302688.0
SHILPAMED,2024-01-31,164.9,184.07,187.38,156.57,23398114.0
SHILPAMED,2024-02-29,182.98,208.23,227.4,178.77,58627490.0
SHILPAMED,2024-03-29,210.0,230.27,234.5,192.25,20220408.0
SHILPAMED,2024-04-30,231.8,275.17,280.8,231.52,26042042.0
SHILPAMED,2024-05-31,274.88,242.8,278.45,232.5,13155842.0
SHILPAMED,2024-06-28,249.0,284.8,304.0,208.8,16324992.0
SHILPAMED,2024-07-31,284.9,340.5,354.3,279.5,20620860.0
SHILPAMED,2024-08-30,342.23,383.7,398.95,328.0,19158450.0
SHILPAMED,2024-09-30,385.0,406.75,479.75,373.02,16476300.0
SHILPAMED,2024-10-31,406.0,422.08,459.95,373.55,9488076.0
SHILPAMED,2024-11-29,422.25,449.02,477.5,405.0,16218020.0
SHILPAMED,2024-12-31,459.33,407.75,471.6,379.42,21103384.0
SHILPAMED,2025-01-31,409.4,354.85,426.23,334.98,12047638.0
SHILPAMED,2025-02-28,354.85,305.05,382.3,301.5,10466618.0
SHILPAMED,2025-03-31,309.95,331.7,351.7,295.2,13415832.0
SHILPAMED,2025-04-30,330.0,323.52,365.08,277.5,7668350.0
SHILPAMED,2025-05-30,322.52,450.7,462.1,306.6,23337424.0
SHILPAMED,2025-06-30,449.77,445.27,500.0,410.42,9901598.0
SHILPAMED,2025-07-31,448.95,444.12,472.5,419.75,3081198.0
SHILPAMED,2025-08-29,441.88,423.12,474.95,398.0,2310724.0
SHILPAMED,2025-09-30,424.5,376.6,431.5,374.0,4363944.0
SHILPAMED,2025-10-31,380.0,352.85,407.7,342.0,5218300.0
SHILPAMED,2025-11-28,357.3,341.5,415.0,340.0,6570993.0
SHILPAMED,2025-12-31,343.2,321.15,353.45,313.15,4717337.0
SHILPAMED,2026-01-30,320.0,288.95,324.55,259.5,5278372.0
SHILPAMED,2026-02-27,288.0,336.65,350.9,272.0,10956216.0
SHILPAMED,2026-03-31,315.9,348.9,365.0,308.3,19770297.0
SHILPAMED,2026-04-30,360.0,406.65,436.4,350.6,9737895.0
SHILPAMED,2026-05-29,406.65,498.95,529.8,406.65,25181501.0
SHILPAMED,2026-06-30,504.5,598.4,615.0,493.4,30744738.0
SHILPAMED,2026-07-31,588.0,611.25,650.0,561.5,15884195.0
SHILPAMED,2026-08-31,616.1,949.3,950.0,614.1,72410769.0
SHILPAMED,2026-09-30,950.0,1013.45,1075.0,874.0,19394118.0
SHYAMMETL,2023-09-29,436.0,441.4,451.7,427.5,4011879.0
SHYAMMETL,2023-10-31,444.0,440.8,482.7,420.2,18202669.0
SHYAMMETL,2023-11-30,442.0,469.9,483.9,424.9,11356776.0
SHYAMMETL,2023-12-29,470.5,627.8,633.7,461.95,38255238.0
SHYAMMETL,2024-01-31,636.0,704.8,737.8,620.2,41514543.0
SHYAMMETL,2024-02-29,705.9,649.9,720.45,622.0,13833529.0
SHYAMMETL,2024-03-29,656.0,591.35,688.5,511.2,19739733.0
SHYAMMETL,2024-04-30,596.7,629.05,661.0,587.3,11328392.0
SHYAMMETL,2024-05-31,629.0,609.75,668.3,561.4,12627749.0
SHYAMMETL,2024-06-28,635.0,669.4,689.0,524.2,10889807.0
SHYAMMETL,2024-07-31,670.0,740.15,745.3,646.7,20198725.0
SHYAMMETL,2024-08-30,740.85,797.35,844.5,673.05,43497450.0
SHYAMMETL,2024-09-30,806.25,907.9,956.9,781.1,21323485.0
SHYAMMETL,2024-10-31,910.0,848.45,945.0,775.0,8959405.0
SHYAMMETL,2024-11-29,851.75,834.6,889.3,778.65,5992366.0
SHYAMMETL,2024-12-31,839.7,729.4,874.0,703.0,4251023.0
SHYAMMETL,2025-01-31,726.8,763.4,830.45,628.25,14420143.0
SHYAMMETL,2025-02-28,760.05,711.35,794.8,673.5,4921723.0
SHYAMMETL,2025-03-31,705.05,853.3,905.0,688.5,9089719.0
SHYAMMETL,2025-04-30,844.95,860.85,924.0,745.0,7711155.0
SHYAMMETL,2025-05-30,860.0,843.1,950.0,818.5,12963306.0
SHYAMMETL,2025-06-30,840.0,870.4,894.55,805.6,5976128.0
SHYAMMETL,2025-07-31,870.05,986.6,1001.0,839.0,13605856.0
SHYAMMETL,2025-08-29,986.4,905.3,996.7,897.8,4140859.0
SHYAMMETL,2025-09-30,904.0,913.3,950.0,879.35,3711732.0
SHYAMMETL,2025-10-31,919.95,877.85,988.0,874.2,4367325.0
SHYAMMETL,2025-11-28,876.0,813.9,915.0,803.2,4776952.0
SHYAMMETL,2025-12-31,813.9,847.65,855.0,776.4,3638583.0
SHYAMMETL,2026-01-30,842.0,856.25,872.9,754.7,3703292.0
SHYAMMETL,2026-02-27,843.3,860.3,912.8,823.1,2821411.0
SHYAMMETL,2026-03-31,820.0,771.1,860.0,746.0,4785241.0
SHYAMMETL,2026-04-30,789.8,873.75,908.6,766.6,10909827.0
SHYAMMETL,2026-05-29,873.75,973.35,992.0,829.35,17227417.0
SHYAMMETL,2026-06-30,975.0,950.0,1014.0,933.0,11495927.0
SHYAMMETL,2026-07-31,950.0,1031.3,1090.0,916.1,13589232.0
SHYAMMETL,2026-08-31,1041.8,1093.5,1111.0,970.0,12808326.0
SHYAMMETL,2026-09-30,1104.0,1085.6,1148.0,1019.0,9959395.0
SIEMENS,2023-09-29,2177.77,2155.76,2195.94,2122.0,1710110.0
SIEMENS,2023-10-31,2148.42,1955.27,2155.46,1905.4,12865411.0
SIEMENS,2023-11-30,1960.58,2147.01,2158.98,1937.07,11916342.0
SIEMENS,2023-12-29,2154.29,2362.5,2491.81,2140.9,14221776.0
SIEMENS,2024-01-31,2365.02,2430.41,2544.64,2327.45,9451223.0
SIEMENS,2024-02-29,2442.5,2746.72,2770.64,2365.29,10125301.0
SIEMENS,2024-03-29,2758.9,3154.56,3172.73,2678.1,10428573.0
SIEMENS,2024-04-30,3157.38,3429.07,3476.74,3157.38,9611859.0
SIEMENS,2024-05-31,3429.07,4090.18,4336.28,3428.08,23315012.0
SIEMENS,2024-06-28,4255.75,4522.54,4657.43,3415.87,18139703.0
SIEMENS,2024-07-31,4534.92,4187.01,4677.62,3894.74,14371608.0
SIEMENS,2024-08-30,4195.84,4046.25,4259.71,3854.06,13685747.0
SIEMENS,2024-09-30,4066.59,4255.75,4299.18,3817.11,10089627.0
SIEMENS,2024-10-31,4270.3,4095.08,4772.25,3907.16,12920032.0
SIEMENS,2024-11-29,4095.11,4438.21,4480.57,3845.7,12934757.0
SIEMENS,2024-12-31,4446.52,3836.66,4717.1,3751.07,16147136.0
SIEMENS,2025-01-31,3844.85,3565.05,3956.38,3287.2,11726509.0
SIEMENS,2025-02-28,3597.13,2713.99,3607.7,2689.04,21145575.0
SIEMENS,2025-03-31,2717.78,3096.63,3240.24,2680.24,19178650.0
SIEMENS,2025-04-30,3075.88,2901.5,3143.38,2450.0,17703879.0
SIEMENS,2025-05-30,2901.5,3265.6,3376.0,2788.3,15304522.0
SIEMENS,2025-06-30,3270.0,3251.5,3409.0,3082.0,13489862.0
SIEMENS,2025-07-31,3272.0,3033.4,3378.8,3005.0,10859864.0
SIEMENS,2025-08-29,3050.0,3063.7,3235.0,2925.0,8931063.0
SIEMENS,2025-09-30,3078.8,3129.2,3368.0,3064.0,8222369.0
SIEMENS,2025-10-31,3135.0,3096.3,3276.9,3022.7,5190794.0
SIEMENS,2025-11-28,3099.9,3297.0,3332.6,3003.1,8299000.0
SIEMENS,2025-12-31,3324.9,3063.3,3384.0,2992.8,8595947.0
SIEMENS,2026-01-30,3072.0,3101.3,3152.5,2826.0,6100331.0
SIEMENS,2026-02-27,2984.9,3418.6,3440.0,2972.6,9099189.0
SIEMENS,2026-03-31,3396.2,2935.0,3396.3,2923.1,7640516.0
SIEMENS,2026-04-30,3010.0,3808.2,3901.0,2906.0,11070001.0
SIEMENS,2026-05-29,3808.2,3844.0,3937.3,3454.5,11785873.0
SIEMENS,2026-06-30,3850.0,3599.9,3856.7,3501.0,8051240.0
SIEMENS,2026-07-31,3606.1,3760.0,3855.0,3398.1,7950862.0
SIEMENS,2026-08-31,3741.7,4030.0,4149.4,3694.2,9588708.0
SIEMENS,2026-09-30,4029.9,3877.0,4111.9,3682.4,4863928.0
SIRCA,2023-09-29,390.1,388.65,398.0,378.0,399058.0
SIRCA,2023-10-31,389.9,363.95,397.7,349.1,1229097.0
SIRCA,2023-11-30,365.8,364.9,396.5,357.55,1679637.0
SIRCA,2023-12-29,366.9,409.85,418.35,366.85,5147121.0
SIRCA,2024-01-31,415.9,381.7,444.0,374.0,5384332.0
SIRCA,2024-02-29,383.6,347.0,390.2,341.1,3975535.0
SIRCA,2024-03-29,348.75,284.65,352.2,282.05,3452240.0
SIRCA,2024-04-30,287.35,316.5,359.9,287.35,2859669.0
SIRCA,2024-05-31,317.85,313.3,339.8,303.0,1742420.0
SIRCA,2024-06-28,321.0,320.65,333.6,298.0,1776758.0
SIRCA,2024-07-31,320.55,363.05,383.25,320.0,5441947.0
SIRCA,2024-08-30,364.95,321.65,366.45,318.2,2310266.0
SIRCA,2024-09-30,320.0,337.35,357.0,311.4,4583017.0
SIRCA,2024-10-31,338.0,342.55,358.8,295.1,2653788.0
SIRCA,2024-11-29,344.95,338.3,380.3,309.7,3749694.0
SIRCA,2024-12-31,338.3,343.1,352.8,320.1,2613309.0
SIRCA,2025-01-31,343.1,315.0,346.85,288.2,2067005.0
SIRCA,2025-02-28,315.25,269.85,318.4,260.4,1722276.0
SIRCA,2025-03-31,271.9,241.7,286.0,238.0,3116488.0
SIRCA,2025-04-30,241.7,289.46,311.26,230.69,2641072.0
SIRCA,2025-05-30,286.8,349.05,350.5,253.25,4174678.0
SIRCA,2025-06-30,348.0,380.8,393.1,346.9,6361957.0
SIRCA,2025-07-31,382.75,434.95,437.7,368.0,10559819.0
SIRCA,2025-08-29,438.0,462.75,473.95,431.0,12733381.0
SIRCA,2025-09-30,464.5,476.55,513.0,439.1,12305145.0
SIRCA,2025-10-31,478.0,519.1,523.8,471.0,7105552.0
SIRCA,2025-11-28,522.55,519.6,539.0,500.6,8560974.0
SIRCA,2025-12-31,521.0,486.65,523.4,457.6,6870927.0
SIRCA,2026-01-30,486.05,463.85,507.65,452.5,4416828.0
SIRCA,2026-02-27,457.35,457.25,487.7,447.5,4476328.0
SIRCA,2026-03-31,454.0,401.35,461.0,395.0,4714112.0
SIRCA,2026-04-30,409.15,423.75,464.25,399.0,7064680.0
SIRCA,2026-05-29,423.75,417.7,444.7,413.2,14140160.0
SIRCA,2026-06-30,422.95,402.4,436.55,401.05,6283580.0
SIRCA,2026-07-31,403.05,420.45,422.7,385.0,6688800.0
SIRCA,2026-08-31,425.0,434.95,458.0,421.95,10763487.0
SIRCA,2026-09-30,436.4,410.3,448.45,397.5,4177242.0
SMSPHARMA,2023-09-29,122.2,125.85,126.9,120.5,303231.0
SMSPHARMA,2023-10-31,125.85,116.55,127.6,111.85,965351.0
SMSPHARMA,2023-11-30,116.6,118.4,130.65,115.3,2901040.0
SMSPHARMA,2023-12-29,118.85,118.7,128.3,113.3,2306425.0
SMSPHARMA,2024-01-31,119.9,123.15,137.8,117.9,5652242.0
SMSPHARMA,2024-02-29,124.15,150.0,161.45,122.2,23050859.0
SMSPHARMA,2024-03-29,151.9,178.25,198.0,145.75,28876971.0
SMSPHARMA,2024-04-30,179.95,204.3,219.4,177.9,8602636.0
SMSPHARMA,2024-05-31,202.45,198.1,221.9,194.15,5840595.0
SMSPHARMA,2024-06-28,205.0,223.38,249.4,175.25,7810640.0
SMSPHARMA,2024-07-31,225.98,304.17,306.72,224.61,10143505.0
SMSPHARMA,2024-08-30,307.3,338.75,363.75,271.35,11591669.0
SMSPHARMA,2024-09-30,344.0,350.8,398.0,326.65,12177395.0
SMSPHARMA,2024-10-31,353.0,294.45,390.85,275.6,5814213.0
SMSPHARMA,2024-11-29,298.0,260.95,315.9,233.35,3150783.0
SMSPHARMA,2024-12-31,260.95,238.85,271.7,227.0,3312363.0
SMSPHARMA,2025-01-31,238.85,201.83,259.98,183.0,2594518.0
SMSPHARMA,2025-02-28,203.75,191.88,225.0,181.22,2365504.0
SMSPHARMA,2025-03-31,190.0,212.78,230.49,176.05,2643666.0
SMSPHARMA,2025-04-30,212.78,235.69,248.7,188.0,3472868.0
SMSPHARMA,2025-05-30,231.11,264.74,275.0,229.05,3165261.0
SMSPHARMA,2025-06-30,262.0,250.7,265.0,207.7,2715646.0
SMSPHARMA,2025-07-31,251.6,234.3,258.7,225.15,1937915.0
SMSPHARMA,2025-08-29,234.3,236.85,256.0,207.99,3242371.0
SMSPHARMA,2025-09-30,237.8,245.66,312.4,231.0,27677124.0
SMSPHARMA,2025-10-31,246.15,285.69,304.98,245.21,5413146.0
SMSPHARMA,2025-11-28,283.95,319.2,335.0,270.1,29812788.0
SMSPHARMA,2025-12-31,323.55,310.4,334.0,302.05,8335692.0
SMSPHARMA,2026-01-30,309.4,316.6,360.0,293.15,7578805.0
SMSPHARMA,2026-02-27,314.95,385.2,403.0,307.8,10060776.0
SMSPHARMA,2026-03-31,372.0,374.85,433.9,356.2,8516978.0
SMSPHARMA,2026-04-30,393.8,403.7,447.8,370.25,6183472.0
SMSPHARMA,2026-05-29,406.1,369.25,438.45,361.7,7070910.0
SMSPHARMA,2026-06-30,369.25,412.55,428.85,351.0,11133323.0
SMSPHARMA,2026-07-31,414.0,373.9,438.3,365.4,6562148.0
SMSPHARMA,2026-08-31,375.75,371.85,383.9,349.25,3950672.0
SMSPHARMA,2026-09-30,374.2,475.0,494.45,362.1,30134605.0
SOLARINDS,2023-09-29,4635.0,4820.0,4875.0,4540.0,145600.0
SOLARINDS,2023-10-31,4850.0,5500.5,5590.05,4780.05,1185043.0
SOLARINDS,2023-11-30,5544.9,6288.9,7832.9,5300.0,4238970.0
SOLARINDS,2023-12-29,6235.05,6727.5,6939.75,5909.35,2400289.0
SOLARINDS,2024-01-31,6781.35,6457.35,7390.0,6330.0,2492443.0
SOLARINDS,2024-02-29,6509.2,6730.25,7148.0,6275.0,1663047.0
SOLARINDS,2024-03-29,6824.75,8781.75,9449.0,6751.0,7201445.0
SOLARINDS,2024-04-30,8950.0,8968.15,9049.0,8256.3,2582627.0
SOLARINDS,2024-05-31,8989.3,9370.5,10450.0,8205.0,7849184.0
SOLARINDS,2024-06-28,9818.9,10020.8,10225.0,7888.25,2644459.0
SOLARINDS,2024-07-31,10074.05,10783.4,13298.0,9925.0,3506345.0
SOLARINDS,2024-08-30,10849.0,10729.0,10935.0,9967.55,1254338.0
SOLARINDS,2024-09-30,10729.0,11529.85,12124.05,10510.6,1222653.0
SOLARINDS,2024-10-31,11528.0,10230.0,11680.0,10061.6,967758.0
SOLARINDS,2024-11-29,10400.0,10681.2,11142.95,9630.55,1276506.0
SOLARINDS,2024-12-31,10681.2,9783.3,11597.0,9410.05,1972326.0
SOLARINDS,2025-01-31,9750.0,10194.65,10299.0,8804.35,2042355.0
SOLARINDS,2025-02-28,10249.55,8710.6,10440.1,8482.5,2536434.0
SOLARINDS,2025-03-31,8841.3,11244.0,11285.0,8649.9,2354599.0
SOLARINDS,2025-04-30,11330.6,13172.0,13664.0,9888.4,1761005.0
SOLARINDS,2025-05-30,13150.0,16104.0,16305.0,12900.0,5068092.0
SOLARINDS,2025-06-30,16151.0,17598.0,17820.0,16055.0,3717176.0
SOLARINDS,2025-07-31,17648.0,14220.0,17648.0,14004.0,3054968.0
SOLARINDS,2025-08-29,14198.0,13795.0,15248.0,13631.0,2467353.0
SOLARINDS,2025-09-30,13880.0,13326.0,14909.0,13240.0,2763243.0
SOLARINDS,2025-10-31,13210.0,13878.0,14300.0,13204.0,1733241.0
SOLARINDS,2025-11-28,13840.0,13272.0,14245.0,13138.0,2208790.0
SOLARINDS,2025-12-31,13329.0,12252.0,13405.0,11646.0,2946300.0
SOLARINDS,2026-01-30,12335.0,13480.0,14000.0,12065.0,3307407.0
SOLARINDS,2026-02-27,13198.0,13504.0,14130.0,12851.0,2399268.0
SOLARINDS,2026-03-31,13099.0,12076.0,15576.0,12000.0,4707847.0
SOLARINDS,2026-04-30,12420.0,15439.0,15995.0,12233.0,3106401.0
SOLARINDS,2026-05-29,15439.0,18247.0,18874.0,15351.0,4098503.0
SOLARINDS,2026-06-30,18390.0,18696.0,18780.0,16832.0,3299318.0
SOLARINDS,2026-07-31,18700.0,18391.0,19187.0,17028.0,2742726.0
SOLARINDS,2026-08-31,18400.0,20108.0,20672.0,17816.0,3058859.0
SOLARINDS,2026-09-30,20250.0,19745.0,22700.0,18480.0,5005339.0
SONACOMS,2023-09-29,582.65,583.4,595.75,567.5,3613988.0
SONACOMS,2023-10-31,583.3,541.5,586.95,488.1,25537133.0
SONACOMS,2023-11-30,542.9,558.0,603.9,539.75,22239040.0
SONACOMS,2023-12-29,563.5,644.5,651.65,531.6,45003109.0
SONACOMS,2024-01-31,646.0,618.2,669.95,562.1,34623991.0
SONACOMS,2024-02-29,622.15,689.35,718.85,580.0,42478381.0
SONACOMS,2024-03-29,693.35,705.95,716.0,603.65,39280471.0
SONACOMS,2024-04-30,709.95,625.35,714.0,624.0,38125197.0
SONACOMS,2024-05-31,647.0,651.1,657.0,565.0,42567021.0
SONACOMS,2024-06-28,675.0,641.0,676.0,605.0,22617164.0
SONACOMS,2024-07-31,644.75,679.25,764.5,641.85,43894193.0
SONACOMS,2024-08-30,679.0,683.35,736.9,643.75,28548309.0
SONACOMS,2024-09-30,685.0,743.4,768.65,682.5,51533903.0
SONACOMS,2024-10-31,742.0,685.7,745.7,626.85,69378221.0
SONACOMS,2024-11-29,686.45,671.6,720.9,658.15,21186676.0
SONACOMS,2024-12-31,671.0,594.8,697.45,580.85,32858971.0
SONACOMS,2025-01-31,596.8,504.3,607.3,493.35,49266786.0
SONACOMS,2025-02-28,510.1,493.9,535.85,475.05,48373779.0
SONACOMS,2025-03-31,503.95,461.2,532.45,458.0,34756933.0
SONACOMS,2025-04-30,460.0,481.15,499.3,380.0,58662345.0
SONACOMS,2025-05-30,470.0,543.95,559.5,468.45,39972750.0
SONACOMS,2025-06-30,539.95,481.35,548.0,467.95,46337036.0
SONACOMS,2025-07-31,486.0,449.55,496.45,445.0,109058957.0
SONACOMS,2025-08-29,450.0,443.05,466.65,431.35,105744807.0
SONACOMS,2025-09-30,443.95,411.75,459.35,402.3,63488136.0
SONACOMS,2025-10-31,414.85,472.75,503.4,404.35,68522802.0
SONACOMS,2025-11-28,473.0,511.75,520.6,472.85,34724666.0
SONACOMS,2025-12-31,514.25,479.4,515.15,469.0,31681346.0
SONACOMS,2026-01-30,481.95,495.75,498.5,437.7,35278242.0
SONACOMS,2026-02-27,490.2,534.5,549.45,483.25,45577462.0
SONACOMS,2026-03-31,502.0,481.5,536.9,474.4,38248233.0
SONACOMS,2026-04-30,492.0,607.25,613.1,478.3,50979106.0
SONACOMS,2026-05-29,607.25,607.45,621.8,555.55,49891243.0
SONACOMS,2026-06-30,608.8,619.9,632.2,582.1,36132058.0
SONACOMS,2026-07-31,623.0,769.4,773.2,615.4,71238934.0
SONACOMS,2026-08-31,775.0,813.05,844.0,768.05,43868422.0
SONACOMS,2026-09-30,815.0,824.5,837.0,759.05,36231387.0
STLTECH,2023-09-29,162.3,161.05,163.3,156.25,4584070.0
STLTECH,2023-10-31,161.0,139.5,169.95,128.55,49181213.0
STLTECH,2023-11-30,139.55,146.2,162.9,132.4,62779652.0
STLTECH,2023-12-29,147.95,142.8,153.45,141.25,25284024.0
STLTECH,2024-01-31,144.0,143.95,152.5,132.25,42583158.0
STLTECH,2024-02-29,144.9,136.9,151.0,128.75,48398059.0
STLTECH,2024-03-29,137.9,110.8,142.5,110.1,33185633.0
STLTECH,2024-04-30,112.0,137.5,146.4,112.0,171069526.0
STLTECH,2024-05-31,138.8,126.55,142.35,115.0,58969150.0
STLTECH,2024-06-28,129.0,136.9,146.54,109.5,65014346.0
STLTECH,2024-07-31,137.0,140.0,155.05,132.63,94204783.0
STLTECH,2024-08-30,141.39,131.68,144.82,131.4,52703934.0
STLTECH,2024-09-30,131.75,126.0,135.44,124.21,28696263.0
STLTECH,2024-10-31,126.06,118.39,128.3,112.4,56959668.0
STLTECH,2024-11-29,118.9,117.93,130.75,112.75,32995123.0
STLTECH,2024-12-31,118.0,114.57,127.8,113.32,31955204.0
STLTECH,2025-01-31,114.78,108.66,118.64,98.4,22506774.0
STLTECH,2025-02-28,108.59,86.22,109.45,85.52,20269191.0
STLTECH,2025-03-31,87.15,80.92,89.76,77.41,58672529.0
STLTECH,2025-04-30,81.3,62.4,88.46,58.86,30503543.0
STLTECH,2025-05-30,61.9,71.94,78.9,59.26,18821364.0
STLTECH,2025-06-30,71.94,105.24,119.2,70.11,409438563.0
STLTECH,2025-07-31,106.0,119.91,132.5,100.15,136582457.0
STLTECH,2025-08-29,119.9,114.69,140.4,114.11,51160125.0
STLTECH,2025-09-30,110.2,113.27,126.8,105.73,46819097.0
STLTECH,2025-10-31,113.8,117.47,124.59,110.78,23802237.0
STLTECH,2025-11-28,118.24,104.64,123.5,104.25,28072660.0
STLTECH,2025-12-31,105.59,103.2,113.48,92.91,29968428.0
STLTECH,2026-01-30,103.0,106.35,108.6,84.6,56007426.0
STLTECH,2026-02-27,113.0,159.18,171.48,104.48,252475914.0
STLTECH,2026-03-31,153.1,176.36,205.73,153.1,181389812.0
STLTECH,2026-04-30,186.0,294.8,299.38,170.8,162130283.0
STLTECH,2026-05-29,294.8,536.15,536.15,294.8,73754473.0
STLTECH,2026-06-30,562.95,613.3,679.9,541.3,66746723.0
STLTECH,2026-07-31,610.0,557.05,610.0,492.25,56151725.0
STLTECH,2026-08-31,584.9,728.45,757.7,584.9,39487865.0
STLTECH,2026-09-30,738.0,837.2,912.0,665.5,31266696.0
SUDARSCHEM,2023-09-29,476.8,478.7,498.3,469.75,478973.0
SUDARSCHEM,2023-10-31,489.6,474.7,505.0,437.1,2280207.0
SUDARSCHEM,2023-11-30,470.55,455.95,496.0,448.6,1661628.0
SUDARSCHEM,2023-12-29,456.25,549.0,566.0,456.25,4586028.0
SUDARSCHEM,2024-01-31,546.0,525.4,564.4,500.95,2217285.0
SUDARSCHEM,2024-02-29,526.0,587.95,613.0,505.0,7523848.0
SUDARSCHEM,2024-03-29,588.15,610.0,629.5,535.15,3592728.0
SUDARSCHEM,2024-04-30,613.05,739.6,766.5,608.0,14458961.0
SUDARSCHEM,2024-05-31,739.6,785.65,893.25,701.25,8593903.0
SUDARSCHEM,2024-06-28,810.0,901.15,949.7,680.0,8403697.0
SUDARSCHEM,2024-07-31,910.0,936.85,969.9,852.3,7395374.0
SUDARSCHEM,2024-08-30,950.9,1033.05,1082.0,873.75,7382560.0
SUDARSCHEM,2024-09-30,1035.0,1117.75,1149.0,948.35,6559514.0
SUDARSCHEM,2024-10-31,1121.0,1046.6,1234.45,907.4,14241993.0
SUDARSCHEM,2024-11-29,1078.0,1065.95,1078.0,904.15,3892938.0
SUDARSCHEM,2024-12-31,1070.0,1143.8,1174.0,1044.55,3562282.0
SUDARSCHEM,2025-01-31,1143.8,999.3,1168.0,947.5,4098067.0
SUDARSCHEM,2025-02-28,997.05,865.0,1046.4,810.05,3325135.0
SUDARSCHEM,2025-03-31,861.35,990.2,1034.0,796.15,5339222.0
SUDARSCHEM,2025-04-30,998.4,1024.55,1103.0,890.0,3491208.0
SUDARSCHEM,2025-05-30,1011.1,1180.3,1210.0,996.7,2336486.0
SUDARSCHEM,2025-06-30,1181.0,1233.4,1315.0,1122.0,4841153.0
SUDARSCHEM,2025-07-31,1232.0,1435.7,1469.0,1195.0,10714299.0
SUDARSCHEM,2025-08-29,1430.0,1495.6,1539.0,1397.7,2837869.0
SUDARSCHEM,2025-09-30,1484.6,1334.2,1603.0,1287.0,3176003.0
SUDARSCHEM,2025-10-31,1330.0,1149.8,1360.4,1141.1,1427089.0
SUDARSCHEM,2025-11-28,1149.6,1013.3,1199.8,995.0,2788698.0
SUDARSCHEM,2025-12-31,1008.2,947.7,1050.0,922.0,2070879.0
SUDARSCHEM,2026-01-30,953.7,902.7,988.0,857.0,1145497.0
SUDARSCHEM,2026-02-27,890.0,877.35,998.0,841.35,1108830.0
SUDARSCHEM,2026-03-31,840.0,747.6,874.0,726.4,2924970.0
SUDARSCHEM,2026-04-30,759.7,914.35,927.25,742.55,10135396.0
SUDARSCHEM,2026-05-29,917.0,938.0,1129.9,834.8,7142016.0
SUDARSCHEM,2026-06-30,945.5,882.0,957.9,851.1,3369997.0
SUDARSCHEM,2026-07-31,882.0,1013.9,1088.3,859.0,6596778.0
SUDARSCHEM,2026-08-31,1039.0,1266.8,1275.0,1013.7,13556310.0
SUDARSCHEM,2026-09-30,1294.7,1218.9,1347.0,1148.1,5188129.0
SUPRIYA,2023-09-29,276.95,280.9,287.25,274.25,752058.0
SUPRIYA,2023-10-31,282.7,250.0,296.6,234.9,6212210.0
SUPRIYA,2023-11-30,250.0,291.3,294.45,239.8,10589093.0
SUPRIYA,2023-12-29,291.4,314.75,325.25,268.9,12631146.0
SUPRIYA,2024-01-31,316.4,304.55,332.65,291.25,8055541.0
SUPRIYA,2024-02-29,308.0,344.3,394.0,288.9,19442961.0
SUPRIYA,2024-03-29,347.5,332.95,384.65,305.5,6914351.0
SUPRIYA,2024-04-30,336.2,396.65,424.0,336.2,9290848.0
SUPRIYA,2024-05-31,399.0,367.05,423.9,341.35,6107758.0
SUPRIYA,2024-06-28,372.2,387.6,410.0,330.0,5304912.0
SUPRIYA,2024-07-31,393.4,398.75,424.7,368.0,6126803.0
SUPRIYA,2024-08-30,404.0,545.75,576.0,384.1,21981190.0
SUPRIYA,2024-09-30,549.95,562.95,675.0,525.0,9273675.0
SUPRIYA,2024-10-31,567.6,623.5,646.5,511.4,8656006.0
SUPRIYA,2024-11-29,625.25,775.95,833.4,604.55,16485994.0
SUPRIYA,2024-12-31,778.0,739.8,835.2,684.05,8014351.0
SUPRIYA,2025-01-31,744.8,720.1,793.6,616.05,6696157.0
SUPRIYA,2025-02-28,724.9,597.4,797.8,585.6,5573557.0
SUPRIYA,2025-03-31,592.0,734.15,768.0,556.15,5787661.0
SUPRIYA,2025-04-30,731.75,645.15,842.0,604.7,8345224.0
SUPRIYA,2025-05-30,645.15,724.0,782.5,600.0,5914968.0
SUPRIYA,2025-06-30,724.0,709.05,728.95,651.7,5165772.0
SUPRIYA,2025-07-31,711.75,661.25,749.1,645.85,5679005.0
SUPRIYA,2025-08-29,660.2,652.8,700.1,616.3,3317207.0
SUPRIYA,2025-09-30,654.95,729.05,754.8,641.0,5500715.0
SUPRIYA,2025-10-31,729.9,776.9,799.8,680.7,5601273.0
SUPRIYA,2025-11-28,778.0,747.5,832.4,724.75,7270044.0
SUPRIYA,2025-12-31,751.15,751.5,762.8,706.85,2418905.0
SUPRIYA,2026-01-30,753.0,676.05,775.0,658.0,3065114.0
SUPRIYA,2026-02-27,670.2,655.0,721.0,649.95,2978640.0
SUPRIYA,2026-03-31,620.7,561.9,649.0,545.5,3459676.0
SUPRIYA,2026-04-30,569.95,694.9,717.45,569.95,4152387.0
SUPRIYA,2026-05-29,694.9,968.7,968.7,666.0,10232810.0
SUPRIYA,2026-06-30,990.0,1018.05,1085.0,880.0,16327401.0
SUPRIYA,2026-07-31,1025.0,867.0,1038.6,816.1,8084242.0
SUPRIYA,2026-08-31,867.05,798.3,951.0,740.45,7352984.0
SUPRIYA,2026-09-30,798.3,985.2,1009.7,795.5,6795182.0
SYRMA,2023-09-29,536.45,611.65,623.85,535.05,6417425.0
SYRMA,2023-10-31,610.0,618.35,664.8,562.2,21110867.0
SYRMA,2023-11-30,621.0,565.6,628.75,484.95,23934071.0
SYRMA,2023-12-29,572.95,671.0,705.2,560.55,17645076.0
SYRMA,2024-01-31,665.45,598.7,672.8,588.5,9248587.0
SYRMA,2024-02-29,601.65,524.35,601.95,491.0,16398021.0
SYRMA,2024-03-29,536.0,465.4,569.95,450.0,14949651.0
SYRMA,2024-04-30,474.35,487.8,503.25,464.05,7081250.0
SYRMA,2024-05-31,485.0,480.05,506.0,386.1,26086969.0
SYRMA,2024-06-28,495.0,497.0,528.85,411.55,25218478.0
SYRMA,2024-07-31,497.0,494.5,512.9,440.05,9897383.0
SYRMA,2024-08-30,494.5,438.35,505.7,390.6,15910705.0
SYRMA,2024-09-30,444.0,424.8,480.5,417.2,14877956.0
SYRMA,2024-10-31,427.8,517.9,527.35,376.35,58746230.0
SYRMA,2024-11-29,522.8,566.15,590.0,496.1,34283839.0
SYRMA,2024-12-31,564.0,590.15,631.8,541.0,27726252.0
SYRMA,2025-01-31,592.85,532.05,647.1,402.45,48184859.0
SYRMA,2025-02-28,537.0,413.85,569.35,406.15,23261521.0
SYRMA,2025-03-31,419.95,459.9,492.55,397.0,14359217.0
SYRMA,2025-04-30,459.5,465.4,533.2,370.0,17354681.0
SYRMA,2025-05-30,465.55,538.8,573.0,446.8,31313687.0
SYRMA,2025-06-30,548.0,567.2,576.0,500.0,22885669.0
SYRMA,2025-07-31,570.8,756.0,767.0,562.15,59913503.0
SYRMA,2025-08-29,758.3,753.25,780.5,645.35,18001025.0
SYRMA,2025-09-30,758.0,767.4,875.0,725.1,37822329.0
SYRMA,2025-10-31,770.05,813.8,868.95,742.9,32374616.0
SYRMA,2025-11-28,813.8,820.25,909.9,760.1,61639949.0
SYRMA,2025-12-31,823.5,733.15,850.8,704.4,22458827.0
SYRMA,2026-01-30,733.0,761.0,802.0,634.5,27175855.0
SYRMA,2026-02-27,774.8,822.25,895.0,748.2,25404241.0
SYRMA,2026-03-31,779.35,773.1,841.45,700.1,26329126.0
SYRMA,2026-04-30,809.9,958.95,1032.0,765.2,27905601.0
SYRMA,2026-05-29,958.95,1088.55,1188.0,957.4,36391493.0
SYRMA,2026-06-30,1102.0,1396.3,1517.7,1085.9,31436485.0
SYRMA,2026-07-31,1405.3,1366.8,1468.0,1257.0,32395399.0
SYRMA,2026-08-31,1380.0,1437.0,1543.0,1351.6,24797752.0
SYRMA,2026-09-30,1435.0,1732.6,1803.9,1405.5,52555986.0
TATVA,2023-09-29,1634.9,1582.9,1634.9,1571.0,132014.0
TATVA,2023-10-31,1595.05,1478.6,1614.85,1437.5,418841.0
TATVA,2023-11-30,1486.85,1507.75,1530.0,1399.9,304035.0
TATVA,2023-12-29,1520.0,1601.8,1650.85,1516.05,598258.0
TATVA,2024-01-31,1620.0,1339.6,1634.95,1308.4,760322.0
TATVA,2024-02-29,1345.4,1214.75,1357.0,1211.55,582150.0
TATVA,2024-03-29,1220.0,1078.6,1248.95,1061.35,651304.0
TATVA,2024-04-30,1078.75,1228.1,1320.0,1078.75,485153.0
TATVA,2024-05-31,1220.0,1033.75,1283.7,1030.0,689055.0
TATVA,2024-06-28,1075.0,1104.9,1222.0,956.7,1310073.0
TATVA,2024-07-31,1108.0,998.9,1199.95,985.0,1025079.0
TATVA,2024-08-30,1008.0,959.85,1049.0,945.8,1145196.0
TATVA,2024-09-30,966.95,1050.7,1102.0,932.25,2186240.0
TATVA,2024-10-31,1048.0,847.75,1058.9,788.5,1374848.0
TATVA,2024-11-29,860.0,885.5,944.4,796.05,486569.0
TATVA,2024-12-31,885.5,889.5,928.45,808.0,420552.0
TATVA,2025-01-31,882.1,790.7,940.9,769.95,592298.0
TATVA,2025-02-28,795.0,691.85,809.95,645.0,1245010.0
TATVA,2025-03-31,682.0,677.15,760.2,621.0,1070469.0
TATVA,2025-04-30,670.0,704.5,783.0,633.55,519801.0
TATVA,2025-05-30,707.9,903.1,978.0,672.0,3856093.0
TATVA,2025-06-30,907.4,959.6,994.8,886.0,1115922.0
TATVA,2025-07-31,959.6,1167.0,1232.75,919.75,7442105.0
TATVA,2025-08-29,1181.0,1040.3,1188.0,1010.1,1672944.0
TATVA,2025-09-30,1045.5,1011.9,1149.0,976.4,1429908.0
TATVA,2025-10-31,1010.1,1422.3,1447.4,1003.0,6435000.0
TATVA,2025-11-28,1455.0,1457.1,1610.0,1365.0,5406988.0
TATVA,2025-12-31,1467.1,1334.2,1515.0,1286.0,1534301.0
TATVA,2026-01-30,1333.0,1154.2,1494.4,1100.8,2447697.0
TATVA,2026-02-27,1090.2,1223.5,1291.9,1077.0,1338299.0
TATVA,2026-03-31,1156.8,1052.4,1250.9,1044.1,1110030.0
TATVA,2026-04-30,1050.0,1311.0,1356.0,1050.0,887890.0
TATVA,2026-05-29,1311.0,1133.2,1420.0,1107.1,1173854.0
TATVA,2026-06-30,1138.0,1194.3,1239.5,1101.0,830750.0
TATVA,2026-07-31,1186.0,1788.2,1835.0,1177.0,7426275.0
TATVA,2026-08-31,1827.0,1626.7,1838.1,1570.9,1182574.0
TATVA,2026-09-30,1649.0,1793.2,1822.0,1520.0,1145811.0
TDPOWERSYS,2023-09-29,123.82,128.95,130.0,121.5,1974190.0
TDPOWERSYS,2023-10-31,129.9,121.1,136.48,113.03,12498698.0
TDPOWERSYS,2023-11-30,121.0,138.52,145.5,119.38,14511648.0
TDPOWERSYS,2023-12-29,139.5,130.02,153.93,128.98,22861094.0
TDPOWERSYS,2024-01-31,131.25,151.2,152.93,129.8,22238338.0
TDPOWERSYS,2024-02-29,151.3,149.15,157.0,129.9,22330064.0
TDPOWERSYS,2024-03-29,149.93,148.35,167.3,128.48,31694602.0
TDPOWERSYS,2024-04-30,148.35,167.73,180.5,138.38,35482968.0
TDPOWERSYS,2024-05-31,168.45,167.4,178.98,141.57,35958332.0
TDPOWERSYS,2024-06-28,172.5,177.75,198.75,140.5,29620218.0
TDPOWERSYS,2024-07-31,177.0,207.7,211.75,174.43,34311924.0
TDPOWERSYS,2024-08-30,209.77,213.35,225.5,191.5,29920408.0
TDPOWERSYS,2024-09-30,213.5,209.57,223.4,190.62,18219770.0
TDPOWERSYS,2024-10-31,207.57,206.38,213.5,183.52,23253830.0
TDPOWERSYS,2024-11-29,210.0,218.07,239.75,200.02,31854880.0
TDPOWERSYS,2024-12-31,219.25,225.52,241.43,212.0,26918274.0
TDPOWERSYS,2025-01-31,225.65,183.88,231.5,164.68,29754972.0
TDPOWERSYS,2025-02-28,180.7,154.43,204.9,150.57,30321234.0
TDPOWERSYS,2025-03-31,154.98,205.25,217.5,146.5,41085302.0
TDPOWERSYS,2025-04-30,201.95,216.2,224.5,159.35,20753162.0
TDPOWERSYS,2025-05-30,214.9,260.45,263.65,193.52,73349190.0
TDPOWERSYS,2025-06-30,259.0,249.75,276.38,240.52,44314778.0
TDPOWERSYS,2025-07-31,250.95,255.05,262.1,226.55,27209518.0
TDPOWERSYS,2025-08-29,255.05,250.93,265.33,233.12,29929050.0
TDPOWERSYS,2025-09-30,250.0,295.42,296.95,249.9,42057978.0
TDPOWERSYS,2025-10-31,295.12,387.45,393.5,291.35,72167874.0
TDPOWERSYS,2025-11-28,382.27,388.48,424.98,355.35,67598296.0
TDPOWERSYS,2025-12-31,388.45,351.02,400.73,330.38,27809076.0
TDPOWERSYS,2026-01-30,350.7,364.75,383.98,301.2,33492206.0
TDPOWERSYS,2026-02-27,368.6,451.65,466.5,358.67,52511996.0
TDPOWERSYS,2026-03-31,420.0,425.67,454.2,382.5,29037190.0
TDPOWERSYS,2026-04-30,435.02,576.35,597.5,413.0,61380634.0
TDPOWERSYS,2026-05-29,576.35,659.3,689.8,562.65,69588964.0
TDPOWERSYS,2026-06-30,659.35,619.15,687.0,557.5,49204922.0
TDPOWERSYS,2026-07-31,619.15,565.5,629.95,465.0,54130354.0
TDPOWERSYS,2026-08-31,572.5,777.0,798.85,553.05,71502039.0
TDPOWERSYS,2026-09-30,778.5,751.55,817.55,680.0,38143804.0
TEGA,2023-09-29,938.85,930.75,950.8,912.0,265491.0
TEGA,2023-10-31,939.35,912.0,968.0,841.7,2554051.0
TEGA,2023-11-30,912.0,984.05,1084.2,909.0,2092583.0
TEGA,2023-12-29,992.05,1152.0,1224.4,963.95,3987047.0
TEGA,2024-01-31,1164.85,1155.8,1222.2,1059.85,1325760.0
TEGA,2024-02-29,1170.0,1165.4,1380.0,1070.0,2648093.0
TEGA,2024-03-29,1171.35,1241.1,1300.0,1095.6,1297810.0
TEGA,2024-04-30,1259.95,1498.05,1544.8,1247.05,1126598.0
TEGA,2024-05-31,1498.0,1488.05,1653.5,1440.0,2286614.0
TEGA,2024-06-28,1529.0,1637.95,1731.95,1270.0,1266459.0
TEGA,2024-07-31,1649.6,1909.55,1965.0,1610.0,1745558.0
TEGA,2024-08-30,1901.45,1707.05,1970.2,1663.55,1090339.0
TEGA,2024-09-30,1723.0,1874.25,1919.0,1683.1,662191.0
TEGA,2024-10-31,1883.65,1919.4,2034.95,1742.25,1122577.0
TEGA,2024-11-29,1959.9,1719.85,2328.9,1667.2,1917109.0
TEGA,2024-12-31,1711.0,1566.35,1734.95,1520.0,2340761.0
TEGA,2025-01-31,1566.35,1513.2,1663.0,1386.05,775567.0
TEGA,2025-02-28,1528.2,1322.85,1736.5,1240.85,2221515.0
TEGA,2025-03-31,1322.85,1475.7,1535.85,1237.6,664398.0
TEGA,2025-04-30,1470.0,1351.6,1488.7,1200.05,540343.0
TEGA,2025-05-30,1351.6,1650.0,1662.0,1240.0,1480278.0
TEGA,2025-06-30,1640.1,1557.7,1648.0,1467.0,752083.0
TEGA,2025-07-31,1576.9,1906.0,2010.1,1540.0,8159081.0
TEGA,2025-08-29,1898.0,1846.9,1929.6,1776.7,2995764.0
TEGA,2025-09-30,1874.6,1891.1,2125.0,1851.0,16590386.0
TEGA,2025-10-31,1904.0,1939.1,2000.0,1842.3,2891917.0
TEGA,2025-11-28,1939.1,1935.6,1996.9,1813.0,2116252.0
TEGA,2025-12-31,1975.4,1950.7,2010.0,1850.8,1945755.0
TEGA,2026-01-30,1953.0,1702.5,1977.5,1672.0,2269195.0
TEGA,2026-02-27,1668.5,1817.7,1862.7,1582.4,1924551.0
TEGA,2026-03-31,1750.0,1660.8,1826.4,1560.8,3622516.0
TEGA,2026-04-30,1685.0,1663.4,1770.0,1636.2,847527.0
TEGA,2026-05-29,1684.0,1766.0,1829.0,1522.2,3049053.0
TEGA,2026-06-30,1750.0,1696.8,1894.0,1680.0,2959914.0
TEGA,2026-07-31,1680.1,1485.5,1721.6,1473.0,1541791.0
TEGA,2026-08-31,1485.5,1586.3,1837.0,1485.5,5064399.0
TEGA,2026-09-30,1596.4,2091.6,2175.0,1534.6,16686176.0
TIIL,2023-09-29,2033.0,2002.65,2049.65,1956.55,86029.0
TIIL,2023-10-31,2025.0,2081.6,2318.75,1960.0,448380.0
TIIL,2023-11-30,2087.85,2228.75,2359.7,1910.0,481521.0
TIIL,2023-12-29,2260.55,2536.9,2725.0,2228.1,348452.0
TIIL,2024-01-31,2502.3,2391.9,2600.0,2110.25,242607.0
TIIL,2024-02-29,2406.35,1931.85,2489.0,1909.9,481683.0
TIIL,2024-03-29,1950.85,1977.1,2016.85,1532.5,762548.0
TIIL,2024-04-30,2080.0,2281.65,2380.0,2022.35,554316.0
TIIL,2024-05-31,2258.85,2468.95,2509.9,2112.25,343119.0
TIIL,2024-06-28,2600.0,2887.4,3168.8,2223.3,1038179.0
TIIL,2024-07-31,2897.3,3706.35,3865.0,2682.4,940744.0
TIIL,2024-08-30,3706.4,3476.8,3933.0,3002.4,1469727.0
TIIL,2024-09-30,3500.0,3275.5,3634.0,3103.1,561426.0
TIIL,2024-10-31,3275.5,2987.95,3418.4,2823.35,297116.0
TIIL,2024-11-29,3000.0,2554.95,3146.0,2475.0,321496.0
TIIL,2024-12-31,2540.0,2730.6,3260.0,2505.5,382177.0
TIIL,2025-01-31,2758.9,2667.85,2965.5,2474.0,365725.0
TIIL,2025-02-28,2667.85,2475.6,2725.0,2174.0,208289.0
TIIL,2025-03-31,2450.05,2625.85,2749.0,2281.5,218309.0
TIIL,2025-04-30,2639.0,2344.4,2742.15,2050.0,322375.0
TIIL,2025-05-30,2311.0,3119.1,3250.0,2311.0,349551.0
TIIL,2025-06-30,3140.0,3023.0,3162.3,2805.0,252711.0
TIIL,2025-07-31,3050.0,3120.2,3383.0,3000.0,540835.0
TIIL,2025-08-29,3130.0,2467.0,3228.1,2456.8,306664.0
TIIL,2025-09-30,2450.0,2205.5,2608.0,2150.5,303339.0
TIIL,2025-10-31,2200.0,2431.7,2552.3,2161.1,225742.0
TIIL,2025-11-28,2411.0,2372.5,2619.3,2307.5,150523.0
TIIL,2025-12-31,2386.6,2251.5,2390.2,2135.0,131061.0
TIIL,2026-01-30,2266.9,2031.3,2330.2,1868.5,228796.0
TIIL,2026-02-27,1960.0,2278.8,2696.9,1880.8,547018.0
TIIL,2026-03-31,2220.0,2188.1,2300.0,1960.1,373425.0
TIIL,2026-04-30,2213.2,2485.2,2574.9,2182.4,265740.0
TIIL,2026-05-29,2485.2,2465.6,2725.0,2400.1,310265.0
TIIL,2026-06-30,2456.1,2564.9,2658.0,2355.0,231747.0
TIIL,2026-07-31,2564.9,2580.5,2708.0,2436.7,188237.0
TIIL,2026-08-31,2580.0,3281.5,3565.3,2575.0,1826566.0
TIIL,2026-09-30,3282.0,3003.4,3379.0,2936.0,643101.0
TIMEX,2026-04-30,335.0,342.45,357.6,323.0,1653931.0
TIMEX,2026-05-29,344.05,449.35,456.4,332.0,13572917.0
TIMEX,2026-06-30,458.05,528.45,540.9,422.15,13500016.0
TIMEX,2026-07-31,529.05,532.05,618.0,509.1,9151438.0
TIMEX,2026-08-31,533.65,679.45,687.8,521.45,7262590.0
TIMEX,2026-09-30,683.05,732.05,748.0,580.15,13589457.0
TIPSMUSIC,2023-09-29,310.25,309.25,319.3,285.4,962184.0
TIPSMUSIC,2023-10-31,313.0,354.8,384.5,300.15,6556818.0
TIPSMUSIC,2023-11-30,355.0,361.4,399.35,338.7,3491586.0
TIPSMUSIC,2023-12-29,362.35,341.9,378.15,337.25,16857793.0
TIPSMUSIC,2024-01-31,343.5,427.2,438.4,335.95,17956000.0
TIPSMUSIC,2024-02-29,427.3,518.4,530.95,396.0,8555688.0
TIPSMUSIC,2024-03-29,529.0,460.65,529.0,401.15,3957059.0
TIPSMUSIC,2024-04-30,468.0,461.8,494.4,453.35,4317149.0
TIPSMUSIC,2024-05-31,462.1,417.05,468.7,396.8,4597958.0
TIPSMUSIC,2024-06-28,423.4,408.3,479.9,346.45,7444140.0
TIPSMUSIC,2024-07-31,412.0,629.4,635.8,412.0,14375695.0
TIPSMUSIC,2024-08-30,634.3,752.8,784.95,577.0,11939174.0
TIPSMUSIC,2024-09-30,754.9,694.55,756.25,662.35,6167901.0
TIPSMUSIC,2024-10-31,693.0,888.65,896.0,680.0,11124747.0
TIPSMUSIC,2024-11-29,899.9,859.05,950.0,841.65,5044979.0
TIPSMUSIC,2024-12-31,865.5,761.2,910.7,755.1,5283352.0
TIPSMUSIC,2025-01-31,760.0,643.65,760.5,595.8,9839729.0
TIPSMUSIC,2025-02-28,650.0,591.05,735.0,567.6,5620166.0
TIPSMUSIC,2025-03-31,591.05,632.25,700.95,551.3,4702046.0
TIPSMUSIC,2025-04-30,635.0,629.55,702.0,599.75,4057947.0
TIPSMUSIC,2025-05-30,635.0,650.2,684.45,585.0,3411618.0
TIPSMUSIC,2025-06-30,641.0,672.95,718.0,634.65,3710045.0
TIPSMUSIC,2025-07-31,671.9,588.65,682.0,558.0,4543840.0
TIPSMUSIC,2025-08-29,582.0,581.75,615.5,560.8,4044763.0
TIPSMUSIC,2025-09-30,578.55,587.4,624.6,570.0,4009916.0
TIPSMUSIC,2025-10-31,587.55,528.85,590.35,500.0,8950934.0
TIPSMUSIC,2025-11-28,508.05,553.1,555.95,483.0,5357596.0
TIPSMUSIC,2025-12-31,556.8,552.25,590.7,505.1,4605287.0
TIPSMUSIC,2026-01-30,557.8,543.85,578.0,499.25,15464052.0
TIPSMUSIC,2026-02-27,520.0,539.7,595.0,520.0,2468920.0
TIPSMUSIC,2026-03-31,520.0,493.7,554.9,481.15,2762550.0
TIPSMUSIC,2026-04-30,500.0,649.7,692.1,500.0,16178906.0
TIPSMUSIC,2026-05-29,649.7,662.45,692.0,616.85,5223363.0
TIPSMUSIC,2026-06-30,667.6,626.8,726.75,620.5,4749966.0
TIPSMUSIC,2026-07-31,633.0,668.05,741.0,611.85,26300128.0
TIPSMUSIC,2026-08-31,668.05,643.85,694.45,637.05,4388397.0
TIPSMUSIC,2026-09-30,647.6,668.95,682.5,628.2,4591492.0
TORNTPHARM,2023-09-29,1850.0,1929.1,1945.0,1821.45,2112852.0
TORNTPHARM,2023-10-31,1927.0,1924.25,1954.05,1822.55,7661376.0
TORNTPHARM,2023-11-30,1929.8,2126.55,2145.0,1913.35,5364194.0
TORNTPHARM,2023-12-29,2135.0,2305.55,2310.15,2025.7,6433573.0
TORNTPHARM,2024-01-31,2325.0,2531.1,2551.8,2288.7,5145565.0
TORNTPHARM,2024-02-29,2537.5,2666.1,2700.0,2480.65,4526656.0
TORNTPHARM,2024-03-29,2686.1,2600.6,2744.0,2487.8,6044937.0
TORNTPHARM,2024-04-30,2608.7,2642.55,2729.2,2505.3,4608578.0
TORNTPHARM,2024-05-31,2652.8,2696.05,2795.0,2519.95,6204468.0
TORNTPHARM,2024-06-28,2712.0,2791.3,2980.0,2570.45,4433045.0
TORNTPHARM,2024-07-31,2796.1,3171.75,3257.15,2757.9,7796052.0
TORNTPHARM,2024-08-30,3172.05,3485.15,3574.0,3156.45,6730379.0
TORNTPHARM,2024-09-30,3503.45,3396.55,3525.0,3320.95,5296778.0
TORNTPHARM,2024-10-31,3408.5,3202.65,3590.7,3084.8,11428698.0
TORNTPHARM,2024-11-29,3224.0,3324.2,3333.1,3052.0,6214387.0
TORNTPHARM,2024-12-31,3301.0,3360.05,3515.35,3294.05,7132177.0
TORNTPHARM,2025-01-31,3368.15,3269.1,3465.0,3122.0,6582764.0
TORNTPHARM,2025-02-28,3275.0,2948.1,3332.3,2911.5,9403067.0
TORNTPHARM,2025-03-31,2920.0,3227.95,3300.9,2886.45,5211367.0
TORNTPHARM,2025-04-30,3198.9,3322.0,3360.0,3107.4,7944567.0
TORNTPHARM,2025-05-30,3312.5,3174.7,3371.9,3101.6,6835941.0
TORNTPHARM,2025-06-30,3153.0,3408.2,3478.9,3102.0,9952805.0
TORNTPHARM,2025-07-31,3476.3,3741.9,3787.9,3287.3,13311525.0
TORNTPHARM,2025-08-29,3740.9,3559.8,3740.9,3490.2,5732924.0
TORNTPHARM,2025-09-30,3569.4,3603.2,3689.2,3483.1,5103714.0
TORNTPHARM,2025-10-31,3603.1,3560.1,3685.6,3480.6,4377718.0
TORNTPHARM,2025-11-28,3560.1,3720.6,3882.2,3532.6,5623174.0
TORNTPHARM,2025-12-31,3723.9,3850.0,3863.0,3688.8,4121805.0
TORNTPHARM,2026-01-30,3860.0,3960.8,4107.2,3695.0,5414588.0
TORNTPHARM,2026-02-27,4018.5,4333.3,4470.0,3903.9,8373339.0
TORNTPHARM,2026-03-31,4191.0,4220.2,4482.9,4161.2,6930901.0
TORNTPHARM,2026-04-30,4277.6,4185.1,4333.0,3871.1,8053736.0
TORNTPHARM,2026-05-29,4185.1,4410.8,4712.9,4185.1,8904322.0
TORNTPHARM,2026-06-30,4438.1,4620.1,4742.9,4240.3,11410490.0
TORNTPHARM,2026-07-31,4646.9,5122.8,5140.7,4574.3,18860421.0
TORNTPHARM,2026-08-31,5250.0,5066.0,5250.0,4814.0,8284324.0
TORNTPHARM,2026-09-30,4973.5,4988.5,5025.0,4755.5,5758444.0
UNIMECH,2024-12-31,1460.0,1376.25,1485.0,1327.75,8420710.0
UNIMECH,2025-01-31,1381.0,1254.35,1523.75,1125.35,17797019.0
UNIMECH,2025-02-28,1264.95,914.05,1293.85,905.0,3246165.0
UNIMECH,2025-03-31,929.7,967.75,1073.8,850.0,2584621.0
UNIMECH,2025-04-30,964.8,911.5,1087.0,850.85,3150098.0
UNIMECH,2025-05-30,926.0,1310.5,1362.0,870.0,5225410.0
UNIMECH,2025-06-30,1301.0,1303.9,1397.0,1179.6,2587090.0
UNIMECH,2025-07-31,1300.0,1157.0,1325.0,1094.0,698277.0
UNIMECH,2025-08-29,1159.8,1047.1,1159.8,1020.2,478625.0
UNIMECH,2025-09-30,1065.0,1025.0,1157.4,990.0,1668540.0
UNIMECH,2025-10-31,1024.5,1010.0,1076.1,922.9,1115581.0
UNIMECH,2025-11-28,1016.7,978.1,1040.0,936.7,616131.0
UNIMECH,2025-12-31,986.0,908.1,1039.1,896.3,1896646.0
UNIMECH,2026-01-30,915.9,880.85,948.1,807.05,1192138.0
UNIMECH,2026-02-27,853.0,876.55,1042.0,815.3,1398387.0
UNIMECH,2026-03-31,848.0,706.3,898.4,695.0,2392315.0
UNIMECH,2026-04-30,734.8,1002.4,1120.0,701.7,3344254.0
UNIMECH,2026-05-29,1014.9,939.0,1083.0,908.7,1034603.0
UNIMECH,2026-06-30,939.0,1171.65,1239.15,924.0,3883824.0
UNIMECH,2026-07-31,1177.0,1235.9,1323.0,1138.1,3124063.0
UNIMECH,2026-08-31,1265.9,1490.0,1555.0,1235.9,5996930.0
UNIMECH,2026-09-30,1497.4,1665.1,1868.2,1421.2,5835460.0
UNOMINDA,2023-09-29,598.0,599.45,610.4,590.3,1763656.0
UNOMINDA,2023-10-31,606.0,582.7,611.0,548.6,5071759.0
UNOMINDA,2023-11-30,586.7,673.25,694.7,576.0,14824135.0
UNOMINDA,2023-12-29,672.8,687.65,690.85,629.0,8890615.0
UNOMINDA,2024-01-31,695.3,690.1,726.0,662.0,8246523.0
UNOMINDA,2024-02-29,689.0,669.6,698.5,606.0,16817006.0
UNOMINDA,2024-03-29,666.5,684.75,690.0,604.55,11881834.0
UNOMINDA,2024-04-30,690.05,738.0,763.95,680.8,9553264.0
UNOMINDA,2024-05-31,739.9,850.25,928.95,712.1,17247625.0
UNOMINDA,2024-06-28,872.0,1092.05,1188.0,807.05,31979819.0
UNOMINDA,2024-07-31,1102.0,1041.0,1207.3,944.0,25964066.0
UNOMINDA,2024-08-30,1049.9,1173.9,1192.0,900.0,19503503.0
UNOMINDA,2024-09-30,1188.0,1101.65,1255.0,1006.75,20927826.0
UNOMINDA,2024-10-31,1101.65,983.3,1117.75,903.75,15986972.0
UNOMINDA,2024-11-29,985.0,1051.25,1134.3,916.05,26256439.0
UNOMINDA,2024-12-31,1050.0,1053.2,1105.2,1011.75,10751800.0
UNOMINDA,2025-01-31,1058.0,945.6,1132.0,850.05,18414076.0
UNOMINDA,2025-02-28,954.2,825.9,1078.9,807.05,19379615.0
UNOMINDA,2025-03-31,825.9,875.5,1036.0,795.25,17511029.0
UNOMINDA,2025-04-30,880.0,894.2,914.0,767.6,12132761.0
UNOMINDA,2025-05-30,891.0,1006.65,1044.2,871.35,10580179.0
UNOMINDA,2025-06-30,1006.6,1104.3,1128.8,1005.5,16992775.0
UNOMINDA,2025-07-31,1106.0,1041.4,1143.2,1036.1,10644654.0
UNOMINDA,2025-08-29,1040.0,1279.0,1301.8,1025.0,24219111.0
UNOMINDA,2025-09-30,1285.9,1298.8,1348.3,1260.7,16433552.0
UNOMINDA,2025-10-31,1300.0,1235.2,1382.0,1171.2,18858667.0
UNOMINDA,2025-11-28,1245.0,1306.8,1341.0,1197.2,17496954.0
UNOMINDA,2025-12-31,1307.0,1285.8,1337.5,1215.1,12135939.0
UNOMINDA,2026-01-30,1283.1,1182.3,1355.0,1107.7,15189124.0
UNOMINDA,2026-02-27,1145.1,1188.5,1255.0,1138.7,18595293.0
UNOMINDA,2026-03-31,1130.0,1031.6,1171.5,994.0,20658099.0
UNOMINDA,2026-04-30,1061.0,1112.5,1165.0,1003.3,20804428.0
UNOMINDA,2026-05-29,1112.5,1101.7,1189.7,1007.5,20613963.0
UNOMINDA,2026-06-30,1106.0,1087.8,1153.9,1031.3,18589423.0
UNOMINDA,2026-07-31,1092.0,1180.5,1188.0,1076.2,18458569.0
UNOMINDA,2026-08-31,1195.0,1276.0,1298.3,1185.0,17268554.0
UNOMINDA,2026-09-30,1279.9,1218.0,1307.5,1159.7,11245941.0
USHAMART,2023-09-29,321.5,343.8,359.0,321.5,2220945.0
USHAMART,2023-10-31,349.0,297.6,351.0,252.8,12839386.0
USHAMART,2023-11-30,294.0,334.25,340.0,284.05,12337333.0
USHAMART,2023-12-29,337.7,296.45,339.5,283.0,13847142.0
USHAMART,2024-01-31,294.3,371.85,375.9,288.5,28847018.0
USHAMART,2024-02-29,375.0,329.05,379.9,299.9,23641927.0
USHAMART,2024-03-29,325.4,318.25,329.9,273.05,17624067.0
USHAMART,2024-04-30,319.0,377.05,394.5,319.0,29893828.0
USHAMART,2024-05-31,374.85,364.65,378.45,330.2,19112019.0
USHAMART,2024-06-28,382.75,387.85,423.95,312.25,27973884.0
USHAMART,2024-07-31,387.85,379.75,427.8,350.25,20444584.0
USHAMART,2024-08-30,379.75,331.35,387.0,314.95,23399448.0
USHAMART,2024-09-30,332.0,357.5,371.7,326.95,20772591.0
USHAMART,2024-10-31,360.0,424.9,451.0,334.4,96208748.0
USHAMART,2024-11-29,426.8,379.6,437.7,363.7,15240194.0
USHAMART,2024-12-31,380.3,376.3,424.4,361.0,18400853.0
USHAMART,2025-01-31,378.0,341.9,392.5,314.95,16016979.0
USHAMART,2025-02-28,344.0,295.75,347.1,278.55,15566854.0
USHAMART,2025-03-31,296.95,337.35,349.95,286.0,9941408.0
USHAMART,2025-04-30,338.95,289.25,341.85,285.6,10737010.0
USHAMART,2025-05-30,289.8,310.0,339.95,285.4,15555883.0
USHAMART,2025-06-30,310.0,366.6,368.7,302.3,29584208.0
USHAMART,2025-07-31,365.65,377.65,398.25,356.75,10996845.0
USHAMART,2025-08-29,377.65,381.5,395.8,333.6,9292914.0
USHAMART,2025-09-30,381.05,459.35,481.9,374.0,28572170.0
USHAMART,2025-10-31,459.35,464.85,488.35,436.0,19943256.0
USHAMART,2025-11-28,463.7,427.9,497.1,410.5,14189789.0
USHAMART,2025-12-31,426.0,454.0,467.0,411.35,16891048.0
USHAMART,2026-01-30,454.05,409.25,470.0,401.8,7540145.0
USHAMART,2026-02-27,417.25,418.4,443.25,393.65,17284270.0
USHAMART,2026-03-31,393.2,391.45,430.4,380.0,7872771.0
USHAMART,2026-04-30,410.15,451.8,472.0,390.0,12539639.0
USHAMART,2026-05-29,451.8,506.05,518.0,446.75,19581992.0
USHAMART,2026-06-30,506.0,496.9,527.5,460.0,12747919.0
USHAMART,2026-07-31,500.0,495.95,527.0,485.0,12207829.0
USHAMART,2026-08-31,503.0,498.95,524.8,477.8,8726802.0
USHAMART,2026-09-30,503.8,518.8,542.6,464.15,25189994.0
VIJAYA,2023-09-29,456.5,499.2,502.95,453.7,1043509.0
VIJAYA,2023-10-31,499.0,586.75,603.0,487.85,6769799.0
VIJAYA,2023-11-30,580.0,638.8,653.9,563.05,7270973.0
VIJAYA,2023-12-29,638.75,675.7,686.1,595.1,10014249.0
VIJAYA,2024-01-31,675.0,660.4,698.95,624.8,2605082.0
VIJAYA,2024-02-29,663.7,644.5,718.8,608.55,6888688.0
VIJAYA,2024-03-29,640.0,636.6,650.7,596.05,2636648.0
VIJAYA,2024-04-30,636.6,699.35,720.0,636.6,3196909.0
VIJAYA,2024-05-31,698.95,813.6,844.45,654.55,21595793.0
VIJAYA,2024-06-28,828.4,748.9,880.0,730.0,3453558.0
VIJAYA,2024-07-31,748.9,790.65,863.7,745.0,6909607.0
VIJAYA,2024-08-30,786.0,912.6,939.0,763.7,9776853.0
VIJAYA,2024-09-30,927.0,959.35,988.65,872.0,6404615.0
VIJAYA,2024-10-31,957.5,998.65,1107.65,885.25,7433088.0
VIJAYA,2024-11-29,995.0,1166.65,1249.95,951.9,10248160.0
VIJAYA,2024-12-31,1166.6,1056.85,1182.05,1018.0,5662429.0
VIJAYA,2025-01-31,1050.0,1034.8,1275.0,898.5,15195677.0
VIJAYA,2025-02-28,1044.0,915.75,1192.0,740.0,22598325.0
VIJAYA,2025-03-31,915.75,1007.2,1159.4,895.0,38209159.0
VIJAYA,2025-04-30,994.0,1000.5,1180.0,813.15,28072140.0
VIJAYA,2025-05-30,1013.0,956.3,1054.6,885.0,6873459.0
VIJAYA,2025-06-30,957.0,985.25,1014.95,924.55,3874170.0
VIJAYA,2025-07-31,989.0,1075.05,1164.7,971.55,12007261.0
VIJAYA,2025-08-29,1074.8,1007.8,1099.0,981.0,3814789.0
VIJAYA,2025-09-30,1020.0,1000.0,1120.4,995.8,2844109.0
VIJAYA,2025-10-31,1004.0,988.65,1030.0,959.9,1466988.0
VIJAYA,2025-11-28,990.9,998.05,1064.85,976.3,2885621.0
VIJAYA,2025-12-31,995.1,1061.0,1112.4,954.0,10709386.0
VIJAYA,2026-01-30,1061.9,958.7,1069.5,918.3,2072577.0
VIJAYA,2026-02-27,972.0,1004.5,1037.0,937.4,1849598.0
VIJAYA,2026-03-31,977.0,861.4,991.6,848.0,2081473.0
VIJAYA,2026-04-30,868.95,1129.6,1135.0,852.6,3495135.0
VIJAYA,2026-05-29,1129.6,1308.5,1379.3,1129.6,7464084.0
VIJAYA,2026-06-30,1318.6,1352.6,1427.8,1224.5,8104201.0
VIJAYA,2026-07-31,1359.9,1344.4,1440.0,1291.0,4481378.0
VIJAYA,2026-08-31,1342.0,1518.4,1573.0,1334.6,4957836.0
VIJAYA,2026-09-30,1518.4,1513.6,1593.6,1380.0,2694468.0
VOLTAMP,2023-09-29,4949.0,4488.95,5000.0,4415.0,801148.0
VOLTAMP,2023-10-31,4490.0,4805.85,5064.85,4212.05,1043877.0
VOLTAMP,2023-11-30,4829.9,5502.85,5600.0,4820.0,736789.0
VOLTAMP,2023-12-29,5549.0,6520.6,6700.0,5452.05,818564.0
VOLTAMP,2024-01-31,6553.25,8054.3,8580.0,6313.2,1043416.0
VOLTAMP,2024-02-29,8199.0,8806.95,9145.85,7033.0,758446.0
VOLTAMP,2024-03-29,8980.0,9670.95,9998.9,7199.05,798561.0
VOLTAMP,2024-04-30,9757.2,10399.15,10659.0,9602.75,507738.0
VOLTAMP,2024-05-31,10400.0,11258.3,12500.0,9510.0,542378.0
VOLTAMP,2024-06-28,12000.0,11003.8,12000.05,9551.0,453508.0
VOLTAMP,2024-07-31,11347.0,13506.7,14567.0,11022.0,906375.0
VOLTAMP,2024-08-30,13737.0,14104.45,14800.0,12900.1,458552.0
VOLTAMP,2024-09-30,14249.9,13179.2,14400.0,12910.0,293214.0
VOLTAMP,2024-10-31,12951.0,11601.85,14280.0,10073.7,809692.0
VOLTAMP,2024-11-29,12000.0,10161.15,12024.95,9171.0,910552.0
VOLTAMP,2024-12-31,10300.0,10135.8,11547.65,9825.0,546020.0
VOLTAMP,2025-01-31,10200.0,8358.15,10565.0,6880.25,1125644.0
VOLTAMP,2025-02-28,8428.0,6278.0,8499.0,6051.5,1342145.0
VOLTAMP,2025-03-31,6370.05,7136.35,7960.0,6051.0,1238877.0
VOLTAMP,2025-04-30,7136.35,7301.5,7987.0,6099.95,957362.0
VOLTAMP,2025-05-30,7293.5,8286.5,8875.0,7177.0,1244589.0
VOLTAMP,2025-06-30,8285.0,9516.0,9615.0,8200.0,1142802.0
VOLTAMP,2025-07-31,9563.5,8836.0,10088.0,8510.0,845141.0
VOLTAMP,2025-08-29,8805.5,7808.0,8832.0,7800.0,439805.0
VOLTAMP,2025-09-30,7882.5,7235.5,8169.0,6944.0,2265697.0
VOLTAMP,2025-10-31,7235.0,7403.5,7520.0,7000.0,629141.0
VOLTAMP,2025-11-28,7429.0,8159.5,8739.0,7000.5,1435615.0
VOLTAMP,2025-12-31,8241.5,7852.0,8241.5,7524.0,620582.0
VOLTAMP,2026-01-30,7880.0,7374.5,7958.5,6666.0,490892.0
VOLTAMP,2026-02-27,7285.5,9105.0,9294.0,7256.5,1023287.0
VOLTAMP,2026-03-31,8540.0,8685.5,9009.0,8179.0,663193.0
VOLTAMP,2026-04-30,8919.5,11742.0,11998.0,8800.0,1475846.0
VOLTAMP,2026-05-29,11742.0,9497.0,12863.0,8950.0,2159767.0
VOLTAMP,2026-06-30,9485.0,10379.5,11144.0,9082.0,949425.0
VOLTAMP,2026-07-31,10491.0,9923.0,10599.0,9078.0,1261773.0
VOLTAMP,2026-08-31,10215.0,10908.5,11699.0,9767.5,949853.0
VOLTAMP,2026-09-30,10959.0,10709.0,11550.0,10259.0,408492.0
VSSL,2023-09-29,203.0,205.3,218.0,198.5,602192.0
VSSL,2023-10-31,205.3,214.4,228.6,197.8,6120777.0
VSSL,2023-11-30,213.05,220.9,229.7,206.4,3669552.0
VSSL,2023-12-29,221.0,218.6,244.0,211.75,4492141.0
VSSL,2024-01-31,219.0,215.7,226.65,203.55,1857653.0
VSSL,2024-02-29,215.7,204.75,223.5,201.55,1444831.0
VSSL,2024-03-29,205.75,212.1,217.8,185.4,1867726.0
VSSL,2024-04-30,213.0,297.3,314.0,211.85,6455493.0
VSSL,2024-05-31,299.4,300.25,340.2,262.1,6608403.0
VSSL,2024-06-28,309.8,312.5,342.8,265.0,3258041.0
VSSL,2024-07-31,315.65,285.0,321.0,278.65,1745423.0
VSSL,2024-08-30,287.85,285.95,296.25,248.0,2750493.0
VSSL,2024-09-30,287.5,314.25,317.4,275.25,2216033.0
VSSL,2024-10-31,317.95,266.8,322.0,253.65,1431744.0
VSSL,2024-11-29,276.0,256.7,287.7,245.0,1084332.0
VSSL,2024-12-31,259.2,226.1,267.0,224.35,847632.0
VSSL,2025-01-31,225.1,235.79,246.72,203.31,1261696.0
VSSL,2025-02-28,237.95,201.88,239.9,197.5,594907.0
VSSL,2025-03-31,202.0,199.91,216.7,178.0,1662086.0
VSSL,2025-04-30,201.85,240.87,294.35,191.6,4134093.0
VSSL,2025-05-30,243.0,287.56,290.3,227.22,2532116.0
VSSL,2025-06-30,290.0,262.0,291.0,242.35,2058498.0
VSSL,2025-07-31,264.6,269.6,281.4,247.2,1995479.0
VSSL,2025-08-29,269.95,253.35,271.3,244.65,628067.0
VSSL,2025-09-30,255.9,295.9,299.5,250.6,2670398.0
VSSL,2025-10-31,299.4,286.65,324.0,266.1,6765282.0
VSSL,2025-11-28,291.95,283.0,304.9,270.55,1451191.0
VSSL,2025-12-31,283.0,284.35,304.0,275.0,1106280.0
VSSL,2026-01-30,287.3,255.6,289.4,243.8,960735.0
VSSL,2026-02-27,260.0,256.6,266.9,240.15,478168.0
VSSL,2026-03-31,251.0,208.4,253.9,206.4,798173.0
VSSL,2026-04-30,217.76,278.69,306.3,212.01,6198650.0
VSSL,2026-05-29,278.7,268.2,287.55,261.1,928763.0
VSSL,2026-06-30,273.95,279.5,293.7,260.05,961714.0
VSSL,2026-07-31,279.5,304.75,325.85,266.0,4430514.0
VSSL,2026-08-31,312.2,356.15,375.95,300.6,5384600.0
VSSL,2026-09-30,356.15,411.5,428.25,345.55,11398827.0
WABAG,2023-09-29,465.95,458.55,472.25,451.5,1208541.0
WABAG,2023-10-31,459.0,482.3,513.0,435.45,13330698.0
WABAG,2023-11-30,485.0,611.25,625.0,476.0,17067390.0
WABAG,2023-12-29,613.4,627.8,666.9,575.15,9751320.0
WABAG,2024-01-31,629.85,674.45,688.0,595.5,9828902.0
WABAG,2024-02-29,683.0,731.6,814.2,654.35,12148017.0
WABAG,2024-03-29,738.0,763.45,779.85,651.8,6920345.0
WABAG,2024-04-30,769.95,966.05,1030.0,765.5,18258877.0
WABAG,2024-05-31,968.0,980.05,1016.55,854.05,17980264.0
WABAG,2024-06-28,1029.05,1280.9,1349.0,825.0,22729035.0
WABAG,2024-07-31,1290.0,1342.65,1405.0,1184.95,15310264.0
WABAG,2024-08-30,1351.05,1272.55,1420.0,1203.7,10129378.0
WABAG,2024-09-30,1281.0,1510.5,1548.0,1245.1,11012308.0
WABAG,2024-10-31,1514.6,1777.95,1905.65,1405.05,13926724.0
WABAG,2024-11-29,1795.5,1794.9,1866.75,1645.7,5691677.0
WABAG,2024-12-31,1808.4,1643.1,1944.0,1523.75,19331821.0
WABAG,2025-01-31,1660.0,1372.35,1690.0,1114.0,10305620.0
WABAG,2025-02-28,1402.0,1303.5,1550.0,1244.75,15240380.0
WABAG,2025-03-31,1315.95,1454.65,1615.0,1218.0,8839223.0
WABAG,2025-04-30,1440.0,1285.1,1477.7,1140.05,6356699.0
WABAG,2025-05-30,1290.0,1628.5,1680.0,1250.0,11093964.0
WABAG,2025-06-30,1624.8,1481.4,1658.7,1460.0,5813542.0
WABAG,2025-07-31,1484.2,1585.7,1672.1,1398.8,9437706.0
WABAG,2025-08-29,1576.0,1457.8,1647.5,1453.1,4734745.0
WABAG,2025-09-30,1464.8,1435.0,1580.0,1412.2,3760615.0
WABAG,2025-10-31,1444.9,1414.1,1445.0,1390.3,3645225.0
WABAG,2025-11-28,1414.1,1355.6,1449.2,1338.0,2723321.0
WABAG,2025-12-31,1365.0,1303.3,1408.0,1241.1,5938374.0
WABAG,2026-01-30,1310.0,1077.7,1325.5,1033.0,8376539.0
WABAG,2026-02-27,1075.0,1264.3,1346.5,1040.7,5929598.0
WABAG,2026-03-31,1100.0,1157.4,1318.8,1100.0,8937217.0
WABAG,2026-04-30,1205.0,1509.6,1559.0,1180.0,9517008.0
WABAG,2026-05-29,1509.6,1527.8,1584.9,1326.3,6623558.0
WABAG,2026-06-30,1531.0,2009.1,2188.0,1510.0,18072112.0
WABAG,2026-07-31,2036.0,1977.2,2253.5,1856.0,20424746.0
WABAG,2026-08-31,1987.3,1979.2,2215.0,1861.9,13142437.0
WABAG,2026-09-30,1981.2,2008.4,2319.0,1948.9,12737539.0
WELSPUNLIV,2023-09-29,121.9,121.45,125.9,120.0,5083188.0
WELSPUNLIV,2023-10-31,122.0,150.4,158.0,115.65,188618427.0
WELSPUNLIV,2023-11-30,150.4,156.95,169.95,146.45,110714162.0
WELSPUNLIV,2023-12-29,158.95,144.45,165.4,140.05,44009434.0
WELSPUNLIV,2024-01-31,145.9,163.8,171.25,133.2,76474990.0
WELSPUNLIV,2024-02-29,165.9,154.75,168.0,145.0,76536229.0
WELSPUNLIV,2024-03-29,156.75,137.6,158.5,132.75,38523549.0
WELSPUNLIV,2024-04-30,140.0,149.9,163.55,139.2,51229131.0
WELSPUNLIV,2024-05-31,150.2,136.35,152.9,135.4,25130724.0
WELSPUNLIV,2024-06-28,139.4,153.66,156.0,122.65,48256373.0
WELSPUNLIV,2024-07-31,154.0,183.53,191.0,149.32,146530162.0
WELSPUNLIV,2024-08-30,184.09,192.99,212.95,172.05,166701109.0
WELSPUNLIV,2024-09-30,193.97,163.67,194.18,162.0,84514876.0
WELSPUNLIV,2024-10-31,164.75,152.21,176.3,145.24,83693054.0
WELSPUNLIV,2024-11-29,154.0,152.5,165.0,144.79,29628013.0
WELSPUNLIV,2024-12-31,152.5,156.79,180.7,151.49,73009450.0
WELSPUNLIV,2025-01-31,157.51,137.71,166.76,134.61,56867761.0
WELSPUNLIV,2025-02-28,139.09,106.92,144.89,104.8,36641784.0
WELSPUNLIV,2025-03-31,107.0,135.12,141.49,106.64,75470443.0
WELSPUNLIV,2025-04-30,134.65,127.22,141.09,104.8,66849398.0
WELSPUNLIV,2025-05-30,127.69,132.66,154.57,119.6,336255220.0
WELSPUNLIV,2025-06-30,132.66,143.34,145.0,127.0,141109758.0
WELSPUNLIV,2025-07-31,143.35,126.08,149.3,124.25,90878552.0
WELSPUNLIV,2025-08-29,125.75,109.32,127.25,109.0,49218841.0
WELSPUNLIV,2025-09-30,109.2,114.7,132.5,109.08,134831560.0
WELSPUNLIV,2025-10-31,114.7,129.65,134.4,113.55,62564805.0
WELSPUNLIV,2025-11-28,129.25,148.82,151.06,125.9,136162345.0
WELSPUNLIV,2025-12-31,146.6,130.57,146.79,128.15,94424221.0
WELSPUNLIV,2026-01-30,131.0,123.93,134.33,112.16,40325315.0
WELSPUNLIV,2026-02-27,123.88,125.33,152.85,119.73,125183663.0
WELSPUNLIV,2026-03-31,120.27,108.32,126.38,107.1,36896213.0
WELSPUNLIV,2026-04-30,111.3,128.96,136.45,110.8,27885698.0
WELSPUNLIV,2026-05-29,128.96,137.97,145.8,127.3,47291494.0
WELSPUNLIV,2026-06-30,142.73,158.84,171.0,133.34,86444530.0
WELSPUNLIV,2026-07-31,160.0,155.94,174.97,155.21,43194592.0
WELSPUNLIV,2026-08-31,156.0,196.21,198.0,152.98,213209115.0
WELSPUNLIV,2026-09-30,196.2,224.68,233.0,195.11,85120770.0
WOCKPHARMA,2023-09-29,228.0,235.25,239.4,228.0,3995457.0
WOCKPHARMA,2023-10-31,236.0,226.8,259.9,213.25,23384751.0
WOCKPHARMA,2023-11-30,226.8,345.3,349.7,222.55,101729484.0
WOCKPHARMA,2023-12-29,349.0,424.35,431.75,326.35,53480511.0
WOCKPHARMA,2024-01-31,428.95,460.25,508.0,402.65,32984878.0
WOCKPHARMA,2024-02-29,460.25,604.15,624.95,420.0,43222693.0
WOCKPHARMA,2024-03-29,605.0,585.7,630.0,494.45,8011027.0
WOCKPHARMA,2024-04-30,613.0,566.45,613.0,535.0,5031245.0
WOCKPHARMA,2024-05-31,570.25,529.35,579.0,515.0,4732202.0
WOCKPHARMA,2024-06-28,545.0,686.6,686.6,490.15,11269412.0
WOCKPHARMA,2024-07-31,750.0,922.55,995.0,730.5,24831258.0
WOCKPHARMA,2024-08-30,904.1,1050.6,1089.9,840.0,6385755.0
WOCKPHARMA,2024-09-30,1060.0,978.35,1097.7,955.55,4656921.0
WOCKPHARMA,2024-10-31,978.35,1208.35,1208.35,915.0,9693947.0
WOCKPHARMA,2024-11-29,1228.0,1404.25,1418.0,1130.15,11013905.0
WOCKPHARMA,2024-12-31,1420.45,1416.85,1536.6,1347.15,9968988.0
WOCKPHARMA,2025-01-31,1416.85,1416.9,1582.95,1165.1,11898594.0
WOCKPHARMA,2025-02-28,1490.0,1155.5,1679.9,1110.05,12245388.0
WOCKPHARMA,2025-03-31,1178.0,1424.4,1536.8,1141.45,6806193.0
WOCKPHARMA,2025-04-30,1458.0,1296.7,1529.4,1154.4,11470476.0
WOCKPHARMA,2025-05-30,1292.0,1465.3,1481.4,1194.1,9045762.0
WOCKPHARMA,2025-06-30,1470.0,1714.0,1868.8,1441.0,32851885.0
WOCKPHARMA,2025-07-31,1715.1,1667.5,1867.0,1645.2,16658352.0
WOCKPHARMA,2025-08-29,1667.0,1427.5,1676.7,1411.1,8744822.0
WOCKPHARMA,2025-09-30,1427.5,1516.0,1588.0,1325.0,20509277.0
WOCKPHARMA,2025-10-31,1510.0,1281.5,1524.0,1276.0,7424904.0
WOCKPHARMA,2025-11-28,1290.4,1235.0,1433.0,1230.0,12445228.0
WOCKPHARMA,2025-12-31,1245.1,1446.2,1566.9,1225.2,54914378.0
WOCKPHARMA,2026-01-30,1438.0,1382.2,1529.0,1335.0,11933382.0
WOCKPHARMA,2026-02-27,1348.6,1361.9,1463.0,1275.0,9250283.0
WOCKPHARMA,2026-03-31,1310.0,1175.7,1347.4,1086.7,12929090.0
WOCKPHARMA,2026-04-30,1234.0,1395.6,1532.0,1198.4,12517468.0
WOCKPHARMA,2026-05-29,1395.6,2031.4,2097.4,1395.6,76101343.0
WOCKPHARMA,2026-06-30,2377.0,1941.4,2422.3,1820.0,57869573.0
WOCKPHARMA,2026-07-31,1955.0,1959.7,1994.0,1792.4,13735471.0
WOCKPHARMA,2026-08-31,1967.0,1883.7,2067.7,1814.4,15178163.0
WOCKPHARMA,2026-09-30,1883.7,2265.6,2360.0,1833.3,26070365.0
ZYDUSLIFE,2023-09-29,591.1,615.0,621.95,589.15,10129112.0
ZYDUSLIFE,2023-10-31,616.4,573.55,618.0,567.75,20399941.0
ZYDUSLIFE,2023-11-30,575.4,637.55,649.05,570.25,22325671.0
ZYDUSLIFE,2023-12-29,641.7,689.2,696.5,630.0,35752841.0
ZYDUSLIFE,2024-01-31,688.1,760.8,766.0,685.0,24565416.0
ZYDUSLIFE,2024-02-29,763.0,941.9,953.65,749.2,30558950.0
ZYDUSLIFE,2024-03-29,948.35,1007.35,1027.8,921.7,23538249.0
ZYDUSLIFE,2024-04-30,1024.95,953.55,1031.7,913.2,26842034.0
ZYDUSLIFE,2024-05-31,959.9,1000.15,1172.5,951.05,40642016.0
ZYDUSLIFE,2024-06-28,1045.0,1073.95,1111.8,933.8,28586284.0
ZYDUSLIFE,2024-07-31,1093.35,1247.2,1251.7,1059.0,36764937.0
ZYDUSLIFE,2024-08-30,1260.05,1127.9,1324.3,1105.1,89378603.0
ZYDUSLIFE,2024-09-30,1127.0,1068.55,1139.95,1038.55,34275592.0
ZYDUSLIFE,2024-10-31,1071.05,1001.25,1087.25,977.0,25764169.0
ZYDUSLIFE,2024-11-29,1009.25,965.95,1013.9,933.0,20829675.0
ZYDUSLIFE,2024-12-31,965.95,971.7,1000.0,952.5,23055276.0
ZYDUSLIFE,2025-01-31,971.0,970.25,1027.95,891.15,27327009.0
ZYDUSLIFE,2025-02-28,970.25,876.6,1026.55,855.1,28418380.0
ZYDUSLIFE,2025-03-31,879.0,886.4,939.5,859.5,22240578.0
ZYDUSLIFE,2025-04-30,888.0,888.25,949.65,795.0,42905606.0
ZYDUSLIFE,2025-05-30,887.0,930.0,934.0,859.0,21978177.0
ZYDUSLIFE,2025-06-30,933.95,989.95,995.7,917.05,21495693.0
ZYDUSLIFE,2025-07-31,994.95,969.8,1015.0,951.55,20267544.0
ZYDUSLIFE,2025-08-29,970.0,981.05,1029.5,919.05,19347291.0
ZYDUSLIFE,2025-09-30,988.0,981.9,1059.05,972.7,22477581.0
ZYDUSLIFE,2025-10-31,981.0,974.45,1017.15,973.5,16051393.0
ZYDUSLIFE,2025-11-28,970.5,942.5,998.0,920.5,21055646.0
ZYDUSLIFE,2025-12-31,942.1,914.35,947.0,896.75,14264601.0
ZYDUSLIFE,2026-01-30,919.8,885.3,941.0,855.95,11280031.0
ZYDUSLIFE,2026-02-27,876.3,921.7,947.55,863.65,16153388.0
ZYDUSLIFE,2026-03-31,893.65,871.2,936.15,858.0,12054048.0
ZYDUSLIFE,2026-04-30,888.0,891.9,962.9,835.5,14990842.0
ZYDUSLIFE,2026-05-29,891.9,1077.7,1115.5,891.9,47298176.0
ZYDUSLIFE,2026-06-30,1081.0,1112.6,1128.5,1048.9,28416377.0
ZYDUSLIFE,2026-07-31,1112.9,1126.8,1181.5,1095.1,27094215.0
ZYDUSLIFE,2026-08-31,1135.0,1161.3,1205.0,1092.6,36274215.0
ZYDUSLIFE,2026-09-30,1167.3,1203.9,1208.6,1086.0,23446289.0
