Symbol,Datetime,Open,Close,High,Low,Volume
20MICRONS,2026-02-02 09:15:00+05:30,175.0,165.27999877929688,175.0,165.27999877929688,47160
20MICRONS,2026-02-02 13:15:00+05:30,165.6199951171875,169.8000030517578,169.8000030517578,164.5500030517578,69597
20MICRONS,2026-02-03 09:15:00+05:30,175.10000610351562,174.77000427246094,178.72000122070312,172.55999755859375,36974
20MICRONS,2026-02-03 13:15:00+05:30,174.63999938964844,172.8800048828125,174.77000427246094,172.0,47167
20MICRONS,2026-02-04 09:15:00+05:30,172.8800048828125,174.07000732421875,175.85000610351562,170.35000610351562,26182
20MICRONS,2026-02-04 13:15:00+05:30,174.0,170.58999633789062,174.88999938964844,169.3699951171875,134740
20MICRONS,2026-02-05 09:15:00+05:30,171.41000366210938,167.8000030517578,173.42999267578125,166.91000366210938,35751
20MICRONS,2026-02-05 13:15:00+05:30,167.5,168.0,169.0,167.0500030517578,30818
20MICRONS,2026-02-06 09:15:00+05:30,169.0,169.38999938964844,173.0,167.0,38206
20MICRONS,2026-02-06 13:15:00+05:30,169.52000427246094,172.7100067138672,173.0,168.50999450683594,44487
20MICRONS,2026-02-09 09:15:00+05:30,173.19000244140625,179.99000549316406,181.55999755859375,172.61000061035156,64130
20MICRONS,2026-02-09 13:15:00+05:30,179.30999755859375,183.10000610351562,186.67999267578125,179.30999755859375,202456
20MICRONS,2026-02-10 09:15:00+05:30,183.8699951171875,182.75,184.63999938964844,180.36000061035156,23284
20MICRONS,2026-02-10 13:15:00+05:30,183.0,181.92999267578125,183.0500030517578,180.41000366210938,19638
21STCENMGM,2026-02-02 09:15:00+05:30,36.5,37.939998626708984,37.939998626708984,36.5,2076
21STCENMGM,2026-02-02 13:15:00+05:30,36.5,37.90999984741211,37.97999954223633,36.5,4409
21STCENMGM,2026-02-03 09:15:00+05:30,38.61000061035156,38.65999984741211,38.65999984741211,38.61000061035156,874
21STCENMGM,2026-02-03 13:15:00+05:30,38.65999984741211,38.65999984741211,38.65999984741211,38.65999984741211,75
21STCENMGM,2026-02-04 09:15:00+05:30,39.43000030517578,39.43000030517578,39.43000030517578,39.43000030517578,7911
21STCENMGM,2026-02-04 13:15:00+05:30,39.43000030517578,39.43000030517578,39.43000030517578,39.43000030517578,370
21STCENMGM,2026-02-05 09:15:00+05:30,40.20000076293945,40.209999084472656,40.209999084472656,40.20000076293945,170
21STCENMGM,2026-02-05 13:15:00+05:30,40.209999084472656,40.209999084472656,40.209999084472656,40.209999084472656,191
21STCENMGM,2026-02-06 09:15:00+05:30,39.40999984741211,40.84000015258789,41.0,39.40999984741211,7664
21STCENMGM,2026-02-06 13:15:00+05:30,39.59000015258789,40.310001373291016,40.779998779296875,39.59000015258789,1296
21STCENMGM,2026-02-09 09:15:00+05:30,41.11000061035156,40.93000030517578,41.11000061035156,39.59000015258789,6214
21STCENMGM,2026-02-09 13:15:00+05:30,39.959999084472656,39.880001068115234,41.0,39.54999923706055,2849
21STCENMGM,2026-02-10 09:15:00+05:30,40.38999938964844,40.34000015258789,40.38999938964844,39.5,137
21STCENMGM,2026-02-10 13:15:00+05:30,39.900001525878906,39.5,40.290000915527344,39.5,1169
360ONE,2026-02-02 09:15:00+05:30,1086.800048828125,1085.0,1099.300048828125,1067.4000244140625,562244
360ONE,2026-02-02 13:15:00+05:30,1085.0,1110.4000244140625,1120.699951171875,1080.0,553189
360ONE,2026-02-03 09:15:00+05:30,1184.800048828125,1160.0,1184.800048828125,1150.0,326783
360ONE,2026-02-03 13:15:00+05:30,1160.199951171875,1167.5999755859375,1173.0999755859375,1158.800048828125,302168
360ONE,2026-02-04 09:15:00+05:30,1158.199951171875,1164.199951171875,1169.9000244140625,1137.0,408035
360ONE,2026-02-04 13:15:00+05:30,1163.5,1166.0999755859375,1168.5999755859375,1160.5,247814
360ONE,2026-02-05 09:15:00+05:30,1163.199951171875,1134.0999755859375,1163.199951171875,1132.699951171875,308753
360ONE,2026-02-05 13:15:00+05:30,1134.199951171875,1138.5999755859375,1142.800048828125,1131.4000244140625,463866
360ONE,2026-02-06 09:15:00+05:30,1132.0999755859375,1105.699951171875,1132.5999755859375,1102.199951171875,191562
360ONE,2026-02-06 13:15:00+05:30,1105.699951171875,1113.9000244140625,1119.800048828125,1104.0,256848
360ONE,2026-02-09 09:15:00+05:30,1122.5999755859375,1123.199951171875,1131.5999755859375,1118.0,121659
360ONE,2026-02-09 13:15:00+05:30,1123.199951171875,1137.0,1140.0,1123.199951171875,160169
360ONE,2026-02-10 09:15:00+05:30,1136.5999755859375,1146.5999755859375,1150.0999755859375,1124.300048828125,594759
360ONE,2026-02-10 13:15:00+05:30,1146.5999755859375,1161.0,1170.300048828125,1144.5999755859375,350628
3MINDIA,2026-02-02 09:15:00+05:30,34490.0,34135.0,34525.0,33840.0,933
3MINDIA,2026-02-02 13:15:00+05:30,34135.0,34490.0,34850.0,33980.0,1261
3MINDIA,2026-02-03 09:15:00+05:30,35555.0,35125.0,35555.0,34710.0,1594
3MINDIA,2026-02-03 13:15:00+05:30,35135.0,35025.0,35345.0,35000.0,1147
3MINDIA,2026-02-04 09:15:00+05:30,34950.0,35120.0,35355.0,34750.0,838
3MINDIA,2026-02-04 13:15:00+05:30,35170.0,35765.0,36110.0,35070.0,3699
3MINDIA,2026-02-05 09:15:00+05:30,35765.0,35700.0,35765.0,35205.0,906
3MINDIA,2026-02-05 13:15:00+05:30,35700.0,35450.0,35855.0,35105.0,1738
3MINDIA,2026-02-06 09:15:00+05:30,35375.0,35185.0,35375.0,34945.0,535
3MINDIA,2026-02-06 13:15:00+05:30,35210.0,35190.0,35340.0,34935.0,3406
3MINDIA,2026-02-09 09:15:00+05:30,35360.0,35275.0,35800.0,35240.0,771
3MINDIA,2026-02-09 13:15:00+05:30,35275.0,36495.0,37740.0,35200.0,5146
3MINDIA,2026-02-10 09:15:00+05:30,36500.0,37825.0,38000.0,36375.0,5055
3MINDIA,2026-02-10 13:15:00+05:30,37825.0,37605.0,37850.0,37550.0,3780
3PLAND,2026-02-02 09:15:00+05:30,34.599998474121094,34.5,34.72999954223633,33.5,595
3PLAND,2026-02-02 13:15:00+05:30,34.5,34.380001068115234,34.5099983215332,32.720001220703125,865
3PLAND,2026-02-03 09:15:00+05:30,35.4900016784668,34.88999938964844,36.0,34.02000045776367,4461
3PLAND,2026-02-03 13:15:00+05:30,34.09000015258789,34.4900016784668,34.84000015258789,34.09000015258789,1283
3PLAND,2026-02-04 09:15:00+05:30,34.5,35.0,35.0,34.459999084472656,429
3PLAND,2026-02-04 13:15:00+05:30,35.0,34.650001525878906,35.0,34.61000061035156,1457
3PLAND,2026-02-05 09:15:00+05:30,36.20000076293945,35.849998474121094,36.400001525878906,34.650001525878906,394
3PLAND,2026-02-05 13:15:00+05:30,35.5,35.130001068115234,35.790000915527344,35.099998474121094,1542
3PLAND,2026-02-06 09:15:00+05:30,35.400001525878906,35.400001525878906,35.959999084472656,34.5,733
3PLAND,2026-02-06 13:15:00+05:30,34.54999923706055,34.560001373291016,35.369998931884766,34.54999923706055,156
3PLAND,2026-02-09 09:15:00+05:30,34.560001373291016,36.130001068115234,36.150001525878906,34.560001373291016,2589
3PLAND,2026-02-09 13:15:00+05:30,36.13999938964844,35.4900016784668,36.13999938964844,34.060001373291016,6448
3PLAND,2026-02-10 09:15:00+05:30,35.4900016784668,35.11000061035156,35.4900016784668,34.5,1785
3PLAND,2026-02-10 13:15:00+05:30,35.15999984741211,35.16999816894531,35.29999923706055,34.650001525878906,344
5PAISA,2026-02-02 09:15:00+05:30,329.20001220703125,328.5,339.1000061035156,324.0,31487
5PAISA,2026-02-02 13:15:00+05:30,328.29998779296875,331.1000061035156,335.8999938964844,325.3999938964844,23911
5PAISA,2026-02-03 09:15:00+05:30,355.0,341.8999938964844,357.0,329.54998779296875,37120
5PAISA,2026-02-03 13:15:00+05:30,340.8500061035156,334.04998779296875,341.8999938964844,331.79998779296875,62547
5PAISA,2026-02-04 09:15:00+05:30,334.04998779296875,338.95001220703125,341.3500061035156,331.79998779296875,22091
5PAISA,2026-02-04 13:15:00+05:30,338.6000061035156,341.25,345.0,338.1499938964844,28869
5PAISA,2026-02-05 09:15:00+05:30,338.1000061035156,331.54998779296875,339.0,330.25,23892
5PAISA,2026-02-05 13:15:00+05:30,331.3999938964844,333.8999938964844,336.0,330.6000061035156,16463
5PAISA,2026-02-06 09:15:00+05:30,332.95001220703125,328.0,332.95001220703125,326.04998779296875,10809
5PAISA,2026-02-06 13:15:00+05:30,327.45001220703125,328.0,336.0,327.45001220703125,7405
5PAISA,2026-02-09 09:15:00+05:30,329.6000061035156,337.3500061035156,339.45001220703125,329.29998779296875,13283
5PAISA,2026-02-09 13:15:00+05:30,337.3500061035156,340.79998779296875,343.70001220703125,336.29998779296875,16185
5PAISA,2026-02-10 09:15:00+05:30,344.45001220703125,343.45001220703125,344.45001220703125,339.29998779296875,11214
5PAISA,2026-02-10 13:15:00+05:30,342.8999938964844,339.1000061035156,342.8999938964844,337.25,8804
63MOONS,2026-02-02 09:15:00+05:30,630.9000244140625,627.4500122070312,647.4500122070312,620.5,26237
63MOONS,2026-02-02 13:15:00+05:30,625.0999755859375,639.7000122070312,640.7999877929688,625.0,22359
63MOONS,2026-02-03 09:15:00+05:30,657.9500122070312,654.7999877929688,660.5499877929688,643.0,25291
63MOONS,2026-02-03 13:15:00+05:30,654.0999755859375,650.6500244140625,656.8499755859375,644.75,24683
63MOONS,2026-02-04 09:15:00+05:30,650.2999877929688,655.0,665.0499877929688,642.4000244140625,43004
63MOONS,2026-02-04 13:15:00+05:30,655.0,650.0,657.75,650.0,23457
63MOONS,2026-02-05 09:15:00+05:30,647.25,647.0,655.5999755859375,643.0,11318
63MOONS,2026-02-05 13:15:00+05:30,647.0999755859375,646.3499755859375,649.4000244140625,638.7000122070312,23447
63MOONS,2026-02-06 09:15:00+05:30,642.0,631.5,646.2999877929688,630.9000244140625,10697
63MOONS,2026-02-06 13:15:00+05:30,632.1500244140625,630.0,637.4500122070312,630.0,32191
63MOONS,2026-02-09 09:15:00+05:30,634.0,720.2999877929688,723.75,634.0,627251
63MOONS,2026-02-09 13:15:00+05:30,721.7000122070312,709.8499755859375,727.2999877929688,701.0,388917
63MOONS,2026-02-10 09:15:00+05:30,715.0,727.0,728.2000122070312,700.0,73530
63MOONS,2026-02-10 13:15:00+05:30,726.0,716.3499755859375,731.7999877929688,714.0499877929688,83167
AAATECH,2026-02-02 09:15:00+05:30,103.0,100.0999984741211,103.0,98.0,2394
AAATECH,2026-02-02 13:15:00+05:30,100.0999984741211,101.37000274658203,101.9000015258789,99.0,1484
AAATECH,2026-02-03 09:15:00+05:30,102.0,101.4000015258789,103.0,99.08999633789062,4371
AAATECH,2026-02-03 13:15:00+05:30,102.38999938964844,102.01000213623047,103.79000091552734,101.5,3688
AAATECH,2026-02-04 09:15:00+05:30,102.0,102.4800033569336,104.44999694824219,100.0999984741211,8477
AAATECH,2026-02-04 13:15:00+05:30,102.4800033569336,102.1500015258789,103.44999694824219,100.5999984741211,2365
AAATECH,2026-02-05 09:15:00+05:30,103.0,99.5999984741211,103.0,99.08000183105469,5465
AAATECH,2026-02-05 13:15:00+05:30,100.5,101.01000213623047,101.19999694824219,100.4000015258789,2408
AAATECH,2026-02-06 09:15:00+05:30,101.01000213623047,99.4800033569336,101.01000213623047,98.1500015258789,5118
AAATECH,2026-02-06 13:15:00+05:30,99.0999984741211,99.0,100.0,98.08999633789062,5818
AAATECH,2026-02-09 09:15:00+05:30,100.38999938964844,101.80000305175781,102.27999877929688,99.0,6801
AAATECH,2026-02-09 13:15:00+05:30,101.87999725341797,101.30000305175781,102.1500015258789,99.30000305175781,4111
AAATECH,2026-02-10 09:15:00+05:30,101.3499984741211,100.9800033569336,102.88999938964844,100.9800033569336,5737
AAATECH,2026-02-10 13:15:00+05:30,101.9000015258789,101.16999816894531,101.9000015258789,100.6500015258789,1479
AAREYDRUGS,2026-02-02 09:15:00+05:30,64.22000122070312,61.08000183105469,64.22000122070312,61.08000183105469,53716
AAREYDRUGS,2026-02-02 13:15:00+05:30,61.08000183105469,64.01000213623047,66.11000061035156,61.08000183105469,279811
AAREYDRUGS,2026-02-03 09:15:00+05:30,64.0,64.8499984741211,65.55000305175781,63.310001373291016,18047
AAREYDRUGS,2026-02-03 13:15:00+05:30,64.79000091552734,64.94999694824219,65.52999877929688,63.54999923706055,39902
AAREYDRUGS,2026-02-04 09:15:00+05:30,64.98999786376953,63.790000915527344,64.98999786376953,63.630001068115234,7043
AAREYDRUGS,2026-02-04 13:15:00+05:30,63.79999923706055,62.779998779296875,63.9900016784668,62.2599983215332,19732
AAREYDRUGS,2026-02-05 09:15:00+05:30,64.94999694824219,63.79999923706055,64.94999694824219,62.27000045776367,14320
AAREYDRUGS,2026-02-05 13:15:00+05:30,63.7599983215332,65.61000061035156,66.80000305175781,63.63999938964844,69783
AAREYDRUGS,2026-02-06 09:15:00+05:30,66.4800033569336,64.9800033569336,66.4800033569336,62.9900016784668,27383
AAREYDRUGS,2026-02-06 13:15:00+05:30,64.72000122070312,67.18000030517578,67.69999694824219,64.55999755859375,81092
AAREYDRUGS,2026-02-09 09:15:00+05:30,67.18000030517578,69.91999816894531,70.5,67.0,38563
AAREYDRUGS,2026-02-09 13:15:00+05:30,70.37999725341797,69.7300033569336,70.5,69.5,30653
AAREYDRUGS,2026-02-10 09:15:00+05:30,69.48999786376953,68.1500015258789,69.68000030517578,68.05999755859375,6914
AAREYDRUGS,2026-02-10 13:15:00+05:30,68.20999908447266,65.33000183105469,68.20999908447266,64.05999755859375,47444
AARON,2026-02-02 09:15:00+05:30,154.6999969482422,154.05999755859375,155.47999572753906,150.61000061035156,2483
AARON,2026-02-02 13:15:00+05:30,154.35000610351562,155.7899932861328,155.99000549316406,154.0500030517578,826
AARON,2026-02-03 09:15:00+05:30,156.8000030517578,159.6300048828125,164.5,155.5,6144
AARON,2026-02-03 13:15:00+05:30,159.4600067138672,160.80999755859375,162.0,157.3000030517578,1505
AARON,2026-02-04 09:15:00+05:30,158.25,163.2100067138672,167.3000030517578,158.25,1874
AARON,2026-02-04 13:15:00+05:30,162.82000732421875,163.3000030517578,165.0,162.5,2300
AARON,2026-02-05 09:15:00+05:30,163.3000030517578,164.97000122070312,167.92999267578125,160.0,7696
AARON,2026-02-05 13:15:00+05:30,164.5500030517578,164.10000610351562,165.0,162.9199981689453,2180
AARON,2026-02-06 09:15:00+05:30,165.0,162.85000610351562,165.11000061035156,162.5,3264
AARON,2026-02-06 13:15:00+05:30,162.85000610351562,163.30999755859375,163.5,162.85000610351562,1376
AARON,2026-02-09 09:15:00+05:30,164.30999755859375,165.1999969482422,165.33999633789062,162.61000061035156,1766
AARON,2026-02-09 13:15:00+05:30,165.1999969482422,164.6699981689453,166.00999450683594,164.0,6684
AARON,2026-02-10 09:15:00+05:30,165.33999633789062,163.58999633789062,166.22000122070312,162.02000427246094,1475
AARON,2026-02-10 13:15:00+05:30,163.58999633789062,163.7899932861328,163.89999389648438,163.05999755859375,2135
AARTECH,2026-02-02 09:15:00+05:30,45.0,45.11000061035156,45.88999938964844,44.02000045776367,11905
AARTECH,2026-02-02 13:15:00+05:30,45.15999984741211,47.09000015258789,47.880001068115234,44.959999084472656,9261
AARTECH,2026-02-03 09:15:00+05:30,48.79999923706055,47.220001220703125,48.79999923706055,46.0,10333
AARTECH,2026-02-03 13:15:00+05:30,47.18000030517578,47.189998626708984,47.63999938964844,46.599998474121094,5784
AARTECH,2026-02-04 09:15:00+05:30,46.5,47.459999084472656,48.97999954223633,45.75,9657
AARTECH,2026-02-04 13:15:00+05:30,47.40999984741211,47.70000076293945,48.5,47.40999984741211,5515
AARTECH,2026-02-05 09:15:00+05:30,48.75,47.90999984741211,49.31999969482422,47.209999084472656,4550
AARTECH,2026-02-05 13:15:00+05:30,47.790000915527344,46.060001373291016,47.790000915527344,45.709999084472656,10233
AARTECH,2026-02-06 09:15:00+05:30,45.349998474121094,46.290000915527344,46.689998626708984,45.209999084472656,8440
AARTECH,2026-02-06 13:15:00+05:30,46.279998779296875,46.08000183105469,46.31999969482422,45.849998474121094,1440
AARTECH,2026-02-09 09:15:00+05:30,46.599998474121094,47.540000915527344,47.88999938964844,46.0099983215332,8139
AARTECH,2026-02-09 13:15:00+05:30,47.5,48.5,51.470001220703125,47.5,95823
AARTECH,2026-02-10 09:15:00+05:30,50.439998626708984,50.0,50.849998474121094,48.5099983215332,18302
AARTECH,2026-02-10 13:15:00+05:30,50.22999954223633,50.279998779296875,50.849998474121094,49.66999816894531,15038
AARTIDRUGS,2026-02-02 09:15:00+05:30,381.1499938964844,375.6499938964844,384.79998779296875,373.54998779296875,23048
AARTIDRUGS,2026-02-02 13:15:00+05:30,376.1499938964844,383.54998779296875,385.0,375.70001220703125,22132
AARTIDRUGS,2026-02-03 09:15:00+05:30,395.1000061035156,387.75,422.20001220703125,386.54998779296875,114650
AARTIDRUGS,2026-02-03 13:15:00+05:30,387.75,390.6000061035156,395.3999938964844,387.0,86443
AARTIDRUGS,2026-02-04 09:15:00+05:30,365.20001220703125,367.45001220703125,371.25,360.0,483897
AARTIDRUGS,2026-02-04 13:15:00+05:30,366.1000061035156,370.8999938964844,372.70001220703125,366.1000061035156,188115
AARTIDRUGS,2026-02-05 09:15:00+05:30,370.95001220703125,371.5,377.45001220703125,366.5,62090
AARTIDRUGS,2026-02-05 13:15:00+05:30,371.25,375.0,375.79998779296875,370.04998779296875,73121
AARTIDRUGS,2026-02-06 09:15:00+05:30,375.6000061035156,374.79998779296875,377.70001220703125,371.6499938964844,28691
AARTIDRUGS,2026-02-06 13:15:00+05:30,374.75,374.25,376.1000061035156,373.3999938964844,31046
AARTIDRUGS,2026-02-09 09:15:00+05:30,380.04998779296875,376.5,380.04998779296875,375.0,38253
AARTIDRUGS,2026-02-09 13:15:00+05:30,376.25,377.1499938964844,378.29998779296875,376.1000061035156,45277
AARTIDRUGS,2026-02-10 09:15:00+05:30,378.0,383.95001220703125,387.5,377.1499938964844,62357
AARTIDRUGS,2026-02-10 13:15:00+05:30,382.79998779296875,377.25,383.25,377.25,25942
AARTIIND,2026-02-02 09:15:00+05:30,369.75,369.8999938964844,370.1499938964844,360.8500061035156,255034
AARTIIND,2026-02-02 13:15:00+05:30,369.95001220703125,373.0,375.0,368.25,301303
AARTIIND,2026-02-03 09:15:00+05:30,426.45001220703125,428.6499938964844,443.95001220703125,412.0,9899528
AARTIIND,2026-02-03 13:15:00+05:30,428.54998779296875,428.70001220703125,436.95001220703125,425.25,3852365
AARTIIND,2026-02-04 09:15:00+05:30,429.1499938964844,440.0,447.70001220703125,429.1499938964844,929555
AARTIIND,2026-02-04 13:15:00+05:30,440.29998779296875,441.3999938964844,446.70001220703125,439.1000061035156,1117728
AARTIIND,2026-02-05 09:15:00+05:30,442.8999938964844,447.8500061035156,452.25,440.75,987750
AARTIIND,2026-02-05 13:15:00+05:30,447.8500061035156,453.0,455.29998779296875,445.25,965611
AARTIIND,2026-02-06 09:15:00+05:30,450.25,443.1000061035156,450.25,438.0,310749
AARTIIND,2026-02-06 13:15:00+05:30,443.45001220703125,440.95001220703125,444.95001220703125,439.0,372590
AARTIIND,2026-02-09 09:15:00+05:30,448.8999938964844,464.5,466.0,445.70001220703125,1505602
AARTIIND,2026-02-09 13:15:00+05:30,464.54998779296875,469.0,471.29998779296875,463.45001220703125,1455628
AARTIIND,2026-02-10 09:15:00+05:30,470.5,467.95001220703125,474.29998779296875,463.79998779296875,445759
AARTIIND,2026-02-10 13:15:00+05:30,468.0,465.04998779296875,469.8999938964844,464.75,497094
AARTIPHARM,2026-02-02 09:15:00+05:30,740.0499877929688,772.5,779.0,740.0,141718
AARTIPHARM,2026-02-02 13:15:00+05:30,772.9500122070312,771.5,779.0999755859375,766.0,91492
AARTIPHARM,2026-02-03 09:15:00+05:30,800.0499877929688,788.9000244140625,800.0499877929688,782.0,55282
AARTIPHARM,2026-02-03 13:15:00+05:30,789.25,796.1500244140625,799.0,786.4500122070312,57470
AARTIPHARM,2026-02-04 09:15:00+05:30,785.0,777.1500244140625,791.3499755859375,774.2000122070312,40766
AARTIPHARM,2026-02-04 13:15:00+05:30,777.0999755859375,779.9000244140625,779.9000244140625,775.0,35022
AARTIPHARM,2026-02-05 09:15:00+05:30,777.7999877929688,784.9000244140625,785.7999877929688,773.5999755859375,24114
AARTIPHARM,2026-02-05 13:15:00+05:30,784.9500122070312,783.3499755859375,789.7999877929688,781.9000244140625,29978
AARTIPHARM,2026-02-06 09:15:00+05:30,782.9500122070312,778.3499755859375,782.9500122070312,763.4500122070312,41813
AARTIPHARM,2026-02-06 13:15:00+05:30,778.2999877929688,776.7999877929688,782.0999755859375,774.2999877929688,36459
AARTIPHARM,2026-02-09 09:15:00+05:30,785.0,775.5499877929688,797.9500122070312,771.0999755859375,107788
AARTIPHARM,2026-02-09 13:15:00+05:30,775.7999877929688,799.0,799.0,775.7999877929688,70725
AARTIPHARM,2026-02-10 09:15:00+05:30,748.0,770.75,789.2999877929688,748.0,197210
AARTIPHARM,2026-02-10 13:15:00+05:30,770.0999755859375,762.7999877929688,773.6500244140625,759.7000122070312,147193
AARTISURF,2026-02-02 09:15:00+05:30,405.0,401.95001220703125,413.1000061035156,400.20001220703125,1775
AARTISURF,2026-02-02 13:15:00+05:30,400.3500061035156,407.20001220703125,415.3999938964844,400.0,4031
AARTISURF,2026-02-03 09:15:00+05:30,448.3999938964844,417.04998779296875,449.8999938964844,411.20001220703125,6811
AARTISURF,2026-02-03 13:15:00+05:30,419.20001220703125,411.8500061035156,422.8999938964844,410.0,8702
AARTISURF,2026-02-04 09:15:00+05:30,403.0,425.04998779296875,427.0,403.0,3807
AARTISURF,2026-02-04 13:15:00+05:30,425.3500061035156,429.25,431.0,422.0,5630
AARTISURF,2026-02-05 09:15:00+05:30,429.25,420.25,429.70001220703125,420.25,2313
AARTISURF,2026-02-05 13:15:00+05:30,422.45001220703125,421.3500061035156,425.5,420.0,2199
AARTISURF,2026-02-06 09:15:00+05:30,425.6000061035156,427.8500061035156,428.95001220703125,416.45001220703125,2284
AARTISURF,2026-02-06 13:15:00+05:30,427.70001220703125,426.75,428.8999938964844,424.0,3040
AARTISURF,2026-02-09 09:15:00+05:30,430.0,439.04998779296875,442.0,426.79998779296875,4506
AARTISURF,2026-02-09 13:15:00+05:30,439.0,441.79998779296875,448.0,431.1000061035156,5907
AARTISURF,2026-02-10 09:15:00+05:30,441.79998779296875,442.3500061035156,455.0,438.04998779296875,4590
AARTISURF,2026-02-10 13:15:00+05:30,444.95001220703125,445.70001220703125,446.8500061035156,441.0,2135
AARVI,2026-02-02 09:15:00+05:30,133.0,127.04000091552734,133.5,126.5999984741211,7761
AARVI,2026-02-02 13:15:00+05:30,127.41000366210938,128.0800018310547,129.97000122070312,126.0,6069
AARVI,2026-02-03 09:15:00+05:30,133.0,130.0,133.0,128.60000610351562,6195
AARVI,2026-02-03 13:15:00+05:30,129.99000549316406,130.0,133.0,128.5,4910
AARVI,2026-02-04 09:15:00+05:30,132.11000061035156,130.10000610351562,132.11000061035156,127.1500015258789,7981
AARVI,2026-02-04 13:15:00+05:30,130.3000030517578,129.10000610351562,131.9600067138672,128.61000061035156,4772
AARVI,2026-02-05 09:15:00+05:30,131.10000610351562,130.0,131.10000610351562,127.43000030517578,8478
AARVI,2026-02-05 13:15:00+05:30,129.02000427246094,127.7699966430664,129.47999572753906,127.5,4507
AARVI,2026-02-06 09:15:00+05:30,131.6300048828125,132.0500030517578,137.69000244140625,126.56999969482422,22866
AARVI,2026-02-06 13:15:00+05:30,131.72000122070312,130.97000122070312,132.88999938964844,130.0,9541
AARVI,2026-02-09 09:15:00+05:30,130.97000122070312,132.5,134.0,130.97000122070312,18311
AARVI,2026-02-09 13:15:00+05:30,132.66000366210938,131.07000732421875,133.0,129.3000030517578,9511
AARVI,2026-02-10 09:15:00+05:30,131.72000122070312,131.97999572753906,136.0,131.00999450683594,3442
AARVI,2026-02-10 13:15:00+05:30,131.97999572753906,130.9199981689453,132.8000030517578,130.0,9290
AAVAS,2026-02-02 09:15:00+05:30,1429.4000244140625,1424.0,1435.800048828125,1410.0,47904
AAVAS,2026-02-02 13:15:00+05:30,1423.5999755859375,1459.0,1460.199951171875,1420.0,27548
AAVAS,2026-02-03 09:15:00+05:30,1500.0,1418.5999755859375,1500.0,1416.0,253594
AAVAS,2026-02-03 13:15:00+05:30,1418.5999755859375,1429.4000244140625,1435.300048828125,1411.0,184768
AAVAS,2026-02-04 09:15:00+05:30,1429.199951171875,1414.0999755859375,1433.0,1412.5999755859375,26330
AAVAS,2026-02-04 13:15:00+05:30,1414.0,1419.4000244140625,1427.5999755859375,1413.199951171875,45608
AAVAS,2026-02-05 09:15:00+05:30,1419.4000244140625,1382.0999755859375,1428.800048828125,1378.0999755859375,48830
AAVAS,2026-02-05 13:15:00+05:30,1382.199951171875,1381.5999755859375,1384.800048828125,1375.0,53408
AAVAS,2026-02-06 09:15:00+05:30,1379.300048828125,1304.0999755859375,1379.300048828125,1283.0,650746
AAVAS,2026-02-06 13:15:00+05:30,1305.5999755859375,1302.0999755859375,1311.300048828125,1277.4000244140625,300572
AAVAS,2026-02-09 09:15:00+05:30,1302.5999755859375,1324.199951171875,1337.0999755859375,1283.300048828125,55117
AAVAS,2026-02-09 13:15:00+05:30,1324.9000244140625,1328.0,1333.0,1320.199951171875,64167
AAVAS,2026-02-10 09:15:00+05:30,1339.9000244140625,1332.800048828125,1340.699951171875,1323.0,22750
AAVAS,2026-02-10 13:15:00+05:30,1332.800048828125,1339.0,1354.0,1330.0999755859375,116461
ABAN,2026-02-02 09:15:00+05:30,21.350000381469727,21.43000030517578,21.75,21.329999923706055,10484
ABAN,2026-02-02 13:15:00+05:30,21.43000030517578,21.1200008392334,21.43000030517578,21.030000686645508,8460
ABAN,2026-02-03 09:15:00+05:30,21.549999237060547,20.84000015258789,21.899999618530273,20.170000076293945,70425
ABAN,2026-02-03 13:15:00+05:30,20.520000457763672,20.5,20.899999618530273,20.200000762939453,35803
ABAN,2026-02-04 09:15:00+05:30,20.459999084472656,21.229999542236328,21.299999237060547,20.399999618530273,43825
ABAN,2026-02-04 13:15:00+05:30,21.219999313354492,21.209999084472656,21.239999771118164,21.18000030517578,26729
ABAN,2026-02-05 09:15:00+05:30,21.5,21.049999237060547,21.600000381469727,20.760000228881836,14000
ABAN,2026-02-05 13:15:00+05:30,21.0,20.6299991607666,21.040000915527344,20.520000457763672,41993
ABAN,2026-02-06 09:15:00+05:30,20.809999465942383,21.399999618530273,21.5,20.6299991607666,28130
ABAN,2026-02-06 13:15:00+05:30,21.399999618530273,21.25,21.399999618530273,21.200000762939453,17792
ABAN,2026-02-09 09:15:00+05:30,21.350000381469727,21.329999923706055,21.489999771118164,21.100000381469727,30540
ABAN,2026-02-09 13:15:00+05:30,21.3799991607666,20.940000534057617,21.3799991607666,20.700000762939453,33812
ABAN,2026-02-10 09:15:00+05:30,21.360000610351562,21.25,21.479999542236328,21.0,33984
ABAN,2026-02-10 13:15:00+05:30,21.25,21.270000457763672,21.299999237060547,21.059999465942383,13726
ABB,2026-02-02 09:15:00+05:30,5500.0,5400.0,5534.0,5368.5,47780
ABB,2026-02-02 13:15:00+05:30,5400.0,5468.0,5483.0,5381.5,57833
ABB,2026-02-03 09:15:00+05:30,5732.0,5734.0,5769.0,5608.5,265335
ABB,2026-02-03 13:15:00+05:30,5734.0,5662.0,5743.5,5637.5,224346
ABB,2026-02-04 09:15:00+05:30,5618.0,5778.0,5867.0,5618.0,240590
ABB,2026-02-04 13:15:00+05:30,5778.5,5740.0,5781.5,5721.0,94624
ABB,2026-02-05 09:15:00+05:30,5750.0,5814.0,5840.5,5664.5,105001
ABB,2026-02-05 13:15:00+05:30,5814.0,5759.5,5828.5,5755.0,63274
ABB,2026-02-06 09:15:00+05:30,5769.0,5796.0,5845.0,5726.5,163533
ABB,2026-02-06 13:15:00+05:30,5796.0,5816.0,5834.5,5758.0,90619
ABB,2026-02-09 09:15:00+05:30,5849.0,5827.5,5849.0,5750.5,45203
ABB,2026-02-09 13:15:00+05:30,5829.0,5815.0,5832.0,5792.0,47593
ABB,2026-02-10 09:15:00+05:30,5830.5,5839.0,5859.5,5810.0,53176
ABB,2026-02-10 13:15:00+05:30,5842.0,5870.0,5884.0,5838.5,80095
ABBOTINDIA,2026-02-02 09:15:00+05:30,27470.0,27225.0,27480.0,26940.0,3955
ABBOTINDIA,2026-02-02 13:15:00+05:30,27230.0,27325.0,27400.0,27185.0,1092
ABBOTINDIA,2026-02-03 09:15:00+05:30,27910.0,26870.0,27910.0,26800.0,3974
ABBOTINDIA,2026-02-03 13:15:00+05:30,26865.0,26880.0,27040.0,26805.0,4971
ABBOTINDIA,2026-02-04 09:15:00+05:30,27010.0,26895.0,27245.0,26850.0,3133
ABBOTINDIA,2026-02-04 13:15:00+05:30,26925.0,27100.0,27220.0,26870.0,2839
ABBOTINDIA,2026-02-05 09:15:00+05:30,27200.0,27160.0,27200.0,26895.0,978
ABBOTINDIA,2026-02-05 13:15:00+05:30,27125.0,27215.0,27285.0,27080.0,1718
ABBOTINDIA,2026-02-06 09:15:00+05:30,27200.0,27125.0,27260.0,26945.0,1652
ABBOTINDIA,2026-02-06 13:15:00+05:30,27115.0,27365.0,27415.0,27115.0,1534
ABBOTINDIA,2026-02-09 09:15:00+05:30,27490.0,27480.0,27630.0,27310.0,5988
ABBOTINDIA,2026-02-09 13:15:00+05:30,27505.0,27480.0,27510.0,27420.0,2102
ABBOTINDIA,2026-02-10 09:15:00+05:30,27700.0,27355.0,27700.0,27300.0,3160
ABBOTINDIA,2026-02-10 13:15:00+05:30,27360.0,27295.0,27380.0,27235.0,2981
ABCAPITAL,2026-02-02 09:15:00+05:30,324.1499938964844,319.0,328.3500061035156,317.6499938964844,3025501
ABCAPITAL,2026-02-02 13:15:00+05:30,318.8999938964844,333.04998779296875,337.8999938964844,317.0,4791015
ABCAPITAL,2026-02-03 09:15:00+05:30,355.8500061035156,342.79998779296875,358.70001220703125,342.75,2946936
ABCAPITAL,2026-02-03 13:15:00+05:30,342.79998779296875,345.45001220703125,347.3999938964844,341.1000061035156,2892077
ABCAPITAL,2026-02-04 09:15:00+05:30,351.1000061035156,343.79998779296875,351.1000061035156,342.3500061035156,2600241
ABCAPITAL,2026-02-04 13:15:00+05:30,343.75,345.6499938964844,347.29998779296875,343.3500061035156,1816243
ABCAPITAL,2026-02-05 09:15:00+05:30,346.6000061035156,339.6000061035156,346.6000061035156,335.04998779296875,1434220
ABCAPITAL,2026-02-05 13:15:00+05:30,339.5,344.6499938964844,345.6000061035156,339.0,4380984
ABCAPITAL,2026-02-06 09:15:00+05:30,343.04998779296875,339.04998779296875,346.29998779296875,335.3500061035156,1682152
ABCAPITAL,2026-02-06 13:15:00+05:30,339.04998779296875,345.95001220703125,349.29998779296875,338.29998779296875,1972766
ABCAPITAL,2026-02-09 09:15:00+05:30,349.54998779296875,351.6000061035156,355.29998779296875,348.3500061035156,1312049
ABCAPITAL,2026-02-09 13:15:00+05:30,351.54998779296875,352.75,353.5,350.45001220703125,1519392
ABCAPITAL,2026-02-10 09:15:00+05:30,348.75,352.3999938964844,353.45001220703125,346.1000061035156,1821469
ABCAPITAL,2026-02-10 13:15:00+05:30,352.45001220703125,353.54998779296875,355.79998779296875,351.70001220703125,1882650
ABFRL,2026-02-02 09:15:00+05:30,64.73999786376953,63.2599983215332,64.73999786376953,62.88999938964844,676254
ABFRL,2026-02-02 13:15:00+05:30,63.2599983215332,64.02999877929688,64.31999969482422,63.06999969482422,947035
ABFRL,2026-02-03 09:15:00+05:30,69.9000015258789,65.9000015258789,69.9000015258789,65.9000015258789,3731819
ABFRL,2026-02-03 13:15:00+05:30,65.9000015258789,65.63999938964844,66.0999984741211,65.4000015258789,2561906
ABFRL,2026-02-04 09:15:00+05:30,66.19999694824219,68.81999969482422,68.9000015258789,65.86000061035156,3023487
ABFRL,2026-02-04 13:15:00+05:30,68.80000305175781,68.5,69.33000183105469,68.5,2180967
ABFRL,2026-02-05 09:15:00+05:30,69.5,70.44000244140625,71.11000061035156,68.66000366210938,3653929
ABFRL,2026-02-05 13:15:00+05:30,70.41999816894531,70.9000015258789,71.02999877929688,70.27999877929688,1365189
ABFRL,2026-02-06 09:15:00+05:30,69.25,67.69000244140625,69.25,66.45999908447266,2829221
ABFRL,2026-02-06 13:15:00+05:30,67.69000244140625,68.81999969482422,68.95999908447266,67.6500015258789,1782732
ABFRL,2026-02-09 09:15:00+05:30,69.4800033569336,74.27999877929688,75.05000305175781,68.29000091552734,9836113
ABFRL,2026-02-09 13:15:00+05:30,74.27999877929688,74.4800033569336,74.55000305175781,73.8499984741211,3232027
ABFRL,2026-02-10 09:15:00+05:30,74.63999938964844,73.55000305175781,74.63999938964844,72.88999938964844,835261
ABFRL,2026-02-10 13:15:00+05:30,73.55999755859375,72.5,73.55999755859375,72.5,1168341
ABMINTLLTD,2026-02-02 09:15:00+05:30,37.900001525878906,34.099998474121094,37.900001525878906,34.0,363
ABMINTLLTD,2026-02-02 13:15:00+05:30,34.400001525878906,37.70000076293945,37.70000076293945,34.400001525878906,17
ABMINTLLTD,2026-02-03 09:15:00+05:30,39.79999923706055,38.7599983215332,41.470001220703125,37.70000076293945,2102
ABMINTLLTD,2026-02-03 13:15:00+05:30,39.79999923706055,39.630001068115234,39.95000076293945,38.79999923706055,891
ABMINTLLTD,2026-02-04 09:15:00+05:30,35.68000030517578,39.20000076293945,40.0,35.68000030517578,638
ABMINTLLTD,2026-02-04 13:15:00+05:30,39.20000076293945,39.20000076293945,39.20000076293945,39.20000076293945,6
ABMINTLLTD,2026-02-05 09:15:00+05:30,39.20000076293945,43.79999923706055,47.040000915527344,39.20000076293945,3720
ABMINTLLTD,2026-02-05 13:15:00+05:30,43.04999923706055,41.75,43.70000076293945,41.619998931884766,896
ABMINTLLTD,2026-02-06 09:15:00+05:30,44.0,41.400001525878906,44.0,41.29999923706055,245
ABMINTLLTD,2026-02-06 13:15:00+05:30,42.790000915527344,43.029998779296875,45.0,41.0,836
ABMINTLLTD,2026-02-09 09:15:00+05:30,42.0,47.38999938964844,47.790000915527344,41.400001525878906,599
ABMINTLLTD,2026-02-09 13:15:00+05:30,46.7400016784668,44.43000030517578,46.7400016784668,42.72999954223633,835
ABMINTLLTD,2026-02-10 09:15:00+05:30,44.43000030517578,42.11000061035156,48.9900016784668,36.5,308
ABMINTLLTD,2026-02-10 13:15:00+05:30,42.36000061035156,52.880001068115234,53.310001373291016,42.36000061035156,17271
ABREL,2026-02-02 09:15:00+05:30,1244.0,1201.0999755859375,1245.199951171875,1187.5,106887
ABREL,2026-02-02 13:15:00+05:30,1200.0,1200.0,1201.800048828125,1187.0,197841
ABREL,2026-02-03 09:15:00+05:30,1269.0,1220.699951171875,1339.0,1219.300048828125,407037
ABREL,2026-02-03 13:15:00+05:30,1217.0,1247.9000244140625,1250.0,1211.0,289761
ABREL,2026-02-04 09:15:00+05:30,1247.9000244140625,1230.0,1274.0,1226.699951171875,177381
ABREL,2026-02-04 13:15:00+05:30,1230.0,1228.0,1233.5,1202.199951171875,160650
ABREL,2026-02-05 09:15:00+05:30,1219.9000244140625,1265.9000244140625,1278.0,1205.800048828125,265652
ABREL,2026-02-05 13:15:00+05:30,1266.0,1300.0,1313.0,1261.0,454224
ABREL,2026-02-06 09:15:00+05:30,1295.0,1351.9000244140625,1355.0,1278.4000244140625,219372
ABREL,2026-02-06 13:15:00+05:30,1352.0,1351.9000244140625,1382.699951171875,1342.0,289076
ABREL,2026-02-09 09:15:00+05:30,1356.9000244140625,1440.0,1456.800048828125,1349.9000244140625,196807
ABREL,2026-02-09 13:15:00+05:30,1435.199951171875,1426.5999755859375,1435.9000244140625,1412.5,149781
ABREL,2026-02-10 09:15:00+05:30,1433.800048828125,1455.199951171875,1459.0,1412.5,78388
ABREL,2026-02-10 13:15:00+05:30,1453.5,1466.5,1473.0999755859375,1447.9000244140625,118431
ABSLAMC,2026-02-02 09:15:00+05:30,757.7999877929688,765.0,765.8499755859375,750.0,640574
ABSLAMC,2026-02-02 13:15:00+05:30,765.4000244140625,777.0,779.6500244140625,763.0499877929688,56125
ABSLAMC,2026-02-03 09:15:00+05:30,799.9500122070312,812.9500122070312,814.0,786.0,117207
ABSLAMC,2026-02-03 13:15:00+05:30,812.4000244140625,810.0499877929688,819.1500244140625,805.0999755859375,154502
ABSLAMC,2026-02-04 09:15:00+05:30,809.0,827.0,828.3499755859375,805.5,56663
ABSLAMC,2026-02-04 13:15:00+05:30,826.5,817.5499877929688,827.4000244140625,815.6500244140625,77339
ABSLAMC,2026-02-05 09:15:00+05:30,820.0,812.4500122070312,820.0,810.0999755859375,20412
ABSLAMC,2026-02-05 13:15:00+05:30,811.8499755859375,806.7000122070312,813.9000244140625,806.7000122070312,19662
ABSLAMC,2026-02-06 09:15:00+05:30,804.5,806.7999877929688,811.2999877929688,798.5499877929688,39180
ABSLAMC,2026-02-06 13:15:00+05:30,807.4500122070312,812.0,818.0,805.9000244140625,81623
ABSLAMC,2026-02-09 09:15:00+05:30,817.0,818.8499755859375,822.7999877929688,810.2000122070312,34307
ABSLAMC,2026-02-09 13:15:00+05:30,818.8499755859375,819.7000122070312,821.5499877929688,813.9500122070312,49354
ABSLAMC,2026-02-10 09:15:00+05:30,820.0,835.1500244140625,838.7999877929688,812.0499877929688,152956
ABSLAMC,2026-02-10 13:15:00+05:30,835.0499877929688,838.5499877929688,840.6500244140625,833.25,177905
ACC,2026-02-02 09:15:00+05:30,1626.0999755859375,1616.699951171875,1644.0,1594.300048828125,98182
ACC,2026-02-02 13:15:00+05:30,1618.0,1634.699951171875,1640.0,1615.300048828125,54570
ACC,2026-02-03 09:15:00+05:30,1670.0,1681.300048828125,1688.4000244140625,1654.0999755859375,103805
ACC,2026-02-03 13:15:00+05:30,1681.5,1667.0,1684.0,1665.5,52105
ACC,2026-02-04 09:15:00+05:30,1660.699951171875,1688.4000244140625,1689.9000244140625,1656.0,35988
ACC,2026-02-04 13:15:00+05:30,1688.5,1692.0999755859375,1694.0,1683.699951171875,38759
ACC,2026-02-05 09:15:00+05:30,1690.5999755859375,1673.0999755859375,1690.5999755859375,1668.9000244140625,17719
ACC,2026-02-05 13:15:00+05:30,1673.0999755859375,1674.9000244140625,1679.4000244140625,1668.0999755859375,47737
ACC,2026-02-06 09:15:00+05:30,1670.0,1657.4000244140625,1674.0999755859375,1652.699951171875,34372
ACC,2026-02-06 13:15:00+05:30,1657.5999755859375,1667.4000244140625,1673.0,1657.199951171875,46270
ACC,2026-02-09 09:15:00+05:30,1674.0,1702.5999755859375,1705.0,1674.0,57330
ACC,2026-02-09 13:15:00+05:30,1702.699951171875,1707.0999755859375,1709.800048828125,1697.4000244140625,52196
ACC,2026-02-10 09:15:00+05:30,1711.0,1706.0999755859375,1711.5,1689.0999755859375,53396
ACC,2026-02-10 13:15:00+05:30,1706.0,1695.4000244140625,1706.0,1692.0,50359
ACCELYA,2026-02-02 09:15:00+05:30,1339.0,1313.0,1339.0,1307.0,8505
ACCELYA,2026-02-02 13:15:00+05:30,1313.0,1324.9000244140625,1325.0,1312.0,8519
ACCELYA,2026-02-03 09:15:00+05:30,1330.0,1359.0,1359.0,1317.9000244140625,16352
ACCELYA,2026-02-03 13:15:00+05:30,1355.0,1358.0,1360.0,1349.0,10770
ACCELYA,2026-02-04 09:15:00+05:30,1391.0,1378.300048828125,1398.0,1368.800048828125,13322
ACCELYA,2026-02-04 13:15:00+05:30,1376.5,1377.5,1379.5999755859375,1374.300048828125,12826
ACCELYA,2026-02-05 09:15:00+05:30,1376.9000244140625,1369.0,1382.5,1360.0999755859375,16862
ACCELYA,2026-02-05 13:15:00+05:30,1370.0,1362.0,1373.800048828125,1360.0,47370
ACCELYA,2026-02-06 09:15:00+05:30,1306.5,1270.0999755859375,1306.5,1261.800048828125,13819
ACCELYA,2026-02-06 13:15:00+05:30,1272.5999755859375,1270.0999755859375,1278.9000244140625,1270.0999755859375,8233
ACCELYA,2026-02-09 09:15:00+05:30,1267.5,1247.300048828125,1267.5,1241.199951171875,9327
ACCELYA,2026-02-09 13:15:00+05:30,1247.300048828125,1210.199951171875,1248.300048828125,1202.0,58057
ACCELYA,2026-02-10 09:15:00+05:30,1209.9000244140625,1231.9000244140625,1238.9000244140625,1206.0,6173
ACCELYA,2026-02-10 13:15:00+05:30,1231.5999755859375,1233.0,1233.0,1220.5999755859375,8975
ACE,2026-02-02 09:15:00+05:30,887.2999877929688,875.9000244140625,887.2999877929688,858.5499877929688,104410
ACE,2026-02-02 13:15:00+05:30,876.25,884.6500244140625,898.8499755859375,871.2999877929688,115508
ACE,2026-02-03 09:15:00+05:30,918.9500122070312,874.1500244140625,918.9500122070312,873.0999755859375,119164
ACE,2026-02-03 13:15:00+05:30,873.75,868.0,877.0,862.2999877929688,150246
ACE,2026-02-04 09:15:00+05:30,861.5999755859375,874.2000122070312,897.25,858.0999755859375,86364
ACE,2026-02-04 13:15:00+05:30,874.9000244140625,875.5,879.5,867.0,84188
ACE,2026-02-05 09:15:00+05:30,877.0999755859375,894.7999877929688,897.7999877929688,862.0,154638
ACE,2026-02-05 13:15:00+05:30,894.0499877929688,897.0,898.0,890.2999877929688,82891
ACE,2026-02-06 09:15:00+05:30,892.5999755859375,915.5499877929688,929.75,883.7000122070312,221891
ACE,2026-02-06 13:15:00+05:30,915.4500122070312,918.0,924.5999755859375,914.4000244140625,74479
ACE,2026-02-09 09:15:00+05:30,926.0499877929688,923.5499877929688,937.2999877929688,921.5,56284
ACE,2026-02-09 13:15:00+05:30,924.0,923.0,929.0999755859375,921.0,86423
ACE,2026-02-10 09:15:00+05:30,925.0,926.75,936.9500122070312,921.0,38261
ACE,2026-02-10 13:15:00+05:30,926.75,922.0499877929688,927.4500122070312,919.5999755859375,45688
ACEINTEG,2026-02-02 09:15:00+05:30,19.75,19.399999618530273,19.75,19.0,612
ACEINTEG,2026-02-02 13:15:00+05:30,19.399999618530273,19.43000030517578,19.43000030517578,19.020000457763672,404
ACEINTEG,2026-02-03 09:15:00+05:30,19.90999984741211,19.790000915527344,19.90999984741211,19.020000457763672,426
ACEINTEG,2026-02-03 13:15:00+05:30,19.8700008392334,19.520000457763672,19.8700008392334,19.510000228881836,1949
ACEINTEG,2026-02-04 09:15:00+05:30,19.399999618530273,19.56999969482422,19.790000915527344,18.600000381469727,2401
ACEINTEG,2026-02-04 13:15:00+05:30,19.56999969482422,19.3799991607666,19.600000381469727,18.350000381469727,2901
ACEINTEG,2026-02-05 09:15:00+05:30,19.469999313354492,19.68000030517578,20.979999542236328,19.309999465942383,1005
ACEINTEG,2026-02-05 13:15:00+05:30,19.5,19.780000686645508,19.799999237060547,19.5,458
ACEINTEG,2026-02-06 09:15:00+05:30,19.770000457763672,19.979999542236328,20.65999984741211,19.1200008392334,1840
ACEINTEG,2026-02-06 13:15:00+05:30,19.989999771118164,19.59000015258789,19.989999771118164,19.31999969482422,1391
ACEINTEG,2026-02-09 09:15:00+05:30,19.610000610351562,19.899999618530273,20.299999237060547,19.18000030517578,1284
ACEINTEG,2026-02-09 13:15:00+05:30,19.709999084472656,19.239999771118164,20.290000915527344,19.190000534057617,4814
ACEINTEG,2026-02-10 09:15:00+05:30,20.170000076293945,19.799999237060547,20.170000076293945,19.270000457763672,76
ACEINTEG,2026-02-10 13:15:00+05:30,19.809999465942383,19.43000030517578,19.809999465942383,18.850000381469727,1487
ACI,2026-02-02 09:15:00+05:30,579.9500122070312,575.7000122070312,579.9500122070312,563.2999877929688,54037
ACI,2026-02-02 13:15:00+05:30,575.0999755859375,565.0999755859375,584.4500122070312,565.0,82575
ACI,2026-02-03 09:15:00+05:30,580.0,576.2000122070312,580.0,566.7999877929688,32042
ACI,2026-02-03 13:15:00+05:30,576.9500122070312,583.0,587.5499877929688,576.0999755859375,69203
ACI,2026-02-04 09:15:00+05:30,586.75,578.5,586.75,575.3499755859375,13942
ACI,2026-02-04 13:15:00+05:30,578.5,587.3499755859375,596.0499877929688,576.3499755859375,103254
ACI,2026-02-05 09:15:00+05:30,568.0,575.0,576.0,540.0,208430
ACI,2026-02-05 13:15:00+05:30,575.0,593.0,603.5,573.1500244140625,215318
ACI,2026-02-06 09:15:00+05:30,593.0,584.0499877929688,593.0,581.2999877929688,33395
ACI,2026-02-06 13:15:00+05:30,584.9500122070312,571.0,585.8499755859375,571.0,65155
ACI,2026-02-09 09:15:00+05:30,579.9500122070312,569.5999755859375,579.9500122070312,567.9500122070312,31325
ACI,2026-02-09 13:15:00+05:30,570.3499755859375,571.25,577.0,565.0,78017
ACI,2026-02-10 09:15:00+05:30,570.0,568.5,574.4500122070312,566.25,19323
ACI,2026-02-10 13:15:00+05:30,568.4000244140625,569.2999877929688,574.0,567.0,26583
ACL,2026-02-02 09:15:00+05:30,58.9900016784668,57.790000915527344,58.9900016784668,57.0099983215332,6455
ACL,2026-02-02 13:15:00+05:30,57.790000915527344,57.9900016784668,58.619998931884766,57.41999816894531,2728
ACL,2026-02-03 09:15:00+05:30,61.119998931884766,59.689998626708984,61.119998931884766,58.25,5409
ACL,2026-02-03 13:15:00+05:30,59.869998931884766,59.380001068115234,60.38999938964844,58.900001525878906,8259
ACL,2026-02-04 09:15:00+05:30,59.380001068115234,59.27000045776367,59.43000030517578,58.52000045776367,2982
ACL,2026-02-04 13:15:00+05:30,58.709999084472656,58.869998931884766,59.290000915527344,58.630001068115234,5355
ACL,2026-02-05 09:15:00+05:30,57.52000045776367,58.25,58.279998779296875,57.52000045776367,1375
ACL,2026-02-05 13:15:00+05:30,58.2400016784668,58.630001068115234,58.70000076293945,58.2400016784668,1360
ACL,2026-02-06 09:15:00+05:30,58.5099983215332,58.40999984741211,59.400001525878906,57.70000076293945,579
ACL,2026-02-06 13:15:00+05:30,58.630001068115234,58.560001373291016,58.630001068115234,58.41999816894531,1573
ACL,2026-02-09 09:15:00+05:30,58.02000045776367,59.34000015258789,59.970001220703125,58.02000045776367,10535
ACL,2026-02-09 13:15:00+05:30,59.33000183105469,60.290000915527344,60.47999954223633,58.91999816894531,8924
ACL,2026-02-10 09:15:00+05:30,60.349998474121094,58.83000183105469,60.349998474121094,58.31999969482422,8393
ACL,2026-02-10 13:15:00+05:30,58.83000183105469,59.54999923706055,60.5,58.0,16864
ACUTAAS,2026-02-02 09:15:00+05:30,1817.699951171875,1887.5,1906.9000244140625,1817.699951171875,264252
ACUTAAS,2026-02-02 13:15:00+05:30,1890.0,1948.0999755859375,1955.0,1877.5999755859375,288533
ACUTAAS,2026-02-03 09:15:00+05:30,2034.5999755859375,1960.5,2034.5999755859375,1928.4000244140625,188917
ACUTAAS,2026-02-03 13:15:00+05:30,1960.5,1969.699951171875,1987.5999755859375,1958.199951171875,194647
ACUTAAS,2026-02-04 09:15:00+05:30,1948.0,1974.300048828125,2000.0,1938.0,189438
ACUTAAS,2026-02-04 13:15:00+05:30,1974.300048828125,1982.9000244140625,1999.5999755859375,1973.4000244140625,197115
ACUTAAS,2026-02-05 09:15:00+05:30,1978.0,1973.0,1989.0,1958.0999755859375,96151
ACUTAAS,2026-02-05 13:15:00+05:30,1973.0,1979.800048828125,1990.0,1971.9000244140625,66893
ACUTAAS,2026-02-06 09:15:00+05:30,1981.300048828125,1995.0,2007.9000244140625,1961.300048828125,80844
ACUTAAS,2026-02-06 13:15:00+05:30,1995.0,1986.9000244140625,2000.0,1963.5999755859375,134496
ACUTAAS,2026-02-09 09:15:00+05:30,1994.0,2000.0,2004.800048828125,1978.0999755859375,80529
ACUTAAS,2026-02-09 13:15:00+05:30,1999.9000244140625,2003.300048828125,2007.5999755859375,1993.0999755859375,107496
ACUTAAS,2026-02-10 09:15:00+05:30,2024.4000244140625,2052.39990234375,2119.0,2016.5,387259
ACUTAAS,2026-02-10 13:15:00+05:30,2052.39990234375,2050.0,2059.300048828125,2033.800048828125,371361
ADANIENSOL,2026-02-02 09:15:00+05:30,849.75,870.5,872.4500122070312,847.9000244140625,730454
ADANIENSOL,2026-02-02 13:15:00+05:30,870.75,884.5999755859375,887.4500122070312,867.5999755859375,281932
ADANIENSOL,2026-02-03 09:15:00+05:30,958.4500122070312,977.5,982.5999755859375,937.6500244140625,2484640
ADANIENSOL,2026-02-03 13:15:00+05:30,977.9000244140625,972.75,978.6500244140625,967.0,1070530
ADANIENSOL,2026-02-04 09:15:00+05:30,961.5499877929688,992.4000244140625,1001.3499755859375,957.75,723308
ADANIENSOL,2026-02-04 13:15:00+05:30,993.0,988.0499877929688,994.7999877929688,985.4500122070312,436947
ADANIENSOL,2026-02-05 09:15:00+05:30,980.0,1000.9000244140625,1003.2000122070312,980.0,441942
ADANIENSOL,2026-02-05 13:15:00+05:30,1000.4000244140625,1011.4000244140625,1016.4000244140625,998.75,933254
ADANIENSOL,2026-02-06 09:15:00+05:30,1010.2999877929688,1008.2999877929688,1025.9000244140625,1002.0,529072
ADANIENSOL,2026-02-06 13:15:00+05:30,1008.4500122070312,1017.7000122070312,1019.7999877929688,1006.7000122070312,528350
ADANIENSOL,2026-02-09 09:15:00+05:30,1038.25,1028.9000244140625,1040.0,1023.7999877929688,302303
ADANIENSOL,2026-02-09 13:15:00+05:30,1030.449951171875,1025.199951171875,1040.0,1025.199951171875,345887
ADANIENSOL,2026-02-10 09:15:00+05:30,1031.0,1023.7000122070312,1031.3499755859375,1003.0,450046
ADANIENSOL,2026-02-10 13:15:00+05:30,1023.6500244140625,1016.75,1023.6500244140625,1012.2999877929688,338171
ADANIENT,2026-02-02 09:15:00+05:30,1943.800048828125,1982.0999755859375,1985.9000244140625,1935.5,448903
ADANIENT,2026-02-02 13:15:00+05:30,1982.0999755859375,1991.0,2001.9000244140625,1966.0999755859375,363191
ADANIENT,2026-02-03 09:15:00+05:30,2193.89990234375,2214.89990234375,2232.10009765625,2157.800048828125,3709376
ADANIENT,2026-02-03 13:15:00+05:30,2214.89990234375,2203.0,2229.10009765625,2189.60009765625,1979896
ADANIENT,2026-02-04 09:15:00+05:30,2209.0,2226.0,2245.800048828125,2189.39990234375,960974
ADANIENT,2026-02-04 13:15:00+05:30,2226.0,2228.199951171875,2236.89990234375,2220.89990234375,396700
ADANIENT,2026-02-05 09:15:00+05:30,2232.0,2234.0,2241.10009765625,2210.0,378720
ADANIENT,2026-02-05 13:15:00+05:30,2234.5,2236.60009765625,2240.0,2215.0,353845
ADANIENT,2026-02-06 09:15:00+05:30,2224.0,2206.199951171875,2238.0,2205.0,412789
ADANIENT,2026-02-06 13:15:00+05:30,2207.0,2221.800048828125,2231.60009765625,2201.0,303686
ADANIENT,2026-02-09 09:15:00+05:30,2251.0,2251.300048828125,2288.0,2248.89990234375,942653
ADANIENT,2026-02-09 13:15:00+05:30,2251.300048828125,2250.10009765625,2256.800048828125,2246.60009765625,350946
ADANIENT,2026-02-10 09:15:00+05:30,2256.89990234375,2236.5,2267.5,2173.60009765625,1146057
ADANIENT,2026-02-10 13:15:00+05:30,2236.5,2228.39990234375,2236.89990234375,2220.0,297772
ADANIGREEN,2026-02-02 09:15:00+05:30,811.6500244140625,832.5,842.0,811.6500244140625,975554
ADANIGREEN,2026-02-02 13:15:00+05:30,832.0999755859375,845.0,847.9000244140625,829.7999877929688,816635
ADANIGREEN,2026-02-03 09:15:00+05:30,924.0,930.5999755859375,950.4500122070312,900.2000122070312,5051456
ADANIGREEN,2026-02-03 13:15:00+05:30,930.2000122070312,932.0,935.6500244140625,924.5,1851979
ADANIGREEN,2026-02-04 09:15:00+05:30,930.75,955.5499877929688,970.8499755859375,924.6500244140625,2305748
ADANIGREEN,2026-02-04 13:15:00+05:30,955.7000122070312,954.4500122070312,959.9000244140625,951.9000244140625,975790
ADANIGREEN,2026-02-05 09:15:00+05:30,954.0,960.9500122070312,971.6500244140625,953.5,800440
ADANIGREEN,2026-02-05 13:15:00+05:30,961.1500244140625,966.0,971.5,956.2999877929688,945555
ADANIGREEN,2026-02-06 09:15:00+05:30,964.9500122070312,957.8499755859375,971.9000244140625,954.2999877929688,464716
ADANIGREEN,2026-02-06 13:15:00+05:30,957.75,967.9500122070312,974.9500122070312,955.5499877929688,647700
ADANIGREEN,2026-02-09 09:15:00+05:30,985.9500122070312,979.4500122070312,993.7999877929688,977.1500244140625,492425
ADANIGREEN,2026-02-09 13:15:00+05:30,980.2999877929688,982.9000244140625,984.0,978.0499877929688,510557
ADANIGREEN,2026-02-10 09:15:00+05:30,985.0,982.0499877929688,987.7999877929688,954.3499755859375,1307697
ADANIGREEN,2026-02-10 13:15:00+05:30,982.5,976.0,982.9000244140625,975.1500244140625,349308
ADANIPORTS,2026-02-02 09:15:00+05:30,1356.699951171875,1386.699951171875,1389.9000244140625,1354.199951171875,1260628
ADANIPORTS,2026-02-02 13:15:00+05:30,1387.5,1402.5,1406.0,1384.199951171875,635404
ADANIPORTS,2026-02-03 09:15:00+05:30,1517.5999755859375,1515.0,1524.0,1491.300048828125,5113247
ADANIPORTS,2026-02-03 13:15:00+05:30,1515.0,1530.0,1537.0,1501.9000244140625,4066007
ADANIPORTS,2026-02-04 09:15:00+05:30,1517.9000244140625,1553.199951171875,1553.800048828125,1515.5,3043202
ADANIPORTS,2026-02-04 13:15:00+05:30,1553.199951171875,1565.699951171875,1572.0999755859375,1551.9000244140625,2492102
ADANIPORTS,2026-02-05 09:15:00+05:30,1569.5999755859375,1572.4000244140625,1574.199951171875,1548.5999755859375,1432359
ADANIPORTS,2026-02-05 13:15:00+05:30,1572.4000244140625,1570.199951171875,1577.699951171875,1556.0,1294168
ADANIPORTS,2026-02-06 09:15:00+05:30,1565.300048828125,1530.0,1575.5,1528.300048828125,1110688
ADANIPORTS,2026-02-06 13:15:00+05:30,1530.0,1550.699951171875,1553.0,1527.0,693776
ADANIPORTS,2026-02-09 09:15:00+05:30,1573.4000244140625,1566.300048828125,1583.0,1554.5,582782
ADANIPORTS,2026-02-09 13:15:00+05:30,1566.5,1561.699951171875,1568.4000244140625,1557.0,442987
ADANIPORTS,2026-02-10 09:15:00+05:30,1566.800048828125,1559.800048828125,1568.0,1525.9000244140625,932103
ADANIPORTS,2026-02-10 13:15:00+05:30,1559.800048828125,1554.699951171875,1560.0,1548.199951171875,501264
ADANIPOWER,2026-02-02 09:15:00+05:30,133.47999572753906,132.75,134.60000610351562,130.75,4008626
ADANIPOWER,2026-02-02 13:15:00+05:30,132.64999389648438,134.6999969482422,134.8800048828125,132.14999389648438,4076320
ADANIPOWER,2026-02-03 09:15:00+05:30,143.0399932861328,146.25,148.91000366210938,140.64999389648438,29555207
ADANIPOWER,2026-02-03 13:15:00+05:30,146.25,144.5,146.60000610351562,142.66000366210938,14793512
ADANIPOWER,2026-02-04 09:15:00+05:30,144.49000549316406,153.5,155.0,143.19000244140625,36503302
ADANIPOWER,2026-02-04 13:15:00+05:30,153.5,154.39999389648438,156.0,152.6999969482422,32581385
ADANIPOWER,2026-02-05 09:15:00+05:30,155.1999969482422,153.77000427246094,156.6199951171875,151.1699981689453,9312750
ADANIPOWER,2026-02-05 13:15:00+05:30,153.72999572753906,152.80999755859375,154.2100067138672,152.61000061035156,7007117
ADANIPOWER,2026-02-06 09:15:00+05:30,152.0,151.72999572753906,154.10000610351562,150.2899932861328,8562881
ADANIPOWER,2026-02-06 13:15:00+05:30,151.72999572753906,152.25,153.08999633789062,151.72999572753906,4099810
ADANIPOWER,2026-02-09 09:15:00+05:30,154.0,151.8699951171875,154.85000610351562,151.66000366210938,4297975
ADANIPOWER,2026-02-09 13:15:00+05:30,151.8000030517578,151.1999969482422,152.4199981689453,150.77999877929688,5033746
ADANIPOWER,2026-02-10 09:15:00+05:30,151.7899932861328,148.7100067138672,151.7899932861328,147.83999633789062,6168609
ADANIPOWER,2026-02-10 13:15:00+05:30,148.77999877929688,148.99000549316406,149.97999572753906,147.82000732421875,8219177
ADFFOODS,2026-02-02 09:15:00+05:30,170.0500030517578,170.10000610351562,176.19000244140625,168.1999969482422,31544
ADFFOODS,2026-02-02 13:15:00+05:30,170.22000122070312,172.27999877929688,174.0,169.58999633789062,19609
ADFFOODS,2026-02-03 09:15:00+05:30,201.0,206.72999572753906,206.72999572753906,195.22000122070312,1633380
ADFFOODS,2026-02-03 13:15:00+05:30,206.72999572753906,206.72999572753906,206.72999572753906,206.72999572753906,8949
ADFFOODS,2026-02-04 09:15:00+05:30,206.0,221.30999755859375,226.6999969482422,201.42999267578125,999832
ADFFOODS,2026-02-04 13:15:00+05:30,221.0,225.52000427246094,227.5,220.77000427246094,416196
ADFFOODS,2026-02-05 09:15:00+05:30,223.0,224.58999633789062,232.2100067138672,216.00999450683594,140053
ADFFOODS,2026-02-05 13:15:00+05:30,224.41000366210938,229.89999389648438,232.0,223.0,404093
ADFFOODS,2026-02-06 09:15:00+05:30,228.0,227.64999389648438,231.38999938964844,221.7899932861328,87552
ADFFOODS,2026-02-06 13:15:00+05:30,227.52000427246094,226.9199981689453,230.5,224.10000610351562,102931
ADFFOODS,2026-02-09 09:15:00+05:30,232.0,227.0,232.0,224.5500030517578,60008
ADFFOODS,2026-02-09 13:15:00+05:30,226.69000244140625,225.30999755859375,227.35000610351562,224.22000122070312,44174
ADFFOODS,2026-02-10 09:15:00+05:30,224.89999389648438,231.4600067138672,236.1999969482422,222.14999389648438,103721
ADFFOODS,2026-02-10 13:15:00+05:30,230.9600067138672,228.25999450683594,232.5399932861328,226.4600067138672,75396
ADL,2026-02-02 09:15:00+05:30,74.0,73.88999938964844,74.27999877929688,69.0,5
ADL,2026-02-02 13:15:00+05:30,73.80000305175781,70.05000305175781,74.8499984741211,69.75,106
ADL,2026-02-03 09:15:00+05:30,77.79000091552734,71.01000213623047,77.79000091552734,70.41000366210938,2058
ADL,2026-02-03 13:15:00+05:30,74.38999938964844,74.58999633789062,77.77999877929688,71.80999755859375,356
ADL,2026-02-04 09:15:00+05:30,74.01000213623047,77.0,77.38999938964844,74.0,1005
ADL,2026-02-04 13:15:00+05:30,74.0,72.88999938964844,76.61000061035156,72.4000015258789,214
ADL,2026-02-05 09:15:00+05:30,72.88999938964844,75.69999694824219,76.0,72.51000213623047,27
ADL,2026-02-05 13:15:00+05:30,72.9000015258789,71.91999816894531,75.69000244140625,70.4000015258789,129
ADL,2026-02-06 09:15:00+05:30,71.91999816894531,71.54000091552734,71.91999816894531,71.54000091552734,49
ADL,2026-02-09 09:15:00+05:30,70.83999633789062,74.68000030517578,75.73999786376953,70.83999633789062,425
ADL,2026-02-09 13:15:00+05:30,73.80000305175781,71.05999755859375,76.88999938964844,70.69999694824219,583
ADL,2026-02-10 09:15:00+05:30,73.5,74.11000061035156,76.48999786376953,73.5,687
ADL,2026-02-10 13:15:00+05:30,74.11000061035156,75.4000015258789,77.19999694824219,74.11000061035156,325
ADOR,2026-02-02 09:15:00+05:30,1048.5999755859375,1030.9000244140625,1054.199951171875,1025.0,2333
ADOR,2026-02-02 13:15:00+05:30,1028.0,1031.0,1034.5,1026.0,1194
ADOR,2026-02-03 09:15:00+05:30,1037.0,1057.5999755859375,1074.0999755859375,1032.0999755859375,7249
ADOR,2026-02-03 13:15:00+05:30,1054.9000244140625,1051.5,1057.0,1051.0,3608
ADOR,2026-02-04 09:15:00+05:30,1056.9000244140625,1063.0,1070.9000244140625,1050.0999755859375,1831
ADOR,2026-02-04 13:15:00+05:30,1062.5999755859375,1062.9000244140625,1069.9000244140625,1056.5999755859375,2952
ADOR,2026-02-05 09:15:00+05:30,1062.9000244140625,1084.800048828125,1086.800048828125,1053.0999755859375,4435
ADOR,2026-02-05 13:15:00+05:30,1082.199951171875,1060.5999755859375,1089.0,1051.0999755859375,6130
ADOR,2026-02-06 09:15:00+05:30,1060.5999755859375,1066.5999755859375,1069.4000244140625,1051.0999755859375,3157
ADOR,2026-02-06 13:15:00+05:30,1066.4000244140625,1045.0,1067.0,1043.5999755859375,2879
ADOR,2026-02-09 09:15:00+05:30,1056.4000244140625,1055.4000244140625,1059.9000244140625,1045.0,2989
ADOR,2026-02-09 13:15:00+05:30,1055.4000244140625,1060.199951171875,1064.199951171875,1052.5999755859375,4590
ADOR,2026-02-10 09:15:00+05:30,1080.0,1094.199951171875,1123.800048828125,1063.199951171875,29769
ADOR,2026-02-10 13:15:00+05:30,1093.300048828125,1097.0999755859375,1109.9000244140625,1088.5,13061
ADSL,2026-02-02 09:15:00+05:30,145.0,125.83000183105469,147.55999755859375,125.02999877929688,564524
ADSL,2026-02-02 13:15:00+05:30,125.2699966430664,129.17999267578125,130.5,124.1500015258789,318935
ADSL,2026-02-03 09:15:00+05:30,137.97000122070312,134.1999969482422,137.97000122070312,130.74000549316406,112772
ADSL,2026-02-03 13:15:00+05:30,134.1999969482422,133.42999267578125,134.55999755859375,132.1199951171875,91260
ADSL,2026-02-04 09:15:00+05:30,131.88999938964844,131.39999389648438,131.89999389648438,125.43000030517578,110470
ADSL,2026-02-04 13:15:00+05:30,131.35000610351562,132.8000030517578,137.39999389648438,130.60000610351562,137296
ADSL,2026-02-05 09:15:00+05:30,130.0,128.5,131.6300048828125,127.5,51168
ADSL,2026-02-05 13:15:00+05:30,128.25999450683594,128.38999938964844,129.3300018310547,128.10000610351562,42866
ADSL,2026-02-06 09:15:00+05:30,128.1300048828125,125.01000213623047,128.1300048828125,124.05000305175781,33416
ADSL,2026-02-06 13:15:00+05:30,125.0,126.0,126.0,125.0,42587
ADSL,2026-02-09 09:15:00+05:30,126.9000015258789,130.67999267578125,131.0,126.11000061035156,129919
ADSL,2026-02-09 13:15:00+05:30,130.67999267578125,130.6999969482422,131.5,129.6300048828125,82969
ADSL,2026-02-10 09:15:00+05:30,131.10000610351562,131.5399932861328,133.47000122070312,128.52999877929688,75177
ADSL,2026-02-10 13:15:00+05:30,131.52000427246094,130.10000610351562,131.74000549316406,130.05999755859375,41289
ADVANIHOTR,2026-02-02 09:15:00+05:30,56.560001373291016,54.40999984741211,56.560001373291016,54.0,21946
ADVANIHOTR,2026-02-02 13:15:00+05:30,54.45000076293945,54.56999969482422,54.689998626708984,54.41999816894531,19504
ADVANIHOTR,2026-02-03 09:15:00+05:30,55.400001525878906,56.150001525878906,56.939998626708984,55.06999969482422,34937
ADVANIHOTR,2026-02-03 13:15:00+05:30,56.130001068115234,56.150001525878906,56.93000030517578,56.0,45288
ADVANIHOTR,2026-02-04 09:15:00+05:30,56.43000030517578,56.810001373291016,56.9900016784668,56.27000045776367,26020
ADVANIHOTR,2026-02-04 13:15:00+05:30,56.880001068115234,56.61000061035156,57.0,56.02000045776367,15190
ADVANIHOTR,2026-02-05 09:15:00+05:30,56.61000061035156,56.41999816894531,56.93000030517578,55.900001525878906,23692
ADVANIHOTR,2026-02-05 13:15:00+05:30,56.41999816894531,56.040000915527344,56.459999084472656,56.0,8816
ADVANIHOTR,2026-02-06 09:15:00+05:30,56.040000915527344,56.119998931884766,56.15999984741211,55.599998474121094,5876
ADVANIHOTR,2026-02-06 13:15:00+05:30,56.119998931884766,56.0099983215332,56.15999984741211,56.0,7598
ADVANIHOTR,2026-02-09 09:15:00+05:30,55.599998474121094,56.59000015258789,56.75,55.599998474121094,37734
ADVANIHOTR,2026-02-09 13:15:00+05:30,56.59000015258789,56.939998626708984,57.189998626708984,56.5099983215332,10580
ADVANIHOTR,2026-02-10 09:15:00+05:30,56.939998626708984,57.15999984741211,58.0,56.599998474121094,20497
ADVANIHOTR,2026-02-10 13:15:00+05:30,57.15999984741211,57.18000030517578,57.33000183105469,57.0,18904
ADVENZYMES,2026-02-02 09:15:00+05:30,273.04998779296875,260.6499938964844,274.3999938964844,259.04998779296875,106763
ADVENZYMES,2026-02-02 13:15:00+05:30,260.6499938964844,265.79998779296875,268.54998779296875,260.3500061035156,61690
ADVENZYMES,2026-02-03 09:15:00+05:30,285.6000061035156,283.45001220703125,291.3999938964844,280.70001220703125,54642
ADVENZYMES,2026-02-03 13:15:00+05:30,283.3999938964844,285.70001220703125,287.3500061035156,281.25,50405
ADVENZYMES,2026-02-04 09:15:00+05:30,283.25,289.04998779296875,289.04998779296875,281.0,57261
ADVENZYMES,2026-02-04 13:15:00+05:30,288.20001220703125,290.8999938964844,293.20001220703125,287.6499938964844,44148
ADVENZYMES,2026-02-05 09:15:00+05:30,291.8500061035156,286.45001220703125,291.8500061035156,279.1499938964844,33502
ADVENZYMES,2026-02-05 13:15:00+05:30,286.3500061035156,292.45001220703125,292.95001220703125,284.29998779296875,38846
ADVENZYMES,2026-02-06 09:15:00+05:30,290.79998779296875,285.1000061035156,294.1000061035156,285.0,31723
ADVENZYMES,2026-02-06 13:15:00+05:30,285.6499938964844,288.0,289.0,285.29998779296875,18271
ADVENZYMES,2026-02-09 09:15:00+05:30,292.0,290.75,293.8999938964844,285.79998779296875,38643
ADVENZYMES,2026-02-09 13:15:00+05:30,290.95001220703125,291.6000061035156,293.29998779296875,289.5,42985
ADVENZYMES,2026-02-10 09:15:00+05:30,293.04998779296875,295.5,297.20001220703125,290.6499938964844,26290
ADVENZYMES,2026-02-10 13:15:00+05:30,295.95001220703125,298.79998779296875,299.79998779296875,294.8999938964844,64575
AEGISLOG,2026-02-02 09:15:00+05:30,700.4500122070312,702.9000244140625,709.9000244140625,696.5499877929688,74945
AEGISLOG,2026-02-02 13:15:00+05:30,702.2999877929688,700.0,703.0999755859375,700.0,54543
AEGISLOG,2026-02-03 09:15:00+05:30,720.5,713.7000122070312,720.5,700.7000122070312,784899
AEGISLOG,2026-02-03 13:15:00+05:30,713.0,700.0,713.7999877929688,699.0499877929688,392398
AEGISLOG,2026-02-04 09:15:00+05:30,702.6500244140625,704.2000122070312,705.0,683.4000244140625,218335
AEGISLOG,2026-02-04 13:15:00+05:30,704.1500244140625,698.9000244140625,705.0499877929688,697.0,198783
AEGISLOG,2026-02-05 09:15:00+05:30,699.5999755859375,692.3499755859375,699.5999755859375,688.0499877929688,35491
AEGISLOG,2026-02-05 13:15:00+05:30,691.6500244140625,687.7999877929688,692.0,683.0999755859375,72919
AEGISLOG,2026-02-06 09:15:00+05:30,687.0999755859375,685.75,697.2999877929688,684.8499755859375,52908
AEGISLOG,2026-02-06 13:15:00+05:30,686.4000244140625,689.8499755859375,692.0,685.4500122070312,39367
AEGISLOG,2026-02-09 09:15:00+05:30,693.7000122070312,719.9000244140625,723.1500244140625,693.7000122070312,245645
AEGISLOG,2026-02-09 13:15:00+05:30,719.25,724.0,726.2999877929688,713.1500244140625,154586
AEGISLOG,2026-02-10 09:15:00+05:30,723.5,719.4500122070312,725.6500244140625,712.0499877929688,50307
AEGISLOG,2026-02-10 13:15:00+05:30,719.1500244140625,717.0,724.7000122070312,715.5999755859375,60189
AEROENTER,2026-02-02 09:15:00+05:30,78.0,75.80000305175781,78.0,75.43000030517578,27437
AEROENTER,2026-02-02 13:15:00+05:30,75.80000305175781,77.58999633789062,78.0,75.6500015258789,20628
AEROENTER,2026-02-03 09:15:00+05:30,83.9000015258789,81.22000122070312,84.5,81.0,47248
AEROENTER,2026-02-03 13:15:00+05:30,81.19999694824219,80.77999877929688,81.4000015258789,80.3499984741211,57899
AEROENTER,2026-02-04 09:15:00+05:30,81.19999694824219,79.55999755859375,81.5999984741211,79.55999755859375,63641
AEROENTER,2026-02-04 13:15:00+05:30,79.55999755859375,81.48999786376953,81.48999786376953,79.5,68052
AEROENTER,2026-02-05 09:15:00+05:30,80.98999786376953,79.33000183105469,81.33999633789062,79.0199966430664,55176
AEROENTER,2026-02-05 13:15:00+05:30,79.33000183105469,79.18000030517578,79.37999725341797,78.55000305175781,39946
AEROENTER,2026-02-06 09:15:00+05:30,79.79000091552734,78.23999786376953,79.97000122070312,78.01000213623047,78151
AEROENTER,2026-02-06 13:15:00+05:30,78.44999694824219,79.5999984741211,80.44000244140625,78.0999984741211,54153
AEROENTER,2026-02-09 09:15:00+05:30,81.0,81.52999877929688,82.48999786376953,80.19000244140625,46869
AEROENTER,2026-02-09 13:15:00+05:30,81.30000305175781,81.61000061035156,82.80000305175781,81.20999908447266,86931
AEROENTER,2026-02-10 09:15:00+05:30,82.9000015258789,81.83000183105469,83.12999725341797,81.30999755859375,16943
AEROENTER,2026-02-10 13:15:00+05:30,81.76000213623047,82.12999725341797,82.80000305175781,81.54000091552734,36991
AEROFLEX,2026-02-02 09:15:00+05:30,176.91000366210938,168.8000030517578,177.80999755859375,167.30999755859375,330888
AEROFLEX,2026-02-02 13:15:00+05:30,168.8000030517578,172.6999969482422,173.6999969482422,168.11000061035156,242421
AEROFLEX,2026-02-03 09:15:00+05:30,189.97999572753906,187.80999755859375,192.02000427246094,183.5800018310547,1491322
AEROFLEX,2026-02-03 13:15:00+05:30,187.7899932861328,185.7100067138672,188.49000549316406,184.1999969482422,762480
AEROFLEX,2026-02-04 09:15:00+05:30,185.00999450683594,184.49000549316406,187.41000366210938,181.74000549316406,181955
AEROFLEX,2026-02-04 13:15:00+05:30,184.52000427246094,188.3800048828125,189.49000549316406,184.11000061035156,324472
AEROFLEX,2026-02-05 09:15:00+05:30,187.42999267578125,187.2899932861328,193.2899932861328,185.83999633789062,357284
AEROFLEX,2026-02-05 13:15:00+05:30,187.35000610351562,187.0,188.97000122070312,186.47999572753906,222766
AEROFLEX,2026-02-06 09:15:00+05:30,186.0,185.5800018310547,187.85000610351562,183.22000122070312,124074
AEROFLEX,2026-02-06 13:15:00+05:30,185.55999755859375,185.64999389648438,186.2899932861328,185.0,168056
AEROFLEX,2026-02-09 09:15:00+05:30,190.0,199.57000732421875,204.3699951171875,187.10000610351562,1498633
AEROFLEX,2026-02-09 13:15:00+05:30,199.4199981689453,196.64999389648438,200.6699981689453,195.82000732421875,661460
AEROFLEX,2026-02-10 09:15:00+05:30,196.6999969482422,194.66000366210938,200.67999267578125,193.08999633789062,218654
AEROFLEX,2026-02-10 13:15:00+05:30,194.88999938964844,195.05999755859375,196.00999450683594,193.61000061035156,199317
AERONEU,2026-02-02 09:15:00+05:30,68.95999908447266,69.98999786376953,69.98999786376953,68.5,14279
AERONEU,2026-02-02 13:15:00+05:30,69.9800033569336,69.5,70.0,69.19999694824219,12953
AERONEU,2026-02-03 09:15:00+05:30,73.0,71.55999755859375,74.80000305175781,71.19000244140625,19054
AERONEU,2026-02-03 13:15:00+05:30,71.91999816894531,72.6500015258789,73.02999877929688,71.91999816894531,8604
AERONEU,2026-02-04 09:15:00+05:30,73.0,71.25,74.0,71.1500015258789,20587
AERONEU,2026-02-04 13:15:00+05:30,71.80000305175781,70.36000061035156,71.98999786376953,69.30000305175781,8675
AERONEU,2026-02-05 09:15:00+05:30,70.0,71.5,73.55000305175781,70.0,8366
AERONEU,2026-02-05 13:15:00+05:30,71.44999694824219,71.61000061035156,73.0,71.0,6113
AERONEU,2026-02-06 09:15:00+05:30,72.51000213623047,70.87000274658203,72.61000061035156,70.11000061035156,3162
AERONEU,2026-02-06 13:15:00+05:30,70.9000015258789,71.30000305175781,72.69000244140625,70.9000015258789,13842
AERONEU,2026-02-09 09:15:00+05:30,72.0,72.19000244140625,72.98999786376953,71.0999984741211,6134
AERONEU,2026-02-09 13:15:00+05:30,72.38999938964844,72.79000091552734,73.1500015258789,70.30999755859375,9857
AERONEU,2026-02-10 09:15:00+05:30,72.91999816894531,73.54000091552734,74.05000305175781,71.61000061035156,8184
AERONEU,2026-02-10 13:15:00+05:30,74.0,75.6500015258789,77.88999938964844,73.27999877929688,15891
AETHER,2026-02-02 09:15:00+05:30,996.5999755859375,1005.2000122070312,1011.0,988.2000122070312,127878
AETHER,2026-02-02 13:15:00+05:30,1006.0,1038.0,1049.5,1004.0999755859375,575885
AETHER,2026-02-03 09:15:00+05:30,1072.0,1059.5,1082.800048828125,1046.800048828125,257399
AETHER,2026-02-03 13:15:00+05:30,1059.5999755859375,1002.0,1079.9000244140625,999.2999877929688,1096247
AETHER,2026-02-04 09:15:00+05:30,998.0,1038.699951171875,1057.0999755859375,998.0,206143
AETHER,2026-02-04 13:15:00+05:30,1038.699951171875,1035.5999755859375,1045.0,1030.0,118077
AETHER,2026-02-05 09:15:00+05:30,1035.199951171875,1027.5999755859375,1051.5999755859375,1026.0,58606
AETHER,2026-02-05 13:15:00+05:30,1027.5999755859375,1018.5999755859375,1034.0,1014.7999877929688,65921
AETHER,2026-02-06 09:15:00+05:30,1035.9000244140625,1021.0,1035.9000244140625,1000.4000244140625,50866
AETHER,2026-02-06 13:15:00+05:30,1020.9000244140625,1007.0999755859375,1026.800048828125,1007.0,65464
AETHER,2026-02-09 09:15:00+05:30,1011.2999877929688,1000.0999755859375,1012.0,987.0,69401
AETHER,2026-02-09 13:15:00+05:30,999.7999877929688,991.2000122070312,1000.7999877929688,982.4000244140625,96839
AETHER,2026-02-10 09:15:00+05:30,993.0,980.7999877929688,1009.0,979.0,37985
AETHER,2026-02-10 13:15:00+05:30,980.5,977.0,985.0,976.5,41589
AFFLE,2026-02-02 09:15:00+05:30,1599.0999755859375,1571.4000244140625,1602.300048828125,1558.0999755859375,112115
AFFLE,2026-02-02 13:15:00+05:30,1571.4000244140625,1605.0999755859375,1607.4000244140625,1560.0,112178
AFFLE,2026-02-03 09:15:00+05:30,1650.0,1631.0999755859375,1658.0,1601.5999755859375,69963
AFFLE,2026-02-03 13:15:00+05:30,1631.800048828125,1646.0999755859375,1656.0,1629.199951171875,90403
AFFLE,2026-02-04 09:15:00+05:30,1637.0,1648.300048828125,1654.9000244140625,1618.0,43268
AFFLE,2026-02-04 13:15:00+05:30,1650.4000244140625,1651.9000244140625,1659.5,1646.0,47243
AFFLE,2026-02-05 09:15:00+05:30,1644.9000244140625,1654.300048828125,1657.9000244140625,1616.300048828125,44129
AFFLE,2026-02-05 13:15:00+05:30,1654.300048828125,1669.0,1670.9000244140625,1651.800048828125,60247
AFFLE,2026-02-06 09:15:00+05:30,1641.0,1636.199951171875,1642.199951171875,1618.5,28274
AFFLE,2026-02-06 13:15:00+05:30,1637.0,1643.9000244140625,1669.800048828125,1637.0,109511
AFFLE,2026-02-09 09:15:00+05:30,1654.0999755859375,1637.9000244140625,1677.0,1635.0,57223
AFFLE,2026-02-09 13:15:00+05:30,1637.0999755859375,1649.800048828125,1655.0,1635.199951171875,107058
AFFLE,2026-02-10 09:15:00+05:30,1654.5,1649.5999755859375,1676.5,1637.0,77679
AFFLE,2026-02-10 13:15:00+05:30,1649.5999755859375,1664.0999755859375,1668.9000244140625,1644.5999755859375,65333
AFSL,2026-02-02 09:15:00+05:30,207.0,201.63999938964844,207.0,201.0,2825
AFSL,2026-02-02 13:15:00+05:30,201.0,201.85000610351562,203.0,201.0,2285
AFSL,2026-02-03 09:15:00+05:30,204.89999389648438,201.0,204.89999389648438,201.0,1168
AFSL,2026-02-03 13:15:00+05:30,201.25,201.24000549316406,203.0,201.0,4428
AFSL,2026-02-04 09:15:00+05:30,201.99000549316406,201.92999267578125,202.24000549316406,201.0,1078
AFSL,2026-02-04 13:15:00+05:30,201.92999267578125,201.74000549316406,202.02000427246094,201.08999633789062,807
AFSL,2026-02-05 09:15:00+05:30,201.11000061035156,201.5,202.19000244140625,201.0,2767
AFSL,2026-02-05 13:15:00+05:30,201.14999389648438,201.32000732421875,201.5,201.00999450683594,138
AFSL,2026-02-06 09:15:00+05:30,201.5,201.92999267578125,202.52000427246094,201.02999877929688,507
AFSL,2026-02-06 13:15:00+05:30,201.92999267578125,202.7899932861328,203.0,201.3300018310547,1526
AFSL,2026-02-09 09:15:00+05:30,202.0,207.6300048828125,210.0,202.0,2513
AFSL,2026-02-09 13:15:00+05:30,207.6300048828125,214.0,220.0,205.50999450683594,16022
AFSL,2026-02-10 09:15:00+05:30,214.0,207.49000549316406,216.47999572753906,206.4199981689453,11895
AFSL,2026-02-10 13:15:00+05:30,207.47000122070312,204.82000732421875,207.47000122070312,203.0,3573
AGARIND,2026-02-02 09:15:00+05:30,709.0999755859375,728.75,744.9500122070312,702.0999755859375,16921
AGARIND,2026-02-02 13:15:00+05:30,730.3499755859375,730.0,737.9500122070312,722.0499877929688,6097
AGARIND,2026-02-03 09:15:00+05:30,737.4000244140625,721.9000244140625,742.0,715.1500244140625,6706
AGARIND,2026-02-03 13:15:00+05:30,720.0,727.1500244140625,727.1500244140625,716.2000122070312,3896
AGARIND,2026-02-04 09:15:00+05:30,724.0499877929688,714.5,732.5999755859375,711.6500244140625,4036
AGARIND,2026-02-04 13:15:00+05:30,716.8499755859375,708.0999755859375,720.9500122070312,705.5999755859375,4978
AGARIND,2026-02-05 09:15:00+05:30,712.0,724.0,725.6500244140625,701.2000122070312,6271
AGARIND,2026-02-05 13:15:00+05:30,723.4000244140625,722.0,727.0,708.0499877929688,5420
AGARIND,2026-02-06 09:15:00+05:30,719.75,705.3499755859375,719.75,695.0,8884
AGARIND,2026-02-06 13:15:00+05:30,705.2999877929688,703.9500122070312,710.0,699.2000122070312,7243
AGARIND,2026-02-09 09:15:00+05:30,705.9500122070312,719.7999877929688,723.0,701.0999755859375,8589
AGARIND,2026-02-09 13:15:00+05:30,720.0,720.1500244140625,722.75,715.0,5048
AGARIND,2026-02-10 09:15:00+05:30,712.0999755859375,714.9500122070312,732.9500122070312,712.0999755859375,4456
AGARIND,2026-02-10 13:15:00+05:30,714.9000244140625,714.9500122070312,719.3499755859375,711.3499755859375,7974
AGI,2026-02-02 09:15:00+05:30,607.7000122070312,612.7999877929688,618.0,600.4000244140625,26209
AGI,2026-02-02 13:15:00+05:30,612.75,628.0,630.5999755859375,609.5,36537
AGI,2026-02-03 09:15:00+05:30,635.0,613.2999877929688,642.7999877929688,608.0,57796
AGI,2026-02-03 13:15:00+05:30,612.25,612.5499877929688,616.4000244140625,608.2000122070312,78154
AGI,2026-02-04 09:15:00+05:30,615.0,617.0499877929688,630.0,608.5499877929688,70306
AGI,2026-02-04 13:15:00+05:30,617.3499755859375,609.5,618.25,609.0,89009
AGI,2026-02-05 09:15:00+05:30,612.0,603.5999755859375,622.5,599.6500244140625,44302
AGI,2026-02-05 13:15:00+05:30,603.5499877929688,594.7999877929688,605.0,590.0,71168
AGI,2026-02-06 09:15:00+05:30,593.75,589.6500244140625,599.9000244140625,585.25,35183
AGI,2026-02-06 13:15:00+05:30,590.4500122070312,590.5999755859375,598.9000244140625,587.2999877929688,60701
AGI,2026-02-09 09:15:00+05:30,594.0,646.7000122070312,658.8499755859375,592.2000122070312,419869
AGI,2026-02-09 13:15:00+05:30,647.4500122070312,636.3499755859375,647.6500244140625,630.0499877929688,137430
AGI,2026-02-10 09:15:00+05:30,636.2999877929688,666.0,669.5,630.4000244140625,123583
AGI,2026-02-10 13:15:00+05:30,666.0,657.7999877929688,669.7999877929688,656.3499755859375,82730
AGRITECH,2026-02-02 09:15:00+05:30,143.39999389648438,140.0,147.88999938964844,137.94000244140625,7319
AGRITECH,2026-02-02 13:15:00+05:30,140.0,139.5500030517578,147.0,139.0,615
AGRITECH,2026-02-03 09:15:00+05:30,140.0,140.0,142.89999389648438,138.60000610351562,3751
AGRITECH,2026-02-03 13:15:00+05:30,142.72000122070312,136.0,143.0,134.0,5913
AGRITECH,2026-02-04 09:15:00+05:30,139.49000549316406,136.5,139.49000549316406,135.1999969482422,4151
AGRITECH,2026-02-04 13:15:00+05:30,136.5,135.8800048828125,136.5,133.5,1202
AGRITECH,2026-02-05 09:15:00+05:30,136.10000610351562,136.10000610351562,140.92999267578125,136.10000610351562,2077
AGRITECH,2026-02-05 13:15:00+05:30,136.11000061035156,136.00999450683594,138.5,135.0,10087
AGRITECH,2026-02-06 09:15:00+05:30,136.00999450683594,138.99000549316406,139.0,136.0,690
AGRITECH,2026-02-06 13:15:00+05:30,137.99000549316406,137.07000732421875,137.99000549316406,135.39999389648438,1024
AGRITECH,2026-02-09 09:15:00+05:30,139.99000549316406,137.08999633789062,139.99000549316406,136.6699981689453,272
AGRITECH,2026-02-09 13:15:00+05:30,138.44000244140625,138.99000549316406,139.4499969482422,138.44000244140625,3104
AGRITECH,2026-02-10 09:15:00+05:30,138.99000549316406,138.8699951171875,138.99000549316406,135.5500030517578,1726
AGRITECH,2026-02-10 13:15:00+05:30,138.86000061035156,138.77999877929688,138.86000061035156,136.14999389648438,475
AGROPHOS,2026-02-02 09:15:00+05:30,37.95000076293945,35.790000915527344,37.95000076293945,35.0,14523
AGROPHOS,2026-02-02 13:15:00+05:30,35.79999923706055,35.29999923706055,35.79999923706055,35.15999984741211,7977
AGROPHOS,2026-02-03 09:15:00+05:30,36.5,36.869998931884766,37.099998474121094,35.75,5927
AGROPHOS,2026-02-03 13:15:00+05:30,36.880001068115234,36.470001220703125,36.880001068115234,36.119998931884766,2579
AGROPHOS,2026-02-04 09:15:00+05:30,36.470001220703125,35.77000045776367,36.97999954223633,35.20000076293945,7443
AGROPHOS,2026-02-04 13:15:00+05:30,35.81999969482422,36.13999938964844,36.36000061035156,35.81999969482422,2690
AGROPHOS,2026-02-05 09:15:00+05:30,35.41999816894531,35.88999938964844,36.88999938964844,35.41999816894531,2500
AGROPHOS,2026-02-05 13:15:00+05:30,35.72999954223633,36.060001373291016,36.779998779296875,35.72999954223633,3716
AGROPHOS,2026-02-06 09:15:00+05:30,36.75,35.560001373291016,36.75,35.29999923706055,11854
AGROPHOS,2026-02-06 13:15:00+05:30,35.5,35.59000015258789,35.75,35.29999923706055,4933
AGROPHOS,2026-02-09 09:15:00+05:30,36.099998474121094,36.08000183105469,36.400001525878906,35.31999969482422,5488
AGROPHOS,2026-02-09 13:15:00+05:30,36.08000183105469,35.68000030517578,36.150001525878906,35.5,7491
AGROPHOS,2026-02-10 09:15:00+05:30,35.79999923706055,35.97999954223633,36.220001220703125,35.560001373291016,11386
AGROPHOS,2026-02-10 13:15:00+05:30,35.97999954223633,35.95000076293945,36.04999923706055,35.599998474121094,4946
AHLADA,2026-02-02 09:15:00+05:30,48.150001525878906,48.84000015258789,49.4900016784668,46.0,14462
AHLADA,2026-02-02 13:15:00+05:30,48.83000183105469,48.650001525878906,48.84000015258789,48.099998474121094,1332
AHLADA,2026-02-03 09:15:00+05:30,49.0099983215332,49.9900016784668,51.0,49.0099983215332,2871
AHLADA,2026-02-03 13:15:00+05:30,49.900001525878906,49.18000030517578,49.900001525878906,49.0,10396
AHLADA,2026-02-04 09:15:00+05:30,49.4900016784668,50.060001373291016,51.0,49.0,969
AHLADA,2026-02-04 13:15:00+05:30,49.959999084472656,50.02000045776367,51.439998626708984,49.52000045776367,8837
AHLADA,2026-02-05 09:15:00+05:30,50.02000045776367,50.04999923706055,50.95000076293945,50.0,1177
AHLADA,2026-02-05 13:15:00+05:30,50.900001525878906,50.7599983215332,51.349998474121094,49.79999923706055,1399
AHLADA,2026-02-06 09:15:00+05:30,50.0,50.0099983215332,50.9900016784668,49.9900016784668,165
AHLADA,2026-02-06 13:15:00+05:30,50.91999816894531,49.439998626708984,50.91999816894531,49.11000061035156,1036
AHLADA,2026-02-09 09:15:00+05:30,50.4900016784668,52.84000015258789,53.0,50.029998779296875,7058
AHLADA,2026-02-09 13:15:00+05:30,51.95000076293945,51.95000076293945,52.849998474121094,51.0,4772
AHLADA,2026-02-10 09:15:00+05:30,50.79999923706055,51.470001220703125,53.52000045776367,50.15999984741211,6833
AHLADA,2026-02-10 13:15:00+05:30,51.470001220703125,50.33000183105469,51.4900016784668,48.52000045776367,19423
AHLEAST,2026-02-02 09:15:00+05:30,134.0,132.25,134.0,132.25,1337
AHLEAST,2026-02-02 13:15:00+05:30,132.3000030517578,132.6699981689453,134.89999389648438,132.25,153
AHLEAST,2026-02-03 09:15:00+05:30,132.5500030517578,133.35000610351562,137.39999389648438,132.5500030517578,14
AHLEAST,2026-02-03 13:15:00+05:30,137.1999969482422,137.97000122070312,139.6999969482422,135.0,432
AHLEAST,2026-02-04 09:15:00+05:30,131.0500030517578,137.7100067138672,137.97000122070312,131.0500030517578,11
AHLEAST,2026-02-04 13:15:00+05:30,137.02000427246094,136.02000427246094,137.02000427246094,133.14999389648438,279
AHLEAST,2026-02-05 09:15:00+05:30,140.0,142.05999755859375,144.85000610351562,133.0,12474
AHLEAST,2026-02-05 13:15:00+05:30,142.19000244140625,144.2899932861328,154.75,142.10000610351562,11364
AHLEAST,2026-02-06 09:15:00+05:30,144.1999969482422,145.0,145.0,142.0500030517578,1586
AHLEAST,2026-02-06 13:15:00+05:30,142.77999877929688,142.1999969482422,142.77999877929688,142.0500030517578,455
AHLEAST,2026-02-09 09:15:00+05:30,140.0,141.27000427246094,143.0,140.0,495
AHLEAST,2026-02-09 13:15:00+05:30,146.0,141.7899932861328,146.0,141.25999450683594,725
AHLEAST,2026-02-10 09:15:00+05:30,145.0500030517578,149.00999450683594,155.0,145.0500030517578,3745
AHLEAST,2026-02-10 13:15:00+05:30,149.0,150.39999389648438,150.97999572753906,147.10000610351562,2599
AHLUCONT,2026-02-02 09:15:00+05:30,833.5999755859375,829.2000122070312,835.4000244140625,816.7000122070312,10874
AHLUCONT,2026-02-02 13:15:00+05:30,829.25,835.9500122070312,847.7999877929688,824.5499877929688,77185
AHLUCONT,2026-02-03 09:15:00+05:30,875.0,879.2000122070312,889.0,869.4500122070312,49860
AHLUCONT,2026-02-03 13:15:00+05:30,879.4000244140625,881.75,894.2000122070312,878.3499755859375,48625
AHLUCONT,2026-02-04 09:15:00+05:30,877.9500122070312,869.3499755859375,884.0,866.0,8978
AHLUCONT,2026-02-04 13:15:00+05:30,869.3499755859375,871.9500122070312,872.9000244140625,868.3499755859375,14309
AHLUCONT,2026-02-05 09:15:00+05:30,870.0,865.0,872.0,861.75,13021
AHLUCONT,2026-02-05 13:15:00+05:30,864.6500244140625,868.5999755859375,871.1500244140625,863.8499755859375,12010
AHLUCONT,2026-02-06 09:15:00+05:30,873.1500244140625,851.2999877929688,873.1500244140625,844.0,23717
AHLUCONT,2026-02-06 13:15:00+05:30,851.1500244140625,858.0,859.9500122070312,848.0,20221
AHLUCONT,2026-02-09 09:15:00+05:30,895.0999755859375,893.75,905.0,868.5499877929688,67937
AHLUCONT,2026-02-09 13:15:00+05:30,893.75,890.5,896.0,890.3499755859375,23986
AHLUCONT,2026-02-10 09:15:00+05:30,899.6500244140625,900.0,925.2000122070312,875.5999755859375,104846
AHLUCONT,2026-02-10 13:15:00+05:30,900.0,890.0,901.8499755859375,886.0,29831
AIAENG,2026-02-02 09:15:00+05:30,3969.800048828125,3918.199951171875,3978.800048828125,3841.89990234375,32785
AIAENG,2026-02-02 13:15:00+05:30,3921.0,4030.0,4037.0,3905.10009765625,16768
AIAENG,2026-02-03 09:15:00+05:30,4097.0,4062.199951171875,4097.0,4016.199951171875,21135
AIAENG,2026-02-03 13:15:00+05:30,4063.5,4039.699951171875,4068.199951171875,4029.0,16063
AIAENG,2026-02-04 09:15:00+05:30,4039.699951171875,3951.0,4039.699951171875,3912.0,16624
AIAENG,2026-02-04 13:15:00+05:30,3951.0,4180.0,4203.89990234375,3908.39990234375,51378
AIAENG,2026-02-05 09:15:00+05:30,4102.2998046875,4022.199951171875,4116.5,4011.5,9143
AIAENG,2026-02-05 13:15:00+05:30,4018.300048828125,3968.0,4035.10009765625,3934.5,22379
AIAENG,2026-02-06 09:15:00+05:30,3962.10009765625,3872.5,3962.10009765625,3871.0,8106
AIAENG,2026-02-06 13:15:00+05:30,3872.5,3870.0,3909.5,3856.10009765625,9868
AIAENG,2026-02-09 09:15:00+05:30,3900.0,3962.5,3975.0,3856.5,15549
AIAENG,2026-02-09 13:15:00+05:30,3963.89990234375,4025.0,4200.0,3962.60009765625,64270
AIAENG,2026-02-10 09:15:00+05:30,4060.39990234375,4097.7998046875,4140.2998046875,4060.39990234375,15077
AIAENG,2026-02-10 13:15:00+05:30,4094.89990234375,4108.39990234375,4130.0,4041.800048828125,25816
AIRAN,2026-02-02 09:15:00+05:30,15.260000228881836,14.970000267028809,15.279999732971191,14.699999809265137,23399
AIRAN,2026-02-02 13:15:00+05:30,14.970000267028809,14.930000305175781,15.119999885559082,14.699999809265137,13487
AIRAN,2026-02-03 09:15:00+05:30,15.199999809265137,15.029999732971191,15.800000190734863,14.960000038146973,160100
AIRAN,2026-02-03 13:15:00+05:30,15.029999732971191,14.930000305175781,15.050000190734863,14.859999656677246,63501
AIRAN,2026-02-04 09:15:00+05:30,14.899999618530273,15.050000190734863,15.270000457763672,14.899999618530273,33637
AIRAN,2026-02-04 13:15:00+05:30,15.050000190734863,15.140000343322754,15.239999771118164,15.0,27667
AIRAN,2026-02-05 09:15:00+05:30,15.279999732971191,14.970000267028809,15.539999961853027,14.800000190734863,45419
AIRAN,2026-02-05 13:15:00+05:30,14.859999656677246,14.850000381469727,15.119999885559082,14.84000015258789,40240
AIRAN,2026-02-06 09:15:00+05:30,14.59000015258789,14.729999542236328,14.979999542236328,14.59000015258789,6346
AIRAN,2026-02-06 13:15:00+05:30,14.729999542236328,14.869999885559082,15.0,14.710000038146973,13588
AIRAN,2026-02-09 09:15:00+05:30,14.90999984741211,15.15999984741211,15.25,14.890000343322754,44823
AIRAN,2026-02-09 13:15:00+05:30,15.149999618530273,15.130000114440918,15.180000305175781,14.510000228881836,58682
AIRAN,2026-02-10 09:15:00+05:30,15.140000343322754,15.069999694824219,15.300000190734863,14.90999984741211,108542
AIRAN,2026-02-10 13:15:00+05:30,15.050000190734863,15.170000076293945,15.199999809265137,15.020000457763672,120679
AIROLAM,2026-02-02 09:15:00+05:30,93.01000213623047,92.5999984741211,94.25,92.5999984741211,20
AIROLAM,2026-02-02 13:15:00+05:30,92.5999984741211,90.8499984741211,92.5999984741211,89.0999984741211,1102
AIROLAM,2026-02-03 09:15:00+05:30,95.79000091552734,93.0,95.79000091552734,92.5,16
AIROLAM,2026-02-03 13:15:00+05:30,92.0,91.9000015258789,94.0,91.0,1159
AIROLAM,2026-02-04 09:15:00+05:30,92.0,92.66999816894531,92.98999786376953,91.0,186
AIROLAM,2026-02-04 13:15:00+05:30,91.62000274658203,91.98999786376953,92.62000274658203,91.01000213623047,1257
AIROLAM,2026-02-05 09:15:00+05:30,95.88999938964844,92.01000213623047,95.88999938964844,91.98999786376953,104
AIROLAM,2026-02-05 13:15:00+05:30,92.5,91.51000213623047,92.5,91.2699966430664,234
AIROLAM,2026-02-06 09:15:00+05:30,91.05999755859375,93.36000061035156,95.0999984741211,89.19999694824219,1488
AIROLAM,2026-02-06 13:15:00+05:30,93.13999938964844,94.30999755859375,95.0,91.20999908447266,377
AIROLAM,2026-02-09 09:15:00+05:30,94.30999755859375,94.5,98.0,92.19999694824219,1943
AIROLAM,2026-02-09 13:15:00+05:30,94.5,92.80999755859375,95.95999908447266,92.44999694824219,383
AIROLAM,2026-02-10 09:15:00+05:30,94.0,95.0,97.88999938964844,92.80000305175781,327
AIROLAM,2026-02-10 13:15:00+05:30,94.94999694824219,93.06999969482422,95.0,92.93000030517578,215
AJANTPHARM,2026-02-02 09:15:00+05:30,2818.0,2772.800048828125,2818.0,2757.0,44748
AJANTPHARM,2026-02-02 13:15:00+05:30,2773.300048828125,2780.0,2794.39990234375,2761.0,51304
AJANTPHARM,2026-02-03 09:15:00+05:30,2841.60009765625,2872.60009765625,2889.0,2787.699951171875,61088
AJANTPHARM,2026-02-03 13:15:00+05:30,2872.5,2880.10009765625,2889.0,2868.10009765625,44235
AJANTPHARM,2026-02-04 09:15:00+05:30,2836.39990234375,2836.800048828125,2850.0,2794.699951171875,33315
AJANTPHARM,2026-02-04 13:15:00+05:30,2834.5,2823.699951171875,2836.800048828125,2802.800048828125,69955
AJANTPHARM,2026-02-05 09:15:00+05:30,2821.0,2789.699951171875,2821.0,2770.60009765625,14170
AJANTPHARM,2026-02-05 13:15:00+05:30,2789.800048828125,2815.0,2864.0,2786.89990234375,76642
AJANTPHARM,2026-02-06 09:15:00+05:30,2815.0,2820.300048828125,2836.10009765625,2788.0,26894
AJANTPHARM,2026-02-06 13:15:00+05:30,2820.199951171875,2831.5,2865.0,2815.0,71077
AJANTPHARM,2026-02-09 09:15:00+05:30,2840.10009765625,2862.60009765625,2877.699951171875,2825.89990234375,17223
AJANTPHARM,2026-02-09 13:15:00+05:30,2862.39990234375,2861.89990234375,2873.0,2845.0,29740
AJANTPHARM,2026-02-10 09:15:00+05:30,2887.89990234375,2893.199951171875,2901.699951171875,2845.0,57696
AJANTPHARM,2026-02-10 13:15:00+05:30,2893.199951171875,2891.300048828125,2898.699951171875,2881.60009765625,53692
AJMERA,2026-02-02 09:15:00+05:30,138.39999389648438,134.49000549316406,142.89999389648438,133.0500030517578,166600
AJMERA,2026-02-02 13:15:00+05:30,134.44000244140625,135.0,139.4499969482422,131.17999267578125,200370
AJMERA,2026-02-03 09:15:00+05:30,145.0,146.60000610351562,148.7899932861328,138.75,185628
AJMERA,2026-02-03 13:15:00+05:30,146.39999389648438,144.5800018310547,149.75,143.1199951171875,123173
AJMERA,2026-02-04 09:15:00+05:30,145.00999450683594,145.0,149.22000122070312,143.88999938964844,119739
AJMERA,2026-02-04 13:15:00+05:30,144.83999633789062,148.44000244140625,149.0,144.60000610351562,134131
AJMERA,2026-02-05 09:15:00+05:30,149.97999572753906,149.0,152.55999755859375,147.08999633789062,101817
AJMERA,2026-02-05 13:15:00+05:30,149.0800018310547,148.39999389648438,150.0,146.10000610351562,51700
AJMERA,2026-02-06 09:15:00+05:30,147.77000427246094,144.5,147.77000427246094,143.9199981689453,81602
AJMERA,2026-02-06 13:15:00+05:30,144.66000366210938,144.8800048828125,145.88999938964844,144.5,78292
AJMERA,2026-02-09 09:15:00+05:30,146.6999969482422,145.10000610351562,151.5,141.8000030517578,636374
AJMERA,2026-02-09 13:15:00+05:30,145.0,142.8699951171875,145.42999267578125,141.4499969482422,228337
AJMERA,2026-02-10 09:15:00+05:30,143.89999389648438,152.27000427246094,153.89999389648438,143.89999389648438,212355
AJMERA,2026-02-10 13:15:00+05:30,152.27000427246094,151.6999969482422,153.8800048828125,150.35000610351562,92438
AKASH,2026-02-02 09:15:00+05:30,24.149999618530273,24.239999771118164,25.100000381469727,24.149999618530273,3713
AKASH,2026-02-02 13:15:00+05:30,24.229999542236328,24.190000534057617,24.59000015258789,24.15999984741211,528
AKASH,2026-02-03 09:15:00+05:30,24.700000762939453,24.399999618530273,25.170000076293945,24.030000686645508,2013
AKASH,2026-02-03 13:15:00+05:30,24.399999618530273,24.299999237060547,24.610000610351562,24.280000686645508,5390
AKASH,2026-02-04 09:15:00+05:30,24.110000610351562,24.84000015258789,25.100000381469727,24.110000610351562,3903
AKASH,2026-02-04 13:15:00+05:30,24.84000015258789,24.56999969482422,24.979999542236328,24.520000457763672,3020
AKASH,2026-02-05 09:15:00+05:30,25.0,24.719999313354492,25.079999923706055,24.200000762939453,10300
AKASH,2026-02-05 13:15:00+05:30,24.719999313354492,24.489999771118164,24.719999313354492,24.399999618530273,1025
AKASH,2026-02-06 09:15:00+05:30,24.079999923706055,24.329999923706055,24.989999771118164,24.079999923706055,1642
AKASH,2026-02-06 13:15:00+05:30,24.34000015258789,24.350000381469727,24.350000381469727,24.34000015258789,1767
AKASH,2026-02-09 09:15:00+05:30,24.889999389648438,24.920000076293945,26.0,24.889999389648438,9935
AKASH,2026-02-09 13:15:00+05:30,25.149999618530273,24.940000534057617,25.350000381469727,24.899999618530273,5263
AKASH,2026-02-10 09:15:00+05:30,24.940000534057617,24.860000610351562,25.469999313354492,24.510000228881836,1844
AKASH,2026-02-10 13:15:00+05:30,24.860000610351562,24.809999465942383,24.989999771118164,24.799999237060547,2991
AKSHARCHEM,2026-02-02 09:15:00+05:30,220.9600067138672,221.00999450683594,221.1999969482422,220.9600067138672,116
AKSHARCHEM,2026-02-02 13:15:00+05:30,221.0,221.05999755859375,227.44000244140625,220.0,1718
AKSHARCHEM,2026-02-03 09:15:00+05:30,225.0,224.14999389648438,225.00999450683594,221.05999755859375,618
AKSHARCHEM,2026-02-03 13:15:00+05:30,222.0,223.88999938964844,223.89999389648438,221.39999389648438,892
AKSHARCHEM,2026-02-04 09:15:00+05:30,218.0,224.4499969482422,225.44000244140625,218.0,425
AKSHARCHEM,2026-02-04 13:15:00+05:30,223.10000610351562,220.3000030517578,224.5399932861328,220.0,1278
AKSHARCHEM,2026-02-05 09:15:00+05:30,221.00999450683594,222.99000549316406,222.99000549316406,221.00999450683594,2
AKSHARCHEM,2026-02-05 13:15:00+05:30,221.11000061035156,221.16000366210938,224.0,221.11000061035156,1190
AKSHARCHEM,2026-02-06 09:15:00+05:30,221.16000366210938,220.99000549316406,222.27999877929688,218.1300048828125,1068
AKSHARCHEM,2026-02-06 13:15:00+05:30,219.7899932861328,219.42999267578125,220.97999572753906,218.6999969482422,953
AKSHARCHEM,2026-02-09 09:15:00+05:30,220.3800048828125,222.5800018310547,223.0,219.0,1137
AKSHARCHEM,2026-02-09 13:15:00+05:30,222.5800018310547,224.17999267578125,224.89999389648438,219.3300018310547,625
AKSHARCHEM,2026-02-10 09:15:00+05:30,230.0,225.0,230.99000549316406,221.05999755859375,1087
AKSHARCHEM,2026-02-10 13:15:00+05:30,224.0,228.05999755859375,230.0,224.0,1062
AKZOINDIA,2026-02-02 09:15:00+05:30,2724.699951171875,2770.0,2789.39990234375,2695.0,27094
AKZOINDIA,2026-02-02 13:15:00+05:30,2772.699951171875,2844.89990234375,2845.0,2758.5,25048
AKZOINDIA,2026-02-03 09:15:00+05:30,2842.5,2858.199951171875,2879.5,2790.0,14761
AKZOINDIA,2026-02-03 13:15:00+05:30,2859.699951171875,2852.800048828125,2878.0,2825.10009765625,30149
AKZOINDIA,2026-02-04 09:15:00+05:30,2866.0,2873.300048828125,2873.300048828125,2797.60009765625,5690
AKZOINDIA,2026-02-04 13:15:00+05:30,2870.199951171875,2893.199951171875,2896.0,2862.800048828125,11942
AKZOINDIA,2026-02-05 09:15:00+05:30,2879.89990234375,2861.199951171875,2893.89990234375,2841.300048828125,8868
AKZOINDIA,2026-02-05 13:15:00+05:30,2861.0,2823.300048828125,2864.5,2800.89990234375,30969
AKZOINDIA,2026-02-06 09:15:00+05:30,2821.60009765625,2877.699951171875,2888.89990234375,2808.199951171875,15453
AKZOINDIA,2026-02-06 13:15:00+05:30,2878.199951171875,2928.0,2936.0,2868.89990234375,10876
AKZOINDIA,2026-02-09 09:15:00+05:30,2918.60009765625,2921.89990234375,2949.89990234375,2893.699951171875,10167
AKZOINDIA,2026-02-09 13:15:00+05:30,2921.89990234375,2975.5,2986.5,2912.39990234375,13050
AKZOINDIA,2026-02-10 09:15:00+05:30,2940.0,3001.5,3006.0,2940.0,6190
AKZOINDIA,2026-02-10 13:15:00+05:30,3003.0,3008.39990234375,3033.0,3002.60009765625,9074
ALBERTDAVD,2026-02-02 09:15:00+05:30,696.6500244140625,683.0999755859375,696.6500244140625,682.1500244140625,312
ALBERTDAVD,2026-02-02 13:15:00+05:30,688.0999755859375,683.5999755859375,691.5999755859375,681.0999755859375,707
ALBERTDAVD,2026-02-03 09:15:00+05:30,713.5,699.8499755859375,719.25,685.2000122070312,273
ALBERTDAVD,2026-02-03 13:15:00+05:30,700.7000122070312,687.9000244140625,710.0,682.2000122070312,1328
ALBERTDAVD,2026-02-04 09:15:00+05:30,718.0,700.0,718.0,694.0999755859375,239
ALBERTDAVD,2026-02-04 13:15:00+05:30,698.9500122070312,687.5,699.6500244140625,682.0499877929688,1922
ALBERTDAVD,2026-02-05 09:15:00+05:30,695.7000122070312,688.2999877929688,697.7000122070312,687.0499877929688,862
ALBERTDAVD,2026-02-05 13:15:00+05:30,688.2999877929688,695.2000122070312,700.0,685.7000122070312,711
ALBERTDAVD,2026-02-06 09:15:00+05:30,693.0999755859375,684.9000244140625,693.0999755859375,678.2999877929688,621
ALBERTDAVD,2026-02-06 13:15:00+05:30,684.8499755859375,680.5499877929688,685.3499755859375,680.0,482
ALBERTDAVD,2026-02-09 09:15:00+05:30,698.9000244140625,691.3499755859375,698.9000244140625,681.0999755859375,434
ALBERTDAVD,2026-02-09 13:15:00+05:30,691.5999755859375,690.6500244140625,695.0,685.2000122070312,703
ALBERTDAVD,2026-02-10 09:15:00+05:30,696.25,702.6500244140625,704.9500122070312,690.0999755859375,1435
ALBERTDAVD,2026-02-10 13:15:00+05:30,700.8499755859375,707.3499755859375,710.0,700.5,979
ALEMBICLTD,2026-02-02 09:15:00+05:30,92.19999694824219,91.18000030517578,92.19999694824219,89.9000015258789,74028
ALEMBICLTD,2026-02-02 13:15:00+05:30,91.27999877929688,92.18000030517578,92.5,90.98999786376953,66634
ALEMBICLTD,2026-02-03 09:15:00+05:30,95.0199966430664,94.55000305175781,96.0,93.5199966430664,22502
ALEMBICLTD,2026-02-03 13:15:00+05:30,94.5,94.66999816894531,95.0,93.97000122070312,47733
ALEMBICLTD,2026-02-04 09:15:00+05:30,94.5,95.0999984741211,95.6500015258789,93.66999816894531,26997
ALEMBICLTD,2026-02-04 13:15:00+05:30,95.12999725341797,96.0999984741211,96.5,95.12000274658203,69369
ALEMBICLTD,2026-02-05 09:15:00+05:30,96.0,95.5,96.5,94.80000305175781,33342
ALEMBICLTD,2026-02-05 13:15:00+05:30,95.4000015258789,97.36000061035156,97.48999786376953,95.4000015258789,86833
ALEMBICLTD,2026-02-06 09:15:00+05:30,96.48999786376953,96.62999725341797,97.44000244140625,95.41000366210938,83299
ALEMBICLTD,2026-02-06 13:15:00+05:30,96.80000305175781,97.0,97.61000061035156,96.61000061035156,44979
ALEMBICLTD,2026-02-09 09:15:00+05:30,97.56999969482422,99.0,99.88999938964844,97.56999969482422,127703
ALEMBICLTD,2026-02-09 13:15:00+05:30,99.0,98.88999938964844,99.19999694824219,98.69999694824219,91858
ALEMBICLTD,2026-02-10 09:15:00+05:30,99.05999755859375,99.98999786376953,100.87000274658203,98.8499984741211,91475
ALEMBICLTD,2026-02-10 13:15:00+05:30,99.98999786376953,100.11000061035156,100.5,99.8499984741211,110571
ALICON,2026-02-02 09:15:00+05:30,678.7999877929688,674.75,683.7999877929688,670.2000122070312,2702
ALICON,2026-02-02 13:15:00+05:30,675.2999877929688,680.8499755859375,693.0,674.75,1211
ALICON,2026-02-03 09:15:00+05:30,704.0,767.4000244140625,780.5999755859375,704.0,34481
ALICON,2026-02-03 13:15:00+05:30,765.0,749.0999755859375,774.0,740.2000122070312,19530
ALICON,2026-02-04 09:15:00+05:30,740.5,745.3499755859375,763.6500244140625,738.5,1823
ALICON,2026-02-04 13:15:00+05:30,745.0,743.9000244140625,751.4500122070312,740.0,1944
ALICON,2026-02-05 09:15:00+05:30,744.0,740.0999755859375,748.4000244140625,731.0,832
ALICON,2026-02-05 13:15:00+05:30,739.7999877929688,737.1500244140625,743.0,732.0499877929688,1010
ALICON,2026-02-06 09:15:00+05:30,740.0,721.0,740.0,716.9000244140625,680
ALICON,2026-02-06 13:15:00+05:30,727.7999877929688,724.9500122070312,727.7999877929688,711.8499755859375,1448
ALICON,2026-02-09 09:15:00+05:30,712.7999877929688,761.9000244140625,761.9000244140625,707.6500244140625,3447
ALICON,2026-02-09 13:15:00+05:30,758.0999755859375,789.5499877929688,802.7000122070312,758.0999755859375,14398
ALICON,2026-02-10 09:15:00+05:30,800.7000122070312,791.9000244140625,800.7000122070312,773.2999877929688,1108
ALICON,2026-02-10 13:15:00+05:30,791.0,800.0,801.9500122070312,785.0999755859375,2631
ALIVUS,2026-02-02 09:15:00+05:30,922.7999877929688,916.3499755859375,936.0,904.8499755859375,26406
ALIVUS,2026-02-02 13:15:00+05:30,914.5,921.9000244140625,928.4000244140625,904.2999877929688,47943
ALIVUS,2026-02-03 09:15:00+05:30,980.0,946.9500122070312,980.0,939.25,13996
ALIVUS,2026-02-03 13:15:00+05:30,947.9000244140625,947.4000244140625,954.0,940.0999755859375,16511
ALIVUS,2026-02-04 09:15:00+05:30,942.5,941.4500122070312,950.0999755859375,937.0499877929688,6660
ALIVUS,2026-02-04 13:15:00+05:30,942.6500244140625,942.0,943.7999877929688,935.0,11532
ALIVUS,2026-02-05 09:15:00+05:30,935.5999755859375,928.6500244140625,939.0499877929688,925.5499877929688,10547
ALIVUS,2026-02-05 13:15:00+05:30,927.5,923.2999877929688,932.9500122070312,922.2000122070312,12752
ALIVUS,2026-02-06 09:15:00+05:30,929.9500122070312,931.75,936.8499755859375,887.25,54613
ALIVUS,2026-02-06 13:15:00+05:30,933.0499877929688,931.9000244140625,937.7999877929688,927.2999877929688,18376
ALIVUS,2026-02-09 09:15:00+05:30,932.4500122070312,933.7000122070312,946.75,919.75,54705
ALIVUS,2026-02-09 13:15:00+05:30,932.2000122070312,938.4000244140625,943.0,932.2000122070312,16903
ALIVUS,2026-02-10 09:15:00+05:30,938.25,964.0,969.9000244140625,936.75,29337
ALIVUS,2026-02-10 13:15:00+05:30,963.3499755859375,951.75,964.5,949.2000122070312,19023
ALKALI,2026-02-02 09:15:00+05:30,69.4800033569336,68.5999984741211,71.0,68.11000061035156,561
ALKALI,2026-02-02 13:15:00+05:30,69.68000030517578,69.73999786376953,69.80000305175781,68.25,2040
ALKALI,2026-02-03 09:15:00+05:30,71.75,70.19999694824219,71.75,69.6500015258789,1157
ALKALI,2026-02-03 13:15:00+05:30,70.97000122070312,69.86000061035156,71.44999694824219,69.69999694824219,1988
ALKALI,2026-02-04 09:15:00+05:30,68.0999984741211,69.45999908447266,69.98999786376953,66.25,4606
ALKALI,2026-02-04 13:15:00+05:30,68.30000305175781,69.0,69.43000030517578,68.30000305175781,1066
ALKALI,2026-02-05 09:15:00+05:30,70.4000015258789,69.98999786376953,70.4000015258789,68.12000274658203,2085
ALKALI,2026-02-05 13:15:00+05:30,68.5999984741211,69.87999725341797,70.19999694824219,68.5999984741211,1903
ALKALI,2026-02-06 09:15:00+05:30,71.19000244140625,70.41000366210938,71.19000244140625,68.22000122070312,972
ALKALI,2026-02-06 13:15:00+05:30,70.4000015258789,70.37000274658203,70.5,69.51000213623047,435
ALKALI,2026-02-09 09:15:00+05:30,70.48999786376953,69.80000305175781,71.4000015258789,68.5999984741211,2707
ALKALI,2026-02-09 13:15:00+05:30,69.79000091552734,70.2699966430664,70.55000305175781,69.79000091552734,1504
ALKALI,2026-02-10 09:15:00+05:30,70.27999877929688,70.55000305175781,71.23999786376953,69.5,440
ALKALI,2026-02-10 13:15:00+05:30,70.55000305175781,70.87000274658203,71.19999694824219,70.19999694824219,2342
ALKEM,2026-02-02 09:15:00+05:30,5560.0,5434.5,5608.0,5406.0,25398
ALKEM,2026-02-02 13:15:00+05:30,5434.0,5530.0,5547.5,5427.5,93510
ALKEM,2026-02-03 09:15:00+05:30,5714.0,5735.0,5747.0,5630.0,69088
ALKEM,2026-02-03 13:15:00+05:30,5734.5,5702.5,5736.0,5686.5,72245
ALKEM,2026-02-04 09:15:00+05:30,5686.0,5673.5,5728.0,5638.5,28282
ALKEM,2026-02-04 13:15:00+05:30,5678.0,5653.5,5686.0,5636.5,38983
ALKEM,2026-02-05 09:15:00+05:30,5646.0,5650.0,5685.0,5586.0,24439
ALKEM,2026-02-05 13:15:00+05:30,5650.0,5649.0,5698.0,5645.5,77068
ALKEM,2026-02-06 09:15:00+05:30,5694.5,5647.0,5694.5,5569.0,14157
ALKEM,2026-02-06 13:15:00+05:30,5645.0,5684.0,5706.0,5587.0,30430
ALKEM,2026-02-09 09:15:00+05:30,5685.0,5779.5,5793.5,5673.0,113078
ALKEM,2026-02-09 13:15:00+05:30,5778.5,5750.5,5800.0,5733.5,99504
ALKEM,2026-02-10 09:15:00+05:30,5755.0,5783.0,5798.5,5746.5,27443
ALKEM,2026-02-10 13:15:00+05:30,5783.0,5811.5,5833.0,5772.0,50630
ALKYLAMINE,2026-02-02 09:15:00+05:30,1535.0999755859375,1540.0,1564.0,1522.5999755859375,11947
ALKYLAMINE,2026-02-02 13:15:00+05:30,1542.5,1561.0,1561.0,1536.5,10084
ALKYLAMINE,2026-02-03 09:15:00+05:30,1650.0,1612.0,1650.0,1609.4000244140625,17072
ALKYLAMINE,2026-02-03 13:15:00+05:30,1612.0,1618.800048828125,1627.800048828125,1562.4000244140625,105150
ALKYLAMINE,2026-02-04 09:15:00+05:30,1577.699951171875,1576.199951171875,1597.9000244140625,1565.0,10335
ALKYLAMINE,2026-02-04 13:15:00+05:30,1576.199951171875,1574.800048828125,1585.0,1574.199951171875,11092
ALKYLAMINE,2026-02-05 09:15:00+05:30,1576.800048828125,1544.699951171875,1576.800048828125,1540.0999755859375,11436
ALKYLAMINE,2026-02-05 13:15:00+05:30,1544.9000244140625,1552.300048828125,1560.0,1538.0,15572
ALKYLAMINE,2026-02-06 09:15:00+05:30,1554.0,1532.699951171875,1554.0,1526.199951171875,11938
ALKYLAMINE,2026-02-06 13:15:00+05:30,1532.699951171875,1534.699951171875,1546.699951171875,1529.5,14691
ALKYLAMINE,2026-02-09 09:15:00+05:30,1547.199951171875,1556.0999755859375,1568.9000244140625,1544.699951171875,15252
ALKYLAMINE,2026-02-09 13:15:00+05:30,1556.0999755859375,1570.0,1576.0,1554.5,14339
ALKYLAMINE,2026-02-10 09:15:00+05:30,1580.300048828125,1575.199951171875,1592.0,1567.5,7175
ALKYLAMINE,2026-02-10 13:15:00+05:30,1575.199951171875,1567.199951171875,1588.0,1565.0,14804
ALLCARGO,2026-02-02 09:15:00+05:30,10.25,9.970000267028809,10.25,9.84000015258789,1431151
ALLCARGO,2026-02-02 13:15:00+05:30,9.949999809265137,10.25,10.260000228881836,9.899999618530273,1217992
ALLCARGO,2026-02-03 09:15:00+05:30,10.569999694824219,10.239999771118164,10.569999694824219,10.079999923706055,2270156
ALLCARGO,2026-02-03 13:15:00+05:30,10.229999542236328,10.270000457763672,10.380000114440918,10.180000305175781,1233128
ALLCARGO,2026-02-04 09:15:00+05:30,10.270000457763672,10.539999961853027,10.579999923706055,10.25,1541184
ALLCARGO,2026-02-04 13:15:00+05:30,10.539999961853027,10.609999656677246,10.680000305175781,10.510000228881836,2055994
ALLCARGO,2026-02-05 09:15:00+05:30,10.789999961853027,10.729999542236328,10.789999961853027,10.460000038146973,1498344
ALLCARGO,2026-02-05 13:15:00+05:30,10.739999771118164,10.75,10.760000228881836,10.630000114440918,1248149
ALLCARGO,2026-02-06 09:15:00+05:30,10.640000343322754,10.25,10.640000343322754,10.149999618530273,2151432
ALLCARGO,2026-02-06 13:15:00+05:30,10.239999771118164,10.149999618530273,10.279999732971191,10.050000190734863,1962732
ALLCARGO,2026-02-09 09:15:00+05:30,10.300000190734863,10.229999542236328,10.34000015258789,10.15999984741211,1617780
ALLCARGO,2026-02-09 13:15:00+05:30,10.25,10.0,10.289999961853027,9.970000267028809,2556259
ALLCARGO,2026-02-10 09:15:00+05:30,10.039999961853027,10.069999694824219,10.220000267028809,10.010000228881836,2231655
ALLCARGO,2026-02-10 13:15:00+05:30,10.069999694824219,9.989999771118164,10.100000381469727,9.949999809265137,2792379
ALLDIGI,2026-02-02 09:15:00+05:30,910.75,912.5,912.5499877929688,895.0,3438
ALLDIGI,2026-02-02 13:15:00+05:30,911.0,911.9500122070312,918.0,907.0,5860
ALLDIGI,2026-02-03 09:15:00+05:30,920.0499877929688,946.0,953.25,917.9500122070312,37396
ALLDIGI,2026-02-03 13:15:00+05:30,945.9500122070312,980.3499755859375,990.0,944.9500122070312,35147
ALLDIGI,2026-02-04 09:15:00+05:30,951.0,910.0,951.0,901.25,8780
ALLDIGI,2026-02-04 13:15:00+05:30,909.7999877929688,899.4500122070312,910.0,895.0,15562
ALLDIGI,2026-02-05 09:15:00+05:30,890.0,882.0,899.4000244140625,870.0,2258
ALLDIGI,2026-02-05 13:15:00+05:30,880.0499877929688,889.0,898.75,880.0499877929688,4567
ALLDIGI,2026-02-06 09:15:00+05:30,884.2000122070312,875.2000122070312,902.2999877929688,846.5,13322
ALLDIGI,2026-02-06 13:15:00+05:30,875.2000122070312,886.2999877929688,898.0,875.2000122070312,4569
ALLDIGI,2026-02-09 09:15:00+05:30,905.0,897.6500244140625,914.0999755859375,895.0499877929688,1769
ALLDIGI,2026-02-09 13:15:00+05:30,900.9000244140625,906.5999755859375,912.9500122070312,895.0,5758
ALLDIGI,2026-02-10 09:15:00+05:30,902.7999877929688,888.1500244140625,902.7999877929688,886.0,2830
ALLDIGI,2026-02-10 13:15:00+05:30,887.2000122070312,886.5999755859375,892.0,886.1500244140625,4716
ALPA,2026-02-02 09:15:00+05:30,67.69000244140625,66.69999694824219,69.0,65.0,5257
ALPA,2026-02-02 13:15:00+05:30,67.4000015258789,67.4000015258789,67.4000015258789,66.0,3310
ALPA,2026-02-03 09:15:00+05:30,68.61000061035156,69.0199966430664,70.0999984741211,67.25,5098
ALPA,2026-02-03 13:15:00+05:30,69.0,68.77999877929688,69.87999725341797,68.5999984741211,1468
ALPA,2026-02-04 09:15:00+05:30,69.9000015258789,70.5,71.77999877929688,69.19999694824219,4337
ALPA,2026-02-04 13:15:00+05:30,70.55000305175781,71.0,71.30000305175781,70.25,1726
ALPA,2026-02-05 09:15:00+05:30,71.0999984741211,70.69000244140625,71.80000305175781,69.5199966430664,5382
ALPA,2026-02-05 13:15:00+05:30,70.69999694824219,69.62000274658203,71.0,69.01000213623047,3023
ALPA,2026-02-06 09:15:00+05:30,69.11000061035156,70.5199966430664,71.69999694824219,69.0,4407
ALPA,2026-02-06 13:15:00+05:30,70.5199966430664,71.0,71.5,70.5199966430664,4079
ALPA,2026-02-09 09:15:00+05:30,71.3499984741211,73.19999694824219,73.19999694824219,71.11000061035156,3921
ALPA,2026-02-09 13:15:00+05:30,72.9000015258789,74.56999969482422,75.4800033569336,72.9000015258789,6824
ALPA,2026-02-10 09:15:00+05:30,75.56999969482422,73.5,75.56999969482422,72.5,5583
ALPA,2026-02-10 13:15:00+05:30,73.94999694824219,74.18000030517578,74.7300033569336,73.69999694824219,2693
ALPHAGEO,2026-02-02 09:15:00+05:30,214.05999755859375,212.0,214.2899932861328,211.0,1169
ALPHAGEO,2026-02-02 13:15:00+05:30,212.0,224.8000030517578,224.89999389648438,212.0,2439
ALPHAGEO,2026-02-03 09:15:00+05:30,222.6300048828125,220.99000549316406,226.0,216.0,2684
ALPHAGEO,2026-02-03 13:15:00+05:30,220.99000549316406,219.0,222.6199951171875,217.00999450683594,1998
ALPHAGEO,2026-02-04 09:15:00+05:30,220.0,220.88999938964844,223.49000549316406,216.57000732421875,673
ALPHAGEO,2026-02-04 13:15:00+05:30,220.88999938964844,219.25999450683594,221.0,215.10000610351562,3124
ALPHAGEO,2026-02-05 09:15:00+05:30,214.0,222.9499969482422,230.0,214.0,4842
ALPHAGEO,2026-02-05 13:15:00+05:30,222.9499969482422,225.47999572753906,227.0,222.0,1455
ALPHAGEO,2026-02-06 09:15:00+05:30,225.05999755859375,223.0,227.9499969482422,220.25999450683594,488
ALPHAGEO,2026-02-06 13:15:00+05:30,221.41000366210938,224.1999969482422,227.8000030517578,220.0,2067
ALPHAGEO,2026-02-09 09:15:00+05:30,225.0,225.0,226.94000244140625,217.1999969482422,3953
ALPHAGEO,2026-02-09 13:15:00+05:30,221.5500030517578,223.0500030517578,226.0,220.5,2325
ALPHAGEO,2026-02-10 09:15:00+05:30,226.99000549316406,220.63999938964844,226.99000549316406,220.02999877929688,1378
ALPHAGEO,2026-02-10 13:15:00+05:30,221.2100067138672,223.67999267578125,228.52999877929688,221.2100067138672,2120
AMBER,2026-02-02 09:15:00+05:30,6023.5,5935.0,6023.5,5816.0,143664
AMBER,2026-02-02 13:15:00+05:30,5935.0,5999.0,6020.0,5913.0,70681
AMBER,2026-02-03 09:15:00+05:30,6206.5,6207.5,6360.5,6190.0,218352
AMBER,2026-02-03 13:15:00+05:30,6206.5,6193.5,6229.5,6161.5,204180
AMBER,2026-02-04 09:15:00+05:30,6178.5,6327.0,6422.0,6178.5,103165
AMBER,2026-02-04 13:15:00+05:30,6329.0,6402.0,6410.0,6301.0,110659
AMBER,2026-02-05 09:15:00+05:30,6360.0,6440.0,6455.0,6267.5,122593
AMBER,2026-02-05 13:15:00+05:30,6443.5,6399.5,6476.0,6382.0,107407
AMBER,2026-02-06 09:15:00+05:30,6372.5,6624.5,6639.0,6318.0,187949
AMBER,2026-02-06 13:15:00+05:30,6623.0,6625.0,6665.0,6588.5,210421
AMBER,2026-02-09 09:15:00+05:30,6698.5,6957.0,6964.0,6669.0,184977
AMBER,2026-02-09 13:15:00+05:30,6962.5,7025.0,7064.0,6922.5,220716
AMBER,2026-02-10 09:15:00+05:30,7264.5,7463.5,7515.0,7182.0,790171
AMBER,2026-02-10 13:15:00+05:30,7463.5,7490.0,7530.0,7450.0,318600
AMBICAAGAR,2026-02-02 09:15:00+05:30,23.1200008392334,23.979999542236328,24.079999923706055,23.1200008392334,258
AMBICAAGAR,2026-02-02 13:15:00+05:30,23.239999771118164,23.8700008392334,23.989999771118164,23.229999542236328,158
AMBICAAGAR,2026-02-03 09:15:00+05:30,23.8700008392334,23.889999389648438,24.290000915527344,22.65999984741211,936
AMBICAAGAR,2026-02-03 13:15:00+05:30,23.889999389648438,23.3700008392334,23.899999618530273,23.219999313354492,553
AMBICAAGAR,2026-02-04 09:15:00+05:30,24.200000762939453,24.110000610351562,24.200000762939453,23.239999771118164,135
AMBICAAGAR,2026-02-04 13:15:00+05:30,24.040000915527344,23.950000762939453,24.040000915527344,23.299999237060547,64
AMBICAAGAR,2026-02-05 09:15:00+05:30,24.010000228881836,24.290000915527344,24.40999984741211,23.360000610351562,924
AMBICAAGAR,2026-02-05 13:15:00+05:30,23.479999542236328,23.729999542236328,24.25,23.3700008392334,497
AMBICAAGAR,2026-02-06 09:15:00+05:30,23.700000762939453,23.270000457763672,23.700000762939453,23.219999313354492,670
AMBICAAGAR,2026-02-06 13:15:00+05:30,23.299999237060547,23.440000534057617,23.540000915527344,23.270000457763672,531
AMBICAAGAR,2026-02-09 09:15:00+05:30,23.5,23.790000915527344,24.25,23.5,3908
AMBICAAGAR,2026-02-09 13:15:00+05:30,24.0,24.170000076293945,24.25,23.799999237060547,1907
AMBICAAGAR,2026-02-10 09:15:00+05:30,24.049999237060547,24.1200008392334,24.799999237060547,24.049999237060547,647
AMBICAAGAR,2026-02-10 13:15:00+05:30,24.6200008392334,24.25,24.6299991607666,24.25,3032
AMBIKCO,2026-02-02 09:15:00+05:30,1249.0999755859375,1240.0,1249.9000244140625,1230.4000244140625,1294
AMBIKCO,2026-02-02 13:15:00+05:30,1235.0999755859375,1262.0,1263.0,1232.0,5494
AMBIKCO,2026-02-03 09:15:00+05:30,1384.0,1332.0,1384.0,1320.0,17866
AMBIKCO,2026-02-03 13:15:00+05:30,1328.5999755859375,1339.0,1339.9000244140625,1324.4000244140625,3935
AMBIKCO,2026-02-04 09:15:00+05:30,1343.9000244140625,1338.0,1348.800048828125,1318.199951171875,2064
AMBIKCO,2026-02-04 13:15:00+05:30,1338.199951171875,1335.0,1340.0,1333.199951171875,3177
AMBIKCO,2026-02-05 09:15:00+05:30,1350.0,1333.9000244140625,1350.0,1325.4000244140625,1598
AMBIKCO,2026-02-05 13:15:00+05:30,1331.800048828125,1331.800048828125,1335.0,1325.5,705
AMBIKCO,2026-02-06 09:15:00+05:30,1335.0,1314.199951171875,1335.0,1313.300048828125,1267
AMBIKCO,2026-02-06 13:15:00+05:30,1317.5,1320.0,1330.300048828125,1314.199951171875,1992
AMBIKCO,2026-02-09 09:15:00+05:30,1335.300048828125,1374.0,1392.0,1332.199951171875,8572
AMBIKCO,2026-02-09 13:15:00+05:30,1374.5,1373.800048828125,1385.0,1371.300048828125,5035
AMBIKCO,2026-02-10 09:15:00+05:30,1373.0,1344.0,1373.0,1325.699951171875,3462
AMBIKCO,2026-02-10 13:15:00+05:30,1344.0,1320.199951171875,1372.800048828125,1320.199951171875,15822
AMBUJACEM,2026-02-02 09:15:00+05:30,496.29998779296875,507.25,513.0999755859375,493.54998779296875,829924
AMBUJACEM,2026-02-02 13:15:00+05:30,507.5,510.5,511.25,504.29998779296875,1328564
AMBUJACEM,2026-02-03 09:15:00+05:30,539.1500244140625,533.25,539.1500244140625,520.0,872744
AMBUJACEM,2026-02-03 13:15:00+05:30,533.5,528.25,534.2000122070312,526.8499755859375,599076
AMBUJACEM,2026-02-04 09:15:00+05:30,527.8499755859375,536.7000122070312,536.9500122070312,523.0,285765
AMBUJACEM,2026-02-04 13:15:00+05:30,536.4500122070312,536.0,537.9500122070312,534.5,435478
AMBUJACEM,2026-02-05 09:15:00+05:30,533.0999755859375,530.8499755859375,536.9500122070312,528.5999755859375,198437
AMBUJACEM,2026-02-05 13:15:00+05:30,530.8499755859375,533.5999755859375,533.7999877929688,528.2000122070312,1012961
AMBUJACEM,2026-02-06 09:15:00+05:30,529.4500122070312,525.4000244140625,531.5499877929688,524.0,214264
AMBUJACEM,2026-02-06 13:15:00+05:30,525.4000244140625,529.0,530.25,524.8499755859375,222704
AMBUJACEM,2026-02-09 09:15:00+05:30,532.3499755859375,541.9000244140625,542.7000122070312,530.4500122070312,506164
AMBUJACEM,2026-02-09 13:15:00+05:30,542.3499755859375,542.4500122070312,544.5499877929688,540.1500244140625,519600
AMBUJACEM,2026-02-10 09:15:00+05:30,546.9500122070312,541.5499877929688,546.9500122070312,533.2999877929688,683400
AMBUJACEM,2026-02-10 13:15:00+05:30,541.5,538.5,541.7000122070312,536.6500244140625,382319
AMDIND,2026-02-02 09:15:00+05:30,44.70000076293945,42.25,44.70000076293945,42.0099983215332,1667
AMDIND,2026-02-02 13:15:00+05:30,42.400001525878906,42.439998626708984,42.779998779296875,41.119998931884766,4951
AMDIND,2026-02-03 09:15:00+05:30,43.9900016784668,43.59000015258789,44.0,42.400001525878906,4935
AMDIND,2026-02-03 13:15:00+05:30,43.9900016784668,43.15999984741211,43.9900016784668,43.0,3684
AMDIND,2026-02-04 09:15:00+05:30,44.70000076293945,43.310001373291016,44.70000076293945,43.11000061035156,5845
AMDIND,2026-02-04 13:15:00+05:30,43.310001373291016,43.529998779296875,44.290000915527344,43.15999984741211,11235
AMDIND,2026-02-05 09:15:00+05:30,43.529998779296875,43.88999938964844,44.349998474121094,43.529998779296875,894
AMDIND,2026-02-05 13:15:00+05:30,43.900001525878906,43.900001525878906,43.90999984741211,43.529998779296875,348
AMDIND,2026-02-06 09:15:00+05:30,43.5,43.90999984741211,44.52000045776367,43.5,120
AMDIND,2026-02-06 13:15:00+05:30,44.400001525878906,43.5,44.400001525878906,43.0,416
AMDIND,2026-02-09 09:15:00+05:30,46.0,44.40999984741211,46.0,43.099998474121094,5323
AMDIND,2026-02-09 13:15:00+05:30,44.79999923706055,45.599998474121094,45.9900016784668,44.560001373291016,14365
AMDIND,2026-02-10 09:15:00+05:30,46.5099983215332,45.380001068115234,46.5099983215332,44.61000061035156,4674
AMDIND,2026-02-10 13:15:00+05:30,45.380001068115234,45.04999923706055,45.380001068115234,44.810001373291016,4126
AMJLAND,2026-02-02 09:15:00+05:30,42.9900016784668,41.0,42.9900016784668,40.04999923706055,26064
AMJLAND,2026-02-02 13:15:00+05:30,41.0,40.470001220703125,41.900001525878906,40.099998474121094,3084
AMJLAND,2026-02-03 09:15:00+05:30,43.97999954223633,42.0,43.97999954223633,41.5,50374
AMJLAND,2026-02-03 13:15:00+05:30,41.75,41.130001068115234,42.25,40.810001373291016,20917
AMJLAND,2026-02-04 09:15:00+05:30,41.0,40.599998474121094,41.97999954223633,40.400001525878906,17018
AMJLAND,2026-02-04 13:15:00+05:30,40.599998474121094,40.95000076293945,41.0,40.310001373291016,12823
AMJLAND,2026-02-05 09:15:00+05:30,42.689998626708984,39.9900016784668,42.689998626708984,39.9900016784668,18016
AMJLAND,2026-02-05 13:15:00+05:30,39.9900016784668,40.099998474121094,41.88999938964844,39.650001525878906,10132
AMJLAND,2026-02-06 09:15:00+05:30,41.0,40.27000045776367,41.369998931884766,39.849998474121094,9022
AMJLAND,2026-02-06 13:15:00+05:30,40.349998474121094,40.59000015258789,41.38999938964844,40.0,10423
AMJLAND,2026-02-09 09:15:00+05:30,40.59000015258789,41.18000030517578,41.84000015258789,40.59000015258789,21235
AMJLAND,2026-02-09 13:15:00+05:30,41.20000076293945,41.2400016784668,41.33000183105469,40.97999954223633,7346
AMJLAND,2026-02-10 09:15:00+05:30,41.0099983215332,42.31999969482422,42.900001525878906,41.0099983215332,16858
AMJLAND,2026-02-10 13:15:00+05:30,42.560001373291016,42.20000076293945,42.75,41.7599983215332,8998
AMRUTANJAN,2026-02-02 09:15:00+05:30,570.0999755859375,580.0,584.2999877929688,568.7999877929688,7886
AMRUTANJAN,2026-02-02 13:15:00+05:30,580.0,574.6500244140625,582.4500122070312,569.0999755859375,6517
AMRUTANJAN,2026-02-03 09:15:00+05:30,588.0,584.3499755859375,588.0,574.5499877929688,3744
AMRUTANJAN,2026-02-03 13:15:00+05:30,585.4500122070312,582.7000122070312,588.0,580.0,2756
AMRUTANJAN,2026-02-04 09:15:00+05:30,593.7000122070312,629.3499755859375,655.7000122070312,591.2999877929688,27203
AMRUTANJAN,2026-02-04 13:15:00+05:30,628.75,638.0,638.0,625.9500122070312,5669
AMRUTANJAN,2026-02-05 09:15:00+05:30,638.0,629.9500122070312,638.0,621.0499877929688,1645
AMRUTANJAN,2026-02-05 13:15:00+05:30,625.9000244140625,628.3499755859375,634.0,625.9000244140625,1620
AMRUTANJAN,2026-02-06 09:15:00+05:30,629.0,631.5999755859375,644.9000244140625,623.6500244140625,3173
AMRUTANJAN,2026-02-06 13:15:00+05:30,633.0,634.0,634.0,629.9500122070312,2292
AMRUTANJAN,2026-02-09 09:15:00+05:30,635.0,635.3499755859375,641.9000244140625,632.5999755859375,1281
AMRUTANJAN,2026-02-09 13:15:00+05:30,635.3499755859375,632.75,637.5499877929688,628.6500244140625,4995
AMRUTANJAN,2026-02-10 09:15:00+05:30,634.9500122070312,635.0999755859375,637.0499877929688,631.1500244140625,1734
AMRUTANJAN,2026-02-10 13:15:00+05:30,635.0999755859375,639.5999755859375,640.0,635.0,1401
ANANDRATHI,2026-02-02 09:15:00+05:30,2864.89990234375,2836.199951171875,2874.60009765625,2828.0,60979
ANANDRATHI,2026-02-02 13:15:00+05:30,2836.199951171875,2871.10009765625,2891.199951171875,2831.0,68037
ANANDRATHI,2026-02-03 09:15:00+05:30,2971.89990234375,2955.39990234375,2971.89990234375,2896.5,78439
ANANDRATHI,2026-02-03 13:15:00+05:30,2958.699951171875,2951.699951171875,2970.800048828125,2941.0,55539
ANANDRATHI,2026-02-04 09:15:00+05:30,2950.0,2971.0,2973.0,2921.0,51664
ANANDRATHI,2026-02-04 13:15:00+05:30,2972.60009765625,2942.0,2976.89990234375,2937.60009765625,77499
ANANDRATHI,2026-02-05 09:15:00+05:30,2971.800048828125,2945.0,2971.800048828125,2925.10009765625,57420
ANANDRATHI,2026-02-05 13:15:00+05:30,2945.0,2943.0,2957.89990234375,2930.0,64459
ANANDRATHI,2026-02-06 09:15:00+05:30,2943.10009765625,2961.0,2973.199951171875,2907.39990234375,43533
ANANDRATHI,2026-02-06 13:15:00+05:30,2961.300048828125,2951.39990234375,2969.0,2919.0,48781
ANANDRATHI,2026-02-09 09:15:00+05:30,2943.89990234375,2940.199951171875,2966.199951171875,2935.0,87611
ANANDRATHI,2026-02-09 13:15:00+05:30,2940.699951171875,2973.199951171875,2989.800048828125,2936.800048828125,61778
ANANDRATHI,2026-02-10 09:15:00+05:30,2967.60009765625,2962.199951171875,2980.0,2942.0,91967
ANANDRATHI,2026-02-10 13:15:00+05:30,2962.199951171875,2960.0,2978.0,2952.699951171875,72979
ANANTRAJ,2026-02-02 09:15:00+05:30,548.0,554.5499877929688,570.4500122070312,540.0,9992914
ANANTRAJ,2026-02-02 13:15:00+05:30,554.2000122070312,560.0,562.4500122070312,550.0,5438905
ANANTRAJ,2026-02-03 09:15:00+05:30,586.4500122070312,570.0499877929688,586.4500122070312,565.0,2925514
ANANTRAJ,2026-02-03 13:15:00+05:30,570.0,562.8499755859375,571.5999755859375,561.2000122070312,1517015
ANANTRAJ,2026-02-04 09:15:00+05:30,558.0,553.0,566.5,548.3499755859375,1214169
ANANTRAJ,2026-02-04 13:15:00+05:30,552.9500122070312,555.0,558.9500122070312,552.9500122070312,827158
ANANTRAJ,2026-02-05 09:15:00+05:30,553.0999755859375,547.5999755859375,558.2999877929688,546.5,861153
ANANTRAJ,2026-02-05 13:15:00+05:30,547.5499877929688,546.75,549.7999877929688,543.7999877929688,742493
ANANTRAJ,2026-02-06 09:15:00+05:30,543.5499877929688,542.0999755859375,546.3499755859375,537.0,571127
ANANTRAJ,2026-02-06 13:15:00+05:30,542.0999755859375,554.0,554.0,538.6500244140625,701440
ANANTRAJ,2026-02-09 09:15:00+05:30,563.1500244140625,565.8499755859375,573.0,557.2999877929688,1255427
ANANTRAJ,2026-02-09 13:15:00+05:30,565.25,562.75,567.5999755859375,562.75,723563
ANANTRAJ,2026-02-10 09:15:00+05:30,573.4500122070312,571.3499755859375,582.5999755859375,566.0499877929688,2068589
ANANTRAJ,2026-02-10 13:15:00+05:30,571.9000244140625,566.6500244140625,571.9000244140625,562.0,1475648
ANDHRAPAP,2026-02-02 09:15:00+05:30,64.37999725341797,64.38999938964844,65.69000244140625,63.880001068115234,30328
ANDHRAPAP,2026-02-02 13:15:00+05:30,64.36000061035156,64.3499984741211,64.87999725341797,64.0,11935
ANDHRAPAP,2026-02-03 09:15:00+05:30,65.0,65.47000122070312,66.5999984741211,64.0,16295
ANDHRAPAP,2026-02-03 13:15:00+05:30,65.47000122070312,65.2300033569336,65.83999633789062,64.8499984741211,20248
ANDHRAPAP,2026-02-04 09:15:00+05:30,65.2300033569336,67.0,67.55000305175781,64.11000061035156,96287
ANDHRAPAP,2026-02-04 13:15:00+05:30,66.5,67.0,67.44999694824219,65.8499984741211,83294
ANDHRAPAP,2026-02-05 09:15:00+05:30,67.75,66.0,67.75,64.87000274658203,27775
ANDHRAPAP,2026-02-05 13:15:00+05:30,65.9000015258789,65.52999877929688,65.9000015258789,65.0999984741211,21158
ANDHRAPAP,2026-02-06 09:15:00+05:30,65.52999877929688,64.94999694824219,65.52999877929688,64.31999969482422,21961
ANDHRAPAP,2026-02-06 13:15:00+05:30,64.88999938964844,65.0,66.0,64.69999694824219,18138
ANDHRAPAP,2026-02-09 09:15:00+05:30,65.79000091552734,67.5,67.5,65.5,619426
ANDHRAPAP,2026-02-09 13:15:00+05:30,67.29000091552734,67.80000305175781,69.19000244140625,67.05000305175781,78108
ANDHRAPAP,2026-02-10 09:15:00+05:30,68.98999786376953,67.6500015258789,68.98999786376953,66.79000091552734,46256
ANDHRAPAP,2026-02-10 13:15:00+05:30,67.5199966430664,67.20999908447266,67.87999725341797,67.20999908447266,35765
ANDHRSUGAR,2026-02-02 09:15:00+05:30,69.98999786376953,68.44999694824219,69.98999786376953,68.30999755859375,33001
ANDHRSUGAR,2026-02-02 13:15:00+05:30,68.4800033569336,70.5,70.5,68.4800033569336,15719
ANDHRSUGAR,2026-02-03 09:15:00+05:30,71.5,69.81999969482422,73.5,69.80000305175781,50665
ANDHRSUGAR,2026-02-03 13:15:00+05:30,70.0,69.9000015258789,70.12999725341797,69.76000213623047,26724
ANDHRSUGAR,2026-02-04 09:15:00+05:30,69.30000305175781,70.55000305175781,70.80000305175781,69.30000305175781,67285
ANDHRSUGAR,2026-02-04 13:15:00+05:30,70.6500015258789,71.66999816894531,71.79000091552734,70.55999755859375,54381
ANDHRSUGAR,2026-02-05 09:15:00+05:30,72.0,74.5999984741211,75.45999908447266,70.88999938964844,153107
ANDHRSUGAR,2026-02-05 13:15:00+05:30,74.79000091552734,73.5,76.5999984741211,71.51000213623047,467857
ANDHRSUGAR,2026-02-06 09:15:00+05:30,74.0,73.68000030517578,74.30999755859375,73.25,59351
ANDHRSUGAR,2026-02-06 13:15:00+05:30,73.7699966430664,74.0,74.4000015258789,73.68000030517578,72540
ANDHRSUGAR,2026-02-09 09:15:00+05:30,76.4800033569336,74.83999633789062,76.4800033569336,74.19999694824219,40185
ANDHRSUGAR,2026-02-09 13:15:00+05:30,74.66000366210938,74.5199966430664,75.29000091552734,74.5199966430664,47032
ANDHRSUGAR,2026-02-10 09:15:00+05:30,74.80000305175781,74.2300033569336,75.19999694824219,73.88999938964844,45896
ANDHRSUGAR,2026-02-10 13:15:00+05:30,74.11000061035156,73.68000030517578,74.19999694824219,73.41000366210938,48445
ANGELONE,2026-02-02 09:15:00+05:30,2271.800048828125,2344.199951171875,2381.89990234375,2265.89990234375,589382
ANGELONE,2026-02-02 13:15:00+05:30,2344.199951171875,2401.300048828125,2416.800048828125,2327.199951171875,519171
ANGELONE,2026-02-03 09:15:00+05:30,2602.0,2601.10009765625,2660.39990234375,2540.800048828125,1463298
ANGELONE,2026-02-03 13:15:00+05:30,2600.39990234375,2587.800048828125,2606.0,2576.60009765625,460808
ANGELONE,2026-02-04 09:15:00+05:30,2578.199951171875,2675.39990234375,2686.10009765625,2578.199951171875,747829
ANGELONE,2026-02-04 13:15:00+05:30,2675.5,2685.0,2693.39990234375,2665.39990234375,322474
ANGELONE,2026-02-05 09:15:00+05:30,2667.39990234375,2635.39990234375,2679.10009765625,2626.89990234375,156286
ANGELONE,2026-02-05 13:15:00+05:30,2635.699951171875,2642.10009765625,2653.60009765625,2631.5,251237
ANGELONE,2026-02-06 09:15:00+05:30,2616.0,2588.5,2616.0,2565.199951171875,156393
ANGELONE,2026-02-06 13:15:00+05:30,2588.39990234375,2631.0,2648.300048828125,2585.0,155333
ANGELONE,2026-02-09 09:15:00+05:30,2660.89990234375,2705.60009765625,2714.89990234375,2660.89990234375,297579
ANGELONE,2026-02-09 13:15:00+05:30,2706.0,2715.0,2724.60009765625,2693.0,204869
ANGELONE,2026-02-10 09:15:00+05:30,2720.10009765625,2788.199951171875,2808.300048828125,2719.699951171875,287527
ANGELONE,2026-02-10 13:15:00+05:30,2788.199951171875,2783.0,2789.800048828125,2771.0,203672
ANIKINDS,2026-02-02 09:15:00+05:30,50.189998626708984,47.5099983215332,50.189998626708984,47.0,894
ANIKINDS,2026-02-02 13:15:00+05:30,47.779998779296875,50.029998779296875,50.25,47.779998779296875,12508
ANIKINDS,2026-02-03 09:15:00+05:30,52.25,49.97999954223633,52.25,48.40999984741211,3056
ANIKINDS,2026-02-03 13:15:00+05:30,49.97999954223633,48.91999816894531,50.790000915527344,48.04999923706055,1428
ANIKINDS,2026-02-04 09:15:00+05:30,51.0,51.5,51.5,48.5,7588
ANIKINDS,2026-02-04 13:15:00+05:30,51.5,51.540000915527344,52.5,50.5,8757
ANIKINDS,2026-02-05 09:15:00+05:30,52.56999969482422,50.400001525878906,52.56999969482422,49.599998474121094,233
ANIKINDS,2026-02-05 13:15:00+05:30,49.900001525878906,49.91999816894531,51.0,49.849998474121094,1827
ANIKINDS,2026-02-06 09:15:00+05:30,52.5,50.83000183105469,52.5,48.400001525878906,2342
ANIKINDS,2026-02-06 13:15:00+05:30,50.79999923706055,49.65999984741211,50.79999923706055,49.04999923706055,1487
ANIKINDS,2026-02-09 09:15:00+05:30,49.79999923706055,48.939998626708984,52.189998626708984,48.0,15090
ANIKINDS,2026-02-09 13:15:00+05:30,48.869998931884766,46.0,49.0099983215332,46.0,19458
ANIKINDS,2026-02-10 09:15:00+05:30,47.25,48.290000915527344,49.0,47.0,6516
ANIKINDS,2026-02-10 13:15:00+05:30,48.290000915527344,47.58000183105469,48.290000915527344,47.5099983215332,6701
ANTELOPUS,2026-02-02 09:15:00+05:30,524.9000244140625,535.4500122070312,565.25,519.9500122070312,104066
ANTELOPUS,2026-02-02 13:15:00+05:30,535.0,523.2000122070312,536.1500244140625,521.5,61657
ANTELOPUS,2026-02-03 09:15:00+05:30,542.9500122070312,545.75,560.0999755859375,532.4000244140625,129637
ANTELOPUS,2026-02-03 13:15:00+05:30,545.1500244140625,542.0,552.5,542.0,43260
ANTELOPUS,2026-02-04 09:15:00+05:30,545.4500122070312,578.3499755859375,590.9000244140625,542.7999877929688,398445
ANTELOPUS,2026-02-04 13:15:00+05:30,579.3499755859375,579.2000122070312,590.5499877929688,575.0499877929688,189529
ANTELOPUS,2026-02-05 09:15:00+05:30,575.0,583.7999877929688,597.9000244140625,562.0499877929688,102583
ANTELOPUS,2026-02-05 13:15:00+05:30,583.9500122070312,586.0999755859375,593.7000122070312,580.0,65211
ANTELOPUS,2026-02-06 09:15:00+05:30,586.5999755859375,544.25,592.1500244140625,542.2000122070312,124307
ANTELOPUS,2026-02-06 13:15:00+05:30,543.9500122070312,548.75,555.4000244140625,540.0,96503
ANTELOPUS,2026-02-09 09:15:00+05:30,551.75,568.2999877929688,580.0,546.3499755859375,110557
ANTELOPUS,2026-02-09 13:15:00+05:30,568.5999755859375,577.0,577.9500122070312,568.0499877929688,42417
ANTELOPUS,2026-02-10 09:15:00+05:30,585.0,579.0,615.2999877929688,577.3499755859375,96030
ANTELOPUS,2026-02-10 13:15:00+05:30,579.7999877929688,579.5,592.0,575.0499877929688,100556
ANUP,2026-02-02 09:15:00+05:30,1757.4000244140625,1758.0,1785.800048828125,1733.0,4695
ANUP,2026-02-02 13:15:00+05:30,1758.0,1756.5,1791.0,1746.4000244140625,8103
ANUP,2026-02-03 09:15:00+05:30,1911.0,2100.0,2131.89990234375,1900.4000244140625,190370
ANUP,2026-02-03 13:15:00+05:30,2100.0,2072.0,2100.0,2041.0999755859375,33343
ANUP,2026-02-04 09:15:00+05:30,2015.0999755859375,1919.5999755859375,2015.0999755859375,1876.4000244140625,45065
ANUP,2026-02-04 13:15:00+05:30,1919.5999755859375,1938.199951171875,1947.9000244140625,1911.9000244140625,20697
ANUP,2026-02-05 09:15:00+05:30,1945.199951171875,1908.0999755859375,1959.9000244140625,1901.0,6707
ANUP,2026-02-05 13:15:00+05:30,1908.0999755859375,1899.0,1912.9000244140625,1891.199951171875,7087
ANUP,2026-02-06 09:15:00+05:30,1910.0,1948.0999755859375,1973.300048828125,1876.0,14455
ANUP,2026-02-06 13:15:00+05:30,1948.4000244140625,1933.699951171875,1959.0,1921.5,9179
ANUP,2026-02-09 09:15:00+05:30,1948.699951171875,2025.5,2054.89990234375,1932.800048828125,14629
ANUP,2026-02-09 13:15:00+05:30,2027.9000244140625,2019.300048828125,2033.199951171875,2005.4000244140625,10193
ANUP,2026-02-10 09:15:00+05:30,2032.0,2147.5,2205.89990234375,2032.0,46824
ANUP,2026-02-10 13:15:00+05:30,2150.89990234375,2116.0,2152.5,2100.0,22708
ANURAS,2026-02-02 09:15:00+05:30,1223.0999755859375,1221.0,1223.699951171875,1211.0999755859375,23115
ANURAS,2026-02-02 13:15:00+05:30,1222.199951171875,1229.300048828125,1235.0,1221.0,30514
ANURAS,2026-02-03 09:15:00+05:30,1260.0,1248.199951171875,1260.0,1226.4000244140625,566126
ANURAS,2026-02-03 13:15:00+05:30,1248.5999755859375,1252.0,1288.9000244140625,1243.800048828125,130564
ANURAS,2026-02-04 09:15:00+05:30,1289.699951171875,1247.9000244140625,1289.699951171875,1241.0,45333
ANURAS,2026-02-04 13:15:00+05:30,1247.9000244140625,1257.0999755859375,1264.0999755859375,1245.0,52033
ANURAS,2026-02-05 09:15:00+05:30,1258.0,1278.0999755859375,1284.9000244140625,1251.0,102796
ANURAS,2026-02-05 13:15:00+05:30,1276.800048828125,1306.0999755859375,1315.0,1276.0999755859375,154218
ANURAS,2026-02-06 09:15:00+05:30,1308.0999755859375,1305.4000244140625,1320.199951171875,1288.699951171875,20643
ANURAS,2026-02-06 13:15:00+05:30,1307.4000244140625,1310.0,1354.0,1305.5,308400
ANURAS,2026-02-09 09:15:00+05:30,1319.699951171875,1334.699951171875,1345.0,1317.0,45809
ANURAS,2026-02-09 13:15:00+05:30,1334.800048828125,1318.9000244140625,1334.800048828125,1312.199951171875,42872
ANURAS,2026-02-10 09:15:00+05:30,1321.300048828125,1319.9000244140625,1345.699951171875,1316.800048828125,48073
ANURAS,2026-02-10 13:15:00+05:30,1320.699951171875,1309.9000244140625,1320.9000244140625,1307.0,98035
APARINDS,2026-02-02 09:15:00+05:30,8060.0,7945.0,8160.0,7866.5,18263
APARINDS,2026-02-02 13:15:00+05:30,7945.5,8176.0,8200.0,7875.0,46524
APARINDS,2026-02-03 09:15:00+05:30,9669.5,9737.0,9795.0,9205.0,669020
APARINDS,2026-02-03 13:15:00+05:30,9737.5,9759.0,9795.0,9620.0,225551
APARINDS,2026-02-04 09:15:00+05:30,9556.0,9625.0,9792.5,9370.0,99690
APARINDS,2026-02-04 13:15:00+05:30,9617.0,9477.0,9648.5,9451.0,36370
APARINDS,2026-02-05 09:15:00+05:30,9407.0,9508.5,9634.5,9383.5,38481
APARINDS,2026-02-05 13:15:00+05:30,9510.5,9471.0,9576.0,9471.0,20157
APARINDS,2026-02-06 09:15:00+05:30,9468.5,9500.0,9589.5,9468.5,12360
APARINDS,2026-02-06 13:15:00+05:30,9496.0,9463.0,9510.0,9432.5,17849
APARINDS,2026-02-09 09:15:00+05:30,9500.5,9535.0,9596.0,9408.5,21252
APARINDS,2026-02-09 13:15:00+05:30,9535.0,9570.0,9584.0,9527.5,21627
APARINDS,2026-02-10 09:15:00+05:30,9609.5,9541.5,9615.0,9440.0,13340
APARINDS,2026-02-10 13:15:00+05:30,9542.0,9468.5,9548.0,9448.0,10335
APCL,2026-02-02 09:15:00+05:30,140.89999389648438,142.41000366210938,145.3000030517578,140.0,3272
APCL,2026-02-02 13:15:00+05:30,142.75999450683594,142.61000061035156,143.5,142.0,1495
APCL,2026-02-03 09:15:00+05:30,140.0,143.49000549316406,147.0,140.0,10466
APCL,2026-02-03 13:15:00+05:30,144.25999450683594,144.91000366210938,146.72999572753906,142.0,6009
APCL,2026-02-04 09:15:00+05:30,140.5,142.30999755859375,144.38999938964844,140.5,2231
APCL,2026-02-04 13:15:00+05:30,141.22000122070312,142.80999755859375,143.3000030517578,141.02000427246094,1487
APCL,2026-02-05 09:15:00+05:30,144.0,141.99000549316406,146.92999267578125,141.1199951171875,7072
APCL,2026-02-05 13:15:00+05:30,142.0,137.25999450683594,142.49000549316406,135.64999389648438,8318
APCL,2026-02-06 09:15:00+05:30,137.0,143.72999572753906,143.97999572753906,137.0,5951
APCL,2026-02-06 13:15:00+05:30,143.0,142.42999267578125,144.39999389648438,141.32000732421875,4019
APCL,2026-02-09 09:15:00+05:30,143.0500030517578,141.11000061035156,143.61000061035156,140.7100067138672,356
APCL,2026-02-09 13:15:00+05:30,141.3000030517578,141.55999755859375,143.44000244140625,141.14999389648438,1057
APCL,2026-02-10 09:15:00+05:30,140.0,140.9600067138672,142.7899932861328,140.0,546
APCL,2026-02-10 13:15:00+05:30,141.0800018310547,141.1999969482422,142.47999572753906,140.5,969
APCOTEXIND,2026-02-02 09:15:00+05:30,367.04998779296875,356.25,367.04998779296875,353.8999938964844,6292
APCOTEXIND,2026-02-02 13:15:00+05:30,357.1499938964844,350.0,357.6499938964844,350.0,14375
APCOTEXIND,2026-02-03 09:15:00+05:30,360.1000061035156,370.1499938964844,371.20001220703125,357.0,9685
APCOTEXIND,2026-02-03 13:15:00+05:30,370.0,366.8999938964844,371.1000061035156,365.1000061035156,13349
APCOTEXIND,2026-02-04 09:15:00+05:30,368.3999938964844,373.1000061035156,375.0,360.0,13503
APCOTEXIND,2026-02-04 13:15:00+05:30,373.0,375.75,379.0,372.0,13815
APCOTEXIND,2026-02-05 09:15:00+05:30,379.29998779296875,373.1499938964844,379.29998779296875,372.0,2027
APCOTEXIND,2026-02-05 13:15:00+05:30,372.0,375.70001220703125,378.6499938964844,370.5,4721
APCOTEXIND,2026-02-06 09:15:00+05:30,375.0,366.1499938964844,375.0,364.29998779296875,3781
APCOTEXIND,2026-02-06 13:15:00+05:30,366.54998779296875,366.1000061035156,368.1000061035156,366.04998779296875,1406
APCOTEXIND,2026-02-09 09:15:00+05:30,368.95001220703125,372.04998779296875,381.95001220703125,367.5,16976
APCOTEXIND,2026-02-09 13:15:00+05:30,372.45001220703125,375.54998779296875,376.70001220703125,369.1000061035156,7672
APCOTEXIND,2026-02-10 09:15:00+05:30,374.0,377.6499938964844,380.0,374.0,2918
APCOTEXIND,2026-02-10 13:15:00+05:30,377.6000061035156,372.20001220703125,377.6000061035156,369.6000061035156,8634
APEX,2026-02-02 09:15:00+05:30,297.1000061035156,287.8500061035156,302.20001220703125,283.29998779296875,168584
APEX,2026-02-02 13:15:00+05:30,288.45001220703125,293.6000061035156,297.54998779296875,286.20001220703125,125734
APEX,2026-02-03 09:15:00+05:30,352.29998779296875,351.0,352.29998779296875,328.29998779296875,3856744
APEX,2026-02-03 13:15:00+05:30,350.95001220703125,352.29998779296875,352.29998779296875,347.5,1167059
APEX,2026-02-04 09:15:00+05:30,346.95001220703125,383.6499938964844,401.95001220703125,336.5,5372177
APEX,2026-02-04 13:15:00+05:30,383.6499938964844,374.0,390.1000061035156,372.0,2148494
APEX,2026-02-05 09:15:00+05:30,367.0,365.70001220703125,374.45001220703125,358.0,624450
APEX,2026-02-05 13:15:00+05:30,365.70001220703125,361.25,367.1000061035156,358.25,389746
APEX,2026-02-06 09:15:00+05:30,354.75,348.0,360.6000061035156,347.0,248443
APEX,2026-02-06 13:15:00+05:30,348.0,346.0,350.3999938964844,345.6499938964844,224626
APEX,2026-02-09 09:15:00+05:30,355.0,372.5,377.70001220703125,353.79998779296875,610843
APEX,2026-02-09 13:15:00+05:30,372.20001220703125,379.45001220703125,385.0,372.0,875411
APEX,2026-02-10 09:15:00+05:30,382.79998779296875,375.95001220703125,388.29998779296875,374.25,450558
APEX,2026-02-10 13:15:00+05:30,375.95001220703125,370.75,376.20001220703125,368.25,267179
APLAPOLLO,2026-02-02 09:15:00+05:30,2062.0,2051.699951171875,2062.699951171875,2042.0999755859375,163737
APLAPOLLO,2026-02-02 13:15:00+05:30,2051.89990234375,2087.0,2089.89990234375,2046.699951171875,225890
APLAPOLLO,2026-02-03 09:15:00+05:30,2142.10009765625,2123.5,2142.10009765625,2107.89990234375,410152
APLAPOLLO,2026-02-03 13:15:00+05:30,2123.60009765625,2134.0,2147.39990234375,2122.199951171875,554040
APLAPOLLO,2026-02-04 09:15:00+05:30,2138.5,2178.5,2187.39990234375,2117.60009765625,373761
APLAPOLLO,2026-02-04 13:15:00+05:30,2179.0,2174.199951171875,2182.199951171875,2170.5,309475
APLAPOLLO,2026-02-05 09:15:00+05:30,2181.0,2187.699951171875,2195.10009765625,2155.300048828125,205805
APLAPOLLO,2026-02-05 13:15:00+05:30,2187.699951171875,2182.10009765625,2194.0,2171.800048828125,610749
APLAPOLLO,2026-02-06 09:15:00+05:30,2167.89990234375,2201.199951171875,2206.60009765625,2167.89990234375,733728
APLAPOLLO,2026-02-06 13:15:00+05:30,2201.199951171875,2200.0,2206.5,2185.0,553345
APLAPOLLO,2026-02-09 09:15:00+05:30,2218.199951171875,2232.60009765625,2244.0,2206.800048828125,466087
APLAPOLLO,2026-02-09 13:15:00+05:30,2232.10009765625,2234.60009765625,2242.0,2229.89990234375,290662
APLAPOLLO,2026-02-10 09:15:00+05:30,2245.800048828125,2248.0,2259.699951171875,2239.199951171875,237255
APLAPOLLO,2026-02-10 13:15:00+05:30,2248.800048828125,2238.699951171875,2249.0,2222.699951171875,427187
APLLTD,2026-02-02 09:15:00+05:30,777.2000122070312,768.0,780.0,761.9000244140625,11792
APLLTD,2026-02-02 13:15:00+05:30,769.0,782.0499877929688,795.0,767.8499755859375,17277
APLLTD,2026-02-03 09:15:00+05:30,811.2999877929688,792.0,811.2999877929688,787.25,8237
APLLTD,2026-02-03 13:15:00+05:30,790.8499755859375,790.5499877929688,795.0499877929688,788.6500244140625,12471
APLLTD,2026-02-04 09:15:00+05:30,783.0,795.0,795.9000244140625,783.0,12546
APLLTD,2026-02-04 13:15:00+05:30,795.0,798.3499755859375,800.0,791.5,14467
APLLTD,2026-02-05 09:15:00+05:30,801.0,813.0,820.0,798.0,26006
APLLTD,2026-02-05 13:15:00+05:30,813.0,802.5999755859375,825.0,799.1500244140625,216199
APLLTD,2026-02-06 09:15:00+05:30,805.5999755859375,791.7999877929688,805.5999755859375,776.2000122070312,59510
APLLTD,2026-02-06 13:15:00+05:30,793.9000244140625,797.0,801.5999755859375,793.0,22298
APLLTD,2026-02-09 09:15:00+05:30,801.7999877929688,795.5499877929688,802.2000122070312,786.5999755859375,12127
APLLTD,2026-02-09 13:15:00+05:30,795.0999755859375,800.0,800.0,792.3499755859375,17944
APLLTD,2026-02-10 09:15:00+05:30,799.9500122070312,800.0,806.2999877929688,795.9500122070312,6901
APLLTD,2026-02-10 13:15:00+05:30,800.1500244140625,801.9000244140625,804.0,798.1500244140625,10585
APOLLO,2026-02-02 09:15:00+05:30,248.4499969482422,240.10000610351562,255.3000030517578,236.9499969482422,1350480
APOLLO,2026-02-02 13:15:00+05:30,240.5,246.64999389648438,248.39999389648438,238.5500030517578,935508
APOLLO,2026-02-03 09:15:00+05:30,258.20001220703125,250.89999389648438,258.20001220703125,248.0,588844
APOLLO,2026-02-03 13:15:00+05:30,250.9499969482422,250.25,251.0,248.6999969482422,628970
APOLLO,2026-02-04 09:15:00+05:30,250.89999389648438,248.60000610351562,251.39999389648438,245.6999969482422,610723
APOLLO,2026-02-04 13:15:00+05:30,248.39999389648438,249.35000610351562,250.85000610351562,247.5,452584
APOLLO,2026-02-05 09:15:00+05:30,250.0,244.3000030517578,250.5500030517578,244.3000030517578,453073
APOLLO,2026-02-05 13:15:00+05:30,244.35000610351562,243.89999389648438,246.9499969482422,243.89999389648438,433982
APOLLO,2026-02-06 09:15:00+05:30,241.4499969482422,239.25,243.39999389648438,237.39999389648438,587658
APOLLO,2026-02-06 13:15:00+05:30,239.10000610351562,240.5,241.39999389648438,239.0500030517578,416161
APOLLO,2026-02-09 09:15:00+05:30,246.0,249.39999389648438,250.64999389648438,243.75,1129272
APOLLO,2026-02-09 13:15:00+05:30,249.5500030517578,250.89999389648438,251.64999389648438,248.10000610351562,1134226
APOLLO,2026-02-10 09:15:00+05:30,253.3000030517578,244.89999389648438,254.6999969482422,243.10000610351562,970647
APOLLO,2026-02-10 13:15:00+05:30,244.89999389648438,242.3000030517578,245.0,241.9499969482422,907468
APOLLOHOSP,2026-02-02 09:15:00+05:30,6915.0,6876.0,6928.5,6833.0,137270
APOLLOHOSP,2026-02-02 13:15:00+05:30,6876.0,6923.5,6950.0,6862.0,126271
APOLLOHOSP,2026-02-03 09:15:00+05:30,7099.0,7100.0,7163.0,7007.0,170164
APOLLOHOSP,2026-02-03 13:15:00+05:30,7100.5,7080.0,7109.0,7067.5,151988
APOLLOHOSP,2026-02-04 09:15:00+05:30,7079.5,7071.0,7118.0,7055.0,70073
APOLLOHOSP,2026-02-04 13:15:00+05:30,7072.5,7116.0,7158.0,7072.5,110259
APOLLOHOSP,2026-02-05 09:15:00+05:30,7113.0,7082.0,7131.5,7043.5,68295
APOLLOHOSP,2026-02-05 13:15:00+05:30,7082.0,7122.5,7129.5,7081.0,104989
APOLLOHOSP,2026-02-06 09:15:00+05:30,7109.0,7150.0,7174.0,6994.0,406284
APOLLOHOSP,2026-02-06 13:15:00+05:30,7149.0,7160.0,7174.0,7129.5,127704
APOLLOHOSP,2026-02-09 09:15:00+05:30,7199.0,7249.0,7262.0,7163.5,184166
APOLLOHOSP,2026-02-09 13:15:00+05:30,7249.0,7241.0,7280.0,7194.5,173403
APOLLOHOSP,2026-02-10 09:15:00+05:30,7230.0,7209.5,7280.5,7187.0,75345
APOLLOHOSP,2026-02-10 13:15:00+05:30,7212.5,7219.0,7235.0,7200.0,132850
APOLLOPIPE,2026-02-02 09:15:00+05:30,260.3999938964844,256.95001220703125,261.54998779296875,255.64999389648438,12511
APOLLOPIPE,2026-02-02 13:15:00+05:30,257.0,259.79998779296875,260.0,256.0,14702
APOLLOPIPE,2026-02-03 09:15:00+05:30,289.0,266.70001220703125,289.0,262.0,16838
APOLLOPIPE,2026-02-03 13:15:00+05:30,267.45001220703125,267.20001220703125,269.3999938964844,265.1499938964844,28316
APOLLOPIPE,2026-02-04 09:15:00+05:30,268.0,269.1000061035156,275.5,266.3999938964844,34529
APOLLOPIPE,2026-02-04 13:15:00+05:30,269.6499938964844,269.04998779296875,270.3999938964844,265.8500061035156,44839
APOLLOPIPE,2026-02-05 09:15:00+05:30,269.3999938964844,264.29998779296875,269.3999938964844,263.20001220703125,11387
APOLLOPIPE,2026-02-05 13:15:00+05:30,264.29998779296875,265.0,267.95001220703125,263.6499938964844,18442
APOLLOPIPE,2026-02-06 09:15:00+05:30,266.0,294.8500061035156,298.6499938964844,265.0,984216
APOLLOPIPE,2026-02-06 13:15:00+05:30,294.29998779296875,314.0,318.5,290.3500061035156,3221424
APOLLOPIPE,2026-02-09 09:15:00+05:30,315.5,335.1499938964844,351.70001220703125,315.5,555517
APOLLOPIPE,2026-02-09 13:15:00+05:30,335.1499938964844,332.3500061035156,335.95001220703125,325.20001220703125,515381
APOLLOPIPE,2026-02-10 09:15:00+05:30,328.95001220703125,322.8999938964844,328.95001220703125,320.04998779296875,45865
APOLLOPIPE,2026-02-10 13:15:00+05:30,322.8999938964844,317.95001220703125,322.8999938964844,317.95001220703125,51037
APOLLOTYRE,2026-02-02 09:15:00+05:30,487.1000061035156,480.29998779296875,487.8999938964844,479.0,152709
APOLLOTYRE,2026-02-02 13:15:00+05:30,480.25,484.6000061035156,485.20001220703125,474.8500061035156,544009
APOLLOTYRE,2026-02-03 09:15:00+05:30,491.0,502.95001220703125,505.0,487.29998779296875,614351
APOLLOTYRE,2026-02-03 13:15:00+05:30,502.6000061035156,505.25,506.0,501.0,360818
APOLLOTYRE,2026-02-04 09:15:00+05:30,504.0,509.0,521.0499877929688,502.6000061035156,385775
APOLLOTYRE,2026-02-04 13:15:00+05:30,509.0,513.9000244140625,514.25,508.29998779296875,366368
APOLLOTYRE,2026-02-05 09:15:00+05:30,525.0,503.6499938964844,531.5,503.0,1496777
APOLLOTYRE,2026-02-05 13:15:00+05:30,503.75,505.8999938964844,512.5,502.25,953131
APOLLOTYRE,2026-02-06 09:15:00+05:30,507.0,507.54998779296875,510.75,500.70001220703125,336207
APOLLOTYRE,2026-02-06 13:15:00+05:30,507.45001220703125,502.8500061035156,509.3999938964844,502.0,369797
APOLLOTYRE,2026-02-09 09:15:00+05:30,506.70001220703125,509.75,514.7000122070312,504.3999938964844,626053
APOLLOTYRE,2026-02-09 13:15:00+05:30,509.54998779296875,506.0,511.3999938964844,504.8999938964844,352973
APOLLOTYRE,2026-02-10 09:15:00+05:30,508.70001220703125,504.25,514.4500122070312,503.25,378434
APOLLOTYRE,2026-02-10 13:15:00+05:30,504.29998779296875,507.8999938964844,508.79998779296875,503.3999938964844,373487
APOLSINHOT,2026-02-02 09:15:00+05:30,1272.0,1290.0999755859375,1298.0,1271.9000244140625,232
APOLSINHOT,2026-02-02 13:15:00+05:30,1290.699951171875,1312.5,1315.0,1290.699951171875,3131
APOLSINHOT,2026-02-03 09:15:00+05:30,1286.5999755859375,1313.800048828125,1313.9000244140625,1286.5999755859375,1004
APOLSINHOT,2026-02-03 13:15:00+05:30,1310.0,1310.0,1315.0,1310.0,311
APOLSINHOT,2026-02-04 09:15:00+05:30,1315.0,1298.5,1315.0,1290.300048828125,200
APOLSINHOT,2026-02-04 13:15:00+05:30,1299.0,1298.5999755859375,1311.0,1292.0,256
APOLSINHOT,2026-02-05 09:15:00+05:30,1301.0,1284.699951171875,1303.0,1284.699951171875,284
APOLSINHOT,2026-02-05 13:15:00+05:30,1304.800048828125,1278.199951171875,1304.800048828125,1270.0999755859375,410
APOLSINHOT,2026-02-06 09:15:00+05:30,1278.300048828125,1297.800048828125,1297.800048828125,1278.300048828125,133
APOLSINHOT,2026-02-06 13:15:00+05:30,1283.199951171875,1237.800048828125,1285.5,1216.699951171875,1162
APOLSINHOT,2026-02-09 09:15:00+05:30,1285.0,1247.5999755859375,1285.0,1238.9000244140625,402
APOLSINHOT,2026-02-09 13:15:00+05:30,1248.0,1232.9000244140625,1249.9000244140625,1220.0,333
APOLSINHOT,2026-02-10 09:15:00+05:30,1265.0,1247.5,1265.0,1246.0999755859375,196
APOLSINHOT,2026-02-10 13:15:00+05:30,1242.0999755859375,1256.5999755859375,1260.9000244140625,1242.0999755859375,407
APTECHT,2026-02-02 09:15:00+05:30,77.01000213623047,76.83000183105469,79.6500015258789,76.11000061035156,37806
APTECHT,2026-02-02 13:15:00+05:30,76.80000305175781,77.0,78.0999984741211,76.55000305175781,78506
APTECHT,2026-02-03 09:15:00+05:30,79.0,81.0,81.2699966430664,78.30000305175781,74543
APTECHT,2026-02-03 13:15:00+05:30,81.0,82.2300033569336,83.5,80.54000091552734,104323
APTECHT,2026-02-04 09:15:00+05:30,82.38999938964844,82.5999984741211,83.5199966430664,80.58000183105469,39730
APTECHT,2026-02-04 13:15:00+05:30,82.87999725341797,83.19999694824219,83.5199966430664,82.51000213623047,38146
APTECHT,2026-02-05 09:15:00+05:30,82.30000305175781,82.61000061035156,84.5,82.30000305175781,16354
APTECHT,2026-02-05 13:15:00+05:30,82.61000061035156,82.66000366210938,82.80000305175781,82.19999694824219,16656
APTECHT,2026-02-06 09:15:00+05:30,82.66000366210938,80.9000015258789,82.66000366210938,80.7300033569336,17298
APTECHT,2026-02-06 13:15:00+05:30,80.93000030517578,81.66000366210938,82.0,80.81999969482422,23558
APTECHT,2026-02-09 09:15:00+05:30,82.0,85.58999633789062,86.23999786376953,82.0,142421
APTECHT,2026-02-09 13:15:00+05:30,85.5999984741211,86.5999984741211,87.0,85.41000366210938,82590
APTECHT,2026-02-10 09:15:00+05:30,87.87000274658203,92.48999786376953,94.22000122070312,86.69999694824219,392168
APTECHT,2026-02-10 13:15:00+05:30,92.63999938964844,93.37000274658203,96.94999694824219,92.02999877929688,361593
APTUS,2026-02-02 09:15:00+05:30,268.20001220703125,262.20001220703125,268.20001220703125,258.20001220703125,606876
APTUS,2026-02-02 13:15:00+05:30,262.0,268.0,268.8999938964844,262.0,183548
APTUS,2026-02-03 09:15:00+05:30,279.8500061035156,279.75,280.70001220703125,275.29998779296875,422977
APTUS,2026-02-03 13:15:00+05:30,279.75,280.79998779296875,283.0,279.04998779296875,740460
APTUS,2026-02-04 09:15:00+05:30,279.95001220703125,282.79998779296875,283.8999938964844,274.1000061035156,179149
APTUS,2026-02-04 13:15:00+05:30,282.75,276.79998779296875,292.45001220703125,272.5,4315065
APTUS,2026-02-05 09:15:00+05:30,285.5,274.29998779296875,285.5,269.29998779296875,679051
APTUS,2026-02-05 13:15:00+05:30,274.29998779296875,268.95001220703125,275.8500061035156,268.45001220703125,602401
APTUS,2026-02-06 09:15:00+05:30,268.3999938964844,260.0,268.3999938964844,258.3500061035156,1218732
APTUS,2026-02-06 13:15:00+05:30,260.04998779296875,258.8999938964844,260.29998779296875,258.20001220703125,630211
APTUS,2026-02-09 09:15:00+05:30,260.0,264.3500061035156,265.95001220703125,256.54998779296875,265530
APTUS,2026-02-09 13:15:00+05:30,264.54998779296875,267.0,267.75,262.6000061035156,477886
APTUS,2026-02-10 09:15:00+05:30,267.8999938964844,261.3999938964844,268.3999938964844,260.04998779296875,898918
APTUS,2026-02-10 13:15:00+05:30,261.5,260.6499938964844,261.70001220703125,260.04998779296875,334133
ARCHIDPLY,2026-02-02 09:15:00+05:30,85.0,83.36000061035156,85.0,83.01000213623047,1158
ARCHIDPLY,2026-02-02 13:15:00+05:30,83.12999725341797,83.0999984741211,83.83000183105469,82.98999786376953,6577
ARCHIDPLY,2026-02-03 09:15:00+05:30,85.0,88.04000091552734,93.97000122070312,83.80000305175781,11713
ARCHIDPLY,2026-02-03 13:15:00+05:30,87.6500015258789,89.58000183105469,90.75,87.33000183105469,17162
ARCHIDPLY,2026-02-04 09:15:00+05:30,93.5999984741211,93.41000366210938,96.0199966430664,87.31999969482422,22316
ARCHIDPLY,2026-02-04 13:15:00+05:30,94.79000091552734,93.23999786376953,94.94999694824219,92.5,4927
ARCHIDPLY,2026-02-05 09:15:00+05:30,90.5999984741211,93.12000274658203,94.79000091552734,90.5999984741211,2184
ARCHIDPLY,2026-02-05 13:15:00+05:30,92.7300033569336,91.97000122070312,93.33000183105469,91.2699966430664,5181
ARCHIDPLY,2026-02-06 09:15:00+05:30,91.38999938964844,91.0,93.43000030517578,90.13999938964844,793
ARCHIDPLY,2026-02-06 13:15:00+05:30,91.0,90.56999969482422,91.05000305175781,89.0,583
ARCHIDPLY,2026-02-09 09:15:00+05:30,92.37999725341797,92.94000244140625,93.75,89.30000305175781,8800
ARCHIDPLY,2026-02-09 13:15:00+05:30,93.02999877929688,93.38999938964844,93.6500015258789,92.0,1949
ARCHIDPLY,2026-02-10 09:15:00+05:30,93.98999786376953,92.5999984741211,93.98999786376953,91.0999984741211,910
ARCHIDPLY,2026-02-10 13:15:00+05:30,92.0199966430664,92.08000183105469,93.9000015258789,91.55000305175781,1070
ARCHIES,2026-02-02 09:15:00+05:30,15.25,15.800000190734863,16.600000381469727,15.25,1920
ARCHIES,2026-02-02 13:15:00+05:30,15.880000114440918,16.260000228881836,16.309999465942383,15.850000381469727,3011
ARCHIES,2026-02-03 09:15:00+05:30,16.5,16.190000534057617,16.5,15.600000381469727,29713
ARCHIES,2026-02-03 13:15:00+05:30,16.200000762939453,16.170000076293945,17.0,16.110000610351562,19866
ARCHIES,2026-02-04 09:15:00+05:30,16.15999984741211,16.389999389648438,16.399999618530273,16.149999618530273,4029
ARCHIES,2026-02-04 13:15:00+05:30,16.389999389648438,16.389999389648438,16.389999389648438,16.389999389648438,2246
ARCHIES,2026-02-05 09:15:00+05:30,16.389999389648438,16.549999237060547,16.700000762939453,16.190000534057617,1004
ARCHIES,2026-02-05 13:15:00+05:30,16.110000610351562,16.239999771118164,16.5,16.110000610351562,2028
ARCHIES,2026-02-06 09:15:00+05:30,16.520000457763672,16.040000915527344,16.520000457763672,16.0,1502
ARCHIES,2026-02-06 13:15:00+05:30,16.079999923706055,16.25,16.399999618530273,16.040000915527344,3073
ARCHIES,2026-02-09 09:15:00+05:30,16.260000228881836,16.5,16.799999237060547,16.0,22175
ARCHIES,2026-02-09 13:15:00+05:30,16.5,16.860000610351562,16.989999771118164,16.309999465942383,12198
ARCHIES,2026-02-10 09:15:00+05:30,16.979999542236328,17.139999389648438,17.469999313354492,16.979999542236328,16877
ARCHIES,2026-02-10 13:15:00+05:30,17.149999618530273,17.299999237060547,17.389999389648438,17.1299991607666,13876
ARE&M,2026-02-02 09:15:00+05:30,839.0,814.0499877929688,839.4000244140625,810.25,107788
ARE&M,2026-02-02 13:15:00+05:30,814.0,817.0,822.0,813.4000244140625,214609
ARE&M,2026-02-03 09:15:00+05:30,845.0,848.0,851.0,831.3499755859375,124958
ARE&M,2026-02-03 13:15:00+05:30,848.0,836.2999877929688,852.0999755859375,833.5999755859375,174587
ARE&M,2026-02-04 09:15:00+05:30,836.2999877929688,869.4000244140625,871.2999877929688,832.8499755859375,214242
ARE&M,2026-02-04 13:15:00+05:30,869.9500122070312,884.7999877929688,889.0,868.5,342335
ARE&M,2026-02-05 09:15:00+05:30,892.8499755859375,876.0,892.9000244140625,868.5499877929688,78549
ARE&M,2026-02-05 13:15:00+05:30,876.0,876.0,878.75,872.5499877929688,70183
ARE&M,2026-02-06 09:15:00+05:30,876.0,859.5499877929688,876.0,858.0,54625
ARE&M,2026-02-06 13:15:00+05:30,859.4500122070312,865.7000122070312,867.0,858.0499877929688,52220
ARE&M,2026-02-09 09:15:00+05:30,865.7000122070312,888.5999755859375,889.0,865.7000122070312,94796
ARE&M,2026-02-09 13:15:00+05:30,888.5999755859375,897.25,899.9000244140625,887.0,141625
ARE&M,2026-02-10 09:15:00+05:30,897.25,902.7999877929688,908.5499877929688,894.2000122070312,79324
ARE&M,2026-02-10 13:15:00+05:30,903.2000122070312,906.9000244140625,909.7999877929688,897.4000244140625,140738
ARENTERP,2026-02-02 09:15:00+05:30,40.5,39.33000183105469,40.5,38.150001525878906,0
ARENTERP,2026-02-02 13:15:00+05:30,39.41999816894531,39.45000076293945,39.540000915527344,39.41999816894531,549
ARENTERP,2026-02-03 09:15:00+05:30,39.0,42.400001525878906,44.400001525878906,39.0,471
ARENTERP,2026-02-03 13:15:00+05:30,40.02000045776367,40.02000045776367,41.380001068115234,40.02000045776367,545
ARENTERP,2026-02-04 09:15:00+05:30,40.9900016784668,40.400001525878906,42.38999938964844,39.11000061035156,559
ARENTERP,2026-02-04 13:15:00+05:30,41.900001525878906,41.08000183105469,41.900001525878906,40.36000061035156,593
ARENTERP,2026-02-05 09:15:00+05:30,40.2599983215332,40.2599983215332,40.2599983215332,40.2599983215332,0
ARENTERP,2026-02-05 13:15:00+05:30,41.0,40.560001373291016,41.0,40.560001373291016,389
ARENTERP,2026-02-06 13:15:00+05:30,40.0,38.40999984741211,40.0,37.709999084472656,2554
ARENTERP,2026-02-09 09:15:00+05:30,38.40999984741211,40.599998474121094,40.599998474121094,38.40999984741211,1916
ARENTERP,2026-02-09 13:15:00+05:30,40.599998474121094,40.599998474121094,42.0,40.0,198
ARENTERP,2026-02-10 09:15:00+05:30,40.5,40.290000915527344,40.5,40.2599983215332,103
ARENTERP,2026-02-10 13:15:00+05:30,41.79999923706055,41.709999084472656,42.0,40.619998931884766,885
ARIES,2026-02-02 09:15:00+05:30,318.0,309.1499938964844,320.75,307.1499938964844,10414
ARIES,2026-02-02 13:15:00+05:30,309.54998779296875,314.29998779296875,317.3500061035156,308.04998779296875,14346
ARIES,2026-02-03 09:15:00+05:30,320.1499938964844,320.75,325.0,316.6000061035156,7507
ARIES,2026-02-03 13:15:00+05:30,319.8999938964844,319.54998779296875,320.45001220703125,318.0,3336
ARIES,2026-02-04 09:15:00+05:30,320.0,322.79998779296875,325.1499938964844,318.95001220703125,2641
ARIES,2026-02-04 13:15:00+05:30,323.0,320.29998779296875,324.79998779296875,320.1000061035156,4203
ARIES,2026-02-05 09:15:00+05:30,330.0,320.45001220703125,330.0,315.0,6651
ARIES,2026-02-05 13:15:00+05:30,321.1000061035156,322.8500061035156,322.8999938964844,317.25,4254
ARIES,2026-02-06 09:15:00+05:30,318.3999938964844,314.5,318.5,312.04998779296875,5024
ARIES,2026-02-06 13:15:00+05:30,313.75,314.54998779296875,316.0,312.25,1679
ARIES,2026-02-09 09:15:00+05:30,320.8500061035156,324.8500061035156,325.95001220703125,317.0,5107
ARIES,2026-02-09 13:15:00+05:30,325.3999938964844,326.5,328.6000061035156,324.1000061035156,4716
ARIES,2026-02-10 09:15:00+05:30,322.04998779296875,330.54998779296875,334.70001220703125,322.04998779296875,6715
ARIES,2026-02-10 13:15:00+05:30,330.5,329.8999938964844,330.79998779296875,328.6499938964844,4222
ARIHANTCAP,2026-02-02 09:15:00+05:30,78.6500015258789,77.51000213623047,78.6500015258789,76.19999694824219,75117
ARIHANTCAP,2026-02-02 13:15:00+05:30,77.5,79.0,80.0,77.3499984741211,86275
ARIHANTCAP,2026-02-03 09:15:00+05:30,84.06999969482422,81.86000061035156,85.0,80.93000030517578,292178
ARIHANTCAP,2026-02-03 13:15:00+05:30,81.55999755859375,80.5199966430664,82.25,80.5199966430664,137966
ARIHANTCAP,2026-02-04 09:15:00+05:30,81.0,81.25,82.69000244140625,80.66999816894531,155800
ARIHANTCAP,2026-02-04 13:15:00+05:30,81.33000183105469,81.66999816894531,83.0,80.97000122070312,118116
ARIHANTCAP,2026-02-05 09:15:00+05:30,81.98999786376953,80.9000015258789,82.75,80.80999755859375,44643
ARIHANTCAP,2026-02-05 13:15:00+05:30,80.9000015258789,80.9800033569336,81.80999755859375,80.69999694824219,44193
ARIHANTCAP,2026-02-06 09:15:00+05:30,80.66999816894531,79.62000274658203,80.97000122070312,78.75,98828
ARIHANTCAP,2026-02-06 13:15:00+05:30,79.56999969482422,78.80000305175781,80.66000366210938,78.25,61205
ARIHANTCAP,2026-02-09 09:15:00+05:30,79.93000030517578,81.58999633789062,83.48999786376953,79.5,118085
ARIHANTCAP,2026-02-09 13:15:00+05:30,81.80000305175781,81.80000305175781,83.19999694824219,81.5,165323
ARIHANTCAP,2026-02-10 09:15:00+05:30,80.8499984741211,78.5,81.91999816894531,77.80000305175781,321684
ARIHANTCAP,2026-02-10 13:15:00+05:30,78.5,78.30000305175781,79.19000244140625,77.8499984741211,180099
ARIHANTSUP,2026-02-02 09:15:00+05:30,266.29998779296875,260.6000061035156,275.0,259.25,11648
ARIHANTSUP,2026-02-02 13:15:00+05:30,260.0,268.75,272.79998779296875,259.45001220703125,14597
ARIHANTSUP,2026-02-03 09:15:00+05:30,273.6000061035156,288.0,322.5,271.6000061035156,14440
ARIHANTSUP,2026-02-03 13:15:00+05:30,288.1000061035156,291.1499938964844,295.8500061035156,288.0,5793
ARIHANTSUP,2026-02-04 09:15:00+05:30,305.0,295.8500061035156,305.0,290.04998779296875,5309
ARIHANTSUP,2026-02-04 13:15:00+05:30,295.8999938964844,295.3999938964844,296.95001220703125,294.75,3882
ARIHANTSUP,2026-02-05 09:15:00+05:30,298.3999938964844,291.0,298.3999938964844,289.29998779296875,2079
ARIHANTSUP,2026-02-05 13:15:00+05:30,291.3500061035156,292.3999938964844,296.0,290.0,3947
ARIHANTSUP,2026-02-06 09:15:00+05:30,291.0,287.3500061035156,291.0,286.0,5106
ARIHANTSUP,2026-02-06 13:15:00+05:30,287.8500061035156,284.0,289.1499938964844,280.3500061035156,4213
ARIHANTSUP,2026-02-09 09:15:00+05:30,284.29998779296875,289.70001220703125,291.5,284.29998779296875,6157
ARIHANTSUP,2026-02-09 13:15:00+05:30,289.45001220703125,288.6000061035156,293.3999938964844,285.75,7653
ARIHANTSUP,2026-02-10 09:15:00+05:30,290.0,296.0,297.8999938964844,286.29998779296875,59896
ARIHANTSUP,2026-02-10 13:15:00+05:30,296.95001220703125,283.1499938964844,297.3500061035156,276.3999938964844,94124
ARMANFIN,2026-02-02 09:15:00+05:30,1529.699951171875,1511.300048828125,1534.0,1489.0,9149
ARMANFIN,2026-02-02 13:15:00+05:30,1508.5,1574.5999755859375,1591.800048828125,1506.4000244140625,7867
ARMANFIN,2026-02-03 09:15:00+05:30,1650.0,1595.5999755859375,1650.0,1568.699951171875,12282
ARMANFIN,2026-02-03 13:15:00+05:30,1600.300048828125,1593.800048828125,1609.699951171875,1581.0999755859375,6260
ARMANFIN,2026-02-04 09:15:00+05:30,1585.800048828125,1577.0999755859375,1637.4000244140625,1576.0999755859375,7312
ARMANFIN,2026-02-04 13:15:00+05:30,1578.0,1580.0,1580.9000244140625,1570.0999755859375,11429
ARMANFIN,2026-02-05 09:15:00+05:30,1576.0999755859375,1559.4000244140625,1576.0999755859375,1546.0999755859375,6715
ARMANFIN,2026-02-05 13:15:00+05:30,1559.0999755859375,1554.0,1559.0999755859375,1546.9000244140625,4618
ARMANFIN,2026-02-06 09:15:00+05:30,1552.800048828125,1580.5,1584.0999755859375,1493.300048828125,28629
ARMANFIN,2026-02-06 13:15:00+05:30,1580.5,1562.5,1599.0,1562.5,7671
ARMANFIN,2026-02-09 09:15:00+05:30,1568.0,1600.800048828125,1624.0,1558.800048828125,9032
ARMANFIN,2026-02-09 13:15:00+05:30,1604.5,1573.0999755859375,1604.5,1572.0,9804
ARMANFIN,2026-02-10 09:15:00+05:30,1582.0999755859375,1614.0999755859375,1621.0,1575.699951171875,17214
ARMANFIN,2026-02-10 13:15:00+05:30,1617.199951171875,1592.0,1618.9000244140625,1592.0,10305
AROGRANITE,2026-02-02 09:15:00+05:30,27.0,27.450000762939453,27.600000381469727,26.799999237060547,5762
AROGRANITE,2026-02-02 13:15:00+05:30,26.5,27.399999618530273,27.440000534057617,26.149999618530273,11677
AROGRANITE,2026-02-03 09:15:00+05:30,27.520000457763672,28.719999313354492,29.479999542236328,27.200000762939453,17518
AROGRANITE,2026-02-03 13:15:00+05:30,28.799999237060547,28.850000381469727,29.270000457763672,28.510000228881836,1736
AROGRANITE,2026-02-04 09:15:00+05:30,28.850000381469727,29.979999542236328,30.670000076293945,28.1200008392334,7598
AROGRANITE,2026-02-04 13:15:00+05:30,29.90999984741211,30.350000381469727,31.5,29.520000457763672,5803
AROGRANITE,2026-02-05 09:15:00+05:30,31.0,30.190000534057617,31.850000381469727,29.5,3422
AROGRANITE,2026-02-05 13:15:00+05:30,30.100000381469727,30.420000076293945,31.0,30.100000381469727,724
AROGRANITE,2026-02-06 09:15:00+05:30,30.420000076293945,30.25,31.0,30.25,607
AROGRANITE,2026-02-06 13:15:00+05:30,30.25,29.690000534057617,30.25,29.600000381469727,785
AROGRANITE,2026-02-09 09:15:00+05:30,29.75,29.670000076293945,29.75,28.270000457763672,15822
AROGRANITE,2026-02-09 13:15:00+05:30,29.450000762939453,29.079999923706055,29.450000762939453,28.860000610351562,5281
AROGRANITE,2026-02-10 09:15:00+05:30,29.899999618530273,29.059999465942383,30.0,28.809999465942383,5689
AROGRANITE,2026-02-10 13:15:00+05:30,29.25,29.920000076293945,29.979999542236328,29.010000228881836,3939
ARROWGREEN,2026-02-02 09:15:00+05:30,440.20001220703125,430.0,440.8999938964844,417.04998779296875,10824
ARROWGREEN,2026-02-02 13:15:00+05:30,429.29998779296875,438.79998779296875,444.95001220703125,423.20001220703125,12055
ARROWGREEN,2026-02-03 09:15:00+05:30,466.0,453.25,466.95001220703125,443.5,3967
ARROWGREEN,2026-02-03 13:15:00+05:30,453.0,458.45001220703125,460.8999938964844,451.0,5136
ARROWGREEN,2026-02-04 09:15:00+05:30,469.0,452.0,469.0,450.20001220703125,5843
ARROWGREEN,2026-02-04 13:15:00+05:30,452.0,452.0,456.8999938964844,450.0,5107
ARROWGREEN,2026-02-05 09:15:00+05:30,459.0,442.25,459.0,437.04998779296875,1652
ARROWGREEN,2026-02-05 13:15:00+05:30,442.6000061035156,441.79998779296875,443.8999938964844,440.5,2033
ARROWGREEN,2026-02-06 09:15:00+05:30,432.0,426.04998779296875,448.8500061035156,423.1000061035156,15038
ARROWGREEN,2026-02-06 13:15:00+05:30,425.5,431.0,432.0,424.0,5450
ARROWGREEN,2026-02-09 09:15:00+05:30,430.04998779296875,439.95001220703125,441.0,424.6000061035156,21524
ARROWGREEN,2026-02-09 13:15:00+05:30,439.3500061035156,442.5,446.0,437.54998779296875,9755
ARROWGREEN,2026-02-10 09:15:00+05:30,448.6499938964844,447.5,455.3500061035156,445.3999938964844,2159
ARROWGREEN,2026-02-10 13:15:00+05:30,447.25,445.0,448.20001220703125,444.0,5806
ARTEMISMED,2026-02-02 09:15:00+05:30,245.0,236.11000061035156,245.0,236.00999450683594,21245
ARTEMISMED,2026-02-02 13:15:00+05:30,236.2899932861328,240.0,241.99000549316406,235.42999267578125,73486
ARTEMISMED,2026-02-03 09:15:00+05:30,245.0,223.0399932861328,245.0,220.0,370238
ARTEMISMED,2026-02-03 13:15:00+05:30,223.0,219.77000427246094,223.22999572753906,215.0800018310547,341390
ARTEMISMED,2026-02-04 09:15:00+05:30,220.5,213.72000122070312,223.39999389648438,210.05999755859375,246509
ARTEMISMED,2026-02-04 13:15:00+05:30,213.5,215.3800048828125,216.47999572753906,211.91000366210938,321834
ARTEMISMED,2026-02-05 09:15:00+05:30,214.41000366210938,217.8300018310547,221.5,214.41000366210938,99379
ARTEMISMED,2026-02-05 13:15:00+05:30,217.77000427246094,216.25,220.0,215.42999267578125,83662
ARTEMISMED,2026-02-06 09:15:00+05:30,217.3000030517578,217.50999450683594,219.9199981689453,215.0,40704
ARTEMISMED,2026-02-06 13:15:00+05:30,217.2100067138672,218.35000610351562,218.9499969482422,214.77999877929688,107953
ARTEMISMED,2026-02-09 09:15:00+05:30,217.3300018310547,225.00999450683594,227.17999267578125,217.3300018310547,89093
ARTEMISMED,2026-02-09 13:15:00+05:30,225.00999450683594,228.0,228.89999389648438,224.89999389648438,93790
ARTEMISMED,2026-02-10 09:15:00+05:30,227.8699951171875,233.50999450683594,236.25,227.1300048828125,86883
ARTEMISMED,2026-02-10 13:15:00+05:30,233.50999450683594,235.5,236.1999969482422,233.35000610351562,73618
ARTNIRMAN,2026-02-02 09:15:00+05:30,42.0,42.0,42.0,42.0,613
ARTNIRMAN,2026-02-02 13:15:00+05:30,41.9900016784668,41.33000183105469,41.9900016784668,40.18000030517578,91
ARTNIRMAN,2026-02-03 09:15:00+05:30,41.599998474121094,42.7400016784668,42.95000076293945,41.599998474121094,1257
ARTNIRMAN,2026-02-03 13:15:00+05:30,42.939998626708984,42.939998626708984,42.95000076293945,42.939998626708984,949
ARTNIRMAN,2026-02-04 09:15:00+05:30,44.650001525878906,44.5,44.650001525878906,44.5,2010
ARTNIRMAN,2026-02-04 13:15:00+05:30,44.5,44.5,44.5,44.5,1
ARTNIRMAN,2026-02-05 09:15:00+05:30,45.900001525878906,44.5,45.900001525878906,44.5,1
ARTNIRMAN,2026-02-06 09:15:00+05:30,44.45000076293945,44.45000076293945,44.45000076293945,44.45000076293945,1
ARTNIRMAN,2026-02-06 13:15:00+05:30,44.45000076293945,44.45000076293945,44.5,44.45000076293945,664
ARTNIRMAN,2026-02-09 09:15:00+05:30,44.31999969482422,42.02000045776367,45.0,42.02000045776367,810
ARTNIRMAN,2026-02-09 13:15:00+05:30,42.5099983215332,42.59000015258789,42.650001525878906,42.5099983215332,1308
ARTNIRMAN,2026-02-10 09:15:00+05:30,42.52000045776367,42.52000045776367,42.52000045776367,42.52000045776367,0
ARTNIRMAN,2026-02-10 13:15:00+05:30,42.599998474121094,43.0,43.0,42.599998474121094,11
ARVEE,2026-02-02 09:15:00+05:30,160.0,155.57000732421875,160.0,155.55999755859375,32
ARVEE,2026-02-02 13:15:00+05:30,155.58999633789062,155.58999633789062,155.58999633789062,155.58999633789062,1
ARVEE,2026-02-03 09:15:00+05:30,158.6999969482422,161.02000427246094,163.36000061035156,158.6999969482422,2063
ARVEE,2026-02-03 13:15:00+05:30,161.07000732421875,162.0,162.0,161.07000732421875,120
ARVEE,2026-02-04 09:15:00+05:30,162.0,166.3000030517578,167.97999572753906,162.0,1125
ARVEE,2026-02-04 13:15:00+05:30,164.0,166.25,166.2899932861328,164.0,870
ARVEE,2026-02-05 09:15:00+05:30,158.39999389648438,164.58999633789062,164.58999633789062,158.39999389648438,708
ARVEE,2026-02-05 13:15:00+05:30,164.58999633789062,164.58999633789062,164.58999633789062,164.58999633789062,32
ARVEE,2026-02-06 09:15:00+05:30,162.94000244140625,162.94000244140625,162.94000244140625,162.94000244140625,0
ARVEE,2026-02-06 13:15:00+05:30,162.94000244140625,162.94000244140625,162.94000244140625,157.35000610351562,281
ARVEE,2026-02-09 09:15:00+05:30,161.9499969482422,169.0,169.89999389648438,154.8000030517578,541
ARVEE,2026-02-09 13:15:00+05:30,168.9499969482422,158.07000732421875,168.9499969482422,156.13999938964844,461
ARVEE,2026-02-10 09:15:00+05:30,159.0,159.0,161.99000549316406,158.07000732421875,265
ARVIND,2026-02-02 09:15:00+05:30,331.0,323.5,333.70001220703125,318.95001220703125,169611
ARVIND,2026-02-02 13:15:00+05:30,323.45001220703125,327.8999938964844,328.1000061035156,321.54998779296875,136561
ARVIND,2026-02-03 09:15:00+05:30,385.04998779296875,359.0,385.04998779296875,354.95001220703125,2824800
ARVIND,2026-02-03 13:15:00+05:30,359.54998779296875,359.45001220703125,362.54998779296875,358.04998779296875,600241
ARVIND,2026-02-04 09:15:00+05:30,356.0,368.20001220703125,371.0,352.54998779296875,426483
ARVIND,2026-02-04 13:15:00+05:30,368.3500061035156,371.0,377.95001220703125,368.04998779296875,590820
ARVIND,2026-02-05 09:15:00+05:30,368.95001220703125,377.3500061035156,379.0,367.0,320713
ARVIND,2026-02-05 13:15:00+05:30,377.5,374.8500061035156,377.70001220703125,373.20001220703125,350092
ARVIND,2026-02-06 09:15:00+05:30,370.20001220703125,372.75,381.70001220703125,369.5,414118
ARVIND,2026-02-06 13:15:00+05:30,372.75,367.0,373.75,364.20001220703125,293371
ARVIND,2026-02-09 09:15:00+05:30,374.79998779296875,390.3999938964844,391.6499938964844,374.79998779296875,718246
ARVIND,2026-02-09 13:15:00+05:30,390.45001220703125,387.6000061035156,393.8999938964844,385.0,629611
ARVIND,2026-02-10 09:15:00+05:30,377.0,369.5,380.95001220703125,365.20001220703125,478505
ARVIND,2026-02-10 13:15:00+05:30,369.5,368.70001220703125,370.25,365.45001220703125,311816
ARVINDFASN,2026-02-02 09:15:00+05:30,460.20001220703125,472.1000061035156,474.3500061035156,456.95001220703125,124437
ARVINDFASN,2026-02-02 13:15:00+05:30,472.3999938964844,473.25,474.1000061035156,471.54998779296875,64250
ARVINDFASN,2026-02-03 09:15:00+05:30,502.04998779296875,506.25,514.0499877929688,495.1499938964844,371713
ARVINDFASN,2026-02-03 13:15:00+05:30,506.5,495.70001220703125,507.0,491.3999938964844,206641
ARVINDFASN,2026-02-04 09:15:00+05:30,496.70001220703125,501.70001220703125,502.20001220703125,492.6000061035156,44791
ARVINDFASN,2026-02-04 13:15:00+05:30,501.70001220703125,501.20001220703125,502.3999938964844,498.6000061035156,38675
ARVINDFASN,2026-02-05 09:15:00+05:30,500.0,495.95001220703125,500.95001220703125,493.0,26886
ARVINDFASN,2026-02-05 13:15:00+05:30,495.95001220703125,489.54998779296875,496.5,488.20001220703125,74113
ARVINDFASN,2026-02-06 09:15:00+05:30,489.0,477.1499938964844,489.0,476.5,36212
ARVINDFASN,2026-02-06 13:15:00+05:30,477.1499938964844,485.0,485.0,476.6499938964844,35170
ARVINDFASN,2026-02-09 09:15:00+05:30,486.1499938964844,483.45001220703125,493.79998779296875,480.70001220703125,78266
ARVINDFASN,2026-02-09 13:15:00+05:30,483.8999938964844,488.3500061035156,488.3500061035156,481.8500061035156,42827
ARVINDFASN,2026-02-10 09:15:00+05:30,484.5,492.0,492.0,484.0,32725
ARVINDFASN,2026-02-10 13:15:00+05:30,492.3999938964844,494.25,500.1499938964844,488.70001220703125,152682
ARVSMART,2026-02-02 09:15:00+05:30,525.0499877929688,522.8499755859375,527.75,520.0,2555
ARVSMART,2026-02-02 13:15:00+05:30,522.8499755859375,526.5,529.5999755859375,520.0499877929688,7515
ARVSMART,2026-02-03 09:15:00+05:30,540.0,555.5999755859375,555.8499755859375,530.0,14341
ARVSMART,2026-02-03 13:15:00+05:30,555.0,560.4500122070312,566.25,551.4000244140625,20240
ARVSMART,2026-02-04 09:15:00+05:30,560.4500122070312,573.9500122070312,577.4000244140625,555.5999755859375,16242
ARVSMART,2026-02-04 13:15:00+05:30,573.6500244140625,586.0,587.5999755859375,573.0,17051
ARVSMART,2026-02-05 09:15:00+05:30,575.0,586.0499877929688,588.0499877929688,575.0,3561
ARVSMART,2026-02-05 13:15:00+05:30,586.0499877929688,581.5999755859375,589.0,581.5999755859375,11079
ARVSMART,2026-02-06 09:15:00+05:30,580.75,587.0999755859375,588.9500122070312,570.0499877929688,8231
ARVSMART,2026-02-06 13:15:00+05:30,587.0,595.0,595.5,584.5499877929688,21220
ARVSMART,2026-02-09 09:15:00+05:30,594.7999877929688,609.0,611.0,587.0,22549
ARVSMART,2026-02-09 13:15:00+05:30,609.0,609.0,611.0,608.5,12385
ARVSMART,2026-02-10 09:15:00+05:30,612.2000122070312,606.9500122070312,617.5999755859375,600.0,10769
ARVSMART,2026-02-10 13:15:00+05:30,606.0,605.2999877929688,608.25,601.0,5471
ASAHIINDIA,2026-02-02 09:15:00+05:30,994.5999755859375,977.2000122070312,1015.0,963.0999755859375,26418
ASAHIINDIA,2026-02-02 13:15:00+05:30,976.0,992.2000122070312,1000.0,970.0,37111
ASAHIINDIA,2026-02-03 09:15:00+05:30,1010.0,997.7999877929688,1015.7000122070312,993.2000122070312,13559
ASAHIINDIA,2026-02-03 13:15:00+05:30,997.5999755859375,992.7999877929688,1000.5999755859375,986.5,65829
ASAHIINDIA,2026-02-04 09:15:00+05:30,992.0,964.2999877929688,994.0,959.2000122070312,27063
ASAHIINDIA,2026-02-04 13:15:00+05:30,962.7999877929688,963.2999877929688,967.7999877929688,959.0,30047
ASAHIINDIA,2026-02-05 09:15:00+05:30,970.0,973.5999755859375,976.4000244140625,962.5999755859375,8824
ASAHIINDIA,2026-02-05 13:15:00+05:30,972.2000122070312,968.9000244140625,979.4000244140625,962.0,28108
ASAHIINDIA,2026-02-06 09:15:00+05:30,961.9000244140625,974.7000122070312,978.7999877929688,936.9000244140625,20751
ASAHIINDIA,2026-02-06 13:15:00+05:30,974.7999877929688,971.0,982.2999877929688,971.0,35887
ASAHIINDIA,2026-02-09 09:15:00+05:30,970.0999755859375,974.2000122070312,981.7999877929688,964.0,13189
ASAHIINDIA,2026-02-09 13:15:00+05:30,974.4000244140625,979.2000122070312,980.5,970.9000244140625,47476
ASAHIINDIA,2026-02-10 09:15:00+05:30,980.0,971.7999877929688,980.0,968.7000122070312,11335
ASAHIINDIA,2026-02-10 13:15:00+05:30,971.7999877929688,978.9000244140625,980.0,971.0,15210
ASAHISONG,2026-02-02 09:15:00+05:30,225.99000549316406,214.94000244140625,225.99000549316406,214.0,5340
ASAHISONG,2026-02-02 13:15:00+05:30,213.8000030517578,213.9600067138672,215.0,212.1999969482422,2926
ASAHISONG,2026-02-03 09:15:00+05:30,234.99000549316406,224.0,234.99000549316406,223.39999389648438,4236
ASAHISONG,2026-02-03 13:15:00+05:30,224.0,224.4600067138672,225.0,223.39999389648438,3297
ASAHISONG,2026-02-04 09:15:00+05:30,225.89999389648438,231.6199951171875,239.08999633789062,225.66000366210938,3913
ASAHISONG,2026-02-04 13:15:00+05:30,231.0,234.27999877929688,236.3800048828125,229.6999969482422,2925
ASAHISONG,2026-02-05 09:15:00+05:30,237.0,236.9499969482422,238.39999389648438,228.35000610351562,15700
ASAHISONG,2026-02-05 13:15:00+05:30,236.00999450683594,233.83999633789062,236.00999450683594,233.0,1991
ASAHISONG,2026-02-06 09:15:00+05:30,231.0,228.50999450683594,236.17999267578125,226.10000610351562,6000
ASAHISONG,2026-02-06 13:15:00+05:30,227.63999938964844,226.11000061035156,229.5800018310547,225.0,2749
ASAHISONG,2026-02-09 09:15:00+05:30,226.0,232.3000030517578,237.85000610351562,224.80999755859375,13748
ASAHISONG,2026-02-09 13:15:00+05:30,232.41000366210938,230.6699981689453,235.89999389648438,230.10000610351562,4838
ASAHISONG,2026-02-10 09:15:00+05:30,237.99000549316406,236.75,240.99000549316406,235.10000610351562,1737
ASAHISONG,2026-02-10 13:15:00+05:30,236.97999572753906,238.3699951171875,240.35000610351562,236.3000030517578,3693
ASAL,2026-02-02 09:15:00+05:30,450.0,436.75,450.0,432.6000061035156,4860
ASAL,2026-02-02 13:15:00+05:30,436.1499938964844,444.1499938964844,447.6000061035156,435.0,8209
ASAL,2026-02-03 09:15:00+05:30,468.95001220703125,454.70001220703125,468.95001220703125,449.75,5657
ASAL,2026-02-03 13:15:00+05:30,454.29998779296875,452.20001220703125,459.3500061035156,451.6000061035156,6648
ASAL,2026-02-04 09:15:00+05:30,449.5,457.0,464.45001220703125,449.5,2318
ASAL,2026-02-04 13:15:00+05:30,457.0,458.5,463.0,455.0,5641
ASAL,2026-02-05 09:15:00+05:30,455.04998779296875,452.29998779296875,458.8500061035156,450.1000061035156,1932
ASAL,2026-02-05 13:15:00+05:30,452.79998779296875,450.8500061035156,453.45001220703125,446.70001220703125,4350
ASAL,2026-02-06 09:15:00+05:30,445.0,445.8999938964844,449.5,443.45001220703125,4967
ASAL,2026-02-06 13:15:00+05:30,445.79998779296875,445.0,447.1499938964844,443.5,5418
ASAL,2026-02-09 09:15:00+05:30,446.1000061035156,461.0,461.3500061035156,446.1000061035156,4785
ASAL,2026-02-09 13:15:00+05:30,460.95001220703125,460.0,464.0,456.79998779296875,10869
ASAL,2026-02-10 09:15:00+05:30,460.0,466.04998779296875,469.8999938964844,460.0,2288
ASAL,2026-02-10 13:15:00+05:30,465.04998779296875,458.6000061035156,466.8999938964844,457.25,10712
ASALCBR,2026-02-02 09:15:00+05:30,826.0499877929688,855.5999755859375,888.7999877929688,813.0499877929688,156479
ASALCBR,2026-02-02 13:15:00+05:30,858.4000244140625,873.8499755859375,885.0,850.0999755859375,45253
ASALCBR,2026-02-03 09:15:00+05:30,888.0,895.5,909.7999877929688,870.2999877929688,18044
ASALCBR,2026-02-03 13:15:00+05:30,895.5,902.4500122070312,903.6500244140625,895.0,11855
ASALCBR,2026-02-04 09:15:00+05:30,902.4500122070312,905.0,910.0,883.25,11905
ASALCBR,2026-02-04 13:15:00+05:30,904.7999877929688,891.0999755859375,914.0,885.5499877929688,17389
ASALCBR,2026-02-05 09:15:00+05:30,878.4500122070312,850.0,917.2000122070312,847.5999755859375,26629
ASALCBR,2026-02-05 13:15:00+05:30,850.0,856.0,862.75,845.5999755859375,23408
ASALCBR,2026-02-06 09:15:00+05:30,864.7000122070312,847.7999877929688,864.7000122070312,840.7999877929688,4672
ASALCBR,2026-02-06 13:15:00+05:30,846.7999877929688,854.9500122070312,858.0,845.6500244140625,4951
ASALCBR,2026-02-09 09:15:00+05:30,859.7999877929688,851.0,870.0,846.0,19375
ASALCBR,2026-02-09 13:15:00+05:30,851.0,841.0,851.4000244140625,840.0499877929688,20615
ASALCBR,2026-02-10 09:15:00+05:30,849.9500122070312,832.0,853.8499755859375,827.2999877929688,28846
ASALCBR,2026-02-10 13:15:00+05:30,830.3499755859375,853.9500122070312,870.9000244140625,825.0,108333
ASHAPURMIN,2026-02-02 09:15:00+05:30,665.0499877929688,637.4500122070312,665.0499877929688,628.0,163444
ASHAPURMIN,2026-02-02 13:15:00+05:30,638.0999755859375,656.0499877929688,659.5999755859375,632.1500244140625,181060
ASHAPURMIN,2026-02-03 09:15:00+05:30,685.6500244140625,675.1500244140625,685.6500244140625,662.0,147812
ASHAPURMIN,2026-02-03 13:15:00+05:30,675.1500244140625,673.0999755859375,681.9500122070312,668.75,172797
ASHAPURMIN,2026-02-04 09:15:00+05:30,672.5499877929688,725.2999877929688,733.25,668.0499877929688,342240
ASHAPURMIN,2026-02-04 13:15:00+05:30,725.2999877929688,734.0,736.2000122070312,720.5999755859375,337390
ASHAPURMIN,2026-02-05 09:15:00+05:30,734.6500244140625,664.5499877929688,740.0,663.0,574836
ASHAPURMIN,2026-02-05 13:15:00+05:30,664.0,685.0,687.9500122070312,661.5,423115
ASHAPURMIN,2026-02-06 09:15:00+05:30,637.8499755859375,604.7999877929688,643.4000244140625,596.2999877929688,900725
ASHAPURMIN,2026-02-06 13:15:00+05:30,604.9500122070312,605.0,613.4000244140625,604.9500122070312,437436
ASHAPURMIN,2026-02-09 09:15:00+05:30,615.0499877929688,643.7000122070312,657.2999877929688,615.0499877929688,423718
ASHAPURMIN,2026-02-09 13:15:00+05:30,643.75,649.7000122070312,650.5,643.0,297813
ASHAPURMIN,2026-02-10 09:15:00+05:30,647.5,636.6500244140625,647.5,635.0,113802
ASHAPURMIN,2026-02-10 13:15:00+05:30,636.0499877929688,633.5999755859375,638.5,630.5999755859375,270966
ASHIANA,2026-02-02 09:15:00+05:30,288.0,291.5,291.8999938964844,287.0,48148
ASHIANA,2026-02-02 13:15:00+05:30,291.5,290.0,291.5,288.04998779296875,20119
ASHIANA,2026-02-03 09:15:00+05:30,295.0,291.0,297.0,289.8500061035156,7856
ASHIANA,2026-02-03 13:15:00+05:30,291.3999938964844,292.8500061035156,295.0,290.1000061035156,8999
ASHIANA,2026-02-04 09:15:00+05:30,291.3999938964844,301.25,304.0,291.04998779296875,28145
ASHIANA,2026-02-04 13:15:00+05:30,300.1499938964844,302.75,305.0,300.0,18617
ASHIANA,2026-02-05 09:15:00+05:30,298.20001220703125,297.95001220703125,301.8999938964844,297.25,73185
ASHIANA,2026-02-05 13:15:00+05:30,297.25,294.95001220703125,297.95001220703125,293.1000061035156,23777
ASHIANA,2026-02-06 09:15:00+05:30,295.5,298.8999938964844,298.8999938964844,294.29998779296875,15433
ASHIANA,2026-02-06 13:15:00+05:30,298.8500061035156,300.0,301.29998779296875,298.3999938964844,7136
ASHIANA,2026-02-09 09:15:00+05:30,297.20001220703125,304.0,309.0,297.20001220703125,58701
ASHIANA,2026-02-09 13:15:00+05:30,304.0,306.75,307.8500061035156,303.0,28040
ASHIANA,2026-02-10 09:15:00+05:30,306.95001220703125,305.0,307.0,303.04998779296875,12965
ASHIANA,2026-02-10 13:15:00+05:30,305.0,302.0,305.0,300.0,22686
ASHIMASYN,2026-02-02 09:15:00+05:30,16.450000762939453,16.299999237060547,16.799999237060547,16.100000381469727,24603
ASHIMASYN,2026-02-02 13:15:00+05:30,16.34000015258789,16.209999084472656,16.389999389648438,16.079999923706055,16249
ASHIMASYN,2026-02-03 09:15:00+05:30,17.850000381469727,16.969999313354492,17.850000381469727,16.579999923706055,48505
ASHIMASYN,2026-02-03 13:15:00+05:30,16.950000762939453,17.18000030517578,17.6299991607666,16.8700008392334,46102
ASHIMASYN,2026-02-04 09:15:00+05:30,16.700000762939453,17.59000015258789,17.639999389648438,16.700000762939453,55154
ASHIMASYN,2026-02-04 13:15:00+05:30,17.610000610351562,17.600000381469727,17.799999237060547,17.530000686645508,27906
ASHIMASYN,2026-02-05 09:15:00+05:30,18.0,17.3799991607666,18.0,17.25,35511
ASHIMASYN,2026-02-05 13:15:00+05:30,17.389999389648438,16.969999313354492,17.389999389648438,16.899999618530273,13320
ASHIMASYN,2026-02-06 09:15:00+05:30,17.0,17.0,17.489999771118164,16.829999923706055,12223
ASHIMASYN,2026-02-06 13:15:00+05:30,17.0,16.920000076293945,17.0,16.850000381469727,18850
ASHIMASYN,2026-02-09 09:15:00+05:30,16.510000228881836,17.510000228881836,17.979999542236328,16.510000228881836,26296
ASHIMASYN,2026-02-09 13:15:00+05:30,17.510000228881836,17.84000015258789,18.0,17.5,26447
ASHIMASYN,2026-02-10 09:15:00+05:30,17.6200008392334,17.520000457763672,18.190000534057617,17.5,26531
ASHIMASYN,2026-02-10 13:15:00+05:30,17.75,17.389999389648438,17.75,17.200000762939453,21266
ASHOKA,2026-02-02 09:15:00+05:30,149.39999389648438,145.5,149.39999389648438,143.92999267578125,297097
ASHOKA,2026-02-02 13:15:00+05:30,145.49000549316406,148.52000427246094,149.4499969482422,144.5399932861328,241795
ASHOKA,2026-02-03 09:15:00+05:30,153.0,152.41000366210938,153.8000030517578,150.5399932861328,332124
ASHOKA,2026-02-03 13:15:00+05:30,152.41000366210938,152.5,153.41000366210938,152.14999389648438,268283
ASHOKA,2026-02-04 09:15:00+05:30,152.0,153.17999267578125,153.75,149.8300018310547,175641
ASHOKA,2026-02-04 13:15:00+05:30,153.3000030517578,155.02999877929688,155.39999389648438,153.10000610351562,288754
ASHOKA,2026-02-05 09:15:00+05:30,155.8000030517578,153.58999633789062,155.89999389648438,151.83999633789062,122324
ASHOKA,2026-02-05 13:15:00+05:30,153.64999389648438,152.7100067138672,153.64999389648438,152.0,136189
ASHOKA,2026-02-06 09:15:00+05:30,151.97000122070312,150.1300048828125,152.5500030517578,149.66000366210938,174113
ASHOKA,2026-02-06 13:15:00+05:30,150.13999938964844,156.10000610351562,157.5399932861328,150.0,782828
ASHOKA,2026-02-09 09:15:00+05:30,156.61000061035156,164.1999969482422,164.7100067138672,155.44000244140625,784985
ASHOKA,2026-02-09 13:15:00+05:30,164.1999969482422,163.61000061035156,165.8800048828125,163.5,512758
ASHOKA,2026-02-10 09:15:00+05:30,165.0,163.9499969482422,166.9600067138672,163.1699981689453,195436
ASHOKA,2026-02-10 13:15:00+05:30,163.7899932861328,163.69000244140625,163.97999572753906,163.4600067138672,153133
ASHOKLEY,2026-02-02 09:15:00+05:30,189.99000549316406,189.52999877929688,191.75,185.52000427246094,5736288
ASHOKLEY,2026-02-02 13:15:00+05:30,189.60000610351562,194.5800018310547,194.9499969482422,189.0399932861328,5106248
ASHOKLEY,2026-02-03 09:15:00+05:30,202.97000122070312,198.75,202.97000122070312,196.02000427246094,6742624
ASHOKLEY,2026-02-03 13:15:00+05:30,198.8000030517578,199.50999450683594,200.1999969482422,198.61000061035156,5506133
ASHOKLEY,2026-02-04 09:15:00+05:30,200.4199981689453,201.3800048828125,205.02999877929688,199.5800018310547,8058304
ASHOKLEY,2026-02-04 13:15:00+05:30,201.3800048828125,201.0,201.86000061035156,200.32000732421875,7710497
ASHOKLEY,2026-02-05 09:15:00+05:30,201.3000030517578,201.5,202.83999633789062,200.0500030517578,5360930
ASHOKLEY,2026-02-05 13:15:00+05:30,201.5,201.92999267578125,202.0,200.66000366210938,4564631
ASHOKLEY,2026-02-06 09:15:00+05:30,201.39999389648438,200.1300048828125,201.77999877929688,199.39999389648438,3378153
ASHOKLEY,2026-02-06 13:15:00+05:30,200.1300048828125,201.83999633789062,203.0,200.1300048828125,3975491
ASHOKLEY,2026-02-09 09:15:00+05:30,202.82000732421875,205.3000030517578,205.39999389648438,200.7899932861328,3805661
ASHOKLEY,2026-02-09 13:15:00+05:30,205.39999389648438,205.60000610351562,206.35000610351562,204.8000030517578,4234537
ASHOKLEY,2026-02-10 09:15:00+05:30,206.64999389648438,206.32000732421875,207.39999389648438,205.0,2490590
ASHOKLEY,2026-02-10 13:15:00+05:30,206.35000610351562,210.7899932861328,210.7899932861328,205.94000244140625,6187618
ASIANENE,2026-02-02 09:15:00+05:30,257.79998779296875,247.10000610351562,257.79998779296875,244.1999969482422,29866
ASIANENE,2026-02-02 13:15:00+05:30,247.25,251.9499969482422,256.5,246.6999969482422,8779
ASIANENE,2026-02-03 09:15:00+05:30,264.1000061035156,253.39999389648438,264.1000061035156,253.10000610351562,56034
ASIANENE,2026-02-03 13:15:00+05:30,254.10000610351562,253.0,254.5,251.0500030517578,17722
ASIANENE,2026-02-04 09:15:00+05:30,251.9499969482422,256.0,260.25,251.9499969482422,63931
ASIANENE,2026-02-04 13:15:00+05:30,257.1499938964844,259.95001220703125,262.95001220703125,257.1499938964844,59420
ASIANENE,2026-02-05 09:15:00+05:30,259.54998779296875,252.5,260.79998779296875,252.5,10770
ASIANENE,2026-02-05 13:15:00+05:30,253.4499969482422,258.5,258.5,252.5,6295
ASIANENE,2026-02-06 09:15:00+05:30,251.8000030517578,253.14999389648438,258.8999938964844,248.85000610351562,23049
ASIANENE,2026-02-06 13:15:00+05:30,253.0,255.5,257.0,251.39999389648438,14243
ASIANENE,2026-02-09 09:15:00+05:30,255.0,258.45001220703125,262.0,253.6999969482422,76314
ASIANENE,2026-02-09 13:15:00+05:30,258.95001220703125,262.1000061035156,263.5,257.04998779296875,52941
ASIANENE,2026-02-10 09:15:00+05:30,263.70001220703125,283.1499938964844,291.1000061035156,263.70001220703125,314428
ASIANENE,2026-02-10 13:15:00+05:30,283.04998779296875,276.54998779296875,283.3999938964844,271.95001220703125,89359
ASIANHOTNR,2026-02-02 09:15:00+05:30,305.04998779296875,307.79998779296875,309.3999938964844,302.70001220703125,2733
ASIANHOTNR,2026-02-02 13:15:00+05:30,307.6000061035156,305.70001220703125,309.8999938964844,305.04998779296875,5800
ASIANHOTNR,2026-02-03 09:15:00+05:30,301.0,308.1499938964844,315.20001220703125,301.0,6714
ASIANHOTNR,2026-02-03 13:15:00+05:30,310.04998779296875,310.1000061035156,310.70001220703125,310.04998779296875,14927
ASIANHOTNR,2026-02-04 09:15:00+05:30,314.1499938964844,310.3999938964844,315.0,308.0,3168
ASIANHOTNR,2026-02-04 13:15:00+05:30,310.1000061035156,313.0,315.8999938964844,310.04998779296875,5889
ASIANHOTNR,2026-02-05 09:15:00+05:30,317.04998779296875,305.70001220703125,324.8999938964844,305.45001220703125,16505
ASIANHOTNR,2026-02-05 13:15:00+05:30,305.0,300.1000061035156,305.6499938964844,300.0,3852
ASIANHOTNR,2026-02-06 09:15:00+05:30,303.3999938964844,301.20001220703125,313.20001220703125,299.75,2549
ASIANHOTNR,2026-02-06 13:15:00+05:30,301.3999938964844,300.3999938964844,304.70001220703125,299.0,3833
ASIANHOTNR,2026-02-09 09:15:00+05:30,300.3999938964844,287.54998779296875,314.79998779296875,275.8999938964844,37313
ASIANHOTNR,2026-02-09 13:15:00+05:30,287.1499938964844,293.20001220703125,300.0,286.04998779296875,18909
ASIANHOTNR,2026-02-10 09:15:00+05:30,307.25,282.45001220703125,307.25,282.0,2069
ASIANHOTNR,2026-02-10 13:15:00+05:30,282.3999938964844,275.25,285.0,275.25,8853
ASIANPAINT,2026-02-02 09:15:00+05:30,2397.10009765625,2396.10009765625,2429.5,2373.300048828125,341766
ASIANPAINT,2026-02-02 13:15:00+05:30,2396.699951171875,2402.0,2406.300048828125,2391.0,347590
ASIANPAINT,2026-02-03 09:15:00+05:30,2491.5,2422.60009765625,2491.5,2392.0,861300
ASIANPAINT,2026-02-03 13:15:00+05:30,2422.800048828125,2426.0,2431.60009765625,2417.800048828125,763139
ASIANPAINT,2026-02-04 09:15:00+05:30,2424.5,2448.0,2452.89990234375,2424.5,398778
ASIANPAINT,2026-02-04 13:15:00+05:30,2447.800048828125,2452.699951171875,2463.699951171875,2447.800048828125,379638
ASIANPAINT,2026-02-05 09:15:00+05:30,2445.0,2425.199951171875,2453.0,2402.60009765625,322027
ASIANPAINT,2026-02-05 13:15:00+05:30,2425.199951171875,2433.0,2442.0,2425.0,602082
ASIANPAINT,2026-02-06 09:15:00+05:30,2430.800048828125,2390.5,2443.60009765625,2386.800048828125,445937
ASIANPAINT,2026-02-06 13:15:00+05:30,2390.89990234375,2403.0,2408.60009765625,2389.60009765625,371233
ASIANPAINT,2026-02-09 09:15:00+05:30,2409.5,2410.5,2425.89990234375,2401.800048828125,246166
ASIANPAINT,2026-02-09 13:15:00+05:30,2410.699951171875,2417.0,2419.699951171875,2403.800048828125,286205
ASIANPAINT,2026-02-10 09:15:00+05:30,2420.0,2393.199951171875,2420.0,2391.10009765625,254069
ASIANPAINT,2026-02-10 13:15:00+05:30,2394.0,2397.39990234375,2398.89990234375,2387.0,967696
ASIANTILES,2026-02-02 09:15:00+05:30,68.9000015258789,67.86000061035156,69.38999938964844,67.0999984741211,326822
ASIANTILES,2026-02-02 13:15:00+05:30,67.72000122070312,68.61000061035156,69.1500015258789,67.29000091552734,205866
ASIANTILES,2026-02-03 09:15:00+05:30,71.0,70.5,73.63999938964844,69.73999786376953,1335128
ASIANTILES,2026-02-03 13:15:00+05:30,70.58999633789062,71.9000015258789,74.0,70.13999938964844,2735020
ASIANTILES,2026-02-04 09:15:00+05:30,73.0,72.12000274658203,73.0,71.66999816894531,170501
ASIANTILES,2026-02-04 13:15:00+05:30,72.12000274658203,73.75,74.80000305175781,72.02999877929688,1148316
ASIANTILES,2026-02-05 09:15:00+05:30,73.5999984741211,73.73999786376953,76.33999633789062,73.05999755859375,659275
ASIANTILES,2026-02-05 13:15:00+05:30,73.5999984741211,72.75,73.69999694824219,72.26000213623047,620656
ASIANTILES,2026-02-06 09:15:00+05:30,72.01000213623047,72.9000015258789,72.9000015258789,71.2300033569336,1048712
ASIANTILES,2026-02-06 13:15:00+05:30,72.87000274658203,73.6500015258789,75.61000061035156,72.69999694824219,2820884
ASIANTILES,2026-02-09 09:15:00+05:30,75.0,73.11000061035156,75.0,72.5999984741211,1119301
ASIANTILES,2026-02-09 13:15:00+05:30,73.12999725341797,74.08999633789062,75.58999633789062,72.93000030517578,1695688
ASIANTILES,2026-02-10 09:15:00+05:30,73.94999694824219,72.16999816894531,73.94999694824219,72.01000213623047,324493
ASIANTILES,2026-02-10 13:15:00+05:30,72.1500015258789,71.80000305175781,73.5,71.70999908447266,882599
ASPINWALL,2026-02-02 09:15:00+05:30,212.75,210.13999938964844,212.75,210.0,583
ASPINWALL,2026-02-02 13:15:00+05:30,210.25,210.50999450683594,210.97999572753906,210.0800018310547,528
ASPINWALL,2026-02-03 09:15:00+05:30,213.0,216.0,221.74000549316406,213.0,291
ASPINWALL,2026-02-03 13:15:00+05:30,216.0,216.6300048828125,217.22999572753906,212.25,1548
ASPINWALL,2026-02-04 09:15:00+05:30,216.6300048828125,212.6999969482422,216.6300048828125,212.00999450683594,363
ASPINWALL,2026-02-04 13:15:00+05:30,214.60000610351562,215.77999877929688,215.89999389648438,214.60000610351562,2362
ASPINWALL,2026-02-05 09:15:00+05:30,216.85000610351562,216.0,218.0500030517578,216.0,438
ASPINWALL,2026-02-05 13:15:00+05:30,216.0,216.9499969482422,217.5,215.85000610351562,194
ASPINWALL,2026-02-06 09:15:00+05:30,216.9499969482422,214.0,216.9499969482422,213.00999450683594,319
ASPINWALL,2026-02-06 13:15:00+05:30,214.02000427246094,212.66000366210938,215.08999633789062,211.0,688
ASPINWALL,2026-02-09 09:15:00+05:30,235.0,225.0,235.0,223.00999450683594,8569
ASPINWALL,2026-02-09 13:15:00+05:30,225.0,226.6999969482422,227.99000549316406,224.5,3275
ASPINWALL,2026-02-10 09:15:00+05:30,227.25,228.5399932861328,232.0,227.25,1660
ASPINWALL,2026-02-10 13:15:00+05:30,230.16000366210938,228.8300018310547,231.5,228.50999450683594,524
ASTEC,2026-02-02 09:15:00+05:30,571.0499877929688,574.9500122070312,582.0,562.6500244140625,17404
ASTEC,2026-02-02 13:15:00+05:30,573.25,585.7999877929688,589.0,570.2999877929688,31588
ASTEC,2026-02-03 09:15:00+05:30,609.8499755859375,597.9000244140625,613.8499755859375,593.4000244140625,11025
ASTEC,2026-02-03 13:15:00+05:30,597.2999877929688,593.25,598.7000122070312,590.0499877929688,14792
ASTEC,2026-02-04 09:15:00+05:30,594.6500244140625,602.0499877929688,606.2000122070312,592.0499877929688,15405
ASTEC,2026-02-04 13:15:00+05:30,603.7000122070312,607.5,610.8499755859375,601.2999877929688,21473
ASTEC,2026-02-05 09:15:00+05:30,621.0,664.0,680.0,621.0,871032
ASTEC,2026-02-05 13:15:00+05:30,663.25,648.4000244140625,675.0,648.0,385761
ASTEC,2026-02-06 09:15:00+05:30,644.5,637.4500122070312,644.5,632.2000122070312,13377
ASTEC,2026-02-06 13:15:00+05:30,637.0999755859375,643.7999877929688,643.7999877929688,630.2999877929688,16546
ASTEC,2026-02-09 09:15:00+05:30,635.5499877929688,642.0499877929688,649.8499755859375,632.9500122070312,11579
ASTEC,2026-02-09 13:15:00+05:30,643.5499877929688,634.8499755859375,644.5499877929688,632.5999755859375,14909
ASTEC,2026-02-10 09:15:00+05:30,634.0,637.8499755859375,644.4500122070312,633.2999877929688,10178
ASTEC,2026-02-10 13:15:00+05:30,638.7999877929688,631.0,639.2000122070312,630.0,8055
ASTERDM,2026-02-02 09:15:00+05:30,556.7000122070312,557.1500244140625,557.8499755859375,534.25,434834
ASTERDM,2026-02-02 13:15:00+05:30,557.2000122070312,560.1500244140625,561.2000122070312,545.0999755859375,290325
ASTERDM,2026-02-03 09:15:00+05:30,585.9500122070312,557.5999755859375,585.9500122070312,547.0,532284
ASTERDM,2026-02-03 13:15:00+05:30,557.5999755859375,544.5499877929688,560.0,544.5499877929688,650386
ASTERDM,2026-02-04 09:15:00+05:30,545.9000244140625,540.9500122070312,545.9000244140625,520.25,625771
ASTERDM,2026-02-04 13:15:00+05:30,541.0,540.3499755859375,543.4500122070312,538.9000244140625,386440
ASTERDM,2026-02-05 09:15:00+05:30,538.3499755859375,535.0999755859375,538.3499755859375,529.0,423962
ASTERDM,2026-02-05 13:15:00+05:30,534.75,536.5,539.8499755859375,533.9000244140625,165757
ASTERDM,2026-02-06 09:15:00+05:30,535.5,560.0499877929688,562.5,528.75,857989
ASTERDM,2026-02-06 13:15:00+05:30,560.0499877929688,565.0,565.5999755859375,559.7000122070312,473088
ASTERDM,2026-02-09 09:15:00+05:30,564.25,567.4000244140625,570.7000122070312,560.0,237550
ASTERDM,2026-02-09 13:15:00+05:30,567.0,572.2999877929688,573.25,566.2000122070312,260457
ASTERDM,2026-02-10 09:15:00+05:30,572.4500122070312,576.5499877929688,579.4500122070312,569.7000122070312,130211
ASTERDM,2026-02-10 13:15:00+05:30,576.5499877929688,576.0,577.9000244140625,574.0999755859375,216605
ASTRAL,2026-02-02 09:15:00+05:30,1472.4000244140625,1440.199951171875,1472.4000244140625,1424.0999755859375,82968
ASTRAL,2026-02-02 13:15:00+05:30,1440.199951171875,1467.5,1472.699951171875,1434.5999755859375,117665
ASTRAL,2026-02-03 09:15:00+05:30,1504.800048828125,1503.9000244140625,1508.9000244140625,1485.0,162531
ASTRAL,2026-02-03 13:15:00+05:30,1503.5,1502.699951171875,1509.9000244140625,1496.0,191489
ASTRAL,2026-02-04 09:15:00+05:30,1500.800048828125,1492.5999755859375,1502.199951171875,1487.5999755859375,103880
ASTRAL,2026-02-04 13:15:00+05:30,1493.0,1505.0,1509.0999755859375,1487.0,554847
ASTRAL,2026-02-05 09:15:00+05:30,1508.9000244140625,1506.300048828125,1514.800048828125,1495.5999755859375,99556
ASTRAL,2026-02-05 13:15:00+05:30,1507.4000244140625,1503.5999755859375,1510.800048828125,1496.199951171875,112685
ASTRAL,2026-02-06 09:15:00+05:30,1504.0,1485.800048828125,1522.9000244140625,1471.0999755859375,325970
ASTRAL,2026-02-06 13:15:00+05:30,1486.5999755859375,1472.199951171875,1490.9000244140625,1461.4000244140625,374417
ASTRAL,2026-02-09 09:15:00+05:30,1476.800048828125,1488.5999755859375,1490.800048828125,1460.0999755859375,105397
ASTRAL,2026-02-09 13:15:00+05:30,1489.199951171875,1491.0,1498.300048828125,1487.5999755859375,220045
ASTRAL,2026-02-10 09:15:00+05:30,1499.699951171875,1535.0,1537.0,1493.4000244140625,431462
ASTRAL,2026-02-10 13:15:00+05:30,1535.0,1530.0,1536.0,1519.800048828125,349073
ASTRAMICRO,2026-02-02 09:15:00+05:30,955.0,929.5499877929688,959.5999755859375,917.0,69172
ASTRAMICRO,2026-02-02 13:15:00+05:30,930.0,952.0,958.7999877929688,919.5999755859375,58514
ASTRAMICRO,2026-02-03 09:15:00+05:30,980.0,951.9000244140625,980.0,950.0,30470
ASTRAMICRO,2026-02-03 13:15:00+05:30,951.9000244140625,948.25,957.9000244140625,938.3499755859375,90922
ASTRAMICRO,2026-02-04 09:15:00+05:30,940.5,939.0499877929688,969.8499755859375,936.0499877929688,43315
ASTRAMICRO,2026-02-04 13:15:00+05:30,939.2999877929688,952.3499755859375,954.9500122070312,935.75,58073
ASTRAMICRO,2026-02-05 09:15:00+05:30,949.9000244140625,935.25,953.8499755859375,932.2999877929688,14096
ASTRAMICRO,2026-02-05 13:15:00+05:30,935.7000122070312,931.0999755859375,941.25,930.9000244140625,53581
ASTRAMICRO,2026-02-06 09:15:00+05:30,929.9000244140625,903.4500122070312,929.9000244140625,892.2999877929688,64957
ASTRAMICRO,2026-02-06 13:15:00+05:30,903.4500122070312,905.0,905.0,900.0,75009
ASTRAMICRO,2026-02-09 09:15:00+05:30,914.75,909.8499755859375,918.4500122070312,898.6500244140625,143680
ASTRAMICRO,2026-02-09 13:15:00+05:30,909.5,915.9000244140625,920.75,908.0499877929688,104624
ASTRAMICRO,2026-02-10 09:15:00+05:30,917.5,918.0,929.4500122070312,910.5,24973
ASTRAMICRO,2026-02-10 13:15:00+05:30,916.8499755859375,915.0,917.75,911.5,62889
ASTRAZEN,2026-02-02 09:15:00+05:30,8574.0,8537.0,8574.0,8480.0,1020
ASTRAZEN,2026-02-02 13:15:00+05:30,8538.0,8611.0,8649.5,8531.0,1509
ASTRAZEN,2026-02-03 09:15:00+05:30,8698.0,8710.0,8777.0,8646.5,1633
ASTRAZEN,2026-02-03 13:15:00+05:30,8703.0,8710.0,8755.0,8651.0,2872
ASTRAZEN,2026-02-04 09:15:00+05:30,8710.0,8744.5,8775.0,8647.0,3150
ASTRAZEN,2026-02-04 13:15:00+05:30,8744.5,8595.0,8745.0,8595.0,2274
ASTRAZEN,2026-02-05 09:15:00+05:30,8666.5,8538.5,8666.5,8538.5,1214
ASTRAZEN,2026-02-05 13:15:00+05:30,8547.0,8620.0,8649.0,8547.0,1515
ASTRAZEN,2026-02-06 09:15:00+05:30,8580.0,8600.0,8635.0,8550.0,1098
ASTRAZEN,2026-02-06 13:15:00+05:30,8603.5,8600.0,8631.0,8550.0,3199
ASTRAZEN,2026-02-09 09:15:00+05:30,8600.5,8670.0,8700.0,8600.5,1971
ASTRAZEN,2026-02-09 13:15:00+05:30,8660.0,8674.0,8687.0,8655.0,1044
ASTRAZEN,2026-02-10 09:15:00+05:30,8800.0,8904.0,8950.0,8724.0,5888
ASTRAZEN,2026-02-10 13:15:00+05:30,8899.0,8960.5,9000.0,8866.5,3804
ATALREAL,2026-02-02 09:15:00+05:30,26.889999389648438,26.299999237060547,26.889999389648438,26.299999237060547,1224255
ATALREAL,2026-02-02 13:15:00+05:30,26.299999237060547,26.139999389648438,26.299999237060547,25.899999618530273,156768
ATALREAL,2026-02-03 09:15:00+05:30,26.5,26.3799991607666,27.489999771118164,26.209999084472656,1265942
ATALREAL,2026-02-03 13:15:00+05:30,26.3799991607666,26.280000686645508,26.5,26.15999984741211,332773
ATALREAL,2026-02-04 09:15:00+05:30,26.700000762939453,26.18000030517578,26.700000762939453,26.1299991607666,1175624
ATALREAL,2026-02-04 13:15:00+05:30,26.139999389648438,27.139999389648438,27.5,26.030000686645508,985424
ATALREAL,2026-02-05 09:15:00+05:30,27.209999084472656,27.530000686645508,27.700000762939453,27.200000762939453,1332644
ATALREAL,2026-02-05 13:15:00+05:30,27.540000915527344,27.6200008392334,27.850000381469727,27.299999237060547,459872
ATALREAL,2026-02-06 09:15:00+05:30,27.889999389648438,27.31999969482422,27.889999389648438,27.0,1205744
ATALREAL,2026-02-06 13:15:00+05:30,27.329999923706055,27.219999313354492,27.399999618530273,27.0,263121
ATALREAL,2026-02-09 09:15:00+05:30,27.760000228881836,26.709999084472656,27.760000228881836,26.670000076293945,1540697
ATALREAL,2026-02-09 13:15:00+05:30,26.68000030517578,26.049999237060547,26.809999465942383,25.899999618530273,1824730
ATALREAL,2026-02-10 09:15:00+05:30,26.510000228881836,26.690000534057617,26.8799991607666,26.34000015258789,1013934
ATALREAL,2026-02-10 13:15:00+05:30,26.639999389648438,26.649999618530273,27.06999969482422,26.5,1299258
ATAM,2026-02-02 09:15:00+05:30,72.0,72.83000183105469,72.94999694824219,71.1500015258789,890
ATAM,2026-02-02 13:15:00+05:30,72.81999969482422,72.4000015258789,73.9000015258789,71.83000183105469,2268
ATAM,2026-02-03 09:15:00+05:30,79.69999694824219,76.0,79.69999694824219,74.01000213623047,4081
ATAM,2026-02-03 13:15:00+05:30,76.5999984741211,76.22000122070312,77.41000366210938,76.01000213623047,501
ATAM,2026-02-04 09:15:00+05:30,76.22000122070312,76.69999694824219,77.80000305175781,75.5,3609
ATAM,2026-02-04 13:15:00+05:30,76.9800033569336,77.05999755859375,77.48999786376953,76.1500015258789,3676
ATAM,2026-02-05 09:15:00+05:30,77.05999755859375,75.9800033569336,77.30000305175781,75.0,706
ATAM,2026-02-05 13:15:00+05:30,75.19999694824219,74.88999938964844,76.98999786376953,74.0,3510
ATAM,2026-02-06 09:15:00+05:30,76.4000015258789,75.01000213623047,76.5,74.55000305175781,882
ATAM,2026-02-06 13:15:00+05:30,75.98999786376953,74.66999816894531,75.98999786376953,73.0999984741211,2597
ATAM,2026-02-09 09:15:00+05:30,74.0999984741211,74.37999725341797,74.66999816894531,72.4000015258789,7714
ATAM,2026-02-09 13:15:00+05:30,73.98999786376953,73.93000030517578,74.0,72.9000015258789,8652
ATAM,2026-02-10 09:15:00+05:30,74.1500015258789,73.5,74.80000305175781,72.0,4539
ATAM,2026-02-10 13:15:00+05:30,73.16999816894531,72.7699966430664,74.80000305175781,72.5,5727
ATGL,2026-02-02 09:15:00+05:30,521.2999877929688,514.5999755859375,525.9000244140625,511.0,142239
ATGL,2026-02-02 13:15:00+05:30,514.9000244140625,519.0499877929688,520.5,513.0,189194
ATGL,2026-02-03 09:15:00+05:30,552.0,546.5,555.9500122070312,537.5,827783
ATGL,2026-02-03 13:15:00+05:30,546.7999877929688,542.8499755859375,547.5,540.7000122070312,321960
ATGL,2026-02-04 09:15:00+05:30,535.3499755859375,546.5,553.1500244140625,535.3499755859375,419122
ATGL,2026-02-04 13:15:00+05:30,546.5999755859375,549.0,550.4500122070312,545.2999877929688,262625
ATGL,2026-02-05 09:15:00+05:30,551.0,547.7999877929688,552.9500122070312,545.25,69340
ATGL,2026-02-05 13:15:00+05:30,547.0499877929688,544.0499877929688,548.4500122070312,543.3499755859375,94965
ATGL,2026-02-06 09:15:00+05:30,544.5,541.7000122070312,552.0,540.25,115190
ATGL,2026-02-06 13:15:00+05:30,541.4500122070312,542.6500244140625,544.8499755859375,541.0,92510
ATGL,2026-02-09 09:15:00+05:30,554.0,548.2999877929688,563.5999755859375,547.2999877929688,130019
ATGL,2026-02-09 13:15:00+05:30,548.2999877929688,546.0,549.2000122070312,544.2000122070312,138519
ATGL,2026-02-10 09:15:00+05:30,548.2999877929688,547.0999755859375,549.0,540.0,180981
ATGL,2026-02-10 13:15:00+05:30,547.0,543.2000122070312,547.0,541.7999877929688,114302
ATL,2026-02-02 09:15:00+05:30,24.049999237060547,23.719999313354492,24.549999237060547,23.610000610351562,64192
ATL,2026-02-02 13:15:00+05:30,23.719999313354492,23.280000686645508,24.06999969482422,23.280000686645508,236497
ATL,2026-02-03 09:15:00+05:30,24.5,24.559999465942383,24.979999542236328,23.760000228881836,144097
ATL,2026-02-03 13:15:00+05:30,24.559999465942383,24.229999542236328,24.790000915527344,24.229999542236328,73341
ATL,2026-02-04 09:15:00+05:30,24.75,24.639999389648438,24.93000030517578,24.43000030517578,28444
ATL,2026-02-04 13:15:00+05:30,24.610000610351562,25.0,25.06999969482422,24.610000610351562,59045
ATL,2026-02-05 09:15:00+05:30,25.3700008392334,24.670000076293945,25.3700008392334,24.270000457763672,55094
ATL,2026-02-05 13:15:00+05:30,24.6200008392334,24.690000534057617,25.0,24.5,34633
ATL,2026-02-06 09:15:00+05:30,24.899999618530273,24.600000381469727,25.25,24.420000076293945,93084
ATL,2026-02-06 13:15:00+05:30,24.600000381469727,24.899999618530273,24.899999618530273,24.510000228881836,40865
ATL,2026-02-09 09:15:00+05:30,24.75,25.329999923706055,25.600000381469727,24.75,107525
ATL,2026-02-09 13:15:00+05:30,25.149999618530273,25.389999389648438,25.59000015258789,25.09000015258789,66395
ATL,2026-02-10 09:15:00+05:30,25.600000381469727,25.389999389648438,25.84000015258789,25.09000015258789,50100
ATL,2026-02-10 13:15:00+05:30,25.270000457763672,25.170000076293945,25.389999389648438,25.100000381469727,62912
ATLANTAA,2026-02-02 09:15:00+05:30,43.5,43.5099983215332,45.119998931884766,43.5,23311
ATLANTAA,2026-02-02 13:15:00+05:30,43.84000015258789,43.83000183105469,45.0,43.11000061035156,17864
ATLANTAA,2026-02-03 09:15:00+05:30,45.0,45.779998779296875,46.439998626708984,44.5,49395
ATLANTAA,2026-02-03 13:15:00+05:30,45.43000030517578,44.0,46.130001068115234,42.599998474121094,52353
ATLANTAA,2026-02-04 09:15:00+05:30,43.97999954223633,45.619998931884766,46.08000183105469,43.5099983215332,12209
ATLANTAA,2026-02-04 13:15:00+05:30,46.0,46.22999954223633,46.380001068115234,45.25,39382
ATLANTAA,2026-02-05 09:15:00+05:30,47.0,45.150001525878906,47.0,44.61000061035156,18853
ATLANTAA,2026-02-05 13:15:00+05:30,45.15999984741211,44.97999954223633,46.0,44.5,17622
ATLANTAA,2026-02-06 09:15:00+05:30,45.0,45.209999084472656,46.22999954223633,44.91999816894531,18214
ATLANTAA,2026-02-06 13:15:00+05:30,45.2599983215332,45.540000915527344,45.97999954223633,45.0099983215332,21136
ATLANTAA,2026-02-09 09:15:00+05:30,47.0,45.95000076293945,47.0,43.900001525878906,42197
ATLANTAA,2026-02-09 13:15:00+05:30,45.599998474121094,44.369998931884766,47.400001525878906,44.02000045776367,97772
ATLANTAA,2026-02-10 09:15:00+05:30,45.45000076293945,44.720001220703125,51.45000076293945,44.20000076293945,35266
ATLANTAA,2026-02-10 13:15:00+05:30,44.709999084472656,44.540000915527344,45.650001525878906,44.0,44182
ATUL,2026-02-02 09:15:00+05:30,5955.0,5895.0,6005.0,5869.0,3534
ATUL,2026-02-02 13:15:00+05:30,5895.0,5963.0,6010.0,5889.0,9659
ATUL,2026-02-03 09:15:00+05:30,6365.0,6217.0,6697.0,6146.5,57547
ATUL,2026-02-03 13:15:00+05:30,6211.0,6271.5,6344.0,6200.0,29468
ATUL,2026-02-04 09:15:00+05:30,6280.5,6230.0,6280.5,6170.0,3266
ATUL,2026-02-04 13:15:00+05:30,6230.0,6317.5,6345.0,6230.0,5543
ATUL,2026-02-05 09:15:00+05:30,6317.5,6334.0,6336.0,6232.5,4577
ATUL,2026-02-05 13:15:00+05:30,6332.0,6253.5,6360.0,6235.0,4026
ATUL,2026-02-06 09:15:00+05:30,6260.0,6327.0,6330.0,6169.5,5186
ATUL,2026-02-06 13:15:00+05:30,6322.0,6425.0,6551.0,6291.5,14906
ATUL,2026-02-09 09:15:00+05:30,6499.0,6533.5,6546.0,6410.5,9021
ATUL,2026-02-09 13:15:00+05:30,6540.0,6531.0,6564.0,6498.0,17661
ATUL,2026-02-10 09:15:00+05:30,6530.0,6536.5,6575.0,6485.5,2638
ATUL,2026-02-10 13:15:00+05:30,6531.5,6674.0,6720.0,6485.0,14793
ATULAUTO,2026-02-02 09:15:00+05:30,395.5,425.1499938964844,435.75,383.25,766722
ATULAUTO,2026-02-02 13:15:00+05:30,425.75,423.1499938964844,434.79998779296875,416.1000061035156,2286645
ATULAUTO,2026-02-03 09:15:00+05:30,440.0,430.1499938964844,446.1499938964844,428.79998779296875,36484
ATULAUTO,2026-02-03 13:15:00+05:30,430.1499938964844,428.20001220703125,431.54998779296875,425.75,69359
ATULAUTO,2026-02-04 09:15:00+05:30,428.1000061035156,432.3999938964844,436.0,422.1499938964844,21693
ATULAUTO,2026-02-04 13:15:00+05:30,432.3999938964844,433.0,437.6499938964844,431.1000061035156,33237
ATULAUTO,2026-02-05 09:15:00+05:30,435.6499938964844,432.6499938964844,437.8999938964844,430.79998779296875,25221
ATULAUTO,2026-02-05 13:15:00+05:30,433.1000061035156,432.0,434.1499938964844,430.1499938964844,14226
ATULAUTO,2026-02-06 09:15:00+05:30,432.6000061035156,437.6499938964844,443.1000061035156,428.1000061035156,62454
ATULAUTO,2026-02-06 13:15:00+05:30,437.25,447.04998779296875,448.0,436.5,86857
ATULAUTO,2026-02-09 09:15:00+05:30,485.0,493.0,504.95001220703125,485.0,2691037
ATULAUTO,2026-02-09 13:15:00+05:30,493.45001220703125,478.25,494.0,478.25,557536
ATULAUTO,2026-02-10 09:15:00+05:30,482.1499938964844,516.5999755859375,529.5999755859375,475.1000061035156,523588
ATULAUTO,2026-02-10 13:15:00+05:30,516.5999755859375,514.5,527.4000244140625,513.2999877929688,534858
AUBANK,2026-02-02 09:15:00+05:30,969.9500122070312,955.25,977.3499755859375,950.5999755859375,387523
AUBANK,2026-02-02 13:15:00+05:30,955.6500244140625,965.2000122070312,969.2000122070312,952.75,580753
AUBANK,2026-02-03 09:15:00+05:30,1017.0,985.6500244140625,1017.0,981.4500122070312,436116
AUBANK,2026-02-03 13:15:00+05:30,985.4500122070312,982.2999877929688,987.0,979.7999877929688,934793
AUBANK,2026-02-04 09:15:00+05:30,976.2999877929688,981.1500244140625,989.0,973.5499877929688,330492
AUBANK,2026-02-04 13:15:00+05:30,981.1500244140625,980.9500122070312,985.0999755859375,979.25,533729
AUBANK,2026-02-05 09:15:00+05:30,980.4500122070312,983.2999877929688,987.9000244140625,974.0999755859375,327280
AUBANK,2026-02-05 13:15:00+05:30,983.4500122070312,985.0,989.6500244140625,983.25,404108
AUBANK,2026-02-06 09:15:00+05:30,986.75,984.9500122070312,988.0999755859375,975.7999877929688,380834
AUBANK,2026-02-06 13:15:00+05:30,984.9500122070312,991.0499877929688,992.4500122070312,983.75,636501
AUBANK,2026-02-09 09:15:00+05:30,993.5,998.7000122070312,1001.0,981.0999755859375,491652
AUBANK,2026-02-09 13:15:00+05:30,998.7000122070312,1002.5,1009.3499755859375,998.4500122070312,808427
AUBANK,2026-02-10 09:15:00+05:30,1008.6500244140625,1000.5999755859375,1008.6500244140625,990.0,541317
AUBANK,2026-02-10 13:15:00+05:30,1000.5999755859375,1001.1500244140625,1002.5,997.0,885908
AURIONPRO,2026-02-02 09:15:00+05:30,969.5999755859375,924.4000244140625,972.7000122070312,908.75,112627
AURIONPRO,2026-02-02 13:15:00+05:30,925.5999755859375,939.2000122070312,946.0,917.0,84549
AURIONPRO,2026-02-03 09:15:00+05:30,976.0,962.0999755859375,989.0999755859375,956.0499877929688,40602
AURIONPRO,2026-02-03 13:15:00+05:30,963.4500122070312,955.0,967.5999755859375,955.0,33025
AURIONPRO,2026-02-04 09:15:00+05:30,934.9000244140625,944.0,953.75,916.7999877929688,47654
AURIONPRO,2026-02-04 13:15:00+05:30,944.5,945.0,953.0,941.8499755859375,48800
AURIONPRO,2026-02-05 09:15:00+05:30,912.6500244140625,910.25,921.75,901.25,46751
AURIONPRO,2026-02-05 13:15:00+05:30,910.25,907.0,913.9000244140625,903.1500244140625,57993
AURIONPRO,2026-02-06 09:15:00+05:30,907.0499877929688,934.5999755859375,941.0,890.3499755859375,112141
AURIONPRO,2026-02-06 13:15:00+05:30,933.8499755859375,922.4000244140625,936.0,918.0,43840
AURIONPRO,2026-02-09 09:15:00+05:30,932.0,963.5999755859375,968.8499755859375,923.4500122070312,69871
AURIONPRO,2026-02-09 13:15:00+05:30,963.5999755859375,960.6500244140625,969.8499755859375,959.4000244140625,38533
AURIONPRO,2026-02-10 09:15:00+05:30,961.3499755859375,1016.0999755859375,1039.9000244140625,960.0,153862
AURIONPRO,2026-02-10 13:15:00+05:30,1016.0499877929688,1006.0,1019.4500122070312,1002.0,48046
AUROPHARMA,2026-02-02 09:15:00+05:30,1169.300048828125,1158.5999755859375,1183.4000244140625,1152.300048828125,321626
AUROPHARMA,2026-02-02 13:15:00+05:30,1158.5999755859375,1171.0,1179.0,1156.5,299472
AUROPHARMA,2026-02-03 09:15:00+05:30,1229.199951171875,1239.5999755859375,1246.0,1212.199951171875,691392
AUROPHARMA,2026-02-03 13:15:00+05:30,1239.5,1221.800048828125,1243.5,1216.5999755859375,1367521
AUROPHARMA,2026-02-04 09:15:00+05:30,1226.199951171875,1210.800048828125,1237.0,1166.0,840678
AUROPHARMA,2026-02-04 13:15:00+05:30,1211.5,1212.699951171875,1215.800048828125,1204.5,265544
AUROPHARMA,2026-02-05 09:15:00+05:30,1199.9000244140625,1186.0999755859375,1199.9000244140625,1181.0,193346
AUROPHARMA,2026-02-05 13:15:00+05:30,1186.0999755859375,1176.9000244140625,1196.0,1176.9000244140625,656323
AUROPHARMA,2026-02-06 09:15:00+05:30,1180.9000244140625,1170.199951171875,1180.9000244140625,1166.0,184534
AUROPHARMA,2026-02-06 13:15:00+05:30,1170.300048828125,1191.0,1195.9000244140625,1170.300048828125,448912
AUROPHARMA,2026-02-09 09:15:00+05:30,1185.0,1205.800048828125,1205.9000244140625,1173.300048828125,299917
AUROPHARMA,2026-02-09 13:15:00+05:30,1206.4000244140625,1203.699951171875,1210.0,1195.9000244140625,374366
AUROPHARMA,2026-02-10 09:15:00+05:30,1201.5,1146.800048828125,1218.699951171875,1143.5,1256581
AUROPHARMA,2026-02-10 13:15:00+05:30,1146.800048828125,1131.0,1147.5,1106.199951171875,6242041
AURUM,2026-02-02 09:15:00+05:30,179.08999633789062,174.1699981689453,179.08999633789062,173.2100067138672,4983
AURUM,2026-02-02 13:15:00+05:30,174.5500030517578,175.4199981689453,176.1999969482422,174.00999450683594,2327
AURUM,2026-02-03 09:15:00+05:30,176.5399932861328,182.74000549316406,184.49000549316406,176.0,99465
AURUM,2026-02-03 13:15:00+05:30,183.32000732421875,184.61000061035156,186.3800048828125,182.0,61409
AURUM,2026-02-04 09:15:00+05:30,179.1999969482422,183.0,183.3300018310547,179.1999969482422,6781
AURUM,2026-02-04 13:15:00+05:30,183.0,184.0,184.0,180.5800018310547,22747
AURUM,2026-02-05 09:15:00+05:30,184.6199951171875,180.05999755859375,184.6199951171875,177.25,44757
AURUM,2026-02-05 13:15:00+05:30,180.0800018310547,176.5,180.1199951171875,176.10000610351562,15939
AURUM,2026-02-06 09:15:00+05:30,178.67999267578125,177.75999450683594,178.67999267578125,175.97999572753906,1603
AURUM,2026-02-06 13:15:00+05:30,177.75999450683594,179.49000549316406,179.89999389648438,176.5,14903
AURUM,2026-02-09 09:15:00+05:30,178.5,177.32000732421875,178.5,176.60000610351562,11526
AURUM,2026-02-09 13:15:00+05:30,176.85000610351562,177.0,178.5,176.85000610351562,6812
AURUM,2026-02-10 09:15:00+05:30,176.50999450683594,177.05999755859375,179.10000610351562,176.50999450683594,7916
AURUM,2026-02-10 13:15:00+05:30,177.7899932861328,177.5,177.7899932861328,176.27000427246094,5334
AUSOMENT,2026-02-02 09:15:00+05:30,107.02999877929688,106.51000213623047,110.0,106.51000213623047,4286
AUSOMENT,2026-02-02 13:15:00+05:30,107.98999786376953,106.62000274658203,107.98999786376953,106.51000213623047,7335
AUSOMENT,2026-02-03 09:15:00+05:30,107.19999694824219,108.0,109.9800033569336,103.0,9453
AUSOMENT,2026-02-03 13:15:00+05:30,108.79000091552734,107.66000366210938,108.79000091552734,105.11000061035156,4663
AUSOMENT,2026-02-04 09:15:00+05:30,107.0,106.0199966430664,107.56999969482422,104.4000015258789,5900
AUSOMENT,2026-02-04 13:15:00+05:30,107.9800033569336,112.29000091552734,113.04000091552734,106.05000305175781,13007
AUSOMENT,2026-02-05 09:15:00+05:30,112.29000091552734,111.62000274658203,112.29000091552734,108.0,1686
AUSOMENT,2026-02-05 13:15:00+05:30,108.25,108.83000183105469,111.44000244140625,108.25,777
AUSOMENT,2026-02-06 09:15:00+05:30,109.80000305175781,106.19999694824219,109.80000305175781,106.0999984741211,2649
AUSOMENT,2026-02-06 13:15:00+05:30,108.48999786376953,108.95999908447266,109.80000305175781,106.19999694824219,5191
AUSOMENT,2026-02-09 09:15:00+05:30,109.95999908447266,113.68000030517578,114.30000305175781,108.94999694824219,6518
AUSOMENT,2026-02-09 13:15:00+05:30,112.19999694824219,112.56999969482422,114.0,111.02999877929688,3491
AUSOMENT,2026-02-10 09:15:00+05:30,111.44000244140625,114.5999984741211,114.94999694824219,110.0,4590
AUSOMENT,2026-02-10 13:15:00+05:30,113.01000213623047,111.95999908447266,114.75,111.06999969482422,2825
AUTOAXLES,2026-02-02 09:15:00+05:30,1860.0,1892.0,1900.0,1835.0,2300
AUTOAXLES,2026-02-02 13:15:00+05:30,1887.199951171875,1934.4000244140625,1940.0999755859375,1886.300048828125,3112
AUTOAXLES,2026-02-03 09:15:00+05:30,1998.9000244140625,1953.9000244140625,1998.9000244140625,1934.4000244140625,4144
AUTOAXLES,2026-02-03 13:15:00+05:30,1953.800048828125,1972.0,1975.0,1931.0,5694
AUTOAXLES,2026-02-04 09:15:00+05:30,1970.800048828125,2076.300048828125,2114.0,1963.5,53017
AUTOAXLES,2026-02-04 13:15:00+05:30,2074.800048828125,2109.300048828125,2115.0,2074.800048828125,25998
AUTOAXLES,2026-02-05 09:15:00+05:30,2050.10009765625,1966.0999755859375,2050.10009765625,1950.0,8983
AUTOAXLES,2026-02-05 13:15:00+05:30,1967.0999755859375,1970.0,1980.5,1962.0,16215
AUTOAXLES,2026-02-06 09:15:00+05:30,1969.0,1914.699951171875,1969.0,1874.800048828125,10778
AUTOAXLES,2026-02-06 13:15:00+05:30,1913.5,1922.199951171875,1939.300048828125,1906.4000244140625,6546
AUTOAXLES,2026-02-09 09:15:00+05:30,1950.0,1951.5,1970.9000244140625,1926.0,4287
AUTOAXLES,2026-02-09 13:15:00+05:30,1953.5,1911.0,1959.9000244140625,1911.0,5367
AUTOAXLES,2026-02-10 09:15:00+05:30,1929.0,1967.0,1979.0999755859375,1915.0,4788
AUTOAXLES,2026-02-10 13:15:00+05:30,1964.5999755859375,1953.0999755859375,1970.0,1949.9000244140625,3028
AUTOIND,2026-02-02 09:15:00+05:30,75.5999984741211,73.95999908447266,77.19000244140625,73.70999908447266,14283
AUTOIND,2026-02-02 13:15:00+05:30,74.0199966430664,74.5,75.83000183105469,72.83999633789062,15717
AUTOIND,2026-02-03 09:15:00+05:30,76.69000244140625,76.19000244140625,77.25,74.3499984741211,12125
AUTOIND,2026-02-03 13:15:00+05:30,76.16000366210938,75.95999908447266,76.69999694824219,75.5999984741211,17308
AUTOIND,2026-02-04 09:15:00+05:30,74.44000244140625,77.2300033569336,77.98999786376953,74.44000244140625,20927
AUTOIND,2026-02-04 13:15:00+05:30,77.38999938964844,78.58999633789062,79.4000015258789,77.01000213623047,19983
AUTOIND,2026-02-05 09:15:00+05:30,79.0,76.8499984741211,79.04000091552734,76.5,17327
AUTOIND,2026-02-05 13:15:00+05:30,77.05000305175781,77.31999969482422,78.0,76.81999969482422,11065
AUTOIND,2026-02-06 09:15:00+05:30,77.0,77.22000122070312,77.87999725341797,75.83000183105469,12097
AUTOIND,2026-02-06 13:15:00+05:30,77.2300033569336,78.0,78.5,77.19999694824219,31435
AUTOIND,2026-02-09 09:15:00+05:30,80.4000015258789,79.66000366210938,80.4000015258789,77.55000305175781,70100
AUTOIND,2026-02-09 13:15:00+05:30,80.0,81.5,82.4000015258789,80.0,79413
AUTOIND,2026-02-10 09:15:00+05:30,82.80000305175781,81.86000061035156,82.80000305175781,80.91000366210938,33022
AUTOIND,2026-02-10 13:15:00+05:30,81.86000061035156,80.41999816894531,82.0,79.5,27655
AVADHSUGAR,2026-02-02 09:15:00+05:30,333.20001220703125,332.70001220703125,335.70001220703125,330.1000061035156,7723
AVADHSUGAR,2026-02-02 13:15:00+05:30,333.1499938964844,335.8999938964844,338.0,332.6499938964844,11450
AVADHSUGAR,2026-02-03 09:15:00+05:30,345.0,346.25,348.3999938964844,340.20001220703125,16397
AVADHSUGAR,2026-02-03 13:15:00+05:30,346.25,348.6000061035156,350.45001220703125,346.25,23452
AVADHSUGAR,2026-02-04 09:15:00+05:30,350.3500061035156,354.04998779296875,358.79998779296875,345.45001220703125,15849
AVADHSUGAR,2026-02-04 13:15:00+05:30,354.54998779296875,358.0,358.95001220703125,354.25,8661
AVADHSUGAR,2026-02-05 09:15:00+05:30,361.04998779296875,350.04998779296875,363.0,345.0,17230
AVADHSUGAR,2026-02-05 13:15:00+05:30,350.8999938964844,338.0,389.0,337.0,182533
AVADHSUGAR,2026-02-06 09:15:00+05:30,341.95001220703125,338.6000061035156,343.75,333.54998779296875,4639
AVADHSUGAR,2026-02-06 13:15:00+05:30,338.8500061035156,342.70001220703125,344.0,338.04998779296875,17567
AVADHSUGAR,2026-02-09 09:15:00+05:30,343.70001220703125,346.54998779296875,351.0,341.0,11244
AVADHSUGAR,2026-02-09 13:15:00+05:30,346.29998779296875,346.1499938964844,347.79998779296875,345.04998779296875,8142
AVADHSUGAR,2026-02-10 09:15:00+05:30,345.25,350.1499938964844,351.6000061035156,345.25,5071
AVADHSUGAR,2026-02-10 13:15:00+05:30,350.1499938964844,351.5,354.75,348.1499938964844,45181
AVALON,2026-02-02 09:15:00+05:30,871.2999877929688,830.7000122070312,871.2999877929688,826.4500122070312,65626
AVALON,2026-02-02 13:15:00+05:30,829.9000244140625,852.25,862.6500244140625,827.0,38091
AVALON,2026-02-03 09:15:00+05:30,1000.0,1022.7000122070312,1022.7000122070312,952.0499877929688,328139
AVALON,2026-02-03 13:15:00+05:30,1022.7000122070312,1022.7000122070312,1022.7000122070312,1022.7000122070312,10034
AVALON,2026-02-04 09:15:00+05:30,1009.7999877929688,1042.449951171875,1053.050048828125,1000.25,582162
AVALON,2026-02-04 13:15:00+05:30,1042.449951171875,1030.300048828125,1042.449951171875,1025.0999755859375,187117
AVALON,2026-02-05 09:15:00+05:30,1031.3499755859375,1015.7000122070312,1044.050048828125,966.9500122070312,193637
AVALON,2026-02-05 13:15:00+05:30,1015.1500244140625,1022.0,1024.4000244140625,1008.9000244140625,108019
AVALON,2026-02-06 09:15:00+05:30,1015.25,1020.4500122070312,1126.949951171875,1014.0499877929688,659704
AVALON,2026-02-06 13:15:00+05:30,1021.3499755859375,1025.9000244140625,1035.0,1013.3499755859375,355240
AVALON,2026-02-09 09:15:00+05:30,1049.699951171875,1050.75,1072.0,1035.800048828125,155752
AVALON,2026-02-09 13:15:00+05:30,1051.449951171875,1049.0,1055.8499755859375,1044.6500244140625,64127
AVALON,2026-02-10 09:15:00+05:30,1045.1500244140625,1053.800048828125,1069.4000244140625,1045.1500244140625,40944
AVALON,2026-02-10 13:15:00+05:30,1054.0,1053.9000244140625,1059.800048828125,1047.0,50807
AVANTIFEED,2026-02-02 09:15:00+05:30,778.1500244140625,785.0999755859375,797.75,775.0,82527
AVANTIFEED,2026-02-02 13:15:00+05:30,785.0999755859375,800.0,805.0,782.9500122070312,96469
AVANTIFEED,2026-02-03 09:15:00+05:30,960.0,960.0,960.0,906.0999755859375,5068114
AVANTIFEED,2026-02-03 13:15:00+05:30,960.0,960.0,960.0,955.0,831332
AVANTIFEED,2026-02-04 09:15:00+05:30,950.4500122070312,1068.550048828125,1138.699951171875,950.4500122070312,4798703
AVANTIFEED,2026-02-04 13:15:00+05:30,1068.5,1077.1500244140625,1098.3499755859375,1059.0,2722487
AVANTIFEED,2026-02-05 09:15:00+05:30,1057.449951171875,1080.0,1116.050048828125,1038.449951171875,2088890
AVANTIFEED,2026-02-05 13:15:00+05:30,1080.0,1081.0,1096.9000244140625,1077.0,770169
AVANTIFEED,2026-02-06 09:15:00+05:30,1057.75,1024.449951171875,1061.25,1001.5999755859375,646286
AVANTIFEED,2026-02-06 13:15:00+05:30,1024.550048828125,1024.0,1043.6500244140625,1020.4000244140625,515251
AVANTIFEED,2026-02-09 09:15:00+05:30,1051.1500244140625,1093.699951171875,1107.0,1038.949951171875,926817
AVANTIFEED,2026-02-09 13:15:00+05:30,1094.199951171875,1102.0,1109.0,1093.5999755859375,578842
AVANTIFEED,2026-02-10 09:15:00+05:30,1116.0999755859375,1134.0,1159.0999755859375,1084.25,1189911
AVANTIFEED,2026-02-10 13:15:00+05:30,1134.0,1125.0,1141.25,1124.199951171875,575416
AVG,2026-02-02 09:15:00+05:30,159.0,142.77000427246094,159.0,141.5800018310547,16289
AVG,2026-02-02 13:15:00+05:30,141.99000549316406,145.0,145.0,141.57000732421875,12291
AVG,2026-02-03 09:15:00+05:30,155.9499969482422,149.42999267578125,155.9499969482422,145.1999969482422,3364
AVG,2026-02-03 13:15:00+05:30,149.0500030517578,149.0,151.2899932861328,148.0500030517578,5311
AVG,2026-02-04 09:15:00+05:30,152.9499969482422,149.75999450683594,152.9499969482422,146.66000366210938,5703
AVG,2026-02-04 13:15:00+05:30,149.22999572753906,150.3000030517578,153.0,148.22000122070312,7710
AVG,2026-02-05 09:15:00+05:30,148.0,150.6199951171875,154.39999389648438,148.0,8876
AVG,2026-02-05 13:15:00+05:30,152.8300018310547,152.8300018310547,156.5,150.8800048828125,4440
AVG,2026-02-06 09:15:00+05:30,151.91000366210938,150.17999267578125,153.99000549316406,148.0,7664
AVG,2026-02-06 13:15:00+05:30,150.17999267578125,150.6199951171875,151.77000427246094,150.17999267578125,1460
AVG,2026-02-09 09:15:00+05:30,149.00999450683594,149.69000244140625,152.9499969482422,148.0,8091
AVG,2026-02-09 13:15:00+05:30,149.5,149.5800018310547,150.0,149.14999389648438,5540
AVG,2026-02-10 09:15:00+05:30,150.49000549316406,153.0,155.2899932861328,149.60000610351562,9047
AVG,2026-02-10 13:15:00+05:30,153.0,151.75,153.66000366210938,150.0,9079
AVROIND,2026-02-02 09:15:00+05:30,131.24000549316406,128.0,131.24000549316406,125.0,102
AVROIND,2026-02-02 13:15:00+05:30,127.75,126.66999816894531,127.75,125.0,153
AVROIND,2026-02-03 09:15:00+05:30,122.0199966430664,128.0,129.85000610351562,122.0199966430664,943
AVROIND,2026-02-03 13:15:00+05:30,128.0,125.41999816894531,128.0,125.0,917
AVROIND,2026-02-04 09:15:00+05:30,129.85000610351562,127.48999786376953,129.85000610351562,125.43000030517578,179
AVROIND,2026-02-04 13:15:00+05:30,127.0,124.04000091552734,127.0,124.0,3218
AVROIND,2026-02-05 09:15:00+05:30,129.14999389648438,127.0,129.14999389648438,125.0,152
AVROIND,2026-02-05 13:15:00+05:30,127.0,126.37999725341797,127.5,124.37999725341797,661
AVROIND,2026-02-06 09:15:00+05:30,127.94999694824219,126.8499984741211,127.94999694824219,121.9000015258789,2450
AVROIND,2026-02-06 13:15:00+05:30,126.80000305175781,125.76000213623047,126.80000305175781,125.76000213623047,130
AVROIND,2026-02-09 09:15:00+05:30,130.4499969482422,127.1500015258789,130.4499969482422,123.0,3759
AVROIND,2026-02-09 13:15:00+05:30,127.1500015258789,128.39999389648438,128.5,127.0,3632
AVROIND,2026-02-10 09:15:00+05:30,128.39999389648438,130.10000610351562,131.8000030517578,127.0,2577
AVROIND,2026-02-10 13:15:00+05:30,130.10000610351562,129.35000610351562,131.8000030517578,128.0,2138
AVTNPL,2026-02-02 09:15:00+05:30,65.9000015258789,66.02999877929688,67.27999877929688,65.33999633789062,24018
AVTNPL,2026-02-02 13:15:00+05:30,66.02999877929688,66.98999786376953,66.98999786376953,65.9000015258789,8290
AVTNPL,2026-02-03 09:15:00+05:30,70.0,68.3499984741211,70.0,67.5199966430664,32594
AVTNPL,2026-02-03 13:15:00+05:30,68.0,69.0,69.0,68.0,13341
AVTNPL,2026-02-04 09:15:00+05:30,68.4000015258789,68.05000305175781,68.80000305175781,67.5,8468
AVTNPL,2026-02-04 13:15:00+05:30,67.9000015258789,68.8499984741211,69.0,67.9000015258789,11812
AVTNPL,2026-02-05 09:15:00+05:30,68.4000015258789,68.26000213623047,69.27999877929688,68.0,13310
AVTNPL,2026-02-05 13:15:00+05:30,68.5,68.29000091552734,68.5,68.0,7413
AVTNPL,2026-02-06 09:15:00+05:30,68.0,67.55000305175781,68.1500015258789,67.30000305175781,6282
AVTNPL,2026-02-06 13:15:00+05:30,67.70999908447266,68.56999969482422,69.5,67.70999908447266,27699
AVTNPL,2026-02-09 09:15:00+05:30,69.0,69.68000030517578,70.4800033569336,68.73999786376953,33594
AVTNPL,2026-02-09 13:15:00+05:30,69.30000305175781,69.30000305175781,69.9000015258789,69.19999694824219,20405
AVTNPL,2026-02-10 09:15:00+05:30,69.5,71.0,71.77999877929688,69.11000061035156,55848
AVTNPL,2026-02-10 13:15:00+05:30,70.63999938964844,71.04000091552734,71.23999786376953,70.4000015258789,37894
AWHCL,2026-02-02 09:15:00+05:30,520.2000122070312,498.45001220703125,524.4000244140625,492.95001220703125,126514
AWHCL,2026-02-02 13:15:00+05:30,499.25,516.9000244140625,519.0,495.0,107474
AWHCL,2026-02-03 09:15:00+05:30,534.0,514.9000244140625,534.0,509.3999938964844,64802
AWHCL,2026-02-03 13:15:00+05:30,514.0,509.5,515.2999877929688,508.0,60647
AWHCL,2026-02-04 09:15:00+05:30,518.4000244140625,523.25,524.9500122070312,510.70001220703125,61578
AWHCL,2026-02-04 13:15:00+05:30,523.5,525.0,529.5999755859375,522.1500244140625,82630
AWHCL,2026-02-05 09:15:00+05:30,528.2000122070312,521.9500122070312,528.2000122070312,515.25,16825
AWHCL,2026-02-05 13:15:00+05:30,521.9500122070312,520.0,524.5999755859375,517.5499877929688,26194
AWHCL,2026-02-06 09:15:00+05:30,515.5499877929688,509.3999938964844,517.9500122070312,506.04998779296875,23858
AWHCL,2026-02-06 13:15:00+05:30,510.3500061035156,512.4000244140625,514.1500244140625,507.54998779296875,31862
AWHCL,2026-02-09 09:15:00+05:30,518.0,532.4500122070312,542.6500244140625,511.8500061035156,121202
AWHCL,2026-02-09 13:15:00+05:30,532.5,530.5,534.9500122070312,530.0,57344
AWHCL,2026-02-10 09:15:00+05:30,541.0499877929688,529.1500244140625,541.0499877929688,525.2999877929688,50469
AWHCL,2026-02-10 13:15:00+05:30,529.1500244140625,527.4500122070312,529.9000244140625,526.5,28701
AWL,2026-02-02 09:15:00+05:30,208.3300018310547,211.4600067138672,211.99000549316406,208.3300018310547,607912
AWL,2026-02-02 13:15:00+05:30,211.42999267578125,211.0,214.7899932861328,210.35000610351562,1615956
AWL,2026-02-03 09:15:00+05:30,216.89999389648438,215.16000366210938,217.9499969482422,213.64999389648438,2071694
AWL,2026-02-03 13:15:00+05:30,215.25,215.1199951171875,216.3000030517578,214.0,1677344
AWL,2026-02-04 09:15:00+05:30,214.0500030517578,217.5500030517578,219.97999572753906,212.6300048828125,799235
AWL,2026-02-04 13:15:00+05:30,217.5500030517578,217.0,218.5,216.3000030517578,389952
AWL,2026-02-05 09:15:00+05:30,216.1999969482422,215.61000061035156,217.7100067138672,215.14999389648438,129274
AWL,2026-02-05 13:15:00+05:30,215.39999389648438,214.99000549316406,215.9199981689453,214.10000610351562,196053
AWL,2026-02-06 09:15:00+05:30,212.75,210.00999450683594,213.1199951171875,209.3000030517578,253613
AWL,2026-02-06 13:15:00+05:30,210.00999450683594,210.99000549316406,212.3800048828125,210.0,382187
AWL,2026-02-09 09:15:00+05:30,213.0,210.64999389648438,215.3000030517578,209.39999389648438,1112859
AWL,2026-02-09 13:15:00+05:30,210.92999267578125,211.24000549316406,211.8000030517578,210.1999969482422,870019
AWL,2026-02-10 09:15:00+05:30,212.0,209.99000549316406,212.5800018310547,209.8000030517578,389100
AWL,2026-02-10 13:15:00+05:30,210.0,209.85000610351562,210.07000732421875,209.64999389648438,385787
AXISBANK,2026-02-02 09:15:00+05:30,1333.699951171875,1316.4000244140625,1351.0999755859375,1315.800048828125,2213678
AXISBANK,2026-02-02 13:15:00+05:30,1316.4000244140625,1311.5,1318.9000244140625,1302.9000244140625,5218106
AXISBANK,2026-02-03 09:15:00+05:30,1396.9000244140625,1356.800048828125,1396.9000244140625,1346.199951171875,2124099
AXISBANK,2026-02-03 13:15:00+05:30,1356.800048828125,1356.0,1360.699951171875,1352.300048828125,3121489
AXISBANK,2026-02-04 09:15:00+05:30,1361.699951171875,1342.800048828125,1367.0,1336.699951171875,2156812
AXISBANK,2026-02-04 13:15:00+05:30,1342.800048828125,1339.800048828125,1348.9000244140625,1337.0999755859375,3003468
AXISBANK,2026-02-05 09:15:00+05:30,1336.300048828125,1324.0,1339.0,1317.4000244140625,919147
AXISBANK,2026-02-05 13:15:00+05:30,1323.9000244140625,1330.5999755859375,1332.0,1320.5999755859375,2199583
AXISBANK,2026-02-06 09:15:00+05:30,1327.0,1337.9000244140625,1346.4000244140625,1327.0,2323453
AXISBANK,2026-02-06 13:15:00+05:30,1337.9000244140625,1341.5999755859375,1344.0,1337.300048828125,1980411
AXISBANK,2026-02-09 09:15:00+05:30,1348.300048828125,1345.300048828125,1348.300048828125,1330.800048828125,1530125
AXISBANK,2026-02-09 13:15:00+05:30,1345.300048828125,1341.4000244140625,1346.199951171875,1339.199951171875,1461612
AXISBANK,2026-02-10 09:15:00+05:30,1346.199951171875,1353.800048828125,1360.0,1346.199951171875,1501340
AXISBANK,2026-02-10 13:15:00+05:30,1353.699951171875,1355.0999755859375,1358.199951171875,1347.5999755859375,2620962
AXISCADES,2026-02-02 09:15:00+05:30,1154.699951171875,1114.699951171875,1167.5,1114.699951171875,25494
AXISCADES,2026-02-02 13:15:00+05:30,1114.699951171875,1114.699951171875,1114.699951171875,1114.699951171875,15654
AXISCADES,2026-02-03 09:15:00+05:30,1165.0,1157.0,1170.4000244140625,1114.800048828125,73410
AXISCADES,2026-02-03 13:15:00+05:30,1156.800048828125,1170.4000244140625,1170.4000244140625,1151.800048828125,29885
AXISCADES,2026-02-04 09:15:00+05:30,1180.9000244140625,1228.300048828125,1228.300048828125,1174.0,15225
AXISCADES,2026-02-04 13:15:00+05:30,1228.300048828125,1228.300048828125,1228.300048828125,1228.300048828125,2704
AXISCADES,2026-02-05 09:15:00+05:30,1235.199951171875,1179.0,1244.699951171875,1177.0999755859375,39135
AXISCADES,2026-02-05 13:15:00+05:30,1178.9000244140625,1188.0,1191.300048828125,1173.0,20298
AXISCADES,2026-02-06 09:15:00+05:30,1180.5999755859375,1128.0999755859375,1180.5999755859375,1121.699951171875,111189
AXISCADES,2026-02-06 13:15:00+05:30,1128.0,1123.5,1148.0,1121.699951171875,53432
AXISCADES,2026-02-09 09:15:00+05:30,1153.0,1179.5999755859375,1179.5999755859375,1153.0,3219
AXISCADES,2026-02-09 13:15:00+05:30,1179.5999755859375,1179.5999755859375,1179.5999755859375,1179.5999755859375,7682
AXISCADES,2026-02-10 09:15:00+05:30,1238.5,1238.5,1238.5,1238.5,7493
AXISCADES,2026-02-10 13:15:00+05:30,1238.5,1238.5,1238.5,1238.5,1884
AYMSYNTEX,2026-02-02 09:15:00+05:30,156.60000610351562,159.88999938964844,161.7899932861328,155.52000427246094,3259
AYMSYNTEX,2026-02-02 13:15:00+05:30,158.55999755859375,159.55999755859375,160.0,157.0800018310547,1893
AYMSYNTEX,2026-02-03 09:15:00+05:30,170.0,180.1999969482422,190.50999450683594,170.0,81418
AYMSYNTEX,2026-02-03 13:15:00+05:30,181.72000122070312,171.25,182.5,171.25,25090
AYMSYNTEX,2026-02-04 09:15:00+05:30,173.0,178.92999267578125,187.0,173.0,10589
AYMSYNTEX,2026-02-04 13:15:00+05:30,179.3000030517578,180.0,184.89999389648438,177.42999267578125,6732
AYMSYNTEX,2026-02-05 09:15:00+05:30,176.10000610351562,179.1999969482422,182.2100067138672,176.10000610351562,7380
AYMSYNTEX,2026-02-05 13:15:00+05:30,178.9499969482422,175.61000061035156,179.7100067138672,175.0,2542
AYMSYNTEX,2026-02-06 09:15:00+05:30,176.94000244140625,177.0,180.77999877929688,175.75,14110
AYMSYNTEX,2026-02-06 13:15:00+05:30,177.27999877929688,176.4499969482422,177.89999389648438,175.75,936
AYMSYNTEX,2026-02-09 09:15:00+05:30,178.94000244140625,183.17999267578125,184.4499969482422,176.67999267578125,4463
AYMSYNTEX,2026-02-09 13:15:00+05:30,184.0,187.3000030517578,189.8000030517578,183.2100067138672,14205
AYMSYNTEX,2026-02-10 09:15:00+05:30,187.3000030517578,197.25,198.24000549316406,183.14999389648438,6508
AYMSYNTEX,2026-02-10 13:15:00+05:30,195.0,196.83999633789062,198.5,195.0,5033
BAFNAPH,2026-02-02 09:15:00+05:30,118.80000305175781,118.0,121.9000015258789,116.9000015258789,98
BAFNAPH,2026-02-02 13:15:00+05:30,120.0,120.0,120.0,120.0,275
BAFNAPH,2026-02-03 09:15:00+05:30,120.0,119.05000305175781,123.69000244140625,118.20999908447266,1871
BAFNAPH,2026-02-03 13:15:00+05:30,121.0,122.69000244140625,122.87999725341797,120.16999816894531,336
BAFNAPH,2026-02-04 09:15:00+05:30,117.0999984741211,117.19999694824219,122.36000061035156,117.0999984741211,1145
BAFNAPH,2026-02-04 13:15:00+05:30,118.01000213623047,118.0999984741211,118.1500015258789,117.19999694824219,2293
BAFNAPH,2026-02-05 09:15:00+05:30,114.19999694824219,116.01000213623047,117.0,114.19999694824219,96
BAFNAPH,2026-02-05 13:15:00+05:30,116.0,115.79000091552734,116.0,115.0,1090
BAFNAPH,2026-02-06 09:15:00+05:30,119.43000030517578,115.79000091552734,119.43000030517578,115.79000091552734,222
BAFNAPH,2026-02-06 13:15:00+05:30,116.9000015258789,116.0,116.9000015258789,116.0,144
BAFNAPH,2026-02-09 09:15:00+05:30,121.80000305175781,121.80000305175781,121.80000305175781,121.80000305175781,2168
BAFNAPH,2026-02-09 13:15:00+05:30,121.80000305175781,121.80000305175781,121.80000305175781,121.80000305175781,82
BAFNAPH,2026-02-10 09:15:00+05:30,127.88999938964844,125.0,127.88999938964844,123.69999694824219,13527
BAFNAPH,2026-02-10 13:15:00+05:30,127.88999938964844,127.88999938964844,127.88999938964844,127.0,823
BAJAJ-AUTO,2026-02-02 09:15:00+05:30,9365.0,9437.5,9454.0,9252.0,150603
BAJAJ-AUTO,2026-02-02 13:15:00+05:30,9436.5,9474.0,9519.0,9388.5,100568
BAJAJ-AUTO,2026-02-03 09:15:00+05:30,9767.0,9633.0,9767.0,9521.5,326409
BAJAJ-AUTO,2026-02-03 13:15:00+05:30,9633.0,9605.0,9648.5,9581.5,89104
BAJAJ-AUTO,2026-02-04 09:15:00+05:30,9600.0,9624.0,9721.5,9529.5,79754
BAJAJ-AUTO,2026-02-04 13:15:00+05:30,9624.0,9639.0,9678.0,9594.5,74476
BAJAJ-AUTO,2026-02-05 09:15:00+05:30,9639.0,9667.0,9679.0,9601.0,49191
BAJAJ-AUTO,2026-02-05 13:15:00+05:30,9667.0,9647.0,9669.0,9620.0,71498
BAJAJ-AUTO,2026-02-06 09:15:00+05:30,9620.0,9494.0,9668.0,9472.5,76819
BAJAJ-AUTO,2026-02-06 13:15:00+05:30,9493.0,9518.5,9550.0,9483.0,84381
BAJAJ-AUTO,2026-02-09 09:15:00+05:30,9597.0,9546.5,9626.5,9534.0,61610
BAJAJ-AUTO,2026-02-09 13:15:00+05:30,9547.0,9590.0,9608.5,9532.5,81913
BAJAJ-AUTO,2026-02-10 09:15:00+05:30,9617.5,9823.0,9833.0,9591.0,167249
BAJAJ-AUTO,2026-02-10 13:15:00+05:30,9825.0,9763.5,9825.0,9757.0,128413
BAJAJCON,2026-02-02 09:15:00+05:30,311.70001220703125,334.29998779296875,337.79998779296875,309.1499938964844,1643075
BAJAJCON,2026-02-02 13:15:00+05:30,334.29998779296875,351.45001220703125,351.5,331.25,2498592
BAJAJCON,2026-02-03 09:15:00+05:30,362.54998779296875,352.5,362.54998779296875,347.6000061035156,423245
BAJAJCON,2026-02-03 13:15:00+05:30,352.6499938964844,356.3999938964844,360.0,349.1499938964844,589911
BAJAJCON,2026-02-04 09:15:00+05:30,353.0,358.1499938964844,359.79998779296875,349.0,377532
BAJAJCON,2026-02-04 13:15:00+05:30,357.6000061035156,357.0,357.75,355.3500061035156,212853
BAJAJCON,2026-02-05 09:15:00+05:30,357.1000061035156,356.5,368.5,353.3500061035156,820233
BAJAJCON,2026-02-05 13:15:00+05:30,356.70001220703125,362.8500061035156,365.0,355.1499938964844,462651
BAJAJCON,2026-02-06 09:15:00+05:30,364.29998779296875,355.45001220703125,367.04998779296875,350.04998779296875,265473
BAJAJCON,2026-02-06 13:15:00+05:30,355.45001220703125,360.45001220703125,360.95001220703125,354.8500061035156,142440
BAJAJCON,2026-02-09 09:15:00+05:30,365.0,373.29998779296875,378.79998779296875,364.3999938964844,733946
BAJAJCON,2026-02-09 13:15:00+05:30,373.6499938964844,380.1499938964844,382.0,373.04998779296875,535090
BAJAJCON,2026-02-10 09:15:00+05:30,381.0,385.75,388.54998779296875,379.6000061035156,380201
BAJAJCON,2026-02-10 13:15:00+05:30,385.70001220703125,383.0,386.5,380.45001220703125,305513
BAJAJELEC,2026-02-02 09:15:00+05:30,405.8999938964844,396.25,405.8999938964844,392.5,29967
BAJAJELEC,2026-02-02 13:15:00+05:30,396.0,396.0,397.6000061035156,395.04998779296875,38298
BAJAJELEC,2026-02-03 09:15:00+05:30,408.0,410.1499938964844,410.5,403.0,28531
BAJAJELEC,2026-02-03 13:15:00+05:30,410.1499938964844,416.70001220703125,440.3500061035156,408.54998779296875,487687
BAJAJELEC,2026-02-04 09:15:00+05:30,415.95001220703125,417.0,419.95001220703125,412.20001220703125,22785
BAJAJELEC,2026-02-04 13:15:00+05:30,417.0,415.25,417.79998779296875,414.5,30712
BAJAJELEC,2026-02-05 09:15:00+05:30,413.0,418.3500061035156,422.04998779296875,409.29998779296875,32576
BAJAJELEC,2026-02-05 13:15:00+05:30,418.29998779296875,414.20001220703125,418.95001220703125,413.0,29087
BAJAJELEC,2026-02-06 09:15:00+05:30,414.0,408.75,414.0,406.75,17345
BAJAJELEC,2026-02-06 13:15:00+05:30,408.29998779296875,412.70001220703125,414.04998779296875,408.04998779296875,16639
BAJAJELEC,2026-02-09 09:15:00+05:30,417.95001220703125,423.6499938964844,425.6000061035156,413.95001220703125,53767
BAJAJELEC,2026-02-09 13:15:00+05:30,423.6000061035156,408.6000061035156,427.75,389.79998779296875,2024533
BAJAJELEC,2026-02-10 09:15:00+05:30,403.29998779296875,400.6499938964844,403.79998779296875,387.8999938964844,242618
BAJAJELEC,2026-02-10 13:15:00+05:30,400.6000061035156,400.0,401.5,397.5,833238
BAJAJFINSV,2026-02-02 09:15:00+05:30,1890.0999755859375,1919.5,1920.800048828125,1877.0999755859375,357283
BAJAJFINSV,2026-02-02 13:15:00+05:30,1918.9000244140625,1934.0,1937.0999755859375,1912.5999755859375,526370
BAJAJFINSV,2026-02-03 09:15:00+05:30,2020.0,2013.0,2034.699951171875,1997.300048828125,375337
BAJAJFINSV,2026-02-03 13:15:00+05:30,2013.0,2011.0,2023.800048828125,2008.9000244140625,489468
BAJAJFINSV,2026-02-04 09:15:00+05:30,1993.0999755859375,2010.699951171875,2025.699951171875,1991.0999755859375,174389
BAJAJFINSV,2026-02-04 13:15:00+05:30,2010.800048828125,2019.5999755859375,2032.0,1997.0999755859375,651334
BAJAJFINSV,2026-02-05 09:15:00+05:30,2008.0999755859375,2002.199951171875,2021.5999755859375,1992.5999755859375,208780
BAJAJFINSV,2026-02-05 13:15:00+05:30,2002.199951171875,2006.199951171875,2006.9000244140625,1997.0999755859375,516684
BAJAJFINSV,2026-02-06 09:15:00+05:30,2002.800048828125,2005.9000244140625,2019.5,1985.0,609413
BAJAJFINSV,2026-02-06 13:15:00+05:30,2005.5999755859375,2024.199951171875,2027.0,2005.0,454185
BAJAJFINSV,2026-02-09 09:15:00+05:30,2026.0,2025.9000244140625,2031.5999755859375,2018.800048828125,171922
BAJAJFINSV,2026-02-09 13:15:00+05:30,2025.9000244140625,2024.5999755859375,2027.0999755859375,2022.800048828125,176302
BAJAJFINSV,2026-02-10 09:15:00+05:30,2027.0,2025.0999755859375,2033.9000244140625,2020.300048828125,351153
BAJAJFINSV,2026-02-10 13:15:00+05:30,2025.0999755859375,2027.9000244140625,2030.0,2023.0,297291
BAJAJHCARE,2026-02-02 09:15:00+05:30,342.45001220703125,332.70001220703125,343.29998779296875,329.8999938964844,37450
BAJAJHCARE,2026-02-02 13:15:00+05:30,332.20001220703125,341.0,342.0,330.5,23170
BAJAJHCARE,2026-02-03 09:15:00+05:30,357.0,353.75,358.0,345.1499938964844,57236
BAJAJHCARE,2026-02-03 13:15:00+05:30,353.75,354.04998779296875,355.0,352.1000061035156,23544
BAJAJHCARE,2026-02-04 09:15:00+05:30,354.0,353.75,358.0,350.25,17980
BAJAJHCARE,2026-02-04 13:15:00+05:30,353.6000061035156,354.79998779296875,357.0,353.25,14794
BAJAJHCARE,2026-02-05 09:15:00+05:30,357.8999938964844,374.79998779296875,375.20001220703125,350.04998779296875,105112
BAJAJHCARE,2026-02-05 13:15:00+05:30,374.79998779296875,368.6499938964844,376.0,367.0,69029
BAJAJHCARE,2026-02-06 09:15:00+05:30,370.75,370.6499938964844,374.0,360.8500061035156,31573
BAJAJHCARE,2026-02-06 13:15:00+05:30,370.6499938964844,372.75,377.29998779296875,366.79998779296875,35926
BAJAJHCARE,2026-02-09 09:15:00+05:30,376.95001220703125,378.5,381.95001220703125,374.29998779296875,34717
BAJAJHCARE,2026-02-09 13:15:00+05:30,378.5,381.3500061035156,383.0,376.3500061035156,23473
BAJAJHCARE,2026-02-10 09:15:00+05:30,383.1499938964844,378.54998779296875,386.45001220703125,373.8999938964844,23245
BAJAJHCARE,2026-02-10 13:15:00+05:30,378.29998779296875,380.1000061035156,381.25,375.5,26259
BAJAJHIND,2026-02-02 09:15:00+05:30,16.079999923706055,15.779999732971191,16.100000381469727,15.5600004196167,1796980
BAJAJHIND,2026-02-02 13:15:00+05:30,15.779999732971191,16.059999465942383,16.139999389648438,15.6899995803833,1792921
BAJAJHIND,2026-02-03 09:15:00+05:30,16.610000610351562,16.329999923706055,16.739999771118164,16.170000076293945,1144677
BAJAJHIND,2026-02-03 13:15:00+05:30,16.31999969482422,16.329999923706055,16.440000534057617,16.270000457763672,1320007
BAJAJHIND,2026-02-04 09:15:00+05:30,16.270000457763672,16.510000228881836,16.850000381469727,16.25,2969496
BAJAJHIND,2026-02-04 13:15:00+05:30,16.510000228881836,16.56999969482422,16.639999389648438,16.479999542236328,1322037
BAJAJHIND,2026-02-05 09:15:00+05:30,16.5,16.34000015258789,16.790000915527344,16.239999771118164,861411
BAJAJHIND,2026-02-05 13:15:00+05:30,16.34000015258789,16.350000381469727,16.420000076293945,16.270000457763672,1119307
BAJAJHIND,2026-02-06 09:15:00+05:30,16.350000381469727,16.030000686645508,16.350000381469727,15.930000305175781,1175449
BAJAJHIND,2026-02-06 13:15:00+05:30,16.030000686645508,16.15999984741211,16.219999313354492,16.0,1111054
BAJAJHIND,2026-02-09 09:15:00+05:30,16.399999618530273,17.1200008392334,17.190000534057617,16.299999237060547,3928213
BAJAJHIND,2026-02-09 13:15:00+05:30,17.149999618530273,17.139999389648438,17.25,17.040000915527344,2312413
BAJAJHIND,2026-02-10 09:15:00+05:30,17.100000381469727,17.450000762939453,17.520000457763672,17.020000457763672,1506238
BAJAJHIND,2026-02-10 13:15:00+05:30,17.479999542236328,17.65999984741211,17.809999465942383,17.360000610351562,3025256
BAJAJHLDNG,2026-02-02 09:15:00+05:30,10560.0,10509.0,10560.0,10401.0,19047
BAJAJHLDNG,2026-02-02 13:15:00+05:30,10508.0,10640.0,10693.0,10492.0,12179
BAJAJHLDNG,2026-02-03 09:15:00+05:30,10801.0,10938.0,10977.0,10801.0,15518
BAJAJHLDNG,2026-02-03 13:15:00+05:30,10940.0,10911.0,11035.0,10877.0,52743
BAJAJHLDNG,2026-02-04 09:15:00+05:30,10915.0,11028.0,11081.0,10869.0,6878
BAJAJHLDNG,2026-02-04 13:15:00+05:30,11025.0,10875.0,11029.0,10827.0,30043
BAJAJHLDNG,2026-02-05 09:15:00+05:30,11003.0,10986.0,11303.0,10967.0,118014
BAJAJHLDNG,2026-02-05 13:15:00+05:30,10986.0,10891.0,11000.0,10825.0,45293
BAJAJHLDNG,2026-02-06 09:15:00+05:30,10915.0,10802.0,10930.0,10675.0,16703
BAJAJHLDNG,2026-02-06 13:15:00+05:30,10802.0,10999.0,11022.0,10779.0,20944
BAJAJHLDNG,2026-02-09 09:15:00+05:30,11049.0,11115.0,11135.0,10957.0,22242
BAJAJHLDNG,2026-02-09 13:15:00+05:30,11122.0,11101.0,11124.0,11041.0,18981
BAJAJHLDNG,2026-02-10 09:15:00+05:30,11048.0,11040.0,11141.0,11011.0,8026
BAJAJHLDNG,2026-02-10 13:15:00+05:30,11039.0,11081.0,11136.0,11031.0,20653
BAJFINANCE,2026-02-02 09:15:00+05:30,890.1500244140625,900.3499755859375,906.0999755859375,890.1500244140625,3021773
BAJFINANCE,2026-02-02 13:15:00+05:30,900.3499755859375,908.0,908.7999877929688,889.0999755859375,7384029
BAJFINANCE,2026-02-03 09:15:00+05:30,969.2999877929688,961.1500244140625,972.4000244140625,942.0999755859375,3644116
BAJFINANCE,2026-02-03 13:15:00+05:30,961.2000122070312,964.4000244140625,971.6500244140625,961.1500244140625,5694667
BAJFINANCE,2026-02-04 09:15:00+05:30,947.5499877929688,967.25,975.4500122070312,944.5999755859375,5214578
BAJFINANCE,2026-02-04 13:15:00+05:30,967.2999877929688,963.9500122070312,971.6500244140625,959.9500122070312,3124267
BAJFINANCE,2026-02-05 09:15:00+05:30,963.2999877929688,966.2000122070312,967.0,953.2000122070312,2097624
BAJFINANCE,2026-02-05 13:15:00+05:30,966.25,964.75,968.4500122070312,962.8499755859375,2418348
BAJFINANCE,2026-02-06 09:15:00+05:30,971.5,975.6500244140625,986.4500122070312,966.0999755859375,4765215
BAJFINANCE,2026-02-06 13:15:00+05:30,975.7000122070312,982.0,983.0,975.1500244140625,4362500
BAJFINANCE,2026-02-09 09:15:00+05:30,985.0,980.8499755859375,985.2999877929688,971.5999755859375,1612357
BAJFINANCE,2026-02-09 13:15:00+05:30,980.9500122070312,981.5,984.3499755859375,980.0,1974279
BAJFINANCE,2026-02-10 09:15:00+05:30,983.0,968.5499877929688,984.4500122070312,961.5,2521976
BAJFINANCE,2026-02-10 13:15:00+05:30,968.4000244140625,965.1500244140625,970.2999877929688,963.4000244140625,2216564
BALAJITELE,2026-02-02 09:15:00+05:30,78.02999877929688,78.13999938964844,79.72000122070312,76.41999816894531,153076
BALAJITELE,2026-02-02 13:15:00+05:30,77.98999786376953,82.36000061035156,83.48999786376953,77.44000244140625,341597
BALAJITELE,2026-02-03 09:15:00+05:30,84.41999816894531,86.5999984741211,88.43000030517578,84.41000366210938,443245
BALAJITELE,2026-02-03 13:15:00+05:30,86.69999694824219,88.26000213623047,88.80000305175781,86.25,137659
BALAJITELE,2026-02-04 09:15:00+05:30,87.5,90.05000305175781,90.45999908447266,86.63999938964844,244048
BALAJITELE,2026-02-04 13:15:00+05:30,89.69999694824219,88.6500015258789,90.23999786376953,87.88999938964844,207138
BALAJITELE,2026-02-05 09:15:00+05:30,88.0,89.0,89.33999633789062,86.58000183105469,163835
BALAJITELE,2026-02-05 13:15:00+05:30,88.68000030517578,90.5,96.0,88.08000183105469,458904
BALAJITELE,2026-02-06 09:15:00+05:30,90.80000305175781,90.63999938964844,92.9800033569336,88.29000091552734,73763
BALAJITELE,2026-02-06 13:15:00+05:30,90.4800033569336,89.05999755859375,91.7300033569336,89.05000305175781,94539
BALAJITELE,2026-02-09 09:15:00+05:30,90.5,94.6500015258789,94.9000015258789,89.06999969482422,122563
BALAJITELE,2026-02-09 13:15:00+05:30,94.86000061035156,94.37999725341797,95.5,93.12999725341797,335428
BALAJITELE,2026-02-10 09:15:00+05:30,94.37999725341797,94.4000015258789,94.9000015258789,93.51000213623047,189594
BALAJITELE,2026-02-10 13:15:00+05:30,94.31999969482422,94.30000305175781,94.48999786376953,92.70999908447266,120540
BALAMINES,2026-02-02 09:15:00+05:30,1121.4000244140625,1072.0,1121.5999755859375,1060.4000244140625,72252
BALAMINES,2026-02-02 13:15:00+05:30,1071.0,1088.300048828125,1103.699951171875,1065.0,69436
BALAMINES,2026-02-03 09:15:00+05:30,1160.0999755859375,1136.5999755859375,1169.699951171875,1118.0999755859375,50544
BALAMINES,2026-02-03 13:15:00+05:30,1135.4000244140625,1138.0,1145.300048828125,1134.5,47007
BALAMINES,2026-02-04 09:15:00+05:30,1134.199951171875,1130.699951171875,1139.300048828125,1121.0,18776
BALAMINES,2026-02-04 13:15:00+05:30,1130.0,1148.0,1150.0,1130.0,42584
BALAMINES,2026-02-05 09:15:00+05:30,1151.0,1118.0999755859375,1151.0,1118.0,27430
BALAMINES,2026-02-05 13:15:00+05:30,1118.0,1105.300048828125,1118.300048828125,1098.0999755859375,50980
BALAMINES,2026-02-06 09:15:00+05:30,1104.9000244140625,1119.0,1129.0,1093.300048828125,54217
BALAMINES,2026-02-06 13:15:00+05:30,1120.0,1125.4000244140625,1132.699951171875,1117.0,43750
BALAMINES,2026-02-09 09:15:00+05:30,1139.0,1150.5,1153.800048828125,1126.800048828125,41823
BALAMINES,2026-02-09 13:15:00+05:30,1151.300048828125,1154.800048828125,1161.0999755859375,1147.4000244140625,38451
BALAMINES,2026-02-10 09:15:00+05:30,1160.0999755859375,1145.5,1178.0999755859375,1140.699951171875,37550
BALAMINES,2026-02-10 13:15:00+05:30,1145.9000244140625,1130.0,1145.9000244140625,1115.300048828125,81777
BALAXI,2026-02-02 09:15:00+05:30,25.1299991607666,23.719999313354492,25.1299991607666,23.719999313354492,15554
BALAXI,2026-02-02 13:15:00+05:30,23.799999237060547,23.989999771118164,24.0,23.670000076293945,8003
BALAXI,2026-02-03 09:15:00+05:30,25.0,24.579999923706055,25.25,23.799999237060547,28659
BALAXI,2026-02-03 13:15:00+05:30,24.520000457763672,25.5,25.8799991607666,24.520000457763672,62648
BALAXI,2026-02-04 09:15:00+05:30,25.25,24.5,25.389999389648438,24.290000915527344,46530
BALAXI,2026-02-04 13:15:00+05:30,24.5,23.979999542236328,24.5,23.829999923706055,723254
BALAXI,2026-02-05 09:15:00+05:30,24.489999771118164,23.969999313354492,24.489999771118164,23.6299991607666,31633
BALAXI,2026-02-05 13:15:00+05:30,23.969999313354492,23.030000686645508,24.0,22.90999984741211,106621
BALAXI,2026-02-06 09:15:00+05:30,22.299999237060547,22.81999969482422,23.469999313354492,22.299999237060547,23614
BALAXI,2026-02-06 13:15:00+05:30,22.81999969482422,22.8700008392334,22.899999618530273,22.700000762939453,15595
BALAXI,2026-02-09 09:15:00+05:30,23.600000381469727,22.989999771118164,23.600000381469727,22.860000610351562,54144
BALAXI,2026-02-09 13:15:00+05:30,22.989999771118164,22.969999313354492,23.209999084472656,22.860000610351562,40524
BALAXI,2026-02-10 09:15:00+05:30,23.43000030517578,22.5,23.43000030517578,22.360000610351562,86495
BALAXI,2026-02-10 13:15:00+05:30,22.479999542236328,22.43000030517578,22.899999618530273,22.360000610351562,42981
BALKRISHNA,2026-02-02 09:15:00+05:30,17.190000534057617,16.780000686645508,17.190000534057617,16.309999465942383,5146
BALKRISHNA,2026-02-02 13:15:00+05:30,16.450000762939453,16.309999465942383,16.770000457763672,16.110000610351562,4633
BALKRISHNA,2026-02-03 09:15:00+05:30,17.0,16.700000762939453,17.5,16.549999237060547,10988
BALKRISHNA,2026-02-03 13:15:00+05:30,16.959999084472656,16.549999237060547,16.959999084472656,16.549999237060547,3905
BALKRISHNA,2026-02-04 09:15:00+05:30,17.979999542236328,17.110000610351562,17.979999542236328,16.31999969482422,4766
BALKRISHNA,2026-02-04 13:15:00+05:30,17.0,16.799999237060547,17.0,16.670000076293945,7957
BALKRISHNA,2026-02-05 09:15:00+05:30,17.280000686645508,16.719999313354492,17.280000686645508,16.649999618530273,8047
BALKRISHNA,2026-02-05 13:15:00+05:30,16.719999313354492,16.969999313354492,16.979999542236328,16.719999313354492,1725
BALKRISHNA,2026-02-06 09:15:00+05:30,17.469999313354492,16.760000228881836,17.469999313354492,16.459999084472656,9271
BALKRISHNA,2026-02-06 13:15:00+05:30,16.559999465942383,16.670000076293945,16.950000762939453,16.520000457763672,4802
BALKRISHNA,2026-02-09 09:15:00+05:30,16.25,17.06999969482422,17.989999771118164,16.25,50734
BALKRISHNA,2026-02-09 13:15:00+05:30,17.190000534057617,16.979999542236328,17.489999771118164,16.8799991607666,22710
BALKRISHNA,2026-02-10 09:15:00+05:30,17.799999237060547,17.0,17.799999237060547,16.799999237060547,11413
BALKRISHNA,2026-02-10 13:15:00+05:30,17.0,16.790000915527344,17.0,16.700000762939453,5812
BALKRISIND,2026-02-02 09:15:00+05:30,2290.199951171875,2246.89990234375,2326.300048828125,2226.10009765625,70434
BALKRISIND,2026-02-02 13:15:00+05:30,2245.5,2304.0,2306.89990234375,2241.60009765625,75726
BALKRISIND,2026-02-03 09:15:00+05:30,2500.0,2601.39990234375,2752.5,2411.0,1735379
BALKRISIND,2026-02-03 13:15:00+05:30,2599.60009765625,2551.10009765625,2605.0,2551.0,411301
BALKRISIND,2026-02-04 09:15:00+05:30,2486.300048828125,2586.0,2630.0,2486.300048828125,133293
BALKRISIND,2026-02-04 13:15:00+05:30,2585.89990234375,2663.5,2687.60009765625,2580.0,139092
BALKRISIND,2026-02-05 09:15:00+05:30,2648.10009765625,2698.89990234375,2744.89990234375,2573.699951171875,315009
BALKRISIND,2026-02-05 13:15:00+05:30,2698.800048828125,2678.0,2700.0,2665.0,147525
BALKRISIND,2026-02-06 09:15:00+05:30,2663.60009765625,2681.10009765625,2684.0,2591.0,48820
BALKRISIND,2026-02-06 13:15:00+05:30,2685.0,2700.0,2744.0,2684.5,97336
BALKRISIND,2026-02-09 09:15:00+05:30,2724.5,2673.60009765625,2724.5,2645.5,103145
BALKRISIND,2026-02-09 13:15:00+05:30,2673.60009765625,2670.0,2691.5,2670.0,91261
BALKRISIND,2026-02-10 09:15:00+05:30,2688.60009765625,2716.5,2775.0,2675.10009765625,120757
BALKRISIND,2026-02-10 13:15:00+05:30,2716.39990234375,2716.300048828125,2723.199951171875,2704.0,59279
BALMLAWRIE,2026-02-02 09:15:00+05:30,176.3000030517578,172.5500030517578,176.3000030517578,171.7100067138672,31445
BALMLAWRIE,2026-02-02 13:15:00+05:30,172.30999755859375,175.4499969482422,175.74000549316406,171.8000030517578,36579
BALMLAWRIE,2026-02-03 09:15:00+05:30,178.10000610351562,176.39999389648438,178.10000610351562,175.05999755859375,58328
BALMLAWRIE,2026-02-03 13:15:00+05:30,176.3000030517578,176.74000549316406,177.0,175.9199981689453,20776
BALMLAWRIE,2026-02-04 09:15:00+05:30,176.72999572753906,180.32000732421875,180.39999389648438,174.57000732421875,71941
BALMLAWRIE,2026-02-04 13:15:00+05:30,180.08999633789062,181.8000030517578,181.8000030517578,180.00999450683594,61809
BALMLAWRIE,2026-02-05 09:15:00+05:30,180.85000610351562,180.0,183.22000122070312,178.02000427246094,143740
BALMLAWRIE,2026-02-05 13:15:00+05:30,179.99000549316406,179.8000030517578,180.8800048828125,179.39999389648438,30675
BALMLAWRIE,2026-02-06 09:15:00+05:30,178.99000549316406,180.61000061035156,181.13999938964844,177.0,55545
BALMLAWRIE,2026-02-06 13:15:00+05:30,180.55999755859375,180.30999755859375,180.99000549316406,179.63999938964844,37565
BALMLAWRIE,2026-02-09 09:15:00+05:30,181.0,182.85000610351562,184.89999389648438,178.0,128003
BALMLAWRIE,2026-02-09 13:15:00+05:30,182.85000610351562,182.9199981689453,183.58999633789062,182.61000061035156,45292
BALMLAWRIE,2026-02-10 09:15:00+05:30,184.0,183.1199951171875,184.7899932861328,182.58999633789062,30133
BALMLAWRIE,2026-02-10 13:15:00+05:30,183.19000244140625,182.99000549316406,183.8699951171875,182.7100067138672,54734
BALPHARMA,2026-02-02 09:15:00+05:30,70.62000274658203,66.41999816894531,72.0,66.4000015258789,4694
BALPHARMA,2026-02-02 13:15:00+05:30,67.5,66.91999816894531,67.5999984741211,66.5,1145
BALPHARMA,2026-02-03 09:15:00+05:30,69.0,68.79000091552734,69.6500015258789,66.94999694824219,3771
BALPHARMA,2026-02-03 13:15:00+05:30,68.79000091552734,68.68000030517578,68.9800033569336,68.0,1326
BALPHARMA,2026-02-04 09:15:00+05:30,69.0,68.8499984741211,70.69000244140625,67.4000015258789,1425
BALPHARMA,2026-02-04 13:15:00+05:30,68.8499984741211,69.56999969482422,69.94999694824219,68.8499984741211,1499
BALPHARMA,2026-02-05 09:15:00+05:30,70.9000015258789,70.12999725341797,72.81999969482422,69.70999908447266,972
BALPHARMA,2026-02-05 13:15:00+05:30,70.0,70.31999969482422,71.9000015258789,69.69999694824219,2772
BALPHARMA,2026-02-06 09:15:00+05:30,69.97000122070312,70.31999969482422,70.31999969482422,68.5,2485
BALPHARMA,2026-02-06 13:15:00+05:30,70.3499984741211,69.93000030517578,70.87999725341797,68.52999877929688,1162
BALPHARMA,2026-02-09 09:15:00+05:30,69.0,70.9800033569336,72.94999694824219,69.0,3751
BALPHARMA,2026-02-09 13:15:00+05:30,70.9800033569336,70.41000366210938,70.98999786376953,69.70999908447266,804
BALPHARMA,2026-02-10 09:15:00+05:30,72.0999984741211,69.94000244140625,72.0999984741211,69.3499984741211,4012
BALPHARMA,2026-02-10 13:15:00+05:30,70.0,70.08999633789062,70.69000244140625,69.69999694824219,3352
BALRAMCHIN,2026-02-02 09:15:00+05:30,421.0,419.45001220703125,423.75,416.25,83366
BALRAMCHIN,2026-02-02 13:15:00+05:30,419.45001220703125,423.0,424.0,414.29998779296875,211021
BALRAMCHIN,2026-02-03 09:15:00+05:30,431.0,432.3500061035156,434.0,427.20001220703125,61920
BALRAMCHIN,2026-02-03 13:15:00+05:30,432.1499938964844,437.45001220703125,442.8999938964844,431.6000061035156,158005
BALRAMCHIN,2026-02-04 09:15:00+05:30,437.0,438.79998779296875,441.70001220703125,433.29998779296875,48148
BALRAMCHIN,2026-02-04 13:15:00+05:30,438.75,441.0,443.95001220703125,438.3500061035156,48098
BALRAMCHIN,2026-02-05 09:15:00+05:30,441.6499938964844,438.1499938964844,443.29998779296875,436.79998779296875,26302
BALRAMCHIN,2026-02-05 13:15:00+05:30,437.75,446.6499938964844,448.0,437.75,118407
BALRAMCHIN,2026-02-06 09:15:00+05:30,445.75,444.6499938964844,448.0,439.54998779296875,37700
BALRAMCHIN,2026-02-06 13:15:00+05:30,444.79998779296875,445.04998779296875,445.6000061035156,441.5,54939
BALRAMCHIN,2026-02-09 09:15:00+05:30,445.04998779296875,453.79998779296875,457.0,443.8500061035156,117752
BALRAMCHIN,2026-02-09 13:15:00+05:30,453.75,453.25,456.25,452.5,124338
BALRAMCHIN,2026-02-10 09:15:00+05:30,457.5,455.5,457.5,448.5,96920
BALRAMCHIN,2026-02-10 13:15:00+05:30,455.5,458.25,475.0,454.5,1748295
BANARBEADS,2026-02-02 09:15:00+05:30,114.4800033569336,111.16000366210938,114.4800033569336,111.0,6
BANARBEADS,2026-02-02 13:15:00+05:30,110.0,108.19999694824219,111.16000366210938,106.36000061035156,1225
BANARBEADS,2026-02-03 09:15:00+05:30,114.83999633789062,123.94999694824219,127.0,114.83999633789062,30807
BANARBEADS,2026-02-03 13:15:00+05:30,123.0,123.69999694824219,124.4800033569336,121.7300033569336,5665
BANARBEADS,2026-02-04 09:15:00+05:30,128.0,121.63999938964844,128.0,120.2699966430664,1155
BANARBEADS,2026-02-04 13:15:00+05:30,121.01000213623047,121.37999725341797,122.22000122070312,120.94999694824219,662
BANARBEADS,2026-02-05 09:15:00+05:30,121.37999725341797,120.06999969482422,124.0,118.19999694824219,1496
BANARBEADS,2026-02-05 13:15:00+05:30,123.0,124.37999725341797,131.2899932861328,122.80000305175781,12200
BANARBEADS,2026-02-06 09:15:00+05:30,124.41000366210938,125.5999984741211,129.6999969482422,124.37999725341797,3653
BANARBEADS,2026-02-06 13:15:00+05:30,125.5999984741211,125.05000305175781,128.39999389648438,124.37999725341797,3632
BANARBEADS,2026-02-09 09:15:00+05:30,125.0,126.0,128.2100067138672,125.0,2091
BANARBEADS,2026-02-09 13:15:00+05:30,127.58000183105469,125.80000305175781,127.58000183105469,124.0,598
BANARBEADS,2026-02-10 09:15:00+05:30,130.1999969482422,127.5,130.3000030517578,125.19999694824219,570
BANARBEADS,2026-02-10 13:15:00+05:30,126.26000213623047,127.88999938964844,128.27999877929688,126.26000213623047,344
BANARISUG,2026-02-02 09:15:00+05:30,3565.60009765625,3595.800048828125,3606.0,3565.60009765625,41
BANARISUG,2026-02-02 13:15:00+05:30,3595.800048828125,3596.39990234375,3602.10009765625,3585.10009765625,110
BANARISUG,2026-02-03 09:15:00+05:30,3719.0,3612.0,3719.0,3600.0,92
BANARISUG,2026-02-03 13:15:00+05:30,3612.300048828125,3616.5,3619.89990234375,3590.199951171875,105
BANARISUG,2026-02-04 09:15:00+05:30,3624.300048828125,3601.300048828125,3624.300048828125,3585.60009765625,187
BANARISUG,2026-02-04 13:15:00+05:30,3601.300048828125,3600.5,3601.300048828125,3600.0,108
BANARISUG,2026-02-05 09:15:00+05:30,3600.10009765625,3600.0,3609.89990234375,3590.10009765625,288
BANARISUG,2026-02-05 13:15:00+05:30,3590.39990234375,3600.0,3600.10009765625,3590.39990234375,779
BANARISUG,2026-02-06 09:15:00+05:30,3627.5,3555.300048828125,3627.5,3555.300048828125,118
BANARISUG,2026-02-06 13:15:00+05:30,3600.0,3592.300048828125,3849.0,3556.199951171875,5701
BANARISUG,2026-02-09 09:15:00+05:30,3593.10009765625,3605.699951171875,3631.800048828125,3588.300048828125,120
BANARISUG,2026-02-09 13:15:00+05:30,3612.699951171875,3605.10009765625,3616.0,3600.0,95
BANARISUG,2026-02-10 09:15:00+05:30,3611.39990234375,3600.0,3628.800048828125,3600.0,193
BANARISUG,2026-02-10 13:15:00+05:30,3600.0,3598.5,3615.89990234375,3573.0,375
BANCOINDIA,2026-02-02 09:15:00+05:30,592.7999877929688,569.0,598.25,562.5,82118
BANCOINDIA,2026-02-02 13:15:00+05:30,569.25,591.5999755859375,598.6500244140625,564.4000244140625,122119
BANCOINDIA,2026-02-03 09:15:00+05:30,622.4000244140625,617.0499877929688,622.4000244140625,603.7999877929688,79934
BANCOINDIA,2026-02-03 13:15:00+05:30,617.5,614.5999755859375,619.8499755859375,611.0,80506
BANCOINDIA,2026-02-04 09:15:00+05:30,609.8499755859375,632.4000244140625,647.5,605.2999877929688,63638
BANCOINDIA,2026-02-04 13:15:00+05:30,631.6500244140625,644.0999755859375,646.9500122070312,631.0,110220
BANCOINDIA,2026-02-05 09:15:00+05:30,644.75,638.9500122070312,644.75,633.0999755859375,27882
BANCOINDIA,2026-02-05 13:15:00+05:30,639.0,635.1500244140625,641.6500244140625,632.0,32920
BANCOINDIA,2026-02-06 09:15:00+05:30,629.2000122070312,624.5999755859375,629.75,618.0499877929688,25858
BANCOINDIA,2026-02-06 13:15:00+05:30,623.7999877929688,625.0,629.8499755859375,622.9000244140625,44786
BANCOINDIA,2026-02-09 09:15:00+05:30,638.9500122070312,646.1500244140625,652.25,635.1500244140625,66638
BANCOINDIA,2026-02-09 13:15:00+05:30,646.1500244140625,644.5,648.0,642.2999877929688,58227
BANCOINDIA,2026-02-10 09:15:00+05:30,648.0,652.4000244140625,654.2999877929688,640.25,60571
BANCOINDIA,2026-02-10 13:15:00+05:30,652.4000244140625,652.5,655.0,650.0,73999
BANDHANBNK,2026-02-02 09:15:00+05:30,148.3000030517578,146.1699981689453,149.38999938964844,145.52000427246094,1635238
BANDHANBNK,2026-02-02 13:15:00+05:30,146.17999267578125,148.55999755859375,149.25,145.6999969482422,1974812
BANDHANBNK,2026-02-03 09:15:00+05:30,152.89999389648438,154.4600067138672,155.3300018310547,151.3800048828125,3899204
BANDHANBNK,2026-02-03 13:15:00+05:30,154.58999633789062,155.13999938964844,155.22999572753906,154.27000427246094,3868534
BANDHANBNK,2026-02-04 09:15:00+05:30,154.89999389648438,157.25999450683594,158.13999938964844,154.2100067138672,2321490
BANDHANBNK,2026-02-04 13:15:00+05:30,157.22999572753906,157.0,157.67999267578125,156.9499969482422,2192067
BANDHANBNK,2026-02-05 09:15:00+05:30,157.1999969482422,156.8800048828125,158.1999969482422,156.77999877929688,2072699
BANDHANBNK,2026-02-05 13:15:00+05:30,156.8800048828125,157.61000061035156,158.08999633789062,156.75,2283028
BANDHANBNK,2026-02-06 09:15:00+05:30,157.39999389648438,157.67999267578125,158.10000610351562,155.5800018310547,2139903
BANDHANBNK,2026-02-06 13:15:00+05:30,157.61000061035156,159.0,159.47000122070312,157.11000061035156,2190337
BANDHANBNK,2026-02-09 09:15:00+05:30,159.8300018310547,162.1999969482422,162.75,159.6199951171875,1854053
BANDHANBNK,2026-02-09 13:15:00+05:30,162.22000122070312,162.10000610351562,162.58999633789062,161.5,3641534
BANDHANBNK,2026-02-10 09:15:00+05:30,162.33999633789062,167.14999389648438,167.39999389648438,161.24000549316406,7018946
BANDHANBNK,2026-02-10 13:15:00+05:30,167.10000610351562,166.60000610351562,167.35000610351562,165.89999389648438,7036025
BANG,2026-02-02 09:15:00+05:30,44.290000915527344,43.02000045776367,44.779998779296875,43.0,764
BANG,2026-02-02 13:15:00+05:30,43.040000915527344,43.08000183105469,43.86000061035156,43.0,2895
BANG,2026-02-03 09:15:00+05:30,45.0,44.9900016784668,46.70000076293945,44.310001373291016,5860
BANG,2026-02-03 13:15:00+05:30,44.099998474121094,45.619998931884766,46.20000076293945,44.099998474121094,4869
BANG,2026-02-04 09:15:00+05:30,46.099998474121094,46.099998474121094,46.47999954223633,45.0,1254
BANG,2026-02-04 13:15:00+05:30,46.099998474121094,45.630001068115234,46.099998474121094,45.099998474121094,4923
BANG,2026-02-05 09:15:00+05:30,45.630001068115234,46.38999938964844,46.77000045776367,44.709999084472656,4428
BANG,2026-02-05 13:15:00+05:30,45.720001220703125,45.970001220703125,46.369998931884766,45.45000076293945,10213
BANG,2026-02-06 09:15:00+05:30,46.439998626708984,45.810001373291016,46.4900016784668,44.720001220703125,7528
BANG,2026-02-06 13:15:00+05:30,45.849998474121094,45.939998626708984,46.2599983215332,45.349998474121094,1460
BANG,2026-02-09 09:15:00+05:30,46.939998626708984,46.470001220703125,46.939998626708984,45.33000183105469,1657
BANG,2026-02-09 13:15:00+05:30,46.459999084472656,45.900001525878906,46.459999084472656,45.5099983215332,3423
BANG,2026-02-10 09:15:00+05:30,47.0,45.9900016784668,47.0,45.400001525878906,10306
BANG,2026-02-10 13:15:00+05:30,45.40999984741211,45.70000076293945,45.900001525878906,45.310001373291016,1924
BANKA,2026-02-02 09:15:00+05:30,62.20000076293945,60.060001373291016,62.209999084472656,60.0,4159
BANKA,2026-02-02 13:15:00+05:30,60.5,60.779998779296875,60.79999923706055,60.060001373291016,424
BANKA,2026-02-03 09:15:00+05:30,61.11000061035156,61.150001525878906,62.7599983215332,61.099998474121094,974
BANKA,2026-02-03 13:15:00+05:30,61.150001525878906,61.029998779296875,61.400001525878906,61.0,1309
BANKA,2026-02-04 09:15:00+05:30,61.029998779296875,61.70000076293945,61.790000915527344,60.29999923706055,1097
BANKA,2026-02-04 13:15:00+05:30,60.43000030517578,61.43000030517578,61.790000915527344,60.43000030517578,1540
BANKA,2026-02-05 09:15:00+05:30,61.59000015258789,60.88999938964844,61.59000015258789,60.41999816894531,449
BANKA,2026-02-05 13:15:00+05:30,60.88999938964844,61.470001220703125,62.380001068115234,60.52000045776367,1575
BANKA,2026-02-06 09:15:00+05:30,62.369998931884766,61.0,62.369998931884766,61.0,971
BANKA,2026-02-06 13:15:00+05:30,61.0,61.11000061035156,61.9900016784668,61.0,236
BANKA,2026-02-09 09:15:00+05:30,61.29999923706055,61.5,62.400001525878906,61.29999923706055,1842
BANKA,2026-02-09 13:15:00+05:30,61.70000076293945,61.5,61.70000076293945,61.5,1218
BANKA,2026-02-10 09:15:00+05:30,62.0,62.279998779296875,62.369998931884766,61.29999923706055,89
BANKA,2026-02-10 13:15:00+05:30,61.970001220703125,60.65999984741211,61.970001220703125,60.0,2205
BANKBARODA,2026-02-02 09:15:00+05:30,277.6000061035156,274.79998779296875,278.75,270.5,7428770
BANKBARODA,2026-02-02 13:15:00+05:30,274.6499938964844,278.3500061035156,279.1000061035156,273.1499938964844,3499368
BANKBARODA,2026-02-03 09:15:00+05:30,292.8999938964844,283.70001220703125,293.0,282.0,3493528
BANKBARODA,2026-02-03 13:15:00+05:30,283.70001220703125,285.75,286.0,282.8500061035156,6966458
BANKBARODA,2026-02-04 09:15:00+05:30,284.54998779296875,287.75,288.25,282.8999938964844,2552665
BANKBARODA,2026-02-04 13:15:00+05:30,287.79998779296875,289.54998779296875,292.5,287.6499938964844,4532613
BANKBARODA,2026-02-05 09:15:00+05:30,291.29998779296875,289.6000061035156,292.8999938964844,289.04998779296875,1770032
BANKBARODA,2026-02-05 13:15:00+05:30,289.6000061035156,290.70001220703125,291.25,289.1000061035156,1823246
BANKBARODA,2026-02-06 09:15:00+05:30,290.25,285.70001220703125,291.20001220703125,284.95001220703125,2148681
BANKBARODA,2026-02-06 13:15:00+05:30,285.75,288.3500061035156,289.5,284.75,1568449
BANKBARODA,2026-02-09 09:15:00+05:30,292.25,291.75,294.8999938964844,291.1000061035156,3815234
BANKBARODA,2026-02-09 13:15:00+05:30,291.79998779296875,290.8500061035156,291.79998779296875,289.8999938964844,2625565
BANKBARODA,2026-02-10 09:15:00+05:30,291.0,290.95001220703125,292.5,288.1499938964844,2668796
BANKBARODA,2026-02-10 13:15:00+05:30,290.8999938964844,289.54998779296875,291.3500061035156,289.54998779296875,3115770
BANKINDIA,2026-02-02 09:15:00+05:30,147.44000244140625,148.67999267578125,152.22999572753906,147.44000244140625,6586814
BANKINDIA,2026-02-02 13:15:00+05:30,148.64999389648438,152.0,152.19000244140625,147.91000366210938,4875507
BANKINDIA,2026-02-03 09:15:00+05:30,160.0,157.5399932861328,160.60000610351562,155.77999877929688,6677126
BANKINDIA,2026-02-03 13:15:00+05:30,157.5500030517578,157.6999969482422,158.5800018310547,157.25,5191388
BANKINDIA,2026-02-04 09:15:00+05:30,156.72999572753906,159.5500030517578,160.5,156.72999572753906,3125807
BANKINDIA,2026-02-04 13:15:00+05:30,159.5,160.91000366210938,161.5,159.05999755859375,3022736
BANKINDIA,2026-02-05 09:15:00+05:30,161.0,162.25,164.8699951171875,161.0,5629049
BANKINDIA,2026-02-05 13:15:00+05:30,162.1699981689453,163.07000732421875,164.0,162.1699981689453,2697034
BANKINDIA,2026-02-06 09:15:00+05:30,163.3000030517578,161.69000244140625,164.8300018310547,161.07000732421875,4554697
BANKINDIA,2026-02-06 13:15:00+05:30,161.6999969482422,163.39999389648438,163.99000549316406,161.33999633789062,4577619
BANKINDIA,2026-02-09 09:15:00+05:30,166.27999877929688,169.0,170.5,165.6999969482422,5896697
BANKINDIA,2026-02-09 13:15:00+05:30,169.0,168.08999633789062,169.1999969482422,168.0,3060930
BANKINDIA,2026-02-10 09:15:00+05:30,168.50999450683594,168.1699981689453,168.72999572753906,165.41000366210938,2140604
BANKINDIA,2026-02-10 13:15:00+05:30,168.17999267578125,167.57000732421875,168.1999969482422,166.77999877929688,2040630
BANSWRAS,2026-02-02 09:15:00+05:30,104.9000015258789,105.0,107.16999816894531,100.30000305175781,26316
BANSWRAS,2026-02-02 13:15:00+05:30,104.41999816894531,107.0,110.62999725341797,103.83999633789062,28610
BANSWRAS,2026-02-03 09:15:00+05:30,115.0,118.5,124.4000015258789,115.0,22197
BANSWRAS,2026-02-03 13:15:00+05:30,118.44999694824219,120.0,121.05000305175781,117.44000244140625,22904
BANSWRAS,2026-02-04 09:15:00+05:30,119.88999938964844,123.87000274658203,126.11000061035156,117.16999816894531,33317
BANSWRAS,2026-02-04 13:15:00+05:30,123.81999969482422,125.52999877929688,127.0,123.81999969482422,14230
BANSWRAS,2026-02-05 09:15:00+05:30,128.0,121.37999725341797,128.0,120.5,19351
BANSWRAS,2026-02-05 13:15:00+05:30,121.69000244140625,118.79000091552734,121.69000244140625,117.0999984741211,8279
BANSWRAS,2026-02-06 09:15:00+05:30,116.0,114.6500015258789,116.88999938964844,112.20999908447266,12126
BANSWRAS,2026-02-06 13:15:00+05:30,114.79000091552734,112.9800033569336,115.5,112.0199966430664,8578
BANSWRAS,2026-02-09 09:15:00+05:30,117.0,116.98999786376953,121.5999984741211,115.5,36834
BANSWRAS,2026-02-09 13:15:00+05:30,117.0,115.0999984741211,118.0,113.05000305175781,34389
BANSWRAS,2026-02-10 09:15:00+05:30,115.0,116.62000274658203,117.8499984741211,114.01000213623047,12771
BANSWRAS,2026-02-10 13:15:00+05:30,116.5199966430664,117.0199966430664,117.6500015258789,115.11000061035156,8862
BASF,2026-02-02 09:15:00+05:30,3649.699951171875,3577.89990234375,3655.89990234375,3552.60009765625,3846
BASF,2026-02-02 13:15:00+05:30,3582.699951171875,3631.800048828125,3649.800048828125,3577.89990234375,2951
BASF,2026-02-03 09:15:00+05:30,3736.89990234375,3778.199951171875,3809.39990234375,3646.699951171875,20857
BASF,2026-02-03 13:15:00+05:30,3778.199951171875,3785.0,3799.89990234375,3733.699951171875,9069
BASF,2026-02-04 09:15:00+05:30,3777.89990234375,3747.89990234375,3789.800048828125,3705.0,3588
BASF,2026-02-04 13:15:00+05:30,3744.0,3751.0,3776.60009765625,3730.0,9253
BASF,2026-02-05 09:15:00+05:30,3745.0,3750.10009765625,3797.0,3723.89990234375,3524
BASF,2026-02-05 13:15:00+05:30,3743.60009765625,3753.699951171875,3764.60009765625,3731.300048828125,13586
BASF,2026-02-06 09:15:00+05:30,3737.0,3629.800048828125,3737.0,3625.0,5157
BASF,2026-02-06 13:15:00+05:30,3626.60009765625,3625.0,3653.10009765625,3615.0,8274
BASF,2026-02-09 09:15:00+05:30,3669.0,3861.800048828125,3869.699951171875,3655.89990234375,21295
BASF,2026-02-09 13:15:00+05:30,3860.0,3925.699951171875,3940.0,3852.800048828125,22678
BASF,2026-02-10 09:15:00+05:30,3906.0,3867.800048828125,3941.5,3833.0,6275
BASF,2026-02-10 13:15:00+05:30,3869.300048828125,3855.800048828125,3870.0,3844.699951171875,8290
BASML,2026-02-02 09:15:00+05:30,25.0,23.149999618530273,25.0,22.90999984741211,63053
BASML,2026-02-02 13:15:00+05:30,23.149999618530273,23.459999084472656,23.75,22.84000015258789,17053
BASML,2026-02-03 09:15:00+05:30,25.600000381469727,25.68000030517578,26.0,24.829999923706055,88008
BASML,2026-02-03 13:15:00+05:30,25.649999618530273,25.399999618530273,25.799999237060547,25.399999618530273,33963
BASML,2026-02-04 09:15:00+05:30,24.649999618530273,25.219999313354492,26.40999984741211,24.549999237060547,59036
BASML,2026-02-04 13:15:00+05:30,25.219999313354492,25.020000457763672,25.5,24.709999084472656,46735
BASML,2026-02-05 09:15:00+05:30,25.020000457763672,24.719999313354492,25.260000228881836,24.3700008392334,18422
BASML,2026-02-05 13:15:00+05:30,24.709999084472656,24.489999771118164,24.8799991607666,24.420000076293945,12256
BASML,2026-02-06 09:15:00+05:30,25.0,24.8700008392334,25.399999618530273,24.010000228881836,25218
BASML,2026-02-06 13:15:00+05:30,24.93000030517578,24.920000076293945,24.979999542236328,24.799999237060547,10168
BASML,2026-02-09 09:15:00+05:30,25.5,25.979999542236328,26.139999389648438,24.920000076293945,29572
BASML,2026-02-09 13:15:00+05:30,25.979999542236328,26.079999923706055,26.399999618530273,25.799999237060547,42367
BASML,2026-02-10 09:15:00+05:30,25.899999618530273,26.100000381469727,27.049999237060547,25.899999618530273,19163
BASML,2026-02-10 13:15:00+05:30,26.020000457763672,25.979999542236328,26.399999618530273,25.889999389648438,27546
BATAINDIA,2026-02-02 09:15:00+05:30,865.0999755859375,850.4000244140625,868.0,847.3499755859375,35344
BATAINDIA,2026-02-02 13:15:00+05:30,850.4500122070312,864.1500244140625,866.0,848.0499877929688,25049
BATAINDIA,2026-02-03 09:15:00+05:30,913.2000122070312,865.75,913.2000122070312,863.5499877929688,57591
BATAINDIA,2026-02-03 13:15:00+05:30,866.25,866.7999877929688,872.4000244140625,865.0499877929688,54602
BATAINDIA,2026-02-04 09:15:00+05:30,871.0999755859375,861.2999877929688,876.7999877929688,859.5999755859375,30633
BATAINDIA,2026-02-04 13:15:00+05:30,861.0999755859375,860.4000244140625,861.75,858.9500122070312,32033
BATAINDIA,2026-02-05 09:15:00+05:30,858.9500122070312,852.7999877929688,861.4500122070312,851.1500244140625,18740
BATAINDIA,2026-02-05 13:15:00+05:30,852.7999877929688,850.9000244140625,854.1500244140625,850.9000244140625,30185
BATAINDIA,2026-02-06 09:15:00+05:30,850.8499755859375,848.0499877929688,850.8499755859375,842.9500122070312,28037
BATAINDIA,2026-02-06 13:15:00+05:30,848.4500122070312,849.0999755859375,850.25,847.5999755859375,27615
BATAINDIA,2026-02-09 09:15:00+05:30,854.0,874.2999877929688,879.8499755859375,853.0,69525
BATAINDIA,2026-02-09 13:15:00+05:30,874.0,882.9500122070312,887.0,872.7999877929688,57878
BATAINDIA,2026-02-10 09:15:00+05:30,903.9500122070312,916.25,957.5,903.9500122070312,1590343
BATAINDIA,2026-02-10 13:15:00+05:30,916.5499877929688,917.0,920.2000122070312,914.5,273727
BAYERCROP,2026-02-02 09:15:00+05:30,4400.10009765625,4370.0,4419.0,4332.2001953125,6925
BAYERCROP,2026-02-02 13:15:00+05:30,4370.0,4440.0,4444.0,4360.0,11455
BAYERCROP,2026-02-03 09:15:00+05:30,4450.0,4443.39990234375,4503.5,4429.0,10879
BAYERCROP,2026-02-03 13:15:00+05:30,4444.2001953125,4428.0,4448.89990234375,4406.0,10333
BAYERCROP,2026-02-04 09:15:00+05:30,4428.0,4447.5,4455.0,4420.7001953125,2621
BAYERCROP,2026-02-04 13:15:00+05:30,4447.0,4489.2998046875,4496.7001953125,4437.89990234375,4410
BAYERCROP,2026-02-05 09:15:00+05:30,4466.89990234375,4485.60009765625,4517.0,4456.0,3571
BAYERCROP,2026-02-05 13:15:00+05:30,4479.0,4464.0,4486.0,4440.10009765625,7817
BAYERCROP,2026-02-06 09:15:00+05:30,4474.0,4485.2998046875,4489.2998046875,4421.0,8261
BAYERCROP,2026-02-06 13:15:00+05:30,4485.5,4480.0,4499.0,4470.0,5522
BAYERCROP,2026-02-09 09:15:00+05:30,4489.0,4574.89990234375,4594.0,4483.2001953125,8532
BAYERCROP,2026-02-09 13:15:00+05:30,4574.89990234375,4637.0,4650.0,4570.89990234375,21514
BAYERCROP,2026-02-10 09:15:00+05:30,4651.89990234375,4718.39990234375,4728.0,4621.5,9805
BAYERCROP,2026-02-10 13:15:00+05:30,4718.7001953125,4696.39990234375,4735.7998046875,4662.5,24501
BBL,2026-02-02 09:15:00+05:30,2772.0,2680.199951171875,2825.89990234375,2667.0,16258
BBL,2026-02-02 13:15:00+05:30,2677.800048828125,2722.0,2727.89990234375,2672.0,13263
BBL,2026-02-03 09:15:00+05:30,2810.0,2787.39990234375,2845.0,2752.5,6149
BBL,2026-02-03 13:15:00+05:30,2789.199951171875,2766.5,2790.699951171875,2759.0,7497
BBL,2026-02-04 09:15:00+05:30,2772.89990234375,2782.800048828125,2825.0,2752.5,2133
BBL,2026-02-04 13:15:00+05:30,2786.89990234375,2811.199951171875,2824.10009765625,2782.0,4810
BBL,2026-02-05 09:15:00+05:30,2799.0,2818.10009765625,2860.0,2750.5,7586
BBL,2026-02-05 13:15:00+05:30,2824.60009765625,2869.0,2874.10009765625,2805.89990234375,7897
BBL,2026-02-06 09:15:00+05:30,2849.10009765625,2817.0,2855.800048828125,2804.89990234375,3046
BBL,2026-02-06 13:15:00+05:30,2822.10009765625,2840.0,2855.0,2811.199951171875,3760
BBL,2026-02-09 09:15:00+05:30,2865.0,2960.0,2966.89990234375,2865.0,31075
BBL,2026-02-09 13:15:00+05:30,2955.0,2605.0,2984.0,2590.0,224503
BBL,2026-02-10 09:15:00+05:30,2575.0,2582.5,2648.60009765625,2575.0,13525
BBL,2026-02-10 13:15:00+05:30,2580.5,2558.0,2580.5,2547.0,26361
BBOX,2026-02-02 09:15:00+05:30,512.9000244140625,514.5,527.8499755859375,506.0,129151
BBOX,2026-02-02 13:15:00+05:30,514.5499877929688,523.5,523.5,512.0999755859375,63094
BBOX,2026-02-03 09:15:00+05:30,536.2999877929688,532.0,546.0,526.7999877929688,198030
BBOX,2026-02-03 13:15:00+05:30,532.0499877929688,540.9000244140625,545.0,530.7000122070312,245650
BBOX,2026-02-04 09:15:00+05:30,545.0,522.8499755859375,545.0,521.25,51880
BBOX,2026-02-04 13:15:00+05:30,522.5499877929688,524.0499877929688,528.5499877929688,521.75,70695
BBOX,2026-02-05 09:15:00+05:30,528.0499877929688,516.1500244140625,528.0499877929688,511.54998779296875,49545
BBOX,2026-02-05 13:15:00+05:30,516.0,517.0,521.1500244140625,513.5,76902
BBOX,2026-02-06 09:15:00+05:30,510.3999938964844,518.0,520.5,496.3999938964844,195722
BBOX,2026-02-06 13:15:00+05:30,518.5,524.6500244140625,530.0,518.0,313931
BBOX,2026-02-09 09:15:00+05:30,534.5,570.5,573.3499755859375,527.0,363861
BBOX,2026-02-09 13:15:00+05:30,570.5,574.0,575.7000122070312,565.5,319022
BBOX,2026-02-10 09:15:00+05:30,579.1500244140625,576.0,580.3499755859375,568.0,162929
BBOX,2026-02-10 13:15:00+05:30,576.0999755859375,564.75,576.6500244140625,560.0999755859375,189278
BBTC,2026-02-02 09:15:00+05:30,1684.5999755859375,1673.300048828125,1693.9000244140625,1656.0999755859375,6057
BBTC,2026-02-02 13:15:00+05:30,1675.5999755859375,1712.0,1729.0999755859375,1670.5999755859375,15603
BBTC,2026-02-03 09:15:00+05:30,1770.0,1755.5,1770.0,1739.0,6001
BBTC,2026-02-03 13:15:00+05:30,1755.5,1758.800048828125,1768.0,1753.300048828125,9273
BBTC,2026-02-04 09:15:00+05:30,1751.800048828125,1750.0999755859375,1763.9000244140625,1741.0,11217
BBTC,2026-02-04 13:15:00+05:30,1750.9000244140625,1754.5999755859375,1765.800048828125,1747.199951171875,10499
BBTC,2026-02-05 09:15:00+05:30,1756.9000244140625,1772.5,1774.0999755859375,1742.0,16605
BBTC,2026-02-05 13:15:00+05:30,1774.5,1768.0999755859375,1795.0,1762.5,23305
BBTC,2026-02-06 09:15:00+05:30,1773.300048828125,1770.9000244140625,1779.199951171875,1760.0,4322
BBTC,2026-02-06 13:15:00+05:30,1771.0999755859375,1774.0999755859375,1785.9000244140625,1767.9000244140625,4855
BBTC,2026-02-09 09:15:00+05:30,1778.5999755859375,1783.800048828125,1791.699951171875,1773.5,4399
BBTC,2026-02-09 13:15:00+05:30,1782.9000244140625,1793.0,1795.4000244140625,1780.699951171875,10235
BBTC,2026-02-10 09:15:00+05:30,1799.0,1795.5,1814.9000244140625,1789.9000244140625,8295
BBTC,2026-02-10 13:15:00+05:30,1795.5999755859375,1806.4000244140625,1816.0,1790.9000244140625,13334
BBTCL,2026-02-02 09:15:00+05:30,190.00999450683594,186.0,190.00999450683594,185.10000610351562,896
BBTCL,2026-02-02 13:15:00+05:30,186.10000610351562,186.10000610351562,186.10000610351562,186.10000610351562,1215
BBTCL,2026-02-03 09:15:00+05:30,186.36000061035156,190.0,191.0,186.36000061035156,146
BBTCL,2026-02-03 13:15:00+05:30,187.10000610351562,187.10000610351562,187.11000061035156,187.10000610351562,1092
BBTCL,2026-02-04 09:15:00+05:30,192.0,189.0,192.0,187.5,47
BBTCL,2026-02-04 13:15:00+05:30,186.10000610351562,186.94000244140625,188.99000549316406,186.10000610351562,228
BBTCL,2026-02-05 09:15:00+05:30,190.00999450683594,189.97999572753906,193.99000549316406,186.14999389648438,187
BBTCL,2026-02-05 13:15:00+05:30,186.16000366210938,186.30999755859375,186.32000732421875,186.16000366210938,33
BBTCL,2026-02-06 09:15:00+05:30,190.00999450683594,187.8800048828125,190.00999450683594,185.0,50
BBTCL,2026-02-06 13:15:00+05:30,187.8800048828125,187.94000244140625,188.0,185.50999450683594,217
BBTCL,2026-02-09 09:15:00+05:30,186.00999450683594,185.0,186.1999969482422,181.25,2768
BBTCL,2026-02-09 13:15:00+05:30,185.0,187.9499969482422,188.97999572753906,185.0,400
BBTCL,2026-02-10 09:15:00+05:30,189.0,186.0,189.97999572753906,183.0,134
BBTCL,2026-02-10 13:15:00+05:30,186.0,195.69000244140625,198.0,186.0,3170
BCLIND,2026-02-02 09:15:00+05:30,27.989999771118164,26.440000534057617,27.989999771118164,26.100000381469727,248759
BCLIND,2026-02-02 13:15:00+05:30,26.389999389648438,27.399999618530273,27.559999465942383,26.25,233175
BCLIND,2026-02-03 09:15:00+05:30,28.200000762939453,27.719999313354492,28.280000686645508,27.440000534057617,124520
BCLIND,2026-02-03 13:15:00+05:30,27.719999313354492,27.979999542236328,28.0,27.600000381469727,152598
BCLIND,2026-02-04 09:15:00+05:30,27.989999771118164,28.520000457763672,28.799999237060547,27.829999923706055,196194
BCLIND,2026-02-04 13:15:00+05:30,28.520000457763672,28.81999969482422,29.0,28.399999618530273,241174
BCLIND,2026-02-05 09:15:00+05:30,28.799999237060547,28.229999542236328,28.81999969482422,28.1200008392334,65231
BCLIND,2026-02-05 13:15:00+05:30,28.219999313354492,28.389999389648438,28.5,28.1200008392334,81113
BCLIND,2026-02-06 09:15:00+05:30,28.450000762939453,27.850000381469727,28.68000030517578,27.700000762939453,186743
BCLIND,2026-02-06 13:15:00+05:30,27.850000381469727,28.020000457763672,28.110000610351562,27.75,159570
BCLIND,2026-02-09 09:15:00+05:30,28.489999771118164,28.549999237060547,28.690000534057617,28.040000915527344,448942
BCLIND,2026-02-09 13:15:00+05:30,28.549999237060547,30.950000762939453,31.540000915527344,28.530000686645508,2563797
BCLIND,2026-02-10 09:15:00+05:30,31.149999618530273,30.850000381469727,31.34000015258789,30.559999465942383,283661
BCLIND,2026-02-10 13:15:00+05:30,30.850000381469727,30.809999465942383,30.959999084472656,30.700000762939453,181722
BCONCEPTS,2026-02-02 09:15:00+05:30,281.29998779296875,281.45001220703125,285.54998779296875,275.1000061035156,3192
BCONCEPTS,2026-02-02 13:15:00+05:30,283.0,284.6499938964844,285.0,283.0,1487
BCONCEPTS,2026-02-03 09:15:00+05:30,308.0,281.70001220703125,308.0,277.54998779296875,1713
BCONCEPTS,2026-02-03 13:15:00+05:30,283.25,284.3999938964844,288.0,282.8500061035156,788
BCONCEPTS,2026-02-04 09:15:00+05:30,284.3999938964844,283.25,289.0,278.29998779296875,4760
BCONCEPTS,2026-02-04 13:15:00+05:30,283.1000061035156,281.1499938964844,285.45001220703125,277.29998779296875,3470
BCONCEPTS,2026-02-05 09:15:00+05:30,281.0,282.45001220703125,288.6499938964844,277.1000061035156,2744
BCONCEPTS,2026-02-05 13:15:00+05:30,285.0,284.0,285.0,280.20001220703125,644
BCONCEPTS,2026-02-06 09:15:00+05:30,280.29998779296875,287.5,288.95001220703125,278.04998779296875,3008
BCONCEPTS,2026-02-06 13:15:00+05:30,286.75,291.20001220703125,298.8999938964844,283.0,1766
BCONCEPTS,2026-02-09 09:15:00+05:30,293.0,296.54998779296875,302.95001220703125,289.54998779296875,1914
BCONCEPTS,2026-02-09 13:15:00+05:30,296.1499938964844,309.75,320.0,293.29998779296875,5871
BCONCEPTS,2026-02-10 09:15:00+05:30,324.95001220703125,303.04998779296875,324.95001220703125,303.0,2323
BCONCEPTS,2026-02-10 13:15:00+05:30,303.5,300.6499938964844,304.3500061035156,297.8500061035156,2962
BDL,2026-02-02 09:15:00+05:30,1406.5999755859375,1280.199951171875,1408.0999755859375,1279.0,2151543
BDL,2026-02-02 13:15:00+05:30,1280.800048828125,1326.199951171875,1333.9000244140625,1261.0999755859375,2495159
BDL,2026-02-03 09:15:00+05:30,1407.9000244140625,1343.4000244140625,1407.9000244140625,1307.4000244140625,1410981
BDL,2026-02-03 13:15:00+05:30,1343.0999755859375,1322.300048828125,1346.300048828125,1312.0,894779
BDL,2026-02-04 09:15:00+05:30,1299.5999755859375,1307.4000244140625,1317.5,1293.9000244140625,496179
BDL,2026-02-04 13:15:00+05:30,1307.0,1304.0,1309.9000244140625,1301.0,398311
BDL,2026-02-05 09:15:00+05:30,1303.800048828125,1269.199951171875,1303.800048828125,1250.5,675735
BDL,2026-02-05 13:15:00+05:30,1270.0,1271.800048828125,1279.5,1265.800048828125,493126
BDL,2026-02-06 09:15:00+05:30,1269.699951171875,1249.0,1277.5999755859375,1246.0,606143
BDL,2026-02-06 13:15:00+05:30,1249.199951171875,1268.0,1271.5999755859375,1249.199951171875,515136
BDL,2026-02-09 09:15:00+05:30,1276.199951171875,1286.699951171875,1291.0999755859375,1264.0,388811
BDL,2026-02-09 13:15:00+05:30,1286.699951171875,1304.199951171875,1306.699951171875,1286.5999755859375,799012
BDL,2026-02-10 09:15:00+05:30,1306.0,1297.4000244140625,1322.0,1293.300048828125,354410
BDL,2026-02-10 13:15:00+05:30,1297.699951171875,1300.0,1305.0,1288.699951171875,493482
BEARDSELL,2026-02-02 09:15:00+05:30,27.0,26.1200008392334,27.0,26.010000228881836,5803
BEARDSELL,2026-02-02 13:15:00+05:30,26.479999542236328,26.489999771118164,26.5,26.200000762939453,4449
BEARDSELL,2026-02-03 09:15:00+05:30,27.5,26.719999313354492,27.5,26.100000381469727,8756
BEARDSELL,2026-02-03 13:15:00+05:30,26.709999084472656,27.209999084472656,27.290000915527344,26.709999084472656,6195
BEARDSELL,2026-02-04 09:15:00+05:30,27.5,27.170000076293945,27.5,26.700000762939453,9405
BEARDSELL,2026-02-04 13:15:00+05:30,27.299999237060547,27.649999618530273,28.0,26.889999389648438,15551
BEARDSELL,2026-02-05 09:15:00+05:30,27.649999618530273,27.260000228881836,28.5,27.0,3864
BEARDSELL,2026-02-05 13:15:00+05:30,27.280000686645508,28.299999237060547,28.5,27.270000457763672,3303
BEARDSELL,2026-02-06 09:15:00+05:30,28.299999237060547,27.649999618530273,28.989999771118164,27.309999465942383,676
BEARDSELL,2026-02-06 13:15:00+05:30,27.700000762939453,28.420000076293945,28.59000015258789,27.5,2123
BEARDSELL,2026-02-09 09:15:00+05:30,29.790000915527344,28.049999237060547,29.790000915527344,27.559999465942383,13080
BEARDSELL,2026-02-09 13:15:00+05:30,28.100000381469727,29.440000534057617,29.600000381469727,28.100000381469727,9362
BEARDSELL,2026-02-10 09:15:00+05:30,29.600000381469727,29.649999618530273,30.600000381469727,28.5,15500
BEARDSELL,2026-02-10 13:15:00+05:30,29.739999771118164,29.450000762939453,29.770000457763672,28.75,9807
BECTORFOOD,2026-02-02 09:15:00+05:30,219.6999969482422,214.77000427246094,220.08999633789062,212.74000549316406,460446
BECTORFOOD,2026-02-02 13:15:00+05:30,214.77000427246094,214.00999450683594,215.0,213.33999633789062,181139
BECTORFOOD,2026-02-03 09:15:00+05:30,236.14999389648438,233.6999969482422,257.6199951171875,231.5,505238
BECTORFOOD,2026-02-03 13:15:00+05:30,233.67999267578125,234.0,234.9600067138672,233.0,361668
BECTORFOOD,2026-02-04 09:15:00+05:30,233.92999267578125,225.0800018310547,233.92999267578125,222.2100067138672,261644
BECTORFOOD,2026-02-04 13:15:00+05:30,225.07000732421875,226.49000549316406,227.0,224.63999938964844,131166
BECTORFOOD,2026-02-05 09:15:00+05:30,224.0,222.2100067138672,224.91000366210938,220.52999877929688,75888
BECTORFOOD,2026-02-05 13:15:00+05:30,222.02000427246094,222.0,222.86000061035156,221.0,182398
BECTORFOOD,2026-02-06 09:15:00+05:30,222.91000366210938,219.3300018310547,222.91000366210938,218.1999969482422,101414
BECTORFOOD,2026-02-06 13:15:00+05:30,219.5,221.1999969482422,223.11000061035156,219.0,94589
BECTORFOOD,2026-02-09 09:15:00+05:30,228.0,226.88999938964844,228.0,221.4600067138672,93809
BECTORFOOD,2026-02-09 13:15:00+05:30,226.88999938964844,226.75,227.99000549316406,226.5,77496
BECTORFOOD,2026-02-10 09:15:00+05:30,227.0,226.72999572753906,228.89999389648438,225.5399932861328,72108
BECTORFOOD,2026-02-10 13:15:00+05:30,226.72000122070312,226.5800018310547,227.0,225.77000427246094,79424
BEDMUTHA,2026-02-02 09:15:00+05:30,123.37999725341797,127.0,127.9800033569336,123.37999725341797,3156
BEDMUTHA,2026-02-02 13:15:00+05:30,127.0,126.33000183105469,127.0,126.01000213623047,2019
BEDMUTHA,2026-02-03 09:15:00+05:30,127.08000183105469,128.0,130.0,126.33000183105469,11911
BEDMUTHA,2026-02-03 13:15:00+05:30,127.95999908447266,130.8000030517578,130.8000030517578,125.0,14514
BEDMUTHA,2026-02-04 09:15:00+05:30,133.0,132.5500030517578,133.0,128.19000244140625,4129
BEDMUTHA,2026-02-04 13:15:00+05:30,132.5500030517578,134.16000366210938,136.0,132.00999450683594,26290
BEDMUTHA,2026-02-05 09:15:00+05:30,134.16000366210938,135.24000549316406,136.5,133.10000610351562,5022
BEDMUTHA,2026-02-05 13:15:00+05:30,135.0,135.5500030517578,136.5,133.5500030517578,6128
BEDMUTHA,2026-02-06 09:15:00+05:30,135.88999938964844,135.0,135.89999389648438,131.2100067138672,1822
BEDMUTHA,2026-02-06 13:15:00+05:30,134.3000030517578,133.97999572753906,135.9199981689453,131.52000427246094,5896
BEDMUTHA,2026-02-09 09:15:00+05:30,134.05999755859375,133.77000427246094,135.6999969482422,132.41000366210938,5092
BEDMUTHA,2026-02-09 13:15:00+05:30,134.02000427246094,134.60000610351562,135.19000244140625,133.4600067138672,3508
BEDMUTHA,2026-02-10 09:15:00+05:30,133.80999755859375,134.0,136.0,132.00999450683594,3860
BEDMUTHA,2026-02-10 13:15:00+05:30,135.60000610351562,137.11000061035156,137.99000549316406,133.52000427246094,7526
BEL,2026-02-02 09:15:00+05:30,430.0,429.79998779296875,438.1499938964844,420.25,13385708
BEL,2026-02-02 13:15:00+05:30,430.0,440.70001220703125,441.25,427.25,15589260
BEL,2026-02-03 09:15:00+05:30,458.25,439.8999938964844,458.25,435.29998779296875,7073178
BEL,2026-02-03 13:15:00+05:30,439.8999938964844,438.45001220703125,441.95001220703125,437.8500061035156,7271383
BEL,2026-02-04 09:15:00+05:30,436.54998779296875,437.20001220703125,443.29998779296875,436.45001220703125,4422360
BEL,2026-02-04 13:15:00+05:30,437.3500061035156,438.95001220703125,439.79998779296875,436.20001220703125,4573239
BEL,2026-02-05 09:15:00+05:30,438.75,431.5,438.75,428.20001220703125,4766552
BEL,2026-02-05 13:15:00+05:30,431.8999938964844,432.8999938964844,433.75,431.0,5468910
BEL,2026-02-06 09:15:00+05:30,433.04998779296875,427.1499938964844,433.04998779296875,425.54998779296875,3836770
BEL,2026-02-06 13:15:00+05:30,427.70001220703125,430.0,430.45001220703125,426.0,4128499
BEL,2026-02-09 09:15:00+05:30,432.0,438.45001220703125,439.3999938964844,429.5,4614417
BEL,2026-02-09 13:15:00+05:30,438.45001220703125,437.29998779296875,439.5,436.1000061035156,3981438
BEL,2026-02-10 09:15:00+05:30,438.1000061035156,436.5,441.20001220703125,434.75,3442335
BEL,2026-02-10 13:15:00+05:30,436.5,436.25,438.20001220703125,433.54998779296875,4221984
BEML,2026-02-02 09:15:00+05:30,1700.0999755859375,1702.300048828125,1721.0,1648.9000244140625,131538
BEML,2026-02-02 13:15:00+05:30,1700.300048828125,1744.0,1744.800048828125,1686.9000244140625,96451
BEML,2026-02-03 09:15:00+05:30,1795.5,1760.0,1795.5,1744.5,68846
BEML,2026-02-03 13:15:00+05:30,1758.699951171875,1739.800048828125,1760.0,1736.699951171875,101081
BEML,2026-02-04 09:15:00+05:30,1746.699951171875,1755.300048828125,1763.4000244140625,1729.0,36785
BEML,2026-02-04 13:15:00+05:30,1755.0,1764.4000244140625,1769.9000244140625,1750.0999755859375,50471
BEML,2026-02-05 09:15:00+05:30,1763.9000244140625,1744.5,1763.9000244140625,1719.800048828125,38987
BEML,2026-02-05 13:15:00+05:30,1743.5,1743.0,1750.0,1738.800048828125,34533
BEML,2026-02-06 09:15:00+05:30,1733.0,1739.0,1764.699951171875,1706.5,78333
BEML,2026-02-06 13:15:00+05:30,1738.9000244140625,1630.0,1746.0999755859375,1572.4000244140625,1613707
BEML,2026-02-09 09:15:00+05:30,1641.5,1722.9000244140625,1731.199951171875,1611.5,313018
BEML,2026-02-09 13:15:00+05:30,1722.9000244140625,1759.0,1769.0,1721.0999755859375,481829
BEML,2026-02-10 09:15:00+05:30,1754.0999755859375,1769.300048828125,1802.0,1754.0999755859375,68427
BEML,2026-02-10 13:15:00+05:30,1769.4000244140625,1770.0,1774.5999755859375,1757.800048828125,75435
BEPL,2026-02-02 09:15:00+05:30,82.1500015258789,80.48999786376953,82.45999908447266,80.0,131167
BEPL,2026-02-02 13:15:00+05:30,80.5,81.73999786376953,81.87999725341797,80.06999969482422,90287
BEPL,2026-02-03 09:15:00+05:30,84.0,82.98999786376953,84.37999725341797,82.20999908447266,57214
BEPL,2026-02-03 13:15:00+05:30,82.94999694824219,82.86000061035156,83.19999694824219,82.56999969482422,67544
BEPL,2026-02-04 09:15:00+05:30,82.5,85.58999633789062,85.80000305175781,82.5,146876
BEPL,2026-02-04 13:15:00+05:30,85.45999908447266,85.91000366210938,86.0,85.45999908447266,150700
BEPL,2026-02-05 09:15:00+05:30,85.98999786376953,85.66999816894531,86.58000183105469,84.80999755859375,54463
BEPL,2026-02-05 13:15:00+05:30,85.80000305175781,86.47000122070312,86.72000122070312,85.61000061035156,89087
BEPL,2026-02-06 09:15:00+05:30,86.0,85.66000366210938,86.2699966430664,85.11000061035156,50429
BEPL,2026-02-06 13:15:00+05:30,85.75,85.20999908447266,85.9800033569336,85.1500015258789,38145
BEPL,2026-02-09 09:15:00+05:30,86.0,86.70999908447266,87.0,85.69999694824219,157091
BEPL,2026-02-09 13:15:00+05:30,86.87999725341797,86.30999755859375,87.38999938964844,86.30999755859375,91505
BEPL,2026-02-10 09:15:00+05:30,87.19000244140625,88.83000183105469,88.88999938964844,86.9800033569336,112279
BEPL,2026-02-10 13:15:00+05:30,88.83000183105469,88.6500015258789,88.94999694824219,88.20999908447266,76531
BERGEPAINT,2026-02-02 09:15:00+05:30,465.1499938964844,464.45001220703125,465.1499938964844,452.8500061035156,73004
BERGEPAINT,2026-02-02 13:15:00+05:30,464.45001220703125,470.25,470.5,463.3999938964844,97698
BERGEPAINT,2026-02-03 09:15:00+05:30,478.3999938964844,473.04998779296875,478.3999938964844,469.0,90944
BERGEPAINT,2026-02-03 13:15:00+05:30,472.8999938964844,480.04998779296875,481.0,472.75,204622
BERGEPAINT,2026-02-04 09:15:00+05:30,470.0,478.20001220703125,480.8999938964844,470.0,40790
BERGEPAINT,2026-02-04 13:15:00+05:30,477.95001220703125,480.0,484.29998779296875,476.79998779296875,104379
BERGEPAINT,2026-02-05 09:15:00+05:30,483.0,473.5,483.0,471.79998779296875,33194
BERGEPAINT,2026-02-05 13:15:00+05:30,473.3500061035156,473.8500061035156,474.3999938964844,470.29998779296875,77500
BERGEPAINT,2026-02-06 09:15:00+05:30,464.79998779296875,467.45001220703125,469.6000061035156,458.45001220703125,130225
BERGEPAINT,2026-02-06 13:15:00+05:30,467.45001220703125,471.54998779296875,473.79998779296875,467.3500061035156,121987
BERGEPAINT,2026-02-09 09:15:00+05:30,471.0,465.0,471.0,463.95001220703125,81883
BERGEPAINT,2026-02-09 13:15:00+05:30,465.04998779296875,467.1499938964844,469.3999938964844,465.0,615350
BERGEPAINT,2026-02-10 09:15:00+05:30,467.1499938964844,459.3500061035156,467.1499938964844,457.5,1054653
BERGEPAINT,2026-02-10 13:15:00+05:30,459.3500061035156,458.70001220703125,460.29998779296875,458.0,166942
BESTAGRO,2026-02-02 09:15:00+05:30,19.979999542236328,20.290000915527344,20.549999237060547,19.1200008392334,114404
BESTAGRO,2026-02-02 13:15:00+05:30,20.280000686645508,19.920000076293945,20.389999389648438,19.799999237060547,99915
BESTAGRO,2026-02-03 09:15:00+05:30,20.68000030517578,19.770000457763672,20.700000762939453,19.309999465942383,214581
BESTAGRO,2026-02-03 13:15:00+05:30,19.770000457763672,20.209999084472656,20.209999084472656,19.770000457763672,154009
BESTAGRO,2026-02-04 09:15:00+05:30,20.40999984741211,20.200000762939453,20.5,19.510000228881836,132081
BESTAGRO,2026-02-04 13:15:00+05:30,20.170000076293945,20.1200008392334,20.3700008392334,19.93000030517578,47095
BESTAGRO,2026-02-05 09:15:00+05:30,20.049999237060547,20.010000228881836,20.190000534057617,19.25,92850
BESTAGRO,2026-02-05 13:15:00+05:30,20.0,19.93000030517578,20.5,19.809999465942383,82057
BESTAGRO,2026-02-06 09:15:00+05:30,19.889999389648438,19.940000534057617,20.5,19.549999237060547,114738
BESTAGRO,2026-02-06 13:15:00+05:30,19.940000534057617,19.899999618530273,20.06999969482422,19.760000228881836,35919
BESTAGRO,2026-02-09 09:15:00+05:30,18.950000762939453,18.90999984741211,18.950000762939453,18.90999984741211,147514
BESTAGRO,2026-02-09 13:15:00+05:30,18.90999984741211,18.90999984741211,18.90999984741211,18.90999984741211,48414
BESTAGRO,2026-02-10 09:15:00+05:30,18.399999618530273,18.799999237060547,19.299999237060547,18.049999237060547,176243
BESTAGRO,2026-02-10 13:15:00+05:30,18.799999237060547,18.989999771118164,18.989999771118164,18.5,109822
BFINVEST,2026-02-02 09:15:00+05:30,377.04998779296875,365.45001220703125,377.04998779296875,363.8999938964844,2694
BFINVEST,2026-02-02 13:15:00+05:30,365.3999938964844,370.5,375.0,364.6000061035156,2888
BFINVEST,2026-02-03 09:15:00+05:30,386.0,386.6499938964844,394.0,383.6000061035156,5234
BFINVEST,2026-02-03 13:15:00+05:30,386.25,388.20001220703125,390.0,385.0,4035
BFINVEST,2026-02-04 09:15:00+05:30,381.20001220703125,406.0,406.0,381.20001220703125,8132
BFINVEST,2026-02-04 13:15:00+05:30,405.95001220703125,412.70001220703125,413.8999938964844,403.8500061035156,15472
BFINVEST,2026-02-05 09:15:00+05:30,410.20001220703125,397.0,410.20001220703125,395.5,3785
BFINVEST,2026-02-05 13:15:00+05:30,398.04998779296875,400.1000061035156,401.3999938964844,396.1499938964844,3292
BFINVEST,2026-02-06 09:15:00+05:30,393.20001220703125,395.04998779296875,397.75,392.70001220703125,3181
BFINVEST,2026-02-06 13:15:00+05:30,395.95001220703125,399.29998779296875,402.0,394.54998779296875,4973
BFINVEST,2026-02-09 09:15:00+05:30,401.8999938964844,408.0,409.3500061035156,391.20001220703125,8215
BFINVEST,2026-02-09 13:15:00+05:30,408.20001220703125,411.79998779296875,414.5,406.95001220703125,13004
BFINVEST,2026-02-10 09:15:00+05:30,414.54998779296875,420.3999938964844,423.95001220703125,412.5,4262
BFINVEST,2026-02-10 13:15:00+05:30,420.5,420.75,422.79998779296875,419.0,5065
BFUTILITIE,2026-02-02 09:15:00+05:30,527.0,510.0,527.0,509.0,5641
BFUTILITIE,2026-02-02 13:15:00+05:30,512.2000122070312,517.5,523.9000244140625,512.0,4066
BFUTILITIE,2026-02-03 09:15:00+05:30,540.0,532.0,543.0,520.0,6022
BFUTILITIE,2026-02-03 13:15:00+05:30,533.0,530.4500122070312,538.4500122070312,525.7999877929688,4947
BFUTILITIE,2026-02-04 09:15:00+05:30,529.5,540.0,542.0,522.5999755859375,3731
BFUTILITIE,2026-02-04 13:15:00+05:30,541.0,542.8499755859375,544.9500122070312,532.25,7065
BFUTILITIE,2026-02-05 09:15:00+05:30,554.0,536.5999755859375,554.0,519.9500122070312,955
BFUTILITIE,2026-02-05 13:15:00+05:30,536.5999755859375,533.0499877929688,545.0,530.5,4972
BFUTILITIE,2026-02-06 09:15:00+05:30,541.0,530.0,541.0,525.0,2117
BFUTILITIE,2026-02-06 13:15:00+05:30,530.0,534.8499755859375,537.9500122070312,525.0,1638
BFUTILITIE,2026-02-09 09:15:00+05:30,535.0,543.5,544.0,525.0,6375
BFUTILITIE,2026-02-09 13:15:00+05:30,543.5,540.3499755859375,550.0,539.0499877929688,5898
BFUTILITIE,2026-02-10 09:15:00+05:30,541.0999755859375,556.0,560.0,541.0999755859375,5601
BFUTILITIE,2026-02-10 13:15:00+05:30,556.0,553.25,556.0,550.0,1888
BGRENERGY,2026-02-02 09:15:00+05:30,338.0,318.8999938964844,338.0,316.6499938964844,51927
BGRENERGY,2026-02-02 13:15:00+05:30,318.75,323.6000061035156,327.95001220703125,318.0,40919
BGRENERGY,2026-02-03 09:15:00+05:30,339.75,329.5,339.75,325.95001220703125,19533
BGRENERGY,2026-02-03 13:15:00+05:30,328.3999938964844,336.0,337.0,328.0,28107
BGRENERGY,2026-02-04 09:15:00+05:30,329.8500061035156,338.6000061035156,344.0,318.3500061035156,64631
BGRENERGY,2026-02-04 13:15:00+05:30,338.79998779296875,338.04998779296875,343.3500061035156,328.54998779296875,59368
BGRENERGY,2026-02-05 09:15:00+05:30,343.20001220703125,336.5,346.45001220703125,334.25,33315
BGRENERGY,2026-02-05 13:15:00+05:30,336.0,330.6000061035156,336.5,328.0,22805
BGRENERGY,2026-02-06 09:15:00+05:30,336.0,328.8500061035156,338.29998779296875,326.0,14307
BGRENERGY,2026-02-06 13:15:00+05:30,328.5,328.8500061035156,331.8999938964844,325.1499938964844,17844
BGRENERGY,2026-02-09 09:15:00+05:30,329.20001220703125,338.79998779296875,345.25,319.8999938964844,128056
BGRENERGY,2026-02-09 13:15:00+05:30,340.1499938964844,337.75,343.3999938964844,335.75,29604
BGRENERGY,2026-02-10 09:15:00+05:30,338.0,338.3999938964844,342.25,336.0,31538
BGRENERGY,2026-02-10 13:15:00+05:30,338.54998779296875,336.8500061035156,340.54998779296875,336.0,17203
BHAGCHEM,2026-02-02 09:15:00+05:30,216.8699951171875,210.0,219.85000610351562,209.0,26223
BHAGCHEM,2026-02-02 13:15:00+05:30,209.30999755859375,210.05999755859375,213.91000366210938,209.30999755859375,24951
BHAGCHEM,2026-02-03 09:15:00+05:30,222.88999938964844,219.8699951171875,223.0,215.10000610351562,23534
BHAGCHEM,2026-02-03 13:15:00+05:30,219.8800048828125,223.8699951171875,229.5,219.0500030517578,75955
BHAGCHEM,2026-02-04 09:15:00+05:30,227.0,228.6300048828125,229.9499969482422,222.8699951171875,18440
BHAGCHEM,2026-02-04 13:15:00+05:30,228.89999389648438,229.6300048828125,229.89999389648438,227.16000366210938,28427
BHAGCHEM,2026-02-05 09:15:00+05:30,227.35000610351562,224.0,229.49000549316406,224.0,7283
BHAGCHEM,2026-02-05 13:15:00+05:30,224.00999450683594,227.0500030517578,229.89999389648438,224.00999450683594,18198
BHAGCHEM,2026-02-06 09:15:00+05:30,228.5,223.8000030517578,228.7899932861328,221.89999389648438,11272
BHAGCHEM,2026-02-06 13:15:00+05:30,223.22000122070312,229.0,229.0,223.0399932861328,11243
BHAGCHEM,2026-02-09 09:15:00+05:30,227.61000061035156,225.6699981689453,228.85000610351562,223.16000366210938,13536
BHAGCHEM,2026-02-09 13:15:00+05:30,226.1699981689453,233.3699951171875,237.11000061035156,224.8800048828125,37741
BHAGCHEM,2026-02-10 09:15:00+05:30,230.0500030517578,222.89999389648438,237.5,218.5,122331
BHAGCHEM,2026-02-10 13:15:00+05:30,222.58999633789062,222.67999267578125,224.0,221.75999450683594,19097
BHAGERIA,2026-02-02 09:15:00+05:30,185.89999389648438,183.9499969482422,185.89999389648438,176.66000366210938,38799
BHAGERIA,2026-02-02 13:15:00+05:30,183.67999267578125,172.66000366210938,184.36000061035156,171.41000366210938,41655
BHAGERIA,2026-02-03 09:15:00+05:30,177.0,167.7100067138672,178.99000549316406,166.5,84706
BHAGERIA,2026-02-03 13:15:00+05:30,167.8000030517578,166.0,168.39999389648438,165.66000366210938,45033
BHAGERIA,2026-02-04 09:15:00+05:30,167.0,169.61000061035156,171.49000549316406,167.0,10265
BHAGERIA,2026-02-04 13:15:00+05:30,169.4199981689453,171.8800048828125,174.9199981689453,169.25999450683594,23401
BHAGERIA,2026-02-05 09:15:00+05:30,170.1699981689453,165.49000549316406,170.82000732421875,165.0,29631
BHAGERIA,2026-02-05 13:15:00+05:30,165.49000549316406,164.4499969482422,166.19000244140625,163.80999755859375,40139
BHAGERIA,2026-02-06 09:15:00+05:30,165.0,160.63999938964844,165.39999389648438,160.63999938964844,23273
BHAGERIA,2026-02-06 13:15:00+05:30,160.67999267578125,160.0,161.94000244140625,159.1999969482422,40794
BHAGERIA,2026-02-09 09:15:00+05:30,161.49000549316406,159.77000427246094,163.3000030517578,159.00999450683594,39181
BHAGERIA,2026-02-09 13:15:00+05:30,159.7899932861328,157.61000061035156,160.49000549316406,157.0,42167
BHAGERIA,2026-02-10 09:15:00+05:30,159.0,159.82000732421875,160.63999938964844,159.0,9070
BHAGERIA,2026-02-10 13:15:00+05:30,159.8000030517578,159.99000549316406,161.0,157.6199951171875,33340
BHAGYANGR,2026-02-02 09:15:00+05:30,160.0,166.10000610351562,175.0,158.85000610351562,51157
BHAGYANGR,2026-02-02 13:15:00+05:30,167.5,169.0,169.0,164.0,24443
BHAGYANGR,2026-02-03 09:15:00+05:30,174.0,166.0,174.97999572753906,162.0,44993
BHAGYANGR,2026-02-03 13:15:00+05:30,167.86000061035156,173.80999755859375,176.3300018310547,165.35000610351562,147247
BHAGYANGR,2026-02-04 09:15:00+05:30,170.3300018310547,171.6999969482422,179.60000610351562,170.0,47798
BHAGYANGR,2026-02-04 13:15:00+05:30,174.24000549316406,173.44000244140625,175.0,172.10000610351562,23048
BHAGYANGR,2026-02-05 09:15:00+05:30,170.0,170.0,172.0,166.00999450683594,34881
BHAGYANGR,2026-02-05 13:15:00+05:30,168.49000549316406,168.49000549316406,170.0,167.5,11355
BHAGYANGR,2026-02-06 09:15:00+05:30,167.0,167.1999969482422,169.3300018310547,162.0,23387
BHAGYANGR,2026-02-06 13:15:00+05:30,166.60000610351562,165.3699951171875,167.10000610351562,165.0,16648
BHAGYANGR,2026-02-09 09:15:00+05:30,167.99000549316406,170.49000549316406,172.89999389648438,164.0,32933
BHAGYANGR,2026-02-09 13:15:00+05:30,170.49000549316406,169.97999572753906,170.5,168.0,18340
BHAGYANGR,2026-02-10 09:15:00+05:30,167.30999755859375,167.89999389648438,170.94000244140625,165.1999969482422,19069
BHAGYANGR,2026-02-10 13:15:00+05:30,167.89999389648438,167.75,170.0,165.5,23977
BHARATFORG,2026-02-02 09:15:00+05:30,1385.800048828125,1407.800048828125,1416.0,1385.800048828125,228332
BHARATFORG,2026-02-02 13:15:00+05:30,1408.0999755859375,1443.699951171875,1452.0,1403.0,297298
BHARATFORG,2026-02-03 09:15:00+05:30,1575.0999755859375,1539.199951171875,1588.0,1533.0999755859375,3926904
BHARATFORG,2026-02-03 13:15:00+05:30,1538.9000244140625,1539.0,1548.300048828125,1534.0,1191060
BHARATFORG,2026-02-04 09:15:00+05:30,1538.9000244140625,1573.800048828125,1592.0,1530.699951171875,626810
BHARATFORG,2026-02-04 13:15:00+05:30,1573.800048828125,1591.0,1596.5999755859375,1572.0,528945
BHARATFORG,2026-02-05 09:15:00+05:30,1597.699951171875,1577.699951171875,1598.0,1561.5,735294
BHARATFORG,2026-02-05 13:15:00+05:30,1577.699951171875,1573.199951171875,1585.5999755859375,1567.300048828125,917407
BHARATFORG,2026-02-06 09:15:00+05:30,1570.0,1543.0,1570.699951171875,1542.5,206076
BHARATFORG,2026-02-06 13:15:00+05:30,1543.0,1552.199951171875,1560.0,1541.5999755859375,207454
BHARATFORG,2026-02-09 09:15:00+05:30,1594.0,1586.699951171875,1602.4000244140625,1578.5,387511
BHARATFORG,2026-02-09 13:15:00+05:30,1587.4000244140625,1590.4000244140625,1597.0,1580.199951171875,405485
BHARATFORG,2026-02-10 09:15:00+05:30,1590.5,1605.800048828125,1617.0,1586.699951171875,304632
BHARATFORG,2026-02-10 13:15:00+05:30,1605.800048828125,1614.0,1616.5999755859375,1596.699951171875,439817
BHARATGEAR,2026-02-02 09:15:00+05:30,111.5999984741211,109.91999816894531,112.83000183105469,109.25,6345
BHARATGEAR,2026-02-02 13:15:00+05:30,109.5,109.5,111.0999984741211,109.25,9665
BHARATGEAR,2026-02-03 09:15:00+05:30,112.80000305175781,110.62999725341797,112.80000305175781,110.5,10213
BHARATGEAR,2026-02-03 13:15:00+05:30,110.69999694824219,112.66999816894531,113.5,110.69999694824219,13980
BHARATGEAR,2026-02-04 09:15:00+05:30,112.11000061035156,116.98999786376953,118.94999694824219,111.0,45317
BHARATGEAR,2026-02-04 13:15:00+05:30,116.98999786376953,115.88999938964844,117.37000274658203,115.30999755859375,9042
BHARATGEAR,2026-02-05 09:15:00+05:30,116.0,116.5,117.69999694824219,114.5,5890
BHARATGEAR,2026-02-05 13:15:00+05:30,117.2699966430664,118.22000122070312,118.5,116.11000061035156,22382
BHARATGEAR,2026-02-06 09:15:00+05:30,118.5199966430664,120.01000213623047,120.79000091552734,118.51000213623047,32559
BHARATGEAR,2026-02-06 13:15:00+05:30,120.01000213623047,120.0199966430664,120.5,119.5,14260
BHARATGEAR,2026-02-09 09:15:00+05:30,120.0999984741211,121.08000183105469,123.25,118.58999633789062,13015
BHARATGEAR,2026-02-09 13:15:00+05:30,121.08000183105469,120.0999984741211,122.5,119.69999694824219,30419
BHARATGEAR,2026-02-10 09:15:00+05:30,122.80000305175781,117.2300033569336,122.80000305175781,116.41999816894531,23734
BHARATGEAR,2026-02-10 13:15:00+05:30,117.79000091552734,112.98999786376953,120.7699966430664,110.0199966430664,67460
BHARATRAS,2026-02-02 09:15:00+05:30,1800.0,1840.5,1868.0,1781.0,3355
BHARATRAS,2026-02-02 13:15:00+05:30,1840.0999755859375,1898.699951171875,1898.800048828125,1835.0,7511
BHARATRAS,2026-02-03 09:15:00+05:30,1950.0,1942.0999755859375,1995.0,1940.5,9509
BHARATRAS,2026-02-03 13:15:00+05:30,1942.0999755859375,1943.0,1950.0,1940.5,3338
BHARATRAS,2026-02-04 09:15:00+05:30,1933.0,1871.0,1938.9000244140625,1868.0,4255
BHARATRAS,2026-02-04 13:15:00+05:30,1873.199951171875,1868.300048828125,1877.300048828125,1861.0,4095
BHARATRAS,2026-02-05 09:15:00+05:30,1880.5,1878.0,1900.0,1845.0999755859375,14601
BHARATRAS,2026-02-05 13:15:00+05:30,1876.0,1872.0,1885.0,1861.699951171875,4736
BHARATRAS,2026-02-06 09:15:00+05:30,1865.0,1842.0999755859375,1891.300048828125,1840.0999755859375,2808
BHARATRAS,2026-02-06 13:15:00+05:30,1843.0999755859375,1836.0,1855.0,1817.4000244140625,5400
BHARATRAS,2026-02-09 09:15:00+05:30,1860.0,1886.9000244140625,1926.5,1829.0999755859375,15196
BHARATRAS,2026-02-09 13:15:00+05:30,1885.300048828125,1899.0,1903.4000244140625,1867.9000244140625,5909
BHARATRAS,2026-02-10 09:15:00+05:30,1900.0,1847.5,1906.0999755859375,1838.5,4593
BHARATRAS,2026-02-10 13:15:00+05:30,1850.0,1858.5,1869.9000244140625,1846.0,9334
BHARATWIRE,2026-02-02 09:15:00+05:30,166.6199951171875,162.1199951171875,167.50999450683594,160.69000244140625,86213
BHARATWIRE,2026-02-02 13:15:00+05:30,160.91000366210938,159.41000366210938,162.6999969482422,158.8800048828125,465031
BHARATWIRE,2026-02-03 09:15:00+05:30,164.88999938964844,170.14999389648438,172.1999969482422,162.3000030517578,129193
BHARATWIRE,2026-02-03 13:15:00+05:30,170.07000732421875,171.5800018310547,173.9499969482422,169.22000122070312,106771
BHARATWIRE,2026-02-04 09:15:00+05:30,171.5800018310547,168.85000610351562,172.16000366210938,167.02000427246094,13723
BHARATWIRE,2026-02-04 13:15:00+05:30,168.85000610351562,168.8300018310547,170.0,168.08999633789062,24171
BHARATWIRE,2026-02-05 09:15:00+05:30,169.0,171.55999755859375,173.3000030517578,167.0,48719
BHARATWIRE,2026-02-05 13:15:00+05:30,171.60000610351562,170.9600067138672,171.86000061035156,170.0,46704
BHARATWIRE,2026-02-06 09:15:00+05:30,169.0,171.47000122070312,174.0,167.32000732421875,92617
BHARATWIRE,2026-02-06 13:15:00+05:30,171.5,170.60000610351562,171.75,170.22000122070312,35708
BHARATWIRE,2026-02-09 09:15:00+05:30,171.00999450683594,173.24000549316406,174.47000122070312,170.5,37569
BHARATWIRE,2026-02-09 13:15:00+05:30,173.24000549316406,174.35000610351562,178.97999572753906,172.00999450683594,143158
BHARATWIRE,2026-02-10 09:15:00+05:30,174.8699951171875,178.22999572753906,179.5,174.11000061035156,56161
BHARATWIRE,2026-02-10 13:15:00+05:30,178.4499969482422,178.0,179.30999755859375,178.0,38336
BHARTIARTL,2026-02-02 09:15:00+05:30,1943.5999755859375,1961.0,1967.199951171875,1929.9000244140625,2215482
BHARTIARTL,2026-02-02 13:15:00+05:30,1961.0,1966.4000244140625,1969.699951171875,1950.0,2127007
BHARTIARTL,2026-02-03 09:15:00+05:30,2028.9000244140625,1993.0,2028.9000244140625,1980.0999755859375,2141774
BHARTIARTL,2026-02-03 13:15:00+05:30,1993.199951171875,1997.300048828125,2003.9000244140625,1990.0,2909646
BHARTIARTL,2026-02-04 09:15:00+05:30,2007.800048828125,2024.199951171875,2028.9000244140625,2000.199951171875,2453954
BHARTIARTL,2026-02-04 13:15:00+05:30,2024.199951171875,2025.800048828125,2034.4000244140625,2021.5,3720323
BHARTIARTL,2026-02-05 09:15:00+05:30,2015.0,1999.699951171875,2021.9000244140625,1997.199951171875,2435103
BHARTIARTL,2026-02-05 13:15:00+05:30,1999.5,1992.4000244140625,2001.5,1985.0,3079985
BHARTIARTL,2026-02-06 09:15:00+05:30,1989.0999755859375,2029.0,2035.300048828125,1989.0999755859375,7263825
BHARTIARTL,2026-02-06 13:15:00+05:30,2028.9000244140625,2023.0,2047.0,2013.699951171875,4478763
BHARTIARTL,2026-02-09 09:15:00+05:30,2051.199951171875,2047.5,2055.199951171875,2028.9000244140625,3353401
BHARTIARTL,2026-02-09 13:15:00+05:30,2047.5,2038.199951171875,2051.0,2029.5,2424635
BHARTIARTL,2026-02-10 09:15:00+05:30,2048.39990234375,2025.5999755859375,2053.0,2018.699951171875,2577442
BHARTIARTL,2026-02-10 13:15:00+05:30,2025.5999755859375,2009.0,2027.9000244140625,2008.5,3472493
BHEL,2026-02-02 09:15:00+05:30,252.3000030517578,253.60000610351562,255.9499969482422,249.5500030517578,1814143
BHEL,2026-02-02 13:15:00+05:30,253.6999969482422,258.3999938964844,259.04998779296875,252.9499969482422,2116967
BHEL,2026-02-03 09:15:00+05:30,270.1000061035156,267.1000061035156,271.20001220703125,261.3999938964844,2822575
BHEL,2026-02-03 13:15:00+05:30,267.1000061035156,267.8999938964844,268.8500061035156,265.29998779296875,2159808
BHEL,2026-02-04 09:15:00+05:30,264.95001220703125,271.1499938964844,272.0,264.95001220703125,2309398
BHEL,2026-02-04 13:15:00+05:30,271.1499938964844,272.70001220703125,274.0,270.25,4069822
BHEL,2026-02-05 09:15:00+05:30,271.8500061035156,269.54998779296875,272.54998779296875,268.04998779296875,1269644
BHEL,2026-02-05 13:15:00+05:30,269.6000061035156,268.6499938964844,270.0,267.70001220703125,1141028
BHEL,2026-02-06 09:15:00+05:30,268.20001220703125,264.45001220703125,269.0,263.1000061035156,1252526
BHEL,2026-02-06 13:15:00+05:30,264.5,266.0,267.20001220703125,263.45001220703125,1463201
BHEL,2026-02-09 09:15:00+05:30,268.6000061035156,272.3999938964844,274.1000061035156,267.70001220703125,2262746
BHEL,2026-02-09 13:15:00+05:30,272.5,274.0,275.5,272.04998779296875,2193157
BHEL,2026-02-10 09:15:00+05:30,275.3500061035156,273.0,275.3500061035156,271.04998779296875,757987
BHEL,2026-02-10 13:15:00+05:30,273.0,275.6499938964844,277.0,273.0,3648903
BIGBLOC,2026-02-02 09:15:00+05:30,58.11000061035156,55.939998626708984,58.11000061035156,54.20000076293945,93531
BIGBLOC,2026-02-02 13:15:00+05:30,55.439998626708984,56.400001525878906,56.95000076293945,54.209999084472656,175119
BIGBLOC,2026-02-03 09:15:00+05:30,57.20000076293945,57.119998931884766,59.790000915527344,56.33000183105469,68654
BIGBLOC,2026-02-03 13:15:00+05:30,57.22999954223633,57.88999938964844,57.900001525878906,56.880001068115234,46234
BIGBLOC,2026-02-04 09:15:00+05:30,57.0099983215332,59.310001373291016,60.900001525878906,57.0099983215332,25157
BIGBLOC,2026-02-04 13:15:00+05:30,59.310001373291016,59.7599983215332,59.9900016784668,59.11000061035156,33697
BIGBLOC,2026-02-05 09:15:00+05:30,59.5099983215332,57.709999084472656,60.939998626708984,57.599998474121094,49718
BIGBLOC,2026-02-05 13:15:00+05:30,57.810001373291016,57.79999923706055,57.9900016784668,57.29999923706055,44484
BIGBLOC,2026-02-06 09:15:00+05:30,58.02000045776367,56.70000076293945,58.02000045776367,56.31999969482422,22672
BIGBLOC,2026-02-06 13:15:00+05:30,56.709999084472656,57.52000045776367,58.40999984741211,56.709999084472656,24825
BIGBLOC,2026-02-09 09:15:00+05:30,57.86000061035156,59.380001068115234,59.939998626708984,57.310001373291016,44293
BIGBLOC,2026-02-09 13:15:00+05:30,59.40999984741211,59.41999816894531,59.790000915527344,59.0,32815
BIGBLOC,2026-02-10 09:15:00+05:30,58.9900016784668,59.7400016784668,60.720001220703125,58.9900016784668,17903
BIGBLOC,2026-02-10 13:15:00+05:30,59.7400016784668,59.310001373291016,59.79999923706055,59.0,37931
BIKAJI,2026-02-02 09:15:00+05:30,657.0,649.2999877929688,657.0,642.6500244140625,29864
BIKAJI,2026-02-02 13:15:00+05:30,649.4000244140625,657.4000244140625,657.9000244140625,644.5499877929688,38787
BIKAJI,2026-02-03 09:15:00+05:30,665.0,663.4000244140625,668.7000122070312,658.75,15454
BIKAJI,2026-02-03 13:15:00+05:30,662.9500122070312,664.25,665.2000122070312,661.0999755859375,34581
BIKAJI,2026-02-04 09:15:00+05:30,661.0499877929688,657.7999877929688,663.4000244140625,656.2999877929688,14256
BIKAJI,2026-02-04 13:15:00+05:30,658.4000244140625,657.5999755859375,660.5999755859375,656.2999877929688,22722
BIKAJI,2026-02-05 09:15:00+05:30,655.0,654.75,656.9000244140625,650.2999877929688,12608
BIKAJI,2026-02-05 13:15:00+05:30,654.7000122070312,657.5999755859375,657.5999755859375,651.7000122070312,20398
BIKAJI,2026-02-06 09:15:00+05:30,651.4000244140625,645.5499877929688,651.4000244140625,642.5499877929688,12719
BIKAJI,2026-02-06 13:15:00+05:30,645.5499877929688,650.5999755859375,654.5499877929688,645.0,27041
BIKAJI,2026-02-09 09:15:00+05:30,651.0,665.5999755859375,668.5999755859375,649.75,46527
BIKAJI,2026-02-09 13:15:00+05:30,665.6500244140625,668.0,673.2000122070312,663.0999755859375,52807
BIKAJI,2026-02-10 09:15:00+05:30,673.5,671.5,680.0,664.7000122070312,59522
BIKAJI,2026-02-10 13:15:00+05:30,671.5,676.5,677.8499755859375,670.4500122070312,116728
BIL,2026-02-02 09:15:00+05:30,820.0,844.5499877929688,868.0,820.0,10177
BIL,2026-02-02 13:15:00+05:30,850.0,835.0,859.9000244140625,835.0,9702
BIL,2026-02-03 09:15:00+05:30,947.0,905.0,947.0,900.9000244140625,3096
BIL,2026-02-03 13:15:00+05:30,901.0999755859375,912.0,936.0,884.0499877929688,13091
BIL,2026-02-04 09:15:00+05:30,925.5,900.0,925.5,890.5,772
BIL,2026-02-04 13:15:00+05:30,901.2000122070312,896.4500122070312,901.8499755859375,890.5,546
BIL,2026-02-05 09:15:00+05:30,883.0,890.0,910.75,880.1500244140625,13835
BIL,2026-02-05 13:15:00+05:30,891.4000244140625,913.5999755859375,925.0,887.5,1397
BIL,2026-02-06 09:15:00+05:30,900.0,907.2999877929688,922.9000244140625,894.2999877929688,4104
BIL,2026-02-06 13:15:00+05:30,907.5,915.75,919.5999755859375,900.0,2106
BIL,2026-02-09 09:15:00+05:30,925.0,935.0,935.0,890.25,3101
BIL,2026-02-09 13:15:00+05:30,930.0,950.5,975.0,930.0,15302
BIL,2026-02-10 09:15:00+05:30,979.0,952.9500122070312,979.0,950.0,2497
BIL,2026-02-10 13:15:00+05:30,952.8499755859375,950.4000244140625,959.0,950.0,3278
BIOCON,2026-02-02 09:15:00+05:30,369.5,364.29998779296875,369.5,360.6000061035156,1973734
BIOCON,2026-02-02 13:15:00+05:30,364.20001220703125,370.1499938964844,372.25,362.45001220703125,1674485
BIOCON,2026-02-03 09:15:00+05:30,385.25,372.95001220703125,385.25,371.3500061035156,1019653
BIOCON,2026-02-03 13:15:00+05:30,372.75,372.0,374.3999938964844,370.8999938964844,1552004
BIOCON,2026-02-04 09:15:00+05:30,373.0,373.1499938964844,376.5,369.3999938964844,439979
BIOCON,2026-02-04 13:15:00+05:30,373.1499938964844,367.8999938964844,373.1499938964844,366.1499938964844,1055545
BIOCON,2026-02-05 09:15:00+05:30,368.54998779296875,365.6000061035156,368.54998779296875,363.5,391962
BIOCON,2026-02-05 13:15:00+05:30,365.6499938964844,367.0,368.79998779296875,365.29998779296875,629206
BIOCON,2026-02-06 09:15:00+05:30,367.79998779296875,361.95001220703125,367.79998779296875,361.1000061035156,512495
BIOCON,2026-02-06 13:15:00+05:30,362.0,364.45001220703125,366.0,361.95001220703125,953055
BIOCON,2026-02-09 09:15:00+05:30,368.95001220703125,374.1000061035156,374.8999938964844,366.5,816017
BIOCON,2026-02-09 13:15:00+05:30,374.1000061035156,371.6000061035156,375.0,370.8500061035156,853285
BIOCON,2026-02-10 09:15:00+05:30,374.0,369.3999938964844,374.95001220703125,368.3500061035156,1099672
BIOCON,2026-02-10 13:15:00+05:30,369.3500061035156,371.0,371.75,366.79998779296875,1107074
BIOFILCHEM,2026-02-02 09:15:00+05:30,38.9900016784668,42.130001068115234,42.130001068115234,37.130001068115234,253480
BIOFILCHEM,2026-02-02 13:15:00+05:30,42.130001068115234,42.130001068115234,42.130001068115234,42.130001068115234,20338
BIOFILCHEM,2026-02-03 09:15:00+05:30,46.34000015258789,46.34000015258789,46.34000015258789,44.290000915527344,60322
BIOFILCHEM,2026-02-03 13:15:00+05:30,46.34000015258789,46.34000015258789,46.34000015258789,46.34000015258789,8473
BIOFILCHEM,2026-02-04 09:15:00+05:30,45.0,41.709999084472656,45.0,41.709999084472656,52560
BIOFILCHEM,2026-02-04 13:15:00+05:30,41.709999084472656,41.709999084472656,41.709999084472656,41.709999084472656,20303
BIOFILCHEM,2026-02-05 09:15:00+05:30,40.369998931884766,37.540000915527344,40.369998931884766,37.540000915527344,54678
BIOFILCHEM,2026-02-05 13:15:00+05:30,37.540000915527344,37.540000915527344,37.540000915527344,37.540000915527344,3697
BIOFILCHEM,2026-02-06 09:15:00+05:30,35.380001068115234,36.11000061035156,37.400001525878906,33.79999923706055,33996
BIOFILCHEM,2026-02-06 13:15:00+05:30,36.040000915527344,35.88999938964844,36.47999954223633,35.20000076293945,28391
BIOFILCHEM,2026-02-09 09:15:00+05:30,35.91999816894531,38.9900016784668,39.400001525878906,35.91999816894531,16256
BIOFILCHEM,2026-02-09 13:15:00+05:30,38.9900016784668,38.540000915527344,39.470001220703125,36.099998474121094,110785
BIOFILCHEM,2026-02-10 09:15:00+05:30,37.9900016784668,38.060001373291016,38.40999984741211,37.189998626708984,10438
BIOFILCHEM,2026-02-10 13:15:00+05:30,37.91999816894531,37.369998931884766,37.93000030517578,37.0,11627
BIRLACABLE,2026-02-02 09:15:00+05:30,133.33999633789062,131.0,133.80999755859375,129.08999633789062,7017
BIRLACABLE,2026-02-02 13:15:00+05:30,131.4499969482422,132.55999755859375,132.9499969482422,130.10000610351562,13006
BIRLACABLE,2026-02-03 09:15:00+05:30,136.00999450683594,132.4600067138672,136.42999267578125,131.02000427246094,19423
BIRLACABLE,2026-02-03 13:15:00+05:30,132.63999938964844,132.6699981689453,132.99000549316406,131.10000610351562,14772
BIRLACABLE,2026-02-04 09:15:00+05:30,134.00999450683594,134.2899932861328,135.99000549316406,132.42999267578125,10969
BIRLACABLE,2026-02-04 13:15:00+05:30,134.02999877929688,135.02000427246094,135.9499969482422,133.91000366210938,6386
BIRLACABLE,2026-02-05 09:15:00+05:30,135.02999877929688,135.97999572753906,137.67999267578125,133.02000427246094,24281
BIRLACABLE,2026-02-05 13:15:00+05:30,135.66000366210938,136.14999389648438,137.5,135.00999450683594,7206
BIRLACABLE,2026-02-06 09:15:00+05:30,137.88999938964844,135.44000244140625,137.88999938964844,134.27999877929688,1267
BIRLACABLE,2026-02-06 13:15:00+05:30,135.72000122070312,134.02999877929688,135.74000549316406,133.50999450683594,4229
BIRLACABLE,2026-02-09 09:15:00+05:30,132.50999450683594,137.7100067138672,139.0,132.50999450683594,23055
BIRLACABLE,2026-02-09 13:15:00+05:30,138.0,154.25999450683594,159.0,137.3000030517578,147690
BIRLACABLE,2026-02-10 09:15:00+05:30,154.89999389648438,154.38999938964844,156.91000366210938,151.3000030517578,20011
BIRLACABLE,2026-02-10 13:15:00+05:30,154.38999938964844,152.75999450683594,154.74000549316406,150.61000061035156,25170
BIRLACORPN,2026-02-02 09:15:00+05:30,1026.800048828125,1030.4000244140625,1040.199951171875,1012.2000122070312,20901
BIRLACORPN,2026-02-02 13:15:00+05:30,1030.4000244140625,1048.0999755859375,1061.0,1027.5999755859375,20916
BIRLACORPN,2026-02-03 09:15:00+05:30,1068.0,1051.699951171875,1084.9000244140625,1051.0,13792
BIRLACORPN,2026-02-03 13:15:00+05:30,1051.0999755859375,1046.0,1053.5999755859375,1041.0999755859375,26682
BIRLACORPN,2026-02-04 09:15:00+05:30,1043.9000244140625,1101.5999755859375,1104.0,1042.0,71225
BIRLACORPN,2026-02-04 13:15:00+05:30,1100.199951171875,1096.199951171875,1104.5,1093.0,36392
BIRLACORPN,2026-02-05 09:15:00+05:30,1097.699951171875,1079.300048828125,1097.699951171875,1066.5999755859375,22881
BIRLACORPN,2026-02-05 13:15:00+05:30,1079.300048828125,1080.5999755859375,1088.0,1072.5999755859375,20216
BIRLACORPN,2026-02-06 09:15:00+05:30,1080.0,1079.4000244140625,1085.5999755859375,1071.300048828125,12365
BIRLACORPN,2026-02-06 13:15:00+05:30,1079.300048828125,1075.0,1087.5,1066.5,18370
BIRLACORPN,2026-02-09 09:15:00+05:30,1082.0,1091.0999755859375,1096.0,1076.0999755859375,12678
BIRLACORPN,2026-02-09 13:15:00+05:30,1092.5999755859375,1095.5,1099.0,1090.0,21100
BIRLACORPN,2026-02-10 09:15:00+05:30,1096.0,1104.9000244140625,1116.0,1090.0999755859375,22095
BIRLACORPN,2026-02-10 13:15:00+05:30,1104.199951171875,1098.0,1105.0,1093.199951171875,124802
BIRLAMONEY,2026-02-02 09:15:00+05:30,121.0,117.19999694824219,121.0,116.0,18207
BIRLAMONEY,2026-02-02 13:15:00+05:30,116.98999786376953,119.83000183105469,120.80000305175781,116.5999984741211,21400
BIRLAMONEY,2026-02-03 09:15:00+05:30,135.0,124.47000122070312,137.99000549316406,123.3499984741211,94595
BIRLAMONEY,2026-02-03 13:15:00+05:30,124.45999908447266,125.22000122070312,133.0,122.5,138317
BIRLAMONEY,2026-02-04 09:15:00+05:30,123.98999786376953,124.93000030517578,126.38999938964844,122.55999755859375,16444
BIRLAMONEY,2026-02-04 13:15:00+05:30,124.95999908447266,128.8000030517578,131.0,123.94999694824219,35007
BIRLAMONEY,2026-02-05 09:15:00+05:30,131.0,126.62000274658203,131.39999389648438,125.63999938964844,26841
BIRLAMONEY,2026-02-05 13:15:00+05:30,126.56999969482422,126.2300033569336,128.49000549316406,125.11000061035156,17515
BIRLAMONEY,2026-02-06 09:15:00+05:30,126.37999725341797,124.2300033569336,127.48999786376953,122.9000015258789,13003
BIRLAMONEY,2026-02-06 13:15:00+05:30,123.9000015258789,123.22000122070312,124.98999786376953,123.05000305175781,12669
BIRLAMONEY,2026-02-09 09:15:00+05:30,124.16000366210938,128.5500030517578,129.7899932861328,124.16000366210938,31399
BIRLAMONEY,2026-02-09 13:15:00+05:30,129.02999877929688,130.6300048828125,141.0,128.25999450683594,153843
BIRLAMONEY,2026-02-10 09:15:00+05:30,131.08999633789062,134.3699951171875,135.0,130.6300048828125,16281
BIRLAMONEY,2026-02-10 13:15:00+05:30,134.63999938964844,134.5,137.0,133.38999938964844,31593
BIRLANU,2026-02-02 09:15:00+05:30,1569.0999755859375,1557.199951171875,1583.9000244140625,1535.300048828125,5116
BIRLANU,2026-02-02 13:15:00+05:30,1560.0,1586.300048828125,1586.300048828125,1555.199951171875,2454
BIRLANU,2026-02-03 09:15:00+05:30,1599.5,1608.5,1619.199951171875,1585.5999755859375,1804
BIRLANU,2026-02-03 13:15:00+05:30,1600.0,1566.300048828125,1604.300048828125,1563.800048828125,3401
BIRLANU,2026-02-04 09:15:00+05:30,1550.0,1579.800048828125,1590.0,1550.0,1619
BIRLANU,2026-02-04 13:15:00+05:30,1586.300048828125,1594.699951171875,1600.0,1579.199951171875,1161
BIRLANU,2026-02-05 09:15:00+05:30,1600.0,1588.800048828125,1600.0,1570.199951171875,966
BIRLANU,2026-02-05 13:15:00+05:30,1586.4000244140625,1583.699951171875,1590.0,1581.0,1329
BIRLANU,2026-02-06 09:15:00+05:30,1599.0,1649.800048828125,1654.0,1572.5,6769
BIRLANU,2026-02-06 13:15:00+05:30,1649.5999755859375,1681.0999755859375,1700.0,1644.0,5714
BIRLANU,2026-02-09 09:15:00+05:30,1700.0,1700.0999755859375,1723.0,1663.300048828125,3553
BIRLANU,2026-02-09 13:15:00+05:30,1707.9000244140625,1713.4000244140625,1732.800048828125,1701.0,2948
BIRLANU,2026-02-10 09:15:00+05:30,1718.0,1803.0,1809.9000244140625,1718.0,4480
BIRLANU,2026-02-10 13:15:00+05:30,1798.300048828125,1814.5,1838.9000244140625,1790.0,6155
BLAL,2026-02-02 09:15:00+05:30,188.8800048828125,186.8000030517578,194.39999389648438,185.10000610351562,6187
BLAL,2026-02-02 13:15:00+05:30,186.8000030517578,189.57000732421875,190.0,186.02000427246094,9376
BLAL,2026-02-03 09:15:00+05:30,190.8000030517578,189.02000427246094,191.89999389648438,188.14999389648438,8667
BLAL,2026-02-03 13:15:00+05:30,189.16000366210938,190.25999450683594,191.0399932861328,189.0,11772
BLAL,2026-02-04 09:15:00+05:30,190.25999450683594,189.9499969482422,191.7899932861328,189.0,1895
BLAL,2026-02-04 13:15:00+05:30,189.9499969482422,190.6699981689453,191.88999938964844,188.72000122070312,9644
BLAL,2026-02-05 09:15:00+05:30,193.0,191.0,194.0,190.3000030517578,21242
BLAL,2026-02-05 13:15:00+05:30,191.22000122070312,190.8800048828125,191.67999267578125,190.0,6744
BLAL,2026-02-06 09:15:00+05:30,192.8000030517578,188.8300018310547,192.8000030517578,188.00999450683594,2233
BLAL,2026-02-06 13:15:00+05:30,188.8000030517578,188.9600067138672,189.3800048828125,188.0,4357
BLAL,2026-02-09 09:15:00+05:30,192.1999969482422,192.97999572753906,193.39999389648438,189.22000122070312,11842
BLAL,2026-02-09 13:15:00+05:30,192.22000122070312,192.72000122070312,194.38999938964844,192.0500030517578,9793
BLAL,2026-02-10 09:15:00+05:30,193.99000549316406,192.9499969482422,195.38999938964844,191.99000549316406,5945
BLAL,2026-02-10 13:15:00+05:30,192.64999389648438,191.8699951171875,193.44000244140625,190.5,6140
BLISSGVS,2026-02-02 09:15:00+05:30,169.0,171.14999389648438,173.55999755859375,166.36000061035156,197005
BLISSGVS,2026-02-02 13:15:00+05:30,171.0,172.77000427246094,174.8699951171875,169.99000549316406,364626
BLISSGVS,2026-02-03 09:15:00+05:30,180.99000549316406,180.57000732421875,182.99000549316406,175.36000061035156,252713
BLISSGVS,2026-02-03 13:15:00+05:30,180.60000610351562,180.52000427246094,182.77999877929688,178.1999969482422,949247
BLISSGVS,2026-02-04 09:15:00+05:30,178.02999877929688,182.58999633789062,184.8699951171875,178.02999877929688,387643
BLISSGVS,2026-02-04 13:15:00+05:30,182.75999450683594,184.27999877929688,186.2100067138672,182.52000427246094,827447
BLISSGVS,2026-02-05 09:15:00+05:30,185.10000610351562,185.72000122070312,188.8000030517578,182.5399932861328,609270
BLISSGVS,2026-02-05 13:15:00+05:30,185.6699981689453,186.00999450683594,187.0,185.1199951171875,439932
BLISSGVS,2026-02-06 09:15:00+05:30,185.0,180.75999450683594,185.0,177.3800048828125,407830
BLISSGVS,2026-02-06 13:15:00+05:30,180.7899932861328,183.0,183.89999389648438,180.5800018310547,273292
BLISSGVS,2026-02-09 09:15:00+05:30,184.0,200.3000030517578,201.66000366210938,184.0,4465733
BLISSGVS,2026-02-09 13:15:00+05:30,200.3000030517578,203.60000610351562,205.5399932861328,197.25,3477278
BLISSGVS,2026-02-10 09:15:00+05:30,210.22999572753906,207.88999938964844,214.6999969482422,200.0,3404472
BLISSGVS,2026-02-10 13:15:00+05:30,207.99000549316406,204.88999938964844,211.3000030517578,204.55999755859375,2863752
BLKASHYAP,2026-02-02 09:15:00+05:30,45.5,45.84000015258789,46.79999923706055,45.02000045776367,120363
BLKASHYAP,2026-02-02 13:15:00+05:30,45.66999816894531,47.97999954223633,48.7400016784668,45.66999816894531,170512
BLKASHYAP,2026-02-03 09:15:00+05:30,50.0,47.869998931884766,50.0,47.75,159235
BLKASHYAP,2026-02-03 13:15:00+05:30,47.959999084472656,47.7400016784668,48.040000915527344,47.61000061035156,108316
BLKASHYAP,2026-02-04 09:15:00+05:30,48.5,49.38999938964844,49.79999923706055,47.95000076293945,95439
BLKASHYAP,2026-02-04 13:15:00+05:30,49.380001068115234,52.40999984741211,52.900001525878906,49.20000076293945,817362
BLKASHYAP,2026-02-05 09:15:00+05:30,52.869998931884766,53.400001525878906,53.75,51.68000030517578,254655
BLKASHYAP,2026-02-05 13:15:00+05:30,53.349998474121094,53.52000045776367,54.0,52.290000915527344,291748
BLKASHYAP,2026-02-06 09:15:00+05:30,53.75,53.869998931884766,55.09000015258789,53.209999084472656,177936
BLKASHYAP,2026-02-06 13:15:00+05:30,53.77000045776367,54.54999923706055,55.0,53.75,171063
BLKASHYAP,2026-02-09 09:15:00+05:30,54.61000061035156,57.0099983215332,57.400001525878906,54.599998474121094,464538
BLKASHYAP,2026-02-09 13:15:00+05:30,57.11000061035156,57.220001220703125,57.75,57.0,371809
BLKASHYAP,2026-02-10 09:15:00+05:30,58.0,57.04999923706055,58.11000061035156,56.5099983215332,103300
BLKASHYAP,2026-02-10 13:15:00+05:30,57.18000030517578,57.56999969482422,58.099998474121094,56.79999923706055,211434
BLS,2026-02-02 09:15:00+05:30,263.04998779296875,250.8000030517578,263.04998779296875,249.39999389648438,464451
BLS,2026-02-02 13:15:00+05:30,250.5500030517578,254.1999969482422,255.60000610351562,249.8000030517578,457498
BLS,2026-02-03 09:15:00+05:30,271.04998779296875,259.75,276.8999938964844,258.5,2211290
BLS,2026-02-03 13:15:00+05:30,259.79998779296875,257.79998779296875,261.0,256.1499938964844,1065499
BLS,2026-02-04 09:15:00+05:30,259.3999938964844,288.70001220703125,288.75,255.14999389648438,10853338
BLS,2026-02-04 13:15:00+05:30,288.6499938964844,289.3500061035156,293.8999938964844,284.3999938964844,22588899
BLS,2026-02-05 09:15:00+05:30,290.0,302.29998779296875,308.79998779296875,290.0,7438868
BLS,2026-02-05 13:15:00+05:30,302.45001220703125,298.5,304.04998779296875,297.79998779296875,5823161
BLS,2026-02-06 09:15:00+05:30,301.1000061035156,293.0,301.20001220703125,291.8500061035156,633050
BLS,2026-02-06 13:15:00+05:30,293.1000061035156,291.0,298.25,290.1000061035156,1451949
BLS,2026-02-09 09:15:00+05:30,294.25,297.6499938964844,298.3500061035156,282.45001220703125,768414
BLS,2026-02-09 13:15:00+05:30,297.6499938964844,295.3500061035156,297.8999938964844,294.3999938964844,467036
BLS,2026-02-10 09:15:00+05:30,296.0,298.70001220703125,303.0,294.8500061035156,352163
BLS,2026-02-10 13:15:00+05:30,298.70001220703125,290.8999938964844,299.8999938964844,290.20001220703125,2055749
BLUECOAST,2026-02-02 09:15:00+05:30,26.0,26.959999084472656,27.229999542236328,25.920000076293945,2813
BLUECOAST,2026-02-02 13:15:00+05:30,26.899999618530273,26.81999969482422,27.200000762939453,26.59000015258789,437
BLUECOAST,2026-02-03 09:15:00+05:30,26.81999969482422,27.790000915527344,27.989999771118164,26.700000762939453,341
BLUECOAST,2026-02-03 13:15:00+05:30,27.770000457763672,27.649999618530273,27.770000457763672,27.610000610351562,18
BLUECOAST,2026-02-04 09:15:00+05:30,27.690000534057617,27.0,27.690000534057617,26.270000457763672,496
BLUECOAST,2026-02-04 13:15:00+05:30,26.639999389648438,26.479999542236328,26.989999771118164,26.270000457763672,2690
BLUECOAST,2026-02-05 09:15:00+05:30,26.610000610351562,26.510000228881836,26.610000610351562,25.209999084472656,225
BLUECOAST,2026-02-05 13:15:00+05:30,26.510000228881836,26.479999542236328,26.510000228881836,25.15999984741211,748
BLUECOAST,2026-02-06 09:15:00+05:30,26.940000534057617,27.690000534057617,27.690000534057617,25.15999984741211,1211
BLUECOAST,2026-02-06 13:15:00+05:30,27.31999969482422,25.8700008392334,27.31999969482422,25.170000076293945,616
BLUECOAST,2026-02-09 09:15:00+05:30,26.899999618530273,25.0,26.899999618530273,24.700000762939453,1343
BLUECOAST,2026-02-09 13:15:00+05:30,25.0,25.34000015258789,25.790000915527344,25.0,1382
BLUECOAST,2026-02-10 09:15:00+05:30,25.459999084472656,25.0,26.0,24.649999618530273,812
BLUECOAST,2026-02-10 13:15:00+05:30,25.959999084472656,25.239999771118164,25.959999084472656,24.510000228881836,4870
BLUEDART,2026-02-02 09:15:00+05:30,5531.0,5487.0,5531.0,5440.0,4500
BLUEDART,2026-02-02 13:15:00+05:30,5491.0,5498.5,5508.0,5486.5,3861
BLUEDART,2026-02-03 09:15:00+05:30,5646.5,5679.0,5718.0,5531.0,13991
BLUEDART,2026-02-03 13:15:00+05:30,5673.5,5681.0,5699.0,5642.5,10397
BLUEDART,2026-02-04 09:15:00+05:30,5650.0,5707.0,5759.0,5620.5,7316
BLUEDART,2026-02-04 13:15:00+05:30,5707.0,5706.5,5734.5,5650.0,6335
BLUEDART,2026-02-05 09:15:00+05:30,5706.5,5816.0,5837.0,5611.5,20103
BLUEDART,2026-02-05 13:15:00+05:30,5822.0,5866.0,5900.0,5811.5,26542
BLUEDART,2026-02-06 09:15:00+05:30,5867.0,5850.0,5872.0,5737.5,6268
BLUEDART,2026-02-06 13:15:00+05:30,5854.0,5845.5,5870.0,5806.0,5088
BLUEDART,2026-02-09 09:15:00+05:30,5844.5,5785.0,5844.5,5751.0,3830
BLUEDART,2026-02-09 13:15:00+05:30,5785.5,5823.0,5850.0,5778.0,7801
BLUEDART,2026-02-10 09:15:00+05:30,5879.5,5870.0,5929.0,5850.5,2158
BLUEDART,2026-02-10 13:15:00+05:30,5868.5,5840.0,5870.5,5825.0,4226
BLUESTARCO,2026-02-02 09:15:00+05:30,1785.0,1811.0,1811.0,1766.699951171875,110288
BLUESTARCO,2026-02-02 13:15:00+05:30,1812.0,1838.199951171875,1848.9000244140625,1803.4000244140625,270523
BLUESTARCO,2026-02-03 09:15:00+05:30,1917.4000244140625,1850.0,1917.4000244140625,1848.199951171875,272646
BLUESTARCO,2026-02-03 13:15:00+05:30,1850.0,1810.0,1852.800048828125,1806.5999755859375,253495
BLUESTARCO,2026-02-04 09:15:00+05:30,1817.800048828125,1853.0,1857.9000244140625,1803.5999755859375,245385
BLUESTARCO,2026-02-04 13:15:00+05:30,1853.0,1880.199951171875,1892.9000244140625,1850.0999755859375,338144
BLUESTARCO,2026-02-05 09:15:00+05:30,1885.0,1871.699951171875,1885.0,1841.5,83340
BLUESTARCO,2026-02-05 13:15:00+05:30,1871.9000244140625,1855.199951171875,1878.0,1850.800048828125,194656
BLUESTARCO,2026-02-06 09:15:00+05:30,1876.9000244140625,1851.0,1876.9000244140625,1834.9000244140625,167342
BLUESTARCO,2026-02-06 13:15:00+05:30,1852.5,1877.0999755859375,1885.699951171875,1850.0,106794
BLUESTARCO,2026-02-09 09:15:00+05:30,1889.300048828125,1928.300048828125,1936.300048828125,1889.300048828125,867877
BLUESTARCO,2026-02-09 13:15:00+05:30,1927.699951171875,1945.0,1946.5,1927.5999755859375,307453
BLUESTARCO,2026-02-10 09:15:00+05:30,1951.0999755859375,1949.199951171875,1994.9000244140625,1929.5,285431
BLUESTARCO,2026-02-10 13:15:00+05:30,1949.300048828125,1948.300048828125,1956.0,1937.0999755859375,176077
BODALCHEM,2026-02-02 09:15:00+05:30,48.0,47.150001525878906,48.0,46.560001373291016,25690
BODALCHEM,2026-02-02 13:15:00+05:30,47.02000045776367,48.25,48.650001525878906,47.02000045776367,25383
BODALCHEM,2026-02-03 09:15:00+05:30,54.5,51.400001525878906,54.5,49.95000076293945,189243
BODALCHEM,2026-02-03 13:15:00+05:30,51.400001525878906,53.040000915527344,53.5,51.040000915527344,172942
BODALCHEM,2026-02-04 09:15:00+05:30,52.150001525878906,51.65999984741211,52.689998626708984,51.5,37768
BODALCHEM,2026-02-04 13:15:00+05:30,51.599998474121094,52.0,52.279998779296875,51.40999984741211,25368
BODALCHEM,2026-02-05 09:15:00+05:30,52.0,51.599998474121094,52.0,51.20000076293945,22699
BODALCHEM,2026-02-05 13:15:00+05:30,51.59000015258789,52.2400016784668,52.25,51.349998474121094,18366
BODALCHEM,2026-02-06 09:15:00+05:30,52.0,50.0,52.0,49.72999954223633,52071
BODALCHEM,2026-02-06 13:15:00+05:30,50.0,49.66999816894531,50.43000030517578,49.66999816894531,25315
BODALCHEM,2026-02-09 09:15:00+05:30,50.0099983215332,51.459999084472656,51.72999954223633,50.0099983215332,42721
BODALCHEM,2026-02-09 13:15:00+05:30,51.5,51.79999923706055,51.900001525878906,51.45000076293945,26413
BODALCHEM,2026-02-10 09:15:00+05:30,52.2400016784668,51.75,52.66999816894531,51.5,43787
BODALCHEM,2026-02-10 13:15:00+05:30,51.7599983215332,51.290000915527344,51.93000030517578,51.099998474121094,67993
BOHRAIND,2026-02-02 09:15:00+05:30,20.049999237060547,19.5,20.739999771118164,18.809999465942383,18031
BOHRAIND,2026-02-02 13:15:00+05:30,19.489999771118164,19.520000457763672,20.450000762939453,19.0,4850
BOHRAIND,2026-02-03 09:15:00+05:30,20.350000381469727,19.84000015258789,20.350000381469727,18.559999465942383,6182
BOHRAIND,2026-02-03 13:15:00+05:30,19.989999771118164,19.979999542236328,19.989999771118164,19.979999542236328,3176
BOHRAIND,2026-02-04 09:15:00+05:30,20.950000762939453,19.5,20.950000762939453,19.06999969482422,9224
BOHRAIND,2026-02-04 13:15:00+05:30,19.5,19.670000076293945,20.75,19.5,20087
BOHRAIND,2026-02-05 09:15:00+05:30,20.639999389648438,19.40999984741211,20.639999389648438,19.3700008392334,2130
BOHRAIND,2026-02-05 13:15:00+05:30,19.510000228881836,19.549999237060547,20.0,19.510000228881836,399
BOHRAIND,2026-02-06 09:15:00+05:30,20.270000457763672,19.850000381469727,20.270000457763672,19.360000610351562,2208
BOHRAIND,2026-02-06 13:15:00+05:30,19.40999984741211,19.420000076293945,19.729999542236328,19.200000762939453,3266
BOHRAIND,2026-02-09 09:15:00+05:30,20.139999389648438,20.020000457763672,20.139999389648438,19.18000030517578,2163
BOHRAIND,2026-02-09 13:15:00+05:30,19.5,19.670000076293945,20.0,19.25,690
BOHRAIND,2026-02-10 09:15:00+05:30,19.219999313354492,19.729999542236328,20.079999923706055,19.020000457763672,13008
BOHRAIND,2026-02-10 13:15:00+05:30,19.450000762939453,19.030000686645508,19.520000457763672,19.0,2878
BOMDYEING,2026-02-02 09:15:00+05:30,112.69000244140625,109.13999938964844,113.0,108.30999755859375,267919
BOMDYEING,2026-02-02 13:15:00+05:30,109.2699966430664,112.08000183105469,112.69000244140625,108.77999877929688,270334
BOMDYEING,2026-02-03 09:15:00+05:30,120.0999984741211,120.0,120.87000274658203,116.68000030517578,814719
BOMDYEING,2026-02-03 13:15:00+05:30,120.0,119.5,120.44999694824219,118.9000015258789,407505
BOMDYEING,2026-02-04 09:15:00+05:30,118.73999786376953,125.45999908447266,126.12999725341797,118.73999786376953,925131
BOMDYEING,2026-02-04 13:15:00+05:30,125.47000122070312,126.75,127.69999694824219,124.33999633789062,1101096
BOMDYEING,2026-02-05 09:15:00+05:30,126.5999984741211,121.69999694824219,126.5999984741211,121.01000213623047,260091
BOMDYEING,2026-02-05 13:15:00+05:30,121.6500015258789,121.37000274658203,121.98999786376953,121.0999984741211,218544
BOMDYEING,2026-02-06 09:15:00+05:30,120.0199966430664,119.0199966430664,120.97000122070312,117.62999725341797,166849
BOMDYEING,2026-02-06 13:15:00+05:30,118.88999938964844,119.68000030517578,120.08999633789062,118.5999984741211,160620
BOMDYEING,2026-02-09 09:15:00+05:30,121.0,125.4800033569336,125.88999938964844,121.0,471409
BOMDYEING,2026-02-09 13:15:00+05:30,125.33999633789062,126.41000366210938,127.4000015258789,125.30999755859375,491354
BOMDYEING,2026-02-10 09:15:00+05:30,126.0,125.77999877929688,127.25,125.01000213623047,170611
BOMDYEING,2026-02-10 13:15:00+05:30,125.66000366210938,124.58999633789062,125.73999786376953,124.23999786376953,233413
BOROLTD,2026-02-02 09:15:00+05:30,249.0,244.9499969482422,251.14999389648438,243.0500030517578,20367
BOROLTD,2026-02-02 13:15:00+05:30,244.89999389648438,251.0,256.0,244.5,22290
BOROLTD,2026-02-03 09:15:00+05:30,258.04998779296875,264.04998779296875,273.79998779296875,255.3000030517578,53987
BOROLTD,2026-02-03 13:15:00+05:30,264.6000061035156,265.0,268.0,263.0,20114
BOROLTD,2026-02-04 09:15:00+05:30,265.04998779296875,263.1499938964844,267.8500061035156,258.0,23516
BOROLTD,2026-02-04 13:15:00+05:30,263.1499938964844,265.0,265.5,262.25,15171
BOROLTD,2026-02-05 09:15:00+05:30,267.3999938964844,259.1499938964844,267.3999938964844,257.0,9181
BOROLTD,2026-02-05 13:15:00+05:30,258.75,257.95001220703125,267.3999938964844,254.9499969482422,127103
BOROLTD,2026-02-06 09:15:00+05:30,255.35000610351562,252.10000610351562,255.35000610351562,246.10000610351562,16326
BOROLTD,2026-02-06 13:15:00+05:30,252.25,251.5500030517578,255.4499969482422,251.39999389648438,16582
BOROLTD,2026-02-09 09:15:00+05:30,253.10000610351562,249.5500030517578,262.79998779296875,249.0500030517578,69003
BOROLTD,2026-02-09 13:15:00+05:30,249.6999969482422,248.8000030517578,250.5,247.0,91797
BOROLTD,2026-02-10 09:15:00+05:30,250.6999969482422,249.9499969482422,253.85000610351562,248.9499969482422,84563
BOROLTD,2026-02-10 13:15:00+05:30,249.9499969482422,248.0500030517578,250.0,246.60000610351562,44853
BORORENEW,2026-02-02 09:15:00+05:30,490.0,472.6000061035156,490.0,468.29998779296875,123879
BORORENEW,2026-02-02 13:15:00+05:30,472.0,479.75,482.70001220703125,470.0,125943
BORORENEW,2026-02-03 09:15:00+05:30,514.9000244140625,493.20001220703125,514.9000244140625,488.25,166645
BORORENEW,2026-02-03 13:15:00+05:30,493.04998779296875,493.6499938964844,496.3500061035156,490.0,101250
BORORENEW,2026-02-04 09:15:00+05:30,492.0,518.5999755859375,521.7000122070312,488.1499938964844,836308
BORORENEW,2026-02-04 13:15:00+05:30,517.7999877929688,513.3499755859375,524.4500122070312,510.8999938964844,336553
BORORENEW,2026-02-05 09:15:00+05:30,510.54998779296875,508.0,515.0,506.8999938964844,59334
BORORENEW,2026-02-05 13:15:00+05:30,508.1499938964844,508.8999938964844,513.9000244140625,502.20001220703125,489944
BORORENEW,2026-02-06 09:15:00+05:30,503.54998779296875,496.20001220703125,504.0,495.1000061035156,57461
BORORENEW,2026-02-06 13:15:00+05:30,497.04998779296875,497.75,498.70001220703125,495.1000061035156,80426
BORORENEW,2026-02-09 09:15:00+05:30,502.95001220703125,501.1499938964844,509.6499938964844,497.0,501199
BORORENEW,2026-02-09 13:15:00+05:30,501.1499938964844,508.3500061035156,509.95001220703125,501.0,115193
BORORENEW,2026-02-10 09:15:00+05:30,511.04998779296875,503.54998779296875,515.9500122070312,503.1000061035156,89738
BORORENEW,2026-02-10 13:15:00+05:30,504.20001220703125,498.20001220703125,504.29998779296875,497.79998779296875,145892
BOSCHLTD,2026-02-02 09:15:00+05:30,35905.0,36345.0,36345.0,35670.0,2201
BOSCHLTD,2026-02-02 13:15:00+05:30,36345.0,36680.0,36710.0,36235.0,7184
BOSCHLTD,2026-02-03 09:15:00+05:30,37500.0,37625.0,37670.0,37250.0,4896
BOSCHLTD,2026-02-03 13:15:00+05:30,37625.0,37740.0,37885.0,37565.0,12257
BOSCHLTD,2026-02-04 09:15:00+05:30,37500.0,36570.0,38620.0,36365.0,13801
BOSCHLTD,2026-02-04 13:15:00+05:30,36590.0,36710.0,36950.0,36450.0,11181
BOSCHLTD,2026-02-05 09:15:00+05:30,36495.0,36420.0,36725.0,36230.0,3574
BOSCHLTD,2026-02-05 13:15:00+05:30,36420.0,36275.0,36475.0,36100.0,9579
BOSCHLTD,2026-02-06 09:15:00+05:30,36290.0,35805.0,36290.0,35790.0,5038
BOSCHLTD,2026-02-06 13:15:00+05:30,35825.0,36340.0,36440.0,35790.0,11324
BOSCHLTD,2026-02-09 09:15:00+05:30,36550.0,36145.0,36675.0,36010.0,9637
BOSCHLTD,2026-02-09 13:15:00+05:30,36165.0,35630.0,36210.0,35530.0,13087
BOSCHLTD,2026-02-10 09:15:00+05:30,35635.0,35670.0,35915.0,35230.0,4681
BOSCHLTD,2026-02-10 13:15:00+05:30,35650.0,35575.0,35770.0,35500.0,8383
BPCL,2026-02-02 09:15:00+05:30,353.79998779296875,361.70001220703125,364.20001220703125,352.0,5729433
BPCL,2026-02-02 13:15:00+05:30,361.6499938964844,367.0,367.5,360.1499938964844,3756091
BPCL,2026-02-03 09:15:00+05:30,372.29998779296875,368.5,373.79998779296875,358.5,4371650
BPCL,2026-02-03 13:15:00+05:30,368.5,373.45001220703125,374.45001220703125,368.3999938964844,4269973
BPCL,2026-02-04 09:15:00+05:30,372.04998779296875,380.20001220703125,382.79998779296875,370.95001220703125,2416724
BPCL,2026-02-04 13:15:00+05:30,380.20001220703125,382.0,383.20001220703125,379.54998779296875,2678641
BPCL,2026-02-05 09:15:00+05:30,385.95001220703125,378.8999938964844,391.6499938964844,378.3999938964844,1916446
BPCL,2026-02-05 13:15:00+05:30,378.95001220703125,382.04998779296875,383.04998779296875,378.8999938964844,3182784
BPCL,2026-02-06 09:15:00+05:30,382.8999938964844,384.3500061035156,386.79998779296875,381.3999938964844,2830583
BPCL,2026-02-06 13:15:00+05:30,384.3999938964844,384.70001220703125,386.75,383.04998779296875,3307251
BPCL,2026-02-09 09:15:00+05:30,386.25,387.6000061035156,389.20001220703125,382.8999938964844,1600614
BPCL,2026-02-09 13:15:00+05:30,387.6000061035156,388.29998779296875,389.5,385.75,2509651
BPCL,2026-02-10 09:15:00+05:30,386.0,386.0,386.3999938964844,381.95001220703125,886334
BPCL,2026-02-10 13:15:00+05:30,385.8500061035156,386.0,387.8999938964844,383.54998779296875,1276688
BPL,2026-02-02 09:15:00+05:30,58.63999938964844,57.290000915527344,58.900001525878906,56.79999923706055,13269
BPL,2026-02-02 13:15:00+05:30,57.25,57.25,57.439998626708984,57.0099983215332,10816
BPL,2026-02-03 09:15:00+05:30,60.5,59.2400016784668,61.0,58.689998626708984,22779
BPL,2026-02-03 13:15:00+05:30,59.220001220703125,58.72999954223633,59.29999923706055,58.5099983215332,15114
BPL,2026-02-04 09:15:00+05:30,58.75,59.11000061035156,59.7599983215332,58.310001373291016,20914
BPL,2026-02-04 13:15:00+05:30,59.0,59.02000045776367,59.25,58.54999923706055,14182
BPL,2026-02-05 09:15:00+05:30,59.04999923706055,59.029998779296875,60.060001373291016,58.20000076293945,45625
BPL,2026-02-05 13:15:00+05:30,59.029998779296875,58.0099983215332,59.25,56.61000061035156,25162
BPL,2026-02-06 09:15:00+05:30,58.0,58.25,58.689998626708984,57.18000030517578,6646
BPL,2026-02-06 13:15:00+05:30,58.4900016784668,59.29999923706055,60.91999816894531,58.25,17067
BPL,2026-02-09 09:15:00+05:30,59.900001525878906,59.5,60.65999984741211,59.400001525878906,72589
BPL,2026-02-09 13:15:00+05:30,59.400001525878906,59.25,60.0,58.540000915527344,33228
BPL,2026-02-10 09:15:00+05:30,59.58000183105469,60.540000915527344,61.5,59.58000183105469,36885
BPL,2026-02-10 13:15:00+05:30,60.7599983215332,60.58000183105469,61.0,60.099998474121094,24614
BRIGADE,2026-02-02 09:15:00+05:30,739.0,723.7999877929688,745.4000244140625,717.9500122070312,243185
BRIGADE,2026-02-02 13:15:00+05:30,723.25,749.0,749.0,721.8499755859375,215493
BRIGADE,2026-02-03 09:15:00+05:30,758.0,775.9500122070312,781.8499755859375,756.9500122070312,262356
BRIGADE,2026-02-03 13:15:00+05:30,776.0999755859375,778.2000122070312,786.5,774.2999877929688,235738
BRIGADE,2026-02-04 09:15:00+05:30,775.3499755859375,780.5499877929688,786.7000122070312,768.0,76045
BRIGADE,2026-02-04 13:15:00+05:30,781.4500122070312,789.9500122070312,799.9000244140625,780.25,78932
BRIGADE,2026-02-05 09:15:00+05:30,787.5,764.25,787.5,763.0,127195
BRIGADE,2026-02-05 13:15:00+05:30,764.25,770.0,774.9500122070312,763.3499755859375,253838
BRIGADE,2026-02-06 09:15:00+05:30,765.0499877929688,764.0,779.5,762.9000244140625,77813
BRIGADE,2026-02-06 13:15:00+05:30,764.4000244140625,764.0,766.75,754.9500122070312,152209
BRIGADE,2026-02-09 09:15:00+05:30,768.0499877929688,795.8499755859375,796.7000122070312,768.0499877929688,141992
BRIGADE,2026-02-09 13:15:00+05:30,796.8499755859375,809.9500122070312,811.5,794.3499755859375,151133
BRIGADE,2026-02-10 09:15:00+05:30,811.2999877929688,797.3499755859375,811.2999877929688,791.7000122070312,66257
BRIGADE,2026-02-10 13:15:00+05:30,797.3499755859375,796.0,805.2000122070312,793.5999755859375,95032
BRITANNIA,2026-02-02 09:15:00+05:30,5721.0,5826.0,5833.0,5700.0,162608
BRITANNIA,2026-02-02 13:15:00+05:30,5826.0,5898.0,5899.0,5812.5,89373
BRITANNIA,2026-02-03 09:15:00+05:30,5940.0,5874.0,5970.0,5824.0,204173
BRITANNIA,2026-02-03 13:15:00+05:30,5874.5,5882.0,5900.0,5871.0,102693
BRITANNIA,2026-02-04 09:15:00+05:30,5899.5,5897.0,5965.0,5869.5,52716
BRITANNIA,2026-02-04 13:15:00+05:30,5897.5,5877.0,5898.0,5858.0,75227
BRITANNIA,2026-02-05 09:15:00+05:30,5864.5,5877.0,5944.0,5849.5,62579
BRITANNIA,2026-02-05 13:15:00+05:30,5877.0,5881.0,5890.5,5857.5,183623
BRITANNIA,2026-02-06 09:15:00+05:30,5870.5,5886.5,5912.5,5806.0,75315
BRITANNIA,2026-02-06 13:15:00+05:30,5889.0,5909.0,5917.0,5865.0,77842
BRITANNIA,2026-02-09 09:15:00+05:30,5900.5,5824.0,5904.0,5799.0,132613
BRITANNIA,2026-02-09 13:15:00+05:30,5826.0,5843.0,5852.0,5820.0,139982
BRITANNIA,2026-02-10 09:15:00+05:30,5872.0,5886.5,5892.0,5848.0,113763
BRITANNIA,2026-02-10 13:15:00+05:30,5884.5,5873.5,5888.0,5858.5,114822
BRNL,2026-02-02 09:15:00+05:30,22.010000228881836,21.18000030517578,22.760000228881836,21.0,31729
BRNL,2026-02-02 13:15:00+05:30,21.100000381469727,20.799999237060547,21.540000915527344,20.799999237060547,26476
BRNL,2026-02-03 09:15:00+05:30,21.899999618530273,20.350000381469727,21.899999618530273,19.309999465942383,189049
BRNL,2026-02-03 13:15:00+05:30,20.3799991607666,20.239999771118164,20.68000030517578,20.030000686645508,56178
BRNL,2026-02-04 09:15:00+05:30,20.5,20.610000610351562,20.6200008392334,20.110000610351562,24552
BRNL,2026-02-04 13:15:00+05:30,20.610000610351562,20.8799991607666,20.989999771118164,20.469999313354492,14173
BRNL,2026-02-05 09:15:00+05:30,20.399999618530273,20.709999084472656,20.989999771118164,20.399999618530273,7119
BRNL,2026-02-05 13:15:00+05:30,20.709999084472656,20.690000534057617,20.90999984741211,20.649999618530273,14695
BRNL,2026-02-06 09:15:00+05:30,20.979999542236328,20.489999771118164,20.979999542236328,20.309999465942383,14936
BRNL,2026-02-06 13:15:00+05:30,20.420000076293945,20.3799991607666,20.719999313354492,20.34000015258789,21390
BRNL,2026-02-09 09:15:00+05:30,20.399999618530273,20.65999984741211,21.079999923706055,20.350000381469727,18626
BRNL,2026-02-09 13:15:00+05:30,20.59000015258789,20.6200008392334,20.920000076293945,20.149999618530273,32697
BRNL,2026-02-10 09:15:00+05:30,20.8799991607666,20.6299991607666,20.889999389648438,20.450000762939453,20932
BRNL,2026-02-10 13:15:00+05:30,20.700000762939453,20.520000457763672,20.760000228881836,20.520000457763672,10345
BROOKS,2026-02-02 09:15:00+05:30,62.0,59.0,62.619998931884766,58.349998474121094,23603
BROOKS,2026-02-02 13:15:00+05:30,59.22999954223633,60.189998626708984,60.97999954223633,59.0,15023
BROOKS,2026-02-03 09:15:00+05:30,62.54999923706055,60.18000030517578,62.9900016784668,59.75,12519
BROOKS,2026-02-03 13:15:00+05:30,60.189998626708984,59.869998931884766,60.25,58.95000076293945,35943
BROOKS,2026-02-04 09:15:00+05:30,59.02000045776367,61.310001373291016,62.650001525878906,59.0,18586
BROOKS,2026-02-04 13:15:00+05:30,61.310001373291016,61.279998779296875,61.5,60.779998779296875,15756
BROOKS,2026-02-05 09:15:00+05:30,62.54999923706055,61.06999969482422,62.54999923706055,60.439998626708984,20705
BROOKS,2026-02-05 13:15:00+05:30,61.0,60.959999084472656,61.58000183105469,60.52000045776367,6907
BROOKS,2026-02-06 09:15:00+05:30,61.939998626708984,60.52000045776367,61.939998626708984,60.29999923706055,3778
BROOKS,2026-02-06 13:15:00+05:30,60.529998779296875,60.93000030517578,61.45000076293945,60.52000045776367,2850
BROOKS,2026-02-09 09:15:00+05:30,62.0,69.4800033569336,73.11000061035156,62.0,600394
BROOKS,2026-02-09 13:15:00+05:30,69.5,69.2300033569336,70.5999984741211,67.55999755859375,76202
BROOKS,2026-02-10 09:15:00+05:30,68.75,76.4800033569336,79.0,67.81999969482422,300478
BROOKS,2026-02-10 13:15:00+05:30,76.0199966430664,74.70999908447266,76.72000122070312,73.66000366210938,47554
BSE,2026-02-02 09:15:00+05:30,2593.800048828125,2672.699951171875,2693.39990234375,2530.199951171875,2099772
BSE,2026-02-02 13:15:00+05:30,2672.60009765625,2706.0,2710.300048828125,2646.199951171875,1774956
BSE,2026-02-03 09:15:00+05:30,2867.800048828125,2857.0,2923.300048828125,2794.0,2229287
BSE,2026-02-03 13:15:00+05:30,2856.800048828125,2855.0,2868.199951171875,2849.0,1535071
BSE,2026-02-04 09:15:00+05:30,2845.300048828125,2895.39990234375,2904.300048828125,2800.0,2647710
BSE,2026-02-04 13:15:00+05:30,2895.0,2895.89990234375,2909.89990234375,2887.300048828125,1827780
BSE,2026-02-05 09:15:00+05:30,2900.0,2890.0,2911.0,2842.89990234375,983415
BSE,2026-02-05 13:15:00+05:30,2890.0,2891.0,2900.0,2870.0,1048237
BSE,2026-02-06 09:15:00+05:30,2873.39990234375,2864.199951171875,2888.800048828125,2835.0,1139791
BSE,2026-02-06 13:15:00+05:30,2864.39990234375,2888.39990234375,2911.0,2860.10009765625,1508225
BSE,2026-02-09 09:15:00+05:30,2928.199951171875,2967.699951171875,2997.699951171875,2923.60009765625,1430670
BSE,2026-02-09 13:15:00+05:30,2967.800048828125,2983.10009765625,2994.89990234375,2961.39990234375,1544944
BSE,2026-02-10 09:15:00+05:30,3094.60009765625,3141.89990234375,3188.39990234375,3086.10009765625,7749314
BSE,2026-02-10 13:15:00+05:30,3141.89990234375,3170.300048828125,3184.5,3138.699951171875,4600322
BSHSL,2026-02-02 09:15:00+05:30,87.0999984741211,88.87000274658203,90.4000015258789,87.0999984741211,7376
BSHSL,2026-02-02 13:15:00+05:30,88.87000274658203,88.26000213623047,89.12000274658203,87.5,3387
BSHSL,2026-02-03 09:15:00+05:30,90.05000305175781,92.69999694824219,94.02999877929688,90.05000305175781,4509
BSHSL,2026-02-03 13:15:00+05:30,92.43000030517578,90.87999725341797,92.93000030517578,90.52999877929688,6350
BSHSL,2026-02-04 09:15:00+05:30,91.0999984741211,92.08999633789062,92.87999725341797,91.0999984741211,3149
BSHSL,2026-02-04 13:15:00+05:30,92.19999694824219,91.12000274658203,92.3499984741211,90.2300033569336,5935
BSHSL,2026-02-05 09:15:00+05:30,91.4000015258789,90.2699966430664,91.98999786376953,89.0,1758
BSHSL,2026-02-05 13:15:00+05:30,90.26000213623047,90.05000305175781,90.26000213623047,90.0,1647
BSHSL,2026-02-06 09:15:00+05:30,90.30000305175781,90.5,91.95999908447266,90.30000305175781,3653
BSHSL,2026-02-06 13:15:00+05:30,90.5,91.69999694824219,95.9000015258789,90.5,9861
BSHSL,2026-02-09 09:15:00+05:30,91.69999694824219,93.01000213623047,93.98999786376953,91.69999694824219,7069
BSHSL,2026-02-09 13:15:00+05:30,93.44999694824219,92.4000015258789,93.9000015258789,92.0999984741211,3909
BSHSL,2026-02-10 09:15:00+05:30,92.9000015258789,94.0999984741211,94.48999786376953,92.37999725341797,4447
BSHSL,2026-02-10 13:15:00+05:30,94.04000091552734,92.95999908447266,94.04000091552734,92.80000305175781,2538
BSL,2026-02-02 09:15:00+05:30,148.3800048828125,140.3000030517578,148.3800048828125,134.61000061035156,6991
BSL,2026-02-02 13:15:00+05:30,139.3000030517578,140.25,142.38999938964844,136.2100067138672,1367
BSL,2026-02-03 09:15:00+05:30,148.0,142.5,150.0,141.25,7137
BSL,2026-02-03 13:15:00+05:30,142.49000549316406,140.22999572753906,142.5,138.5,1604
BSL,2026-02-04 09:15:00+05:30,143.0,140.0,143.0,138.0399932861328,3679
BSL,2026-02-04 13:15:00+05:30,140.0,138.85000610351562,141.1999969482422,138.10000610351562,11826
BSL,2026-02-05 09:15:00+05:30,138.85000610351562,138.10000610351562,142.99000549316406,137.6999969482422,920
BSL,2026-02-05 13:15:00+05:30,139.52999877929688,139.1199951171875,141.67999267578125,137.6999969482422,2100
BSL,2026-02-06 09:15:00+05:30,142.5,139.77999877929688,142.5,137.47999572753906,1278
BSL,2026-02-06 13:15:00+05:30,139.0,139.77000427246094,139.89999389648438,138.5,1078
BSL,2026-02-09 09:15:00+05:30,139.77000427246094,141.94000244140625,142.0,136.3000030517578,2096
BSL,2026-02-09 13:15:00+05:30,141.9499969482422,141.10000610351562,141.9499969482422,138.86000061035156,4404
BSL,2026-02-10 09:15:00+05:30,141.10000610351562,140.97000122070312,142.8000030517578,138.3300018310547,1265
BSL,2026-02-10 13:15:00+05:30,140.89999389648438,142.69000244140625,143.85000610351562,140.0,1539
BSOFT,2026-02-02 09:15:00+05:30,424.0,418.0,427.20001220703125,411.8500061035156,323624
BSOFT,2026-02-02 13:15:00+05:30,418.1000061035156,425.54998779296875,427.0,417.70001220703125,370372
BSOFT,2026-02-03 09:15:00+05:30,445.29998779296875,445.6499938964844,448.70001220703125,437.5,408472
BSOFT,2026-02-03 13:15:00+05:30,445.6499938964844,447.0,448.1000061035156,444.1000061035156,454105
BSOFT,2026-02-04 09:15:00+05:30,427.95001220703125,433.20001220703125,439.95001220703125,426.0,625436
BSOFT,2026-02-04 13:15:00+05:30,433.20001220703125,439.0,442.0,433.04998779296875,470542
BSOFT,2026-02-05 09:15:00+05:30,438.0,454.79998779296875,455.0,438.0,951744
BSOFT,2026-02-05 13:15:00+05:30,454.5,463.45001220703125,465.0,454.5,1098745
BSOFT,2026-02-06 09:15:00+05:30,456.1499938964844,437.45001220703125,459.70001220703125,437.45001220703125,453904
BSOFT,2026-02-06 13:15:00+05:30,437.54998779296875,432.0,438.79998779296875,432.0,509357
BSOFT,2026-02-09 09:15:00+05:30,440.0,444.20001220703125,444.8999938964844,434.0,350895
BSOFT,2026-02-09 13:15:00+05:30,443.70001220703125,444.29998779296875,446.54998779296875,442.54998779296875,323399
BSOFT,2026-02-10 09:15:00+05:30,446.29998779296875,466.8500061035156,470.3500061035156,444.04998779296875,1897796
BSOFT,2026-02-10 13:15:00+05:30,466.8500061035156,467.0,467.6000061035156,464.29998779296875,1094258
BUTTERFLY,2026-02-02 09:15:00+05:30,592.7999877929688,592.9500122070312,598.75,590.0999755859375,1261
BUTTERFLY,2026-02-02 13:15:00+05:30,592.5999755859375,593.0,595.0,591.4000244140625,521
BUTTERFLY,2026-02-03 09:15:00+05:30,605.7000122070312,599.0,619.1500244140625,589.2000122070312,1262
BUTTERFLY,2026-02-03 13:15:00+05:30,595.0,595.4500122070312,598.25,593.0499877929688,1375
BUTTERFLY,2026-02-04 09:15:00+05:30,592.1500244140625,617.6500244140625,625.0,592.1500244140625,1806
BUTTERFLY,2026-02-04 13:15:00+05:30,617.6500244140625,617.75,617.75,608.0,1488
BUTTERFLY,2026-02-05 09:15:00+05:30,641.0,620.0499877929688,655.0,615.0,7327
BUTTERFLY,2026-02-05 13:15:00+05:30,620.0499877929688,626.0,639.0,611.0999755859375,7892
BUTTERFLY,2026-02-06 09:15:00+05:30,626.0,619.9000244140625,634.9500122070312,618.4000244140625,3005
BUTTERFLY,2026-02-06 13:15:00+05:30,619.8499755859375,621.1500244140625,630.0,616.5999755859375,1809
BUTTERFLY,2026-02-09 09:15:00+05:30,643.9500122070312,632.0499877929688,649.7999877929688,630.0499877929688,5143
BUTTERFLY,2026-02-09 13:15:00+05:30,632.2000122070312,630.0,635.0,624.3499755859375,2229
BUTTERFLY,2026-02-10 09:15:00+05:30,636.7999877929688,634.0999755859375,642.25,634.0499877929688,1934
BUTTERFLY,2026-02-10 13:15:00+05:30,636.4500122070312,639.4000244140625,645.0,636.4500122070312,1725
BVCL,2026-02-02 09:15:00+05:30,46.599998474121094,43.95000076293945,46.810001373291016,43.5099983215332,3655
BVCL,2026-02-02 13:15:00+05:30,43.9900016784668,44.119998931884766,45.400001525878906,43.90999984741211,9093
BVCL,2026-02-03 09:15:00+05:30,46.0,46.459999084472656,47.400001525878906,44.599998474121094,30873
BVCL,2026-02-03 13:15:00+05:30,46.459999084472656,47.97999954223633,48.400001525878906,46.150001525878906,42269
BVCL,2026-02-04 09:15:00+05:30,46.0,47.689998626708984,48.9900016784668,46.0,21770
BVCL,2026-02-04 13:15:00+05:30,47.61000061035156,47.869998931884766,48.5,47.02000045776367,10316
BVCL,2026-02-05 09:15:00+05:30,50.400001525878906,53.25,54.900001525878906,48.849998474121094,121036
BVCL,2026-02-05 13:15:00+05:30,53.04999923706055,50.97999954223633,53.04999923706055,50.290000915527344,71054
BVCL,2026-02-06 09:15:00+05:30,52.0,49.97999954223633,52.52000045776367,49.099998474121094,14582
BVCL,2026-02-06 13:15:00+05:30,50.08000183105469,49.70000076293945,50.150001525878906,49.599998474121094,16871
BVCL,2026-02-09 09:15:00+05:30,50.70000076293945,51.4900016784668,52.779998779296875,50.70000076293945,9374
BVCL,2026-02-09 13:15:00+05:30,51.20000076293945,51.869998931884766,52.5,50.79999923706055,19879
BVCL,2026-02-10 09:15:00+05:30,51.0,48.470001220703125,51.0,47.5,35622
BVCL,2026-02-10 13:15:00+05:30,48.5,47.0,48.93000030517578,47.0,32263
BYKE,2026-02-02 09:15:00+05:30,51.95000076293945,50.58000183105469,51.95000076293945,49.720001220703125,22470
BYKE,2026-02-02 13:15:00+05:30,50.560001373291016,50.59000015258789,51.65999984741211,50.0,22219
BYKE,2026-02-03 09:15:00+05:30,53.0099983215332,52.720001220703125,53.4900016784668,51.4900016784668,85434
BYKE,2026-02-03 13:15:00+05:30,52.709999084472656,52.65999984741211,53.34000015258789,52.09000015258789,10113
BYKE,2026-02-04 09:15:00+05:30,51.099998474121094,52.56999969482422,54.560001373291016,51.099998474121094,17718
BYKE,2026-02-04 13:15:00+05:30,52.5,52.209999084472656,53.18000030517578,52.0,34745
BYKE,2026-02-05 09:15:00+05:30,51.5099983215332,52.630001068115234,54.0,51.5099983215332,45198
BYKE,2026-02-05 13:15:00+05:30,52.38999938964844,52.119998931884766,52.650001525878906,52.029998779296875,10034
BYKE,2026-02-06 09:15:00+05:30,53.779998779296875,51.83000183105469,53.779998779296875,51.599998474121094,18666
BYKE,2026-02-06 13:15:00+05:30,51.83000183105469,51.95000076293945,52.130001068115234,51.599998474121094,13092
BYKE,2026-02-09 09:15:00+05:30,53.72999954223633,52.09000015258789,53.72999954223633,51.0099983215332,49787
BYKE,2026-02-09 13:15:00+05:30,52.029998779296875,51.7599983215332,52.20000076293945,51.5099983215332,88266
BYKE,2026-02-10 09:15:00+05:30,53.0,52.400001525878906,53.0,51.81999969482422,12156
BYKE,2026-02-10 13:15:00+05:30,52.29999923706055,52.040000915527344,52.310001373291016,51.72999954223633,19510
CAMLINFINE,2026-02-02 09:15:00+05:30,138.89999389648438,139.30999755859375,141.0500030517578,136.22000122070312,68137
CAMLINFINE,2026-02-02 13:15:00+05:30,139.05999755859375,140.7100067138672,141.7899932861328,138.77000427246094,66364
CAMLINFINE,2026-02-03 09:15:00+05:30,168.85000610351562,168.85000610351562,168.85000610351562,165.30999755859375,1313886
CAMLINFINE,2026-02-03 13:15:00+05:30,168.85000610351562,168.85000610351562,168.85000610351562,168.85000610351562,150804
CAMLINFINE,2026-02-04 09:15:00+05:30,175.0,175.82000732421875,191.9600067138672,174.2100067138672,3750578
CAMLINFINE,2026-02-04 13:15:00+05:30,175.75,177.3699951171875,180.3800048828125,174.11000061035156,1130005
CAMLINFINE,2026-02-05 09:15:00+05:30,174.11000061035156,171.52999877929688,176.77000427246094,169.77999877929688,237859
CAMLINFINE,2026-02-05 13:15:00+05:30,171.52000427246094,171.97999572753906,172.1999969482422,170.0800018310547,442976
CAMLINFINE,2026-02-06 09:15:00+05:30,170.0,166.16000366210938,170.0,165.74000549316406,69916
CAMLINFINE,2026-02-06 13:15:00+05:30,166.11000061035156,167.5500030517578,168.11000061035156,164.07000732421875,166734
CAMLINFINE,2026-02-09 09:15:00+05:30,165.0,169.11000061035156,171.22999572753906,163.1999969482422,502911
CAMLINFINE,2026-02-09 13:15:00+05:30,169.30999755859375,168.0,170.8699951171875,166.8300018310547,532893
CAMLINFINE,2026-02-10 09:15:00+05:30,168.6699981689453,170.42999267578125,173.3000030517578,167.02999877929688,140616
CAMLINFINE,2026-02-10 13:15:00+05:30,170.25999450683594,167.36000061035156,170.67999267578125,166.3000030517578,137701
CAMPUS,2026-02-02 09:15:00+05:30,257.0,261.70001220703125,263.04998779296875,255.14999389648438,472702
CAMPUS,2026-02-02 13:15:00+05:30,261.70001220703125,272.29998779296875,281.3500061035156,260.54998779296875,3740539
CAMPUS,2026-02-03 09:15:00+05:30,275.5,272.29998779296875,278.0,267.0,491275
CAMPUS,2026-02-03 13:15:00+05:30,272.29998779296875,269.3999938964844,273.0,269.3999938964844,308290
CAMPUS,2026-02-04 09:15:00+05:30,269.6000061035156,272.04998779296875,275.95001220703125,268.5,151547
CAMPUS,2026-02-04 13:15:00+05:30,272.04998779296875,272.0,272.5,271.0,122161
CAMPUS,2026-02-05 09:15:00+05:30,274.0,268.1000061035156,274.0,267.0,116459
CAMPUS,2026-02-05 13:15:00+05:30,268.3999938964844,269.20001220703125,270.79998779296875,266.29998779296875,104921
CAMPUS,2026-02-06 09:15:00+05:30,268.0,274.0,279.25,266.1499938964844,379269
CAMPUS,2026-02-06 13:15:00+05:30,274.3999938964844,273.0,276.0,272.1499938964844,280735
CAMPUS,2026-02-09 09:15:00+05:30,275.5,276.45001220703125,277.79998779296875,273.1499938964844,114498
CAMPUS,2026-02-09 13:15:00+05:30,276.04998779296875,276.29998779296875,277.5,275.79998779296875,72442
CAMPUS,2026-02-10 09:15:00+05:30,276.20001220703125,282.04998779296875,283.29998779296875,275.3500061035156,218113
CAMPUS,2026-02-10 13:15:00+05:30,282.04998779296875,282.5,284.3999938964844,279.29998779296875,1495879
CAMS,2026-02-02 09:15:00+05:30,665.25,679.9500122070312,682.9000244140625,663.7000122070312,354720
CAMS,2026-02-02 13:15:00+05:30,680.3499755859375,693.9000244140625,696.2000122070312,679.2999877929688,325945
CAMS,2026-02-03 09:15:00+05:30,735.5499877929688,729.2999877929688,735.5499877929688,718.7000122070312,665803
CAMS,2026-02-03 13:15:00+05:30,729.0499877929688,726.5999755859375,732.0,725.0,402395
CAMS,2026-02-04 09:15:00+05:30,725.0499877929688,735.0,738.5999755859375,721.2000122070312,482152
CAMS,2026-02-04 13:15:00+05:30,735.0,733.0,736.6500244140625,732.0,236598
CAMS,2026-02-05 09:15:00+05:30,732.0,724.5499877929688,732.0499877929688,721.0,171252
CAMS,2026-02-05 13:15:00+05:30,724.7999877929688,729.6500244140625,733.0,724.7999877929688,171620
CAMS,2026-02-06 09:15:00+05:30,725.0,715.25,727.5499877929688,710.0,529523
CAMS,2026-02-06 13:15:00+05:30,715.25,722.4000244140625,723.8499755859375,714.8499755859375,240950
CAMS,2026-02-09 09:15:00+05:30,732.5999755859375,735.5,741.6500244140625,725.5999755859375,695386
CAMS,2026-02-09 13:15:00+05:30,735.5,734.0,738.9500122070312,734.0,399504
CAMS,2026-02-10 09:15:00+05:30,738.9000244140625,744.3499755859375,746.5,736.8499755859375,265813
CAMS,2026-02-10 13:15:00+05:30,744.3499755859375,742.5999755859375,745.0,741.0,280951
CANBK,2026-02-02 09:15:00+05:30,139.35000610351562,144.69000244140625,145.35000610351562,139.07000732421875,14298213
CANBK,2026-02-02 13:15:00+05:30,144.72000122070312,146.47000122070312,146.97000122070312,143.83999633789062,10264183
CANBK,2026-02-03 09:15:00+05:30,156.33999633789062,148.36000061035156,156.33999633789062,147.72000122070312,10095303
CANBK,2026-02-03 13:15:00+05:30,148.3800048828125,147.39999389648438,148.5,146.99000549316406,16149328
CANBK,2026-02-04 09:15:00+05:30,146.27000427246094,146.6300048828125,147.75999450683594,146.02000427246094,5644665
CANBK,2026-02-04 13:15:00+05:30,146.6300048828125,147.64999389648438,148.4199981689453,146.4199981689453,15519519
CANBK,2026-02-05 09:15:00+05:30,148.0,148.1999969482422,149.5800018310547,147.57000732421875,4649805
CANBK,2026-02-05 13:15:00+05:30,148.19000244140625,148.1199951171875,148.94000244140625,147.72999572753906,7061293
CANBK,2026-02-06 09:15:00+05:30,148.0,145.17999267578125,149.02000427246094,144.94000244140625,9431267
CANBK,2026-02-06 13:15:00+05:30,145.17999267578125,147.0,147.60000610351562,144.88999938964844,8323622
CANBK,2026-02-09 09:15:00+05:30,149.89999389648438,148.0500030517578,150.3699951171875,147.86000061035156,9631680
CANBK,2026-02-09 13:15:00+05:30,148.13999938964844,147.85000610351562,148.27000427246094,147.35000610351562,11165822
CANBK,2026-02-10 09:15:00+05:30,148.47000122070312,147.3699951171875,148.47000122070312,146.4499969482422,6807927
CANBK,2026-02-10 13:15:00+05:30,147.3699951171875,146.85000610351562,147.3800048828125,146.64999389648438,5843688
CANFINHOME,2026-02-02 09:15:00+05:30,915.7999877929688,893.4000244140625,945.9000244140625,892.0499877929688,220539
CANFINHOME,2026-02-02 13:15:00+05:30,893.7000122070312,925.0,927.0,869.0,369042
CANFINHOME,2026-02-03 09:15:00+05:30,946.0,935.25,946.0,923.2999877929688,59630
CANFINHOME,2026-02-03 13:15:00+05:30,935.75,924.0999755859375,937.9500122070312,924.0499877929688,65360
CANFINHOME,2026-02-04 09:15:00+05:30,929.0999755859375,938.0,940.0,922.25,31250
CANFINHOME,2026-02-04 13:15:00+05:30,938.0,938.9000244140625,939.0,929.1500244140625,77603
CANFINHOME,2026-02-05 09:15:00+05:30,933.5,941.0,948.9500122070312,930.4000244140625,33119
CANFINHOME,2026-02-05 13:15:00+05:30,941.0499877929688,937.4000244140625,943.0,930.0,35788
CANFINHOME,2026-02-06 09:15:00+05:30,939.4000244140625,943.8499755859375,945.0,928.0999755859375,32918
CANFINHOME,2026-02-06 13:15:00+05:30,943.75,928.2999877929688,944.3499755859375,925.0499877929688,95587
CANFINHOME,2026-02-09 09:15:00+05:30,949.9000244140625,950.9000244140625,956.0,938.0999755859375,42504
CANFINHOME,2026-02-09 13:15:00+05:30,950.9000244140625,950.2000122070312,952.8499755859375,948.5,101545
CANFINHOME,2026-02-10 09:15:00+05:30,952.6500244140625,924.7999877929688,952.9500122070312,922.4500122070312,95493
CANFINHOME,2026-02-10 13:15:00+05:30,924.75,915.8499755859375,925.4500122070312,911.5,127879
CANTABIL,2026-02-02 09:15:00+05:30,286.0,290.04998779296875,290.95001220703125,282.3500061035156,40497
CANTABIL,2026-02-02 13:15:00+05:30,289.75,291.04998779296875,297.6000061035156,289.3500061035156,141681
CANTABIL,2026-02-03 09:15:00+05:30,306.0,302.20001220703125,306.0,293.6499938964844,276570
CANTABIL,2026-02-03 13:15:00+05:30,302.20001220703125,301.54998779296875,304.0,300.25,71070
CANTABIL,2026-02-04 09:15:00+05:30,305.3999938964844,305.1000061035156,313.70001220703125,303.0,170349
CANTABIL,2026-02-04 13:15:00+05:30,305.5,307.0,311.0,305.0,112032
CANTABIL,2026-02-05 09:15:00+05:30,308.45001220703125,307.6499938964844,313.0,302.75,50651
CANTABIL,2026-02-05 13:15:00+05:30,307.6000061035156,311.95001220703125,313.0,303.75,85794
CANTABIL,2026-02-06 09:15:00+05:30,308.0,319.70001220703125,320.1499938964844,307.25,245763
CANTABIL,2026-02-06 13:15:00+05:30,319.54998779296875,290.0,319.79998779296875,287.45001220703125,752982
CANTABIL,2026-02-09 09:15:00+05:30,295.8999938964844,294.0,296.0,281.04998779296875,119444
CANTABIL,2026-02-09 13:15:00+05:30,294.0,299.5,303.79998779296875,290.0,194754
CANTABIL,2026-02-10 09:15:00+05:30,299.0,301.75,306.6499938964844,298.54998779296875,47188
CANTABIL,2026-02-10 13:15:00+05:30,301.75,302.25,303.95001220703125,300.0,35303
CAPACITE,2026-02-02 09:15:00+05:30,211.9600067138672,210.60000610351562,213.5800018310547,207.60000610351562,116048
CAPACITE,2026-02-02 13:15:00+05:30,210.75,214.99000549316406,214.99000549316406,209.72000122070312,30316
CAPACITE,2026-02-03 09:15:00+05:30,228.6999969482422,236.75,241.0,218.67999267578125,900994
CAPACITE,2026-02-03 13:15:00+05:30,237.4499969482422,228.61000061035156,242.0,226.6300048828125,858932
CAPACITE,2026-02-04 09:15:00+05:30,228.63999938964844,245.6999969482422,247.41000366210938,226.97000122070312,606627
CAPACITE,2026-02-04 13:15:00+05:30,245.6999969482422,247.5,250.0,245.0,351430
CAPACITE,2026-02-05 09:15:00+05:30,246.25,238.3000030517578,246.60000610351562,235.60000610351562,69009
CAPACITE,2026-02-05 13:15:00+05:30,238.3000030517578,236.14999389648438,239.38999938964844,235.13999938964844,94469
CAPACITE,2026-02-06 09:15:00+05:30,235.0,231.44000244140625,236.3000030517578,224.5,145474
CAPACITE,2026-02-06 13:15:00+05:30,231.5,234.0,234.0,230.2100067138672,79313
CAPACITE,2026-02-09 09:15:00+05:30,236.0,242.52000427246094,242.52000427246094,233.74000549316406,201153
CAPACITE,2026-02-09 13:15:00+05:30,242.17999267578125,247.64999389648438,251.8000030517578,241.8699951171875,373732
CAPACITE,2026-02-10 09:15:00+05:30,248.8800048828125,253.0,253.3000030517578,243.42999267578125,177507
CAPACITE,2026-02-10 13:15:00+05:30,253.0500030517578,251.99000549316406,253.35000610351562,251.16000366210938,174579
CAPLIPOINT,2026-02-02 09:15:00+05:30,1795.0,1770.5,1795.0,1744.0,12992
CAPLIPOINT,2026-02-02 13:15:00+05:30,1770.5,1798.0,1807.9000244140625,1768.5999755859375,11952
CAPLIPOINT,2026-02-03 09:15:00+05:30,1850.0,1824.5999755859375,1893.5999755859375,1822.0,13291
CAPLIPOINT,2026-02-03 13:15:00+05:30,1824.0,1867.5,1889.9000244140625,1822.0,32405
CAPLIPOINT,2026-02-04 09:15:00+05:30,1891.300048828125,1893.0,1901.0999755859375,1853.5999755859375,17492
CAPLIPOINT,2026-02-04 13:15:00+05:30,1890.5,1909.5,1920.0,1889.4000244140625,32515
CAPLIPOINT,2026-02-05 09:15:00+05:30,1926.0,1872.5,1938.0,1864.199951171875,45348
CAPLIPOINT,2026-02-05 13:15:00+05:30,1873.199951171875,1900.0,1919.0,1853.199951171875,68360
CAPLIPOINT,2026-02-06 09:15:00+05:30,1922.699951171875,1836.0,1922.699951171875,1831.0,50527
CAPLIPOINT,2026-02-06 13:15:00+05:30,1834.300048828125,1825.699951171875,1844.9000244140625,1808.199951171875,60730
CAPLIPOINT,2026-02-09 09:15:00+05:30,1825.0,1768.0,1825.0,1751.0,37897
CAPLIPOINT,2026-02-09 13:15:00+05:30,1768.0,1758.4000244140625,1772.0,1754.199951171875,53923
CAPLIPOINT,2026-02-10 09:15:00+05:30,1770.0,1736.300048828125,1770.0,1704.9000244140625,86871
CAPLIPOINT,2026-02-10 13:15:00+05:30,1734.9000244140625,1731.699951171875,1738.199951171875,1726.0999755859375,34129
CAPTRUST,2026-02-02 09:15:00+05:30,13.720000267028809,13.970000267028809,14.390000343322754,13.720000267028809,32170
CAPTRUST,2026-02-02 13:15:00+05:30,13.970000267028809,14.710000038146973,14.800000190734863,13.930000305175781,36464
CAPTRUST,2026-02-03 09:15:00+05:30,14.510000228881836,14.899999618530273,15.09000015258789,14.40999984741211,92442
CAPTRUST,2026-02-03 13:15:00+05:30,14.899999618530273,14.859999656677246,15.0,14.800000190734863,38813
CAPTRUST,2026-02-04 09:15:00+05:30,15.0,15.510000228881836,15.520000457763672,14.899999618530273,54719
CAPTRUST,2026-02-04 13:15:00+05:30,15.520000457763672,15.5,15.59000015258789,15.109999656677246,42854
CAPTRUST,2026-02-05 09:15:00+05:30,15.59000015258789,15.350000381469727,15.970000267028809,15.010000228881836,33352
CAPTRUST,2026-02-05 13:15:00+05:30,15.350000381469727,15.40999984741211,15.680000305175781,15.3100004196167,4089
CAPTRUST,2026-02-06 09:15:00+05:30,14.869999885559082,15.4399995803833,15.579999923706055,14.869999885559082,21261
CAPTRUST,2026-02-06 13:15:00+05:30,15.4399995803833,15.149999618530273,15.5,15.149999618530273,15733
CAPTRUST,2026-02-09 09:15:00+05:30,15.880000114440918,15.380000114440918,15.880000114440918,15.0600004196167,18161
CAPTRUST,2026-02-09 13:15:00+05:30,15.449999809265137,14.739999771118164,15.470000267028809,14.59000015258789,77213
CAPTRUST,2026-02-10 09:15:00+05:30,15.050000190734863,15.0,15.09000015258789,14.75,12796
CAPTRUST,2026-02-10 13:15:00+05:30,15.0,15.0,15.0,14.5,9388
CARBORUNIV,2026-02-02 09:15:00+05:30,786.0,761.0499877929688,786.0,754.0,181505
CARBORUNIV,2026-02-02 13:15:00+05:30,760.75,756.0999755859375,761.5999755859375,749.0,268498
CARBORUNIV,2026-02-03 09:15:00+05:30,776.0999755859375,800.5499877929688,807.3499755859375,769.7000122070312,387068
CARBORUNIV,2026-02-03 13:15:00+05:30,800.5999755859375,794.3499755859375,807.7999877929688,792.3499755859375,339534
CARBORUNIV,2026-02-04 09:15:00+05:30,792.9500122070312,803.0,807.0499877929688,787.5499877929688,23340
CARBORUNIV,2026-02-04 13:15:00+05:30,803.0,804.0499877929688,806.2999877929688,800.0,29964
CARBORUNIV,2026-02-05 09:15:00+05:30,805.0,791.9500122070312,805.0,786.5,13072
CARBORUNIV,2026-02-05 13:15:00+05:30,791.9500122070312,791.7999877929688,792.3499755859375,788.5,23126
CARBORUNIV,2026-02-06 09:15:00+05:30,781.5999755859375,766.4500122070312,781.5999755859375,760.0499877929688,39543
CARBORUNIV,2026-02-06 13:15:00+05:30,766.4500122070312,772.5999755859375,780.2999877929688,764.9000244140625,59335
CARBORUNIV,2026-02-09 09:15:00+05:30,775.5,830.5499877929688,833.5499877929688,775.5,300976
CARBORUNIV,2026-02-09 13:15:00+05:30,830.0,830.0,833.75,828.0,102367
CARBORUNIV,2026-02-10 09:15:00+05:30,834.0,827.8499755859375,837.0,822.1500244140625,21319
CARBORUNIV,2026-02-10 13:15:00+05:30,827.9500122070312,826.3499755859375,829.9000244140625,823.0,28894
CARERATING,2026-02-02 09:15:00+05:30,1617.800048828125,1585.800048828125,1617.800048828125,1570.0,14372
CARERATING,2026-02-02 13:15:00+05:30,1584.9000244140625,1560.0,1585.699951171875,1559.199951171875,8283
CARERATING,2026-02-03 09:15:00+05:30,1603.0,1601.0,1619.199951171875,1557.0999755859375,10315
CARERATING,2026-02-03 13:15:00+05:30,1601.5,1629.0,1629.0,1601.5,10248
CARERATING,2026-02-04 09:15:00+05:30,1608.0,1606.199951171875,1622.800048828125,1605.0,4273
CARERATING,2026-02-04 13:15:00+05:30,1605.800048828125,1615.9000244140625,1620.0,1605.0,5043
CARERATING,2026-02-05 09:15:00+05:30,1615.0,1644.0,1645.0,1599.0999755859375,6271
CARERATING,2026-02-05 13:15:00+05:30,1645.0,1655.0,1659.800048828125,1639.199951171875,10907
CARERATING,2026-02-06 09:15:00+05:30,1659.800048828125,1674.5,1728.0,1652.300048828125,116155
CARERATING,2026-02-06 13:15:00+05:30,1674.300048828125,1632.0999755859375,1686.9000244140625,1632.0999755859375,35399
CARERATING,2026-02-09 09:15:00+05:30,1645.0,1628.0,1654.4000244140625,1620.0,7500
CARERATING,2026-02-09 13:15:00+05:30,1628.0,1648.699951171875,1655.0,1628.0,9653
CARERATING,2026-02-10 09:15:00+05:30,1648.699951171875,1614.300048828125,1648.699951171875,1610.5999755859375,10644
CARERATING,2026-02-10 13:15:00+05:30,1614.300048828125,1619.4000244140625,1624.800048828125,1611.199951171875,12537
CARTRADE,2026-02-02 09:15:00+05:30,2565.0,2484.89990234375,2573.300048828125,2440.39990234375,102918
CARTRADE,2026-02-02 13:15:00+05:30,2484.800048828125,2479.89990234375,2485.10009765625,2416.199951171875,188821
CARTRADE,2026-02-03 09:15:00+05:30,2599.699951171875,2612.699951171875,2614.60009765625,2529.10009765625,79033
CARTRADE,2026-02-03 13:15:00+05:30,2611.199951171875,2600.0,2625.0,2590.300048828125,146035
CARTRADE,2026-02-04 09:15:00+05:30,2577.5,2432.0,2577.5,2406.199951171875,198862
CARTRADE,2026-02-04 13:15:00+05:30,2431.89990234375,2389.0,2432.800048828125,2361.699951171875,265689
CARTRADE,2026-02-05 09:15:00+05:30,2406.199951171875,2215.800048828125,2428.60009765625,2023.699951171875,2165605
CARTRADE,2026-02-05 13:15:00+05:30,2215.89990234375,2302.0,2343.89990234375,2209.0,971703
CARTRADE,2026-02-06 09:15:00+05:30,2338.800048828125,2292.60009765625,2419.0,2286.800048828125,223562
CARTRADE,2026-02-06 13:15:00+05:30,2291.199951171875,2251.0,2305.39990234375,2236.300048828125,157498
CARTRADE,2026-02-09 09:15:00+05:30,2289.10009765625,2177.5,2289.10009765625,2175.10009765625,212399
CARTRADE,2026-02-09 13:15:00+05:30,2177.5,2187.0,2211.60009765625,2175.0,519707
CARTRADE,2026-02-10 09:15:00+05:30,2192.60009765625,2151.800048828125,2231.0,2137.5,301746
CARTRADE,2026-02-10 13:15:00+05:30,2152.199951171875,2131.0,2152.5,2120.800048828125,201559
CARYSIL,2026-02-02 09:15:00+05:30,790.2999877929688,757.2000122070312,790.2999877929688,750.0,23098
CARYSIL,2026-02-02 13:15:00+05:30,757.0,818.0,834.4000244140625,751.0499877929688,61887
CARYSIL,2026-02-03 09:15:00+05:30,950.0,949.8499755859375,952.9500122070312,902.4500122070312,328054
CARYSIL,2026-02-03 13:15:00+05:30,948.0,966.0,967.7000122070312,943.2000122070312,143630
CARYSIL,2026-02-04 09:15:00+05:30,954.9000244140625,963.9000244140625,972.7000122070312,935.9000244140625,42830
CARYSIL,2026-02-04 13:15:00+05:30,964.0499877929688,1030.5,1044.8499755859375,939.75,993945
CARYSIL,2026-02-05 09:15:00+05:30,1011.0999755859375,971.4500122070312,1013.8499755859375,956.0,44439
CARYSIL,2026-02-05 13:15:00+05:30,972.5,938.0,972.5,935.0,97584
CARYSIL,2026-02-06 09:15:00+05:30,924.0,940.7000122070312,950.0,922.0,19584
CARYSIL,2026-02-06 13:15:00+05:30,942.0,932.4000244140625,942.0,924.0,15756
CARYSIL,2026-02-09 09:15:00+05:30,936.7999877929688,950.0,968.75,935.0999755859375,20994
CARYSIL,2026-02-09 13:15:00+05:30,950.4000244140625,947.0,960.0,945.0,22536
CARYSIL,2026-02-10 09:15:00+05:30,952.4500122070312,968.5499877929688,971.9000244140625,948.0,21929
CARYSIL,2026-02-10 13:15:00+05:30,968.5499877929688,974.5,981.2999877929688,967.2000122070312,22530
CASTROLIND,2026-02-02 09:15:00+05:30,182.64999389648438,183.5,183.60000610351562,182.05999755859375,515766
CASTROLIND,2026-02-02 13:15:00+05:30,183.47000122070312,185.11000061035156,185.42999267578125,183.11000061035156,826636
CASTROLIND,2026-02-03 09:15:00+05:30,186.99000549316406,184.8000030517578,187.8699951171875,184.50999450683594,698866
CASTROLIND,2026-02-03 13:15:00+05:30,184.72000122070312,185.39999389648438,186.1300048828125,184.38999938964844,1113999
CASTROLIND,2026-02-04 09:15:00+05:30,185.0500030517578,187.19000244140625,189.64999389648438,183.8800048828125,3063410
CASTROLIND,2026-02-04 13:15:00+05:30,187.35000610351562,186.5,188.8300018310547,186.30999755859375,1571375
CASTROLIND,2026-02-05 09:15:00+05:30,187.0,185.35000610351562,187.0,185.0,1017407
CASTROLIND,2026-02-05 13:15:00+05:30,185.35000610351562,185.3000030517578,186.02000427246094,185.11000061035156,849705
CASTROLIND,2026-02-06 09:15:00+05:30,185.3300018310547,184.83999633789062,186.33999633789062,184.8000030517578,791939
CASTROLIND,2026-02-06 13:15:00+05:30,184.8000030517578,185.2899932861328,185.5500030517578,184.16000366210938,1405354
CASTROLIND,2026-02-09 09:15:00+05:30,186.25,189.10000610351562,189.5800018310547,185.75999450683594,1741713
CASTROLIND,2026-02-09 13:15:00+05:30,189.11000061035156,189.14999389648438,189.5800018310547,188.8000030517578,863640
CASTROLIND,2026-02-10 09:15:00+05:30,189.25,188.27000427246094,189.41000366210938,187.60000610351562,379765
CASTROLIND,2026-02-10 13:15:00+05:30,188.27000427246094,187.6699981689453,188.38999938964844,187.5,614496
CCCL,2026-02-02 09:15:00+05:30,17.670000076293945,17.670000076293945,17.670000076293945,17.670000076293945,85914
CCCL,2026-02-02 13:15:00+05:30,17.670000076293945,17.670000076293945,17.670000076293945,17.670000076293945,22202
CCCL,2026-02-03 09:15:00+05:30,18.549999237060547,18.299999237060547,18.549999237060547,17.850000381469727,613696
CCCL,2026-02-03 13:15:00+05:30,18.299999237060547,18.549999237060547,18.549999237060547,18.149999618530273,86102
CCCL,2026-02-04 09:15:00+05:30,18.989999771118164,19.1200008392334,19.469999313354492,18.010000228881836,249303
CCCL,2026-02-04 13:15:00+05:30,19.1200008392334,19.43000030517578,19.469999313354492,19.049999237060547,95012
CCCL,2026-02-05 09:15:00+05:30,19.81999969482422,19.200000762939453,19.81999969482422,18.610000610351562,111248
CCCL,2026-02-05 13:15:00+05:30,19.149999618530273,19.0,19.149999618530273,18.649999618530273,70980
CCCL,2026-02-06 09:15:00+05:30,18.670000076293945,18.420000076293945,18.899999618530273,18.100000381469727,64791
CCCL,2026-02-06 13:15:00+05:30,18.420000076293945,18.65999984741211,18.65999984741211,18.350000381469727,48329
CCCL,2026-02-09 09:15:00+05:30,19.479999542236328,18.979999542236328,19.479999542236328,18.780000686645508,62533
CCCL,2026-02-09 13:15:00+05:30,18.899999618530273,18.729999542236328,19.799999237060547,18.309999465942383,149535
CCCL,2026-02-10 09:15:00+05:30,18.700000762939453,18.40999984741211,18.700000762939453,18.399999618530273,42341
CCCL,2026-02-10 13:15:00+05:30,18.329999923706055,18.450000762939453,18.5,18.329999923706055,43315
CCL,2026-02-02 09:15:00+05:30,969.0,960.4500122070312,984.1500244140625,945.5999755859375,103760
CCL,2026-02-02 13:15:00+05:30,960.4500122070312,969.0499877929688,973.0,958.4500122070312,51492
CCL,2026-02-03 09:15:00+05:30,978.75,975.2999877929688,982.9000244140625,948.5999755859375,93948
CCL,2026-02-03 13:15:00+05:30,975.7999877929688,981.4500122070312,988.9000244140625,971.5499877929688,96540
CCL,2026-02-04 09:15:00+05:30,984.0499877929688,1009.25,1023.3499755859375,983.6500244140625,128898
CCL,2026-02-04 13:15:00+05:30,1008.0,1004.0,1020.0,998.2000122070312,60946
CCL,2026-02-05 09:15:00+05:30,1036.8499755859375,998.4500122070312,1058.25,991.9000244140625,862162
CCL,2026-02-05 13:15:00+05:30,998.0,990.0,1000.0,982.5,303515
CCL,2026-02-06 09:15:00+05:30,992.0,983.0499877929688,992.0,968.5,43845
CCL,2026-02-06 13:15:00+05:30,983.1500244140625,990.5,992.0,980.4000244140625,48443
CCL,2026-02-09 09:15:00+05:30,1008.3499755859375,1026.6500244140625,1034.5,1003.0499877929688,161151
CCL,2026-02-09 13:15:00+05:30,1026.6500244140625,1018.5,1029.949951171875,1017.2999877929688,120656
CCL,2026-02-10 09:15:00+05:30,1026.949951171875,1030.949951171875,1045.75,1024.75,37666
CCL,2026-02-10 13:15:00+05:30,1031.25,1031.050048828125,1034.699951171875,1029.699951171875,78675
CDSL,2026-02-02 09:15:00+05:30,1220.300048828125,1222.699951171875,1229.9000244140625,1195.9000244140625,1062896
CDSL,2026-02-02 13:15:00+05:30,1222.9000244140625,1241.0,1244.5999755859375,1214.300048828125,851795
CDSL,2026-02-03 09:15:00+05:30,1328.199951171875,1342.4000244140625,1357.300048828125,1319.0,2084860
CDSL,2026-02-03 13:15:00+05:30,1342.5,1343.0,1349.699951171875,1337.0,931760
CDSL,2026-02-04 09:15:00+05:30,1337.300048828125,1361.0,1364.4000244140625,1330.199951171875,1281976
CDSL,2026-02-04 13:15:00+05:30,1361.0,1366.0,1372.0,1359.199951171875,759596
CDSL,2026-02-05 09:15:00+05:30,1365.0,1348.300048828125,1366.0999755859375,1340.9000244140625,347710
CDSL,2026-02-05 13:15:00+05:30,1348.300048828125,1363.300048828125,1368.0,1347.199951171875,668439
CDSL,2026-02-06 09:15:00+05:30,1357.800048828125,1320.5999755859375,1357.800048828125,1315.5,654168
CDSL,2026-02-06 13:15:00+05:30,1321.0,1328.0,1334.0,1318.0,578774
CDSL,2026-02-09 09:15:00+05:30,1345.0,1365.0,1370.5,1343.9000244140625,581080
CDSL,2026-02-09 13:15:00+05:30,1364.5999755859375,1374.300048828125,1377.199951171875,1364.199951171875,626381
CDSL,2026-02-10 09:15:00+05:30,1387.0,1401.300048828125,1412.0,1383.199951171875,618462
CDSL,2026-02-10 13:15:00+05:30,1401.9000244140625,1400.0,1403.0999755859375,1396.0,514048
CEATLTD,2026-02-02 09:15:00+05:30,3685.89990234375,3700.0,3715.0,3653.199951171875,23475
CEATLTD,2026-02-02 13:15:00+05:30,3699.199951171875,3737.39990234375,3747.0,3693.60009765625,19630
CEATLTD,2026-02-03 09:15:00+05:30,3851.89990234375,3877.89990234375,3884.60009765625,3782.800048828125,54206
CEATLTD,2026-02-03 13:15:00+05:30,3877.89990234375,3880.699951171875,3897.0,3870.39990234375,70549
CEATLTD,2026-02-04 09:15:00+05:30,3880.39990234375,3917.10009765625,3970.699951171875,3850.800048828125,26644
CEATLTD,2026-02-04 13:15:00+05:30,3913.89990234375,3909.699951171875,3924.60009765625,3881.10009765625,25215
CEATLTD,2026-02-05 09:15:00+05:30,3909.699951171875,3876.89990234375,3935.0,3853.89990234375,7342
CEATLTD,2026-02-05 13:15:00+05:30,3876.800048828125,3878.10009765625,3907.0,3860.0,14945
CEATLTD,2026-02-06 09:15:00+05:30,3880.0,3920.39990234375,3937.60009765625,3851.5,17839
CEATLTD,2026-02-06 13:15:00+05:30,3920.39990234375,3917.89990234375,3978.0,3916.0,67043
CEATLTD,2026-02-09 09:15:00+05:30,3960.699951171875,4006.0,4036.0,3932.10009765625,104085
CEATLTD,2026-02-09 13:15:00+05:30,4006.60009765625,4018.0,4039.89990234375,4001.300048828125,88591
CEATLTD,2026-02-10 09:15:00+05:30,4035.60009765625,4019.10009765625,4105.0,4000.0,48046
CEATLTD,2026-02-10 13:15:00+05:30,4015.199951171875,4003.699951171875,4019.5,3990.0,44078
CEMPRO,2026-02-02 09:15:00+05:30,642.0,626.2000122070312,651.0999755859375,618.7999877929688,69124
CEMPRO,2026-02-02 13:15:00+05:30,626.2000122070312,632.5,637.1500244140625,622.9500122070312,74868
CEMPRO,2026-02-03 09:15:00+05:30,664.0,671.9500122070312,683.0,664.0,186481
CEMPRO,2026-02-03 13:15:00+05:30,671.9500122070312,675.0499877929688,678.7000122070312,670.0,103934
CEMPRO,2026-02-04 09:15:00+05:30,676.0,690.8499755859375,693.0,665.7000122070312,147832
CEMPRO,2026-02-04 13:15:00+05:30,690.2999877929688,699.9500122070312,705.0,688.1500244140625,117847
CEMPRO,2026-02-05 09:15:00+05:30,702.0,674.2999877929688,702.0,670.9500122070312,93425
CEMPRO,2026-02-05 13:15:00+05:30,674.0,682.5,684.4000244140625,674.0,161582
CEMPRO,2026-02-06 09:15:00+05:30,666.8499755859375,620.7999877929688,666.8499755859375,618.0999755859375,366446
CEMPRO,2026-02-06 13:15:00+05:30,620.5999755859375,634.8499755859375,636.5999755859375,618.0999755859375,375239
CEMPRO,2026-02-09 09:15:00+05:30,640.0,641.2000122070312,645.5499877929688,623.0,247787
CEMPRO,2026-02-09 13:15:00+05:30,641.7999877929688,639.9000244140625,643.0,635.0,147958
CEMPRO,2026-02-10 09:15:00+05:30,653.0,665.9000244140625,670.9000244140625,644.3499755859375,120346
CEMPRO,2026-02-10 13:15:00+05:30,665.5499877929688,655.5999755859375,666.6500244140625,654.5,127027
CENTENKA,2026-02-02 09:15:00+05:30,430.0,427.20001220703125,436.5,425.8999938964844,5006
CENTENKA,2026-02-02 13:15:00+05:30,428.3500061035156,434.0,434.0,427.0,1603
CENTENKA,2026-02-03 09:15:00+05:30,447.0,450.45001220703125,463.0,444.5,16137
CENTENKA,2026-02-03 13:15:00+05:30,449.1499938964844,447.04998779296875,452.0,445.0,4113
CENTENKA,2026-02-04 09:15:00+05:30,449.8500061035156,456.95001220703125,460.0,445.1000061035156,7580
CENTENKA,2026-02-04 13:15:00+05:30,455.79998779296875,453.95001220703125,460.0,452.3999938964844,8048
CENTENKA,2026-02-05 09:15:00+05:30,457.0,457.6000061035156,461.0,453.6499938964844,6123
CENTENKA,2026-02-05 13:15:00+05:30,458.3999938964844,459.1000061035156,460.0,456.20001220703125,2864
CENTENKA,2026-02-06 09:15:00+05:30,458.0,451.6000061035156,460.04998779296875,450.5,2996
CENTENKA,2026-02-06 13:15:00+05:30,451.8999938964844,469.0,500.0,451.8999938964844,117059
CENTENKA,2026-02-09 09:15:00+05:30,481.3999938964844,474.45001220703125,481.3999938964844,467.0,12499
CENTENKA,2026-02-09 13:15:00+05:30,474.54998779296875,473.0,475.0,470.75,8113
CENTENKA,2026-02-10 09:15:00+05:30,473.0,473.5,480.20001220703125,472.25,5133
CENTENKA,2026-02-10 13:15:00+05:30,472.5,472.3999938964844,474.0,470.25,5670
CENTEXT,2026-02-02 09:15:00+05:30,21.270000457763672,21.170000076293945,21.989999771118164,21.010000228881836,22322
CENTEXT,2026-02-02 13:15:00+05:30,21.170000076293945,21.190000534057617,21.450000762939453,21.049999237060547,25632
CENTEXT,2026-02-03 09:15:00+05:30,22.5,21.729999542236328,22.5,21.459999084472656,23470
CENTEXT,2026-02-03 13:15:00+05:30,21.729999542236328,21.31999969482422,22.06999969482422,21.0,99613
CENTEXT,2026-02-04 09:15:00+05:30,21.31999969482422,21.739999771118164,21.979999542236328,21.299999237060547,28428
CENTEXT,2026-02-04 13:15:00+05:30,21.65999984741211,21.43000030517578,21.920000076293945,21.100000381469727,50979
CENTEXT,2026-02-05 09:15:00+05:30,21.790000915527344,21.3799991607666,21.979999542236328,21.229999542236328,48196
CENTEXT,2026-02-05 13:15:00+05:30,21.309999465942383,21.229999542236328,21.549999237060547,21.200000762939453,36554
CENTEXT,2026-02-06 09:15:00+05:30,21.110000610351562,21.309999465942383,21.600000381469727,21.110000610351562,23727
CENTEXT,2026-02-06 13:15:00+05:30,21.299999237060547,21.760000228881836,21.760000228881836,21.15999984741211,27534
CENTEXT,2026-02-09 09:15:00+05:30,21.6200008392334,21.65999984741211,21.889999389648438,21.360000610351562,67795
CENTEXT,2026-02-09 13:15:00+05:30,21.65999984741211,21.530000686645508,21.790000915527344,21.399999618530273,17792
CENTEXT,2026-02-10 09:15:00+05:30,21.549999237060547,21.899999618530273,22.290000915527344,21.549999237060547,59981
CENTEXT,2026-02-10 13:15:00+05:30,21.899999618530273,21.709999084472656,21.899999618530273,21.540000915527344,41815
CENTRALBK,2026-02-02 09:15:00+05:30,36.2599983215332,35.849998474121094,36.45000076293945,35.52000045776367,1812269
CENTRALBK,2026-02-02 13:15:00+05:30,35.869998931884766,36.29999923706055,36.4900016784668,35.619998931884766,2127493
CENTRALBK,2026-02-03 09:15:00+05:30,37.900001525878906,36.70000076293945,37.900001525878906,36.31999969482422,1325155
CENTRALBK,2026-02-03 13:15:00+05:30,36.66999816894531,36.63999938964844,36.86000061035156,36.540000915527344,2369315
CENTRALBK,2026-02-04 09:15:00+05:30,36.63999938964844,37.099998474121094,37.20000076293945,36.41999816894531,1662928
CENTRALBK,2026-02-04 13:15:00+05:30,37.099998474121094,37.2599983215332,37.439998626708984,37.0099983215332,2250386
CENTRALBK,2026-02-05 09:15:00+05:30,37.20000076293945,37.18000030517578,37.599998474121094,37.040000915527344,940686
CENTRALBK,2026-02-05 13:15:00+05:30,37.18000030517578,36.95000076293945,37.22999954223633,36.83000183105469,1465531
CENTRALBK,2026-02-06 09:15:00+05:30,36.869998931884766,36.599998474121094,37.06999969482422,36.52000045776367,2555183
CENTRALBK,2026-02-06 13:15:00+05:30,36.599998474121094,37.0099983215332,37.150001525878906,36.599998474121094,1158654
CENTRALBK,2026-02-09 09:15:00+05:30,37.400001525878906,37.869998931884766,37.97999954223633,37.33000183105469,2248137
CENTRALBK,2026-02-09 13:15:00+05:30,37.869998931884766,37.7400016784668,37.88999938964844,37.68000030517578,1210012
CENTRALBK,2026-02-10 09:15:00+05:30,38.0,38.25,38.31999969482422,37.7400016784668,2018711
CENTRALBK,2026-02-10 13:15:00+05:30,38.25,37.91999816894531,38.25,37.880001068115234,1985305
CENTRUM,2026-02-02 09:15:00+05:30,24.200000762939453,23.93000030517578,25.25,23.450000762939453,317465
CENTRUM,2026-02-02 13:15:00+05:30,23.81999969482422,23.969999313354492,24.5,23.75,79992
CENTRUM,2026-02-03 09:15:00+05:30,24.899999618530273,24.860000610351562,25.31999969482422,24.540000915527344,85303
CENTRUM,2026-02-03 13:15:00+05:30,24.899999618530273,25.010000228881836,25.200000762939453,24.709999084472656,130649
CENTRUM,2026-02-04 09:15:00+05:30,25.010000228881836,25.399999618530273,25.600000381469727,24.639999389648438,215081
CENTRUM,2026-02-04 13:15:00+05:30,25.479999542236328,25.510000228881836,25.700000762939453,25.1200008392334,66457
CENTRUM,2026-02-05 09:15:00+05:30,25.899999618530273,25.229999542236328,25.989999771118164,25.010000228881836,34165
CENTRUM,2026-02-05 13:15:00+05:30,25.290000915527344,25.100000381469727,25.489999771118164,25.0,39737
CENTRUM,2026-02-06 09:15:00+05:30,25.399999618530273,25.219999313354492,25.399999618530273,24.81999969482422,25211
CENTRUM,2026-02-06 13:15:00+05:30,25.25,25.719999313354492,25.899999618530273,25.18000030517578,32105
CENTRUM,2026-02-09 09:15:00+05:30,25.709999084472656,26.6299991607666,26.6299991607666,25.709999084472656,70620
CENTRUM,2026-02-09 13:15:00+05:30,26.6299991607666,26.420000076293945,26.65999984741211,26.229999542236328,38672
CENTRUM,2026-02-10 09:15:00+05:30,26.420000076293945,26.450000762939453,26.850000381469727,26.0,85304
CENTRUM,2026-02-10 13:15:00+05:30,26.559999465942383,26.309999465942383,26.600000381469727,25.799999237060547,40123
CENTUM,2026-02-02 09:15:00+05:30,2289.89990234375,2280.199951171875,2301.89990234375,2239.800048828125,9095
CENTUM,2026-02-02 13:15:00+05:30,2278.199951171875,2311.0,2336.199951171875,2265.0,9561
CENTUM,2026-02-03 09:15:00+05:30,2382.0,2349.0,2432.300048828125,2345.800048828125,11129
CENTUM,2026-02-03 13:15:00+05:30,2351.199951171875,2354.89990234375,2400.0,2342.10009765625,31119
CENTUM,2026-02-04 09:15:00+05:30,2360.0,2314.39990234375,2366.89990234375,2297.699951171875,6941
CENTUM,2026-02-04 13:15:00+05:30,2313.60009765625,2369.10009765625,2369.10009765625,2313.60009765625,5048
CENTUM,2026-02-05 09:15:00+05:30,2360.0,2328.60009765625,2373.10009765625,2301.699951171875,1901
CENTUM,2026-02-05 13:15:00+05:30,2330.0,2306.10009765625,2339.0,2306.10009765625,2099
CENTUM,2026-02-06 09:15:00+05:30,2319.800048828125,2277.39990234375,2319.800048828125,2253.10009765625,3509
CENTUM,2026-02-06 13:15:00+05:30,2279.89990234375,2316.800048828125,2331.60009765625,2273.5,3757
CENTUM,2026-02-09 09:15:00+05:30,2360.0,2378.300048828125,2391.0,2286.800048828125,7703
CENTUM,2026-02-09 13:15:00+05:30,2370.60009765625,2385.5,2388.0,2368.10009765625,5200
CENTUM,2026-02-10 09:15:00+05:30,2385.0,2492.89990234375,2500.0,2385.0,21827
CENTUM,2026-02-10 13:15:00+05:30,2489.0,2483.0,2491.89990234375,2472.0,7402
CENTURYPLY,2026-02-02 09:15:00+05:30,766.4000244140625,788.8499755859375,790.0,753.6500244140625,19475
CENTURYPLY,2026-02-02 13:15:00+05:30,788.9500122070312,812.5499877929688,823.0,786.0,170672
CENTURYPLY,2026-02-03 09:15:00+05:30,836.0499877929688,823.9000244140625,841.0999755859375,811.5,21100
CENTURYPLY,2026-02-03 13:15:00+05:30,823.9000244140625,835.5499877929688,838.2999877929688,822.0999755859375,38039
CENTURYPLY,2026-02-04 09:15:00+05:30,835.1500244140625,813.9000244140625,847.5999755859375,811.2000122070312,15805
CENTURYPLY,2026-02-04 13:15:00+05:30,813.8499755859375,793.5499877929688,850.0,789.75,357733
CENTURYPLY,2026-02-05 09:15:00+05:30,800.0,785.4500122070312,812.2000122070312,776.8499755859375,54853
CENTURYPLY,2026-02-05 13:15:00+05:30,786.0,785.75,792.9000244140625,781.0,21251
CENTURYPLY,2026-02-06 09:15:00+05:30,784.0,796.2999877929688,801.2000122070312,776.2000122070312,18371
CENTURYPLY,2026-02-06 13:15:00+05:30,796.7000122070312,795.25,804.2000122070312,794.9000244140625,14178
CENTURYPLY,2026-02-09 09:15:00+05:30,802.9500122070312,802.5,809.75,791.2999877929688,13644
CENTURYPLY,2026-02-09 13:15:00+05:30,803.5,801.9000244140625,806.5999755859375,797.1500244140625,14678
CENTURYPLY,2026-02-10 09:15:00+05:30,802.0,812.9500122070312,814.0999755859375,801.0,7669
CENTURYPLY,2026-02-10 13:15:00+05:30,812.2999877929688,804.0,815.5,795.0499877929688,39696
CERA,2026-02-02 09:15:00+05:30,5060.0,4938.7998046875,5060.0,4875.0,4543
CERA,2026-02-02 13:15:00+05:30,4936.7001953125,5020.5,5031.5,4928.10009765625,3019
CERA,2026-02-03 09:15:00+05:30,5171.0,5102.2998046875,5171.2001953125,5070.0,3361
CERA,2026-02-03 13:15:00+05:30,5102.10009765625,5147.60009765625,5158.39990234375,5097.10009765625,5607
CERA,2026-02-04 09:15:00+05:30,5075.0,5070.5,5141.7001953125,4921.0,43753
CERA,2026-02-04 13:15:00+05:30,5087.0,5184.10009765625,5250.0,5035.60009765625,35858
CERA,2026-02-05 09:15:00+05:30,5179.0,5063.7998046875,5179.0,5011.0,5167
CERA,2026-02-05 13:15:00+05:30,5067.0,5050.0,5072.0,5050.0,3491
CERA,2026-02-06 09:15:00+05:30,5050.10009765625,5117.0,5141.5,5009.2998046875,7774
CERA,2026-02-06 13:15:00+05:30,5119.39990234375,5167.10009765625,5181.10009765625,5113.60009765625,10996
CERA,2026-02-09 09:15:00+05:30,5173.5,5250.0,5260.0,5137.0,3634
CERA,2026-02-09 13:15:00+05:30,5251.39990234375,5275.60009765625,5304.39990234375,5250.0,7896
CERA,2026-02-10 09:15:00+05:30,5305.5,5312.0,5349.5,5257.7001953125,3306
CERA,2026-02-10 13:15:00+05:30,5315.0,5287.39990234375,5315.0,5260.60009765625,3462
CESC,2026-02-02 09:15:00+05:30,145.0,143.5800018310547,146.30999755859375,142.52000427246094,302832
CESC,2026-02-02 13:15:00+05:30,143.5800018310547,143.24000549316406,144.97000122070312,142.86000061035156,2047697
CESC,2026-02-03 09:15:00+05:30,148.63999938964844,146.3800048828125,149.11000061035156,143.52999877929688,561751
CESC,2026-02-03 13:15:00+05:30,146.33999633789062,147.44000244140625,148.0,145.80999755859375,542391
CESC,2026-02-04 09:15:00+05:30,147.55999755859375,149.58999633789062,151.3800048828125,147.22999572753906,990816
CESC,2026-02-04 13:15:00+05:30,149.64999389648438,153.60000610351562,153.6999969482422,148.88999938964844,1278634
CESC,2026-02-05 09:15:00+05:30,152.7100067138672,153.47000122070312,154.30999755859375,151.02999877929688,536342
CESC,2026-02-05 13:15:00+05:30,153.44000244140625,153.5,155.0399932861328,152.67999267578125,661623
CESC,2026-02-06 09:15:00+05:30,153.7100067138672,151.25,154.39999389648438,151.10000610351562,357392
CESC,2026-02-06 13:15:00+05:30,151.25,153.5500030517578,155.69000244140625,150.77999877929688,2047219
CESC,2026-02-09 09:15:00+05:30,155.50999450683594,154.66000366210938,156.50999450683594,150.5800018310547,1151814
CESC,2026-02-09 13:15:00+05:30,154.74000549316406,154.5800018310547,155.14999389648438,154.27999877929688,405815
CESC,2026-02-10 09:15:00+05:30,154.75,155.13999938964844,155.5500030517578,154.44000244140625,193505
CESC,2026-02-10 13:15:00+05:30,155.16000366210938,154.50999450683594,155.1699981689453,154.3800048828125,224508
CGCL,2026-02-02 09:15:00+05:30,165.10000610351562,164.44000244140625,165.9600067138672,161.3000030517578,282977
CGCL,2026-02-02 13:15:00+05:30,164.52000427246094,169.47999572753906,169.75,163.9600067138672,206403
CGCL,2026-02-03 09:15:00+05:30,177.0,170.27999877929688,177.86000061035156,169.8000030517578,200941
CGCL,2026-02-03 13:15:00+05:30,170.05999755859375,170.27999877929688,171.67999267578125,169.55999755859375,318733
CGCL,2026-02-04 09:15:00+05:30,170.00999450683594,170.0800018310547,171.89999389648438,168.97999572753906,196980
CGCL,2026-02-04 13:15:00+05:30,170.1999969482422,171.75,172.1999969482422,170.0399932861328,169087
CGCL,2026-02-05 09:15:00+05:30,171.0,171.0,173.22000122070312,170.7100067138672,88280
CGCL,2026-02-05 13:15:00+05:30,171.0,169.9600067138672,171.36000061035156,169.25,222107
CGCL,2026-02-06 09:15:00+05:30,170.1699981689453,173.80999755859375,173.97999572753906,167.91000366210938,356160
CGCL,2026-02-06 13:15:00+05:30,173.80999755859375,172.5,174.47999572753906,172.05999755859375,448819
CGCL,2026-02-09 09:15:00+05:30,177.47999572753906,176.9499969482422,180.80999755859375,175.00999450683594,571140
CGCL,2026-02-09 13:15:00+05:30,176.74000549316406,176.7899932861328,177.13999938964844,176.50999450683594,244275
CGCL,2026-02-10 09:15:00+05:30,178.39999389648438,175.0,178.39999389648438,173.72000122070312,162255
CGCL,2026-02-10 13:15:00+05:30,175.0,175.0,175.5,174.5,201556
CGPOWER,2026-02-02 09:15:00+05:30,602.7000122070312,599.25,604.5499877929688,586.7999877929688,1315979
CGPOWER,2026-02-02 13:15:00+05:30,599.3499755859375,607.7999877929688,609.75,598.0,1263837
CGPOWER,2026-02-03 09:15:00+05:30,666.0,666.4000244140625,669.1500244140625,651.0,8278784
CGPOWER,2026-02-03 13:15:00+05:30,666.2999877929688,659.9500122070312,667.75,659.1500244140625,2785034
CGPOWER,2026-02-04 09:15:00+05:30,666.9500122070312,666.3499755859375,676.0,657.0,1567628
CGPOWER,2026-02-04 13:15:00+05:30,666.4000244140625,667.25,671.5499877929688,663.5999755859375,1787256
CGPOWER,2026-02-05 09:15:00+05:30,669.5499877929688,667.6500244140625,669.5499877929688,656.5999755859375,688963
CGPOWER,2026-02-05 13:15:00+05:30,667.5,668.0,672.2000122070312,664.2000122070312,1274915
CGPOWER,2026-02-06 09:15:00+05:30,669.7999877929688,669.4000244140625,674.1500244140625,663.5499877929688,886315
CGPOWER,2026-02-06 13:15:00+05:30,669.5499877929688,674.8499755859375,676.0,669.0,957540
CGPOWER,2026-02-09 09:15:00+05:30,679.5999755859375,692.0999755859375,695.7000122070312,679.4000244140625,1053821
CGPOWER,2026-02-09 13:15:00+05:30,692.0999755859375,690.7999877929688,694.0,688.5999755859375,820914
CGPOWER,2026-02-10 09:15:00+05:30,694.0,676.4500122070312,694.0,668.6500244140625,1485620
CGPOWER,2026-02-10 13:15:00+05:30,676.4000244140625,681.5499877929688,682.9000244140625,674.8499755859375,1434220
CHALET,2026-02-02 09:15:00+05:30,856.5499877929688,839.6500244140625,856.5499877929688,833.5,19193
CHALET,2026-02-02 13:15:00+05:30,840.4000244140625,859.9500122070312,860.0,835.0,55043
CHALET,2026-02-03 09:15:00+05:30,848.0,890.1500244140625,891.5,848.0,109407
CHALET,2026-02-03 13:15:00+05:30,890.1500244140625,893.2000122070312,912.0,887.6500244140625,161515
CHALET,2026-02-04 09:15:00+05:30,894.75,864.9000244140625,896.0999755859375,864.25,60154
CHALET,2026-02-04 13:15:00+05:30,865.5999755859375,872.0,875.0,863.4000244140625,42605
CHALET,2026-02-05 09:15:00+05:30,875.4000244140625,859.5999755859375,875.4000244140625,855.25,26891
CHALET,2026-02-05 13:15:00+05:30,859.5999755859375,848.0,863.9000244140625,848.0,34040
CHALET,2026-02-06 09:15:00+05:30,846.5999755859375,846.0,852.2999877929688,837.0,13181
CHALET,2026-02-06 13:15:00+05:30,845.9500122070312,845.0,852.9500122070312,843.9000244140625,15258
CHALET,2026-02-09 09:15:00+05:30,859.0,864.3499755859375,865.0,851.5499877929688,20654
CHALET,2026-02-09 13:15:00+05:30,864.5,867.3499755859375,868.3499755859375,862.0499877929688,19419
CHALET,2026-02-10 09:15:00+05:30,871.6500244140625,883.0,885.0,865.75,47461
CHALET,2026-02-10 13:15:00+05:30,883.4000244140625,882.3499755859375,885.9500122070312,879.25,39729
CHAMBLFERT,2026-02-02 09:15:00+05:30,430.04998779296875,421.79998779296875,430.04998779296875,415.6000061035156,351901
CHAMBLFERT,2026-02-02 13:15:00+05:30,421.79998779296875,431.8999938964844,433.0,421.0,327253
CHAMBLFERT,2026-02-03 09:15:00+05:30,442.0,430.3999938964844,444.95001220703125,428.95001220703125,457158
CHAMBLFERT,2026-02-03 13:15:00+05:30,430.3999938964844,430.70001220703125,433.8500061035156,429.5,489919
CHAMBLFERT,2026-02-04 09:15:00+05:30,432.75,432.70001220703125,436.1499938964844,430.29998779296875,173186
CHAMBLFERT,2026-02-04 13:15:00+05:30,432.75,437.8999938964844,439.6499938964844,430.5,435132
CHAMBLFERT,2026-02-05 09:15:00+05:30,436.8999938964844,424.75,436.8999938964844,423.6000061035156,313870
CHAMBLFERT,2026-02-05 13:15:00+05:30,424.6499938964844,427.0,430.45001220703125,424.3999938964844,563538
CHAMBLFERT,2026-02-06 09:15:00+05:30,427.5,432.29998779296875,438.95001220703125,424.1499938964844,388673
CHAMBLFERT,2026-02-06 13:15:00+05:30,432.29998779296875,428.0,434.1000061035156,427.29998779296875,378126
CHAMBLFERT,2026-02-09 09:15:00+05:30,433.0,435.1000061035156,436.45001220703125,431.6000061035156,398082
CHAMBLFERT,2026-02-09 13:15:00+05:30,434.79998779296875,444.79998779296875,445.95001220703125,434.25,601482
CHAMBLFERT,2026-02-10 09:15:00+05:30,447.0,442.6000061035156,447.3500061035156,440.5,413017
CHAMBLFERT,2026-02-10 13:15:00+05:30,442.6000061035156,453.54998779296875,455.6000061035156,442.1000061035156,815668
CHEMBOND,2026-02-02 09:15:00+05:30,147.86000061035156,144.13999938964844,147.86000061035156,143.25999450683594,778
CHEMBOND,2026-02-02 13:15:00+05:30,144.83999633789062,143.5800018310547,147.0,142.0,2605
CHEMBOND,2026-02-03 09:15:00+05:30,150.0,147.25,152.27999877929688,145.41000366210938,11234
CHEMBOND,2026-02-03 13:15:00+05:30,147.1999969482422,150.63999938964844,151.58999633789062,147.1999969482422,2928
CHEMBOND,2026-02-04 09:15:00+05:30,151.0,150.55999755859375,151.99000549316406,150.02999877929688,543
CHEMBOND,2026-02-04 13:15:00+05:30,150.60000610351562,150.4499969482422,153.6300048828125,148.00999450683594,3070
CHEMBOND,2026-02-05 09:15:00+05:30,150.49000549316406,147.22999572753906,150.85000610351562,145.0,2294
CHEMBOND,2026-02-05 13:15:00+05:30,147.35000610351562,148.4199981689453,150.75,145.19000244140625,3805
CHEMBOND,2026-02-06 09:15:00+05:30,149.00999450683594,148.27000427246094,149.0500030517578,146.0,324
CHEMBOND,2026-02-06 13:15:00+05:30,148.1999969482422,145.1999969482422,148.1999969482422,144.1999969482422,3980
CHEMBOND,2026-02-09 09:15:00+05:30,148.0,146.9499969482422,149.44000244140625,145.47999572753906,4325
CHEMBOND,2026-02-09 13:15:00+05:30,147.30999755859375,146.4600067138672,147.49000549316406,146.10000610351562,1938
CHEMBOND,2026-02-10 09:15:00+05:30,146.89999389648438,147.7899932861328,149.3699951171875,146.3000030517578,3025
CHEMBOND,2026-02-10 13:15:00+05:30,147.77999877929688,159.60000610351562,161.11000061035156,147.36000061035156,16921
CHEMCON,2026-02-02 09:15:00+05:30,178.0,172.47999572753906,178.0,169.80999755859375,13372
CHEMCON,2026-02-02 13:15:00+05:30,172.4499969482422,180.8000030517578,180.8000030517578,172.11000061035156,9451
CHEMCON,2026-02-03 09:15:00+05:30,182.00999450683594,182.72999572753906,189.0,180.8800048828125,10334
CHEMCON,2026-02-03 13:15:00+05:30,182.80999755859375,182.3000030517578,183.0,182.0,4903
CHEMCON,2026-02-04 09:15:00+05:30,182.0,185.14999389648438,185.99000549316406,181.00999450683594,4409
CHEMCON,2026-02-04 13:15:00+05:30,185.0,185.4600067138672,186.5,184.61000061035156,10647
CHEMCON,2026-02-05 09:15:00+05:30,185.0500030517578,183.24000549316406,189.0,182.39999389648438,11788
CHEMCON,2026-02-05 13:15:00+05:30,183.25,182.61000061035156,184.67999267578125,182.61000061035156,5021
CHEMCON,2026-02-06 09:15:00+05:30,184.14999389648438,183.38999938964844,184.5800018310547,181.0,10638
CHEMCON,2026-02-06 13:15:00+05:30,183.38999938964844,180.2100067138672,184.0,177.60000610351562,17239
CHEMCON,2026-02-09 09:15:00+05:30,182.89999389648438,187.6300048828125,188.38999938964844,182.89999389648438,14029
CHEMCON,2026-02-09 13:15:00+05:30,187.35000610351562,186.0,188.10000610351562,186.0,11078
CHEMCON,2026-02-10 09:15:00+05:30,189.0,188.0,189.9600067138672,186.61000061035156,8872
CHEMCON,2026-02-10 13:15:00+05:30,188.0399932861328,187.64999389648438,188.5,187.52000427246094,7998
CHEMFAB,2026-02-02 09:15:00+05:30,395.0,407.70001220703125,411.8500061035156,395.0,7398
CHEMFAB,2026-02-02 13:15:00+05:30,406.1499938964844,406.04998779296875,410.0,404.0,2047
CHEMFAB,2026-02-03 09:15:00+05:30,419.04998779296875,410.29998779296875,422.0,408.8500061035156,1196
CHEMFAB,2026-02-03 13:15:00+05:30,411.25,404.8500061035156,411.25,402.04998779296875,4020
CHEMFAB,2026-02-04 09:15:00+05:30,401.04998779296875,401.3999938964844,407.3500061035156,398.95001220703125,1558
CHEMFAB,2026-02-04 13:15:00+05:30,402.54998779296875,403.29998779296875,407.0,401.1499938964844,2636
CHEMFAB,2026-02-05 09:15:00+05:30,403.29998779296875,401.8500061035156,404.8999938964844,399.0,643
CHEMFAB,2026-02-05 13:15:00+05:30,402.0,404.29998779296875,405.8999938964844,401.0,830
CHEMFAB,2026-02-06 09:15:00+05:30,404.5,398.3999938964844,405.0,395.1000061035156,1546
CHEMFAB,2026-02-06 13:15:00+05:30,398.1000061035156,399.0,400.79998779296875,398.0,594
CHEMFAB,2026-02-09 09:15:00+05:30,396.0,405.8999938964844,407.5,394.04998779296875,6040
CHEMFAB,2026-02-09 13:15:00+05:30,405.25,406.75,407.5,405.0,4046
CHEMFAB,2026-02-10 09:15:00+05:30,414.0,403.79998779296875,414.0,403.0,2563
CHEMFAB,2026-02-10 13:15:00+05:30,404.70001220703125,405.3999938964844,407.0,403.0,791
CHEMPLASTS,2026-02-02 09:15:00+05:30,255.0,249.9499969482422,255.0,245.60000610351562,10629
CHEMPLASTS,2026-02-02 13:15:00+05:30,249.39999389648438,256.20001220703125,259.3500061035156,244.9499969482422,30028
CHEMPLASTS,2026-02-03 09:15:00+05:30,268.0,266.0,270.0,260.0,37652
CHEMPLASTS,2026-02-03 13:15:00+05:30,266.0,262.0,266.04998779296875,259.6000061035156,71929
CHEMPLASTS,2026-02-04 09:15:00+05:30,261.29998779296875,262.6499938964844,265.0,259.45001220703125,15172
CHEMPLASTS,2026-02-04 13:15:00+05:30,262.70001220703125,267.25,269.3500061035156,262.20001220703125,44342
CHEMPLASTS,2026-02-05 09:15:00+05:30,270.0,263.75,270.0,260.0,19806
CHEMPLASTS,2026-02-05 13:15:00+05:30,264.20001220703125,261.25,266.0,259.1000061035156,59519
CHEMPLASTS,2026-02-06 09:15:00+05:30,261.25,257.6499938964844,261.25,253.0,13218
CHEMPLASTS,2026-02-06 13:15:00+05:30,257.6499938964844,256.1499938964844,261.0,254.39999389648438,46376
CHEMPLASTS,2026-02-09 09:15:00+05:30,252.1999969482422,270.8999938964844,273.8500061035156,250.1999969482422,370152
CHEMPLASTS,2026-02-09 13:15:00+05:30,271.5,282.75,287.0,270.5,196539
CHEMPLASTS,2026-02-10 09:15:00+05:30,284.0,314.5,317.0,281.0,618399
CHEMPLASTS,2026-02-10 13:15:00+05:30,315.0,310.1000061035156,326.25,306.1000061035156,1151008
CHENNPETRO,2026-02-02 09:15:00+05:30,837.1500244140625,840.25,859.3499755859375,828.7999877929688,443050
CHENNPETRO,2026-02-02 13:15:00+05:30,839.4000244140625,868.7999877929688,869.0,835.5999755859375,339098
CHENNPETRO,2026-02-03 09:15:00+05:30,887.0,844.4000244140625,887.0,832.5,511406
CHENNPETRO,2026-02-03 13:15:00+05:30,844.4500122070312,842.0,846.0999755859375,836.9500122070312,351802
CHENNPETRO,2026-02-04 09:15:00+05:30,840.0,879.6500244140625,885.0,838.9000244140625,606372
CHENNPETRO,2026-02-04 13:15:00+05:30,878.1500244140625,880.9000244140625,889.0,877.7000122070312,485994
CHENNPETRO,2026-02-05 09:15:00+05:30,886.9000244140625,896.5,915.0499877929688,886.9000244140625,296441
CHENNPETRO,2026-02-05 13:15:00+05:30,896.5,888.5499877929688,903.0499877929688,887.7000122070312,278408
CHENNPETRO,2026-02-06 09:15:00+05:30,892.7000122070312,901.0,907.9000244140625,888.0,328446
CHENNPETRO,2026-02-06 13:15:00+05:30,901.2000122070312,904.5499877929688,907.25,898.0,222864
CHENNPETRO,2026-02-09 09:15:00+05:30,913.0499877929688,926.0,930.0,905.1500244140625,281129
CHENNPETRO,2026-02-09 13:15:00+05:30,926.4000244140625,919.5499877929688,926.7000122070312,917.5999755859375,280486
CHENNPETRO,2026-02-10 09:15:00+05:30,926.9000244140625,920.0,928.5,909.5999755859375,99949
CHENNPETRO,2026-02-10 13:15:00+05:30,919.4500122070312,918.7999877929688,920.9000244140625,915.0,134434
CHEVIOT,2026-02-02 09:15:00+05:30,1000.0,1007.9000244140625,1008.9000244140625,989.0999755859375,235
CHEVIOT,2026-02-02 13:15:00+05:30,1011.0,1008.7999877929688,1013.7999877929688,1000.0,127
CHEVIOT,2026-02-03 09:15:00+05:30,1024.9000244140625,1025.699951171875,1054.0,1020.0,2347
CHEVIOT,2026-02-03 13:15:00+05:30,1039.800048828125,1033.0999755859375,1039.800048828125,1026.0999755859375,275
CHEVIOT,2026-02-04 09:15:00+05:30,1030.199951171875,1028.4000244140625,1034.800048828125,1016.0999755859375,294
CHEVIOT,2026-02-04 13:15:00+05:30,1032.699951171875,1034.0,1041.0,1029.5999755859375,372
CHEVIOT,2026-02-05 09:15:00+05:30,1037.0,1032.0,1041.0,1032.0,358
CHEVIOT,2026-02-05 13:15:00+05:30,1031.9000244140625,1031.800048828125,1034.9000244140625,1030.5,359
CHEVIOT,2026-02-06 09:15:00+05:30,1035.0,1047.0,1047.800048828125,1025.0999755859375,297
CHEVIOT,2026-02-06 13:15:00+05:30,1047.0,1043.300048828125,1047.0,1038.5,357
CHEVIOT,2026-02-09 09:15:00+05:30,1048.0,1050.5999755859375,1068.5999755859375,1035.0,419
CHEVIOT,2026-02-09 13:15:00+05:30,1049.300048828125,1040.0,1050.0,1038.0999755859375,510
CHEVIOT,2026-02-10 09:15:00+05:30,1040.800048828125,1050.0,1056.9000244140625,1040.800048828125,479
CHEVIOT,2026-02-10 13:15:00+05:30,1051.0,1059.199951171875,1061.0,1051.0,495
CHOICEIN,2026-02-02 09:15:00+05:30,753.5,745.9500122070312,754.0,740.0499877929688,67903
CHOICEIN,2026-02-02 13:15:00+05:30,745.9500122070312,748.0,752.0,737.8499755859375,106646
CHOICEIN,2026-02-03 09:15:00+05:30,778.0,786.25,786.6500244140625,767.0,273792
CHOICEIN,2026-02-03 13:15:00+05:30,786.25,782.8499755859375,788.0,781.5999755859375,122184
CHOICEIN,2026-02-04 09:15:00+05:30,792.5,785.25,795.9500122070312,784.5,223516
CHOICEIN,2026-02-04 13:15:00+05:30,785.1500244140625,783.5499877929688,789.4000244140625,781.0,214925
CHOICEIN,2026-02-05 09:15:00+05:30,783.4500122070312,779.9500122070312,787.5,776.3499755859375,62577
CHOICEIN,2026-02-05 13:15:00+05:30,780.9500122070312,775.8499755859375,783.7999877929688,770.5999755859375,562391
CHOICEIN,2026-02-06 09:15:00+05:30,774.0,759.0499877929688,774.0,757.0,51414
CHOICEIN,2026-02-06 13:15:00+05:30,759.0,758.0,761.9000244140625,756.0,112006
CHOICEIN,2026-02-09 09:15:00+05:30,765.7000122070312,768.5,777.75,761.0999755859375,399426
CHOICEIN,2026-02-09 13:15:00+05:30,768.0499877929688,771.7999877929688,775.9000244140625,767.4500122070312,365315
CHOICEIN,2026-02-10 09:15:00+05:30,775.5,779.2000122070312,794.4500122070312,775.5,729639
CHOICEIN,2026-02-10 13:15:00+05:30,779.9000244140625,779.0,783.4000244140625,776.2000122070312,378385
CHOLAFIN,2026-02-02 09:15:00+05:30,1556.0,1573.9000244140625,1579.199951171875,1527.0,985003
CHOLAFIN,2026-02-02 13:15:00+05:30,1573.9000244140625,1594.0,1598.0,1570.0,1210948
CHOLAFIN,2026-02-03 09:15:00+05:30,1702.0,1697.699951171875,1729.4000244140625,1676.0999755859375,708955
CHOLAFIN,2026-02-03 13:15:00+05:30,1697.699951171875,1696.4000244140625,1703.0999755859375,1687.5,640764
CHOLAFIN,2026-02-04 09:15:00+05:30,1694.4000244140625,1732.800048828125,1737.0999755859375,1681.800048828125,592093
CHOLAFIN,2026-02-04 13:15:00+05:30,1733.300048828125,1739.5,1742.9000244140625,1726.0999755859375,1101725
CHOLAFIN,2026-02-05 09:15:00+05:30,1739.5,1728.699951171875,1739.5,1717.0999755859375,104262
CHOLAFIN,2026-02-05 13:15:00+05:30,1728.800048828125,1721.5999755859375,1732.9000244140625,1718.300048828125,190531
CHOLAFIN,2026-02-06 09:15:00+05:30,1717.0999755859375,1720.800048828125,1739.199951171875,1703.4000244140625,466039
CHOLAFIN,2026-02-06 13:15:00+05:30,1720.800048828125,1741.0999755859375,1748.0,1715.0,613140
CHOLAFIN,2026-02-09 09:15:00+05:30,1760.0,1772.4000244140625,1776.5999755859375,1750.300048828125,808397
CHOLAFIN,2026-02-09 13:15:00+05:30,1772.5999755859375,1770.199951171875,1775.800048828125,1764.4000244140625,530810
CHOLAFIN,2026-02-10 09:15:00+05:30,1775.0,1746.4000244140625,1775.0,1729.0999755859375,150211
CHOLAFIN,2026-02-10 13:15:00+05:30,1746.4000244140625,1726.199951171875,1747.300048828125,1721.5999755859375,859565
CHOLAHLDNG,2026-02-02 09:15:00+05:30,1693.0999755859375,1628.300048828125,1693.0999755859375,1608.9000244140625,98534
CHOLAHLDNG,2026-02-02 13:15:00+05:30,1630.0,1659.5999755859375,1681.699951171875,1622.5999755859375,305135
CHOLAHLDNG,2026-02-03 09:15:00+05:30,1724.4000244140625,1730.0,1735.199951171875,1677.199951171875,116145
CHOLAHLDNG,2026-02-03 13:15:00+05:30,1730.0,1722.199951171875,1746.199951171875,1715.0999755859375,81335
CHOLAHLDNG,2026-02-04 09:15:00+05:30,1708.199951171875,1697.199951171875,1721.0,1687.300048828125,12443
CHOLAHLDNG,2026-02-04 13:15:00+05:30,1697.300048828125,1714.300048828125,1732.800048828125,1688.300048828125,52612
CHOLAHLDNG,2026-02-05 09:15:00+05:30,1721.5,1670.800048828125,1721.5,1666.4000244140625,23007
CHOLAHLDNG,2026-02-05 13:15:00+05:30,1670.800048828125,1674.800048828125,1684.699951171875,1662.0999755859375,52297
CHOLAHLDNG,2026-02-06 09:15:00+05:30,1670.0,1648.0,1670.0999755859375,1646.699951171875,45789
CHOLAHLDNG,2026-02-06 13:15:00+05:30,1648.0,1650.199951171875,1667.0,1635.5,238103
CHOLAHLDNG,2026-02-09 09:15:00+05:30,1670.699951171875,1720.800048828125,1732.9000244140625,1665.0,84816
CHOLAHLDNG,2026-02-09 13:15:00+05:30,1720.800048828125,1716.0,1724.800048828125,1705.0,74067
CHOLAHLDNG,2026-02-10 09:15:00+05:30,1727.800048828125,1738.800048828125,1739.0,1678.199951171875,205886
CHOLAHLDNG,2026-02-10 13:15:00+05:30,1734.699951171875,1729.800048828125,1738.300048828125,1716.5999755859375,52037
CIEINDIA,2026-02-02 09:15:00+05:30,410.75,411.29998779296875,416.25,407.79998779296875,16431
CIEINDIA,2026-02-02 13:15:00+05:30,410.75,421.54998779296875,424.0,409.75,86446
CIEINDIA,2026-02-03 09:15:00+05:30,426.3500061035156,422.04998779296875,426.3500061035156,418.0,40368
CIEINDIA,2026-02-03 13:15:00+05:30,421.8500061035156,423.04998779296875,424.04998779296875,417.6000061035156,36611
CIEINDIA,2026-02-04 09:15:00+05:30,423.0,425.75,430.0,419.6000061035156,35771
CIEINDIA,2026-02-04 13:15:00+05:30,425.75,427.5,428.5,425.1499938964844,35556
CIEINDIA,2026-02-05 09:15:00+05:30,427.70001220703125,432.8999938964844,434.0,425.3999938964844,112182
CIEINDIA,2026-02-05 13:15:00+05:30,432.8999938964844,427.75,435.0,427.75,42151
CIEINDIA,2026-02-06 09:15:00+05:30,428.5,425.3500061035156,428.5,420.75,14759
CIEINDIA,2026-02-06 13:15:00+05:30,425.3500061035156,427.8500061035156,427.8500061035156,423.8500061035156,21331
CIEINDIA,2026-02-09 09:15:00+05:30,428.0,420.79998779296875,428.5,420.6499938964844,21357
CIEINDIA,2026-02-09 13:15:00+05:30,421.1499938964844,426.1499938964844,434.29998779296875,419.8500061035156,74041
CIEINDIA,2026-02-10 09:15:00+05:30,432.0,452.0,454.0,432.0,235248
CIEINDIA,2026-02-10 13:15:00+05:30,452.45001220703125,456.20001220703125,460.95001220703125,448.95001220703125,353523
CIGNITITEC,2026-02-02 09:15:00+05:30,1600.0,1616.5,1626.4000244140625,1599.5999755859375,24608
CIGNITITEC,2026-02-02 13:15:00+05:30,1616.9000244140625,1616.0,1628.9000244140625,1611.199951171875,22759
CIGNITITEC,2026-02-03 09:15:00+05:30,1705.9000244140625,1676.300048828125,1710.0,1665.0999755859375,40218
CIGNITITEC,2026-02-03 13:15:00+05:30,1676.300048828125,1679.199951171875,1680.0,1668.0,33547
CIGNITITEC,2026-02-04 09:15:00+05:30,1606.800048828125,1546.0,1606.800048828125,1528.800048828125,58710
CIGNITITEC,2026-02-04 13:15:00+05:30,1546.0,1583.5,1596.800048828125,1545.5999755859375,48828
CIGNITITEC,2026-02-05 09:15:00+05:30,1580.0,1567.5,1586.0,1556.199951171875,7860
CIGNITITEC,2026-02-05 13:15:00+05:30,1568.0999755859375,1572.0,1572.5,1561.5,11517
CIGNITITEC,2026-02-06 09:15:00+05:30,1565.0,1510.0,1565.0,1500.5,36856
CIGNITITEC,2026-02-06 13:15:00+05:30,1511.0,1506.699951171875,1515.0,1503.5999755859375,20297
CIGNITITEC,2026-02-09 09:15:00+05:30,1524.9000244140625,1531.699951171875,1535.0,1506.5999755859375,47536
CIGNITITEC,2026-02-09 13:15:00+05:30,1531.699951171875,1528.5999755859375,1534.5,1516.5,45978
CIGNITITEC,2026-02-10 09:15:00+05:30,1522.5,1546.5999755859375,1551.199951171875,1514.5,22468
CIGNITITEC,2026-02-10 13:15:00+05:30,1545.0999755859375,1520.5999755859375,1545.0999755859375,1516.0,34829
CINELINE,2026-02-02 09:15:00+05:30,86.98999786376953,85.48999786376953,86.98999786376953,83.12999725341797,599
CINELINE,2026-02-02 13:15:00+05:30,84.93000030517578,85.29000091552734,85.48999786376953,83.37000274658203,1398
CINELINE,2026-02-03 09:15:00+05:30,90.0,85.87000274658203,90.0,84.01000213623047,5693
CINELINE,2026-02-03 13:15:00+05:30,84.2699966430664,85.37000274658203,86.30000305175781,82.0,11020
CINELINE,2026-02-04 09:15:00+05:30,84.94999694824219,85.5999984741211,87.95999908447266,84.11000061035156,3658
CINELINE,2026-02-04 13:15:00+05:30,84.80000305175781,84.52999877929688,85.48999786376953,84.19000244140625,8136
CINELINE,2026-02-05 09:15:00+05:30,84.01000213623047,82.97000122070312,86.22000122070312,82.19999694824219,30817
CINELINE,2026-02-05 13:15:00+05:30,83.0,83.27999877929688,83.73999786376953,82.91000366210938,577
CINELINE,2026-02-06 09:15:00+05:30,84.44999694824219,85.05000305175781,85.77999877929688,84.0,3016
CINELINE,2026-02-06 13:15:00+05:30,85.05000305175781,84.93000030517578,85.37000274658203,84.5,5179
CINELINE,2026-02-09 09:15:00+05:30,85.69000244140625,85.0,85.69000244140625,83.43000030517578,16820
CINELINE,2026-02-09 13:15:00+05:30,85.4000015258789,85.05000305175781,87.0,84.52999877929688,27802
CINELINE,2026-02-10 09:15:00+05:30,84.37000274658203,84.70999908447266,87.0,84.37000274658203,1655
CINELINE,2026-02-10 13:15:00+05:30,84.75,84.62999725341797,84.9000015258789,84.11000061035156,3438
CIPLA,2026-02-02 09:15:00+05:30,1327.199951171875,1299.9000244140625,1327.199951171875,1293.4000244140625,473986
CIPLA,2026-02-02 13:15:00+05:30,1299.9000244140625,1311.5999755859375,1314.5999755859375,1295.0,1120023
CIPLA,2026-02-03 09:15:00+05:30,1381.199951171875,1326.5,1381.199951171875,1324.4000244140625,1159815
CIPLA,2026-02-03 13:15:00+05:30,1326.0999755859375,1323.4000244140625,1329.0999755859375,1319.800048828125,1064634
CIPLA,2026-02-04 09:15:00+05:30,1322.0,1330.0,1335.0999755859375,1317.5999755859375,754202
CIPLA,2026-02-04 13:15:00+05:30,1330.0999755859375,1329.0,1332.5999755859375,1322.5999755859375,596173
CIPLA,2026-02-05 09:15:00+05:30,1328.4000244140625,1330.800048828125,1332.199951171875,1321.0,346248
CIPLA,2026-02-05 13:15:00+05:30,1330.800048828125,1332.699951171875,1335.5,1330.0,457665
CIPLA,2026-02-06 09:15:00+05:30,1328.0,1325.0999755859375,1332.5,1316.800048828125,629975
CIPLA,2026-02-06 13:15:00+05:30,1326.199951171875,1326.0999755859375,1331.0999755859375,1323.800048828125,590392
CIPLA,2026-02-09 09:15:00+05:30,1335.5999755859375,1332.5999755859375,1336.0,1328.0,797089
CIPLA,2026-02-09 13:15:00+05:30,1332.5999755859375,1342.5,1352.0,1331.199951171875,928322
CIPLA,2026-02-10 09:15:00+05:30,1349.5999755859375,1345.0,1357.800048828125,1337.0,460732
CIPLA,2026-02-10 13:15:00+05:30,1345.0,1341.0,1348.0,1339.0999755859375,350115
CLEAN,2026-02-02 09:15:00+05:30,804.0,796.0,804.0,770.4500122070312,203103
CLEAN,2026-02-02 13:15:00+05:30,795.7000122070312,799.7000122070312,800.75,795.1500244140625,156906
CLEAN,2026-02-03 09:15:00+05:30,835.9500122070312,825.0,836.1500244140625,819.2000122070312,253476
CLEAN,2026-02-03 13:15:00+05:30,825.0,822.0499877929688,825.0,820.0,65743
CLEAN,2026-02-04 09:15:00+05:30,816.1500244140625,812.0,820.0,810.0,51102
CLEAN,2026-02-04 13:15:00+05:30,812.0,801.0,813.7999877929688,799.9500122070312,145453
CLEAN,2026-02-05 09:15:00+05:30,801.0,808.5,810.0,795.4500122070312,45841
CLEAN,2026-02-05 13:15:00+05:30,808.0,810.9000244140625,814.4000244140625,807.5,60211
CLEAN,2026-02-06 09:15:00+05:30,805.9000244140625,796.2000122070312,806.0,791.0,42781
CLEAN,2026-02-06 13:15:00+05:30,796.5499877929688,798.0,800.5499877929688,793.5,54910
CLEAN,2026-02-09 09:15:00+05:30,803.2999877929688,800.0999755859375,805.0,795.1500244140625,81848
CLEAN,2026-02-09 13:15:00+05:30,800.0999755859375,799.4000244140625,801.7999877929688,797.0999755859375,65155
CLEAN,2026-02-10 09:15:00+05:30,799.4000244140625,805.25,819.0499877929688,795.2999877929688,413280
CLEAN,2026-02-10 13:15:00+05:30,805.2000122070312,796.7999877929688,805.2000122070312,795.7000122070312,133454
CLEDUCATE,2026-02-02 09:15:00+05:30,74.0199966430664,71.86000061035156,74.48999786376953,71.44000244140625,16077
CLEDUCATE,2026-02-02 13:15:00+05:30,71.87999725341797,71.68000030517578,72.69999694824219,71.0,8671
CLEDUCATE,2026-02-03 09:15:00+05:30,74.9000015258789,74.41000366210938,75.12000274658203,72.63999938964844,11402
CLEDUCATE,2026-02-03 13:15:00+05:30,74.4000015258789,74.36000061035156,74.83000183105469,74.0,18133
CLEDUCATE,2026-02-04 09:15:00+05:30,74.0,72.45999908447266,74.30000305175781,72.19999694824219,30686
CLEDUCATE,2026-02-04 13:15:00+05:30,72.48999786376953,72.5,73.36000061035156,72.0,9775
CLEDUCATE,2026-02-05 09:15:00+05:30,72.72000122070312,73.9000015258789,74.70999908447266,72.72000122070312,7381
CLEDUCATE,2026-02-05 13:15:00+05:30,73.76000213623047,73.94000244140625,74.0,73.5999984741211,3114
CLEDUCATE,2026-02-06 09:15:00+05:30,72.0,59.08000183105469,72.0,59.08000183105469,288743
CLEDUCATE,2026-02-06 13:15:00+05:30,59.08000183105469,59.08000183105469,59.08000183105469,59.08000183105469,53977
CLEDUCATE,2026-02-09 09:15:00+05:30,59.0099983215332,59.849998474121094,61.18000030517578,55.56999969482422,141238
CLEDUCATE,2026-02-09 13:15:00+05:30,59.849998474121094,58.5,59.849998474121094,58.060001373291016,121648
CLEDUCATE,2026-02-10 09:15:00+05:30,58.59000015258789,56.779998779296875,60.88999938964844,56.459999084472656,232755
CLEDUCATE,2026-02-10 13:15:00+05:30,56.900001525878906,53.599998474121094,56.900001525878906,52.0,195477
CLSEL,2026-02-02 09:15:00+05:30,238.75999450683594,233.4600067138672,238.75999450683594,230.02000427246094,13941
CLSEL,2026-02-02 13:15:00+05:30,234.0,236.36000061035156,238.6999969482422,233.6999969482422,8877
CLSEL,2026-02-03 09:15:00+05:30,252.0,252.14999389648438,257.0,245.33999633789062,43721
CLSEL,2026-02-03 13:15:00+05:30,252.25,254.5,254.94000244140625,248.0,26101
CLSEL,2026-02-04 09:15:00+05:30,256.0,268.3299865722656,270.0,250.00999450683594,36487
CLSEL,2026-02-04 13:15:00+05:30,268.3699951171875,267.95001220703125,268.3900146484375,264.29998779296875,28416
CLSEL,2026-02-05 09:15:00+05:30,264.6400146484375,264.1499938964844,266.489990234375,259.010009765625,21945
CLSEL,2026-02-05 13:15:00+05:30,263.8299865722656,265.0,265.69000244140625,263.0,13374
CLSEL,2026-02-06 09:15:00+05:30,262.55999755859375,264.4800109863281,267.7200012207031,257.010009765625,13930
CLSEL,2026-02-06 13:15:00+05:30,264.489990234375,269.0,269.3999938964844,264.489990234375,21903
CLSEL,2026-02-09 09:15:00+05:30,272.0,273.8999938964844,277.0,269.67999267578125,38334
CLSEL,2026-02-09 13:15:00+05:30,273.7799987792969,276.1199951171875,277.0,273.0199890136719,20195
CLSEL,2026-02-10 09:15:00+05:30,277.0,272.5,278.3999938964844,272.1700134277344,14133
CLSEL,2026-02-10 13:15:00+05:30,273.5,272.2699890136719,276.29998779296875,271.4599914550781,18672
CMSINFO,2026-02-02 09:15:00+05:30,315.0,315.25,316.25,312.0,62888
CMSINFO,2026-02-02 13:15:00+05:30,315.29998779296875,320.95001220703125,322.6000061035156,314.1499938964844,111777
CMSINFO,2026-02-03 09:15:00+05:30,328.1499938964844,322.20001220703125,332.8500061035156,322.20001220703125,114983
CMSINFO,2026-02-03 13:15:00+05:30,322.20001220703125,321.95001220703125,324.25,320.75,169350
CMSINFO,2026-02-04 09:15:00+05:30,319.54998779296875,315.8999938964844,319.54998779296875,314.6000061035156,73021
CMSINFO,2026-02-04 13:15:00+05:30,316.1499938964844,317.0,318.1000061035156,314.8500061035156,139918
CMSINFO,2026-02-05 09:15:00+05:30,319.0,324.25,325.79998779296875,313.3999938964844,220471
CMSINFO,2026-02-05 13:15:00+05:30,324.25,325.0,326.8999938964844,323.79998779296875,147302
CMSINFO,2026-02-06 09:15:00+05:30,325.8999938964844,324.6499938964844,326.6499938964844,319.8500061035156,67091
CMSINFO,2026-02-06 13:15:00+05:30,324.6499938964844,323.1000061035156,326.5,323.1000061035156,69008
CMSINFO,2026-02-09 09:15:00+05:30,327.6000061035156,322.8500061035156,330.25,322.79998779296875,104370
CMSINFO,2026-02-09 13:15:00+05:30,322.8500061035156,319.0,324.3500061035156,319.0,126898
CMSINFO,2026-02-10 09:15:00+05:30,323.04998779296875,324.29998779296875,325.20001220703125,322.0,73697
CMSINFO,2026-02-10 13:15:00+05:30,324.29998779296875,323.8500061035156,324.95001220703125,321.8999938964844,199987
COALINDIA,2026-02-02 09:15:00+05:30,418.5,416.3999938964844,420.70001220703125,413.0,3808314
COALINDIA,2026-02-02 13:15:00+05:30,416.6499938964844,422.79998779296875,425.5,414.5,4292902
COALINDIA,2026-02-03 09:15:00+05:30,436.5,423.0,436.5,420.0,6043524
COALINDIA,2026-02-03 13:15:00+05:30,423.0,430.5,432.1499938964844,423.0,5564111
COALINDIA,2026-02-04 09:15:00+05:30,431.5,432.79998779296875,441.3999938964844,431.5,5778524
COALINDIA,2026-02-04 13:15:00+05:30,432.79998779296875,434.0,435.8999938964844,432.25,3342027
COALINDIA,2026-02-05 09:15:00+05:30,436.75,428.5,437.45001220703125,427.79998779296875,1763131
COALINDIA,2026-02-05 13:15:00+05:30,429.20001220703125,432.6000061035156,432.6000061035156,428.45001220703125,2071266
COALINDIA,2026-02-06 09:15:00+05:30,430.0,429.3999938964844,432.45001220703125,427.04998779296875,1502549
COALINDIA,2026-02-06 13:15:00+05:30,429.54998779296875,432.0,434.20001220703125,428.6000061035156,2420091
COALINDIA,2026-02-09 09:15:00+05:30,434.0,432.04998779296875,434.79998779296875,429.79998779296875,2138818
COALINDIA,2026-02-09 13:15:00+05:30,432.1000061035156,431.04998779296875,432.75,429.79998779296875,1699311
COALINDIA,2026-02-10 09:15:00+05:30,432.0,429.8500061035156,433.70001220703125,428.70001220703125,2343804
COALINDIA,2026-02-10 13:15:00+05:30,429.6499938964844,430.0,432.20001220703125,428.8500061035156,2018316
COASTCORP,2026-02-02 09:15:00+05:30,46.4900016784668,45.70000076293945,46.4900016784668,44.0,11671
COASTCORP,2026-02-02 13:15:00+05:30,45.02000045776367,45.54999923706055,46.20000076293945,45.02000045776367,10698
COASTCORP,2026-02-03 09:15:00+05:30,48.13999938964844,48.13999938964844,48.13999938964844,48.13999938964844,56468
COASTCORP,2026-02-03 13:15:00+05:30,48.13999938964844,48.13999938964844,48.13999938964844,48.13999938964844,9938
COASTCORP,2026-02-04 09:15:00+05:30,49.880001068115234,50.540000915527344,50.540000915527344,49.25,104312
COASTCORP,2026-02-04 13:15:00+05:30,50.540000915527344,50.540000915527344,50.540000915527344,50.540000915527344,7210
COASTCORP,2026-02-05 09:15:00+05:30,53.060001373291016,52.31999969482422,53.060001373291016,51.099998474121094,37980
COASTCORP,2026-02-05 13:15:00+05:30,52.31999969482422,53.0,53.040000915527344,51.349998474121094,30684
COASTCORP,2026-02-06 09:15:00+05:30,50.310001373291016,51.650001525878906,52.45000076293945,50.27000045776367,17178
COASTCORP,2026-02-06 13:15:00+05:30,51.650001525878906,50.810001373291016,51.650001525878906,50.29999923706055,12774
COASTCORP,2026-02-09 09:15:00+05:30,52.0,52.04999923706055,53.0,51.119998931884766,23923
COASTCORP,2026-02-09 13:15:00+05:30,52.04999923706055,52.20000076293945,52.88999938964844,51.7599983215332,31029
COASTCORP,2026-02-10 09:15:00+05:30,53.0,52.25,53.0,50.95000076293945,33905
COASTCORP,2026-02-10 13:15:00+05:30,52.25,52.939998626708984,53.0,51.5,42513
COCHINSHIP,2026-02-02 09:15:00+05:30,1570.300048828125,1496.0,1595.800048828125,1488.0999755859375,601752
COCHINSHIP,2026-02-02 13:15:00+05:30,1496.0,1519.5999755859375,1519.5999755859375,1483.699951171875,580193
COCHINSHIP,2026-02-03 09:15:00+05:30,1570.0,1504.800048828125,1570.0,1488.0,425791
COCHINSHIP,2026-02-03 13:15:00+05:30,1504.800048828125,1507.5,1518.0,1501.0,317814
COCHINSHIP,2026-02-04 09:15:00+05:30,1502.300048828125,1497.5999755859375,1515.9000244140625,1496.0,178244
COCHINSHIP,2026-02-04 13:15:00+05:30,1498.0,1503.0,1507.5,1495.5999755859375,201203
COCHINSHIP,2026-02-05 09:15:00+05:30,1501.0,1482.5999755859375,1501.0,1477.0,118885
COCHINSHIP,2026-02-05 13:15:00+05:30,1482.5,1484.0,1486.9000244140625,1480.0,150030
COCHINSHIP,2026-02-06 09:15:00+05:30,1481.800048828125,1479.800048828125,1495.9000244140625,1472.5999755859375,177802
COCHINSHIP,2026-02-06 13:15:00+05:30,1481.699951171875,1495.0,1495.199951171875,1478.0999755859375,146633
COCHINSHIP,2026-02-09 09:15:00+05:30,1494.699951171875,1520.4000244140625,1529.699951171875,1494.699951171875,247117
COCHINSHIP,2026-02-09 13:15:00+05:30,1520.800048828125,1528.0,1544.9000244140625,1520.0,305900
COCHINSHIP,2026-02-10 09:15:00+05:30,1533.0,1540.199951171875,1573.4000244140625,1530.5,181906
COCHINSHIP,2026-02-10 13:15:00+05:30,1540.199951171875,1527.0,1540.300048828125,1524.0,171987
COFFEEDAY,2026-02-02 09:15:00+05:30,30.860000610351562,29.899999618530273,30.860000610351562,29.670000076293945,249581
COFFEEDAY,2026-02-02 13:15:00+05:30,29.899999618530273,29.899999618530273,30.329999923706055,29.719999313354492,164061
COFFEEDAY,2026-02-03 09:15:00+05:30,31.559999465942383,31.260000228881836,31.700000762939453,30.139999389648438,245635
COFFEEDAY,2026-02-03 13:15:00+05:30,31.260000228881836,30.56999969482422,31.469999313354492,30.299999237060547,254821
COFFEEDAY,2026-02-04 09:15:00+05:30,30.639999389648438,31.270000457763672,31.700000762939453,30.579999923706055,180725
COFFEEDAY,2026-02-04 13:15:00+05:30,31.309999465942383,31.209999084472656,31.549999237060547,31.209999084472656,191887
COFFEEDAY,2026-02-05 09:15:00+05:30,31.25,30.25,31.56999969482422,30.139999389648438,282198
COFFEEDAY,2026-02-05 13:15:00+05:30,30.25,30.18000030517578,30.299999237060547,30.010000228881836,304327
COFFEEDAY,2026-02-06 09:15:00+05:30,30.290000915527344,30.1200008392334,30.5,30.0,147989
COFFEEDAY,2026-02-06 13:15:00+05:30,30.1200008392334,30.25,30.280000686645508,30.0,164770
COFFEEDAY,2026-02-09 09:15:00+05:30,30.139999389648438,32.060001373291016,32.5,30.139999389648438,624724
COFFEEDAY,2026-02-09 13:15:00+05:30,32.06999969482422,32.09000015258789,32.43000030517578,31.579999923706055,530365
COFFEEDAY,2026-02-10 09:15:00+05:30,32.29999923706055,32.65999984741211,33.13999938964844,32.09000015258789,369977
COFFEEDAY,2026-02-10 13:15:00+05:30,32.68000030517578,32.58000183105469,32.790000915527344,32.5099983215332,119298
COFORGE,2026-02-02 09:15:00+05:30,1660.0,1655.5,1670.199951171875,1638.300048828125,290672
COFORGE,2026-02-02 13:15:00+05:30,1655.300048828125,1668.199951171875,1674.0999755859375,1649.5999755859375,344234
COFORGE,2026-02-03 09:15:00+05:30,1759.0,1718.0999755859375,1759.0,1703.300048828125,435918
COFORGE,2026-02-03 13:15:00+05:30,1718.0,1708.0999755859375,1719.0,1707.800048828125,360813
COFORGE,2026-02-04 09:15:00+05:30,1614.5,1576.199951171875,1620.0999755859375,1564.800048828125,1605087
COFORGE,2026-02-04 13:15:00+05:30,1576.800048828125,1613.9000244140625,1622.0,1575.0,2156976
COFORGE,2026-02-05 09:15:00+05:30,1598.0,1598.800048828125,1620.0,1590.5,587099
COFORGE,2026-02-05 13:15:00+05:30,1598.9000244140625,1601.5,1608.0,1596.9000244140625,644692
COFORGE,2026-02-06 09:15:00+05:30,1591.5999755859375,1543.0,1591.5999755859375,1532.0,917023
COFORGE,2026-02-06 13:15:00+05:30,1543.0999755859375,1543.0,1549.0,1540.0999755859375,936638
COFORGE,2026-02-09 09:15:00+05:30,1556.5,1553.699951171875,1572.4000244140625,1538.300048828125,791397
COFORGE,2026-02-09 13:15:00+05:30,1553.0999755859375,1549.300048828125,1554.5999755859375,1545.5999755859375,357373
COFORGE,2026-02-10 09:15:00+05:30,1558.9000244140625,1573.5,1577.699951171875,1542.800048828125,2146773
COFORGE,2026-02-10 13:15:00+05:30,1573.5,1555.0,1573.800048828125,1547.4000244140625,582313
COHANCE,2026-02-02 09:15:00+05:30,369.04998779296875,363.0,369.04998779296875,355.75,101843
COHANCE,2026-02-02 13:15:00+05:30,362.95001220703125,373.45001220703125,373.5,361.8500061035156,85383
COHANCE,2026-02-03 09:15:00+05:30,390.6499938964844,384.1000061035156,398.8999938964844,382.1499938964844,60780
COHANCE,2026-02-03 13:15:00+05:30,383.95001220703125,380.6499938964844,384.0,378.0,106250
COHANCE,2026-02-04 09:15:00+05:30,378.20001220703125,367.79998779296875,378.75,367.5,176490
COHANCE,2026-02-04 13:15:00+05:30,367.79998779296875,366.75,370.5,365.20001220703125,197889
COHANCE,2026-02-05 09:15:00+05:30,365.1000061035156,342.6499938964844,365.3999938964844,340.0,523001
COHANCE,2026-02-05 13:15:00+05:30,342.6499938964844,356.0,359.3500061035156,342.0,630221
COHANCE,2026-02-06 09:15:00+05:30,351.95001220703125,338.8999938964844,354.8999938964844,334.70001220703125,575293
COHANCE,2026-02-06 13:15:00+05:30,338.3999938964844,339.0,341.3999938964844,337.45001220703125,274845
COHANCE,2026-02-09 09:15:00+05:30,344.0,350.75,365.1499938964844,339.04998779296875,665308
COHANCE,2026-02-09 13:15:00+05:30,350.95001220703125,350.1499938964844,351.0,345.3999938964844,281064
COHANCE,2026-02-10 09:15:00+05:30,350.1000061035156,352.70001220703125,357.8999938964844,349.5,165464
COHANCE,2026-02-10 13:15:00+05:30,352.3500061035156,352.5,355.8999938964844,350.0,184956
COLPAL,2026-02-02 09:15:00+05:30,2100.0,2116.10009765625,2138.199951171875,2081.699951171875,75399
COLPAL,2026-02-02 13:15:00+05:30,2116.800048828125,2128.89990234375,2132.800048828125,2110.0,77418
COLPAL,2026-02-03 09:15:00+05:30,2153.39990234375,2127.800048828125,2155.39990234375,2104.199951171875,223113
COLPAL,2026-02-03 13:15:00+05:30,2127.800048828125,2138.699951171875,2142.199951171875,2125.39990234375,180673
COLPAL,2026-02-04 09:15:00+05:30,2125.0,2115.0,2159.699951171875,2114.0,155668
COLPAL,2026-02-04 13:15:00+05:30,2115.0,2115.0,2126.0,2108.89990234375,110047
COLPAL,2026-02-05 09:15:00+05:30,2116.199951171875,2123.39990234375,2152.800048828125,2114.39990234375,48122
COLPAL,2026-02-05 13:15:00+05:30,2123.39990234375,2113.199951171875,2125.5,2111.0,51823
COLPAL,2026-02-06 09:15:00+05:30,2119.89990234375,2126.800048828125,2129.39990234375,2088.199951171875,77561
COLPAL,2026-02-06 13:15:00+05:30,2127.199951171875,2139.5,2139.5,2119.0,117454
COLPAL,2026-02-09 09:15:00+05:30,2143.0,2158.0,2162.10009765625,2127.89990234375,156754
COLPAL,2026-02-09 13:15:00+05:30,2158.0,2152.0,2160.0,2146.800048828125,76423
COLPAL,2026-02-10 09:15:00+05:30,2155.10009765625,2158.5,2159.300048828125,2135.5,145826
COLPAL,2026-02-10 13:15:00+05:30,2158.699951171875,2193.300048828125,2194.0,2154.89990234375,181054
CONCOR,2026-02-02 09:15:00+05:30,505.04998779296875,501.29998779296875,512.9000244140625,496.6000061035156,336269
CONCOR,2026-02-02 13:15:00+05:30,501.6499938964844,508.0,509.5,500.45001220703125,402055
CONCOR,2026-02-03 09:15:00+05:30,528.4000244140625,528.3499755859375,536.9000244140625,519.2000122070312,548979
CONCOR,2026-02-03 13:15:00+05:30,528.3499755859375,528.0,531.7999877929688,527.0499877929688,847597
CONCOR,2026-02-04 09:15:00+05:30,526.5,523.4500122070312,529.3499755859375,521.4000244140625,283491
CONCOR,2026-02-04 13:15:00+05:30,523.3499755859375,527.0,527.7999877929688,521.4000244140625,369208
CONCOR,2026-02-05 09:15:00+05:30,527.5,523.5,527.5,519.1500244140625,374186
CONCOR,2026-02-05 13:15:00+05:30,523.75,519.0,526.5,517.2999877929688,1194754
CONCOR,2026-02-06 09:15:00+05:30,519.4500122070312,509.3500061035156,519.5,508.5,442504
CONCOR,2026-02-06 13:15:00+05:30,509.3500061035156,510.6000061035156,512.4000244140625,506.1499938964844,1448956
CONCOR,2026-02-09 09:15:00+05:30,514.0,513.7999877929688,515.75,508.5,303537
CONCOR,2026-02-09 13:15:00+05:30,513.7999877929688,513.5,516.1500244140625,512.25,318505
CONCOR,2026-02-10 09:15:00+05:30,512.1500244140625,521.1500244140625,522.0,512.1500244140625,528490
CONCOR,2026-02-10 13:15:00+05:30,521.1500244140625,513.5999755859375,521.4000244140625,512.8499755859375,965761
CONCORDBIO,2026-02-02 09:15:00+05:30,1142.5999755859375,1115.0999755859375,1149.800048828125,1112.800048828125,20877
CONCORDBIO,2026-02-02 13:15:00+05:30,1114.5,1111.4000244140625,1119.0,1100.0,33699
CONCORDBIO,2026-02-03 09:15:00+05:30,1160.0,1175.5,1182.699951171875,1124.0999755859375,97780
CONCORDBIO,2026-02-03 13:15:00+05:30,1175.5999755859375,1161.0,1178.0,1153.0,22042
CONCORDBIO,2026-02-04 09:15:00+05:30,1167.9000244140625,1167.699951171875,1175.699951171875,1150.699951171875,12243
CONCORDBIO,2026-02-04 13:15:00+05:30,1167.0999755859375,1180.0999755859375,1195.800048828125,1165.0999755859375,33685
CONCORDBIO,2026-02-05 09:15:00+05:30,1176.5999755859375,1149.199951171875,1177.5999755859375,1143.5999755859375,23777
CONCORDBIO,2026-02-05 13:15:00+05:30,1149.199951171875,1156.5,1184.199951171875,1144.800048828125,42659
CONCORDBIO,2026-02-06 09:15:00+05:30,1164.800048828125,1272.5,1289.0,1144.0999755859375,1609019
CONCORDBIO,2026-02-06 13:15:00+05:30,1274.9000244140625,1327.199951171875,1384.5999755859375,1270.199951171875,2138748
CONCORDBIO,2026-02-09 09:15:00+05:30,1318.300048828125,1284.4000244140625,1339.199951171875,1273.199951171875,196575
CONCORDBIO,2026-02-09 13:15:00+05:30,1285.300048828125,1267.5,1287.5,1261.0,138774
CONCORDBIO,2026-02-10 09:15:00+05:30,1272.300048828125,1285.300048828125,1286.0,1253.0,83732
CONCORDBIO,2026-02-10 13:15:00+05:30,1285.4000244140625,1282.300048828125,1286.0,1275.0,46017
CONFIPET,2026-02-02 09:15:00+05:30,31.989999771118164,30.959999084472656,32.41999816894531,30.75,185754
CONFIPET,2026-02-02 13:15:00+05:30,30.989999771118164,30.950000762939453,31.229999542236328,30.110000610351562,423728
CONFIPET,2026-02-03 09:15:00+05:30,32.9900016784668,32.130001068115234,33.15999984741211,31.25,265771
CONFIPET,2026-02-03 13:15:00+05:30,32.06999969482422,31.700000762939453,32.52000045776367,31.389999389648438,483503
CONFIPET,2026-02-04 09:15:00+05:30,31.809999465942383,32.08000183105469,32.599998474121094,31.5,160346
CONFIPET,2026-02-04 13:15:00+05:30,32.09000015258789,32.630001068115234,32.900001525878906,32.08000183105469,169820
CONFIPET,2026-02-05 09:15:00+05:30,32.54999923706055,31.719999313354492,32.54999923706055,31.510000228881836,130045
CONFIPET,2026-02-05 13:15:00+05:30,31.700000762939453,31.59000015258789,31.770000457763672,31.479999542236328,103588
CONFIPET,2026-02-06 09:15:00+05:30,31.59000015258789,31.260000228881836,32.9900016784668,30.81999969482422,152142
CONFIPET,2026-02-06 13:15:00+05:30,31.270000457763672,31.290000915527344,31.299999237060547,30.81999969482422,143432
CONFIPET,2026-02-09 09:15:00+05:30,31.299999237060547,33.47999954223633,33.4900016784668,31.299999237060547,333328
CONFIPET,2026-02-09 13:15:00+05:30,33.5,33.56999969482422,33.790000915527344,33.150001525878906,249146
CONFIPET,2026-02-10 09:15:00+05:30,33.72999954223633,34.040000915527344,34.540000915527344,33.189998626708984,138775
CONFIPET,2026-02-10 13:15:00+05:30,34.040000915527344,34.130001068115234,34.2599983215332,33.720001220703125,124286
CONSOFINVT,2026-02-02 09:15:00+05:30,163.44000244140625,184.5,189.69000244140625,161.1199951171875,94660
CONSOFINVT,2026-02-02 13:15:00+05:30,184.49000549316406,196.00999450683594,196.1199951171875,181.0500030517578,273782
CONSOFINVT,2026-02-03 09:15:00+05:30,205.77000427246094,189.0500030517578,208.39999389648438,181.14999389648438,19620
CONSOFINVT,2026-02-03 13:15:00+05:30,188.11000061035156,187.5500030517578,191.97999572753906,183.80999755859375,22662
CONSOFINVT,2026-02-04 09:15:00+05:30,188.0,197.3800048828125,224.99000549316406,187.00999450683594,81805
CONSOFINVT,2026-02-04 13:15:00+05:30,197.1999969482422,196.85000610351562,197.89999389648438,196.10000610351562,6223
CONSOFINVT,2026-02-05 09:15:00+05:30,201.0,199.13999938964844,208.99000549316406,198.8300018310547,6137
CONSOFINVT,2026-02-05 13:15:00+05:30,199.13999938964844,195.2899932861328,201.1300048828125,195.0,8751
CONSOFINVT,2026-02-06 09:15:00+05:30,203.69000244140625,215.0,219.3000030517578,195.0,108248
CONSOFINVT,2026-02-06 13:15:00+05:30,215.0,215.5,217.0,213.00999450683594,68815
CONSOFINVT,2026-02-09 09:15:00+05:30,215.00999450683594,226.4499969482422,229.0,215.00999450683594,18864
CONSOFINVT,2026-02-09 13:15:00+05:30,226.4499969482422,226.0,229.89999389648438,225.0,32273
CONSOFINVT,2026-02-10 09:15:00+05:30,222.64999389648438,237.5,239.1999969482422,222.64999389648438,31074
CONSOFINVT,2026-02-10 13:15:00+05:30,237.0,235.5500030517578,237.0,235.0,61776
CONTROLPR,2026-02-02 09:15:00+05:30,628.2000122070312,632.5499877929688,634.9500122070312,625.4000244140625,6764
CONTROLPR,2026-02-02 13:15:00+05:30,633.4500122070312,637.2000122070312,647.8499755859375,631.25,3655
CONTROLPR,2026-02-03 09:15:00+05:30,648.0,652.25,656.3499755859375,636.75,11935
CONTROLPR,2026-02-03 13:15:00+05:30,652.25,653.9500122070312,656.0,650.0,5219
CONTROLPR,2026-02-04 09:15:00+05:30,655.0,648.6500244140625,659.9500122070312,648.0,5068
CONTROLPR,2026-02-04 13:15:00+05:30,648.4500122070312,662.0,662.0,648.4000244140625,6110
CONTROLPR,2026-02-05 09:15:00+05:30,660.0,650.75,660.0,650.2000122070312,3647
CONTROLPR,2026-02-05 13:15:00+05:30,650.0,649.0499877929688,653.5,649.0,2303
CONTROLPR,2026-02-06 09:15:00+05:30,630.0,641.0,644.5,630.0,2969
CONTROLPR,2026-02-06 13:15:00+05:30,639.4000244140625,643.5,647.0,639.4000244140625,2861
CONTROLPR,2026-02-09 09:15:00+05:30,645.0499877929688,641.5,650.4500122070312,636.0999755859375,8636
CONTROLPR,2026-02-09 13:15:00+05:30,642.9500122070312,642.4500122070312,643.0499877929688,637.7000122070312,10119
CONTROLPR,2026-02-10 09:15:00+05:30,639.25,645.0,649.2999877929688,638.0,6452
CONTROLPR,2026-02-10 13:15:00+05:30,643.5,640.2999877929688,645.0,638.0,6148
CORALFINAC,2026-02-02 09:15:00+05:30,35.41999816894531,34.91999816894531,36.400001525878906,34.5099983215332,3552
CORALFINAC,2026-02-02 13:15:00+05:30,35.02000045776367,34.72999954223633,35.599998474121094,34.310001373291016,4060
CORALFINAC,2026-02-03 09:15:00+05:30,36.70000076293945,35.58000183105469,36.70000076293945,34.310001373291016,18683
CORALFINAC,2026-02-03 13:15:00+05:30,35.099998474121094,34.79999923706055,35.209999084472656,34.52000045776367,1787
CORALFINAC,2026-02-04 09:15:00+05:30,34.529998779296875,35.0,35.79999923706055,34.529998779296875,2565
CORALFINAC,2026-02-04 13:15:00+05:30,34.810001373291016,34.9900016784668,35.0,34.79999923706055,12442
CORALFINAC,2026-02-05 09:15:00+05:30,35.880001068115234,34.689998626708984,35.880001068115234,34.209999084472656,6623
CORALFINAC,2026-02-05 13:15:00+05:30,34.83000183105469,34.439998626708984,34.95000076293945,34.400001525878906,9162
CORALFINAC,2026-02-06 09:15:00+05:30,34.22999954223633,34.61000061035156,35.099998474121094,34.15999984741211,642
CORALFINAC,2026-02-06 13:15:00+05:30,34.7599983215332,34.34000015258789,34.7599983215332,34.25,2633
CORALFINAC,2026-02-09 09:15:00+05:30,36.16999816894531,34.90999984741211,36.16999816894531,34.4900016784668,1132
CORALFINAC,2026-02-09 13:15:00+05:30,34.9900016784668,34.68000030517578,35.0,34.529998779296875,2970
CORALFINAC,2026-02-10 09:15:00+05:30,35.099998474121094,35.61000061035156,36.68000030517578,35.099998474121094,8209
CORALFINAC,2026-02-10 13:15:00+05:30,35.93000030517578,35.59000015258789,36.0,35.2599983215332,4206
CORDSCABLE,2026-02-02 09:15:00+05:30,160.75999450683594,160.16000366210938,166.17999267578125,158.72999572753906,9208
CORDSCABLE,2026-02-02 13:15:00+05:30,160.00999450683594,163.1699981689453,164.0,159.6999969482422,4663
CORDSCABLE,2026-02-03 09:15:00+05:30,168.1699981689453,168.1199951171875,170.97000122070312,165.0,6362
CORDSCABLE,2026-02-03 13:15:00+05:30,168.55999755859375,168.85000610351562,169.89999389648438,167.5500030517578,7005
CORDSCABLE,2026-02-04 09:15:00+05:30,172.0,170.9499969482422,174.0,169.39999389648438,10306
CORDSCABLE,2026-02-04 13:15:00+05:30,171.0800018310547,172.91000366210938,174.9499969482422,170.02000427246094,10933
CORDSCABLE,2026-02-05 09:15:00+05:30,172.0500030517578,171.0,176.0,170.1199951171875,13588
CORDSCABLE,2026-02-05 13:15:00+05:30,170.5500030517578,171.07000732421875,171.91000366210938,170.0,3849
CORDSCABLE,2026-02-06 09:15:00+05:30,172.1199951171875,167.39999389648438,172.1199951171875,166.10000610351562,4412
CORDSCABLE,2026-02-06 13:15:00+05:30,168.77999877929688,168.72000122070312,170.89999389648438,167.00999450683594,3406
CORDSCABLE,2026-02-09 09:15:00+05:30,166.4199981689453,176.0,176.7899932861328,166.4199981689453,5993
CORDSCABLE,2026-02-09 13:15:00+05:30,176.5,175.0,179.99000549316406,175.0,11719
CORDSCABLE,2026-02-10 09:15:00+05:30,177.0,178.61000061035156,179.42999267578125,171.3000030517578,9120
CORDSCABLE,2026-02-10 13:15:00+05:30,178.49000549316406,177.66000366210938,178.7899932861328,176.02000427246094,8303
COROMANDEL,2026-02-02 09:15:00+05:30,2218.0,2192.60009765625,2218.0,2178.0,70974
COROMANDEL,2026-02-02 13:15:00+05:30,2194.89990234375,2215.60009765625,2239.10009765625,2192.800048828125,69156
COROMANDEL,2026-02-03 09:15:00+05:30,2246.0,2259.699951171875,2261.0,2207.0,45638
COROMANDEL,2026-02-03 13:15:00+05:30,2259.699951171875,2292.199951171875,2300.0,2252.800048828125,124524
COROMANDEL,2026-02-04 09:15:00+05:30,2276.89990234375,2253.10009765625,2293.60009765625,2222.0,62457
COROMANDEL,2026-02-04 13:15:00+05:30,2253.10009765625,2274.199951171875,2282.0,2245.60009765625,113832
COROMANDEL,2026-02-05 09:15:00+05:30,2287.699951171875,2259.699951171875,2287.699951171875,2252.39990234375,30784
COROMANDEL,2026-02-05 13:15:00+05:30,2260.800048828125,2252.800048828125,2262.60009765625,2242.89990234375,74995
COROMANDEL,2026-02-06 09:15:00+05:30,2254.0,2267.0,2279.39990234375,2239.800048828125,69021
COROMANDEL,2026-02-06 13:15:00+05:30,2267.39990234375,2270.300048828125,2275.0,2250.0,115003
COROMANDEL,2026-02-09 09:15:00+05:30,2290.300048828125,2288.300048828125,2305.39990234375,2250.5,87686
COROMANDEL,2026-02-09 13:15:00+05:30,2288.199951171875,2281.39990234375,2299.300048828125,2269.10009765625,153844
COROMANDEL,2026-02-10 09:15:00+05:30,2286.699951171875,2257.89990234375,2286.699951171875,2254.10009765625,75344
COROMANDEL,2026-02-10 13:15:00+05:30,2259.60009765625,2268.699951171875,2279.0,2255.10009765625,127244
COSMOFIRST,2026-02-02 09:15:00+05:30,576.0,563.3499755859375,580.75,561.0,18362
COSMOFIRST,2026-02-02 13:15:00+05:30,566.0,579.6500244140625,585.0,564.0499877929688,32988
COSMOFIRST,2026-02-03 09:15:00+05:30,650.0999755859375,645.5,673.7000122070312,630.1500244140625,123764
COSMOFIRST,2026-02-03 13:15:00+05:30,645.0,646.0,647.1500244140625,633.0,51180
COSMOFIRST,2026-02-04 09:15:00+05:30,635.0999755859375,644.8499755859375,659.3499755859375,635.0999755859375,22174
COSMOFIRST,2026-02-04 13:15:00+05:30,644.0,644.6500244140625,649.7999877929688,641.7999877929688,14321
COSMOFIRST,2026-02-05 09:15:00+05:30,644.9500122070312,636.2999877929688,672.5499877929688,632.7000122070312,19847
COSMOFIRST,2026-02-05 13:15:00+05:30,636.3499755859375,629.9500122070312,636.6500244140625,628.0,19120
COSMOFIRST,2026-02-06 09:15:00+05:30,629.9500122070312,613.7999877929688,629.9500122070312,611.5999755859375,22365
COSMOFIRST,2026-02-06 13:15:00+05:30,614.0,617.0,619.9500122070312,605.5,30594
COSMOFIRST,2026-02-09 09:15:00+05:30,634.9000244140625,631.7999877929688,638.9000244140625,616.9000244140625,29320
COSMOFIRST,2026-02-09 13:15:00+05:30,631.7999877929688,633.0,637.5499877929688,627.7999877929688,43378
COSMOFIRST,2026-02-10 09:15:00+05:30,631.7999877929688,652.3499755859375,655.6500244140625,631.7999877929688,38480
COSMOFIRST,2026-02-10 13:15:00+05:30,651.9500122070312,657.25,662.0499877929688,650.0,40542
CPCAP,2026-02-02 09:15:00+05:30,98.58000183105469,98.88999938964844,99.80000305175781,97.5,1896
CPCAP,2026-02-02 13:15:00+05:30,98.87000274658203,97.51000213623047,99.06999969482422,97.5,7147
CPCAP,2026-02-03 09:15:00+05:30,101.80000305175781,97.5999984741211,101.80000305175781,97.44999694824219,3533
CPCAP,2026-02-03 13:15:00+05:30,97.80000305175781,96.69999694824219,97.80000305175781,96.29000091552734,4954
CPCAP,2026-02-04 09:15:00+05:30,97.9000015258789,96.55999755859375,98.20999908447266,95.20999908447266,9679
CPCAP,2026-02-04 13:15:00+05:30,96.55999755859375,96.75,97.0,95.0,6840
CPCAP,2026-02-05 09:15:00+05:30,96.76000213623047,97.9800033569336,98.31999969482422,95.5199966430664,6054
CPCAP,2026-02-05 13:15:00+05:30,97.0,97.77999877929688,98.5,96.5,7136
CPCAP,2026-02-06 09:15:00+05:30,97.77999877929688,96.9000015258789,98.0,96.0999984741211,1376
CPCAP,2026-02-06 13:15:00+05:30,96.69999694824219,96.41000366210938,97.0,96.0999984741211,1320
CPCAP,2026-02-09 09:15:00+05:30,96.41000366210938,97.5,100.87999725341797,96.41000366210938,11499
CPCAP,2026-02-09 13:15:00+05:30,97.33000183105469,98.16999816894531,99.88999938964844,95.91000366210938,11560
CPCAP,2026-02-10 09:15:00+05:30,97.0,98.5,99.87000274658203,97.0,6839
CPCAP,2026-02-10 13:15:00+05:30,97.5999984741211,98.87000274658203,99.0,97.5,2867
CRAFTSMAN,2026-02-02 09:15:00+05:30,7200.5,7386.0,7442.5,7102.0,21323
CRAFTSMAN,2026-02-02 13:15:00+05:30,7387.0,7463.0,7519.0,7346.0,16892
CRAFTSMAN,2026-02-03 09:15:00+05:30,7907.5,7725.0,7998.5,7535.0,10079
CRAFTSMAN,2026-02-03 13:15:00+05:30,7730.0,7712.5,7760.0,7669.0,14028
CRAFTSMAN,2026-02-04 09:15:00+05:30,7700.0,7850.0,7857.0,7612.0,41743
CRAFTSMAN,2026-02-04 13:15:00+05:30,7850.0,7800.0,7875.0,7800.0,13589
CRAFTSMAN,2026-02-05 09:15:00+05:30,7770.5,7810.0,7859.0,7701.5,5998
CRAFTSMAN,2026-02-05 13:15:00+05:30,7800.0,7836.0,7851.0,7785.0,7550
CRAFTSMAN,2026-02-06 09:15:00+05:30,7821.0,7755.5,7850.0,7700.5,15480
CRAFTSMAN,2026-02-06 13:15:00+05:30,7757.0,7834.0,7850.0,7731.0,6774
CRAFTSMAN,2026-02-09 09:15:00+05:30,7834.0,7842.0,7857.0,7773.5,6537
CRAFTSMAN,2026-02-09 13:15:00+05:30,7835.5,7838.0,7844.5,7800.5,12951
CRAFTSMAN,2026-02-10 09:15:00+05:30,7847.5,7840.0,7856.5,7793.5,6275
CRAFTSMAN,2026-02-10 13:15:00+05:30,7840.0,7850.0,7854.0,7824.5,8514
CREDITACC,2026-02-02 09:15:00+05:30,1286.4000244140625,1237.9000244140625,1299.0,1236.0,141529
CREDITACC,2026-02-02 13:15:00+05:30,1236.5999755859375,1245.0,1255.199951171875,1225.5999755859375,179368
CREDITACC,2026-02-03 09:15:00+05:30,1345.0,1318.0,1375.0,1287.0,191040
CREDITACC,2026-02-03 13:15:00+05:30,1318.4000244140625,1319.4000244140625,1331.300048828125,1314.699951171875,152303
CREDITACC,2026-02-04 09:15:00+05:30,1325.0,1333.5999755859375,1355.5999755859375,1318.699951171875,164901
CREDITACC,2026-02-04 13:15:00+05:30,1334.4000244140625,1336.699951171875,1342.0,1331.300048828125,71421
CREDITACC,2026-02-05 09:15:00+05:30,1341.5,1299.199951171875,1352.9000244140625,1293.4000244140625,97685
CREDITACC,2026-02-05 13:15:00+05:30,1299.800048828125,1294.9000244140625,1303.4000244140625,1286.199951171875,76610
CREDITACC,2026-02-06 09:15:00+05:30,1294.5,1291.9000244140625,1323.5,1282.0,75509
CREDITACC,2026-02-06 13:15:00+05:30,1291.800048828125,1289.0,1300.0,1285.9000244140625,72499
CREDITACC,2026-02-09 09:15:00+05:30,1302.0,1275.9000244140625,1302.0,1274.800048828125,63996
CREDITACC,2026-02-09 13:15:00+05:30,1275.9000244140625,1282.300048828125,1285.4000244140625,1275.0999755859375,52771
CREDITACC,2026-02-10 09:15:00+05:30,1291.9000244140625,1293.4000244140625,1298.9000244140625,1263.300048828125,123690
CREDITACC,2026-02-10 13:15:00+05:30,1293.9000244140625,1284.5999755859375,1294.0,1280.5999755859375,44020
CREST,2026-02-02 09:15:00+05:30,357.0,352.0,357.0,351.3500061035156,2154
CREST,2026-02-02 13:15:00+05:30,352.25,354.8500061035156,356.95001220703125,352.25,4129
CREST,2026-02-03 09:15:00+05:30,368.6000061035156,357.25,368.6000061035156,356.0,652
CREST,2026-02-03 13:15:00+05:30,357.5,360.8500061035156,362.0,357.5,879
CREST,2026-02-04 09:15:00+05:30,363.6499938964844,362.79998779296875,364.0,362.3500061035156,57
CREST,2026-02-04 13:15:00+05:30,362.8999938964844,363.04998779296875,364.0,356.45001220703125,2272
CREST,2026-02-05 09:15:00+05:30,363.04998779296875,366.29998779296875,367.1000061035156,359.54998779296875,158
CREST,2026-02-05 13:15:00+05:30,364.6499938964844,359.70001220703125,364.6499938964844,357.20001220703125,2017
CREST,2026-02-06 09:15:00+05:30,348.25,361.3999938964844,364.45001220703125,348.25,584
CREST,2026-02-06 13:15:00+05:30,361.75,366.1000061035156,368.1000061035156,360.54998779296875,989
CREST,2026-02-09 09:15:00+05:30,366.1000061035156,359.79998779296875,367.6499938964844,356.70001220703125,814
CREST,2026-02-09 13:15:00+05:30,360.6000061035156,365.54998779296875,368.95001220703125,360.6000061035156,1156
CREST,2026-02-10 09:15:00+05:30,366.0,372.79998779296875,376.0,362.0,3747
CREST,2026-02-10 13:15:00+05:30,371.3999938964844,382.8500061035156,384.79998779296875,371.3999938964844,7961
CRISIL,2026-02-02 09:15:00+05:30,4601.2001953125,4690.2998046875,4694.89990234375,4525.60009765625,19657
CRISIL,2026-02-02 13:15:00+05:30,4690.2998046875,4825.0,4843.7998046875,4676.39990234375,41225
CRISIL,2026-02-03 09:15:00+05:30,4830.0,4824.2001953125,4866.0,4741.0,21150
CRISIL,2026-02-03 13:15:00+05:30,4824.39990234375,4824.89990234375,4848.39990234375,4816.10009765625,11205
CRISIL,2026-02-04 09:15:00+05:30,4793.60009765625,4698.7998046875,4800.89990234375,4663.0,29381
CRISIL,2026-02-04 13:15:00+05:30,4696.89990234375,4688.0,4699.89990234375,4680.0,12698
CRISIL,2026-02-05 09:15:00+05:30,4678.0,4659.7998046875,4730.89990234375,4635.0,12989
CRISIL,2026-02-05 13:15:00+05:30,4655.10009765625,4612.0,4670.0,4612.0,18484
CRISIL,2026-02-06 09:15:00+05:30,4631.0,4710.5,4743.89990234375,4606.39990234375,20283
CRISIL,2026-02-06 13:15:00+05:30,4710.5,4752.0,4768.7998046875,4708.2998046875,14601
CRISIL,2026-02-09 09:15:00+05:30,4751.0,4694.0,4751.0,4660.0,9438
CRISIL,2026-02-09 13:15:00+05:30,4694.0,4701.39990234375,4725.0,4690.0,12254
CRISIL,2026-02-10 09:15:00+05:30,4721.2998046875,4737.2001953125,4770.0,4674.10009765625,10155
CRISIL,2026-02-10 13:15:00+05:30,4733.0,4678.0,4742.39990234375,4665.2001953125,8005
CROMPTON,2026-02-02 09:15:00+05:30,226.47000122070312,220.22000122070312,226.47000122070312,219.25,1693839
CROMPTON,2026-02-02 13:15:00+05:30,220.25,225.41000366210938,227.0,219.9600067138672,1314162
CROMPTON,2026-02-03 09:15:00+05:30,233.91000366210938,234.30999755859375,239.1300048828125,229.5500030517578,2432846
CROMPTON,2026-02-03 13:15:00+05:30,234.3000030517578,232.69000244140625,234.3000030517578,231.97999572753906,1093483
CROMPTON,2026-02-04 09:15:00+05:30,232.80999755859375,243.47999572753906,244.1300048828125,232.11000061035156,3496455
CROMPTON,2026-02-04 13:15:00+05:30,244.0399932861328,244.05999755859375,246.64999389648438,242.11000061035156,3381989
CROMPTON,2026-02-05 09:15:00+05:30,245.67999267578125,245.75,247.52999877929688,242.0,743779
CROMPTON,2026-02-05 13:15:00+05:30,245.75999450683594,247.0,247.00999450683594,243.6999969482422,1499918
CROMPTON,2026-02-06 09:15:00+05:30,246.9600067138672,245.77000427246094,247.22000122070312,241.99000549316406,562348
CROMPTON,2026-02-06 13:15:00+05:30,245.77000427246094,243.89999389648438,246.5,243.0500030517578,926327
CROMPTON,2026-02-09 09:15:00+05:30,245.9199981689453,259.07000732421875,259.7699890136719,244.0399932861328,3634439
CROMPTON,2026-02-09 13:15:00+05:30,259.2200012207031,262.9200134277344,263.79998779296875,258.6099853515625,3269706
CROMPTON,2026-02-10 09:15:00+05:30,263.30999755859375,262.489990234375,269.010009765625,262.04998779296875,2322046
CROMPTON,2026-02-10 13:15:00+05:30,262.6000061035156,261.79998779296875,263.010009765625,260.6000061035156,1096047
CROWN,2026-02-02 09:15:00+05:30,116.9000015258789,111.0999984741211,116.9000015258789,110.5,5834
CROWN,2026-02-02 13:15:00+05:30,111.0,114.98999786376953,115.0999984741211,109.20999908447266,18199
CROWN,2026-02-03 09:15:00+05:30,119.0,126.08999633789062,126.5,115.0,24412
CROWN,2026-02-03 13:15:00+05:30,124.08000183105469,126.30000305175781,129.0,124.0199966430664,11606
CROWN,2026-02-04 09:15:00+05:30,131.97000122070312,136.99000549316406,138.89999389648438,128.00999450683594,40197
CROWN,2026-02-04 13:15:00+05:30,136.02999877929688,135.74000549316406,138.5,134.07000732421875,8749
CROWN,2026-02-05 09:15:00+05:30,137.88999938964844,137.27999877929688,141.2100067138672,135.0800018310547,5182
CROWN,2026-02-05 13:15:00+05:30,136.0500030517578,133.72999572753906,136.94000244140625,132.2100067138672,3668
CROWN,2026-02-06 09:15:00+05:30,136.85000610351562,134.0,136.85000610351562,130.1999969482422,3588
CROWN,2026-02-06 13:15:00+05:30,134.88999938964844,132.97999572753906,134.89999389648438,131.6699981689453,809
CROWN,2026-02-09 09:15:00+05:30,132.9499969482422,129.9600067138672,132.9499969482422,125.0,10904
CROWN,2026-02-09 13:15:00+05:30,129.91000366210938,128.61000061035156,129.91000366210938,128.5,1935
CROWN,2026-02-10 09:15:00+05:30,128.61000061035156,132.0,133.60000610351562,128.61000061035156,2423
CROWN,2026-02-10 13:15:00+05:30,131.97999572753906,132.13999938964844,133.77999877929688,131.0,946
CSBBANK,2026-02-02 09:15:00+05:30,418.45001220703125,403.79998779296875,419.6499938964844,401.54998779296875,432928
CSBBANK,2026-02-02 13:15:00+05:30,403.6499938964844,408.5,411.45001220703125,398.25,357028
CSBBANK,2026-02-03 09:15:00+05:30,426.0,425.29998779296875,427.25,410.8999938964844,327310
CSBBANK,2026-02-03 13:15:00+05:30,425.29998779296875,421.29998779296875,426.5,421.0,168221
CSBBANK,2026-02-04 09:15:00+05:30,421.8500061035156,416.8999938964844,423.5,413.54998779296875,639302
CSBBANK,2026-02-04 13:15:00+05:30,416.8999938964844,417.1499938964844,419.70001220703125,414.75,156112
CSBBANK,2026-02-05 09:15:00+05:30,418.5,418.6499938964844,419.70001220703125,412.0,104644
CSBBANK,2026-02-05 13:15:00+05:30,418.5,412.6499938964844,419.3999938964844,412.6499938964844,88417
CSBBANK,2026-02-06 09:15:00+05:30,413.75,410.1000061035156,413.75,404.3999938964844,153746
CSBBANK,2026-02-06 13:15:00+05:30,410.45001220703125,414.95001220703125,416.0,410.1000061035156,130147
CSBBANK,2026-02-09 09:15:00+05:30,416.5,418.5,423.95001220703125,416.5,102781
CSBBANK,2026-02-09 13:15:00+05:30,418.5,414.0,419.75,413.79998779296875,124934
CSBBANK,2026-02-10 09:15:00+05:30,419.04998779296875,414.25,419.04998779296875,411.3500061035156,85492
CSBBANK,2026-02-10 13:15:00+05:30,414.1000061035156,411.3500061035156,414.20001220703125,409.6000061035156,196687
CSLFINANCE,2026-02-02 09:15:00+05:30,261.1000061035156,260.8999938964844,265.5,256.54998779296875,4061
CSLFINANCE,2026-02-02 13:15:00+05:30,260.0,262.6000061035156,267.95001220703125,258.1000061035156,5949
CSLFINANCE,2026-02-03 09:15:00+05:30,279.0,270.0,279.0,262.3500061035156,7745
CSLFINANCE,2026-02-03 13:15:00+05:30,270.0,268.3500061035156,271.95001220703125,267.0,7752
CSLFINANCE,2026-02-04 09:15:00+05:30,277.0,268.1000061035156,277.0,265.6000061035156,3831
CSLFINANCE,2026-02-04 13:15:00+05:30,268.1000061035156,271.1499938964844,275.0,268.1000061035156,5249
CSLFINANCE,2026-02-05 09:15:00+05:30,271.29998779296875,266.0,273.45001220703125,264.70001220703125,6377
CSLFINANCE,2026-02-05 13:15:00+05:30,266.3999938964844,263.6000061035156,267.5,259.0,11977
CSLFINANCE,2026-02-06 09:15:00+05:30,266.0,257.8999938964844,266.0,255.1999969482422,23550
CSLFINANCE,2026-02-06 13:15:00+05:30,257.0,256.20001220703125,260.45001220703125,254.85000610351562,22707
CSLFINANCE,2026-02-09 09:15:00+05:30,259.8999938964844,259.8999938964844,265.95001220703125,256.8500061035156,33329
CSLFINANCE,2026-02-09 13:15:00+05:30,259.6000061035156,257.20001220703125,260.0,255.0,16122
CSLFINANCE,2026-02-10 09:15:00+05:30,260.0,257.0,260.25,255.0,15219
CSLFINANCE,2026-02-10 13:15:00+05:30,257.0,246.89999389648438,257.8999938964844,241.0,57850
CTE,2026-02-02 09:15:00+05:30,33.95000076293945,33.2400016784668,34.63999938964844,32.0,4105
CTE,2026-02-02 13:15:00+05:30,32.7400016784668,34.790000915527344,34.79999923706055,32.7400016784668,6575
CTE,2026-02-03 09:15:00+05:30,34.02000045776367,35.47999954223633,36.0,34.02000045776367,25243
CTE,2026-02-03 13:15:00+05:30,34.630001068115234,34.880001068115234,35.869998931884766,34.310001373291016,1595
CTE,2026-02-04 09:15:00+05:30,36.20000076293945,36.0099983215332,36.29999923706055,34.31999969482422,4651
CTE,2026-02-04 13:15:00+05:30,36.18000030517578,35.540000915527344,36.5,34.869998931884766,7608
CTE,2026-02-05 09:15:00+05:30,36.0,35.970001220703125,36.0,35.400001525878906,790
CTE,2026-02-05 13:15:00+05:30,35.880001068115234,35.880001068115234,35.959999084472656,35.119998931884766,753
CTE,2026-02-06 09:15:00+05:30,36.119998931884766,38.650001525878906,39.38999938964844,35.2599983215332,35113
CTE,2026-02-06 13:15:00+05:30,38.75,36.650001525878906,39.189998626708984,36.0,38479
CTE,2026-02-09 09:15:00+05:30,36.65999984741211,35.810001373291016,37.939998626708984,35.70000076293945,8302
CTE,2026-02-09 13:15:00+05:30,35.9900016784668,36.13999938964844,36.970001220703125,35.11000061035156,13046
CTE,2026-02-10 09:15:00+05:30,36.849998474121094,35.959999084472656,37.599998474121094,35.61000061035156,46884
CTE,2026-02-10 13:15:00+05:30,35.959999084472656,35.619998931884766,36.900001525878906,35.2599983215332,33881
CUB,2026-02-02 09:15:00+05:30,283.5,278.1000061035156,288.3999938964844,273.95001220703125,936323
CUB,2026-02-02 13:15:00+05:30,278.3999938964844,287.0,287.5,278.3999938964844,724422
CUB,2026-02-03 09:15:00+05:30,305.8999938964844,299.0,314.54998779296875,293.6499938964844,2692672
CUB,2026-02-03 13:15:00+05:30,298.8999938964844,298.5,300.0,296.0,1403976
CUB,2026-02-04 09:15:00+05:30,298.3500061035156,292.45001220703125,300.0,291.45001220703125,867684
CUB,2026-02-04 13:15:00+05:30,292.25,292.0,293.1000061035156,289.8500061035156,1167783
CUB,2026-02-05 09:15:00+05:30,293.25,295.8500061035156,296.25,293.0,287959
CUB,2026-02-05 13:15:00+05:30,295.95001220703125,293.6000061035156,296.45001220703125,292.3500061035156,461287
CUB,2026-02-06 09:15:00+05:30,291.75,290.0,295.5,289.3999938964844,451037
CUB,2026-02-06 13:15:00+05:30,290.0,291.5,294.8999938964844,289.6000061035156,610651
CUB,2026-02-09 09:15:00+05:30,296.1000061035156,289.20001220703125,297.79998779296875,289.20001220703125,403300
CUB,2026-02-09 13:15:00+05:30,289.3999938964844,289.1000061035156,290.75,287.0,860772
CUB,2026-02-10 09:15:00+05:30,290.0,288.0,290.6499938964844,287.04998779296875,187114
CUB,2026-02-10 13:15:00+05:30,288.0,286.75,288.20001220703125,286.0,424560
CUBEXTUB,2026-02-02 09:15:00+05:30,120.12000274658203,119.58000183105469,126.69999694824219,116.0,230318
CUBEXTUB,2026-02-02 13:15:00+05:30,119.58999633789062,122.5,123.97000122070312,118.0,179847
CUBEXTUB,2026-02-03 09:15:00+05:30,130.35000610351562,121.22000122070312,130.35000610351562,119.5,178603
CUBEXTUB,2026-02-03 13:15:00+05:30,121.41000366210938,120.95999908447266,123.5999984741211,120.43000030517578,144625
CUBEXTUB,2026-02-04 09:15:00+05:30,122.98999786376953,119.19999694824219,124.30000305175781,118.5199966430664,83771
CUBEXTUB,2026-02-04 13:15:00+05:30,119.19999694824219,116.26000213623047,120.0,114.87999725341797,187602
CUBEXTUB,2026-02-05 09:15:00+05:30,116.83999633789062,117.19000244140625,119.5,113.26000213623047,142380
CUBEXTUB,2026-02-05 13:15:00+05:30,117.22000122070312,115.0,117.55000305175781,113.75,74445
CUBEXTUB,2026-02-06 09:15:00+05:30,116.0,113.0,116.69999694824219,111.4000015258789,47507
CUBEXTUB,2026-02-06 13:15:00+05:30,113.0,114.77999877929688,118.0,112.25,45357
CUBEXTUB,2026-02-09 09:15:00+05:30,117.01000213623047,117.19000244140625,122.29000091552734,116.0,187876
CUBEXTUB,2026-02-09 13:15:00+05:30,117.19000244140625,115.73999786376953,117.7300033569336,115.0,50602
CUBEXTUB,2026-02-10 09:15:00+05:30,116.4000015258789,115.58999633789062,118.88999938964844,114.62000274658203,28370
CUBEXTUB,2026-02-10 13:15:00+05:30,115.56999969482422,113.5,115.56999969482422,112.54000091552734,81992
CUMMINSIND,2026-02-02 09:15:00+05:30,4021.0,4026.5,4075.0,3975.199951171875,181035
CUMMINSIND,2026-02-02 13:15:00+05:30,4028.89990234375,4083.0,4102.10009765625,4006.10009765625,210973
CUMMINSIND,2026-02-03 09:15:00+05:30,4340.10009765625,4220.7001953125,4340.10009765625,4197.2001953125,205045
CUMMINSIND,2026-02-03 13:15:00+05:30,4220.7001953125,4171.10009765625,4237.60009765625,4146.7998046875,348778
CUMMINSIND,2026-02-04 09:15:00+05:30,4163.7001953125,4199.0,4204.2001953125,4065.89990234375,92751
CUMMINSIND,2026-02-04 13:15:00+05:30,4199.0,4202.2998046875,4228.7001953125,4163.7998046875,172205
CUMMINSIND,2026-02-05 09:15:00+05:30,4070.39990234375,4345.0,4392.7001953125,4033.300048828125,830497
CUMMINSIND,2026-02-05 13:15:00+05:30,4345.5,4366.2001953125,4417.60009765625,4345.0,481727
CUMMINSIND,2026-02-06 09:15:00+05:30,4312.10009765625,4331.39990234375,4358.2998046875,4234.5,216843
CUMMINSIND,2026-02-06 13:15:00+05:30,4330.10009765625,4368.39990234375,4384.39990234375,4307.5,168578
CUMMINSIND,2026-02-09 09:15:00+05:30,4388.2998046875,4406.39990234375,4433.0,4379.5,188226
CUMMINSIND,2026-02-09 13:15:00+05:30,4406.2998046875,4427.5,4438.60009765625,4404.89990234375,180801
CUMMINSIND,2026-02-10 09:15:00+05:30,4405.5,4385.0,4407.2998046875,4329.0,236725
CUMMINSIND,2026-02-10 13:15:00+05:30,4384.39990234375,4418.2998046875,4427.2001953125,4366.0,252651
CUPID,2026-02-02 09:15:00+05:30,411.8500061035156,408.6499938964844,419.5,406.3500061035156,2930514
CUPID,2026-02-02 13:15:00+05:30,408.29998779296875,408.29998779296875,415.6499938964844,402.20001220703125,2594693
CUPID,2026-02-03 09:15:00+05:30,423.29998779296875,415.6000061035156,423.29998779296875,412.8500061035156,1049838
CUPID,2026-02-03 13:15:00+05:30,415.79998779296875,415.1499938964844,416.95001220703125,414.1000061035156,1161580
CUPID,2026-02-04 09:15:00+05:30,413.25,422.95001220703125,424.8999938964844,412.0,1232918
CUPID,2026-02-04 13:15:00+05:30,422.95001220703125,427.45001220703125,433.3999938964844,422.0,2406888
CUPID,2026-02-05 09:15:00+05:30,427.95001220703125,423.04998779296875,432.5,420.45001220703125,1744327
CUPID,2026-02-05 13:15:00+05:30,422.75,422.5,424.45001220703125,416.20001220703125,1817340
CUPID,2026-02-06 09:15:00+05:30,423.20001220703125,420.1000061035156,426.20001220703125,416.04998779296875,882310
CUPID,2026-02-06 13:15:00+05:30,420.1000061035156,423.0,424.0,420.0,1062539
CUPID,2026-02-09 09:15:00+05:30,425.29998779296875,421.70001220703125,427.20001220703125,420.29998779296875,873675
CUPID,2026-02-09 13:15:00+05:30,421.75,423.0,423.8500061035156,419.1499938964844,1248602
CUPID,2026-02-10 09:15:00+05:30,421.95001220703125,436.54998779296875,439.8999938964844,420.79998779296875,2629656
CUPID,2026-02-10 13:15:00+05:30,436.70001220703125,434.95001220703125,437.6499938964844,428.75,1817325
CYBERTECH,2026-02-02 09:15:00+05:30,131.89999389648438,128.97999572753906,133.9199981689453,127.69999694824219,6536
CYBERTECH,2026-02-02 13:15:00+05:30,128.83999633789062,129.3699951171875,130.69000244140625,128.25999450683594,5183
CYBERTECH,2026-02-03 09:15:00+05:30,132.0,134.9199981689453,137.0,131.2100067138672,31116
CYBERTECH,2026-02-03 13:15:00+05:30,134.72000122070312,132.85000610351562,136.0500030517578,132.0,17396
CYBERTECH,2026-02-04 09:15:00+05:30,132.0,133.4199981689453,135.5500030517578,130.0,7283
CYBERTECH,2026-02-04 13:15:00+05:30,133.57000732421875,134.6300048828125,135.99000549316406,133.57000732421875,8359
CYBERTECH,2026-02-05 09:15:00+05:30,136.89999389648438,133.74000549316406,136.9600067138672,133.0,15999
CYBERTECH,2026-02-05 13:15:00+05:30,134.19000244140625,133.9499969482422,134.97999572753906,133.0,4513
CYBERTECH,2026-02-06 09:15:00+05:30,131.0,132.41000366210938,134.39999389648438,131.0,7510
CYBERTECH,2026-02-06 13:15:00+05:30,132.97000122070312,132.36000061035156,133.39999389648438,131.0,6347
CYBERTECH,2026-02-09 09:15:00+05:30,134.36000061035156,134.39999389648438,135.5800018310547,134.0,10658
CYBERTECH,2026-02-09 13:15:00+05:30,134.00999450683594,137.60000610351562,139.6999969482422,134.0,20602
CYBERTECH,2026-02-10 09:15:00+05:30,137.00999450683594,137.82000732421875,139.77999877929688,136.3699951171875,26299
CYBERTECH,2026-02-10 13:15:00+05:30,138.36000061035156,137.64999389648438,139.75,136.2100067138672,16857
CYIENT,2026-02-02 09:15:00+05:30,1132.0,1117.699951171875,1132.0,1105.199951171875,70546
CYIENT,2026-02-02 13:15:00+05:30,1120.0,1129.5999755859375,1140.0,1120.0,105648
CYIENT,2026-02-03 09:15:00+05:30,1170.0999755859375,1147.4000244140625,1170.0999755859375,1141.0999755859375,33584
CYIENT,2026-02-03 13:15:00+05:30,1147.4000244140625,1151.800048828125,1161.300048828125,1145.0,83401
CYIENT,2026-02-04 09:15:00+05:30,1125.0,1131.800048828125,1131.800048828125,1111.9000244140625,60349
CYIENT,2026-02-04 13:15:00+05:30,1131.800048828125,1150.0,1156.300048828125,1129.5999755859375,93080
CYIENT,2026-02-05 09:15:00+05:30,1130.300048828125,1110.4000244140625,1130.300048828125,1109.0999755859375,49662
CYIENT,2026-02-05 13:15:00+05:30,1110.5999755859375,1099.5999755859375,1112.300048828125,1098.699951171875,92970
CYIENT,2026-02-06 09:15:00+05:30,1091.5999755859375,1056.4000244140625,1091.699951171875,1039.0,250385
CYIENT,2026-02-06 13:15:00+05:30,1055.699951171875,1064.0,1069.800048828125,1052.800048828125,134824
CYIENT,2026-02-09 09:15:00+05:30,1072.5,1078.5,1089.9000244140625,1072.5,46771
CYIENT,2026-02-09 13:15:00+05:30,1078.5999755859375,1079.300048828125,1083.5,1075.0999755859375,56559
CYIENT,2026-02-10 09:15:00+05:30,1085.0,1089.5,1097.300048828125,1081.199951171875,61447
CYIENT,2026-02-10 13:15:00+05:30,1089.5,1083.9000244140625,1091.0999755859375,1073.0,147643
CYIENTDLM,2026-02-02 09:15:00+05:30,366.3500061035156,360.0,366.3500061035156,358.0,25098
CYIENTDLM,2026-02-02 13:15:00+05:30,359.8500061035156,362.29998779296875,363.0,357.25,69085
CYIENTDLM,2026-02-03 09:15:00+05:30,394.20001220703125,388.8999938964844,394.20001220703125,375.1000061035156,111218
CYIENTDLM,2026-02-03 13:15:00+05:30,388.3999938964844,385.45001220703125,389.20001220703125,383.1000061035156,56025
CYIENTDLM,2026-02-04 09:15:00+05:30,383.3999938964844,383.20001220703125,387.95001220703125,380.70001220703125,20233
CYIENTDLM,2026-02-04 13:15:00+05:30,383.0,369.8500061035156,384.0,369.0,115654
CYIENTDLM,2026-02-05 09:15:00+05:30,372.0,358.8999938964844,380.0,358.8999938964844,144722
CYIENTDLM,2026-02-05 13:15:00+05:30,359.0,358.0,359.25,357.0,118582
CYIENTDLM,2026-02-06 09:15:00+05:30,360.0,348.0,360.0,346.54998779296875,228123
CYIENTDLM,2026-02-06 13:15:00+05:30,348.0,345.0,348.5,344.6499938964844,250105
CYIENTDLM,2026-02-09 09:15:00+05:30,347.79998779296875,357.20001220703125,361.75,347.79998779296875,84044
CYIENTDLM,2026-02-09 13:15:00+05:30,357.70001220703125,359.0,365.0,356.8500061035156,145183
CYIENTDLM,2026-02-10 09:15:00+05:30,360.6499938964844,369.04998779296875,375.0,358.54998779296875,192100
CYIENTDLM,2026-02-10 13:15:00+05:30,369.5,365.04998779296875,370.3500061035156,365.0,96866
DABUR,2026-02-02 09:15:00+05:30,501.3500061035156,498.20001220703125,502.95001220703125,493.8500061035156,566621
DABUR,2026-02-02 13:15:00+05:30,498.20001220703125,499.0,499.70001220703125,497.20001220703125,1645495
DABUR,2026-02-03 09:15:00+05:30,507.0,500.45001220703125,509.0,495.6000061035156,916403
DABUR,2026-02-03 13:15:00+05:30,500.6499938964844,500.0,502.95001220703125,499.5,477780
DABUR,2026-02-04 09:15:00+05:30,500.3500061035156,501.95001220703125,506.20001220703125,496.8999938964844,459913
DABUR,2026-02-04 13:15:00+05:30,501.95001220703125,499.8500061035156,503.3500061035156,499.0,341471
DABUR,2026-02-05 09:15:00+05:30,501.6000061035156,505.04998779296875,507.54998779296875,500.75,890651
DABUR,2026-02-05 13:15:00+05:30,505.04998779296875,505.1000061035156,505.29998779296875,503.0,298128
DABUR,2026-02-06 09:15:00+05:30,502.0,505.0,506.5,498.54998779296875,396553
DABUR,2026-02-06 13:15:00+05:30,505.0,507.6499938964844,508.8999938964844,504.75,450039
DABUR,2026-02-09 09:15:00+05:30,510.04998779296875,512.2999877929688,512.5,507.54998779296875,339054
DABUR,2026-02-09 13:15:00+05:30,512.4500122070312,514.4000244140625,515.7999877929688,510.6000061035156,815072
DABUR,2026-02-10 09:15:00+05:30,514.2000122070312,514.7000122070312,514.7999877929688,510.0,217870
DABUR,2026-02-10 13:15:00+05:30,515.2999877929688,519.7000122070312,520.5,513.0,841731
DALBHARAT,2026-02-02 09:15:00+05:30,2000.0,2038.0,2042.5999755859375,1981.300048828125,249863
DALBHARAT,2026-02-02 13:15:00+05:30,2038.9000244140625,2061.199951171875,2071.0,2030.0,175642
DALBHARAT,2026-02-03 09:15:00+05:30,2132.800048828125,2103.60009765625,2163.199951171875,2079.300048828125,62193
DALBHARAT,2026-02-03 13:15:00+05:30,2103.60009765625,2110.60009765625,2117.199951171875,2099.0,149785
DALBHARAT,2026-02-04 09:15:00+05:30,2118.199951171875,2129.800048828125,2143.39990234375,2099.5,62845
DALBHARAT,2026-02-04 13:15:00+05:30,2129.60009765625,2149.89990234375,2149.89990234375,2125.199951171875,67646
DALBHARAT,2026-02-05 09:15:00+05:30,2149.89990234375,2153.300048828125,2158.10009765625,2140.89990234375,22942
DALBHARAT,2026-02-05 13:15:00+05:30,2153.300048828125,2152.0,2156.89990234375,2152.0,21204
DALBHARAT,2026-02-06 09:15:00+05:30,2157.0,2103.89990234375,2157.0,2100.0,17842
DALBHARAT,2026-02-06 13:15:00+05:30,2103.89990234375,2118.300048828125,2121.699951171875,2103.300048828125,15322
DALBHARAT,2026-02-09 09:15:00+05:30,2149.89990234375,2176.800048828125,2182.199951171875,2116.300048828125,48902
DALBHARAT,2026-02-09 13:15:00+05:30,2175.699951171875,2210.0,2210.0,2174.0,104622
DALBHARAT,2026-02-10 09:15:00+05:30,2214.0,2211.5,2219.39990234375,2180.60009765625,74860
DALBHARAT,2026-02-10 13:15:00+05:30,2211.699951171875,2191.39990234375,2218.199951171875,2185.10009765625,112382
DALMIASUG,2026-02-02 09:15:00+05:30,270.04998779296875,273.20001220703125,275.25,270.0,15913
DALMIASUG,2026-02-02 13:15:00+05:30,273.20001220703125,280.45001220703125,280.45001220703125,272.6000061035156,11146
DALMIASUG,2026-02-03 09:15:00+05:30,283.0,283.1000061035156,284.04998779296875,276.6000061035156,18713
DALMIASUG,2026-02-03 13:15:00+05:30,283.45001220703125,281.0,284.29998779296875,280.79998779296875,17649
DALMIASUG,2026-02-04 09:15:00+05:30,284.0,291.0,292.5,282.0,23806
DALMIASUG,2026-02-04 13:15:00+05:30,291.54998779296875,295.29998779296875,297.0,290.79998779296875,35048
DALMIASUG,2026-02-05 09:15:00+05:30,294.54998779296875,292.5,302.3500061035156,290.0,13730
DALMIASUG,2026-02-05 13:15:00+05:30,292.5,290.0,292.8500061035156,287.6499938964844,27669
DALMIASUG,2026-02-06 09:15:00+05:30,291.3999938964844,288.70001220703125,298.0,285.0,9633
DALMIASUG,2026-02-06 13:15:00+05:30,289.0,286.0,296.75,285.3500061035156,56858
DALMIASUG,2026-02-09 09:15:00+05:30,292.0,302.95001220703125,304.45001220703125,291.54998779296875,47608
DALMIASUG,2026-02-09 13:15:00+05:30,302.3500061035156,303.79998779296875,305.45001220703125,300.3500061035156,34712
DALMIASUG,2026-02-10 09:15:00+05:30,305.1000061035156,311.45001220703125,311.95001220703125,304.0,30885
DALMIASUG,2026-02-10 13:15:00+05:30,311.5,307.54998779296875,311.5,307.54998779296875,40743
DAMODARIND,2026-02-02 09:15:00+05:30,25.020000457763672,25.600000381469727,25.739999771118164,25.020000457763672,4053
DAMODARIND,2026-02-02 13:15:00+05:30,25.600000381469727,25.610000610351562,25.979999542236328,25.229999542236328,2751
DAMODARIND,2026-02-03 09:15:00+05:30,26.5,27.489999771118164,27.889999389648438,26.420000076293945,6381
DAMODARIND,2026-02-03 13:15:00+05:30,27.389999389648438,26.969999313354492,27.389999389648438,26.540000915527344,2757
DAMODARIND,2026-02-04 09:15:00+05:30,27.8799991607666,27.3799991607666,27.8799991607666,27.3799991607666,217
DAMODARIND,2026-02-04 13:15:00+05:30,27.1299991607666,27.399999618530273,27.549999237060547,27.100000381469727,4256
DAMODARIND,2026-02-05 09:15:00+05:30,28.450000762939453,26.790000915527344,28.450000762939453,26.530000686645508,552
DAMODARIND,2026-02-05 13:15:00+05:30,26.799999237060547,27.360000610351562,27.600000381469727,26.799999237060547,3024
DAMODARIND,2026-02-06 09:15:00+05:30,28.34000015258789,27.520000457763672,28.34000015258789,26.760000228881836,409
DAMODARIND,2026-02-06 13:15:00+05:30,27.5,27.440000534057617,27.5,27.43000030517578,922
DAMODARIND,2026-02-09 09:15:00+05:30,27.440000534057617,26.93000030517578,28.440000534057617,26.149999618530273,8204
DAMODARIND,2026-02-09 13:15:00+05:30,26.93000030517578,26.84000015258789,27.399999618530273,26.540000915527344,5700
DAMODARIND,2026-02-10 09:15:00+05:30,27.479999542236328,27.0,27.479999542236328,26.799999237060547,1707
DAMODARIND,2026-02-10 13:15:00+05:30,26.219999313354492,26.6200008392334,26.979999542236328,26.219999313354492,3116
DATAMATICS,2026-02-02 09:15:00+05:30,711.9500122070312,682.2000122070312,711.9500122070312,676.4000244140625,17823
DATAMATICS,2026-02-02 13:15:00+05:30,681.5999755859375,692.2000122070312,698.0,676.0499877929688,14040
DATAMATICS,2026-02-03 09:15:00+05:30,730.0,724.25,739.9000244140625,709.0,24107
DATAMATICS,2026-02-03 13:15:00+05:30,725.4000244140625,737.3499755859375,745.0,722.0,68284
DATAMATICS,2026-02-04 09:15:00+05:30,733.1500244140625,762.8499755859375,777.9500122070312,729.25,87315
DATAMATICS,2026-02-04 13:15:00+05:30,762.9500122070312,784.7999877929688,787.5,758.5999755859375,69973
DATAMATICS,2026-02-05 09:15:00+05:30,780.1500244140625,762.5,780.1500244140625,760.0999755859375,18328
DATAMATICS,2026-02-05 13:15:00+05:30,761.8499755859375,769.2000122070312,773.6500244140625,757.0,31598
DATAMATICS,2026-02-06 09:15:00+05:30,768.0,778.7999877929688,784.7999877929688,759.0499877929688,14776
DATAMATICS,2026-02-06 13:15:00+05:30,777.7000122070312,784.0,785.9000244140625,768.5999755859375,71596
DATAMATICS,2026-02-09 09:15:00+05:30,789.0,795.5499877929688,809.9000244140625,782.0,52976
DATAMATICS,2026-02-09 13:15:00+05:30,795.5499877929688,800.0999755859375,804.7000122070312,794.0,22751
DATAMATICS,2026-02-10 09:15:00+05:30,801.25,800.9500122070312,806.25,795.0,18313
DATAMATICS,2026-02-10 13:15:00+05:30,799.4000244140625,794.7999877929688,803.75,790.0499877929688,31098
DATAPATTNS,2026-02-02 09:15:00+05:30,2499.0,2519.199951171875,2609.89990234375,2474.60009765625,412805
DATAPATTNS,2026-02-02 13:15:00+05:30,2519.199951171875,2580.0,2580.0,2453.5,325524
DATAPATTNS,2026-02-03 09:15:00+05:30,2700.0,2602.10009765625,2700.0,2550.60009765625,204396
DATAPATTNS,2026-02-03 13:15:00+05:30,2602.10009765625,2603.10009765625,2624.800048828125,2590.39990234375,148827
DATAPATTNS,2026-02-04 09:15:00+05:30,2596.0,2627.199951171875,2649.800048828125,2520.0,326153
DATAPATTNS,2026-02-04 13:15:00+05:30,2626.300048828125,2618.60009765625,2644.89990234375,2606.39990234375,144114
DATAPATTNS,2026-02-05 09:15:00+05:30,2620.0,2533.800048828125,2620.0,2515.0,99097
DATAPATTNS,2026-02-05 13:15:00+05:30,2533.10009765625,2529.0,2536.10009765625,2512.89990234375,95631
DATAPATTNS,2026-02-06 09:15:00+05:30,2683.0,2686.199951171875,2758.60009765625,2574.5,2524694
DATAPATTNS,2026-02-06 13:15:00+05:30,2687.0,2705.0,2737.0,2676.60009765625,718398
DATAPATTNS,2026-02-09 09:15:00+05:30,2749.60009765625,2798.60009765625,2808.0,2715.699951171875,357528
DATAPATTNS,2026-02-09 13:15:00+05:30,2798.60009765625,2803.0,2816.0,2789.10009765625,216498
DATAPATTNS,2026-02-10 09:15:00+05:30,2796.800048828125,2872.699951171875,2922.39990234375,2796.800048828125,207702
DATAPATTNS,2026-02-10 13:15:00+05:30,2872.60009765625,2840.5,2872.699951171875,2830.5,132967
DBCORP,2026-02-02 09:15:00+05:30,241.39999389648438,236.74000549316406,241.39999389648438,236.35000610351562,4950
DBCORP,2026-02-02 13:15:00+05:30,236.35000610351562,239.08999633789062,243.75,234.6300048828125,26922
DBCORP,2026-02-03 09:15:00+05:30,247.1999969482422,244.8300018310547,248.3000030517578,242.5,31253
DBCORP,2026-02-03 13:15:00+05:30,244.6300048828125,247.0,247.32000732421875,243.97999572753906,15097
DBCORP,2026-02-04 09:15:00+05:30,244.4499969482422,241.1999969482422,244.4499969482422,241.0,19507
DBCORP,2026-02-04 13:15:00+05:30,241.1999969482422,241.49000549316406,244.14999389648438,240.60000610351562,16838
DBCORP,2026-02-05 09:15:00+05:30,240.39999389648438,239.5500030517578,242.3699951171875,238.55999755859375,13744
DBCORP,2026-02-05 13:15:00+05:30,239.58999633789062,238.9199981689453,239.83999633789062,238.35000610351562,8628
DBCORP,2026-02-06 09:15:00+05:30,238.9199981689453,237.25,239.0,235.52000427246094,9117
DBCORP,2026-02-06 13:15:00+05:30,237.27000427246094,236.9499969482422,238.60000610351562,236.9499969482422,3771
DBCORP,2026-02-09 09:15:00+05:30,238.63999938964844,236.6999969482422,238.99000549316406,236.10000610351562,48583
DBCORP,2026-02-09 13:15:00+05:30,236.8000030517578,236.08999633789062,236.89999389648438,236.0,24613
DBCORP,2026-02-10 09:15:00+05:30,236.89999389648438,246.38999938964844,246.8800048828125,236.35000610351562,62253
DBCORP,2026-02-10 13:15:00+05:30,246.14999389648438,243.39999389648438,246.14999389648438,243.39999389648438,29159
DBL,2026-02-02 09:15:00+05:30,450.1499938964844,447.0,451.29998779296875,441.20001220703125,43429
DBL,2026-02-02 13:15:00+05:30,446.75,456.3999938964844,456.3999938964844,443.1000061035156,35392
DBL,2026-02-03 09:15:00+05:30,465.04998779296875,457.6499938964844,474.0,456.5,37381
DBL,2026-02-03 13:15:00+05:30,457.6000061035156,459.0,460.45001220703125,456.20001220703125,19339
DBL,2026-02-04 09:15:00+05:30,456.75,460.5,464.95001220703125,456.75,18650
DBL,2026-02-04 13:15:00+05:30,460.5,463.0,466.6499938964844,459.8999938964844,35911
DBL,2026-02-05 09:15:00+05:30,466.95001220703125,465.0,472.5,453.6499938964844,36711
DBL,2026-02-05 13:15:00+05:30,465.3500061035156,457.6000061035156,465.54998779296875,457.04998779296875,59833
DBL,2026-02-06 09:15:00+05:30,458.0,455.0,458.29998779296875,448.5,44254
DBL,2026-02-06 13:15:00+05:30,455.25,452.1000061035156,457.0,452.04998779296875,16466
DBL,2026-02-09 09:15:00+05:30,455.8999938964844,466.45001220703125,466.8999938964844,455.8999938964844,50414
DBL,2026-02-09 13:15:00+05:30,466.8999938964844,469.8500061035156,470.95001220703125,464.0,97221
DBL,2026-02-10 09:15:00+05:30,469.8500061035156,467.29998779296875,477.6000061035156,464.1000061035156,32576
DBL,2026-02-10 13:15:00+05:30,466.8500061035156,469.3999938964844,477.79998779296875,456.20001220703125,1009248
DBOL,2026-02-02 09:15:00+05:30,103.9000015258789,97.0,105.80000305175781,96.4800033569336,85358
DBOL,2026-02-02 13:15:00+05:30,97.0,101.61000061035156,102.48999786376953,97.0,27746
DBOL,2026-02-03 09:15:00+05:30,103.0,100.30000305175781,105.5,99.5,35245
DBOL,2026-02-03 13:15:00+05:30,100.19000244140625,99.31999969482422,100.79000091552734,98.12000274658203,23436
DBOL,2026-02-04 09:15:00+05:30,100.80000305175781,99.75,101.87000274658203,99.51000213623047,8396
DBOL,2026-02-04 13:15:00+05:30,99.75,99.66999816894531,100.0,99.01000213623047,21022
DBOL,2026-02-05 09:15:00+05:30,100.0,100.13999938964844,103.5,99.0199966430664,23885
DBOL,2026-02-05 13:15:00+05:30,100.19999694824219,100.91999816894531,102.87999725341797,99.95999908447266,30855
DBOL,2026-02-06 09:15:00+05:30,101.8499984741211,99.91000366210938,101.8499984741211,99.19999694824219,8579
DBOL,2026-02-06 13:15:00+05:30,99.91999816894531,99.0,100.5999984741211,98.5,21922
DBOL,2026-02-09 09:15:00+05:30,101.44999694824219,101.02999877929688,104.30000305175781,100.31999969482422,22537
DBOL,2026-02-09 13:15:00+05:30,100.3499984741211,99.5,101.02999877929688,98.8499984741211,19163
DBOL,2026-02-10 09:15:00+05:30,100.05999755859375,100.61000061035156,101.79000091552734,99.11000061035156,49225
DBOL,2026-02-10 13:15:00+05:30,100.45999908447266,100.05000305175781,100.9000015258789,99.30999755859375,20441
DBREALTY,2026-02-02 09:15:00+05:30,101.0,100.11000061035156,103.25,99.01000213623047,478087
DBREALTY,2026-02-02 13:15:00+05:30,100.0999984741211,103.72000122070312,104.38999938964844,99.51000213623047,682183
DBREALTY,2026-02-03 09:15:00+05:30,110.0,110.37000274658203,112.55999755859375,106.55000305175781,1003380
DBREALTY,2026-02-03 13:15:00+05:30,110.27999877929688,110.0,111.5,109.75,394028
DBREALTY,2026-02-04 09:15:00+05:30,110.0,117.6500015258789,120.43000030517578,109.16000366210938,3443548
DBREALTY,2026-02-04 13:15:00+05:30,117.58000183105469,126.05000305175781,130.8000030517578,117.3499984741211,10606612
DBREALTY,2026-02-05 09:15:00+05:30,124.4000015258789,121.58999633789062,126.58000183105469,120.95999908447266,781641
DBREALTY,2026-02-05 13:15:00+05:30,121.69999694824219,120.0,121.9800033569336,119.22000122070312,1169352
DBREALTY,2026-02-06 09:15:00+05:30,119.68000030517578,116.33000183105469,120.33999633789062,115.86000061035156,415789
DBREALTY,2026-02-06 13:15:00+05:30,116.3499984741211,117.62999725341797,117.94999694824219,115.44000244140625,693938
DBREALTY,2026-02-09 09:15:00+05:30,118.19999694824219,126.29000091552734,128.94000244140625,118.19999694824219,8625535
DBREALTY,2026-02-09 13:15:00+05:30,126.19999694824219,124.2699966430664,126.55999755859375,123.69999694824219,1077177
DBREALTY,2026-02-10 09:15:00+05:30,125.5,127.27999877929688,129.1699981689453,123.62999725341797,2598662
DBREALTY,2026-02-10 13:15:00+05:30,127.1500015258789,128.0,128.60000610351562,126.19999694824219,957411
DBSTOCKBRO,2026-02-02 09:15:00+05:30,25.469999313354492,24.5,25.469999313354492,24.5,206
DBSTOCKBRO,2026-02-02 13:15:00+05:30,24.969999313354492,24.940000534057617,24.969999313354492,24.940000534057617,322
DBSTOCKBRO,2026-02-03 09:15:00+05:30,24.950000762939453,24.649999618530273,24.950000762939453,24.649999618530273,684
DBSTOCKBRO,2026-02-03 13:15:00+05:30,25.25,25.1200008392334,25.25,25.0,665
DBSTOCKBRO,2026-02-04 09:15:00+05:30,25.0,25.290000915527344,25.290000915527344,24.809999465942383,43
DBSTOCKBRO,2026-02-04 13:15:00+05:30,25.280000686645508,25.020000457763672,25.280000686645508,24.700000762939453,1339
DBSTOCKBRO,2026-02-05 09:15:00+05:30,25.0,25.0,25.899999618530273,24.799999237060547,1012
DBSTOCKBRO,2026-02-05 13:15:00+05:30,25.0,24.959999084472656,25.299999237060547,24.649999618530273,2532
DBSTOCKBRO,2026-02-06 09:15:00+05:30,25.0,25.0,25.0,24.989999771118164,30
DBSTOCKBRO,2026-02-06 13:15:00+05:30,24.799999237060547,24.770000457763672,25.299999237060547,24.690000534057617,536
DBSTOCKBRO,2026-02-09 09:15:00+05:30,25.270000457763672,25.0,25.270000457763672,24.799999237060547,402
DBSTOCKBRO,2026-02-09 13:15:00+05:30,24.5,25.0,25.0,24.5,3559
DBSTOCKBRO,2026-02-10 09:15:00+05:30,25.0,24.979999542236328,25.0,24.649999618530273,1456
DBSTOCKBRO,2026-02-10 13:15:00+05:30,24.979999542236328,24.989999771118164,25.0,24.950000762939453,2453
DCAL,2026-02-02 09:15:00+05:30,214.77999877929688,208.8000030517578,214.77999877929688,207.0,40493
DCAL,2026-02-02 13:15:00+05:30,208.6699981689453,217.25,217.25,207.0,62323
DCAL,2026-02-03 09:15:00+05:30,231.00999450683594,228.42999267578125,233.25,219.0,105579
DCAL,2026-02-03 13:15:00+05:30,228.11000061035156,231.3000030517578,233.8000030517578,224.41000366210938,198661
DCAL,2026-02-04 09:15:00+05:30,208.0,209.57000732421875,212.5,203.9199981689453,356895
DCAL,2026-02-04 13:15:00+05:30,209.27999877929688,211.5,212.39999389648438,209.0,202226
DCAL,2026-02-05 09:15:00+05:30,211.97000122070312,209.77000427246094,216.60000610351562,208.1999969482422,47510
DCAL,2026-02-05 13:15:00+05:30,209.5,210.32000732421875,212.25,208.10000610351562,57088
DCAL,2026-02-06 09:15:00+05:30,208.1199951171875,201.0500030517578,208.1199951171875,200.1300048828125,125029
DCAL,2026-02-06 13:15:00+05:30,201.1699981689453,200.0,202.5,200.0,111343
DCAL,2026-02-09 09:15:00+05:30,204.38999938964844,214.94000244140625,216.3699951171875,202.0500030517578,160718
DCAL,2026-02-09 13:15:00+05:30,214.5,209.10000610351562,215.66000366210938,208.6999969482422,139441
DCAL,2026-02-10 09:15:00+05:30,209.8000030517578,210.14999389648438,215.7899932861328,209.8000030517578,40597
DCAL,2026-02-10 13:15:00+05:30,210.3300018310547,209.5,211.0,209.1199951171875,39714
DCBBANK,2026-02-02 09:15:00+05:30,181.0,183.1199951171875,186.9199981689453,181.0,1062878
DCBBANK,2026-02-02 13:15:00+05:30,183.22999572753906,187.80999755859375,189.4499969482422,181.85000610351562,1641163
DCBBANK,2026-02-03 09:15:00+05:30,197.99000549316406,189.92999267578125,197.99000549316406,188.0,736086
DCBBANK,2026-02-03 13:15:00+05:30,189.72000122070312,191.88999938964844,193.0,189.3300018310547,724714
DCBBANK,2026-02-04 09:15:00+05:30,191.5,193.5,194.38999938964844,191.5,293682
DCBBANK,2026-02-04 13:15:00+05:30,193.35000610351562,192.8000030517578,194.35000610351562,192.72999572753906,405953
DCBBANK,2026-02-05 09:15:00+05:30,193.5399932861328,193.33999633789062,196.5,191.74000549316406,240228
DCBBANK,2026-02-05 13:15:00+05:30,193.33999633789062,191.5800018310547,193.8300018310547,190.0,375727
DCBBANK,2026-02-06 09:15:00+05:30,191.0,192.3000030517578,193.35000610351562,188.47000122070312,329633
DCBBANK,2026-02-06 13:15:00+05:30,192.4600067138672,191.0,193.38999938964844,190.50999450683594,447054
DCBBANK,2026-02-09 09:15:00+05:30,195.0,193.47999572753906,195.6999969482422,190.10000610351562,923881
DCBBANK,2026-02-09 13:15:00+05:30,193.7100067138672,193.52999877929688,193.9199981689453,192.0,615697
DCBBANK,2026-02-10 09:15:00+05:30,193.1999969482422,195.5399932861328,196.22000122070312,191.5500030517578,1296730
DCBBANK,2026-02-10 13:15:00+05:30,195.3300018310547,198.5399932861328,200.6199951171875,195.10000610351562,2432913
DCI,2026-02-02 09:15:00+05:30,216.57000732421875,225.16000366210938,229.5,216.57000732421875,1121
DCI,2026-02-02 13:15:00+05:30,225.41000366210938,225.72999572753906,227.97000122070312,223.41000366210938,358
DCI,2026-02-03 09:15:00+05:30,247.0,238.39999389648438,247.0,220.10000610351562,10843
DCI,2026-02-03 13:15:00+05:30,238.22000122070312,235.5,240.99000549316406,235.0,2449
DCI,2026-02-04 09:15:00+05:30,236.74000549316406,237.5,241.00999450683594,232.64999389648438,2516
DCI,2026-02-04 13:15:00+05:30,235.22000122070312,236.6999969482422,239.97999572753906,235.0,1591
DCI,2026-02-05 09:15:00+05:30,248.89999389648438,236.57000732421875,248.89999389648438,235.0,4140
DCI,2026-02-05 13:15:00+05:30,237.13999938964844,236.4199981689453,241.99000549316406,235.0,3085
DCI,2026-02-06 09:15:00+05:30,238.89999389648438,237.64999389648438,238.89999389648438,236.0,427
DCI,2026-02-06 13:15:00+05:30,237.64999389648438,237.58999633789062,238.6999969482422,236.0,473
DCI,2026-02-09 09:15:00+05:30,232.57000732421875,238.50999450683594,246.88999938964844,232.57000732421875,1806
DCI,2026-02-09 13:15:00+05:30,235.97000122070312,229.49000549316406,237.4199981689453,229.49000549316406,5855
DCI,2026-02-10 09:15:00+05:30,244.44000244140625,236.44000244140625,244.44000244140625,230.25,4594
DCI,2026-02-10 13:15:00+05:30,236.38999938964844,236.8000030517578,236.8000030517578,234.3000030517578,1612
DCM,2026-02-02 09:15:00+05:30,84.5,85.5,86.98999786376953,84.5,2395
DCM,2026-02-02 13:15:00+05:30,85.0,84.62999725341797,85.44999694824219,84.0,3963
DCM,2026-02-03 09:15:00+05:30,87.0,87.5,91.0,85.30999755859375,13024
DCM,2026-02-03 13:15:00+05:30,87.5,87.0,87.87000274658203,86.94999694824219,2652
DCM,2026-02-04 09:15:00+05:30,88.98999786376953,87.80000305175781,88.98999786376953,86.12000274658203,1986
DCM,2026-02-04 13:15:00+05:30,87.80999755859375,88.7300033569336,88.73999786376953,87.80999755859375,1512
DCM,2026-02-05 09:15:00+05:30,88.5,88.13999938964844,88.98999786376953,87.0,242
DCM,2026-02-05 13:15:00+05:30,88.1500015258789,88.2300033569336,88.87999725341797,87.61000061035156,1219
DCM,2026-02-06 09:15:00+05:30,88.48999786376953,87.30000305175781,88.79000091552734,85.12000274658203,1016
DCM,2026-02-06 13:15:00+05:30,87.9000015258789,87.12000274658203,87.9000015258789,86.5999984741211,929
DCM,2026-02-09 09:15:00+05:30,89.0,87.61000061035156,89.0,86.51000213623047,361
DCM,2026-02-09 13:15:00+05:30,87.5,87.68000030517578,88.58999633789062,87.5,1071
DCM,2026-02-10 09:15:00+05:30,89.0,89.94000244140625,90.26000213623047,87.48999786376953,7176
DCM,2026-02-10 13:15:00+05:30,89.5,89.23999786376953,89.94000244140625,87.66000366210938,3488
DCMNVL,2026-02-02 09:15:00+05:30,132.0,132.0,135.0,130.02000427246094,1063
DCMNVL,2026-02-02 13:15:00+05:30,130.0500030517578,134.13999938964844,135.00999450683594,130.0500030517578,3394
DCMNVL,2026-02-03 09:15:00+05:30,141.0,138.5,141.0,137.39999389648438,12082
DCMNVL,2026-02-03 13:15:00+05:30,138.5,138.1999969482422,138.97999572753906,136.60000610351562,814
DCMNVL,2026-02-04 09:15:00+05:30,138.1999969482422,137.99000549316406,139.94000244140625,133.75,4995
DCMNVL,2026-02-04 13:15:00+05:30,136.50999450683594,137.11000061035156,138.4600067138672,136.50999450683594,2610
DCMNVL,2026-02-05 09:15:00+05:30,137.3000030517578,135.0,137.3000030517578,134.11000061035156,176
DCMNVL,2026-02-05 13:15:00+05:30,134.11000061035156,134.9600067138672,135.97999572753906,134.0,8117
DCMNVL,2026-02-06 09:15:00+05:30,144.0,143.00999450683594,149.0,134.52999877929688,18974
DCMNVL,2026-02-06 13:15:00+05:30,143.58999633789062,140.99000549316406,144.0,140.2100067138672,4251
DCMNVL,2026-02-09 09:15:00+05:30,136.99000549316406,137.17999267578125,139.38999938964844,136.0,1130
DCMNVL,2026-02-09 13:15:00+05:30,137.77999877929688,136.5500030517578,137.77999877929688,134.9199981689453,5992
DCMNVL,2026-02-10 09:15:00+05:30,140.00999450683594,138.0,144.7899932861328,136.0,4833
DCMNVL,2026-02-10 13:15:00+05:30,137.0,137.1300048828125,138.0,136.4199981689453,1126
DCMSHRIRAM,2026-02-02 09:15:00+05:30,1152.9000244140625,1137.0,1153.0,1130.800048828125,11272
DCMSHRIRAM,2026-02-02 13:15:00+05:30,1137.300048828125,1160.0,1170.0,1132.5,22830
DCMSHRIRAM,2026-02-03 09:15:00+05:30,1190.0,1172.0999755859375,1191.300048828125,1168.0999755859375,5420
DCMSHRIRAM,2026-02-03 13:15:00+05:30,1170.0999755859375,1170.0,1175.0,1160.0,9036
DCMSHRIRAM,2026-02-04 09:15:00+05:30,1167.199951171875,1163.0999755859375,1172.199951171875,1141.4000244140625,15151
DCMSHRIRAM,2026-02-04 13:15:00+05:30,1163.0999755859375,1164.800048828125,1170.0999755859375,1157.5999755859375,9245
DCMSHRIRAM,2026-02-05 09:15:00+05:30,1165.0,1161.699951171875,1167.4000244140625,1142.0,14448
DCMSHRIRAM,2026-02-05 13:15:00+05:30,1161.800048828125,1156.0,1161.800048828125,1155.0,9146
DCMSHRIRAM,2026-02-06 09:15:00+05:30,1160.0,1161.0999755859375,1162.5,1139.5999755859375,6122
DCMSHRIRAM,2026-02-06 13:15:00+05:30,1161.0999755859375,1158.800048828125,1164.800048828125,1152.0999755859375,8675
DCMSHRIRAM,2026-02-09 09:15:00+05:30,1175.0,1149.0999755859375,1175.0,1135.0,35040
DCMSHRIRAM,2026-02-09 13:15:00+05:30,1149.0999755859375,1157.0,1160.0,1146.800048828125,20729
DCMSHRIRAM,2026-02-10 09:15:00+05:30,1161.0,1176.0999755859375,1180.0,1156.5,8424
DCMSHRIRAM,2026-02-10 13:15:00+05:30,1174.5999755859375,1148.300048828125,1176.800048828125,1148.300048828125,21833
DCMSRIND,2026-02-02 09:15:00+05:30,41.0,38.52000045776367,41.439998626708984,38.27000045776367,59204
DCMSRIND,2026-02-02 13:15:00+05:30,38.5099983215332,39.65999984741211,40.0,38.25,20694
DCMSRIND,2026-02-03 09:15:00+05:30,41.95000076293945,39.810001373291016,42.0099983215332,39.5,65277
DCMSRIND,2026-02-03 13:15:00+05:30,39.79999923706055,39.45000076293945,40.0,38.27000045776367,20848
DCMSRIND,2026-02-04 09:15:00+05:30,39.900001525878906,39.16999816894531,40.869998931884766,39.0099983215332,41205
DCMSRIND,2026-02-04 13:15:00+05:30,39.25,39.619998931884766,39.84000015258789,39.099998474121094,29843
DCMSRIND,2026-02-05 09:15:00+05:30,39.5,38.88999938964844,40.0,38.66999816894531,10918
DCMSRIND,2026-02-05 13:15:00+05:30,38.97999954223633,38.849998474121094,39.45000076293945,38.5,28900
DCMSRIND,2026-02-06 09:15:00+05:30,38.939998626708984,38.86000061035156,39.13999938964844,38.06999969482422,11448
DCMSRIND,2026-02-06 13:15:00+05:30,39.06999969482422,39.810001373291016,40.0,38.16999816894531,42263
DCMSRIND,2026-02-09 09:15:00+05:30,40.0,39.95000076293945,40.41999816894531,39.290000915527344,152650
DCMSRIND,2026-02-09 13:15:00+05:30,40.029998779296875,40.310001373291016,40.900001525878906,40.0,72171
DCMSRIND,2026-02-10 09:15:00+05:30,40.9900016784668,39.5099983215332,40.9900016784668,39.400001525878906,69254
DCMSRIND,2026-02-10 13:15:00+05:30,39.56999969482422,39.150001525878906,39.599998474121094,39.150001525878906,28332
DCW,2026-02-02 09:15:00+05:30,45.0,43.310001373291016,45.29999923706055,42.779998779296875,231232
DCW,2026-02-02 13:15:00+05:30,43.34000015258789,44.439998626708984,44.79999923706055,42.90999984741211,363585
DCW,2026-02-03 09:15:00+05:30,46.25,45.900001525878906,46.4900016784668,44.29999923706055,313500
DCW,2026-02-03 13:15:00+05:30,46.0099983215332,45.959999084472656,46.29999923706055,45.7599983215332,245664
DCW,2026-02-04 09:15:00+05:30,46.029998779296875,47.91999816894531,48.20000076293945,45.84000015258789,409077
DCW,2026-02-04 13:15:00+05:30,47.900001525878906,49.349998474121094,50.18000030517578,47.849998474121094,870586
DCW,2026-02-05 09:15:00+05:30,49.79999923706055,48.119998931884766,49.79999923706055,47.75,258759
DCW,2026-02-05 13:15:00+05:30,48.08000183105469,48.5,48.79999923706055,47.900001525878906,291466
DCW,2026-02-06 09:15:00+05:30,48.0,47.790000915527344,48.099998474121094,46.869998931884766,259100
DCW,2026-02-06 13:15:00+05:30,47.790000915527344,48.150001525878906,49.20000076293945,47.790000915527344,282826
DCW,2026-02-09 09:15:00+05:30,49.290000915527344,52.4900016784668,52.95000076293945,48.79999923706055,1011780
DCW,2026-02-09 13:15:00+05:30,52.459999084472656,52.11000061035156,52.900001525878906,51.9900016784668,612664
DCW,2026-02-10 09:15:00+05:30,53.0,53.59000015258789,54.18000030517578,52.650001525878906,678153
DCW,2026-02-10 13:15:00+05:30,53.59000015258789,54.0,55.29999923706055,52.869998931884766,1259947
DCXINDIA,2026-02-02 09:15:00+05:30,170.89999389648438,163.25999450683594,171.8300018310547,162.47999572753906,246688
DCXINDIA,2026-02-02 13:15:00+05:30,163.25999450683594,168.99000549316406,169.41000366210938,162.25999450683594,248571
DCXINDIA,2026-02-03 09:15:00+05:30,177.0,174.02999877929688,178.0,167.8000030517578,449177
DCXINDIA,2026-02-03 13:15:00+05:30,174.0500030517578,173.25,174.47999572753906,171.5,181644
DCXINDIA,2026-02-04 09:15:00+05:30,170.0,173.44000244140625,174.25999450683594,169.94000244140625,93518
DCXINDIA,2026-02-04 13:15:00+05:30,173.39999389648438,173.02000427246094,173.49000549316406,170.8800048828125,371477
DCXINDIA,2026-02-05 09:15:00+05:30,171.83999633789062,168.39999389648438,172.0,167.1999969482422,83282
DCXINDIA,2026-02-05 13:15:00+05:30,168.3800048828125,168.35000610351562,168.75,167.38999938964844,76981
DCXINDIA,2026-02-06 09:15:00+05:30,167.0,164.2100067138672,167.1999969482422,163.6199951171875,113076
DCXINDIA,2026-02-06 13:15:00+05:30,164.17999267578125,166.5,166.5,164.16000366210938,106228
DCXINDIA,2026-02-09 09:15:00+05:30,166.5,172.5,173.97999572753906,166.5,244056
DCXINDIA,2026-02-09 13:15:00+05:30,172.80999755859375,172.89999389648438,173.9499969482422,172.42999267578125,205800
DCXINDIA,2026-02-10 09:15:00+05:30,173.0,174.0399932861328,176.49000549316406,172.10000610351562,165743
DCXINDIA,2026-02-10 13:15:00+05:30,174.0,170.60000610351562,174.1300048828125,170.60000610351562,212124
DECCANCE,2026-02-02 09:15:00+05:30,623.0,607.4000244140625,633.7999877929688,600.0999755859375,10611
DECCANCE,2026-02-02 13:15:00+05:30,607.1500244140625,625.0,629.9000244140625,604.3499755859375,4651
DECCANCE,2026-02-03 09:15:00+05:30,646.9000244140625,637.0,646.9000244140625,622.75,1077
DECCANCE,2026-02-03 13:15:00+05:30,635.4000244140625,646.6500244140625,660.0,628.5499877929688,10007
DECCANCE,2026-02-04 09:15:00+05:30,646.6500244140625,674.0499877929688,676.9000244140625,646.6500244140625,8115
DECCANCE,2026-02-04 13:15:00+05:30,675.3499755859375,672.3499755859375,682.9000244140625,660.7000122070312,4997
DECCANCE,2026-02-05 09:15:00+05:30,670.6500244140625,667.5499877929688,676.0,664.0499877929688,2594
DECCANCE,2026-02-05 13:15:00+05:30,672.0,674.2000122070312,685.0,666.0,2809
DECCANCE,2026-02-06 09:15:00+05:30,671.25,673.4000244140625,674.9500122070312,662.0,892
DECCANCE,2026-02-06 13:15:00+05:30,664.1500244140625,666.4500122070312,676.6500244140625,660.3499755859375,3675
DECCANCE,2026-02-09 09:15:00+05:30,679.0499877929688,735.0499877929688,743.0,677.8499755859375,51413
DECCANCE,2026-02-09 13:15:00+05:30,742.0,726.7000122070312,756.0,715.5,41523
DECCANCE,2026-02-10 09:15:00+05:30,739.0,719.7999877929688,750.0,714.0999755859375,4725
DECCANCE,2026-02-10 13:15:00+05:30,719.8499755859375,715.0,719.9000244140625,705.7000122070312,9091
DEEPAKFERT,2026-02-02 09:15:00+05:30,995.0,969.9000244140625,999.9000244140625,960.0999755859375,111071
DEEPAKFERT,2026-02-02 13:15:00+05:30,969.4000244140625,973.0999755859375,973.0999755859375,963.5999755859375,354934
DEEPAKFERT,2026-02-03 09:15:00+05:30,1020.5,1020.0,1041.0,993.2999877929688,295423
DEEPAKFERT,2026-02-03 13:15:00+05:30,1020.0,1019.0,1024.0,1014.0,173815
DEEPAKFERT,2026-02-04 09:15:00+05:30,1005.0999755859375,1037.800048828125,1041.800048828125,1005.0999755859375,153609
DEEPAKFERT,2026-02-04 13:15:00+05:30,1038.0,1045.0999755859375,1048.0,1036.0999755859375,139359
DEEPAKFERT,2026-02-05 09:15:00+05:30,1049.4000244140625,1024.199951171875,1054.4000244140625,1012.7999877929688,101250
DEEPAKFERT,2026-02-05 13:15:00+05:30,1023.5999755859375,1018.7000122070312,1025.800048828125,1015.2999877929688,72388
DEEPAKFERT,2026-02-06 09:15:00+05:30,1007.2000122070312,996.0,1007.2000122070312,982.2000122070312,84137
DEEPAKFERT,2026-02-06 13:15:00+05:30,996.9000244140625,995.0,998.7999877929688,995.0,68304
DEEPAKFERT,2026-02-09 09:15:00+05:30,993.0,1073.4000244140625,1077.5999755859375,993.0,432456
DEEPAKFERT,2026-02-09 13:15:00+05:30,1074.300048828125,1081.199951171875,1083.800048828125,1070.0,404233
DEEPAKFERT,2026-02-10 09:15:00+05:30,1086.0,1069.4000244140625,1092.699951171875,1065.0,88739
DEEPAKFERT,2026-02-10 13:15:00+05:30,1069.4000244140625,1069.0999755859375,1075.0,1065.9000244140625,66647
DEEPAKNTR,2026-02-02 09:15:00+05:30,1591.0,1604.800048828125,1617.5,1564.300048828125,31712
DEEPAKNTR,2026-02-02 13:15:00+05:30,1604.0,1621.5,1624.5999755859375,1599.199951171875,31435
DEEPAKNTR,2026-02-03 09:15:00+05:30,1699.800048828125,1660.0,1699.800048828125,1644.0,24222
DEEPAKNTR,2026-02-03 13:15:00+05:30,1660.0,1653.5,1664.0,1647.0,36935
DEEPAKNTR,2026-02-04 09:15:00+05:30,1654.4000244140625,1626.5,1654.699951171875,1609.0999755859375,50218
DEEPAKNTR,2026-02-04 13:15:00+05:30,1625.699951171875,1629.4000244140625,1635.800048828125,1622.0999755859375,53944
DEEPAKNTR,2026-02-05 09:15:00+05:30,1620.0,1619.300048828125,1634.5999755859375,1602.0,20639
DEEPAKNTR,2026-02-05 13:15:00+05:30,1619.300048828125,1609.0,1628.0,1602.0,24579
DEEPAKNTR,2026-02-06 09:15:00+05:30,1600.0,1629.4000244140625,1631.9000244140625,1586.0999755859375,22204
DEEPAKNTR,2026-02-06 13:15:00+05:30,1629.0,1617.300048828125,1631.5999755859375,1608.800048828125,27997
DEEPAKNTR,2026-02-09 09:15:00+05:30,1620.0,1656.199951171875,1663.0999755859375,1618.0,56951
DEEPAKNTR,2026-02-09 13:15:00+05:30,1656.5999755859375,1678.0,1686.0,1656.5999755859375,97137
DEEPAKNTR,2026-02-10 09:15:00+05:30,1687.300048828125,1700.0999755859375,1738.0,1685.0,35079
DEEPAKNTR,2026-02-10 13:15:00+05:30,1700.0,1709.699951171875,1714.9000244140625,1697.5999755859375,51737
DEEPINDS,2026-02-02 09:15:00+05:30,365.6000061035156,358.0,365.6000061035156,347.3500061035156,47677
DEEPINDS,2026-02-02 13:15:00+05:30,358.04998779296875,362.1499938964844,367.0,351.29998779296875,25038
DEEPINDS,2026-02-03 09:15:00+05:30,380.0,382.5,393.04998779296875,374.0,91176
DEEPINDS,2026-02-03 13:15:00+05:30,382.5,386.1499938964844,389.0,381.75,44640
DEEPINDS,2026-02-04 09:15:00+05:30,394.70001220703125,417.79998779296875,421.0,390.04998779296875,175899
DEEPINDS,2026-02-04 13:15:00+05:30,417.75,420.0,424.1000061035156,410.0,131829
DEEPINDS,2026-02-05 09:15:00+05:30,421.95001220703125,415.0,421.95001220703125,410.95001220703125,25863
DEEPINDS,2026-02-05 13:15:00+05:30,415.1000061035156,414.0,432.8999938964844,397.75,435375
DEEPINDS,2026-02-06 09:15:00+05:30,412.1499938964844,402.8500061035156,412.5,395.0,50253
DEEPINDS,2026-02-06 13:15:00+05:30,403.45001220703125,400.25,409.04998779296875,400.25,45700
DEEPINDS,2026-02-09 09:15:00+05:30,407.0,403.25,412.3500061035156,397.1000061035156,95729
DEEPINDS,2026-02-09 13:15:00+05:30,403.75,407.0,412.3500061035156,403.54998779296875,104034
DEEPINDS,2026-02-10 09:15:00+05:30,409.6000061035156,405.5,414.45001220703125,404.0,48515
DEEPINDS,2026-02-10 13:15:00+05:30,406.3999938964844,398.29998779296875,406.3999938964844,397.3500061035156,88923
DELHIVERY,2026-02-02 09:15:00+05:30,442.70001220703125,437.79998779296875,450.0,433.5,1941880
DELHIVERY,2026-02-02 13:15:00+05:30,437.79998779296875,439.8999938964844,443.20001220703125,435.1499938964844,1932691
DELHIVERY,2026-02-03 09:15:00+05:30,450.29998779296875,444.1000061035156,458.70001220703125,441.75,1665306
DELHIVERY,2026-02-03 13:15:00+05:30,444.1000061035156,445.0,445.5,440.3999938964844,1551085
DELHIVERY,2026-02-04 09:15:00+05:30,443.70001220703125,444.95001220703125,449.8500061035156,442.04998779296875,866719
DELHIVERY,2026-02-04 13:15:00+05:30,444.95001220703125,448.0,449.1499938964844,442.5,942718
DELHIVERY,2026-02-05 09:15:00+05:30,446.79998779296875,443.95001220703125,447.25,437.6499938964844,451847
DELHIVERY,2026-02-05 13:15:00+05:30,443.95001220703125,443.5,445.5,441.45001220703125,550370
DELHIVERY,2026-02-06 09:15:00+05:30,441.95001220703125,434.04998779296875,444.6499938964844,430.54998779296875,575064
DELHIVERY,2026-02-06 13:15:00+05:30,434.04998779296875,435.0,439.45001220703125,433.25,651612
DELHIVERY,2026-02-09 09:15:00+05:30,436.20001220703125,431.95001220703125,438.54998779296875,431.70001220703125,1230671
DELHIVERY,2026-02-09 13:15:00+05:30,431.95001220703125,433.75,434.75,431.95001220703125,579579
DELHIVERY,2026-02-10 09:15:00+05:30,432.70001220703125,435.3500061035156,443.45001220703125,428.25,3183062
DELHIVERY,2026-02-10 13:15:00+05:30,435.3500061035156,434.04998779296875,436.79998779296875,431.20001220703125,1546284
DELPHIFX,2026-02-02 09:15:00+05:30,224.99000549316406,214.9600067138672,230.44000244140625,213.00999450683594,137528
DELPHIFX,2026-02-02 13:15:00+05:30,214.75,215.02000427246094,220.0,210.5,28980
DELPHIFX,2026-02-03 09:15:00+05:30,228.97000122070312,225.91000366210938,228.97000122070312,222.00999450683594,13118
DELPHIFX,2026-02-03 13:15:00+05:30,225.92999267578125,228.9199981689453,229.9499969482422,223.64999389648438,86264
DELPHIFX,2026-02-04 09:15:00+05:30,232.89999389648438,233.61000061035156,236.0,230.86000061035156,215871
DELPHIFX,2026-02-04 13:15:00+05:30,233.61000061035156,229.0,233.6699981689453,228.0,71913
DELPHIFX,2026-02-05 09:15:00+05:30,233.97999572753906,228.6999969482422,233.97999572753906,223.5,10114
DELPHIFX,2026-02-05 13:15:00+05:30,228.57000732421875,227.05999755859375,230.0,225.27000427246094,107050
DELPHIFX,2026-02-06 09:15:00+05:30,229.5800018310547,225.55999755859375,229.5800018310547,223.6199951171875,90060
DELPHIFX,2026-02-06 13:15:00+05:30,225.36000061035156,225.85000610351562,226.5,223.6199951171875,33387
DELPHIFX,2026-02-09 09:15:00+05:30,234.66000366210938,224.5,234.66000366210938,222.86000061035156,155897
DELPHIFX,2026-02-09 13:15:00+05:30,224.0,224.1699981689453,225.5500030517578,223.50999450683594,101401
DELPHIFX,2026-02-10 09:15:00+05:30,226.0,227.5,228.3300018310547,224.0,56653
DELPHIFX,2026-02-10 13:15:00+05:30,227.25999450683594,230.05999755859375,231.88999938964844,227.25999450683594,71026
DELTACORP,2026-02-02 09:15:00+05:30,64.5,62.380001068115234,64.5,62.08000183105469,362064
DELTACORP,2026-02-02 13:15:00+05:30,62.380001068115234,63.099998474121094,63.29999923706055,62.099998474121094,236664
DELTACORP,2026-02-03 09:15:00+05:30,64.54000091552734,63.63999938964844,64.83999633789062,63.220001220703125,319676
DELTACORP,2026-02-03 13:15:00+05:30,63.63999938964844,63.45000076293945,64.22000122070312,63.45000076293945,264034
DELTACORP,2026-02-04 09:15:00+05:30,63.77000045776367,65.0999984741211,65.18000030517578,63.47999954223633,288635
DELTACORP,2026-02-04 13:15:00+05:30,65.04000091552734,65.01000213623047,65.5999984741211,65.01000213623047,323632
DELTACORP,2026-02-05 09:15:00+05:30,65.0999984741211,64.55000305175781,65.75,64.45999908447266,114923
DELTACORP,2026-02-05 13:15:00+05:30,64.55000305175781,65.0999984741211,65.19999694824219,64.43000030517578,200796
DELTACORP,2026-02-06 09:15:00+05:30,65.0,64.44000244140625,65.0,63.83000183105469,243700
DELTACORP,2026-02-06 13:15:00+05:30,64.44000244140625,65.87999725341797,65.9800033569336,64.33000183105469,359674
DELTACORP,2026-02-09 09:15:00+05:30,65.87999725341797,67.41999816894531,67.56999969482422,65.56999969482422,548883
DELTACORP,2026-02-09 13:15:00+05:30,67.5,68.23999786376953,68.38999938964844,67.5,877735
DELTACORP,2026-02-10 09:15:00+05:30,67.88999938964844,70.31999969482422,71.5,67.69999694824219,955532
DELTACORP,2026-02-10 13:15:00+05:30,70.27999877929688,70.3499984741211,70.58000183105469,69.91000366210938,532014
DELTAMAGNT,2026-02-02 09:15:00+05:30,66.0,63.97999954223633,66.0,63.0099983215332,820
DELTAMAGNT,2026-02-02 13:15:00+05:30,63.900001525878906,63.810001373291016,65.48999786376953,63.02000045776367,734
DELTAMAGNT,2026-02-03 09:15:00+05:30,66.80000305175781,64.80000305175781,66.80000305175781,62.400001525878906,8354
DELTAMAGNT,2026-02-03 13:15:00+05:30,64.80000305175781,64.66000366210938,64.80000305175781,63.38999938964844,388
DELTAMAGNT,2026-02-04 09:15:00+05:30,63.5,64.1500015258789,67.7699966430664,63.5,1265
DELTAMAGNT,2026-02-04 13:15:00+05:30,64.16000366210938,64.30999755859375,65.94999694824219,63.650001525878906,704
DELTAMAGNT,2026-02-05 09:15:00+05:30,67.0,63.79999923706055,67.5,63.650001525878906,3965
DELTAMAGNT,2026-02-05 13:15:00+05:30,65.0,63.91999816894531,65.0,63.650001525878906,1741
DELTAMAGNT,2026-02-06 09:15:00+05:30,65.44999694824219,64.9000015258789,65.44999694824219,63.15999984741211,1546
DELTAMAGNT,2026-02-06 13:15:00+05:30,64.88999938964844,65.0999984741211,65.3499984741211,64.01000213623047,639
DELTAMAGNT,2026-02-09 09:15:00+05:30,64.69999694824219,64.19999694824219,65.93000030517578,63.0,1236
DELTAMAGNT,2026-02-09 13:15:00+05:30,64.0,63.5099983215332,64.70999908447266,63.25,1052
DELTAMAGNT,2026-02-10 09:15:00+05:30,65.25,64.0,65.25,64.0,1306
DELTAMAGNT,2026-02-10 13:15:00+05:30,64.0999984741211,64.0,64.5999984741211,64.0,839
DEN,2026-02-02 09:15:00+05:30,27.899999618530273,27.350000381469727,27.940000534057617,26.950000762939453,187811
DEN,2026-02-02 13:15:00+05:30,27.31999969482422,28.290000915527344,28.309999465942383,27.15999984741211,192958
DEN,2026-02-03 09:15:00+05:30,29.299999237060547,28.770000457763672,29.399999618530273,28.299999237060547,234362
DEN,2026-02-03 13:15:00+05:30,28.799999237060547,28.780000686645508,29.09000015258789,28.280000686645508,258340
DEN,2026-02-04 09:15:00+05:30,29.049999237060547,28.979999542236328,29.25,28.329999923706055,158050
DEN,2026-02-04 13:15:00+05:30,28.93000030517578,29.040000915527344,29.06999969482422,28.850000381469727,182376
DEN,2026-02-05 09:15:00+05:30,29.100000381469727,29.360000610351562,31.049999237060547,29.020000457763672,109758
DEN,2026-02-05 13:15:00+05:30,29.3700008392334,29.530000686645508,29.600000381469727,29.299999237060547,105436
DEN,2026-02-06 09:15:00+05:30,29.420000076293945,28.959999084472656,29.420000076293945,28.899999618530273,59588
DEN,2026-02-06 13:15:00+05:30,29.040000915527344,28.950000762939453,29.219999313354492,28.940000534057617,95089
DEN,2026-02-09 09:15:00+05:30,29.110000610351562,29.600000381469727,29.790000915527344,29.100000381469727,144048
DEN,2026-02-09 13:15:00+05:30,29.559999465942383,29.399999618530273,29.690000534057617,29.270000457763672,189481
DEN,2026-02-10 09:15:00+05:30,29.479999542236328,29.729999542236328,29.989999771118164,29.479999542236328,100305
DEN,2026-02-10 13:15:00+05:30,29.770000457763672,29.709999084472656,29.81999969482422,29.6200008392334,60767
DENORA,2026-02-02 09:15:00+05:30,590.0,574.8499755859375,590.0,573.1500244140625,498
DENORA,2026-02-02 13:15:00+05:30,577.8499755859375,584.7999877929688,588.0499877929688,576.5999755859375,718
DENORA,2026-02-03 09:15:00+05:30,589.4000244140625,611.0,613.9000244140625,581.0999755859375,2159
DENORA,2026-02-03 13:15:00+05:30,611.0999755859375,664.3499755859375,699.0,603.0,4870
DENORA,2026-02-04 09:15:00+05:30,618.5999755859375,627.4000244140625,642.9500122070312,605.9500122070312,6870
DENORA,2026-02-04 13:15:00+05:30,629.5499877929688,624.5499877929688,629.5499877929688,620.0999755859375,1895
DENORA,2026-02-05 09:15:00+05:30,630.0,601.0,630.0,599.0,1561
DENORA,2026-02-05 13:15:00+05:30,600.9000244140625,599.3499755859375,607.3499755859375,595.0,728
DENORA,2026-02-06 09:15:00+05:30,608.3499755859375,597.8499755859375,613.0,597.0,269
DENORA,2026-02-06 13:15:00+05:30,597.0499877929688,587.8499755859375,600.25,581.2000122070312,3938
DENORA,2026-02-09 09:15:00+05:30,587.4500122070312,612.0,616.6500244140625,584.0,4056
DENORA,2026-02-09 13:15:00+05:30,613.0,593.5,614.0,593.5,3162
DENORA,2026-02-10 09:15:00+05:30,606.3499755859375,659.9000244140625,678.7000122070312,597.0,14519
DENORA,2026-02-10 13:15:00+05:30,660.0,657.9500122070312,667.7000122070312,651.1500244140625,3957
DEVIT,2026-02-02 09:15:00+05:30,30.889999389648438,30.43000030517578,31.6200008392334,30.190000534057617,9548
DEVIT,2026-02-02 13:15:00+05:30,30.360000610351562,30.270000457763672,30.899999618530273,30.18000030517578,11761
DEVIT,2026-02-03 09:15:00+05:30,30.600000381469727,31.5,33.29999923706055,30.600000381469727,195902
DEVIT,2026-02-03 13:15:00+05:30,31.479999542236328,31.18000030517578,31.549999237060547,30.5,44123
DEVIT,2026-02-04 09:15:00+05:30,31.200000762939453,31.299999237060547,31.799999237060547,31.020000457763672,6382
DEVIT,2026-02-04 13:15:00+05:30,31.299999237060547,31.459999084472656,31.780000686645508,31.200000762939453,14199
DEVIT,2026-02-05 09:15:00+05:30,31.010000228881836,30.959999084472656,31.989999771118164,30.610000610351562,9655
DEVIT,2026-02-05 13:15:00+05:30,30.8799991607666,31.0,31.15999984741211,30.799999237060547,9729
DEVIT,2026-02-06 09:15:00+05:30,31.479999542236328,31.040000915527344,31.479999542236328,30.709999084472656,7794
DEVIT,2026-02-06 13:15:00+05:30,31.0,30.520000457763672,32.0,30.510000228881836,71403
DEVIT,2026-02-09 09:15:00+05:30,31.149999618530273,31.479999542236328,31.889999389648438,31.010000228881836,22229
DEVIT,2026-02-09 13:15:00+05:30,31.420000076293945,34.04999923706055,36.0,31.190000534057617,218562
DEVIT,2026-02-10 09:15:00+05:30,31.700000762939453,32.709999084472656,33.5099983215332,31.700000762939453,43245
DEVIT,2026-02-10 13:15:00+05:30,32.709999084472656,32.70000076293945,33.040000915527344,32.130001068115234,40676
DEVYANI,2026-02-02 09:15:00+05:30,116.62999725341797,114.0999984741211,116.97000122070312,113.5,451853
DEVYANI,2026-02-02 13:15:00+05:30,114.13999938964844,116.69999694824219,116.80000305175781,113.51000213623047,275888
DEVYANI,2026-02-03 09:15:00+05:30,119.98999786376953,116.66999816894531,119.98999786376953,116.1500015258789,490325
DEVYANI,2026-02-03 13:15:00+05:30,116.77999877929688,116.30000305175781,116.9800033569336,115.5999984741211,622786
DEVYANI,2026-02-04 09:15:00+05:30,116.30000305175781,126.30000305175781,127.62000274658203,116.0,8652516
DEVYANI,2026-02-04 13:15:00+05:30,126.30000305175781,123.0,128.57000732421875,121.11000061035156,17908429
DEVYANI,2026-02-05 09:15:00+05:30,126.5,132.1199951171875,135.25,126.33999633789062,44784429
DEVYANI,2026-02-05 13:15:00+05:30,132.07000732421875,132.6999969482422,133.33999633789062,131.25,15932207
DEVYANI,2026-02-06 09:15:00+05:30,132.6999969482422,129.92999267578125,132.6999969482422,126.23999786376953,4152143
DEVYANI,2026-02-06 13:15:00+05:30,130.00999450683594,130.0,130.97000122070312,129.74000549316406,2070728
DEVYANI,2026-02-09 09:15:00+05:30,131.30999755859375,132.14999389648438,133.3000030517578,129.44000244140625,1248049
DEVYANI,2026-02-09 13:15:00+05:30,132.14999389648438,131.9600067138672,132.35000610351562,131.72000122070312,797181
DEVYANI,2026-02-10 09:15:00+05:30,132.3300018310547,136.1999969482422,136.50999450683594,130.64999389648438,2860368
DEVYANI,2026-02-10 13:15:00+05:30,136.16000366210938,136.5,137.0,135.77999877929688,1781785
DGCONTENT,2026-02-02 09:15:00+05:30,25.8799991607666,25.030000686645508,27.329999923706055,25.010000228881836,20368
DGCONTENT,2026-02-02 13:15:00+05:30,26.0,25.829999923706055,26.489999771118164,25.059999465942383,7351
DGCONTENT,2026-02-03 09:15:00+05:30,27.700000762939453,25.850000381469727,27.700000762939453,25.139999389648438,1918
DGCONTENT,2026-02-03 13:15:00+05:30,25.850000381469727,25.530000686645508,26.450000762939453,25.350000381469727,4010
DGCONTENT,2026-02-04 09:15:00+05:30,24.6200008392334,24.950000762939453,25.690000534057617,24.010000228881836,29092
DGCONTENT,2026-02-04 13:15:00+05:30,25.350000381469727,24.670000076293945,25.350000381469727,24.0,27554
DGCONTENT,2026-02-05 09:15:00+05:30,25.0,24.610000610351562,25.43000030517578,24.600000381469727,640
DGCONTENT,2026-02-05 13:15:00+05:30,24.6200008392334,24.770000457763672,24.920000076293945,24.600000381469727,6232
DGCONTENT,2026-02-06 09:15:00+05:30,25.0,24.469999313354492,26.0,24.0,18060
DGCONTENT,2026-02-06 13:15:00+05:30,24.209999084472656,24.43000030517578,25.780000686645508,24.209999084472656,3309
DGCONTENT,2026-02-09 09:15:00+05:30,24.110000610351562,25.0,25.0,23.520000457763672,6063
DGCONTENT,2026-02-09 13:15:00+05:30,25.0,26.450000762939453,27.0,25.0,32371
DGCONTENT,2026-02-10 09:15:00+05:30,26.979999542236328,27.649999618530273,29.0,26.56999969482422,23651
DGCONTENT,2026-02-10 13:15:00+05:30,27.989999771118164,28.200000762939453,28.219999313354492,27.5,9152
DHAMPURSUG,2026-02-02 09:15:00+05:30,115.0,114.19000244140625,116.22000122070312,113.5999984741211,40746
DHAMPURSUG,2026-02-02 13:15:00+05:30,114.18000030517578,115.52999877929688,116.9000015258789,114.0,102227
DHAMPURSUG,2026-02-03 09:15:00+05:30,124.80000305175781,117.30999755859375,124.80000305175781,116.5999984741211,57370
DHAMPURSUG,2026-02-03 13:15:00+05:30,117.6500015258789,116.9000015258789,117.88999938964844,116.11000061035156,103346
DHAMPURSUG,2026-02-04 09:15:00+05:30,116.6500015258789,122.0,122.4000015258789,115.69000244140625,149435
DHAMPURSUG,2026-02-04 13:15:00+05:30,122.0,122.70999908447266,123.0,121.88999938964844,104693
DHAMPURSUG,2026-02-05 09:15:00+05:30,122.79000091552734,120.51000213623047,124.48999786376953,119.45999908447266,67132
DHAMPURSUG,2026-02-05 13:15:00+05:30,120.5,120.0199966430664,120.97000122070312,119.62999725341797,37015
DHAMPURSUG,2026-02-06 09:15:00+05:30,120.3499984741211,118.0,120.3499984741211,117.5,29967
DHAMPURSUG,2026-02-06 13:15:00+05:30,118.11000061035156,117.5999984741211,118.29000091552734,117.5999984741211,67799
DHAMPURSUG,2026-02-09 09:15:00+05:30,118.23999786376953,121.4800033569336,122.30000305175781,117.19999694824219,110778
DHAMPURSUG,2026-02-09 13:15:00+05:30,121.30000305175781,120.5,121.30000305175781,120.20999908447266,63127
DHAMPURSUG,2026-02-10 09:15:00+05:30,121.0,122.37000274658203,122.80000305175781,121.0,46013
DHAMPURSUG,2026-02-10 13:15:00+05:30,122.63999938964844,122.54000091552734,123.25,121.5,90355
DHANBANK,2026-02-02 09:15:00+05:30,24.06999969482422,23.530000686645508,24.06999969482422,23.40999984741211,237068
DHANBANK,2026-02-02 13:15:00+05:30,23.530000686645508,23.719999313354492,23.809999465942383,23.489999771118164,166784
DHANBANK,2026-02-03 09:15:00+05:30,24.260000228881836,24.09000015258789,24.559999465942383,23.969999313354492,170904
DHANBANK,2026-02-03 13:15:00+05:30,24.100000381469727,24.030000686645508,24.1299991607666,24.0,112006
DHANBANK,2026-02-04 09:15:00+05:30,24.030000686645508,24.100000381469727,24.229999542236328,23.920000076293945,188166
DHANBANK,2026-02-04 13:15:00+05:30,24.100000381469727,24.1200008392334,24.25,24.049999237060547,157454
DHANBANK,2026-02-05 09:15:00+05:30,24.15999984741211,24.059999465942383,24.280000686645508,23.90999984741211,69687
DHANBANK,2026-02-05 13:15:00+05:30,24.059999465942383,24.1299991607666,24.15999984741211,24.020000457763672,94430
DHANBANK,2026-02-06 09:15:00+05:30,24.1299991607666,24.020000457763672,24.149999618530273,23.90999984741211,116116
DHANBANK,2026-02-06 13:15:00+05:30,24.0,24.059999465942383,24.1200008392334,23.959999084472656,113206
DHANBANK,2026-02-09 09:15:00+05:30,24.149999618530273,24.190000534057617,24.299999237060547,24.100000381469727,174285
DHANBANK,2026-02-09 13:15:00+05:30,24.190000534057617,24.200000762939453,24.239999771118164,24.170000076293945,134748
DHANBANK,2026-02-10 09:15:00+05:30,24.200000762939453,24.309999465942383,24.43000030517578,24.200000762939453,103116
DHANBANK,2026-02-10 13:15:00+05:30,24.299999237060547,24.270000457763672,24.309999465942383,24.229999542236328,110764
DHANUKA,2026-02-02 09:15:00+05:30,1089.5999755859375,1078.5,1092.9000244140625,1064.9000244140625,5843
DHANUKA,2026-02-02 13:15:00+05:30,1077.699951171875,1105.5999755859375,1105.5999755859375,1065.800048828125,3002
DHANUKA,2026-02-03 09:15:00+05:30,1111.0,1120.5999755859375,1138.800048828125,1107.800048828125,14403
DHANUKA,2026-02-03 13:15:00+05:30,1120.800048828125,1121.199951171875,1133.800048828125,1109.0,9389
DHANUKA,2026-02-04 09:15:00+05:30,1111.0,1114.5999755859375,1121.5999755859375,1105.5999755859375,8980
DHANUKA,2026-02-04 13:15:00+05:30,1117.5,1115.5999755859375,1126.0,1112.0999755859375,8489
DHANUKA,2026-02-05 09:15:00+05:30,1117.699951171875,1090.0,1117.699951171875,1080.0999755859375,7492
DHANUKA,2026-02-05 13:15:00+05:30,1089.199951171875,1068.4000244140625,1090.0,1049.0999755859375,64125
DHANUKA,2026-02-06 09:15:00+05:30,1058.800048828125,1041.5,1058.800048828125,1032.4000244140625,6113
DHANUKA,2026-02-06 13:15:00+05:30,1041.0,1051.0,1060.0,1041.0,8478
DHANUKA,2026-02-09 09:15:00+05:30,1065.300048828125,1121.0,1125.0,1061.800048828125,22325
DHANUKA,2026-02-09 13:15:00+05:30,1120.800048828125,1136.300048828125,1146.300048828125,1119.699951171875,26899
DHANUKA,2026-02-10 09:15:00+05:30,1143.0,1130.0,1149.5999755859375,1122.4000244140625,5663
DHANUKA,2026-02-10 13:15:00+05:30,1130.0,1132.0,1145.0,1126.0,7569
DHARMAJ,2026-02-02 09:15:00+05:30,236.0,234.25999450683594,238.36000061035156,232.75,14432
DHARMAJ,2026-02-02 13:15:00+05:30,233.11000061035156,235.0,239.92999267578125,232.0500030517578,20240
DHARMAJ,2026-02-03 09:15:00+05:30,248.0,240.75999450683594,248.0,236.9199981689453,4400
DHARMAJ,2026-02-03 13:15:00+05:30,240.60000610351562,238.0500030517578,242.0,237.2100067138672,8346
DHARMAJ,2026-02-04 09:15:00+05:30,244.6699981689453,239.92999267578125,244.6699981689453,238.83999633789062,4750
DHARMAJ,2026-02-04 13:15:00+05:30,239.9199981689453,240.57000732421875,247.14999389648438,238.8300018310547,36524
DHARMAJ,2026-02-05 09:15:00+05:30,240.0,240.5500030517578,244.0,237.13999938964844,6422
DHARMAJ,2026-02-05 13:15:00+05:30,240.92999267578125,240.39999389648438,241.67999267578125,239.00999450683594,9236
DHARMAJ,2026-02-06 09:15:00+05:30,239.5,237.0,240.38999938964844,235.5399932861328,5392
DHARMAJ,2026-02-06 13:15:00+05:30,237.88999938964844,240.02999877929688,241.9499969482422,237.27000427246094,1433
DHARMAJ,2026-02-09 09:15:00+05:30,242.0,246.4199981689453,248.0,240.6999969482422,10187
DHARMAJ,2026-02-09 13:15:00+05:30,246.99000549316406,256.3699951171875,260.0,245.41000366210938,31269
DHARMAJ,2026-02-10 09:15:00+05:30,257.3500061035156,251.67999267578125,272.0,250.11000061035156,15843
DHARMAJ,2026-02-10 13:15:00+05:30,251.6699981689453,252.02000427246094,254.0,250.99000549316406,21520
DHRUV,2026-02-02 09:15:00+05:30,39.150001525878906,37.689998626708984,39.150001525878906,37.25,2303
DHRUV,2026-02-02 13:15:00+05:30,37.5,35.599998474121094,37.5,35.310001373291016,8710
DHRUV,2026-02-03 09:15:00+05:30,37.84000015258789,36.88999938964844,37.88999938964844,34.54999923706055,13082
DHRUV,2026-02-03 13:15:00+05:30,35.61000061035156,35.11000061035156,36.0,34.599998474121094,8081
DHRUV,2026-02-04 09:15:00+05:30,34.54999923706055,36.0,36.970001220703125,34.54999923706055,6291
DHRUV,2026-02-04 13:15:00+05:30,36.0,36.060001373291016,36.88999938964844,35.060001373291016,10442
DHRUV,2026-02-05 09:15:00+05:30,36.75,35.560001373291016,36.95000076293945,35.099998474121094,5374
DHRUV,2026-02-05 13:15:00+05:30,35.5,34.40999984741211,35.5,34.0,5452
DHRUV,2026-02-06 09:15:00+05:30,35.709999084472656,35.150001525878906,35.709999084472656,34.79999923706055,1033
DHRUV,2026-02-06 13:15:00+05:30,35.150001525878906,34.54999923706055,35.15999984741211,34.5,4290
DHRUV,2026-02-09 09:15:00+05:30,35.25,34.95000076293945,36.900001525878906,34.0,7821
DHRUV,2026-02-09 13:15:00+05:30,34.95000076293945,34.959999084472656,35.88999938964844,34.27000045776367,10829
DHRUV,2026-02-10 09:15:00+05:30,36.400001525878906,34.529998779296875,36.400001525878906,33.619998931884766,20197
DHRUV,2026-02-10 13:15:00+05:30,34.5,34.310001373291016,34.70000076293945,33.90999984741211,14334
DHUNINV,2026-02-02 09:15:00+05:30,1005.2999877929688,978.0,1017.5,977.9000244140625,165
DHUNINV,2026-02-02 13:15:00+05:30,991.9000244140625,982.0,1006.4000244140625,979.0,190
DHUNINV,2026-02-03 09:15:00+05:30,1085.0,1025.0,1085.0,1007.0999755859375,89
DHUNINV,2026-02-03 13:15:00+05:30,1010.2000122070312,1013.2999877929688,1029.0,1009.4000244140625,91
DHUNINV,2026-02-04 09:15:00+05:30,1027.800048828125,1009.7999877929688,1027.800048828125,981.0999755859375,753
DHUNINV,2026-02-04 13:15:00+05:30,1009.7000122070312,1000.5999755859375,1015.0,998.0,185
DHUNINV,2026-02-05 09:15:00+05:30,1024.4000244140625,1012.0,1024.4000244140625,996.9000244140625,248
DHUNINV,2026-02-05 13:15:00+05:30,1008.9000244140625,1002.0,1008.9000244140625,995.0,274
DHUNINV,2026-02-06 09:15:00+05:30,1003.0,1000.0,1003.0,995.0,8
DHUNINV,2026-02-06 13:15:00+05:30,980.2000122070312,980.5999755859375,1017.9000244140625,970.0,1121
DHUNINV,2026-02-09 09:15:00+05:30,965.9000244140625,1004.9000244140625,1014.9000244140625,965.9000244140625,104
DHUNINV,2026-02-09 13:15:00+05:30,995.0,984.9000244140625,995.0,920.0,3421
DHUNINV,2026-02-10 09:15:00+05:30,989.7999877929688,990.0,1009.0,979.0,117
DHUNINV,2026-02-10 13:15:00+05:30,1012.5,1017.5999755859375,1022.5999755859375,1000.7000122070312,255
DIACABS,2026-02-02 09:15:00+05:30,119.69999694824219,117.62000274658203,119.69999694824219,115.56999969482422,366631
DIACABS,2026-02-02 13:15:00+05:30,117.55999755859375,120.98999786376953,122.77999877929688,117.12999725341797,379115
DIACABS,2026-02-03 09:15:00+05:30,127.0,126.01000213623047,133.0800018310547,124.19999694824219,374870
DIACABS,2026-02-03 13:15:00+05:30,126.48999786376953,125.56999969482422,126.69000244140625,125.0,190025
DIACABS,2026-02-04 09:15:00+05:30,125.56999969482422,128.52000427246094,130.6199951171875,125.5,179809
DIACABS,2026-02-04 13:15:00+05:30,128.6999969482422,128.8800048828125,130.6999969482422,128.3000030517578,282233
DIACABS,2026-02-05 09:15:00+05:30,129.47999572753906,125.25,129.47999572753906,125.19999694824219,60175
DIACABS,2026-02-05 13:15:00+05:30,125.37999725341797,124.75,125.98999786376953,123.73999786376953,205094
DIACABS,2026-02-06 09:15:00+05:30,125.87999725341797,123.93000030517578,126.12000274658203,123.0999984741211,140711
DIACABS,2026-02-06 13:15:00+05:30,123.7699966430664,125.0,125.23999786376953,123.0999984741211,187709
DIACABS,2026-02-09 09:15:00+05:30,126.0,127.22000122070312,127.63999938964844,124.76000213623047,78828
DIACABS,2026-02-09 13:15:00+05:30,127.37999725341797,128.02000427246094,128.6999969482422,127.0,169974
DIACABS,2026-02-10 09:15:00+05:30,131.0,132.6199951171875,134.2899932861328,129.07000732421875,358176
DIACABS,2026-02-10 13:15:00+05:30,132.63999938964844,133.0,133.89999389648438,131.11000061035156,1304877
DIAMINESQ,2026-02-02 09:15:00+05:30,254.0500030517578,246.85000610351562,254.0500030517578,244.0,4173
DIAMINESQ,2026-02-02 13:15:00+05:30,247.0,243.60000610351562,249.0,226.5500030517578,21816
DIAMINESQ,2026-02-03 09:15:00+05:30,249.9499969482422,243.9499969482422,249.9499969482422,241.5500030517578,890
DIAMINESQ,2026-02-03 13:15:00+05:30,243.9499969482422,242.8000030517578,243.9499969482422,240.9499969482422,4948
DIAMINESQ,2026-02-04 09:15:00+05:30,242.10000610351562,244.0,254.9499969482422,240.85000610351562,4167
DIAMINESQ,2026-02-04 13:15:00+05:30,244.0,247.5,250.3000030517578,242.0,1960
DIAMINESQ,2026-02-05 09:15:00+05:30,248.0,246.14999389648438,250.9499969482422,242.5,3154
DIAMINESQ,2026-02-05 13:15:00+05:30,247.0,250.39999389648438,251.5,246.35000610351562,717
DIAMINESQ,2026-02-06 09:15:00+05:30,246.0,245.0,251.9499969482422,245.0,1294
DIAMINESQ,2026-02-06 13:15:00+05:30,245.0,252.14999389648438,254.0,245.0,1206
DIAMINESQ,2026-02-09 09:15:00+05:30,249.9499969482422,254.8000030517578,255.4499969482422,249.9499969482422,85
DIAMINESQ,2026-02-09 13:15:00+05:30,254.6999969482422,255.0,258.1000061035156,251.14999389648438,1073
DIAMINESQ,2026-02-10 09:15:00+05:30,250.0,252.9499969482422,259.79998779296875,250.0,1759
DIAMINESQ,2026-02-10 13:15:00+05:30,253.10000610351562,249.0500030517578,255.75,246.5500030517578,2016
DIAMONDYD,2026-02-02 09:15:00+05:30,1099.5,1072.800048828125,1099.5,1064.4000244140625,6658
DIAMONDYD,2026-02-02 13:15:00+05:30,1070.5999755859375,1080.0,1093.699951171875,1070.5999755859375,4672
DIAMONDYD,2026-02-03 09:15:00+05:30,1105.0,1106.0,1134.800048828125,1091.4000244140625,6464
DIAMONDYD,2026-02-03 13:15:00+05:30,1105.300048828125,1115.199951171875,1129.0,1104.0,6886
DIAMONDYD,2026-02-04 09:15:00+05:30,1125.0,1115.5,1136.0,1115.0,4234
DIAMONDYD,2026-02-04 13:15:00+05:30,1115.0,1119.4000244140625,1125.0,1111.0,4067
DIAMONDYD,2026-02-05 09:15:00+05:30,1119.4000244140625,1102.0,1120.800048828125,1100.0,25537
DIAMONDYD,2026-02-05 13:15:00+05:30,1102.0,1100.0,1109.4000244140625,1082.9000244140625,26902
DIAMONDYD,2026-02-06 09:15:00+05:30,1103.0999755859375,1098.699951171875,1103.0999755859375,1084.800048828125,4591
DIAMONDYD,2026-02-06 13:15:00+05:30,1098.300048828125,1098.0,1116.0,1098.0,5742
DIAMONDYD,2026-02-09 09:15:00+05:30,1127.0,1080.0,1155.0,1075.0,45814
DIAMONDYD,2026-02-09 13:15:00+05:30,1079.800048828125,1089.0,1099.0,1060.0,57151
DIAMONDYD,2026-02-10 09:15:00+05:30,1092.800048828125,1096.9000244140625,1108.4000244140625,1089.5,5347
DIAMONDYD,2026-02-10 13:15:00+05:30,1095.0,1090.0,1095.0,1074.800048828125,14740
DICIND,2026-02-02 09:15:00+05:30,536.0,564.8499755859375,564.8499755859375,530.0499877929688,1162
DICIND,2026-02-02 13:15:00+05:30,545.0,550.0,559.5999755859375,541.2000122070312,315
DICIND,2026-02-03 09:15:00+05:30,566.7999877929688,544.0,566.7999877929688,537.5999755859375,1079
DICIND,2026-02-03 13:15:00+05:30,556.9500122070312,552.9000244140625,560.0,545.7999877929688,923
DICIND,2026-02-04 09:15:00+05:30,562.0,562.9500122070312,565.0499877929688,552.9000244140625,2470
DICIND,2026-02-04 13:15:00+05:30,555.5,562.6500244140625,563.7999877929688,555.5,576
DICIND,2026-02-05 09:15:00+05:30,560.0,560.0,560.0,542.0999755859375,160
DICIND,2026-02-05 13:15:00+05:30,559.0,553.8499755859375,559.0,543.2999877929688,832
DICIND,2026-02-06 09:15:00+05:30,564.9000244140625,560.0,564.9000244140625,560.0,150
DICIND,2026-02-06 13:15:00+05:30,564.9000244140625,562.7000122070312,564.9000244140625,552.0,981
DICIND,2026-02-09 09:15:00+05:30,562.7000122070312,549.9500122070312,562.7000122070312,532.2999877929688,1974
DICIND,2026-02-09 13:15:00+05:30,545.0,539.7999877929688,549.7999877929688,527.0999755859375,3562
DICIND,2026-02-10 09:15:00+05:30,539.7999877929688,539.9500122070312,550.0,530.0,572
DICIND,2026-02-10 13:15:00+05:30,533.9000244140625,530.0999755859375,536.9000244140625,525.2999877929688,672
DIGISPICE,2026-02-02 09:15:00+05:30,20.600000381469727,20.34000015258789,20.709999084472656,19.950000762939453,78472
DIGISPICE,2026-02-02 13:15:00+05:30,20.34000015258789,19.979999542236328,20.479999542236328,19.719999313354492,14407
DIGISPICE,2026-02-03 09:15:00+05:30,20.969999313354492,20.100000381469727,21.079999923706055,19.81999969482422,218582
DIGISPICE,2026-02-03 13:15:00+05:30,20.100000381469727,19.940000534057617,20.290000915527344,19.600000381469727,46507
DIGISPICE,2026-02-04 09:15:00+05:30,20.229999542236328,20.09000015258789,20.229999542236328,19.780000686645508,65956
DIGISPICE,2026-02-04 13:15:00+05:30,19.899999618530273,19.899999618530273,20.1200008392334,19.850000381469727,17252
DIGISPICE,2026-02-05 09:15:00+05:30,19.809999465942383,20.229999542236328,20.5,19.809999465942383,46719
DIGISPICE,2026-02-05 13:15:00+05:30,20.229999542236328,20.040000915527344,20.290000915527344,19.81999969482422,44150
DIGISPICE,2026-02-06 09:15:00+05:30,20.040000915527344,20.040000915527344,21.170000076293945,19.93000030517578,40472
DIGISPICE,2026-02-06 13:15:00+05:30,20.190000534057617,20.0,20.200000762939453,19.899999618530273,17829
DIGISPICE,2026-02-09 09:15:00+05:30,20.5,20.6299991607666,20.75,20.079999923706055,15837
DIGISPICE,2026-02-09 13:15:00+05:30,20.479999542236328,20.389999389648438,20.700000762939453,20.1200008392334,25199
DIGISPICE,2026-02-10 09:15:00+05:30,20.799999237060547,20.18000030517578,20.799999237060547,20.100000381469727,35719
DIGISPICE,2026-02-10 13:15:00+05:30,20.43000030517578,20.530000686645508,20.75,20.200000762939453,26868
DIGJAMLMTD,2026-02-02 09:15:00+05:30,52.47999954223633,51.75,53.0,49.5,2608
DIGJAMLMTD,2026-02-02 13:15:00+05:30,50.189998626708984,49.66999816894531,51.63999938964844,49.529998779296875,2495
DIGJAMLMTD,2026-02-03 09:15:00+05:30,51.75,49.20000076293945,52.0,49.20000076293945,1531
DIGJAMLMTD,2026-02-03 13:15:00+05:30,49.20000076293945,50.25,51.15999984741211,49.20000076293945,1471
DIGJAMLMTD,2026-02-04 09:15:00+05:30,50.9900016784668,49.86000061035156,50.9900016784668,47.79999923706055,3028
DIGJAMLMTD,2026-02-04 13:15:00+05:30,49.86000061035156,49.38999938964844,49.86000061035156,48.52000045776367,1159
DIGJAMLMTD,2026-02-05 09:15:00+05:30,51.380001068115234,50.0099983215332,51.9900016784668,50.0,614
DIGJAMLMTD,2026-02-05 13:15:00+05:30,50.04999923706055,51.31999969482422,51.84000015258789,50.040000915527344,340
DIGJAMLMTD,2026-02-06 09:15:00+05:30,48.52000045776367,49.4900016784668,52.0,48.52000045776367,9280
DIGJAMLMTD,2026-02-06 13:15:00+05:30,49.4900016784668,49.84000015258789,50.75,49.0,594
DIGJAMLMTD,2026-02-09 09:15:00+05:30,50.099998474121094,49.5,52.88999938964844,46.560001373291016,28616
DIGJAMLMTD,2026-02-09 13:15:00+05:30,49.5,49.72999954223633,51.720001220703125,49.150001525878906,816
DIGJAMLMTD,2026-02-10 09:15:00+05:30,48.79999923706055,50.79999923706055,52.68000030517578,47.18000030517578,2766
DIGJAMLMTD,2026-02-10 13:15:00+05:30,50.04999923706055,50.119998931884766,50.779998779296875,50.04999923706055,627
DIVGIITTS,2026-02-02 09:15:00+05:30,615.0,595.5,615.0,590.2999877929688,1160
DIVGIITTS,2026-02-02 13:15:00+05:30,595.5,596.4000244140625,598.0,595.5,1548
DIVGIITTS,2026-02-03 09:15:00+05:30,609.9000244140625,617.3499755859375,624.0,596.25,8453
DIVGIITTS,2026-02-03 13:15:00+05:30,619.0,620.0499877929688,622.5,616.2999877929688,5520
DIVGIITTS,2026-02-04 09:15:00+05:30,606.7999877929688,620.0,624.0,602.0999755859375,1550
DIVGIITTS,2026-02-04 13:15:00+05:30,620.0,624.0,627.9500122070312,620.0,3283
DIVGIITTS,2026-02-05 09:15:00+05:30,624.0,630.9500122070312,639.0,619.25,1691
DIVGIITTS,2026-02-05 13:15:00+05:30,630.7000122070312,628.0,630.9500122070312,625.0,856
DIVGIITTS,2026-02-06 09:15:00+05:30,618.5,627.4000244140625,630.0499877929688,618.5,3599
DIVGIITTS,2026-02-06 13:15:00+05:30,625.0,614.9000244140625,625.0,611.0,1434
DIVGIITTS,2026-02-09 09:15:00+05:30,625.0,625.8499755859375,630.0,607.1500244140625,4563
DIVGIITTS,2026-02-09 13:15:00+05:30,625.8499755859375,628.9500122070312,631.4000244140625,620.9500122070312,1249
DIVGIITTS,2026-02-10 09:15:00+05:30,638.0,648.0499877929688,649.7999877929688,631.9000244140625,3229
DIVGIITTS,2026-02-10 13:15:00+05:30,647.1500244140625,645.0,649.2999877929688,645.0,1675
DIVISLAB,2026-02-02 09:15:00+05:30,6055.0,5928.0,6055.0,5892.0,115434
DIVISLAB,2026-02-02 13:15:00+05:30,5928.0,5952.5,5987.5,5918.0,259201
DIVISLAB,2026-02-03 09:15:00+05:30,6202.0,6224.5,6304.0,6158.5,211150
DIVISLAB,2026-02-03 13:15:00+05:30,6225.0,6200.0,6225.0,6182.5,145671
DIVISLAB,2026-02-04 09:15:00+05:30,6201.5,6049.0,6216.0,6030.0,91059
DIVISLAB,2026-02-04 13:15:00+05:30,6049.0,6054.5,6070.5,6022.0,179235
DIVISLAB,2026-02-05 09:15:00+05:30,6048.0,6116.0,6140.5,5943.0,182785
DIVISLAB,2026-02-05 13:15:00+05:30,6116.0,6130.0,6172.0,6092.0,120128
DIVISLAB,2026-02-06 09:15:00+05:30,6000.0,5950.5,6069.0,5939.0,131574
DIVISLAB,2026-02-06 13:15:00+05:30,5950.5,6024.5,6031.0,5950.0,219809
DIVISLAB,2026-02-09 09:15:00+05:30,6051.0,6100.0,6115.5,6041.0,90701
DIVISLAB,2026-02-09 13:15:00+05:30,6100.5,6144.5,6150.0,6099.5,78794
DIVISLAB,2026-02-10 09:15:00+05:30,6153.0,6186.5,6224.5,6153.0,71935
DIVISLAB,2026-02-10 13:15:00+05:30,6186.5,6153.0,6198.0,6151.0,93490
DIXON,2026-02-02 09:15:00+05:30,10233.0,10272.0,10528.0,10103.0,302075
DIXON,2026-02-02 13:15:00+05:30,10272.0,10339.0,10363.0,10216.0,164745
DIXON,2026-02-03 09:15:00+05:30,11111.0,11054.0,11161.0,10856.0,382741
DIXON,2026-02-03 13:15:00+05:30,11050.0,11031.0,11059.0,10880.0,385100
DIXON,2026-02-04 09:15:00+05:30,10967.0,11620.0,11649.0,10940.0,756576
DIXON,2026-02-04 13:15:00+05:30,11618.0,11678.0,11710.0,11597.0,420599
DIXON,2026-02-05 09:15:00+05:30,11682.0,11417.0,11710.0,11156.0,392700
DIXON,2026-02-05 13:15:00+05:30,11417.0,11376.0,11467.0,11325.0,206228
DIXON,2026-02-06 09:15:00+05:30,11261.0,11312.0,11422.0,11217.0,182381
DIXON,2026-02-06 13:15:00+05:30,11311.0,11502.0,11545.0,11291.0,180118
DIXON,2026-02-09 09:15:00+05:30,11643.0,11828.0,11844.0,11555.0,262534
DIXON,2026-02-09 13:15:00+05:30,11828.0,11736.0,11842.0,11719.0,114110
DIXON,2026-02-10 09:15:00+05:30,11783.0,11766.0,11820.0,11623.0,210392
DIXON,2026-02-10 13:15:00+05:30,11765.0,11590.0,11769.0,11567.0,176212
DJML,2026-02-02 09:15:00+05:30,78.0,74.75,78.0,73.95999908447266,33544
DJML,2026-02-02 13:15:00+05:30,74.68000030517578,72.5,76.48999786376953,72.5,146115
DJML,2026-02-03 09:15:00+05:30,78.80000305175781,79.0,79.19000244140625,76.0,191654
DJML,2026-02-03 13:15:00+05:30,79.0,78.76000213623047,80.58999633789062,77.0,263913
DJML,2026-02-04 09:15:00+05:30,78.08000183105469,79.93000030517578,80.0,77.80000305175781,65203
DJML,2026-02-04 13:15:00+05:30,79.94000244140625,85.9800033569336,88.4000015258789,79.94000244140625,538208
DJML,2026-02-05 09:15:00+05:30,86.5,88.25,89.1500015258789,85.95999908447266,144761
DJML,2026-02-05 13:15:00+05:30,88.01000213623047,88.26000213623047,90.43000030517578,86.93000030517578,248515
DJML,2026-02-06 09:15:00+05:30,85.5,98.0,101.19999694824219,85.44000244140625,435002
DJML,2026-02-06 13:15:00+05:30,98.0,94.37999725341797,98.48999786376953,92.87000274658203,416011
DJML,2026-02-09 09:15:00+05:30,96.11000061035156,98.19999694824219,99.98999786376953,95.86000061035156,7173
DJML,2026-02-09 13:15:00+05:30,98.5,99.4000015258789,100.9000015258789,96.0,17707
DJML,2026-02-10 09:15:00+05:30,99.80000305175781,98.94999694824219,103.94999694824219,97.55000305175781,8033
DJML,2026-02-10 13:15:00+05:30,97.63999938964844,100.0,102.80000305175781,97.55999755859375,20690
DLF,2026-02-02 09:15:00+05:30,615.0,624.0499877929688,624.5999755859375,610.1500244140625,616554
DLF,2026-02-02 13:15:00+05:30,624.0499877929688,626.2999877929688,628.4500122070312,619.7000122070312,1366053
DLF,2026-02-03 09:15:00+05:30,670.0999755859375,648.7999877929688,670.0999755859375,647.3499755859375,2335650
DLF,2026-02-03 13:15:00+05:30,648.7999877929688,650.0,652.0,645.9500122070312,1196522
DLF,2026-02-04 09:15:00+05:30,644.9000244140625,651.3499755859375,651.7000122070312,639.3499755859375,591921
DLF,2026-02-04 13:15:00+05:30,651.3499755859375,659.4500122070312,662.3499755859375,650.75,1251155
DLF,2026-02-05 09:15:00+05:30,656.75,654.7999877929688,656.75,647.8499755859375,896748
DLF,2026-02-05 13:15:00+05:30,654.9500122070312,661.0,662.9500122070312,654.7999877929688,941517
DLF,2026-02-06 09:15:00+05:30,660.2000122070312,656.9500122070312,664.75,649.2999877929688,1195435
DLF,2026-02-06 13:15:00+05:30,656.75,661.5,665.5499877929688,655.7000122070312,991824
DLF,2026-02-09 09:15:00+05:30,667.5499877929688,672.0499877929688,673.7999877929688,666.7999877929688,653449
DLF,2026-02-09 13:15:00+05:30,672.25,671.0,672.7000122070312,669.3499755859375,550282
DLF,2026-02-10 09:15:00+05:30,671.9500122070312,672.2999877929688,676.4500122070312,667.0,948566
DLF,2026-02-10 13:15:00+05:30,672.3499755859375,671.7999877929688,673.0,669.5,708542
DLINKINDIA,2026-02-02 09:15:00+05:30,420.0,430.6499938964844,450.0,412.0,1536525
DLINKINDIA,2026-02-02 13:15:00+05:30,430.6499938964844,417.5,434.8999938964844,416.5,616981
DLINKINDIA,2026-02-03 09:15:00+05:30,434.8999938964844,417.75,436.0,414.0,41384
DLINKINDIA,2026-02-03 13:15:00+05:30,417.70001220703125,412.1499938964844,418.8999938964844,411.1499938964844,52191
DLINKINDIA,2026-02-04 09:15:00+05:30,413.0,418.45001220703125,419.8500061035156,409.25,24765
DLINKINDIA,2026-02-04 13:15:00+05:30,418.5,428.29998779296875,431.0,417.8999938964844,79212
DLINKINDIA,2026-02-05 09:15:00+05:30,425.6000061035156,417.8999938964844,429.95001220703125,416.29998779296875,20759
DLINKINDIA,2026-02-05 13:15:00+05:30,418.45001220703125,412.54998779296875,419.95001220703125,411.1499938964844,32163
DLINKINDIA,2026-02-06 09:15:00+05:30,410.0,388.79998779296875,410.3999938964844,387.0,114305
DLINKINDIA,2026-02-06 13:15:00+05:30,389.0,391.0,391.95001220703125,386.5,78510
DLINKINDIA,2026-02-09 09:15:00+05:30,392.6000061035156,401.6499938964844,404.25,392.6000061035156,45533
DLINKINDIA,2026-02-09 13:15:00+05:30,401.54998779296875,406.45001220703125,408.70001220703125,401.54998779296875,35589
DLINKINDIA,2026-02-10 09:15:00+05:30,407.04998779296875,414.25,415.6499938964844,407.04998779296875,27340
DLINKINDIA,2026-02-10 13:15:00+05:30,414.75,410.0,417.95001220703125,408.5,36503
DMART,2026-02-02 09:15:00+05:30,3632.699951171875,3640.699951171875,3659.0,3600.0,79230
DMART,2026-02-02 13:15:00+05:30,3639.60009765625,3665.5,3682.300048828125,3633.0,95907
DMART,2026-02-03 09:15:00+05:30,3747.699951171875,3782.89990234375,3800.60009765625,3709.0,168758
DMART,2026-02-03 13:15:00+05:30,3782.89990234375,3777.0,3790.800048828125,3773.0,158132
DMART,2026-02-04 09:15:00+05:30,3787.89990234375,3841.0,3847.60009765625,3749.10009765625,88453
DMART,2026-02-04 13:15:00+05:30,3842.0,3824.0,3849.0,3818.300048828125,100127
DMART,2026-02-05 09:15:00+05:30,3849.0,3908.39990234375,3912.0,3825.199951171875,347797
DMART,2026-02-05 13:15:00+05:30,3910.39990234375,3930.0,3946.60009765625,3906.300048828125,433108
DMART,2026-02-06 09:15:00+05:30,3929.89990234375,3858.800048828125,3947.800048828125,3852.199951171875,110500
DMART,2026-02-06 13:15:00+05:30,3859.699951171875,3895.0,3898.39990234375,3850.0,91844
DMART,2026-02-09 09:15:00+05:30,3890.300048828125,3924.800048828125,3939.60009765625,3890.300048828125,78402
DMART,2026-02-09 13:15:00+05:30,3924.800048828125,3923.60009765625,3927.699951171875,3908.0,91153
DMART,2026-02-10 09:15:00+05:30,3940.10009765625,4000.699951171875,4002.39990234375,3920.199951171875,116704
DMART,2026-02-10 13:15:00+05:30,4000.699951171875,4005.0,4019.0,3978.60009765625,190865
DMCC,2026-02-02 09:15:00+05:30,229.99000549316406,223.0800018310547,231.99000549316406,222.39999389648438,4556
DMCC,2026-02-02 13:15:00+05:30,223.02000427246094,218.32000732421875,223.16000366210938,216.0,2955
DMCC,2026-02-03 09:15:00+05:30,230.0,220.2100067138672,230.0,218.10000610351562,9008
DMCC,2026-02-03 13:15:00+05:30,220.0,218.97000122070312,221.77000427246094,218.5,20331
DMCC,2026-02-04 09:15:00+05:30,220.00999450683594,225.5,226.9499969482422,220.00999450683594,3639
DMCC,2026-02-04 13:15:00+05:30,225.2899932861328,223.92999267578125,225.39999389648438,222.52000427246094,1673
DMCC,2026-02-05 09:15:00+05:30,223.9199981689453,224.85000610351562,230.99000549316406,218.02000427246094,7428
DMCC,2026-02-05 13:15:00+05:30,222.1300048828125,223.64999389648438,227.9600067138672,222.05999755859375,2593
DMCC,2026-02-06 09:15:00+05:30,220.00999450683594,223.0,227.88999938964844,220.00999450683594,1686
DMCC,2026-02-06 13:15:00+05:30,223.3000030517578,223.24000549316406,227.75999450683594,221.0500030517578,2885
DMCC,2026-02-09 09:15:00+05:30,225.8000030517578,232.0500030517578,234.1999969482422,224.74000549316406,3827
DMCC,2026-02-09 13:15:00+05:30,232.8000030517578,236.89999389648438,239.89999389648438,231.6199951171875,11943
DMCC,2026-02-10 09:15:00+05:30,242.39999389648438,242.5500030517578,248.0,235.5,2953
DMCC,2026-02-10 13:15:00+05:30,241.8699951171875,243.49000549316406,244.0,241.61000061035156,2388
DODLA,2026-02-02 09:15:00+05:30,1190.300048828125,1173.4000244140625,1197.300048828125,1170.0,3501
DODLA,2026-02-02 13:15:00+05:30,1173.4000244140625,1185.0,1189.0999755859375,1172.300048828125,5421
DODLA,2026-02-03 09:15:00+05:30,1209.0,1196.0999755859375,1220.0999755859375,1192.0999755859375,17358
DODLA,2026-02-03 13:15:00+05:30,1196.199951171875,1198.5,1200.0,1185.199951171875,9147
DODLA,2026-02-04 09:15:00+05:30,1185.0,1203.5,1210.0,1185.0,83482
DODLA,2026-02-04 13:15:00+05:30,1203.5,1206.0,1207.699951171875,1196.9000244140625,6440
DODLA,2026-02-05 09:15:00+05:30,1200.0,1180.300048828125,1200.0,1180.0,3007
DODLA,2026-02-05 13:15:00+05:30,1180.300048828125,1179.300048828125,1200.0,1177.0999755859375,3744
DODLA,2026-02-06 09:15:00+05:30,1188.300048828125,1189.5999755859375,1189.5999755859375,1173.9000244140625,2763
DODLA,2026-02-06 13:15:00+05:30,1185.9000244140625,1201.0,1204.5,1183.5,4981
DODLA,2026-02-09 09:15:00+05:30,1220.0,1203.300048828125,1220.0,1197.0,4370
DODLA,2026-02-09 13:15:00+05:30,1203.300048828125,1203.199951171875,1214.5,1196.0,10466
DODLA,2026-02-10 09:15:00+05:30,1203.199951171875,1228.0,1229.5,1203.199951171875,8838
DODLA,2026-02-10 13:15:00+05:30,1228.0,1236.0,1259.800048828125,1222.0999755859375,16500
DOLATALGO,2026-02-02 09:15:00+05:30,75.0,74.80000305175781,76.70999908447266,73.3499984741211,118886
DOLATALGO,2026-02-02 13:15:00+05:30,74.69999694824219,76.26000213623047,77.18000030517578,74.33000183105469,114280
DOLATALGO,2026-02-03 09:15:00+05:30,79.0,77.36000061035156,79.2300033569336,76.66999816894531,55455
DOLATALGO,2026-02-03 13:15:00+05:30,77.36000061035156,76.9000015258789,77.37000274658203,76.5,77995
DOLATALGO,2026-02-04 09:15:00+05:30,76.9000015258789,76.80000305175781,78.20999908447266,76.25,70327
DOLATALGO,2026-02-04 13:15:00+05:30,76.87999725341797,78.0,78.0,76.68000030517578,71627
DOLATALGO,2026-02-05 09:15:00+05:30,77.31999969482422,76.25,77.94999694824219,75.62999725341797,49672
DOLATALGO,2026-02-05 13:15:00+05:30,76.25,76.48999786376953,76.83999633789062,76.01000213623047,39545
DOLATALGO,2026-02-06 09:15:00+05:30,75.80000305175781,75.52999877929688,76.52999877929688,74.68000030517578,30532
DOLATALGO,2026-02-06 13:15:00+05:30,75.5199966430664,76.12000274658203,76.41000366210938,75.5199966430664,29350
DOLATALGO,2026-02-09 09:15:00+05:30,76.5999984741211,79.19000244140625,79.5,76.51000213623047,77572
DOLATALGO,2026-02-09 13:15:00+05:30,78.94999694824219,78.9000015258789,79.16999816894531,78.41000366210938,48315
DOLATALGO,2026-02-10 09:15:00+05:30,79.86000061035156,79.20999908447266,80.12999725341797,78.4000015258789,37495
DOLATALGO,2026-02-10 13:15:00+05:30,79.13999938964844,79.75,79.83999633789062,78.5,71776
DOLLAR,2026-02-02 09:15:00+05:30,315.54998779296875,312.6000061035156,319.6000061035156,310.04998779296875,17198
DOLLAR,2026-02-02 13:15:00+05:30,312.8999938964844,318.20001220703125,319.0,311.04998779296875,9345
DOLLAR,2026-02-03 09:15:00+05:30,335.0,334.3500061035156,345.1499938964844,326.95001220703125,25340
DOLLAR,2026-02-03 13:15:00+05:30,333.95001220703125,333.5,334.8500061035156,329.6499938964844,23590
DOLLAR,2026-02-04 09:15:00+05:30,335.79998779296875,333.0,338.95001220703125,332.95001220703125,10422
DOLLAR,2026-02-04 13:15:00+05:30,331.79998779296875,337.95001220703125,338.0,331.75,80800
DOLLAR,2026-02-05 09:15:00+05:30,335.54998779296875,327.75,338.75,326.5,12943
DOLLAR,2026-02-05 13:15:00+05:30,328.45001220703125,332.6000061035156,332.6000061035156,326.0,31869
DOLLAR,2026-02-06 09:15:00+05:30,327.95001220703125,326.45001220703125,328.25,323.29998779296875,13151
DOLLAR,2026-02-06 13:15:00+05:30,326.5,327.70001220703125,329.29998779296875,325.75,8914
DOLLAR,2026-02-09 09:15:00+05:30,330.6000061035156,330.0,334.5,329.0,18713
DOLLAR,2026-02-09 13:15:00+05:30,329.8999938964844,330.45001220703125,331.6000061035156,328.70001220703125,27955
DOLLAR,2026-02-10 09:15:00+05:30,329.0,331.5,337.0,329.0,36206
DOLLAR,2026-02-10 13:15:00+05:30,330.75,335.3500061035156,335.5,330.25,23845
DOLPHIN,2026-02-02 09:15:00+05:30,425.29998779296875,420.0,425.29998779296875,415.04998779296875,1814
DOLPHIN,2026-02-02 13:15:00+05:30,419.45001220703125,421.70001220703125,429.5,417.20001220703125,2659
DOLPHIN,2026-02-03 09:15:00+05:30,429.04998779296875,425.20001220703125,441.8999938964844,420.79998779296875,6459
DOLPHIN,2026-02-03 13:15:00+05:30,425.1000061035156,419.75,425.8999938964844,413.25,4351
DOLPHIN,2026-02-04 09:15:00+05:30,412.0,429.04998779296875,434.95001220703125,412.0,3639
DOLPHIN,2026-02-04 13:15:00+05:30,430.6000061035156,432.0,451.0,428.5,13850
DOLPHIN,2026-02-05 09:15:00+05:30,425.6000061035156,429.0,433.0,420.29998779296875,779
DOLPHIN,2026-02-05 13:15:00+05:30,429.0,423.79998779296875,429.95001220703125,421.8500061035156,1986
DOLPHIN,2026-02-06 09:15:00+05:30,425.95001220703125,425.25,437.95001220703125,422.3500061035156,4196
DOLPHIN,2026-02-06 13:15:00+05:30,425.25,426.95001220703125,436.0,423.1000061035156,2305
DOLPHIN,2026-02-09 09:15:00+05:30,427.79998779296875,430.29998779296875,441.45001220703125,421.29998779296875,3589
DOLPHIN,2026-02-09 13:15:00+05:30,430.0,426.0,433.95001220703125,426.0,2797
DOLPHIN,2026-02-10 09:15:00+05:30,429.0,431.6000061035156,435.0,427.0,2456
DOLPHIN,2026-02-10 13:15:00+05:30,431.0,434.6499938964844,435.0,425.0,21279
DONEAR,2026-02-02 09:15:00+05:30,88.12000274658203,87.5,88.12000274658203,86.12999725341797,9075
DONEAR,2026-02-02 13:15:00+05:30,87.45999908447266,87.9000015258789,90.0,87.0,20730
DONEAR,2026-02-03 09:15:00+05:30,95.0,98.27999877929688,101.5,90.55000305175781,274299
DONEAR,2026-02-03 13:15:00+05:30,98.31999969482422,95.26000213623047,98.48999786376953,95.05000305175781,60533
DONEAR,2026-02-04 09:15:00+05:30,95.0,95.87999725341797,99.5,94.0199966430664,29362
DONEAR,2026-02-04 13:15:00+05:30,95.94999694824219,96.54000091552734,97.0,95.94999694824219,18648
DONEAR,2026-02-05 09:15:00+05:30,97.5,95.8499984741211,97.5,94.80000305175781,6473
DONEAR,2026-02-05 13:15:00+05:30,95.0,93.13999938964844,95.0,92.2300033569336,25776
DONEAR,2026-02-06 09:15:00+05:30,94.16999816894531,91.4800033569336,94.16999816894531,90.0199966430664,18309
DONEAR,2026-02-06 13:15:00+05:30,91.19000244140625,91.0,92.23999786376953,90.94999694824219,9867
DONEAR,2026-02-09 09:15:00+05:30,93.0,94.88999938964844,95.5,92.0,20433
DONEAR,2026-02-09 13:15:00+05:30,95.08999633789062,101.0,106.4800033569336,94.9000015258789,423695
DONEAR,2026-02-10 09:15:00+05:30,100.94000244140625,98.75,104.0,98.19999694824219,28249
DONEAR,2026-02-10 13:15:00+05:30,98.61000061035156,98.02999877929688,99.69000244140625,98.0,23490
DPABHUSHAN,2026-02-02 09:15:00+05:30,1244.0,1238.800048828125,1272.800048828125,1203.5999755859375,6175
DPABHUSHAN,2026-02-02 13:15:00+05:30,1233.5,1240.0999755859375,1260.0,1231.4000244140625,1699
DPABHUSHAN,2026-02-03 09:15:00+05:30,1399.9000244140625,1276.5,1399.9000244140625,1260.4000244140625,2898
DPABHUSHAN,2026-02-03 13:15:00+05:30,1276.300048828125,1279.699951171875,1284.800048828125,1270.0999755859375,4470
DPABHUSHAN,2026-02-04 09:15:00+05:30,1270.0,1239.5,1277.0999755859375,1230.4000244140625,3905
DPABHUSHAN,2026-02-04 13:15:00+05:30,1235.9000244140625,1240.0,1247.4000244140625,1230.0,8579
DPABHUSHAN,2026-02-05 09:15:00+05:30,1255.699951171875,1195.0,1255.800048828125,1178.0,14967
DPABHUSHAN,2026-02-05 13:15:00+05:30,1196.800048828125,1203.199951171875,1213.4000244140625,1192.5999755859375,5643
DPABHUSHAN,2026-02-06 09:15:00+05:30,1200.0,1214.9000244140625,1223.0,1190.0999755859375,2519
DPABHUSHAN,2026-02-06 13:15:00+05:30,1214.199951171875,1219.300048828125,1226.300048828125,1212.0,2984
DPABHUSHAN,2026-02-09 09:15:00+05:30,1239.199951171875,1289.5,1294.800048828125,1220.0999755859375,11383
DPABHUSHAN,2026-02-09 13:15:00+05:30,1289.0999755859375,1285.0999755859375,1314.699951171875,1285.0999755859375,10231
DPABHUSHAN,2026-02-10 09:15:00+05:30,1299.9000244140625,1284.5,1306.5,1265.199951171875,3113
DPABHUSHAN,2026-02-10 13:15:00+05:30,1289.699951171875,1253.0,1289.699951171875,1250.0,22710
DPWIRES,2026-02-02 09:15:00+05:30,174.99000549316406,164.16000366210938,174.99000549316406,161.02000427246094,7162
DPWIRES,2026-02-02 13:15:00+05:30,164.17999267578125,163.75,165.7899932861328,163.0,2486
DPWIRES,2026-02-03 09:15:00+05:30,168.75,162.2899932861328,168.75,160.00999450683594,12265
DPWIRES,2026-02-03 13:15:00+05:30,162.3000030517578,161.55999755859375,164.7899932861328,160.25,13113
DPWIRES,2026-02-04 09:15:00+05:30,163.8000030517578,166.3800048828125,167.5800018310547,163.8000030517578,5542
DPWIRES,2026-02-04 13:15:00+05:30,166.38999938964844,167.5399932861328,168.8000030517578,166.02000427246094,4572
DPWIRES,2026-02-05 09:15:00+05:30,174.39999389648438,167.8800048828125,174.39999389648438,166.0,4460
DPWIRES,2026-02-05 13:15:00+05:30,167.5,167.63999938964844,168.5800018310547,167.0,1810
DPWIRES,2026-02-06 09:15:00+05:30,168.72000122070312,165.0399932861328,168.72000122070312,164.00999450683594,5263
DPWIRES,2026-02-06 13:15:00+05:30,165.11000061035156,165.99000549316406,166.64999389648438,164.97000122070312,4890
DPWIRES,2026-02-09 09:15:00+05:30,169.99000549316406,169.9600067138672,169.99000549316406,166.61000061035156,3310
DPWIRES,2026-02-09 13:15:00+05:30,169.6999969482422,170.3000030517578,172.0,168.9600067138672,5555
DPWIRES,2026-02-10 09:15:00+05:30,174.5,169.8300018310547,174.5,168.6300048828125,4592
DPWIRES,2026-02-10 13:15:00+05:30,169.9600067138672,171.69000244140625,172.77000427246094,169.5500030517578,5408
