Symbol,DD_52W,DD_ATH,W_BO,D_BO,M_BO,W_SL,M_SL,W_PSL,M_PSL,D_CHG,W_CHG,M_CHG,Trend,CurPrice,Sector,MarketCap
20MICRONS,13.2,40.8,-1,-6,-1,0.2,6.2,0.2,6.2,-8.6,-8.4,-5.5,5,206.12,Metals - Misc,Small Cap
21STCENMGM,27.3,72.3,-5,-9,-1,-5.2,12.5,-5.2,12.5,-1.3,-11.2,-3.1,2,39.1,Financials - Misc,Small Cap
360ONE,15.2,20.5,-3,-9,-1,-10.5,-4.6,-10.5,-4.6,-9.7,-12.8,-10.8,5,1048.2,Financials - Misc,Mid Cap
3BBLACKBIO,,18.0,-1,-7,-1,4.3,1.4,4.3,1.4,-13.4,-12.3,-10.0,0,1303.0,,
3MINDIA,15.9,21.7,-5,-5,-1,-8.6,-3.4,-8.6,-3.4,-3.2,-11.8,-10.5,5,31995.0,Others,Mid Cap
3PLAND,30.2,61.6,-7,-9,-4,0.5,6.8,0.5,6.8,-3.4,-8.7,-10.1,5,31.5,Financials - Misc,Small Cap
5PAISA,23.3,57.8,-4,-9,-1,-13.9,-7.1,-13.9,-7.1,-7.8,-17.0,-10.3,3,320.0,Financials - Broking,Small Cap
63MOONS,10.3,24.0,-6,-2,-1,12.4,18.2,12.4,5.5,-5.5,-8.7,-8.7,4,859.0,IT - Software/Consulting,Small Cap
AAATECH,32.0,42.5,-4,-2,-4,1.6,-1.6,1.6,-1.6,-1.5,-4.7,-8.2,7,92.5,Others,Small Cap
AADHARHFC,18.0,18.0,-9,-8,-3,-9.3,-5.3,-9.3,-5.3,-4.3,-17.6,-10.5,3,461.4,,
AAREYDRUGS,1.6,1.6,0,-4,4,9.3,22.1,5.4,13.7,1.3,2.0,10.7,7,100.83,Healthcare - Pharma,Small Cap
AARON,45.2,51.6,-7,-3,-5,3.2,-2.4,3.2,-2.4,-8.6,-17.8,-15.0,7,125.0,Engineering,Small Cap
AARTECH,20.5,51.2,-1,-5,3,5.9,9.1,5.9,5.9,-0.9,-1.0,5.8,2,51.45,Power - Equipment,Small Cap
AARTIDRUGS,20.1,58.4,-1,-4,0,1.8,9.8,1.8,3.8,-1.7,-1.5,0.6,2,426.75,Healthcare - Pharma,Small Cap
AARTIPHARM,12.8,16.3,-1,-9,-1,-0.4,11.0,-0.4,11.0,-6.7,-5.6,-3.8,8,813.0,Healthcare - Pharma,Small Cap
AARTISURF,25.5,72.8,-4,-6,-1,-2.8,29.8,-2.8,29.8,-7.9,-23.5,-3.0,1,504.8,Chemicals - Specialty,Small Cap
AARVI,16.3,30.5,-7,-9,-2,-6.0,2.9,-6.0,2.9,-3.6,-10.0,-10.0,1,140.99,Human Resources,Small Cap
AAVAS,27.2,61.4,-9,-7,-3,-10.4,-3.3,-10.4,-3.3,-1.2,-15.5,-15.2,2,1289.6,Financials - Housing,Small Cap
ABAN,66.5,95.0,-5,-7,-5,-13.8,-3.2,-13.8,-3.2,-3.8,-28.2,-35.2,0,14.35,Oil and Gas,Small Cap
ABCAPITAL,10.9,10.9,-4,-9,-1,-3.8,1.1,-3.8,1.1,-4.8,-7.0,-6.4,2,383.9,Financials - Misc,Mid Cap
ABDL,9.8,9.8,-9,-1,-3,4.6,24.4,2.6,24.4,0.4,-2.0,-3.9,7,641.9,Beverages - Alcohol,Small Cap
ABFRL,43.9,86.3,-6,-8,-4,-14.8,-17.4,-14.8,-17.4,-6.3,-21.1,-23.1,5,49.96,Consumption - Retail,Mid Cap
ABMINTLLTD,29.9,79.8,-5,-7,-1,-2.2,23.3,-2.2,23.3,-10.6,-18.3,-7.6,2,51.0,Others,Small Cap
ABREL,35.1,60.4,-9,-6,-4,-9.5,-7.9,-9.5,-7.9,-9.8,-14.2,-16.4,2,1242.9,Paper,Small Cap
ABSLAMC,14.4,14.4,-9,-3,-2,3.7,7.0,3.7,7.0,-5.5,-11.1,-10.0,3,1049.1,Financials - AMC,Small Cap
ACC,37.9,56.6,-9,-8,-4,-9.1,-3.5,-9.1,-3.5,-3.6,-11.8,-21.3,3,1234.8,Infra - Cement,Mid Cap
ACCELYA,26.9,47.5,-7,-8,-1,-1.4,-0.3,-1.4,-0.3,-1.6,-5.0,-3.7,2,1116.6,IT - Software/Consulting,Small Cap
ACEINTEG,34.0,78.1,-9,-7,-2,-10.0,-6.4,-10.0,-6.4,-0.3,-16.0,-23.4,2,18.0,Human Resources,Small Cap
ACI,34.1,44.6,-7,-6,-4,-13.7,-18.3,-13.7,-18.3,-8.3,-16.7,-23.6,4,463.75,Chemicals - Bulk,Small Cap
ACL,50.1,94.3,-8,-6,-4,-12.0,-18.8,-12.0,-18.8,-2.6,-14.3,-24.2,2,42.7,Infra - Cement,Small Cap
ACMESOLAR,2.7,2.7,-1,-8,0,4.2,14.6,2.7,8.1,0.1,-0.9,4.2,7,418.95,Power - Green,Small Cap
ADANIENSOL,24.5,68.1,-8,-5,-1,-17.3,-1.5,-17.3,-1.5,-4.8,-21.7,-18.4,5,1350.4,Power - Misc,Large Cap
ADANIENT,9.5,29.9,-3,-5,-2,-5.5,8.9,-5.5,8.9,-4.9,-9.1,-3.4,5,2936.9,Metals - Misc,Large Cap
ADANIGREEN,21.9,58.2,-9,-5,-2,-15.5,9.2,-15.5,9.2,-2.7,-18.6,-14.6,4,1274.0,Power - Green,Large Cap
ADANIPORTS,8.3,8.3,-9,-2,-2,1.6,8.2,1.6,8.2,-2.0,-7.4,-5.2,7,1733.6,Infra - Construction,Large Cap
ADANIPOWER,19.7,19.7,-9,-6,-4,-0.0,23.4,-0.0,23.4,-4.6,-8.4,-16.1,8,204.07,Power - Misc,Large Cap
ADFFOODS,22.7,24.2,-9,-6,-2,1.3,3.1,1.3,3.1,-2.6,-16.6,-14.8,5,268.15,Consumption - Misc,Small Cap
ADL,34.6,50.9,-2,-9,-4,3.2,7.9,3.2,7.9,-4.8,-7.7,-8.3,6,71.91,Infra - Laminates,Small Cap
ADOR,11.8,12.0,-1,-9,-1,-1.0,8.7,-1.0,8.7,-9.6,-6.9,-8.6,5,1558.1,Engineering,Small Cap
ADSL,52.1,69.4,-6,-8,-2,-16.9,-16.4,-16.9,-16.4,-6.4,-21.3,-23.3,3,98.0,IT - Services,Small Cap
ADVAIT,,19.2,-6,-8,-1,-5.7,6.5,-5.7,6.5,-8.3,-14.1,-14.1,0,2008.9,Cables - Electricals,Small Cap
ADVANIHOTR,28.0,48.6,-5,-7,-2,-8.3,-7.8,-8.3,-7.8,-4.6,-12.7,-13.5,4,47.15,Leisure - Hotels,Small Cap
ADVENZYMES,30.9,49.3,-6,-3,-3,-9.1,-2.3,-9.1,-2.3,-4.5,-13.3,-21.1,0,289.55,Healthcare - Biotech,Small Cap
AEGISLOG,9.0,9.0,-3,-1,0,6.3,26.9,2.3,9.1,0.7,-4.3,5.9,5,1363.0,Utility - Gas,Small Cap
AEGISVOPAK,4.5,4.5,0,-1,0,5.2,14.1,5.2,9.0,-1.2,0.8,1.6,5,297.55,Oil Storage & Transportation,Small Cap
AEQUS,,20.0,-3,-9,-1,-9.2,0.9,-9.2,0.9,-11.8,-15.6,-10.2,5,219.4,Engineering,Small Cap
AEROENTER,26.7,26.7,-2,-7,-2,-14.3,-1.8,-14.3,-1.8,-24.5,-20.7,-18.0,4,116.96,Metals - Iron & Steel,Small Cap
AEROFLEX,13.9,13.9,-1,-7,-1,-2.5,11.3,-2.5,10.1,-11.2,-10.8,-4.3,5,502.95,Metals - Iron & Steel,Small Cap
AERONEU,38.2,51.4,-8,-9,-3,-24.6,-21.4,-24.6,-21.4,-19.5,-28.3,-37.3,0,65.24,Packaging,Small Cap
AETHER,6.8,6.8,-2,-2,-1,0.1,9.1,0.1,9.1,-4.5,-6.1,-5.4,4,1600.0,Chemicals - Specialty,Small Cap
AFFLE,23.1,29.8,-3,-8,-1,-4.8,2.4,-4.8,2.4,-5.8,-11.2,-4.6,6,1534.1,IT - Product/Platform,Small Cap
AFSL,11.3,67.8,-2,-8,-1,0.1,0.1,0.1,0.1,-4.5,-5.1,-5.1,2,201.25,Others,Small Cap
AGARIND,56.7,70.1,-9,-9,-3,-18.2,-10.2,-18.2,-10.2,-7.8,-23.3,-31.3,3,412.25,Chemicals - Petro,Small Cap
AGI,19.3,44.7,-2,-4,-1,-1.1,3.1,-1.1,3.1,-8.0,-7.4,-6.8,5,723.15,Packaging,Small Cap
AGRITECH,46.3,67.5,-9,-6,-3,-6.2,-7.1,-6.2,-7.1,-1.7,-12.6,-16.3,3,100.49,Agri - Misc,Small Cap
AGROPHOS,50.1,85.3,-8,-8,-4,-21.0,-21.4,-21.0,-21.4,-12.2,-25.1,-30.8,2,22.9,Agrichem - Fertilizers,Small Cap
AHLADA,44.6,85.2,-5,-9,-4,-2.7,12.4,-2.7,12.4,-2.6,-5.6,-18.9,0,36.8,Infra - Home Furnish,Small Cap
AHLEAST,23.6,40.2,-7,-9,-4,-6.5,-12.9,-6.5,-12.9,-4.7,-11.9,-17.0,3,133.95,Leisure - Hotels,Small Cap
AHLUCONT,46.7,62.8,-8,-7,-4,-31.2,-28.7,-31.2,-28.7,-4.8,-32.7,-35.5,5,574.4,Infra - Construction,Small Cap
AIAENG,26.2,26.2,-5,-9,-3,-14.3,-12.9,-14.3,-12.9,-10.0,-20.3,-24.7,5,3824.1,Metals - Casting/Forging,Small Cap
AIIL,21.8,21.8,-6,-3,-1,-2.4,2.0,-2.4,2.0,-1.9,-10.5,-4.8,3,534.1,,
AIRAN,41.1,67.9,-1,-4,-4,2.2,1.9,2.2,1.9,-10.7,-8.6,-8.7,2,15.65,IT - Services,Small Cap
AIROLAM,27.7,56.8,-4,-6,-3,-1.6,0.0,-1.6,0.0,-3.9,-10.4,-10.1,3,85.0,Infra - Laminates,Small Cap
AJANTPHARM,7.8,7.8,-4,-5,-1,-0.4,7.5,-0.4,7.5,-1.8,-5.2,-2.8,4,3499.6,Healthcare - Pharma,Small Cap
AJAXENGG,16.5,25.2,-8,-6,-4,-1.3,3.7,-1.3,3.7,-5.5,-4.9,-4.1,0,565.95,Engineering,Small Cap
AJMERA,48.9,53.8,-9,-4,-3,-9.9,-9.9,-9.9,-9.9,-4.3,-17.1,-15.3,3,113.09,Real Estate,Small Cap
AKASH,30.5,91.4,-8,-7,-4,-8.2,-5.4,-8.2,-5.4,-6.1,-12.8,-12.2,3,24.15,Infra - Construction,Small Cap
AKSHARCHEM,17.5,58.8,-2,-6,0,9.3,46.2,9.3,46.2,-15.1,-12.5,6.3,0,389.4,Chemicals - Dyes,Small Cap
AKUMS,3.1,34.3,-1,-9,-1,3.4,16.0,3.4,7.5,-0.5,-0.5,-0.6,3,772.1,Healthcare - Pharma,Small Cap
ALBERTDAVD,9.5,51.9,-2,-7,-1,0.1,12.1,0.1,12.1,-4.8,-6.7,-6.1,5,843.45,Healthcare - Pharma,Small Cap
ALEMBICLTD,14.1,40.1,-1,-8,0,1.5,9.6,1.5,9.6,-9.6,-9.9,2.5,4,101.18,Healthcare - Pharma,Small Cap
ALGOQUANT,,6.9,-7,0,-1,4.7,10.2,4.7,10.2,2.1,-4.8,-4.2,0,66.1,Other Financial Services,Small Cap
ALICON,32.1,55.0,-6,-5,-5,-2.1,5.5,-2.1,3.1,-7.0,-6.6,-3.6,4,693.95,Auto - OEM Suppliers,Small Cap
ALIVUS,8.0,8.0,-1,-8,-1,2.3,13.6,2.3,13.6,-3.9,-0.9,-2.2,5,1374.6,Healthcare - Pharma,Small Cap
ALKALI,32.9,58.6,-9,-5,-4,8.0,3.0,8.0,3.0,-18.5,-15.6,-17.1,4,72.0,Chemicals - Specialty,Small Cap
ALKEM,12.9,19.7,-6,-7,-1,-7.4,-5.4,-7.4,-5.4,-1.4,-10.5,-10.5,5,5170.0,Healthcare - Pharma,Mid Cap
ALKYLAMINE,13.5,61.5,-3,-8,-1,-5.2,5.8,-5.2,5.8,-9.5,-11.6,-8.7,5,1829.4,Chemicals - Specialty,Small Cap
ALLCARGO,68.9,90.8,-3,-6,-1,12.1,19.7,12.1,19.7,-12.2,-9.1,-4.9,3,11.36,Transport - Logistics,Small Cap
ALLDIGI,21.0,36.9,-7,-6,-4,-2.4,0.0,-2.4,0.0,-2.4,-7.0,-5.7,4,790.2,Tech - BPO,Small Cap
ALPA,35.3,58.0,-9,-7,-3,-9.5,-6.6,-9.5,-6.6,-4.7,-13.9,-15.7,4,60.7,Healthcare - Pharma,Small Cap
ALPEXSOLAR,31.3,37.5,-1,-4,-5,2.8,2.7,2.8,2.7,-2.0,-3.0,-17.0,3,906.35,IT - Equipments,Small Cap
ALPHAGEO,20.3,74.4,-3,-5,0,19.7,20.7,19.7,8.2,-9.8,-13.0,0.4,1,293.2,Oil and Gas,Small Cap
AMAGI,,21.8,-6,-5,-1,-6.3,8.6,-6.3,8.6,-1.5,-13.7,-13.7,0,568.6,IT Enabled Services,Small Cap
AMBER,22.2,22.2,-9,-9,-4,-8.4,0.6,-8.4,0.6,-6.3,-10.5,-13.0,4,6982.5,Consumption - Appliances,Small Cap
AMBICAAGAR,15.8,43.7,-2,-7,-2,1.0,3.5,1.0,3.5,-8.1,-8.1,-2.2,4,25.0,Consumption - Misc,Small Cap
AMBIKCO,18.5,44.4,-6,-6,-3,-8.1,-0.2,-8.1,-0.2,-4.1,-17.4,-10.6,2,1573.8,Textile - Spinning/Yarn,Small Cap
AMBUJACEM,34.6,45.6,-9,-9,-4,-10.8,-5.4,-10.8,-5.4,-5.1,-13.5,-21.5,5,384.75,Infra - Cement,Large Cap
AMDIND,11.3,37.8,0,-2,0,13.2,34.4,13.2,17.6,-4.5,3.0,17.2,3,65.95,Packaging,Small Cap
AMJLAND,36.2,52.1,-4,-7,-4,-2.7,0.9,-2.7,0.9,-7.2,-7.6,-14.1,4,36.61,Real Estate,Small Cap
AMNPLST,34.0,54.2,-9,-9,-1,-16.0,-9.5,-16.0,-9.5,-9.5,-20.5,-18.3,2,165.0,Chemicals - Specialty,Small Cap
AMRUTANJAN,35.4,52.1,-3,-8,-4,-3.1,-7.4,-3.1,-7.4,-3.3,-9.1,-15.4,4,490.8,Healthcare - Pharma,Small Cap
ANANTRAJ,20.7,37.8,-5,-7,-1,-4.0,8.5,-4.0,8.5,-6.8,-6.4,-5.8,5,589.6,Real Estate,Small Cap
ANDHRAPAP,14.7,45.1,0,5,4,12.9,23.6,6.8,13.1,1.3,1.1,11.4,3,74.14,Paper,Small Cap
ANDHRSUGAR,12.4,47.1,-4,-8,-1,1.0,6.5,1.0,6.5,-6.8,-8.1,-5.7,2,93.96,Chemicals - Bulk,Small Cap
ANGELONE,18.1,24.2,-9,-2,-3,2.1,2.1,2.1,2.1,-3.2,-16.2,-16.4,4,295.15,Financials - Broking,Small Cap
ANIKINDS,46.5,66.4,-2,-4,-1,3.1,4.9,3.1,4.9,-2.1,-3.1,-3.3,3,44.65,Metals - Misc,Small Cap
ANTELOPUS,3.9,3.9,0,0,1,22.4,50.2,12.2,31.3,1.6,2.8,42.6,5,1171.3,Oil and Gas,Small Cap
ANTHEM,6.3,6.3,-1,-8,0,1.6,12.2,1.6,5.5,-4.0,-2.6,2.6,5,916.0,Healthcare - Pharma,Mid Cap
ANUP,35.1,57.6,-6,-8,-3,-22.5,-19.0,-22.5,-19.0,-9.1,-29.1,-29.7,5,1637.9,Engineering,Small Cap
ANURAS,16.4,16.4,-9,-7,-4,-3.2,-6.5,-3.2,-6.5,-5.2,-7.1,-12.4,3,1182.9,Chemicals - Specialty,Small Cap
ANZEN,,,,,,,,,,,,,,,,
APCL,32.2,79.8,-7,-7,-4,-1.0,-7.1,-1.0,-7.1,-0.7,-5.4,-17.9,1,100.94,Infra - Cement,Small Cap
APCOTEXIND,17.0,17.0,-1,-8,-1,-4.1,13.0,-4.1,13.0,-8.8,-7.6,-8.6,5,591.0,Industrial - Consumables,Small Cap
APEX,32.1,62.8,-5,-5,-4,-10.8,-10.0,-10.8,-10.0,-8.5,-18.0,-25.1,0,349.55,Consumption - Misc,Small Cap
APLLTD,16.7,36.2,-9,-9,-2,2.0,4.9,2.0,4.9,-0.8,-1.0,-1.4,3,831.5,Healthcare - Pharma,Small Cap
APOLLOHOSP,3.5,3.5,-6,-5,-1,-0.3,2.9,-0.3,2.9,-2.4,-3.3,-3.3,7,8732.0,Healthcare - Hospitals,Large Cap
APOLLOPIPE,23.2,35.7,-2,-8,-1,-4.0,6.3,-4.0,6.3,-15.8,-18.6,-18.1,4,513.75,Infra - Plastic Pipes,Small Cap
APOLLOTYRE,24.9,30.6,-3,-9,-1,-7.5,-4.8,-7.5,-4.8,-6.8,-12.7,-7.5,4,405.9,Auto - Tyres,Mid Cap
APOLSINHOT,16.0,54.4,-5,-9,-3,1.7,4.5,1.7,4.5,-1.7,-8.7,-6.2,5,1210.0,Leisure - Hotels,Small Cap
APTECHT,31.7,79.2,-9,-8,-3,-3.0,-8.2,-3.0,-8.2,-3.6,-15.9,-25.0,2,87.77,IT - Education,Small Cap
APTUS,26.9,39.6,-8,-9,-2,-12.9,-5.2,-12.9,-5.2,-6.1,-21.2,-13.8,0,242.74,Financials - Housing,Small Cap
ARCHIDPLY,20.8,35.4,-3,-7,-1,6.6,9.7,6.6,9.7,-6.9,-6.1,-6.7,3,98.86,Infra - Laminates,Small Cap
ARCHIES,43.1,77.8,-8,-7,-4,-10.0,-12.9,-10.0,-12.9,-6.8,-15.5,-22.6,1,12.24,Leisure - Misc,Small Cap
ARE&M,22.0,55.1,-4,-8,-1,-10.5,-7.2,-10.5,-7.2,-8.1,-15.6,-12.9,2,797.95,Batteries,Small Cap
ARENTERP,45.1,62.2,-7,-8,-2,-13.6,1.2,-13.6,1.2,-5.4,-28.9,-19.4,1,33.4,Others,Small Cap
ARFIN,22.2,22.2,-8,-7,-4,-4.1,4.7,-4.1,4.7,-12.2,-11.1,-12.7,5,82.66,,
ARIES,8.4,7.2,-1,-7,0,8.0,27.2,8.0,27.2,-3.7,-4.2,1.3,4,480.6,Agrichem - Fertilizers,Small Cap
ARIHANTCAP,32.1,34.7,-7,0,1,4.1,9.4,4.1,5.6,-0.2,-1.8,4.0,5,81.5,Financials - Broking,Small Cap
ARIHANTSUP,51.8,59.6,-8,-9,-4,-12.6,-4.7,-12.6,-4.7,-9.5,-16.9,-19.0,3,223.9,Real Estate,Small Cap
ARKADE,34.4,44.8,-6,-7,-1,-13.6,0.4,-13.6,0.4,-5.6,-17.2,-17.2,0,118.01,,
ARMANFIN,11.9,29.0,-2,-8,-1,-3.0,9.6,-3.0,9.6,-7.1,-8.1,-4.0,6,1901.8,Financials - NBFC,Small Cap
AROGRANITE,40.5,75.7,-6,-8,-4,-4.4,-4.8,-4.4,-4.8,-3.9,-6.7,-11.1,1,23.8,Infra - Granites/Marbles,Small Cap
ARROWGREEN,3.3,16.2,0,-1,0,19.2,37.7,11.8,23.8,3.1,13.1,25.8,2,920.95,Packaging,Small Cap
ARSSBL,37.8,37.8,-9,-9,-4,-2.7,-2.7,-2.7,-2.7,-4.9,-13.4,-17.4,0,494.1,Financials - Broking,Small Cap
ARTNIRMAN,41.0,79.8,-5,-1,-4,-1.4,3.7,-1.4,3.7,-3.1,-12.0,-12.1,1,39.5,Real Estate,Small Cap
ARVEE,42.8,47.2,-1,-4,-3,2.5,2.6,2.5,2.6,-21.5,-8.0,-2.8,8,166.2,Chemicals - Bulk,Small Cap
ARVIND,9.3,9.3,-1,-5,-3,0.9,5.0,0.9,3.4,-5.4,-4.2,-6.2,4,550.95,Textile - Apparels,Small Cap
ARVINDFASN,25.8,47.9,-8,-9,-3,-4.4,-5.3,-4.4,-5.3,-7.6,-10.3,-10.4,4,422.1,Textile - Apparels,Small Cap
ARVSMART,21.7,45.9,-3,-6,-1,-14.2,-6.1,-14.2,-6.1,-14.3,-18.1,-16.7,5,554.4,Real Estate,Small Cap
ASAHIINDIA,11.1,11.1,-1,-2,0,0.7,6.3,0.7,3.8,-2.5,-3.2,0.3,5,954.5,Auto - OEM Suppliers,Small Cap
ASAHISONG,15.5,40.6,-6,-3,-1,7.3,22.1,7.3,22.1,-9.5,-15.5,-15.5,2,349.8,Chemicals - Dyes,Small Cap
ASAL,26.2,58.7,-8,-9,-2,-11.2,-6.3,-11.2,-6.3,-6.0,-13.7,-13.1,2,451.8,Auto - Replacement,Small Cap
ASALCBR,48.7,56.2,-9,-9,-4,-18.2,-17.4,-18.2,-17.4,-7.3,-25.2,-26.3,3,655.1,Beverages - Alcohol,Small Cap
ASHAPURMIN,43.4,43.4,-6,-5,-4,-24.2,-17.0,-24.2,-17.0,-5.5,-29.1,-29.2,4,523.7,Metals - Misc,Small Cap
ASHIANA,20.1,25.7,-6,-9,-2,-5.5,-2.7,-5.5,-2.7,-5.4,-12.3,-12.5,4,348.35,Real Estate,Small Cap
ASHIMASYN,30.7,68.4,-3,-9,-1,-7.8,0.5,-7.8,0.5,-9.5,-13.5,-12.0,2,16.29,Textile - Spinning/Yarn,Small Cap
ASHOKA,48.9,65.7,-9,-9,-4,-4.8,-15.3,-4.8,-15.3,-6.6,-17.1,-18.4,2,109.53,Infra - Construction,Small Cap
ASIANENE,13.0,13.0,-1,-7,0,4.1,24.0,4.1,10.0,-9.8,-8.1,4.3,5,491.9,Oil and Gas,Small Cap
ASIANHOTNR,6.9,6.9,0,-5,0,20.6,22.1,5.8,12.4,-3.3,1.7,7.7,5,394.5,Leisure - Hotels,Small Cap
ASIANPAINT,18.5,32.2,-6,-9,-1,-9.7,-5.7,-9.7,-5.7,-4.0,-12.2,-12.2,5,2433.7,Consumption - Paints,Large Cap
ASIANTILES,36.5,87.2,-6,-4,-4,0.6,-11.0,0.6,-11.0,-0.1,-9.0,-26.2,1,50.17,Infra - Ceramics,Small Cap
ASKAUTOLTD,9.9,9.9,-5,-9,-1,13.0,15.7,13.0,15.7,-1.4,-4.5,-6.1,8,619.9,Auto - OEM Suppliers,Small Cap
ASPINWALL,15.3,56.2,-2,-1,-3,2.1,6.1,2.1,5.1,-3.0,-3.3,-5.9,1,253.85,Transport - Logistics,Small Cap
ASTEC,29.4,71.0,-1,-5,-3,8.2,-3.1,8.2,-3.1,-9.0,-6.4,-14.2,3,664.6,Agrichem - Protection,Small Cap
ASTERDM,16.1,16.1,-6,-7,-1,-8.7,0.6,-8.7,0.6,-5.4,-14.0,-9.3,9,748.15,Healthcare - Hospitals,Small Cap
ASTRAL,22.1,43.8,-5,-7,-5,-6.4,-5.4,-6.4,-5.4,-8.0,-11.4,-15.0,5,1378.6,Infra - Plastic Pipes,Mid Cap
ASTRAZEN,32.0,37.3,-5,-8,-4,-16.3,-16.3,-16.3,-16.3,-3.9,-19.4,-22.4,6,6701.0,Healthcare - Pharma,Small Cap
ATALREAL,60.5,60.5,-4,-8,-1,-55.8,-50.5,-55.8,-50.5,-45.5,-60.2,-56.5,4,14.5,Real Estate,Small Cap
ATAM,44.4,77.1,-9,-5,-3,16.6,-3.5,8.5,-3.5,10.8,-11.8,-13.6,0,61.71,Engineering,Small Cap
ATGL,31.9,85.4,-9,-9,-4,-16.5,-8.5,-16.5,-8.5,-5.1,-19.4,-24.3,4,585.35,Utility - Gas,Mid Cap
ATHERENERG,11.2,11.2,-1,-2,-1,3.9,20.2,3.9,20.2,-6.5,-6.5,-9.8,5,1548.7,2/3 Wheelers,Small Cap
ATL,40.7,70.9,-2,-6,-1,-1.5,3.3,-1.5,3.3,-6.5,-12.7,-7.4,0,23.97,Transport - Logistics,Small Cap
ATLANTAA,50.7,72.5,-5,-8,-4,-3.1,-4.7,-3.1,-4.7,-9.9,-11.0,-12.6,1,36.21,Infra - Construction,Small Cap
ATLANTAELE,16.0,21.6,-1,-6,-4,-4.0,11.1,-4.0,11.1,-12.2,-11.0,-14.4,5,1688.7,Heavy Electrical Equipment,Small Cap
ATUL,15.1,44.4,-5,-9,-4,-6.3,-5.4,-6.3,-5.4,-6.4,-10.1,-11.1,5,6097.0,Chemicals - Specialty,Small Cap
ATULAUTO,25.9,47.7,-6,-9,-1,-10.0,-7.4,-10.0,-7.4,-4.8,-23.4,-15.3,3,441.85,Auto - CV,Small Cap
AUBANK,9.9,9.9,-3,-9,-1,-4.0,1.1,-4.0,1.1,-4.2,-7.1,-5.1,7,1030.6,Financials - Private Bank,Mid Cap
AURIONPRO,43.5,64.8,-9,-1,-4,2.3,-16.6,2.3,-16.6,0.0,-20.3,-19.5,5,700.7,IT - Software/Consulting,Small Cap
AURUM,15.9,69.7,-8,-5,-1,1.5,14.9,1.5,14.9,-1.6,-7.2,-3.7,1,222.66,IT - Product/Platform,Small Cap
AUSOMENT,19.0,22.6,-1,-6,-4,-1.3,6.4,-1.3,6.4,-10.7,-11.5,-3.9,5,144.15,Others,Small Cap
AUTOAXLES,21.5,38.4,-5,-9,-4,-8.1,-3.2,-8.1,-3.2,-3.7,-9.2,-16.8,4,1659.9,Auto - Replacement,Small Cap
AUTOIND,24.0,52.2,-5,-9,-1,-9.4,-3.7,-9.4,-3.7,-12.6,-19.6,-10.7,2,79.0,Auto - OEM Suppliers,Small Cap
AVADHSUGAR,18.1,18.1,-3,-5,-1,8.2,24.1,8.2,24.1,-13.3,-14.7,-15.2,4,724.95,Agri - Sugar,Small Cap
AVALON,7.0,6.1,-1,-8,-1,3.9,21.9,3.9,21.9,-2.9,-0.5,-5.0,5,2254.0,Electronic - Equipment,Small Cap
AVANTIFEED,51.3,51.3,-8,-6,-4,-18.5,-27.2,-18.5,-27.2,-5.8,-24.3,-43.8,1,776.1,Agri - Animal Feed,Small Cap
AVG,38.1,75.5,-9,-3,-1,-18.1,-4.9,-18.1,-4.9,-9.0,-27.9,-19.8,2,163.73,Transport - Logistics,Small Cap
AVL,11.5,11.5,-7,5,-2,4.9,9.3,2.3,9.3,0.6,-2.2,-7.0,3,624.15,Consumption - Retail,Small Cap
AVROIND,49.7,65.3,-9,-8,-4,-3.7,-28.0,-3.7,-28.0,-10.9,-21.3,-41.7,4,7.99,Consumption - Misc,Small Cap
AVTNPL,10.4,35.9,-1,-8,-1,0.6,14.0,0.6,14.0,-5.7,-5.0,-5.6,3,86.93,Agri - Misc,Small Cap
AWFIS,57.6,71.3,-9,-2,-4,2.7,-12.1,2.7,-12.1,-7.5,-10.5,-22.8,0,271.3,Human Resources,Small Cap
AWHCL,42.5,61.4,-9,-6,-4,-21.3,-23.0,-21.3,-23.0,-7.2,-27.8,-31.5,3,347.85,Engineering,Small Cap
AWL,35.2,79.1,-5,-9,-4,-3.2,-4.1,-3.2,-4.1,-4.3,-7.4,-6.7,0,183.29,Agri - Edible Oil,Large Cap
AXISBANK,12.5,12.5,-9,-9,-3,-0.3,-2.4,-0.3,-2.4,-2.4,-8.5,-9.4,5,1240.5,Financials - Private Bank,Large Cap
AXISCADES,21.6,21.6,-1,-2,-4,6.5,9.6,6.5,9.6,-7.9,-5.3,-13.6,5,1734.4,IT - Services,Small Cap
AYE,,6.6,-1,-6,0,4.7,9.5,4.7,5.4,-0.9,-0.4,2.7,0,184.31,Non Banking Financial Company (NBFC),Small Cap
AYMSYNTEX,15.9,15.9,-1,-5,-1,2.7,10.7,2.7,10.7,-13.2,-11.9,-1.1,3,277.4,Textile - Spinning/Yarn,Small Cap
AZAD,11.3,11.3,-2,-7,-1,0.1,12.1,0.1,12.1,-7.0,-7.4,-7.4,5,2649.0,Engineering,Small Cap
BAFNAPH,3.2,3.2,0,8,0,5.6,30.1,3.1,30.1,-0.5,2.1,1.3,2,308.2,Healthcare - Pharma,Small Cap
BAJAJ-AUTO,7.4,9.6,-2,-9,-1,-1.3,4.6,-1.3,4.6,-4.2,-3.1,-4.8,6,11549.0,Auto - 2W,Large Cap
BAJAJCON,27.0,27.0,-9,-6,-3,2.3,14.4,2.3,14.4,-3.7,-24.8,-15.7,2,504.85,Consumption - Personal,Small Cap
BAJAJELEC,42.4,78.4,-5,-8,-4,-6.8,-0.2,-6.8,-0.2,-4.9,-13.7,-18.5,4,322.9,Consumption - Appliances,Small Cap
BAJAJFINSV,15.8,15.8,-6,-9,-1,-3.3,0.6,-3.3,0.6,-7.1,-9.9,-9.9,5,1847.5,Financials - Misc,Large Cap
BAJAJHCARE,35.7,56.3,-8,-5,-3,-2.3,3.9,-2.3,3.9,-3.0,-14.0,-7.3,3,325.7,Healthcare - Pharma,Small Cap
BAJAJHIND,23.7,56.9,-3,-7,-1,4.7,3.0,4.7,3.0,-12.8,-17.1,-11.7,4,19.85,Agri - Sugar,Small Cap
BAJAJHLDNG,17.2,25.7,-4,-8,-1,-2.1,3.1,-2.1,3.1,-1.9,-4.7,-5.8,6,10971.0,Financials - Misc,Large Cap
BAJEL,22.3,48.3,-5,-7,-3,-6.9,-4.0,-6.9,-4.0,-8.2,-12.5,-15.3,2,170.7,Engineering,Small Cap
BAJFINANCE,13.3,13.3,-6,-8,-1,-3.5,1.0,-3.5,1.0,-4.0,-13.3,-13.3,7,1019.7,Financials - NBFC,Large Cap
BALAJITELE,29.1,53.4,-3,-8,-4,3.0,8.4,3.0,8.4,0.3,-3.8,-12.5,1,94.5,Media - Entertainment,Small Cap
BALAXI,47.9,89.1,-1,-9,-4,-1.2,6.4,-1.2,6.4,-9.4,-9.2,-12.9,3,23.6,Healthcare - Pharma,Small Cap
BALKRISHNA,34.4,80.7,-9,-6,-2,-5.1,-4.3,-5.1,-4.3,-4.2,-11.6,-14.7,1,16.61,Paper,Small Cap
BALKRISIND,23.1,36.8,-5,-9,-1,-2.4,-4.8,-2.4,-4.8,-8.7,-14.0,-13.9,5,2133.5,Auto - Tyres,Mid Cap
BALMLAWRIE,23.7,49.4,-9,-8,-4,-7.1,-6.3,-7.1,-6.3,-9.0,-11.3,-13.7,2,162.19,Others,Small Cap
BALPHARMA,17.8,35.2,-1,-4,3,8.9,21.7,8.9,11.3,-10.2,-4.7,13.6,2,102.38,Healthcare - Pharma,Small Cap
BALRAMCHIN,13.2,13.2,-3,-7,-1,0.1,11.1,0.1,11.1,-5.5,-7.5,-2.3,6,677.85,Agri - Sugar,Small Cap
BALUFORGE,27.4,44.5,-2,-8,-1,-10.8,4.8,-10.8,4.8,-16.0,-23.1,-21.9,0,492.35,Engineering,Small Cap
BANARBEADS,33.2,35.1,-7,-6,-1,-2.1,2.6,-2.1,2.6,-4.5,-9.8,-7.9,4,110.01,Consumption - Jewelry,Small Cap
BANARISUG,24.9,26.7,-3,-9,-1,-10.3,-2.3,-10.3,-2.3,-16.4,-19.6,-17.1,4,3256.0,Agri - Sugar,Small Cap
BANCOINDIA,32.4,32.4,-6,-6,-3,-6.8,-2.4,-6.8,-2.4,-6.2,-14.1,-13.6,4,594.5,Auto - Replacement,Small Cap
BANDHANBNK,21.7,76.7,-8,-2,-3,-15.4,-6.0,-15.4,-6.0,-2.1,-19.1,-18.9,0,172.86,Financials - Private Bank,Small Cap
BANG,46.9,65.8,-1,-2,-4,0.9,-7.2,0.9,-7.2,-6.1,-6.8,-20.5,3,32.99,Textile - Apparels,Small Cap
BANKA,19.5,53.4,-9,-1,-2,-11.0,6.1,-11.0,6.1,-3.9,-16.8,-17.8,3,77.7,Engineering,Small Cap
BANKBARODA,27.9,27.9,-6,-9,-3,-3.6,-13.1,-3.6,-13.1,-2.8,-7.2,-24.8,5,234.75,Financials - PSU Bank,Large Cap
BANKINDIA,21.7,35.6,-1,-8,-3,-1.2,3.8,-1.2,3.8,-3.7,-3.7,-18.1,1,139.6,Financials - PSU Bank,Mid Cap
BANSALWIRE,16.0,38.4,-5,-7,-2,-1.9,2.9,-1.9,2.9,-3.0,-15.4,-11.2,0,310.65,Metals - Iron & Steel,Small Cap
BANSWRAS,24.1,42.0,-8,-9,-3,-13.1,-5.3,-13.1,-5.3,-8.2,-18.8,-19.0,5,109.34,Textile - Spinning/Yarn,Small Cap
BASF,25.7,59.0,-5,-8,-1,-5.4,-0.5,-5.4,-0.5,-7.0,-12.8,-5.2,4,3589.9,Chemicals - Specialty,Small Cap
BASML,27.5,82.3,-5,-8,-3,-10.3,-6.8,-10.3,-6.8,-8.1,-16.2,-17.6,1,23.12,Textile - Spinning/Yarn,Small Cap
BATAINDIA,48.6,71.9,-4,-9,-4,-8.7,-5.7,-8.7,-5.7,-5.9,-16.3,-16.2,4,636.25,Consumption - Footwear,Mid Cap
BAYERCROP,23.7,45.4,-6,-8,-4,-6.0,-14.3,-6.0,-14.3,-1.7,-8.0,-17.6,3,3927.0,Agrichem - Protection,Mid Cap
BBL,35.4,61.3,-9,-9,-4,-5.5,-10.6,-5.5,-10.6,-4.6,-20.6,-28.9,5,2201.9,Power - Equipment,Small Cap
BBOX,29.3,30.5,-9,-2,-4,2.3,12.1,2.3,12.1,-4.2,-23.1,-26.0,6,767.0,IT - Services,Small Cap
BBTC,33.4,52.2,-3,-7,-3,-4.6,-5.8,-4.6,-5.8,-5.9,-9.0,-12.2,2,1422.2,Consumption - FMCG,Small Cap
BBTCL,13.7,34.5,-4,-8,-2,-1.8,4.1,-1.8,4.1,-2.8,-13.7,-6.3,4,226.0,Packaging,Small Cap
BCG,34.9,92.0,-4,-6,-3,3.6,1.4,3.6,1.4,-6.4,-2.1,-9.6,2,9.84,IT - Services,Small Cap
BCLIND,20.9,61.4,-6,-7,-3,-7.2,-5.1,-7.2,-5.1,-9.4,-11.8,-13.4,3,33.3,Agri - Edible Oil,Small Cap
BCONCEPTS,58.7,83.7,-9,-7,-4,-19.1,-24.3,-19.1,-24.3,-8.7,-26.3,-36.7,3,157.0,Consumption - Misc,Small Cap
BDL,30.0,45.5,-4,-8,-2,-12.6,-6.4,-12.6,-6.4,-9.5,-19.1,-16.9,8,1143.1,Defense - Misc,Mid Cap
BEARDSELL,35.6,74.2,-9,-7,-3,-6.1,-6.7,-6.1,-6.7,-5.9,-17.1,-17.4,1,24.06,Packaging,Small Cap
BEDMUTHA,29.2,67.6,-5,-6,-4,-7.7,-1.1,-7.7,-1.1,-8.7,-12.1,-20.3,4,102.0,Power - Wiring,Small Cap
BEL,17.1,17.1,-3,-6,-4,-2.5,-3.7,-2.5,-3.7,-4.3,-7.0,-11.2,5,392.6,Defense - Misc,Large Cap
BELRISE,14.3,14.3,-5,-8,-2,-3.6,1.6,-3.6,1.6,-3.2,-10.0,-4.5,5,229.74,Auto Components & Equipments,Small Cap
BEML,11.5,26.6,-1,-7,0,2.5,12.0,2.5,12.0,-5.5,-2.5,4.1,5,2015.0,Defense - Misc,Small Cap
BEPL,8.3,28.3,-1,-6,0,1.8,12.1,1.8,12.1,-5.4,-0.9,4.8,2,126.94,Chemicals - Specialty,Small Cap
BERGEPAINT,24.7,38.4,-4,-9,-1,-13.9,-5.5,-13.9,-5.5,-8.7,-18.4,-14.3,5,447.8,Consumption - Paints,Mid Cap
BESTAGRO,46.2,84.4,-5,-8,-1,13.4,11.8,13.4,11.8,-8.5,-7.8,-6.1,2,18.51,Agrichem - Protection,Small Cap
BETA,25.7,25.7,-5,-9,-1,-10.0,5.5,-10.0,5.5,-6.7,-18.2,-7.7,5,2085.5,Healthcare - Pharma,Small Cap
BFINVEST,25.3,47.3,-9,-9,-1,-5.5,2.0,-5.5,2.0,-7.3,-12.0,-6.8,3,436.5,Financials - Misc,Small Cap
BFUTILITIE,36.9,53.4,-8,-3,-3,-8.0,-0.7,-8.0,-0.7,-3.8,-15.0,-14.9,3,526.0,Infra - Construction,Small Cap
BGRENERGY,53.2,53.2,-7,-6,-4,-20.9,-23.7,-20.9,-23.7,-10.6,-26.9,-33.7,2,229.5,Infra - Construction,Small Cap
BHAGCHEM,22.5,45.1,-6,-9,-2,-9.8,-9.1,-9.8,-9.1,-8.2,-17.0,-16.4,5,245.65,Agrichem - Protection,Small Cap
BHAGERIA,9.7,9.7,-1,-5,0,24.9,43.1,24.9,21.7,-7.0,-3.4,23.2,2,308.95,Chemicals - Dyes,Small Cap
BHAGYANGR,0.0,0.0,0,4,2,15.4,22.8,9.4,15.4,5.3,5.7,3.4,4,446.5,Metals - Copper,Small Cap
BHARATFORG,17.4,17.4,-5,-7,-1,-12.5,-3.5,-12.5,-3.5,-5.4,-16.8,-14.5,5,1895.6,Metals - Casting/Forging,Mid Cap
BHARATGEAR,28.6,41.5,-7,-9,-3,-15.9,-13.0,-15.9,-13.0,-2.9,-24.2,-23.7,1,100.94,Auto - Replacement,Small Cap
BHARATRAS,61.0,69.2,-5,-9,-4,-10.3,-5.7,-10.3,-5.7,-3.0,-14.4,-19.8,5,1164.2,Agrichem - Protection,Small Cap
BHARATSE,20.2,20.2,-5,-7,-1,-7.1,4.9,-7.1,4.9,-7.2,-15.4,-6.4,5,209.9,Auto - OEM Suppliers,Small Cap
BHARATWIRE,35.1,57.5,-9,-9,-4,-14.3,-7.4,-14.3,-7.4,-5.8,-21.4,-23.7,2,170.16,Power - Wiring,Small Cap
BHARTIARTL,15.7,15.7,-5,-9,-1,-4.5,1.2,-4.5,1.2,-1.6,-8.0,-7.8,6,1833.0,Telecom,Large Cap
BIGBLOC,50.0,73.1,-5,-7,-3,-10.4,-14.0,-10.4,-14.0,-4.6,-20.1,-20.9,5,39.97,Infra - Cement,Small Cap
BIKAJI,29.3,46.1,-6,-9,-4,-13.6,-14.1,-13.6,-14.1,-8.4,-18.2,-20.1,4,543.15,Consumption - Misc,Small Cap
BIL,8.5,8.5,-1,-4,0,12.0,34.5,12.0,19.3,-4.5,-1.9,23.5,3,1052.35,Leather Products,Small Cap
BIOCON,15.5,22.5,-8,-9,-1,-10.5,-4.3,-10.5,-4.3,-6.2,-14.2,-11.9,3,377.9,Healthcare - Biotech,Mid Cap
BIOFILCHEM,29.0,90.8,-1,-3,-3,0.3,-1.4,0.3,-1.4,-7.7,-4.7,-8.9,2,32.88,Healthcare - Pharma,Small Cap
BIRLACABLE,2.5,6.5,0,6,0,17.8,77.8,10.0,37.1,3.8,1.7,29.6,4,401.65,Telecom,Small Cap
BIRLACORPN,40.1,55.3,-9,-8,-4,-15.3,-16.1,-15.3,-16.1,-8.8,-20.6,-19.2,3,806.0,Infra - Cement,Small Cap
BIRLAMONEY,33.7,60.7,-9,-7,-4,-11.8,-4.6,-11.8,-4.6,-6.3,-20.5,-19.7,3,119.24,Financials - Broking,Small Cap
BIRLANU,30.2,79.3,-5,-7,-1,-1.4,4.6,-1.4,4.6,-3.9,-15.8,-6.9,4,1396.0,Infra - Home Furnish,Small Cap
BIRLAPREC,,11.8,-1,-2,0,5.2,33.9,5.2,19.4,-7.6,-8.8,22.8,0,56.0,,
BLACKBUCK,15.9,15.9,-3,-2,0,5.8,11.3,5.8,7.3,0.4,-0.8,6.0,3,629.35,Transport - Logistics,Small Cap
BLAL,27.6,57.6,-9,-9,-4,-11.0,-10.8,-11.0,-10.8,-2.9,-17.9,-16.2,2,160.19,Real Estate,Small Cap
BLISSGVS,4.5,4.5,-1,-5,0,8.4,40.9,8.4,20.6,-2.6,-3.6,12.7,2,695.0,Healthcare - Pharma,Small Cap
BLKASHYAP,18.8,57.1,-1,-7,-4,-5.4,3.5,-5.4,3.5,-12.3,-13.2,-9.5,2,51.82,Real Estate,Small Cap
BLS,36.2,56.1,-4,-9,-4,-10.4,-5.8,-10.4,-5.8,-4.7,-18.2,-17.7,4,228.92,Leisure - Misc,Small Cap
BLSE,4.4,25.3,-3,-9,-1,0.3,14.6,0.3,14.6,-2.1,-2.9,-3.4,3,316.65,IT - Services,Small Cap
BLUECOAST,68.4,86.4,-9,-5,-4,-21.9,-17.7,-21.9,-17.7,-9.3,-24.0,-34.9,0,21.09,Leisure - Hotels,Small Cap
BLUEDART,31.2,49.8,-6,-8,-1,-3.0,-1.4,-3.0,-1.4,-4.2,-13.0,-13.0,3,4839.5,Transport - Logistics,Mid Cap
BLUEJET,18.5,45.0,-6,-9,-1,-0.9,7.7,-0.9,7.7,-2.8,-10.7,-10.7,5,565.0,Healthcare - Pharma,Small Cap
BLUESTARCO,25.8,37.6,-9,-2,-4,-7.1,4.1,-7.1,4.1,-3.1,-10.5,-19.0,5,1509.3,Consumption - Appliances,Small Cap
BLUESTONE,9.0,9.0,-1,-2,0,3.0,17.4,3.0,8.4,-5.3,-5.3,2.4,5,843.0,Gems Jewellery And Watches,Small Cap
BODALCHEM,4.8,6.8,0,-6,0,29.3,127.0,14.6,55.5,-0.9,4.8,51.9,2,180.64,Chemicals - Dyes,Small Cap
BOHRAIND,45.3,98.7,-3,-2,-4,-1.7,-24.9,-1.7,-24.9,-5.5,-18.6,-32.9,0,13.02,Agrichem - Fertilizers,Small Cap
BOMDYEING,40.4,66.6,-9,-7,-2,-12.6,-7.7,-12.6,-7.7,-5.5,-17.2,-19.2,1,107.65,Textiles - Processing,Small Cap
BORANA,26.5,26.5,-5,-6,-5,-2.1,2.3,-2.1,2.3,-5.4,-10.2,-18.8,5,308.5,,
BOROLTD,31.5,51.8,-1,-5,3,0.1,6.3,0.1,3.4,-4.8,-3.9,0.7,3,248.88,Consumption - Misc,Small Cap
BORORENEW,37.0,45.5,-9,-8,-3,-23.6,-14.9,-23.6,-14.9,-10.7,-29.1,-24.6,2,454.1,Power - Green,Small Cap
BOSCH-HCIL,10.5,51.4,-1,-7,-1,2.4,15.5,2.4,15.5,-8.1,-7.3,-2.3,1,1692.0,Consumption - Appliances,Small Cap
BPCL,22.4,22.4,-6,-9,-1,-3.1,-0.2,-3.1,-0.2,-4.8,-6.4,-17.4,3,304.05,Petro - Refineries,Large Cap
BPL,43.9,73.7,-9,-7,-4,-15.7,-9.4,-15.7,-9.4,-6.6,-20.1,-17.0,1,46.39,Consumption - Electronics,Small Cap
BRIGADE,22.5,43.0,-1,-9,-1,0.2,7.5,0.2,7.5,-12.2,-11.2,-5.2,5,621.7,Real Estate,Small Cap
BRITANNIA,19.9,22.4,-5,-9,-4,-7.8,-3.7,-7.8,-3.7,-2.1,-9.7,-14.4,6,5021.5,Consumption - FMCG,Large Cap
BRNL,37.0,92.4,-7,-9,-5,-3.8,-14.4,-3.8,-14.4,-3.3,-9.2,-19.6,0,16.7,Infra - Construction,Small Cap
BROOKS,54.5,68.3,-9,-6,-3,-0.3,8.1,-0.3,8.1,-7.3,-20.3,-8.6,2,62.99,Healthcare - Pharma,Small Cap
BSE,26.5,26.5,-9,-8,-3,2.4,-5.7,2.4,-5.7,-5.1,-14.6,-21.2,5,3268.3,IT - Product/Platform,Mid Cap
BSHSL,35.0,87.3,-3,-6,-4,-4.1,-1.9,-4.1,-1.9,-8.1,-8.0,-14.6,6,84.5,Agri - Seeds,Small Cap
BSL,41.5,63.8,-9,-5,-2,-0.9,-1.2,-0.9,-1.2,-4.4,-9.8,-13.9,4,119.99,Textile - Spinning/Yarn,Small Cap
BSOFT,40.1,67.1,-5,-9,-4,-6.6,-16.3,-6.6,-16.3,-3.5,-11.2,-24.1,5,283.85,IT - Software/Consulting,Small Cap
BUILDPRO,,7.7,-5,-5,0,6.8,7.8,6.8,3.6,-2.3,-4.7,1.5,0,1273.4,Speciality Retail,Small Cap
BUTTERFLY,29.4,69.5,-8,-9,-1,-19.9,-9.2,-19.9,-9.2,-6.2,-25.1,-19.6,3,581.35,Consumption - Appliances,Small Cap
BVCL,25.1,46.6,-2,-9,-4,-2.5,2.0,-2.5,2.0,-7.2,-8.6,-10.5,2,41.14,Infra - Cement,Small Cap
BYKE,59.1,86.5,-6,-8,-5,-10.7,9.8,-10.7,9.8,-7.7,-15.8,-25.9,1,29.9,Leisure - Hotels,Small Cap
CALSOFT,18.5,69.2,-2,-9,-1,24.4,39.6,24.4,39.6,-18.0,-14.3,-5.7,1,35.13,IT - Software/Consulting,Small Cap
CAMLINFINE,52.5,69.8,-9,-6,-3,-19.5,-20.4,-19.5,-20.4,-3.3,-26.3,-28.6,3,100.77,Chemicals - Specialty,Small Cap
CAMPUS,26.5,66.9,-9,-9,-4,-5.9,-7.7,-5.9,-7.7,-5.2,-10.3,-16.4,0,211.67,Consumption - Footwear,Small Cap
CAMS,16.5,34.2,-6,-9,-1,-9.0,-3.4,-9.0,-3.4,-6.0,-12.9,-12.9,3,705.9,IT - Product/Platform,Small Cap
CANBK,23.9,23.9,-5,-9,-4,-2.9,1.8,-2.9,1.8,-2.2,-6.3,-17.5,4,124.0,Financials - PSU Bank,Large Cap
CANFINHOME,20.3,20.3,-9,-8,-3,-12.5,-6.0,-12.5,-6.0,-4.2,-16.0,-11.4,5,774.4,Financials - Housing,Small Cap
CANHLIFE,7.8,7.8,-1,-7,-1,2.8,5.5,2.8,5.5,-2.0,-3.1,-1.6,5,153.64,Life Insurance,Small Cap
CANTABIL,25.3,28.1,-8,-8,-1,-3.6,2.9,-3.6,2.9,-0.4,-8.2,-7.6,7,240.15,Textile - Apparels,Small Cap
CAPACITE,39.3,59.0,-9,-8,-2,-11.0,-14.6,-11.0,-14.6,-10.5,-23.6,-25.1,1,190.8,Infra - Construction,Small Cap
CAPITALSFB,15.1,41.4,-5,-8,-1,-4.3,-1.9,-4.3,-1.9,-3.0,-10.5,-5.9,0,274.8,Financials - Private Bank,Small Cap
CAPTRUST,46.5,96.8,-4,-6,-1,6.7,28.6,6.7,28.6,-9.0,-15.9,-6.3,0,18.24,Financials - NBFC,Small Cap
CARBORUNIV,19.3,42.7,-3,-7,-2,-2.5,13.0,-2.5,13.0,-6.1,-10.2,-11.0,5,1054.1,Engineering,Small Cap
CARERATING,9.6,15.4,-6,-7,-1,-1.5,3.7,-1.5,3.7,-4.9,-5.0,-3.9,4,1661.9,Financials - Ratings,Small Cap
CARTRADE,11.4,11.4,-1,-7,-1,1.9,7.9,1.9,2.2,-8.2,-5.6,-2.5,5,2915.7,IT - Product/Platform,Small Cap
CASTROLIND,8.3,33.2,-5,-7,2,2.1,3.1,2.1,1.6,-0.1,-1.7,1.7,2,189.95,Petro - Lubricants,Small Cap
CCAVENUE,24.4,69.4,-9,-2,-2,-7.0,3.7,-7.0,3.7,-3.4,-14.4,-6.1,1,15.49,IT - Product/Platform,Small Cap
CCCL,47.1,52.1,-9,-7,-2,-7.8,-5.0,-7.8,-5.0,-3.7,-17.8,-21.0,3,13.83,Infra - Construction,Small Cap
CEATLTD,25.7,25.7,-9,-8,-2,-7.2,-0.3,-7.2,-0.3,-1.3,-14.7,-5.8,4,3298.6,Auto - Tyres,Small Cap
CEMPRO,24.0,24.0,-8,-7,-1,-10.0,23.1,-10.0,23.1,-4.6,-22.6,-8.8,5,1253.6,Infra - Construction,Small Cap
CENTENKA,16.5,35.2,-1,-9,-1,-2.8,5.9,-2.8,5.9,-9.6,-9.3,-8.8,3,560.7,Textile - Misc,Small Cap
CENTEXT,43.5,43.5,-5,-2,-1,-0.8,1.4,-0.8,1.4,-10.5,-16.3,-11.6,4,19.64,Metals - Misc,Small Cap
CENTRALBK,25.6,75.3,-9,-9,-4,-3.5,-4.8,-3.5,-4.8,-1.7,-7.6,-19.4,0,30.46,Financials - PSU Bank,Mid Cap
CENTRUM,40.1,67.9,-4,-9,-5,-11.2,-7.5,-11.2,-7.5,-5.7,-18.3,-26.8,0,21.5,Financials - Misc,Small Cap
CENTUM,0.8,0.8,0,6,1,16.2,29.6,9.6,18.3,2.0,5.3,15.4,5,4414.1,Electronic - Equipment,Small Cap
CENTURYPLY,16.5,23.3,-7,-8,-1,-7.6,-4.2,-7.6,-4.2,-4.4,-11.3,-10.6,4,716.95,Infra - Laminates,Small Cap
CERA,16.7,48.0,-9,-9,-2,-6.4,6.6,-6.4,6.6,-3.2,-13.2,-13.4,4,5616.0,Infra - Home Furnish,Small Cap
CESC,30.3,32.9,-4,-5,-4,-10.9,-12.6,-10.9,-12.6,-4.5,-16.1,-24.0,3,142.54,Power - Misc,Small Cap
CEWATER,49.5,69.7,-9,-5,-2,0.3,-7.7,0.3,-7.7,-8.4,-26.0,-22.6,0,260.75,Engineering,Small Cap
CGCL,9.5,70.3,-1,-7,0,3.7,12.7,3.7,12.7,-7.0,-8.0,1.5,6,260.2,Financials - NBFC,Small Cap
CHALET,14.9,21.9,-3,-8,-1,-2.0,2.0,-2.0,2.0,-6.5,-6.2,-6.5,2,845.1,Leisure - Hotels,Small Cap
CHAMBLFERT,21.2,44.5,-9,-2,-3,-6.4,-8.2,-6.4,-8.2,-2.0,-13.7,-14.1,4,411.55,Agrichem - Fertilizers,Small Cap
CHEMBOND,21.9,75.1,-1,-4,-2,4.7,11.7,4.7,4.7,-17.7,-14.8,-2.1,5,185.03,Chemicals - Specialty,Small Cap
CHEMCON,26.6,71.1,-1,-5,0,4.2,13.5,4.2,7.0,-3.7,-2.6,5.4,0,211.61,Chemicals - Specialty,Small Cap
CHEMFAB,45.9,71.1,-9,-3,-5,1.5,-4.0,1.5,-4.0,-7.5,-8.2,-13.0,4,355.4,Chemicals - Bulk,Small Cap
CHEMPLASTS,59.3,79.7,-7,-8,-5,-13.6,-25.2,-13.6,-25.2,-8.1,-19.2,-36.7,0,167.76,Chemicals - Bulk,Small Cap
CHENNPETRO,13.2,13.2,-1,-4,0,5.7,16.8,5.7,7.2,-10.0,-7.4,6.5,4,1456.4,Petro - Refineries,Small Cap
CHEVIOT,14.3,28.9,-1,-5,3,2.0,13.7,2.0,2.0,-3.7,-2.7,0.2,2,1175.0,Paper,Small Cap
CHOICEIN,15.4,15.4,-5,-4,-1,-9.6,-3.0,-9.6,-3.0,-5.2,-13.7,-12.1,6,728.15,Financials - Misc,Small Cap
CHOLAHLDNG,27.4,32.9,-9,-4,-2,-2.8,-3.3,-2.8,-3.3,-2.0,-10.5,-10.2,4,1497.8,Financials - Misc,Small Cap
CIEINDIA,28.6,39.7,-8,-8,-4,-17.8,-14.8,-17.8,-14.8,-2.8,-21.1,-21.6,4,375.6,Auto - OEM Suppliers,Small Cap
CIGNITITEC,,,,,,,,,,,,,,,,
CINELINE,12.8,50.8,-1,-5,0,0.6,6.2,0.6,3.4,-8.2,-7.5,1.4,2,91.0,Real Estate,Small Cap
CIPLA,18.8,20.2,-6,-9,-1,-5.2,-0.5,-5.2,-0.5,-3.2,-7.9,-7.9,5,1359.0,Healthcare - Pharma,Large Cap
CLEAN,25.6,69.5,-1,-9,-1,1.1,5.5,1.1,5.5,-4.3,-2.0,0.2,0,824.8,Chemicals - Bulk,Mid Cap
CLEDUCATE,40.9,59.1,-3,-9,-1,-4.7,6.1,-4.7,6.1,-9.7,-14.2,-9.7,3,56.07,IT - Education,Small Cap
CLSEL,9.9,34.6,-1,-5,-1,-0.6,8.3,-0.6,8.3,-5.0,-3.1,-2.7,5,292.65,Agri - Rice,Small Cap
CMSINFO,41.3,62.5,-7,-9,-4,-13.8,-18.7,-13.8,-18.7,-6.6,-16.9,-24.1,5,230.99,IT - Services,Small Cap
CNL,19.2,19.2,-4,-9,-1,-10.6,11.1,-10.6,11.1,-14.4,-14.7,-16.2,8,1072.8,Textile - Apparels,Small Cap
COALINDIA,14.3,22.5,-7,-5,-4,2.9,-1.5,2.9,-1.5,-2.7,-4.0,-12.5,4,421.15,Utility - Misc,Large Cap
COASTCORP,44.5,65.4,-9,-8,-4,-25.4,-23.6,-25.4,-23.6,-12.3,-29.7,-38.6,0,37.01,Consumption - Misc,Small Cap
COCHINSHIP,31.2,55.4,-3,-5,-4,-9.8,-8.8,-9.8,-8.8,-13.9,-13.5,-23.4,3,1327.9,Defense - Ship Building,Small Cap
COFFEEDAY,31.7,91.8,-1,-6,-4,0.5,7.5,0.5,7.5,-10.1,-7.6,-12.0,2,30.6,Leisure - Restaurants,Small Cap
COFORGE,12.6,12.6,-2,-9,-1,-5.3,19.8,-5.3,19.8,-10.6,-12.3,-11.0,6,1767.0,IT - Software/Consulting,Mid Cap
COHANCE,52.5,68.0,-4,-9,-4,-1.9,12.8,-1.9,12.8,-5.6,-5.9,-9.9,6,435.55,Healthcare - Pharma,Small Cap
COLPAL,20.7,52.5,-7,-1,-4,-9.7,-8.9,-9.7,-8.9,-0.5,-11.5,-15.9,5,1848.4,Consumption - Personal,Mid Cap
CONCOR,12.0,58.5,-4,-6,-1,-4.1,0.8,-4.1,0.8,-4.1,-7.5,-7.0,5,490.05,Transport - Logistics,Mid Cap
CONCORDBIO,13.0,45.5,-3,-2,-1,-0.2,12.7,-0.2,2.2,-3.6,-7.6,0.4,2,1451.3,Healthcare - Pharma,Small Cap
CONFIPET,5.2,27.6,-1,-4,0,5.9,17.3,5.9,9.4,-2.5,-2.6,6.8,4,86.93,Utility - Misc,Small Cap
CONSOFINVT,6.2,13.5,-1,-5,-1,8.4,13.7,8.4,8.8,-3.6,-0.8,-0.3,3,300.15,Financials - NBFC,Small Cap
CONTROLPR,27.3,43.4,-8,8,-5,3.2,0.2,2.2,0.2,0.2,-11.4,-6.6,2,603.55,IT - Equipments,Small Cap
CORALFINAC,31.4,69.6,-6,-7,-1,-2.0,0.6,-2.0,0.6,-3.0,-6.9,-6.9,0,32.35,Financials - Housing,Small Cap
CORDSCABLE,7.9,7.9,-1,-6,0,19.8,60.7,10.2,30.4,-2.6,-2.6,28.8,3,363.8,Power - Wiring,Small Cap
COROMANDEL,22.6,28.9,-5,-6,-1,-5.7,-0.3,-5.7,-0.3,-1.5,-7.7,-11.3,5,1933.5,Agrichem - Fertilizers,Mid Cap
CORONA,,6.3,-1,-2,-1,0.7,12.6,0.7,3.4,-4.1,-4.0,-2.8,5,2147.3,Pharmaceuticals,Small Cap
COSMOFIRST,11.5,38.2,-4,-9,-1,-2.3,10.9,-2.3,10.9,-7.1,-7.4,-5.1,3,881.9,Packaging,Small Cap
CPCAP,1.6,75.3,0,-1,0,10.2,25.3,5.7,16.6,-0.1,4.2,20.0,4,140.7,IT - Education,Small Cap
CPPLUS,14.2,14.2,-1,-5,-2,-1.8,3.4,-1.8,1.0,-8.2,-8.1,-4.0,5,3514.0,Others,Small Cap
CRAMC,34.5,34.5,-3,-7,-1,-4.9,-4.7,-4.9,-4.7,-8.7,-12.5,-11.6,0,231.55,,
CREDITACC,13.8,21.6,-6,-8,-1,-6.2,3.1,-6.2,3.1,-2.9,-12.1,-12.1,3,1408.6,Financials - MFI,Small Cap
CREST,13.9,42.1,-7,-6,-2,-3.3,1.9,-3.3,1.9,-1.8,-7.5,-7.5,3,359.95,Financials - NBFC,Small Cap
CRISIL,9.5,34.0,-2,-8,-1,0.8,4.8,0.8,4.8,-4.4,-4.5,-4.9,4,4585.2,Financials - Ratings,Mid Cap
CROMPTON,27.7,56.2,-9,-5,-4,-9.6,-9.4,-9.6,-9.4,-3.2,-17.0,-20.1,3,224.58,Consumption - Appliances,Small Cap
CROWN,32.9,66.2,-7,-4,-4,-0.2,-1.0,-0.2,-1.0,-5.4,-5.2,-17.1,4,110.0,Engineering,Small Cap
CSBBANK,44.2,44.2,-8,-9,-4,-8.5,-6.6,-8.5,-6.6,-2.4,-13.1,-16.7,6,320.55,Financials - Private Bank,Small Cap
CSLFINANCE,33.0,59.2,-1,-8,-1,-3.8,3.3,-3.8,3.3,-12.8,-14.7,-12.8,2,217.41,Financials - NBFC,Small Cap
CTE,34.6,73.4,-3,-9,-1,-3.8,21.6,-3.8,21.6,-13.1,-24.4,-13.6,1,39.2,IT - Software/Consulting,Small Cap
CUBEXTUB,46.7,46.7,-4,-4,-4,-2.6,-12.5,-2.6,-12.5,-4.3,-11.2,-24.7,5,76.59,Metals - Copper,Small Cap
CUMMINSIND,19.1,19.1,-7,-4,-4,-8.4,-4.3,-8.4,-4.3,-4.3,-12.5,-16.0,6,4937.5,Industrial - Pumps/Engines,Large Cap
CUPID,6.7,6.7,-4,-1,-1,4.8,28.3,4.8,12.6,-1.3,-5.3,-0.6,5,278.9,Consumption - Personal,Small Cap
CYBERTECH,48.6,99.4,-7,-4,-2,0.5,9.6,0.5,9.6,-0.8,-4.1,-5.3,3,141.16,IT - Software/Consulting,Small Cap
CYIENT,13.1,56.8,-2,-9,-1,13.4,12.4,13.4,12.4,-6.4,-4.5,-9.6,4,1061.8,IT - Services,Small Cap
CYIENTDLM,9.8,9.8,0,-6,0,15.4,45.0,15.4,45.0,-5.4,0.6,7.9,2,909.85,Electronic - Equipment,Small Cap
DABUR,28.3,43.0,-9,-1,-4,-9.3,-5.0,-9.3,-5.0,-0.5,-14.5,-23.5,5,383.05,Consumption - Personal,Large Cap
DALBHARAT,27.3,33.8,-3,-9,-4,-7.2,-5.2,-7.2,-5.2,-5.1,-10.3,-12.5,3,1687.5,Infra - Cement,Mid Cap
DALMIASUG,23.8,32.3,-3,-9,-1,-7.4,2.4,-7.4,2.4,-14.2,-21.4,-18.2,3,396.0,Agri - Sugar,Small Cap
DAMODARIND,23.9,65.2,-9,-2,-4,1.8,9.3,1.8,9.3,-2.7,-15.4,-13.2,1,28.3,Textile - Spinning/Yarn,Small Cap
DATAMATICS,24.9,32.2,-9,-4,-1,-10.3,-1.6,-10.3,-1.6,-3.4,-15.7,-9.0,4,758.85,IT - Services,Small Cap
DBCORP,33.2,58.1,-8,-8,-4,-8.1,-7.5,-8.1,-7.5,-4.3,-12.8,-14.8,0,187.38,Media - Publishing,Small Cap
DBL,24.2,67.3,-6,-4,-4,-3.4,-3.2,-3.4,-3.2,-2.9,-9.1,-13.0,1,408.0,Infra - Construction,Small Cap
DBOL,17.9,50.1,-3,-9,-4,-4.5,3.2,-4.5,3.2,-11.9,-13.4,-10.8,0,114.16,Agri - Sugar,Small Cap
DBREALTY,41.8,66.4,-5,-9,-4,-13.6,-6.8,-13.6,-6.8,-7.3,-20.6,-20.2,3,95.86,Real Estate,Small Cap
DBSTOCKBRO,42.3,58.7,-9,-9,-1,-23.0,-7.5,-23.0,-7.5,-8.4,-35.8,-18.8,2,27.99,Financials - Broking,Small Cap
DCAL,46.7,58.9,-5,-8,-4,-13.6,-6.2,-13.6,-6.2,-9.1,-17.6,-16.3,1,163.0,Healthcare - Pharma,Small Cap
DCBBANK,4.8,8.7,-1,-7,0,6.7,15.3,6.7,7.3,-2.2,-1.3,2.4,2,223.44,Financials - Private Bank,Small Cap
DCI,41.8,41.8,-2,-9,-1,-22.3,-4.3,-22.3,-4.3,-22.8,-33.6,-25.9,6,276.25,IT - Software/Consulting,Small Cap
DCM,25.9,47.3,-9,-9,-3,-17.2,-3.4,-17.2,-3.4,-2.1,-21.6,-22.6,2,76.88,IT - Services,Small Cap
DCMNVL,12.1,54.8,-2,-8,-1,-0.7,11.4,-0.7,11.4,-7.3,-11.8,-9.0,2,174.5,Textile - Spinning/Yarn,Small Cap
DCMSHRIRAM,29.9,34.3,-4,-9,-4,-2.5,-9.0,-2.5,-9.0,-4.5,-8.8,-19.6,5,987.4,Others,Small Cap
DCMSIL,,34.2,-8,-3,-3,-9.6,2.4,-9.6,2.4,-4.1,-19.9,-6.4,0,69.25,Textile - Misc,Small Cap
DCMSRIND,78.5,83.9,-3,-9,-1,-12.9,-0.6,-12.9,-0.6,-16.5,-24.3,-19.3,3,39.06,Agri - Sugar,Small Cap
DCW,38.3,60.5,-9,-6,-3,-2.3,-4.6,-2.3,-4.6,-7.3,-12.0,-7.7,5,44.6,Chemicals - Petro,Small Cap
DCXINDIA,34.8,63.6,-9,-7,-4,-11.6,-8.7,-11.6,-8.7,-6.0,-20.3,-18.2,4,164.34,Defense - Technology,Small Cap
DDEVPLSTIK,29.2,29.2,-5,-9,-1,-7.6,-4.4,-7.6,-4.4,-7.9,-13.4,-7.8,0,254.95,Packaging,Small Cap
DECCANCE,48.9,50.6,-6,-2,-4,2.6,3.5,2.6,3.5,-1.3,-0.8,-20.2,4,575.0,Infra - Cement,Small Cap
DEEDEV,14.6,14.6,-9,-5,-3,-1.8,60.0,-1.8,60.0,-5.9,-7.1,-10.4,3,648.95,Engineering,Small Cap
DEEPAKFERT,21.5,25.8,-8,-9,-1,-15.3,-4.5,-15.3,-4.5,-4.1,-20.0,-15.5,5,1319.9,Agrichem - Fertilizers,Small Cap
DEEPINDS,10.6,10.6,-1,-6,0,6.4,28.1,6.4,13.0,-8.4,-6.6,7.0,7,737.95,Oil and Gas,Small Cap
DELHIVERY,19.3,40.3,-9,-9,-1,-12.9,-7.7,-12.9,-7.7,-8.4,-18.7,-13.4,6,422.8,Transport - Logistics,Small Cap
DELPHIFX,71.0,94.8,-9,-8,-4,-26.7,-37.5,-26.7,-37.5,-15.2,-41.7,-58.9,1,5.3,Financials - Misc,Small Cap
DELTACORP,35.2,86.1,-9,-9,-4,-12.5,-10.4,-12.5,-10.4,-1.3,-15.2,-21.3,1,56.02,Leisure - Misc,Small Cap
DELTAMAGNT,33.8,59.3,-1,-9,-4,1.9,-3.1,1.9,-3.1,-2.9,-5.4,-12.3,4,56.89,Metals - Misc,Small Cap
DEN,26.4,82.3,-9,-9,-3,-2.8,-2.6,-2.8,-2.6,-5.3,-11.1,-10.6,1,26.45,Media - TV Broadcast,Small Cap
DENORA,18.2,66.4,-6,-6,-1,-9.4,-3.4,-9.4,-3.4,-4.5,-13.3,-13.3,4,785.6,Metals - Casting/Forging,Small Cap
DEVIT,46.5,68.9,-9,-8,-4,-12.3,-12.9,-12.3,-12.9,-4.6,-14.8,-23.7,5,23.77,IT - Services,Small Cap
DEVYANI,20.7,39.8,-3,-9,-1,0.2,11.7,0.2,11.7,-1.7,-5.6,-1.2,3,137.04,Leisure - Restaurants,Mid Cap
DGCONTENT,39.5,65.1,-9,-8,-4,-6.2,-6.9,-6.2,-6.9,-7.4,-11.1,-25.1,5,23.94,Media - Misc,Small Cap
DHAMPURSUG,23.4,73.8,-3,-9,-1,-6.1,2.0,-6.1,2.0,-12.3,-18.8,-14.6,3,153.08,Agri - Sugar,Small Cap
DHANBANK,19.9,50.0,-9,-7,-4,-11.3,-3.3,-11.3,-3.3,-7.3,-15.1,-10.3,3,29.5,Financials - Private Bank,Small Cap
DHANUKA,38.2,50.9,-9,-6,-4,-2.6,-5.5,-2.6,-5.5,-4.7,-11.5,-14.6,4,969.5,Agrichem - Protection,Small Cap
DHARMAJ,16.6,30.5,-5,4,-4,2.1,9.6,2.1,9.6,0.3,-2.5,-3.7,4,271.0,Agrichem - Protection,Small Cap
DHRUV,62.1,87.2,-9,-3,-4,-13.6,-20.0,-13.6,-20.0,-8.1,-20.0,-39.1,3,21.59,IT - Software/Consulting,Small Cap
DHUNINV,37.9,63.4,-4,-8,-1,2.1,5.7,2.1,1.8,-5.4,-8.1,-1.2,5,977.2,Financials - Misc,Small Cap
DIACABS,2.9,38.5,0,-1,0,11.6,37.0,6.4,20.1,0.6,5.0,11.6,1,387.5,Power - Wiring,Small Cap
DIAMINESQ,23.5,63.4,-9,-2,-5,-1.7,5.8,-1.7,5.8,-1.0,-5.8,-3.4,0,254.0,Chemicals - Bulk,Small Cap
DIAMONDYD,11.5,24.5,-5,-8,-1,-5.6,-0.1,-5.6,-0.1,-4.9,-10.4,-8.1,0,1101.4,Consumption - FMCG,Small Cap
DICIND,2.3,25.7,0,-5,0,5.4,16.4,2.9,9.7,-0.3,0.9,8.2,2,624.0,Chemicals - Misc,Small Cap
DIFFNKG,16.5,16.5,-1,-8,-1,0.7,7.7,0.7,7.7,-11.0,-8.6,-10.6,7,434.1,Industrial - Consumables,Small Cap
DIGISPICE,42.7,85.5,-9,-1,-5,-8.8,-9.3,-8.8,-9.3,-2.7,-18.7,-20.3,2,16.6,IT - Services,Small Cap
DIGITIDE,53.3,68.9,-9,-7,-1,-12.5,-7.8,-12.5,-7.8,-10.1,-19.7,-14.4,0,86.85,,
DIGJAMLMTD,19.8,91.4,-1,-2,0,5.6,21.3,5.6,10.4,-14.3,-14.3,14.5,1,58.67,Textile - Misc,Small Cap
DIVGIITTS,15.8,15.8,-4,-9,-1,3.6,11.1,3.6,11.1,-10.9,-14.9,-5.7,2,1119.1,Auto - Misc,Small Cap
DIVISLAB,4.2,4.2,-1,-5,-1,3.3,16.7,3.3,16.7,-3.3,-1.2,-2.7,7,9212.5,Healthcare - Pharma,Large Cap
DIXON,23.7,30.2,-3,-9,-1,-6.3,8.3,-6.3,8.3,-8.0,-10.9,-10.0,4,13359.0,Consumption - Electronics,Mid Cap
DJML,37.2,62.6,-7,-4,-2,-29.6,-14.9,-29.6,-14.9,-5.1,-35.4,-32.3,2,78.39,Transport - Logistics,Small Cap
DLF,20.6,35.4,-1,-8,-1,-5.8,-0.1,-5.8,-0.1,-8.6,-8.9,-9.6,4,624.6,Real Estate,Large Cap
DLINKINDIA,22.9,41.9,-9,-9,-2,-1.6,-3.6,-1.6,-3.6,-6.4,-20.0,-18.1,5,423.3,IT - Software/Consulting,Small Cap
DMART,19.9,37.0,-5,-9,-4,-4.6,-3.1,-4.6,-3.1,-1.9,-8.9,-18.9,4,3719.0,Consumption - Retail,Large Cap
DMCC,21.2,45.3,-2,-7,-1,-7.5,-0.7,-7.5,-0.7,-11.3,-13.1,-10.0,2,262.4,Chemicals - Specialty,Small Cap
DODLA,23.8,30.0,-3,-5,-2,0.1,-1.2,0.1,-1.2,-2.6,-6.3,-6.6,3,1067.1,Consumption - Dairy,Small Cap
DOLATALGO,29.2,63.6,-3,-7,-5,-5.5,-6.7,-5.5,-6.7,-4.6,-11.6,-12.4,2,67.82,Financials - Misc,Small Cap
DOLLAR,30.8,60.0,-5,-2,-4,-0.8,4.2,-0.8,4.2,-2.3,-6.9,-11.2,2,266.3,Textile - Innerwear,Small Cap
DOLPHIN,14.0,49.6,-1,-6,0,6.2,41.1,6.2,17.5,-9.8,-7.2,9.3,1,637.4,Oil and Gas,Small Cap
DONEAR,29.6,55.6,-1,-7,-4,-2.3,-6.5,-2.3,-6.5,-10.3,-12.6,-11.4,4,82.06,Textiles - Processing,Small Cap
DPABHUSHAN,20.4,31.0,-3,-7,-1,-6.6,22.0,-6.6,22.0,-7.3,-10.7,-9.8,4,1330.0,Consumption - Jewelry,Small Cap
DPWIRES,43.2,79.0,-9,-6,-2,-17.6,-16.9,-17.6,-16.9,-8.4,-21.9,-29.2,5,143.0,Power - Wiring,Small Cap
DRCSYSTEMS,41.8,64.2,-1,-9,-4,-1.0,-10.5,-1.0,-10.5,-9.8,-11.8,-17.7,5,12.5,IT - Software/Consulting,Small Cap
DREAMFOLKS,59.1,92.3,-6,-6,-4,-0.8,-11.2,-0.8,-11.2,-3.5,-9.1,-19.1,2,65.46,Infra - Construction,Small Cap
DREDGECORP,19.8,31.5,-4,-9,-4,-8.9,1.9,-8.9,1.9,-8.2,-14.4,-14.0,3,999.0,Engineering,Small Cap
DRREDDY,19.2,19.6,-9,-3,-3,-2.1,-9.3,-2.1,-9.3,-1.9,-16.9,-15.8,3,1143.3,Healthcare - Pharma,Large Cap
DSSL,47.0,47.0,-9,-7,-4,-15.3,9.4,-15.3,9.4,-4.3,-23.1,-41.6,5,1019.5,IT - Services,Small Cap
DTIL,29.8,66.0,-2,-8,-1,0.0,6.1,0.0,6.1,-10.1,-18.6,-15.9,1,136.0,Agri - Tea/Coffee,Small Cap
DVL,26.2,50.3,-1,-6,0,-0.3,10.2,-0.3,10.2,-6.1,-4.9,1.7,5,277.55,Chemicals - Petro,Small Cap
DWARKESH,31.4,72.3,-3,-9,-1,-9.2,10.2,-9.2,10.2,-16.7,-24.6,-21.6,3,41.08,Agri - Sugar,Small Cap
DYCL,20.8,20.8,-2,-9,-1,-1.6,9.3,-1.6,9.3,-17.5,-10.0,-10.0,4,443.75,Power - Wiring,Small Cap
DYNPRO,36.8,70.0,-6,-7,-1,-5.2,5.5,-5.2,5.5,-4.1,-16.4,-16.4,2,230.0,Chemicals - Dyes,Small Cap
E2E,14.8,14.8,-4,-8,-1,4.8,18.9,4.8,18.9,-4.1,-14.8,-3.8,7,595.0,IT - Software/Consulting,Small Cap
EASEMYTRIP,45.9,84.4,-7,-9,-3,-14.6,-16.8,-14.6,-16.8,-4.8,-18.7,-31.4,2,5.73,IT - Product/Platform,Small Cap
EASTSILK,35.2,35.2,-5,-1,0,11.5,17.1,2.8,7.0,1.5,-2.8,-13.0,3,64.3,Textile - Misc,Small Cap
EBGNG,9.4,9.4,-1,-2,-2,3.1,17.0,3.1,8.2,-5.9,-5.1,-0.0,5,644.75,Electronic - Equipment,Small Cap
ECLERX,21.5,21.5,-9,-1,-1,5.1,13.2,2.4,13.2,-1.4,-0.9,-0.8,5,1961.0,IT - Software/Consulting,Small Cap
EDELWEISS,8.2,30.1,-1,-6,-1,1.4,7.3,1.4,7.3,-5.2,-5.6,1.5,1,129.28,Financials - Misc,Small Cap
EICHERMOT,8.7,8.7,-5,-6,-1,-5.1,2.2,-5.1,2.2,-2.9,-6.8,-5.5,5,7516.5,Auto - 2W,Large Cap
EIDPARRY,37.1,43.6,-5,-8,-4,-10.6,-7.4,-10.6,-7.4,-11.3,-13.4,-17.9,5,702.8,Agrichem - Fertilizers,Small Cap
EIEL,24.1,50.1,-9,-5,-2,-10.5,-1.9,-10.5,-1.9,-7.7,-20.0,-13.0,0,195.51,,
EIFFL,29.3,29.3,-9,-9,-1,-14.4,1.2,-14.4,1.2,-6.9,-20.3,-16.9,4,270.1,Consumption - FMCG,Small Cap
EIHAHOTELS,28.8,47.2,-9,-9,-4,-9.0,-7.4,-9.0,-7.4,-6.3,-12.6,-12.5,5,287.15,Leisure - Hotels,Small Cap
EIHOTEL,29.7,42.1,-8,-7,-1,-10.8,-7.6,-10.8,-7.6,-1.9,-14.4,-11.2,4,290.9,Leisure - Hotels,Small Cap
EIMCOELECO,3.3,34.2,-1,-2,0,4.1,22.9,4.1,11.8,0.1,-1.0,4.8,4,2301.6,Engineering,Small Cap
EKC,35.2,65.7,-9,-9,-4,-6.9,-7.3,-6.9,-7.3,-6.2,-14.9,-16.1,2,100.2,Packaging,Small Cap
ELDEHSG,26.3,34.5,-3,-1,-4,-1.1,2.1,-1.1,2.1,-3.0,-8.4,-12.8,6,769.15,Real Estate,Small Cap
ELECON,33.9,44.1,-9,-9,-3,-3.2,-12.6,-3.2,-12.6,-5.0,-21.5,-27.1,5,413.5,Electronic - Equipment,Small Cap
ELECTCAST,24.2,68.3,-1,-9,-1,0.1,2.1,0.1,2.1,-11.9,-10.4,-10.1,4,75.05,Metals - Casting/Forging,Small Cap
ELECTHERM,25.8,34.8,-9,-9,-3,-6.4,22.6,-6.4,22.6,-4.8,-22.6,-17.5,2,948.0,Metals - Iron & Steel,Small Cap
ELGIRUBCO,17.3,62.6,-5,-5,-1,1.6,14.4,1.6,14.4,-5.7,-8.1,-3.5,3,57.9,Others,Small Cap
ELIN,59.8,68.2,-8,-6,-4,-9.0,-8.6,-9.0,-8.6,-8.4,-18.1,-28.3,0,89.59,Consumption - Appliances,Small Cap
ELLEN,20.8,40.4,-1,-2,0,12.7,33.5,6.9,19.9,-0.1,-0.1,17.9,5,380.0,Industrial Gases,Small Cap
EMAMILTD,32.5,56.1,-9,0,-4,-5.8,-2.0,-5.8,-2.0,0.6,-10.9,-16.1,1,377.75,Consumption - Personal,Mid Cap
EMAMIPAP,16.6,16.6,-1,-6,-1,-1.4,19.9,-1.4,19.9,-7.8,-6.6,-3.0,3,111.56,Paper,Small Cap
EMAMIREAL,40.7,83.2,-8,-3,-4,-10.1,-5.9,-10.1,-5.9,-4.6,-16.8,-24.3,1,68.39,Real Estate,Small Cap
EMBDL,45.8,80.1,-9,-9,-3,-13.9,-10.0,-13.9,-10.0,-8.9,-18.8,-13.4,1,53.8,Infra - Construction,Small Cap
EMCURE,6.2,6.2,-5,-1,-1,-0.1,6.7,-0.1,1.9,-3.4,-3.9,-2.3,3,1921.6,Healthcare - Pharma,Small Cap
EMIL,6.9,30.1,-4,-3,0,13.5,30.3,13.5,13.4,-3.5,-3.3,1.4,2,183.13,Consumption - Retail,Small Cap
EMKAY,35.2,41.4,-1,-7,-3,-0.9,7.9,-0.9,7.9,-10.7,-11.3,-18.2,2,240.3,Financials - Broking,Small Cap
EMMBI,23.0,65.7,-1,-7,-2,6.9,9.9,6.9,9.9,-1.9,-3.2,-7.7,1,90.0,Packaging,Small Cap
EMMVEE,,13.2,-1,-2,-2,-2.8,24.3,-2.8,24.3,-6.7,-9.6,-6.7,5,322.65,Other Electrical Equipment,Small Cap
EMSLIMITED,36.5,64.0,-9,-4,-1,-11.5,4.0,-11.5,4.0,-6.6,-20.1,-11.6,2,366.05,Others,Small Cap
EMUDHRA,9.6,39.2,1,-1,0,26.0,28.3,13.6,28.3,-2.2,11.2,13.6,4,622.35,IT - Product/Platform,Small Cap
ENDURANCE,12.5,12.7,-3,-7,-1,-7.8,1.9,-7.8,1.9,-3.8,-11.7,-6.4,5,2687.5,Auto - OEM Suppliers,Mid Cap
ENERGYDEV,52.8,94.3,-7,-8,-4,-16.0,-10.5,-16.0,-10.5,-11.0,-23.4,-18.6,0,14.02,Power - Misc,Small Cap
ENGINERSIN,8.9,13.2,-1,-9,0,2.6,10.9,2.6,10.9,-6.2,-6.1,0.8,3,263.85,Infra - Construction,Small Cap
ENIL,37.2,90.0,-6,-2,-4,-4.3,-6.6,-4.3,-6.6,-1.3,-6.5,-15.2,0,100.98,Media - Entertainment,Small Cap
ENRIN,24.0,24.0,-5,-5,-4,-10.6,-5.3,-10.6,-5.3,-5.7,-18.2,-22.1,5,3017.5,,
ENTERO,8.1,8.1,-1,-7,-1,6.8,29.0,6.8,29.0,-6.0,-5.0,-2.5,3,1764.1,Others,Small Cap
EPACKPEB,35.0,35.0,-7,-5,-2,-7.3,2.0,-7.3,2.0,-8.4,-16.3,-16.3,0,223.68,Infra - Construction,Small Cap
EPIGRAL,38.9,55.0,-3,-9,-4,-5.8,7.3,-5.8,7.3,-12.6,-12.2,-11.0,3,1082.0,Chemicals - Specialty,Small Cap
EPL,13.5,25.6,-4,-8,-1,-3.5,6.1,-3.5,6.1,-5.1,-10.8,-9.6,4,236.95,Packaging,Small Cap
EQUITASBNK,12.6,37.0,-9,-1,-3,-4.2,12.7,-4.2,12.7,-0.5,-10.8,-6.0,3,73.35,Financials - Private Bank,Small Cap
ERIS,25.6,32.2,-8,-4,-2,-8.4,-5.5,-8.4,-5.5,-4.5,-11.0,-10.6,3,1295.1,Healthcare - Pharma,Small Cap
ESABINDIA,22.8,22.8,-3,-7,-4,-6.2,1.7,-6.2,1.7,-7.3,-10.3,-13.2,8,5648.5,Engineering,Small Cap
ESAFSFB,12.6,52.3,-2,-9,-1,-2.5,17.3,-2.5,17.3,-6.8,-12.0,-8.4,0,39.34,Financials - Private Bank,Small Cap
ESCORTS,28.9,35.8,-4,-9,-4,-6.7,-4.4,-6.7,-4.4,-5.8,-9.4,-16.8,6,2836.9,Auto - Misc,Mid Cap
ESSARSHPNG,63.5,77.9,-9,-7,-4,-15.1,-28.2,-15.1,-28.2,-7.9,-32.7,-41.4,2,15.8,Transport - Shipping,Small Cap
ESTER,33.9,53.9,-5,-9,-4,-5.0,-1.4,-5.0,-1.4,-7.2,-13.3,-13.3,5,87.56,Packaging,Small Cap
ETERNAL,12.9,12.9,-2,-2,-1,1.7,9.4,1.7,9.4,-1.8,-2.4,-2.2,3,321.0,IT - Product/Platform,Large Cap
ETHOSLTD,19.3,25.7,-2,-9,-1,-5.7,5.3,-5.7,5.3,-8.5,-9.2,-9.7,6,2617.9,Consumption - Jewelry,Small Cap
EUROPRATIK,38.7,38.7,-5,-9,-2,-20.4,-9.8,-20.4,-9.8,-9.8,-23.9,-21.7,0,238.95,,
EVEREADY,14.6,33.4,-5,-3,-3,-2.9,5.6,-2.9,5.6,-7.5,-8.8,-8.5,1,336.35,Batteries,Small Cap
EVERESTIND,45.3,72.7,-7,-5,-2,-16.7,-3.0,-16.7,-3.0,-7.3,-27.1,-23.2,3,396.0,Infra - Cement,Small Cap
EXCELINDUS,17.9,50.1,-3,-7,-1,-6.5,2.7,-6.5,2.7,-7.3,-12.0,-8.4,2,958.6,Chemicals - Specialty,Small Cap
EXICOM,12.0,68.6,-1,-7,-2,0.7,6.5,0.7,6.5,-9.5,-8.7,-3.0,0,166.48,IT - Equipments,Small Cap
EXPLEOSOL,25.2,53.1,-1,-8,3,1.0,4.7,1.0,4.4,-3.0,-3.4,0.6,1,879.25,IT - Services,Small Cap
FACT,28.7,36.4,-9,-9,-3,-9.1,-11.3,-9.1,-11.3,-6.7,-15.0,-16.7,5,755.0,Agrichem - Fertilizers,Mid Cap
FAIRCHEMOR,26.9,74.7,-6,-9,-1,-13.0,2.3,-13.0,2.3,-7.8,-23.8,-23.8,1,619.25,Chemicals - Specialty,Small Cap
FAZE3Q,29.3,38.5,-5,-8,-3,-17.2,-0.1,-17.2,-0.1,-7.6,-24.2,-23.2,4,459.9,Textiles - Processing,Small Cap
FDC,26.3,46.7,-9,-5,-3,-15.1,-9.9,-15.1,-9.9,0.1,-19.2,-17.2,4,351.15,Healthcare - Pharma,Small Cap
FEDFINA,14.8,14.8,-1,-6,-3,-2.3,2.5,-2.3,2.5,-7.6,-6.6,-6.7,5,152.13,Financials - NBFC,Small Cap
FIBERWEB,45.0,61.6,-8,-2,-5,-15.8,-15.1,-15.8,-15.1,-4.8,-20.8,-36.1,2,25.56,Textile - Misc,Small Cap
FIEMIND,27.0,27.0,-5,-8,-3,-15.6,-9.5,-15.6,-9.5,-5.9,-24.6,-19.0,5,1951.8,Auto - OEM Suppliers,Small Cap
FILATEX,2.3,2.3,0,-2,0,11.4,34.2,6.5,20.2,2.0,2.0,18.6,5,89.17,Textiles - Polyester,Small Cap
FINEORG,3.9,29.1,-2,5,-3,1.7,4.0,1.7,4.0,0.0,-1.6,-1.9,4,5196.0,Chemicals - Specialty,Small Cap
FINKURVE,45.3,45.3,-4,-2,0,5.1,14.2,5.1,5.5,-1.1,-3.9,-1.3,0,73.81,Non Banking Financial Company (NBFC),Small Cap
FINOPB,59.2,76.3,-8,-9,-1,-8.3,6.2,-8.3,6.2,-2.1,-22.1,-21.0,0,138.25,Financials - Private Bank,Small Cap
FINPIPE,26.6,57.4,-9,-9,-4,-6.8,-5.3,-6.8,-5.3,-4.4,-13.3,-18.5,4,151.72,Infra - Plastic Pipes,Small Cap
FIVESTAR,17.2,41.6,-9,-2,0,4.8,7.6,4.8,4.3,0.0,-1.2,0.2,4,551.25,Financials - NBFC,Small Cap
FLEXITUFF,90.5,98.9,-9,-9,-5,-51.5,-58.9,-51.5,-58.9,-5.6,-58.9,-73.0,0,2.35,Chemicals - Misc,Small Cap
FLUOROCHEM,7.7,7.7,-4,-8,-1,1.0,7.4,1.0,3.1,-4.4,-4.1,-2.4,6,4579.1,Chemicals - Specialty,Mid Cap
FMGOETZE,29.9,32.5,-2,-9,-1,-10.0,0.9,-10.0,0.9,-27.3,-27.0,-28.0,2,449.65,Auto - Replacement,Small Cap
FOCUS,38.2,71.9,-9,-9,-3,-20.1,-19.0,-20.1,-19.0,-7.0,-26.3,-34.8,3,61.13,Auto - OEM Suppliers,Small Cap
FOODSIN,40.6,76.3,-9,-4,-4,-9.3,-0.9,-9.3,-0.9,-8.6,-16.2,-18.1,3,52.77,Consumption - FMCG,Small Cap
FORCEMOT,34.0,34.0,-5,-5,-5,-4.0,-10.6,-4.0,-10.6,-2.2,-7.8,-24.5,6,17447.0,Auto - PV/Trucks,Small Cap
FORTIS,20.1,20.1,-5,-6,-3,-6.5,-2.6,-6.5,-2.6,-3.6,-9.5,-10.0,4,882.25,Healthcare - Hospitals,Mid Cap
FOSECOIND,1.8,2.8,1,0,0,14.3,27.3,9.8,27.3,6.2,8.7,8.4,5,6969.5,Chemicals - Specialty,Small Cap
FSL,26.4,35.2,-6,-2,-1,2.0,8.3,2.0,8.3,-0.9,-10.0,-10.0,5,273.7,Tech - BPO,Small Cap
FUSION,23.6,73.1,-9,-9,-1,-13.3,1.6,-13.3,1.6,-8.3,-21.0,-11.2,2,185.56,Financials - MFI,Small Cap
GABRIEL,17.7,17.7,-5,-7,-1,-3.6,7.3,-3.6,7.3,-4.0,-12.2,-10.1,5,1317.5,Auto - Replacement,Small Cap
GAEL,13.8,24.3,-6,-9,-1,-5.1,-0.0,-5.1,-0.0,-6.4,-10.4,-10.4,5,159.46,Agri - Misc,Small Cap
GAIL,8.0,30.2,-6,-8,-1,-0.0,1.1,-0.0,1.1,-1.8,-5.6,-5.6,3,171.86,Utility - Gas,Large Cap
GALAPREC,19.8,31.8,-9,-7,-2,-10.5,7.2,-10.5,7.2,-4.4,-17.0,-9.5,0,1009.9,Engineering,Small Cap
GALAXYSURF,17.9,39.4,-4,-4,-1,2.0,5.7,2.0,5.7,-4.5,-17.9,-3.6,3,2173.4,Chemicals - Specialty,Small Cap
GALLANTT,43.4,43.4,-9,-8,-4,-10.8,-16.5,-10.8,-16.5,-7.7,-22.1,-37.8,5,536.45,Metals - Iron & Steel,Small Cap
GANDHAR,13.9,24.1,-8,-2,0,2.0,20.8,2.0,9.4,-4.0,-7.6,1.3,0,261.0,Petro - Lubricants,Small Cap
GANDHITUBE,10.4,12.8,-2,-6,-1,3.4,5.1,3.4,5.1,-0.1,-0.0,-0.1,5,899.9,Metals - Pipe & Tube,Small Cap
GANECOS,24.7,61.6,-7,-4,-1,-11.6,-4.6,-11.6,-4.6,-7.8,-21.2,-19.9,5,955.0,Textile - Misc,Small Cap
GANESHBE,10.1,43.7,-1,-6,0,1.3,11.2,1.3,5.4,-7.7,-7.2,6.0,3,122.12,Oil and Gas,Small Cap
GANESHHOU,16.4,49.3,-9,-4,-1,-6.7,1.0,-6.7,1.0,-2.0,-13.5,-3.2,5,752.2,Real Estate,Small Cap
GANGESSECU,34.0,48.9,-3,-7,-5,1.1,-1.5,1.1,-1.5,-2.2,-4.3,-7.9,3,117.49,Agri - Tea/Coffee,Small Cap
GARFIBRES,7.7,19.2,-5,-5,-1,0.9,6.1,0.9,6.1,-3.9,-1.8,-2.1,5,797.05,Textile - Misc,Small Cap
GARUDA,28.9,28.9,-3,-6,-2,0.4,3.8,0.4,3.8,-5.0,-4.2,-1.7,3,177.23,Infra - Construction,Small Cap
GATEWAY,17.9,55.8,-9,-8,-3,-6.9,-5.2,-6.9,-5.2,-1.8,-13.2,-10.9,2,53.71,Transport - Logistics,Small Cap
GEECEE,3.4,21.1,-1,-7,0,7.0,13.1,3.0,13.1,0.4,-1.4,1.8,3,376.6,Real Estate,Small Cap
GEEKAYWIRE,14.4,57.4,0,0,0,15.8,25.9,10.6,15.3,2.9,4.4,17.9,4,31.49,Power - Wiring,Small Cap
GEMAROMA,40.0,54.7,-9,-4,-2,-14.1,-8.9,-14.1,-8.9,-5.2,-23.4,-18.2,0,158.25,,
GENCON,34.0,44.2,-2,-9,-1,-4.9,3.6,-4.9,3.6,-11.4,-11.3,-16.2,2,39.58,Infra - Construction,Small Cap
GENESYS,50.8,71.5,-9,-3,-2,-5.9,13.1,-5.9,13.1,-2.2,-11.6,-6.0,3,301.0,IT - Services,Small Cap
GENUSPOWER,16.3,37.5,-2,-9,-1,-4.4,0.9,-4.4,0.9,-10.8,-13.7,-9.4,4,303.8,Electronic - Equipment,Small Cap
GEOJITFSL,10.2,56.1,-2,-9,-1,-3.6,3.1,-3.6,3.1,-7.0,-7.2,-6.7,1,77.71,Financials - Broking,Small Cap
GESHIP,22.4,22.4,-7,-2,-4,4.7,0.5,4.7,0.5,-1.2,-3.1,-11.6,5,1394.6,Transport - Shipping,Small Cap
GFLLIMITED,32.2,59.3,-1,-7,0,-2.1,11.6,-2.1,11.6,-12.7,-14.2,1.4,2,54.91,Others,Small Cap
GHCL,36.9,45.9,-3,-8,-4,-3.5,-4.6,-3.5,-4.6,-4.1,-6.4,-16.9,5,421.2,Chemicals - Bulk,Small Cap
GHCLTEXTIL,14.5,14.5,-1,-8,-1,0.6,10.5,0.6,10.5,-11.5,-11.6,-8.3,5,123.61,Textile - Spinning/Yarn,Small Cap
GICHSGFIN,25.5,78.7,-5,-9,-3,-7.4,-8.7,-7.4,-8.7,-4.7,-11.3,-13.6,1,137.01,Financials - Housing,Small Cap
GICRE,17.5,34.4,-9,-8,-4,-4.3,-8.9,-4.3,-8.9,-3.3,-5.6,-12.4,1,344.65,Financials - Non-Life,Mid Cap
GILLANDERS,20.4,35.5,-3,-1,-1,2.0,9.1,2.0,3.5,-3.0,-3.2,-2.4,3,103.0,Agri - Tea/Coffee,Small Cap
GILLETTE,26.8,36.7,-7,-7,-4,-5.9,-4.3,-5.9,-4.3,-3.0,-7.3,-10.8,2,7274.5,Consumption - Personal,Mid Cap
GINNIFILA,29.1,37.3,-9,-9,-3,-14.6,-6.8,-14.6,-6.8,-6.3,-25.4,-18.2,2,41.0,Textile - Spinning/Yarn,Small Cap
GIPCL,11.6,30.6,-1,-9,-1,4.4,9.8,4.4,9.8,-10.1,-9.1,-6.1,3,187.18,Power - Misc,Small Cap
GKENERGY,49.7,49.7,-8,-5,-3,-5.9,-0.0,-5.9,-0.0,-8.1,-16.1,-15.1,0,120.5,,
GKSL,,3.6,0,5,0,12.2,29.5,4.1,15.7,0.1,2.2,11.6,5,176.55,Healthcare - Hospitals,Small Cap
GKWLIMITED,21.9,62.6,-9,-7,-3,-6.3,-5.2,-6.3,-5.2,-3.6,-13.8,-15.3,4,1551.2,Financials - Misc,Small Cap
GLAND,5.7,34.0,-4,-5,-1,0.5,14.0,0.5,14.0,-4.0,-3.9,-0.5,1,2870.0,Healthcare - Pharma,Small Cap
GLAXO,9.0,19.3,-2,-6,-1,-0.5,7.7,-0.5,7.7,-4.6,-8.6,-6.9,7,2838.4,Healthcare - Pharma,Mid Cap
GLOBAL,0.8,14.4,0,0,0,11.8,28.7,6.7,19.0,2.3,3.2,22.4,4,130.98,Transport - Logistics,Small Cap
GLOBALVECT,49.1,63.5,-6,-9,-4,-19.6,-21.7,-19.6,-21.7,-11.9,-29.1,-32.7,2,126.21,Transport - Logistics,Small Cap
GLOBUSSPR,33.3,52.5,-9,-9,-4,-7.1,-2.9,-7.1,-2.9,-9.2,-10.3,-24.8,4,835.8,Beverages - Alcohol,Small Cap
GMBREW,30.7,30.7,-9,-6,-5,3.2,-3.1,3.2,-3.1,-1.3,-6.9,-9.7,5,921.25,Beverages - Alcohol,Small Cap
GMDCLTD,29.0,29.0,-5,-5,-4,-4.6,-10.8,-4.6,-10.8,-6.2,-9.1,-25.5,3,548.1,Metals - Misc,Small Cap
GMMPFAUDLR,2.8,41.5,0,-1,0,18.0,51.2,18.0,28.8,0.1,2.9,29.1,3,1346.2,Engineering,Small Cap
GMRAIRPORT,19.0,19.0,-9,-6,-2,-14.2,-2.2,-14.2,-2.2,-4.4,-17.1,-16.9,5,93.7,Infra - Construction,Mid Cap
GMRP&UI,31.6,44.9,-6,-4,-4,1.7,-9.2,1.7,-9.2,-2.2,-6.7,-17.2,4,93.28,Infra - Construction,Small Cap
GNA,11.1,11.1,-8,-5,-1,0.4,17.5,0.4,17.5,-3.1,-6.0,-1.7,4,534.65,Auto - OEM Suppliers,Small Cap
GNFC,12.0,40.2,-1,-8,-1,-4.5,3.1,-4.5,3.1,-9.1,-9.4,-5.2,3,545.0,Agrichem - Fertilizers,Small Cap
GOACARBON,20.8,67.7,-1,-5,-4,7.2,8.0,7.2,8.0,-14.8,-5.1,-2.8,1,392.2,Metals - Misc,Small Cap
GOCLCORP,3.6,36.6,-1,-2,1,6.6,41.1,3.2,9.1,0.7,0.4,8.2,1,443.2,Defense - Misc,Small Cap
GOCOLORS,56.7,78.7,-9,-7,-2,-6.1,0.8,-6.1,0.8,-7.0,-14.1,-21.3,3,309.9,Textile - Apparels,Small Cap
GODFRYPHLP,44.2,50.7,-5,-8,-4,-8.7,-9.3,-8.7,-9.3,-5.3,-15.5,-14.8,5,1944.4,Consumption - Misc,Small Cap
GODREJAGRO,7.4,25.9,-1,-2,-1,6.1,12.5,6.1,5.3,-3.9,-3.9,3.1,1,649.3,Agri - Animal Feed,Small Cap
GODREJCP,31.7,43.6,-9,-9,-1,-17.5,-14.2,-17.5,-14.2,-1.3,-20.5,-26.9,5,870.0,Consumption - Personal,Large Cap
GODREJIND,21.6,21.6,-9,-8,-1,-8.1,7.4,-8.1,7.4,-3.0,-20.2,-14.7,4,1131.5,Chemicals - Specialty,Mid Cap
GODREJPROP,28.9,50.9,-6,-9,-1,-14.7,-11.8,-14.7,-11.8,-16.2,-21.6,-21.3,5,1671.8,Real Estate,Mid Cap
GOKEX,23.9,42.4,-7,-8,-3,-10.2,-1.5,-10.2,-1.5,-7.8,-15.3,-16.8,5,726.75,Textile - Apparels,Small Cap
GOKUL,15.8,44.7,-1,-4,-2,-1.9,-0.5,-1.9,-0.5,-8.8,-8.3,-6.4,4,39.4,Agri - Edible Oil,Small Cap
GOKULAGRO,15.2,15.2,-3,-9,-1,-5.8,1.9,-5.8,1.9,-6.1,-10.3,-9.7,5,220.43,Agri - Edible Oil,Small Cap
GOLDBEES,16.1,16.1,-3,-9,-4,-0.7,2.3,-0.7,2.3,-2.2,-6.4,-11.3,8,124.32,,
GOLDIAM,18.7,24.1,-5,-9,-1,-8.8,-2.2,-8.8,-2.2,-6.0,-16.5,-13.9,6,323.8,Consumption - Jewelry,Small Cap
GOLDTECH,39.9,75.8,-9,-6,-1,-23.5,-7.4,-23.5,-7.4,-12.7,-35.0,-25.4,4,42.05,IT - Software/Consulting,Small Cap
GOODLUCK,8.7,8.7,-9,-2,0,3.7,16.3,3.7,5.3,-2.3,-2.9,0.6,5,509.15,Metals - Pipe & Tube,Small Cap
GPIL,25.5,68.8,-9,-5,-4,-0.4,-12.5,-0.4,-12.5,-5.4,-6.3,-19.5,5,238.42,Metals - Iron & Steel,Small Cap
GPPL,18.5,34.9,-2,-8,-1,3.3,4.0,3.3,4.0,-1.4,-3.3,-3.3,3,163.14,Infra - Construction,Small Cap
GPTHEALTH,6.2,25.3,-7,4,-2,5.9,10.5,5.9,10.5,1.4,-3.7,-3.7,0,164.22,Healthcare - Hospitals,Small Cap
GPTINFRA,25.7,45.4,-9,-4,-3,-1.2,-1.8,-1.2,-1.8,-1.7,-14.5,-16.5,3,111.4,Infra - Construction,Small Cap
GRANULES,8.5,8.5,-1,-2,0,2.2,4.1,2.2,1.5,-6.1,-7.1,2.0,5,845.15,Healthcare - Pharma,Small Cap
GRASIM,6.2,6.2,-5,-8,-1,-1.2,1.3,-1.2,1.3,-3.4,-3.8,-5.1,6,3198.0,Infra - Cement,Large Cap
GRAVITA,15.0,39.7,-9,-5,-1,-6.4,0.8,-6.4,0.8,-5.5,-12.5,-9.6,5,1626.9,Metals - Misc,Small Cap
GREAVESCOT,30.6,40.9,-9,-8,-1,-16.9,2.5,-16.9,2.5,-3.4,-28.4,-21.4,5,188.71,Industrial - Pumps/Engines,Small Cap
GREENLAM,16.5,29.8,-5,-9,-3,-5.2,0.8,-5.2,0.8,-4.8,-15.6,-10.0,4,232.5,Infra - Laminates,Small Cap
GREENPANEL,50.8,75.3,-8,-7,-4,-18.3,-13.2,-18.3,-13.2,-4.8,-21.1,-32.5,4,154.6,Infra - Laminates,Small Cap
GREENPLY,14.8,30.8,-9,-7,-3,-7.8,5.4,-7.8,5.4,-6.9,-10.8,-3.9,1,285.05,Infra - Laminates,Small Cap
GREENPOWER,38.9,73.5,-9,-5,-4,0.7,-2.7,0.7,-2.7,-4.6,-12.7,-27.3,3,9.12,Power - Green,Small Cap
GRINDWELL,24.8,37.6,-4,-8,-3,-6.3,-1.7,-6.3,-1.7,-6.8,-14.8,-14.7,5,1847.2,Engineering,Small Cap
GRINFRA,37.8,64.1,-9,-9,-4,-4.8,-8.5,-4.8,-8.5,-7.2,-10.7,-13.0,0,815.05,Infra - Construction,Small Cap
GRMOVER,55.8,55.8,-9,-6,-4,-9.6,-46.4,-9.6,-46.4,-6.7,-17.9,-50.6,2,82.05,Agri - Misc,Small Cap
GROBTEA,21.7,63.5,-4,-7,-1,-0.1,2.5,-0.1,2.5,-2.4,-7.7,-3.7,1,959.4,Agri - Tea/Coffee,Small Cap
GROWW,,15.6,-9,-3,-4,-4.6,2.3,-4.6,2.3,-4.3,-8.0,-10.9,5,191.66,Stockbroking & Allied,Large Cap
GRPLTD,13.9,58.9,-6,-7,-1,4.0,4.4,4.0,4.4,-2.0,-5.7,-5.7,3,1979.3,Industrial - Consumables,Small Cap
GRSE,29.1,33.1,-9,-9,-4,-8.6,-5.0,-8.6,-5.0,-6.6,-13.8,-19.3,7,2366.0,Defense - Ship Building,Small Cap
GSFC,25.0,53.4,-1,-8,-4,-5.5,-6.9,-5.5,-6.9,-8.2,-8.1,-11.9,2,150.05,Agrichem - Fertilizers,Small Cap
GSLSU,79.9,91.6,-9,-6,-5,-5.5,-35.7,-5.5,-35.7,-5.2,-30.3,-65.3,0,28.1,Infra - Granites/Marbles,Small Cap
GSPL,,,,,,,,,,,,,,,,
GSS,62.1,97.0,-5,-9,-5,-19.9,-18.9,-19.9,-18.9,-11.9,-28.6,-24.4,2,10.42,IT - Services,Small Cap
GTECJAINX,15.3,79.8,-5,-1,-3,1.4,9.6,1.4,9.6,-2.2,-14.3,-6.1,4,28.36,IT - Education,Small Cap
GTLINFRA,28.3,86.8,-9,-7,-3,-6.6,-7.2,-6.6,-7.2,-4.2,-15.6,-27.8,1,1.14,Telecom,Small Cap
GTPL,51.3,81.7,-9,-2,-4,-3.4,-10.0,-3.4,-10.0,-3.8,-9.2,-14.6,1,57.57,Media - TV Broadcast,Small Cap
GUFICBIO,9.0,15.6,-1,-7,0,1.8,9.4,1.8,9.4,-5.7,-5.4,2.2,4,425.6,Healthcare - Pharma,Small Cap
GUJALKALI,14.9,33.6,-1,-9,-4,0.2,15.7,0.2,15.7,-5.3,-4.3,-13.4,3,693.55,Chemicals - Bulk,Small Cap
GUJAPOLLO,32.3,39.9,-6,-7,-5,-3.4,-15.4,-3.4,-15.4,-5.5,-13.2,-22.7,4,334.35,Engineering,Small Cap
GUJGASLTD,,,-7,-9,-1,-5.5,-5.2,-5.5,-5.2,-11.7,-14.6,-14.6,0,247.7,Utility - Gas,Small Cap
GUJRAFFIA,54.3,62.0,-4,-3,-4,1.3,14.6,1.3,14.6,-3.5,-7.8,-8.4,1,40.23,Packaging,Small Cap
GUJTHEM,13.5,13.5,-1,-5,-1,3.5,8.6,3.5,8.6,-7.3,-1.9,-1.8,0,414.5,Healthcare - Pharma,Small Cap
GULFOILLUB,18.0,30.2,-5,-9,-1,-3.0,2.8,-3.0,2.8,-6.5,-11.6,-5.8,2,1057.0,Petro - Lubricants,Small Cap
GULFPETRO,15.6,42.0,-3,-5,-1,1.4,20.1,1.4,20.1,-9.7,-11.1,-10.9,1,60.25,Petro - Lubricants,Small Cap
GULPOLY,25.3,52.0,-5,-8,-3,-11.4,-0.7,-11.4,-0.7,-9.1,-18.6,-20.2,2,170.03,Chemicals - Bulk,Small Cap
GVPIL,42.4,42.4,-7,-9,-3,-15.7,5.9,-15.7,5.9,-5.6,-25.9,-37.8,2,624.0,Power - Equipment,Small Cap
GYFTR,,7.7,-1,-6,0,5.3,9.2,5.3,9.2,-4.8,-2.8,2.5,0,178.98,,
HAPPSTMNDS,39.1,79.4,-3,-9,-1,-18.2,-11.2,-18.2,-11.2,-8.4,-27.0,-20.0,1,325.5,IT - Software/Consulting,Small Cap
HAPPYFORGE,13.0,13.0,-2,-9,-1,1.5,22.3,1.5,22.3,-8.2,-7.6,-10.9,5,2148.7,Metals - Casting/Forging,Small Cap
HARIOMPIPE,28.5,59.9,-8,-6,-3,-8.8,2.5,-8.8,2.5,-3.3,-11.7,-17.1,2,356.4,Metals - Pipe & Tube,Small Cap
HARRMALAYA,23.8,47.0,-6,-6,-4,-14.6,-4.8,-14.6,-4.8,-6.1,-18.6,-18.9,5,181.18,Agri - Tea/Coffee,Small Cap
HARSHA,7.8,29.2,-1,-5,-1,-0.4,6.5,-0.4,6.5,-6.0,-5.3,-4.7,4,434.45,Engineering,Small Cap
HATHWAY,30.2,82.5,-9,-8,-2,-4.3,-4.8,-4.3,-4.8,-3.9,-11.8,-10.0,1,10.04,Media - TV Broadcast,Small Cap
HATSUN,9.8,18.8,-1,-2,0,6.6,24.7,6.6,11.1,-3.4,-0.6,2.2,3,1217.1,Consumption - Dairy,Mid Cap
HAVELLS,28.3,48.2,-4,-9,-1,-13.4,-8.4,-13.4,-8.4,-9.0,-16.4,-19.8,5,1090.5,Consumption - Electronics,Large Cap
HBLENGINE,34.8,34.8,-9,-6,-4,6.3,-4.5,3.4,-4.5,-1.2,-10.3,-11.0,5,731.8,Railways,Small Cap
HBSL,52.2,73.5,-4,-7,-5,-0.6,-3.7,-0.6,-3.7,-5.0,-11.9,-17.5,1,52.0,Financials - NBFC,Small Cap
HCC,27.7,62.9,-3,-7,-2,-2.9,5.4,-2.9,5.4,-9.8,-14.4,-17.2,2,21.32,Infra - Construction,Small Cap
HCG,15.1,15.1,-3,-4,-1,-0.6,8.7,-0.6,8.7,-3.3,-5.9,-6.8,5,683.3,Healthcare - Hospitals,Small Cap
HCLTECH,30.5,38.5,-5,-9,-5,-5.3,3.0,-5.3,3.0,-6.9,-9.0,-11.6,6,1237.2,IT - Software/Consulting,Large Cap
HDFCAMC,19.1,19.1,-9,-9,-4,-5.4,-4.8,-5.4,-4.8,-4.5,-14.9,-11.5,4,2401.2,Financials - AMC,Mid Cap
HDFCBANK,30.0,30.0,-9,-2,-3,-11.2,-1.7,-11.2,-1.7,-0.9,-13.4,-18.5,8,714.5,Financials - Private Bank,Large Cap
HDFCLIFE,32.3,35.0,-8,-8,-5,-1.8,-3.8,-1.8,-3.8,-1.2,-6.0,-24.2,4,533.75,Financials - Life,Large Cap
HDFCSML250,4.5,4.5,-1,-8,-1,-1.0,3.4,-1.0,3.4,-3.4,-4.2,-2.2,5,181.34,,
HECPROJECT,28.3,37.5,-7,-5,-4,-8.7,2.4,-8.7,2.4,-8.3,-20.4,-15.9,5,115.0,Infra - Construction,Small Cap
HEG,70.8,77.8,-3,-9,-1,-68.4,-61.7,-68.4,-61.7,-69.4,-70.2,-69.8,2,219.9,Metals - Casting/Forging,Small Cap
HEIDELBERG,31.6,50.4,-2,-7,-4,-10.3,-6.0,-10.3,-6.0,-12.1,-12.2,-11.6,4,141.43,Infra - Cement,Small Cap
HEMIPROP,37.9,55.3,-5,-8,-3,-12.4,-11.4,-12.4,-11.4,-6.4,-17.2,-16.4,4,118.4,Real Estate,Small Cap
HERANBA,49.6,82.6,-9,-9,-4,-6.4,-6.7,-6.4,-6.7,-6.5,-13.0,-24.8,0,164.74,Agrichem - Protection,Small Cap
HERCULES,29.2,77.6,-1,-1,-1,0.0,0.0,0.0,0.0,0.0,0.0,0.0,3,159.32,Engineering,Small Cap
HERITGFOOD,19.1,44.0,-1,-2,0,6.0,18.3,6.0,11.6,-2.4,-2.4,12.7,2,407.35,Consumption - Dairy,Small Cap
HEROMOTOCO,17.5,17.5,-5,-7,-1,-1.2,3.9,-1.2,3.9,-0.8,-8.9,-5.3,4,5272.5,Auto - 2W,Large Cap
HESTERBIO,17.8,34.7,-7,-7,-2,-5.7,3.6,-5.7,3.6,-7.1,-10.9,-10.9,2,2206.5,Healthcare - Diagnostics,Small Cap
HEXATRADEX,13.1,57.3,-5,-5,-4,2.2,-0.9,2.2,-0.9,-1.0,-3.0,-4.9,4,158.5,Financials - Misc,Small Cap
HEXT,36.0,42.6,-8,-9,-1,-5.2,-1.9,-5.2,-1.9,-2.8,-9.4,-9.0,0,516.6,,
HGINFRA,51.7,74.9,-9,-8,-4,-14.0,-16.4,-14.0,-16.4,-2.9,-17.7,-20.8,6,471.5,Infra - Construction,Small Cap
HGM,42.8,88.3,-6,-6,-4,-3.6,-12.9,-3.6,-12.9,-11.3,-12.1,-23.1,1,46.3,IT - Software/Consulting,Small Cap
HGS,29.0,80.3,-9,-8,-3,-6.1,-4.0,-6.1,-4.0,-2.8,-10.3,-9.7,3,386.95,Tech - BPO,Small Cap
HIKAL,15.0,70.1,-9,-7,-1,0.0,12.1,0.0,12.1,-9.8,-9.3,-0.1,4,221.98,Healthcare - Pharma,Small Cap
HILTON,64.4,89.7,-9,-9,-5,-18.0,-10.2,-18.0,-10.2,-6.1,-26.0,-34.2,3,17.87,Metals - Pipe & Tube,Small Cap
HIMATSEIDE,49.7,85.3,-9,-9,-2,-21.6,-13.1,-21.6,-13.1,-8.3,-27.1,-31.5,1,65.09,Textile - Misc,Small Cap
HINDALCO,16.9,16.9,-5,-5,-4,-1.4,4.0,-1.4,4.0,-4.3,-8.3,-13.3,5,977.0,Metals - Aluminium,Large Cap
HINDCOMPOS,32.0,53.4,-9,-9,-4,-12.8,-10.2,-12.8,-10.2,-6.9,-16.5,-19.7,2,374.0,Auto - OEM Suppliers,Small Cap
HINDCON,37.7,66.3,-6,-8,-1,5.1,5.1,2.2,5.1,-4.4,-3.8,-3.8,4,23.5,Chemicals - Specialty,Small Cap
HINDCOPPER,36.2,36.2,-3,-5,-4,-7.0,-6.9,-7.0,-6.9,-9.7,-15.9,-14.0,4,484.55,Metals - Copper,Small Cap
HINDOILEXP,10.5,38.6,-1,-5,2,8.2,13.0,8.2,7.3,-8.2,-2.7,10.7,3,180.29,Oil and Gas,Small Cap
HINDPETRO,30.8,30.8,-9,-9,-3,-9.9,-8.7,-9.9,-8.7,-2.1,-12.1,-16.4,3,351.9,Petro - Refineries,Mid Cap
HINDUNILVR,26.5,35.4,-7,-7,-4,-6.2,-3.0,-6.2,-3.0,-0.6,-10.9,-14.8,5,1961.6,Consumption - FMCG,Large Cap
HINDWAREAP,55.4,73.6,-9,-8,-3,-22.4,-20.3,-22.4,-20.3,-5.1,-30.1,-32.7,5,175.12,Infra - Home Furnish,Small Cap
HINDZINC,22.2,29.4,-3,-5,-4,-0.4,0.7,-0.4,0.7,-5.1,-8.3,-9.9,5,570.55,Metals - Misc,Large Cap
HIRECT,14.6,14.6,-6,-4,-1,-5.8,6.4,-5.8,6.4,-7.0,-11.1,-11.1,6,1194.2,Electronic - Equipment,Small Cap
HISARMETAL,18.4,37.7,-1,-6,-3,4.1,4.1,4.1,4.1,-4.4,-6.3,-7.0,4,157.0,Metals - Iron & Steel,Small Cap
HITECH,40.4,65.0,-9,-5,-4,-13.3,-14.2,-13.3,-14.2,-4.8,-18.0,-19.9,5,73.79,Metals - Iron & Steel,Small Cap
HITECHCORP,2.5,4.3,-3,-8,0,2.7,10.6,2.7,5.7,-0.4,-2.5,0.5,3,336.4,Packaging,Small Cap
HITECHGEAR,39.2,57.4,-9,-7,-3,-2.8,-1.6,-2.8,-1.6,-5.7,-22.9,-16.7,2,546.0,Auto - Replacement,Small Cap
HLEGLAS,36.0,71.9,-5,0,-1,2.5,19.7,2.5,12.6,3.9,-10.6,-2.1,0,423.75,Engineering,Small Cap
HMAAGRO,32.2,72.4,-4,-1,-4,9.4,9.2,9.4,9.2,-1.9,-6.0,-7.2,0,23.2,Consumption - Misc,Small Cap
HMT,15.0,41.0,-2,-8,-2,-0.8,6.0,-0.8,6.0,-10.1,-9.3,-8.6,2,62.0,Engineering,Small Cap
HMVL,28.3,75.3,-6,-7,-2,-15.4,-6.7,-15.4,-6.7,-11.3,-21.4,-18.0,0,77.55,Media - Publishing,Small Cap
HNDFDS,9.9,18.4,-3,-7,-1,1.2,5.0,1.2,5.0,-3.2,-5.7,-7.2,4,610.95,Consumption - Misc,Small Cap
HNGSNGBEES,20.1,20.1,-6,-6,-4,-3.8,-8.3,-3.8,-8.3,-1.9,-9.6,-12.7,4,463.1,,
HOMEFIRST,11.1,22.9,-9,-7,-1,-1.4,4.2,-1.4,4.2,-5.5,-5.7,-1.9,7,1171.4,Financials - Housing,Small Cap
HONASA,9.1,15.2,-4,-8,-1,-1.4,4.0,-1.4,4.0,-3.0,-8.6,-3.6,2,463.65,Others,Small Cap
HONAUT,18.2,43.4,-8,-7,-2,-8.9,-2.2,-8.9,-2.2,-4.7,-14.1,-14.8,5,33960.0,Electronic - Equipment,Small Cap
HONDAPOWER,30.1,56.8,-4,-7,-4,-7.1,-7.6,-7.1,-7.6,-3.5,-11.2,-17.7,4,1945.4,Engineering,Small Cap
HPAL,32.5,72.7,-1,-2,-4,5.1,3.5,5.1,3.5,-6.1,-5.7,-8.3,2,35.75,Chemicals - Specialty,Small Cap
HPIL,22.4,43.1,-5,-1,-4,-1.6,-5.4,-1.6,-5.4,-2.9,-7.9,-11.1,6,119.86,Chemicals - Dyes,Small Cap
HPL,41.6,59.6,-9,-9,-3,-16.1,-18.0,-16.1,-18.0,-7.9,-22.2,-24.4,3,280.1,Consumption - Electronics,Small Cap
HTMEDIA,24.9,78.3,-5,-9,-1,-10.6,2.1,-10.6,2.1,-11.2,-16.1,-10.8,1,23.5,Media - Publishing,Small Cap
HUBTOWN,47.7,51.5,-9,-9,-2,-0.6,-11.8,-0.6,-11.8,-7.5,-16.6,-15.1,2,177.42,Real Estate,Small Cap
HUDCO,30.4,51.4,-9,-8,-4,-14.4,-9.7,-14.4,-9.7,-5.4,-20.8,-22.2,2,171.81,Financials - Housing,Mid Cap
HUHTAMAKI,25.0,45.2,-7,-5,-2,-0.0,13.8,-0.0,13.8,-7.0,-22.7,-17.0,1,247.55,Packaging,Small Cap
HYUNDAI,17.2,25.3,-3,-7,-1,-1.2,8.3,-1.2,8.3,-2.3,-4.7,-2.4,3,2160.0,Auto - PV/Trucks,Large Cap
IBULLSLTD,11.1,95.1,-7,0,1,3.7,36.1,3.7,36.1,1.5,-6.3,3.2,2,28.9,Financials - Housing,Small Cap
ICDSLTD,26.0,64.3,-1,-7,3,18.1,45.6,18.1,20.3,-18.1,-19.6,23.6,3,57.52,Others,Small Cap
ICEMAKE,26.2,37.6,-7,-8,-4,-15.3,-7.3,-15.3,-7.3,-8.1,-22.7,-18.7,4,678.95,Transport - Logistics,Small Cap
ICICIBANK,8.4,9.7,-8,-9,-1,-3.4,-0.8,-3.4,-0.8,-5.7,-6.2,-6.8,8,1355.0,Financials - Private Bank,Large Cap
ICICIGI,30.3,37.5,-9,-9,-4,-6.8,-11.6,-6.8,-11.6,-5.8,-21.2,-21.6,5,1439.7,Financials - Non-Life,Large Cap
ICICIPRULI,33.1,40.7,-3,-9,-1,-5.9,-3.7,-5.9,-3.7,-5.3,-8.6,-27.0,5,472.65,Financials - Life,Large Cap
ICIL,7.8,7.8,-1,-8,-1,2.6,8.2,2.6,8.2,-3.0,-2.7,-6.8,4,437.65,Textile - Spinning/Yarn,Small Cap
ICRA,30.3,40.3,-9,-7,-4,-7.5,-7.1,-7.5,-7.1,-6.8,-13.6,-16.1,3,4614.7,Financials - Ratings,Small Cap
IDBI,30.0,30.0,-2,-9,-1,-3.3,2.9,-3.3,2.9,-10.3,-11.0,-26.5,2,82.81,Financials - Private Bank,Large Cap
IDEA,8.9,80.7,-1,-5,-3,-0.0,6.1,-0.0,6.1,-7.0,-4.6,-3.9,1,14.39,Telecom,Mid Cap
IDEAFORGE,23.8,46.1,-5,-9,-1,-15.8,-0.5,-15.8,-0.5,-7.6,-21.2,-18.8,0,724.0,Defense - Technology,Small Cap
IDFCFIRSTB,3.9,15.3,-3,-9,-1,0.3,4.3,0.3,2.0,-2.2,-1.8,-0.7,1,85.33,Financials - Private Bank,Mid Cap
IEX,29.8,64.7,-6,-9,-1,-10.7,-7.4,-10.7,-7.4,-6.3,-15.5,-15.5,3,112.43,IT - Product/Platform,Small Cap
IFBAGRO,52.2,52.2,-7,-8,-4,-12.7,-1.1,-12.7,-1.1,-5.5,-17.0,-18.1,2,855.2,Beverages - Alcohol,Small Cap
IFBIND,37.8,46.8,-5,-9,-1,-6.8,-1.2,-6.8,-1.2,-4.5,-13.1,-5.7,2,1255.5,Consumption - Appliances,Small Cap
IFCI,25.0,25.0,-1,-8,-1,-1.3,10.4,-1.3,10.4,-22.5,-23.2,-10.1,3,80.61,Financials - NBFC,Small Cap
IFGLEXPOR,40.2,56.8,-5,-4,-1,-4.6,5.4,-4.6,5.4,-5.9,-12.6,-4.7,2,202.0,Metals - Casting/Forging,Small Cap
IGARASHI,22.6,56.8,-9,-2,-2,-4.3,7.7,-4.3,7.7,-0.7,-13.6,-7.2,1,431.9,Auto - OEM Suppliers,Small Cap
IGCL,41.4,46.5,-6,-9,-1,-7.9,-2.5,-7.9,-2.5,-11.3,-16.2,-16.2,0,65.26,Agrichem - Protection,Small Cap
IGIL,18.8,50.9,-5,-9,-4,-8.4,-8.1,-8.4,-8.1,-3.5,-12.5,-15.2,0,315.35,Consumption - Jewelry,Small Cap
IGL,33.2,50.4,-2,-9,-3,-1.2,-8.2,-1.2,-8.2,-4.2,-5.5,-12.2,3,149.27,Utility - Gas,Mid Cap
IGPL,8.3,46.9,-1,-5,0,4.2,14.6,4.2,14.6,-5.9,-5.9,1.2,1,541.05,Chemicals - Bulk,Small Cap
IIFL,16.4,16.4,-3,-7,-1,-4.1,12.2,-4.1,12.2,-9.5,-13.9,-8.8,4,589.6,Financials - NBFC,Small Cap
IIFLCAPS,18.1,25.0,-1,-6,-4,0.1,7.5,0.1,7.5,-1.2,-1.3,-1.3,6,336.9,Financials - Broking,Small Cap
IITL,31.8,67.1,-3,-9,-5,1.0,3.1,1.0,3.1,-5.2,-6.3,-11.7,3,146.6,Financials - NBFC,Small Cap
IKIO,12.9,56.4,-1,-4,-1,3.2,10.6,3.2,10.6,-9.4,-7.1,-3.5,0,207.89,Consumption - Electronics,Small Cap
IKS,9.1,19.7,-9,-6,-1,-2.8,4.2,-2.8,4.2,-2.3,-8.9,-5.4,0,1756.8,Tech - BPO,Small Cap
IMAGICAA,16.3,71.2,-2,-7,-1,0.9,5.4,0.9,5.4,-6.8,-10.8,-7.8,0,51.91,Leisure - Misc,Small Cap
IMFA,25.1,25.1,-6,-6,-4,-9.0,-4.7,-9.0,-4.7,-3.2,-15.1,-16.2,5,1259.0,Metals - Misc,Small Cap
IMPAL,14.1,29.1,-9,-6,-2,-2.4,0.9,-2.4,0.9,-6.5,-7.3,-3.9,4,1064.1,Auto - Misc,Small Cap
INCREDIBLE,34.4,77.6,-3,-2,-3,-0.5,1.4,-0.5,1.4,-4.2,-11.3,-11.0,0,32.05,Metals - Iron & Steel,Small Cap
INDBANK,44.9,57.1,-9,-9,-4,-19.6,-20.0,-19.6,-20.0,-12.4,-23.7,-26.0,4,25.99,Financials - Broking,Small Cap
INDGN,7.3,22.5,-1,-9,-1,1.1,5.7,1.1,5.7,-5.5,-5.4,-6.8,0,570.35,Healthcare - Pharma,Small Cap
INDIACEM,30.9,30.9,-9,-9,-1,-12.4,-8.6,-12.4,-8.6,-7.0,-18.2,-16.1,5,335.75,Infra - Cement,Small Cap
INDIAGLYCO,78.3,78.3,-2,-5,-1,-76.3,-74.3,-76.3,-74.3,-14.2,-77.6,-77.2,4,264.6,Chemicals - Bulk,Small Cap
INDIAMART,32.7,66.1,-9,-9,-4,-10.6,-13.7,-10.6,-13.7,-2.3,-11.6,-19.1,2,1701.0,IT - Product/Platform,Mid Cap
INDIANB,15.1,15.1,-5,-9,-1,-0.2,1.4,-0.2,1.4,-4.6,-5.1,-11.5,5,849.35,Financials - PSU Bank,Mid Cap
INDIANCARD,23.2,52.7,-4,-6,-4,-1.5,0.7,-1.5,0.7,-2.9,-9.2,-6.6,2,213.74,Others,Small Cap
INDIANHUME,18.3,42.5,-3,-9,-1,-7.8,1.5,-7.8,1.5,-10.8,-11.6,-10.2,1,352.9,Engineering,Small Cap
INDIGO,20.2,23.6,-6,-8,-3,-7.8,-4.7,-7.8,-4.7,-4.7,-12.0,-11.3,6,4762.0,Transport - Logistics,Large Cap
INDIGOPNTS,19.2,67.3,-2,-8,-1,-3.6,7.5,-3.6,7.5,-8.1,-8.3,-5.7,0,1087.3,Consumption - Paints,Small Cap
INDIGRID,4.3,4.3,-9,-8,-1,-2.3,0.6,-2.3,0.6,-1.4,-4.3,-3.4,5,173.19,Financials - Misc,Small Cap
INDIQUBE,14.6,17.4,-1,-2,0,5.9,13.8,5.9,7.8,-2.1,-0.8,4.9,0,201.28,Human Resources,Small Cap
INDNIPPON,20.3,20.3,-1,-5,0,14.1,19.2,14.1,9.1,-11.3,-8.3,5.0,4,1245.8,Auto - OEM Suppliers,Small Cap
INDOAMIN,17.8,50.7,-5,-6,-4,-3.5,5.5,-3.5,5.5,-3.8,-8.6,-8.4,4,122.5,Chemicals - Specialty,Small Cap
INDOBORAX,13.6,13.6,-1,-9,-1,-0.8,15.3,-0.8,15.3,-9.4,-10.5,-7.7,6,469.1,Chemicals - Bulk,Small Cap
INDOCO,20.2,52.2,-1,-9,0,10.2,10.7,10.2,7.8,-7.5,-3.7,4.1,3,253.4,Healthcare - Pharma,Small Cap
INDORAMA,10.9,10.9,-1,-2,0,18.6,59.6,18.6,30.0,-2.0,-0.6,30.5,4,86.0,Textiles - Polyester,Small Cap
INDOSTAR,21.1,62.1,-9,-8,-3,-10.5,-0.6,-10.5,-0.6,-10.7,-14.5,-8.5,0,230.35,Financials - NBFC,Small Cap
INDOTECH,15.5,15.5,-3,-5,-1,-6.7,17.2,-6.7,17.2,-8.1,-12.9,-8.1,4,3404.4,Power - Equipment,Small Cap
INDOTHAI,92.2,92.2,-8,-5,-5,-82.8,-86.7,-82.8,-86.7,-15.7,-85.6,-87.7,4,36.6,Financials - Broking,Small Cap
INDRAMEDCO,44.0,44.0,-5,-5,-4,-3.0,-5.9,-3.0,-5.9,-0.5,-8.1,-10.7,5,359.05,Healthcare - Hospitals,Small Cap
INDSWFTLAB,5.9,5.9,-1,-2,0,11.7,56.4,11.7,24.4,-2.8,-1.3,4.2,4,380.15,Healthcare - Pharma,Small Cap
INDTERRAIN,29.0,88.0,-4,-9,-3,7.6,-1.4,7.6,-1.4,-1.8,-7.2,-10.7,1,30.25,Textile - Apparels,Small Cap
INDUSINDBK,11.0,52.9,-8,-9,-1,-2.5,1.4,-2.5,1.4,-4.6,-6.8,-5.9,1,959.2,Financials - Private Bank,Mid Cap
INDUSINVIT,,,,,,,,,,,,,,,,
INDUSTOWER,20.8,21.0,-9,-2,-4,-4.0,-3.7,-4.0,-3.7,-1.8,-6.1,-13.8,2,381.2,Telecom,Mid Cap
INFOBEAN,41.3,41.3,-2,-8,-4,-7.9,-2.1,-7.9,-2.1,-6.1,-14.3,-22.5,4,151.08,IT - Software/Consulting,Small Cap
INFY,39.2,47.6,-5,-9,-5,-6.6,-5.0,-6.6,-5.0,-7.4,-10.8,-18.6,5,1051.4,IT - Software/Consulting,Large Cap
INGERRAND,13.1,13.9,-2,-9,-1,-7.2,2.0,-7.2,2.0,-11.5,-11.6,-11.2,5,4305.0,Industrial - Pumps/Engines,Small Cap
INOXGREEN,37.8,37.8,-7,-3,-2,-0.6,0.9,-0.6,0.9,-1.9,-13.2,-13.0,6,173.57,Power - Green,Small Cap
INOXINDIA,13.1,13.1,-1,-4,-1,-3.1,6.3,-3.1,5.3,-10.3,-10.1,-4.8,8,2032.6,Engineering,Small Cap
INOXWIND,52.9,71.3,-9,-5,-4,2.1,-16.9,2.1,-16.9,-2.2,-15.0,-25.6,2,75.1,Power - Equipment,Small Cap
INSECTICID,22.8,45.5,-8,-4,-4,-6.0,-3.1,-6.0,-3.1,-3.5,-10.3,-18.7,2,598.1,Agrichem - Protection,Small Cap
INSPIRISYS,38.2,57.7,-9,-7,-4,-15.9,-13.6,-15.9,-13.6,-11.6,-24.4,-36.5,4,81.55,IT - Services,Small Cap
INTELLECT,47.1,47.5,-8,-5,-3,-12.1,-6.9,-12.1,-6.9,-4.4,-16.7,-13.5,6,658.55,IT - Software/Consulting,Small Cap
INTENTECH,47.5,58.2,-9,-9,-3,-15.4,-21.6,-15.4,-21.6,-6.5,-23.9,-27.5,1,76.1,IT - Product/Platform,Small Cap
INTLCONV,34.2,39.6,-1,-8,-4,-3.2,-2.2,-3.2,-2.2,-7.3,-9.2,-8.1,2,75.4,Engineering,Small Cap
IOB,22.9,61.5,-9,-8,-4,-5.2,-4.7,-5.2,-4.7,-3.4,-6.8,-8.0,3,32.24,Financials - PSU Bank,Mid Cap
IOC,28.6,31.4,-6,-9,-3,-3.9,3.6,-3.9,3.6,-1.7,-5.9,-25.6,4,134.94,Petro - Refineries,Large Cap
IOLCP,11.7,11.7,-1,-7,-1,4.7,26.2,4.7,26.2,-9.4,-4.7,-0.2,4,193.35,Healthcare - Pharma,Small Cap
IONEXCHANG,11.6,44.1,-9,-2,0,3.1,12.8,3.1,6.9,-3.6,-8.5,2.1,4,429.6,Engineering,Small Cap
IPCALAB,1.5,1.5,0,-2,-1,2.8,11.7,2.8,11.7,-0.2,0.1,-0.2,6,1971.2,Healthcare - Pharma,Mid Cap
IPL,36.0,68.3,-9,-8,-4,3.7,-12.2,3.7,-12.2,-2.2,-16.7,-16.6,2,136.96,Agrichem - Protection,Small Cap
IPRINGLTD,,25.4,-2,-9,-1,-1.1,4.9,-1.1,4.9,-19.1,-12.8,-11.0,0,139.5,,
IRB,20.4,51.2,-9,-5,-5,0.1,-5.7,0.1,-5.7,-4.3,-10.9,-14.1,4,19.06,Infra - Construction,Mid Cap
IRCON,41.4,68.9,-5,-9,-4,-13.4,-19.5,-13.4,-19.5,-8.5,-18.6,-28.2,4,109.24,Railways,Small Cap
IRCTC,38.3,64.5,-5,-8,-4,-8.3,-8.6,-8.3,-8.6,-4.6,-12.8,-17.9,4,454.1,IT - Product/Platform,Mid Cap
IRFC,41.9,65.2,-9,-8,-4,-10.0,-10.1,-10.0,-10.1,-4.3,-12.0,-23.6,5,79.66,Railways,Mid Cap
IRIS,39.6,59.4,-1,-6,-2,-3.9,1.8,-3.9,1.8,-11.5,-15.7,-11.6,2,234.25,IT - Services,Small Cap
IRISDOREME,8.3,43.8,-1,-7,0,1.4,21.1,1.4,9.5,-6.1,-8.3,1.9,6,59.58,Textile - Apparels,Small Cap
IRMENERGY,29.2,58.3,-4,-8,-4,-1.4,5.8,-1.4,5.8,-6.1,-10.5,-25.2,0,267.0,Industrial - Consumables,Small Cap
ISFT,29.3,91.0,-3,-9,-1,-6.0,1.5,-6.0,1.5,-14.6,-18.2,-18.4,1,77.02,IT - Product/Platform,Small Cap
ISGEC,31.1,54.2,-9,-4,-4,0.1,-16.8,0.1,-16.8,-4.9,-16.6,-29.8,3,767.9,Engineering,Small Cap
ITC,37.9,48.0,-7,0,-4,-6.4,-8.2,-6.4,-8.2,-0.0,-8.7,-15.9,5,264.85,Consumption - Misc,Large Cap
ITDC,20.0,29.3,-9,-3,-1,-4.2,5.8,-4.2,5.8,-5.2,-11.6,-6.9,3,658.0,Leisure - Hotels,Small Cap
ITI,31.3,56.8,-9,-9,-3,-7.8,-10.8,-7.8,-10.8,-5.8,-14.6,-15.7,3,256.2,Telecom,Small Cap
IVALUE,32.1,32.1,-9,-5,-2,-17.2,-9.3,-17.2,-9.3,-3.5,-24.6,-15.8,0,230.78,,
IVP,5.9,27.9,-1,-4,0,9.8,24.4,9.8,10.7,-4.2,-2.6,4.0,2,209.0,Chemicals - Bulk,Small Cap
IZMO,22.6,33.8,-9,-9,-3,-12.4,29.6,-12.4,29.6,-3.0,-19.0,-12.8,5,910.3,IT - Software/Consulting,Small Cap
J&KBANK,26.8,26.8,-9,-9,-3,-13.0,3.6,-13.0,3.6,-1.9,-23.3,-8.2,0,147.75,Financials - Private Bank,Small Cap
JAGRAN,21.1,71.0,-6,-5,-4,-1.2,-4.4,-1.2,-4.4,-1.0,-4.9,-17.5,0,61.78,Media - Publishing,Small Cap
JAGSNPHARM,13.6,30.3,-1,-8,-1,-2.9,6.7,-2.9,6.7,-5.4,-5.5,-5.1,5,228.66,Healthcare - Pharma,Small Cap
JAIBALAJI,37.0,75.6,-4,-9,-4,-3.9,-5.0,-3.9,-5.0,-9.5,-11.1,-17.9,5,64.25,Metals - Iron & Steel,Small Cap
JAICORPLTD,46.2,78.7,-9,-8,-4,-12.0,-16.9,-12.0,-16.9,-6.6,-19.9,-19.5,2,93.32,Industrial - Consumables,Small Cap
JAIPURKURT,41.6,78.7,-9,-9,-4,-7.5,-12.4,-7.5,-12.4,-4.6,-11.5,-29.8,2,24.98,Textile - Apparels,Small Cap
JAMNAAUTO,14.7,14.7,-6,-2,-1,-1.8,2.9,-1.8,2.9,-4.0,-10.1,-5.0,5,130.1,Auto - Replacement,Small Cap
JAYAGROGN,10.9,58.6,-1,-4,0,4.7,8.6,4.7,8.6,-8.8,-3.3,0.1,1,236.15,Chemicals - Specialty,Small Cap
JAYBARMARU,45.1,45.1,-9,-8,-2,-33.4,-14.0,-33.4,-14.0,-7.8,-39.8,-33.7,1,113.73,Auto - Replacement,Small Cap
JAYKAY,,27.2,-9,-2,-4,5.0,3.3,5.0,3.3,-4.7,-13.6,-12.1,0,160.0,IT - Software/Consulting,Small Cap
JAYNECOIND,24.1,24.1,-3,-9,-4,-3.6,6.1,-3.6,6.1,-10.8,-13.4,-19.9,5,88.79,Metals - Iron & Steel,Small Cap
JAYSREETEA,19.8,45.7,-3,-8,-1,-1.7,1.2,-1.7,1.2,-9.6,-13.6,-6.1,2,90.42,Agri - Tea/Coffee,Small Cap
JBMA,19.9,51.3,-9,-9,-2,-7.6,-2.8,-7.6,-2.8,-6.0,-15.8,-15.5,5,591.45,Auto - Misc,Small Cap
JGCHEM,11.8,11.8,-2,-4,-1,3.5,17.1,3.5,17.1,-3.4,-8.6,-6.0,3,595.4,Chemicals - Specialty,Small Cap
JINDALPHOT,32.0,32.0,-9,-2,-2,0.3,3.2,0.3,3.2,0.6,-5.7,-11.6,5,1099.9,Consumption - Misc,Small Cap
JINDALPOLY,28.9,49.6,8,-1,-3,9.6,17.9,5.4,17.9,-4.3,0.7,-2.7,3,729.8,Packaging,Small Cap
JINDALSAW,9.5,24.6,-1,-5,-1,-2.6,8.8,-2.6,8.8,-8.1,-7.2,-6.5,3,289.55,Metals - Pipe & Tube,Small Cap
JINDALSTEL,14.5,14.5,-3,-9,-4,-1.4,-4.3,-1.4,-4.3,-3.4,-5.3,-8.7,7,1116.3,Metals - Iron & Steel,Large Cap
JINDRILL,15.9,40.2,-1,-6,-1,-6.0,3.1,-6.0,3.1,-12.5,-11.2,-4.9,4,592.55,Oil and Gas,Small Cap
JINDWORLD,19.9,47.9,-1,-8,1,17.6,42.5,17.6,20.8,-14.2,-16.0,29.6,3,49.68,Textile - Misc,Small Cap
JINWORLD,,,,,,,,,,,,,,,,
JIOFIN,28.3,42.5,-6,-9,-1,-6.5,-3.6,-6.5,-3.6,-4.9,-12.6,-12.6,2,227.11,Financials - NBFC,Small Cap
JISLDVREQS,40.0,79.0,-5,-7,-2,-6.8,-9.6,-6.8,-9.6,-6.6,-17.7,-17.4,1,20.55,Agri - Misc,Small Cap
JISLJALEQS,47.3,80.5,-9,-6,-2,-2.2,-4.9,-2.2,-4.9,-7.7,-14.6,-17.6,1,29.4,Agri - Misc,Small Cap
JITFINFRA,35.6,77.0,-8,-9,-1,-16.4,-3.8,-16.4,-3.8,-9.9,-25.8,-22.6,3,279.0,Infra - Construction,Small Cap
JKCEMENT,29.2,36.7,-7,-8,-1,-11.0,-8.5,-11.0,-8.5,-5.6,-16.0,-12.3,6,4787.5,Infra - Cement,Mid Cap
JKIL,28.8,49.0,-5,-6,-4,-3.5,1.6,-3.5,1.6,-2.5,-5.7,-8.0,3,478.15,Infra - Construction,Small Cap
JKLAKSHMI,42.4,50.1,-7,-8,-4,-9.6,-10.0,-9.6,-10.0,-2.1,-12.3,-27.1,4,509.3,Infra - Cement,Small Cap
JKPAPER,5.2,34.0,0,5,0,6.8,11.3,3.0,7.1,1.0,1.8,6.4,5,421.8,Paper,Small Cap
JKTYRE,43.4,43.4,-9,-9,-4,-13.4,-8.0,-13.4,-8.0,-6.4,-16.1,-21.9,4,346.5,Auto - Tyres,Small Cap
JLHL,18.4,21.7,-7,-8,-2,-9.0,4.2,-9.0,4.2,-4.4,-16.3,-16.3,2,277.35,Healthcare - Hospitals,Small Cap
JMA,11.7,34.9,-2,-5,-3,6.0,4.9,6.0,4.9,-4.2,-7.3,-3.5,4,91.6,Auto - OEM Suppliers,Small Cap
JMFINANCIL,32.7,38.6,-1,-9,-4,-2.3,-2.4,-2.3,-2.4,-8.0,-7.6,-11.7,1,122.74,Financials - Misc,Small Cap
JNKINDIA,26.0,54.0,-9,-7,-2,-12.1,31.4,-12.1,31.4,-6.3,-18.9,-19.0,0,413.0,Engineering,Small Cap
JOCIL,16.7,54.4,-9,-6,-1,1.9,9.8,1.9,9.8,-11.2,-5.9,-1.5,2,145.79,Chemicals - Bulk,Small Cap
JPOLYINVST,33.7,33.7,-9,-8,-2,0.7,-8.0,0.7,-8.0,-2.2,-11.5,-12.9,5,986.95,Financials - Misc,Small Cap
JPPOWER,36.5,43.9,-6,-7,-4,-11.4,-5.6,-11.4,-5.6,-6.5,-16.4,-28.9,3,15.55,Power - Misc,Small Cap
JSFB,14.7,31.9,-3,-6,-1,-4.4,7.5,-4.4,7.5,-4.3,-12.0,-10.5,7,518.0,Financials - Private Bank,Small Cap
JSL,16.8,16.8,-1,-5,-4,2.4,5.0,2.4,2.8,-5.1,-2.8,-4.2,5,735.3,Metals - Iron & Steel,Mid Cap
JSLL,40.0,79.9,-6,-8,-4,-11.7,-16.1,-11.7,-16.1,-3.3,-15.9,-25.5,4,503.0,,
JSWCEMENT,18.9,28.3,-9,-9,-2,-13.6,-9.4,-13.6,-9.4,-6.1,-16.9,-13.8,0,116.34,,
JSWDULUX,18.0,34.3,-1,-6,-2,-1.5,3.3,-1.5,3.3,-3.8,-6.0,-6.7,5,3070.3,Consumption - Paints,Small Cap
JSWENERGY,17.8,36.9,-6,-8,-4,-7.8,-5.2,-7.8,-5.2,-6.1,-10.1,-14.7,4,507.65,Power - Misc,Mid Cap
JSWHL,51.8,60.4,-5,-8,-4,-4.2,-3.3,-4.2,-3.3,-5.7,-11.1,-31.8,7,10975.0,Financials - Misc,Small Cap
JSWINFRA,8.6,9.9,-1,-2,-1,-0.2,2.3,-0.2,2.3,-5.2,-5.2,-4.3,5,325.3,Infra - Construction,Mid Cap
JSWSTEEL,7.6,7.6,-3,-8,-1,-2.5,-0.2,-2.5,-0.2,-5.3,-6.5,-4.5,8,1248.2,Metals - Iron & Steel,Large Cap
JTEKTINDIA,30.3,47.1,-9,-9,-1,-13.0,-7.5,-13.0,-7.5,-2.3,-19.3,-15.8,4,119.42,Auto - Replacement,Small Cap
JTLIND,9.2,38.6,-1,-8,-1,5.8,7.9,5.8,7.9,-6.4,-7.7,-5.1,3,85.32,Metals - Iron & Steel,Small Cap
JUBLCPL,23.4,30.0,-5,-8,-1,5.2,5.6,5.2,5.6,-7.3,-12.4,-8.9,0,2108.5,Agrichem - Fertilizers,Small Cap
JUBLFOOD,25.8,48.7,-3,-9,-1,0.0,3.1,0.0,3.1,-2.7,-7.0,-5.7,5,471.3,Leisure - Restaurants,Mid Cap
JUBLINGREA,20.4,28.5,-4,-8,-1,-13.2,-4.7,-13.2,-4.7,-8.5,-15.0,-14.5,2,632.55,Chemicals - Specialty,Small Cap
JUBLPHARMA,14.6,22.8,-1,-2,2,7.8,8.6,7.8,7.0,-1.2,-1.3,1.2,3,1011.5,Healthcare - Pharma,Small Cap
JUNIORBEES,7.0,7.6,-4,-2,-1,-4.1,-0.3,-4.1,-0.3,-3.2,-7.0,-4.2,7,766.58,,
JUNIPER,24.8,59.6,-1,-4,0,3.6,7.4,3.6,7.4,-2.9,-1.6,1.5,0,217.61,Leisure - Hotels,Small Cap
JUSTDIAL,24.0,52.1,-9,-7,-1,6.7,11.9,6.7,11.9,-4.7,-12.9,-7.2,5,667.95,IT - Product/Platform,Small Cap
JWL,35.1,68.9,-5,-7,-4,-8.8,-11.4,-8.8,-11.4,-5.1,-11.9,-20.1,5,232.4,Railways,Small Cap
JYOTHYLAB,40.0,67.3,-3,-8,-4,-3.9,-1.7,-3.9,-1.7,-3.2,-5.9,-26.5,3,195.13,Consumption - Misc,Small Cap
JYOTICNC,8.0,35.3,-3,-6,-1,13.5,17.1,13.5,17.1,-5.6,-6.3,-2.1,0,974.0,Engineering,Small Cap
JYOTISTRUC,40.9,77.8,-9,-6,-4,-15.8,-17.4,-15.8,-17.4,-11.9,-22.6,-30.7,4,9.16,Power - Equipment,Small Cap
KAJARIACER,5.8,22.8,-4,-9,-1,0.4,3.4,0.4,3.4,-3.4,-3.2,-2.1,3,1218.7,Infra - Ceramics,Small Cap
KAKATCEM,34.3,75.7,-7,-9,-4,-6.7,-4.0,-6.7,-4.0,-4.3,-12.2,-18.8,1,108.8,Infra - Cement,Small Cap
KALAMANDIR,64.9,74.9,-9,-8,-4,-9.0,-25.1,-9.0,-25.1,-9.2,-26.1,-28.6,0,78.32,Others,Small Cap
KALYANIFRG,16.5,16.5,-1,-9,0,21.6,45.2,21.6,17.3,-13.0,-8.5,8.8,4,994.95,Metals - Casting/Forging,Small Cap
KALYANKJIL,9.8,26.4,-6,-5,-1,-2.4,31.8,-2.4,31.8,-4.4,-5.1,-5.1,5,585.2,Consumption - Jewelry,Small Cap
KAMATHOTEL,34.9,42.3,-2,-9,-1,4.3,13.9,4.3,13.9,-8.0,-6.0,-4.7,2,214.6,Leisure - Hotels,Small Cap
KAMDHENU,5.4,42.5,-1,-6,0,6.5,19.8,6.5,10.3,-4.2,-2.3,5.9,5,38.73,Metals - Iron & Steel,Small Cap
KANORICHEM,0.5,14.2,0,0,0,19.0,40.2,11.9,23.4,4.2,12.0,19.4,3,189.99,Chemicals - Bulk,Small Cap
KANPRPLA,6.2,6.2,-2,1,-1,10.5,20.4,10.5,20.4,0.4,-3.2,-0.8,3,265.65,Packaging,Small Cap
KANSAINER,29.7,59.1,-6,-8,-4,-8.5,-8.0,-8.5,-8.0,-5.0,-12.9,-14.9,2,185.55,Consumption - Paints,Small Cap
KAPSTON,2.4,2.4,-5,-2,-1,23.2,27.4,23.2,27.4,-0.3,-2.4,-0.2,8,585.7,Others,Small Cap
KARMAENG,40.2,62.3,-5,-2,-4,1.0,-8.5,1.0,-8.5,0.0,-5.8,-24.5,1,39.6,Power - Equipment,Small Cap
KARURVYSYA,7.0,7.0,-2,-9,-1,-1.5,9.0,-1.5,9.0,-5.0,-4.3,-4.0,5,333.7,Financials - Private Bank,Small Cap
KAUSHALYA,42.5,55.2,-9,-6,-4,-8.3,-3.0,-8.3,-3.0,-5.5,-20.6,-9.2,3,826.0,Infra - Construction,Small Cap
KAVDEFENCE,54.7,54.7,0,-2,3,15.7,34.9,8.4,17.1,-1.0,5.4,15.5,4,73.8,Telecom,Small Cap
KAYA,33.3,74.9,-3,-7,-1,2.4,9.8,2.4,9.8,-11.6,-17.2,-6.5,1,317.85,Leisure - Misc,Small Cap
KAYNES,54.6,55.3,-3,-6,-4,-5.7,0.3,-5.7,0.3,-3.6,-11.3,-13.6,4,3495.8,Electronic - Equipment,Small Cap
KCP,23.0,43.2,-9,-8,-5,0.9,2.2,0.9,2.2,-4.5,-6.4,-11.4,4,159.99,Infra - Cement,Small Cap
KCPSUGIND,21.6,53.4,-3,-9,-1,-7.8,12.2,-7.8,12.2,-11.2,-18.5,-12.2,3,28.59,Agri - Sugar,Small Cap
KDDL,6.5,6.5,-3,-7,-1,2.9,16.7,2.9,16.7,-2.3,-3.3,-1.1,6,3886.6,Consumption - Jewelry,Small Cap
KEC,54.8,69.3,-9,-2,-4,-17.4,-19.5,-17.4,-19.5,-3.2,-21.4,-28.0,5,403.45,Railways,Small Cap
KECL,22.0,52.5,-4,-9,-2,-9.3,1.5,-9.3,1.5,-4.7,-15.8,-12.2,4,120.92,Power - Equipment,Small Cap
KEI,23.7,23.7,-4,-9,-1,-12.5,-5.8,-12.5,-5.8,-14.6,-21.1,-21.6,8,4500.0,Power - Wiring,Mid Cap
KELLTONTEC,47.9,63.0,-9,-9,-4,-0.7,-2.4,-0.7,-2.4,-3.4,-12.5,-24.3,3,13.62,IT - Software/Consulting,Small Cap
KENNAMET,,15.5,-1,-5,-1,1.4,30.0,1.4,30.0,-11.3,-8.0,-1.3,7,4337.6,Engineering,Small Cap
KERNEX,34.1,34.1,-5,-8,-1,-22.5,0.4,-22.5,0.4,-5.7,-31.2,-27.3,5,1699.7,Railways,Small Cap
KEYFINSERV,35.9,48.9,-4,-9,-4,-0.5,-4.5,-0.5,-4.5,-3.6,-13.9,-11.5,6,245.0,Financials - Misc,Small Cap
KFINTECH,27.1,46.0,-3,-9,-1,-6.0,-1.7,-6.0,-1.7,-5.1,-10.0,-8.7,4,885.85,IT - Product/Platform,Small Cap
KHADIM,56.0,85.7,-1,-1,0,7.5,16.7,7.5,9.1,-0.2,1.6,5.0,0,123.0,Consumption - Footwear,Small Cap
KHAICHEM,62.0,67.9,-2,-7,-3,-4.9,5.8,-4.9,5.8,-8.1,-9.9,-10.0,4,50.45,Agrichem - Fertilizers,Small Cap
KHAITANLTD,11.1,11.1,-5,-9,0,5.6,15.9,5.6,9.2,-5.9,-4.1,12.3,6,158.29,Consumption - Electronics,Small Cap
KHANDSE,30.4,60.4,-1,-6,-3,8.8,7.6,8.8,7.6,-1.9,-4.0,-3.9,2,17.75,Financials - Broking,Small Cap
KICL,26.6,41.6,-6,-8,-1,-11.4,-4.5,-11.4,-4.5,-7.9,-14.8,-13.8,3,4810.0,Financials - Misc,Small Cap
KILITCH,13.4,24.0,-6,-6,-2,3.7,13.1,3.7,13.1,0.5,-1.8,-3.0,5,190.0,Healthcare - Pharma,Small Cap
KIMS,10.5,10.5,-9,-3,-2,-3.9,3.4,-3.9,3.4,-0.4,-10.2,-6.2,8,767.6,Healthcare - Hospitals,Small Cap
KINGFA,7.6,7.6,-1,-2,-1,-0.2,9.4,-0.2,3.4,-5.8,-5.4,-3.1,5,5864.0,Industrial - Consumables,Small Cap
KIOCL,47.2,47.2,-5,-9,-4,-10.7,-11.7,-10.7,-11.7,-12.6,-14.6,-17.5,3,335.0,Metals - Iron & Steel,Small Cap
KIRIINDUS,32.3,32.3,-1,-6,-1,5.1,20.7,5.1,20.7,-10.1,-6.7,-0.7,4,527.0,Chemicals - Dyes,Small Cap
KIRLFER,,11.7,-6,-1,-1,2.0,6.1,2.0,2.4,0.7,-1.2,-1.2,8,471.45,Metals - Iron & Steel,Small Cap
KIRLOSENG,24.5,24.5,-9,-6,-2,-8.3,7.3,-8.3,7.3,-8.9,-17.6,-13.6,5,2053.1,Industrial - Pumps/Engines,Small Cap
KIRLOSIND,17.3,43.5,-9,-2,-1,-0.1,11.6,-0.1,11.6,-2.7,-8.5,-4.7,4,3783.4,Power - Green,Small Cap
KIRLPNU,36.6,36.6,-9,-8,-2,-3.5,1.2,-3.5,1.2,-8.8,-24.4,-29.4,2,697.0,Industrial - Pumps/Engines,Small Cap
KITEX,48.3,62.9,-9,-8,-4,-18.8,-18.9,-18.8,-18.9,-6.0,-25.0,-27.1,2,120.21,Textile - Apparels,Small Cap
KKCL,13.9,40.9,-1,-8,-1,-1.7,0.7,-1.7,0.7,-4.5,-5.9,-3.1,3,489.2,Textile - Apparels,Small Cap
KMEW,12.2,12.2,-3,-9,-1,0.2,13.7,0.2,13.7,-10.0,-8.6,-4.6,7,2788.9,Defense - Ship Building,Small Cap
KMSUGAR,20.5,42.5,-3,-8,-1,-1.7,7.4,-1.7,7.4,-9.1,-14.7,-10.7,2,29.0,Agri - Sugar,Small Cap
KNRCON,39.3,70.1,-5,-2,-3,-2.3,-2.2,-2.3,-2.2,-1.2,-12.0,-6.5,4,124.12,Infra - Construction,Small Cap
KODYTECH,11.6,66.2,-2,-5,-1,-1.1,12.2,-1.1,12.2,-10.2,-10.1,-5.3,2,1411.0,IT - Software/Consulting,Small Cap
KOHINOOR,20.3,76.2,-3,-9,-1,8.4,13.1,8.4,13.1,-8.3,-18.9,-9.7,1,30.67,Agri - Misc,Small Cap
KOKUYOCMLN,31.5,66.9,-9,-6,-4,-8.8,-7.8,-8.8,-7.8,-4.5,-14.7,-17.9,2,76.43,Consumption - Misc,Small Cap
KOLTEPATIL,21.9,25.9,-4,-5,-1,8.2,6.7,8.2,6.7,-5.8,-10.6,-3.0,2,433.35,Real Estate,Small Cap
KOPRAN,1.7,27.1,0,0,0,21.3,39.8,13.5,23.5,5.4,14.8,24.0,3,270.06,Healthcare - Pharma,Small Cap
KOTAKBANK,8.3,9.7,-2,-9,-1,3.1,4.3,3.1,4.3,-1.8,-2.1,-0.9,5,415.75,Financials - Private Bank,Large Cap
KOTARISUG,28.8,60.3,-3,-9,-1,2.1,13.5,2.1,13.5,-7.0,-17.5,-13.7,4,28.45,Agri - Sugar,Small Cap
KOTHARIPET,14.0,50.0,-6,-5,-1,-4.4,4.4,-4.4,4.4,-8.4,-10.5,-4.5,5,133.75,Chemicals - Petro,Small Cap
KOTHARIPRO,36.2,48.3,-5,-8,-4,-5.8,-5.4,-5.8,-5.4,-5.8,-9.8,-16.0,1,64.09,Others,Small Cap
KPIGREEN,48.9,62.8,-9,-9,-4,-30.4,-31.8,-30.4,-31.8,-9.3,-32.4,-38.2,5,276.9,Power - Green,Small Cap
KPIL,4.5,4.5,-1,-2,0,2.0,6.0,2.0,5.0,-1.0,-1.6,0.9,5,1413.2,Infra - Construction,Small Cap
KPITTECH,56.9,71.3,-5,-9,-4,-8.7,-14.7,-8.7,-14.7,-5.7,-12.2,-28.3,5,553.15,IT - Services,Mid Cap
KPRMILL,16.0,19.4,-2,-8,-2,-0.4,22.2,-0.4,22.2,-5.3,-5.8,-5.2,5,1120.0,Textile - Apparels,Mid Cap
KRBL,12.7,41.5,-3,-4,-1,2.8,4.5,2.8,4.5,-9.2,-9.7,-6.4,1,395.15,Agri - Rice,Small Cap
KREBSBIO,25.9,75.0,-2,-3,-3,5.0,-2.3,5.0,-2.3,-7.8,-4.7,-15.8,3,56.95,Healthcare - Pharma,Small Cap
KRISHNADEF,27.2,27.2,-7,-5,-3,-19.8,-2.7,-19.8,-2.7,-7.8,-23.6,-16.6,8,1019.7,Defense - Misc,Small Cap
KRITI,53.6,77.1,-4,-4,-4,-8.9,-7.0,-8.9,-7.0,-1.4,-15.2,-27.3,2,61.7,Industrial - Consumables,Small Cap
KRITINUT,22.4,52.1,-5,-8,-4,0.8,9.1,0.8,9.1,-7.2,-15.0,-18.9,4,79.9,Agri - Edible Oil,Small Cap
KRN,16.9,16.9,-2,-6,-1,-4.6,8.5,-4.6,8.5,-14.5,-15.8,-9.7,7,1402.1,Engineering,Small Cap
KROSS,5.1,14.8,-1,-2,0,6.2,15.7,6.2,9.3,-3.4,-3.4,8.5,3,230.83,Auto - OEM Suppliers,Small Cap
KRSNAA,32.6,48.0,-5,5,-4,7.1,9.0,2.2,9.0,1.8,-0.6,-9.2,2,572.0,Healthcare - Diagnostics,Small Cap
KRT,,,,,,,,,,,,,,,,
KRYSTAL,6.9,36.8,-3,-7,0,3.7,7.6,3.7,7.6,-2.6,-2.6,3.1,0,646.15,Human Resources,Small Cap
KSB,25.5,27.7,-9,-6,-4,-2.8,-10.4,-2.8,-10.4,-6.1,-18.5,-21.7,5,766.5,Industrial - Pumps/Engines,Small Cap
KSCL,36.6,56.6,-9,-9,-4,-15.3,-19.2,-15.3,-19.2,-6.9,-25.2,-29.0,5,694.7,Agri - Seeds,Small Cap
KSHINTL,,10.3,-1,-6,0,7.5,25.2,7.5,13.3,-8.2,-8.2,13.5,5,1074.55,Cables - Electricals,Small Cap
KSL,2.3,24.0,-1,1,0,7.6,11.3,3.2,7.6,0.7,0.1,6.6,3,970.0,Metals - Iron & Steel,Small Cap
KSOLVES,28.2,65.4,-9,-8,-4,-11.3,-7.0,-11.3,-7.0,-7.7,-14.4,-17.7,4,254.0,IT - Software/Consulting,Small Cap
KUANTUM,32.3,66.1,-5,-5,-4,-1.7,4.5,-1.7,4.5,-1.9,-12.1,-10.9,5,76.48,Paper,Small Cap
KWIL,,18.0,-3,-2,-1,8.5,15.6,8.5,15.6,-3.8,-14.2,-8.5,0,41.54,Consumption - Dairy,
LAGNAM,27.0,60.2,-7,-5,-2,-15.4,-8.1,-15.4,-8.1,-8.3,-22.5,-18.9,4,70.0,Textile - Misc,Small Cap
LAMBODHARA,18.4,51.6,-2,-2,-1,-2.8,2.6,-2.8,2.6,-12.4,-14.2,-15.1,5,120.1,Textile - Spinning/Yarn,Small Cap
LANCORHOL,16.8,39.0,-1,-7,0,3.9,26.3,3.9,10.2,-14.1,-16.3,4.1,3,34.75,Real Estate,Small Cap
LANDMARK,29.2,48.2,-8,-7,-1,-9.0,3.2,-9.0,3.2,-7.4,-14.8,-13.4,2,468.7,Auto - Misc,Small Cap
LAOPALA,37.6,67.4,-4,-8,-1,-15.5,-6.0,-15.5,-6.0,-9.5,-19.5,-18.7,2,156.55,Consumption - Misc,Small Cap
LATENTVIEW,51.1,66.5,-7,-9,-4,-15.3,-1.4,-15.3,-1.4,-6.0,-19.9,-21.5,0,253.25,IT - Product/Platform,Small Cap
LATTEYS,42.5,59.0,-3,-3,-4,-0.2,6.3,-0.2,6.3,-1.3,-9.3,-8.1,3,21.28,Industrial - Pumps/Engines,Small Cap
LAXMICOT,44.1,67.7,-5,-7,-3,-6.5,-2.4,-6.5,-2.4,0.4,-10.1,-8.3,2,13.67,Textile - Spinning/Yarn,Small Cap
LEMONTREE,40.3,42.5,-9,-8,-4,-6.6,1.1,-6.6,1.1,-2.3,-12.6,-11.6,4,103.98,Leisure - Hotels,Small Cap
LENSKART,,4.1,-1,-5,0,4.2,18.3,4.2,8.5,-3.3,-2.1,1.8,5,674.45,IT - Product/Platform,Mid Cap
LEXUS,64.4,89.6,-8,-9,-5,-3.5,-17.3,-3.5,-17.3,1.2,-16.8,-62.3,0,13.97,Infra - Ceramics,Small Cap
LFIC,40.8,64.2,-7,-4,-2,-1.9,-4.9,-1.9,-4.9,-11.2,-8.6,-16.3,4,133.0,Others,Small Cap
LGBBROSLTD,17.0,17.0,-3,-6,-4,2.2,5.3,2.2,5.3,-2.0,-1.0,-9.1,5,1700.6,Auto - OEM Suppliers,Small Cap
LGEINDIA,7.3,7.3,-4,-6,-1,2.1,3.1,2.1,3.1,-1.9,-6.3,-4.1,5,1627.7,Household Appliances,Mid Cap
LIBERTSHOE,37.3,61.6,-9,-7,-3,-13.9,-13.2,-13.9,-13.2,-7.6,-20.7,-18.7,4,218.81,Consumption - Footwear,Small Cap
LICHSGFIN,8.6,33.8,-1,-2,-2,3.0,1.6,3.0,1.6,-2.8,-2.9,-3.4,2,547.0,Financials - Housing,Small Cap
LICI,15.4,35.1,-9,-8,-2,-8.1,-4.1,-8.1,-4.1,-4.9,-10.6,-8.5,4,396.3,Financials - Life,Large Cap
LIKHITHA,16.2,54.2,-9,-1,-2,10.1,18.4,4.7,18.4,1.1,-11.5,-14.3,6,227.93,Infra - Construction,Small Cap
LINC,30.3,58.7,-8,-5,-2,-1.2,-6.1,-1.2,-6.1,-5.6,-18.0,-17.0,3,93.0,Consumption - Misc,Small Cap
LINCOLN,22.0,38.7,-1,-4,-3,-2.4,1.4,-2.4,1.4,-6.2,-4.2,-9.0,5,600.25,Healthcare - Pharma,Small Cap
LINDEINDIA,23.8,38.2,-9,-9,-4,-9.4,-10.4,-9.4,-10.4,-4.0,-14.5,-16.2,7,6135.0,Chemicals - Misc,Mid Cap
LLOYDSENGG,19.0,19.0,-5,-9,-1,-10.9,2.9,-10.9,2.9,-4.9,-16.9,-9.5,5,80.77,Metals - Iron & Steel,Small Cap
LLOYDSENT,20.2,29.9,-5,-8,-1,-14.2,-5.6,-14.2,-5.6,-7.7,-19.5,-17.5,7,67.55,Others,Small Cap
LLOYDSME,14.9,14.9,-5,-9,-1,-6.3,2.4,-6.3,2.4,-1.5,-14.5,-11.8,8,1809.2,Metals - Iron & Steel,Mid Cap
LMW,10.9,10.9,-3,-8,-1,5.3,6.9,5.3,6.9,-5.3,-10.4,-5.4,5,17956.0,Engineering,Small Cap
LODHA,18.9,33.9,-3,-8,-1,-11.0,7.0,-11.0,7.0,-10.9,-14.4,-12.6,3,1090.3,Real Estate,Large Cap
LOKESHMACH,9.1,26.3,-1,-8,0,4.5,13.2,4.5,13.2,-5.5,-6.1,1.6,4,350.75,Engineering,Small Cap
LORDSCHLO,41.7,43.9,-7,-7,-4,-3.2,2.1,-3.2,2.1,-6.1,-11.2,-8.0,2,135.84,Chemicals - Bulk,Small Cap
LOTUSDEV,2.9,2.9,0,-1,0,11.7,23.6,6.2,15.3,0.7,2.3,3.1,5,213.99,Residential Commercial Projects,Small Cap
LOTUSEYE,21.1,21.1,-8,2,-3,5.8,3.5,3.0,3.5,2.6,-9.5,-17.4,5,115.95,Healthcare - Hospitals,Small Cap
LOVABLE,30.9,77.0,-9,-8,-2,-0.8,1.8,-0.8,1.8,-2.4,-16.1,-14.0,1,70.49,Textile - Innerwear,Small Cap
LOYALTEX,37.1,80.8,-4,-5,-4,0.5,2.3,0.5,2.3,-7.0,-10.6,-5.0,0,210.0,Textile - Spinning/Yarn,Small Cap
LT,13.8,13.8,-3,-8,-3,-4.8,-2.8,-4.8,-2.8,-4.2,-6.6,-9.0,6,3827.7,Infra - Construction,Large Cap
LTF,12.5,12.5,-9,-9,-1,-5.1,-1.8,-5.1,-1.8,-6.3,-10.2,-7.7,3,296.2,Financials - NBFC,Mid Cap
LTM,34.7,44.7,-4,-9,-1,-3.3,4.0,-3.3,4.0,-8.4,-11.0,-7.5,5,4198.3,IT - Software/Consulting,Large Cap
LTTS,29.9,44.8,-3,-9,-4,-6.0,-1.9,-6.0,-1.9,-6.5,-8.5,-8.6,4,3314.2,IT - Services,Mid Cap
LUMAXIND,16.6,16.6,-2,-8,-1,-1.1,4.4,-1.1,4.4,-9.8,-6.5,-7.2,4,5782.0,Auto - Replacement,Small Cap
LUMAXTECH,7.9,7.9,-4,-2,-1,13.9,16.2,13.9,16.2,-1.2,-3.0,-4.8,6,1978.8,Auto - Replacement,Small Cap
LUPIN,19.0,19.0,-9,-9,-1,-15.6,-11.7,-15.6,-11.7,-4.4,-17.9,-15.8,1,2049.7,Healthcare - Pharma,Mid Cap
LUXIND,42.6,77.5,-9,-8,-4,-17.4,-3.4,-17.4,-3.4,-11.2,-18.6,-25.2,3,1046.3,Textile - Innerwear,Small Cap
LXCHEM,18.7,71.9,-7,-7,-1,4.3,9.5,4.3,9.5,-2.7,-7.7,-2.3,0,176.24,Chemicals - Specialty,Small Cap
LYKALABS,20.8,70.1,-1,-3,0,8.2,18.5,8.2,10.0,-5.0,-3.6,6.1,2,79.93,Healthcare - Pharma,Small Cap
M&M,19.3,19.3,-5,-9,-1,-4.1,-3.2,-4.1,-3.2,-2.5,-11.7,-10.5,6,3099.5,Auto - PV/Trucks,Large Cap
M&MFIN,16.3,16.3,-6,-9,-1,-7.9,4.1,-7.9,4.1,-7.7,-15.0,-10.9,3,347.35,Financials - NBFC,Mid Cap
MAANALU,43.6,59.9,-5,-9,-4,-12.3,-22.3,-12.3,-22.3,-13.1,-18.0,-30.9,5,104.13,Metals - Aluminium,Small Cap
MACPOWER,7.6,7.6,-3,-9,-1,3.6,26.4,3.6,26.4,-1.3,-5.6,-4.8,6,1894.8,Engineering,Small Cap
MADHAV,25.6,62.1,-4,-2,-4,0.2,-0.8,0.2,-0.8,-5.1,-4.6,-15.1,1,34.81,Infra - Granites/Marbles,Small Cap
MADRASFERT,29.9,54.5,-9,-7,-3,-7.1,-8.5,-7.1,-8.5,-6.8,-13.7,-11.8,3,60.91,Agrichem - Fertilizers,Small Cap
MAGADSUGAR,20.2,49.8,-3,-6,-1,-7.4,5.2,-7.4,5.2,-11.1,-16.9,-14.8,3,506.65,Agri - Sugar,Small Cap
MAGNUM,31.4,75.3,-9,-3,-4,2.6,-0.3,2.6,-0.3,-0.4,-4.6,-8.5,3,19.2,Paper,Small Cap
MAHAPEXLTD,53.3,79.6,-3,-3,-1,6.0,8.4,6.0,8.4,-1.7,-13.2,-38.9,1,55.0,Financials - Misc,Small Cap
MAHASTEEL,13.4,13.4,-2,-6,-1,7.3,20.5,7.3,20.5,-9.9,-7.5,-10.4,3,1229.9,Metals - Iron & Steel,Small Cap
MAHEPC,34.3,48.0,-9,-7,-2,-8.2,-10.9,-8.2,-10.9,-2.9,-16.2,-17.0,0,101.11,Industrial - Consumables,Small Cap
MAHESHWARI,7.6,58.2,-5,-1,-2,1.4,15.4,1.4,15.4,-1.8,-5.2,-5.3,1,71.0,Others,Small Cap
MAHLIFE,18.8,48.9,-6,-5,-1,-8.7,1.2,-8.7,1.2,-5.5,-12.2,-12.2,4,346.95,Real Estate,Small Cap
MAHLOG,13.5,52.6,-7,-5,-1,-1.4,1.7,-1.4,1.7,-4.1,-6.6,-6.0,2,389.3,Transport - Logistics,Small Cap
MAHSCOOTER,25.5,28.8,-5,-8,-1,-1.5,4.2,-1.5,4.2,-3.4,-5.2,-3.4,6,13203.0,Financials - Misc,Small Cap
MAHSEAMLES,4.0,35.3,-1,-2,0,5.2,16.5,5.2,9.6,-2.7,-2.7,7.0,3,709.3,Metals - Pipe & Tube,Small Cap
MAITHANALL,13.5,34.4,-1,-7,-3,3.6,7.5,3.6,7.5,-7.5,-7.3,-3.0,3,1046.95,Metals - Misc,Small Cap
MALLCOM,37.0,46.3,-9,-8,-4,-6.0,-1.0,-6.0,-1.0,-6.5,-9.2,-14.8,4,958.0,Industrial - Consumables,Small Cap
MALUPAPER,26.6,53.7,-7,-4,-4,4.4,3.4,4.4,2.5,-6.6,-10.0,-2.1,2,32.39,Paper,Small Cap
MANAKALUCO,48.0,48.0,-5,-6,-3,-4.1,4.1,-4.1,4.1,-10.8,-18.5,-14.8,4,35.4,Metals - Aluminium,Small Cap
MANAKCOAT,30.9,30.9,-8,-2,0,5.7,7.4,5.7,5.8,-0.5,-3.1,3.3,4,126.42,Metals - Casting/Forging,Small Cap
MANAKSIA,10.9,66.3,-1,-2,3,2.8,16.8,2.8,7.6,-7.4,-7.8,2.8,3,65.43,Metals - Iron & Steel,Small Cap
MANAKSTEEL,13.8,13.8,-1,-2,-1,8.9,35.0,8.9,13.3,-10.9,-11.7,4.6,5,104.1,Metals - Iron & Steel,Small Cap
MANALIPETC,10.9,44.6,-1,-6,-1,8.2,21.6,8.2,21.6,-6.9,-5.8,1.4,2,82.88,Chemicals - Petro,Small Cap
MANAPPURAM,16.3,16.3,-7,-9,-2,-4.4,-2.3,-4.4,-2.3,-6.7,-14.1,-14.1,5,319.45,Financials - NBFC,Small Cap
MANGALAM,57.4,86.0,-1,-3,-1,1.0,10.5,1.0,1.8,-13.6,-13.6,-0.7,1,31.51,Healthcare - Pharma,Small Cap
MANGLMCEM,11.3,11.3,-2,-9,-1,-0.3,4.3,-0.3,4.3,-9.7,-9.3,-7.3,4,993.0,Infra - Cement,Small Cap
MANINDS,16.2,16.2,-1,-5,0,8.9,32.5,8.9,12.7,-8.6,-8.6,5.1,5,791.35,Metals - Pipe & Tube,Small Cap
MANINFRA,17.4,52.6,-1,-4,0,5.9,14.6,5.9,6.8,-3.3,-1.8,1.6,4,124.58,Infra - Construction,Small Cap
MANKIND,14.9,26.4,-9,-9,-2,-9.0,-4.8,-9.0,-4.8,-5.4,-11.3,-12.1,2,2247.4,Healthcare - Pharma,Large Cap
MANOMAY,13.0,28.2,-1,-7,-5,1.4,6.6,1.4,6.6,-4.4,-5.7,-6.7,2,226.17,Textile - Misc,Small Cap
MANORG,28.4,65.0,-8,-4,-4,-11.7,-5.0,-11.7,-5.0,-11.2,-18.5,-21.3,0,454.65,Chemicals - Bulk,Small Cap
MANUGRAPH,34.9,78.0,-5,-2,-3,0.9,7.8,0.9,8.9,-0.3,-5.5,-2.7,1,15.25,Engineering,Small Cap
MANYAVAR,21.1,63.2,-1,-7,0,1.7,24.1,1.7,10.3,-5.9,-6.8,2.1,0,556.55,Textile - Apparels,Mid Cap
MAPMYINDIA,55.5,67.6,-6,-8,-1,-17.9,-6.5,-17.9,-6.5,-9.3,-25.7,-25.7,2,889.0,IT - Product/Platform,Small Cap
MARALOVER,12.9,56.6,-1,-5,0,5.0,14.5,5.0,5.6,-9.2,-6.2,2.8,2,60.0,Textile - Spinning/Yarn,Small Cap
MARATHON,38.7,46.0,-1,-6,-4,2.1,-6.6,2.1,-6.6,-8.7,-5.3,-11.6,3,415.55,Real Estate,Small Cap
MARICO,8.4,8.4,-7,-9,-2,-3.7,1.8,-3.7,1.8,-1.9,-6.4,-6.4,7,814.6,Agri - Edible Oil,Mid Cap
MARINE,15.2,15.2,-2,-9,-1,-2.2,28.0,-2.2,28.0,-12.4,-11.7,-4.8,7,381.55,Electronic - Equipment,Small Cap
MARKOLINES,10.4,10.4,-5,-5,-2,-1.2,7.2,-1.2,7.2,-2.3,-8.7,-5.1,5,171.77,Others,Small Cap
MARUTI,29.6,29.6,-6,-9,-1,-11.5,-7.4,-11.5,-7.4,-4.9,-14.8,-15.2,4,12222.0,Auto - PV/Trucks,Large Cap
MASFIN,19.2,31.5,-6,-9,-4,-6.2,-3.4,-6.2,-3.4,-3.2,-11.1,-14.7,3,290.1,Financials - NBFC,Small Cap
MASKINVEST,39.9,49.4,-5,-3,-4,0.3,7.8,0.3,7.8,-3.9,-6.8,-5.2,4,147.84,Financials - Misc,Small Cap
MASTEK,31.2,55.6,-3,-9,-1,-6.8,1.5,-6.8,1.5,-9.1,-14.2,-13.0,4,1630.5,IT - Software/Consulting,Small Cap
MATRIMONY,6.8,57.0,-5,7,0,11.9,17.8,11.9,17.8,0.8,-0.8,3.0,0,534.05,IT - Product/Platform,Small Cap
MAWANASUG,22.8,29.6,-3,-8,-1,1.3,7.4,1.3,7.4,-14.9,-18.4,-15.1,3,126.54,Agri - Sugar,Small Cap
MAXESTATES,0.6,17.1,0,1,0,9.5,30.2,5.8,17.5,3.1,3.4,13.1,5,579.4,Infra - Construction,Small Cap
MAXHEALTH,15.9,21.8,-6,-2,-2,-5.3,-1.6,-5.3,-1.6,-1.1,-10.9,-9.5,4,1027.4,Healthcare - Hospitals,Large Cap
MAXIND,38.1,58.1,-7,-8,-2,-15.6,-7.7,-15.6,-7.7,-7.0,-24.1,-17.7,6,141.66,Financials - Misc,Small Cap
MAYURUNIQ,16.0,16.0,-9,4,-2,5.9,27.2,3.3,27.2,1.6,-15.1,-11.5,5,762.0,Leather Products,Small Cap
MAZDA,18.8,41.7,-2,-7,-1,0.9,7.8,0.9,7.8,-7.7,-7.4,-0.7,5,250.0,Engineering,Small Cap
MAZDOCK,23.6,40.7,-4,-8,-4,-9.6,-5.9,-9.6,-5.9,-10.3,-13.7,-18.1,7,2239.2,Defense - Ship Building,Mid Cap
MBAPL,8.4,8.4,-4,-8,-1,1.4,31.3,1.4,31.3,-2.6,-6.8,-0.9,6,160.31,Agrichem - Fertilizers,Small Cap
MBLINFRA,52.1,82.2,-9,-8,-3,-12.6,-9.4,-12.6,-9.4,-11.1,-16.3,-20.1,2,21.85,Infra - Construction,Small Cap
MCL,40.2,60.2,-2,-4,-4,-1.5,2.4,-1.5,2.4,-7.5,-7.1,-11.4,2,55.74,Power - Wiring,Small Cap
MCLEODRUSS,45.1,82.7,-8,-9,-4,-11.2,1.5,-11.2,1.5,-8.8,-22.7,-45.1,1,43.03,Agri - Tea/Coffee,Small Cap
MEDANTA,8.5,8.5,-1,-4,-1,0.2,10.3,0.2,10.3,-3.9,-4.1,-4.5,8,1413.3,Healthcare - Hospitals,Small Cap
MEDIASSIST,45.0,55.8,-5,-7,-3,-10.0,-11.9,-10.0,-11.9,-7.7,-16.3,-17.0,0,316.3,Transport - Logistics,Small Cap
MEDICAMEQ,23.6,72.1,0,-1,3,24.7,37.6,13.7,23.7,4.7,5.9,18.3,0,341.95,Healthcare - Biotech,Small Cap
MEDICO,37.9,64.9,-6,-6,-1,-14.7,-14.1,-14.7,-14.1,-12.4,-29.0,-29.0,2,35.31,Healthcare - Pharma,Small Cap
MEDPLUS,35.6,51.0,-9,-9,-4,-17.5,-21.9,-17.5,-21.9,-1.7,-20.3,-26.5,0,658.05,IT - Product/Platform,Small Cap
MEESHO,,17.2,-1,-2,0,1.4,11.4,1.4,5.5,-3.2,-3.0,2.5,5,210.52,E-Retail/ E-Commerce,Mid Cap
MEGASTAR,29.0,31.2,-9,-6,-2,-12.1,-9.8,-12.1,-9.8,-9.2,-27.5,-23.6,2,278.5,Consumption - Misc,Small Cap
MENONBE,8.4,8.4,-2,-8,0,7.4,41.3,7.4,17.3,-6.3,-7.6,3.4,4,296.9,Industrial - Bearings,Small Cap
METROBRAND,28.0,34.6,-9,-5,-1,-7.4,-5.6,-7.4,-5.6,-0.9,-12.0,-9.0,3,942.95,Consumption - Footwear,Mid Cap
MFSL,21.8,21.8,-9,-9,-4,-3.9,-5.1,-3.9,-5.1,-4.3,-9.4,-16.2,5,1480.0,Financials - Life,Mid Cap
MGL,19.5,45.9,-5,-6,-2,-3.5,-1.7,-3.5,-1.7,-2.0,-6.1,-9.3,3,1074.6,Utility - Gas,Small Cap
MHLXMIRU,38.7,60.1,-4,-9,-4,-6.1,-10.4,-6.1,-10.4,-14.6,-23.1,-19.8,2,149.87,Others,Small Cap
MHRIL,45.1,61.4,-9,-8,-4,-12.6,-15.5,-12.6,-15.5,-6.5,-17.6,-30.0,3,194.71,Leisure - Hotels,Small Cap
MICEL,44.1,70.0,-2,-9,-4,-6.4,-8.0,-6.4,-8.0,-11.8,-17.3,-21.4,1,34.4,Electronic - Equipment,Small Cap
MID150BEES,6.0,6.0,-3,-6,-1,-3.3,-0.6,-3.3,-0.6,-3.7,-6.0,-4.0,9,232.37,,
MILKYMIST,,8.8,-1,-3,0,14.0,45.6,14.0,23.6,-5.1,-5.1,31.7,0,277.77,,
MINDSPACE,2.5,2.5,-2,-7,0,1.3,2.8,1.3,2.8,-0.8,-0.5,0.6,7,498.78,Financials - Misc,Small Cap
MINDTECK,48.7,57.1,-9,-9,-4,-21.3,-16.8,-21.3,-16.8,-8.5,-24.9,-26.5,3,157.88,IT - Software/Consulting,Small Cap
MIRZAINT,31.5,92.1,-9,-6,-3,-16.8,-8.2,-16.8,-8.2,-4.8,-25.6,-15.3,2,29.67,Leather Products,Small Cap
MITCON,11.8,50.8,-1,-1,-4,4.3,21.2,4.3,21.2,-5.0,-1.1,-5.5,2,79.29,IT - Software/Consulting,Small Cap
MMFL,10.4,15.6,-3,-9,-1,1.6,13.2,1.6,13.2,-6.4,-6.0,-5.2,5,616.3,Metals - Casting/Forging,Small Cap
MMP,6.8,6.8,-1,-6,0,12.0,47.9,12.0,25.1,-1.5,-1.3,17.9,4,463.95,Metals - Misc,Small Cap
MMTC,23.0,54.2,-4,-7,-3,-1.9,-3.5,-1.9,-3.5,-5.8,-10.0,-13.8,3,60.36,Others,Small Cap
MODIRUBBER,29.1,45.0,-3,-7,-4,-4.4,-2.3,-4.4,-2.3,-10.8,-13.6,-13.2,4,118.76,Others,Small Cap
MODISONLTD,15.0,15.0,-1,-9,-1,11.7,48.4,11.7,48.4,-10.9,-7.7,2.3,5,464.3,Power - Equipment,Small Cap
MOHITIND,32.5,64.8,-6,-8,-4,5.2,5.2,5.2,5.2,-3.2,-13.9,-8.8,2,23.5,Textiles - Processing,Small Cap
MOIL,40.4,58.9,-6,-8,-4,-12.7,-15.3,-12.7,-15.3,-4.3,-14.8,-22.4,4,241.4,Metals - Misc,Small Cap
MOL,29.1,60.3,-1,-8,-1,-0.1,10.0,-0.1,10.0,-10.3,-9.7,-5.3,2,60.52,Agrichem - Protection,Small Cap
MOLDTECH,18.9,53.8,-1,-6,-1,-5.0,18.4,-5.0,4.5,-16.7,-11.9,-6.1,4,184.0,IT - Services,Small Cap
MOLDTKPAC,18.3,40.0,-7,-8,-2,-3.2,13.2,-3.2,13.2,-5.5,-9.1,-7.4,3,666.1,Packaging,Small Cap
MONARCH,8.6,25.5,-6,-9,-1,1.2,8.8,1.2,8.8,-3.6,-6.1,-6.1,4,371.9,Financials - Broking,Small Cap
MONTECARLO,35.6,43.7,-2,-7,-4,1.8,2.9,1.8,2.9,-3.8,-3.5,-2.7,4,554.65,Textile - Apparels,Small Cap
MOREPENLAB,4.7,4.7,0,-7,0,16.6,71.8,16.6,30.6,-1.7,0.7,9.0,4,116.8,Healthcare - Pharma,Small Cap
MOTILALOFS,9.9,37.8,-2,-7,-1,2.2,7.3,2.2,7.3,-6.1,-5.1,-5.3,1,988.0,Financials - Broking,Mid Cap
MOTISONS,13.5,51.4,-3,-7,0,10.9,11.2,10.9,11.2,-2.1,-5.8,1.2,2,16.44,Consumption - Jewelry,Small Cap
MOTOGENFIN,27.5,51.9,-1,-5,-3,-0.9,2.0,-0.9,2.0,-19.4,-14.7,-15.7,4,24.94,Financials - Misc,Small Cap
MPHASIS,22.6,37.1,-5,-9,-1,-3.1,1.4,-3.1,1.4,-6.7,-9.5,-5.1,4,2302.8,IT - Software/Consulting,Mid Cap
MPSLTD,12.2,15.1,-5,-5,-1,-4.9,27.6,-4.9,27.6,-5.2,-11.4,-3.2,5,2614.3,Media - Publishing,Small Cap
MRF,23.7,23.7,-6,-9,-1,-5.6,-3.6,-5.6,-3.6,-5.1,-7.6,-8.5,5,124895.0,Auto - Tyres,Mid Cap
MRPL,21.8,42.6,-4,-5,-5,-2.8,1.2,-2.8,1.2,-9.6,-6.1,-11.6,5,166.0,Petro - Refineries,Small Cap
MSPL,27.4,48.1,-9,-9,-4,-1.4,-5.4,-1.4,-5.4,-7.2,-21.8,-21.6,3,33.48,Metals - Iron & Steel,Small Cap
MSUMI,33.3,33.3,-5,-5,-1,-9.4,-7.8,-9.4,-7.8,-3.0,-13.9,-13.4,4,35.74,Auto - OEM Suppliers,Mid Cap
MTARTECH,22.1,22.1,-1,-6,-4,-2.1,19.4,-2.1,19.4,-11.7,-7.1,-13.8,2,6792.0,Defense - Misc,Small Cap
MTNL,46.3,76.5,-9,-8,-3,-14.3,-18.4,-14.3,-18.4,-9.9,-20.0,-23.3,3,24.0,Telecom,Small Cap
MUFIN,5.8,51.4,-3,-8,-1,-1.3,5.3,-1.3,5.3,-3.1,-4.7,-2.4,0,133.31,Financials - Misc,Small Cap
MUKANDLTD,11.9,36.1,-9,-4,-1,-2.1,4.5,-2.1,4.5,-4.4,-6.7,-4.0,4,135.95,Metals - Iron & Steel,Small Cap
MUKKA,15.7,50.4,-1,-2,0,3.9,16.9,3.9,8.5,-12.8,-12.8,13.1,0,28.06,Agri - Animal Feed,Small Cap
MUKTAARTS,20.9,56.6,-1,-6,-3,3.0,1.9,3.0,1.9,-4.5,-6.9,-12.6,1,57.48,Media - Films,Small Cap
MUNJALAU,20.8,29.0,-5,-7,-1,-3.5,9.3,-3.5,9.3,-9.5,-14.1,-10.6,4,103.5,Auto - OEM Suppliers,Small Cap
MUNJALSHOW,13.8,59.5,-5,-6,-4,-4.9,-2.4,-4.9,-2.4,-2.0,-8.3,-8.5,1,126.77,Auto - Replacement,Small Cap
MURUDCERA,37.8,60.2,-9,-4,-4,-5.6,-7.3,-5.6,-7.3,-6.1,-9.5,-14.3,1,28.61,Infra - Ceramics,Small Cap
MUTHOOTCAP,22.1,81.8,-6,-8,-1,0.4,10.5,0.4,10.5,-3.5,-9.0,-3.5,2,236.0,Financials - NBFC,Small Cap
MUTHOOTFIN,33.0,33.0,-7,-9,-4,-5.0,-11.6,-5.0,-11.6,-5.8,-11.1,-18.8,6,2781.4,Financials - NBFC,Mid Cap
MUTHOOTMF,27.9,32.6,-7,-9,-1,-20.1,-1.9,-20.1,-1.9,-8.5,-24.2,-23.2,0,189.53,Financials - NBFC,Small Cap
MVELECTRO,,13.4,-1,-6,0,11.5,27.8,5.6,14.0,-9.7,-2.5,7.9,0,820.55,,
MVGJL,8.5,44.0,0,-7,3,18.7,40.7,11.6,23.4,-3.1,8.5,19.7,0,214.1,Consumption - Jewelry,Small Cap
NACLIND,37.1,54.6,-9,-8,-2,-24.4,-12.8,-24.4,-12.8,-8.5,-35.3,-30.6,3,154.17,Agrichem - Protection,Small Cap
NAGREEKCAP,35.7,65.4,0,-1,-4,17.2,3.1,10.8,3.1,2.3,10.4,-13.2,1,27.5,Financials - Misc,Small Cap
NAGREEKEXP,39.0,62.7,-4,-8,-4,-1.6,-9.1,-1.6,-9.1,-3.8,-13.4,-23.3,3,21.9,Textile - Spinning/Yarn,Small Cap
NAHARCAP,17.9,63.6,-5,-3,-3,1.6,1.6,1.6,1.6,-3.3,-7.4,-1.7,2,251.9,Financials - Misc,Small Cap
NAHARINDUS,16.4,45.9,-2,-6,-1,-0.5,5.7,-0.5,5.7,-7.2,-6.5,-5.7,4,128.72,Textile - Spinning/Yarn,Small Cap
NAHARPOLY,33.6,62.4,-7,-7,-2,-13.3,-7.1,-13.3,-7.1,-9.8,-17.8,-16.2,3,225.0,Packaging,Small Cap
NAHARSPING,24.1,61.6,-5,-8,-1,-9.4,2.2,-9.4,2.2,-11.0,-17.2,-8.5,2,264.85,Textile - Misc,Small Cap
NARMADA,36.6,39.1,-8,-6,-3,-20.0,-18.5,-20.0,-18.5,-5.7,-31.3,-31.5,7,13.74,Agri - Animal Feed,Small Cap
NATCOPHARM,33.9,50.5,-9,-9,-4,-13.3,-18.1,-13.3,-18.1,-3.6,-17.5,-25.9,3,811.5,Healthcare - Pharma,Small Cap
NATHBIOGEN,27.9,74.9,-9,-8,-4,-7.0,-4.3,-7.0,-4.3,-4.2,-12.3,-25.0,1,147.0,Agri - Seeds,Small Cap
NATIONALUM,19.8,19.8,-3,-5,-4,-6.0,-5.8,-6.0,-5.8,-5.4,-10.4,-15.9,5,357.15,Metals - Aluminium,Mid Cap
NAUKRI,11.6,31.2,-2,-9,-1,-0.1,7.0,-0.1,7.0,-6.0,-7.3,-4.4,5,1255.8,IT - Product/Platform,Mid Cap
NAVA,25.2,25.2,-9,-9,-4,-1.3,-5.6,-1.3,-5.6,-1.7,-11.5,-16.4,5,553.4,Power - Misc,Small Cap
NAVKARCORP,33.8,64.8,-9,-9,-3,-11.3,-8.4,-11.3,-8.4,-10.6,-22.3,-19.0,1,86.97,Transport - Logistics,Small Cap
NAVNETEDUL,24.6,35.3,-9,-9,-3,-12.1,-10.3,-12.1,-10.3,-6.0,-16.6,-14.2,1,125.22,Media - Publishing,Small Cap
NAZARA,7.7,16.4,-2,-4,-1,-1.5,6.6,-1.5,6.6,-6.3,-6.9,-5.9,2,350.7,IT - Product/Platform,Small Cap
NBCC,35.0,41.5,-9,-9,-3,-15.1,-12.3,-15.1,-12.3,-5.7,-20.6,-23.9,3,81.77,Infra - Construction,Small Cap
NBIFIN,34.3,52.1,-9,-1,-2,-1.4,6.6,-1.4,6.6,-2.2,-14.7,-10.7,3,1964.0,Financials - NBFC,Small Cap
NCC,37.5,62.7,-3,-8,-4,-5.8,-6.4,-5.8,-6.4,-9.5,-9.4,-17.1,3,135.86,Infra - Construction,Small Cap
NCLIND,19.2,43.1,-9,-7,-2,1.0,-1.2,1.0,-1.2,-3.1,-8.7,-9.9,1,173.57,Infra - Cement,Small Cap
NDGL,33.1,59.5,-4,-6,-1,1.7,4.2,1.7,4.2,-3.4,-12.6,-3.4,3,2710.0,Financials - NBFC,Small Cap
NDLVENTURE,16.7,28.9,-9,-3,-4,-6.8,-3.3,-6.8,-3.3,-8.0,-14.0,-11.5,3,116.58,Media - TV Broadcast,Small Cap
NDRAUTO,36.6,43.9,-9,-8,-3,-14.0,-9.9,-14.0,-9.9,-5.5,-23.7,-19.9,7,684.55,Auto - OEM Suppliers,Small Cap
NDTV,40.7,87.8,-9,-7,-4,-11.8,-10.7,-11.8,-10.7,-5.0,-15.6,-15.8,2,70.01,Media - TV Broadcast,Small Cap
NECCLTD,20.7,81.5,-1,-6,1,14.0,22.4,14.0,12.5,-2.5,-2.0,10.8,0,19.05,Transport - Logistics,Small Cap
NELCAST,39.1,45.7,-9,-8,-4,-17.1,-13.7,-17.1,-13.7,-11.1,-25.8,-25.7,3,105.41,Metals - Casting/Forging,Small Cap
NELCO,15.7,37.1,-4,-6,-1,-1.6,11.0,-1.6,11.0,-2.6,-8.3,-7.8,5,944.6,IT - Equipments,Small Cap
NEPHROPLUS,,5.1,-1,-2,2,4.4,10.4,4.4,6.2,-2.0,-3.1,3.3,5,741.55,Healthcare Service Provider,Small Cap
NESCO,24.2,34.2,-9,-6,-4,2.3,-4.3,2.3,-4.3,-2.3,-4.4,-12.6,5,1078.2,Real Estate,Small Cap
NESTLEIND,10.8,10.8,-6,-9,-2,-6.9,-2.6,-6.9,-2.6,-2.3,-10.0,-8.2,6,1385.5,Consumption - FMCG,Large Cap
NETWORK18,50.7,80.7,-9,-9,-4,-7.8,-7.4,-7.8,-7.4,-6.4,-21.0,-23.8,2,26.23,Media - Entertainment,Small Cap
NEWGEN,52.8,72.7,-3,-8,-1,-7.5,-2.9,-7.5,-2.9,-7.0,-13.4,-12.1,3,491.35,IT - Software/Consulting,Small Cap
NFL,32.5,61.0,-9,-9,-4,-7.0,-7.8,-7.0,-7.8,-5.9,-12.4,-14.8,4,66.35,Agrichem - Fertilizers,Small Cap
NGIL,26.4,89.9,-5,-6,-4,-16.3,-12.7,-16.3,-12.7,-20.4,-23.6,-23.4,0,32.29,Consumption - Misc,Small Cap
NHIT,,,,,,,,,,,,,,,,
NHPC,14.3,36.2,-7,-5,-4,-4.0,-0.5,-4.0,-0.5,-1.4,-5.8,-9.2,4,75.52,Power - Misc,Mid Cap
NIACL,19.4,48.9,-1,-8,0,0.7,9.7,0.7,9.7,-16.1,-16.4,2.2,0,195.5,Financials - Non-Life,Small Cap
NIBE,33.0,38.1,-9,-9,-2,-11.9,9.1,-11.9,9.1,-8.7,-26.3,-25.8,5,1238.3,,
NIBL,24.0,39.2,-7,-2,-1,-2.0,4.7,-2.0,4.7,-5.3,-16.2,-10.6,1,31.0,Industrial - Bearings,Small Cap
NIFTYBEES,12.2,12.2,-5,-9,-1,-3.2,-1.7,-3.2,-1.7,-3.7,-5.4,-7.3,8,265.42,,
NIITLTD,22.5,86.9,-2,-9,-1,-11.2,4.4,-11.2,4.4,-12.7,-18.4,-15.1,3,86.13,IT - Education,Small Cap
NIITMTS,49.7,61.3,-8,-1,-4,-5.0,-15.2,-5.0,-15.2,-3.9,-8.8,-32.4,2,223.44,IT - Education,Small Cap
NINSYS,24.2,24.2,-8,-2,-2,-15.1,11.5,-15.1,11.5,-1.4,-21.7,-14.9,2,708.65,IT - Software/Consulting,Small Cap
NIPPOBATRY,31.0,62.3,-9,-7,-4,0.2,0.8,0.2,0.8,-1.6,-8.8,-12.4,1,323.6,Batteries,Small Cap
NIRAJ,43.7,63.2,-8,-6,-3,-3.6,-3.2,-3.6,-3.2,-5.3,-7.5,-8.0,1,27.6,Infra - Construction,Small Cap
NIRAJISPAT,30.2,51.0,-2,-8,-1,28.6,22.3,28.6,22.3,-30.0,-22.6,-15.5,3,300.0,Others,Small Cap
NITCO,26.1,46.2,-9,-8,-2,-5.2,-9.5,-5.2,-9.5,-8.3,-24.8,-18.3,2,88.22,Infra - Ceramics,Small Cap
NITINSPIN,4.9,4.9,-1,-5,-1,3.7,13.7,3.7,6.0,-3.5,-2.8,0.8,5,632.6,Textile - Spinning/Yarn,Small Cap
NITIRAJ,7.4,47.1,-1,-5,0,2.6,12.5,2.6,5.6,-4.0,-4.4,1.4,4,223.06,Electronic - Equipment,Small Cap
NIVABUPA,12.6,27.0,-6,-1,-1,-5.7,-2.8,-5.7,-2.8,-1.7,-8.4,-8.4,0,79.86,,
NKE,,,,,,,,,,,,,,,,
NKIND,26.6,41.5,-9,-5,-4,1.1,-6.0,1.1,-6.0,-8.3,-17.7,-13.5,3,57.6,Agri - Edible Oil,Small Cap
NLCINDIA,33.2,33.2,-9,-9,-4,-12.5,-6.0,-12.5,-6.0,-6.4,-17.8,-25.5,3,259.0,Power - Misc,Small Cap
NMDC,14.3,17.1,-3,-5,-4,-4.0,-1.2,-4.0,-1.2,-5.2,-6.9,-10.6,4,80.8,Metals - Misc,Mid Cap
NOCIL,9.7,45.1,-1,-5,1,5.1,10.6,5.1,4.8,-4.3,-2.7,2.2,4,184.6,Chemicals - Specialty,Small Cap
NORBTEAEXP,35.0,35.0,-3,-8,-5,-2.2,10.2,-2.2,10.2,-8.2,-9.3,-31.7,5,64.56,Agri - Tea/Coffee,Small Cap
NORTHARC,10.0,14.1,-9,-6,-1,1.0,5.4,1.0,5.4,-2.9,-7.9,-3.5,7,300.75,Financials - NBFC,Small Cap
NOVARTIND,,16.6,-1,-4,3,19.9,47.2,19.9,26.1,-9.9,-9.7,38.8,4,2159.8,Healthcare - Pharma,Small Cap
NPST,8.7,47.5,1,0,0,15.3,21.2,8.6,15.3,4.8,5.3,12.5,5,1879.0,IT - Software/Consulting,Small Cap
NRAIL,8.0,8.0,0,-6,0,11.2,30.1,11.2,18.5,-2.7,0.4,23.6,2,630.45,Paper,Small Cap
NRL,4.1,7.0,0,-1,0,5.6,34.1,3.5,17.2,-1.5,0.2,8.8,4,133.32,Metals - Misc,Small Cap
NSIL,37.3,45.2,-2,-8,-1,-2.4,2.4,-2.4,2.4,-4.2,-4.4,-5.7,5,5469.5,Financials - NBFC,Small Cap
NSLNISP,16.1,43.4,-3,-8,-3,-4.5,0.5,-4.5,0.5,-9.9,-15.0,-12.9,0,41.68,Metals - Iron & Steel,Small Cap
NTPC,20.8,26.8,-7,-5,-4,-3.8,-12.3,-3.8,-12.3,-2.0,-7.8,-17.8,4,328.15,Power - Misc,Large Cap
NUCLEUS,35.2,61.4,-8,-8,-4,-3.6,-5.9,-3.6,-5.9,-6.7,-10.4,-14.1,3,690.1,IT - Product/Platform,Small Cap
NURECA,5.3,85.4,-4,-3,-2,6.7,13.3,2.6,13.3,-0.6,-4.4,-1.3,0,339.0,Healthcare - Equipments,Small Cap
NUVAMA,18.0,18.0,-8,-9,-1,-7.5,9.6,-7.5,9.6,-8.1,-14.4,-7.0,8,1694.9,Financials - AMC,Small Cap
NUVOCO,27.7,45.0,-7,-8,-1,-3.4,5.0,-3.4,5.0,-8.7,-11.7,-9.1,0,317.9,Infra - Cement,Small Cap
NXST,13.3,13.3,-4,-3,-1,1.6,5.7,1.6,5.7,-0.9,-1.5,-0.8,8,166.46,Financials - Misc,Small Cap
NYKAA,7.4,24.6,-1,-2,-1,-2.0,8.3,-2.0,8.3,-6.1,-6.1,-7.4,0,323.6,IT - Product/Platform,Mid Cap
OAL,9.5,54.0,-1,-6,0,15.6,36.2,15.6,17.4,-5.6,-4.8,9.2,1,506.55,Chemicals - Specialty,Small Cap
OBCL,4.9,64.2,0,-3,-3,9.2,7.5,5.0,7.5,4.9,1.7,-0.2,0,58.99,Transport - Logistics,Small Cap
OBEROIRLTY,14.2,27.3,-9,-9,-1,-7.6,-2.7,-7.6,-2.7,-10.2,-13.0,-8.7,6,1704.8,Real Estate,Mid Cap
OFSS,9.1,13.7,-2,-8,-1,-3.1,3.5,-3.1,3.5,-6.2,-6.5,-9.1,3,11403.0,IT - Product/Platform,Mid Cap
OIL,9.3,37.3,-1,-4,-4,0.5,5.7,0.5,5.7,-4.4,-1.8,-4.2,4,481.8,Oil and Gas,Mid Cap
OILCOUNTUB,23.3,37.4,-1,-9,-1,6.0,8.2,6.0,8.2,-6.7,-3.1,-1.6,2,63.0,Oil and Gas,Small Cap
OLECTRA,25.6,47.1,-9,-9,-2,-11.5,-8.6,-11.5,-8.6,-6.4,-21.6,-22.1,5,1174.5,Auto - PV/Trucks,Small Cap
OMAXAUTO,35.8,35.8,-9,-9,-4,-25.0,12.2,-25.0,12.2,-8.9,-30.2,-31.2,3,169.16,Auto - OEM Suppliers,Small Cap
OMAXE,16.1,50.5,-2,-9,-1,9.9,22.6,9.9,22.6,-12.1,-14.5,-7.1,1,116.56,Real Estate,Small Cap
OMINFRAL,40.6,64.9,-9,-6,-4,-6.4,-4.7,-6.4,-4.7,-4.9,-13.0,-13.7,3,80.02,Engineering,Small Cap
ONEPOINT,10.5,24.0,-5,3,-4,3.4,22.8,3.4,22.8,1.3,-2.6,-5.8,5,58.92,Tech - BPO,Small Cap
ONGC,24.0,32.3,-8,-4,-4,-4.5,-13.1,-4.5,-13.1,-1.5,-6.0,-22.0,4,233.72,Oil and Gas,Large Cap
ONIDA,32.1,48.3,-9,-9,-4,-12.1,-8.5,-12.1,-8.5,-6.0,-24.4,-20.7,1,33.44,Consumption - Electronics,Small Cap
ONMOBILE,39.0,73.2,-6,-1,-1,-19.0,-4.9,-19.0,-4.9,1.0,-34.7,-23.0,2,51.27,IT - Product/Platform,Small Cap
ONWARDTEC,20.0,62.3,-6,-4,-1,-2.0,5.3,-2.0,5.3,-3.0,-5.4,-5.4,4,279.05,IT - Software/Consulting,Small Cap
OPTIEMUS,14.9,31.9,-6,-2,-1,5.1,21.5,5.1,21.5,0.3,-7.2,-7.2,2,594.9,Telecom,Small Cap
ORBTEXP,18.4,25.8,-5,-9,-1,-3.5,8.1,-3.5,8.1,-5.2,-14.3,-7.6,4,227.4,Textiles - Processing,Small Cap
ORCHPHARMA,14.8,63.6,-5,-5,-1,-2.9,6.0,-2.9,6.0,-5.2,-8.5,-2.5,4,965.0,Healthcare - Pharma,Small Cap
ORICONENT,28.9,28.9,-9,-9,-5,-2.1,-17.8,-2.1,-17.8,-3.1,-13.3,-21.2,2,51.99,Packaging,Small Cap
ORIENTBELL,10.3,52.6,-2,-6,-1,3.0,15.7,3.0,15.7,-7.1,-7.1,-0.1,3,390.1,Infra - Ceramics,Small Cap
ORIENTCEM,46.0,67.7,-8,-7,-4,-9.9,-2.6,-9.9,-2.6,-5.0,-14.9,-18.3,3,122.52,Infra - Cement,Small Cap
ORIENTCER,19.8,37.2,-2,-5,-1,4.5,7.7,4.5,7.7,-3.7,-4.1,1.3,1,45.44,Metals - Casting/Forging,Small Cap
ORIENTELEC,22.3,58.6,-5,-7,-4,-5.3,-3.2,-5.3,-3.2,-5.6,-12.5,-10.3,3,169.04,Consumption - Appliances,Small Cap
ORIENTHOT,6.1,30.9,-3,-8,-2,7.7,7.7,7.7,3.6,-1.1,-2.3,-1.3,5,139.67,Leisure - Hotels,Small Cap
ORIENTLTD,17.9,81.3,-7,-3,0,12.4,9.5,12.4,5.8,1.3,-14.7,0.7,1,83.99,Packaging,Small Cap
ORIENTPPR,38.7,72.8,-6,-7,-4,-3.9,2.2,-3.9,2.2,-9.0,-8.6,-8.3,1,16.91,Paper,Small Cap
ORIENTTECH,49.0,61.2,-8,-2,-4,-4.5,-8.6,-4.5,-8.6,-4.6,-14.3,-16.5,0,238.13,,
ORISSAMINE,36.9,60.1,-4,-7,-1,-11.6,-3.2,-11.6,-3.2,-10.1,-20.8,-10.2,4,3875.0,Metals - Misc,Small Cap
OSIAHYPER,90.9,97.1,-9,-6,-4,-24.0,-29.5,-24.0,-29.5,-9.3,-31.4,-72.6,2,2.25,Consumption - Retail,Small Cap
OSWALAGRO,58.2,69.4,-9,-6,-4,-11.4,-21.3,-11.4,-21.3,-8.3,-18.2,-30.2,4,33.85,Agri - Misc,Small Cap
OSWALGREEN,54.5,71.9,-9,-8,-4,-8.0,-18.6,-8.0,-18.6,-5.5,-15.2,-30.1,2,19.35,Financials - Misc,Small Cap
PAGEIND,21.6,36.7,-6,-7,-2,-13.5,-9.7,-13.5,-9.7,-4.6,-19.4,-18.5,5,34395.0,Textile - Innerwear,Mid Cap
PAISALO,0.3,10.4,0,1,0,19.8,38.2,11.2,25.4,5.5,5.9,24.3,8,89.22,Financials - NBFC,Small Cap
PAKKA,52.5,80.9,-3,-6,-4,4.8,-13.6,4.8,-13.6,-3.3,-10.2,-21.9,2,76.07,Paper,Small Cap
PALASHSECU,32.7,55.3,-5,-7,-4,2.9,-3.8,2.9,-3.8,-2.1,-10.3,-11.3,3,88.72,Consumption - FMCG,Small Cap
PALREDTEC,35.2,86.4,-3,-6,-3,-8.3,21.7,-8.3,21.7,-15.4,-19.1,-20.8,1,47.67,IT - Software/Consulting,Small Cap
PANACEABIO,37.3,42.1,-8,-3,-3,-29.3,1.8,-29.3,1.8,-5.8,-32.4,-33.8,3,374.45,Healthcare - Biotech,Small Cap
PANACHE,7.3,7.3,-4,-1,-1,11.7,16.8,11.7,7.7,-1.1,-5.0,-2.2,6,518.45,IT - Services,Small Cap
PANAMAPET,23.7,23.7,-5,-5,-1,0.3,13.5,0.3,13.5,-7.7,-10.5,-2.9,4,457.65,Petro - Lubricants,Small Cap
PANSARI,29.3,29.3,-8,-9,-1,-14.5,-8.0,-14.5,-8.0,-10.4,-24.2,-18.3,6,275.05,Real Estate,Small Cap
PAR,27.2,62.4,-2,-9,0,11.0,29.2,11.0,29.2,-22.4,-16.4,11.6,4,131.0,Healthcare - Pharma,Small Cap
PARACABLES,17.8,46.7,-5,-6,-2,0.6,40.6,0.6,40.6,-8.9,-12.8,-9.9,3,62.23,Power - Wiring,Small Cap
PARADEEP,26.8,37.0,-3,-6,-1,-3.1,8.1,-3.1,8.1,-8.2,-11.0,-7.8,6,147.57,Agrichem - Fertilizers,Small Cap
PARAGMILK,27.5,27.5,0,0,0,11.0,19.1,6.1,11.1,1.8,1.8,7.4,1,273.3,Consumption - Dairy,Small Cap
PARAS,14.3,14.7,-4,-6,-1,-0.9,8.5,-0.9,8.5,-10.4,-9.4,-5.2,3,1358.0,Defense - Misc,Small Cap
PARKHOSPS,,8.6,-6,-8,-2,-0.5,9.2,-0.5,9.2,-2.9,-6.8,-8.6,5,278.65,Hospital,Small Cap
PARNAXLAB,,17.1,-1,-8,-1,0.7,19.1,0.7,19.1,-11.5,-8.2,-6.1,0,123.9,,
PASUPTAC,4.3,11.8,0,-1,2,6.2,33.8,3.6,9.9,-1.2,0.3,0.3,3,69.64,Chemicals - Petro,Small Cap
PATANJALI,41.3,68.0,-9,-1,-5,7.3,-20.0,3.6,-20.0,2.3,-13.2,-27.9,0,360.4,Agri - Edible Oil,Mid Cap
PATELENG,33.0,69.0,-9,-2,-2,-8.2,-3.9,-8.2,-3.9,-4.6,-22.9,-25.8,2,25.99,Infra - Construction,Small Cap
PAUSHAKLTD,,13.6,-1,-8,-1,-3.9,14.8,-3.9,14.8,-11.3,-9.7,-5.8,5,714.1,Chemicals - Misc,Small Cap
PAVNAIND,63.5,79.7,-6,-8,-5,-9.9,-9.9,-9.9,-9.9,-10.4,-18.3,-20.4,5,15.44,Auto - Misc,Small Cap
PCBL,17.6,44.4,-1,-5,0,3.6,10.1,3.6,10.1,-3.7,-1.9,0.8,5,324.7,Chemicals - Bulk,Small Cap
PCJEWELLER,12.3,78.9,-1,-7,0,17.9,29.7,17.9,16.3,-9.2,-7.5,15.3,1,12.67,Consumption - Jewelry,Small Cap
PDMJEPAPER,20.9,56.7,4,-6,0,6.8,12.1,6.8,6.8,-0.6,1.7,5.0,5,100.65,Paper,Small Cap
PDSL,19.0,49.1,-4,-7,-1,-2.3,6.4,-2.3,6.4,-5.1,-8.8,-8.4,6,338.95,Textile - Misc,Small Cap
PEARLPOLY,47.8,69.4,-9,-1,-4,8.0,-9.8,4.5,-9.8,3.1,-10.2,-20.0,2,16.43,Chemicals - Misc,Small Cap
PENIND,39.9,39.9,-1,-5,3,3.4,3.9,3.4,3.9,-6.0,-4.1,0.3,4,168.32,Engineering,Small Cap
PENINLAND,59.3,80.5,-9,-8,-4,-5.4,5.6,-5.4,5.6,-8.4,-17.0,-14.3,2,15.22,Real Estate,Small Cap
PETRONET,13.6,26.6,-3,-6,-1,-0.5,3.4,-0.5,3.4,-3.1,-4.0,-10.4,3,282.15,Utility - Gas,Mid Cap
PFC,28.8,40.3,-6,-7,-4,-16.1,-15.3,-16.1,-15.3,-2.5,-18.6,-22.7,3,346.4,Financials - NBFC,Large Cap
PFIZER,28.3,38.0,-3,-9,-1,-16.1,-13.6,-16.1,-13.6,-14.1,-20.4,-18.6,5,3997.9,Healthcare - Pharma,Mid Cap
PFOCUS,13.3,13.3,0,-1,-5,4.9,22.7,2.4,22.7,-1.4,2.3,-5.6,4,318.05,Media - Films,Small Cap
PFS,33.9,60.6,-9,-6,-2,-9.7,-9.1,-9.7,-9.1,-2.7,-14.4,-17.2,2,26.77,Financials - NBFC,Small Cap
PGEL,18.2,50.0,-5,-9,-1,-11.0,-4.2,-11.0,-4.2,-6.1,-16.5,-14.5,5,526.9,Consumption - Electronics,Small Cap
PGHH,47.5,60.4,-7,-9,-4,-12.3,-18.8,-12.3,-18.8,-2.5,-15.4,-32.2,5,7623.0,Consumption - Personal,Mid Cap
PGHL,21.5,27.0,-9,-8,-1,-14.9,-6.5,-14.9,-6.5,-4.2,-20.0,-17.1,4,5473.5,Healthcare - Pharma,Small Cap
PGIL,47.5,11.3,-7,-3,-2,-41.4,-34.1,-41.4,-34.1,-5.6,-45.5,-45.5,8,1125.7,Textile - Apparels,Small Cap
PGINVIT,1.8,28.4,-1,-3,0,1.4,4.6,1.4,2.4,-1.1,-0.8,1.8,2,101.71,Financials - Misc,Small Cap
PHOENIXLTD,14.0,14.0,-9,-9,-2,-6.8,3.2,-6.8,3.2,-4.4,-12.8,-4.9,7,1867.1,Real Estate,Mid Cap
PICCADIL,26.6,26.6,-5,-9,-1,-17.9,-4.8,-17.9,-4.8,-5.4,-21.0,-20.0,5,594.15,,
PIGL,44.2,75.3,-9,-5,-2,-1.9,-1.1,-1.9,-1.1,-1.6,-14.1,-9.9,3,103.12,Engineering,Small Cap
PIIND,40.7,52.7,-5,-9,-4,-16.0,-16.6,-16.0,-16.6,-7.3,-18.5,-25.6,6,2271.3,Agrichem - Protection,Mid Cap
PILANIINVS,31.7,50.2,-5,-8,-4,-5.2,-4.8,-5.2,-4.8,-6.0,-10.2,-14.1,3,4085.3,Financials - Misc,Small Cap
PIONEEREMB,45.5,75.5,-6,-8,-4,-10.6,-12.9,-10.6,-12.9,-3.3,-17.6,-26.6,1,21.0,Textile - Misc,Small Cap
PIRAMALFIN,,4.1,-2,-5,-1,3.2,5.8,3.2,5.8,-3.4,-3.0,-3.1,5,2230.2,Housing Finance Company,Mid Cap
PITTIENG,8.2,25.5,-1,-6,0,4.2,14.3,4.2,6.6,-4.2,-3.5,1.9,5,1127.2,Electronic - Equipment,Small Cap
PIXTRANS,17.0,38.1,-5,-8,-3,0.2,6.0,0.2,6.0,-3.4,-8.6,-5.6,4,1733.7,Industrial - Consumables,Small Cap
PKTEA,21.6,21.6,-1,-5,4,6.3,30.9,6.3,12.5,-18.7,-18.3,10.0,4,916.05,Agri - Tea/Coffee,Small Cap
PLASTIBLEN,14.4,53.5,-8,-7,-1,-3.5,4.2,-3.5,4.2,-4.4,-7.8,-1.0,3,185.21,Chemicals - Specialty,Small Cap
PLAZACABLE,4.0,63.5,-1,-2,0,9.2,34.8,9.2,17.9,0.3,0.6,12.0,0,63.34,Power - Wiring,Small Cap
PNB,12.7,49.0,4,8,0,3.5,5.7,1.3,3.6,0.7,0.0,-5.6,1,118.05,Financials - PSU Bank,Large Cap
PNBGILTS,23.3,47.8,-9,-8,-3,-1.5,6.5,-1.5,6.5,-5.9,-13.9,-15.6,4,77.85,Financials - Misc,Small Cap
PNBHOUSING,7.0,20.8,-1,-7,-1,-1.2,5.0,-1.2,1.5,-4.2,-4.5,-2.0,2,1126.3,Financials - Housing,Small Cap
PNC,48.3,78.6,-9,-4,-3,-10.8,-16.7,-10.8,-16.7,0.7,-20.2,-23.5,1,17.0,Media - Films,Small Cap
PNCINFRA,54.0,76.3,-6,-9,-1,-41.6,-36.2,-41.6,-36.2,-25.7,-45.3,-45.3,4,136.19,Infra - Construction,Small Cap
PNGJL,17.2,28.1,-6,-6,-1,1.7,5.3,1.7,5.3,-2.3,-9.0,-9.0,0,610.1,Consumption - Retail,Small Cap
POCL,29.4,29.4,-9,-9,-2,-8.6,-3.6,-8.6,-3.6,-5.5,-20.3,-17.2,3,456.95,Metals - Misc,Small Cap
PODDARMENT,19.8,43.8,-1,-4,0,5.3,7.0,5.3,0.7,-12.1,-4.4,0.9,2,267.5,Chemicals - Dyes,Small Cap
POKARNA,34.1,48.0,-9,-9,-3,-19.7,-16.6,-19.7,-16.6,-9.7,-27.6,-27.2,3,755.35,Infra - Granites/Marbles,Small Cap
POLICYBZR,11.2,22.4,-2,-9,-1,-0.6,4.1,-0.6,4.1,-6.1,-5.0,-7.0,2,1744.6,IT - Product/Platform,Mid Cap
POLYMED,17.2,48.3,-4,-9,-1,2.5,7.9,2.5,7.9,-2.8,-3.1,-1.4,5,1734.5,Healthcare - Equipments,Small Cap
POLYPLEX,13.9,62.1,-3,-9,-1,-4.2,10.4,-4.2,10.4,-9.2,-8.8,-7.9,3,1088.8,Packaging,Small Cap
PONNIERODE,21.0,40.0,-3,-8,-1,1.3,6.3,1.3,6.3,-10.3,-15.2,-10.9,2,359.35,Agri - Sugar,Small Cap
POONAWALLA,24.5,24.5,-4,-9,-1,-10.5,-1.3,-10.5,-1.3,-8.1,-13.7,-7.9,5,430.85,Financials - NBFC,Mid Cap
POWERGRID,18.6,27.8,-7,-5,-4,-6.7,-6.7,-6.7,-6.7,-2.2,-8.3,-16.9,5,264.5,Power - Misc,Large Cap
POWERINDIA,20.8,21.1,-4,-9,-4,-4.5,18.3,-4.5,18.3,-5.0,-14.3,-20.4,9,30615.0,Power - Equipment,Mid Cap
POWERMECH,22.6,37.5,-9,-9,-3,-7.8,1.5,-7.8,1.5,-5.3,-12.4,-18.8,5,2326.5,Infra - Construction,Small Cap
PPAP,37.1,67.0,-9,-7,-1,-10.3,5.5,-10.3,5.5,-9.5,-26.2,-16.0,1,238.7,Auto - OEM Suppliers,Small Cap
PPL,18.6,59.2,-1,-4,-3,3.9,35.1,3.9,35.1,-5.8,-4.7,-15.9,6,272.25,Infra - Plastic Pipes,Small Cap
PRABHA,13.8,28.3,-1,-6,0,8.8,34.6,8.8,15.5,-9.9,-7.4,10.7,5,226.54,Others,Small Cap
PRAENG,32.2,50.3,-1,-9,3,7.6,11.2,7.6,11.2,-10.9,-6.9,0.1,3,22.98,Real Estate,Small Cap
PRAJIND,26.3,64.0,-9,-9,-4,-6.0,-7.5,-6.0,-7.5,-6.8,-11.4,-22.8,5,315.35,Engineering,Small Cap
PRAKASH,31.3,50.2,-5,-6,-3,1.1,-7.8,1.1,-7.8,-6.5,-13.9,-21.3,1,118.82,Metals - Pipe & Tube,Small Cap
PRECAM,44.2,70.0,-9,-8,-4,-18.7,-15.9,-18.7,-15.9,-7.3,-25.0,-27.6,2,114.94,Auto - OEM Suppliers,Small Cap
PRECOT,27.9,27.9,-6,-6,-1,-18.0,-1.7,-18.0,-1.7,-8.7,-23.7,-23.7,4,648.45,Textile - Spinning/Yarn,Small Cap
PRECWIRE,16.3,16.3,-2,-9,-1,-1.7,5.6,-1.7,5.6,-9.3,-14.7,-13.1,6,439.35,Metals - Copper,Small Cap
PREMEXPLN,19.3,26.3,-9,-5,-2,1.4,19.9,1.4,19.9,-2.2,-14.7,-17.2,5,670.05,Defense - Misc,Small Cap
PREMIERENE,21.5,35.9,-9,-9,-4,-16.5,-6.8,-16.5,-6.8,-11.5,-20.3,-16.1,0,889.9,,
PREMIERPOL,16.4,16.4,-1,-8,-1,-2.4,13.5,-2.4,13.5,-11.9,-13.4,-8.9,5,82.55,Infra - Plastic Pipes,Small Cap
PRESTIGE,21.3,31.5,-9,-9,-1,-12.4,-1.5,-12.4,-1.5,-11.6,-18.0,-13.0,5,1421.0,Real Estate,Mid Cap
PRIMECAB,,,,,,,,,,,,,,,,
PRIMESECU,11.5,19.9,-5,-9,-3,2.5,2.6,2.5,2.6,-0.4,-3.9,-1.3,5,287.5,Financials - Misc,Small Cap
PRINCEPIPE,26.4,71.1,-2,-7,-1,-7.1,2.3,-7.1,2.3,-9.9,-11.8,-11.8,4,259.25,Infra - Plastic Pipes,Small Cap
PRITI,62.4,89.3,-9,-3,-5,-17.0,-4.0,-17.0,-4.0,-5.5,-20.1,-30.5,3,31.96,Infra - Home Furnish,Small Cap
PROZONER,27.9,33.0,-1,-1,-4,9.1,11.7,4.9,11.7,0.3,-0.7,-9.9,1,52.5,Real Estate,Small Cap
PRSMJOHNSN,30.7,53.3,0,-4,-4,7.6,-4.4,1.9,-4.4,0.6,-0.9,-15.1,3,114.99,Infra - Cement,Small Cap
PRUDENT,18.7,18.7,-3,-2,-1,4.3,12.9,4.3,12.9,-0.6,-2.4,-9.1,6,3338.3,Financials - Misc,Small Cap
PSB,31.2,71.2,-8,-8,-4,-8.6,-3.6,-8.6,-3.6,-3.9,-11.3,-13.5,1,22.32,Financials - PSU Bank,Mid Cap
PSPPROJECT,27.8,27.8,-9,-7,-2,-19.2,-4.1,-19.2,-4.1,-5.8,-22.8,-18.3,3,825.5,Infra - Construction,Small Cap
PTC,33.2,39.8,-6,-8,-4,-10.4,-12.3,-10.4,-12.3,-1.7,-24.6,-26.2,2,153.22,Power - Misc,Small Cap
PTCIL,6.6,6.6,-2,-8,0,4.4,20.2,4.4,9.0,-5.3,-5.4,1.9,8,22535.0,Metals - Casting/Forging,Small Cap
PTL,13.1,57.2,-5,-2,-2,-3.4,-2.1,-3.4,-2.1,-1.8,-11.5,-11.2,0,38.05,Others,Small Cap
PUNJABCHEM,29.4,44.0,-6,-7,-1,-2.9,0.8,-2.9,0.8,-1.9,-8.3,-8.3,4,1082.4,Agrichem - Protection,Small Cap
PURVA,27.1,63.2,-4,-7,-4,-3.9,0.6,-3.9,0.6,-7.8,-10.5,-4.4,3,209.42,Real Estate,Small Cap
PVP,18.2,18.2,-1,-8,-1,27.5,53.7,27.5,53.7,-13.1,-16.0,-14.1,5,58.82,Real Estate,Small Cap
PVRINOX,2.7,43.6,0,-1,0,3.6,13.0,2.1,7.4,0.9,1.1,3.5,3,1250.2,Media - Films,Small Cap
PWL,,20.8,-9,-2,0,0.7,15.3,0.7,15.3,-5.7,-13.0,2.5,0,128.32,E-Learning,Small Cap
PYRAMID,23.0,40.9,-6,-9,-1,-10.5,-3.1,-10.5,-3.1,-2.8,-17.7,-17.7,2,153.01,Packaging,Small Cap
QPOWER,6.3,6.3,-1,-8,0,6.1,19.4,6.1,19.4,-3.5,-5.7,2.5,5,1471.1,Power - Equipment,Small Cap
QUADFUTURE,3.6,32.7,0,0,1,15.6,29.8,8.3,18.0,2.3,4.7,15.3,5,501.0,Power - Wiring,Small Cap
QUESS,10.8,73.4,-3,-9,-1,1.7,12.4,1.7,12.4,-7.7,-6.9,-9.2,1,346.6,Human Resources,Small Cap
QUICKHEAL,58.6,81.3,-9,-1,-4,4.8,-5.3,4.8,-5.3,-4.7,-9.8,-17.3,3,153.88,IT - Product/Platform,Small Cap
RACE,59.5,78.8,-9,-6,-4,-7.2,-13.3,-7.2,-13.3,-3.6,-14.7,-21.5,2,97.29,Others,Small Cap
RACLGEAR,0.8,1.7,0,1,0,18.1,37.5,10.1,22.6,5.3,7.3,22.7,7,1884.1,Auto - OEM Suppliers,Small Cap
RADHIKAJWE,30.1,56.7,-1,-8,-1,-5.9,3.4,-5.9,0.0,-25.6,-19.5,-6.0,4,68.12,Consumption - Jewelry,Small Cap
RADIANTCMS,33.8,67.4,-1,-8,-4,2.4,-1.7,2.4,-1.7,-11.3,-12.1,-9.1,0,38.04,Others,Small Cap
RAILTEL,34.7,57.7,-9,-9,-4,-11.8,-13.5,-11.8,-13.5,-3.8,-16.5,-19.1,5,261.6,Railways,Small Cap
RAIN,20.2,57.7,-7,-5,-1,-6.9,7.8,-6.9,7.8,-9.7,-11.2,-10.3,1,201.05,Chemicals - Petro,Small Cap
RAINBOW,9.5,14.8,-6,-6,-1,-1.7,3.4,-1.7,3.4,-0.3,-6.4,-6.0,4,1457.1,Healthcare - Hospitals,Small Cap
RAJESHEXPO,67.2,92.4,-9,-8,-4,1.6,-3.0,1.6,-3.0,-7.8,-17.0,-42.9,1,78.0,Consumption - Jewelry,Mid Cap
RAJRATAN,17.5,67.0,-6,-4,-1,-8.1,2.4,-8.1,2.4,-10.5,-11.4,-6.9,3,465.3,Auto - OEM Suppliers,Small Cap
RAJRILTD,25.2,76.7,-3,-9,-3,-4.4,5.1,-4.4,5.1,-10.0,-9.5,-13.6,2,20.94,Textiles - Processing,Small Cap
RAJSREESUG,24.7,68.6,-3,-8,-1,-4.8,1.4,-4.8,1.4,-11.8,-21.9,-15.3,1,32.0,Agri - Sugar,Small Cap
RAJTV,81.4,93.7,-9,-1,-5,-23.6,-55.9,-23.6,-55.9,0.6,-28.4,-78.7,2,8.73,Media - TV Broadcast,Small Cap
RALLIS,35.4,47.2,-8,-9,-4,-9.9,-15.2,-9.9,-15.2,-3.1,-15.2,-24.1,3,203.59,Agrichem - Protection,Small Cap
RAMANEWS,23.9,28.6,-3,-5,-4,6.9,6.6,6.9,6.6,-4.4,-3.7,-9.9,0,31.97,Paper,Small Cap
RAMAPHO,46.1,46.1,-7,-7,-4,-6.5,-0.8,-6.5,-0.8,-6.5,-12.7,-16.4,2,117.03,Agrichem - Fertilizers,Small Cap
RAMBHAJO,,11.2,-1,-4,0,12.3,27.1,12.3,12.4,-7.4,-5.1,6.8,0,256.67,,
RAMCOCEM,29.3,29.3,-9,-7,-4,-6.2,-5.0,-6.2,-5.0,-2.8,-9.4,-20.8,5,858.95,Infra - Cement,Mid Cap
RAMCOIND,18.4,19.0,-9,-8,-2,-4.5,0.3,-4.5,0.3,-0.7,-12.3,-5.1,3,322.55,Infra - Cement,Small Cap
RAMCOSYS,41.1,41.1,-9,-8,-3,-25.3,1.6,-25.3,1.6,-6.1,-30.1,-31.8,2,570.1,IT - Product/Platform,Small Cap
RAMKY,55.3,68.8,-6,-8,-4,-17.4,-27.7,-17.4,-27.7,-9.9,-22.6,-37.8,3,315.05,Infra - Construction,Small Cap
RAMRAT,11.7,11.7,-3,-8,-1,6.3,15.7,6.3,15.7,-5.6,-10.2,-5.7,8,531.7,Power - Wiring,Small Cap
RANEHOLDIN,13.6,41.5,-9,-4,-1,-5.8,16.1,-5.8,16.1,-3.4,-8.7,-6.9,1,1637.7,Auto - Misc,Small Cap
RATEGAIN,17.6,17.6,-3,-9,-1,-6.0,4.8,-6.0,4.8,-3.0,-12.8,-7.8,3,864.95,IT - Product/Platform,Small Cap
RATNAMANI,18.7,31.7,-1,-4,3,6.6,14.4,6.6,4.0,-4.4,-3.3,2.4,5,2718.0,Metals - Pipe & Tube,Small Cap
RATNAVEER,8.1,7.7,-1,-5,-1,5.3,36.7,5.3,36.7,-5.7,-5.5,-5.1,5,290.5,Metals - Iron & Steel,Small Cap
RAYMOND,12.3,71.8,-1,-2,0,28.3,67.7,28.3,37.9,-4.1,-1.8,55.8,3,984.3,Textile - Apparels,Small Cap
RAYMONDLSL,46.2,78.4,-9,-6,-3,-6.8,-13.6,-6.8,-13.6,-3.7,-13.4,-22.1,0,670.8,,
RAYMONDREL,22.4,45.7,-9,-2,-1,-14.1,2.6,-14.1,2.6,-3.9,-18.5,-12.2,5,570.55,,
RBA,14.1,55.4,-3,-5,-1,1.5,21.7,1.5,21.7,-3.3,-8.8,-2.7,0,95.46,Leisure - Restaurants,Small Cap
RBLBANK,3.1,43.1,-1,-7,0,4.1,9.9,4.1,6.3,-2.2,-2.1,7.1,2,407.35,Financials - Private Bank,Small Cap
RBZJEWEL,21.8,36.4,-2,-9,-1,0.8,11.3,0.8,11.3,-19.6,-20.3,6.1,2,160.0,Consumption - Jewelry,Small Cap
RCF,30.5,55.4,-9,-9,-2,-13.7,-13.4,-13.7,-13.4,-5.1,-17.8,-16.6,4,109.3,Agrichem - Fertilizers,Small Cap
RECLTD,19.6,52.0,-6,-8,-1,-13.2,-9.2,-13.2,-9.2,-1.4,-16.1,-16.1,3,313.8,Financials - NBFC,Mid Cap
REDINGTON,2.2,2.2,0,-4,0,6.4,28.1,3.8,15.5,0.2,0.2,10.2,5,394.4,IT - Services,Small Cap
REDTAPE,27.0,88.2,-5,-1,-4,-10.1,-3.3,-10.1,-3.3,-3.8,-19.1,-16.8,2,116.1,Consumption - Footwear,Small Cap
REFEX,30.6,55.8,-9,-8,-2,-12.5,0.5,-12.5,0.5,-6.0,-25.9,-26.1,6,265.35,Chemicals - Misc,Small Cap
REGENCERAM,39.8,69.0,-9,-7,-4,-3.2,-18.3,-3.2,-18.3,-9.1,-16.8,-37.9,4,33.1,Infra - Ceramics,Small Cap
RELAXO,30.9,78.3,-8,-9,-3,-18.7,-9.3,-18.7,-9.3,-10.8,-29.9,-22.6,5,314.05,Consumption - Footwear,Small Cap
RELCHEMQ,28.0,66.4,-8,-1,-3,6.4,-2.5,1.2,-2.5,-4.0,-14.3,-15.5,2,117.3,Textile - Spinning/Yarn,Small Cap
RELIANCE,22.7,22.7,-6,-8,-4,-4.2,-3.4,-4.2,-3.4,-5.3,-6.6,-12.9,7,1246.4,Petro - Refineries,Large Cap
RELIGARE,11.7,22.7,-9,-4,-2,2.8,2.4,2.8,2.4,-3.9,-8.5,-8.6,1,247.37,Financials - Misc,Small Cap
RELINFRA,80.3,91.9,-6,-6,-3,-24.5,-22.3,-24.5,-22.3,-12.9,-34.0,-41.2,1,50.51,Power - Misc,Small Cap
RELTD,24.4,24.4,-8,-8,-1,-11.7,1.2,-11.7,1.2,-7.4,-16.5,-12.6,3,148.46,Power - Green,Small Cap
REMSONSIND,38.8,60.3,-1,-8,-4,4.2,3.2,4.2,3.2,-6.6,-6.6,-12.6,5,93.3,Engineering,Small Cap
REMUS,10.4,89.9,-3,-3,-1,1.7,11.8,1.7,11.8,-3.3,-8.0,-1.6,0,884.8,Others,Small Cap
RENUKA,26.4,66.4,-3,-7,-4,0.1,-9.5,0.1,-9.5,-8.7,-10.1,-21.0,3,23.07,Agri - Sugar,Small Cap
REPCOHOME,23.5,62.3,-9,-5,-2,-12.2,-9.2,-12.2,-9.2,-3.3,-19.6,-16.9,1,348.55,Financials - Housing,Small Cap
REPL,62.7,83.4,-5,-9,-4,-8.3,-11.2,-8.3,-11.2,-13.0,-17.7,-32.3,3,57.61,Engineering,Small Cap
REPRO,49.7,69.7,-6,-8,-1,-19.2,-17.6,-19.2,-17.6,-8.1,-21.7,-21.9,2,296.7,Media - Publishing,Small Cap
RESPONIND,32.8,55.7,-8,-3,-3,-6.5,-4.8,-6.5,-4.8,-6.6,-30.5,-17.2,4,161.82,Infra - Plastic Pipes,Small Cap
RGL,7.0,30.3,-1,-2,0,4.7,24.9,4.7,13.4,-3.0,-2.2,12.5,3,152.09,Consumption - Jewelry,Small Cap
RHETAN,41.0,41.0,-5,-5,-1,-29.1,-21.4,-29.1,-21.4,-26.5,-39.2,-34.0,0,20.59,,
RHIM,28.1,59.1,-9,-5,-4,-7.1,-1.6,-7.1,-1.6,-3.6,-13.0,-14.7,5,365.5,Metals - Casting/Forging,Small Cap
RHL,39.1,46.8,-9,-2,-4,-1.1,-3.1,-1.1,-3.1,-3.6,-8.8,-10.1,2,166.9,Leisure - Hotels,Small Cap
RICOAUTO,19.8,19.8,-5,-7,-1,-8.0,9.6,-8.0,9.6,-5.5,-16.5,-11.1,2,126.75,Auto - OEM Suppliers,Small Cap
RIIL,27.0,56.1,-9,-8,-2,-6.7,-6.1,-6.7,-6.1,-6.7,-13.5,-14.0,4,704.15,Transport - Logistics,Small Cap
RISHABH,9.7,9.7,-1,-3,0,10.9,24.8,10.9,12.3,-7.3,-7.3,9.0,2,769.05,Electronic - Equipment,Small Cap
RITCO,10.0,32.9,-3,-5,-1,-0.9,6.4,-0.9,6.4,-7.0,-7.3,-3.1,4,298.0,Transport - Logistics,Small Cap
RITES,20.3,49.9,-6,-7,-4,-6.0,-3.0,-6.0,-3.0,-4.1,-11.6,-5.4,4,207.05,Railways,Small Cap
RKDL,34.8,52.5,-8,-6,-4,-3.3,-8.3,-3.3,-8.3,-1.0,-7.6,-15.4,3,18.39,Beverages - Alcohol,Small Cap
RKEC,75.0,89.7,-9,-8,-4,-28.0,-28.5,-28.0,-28.5,-13.7,-35.4,-56.0,0,18.89,Infra - Construction,Small Cap
RKFORGE,9.3,34.1,-2,-9,-1,1.5,8.6,1.5,8.6,-4.1,-8.2,-5.7,5,701.2,Metals - Casting/Forging,Small Cap
RKSWAMY,40.0,71.9,-7,-5,-2,-10.8,-6.1,-10.8,-6.1,-4.8,-15.3,-13.1,0,90.0,IT - Software/Consulting,Small Cap
RML,10.9,16.1,-1,-4,1,10.0,16.6,10.0,9.7,-7.9,-5.7,7.4,4,1282.9,Auto - OEM Suppliers,Small Cap
ROHLTD,46.5,49.2,-5,-5,-4,-1.5,-5.0,-1.5,-5.0,-2.4,-8.4,-13.9,5,301.3,Leisure - Hotels,Small Cap
ROLEXRINGS,10.2,39.1,-4,-4,-1,0.9,11.5,0.9,11.5,-3.4,-7.2,-5.8,3,170.08,Auto - OEM Suppliers,Small Cap
ROML,33.4,75.8,-9,-1,-2,-6.4,-6.6,-6.4,-6.6,-4.3,-11.8,-12.0,2,41.27,Agri - Edible Oil,Small Cap
ROSSARI,35.7,72.6,-9,-8,-2,-13.6,-9.2,-13.6,-9.2,-5.1,-16.5,-16.0,1,443.8,Chemicals - Specialty,Small Cap
ROSSELLIND,23.6,91.6,-9,-9,-1,1.2,4.3,1.2,4.3,-4.4,-9.8,-6.7,5,55.79,Defense - Misc,Small Cap
ROSSTECH,0.9,0.9,0,0,0,19.1,35.9,11.8,21.7,6.7,12.5,23.1,7,1366.0,Defense - Misc,Small Cap
ROTO,22.2,49.5,-5,-4,-2,-4.7,10.3,-4.7,10.3,-4.5,-13.0,-13.8,4,62.8,Industrial - Pumps/Engines,Small Cap
ROUTE,40.6,79.7,-7,-7,-1,-12.2,-6.7,-12.2,-6.7,-4.7,-15.0,-10.3,1,484.3,IT - Product/Platform,Small Cap
RPEL,19.2,19.2,-1,-8,-1,0.5,20.0,0.5,20.0,-15.4,-14.9,-11.4,7,1570.0,Consumption - Misc,Small Cap
RPOWER,58.2,72.3,-9,-5,-4,-10.0,-18.2,-10.0,-18.2,-4.4,-17.3,-25.9,1,21.2,Power - Misc,Small Cap
RPPINFRA,58.0,80.1,-9,-4,-4,3.0,-19.7,3.0,-19.7,-12.9,-15.2,-31.4,1,54.58,Infra - Construction,Small Cap
RPSGVENT,29.7,39.1,-7,-5,-2,-8.7,1.1,-8.7,1.1,-2.5,-11.4,-11.4,5,828.55,Tech - BPO,Small Cap
RPTECH,16.7,16.7,-5,-7,-1,3.3,18.7,3.3,18.7,-4.4,-9.9,-4.0,3,806.5,Others,Small Cap
RRKABEL,19.6,19.6,-3,-9,-1,-13.0,7.2,-13.0,7.2,-9.0,-17.9,-18.1,2,2398.9,Power - Wiring,Small Cap
RSL,,3.8,-1,-6,0,7.9,27.4,7.9,13.4,-2.5,-2.3,4.6,0,185.8,Metals - Iron & Steel,
RSSOFTWARE,59.9,91.8,-9,-7,-4,2.3,-1.0,2.3,-1.0,-0.7,-12.7,-21.8,1,30.2,IT - Software/Consulting,Small Cap
RSWM,11.0,42.4,-1,-7,-2,2.8,11.6,2.8,5.3,-5.2,-4.0,-1.2,1,211.9,Textile - Spinning/Yarn,Small Cap
RSYSTEMS,44.7,59.8,-6,-7,-4,-2.1,2.3,-2.1,2.3,-5.6,-8.8,-10.1,4,240.89,IT - Services,Small Cap
RTNINDIA,51.0,71.8,-9,-7,-3,-15.7,-15.8,-15.7,-15.8,-6.4,-20.7,-25.5,3,26.71,Power - Misc,Small Cap
RTNPOWER,41.0,66.6,-9,-8,-4,-18.8,-20.2,-18.8,-20.2,-4.2,-23.0,-30.3,3,7.05,Power - Misc,Small Cap
RUBICON,5.0,5.0,-1,-5,-1,5.4,22.0,5.4,9.8,-1.9,-1.7,-0.9,5,1804.0,Pharmaceuticals,Small Cap
RUBYMILLS,7.5,5.5,0,-5,0,16.8,31.8,5.8,18.9,-0.9,1.4,20.0,5,461.4,Textile - Spinning/Yarn,Small Cap
RUCHIRA,28.2,45.2,-5,-6,-4,0.9,-0.3,0.9,-0.3,-2.0,-2.3,-7.1,1,108.6,Paper,Small Cap
RUPA,37.1,77.6,-9,-9,-3,-19.7,-14.4,-19.7,-14.4,-8.6,-25.4,-21.9,1,131.96,Textile - Innerwear,Small Cap
RUSHIL,51.7,84.4,-6,-5,-3,-13.7,-10.8,-13.7,-10.8,-10.7,-18.7,-22.3,1,14.5,Infra - Laminates,Small Cap
RUSTOMJEE,46.3,57.5,-8,-9,-3,-16.0,-13.8,-16.0,-13.8,-10.3,-22.6,-18.5,4,340.75,Real Estate,Small Cap
RVHL,37.2,52.4,-8,-6,-3,-11.6,-2.8,-11.6,-2.8,-3.7,-16.1,-17.9,4,39.01,Real Estate,Small Cap
RVNL,50.4,69.3,-5,-8,-4,-11.9,-20.8,-11.9,-20.8,-6.5,-15.5,-33.2,6,198.81,Railways,Mid Cap
S&SPOWER,27.3,34.5,-7,-3,-5,-0.8,-4.4,-0.8,-4.4,-7.2,-12.2,-20.9,4,323.4,Power - Wiring,Small Cap
SAFARI,39.5,44.7,-9,-2,-3,-5.8,-2.7,-5.8,-2.7,-1.5,-7.5,-15.6,5,1516.8,Consumption - Luggage,Small Cap
SAGARDEEP,24.0,75.7,-9,-6,-4,1.3,4.0,1.3,4.0,-1.3,-10.1,-10.0,1,23.92,Metals - Misc,Small Cap
SAGCEM,42.1,52.8,-7,-9,-4,-14.1,-13.9,-14.1,-13.9,-4.5,-17.4,-19.7,2,149.5,Infra - Cement,Small Cap
SAGILITY,22.2,22.2,-1,-9,-1,2.8,4.1,2.8,4.1,-4.0,-3.8,-4.3,3,45.05,IT - Software/Consulting,Small Cap
SAHYADRI,11.1,24.9,-1,-6,0,0.5,15.7,0.5,6.3,-8.4,-9.1,2.0,0,363.4,Infra - Cement,Small Cap
SAIL,17.0,17.0,-3,-9,-4,-2.9,8.0,-2.9,8.0,-11.7,-12.9,-14.8,5,174.11,Metals - Iron & Steel,Mid Cap
SAILIFE,8.6,8.6,-1,-5,0,4.2,19.2,4.2,9.1,-6.9,-2.5,6.2,7,1550.4,Healthcare - Pharma,Small Cap
SAKAR,4.7,4.7,-1,-2,0,14.4,36.5,14.4,23.5,-0.3,-0.3,27.0,7,1154.5,Healthcare - Pharma,Small Cap
SAKHTISUG,19.7,60.0,-3,-9,-1,2.4,2.1,2.4,2.1,-8.6,-13.1,-11.8,0,18.7,Agri - Sugar,Small Cap
SAKSOFT,36.7,56.1,-8,-7,-2,-16.5,-10.7,-16.5,-10.7,-8.5,-21.5,-33.0,4,141.26,IT - Software/Consulting,Small Cap
SALONA,15.3,24.4,-3,-8,-4,5.1,1.5,5.1,1.5,0.7,-1.1,-2.8,4,269.95,Textile - Spinning/Yarn,Small Cap
SALSTEEL,11.1,11.1,-1,-8,-1,6.6,23.4,6.6,23.4,-6.8,-6.5,-2.7,5,76.66,Metals - Iron & Steel,Small Cap
SALZERELEC,41.3,66.1,-9,0,-4,-4.7,-6.3,-4.7,-6.3,0.7,-11.3,-14.4,4,558.9,Power - Equipment,Small Cap
SAMBHV,8.7,13.7,-1,-6,0,1.7,8.6,1.7,8.6,-2.3,-1.6,0.8,5,128.98,Metals - Iron & Steel,Small Cap
SAMHI,27.2,37.8,-6,-5,-1,-7.8,-2.0,-7.8,-2.0,-0.3,-12.0,-12.0,2,158.26,Leisure - Hotels,Small Cap
SAMMAANCAP,26.2,88.9,-9,-8,-3,-10.9,-7.5,-10.9,-7.5,-9.5,-19.1,-21.3,1,142.32,Financials - Housing,Small Cap
SAMPANN,43.7,61.5,-9,-8,-2,-8.8,-7.0,-8.8,-7.0,-1.6,-18.4,-15.3,1,24.44,Power - Green,Small Cap
SANATHAN,10.5,18.2,-7,-3,-1,-1.8,3.7,-1.8,3.7,-5.1,-5.6,-4.0,7,458.45,Textile - Spinning/Yarn,Small Cap
SANDESH,17.7,49.2,-5,-7,-4,1.0,7.5,1.0,7.5,-1.6,-9.5,-4.9,2,1045.5,Media - Publishing,Small Cap
SANDHAR,20.1,22.6,-9,-9,-2,-8.4,9.1,-8.4,9.1,-6.7,-15.4,-18.3,4,590.75,Auto - OEM Suppliers,Small Cap
SANDUMA,33.4,33.4,-6,-5,-4,-10.2,-9.1,-10.2,-9.1,-8.6,-15.0,-19.7,2,181.83,Metals - Misc,Small Cap
SANGAMIND,15.7,15.7,-8,-5,-1,-1.1,3.0,-1.1,3.0,-2.6,-13.4,-8.5,4,567.1,Textile - Spinning/Yarn,Small Cap
SANGHIIND,,,,,,,,,,,,,,,,
SANGHVIMOV,20.6,43.9,-5,-9,-1,-5.6,4.7,-5.6,4.7,-7.9,-16.9,-8.4,4,419.05,Auto - CV,Small Cap
SANGINITA,0.0,61.5,0,-1,1,13.7,35.7,7.0,20.7,2.0,4.0,4.5,1,68.31,Chemicals - Bulk,Small Cap
SANOFI,36.8,70.6,-7,-8,-2,-7.2,-2.5,-7.2,-2.5,-2.9,-9.7,-20.6,4,3096.9,Healthcare - Pharma,Small Cap
SANSERA,4.2,4.2,-1,-2,-1,5.5,19.6,5.5,9.0,-2.9,-2.9,-0.2,7,4009.9,Auto - OEM Suppliers,Small Cap
SANSTAR,17.4,28.5,-6,0,-2,2.1,19.8,2.1,19.8,2.5,-4.3,-6.9,0,113.56,Consumption - FMCG,Small Cap
SAPPHIRE,27.8,44.1,-3,-9,-1,-0.5,11.8,-0.5,11.8,-2.2,-7.9,-4.4,5,224.06,Leisure - Restaurants,Small Cap
SARDAEN,19.1,21.1,-4,-4,-4,0.3,0.6,0.3,0.6,-7.4,-4.9,-14.6,5,505.0,Metals - Iron & Steel,Small Cap
SARLAPOLY,13.9,27.7,-5,-8,-1,-2.6,-1.3,-2.6,-1.3,-7.1,-6.9,-4.4,2,95.62,Textile - Spinning/Yarn,Small Cap
SASKEN,39.8,39.8,-9,-8,-4,-10.5,11.0,-10.5,11.0,-11.9,-21.4,-25.8,5,1675.0,IT - Services,Small Cap
SATIA,17.9,58.1,0,3,-4,9.3,25.1,5.4,12.3,1.3,1.1,-0.2,4,68.78,Paper,Small Cap
SATIN,20.1,62.5,-7,-9,-2,-12.4,5.0,-12.4,5.0,-1.4,-19.1,-11.3,1,219.13,Financials - MFI,Small Cap
SBC,2.7,2.7,-1,-5,0,7.3,20.9,3.9,12.9,-1.1,-0.6,13.7,8,48.05,Others,Small Cap
SBFC,23.2,23.2,-2,-8,-1,-0.6,2.2,-0.6,2.2,-6.4,-5.7,-4.5,5,94.42,Financials - NBFC,Small Cap
SBGLP,37.0,81.9,-9,7,-4,6.0,35.7,6.0,35.7,4.2,-2.7,-11.1,2,25.78,Real Estate,Small Cap
SBICARD,35.7,46.7,-6,-8,-1,-2.6,1.7,-2.6,1.7,-7.2,-6.1,-17.3,1,620.5,Financials - NBFC,Large Cap
SBILIFE,20.7,20.7,-6,-8,-1,-8.8,-3.9,-8.8,-3.9,-3.6,-11.0,-16.7,5,1689.9,Financials - Life,Large Cap
SBIN,19.6,19.6,-5,-9,-4,-5.4,-3.7,-5.4,-3.7,-3.4,-10.4,-16.2,7,992.8,Financials - PSU Bank,Large Cap
SCHAEFFLER,12.9,21.4,-8,-8,-2,-4.2,-3.4,-4.2,-3.4,-2.0,-7.2,-7.3,6,3890.9,Industrial - Bearings,Mid Cap
SCHAND,32.9,80.8,-9,-5,-4,-8.1,-11.2,-8.1,-11.2,-1.9,-11.7,-17.1,0,134.11,Media - Publishing,Small Cap
SCHNEIDER,23.4,23.4,-9,-9,-2,-11.6,-1.8,-11.6,-1.8,-3.3,-20.6,-14.4,4,1186.0,Power - Equipment,Small Cap
SCI,27.0,29.9,-5,-9,-3,-5.2,6.5,-5.2,6.5,-9.2,-12.0,-13.7,6,269.2,Transport - Shipping,Small Cap
SCILAL,30.0,64.5,-9,-9,-3,-7.3,-8.6,-7.3,-8.6,-3.7,-13.0,-17.0,0,38.5,Transport - Shipping,Small Cap
SCPL,7.1,10.6,-4,-5,0,3.8,14.4,3.8,6.8,-2.7,-6.1,1.0,2,641.0,Consumption - Dairy,Small Cap
SDBL,49.6,60.4,-5,-6,-4,-5.8,-15.8,-5.8,-15.8,-8.9,-7.7,-21.4,3,68.49,Beverages - Alcohol,Small Cap
SEAMECLTD,7.1,7.1,-1,-2,0,2.7,13.0,2.7,5.8,-4.4,-4.3,2.5,5,1717.1,Transport - Shipping,Small Cap
SECMARK,21.4,21.4,-2,-1,-1,5.5,6.0,5.5,6.0,-8.5,-8.4,-13.6,2,141.0,Tech - BPO,Small Cap
SECURKLOUD,50.8,98.4,-5,-8,-4,-4.8,-15.2,-4.8,-15.2,-4.2,-14.7,-29.9,1,16.8,IT - Services,Small Cap
SEJALLTD,35.6,82.2,-7,-5,-4,-8.7,7.0,-8.7,7.0,-0.7,-12.5,-20.8,0,667.6,Others,Small Cap
SELMC,35.9,99.4,-7,-7,-4,4.9,-3.2,4.9,-3.2,-5.7,-7.9,-14.5,1,27.79,Textile - Spinning/Yarn,Small Cap
SEMAC,49.0,92.4,-9,-7,-3,-11.7,-8.6,-11.7,-8.6,-9.2,-26.4,-22.3,3,265.0,Engineering,Small Cap
SENCO,22.7,56.9,-6,-7,-1,-9.1,1.0,-9.1,1.0,-8.8,-18.7,-18.7,2,332.5,Consumption - Jewelry,Small Cap
SENORES,13.3,13.3,-3,-6,-1,-4.4,4.5,-4.4,4.5,-8.1,-8.9,-3.3,7,1386.0,Healthcare - Pharma,Small Cap
SERVOTECH,48.2,64.3,-8,-8,-3,-20.7,-14.8,-20.7,-14.8,-8.8,-27.7,-29.5,4,73.32,Electronic - Equipment,Small Cap
SESHAPAPER,14.4,40.5,-7,-3,-4,5.9,1.9,3.5,1.9,0.8,-0.8,-8.4,4,250.88,Paper,Small Cap
SETL,12.4,12.4,-1,-3,0,17.1,49.5,17.1,20.5,-11.2,-12.4,11.0,5,410.1,Engineering,Small Cap
SFL,18.9,66.7,-6,-5,-1,-8.5,5.9,-8.5,5.9,-2.5,-13.9,-13.9,3,675.1,Infra - Home Furnish,Small Cap
SGFIN,14.8,14.8,-7,-9,-1,-7.8,2.3,-7.8,2.3,-8.9,-13.1,-10.0,5,620.0,Non Banking Financial Company (NBFC),Small Cap
SGIL,3.7,4.2,-2,-8,-1,5.0,7.2,5.0,7.2,-0.2,-2.3,-1.4,7,606.6,Power - Green,Small Cap
SGMART,17.1,17.1,-1,-9,-1,-8.5,5.2,-8.5,5.2,-14.3,-13.9,-11.2,5,713.55,Others,Small Cap
SGRL,,9.4,-2,-7,0,10.0,16.3,10.0,8.0,-7.5,-7.7,7.8,0,654.0,,
SHADOWFAX,,8.2,-1,-8,-1,0.8,17.6,0.8,17.6,-5.1,-5.5,-4.6,0,246.6,Transport - Logistics,Small Cap
SHAHALLOYS,19.9,30.7,-2,-9,-1,14.7,18.5,14.7,18.5,-15.5,-12.4,-13.0,6,93.65,Metals - Iron & Steel,Small Cap
SHAILY,13.3,13.3,-4,-6,-1,-1.4,12.2,-1.4,12.2,-8.7,-6.8,-4.2,8,3135.5,Industrial - Consumables,Small Cap
SHAKTIPUMP,44.1,66.5,-9,-5,-2,-14.0,-13.6,-14.0,-13.6,-8.3,-23.5,-20.5,4,464.85,Industrial - Pumps/Engines,Small Cap
SHALBY,49.9,59.7,-9,-9,-2,-15.2,-14.6,-15.2,-14.6,-10.5,-20.7,-22.1,1,136.84,Healthcare - Hospitals,Small Cap
SHALPAINTS,16.6,65.3,-4,-2,-1,1.9,19.5,1.9,7.7,-6.6,-16.6,-1.0,2,80.0,Consumption - Paints,Small Cap
SHANKARA,24.5,93.7,-1,-2,0,1.3,8.7,0.7,4.5,-0.2,-0.2,1.8,0,148.7,Infra - Construction,Small Cap
SHANTIGEAR,4.9,4.9,-1,-4,0,18.5,54.0,9.1,30.6,-1.8,-1.2,34.5,4,706.65,Auto - OEM Suppliers,Small Cap
SHANTIGOLD,12.4,12.4,-3,-7,-1,-0.7,7.1,-0.7,2.9,-8.2,-11.4,-0.3,5,245.86,Gems Jewellery And Watches,Small Cap
SHARDACROP,42.1,42.1,-9,-5,-4,-15.9,-14.3,-15.9,-14.3,-4.9,-17.9,-32.6,4,751.5,Agrichem - Protection,Small Cap
SHARDAMOTR,20.8,68.1,-5,-2,0,4.5,8.5,4.5,5.0,-0.9,-1.8,6.8,4,942.75,Auto - OEM Suppliers,Small Cap
SHAREINDIA,1.7,48.5,0,1,0,16.3,28.9,9.7,18.5,4.1,4.9,16.8,4,208.77,Financials - Broking,Small Cap
SHEMAROO,16.9,80.0,-5,-6,-2,-1.9,20.8,-1.9,20.8,-6.4,-8.0,-7.6,2,118.8,Media - Entertainment,Small Cap
SHILCTECH,,24.3,-5,-6,-4,-7.4,5.9,-7.4,5.9,-2.7,-12.0,-20.8,5,4088.7,,
SHIVALIK,16.2,67.0,0,-5,0,21.3,49.0,12.5,26.1,2.6,9.0,22.5,0,394.8,Agrichem - Protection,Small Cap
SHIVAMAUTO,48.4,83.4,-9,-8,-4,-4.1,-4.8,-4.1,-4.8,-7.4,-13.2,-16.5,1,16.7,Auto - OEM Suppliers,Small Cap
SHIVAMILLS,18.7,70.6,-5,-4,-4,2.1,8.8,2.1,8.8,-3.3,-11.3,-7.5,1,60.15,Textile - Spinning/Yarn,Small Cap
SHIVATEX,17.2,73.1,-2,-8,-1,8.0,10.0,8.0,5.4,-2.0,-1.3,-0.4,1,180.5,Textile - Spinning/Yarn,Small Cap
SHIVAUM,2.6,2.6,-1,-1,0,5.3,18.1,5.3,8.8,-0.7,1.5,5.9,6,472.45,Others,Small Cap
SHK,44.1,62.5,-5,-8,-1,-12.7,-4.4,-12.7,-4.4,-9.8,-20.2,-18.1,0,136.24,Consumption - Personal,Small Cap
SHOPERSTOP,29.5,58.3,-4,-2,1,0.2,6.8,0.2,6.8,-1.1,-7.3,1.0,2,393.45,Consumption - Retail,Small Cap
SHRADHA,40.0,69.9,-8,-7,-4,-8.4,-8.5,-8.4,-8.5,-5.2,-17.5,-13.8,2,31.1,Infra - Construction,Small Cap
SHREDIGCEM,31.0,45.9,-3,-8,-2,-5.2,-5.4,-5.2,-5.4,-9.6,-14.3,-11.9,4,66.99,Infra - Cement,Small Cap
SHREECEM,28.0,32.8,-7,-9,-1,-17.1,-12.9,-17.1,-12.9,-8.7,-19.1,-16.6,5,21820.0,Infra - Cement,Mid Cap
SHREEJISPG,3.9,3.9,0,-5,0,6.6,21.0,6.6,11.2,-2.8,0.3,6.9,5,693.5,Shipping,Small Cap
SHREEPUSHK,5.1,5.1,0,-7,0,10.5,25.3,6.9,13.9,-0.9,6.3,10.0,4,517.45,Chemicals - Dyes,Small Cap
SHREERAMA,37.9,37.9,-1,-3,-5,8.6,10.0,8.6,2.7,-4.0,-5.2,-11.9,4,44.69,Packaging,Small Cap
SHREMINVIT,5.2,14.8,-6,-7,-3,-0.5,0.6,-0.5,0.6,-0.5,-4.2,-1.5,3,100.5,Financials - Misc,Small Cap
SHREYANIND,46.5,63.7,-6,-3,-5,-8.1,-11.3,-8.1,-11.3,-6.7,-11.5,-25.8,2,126.0,Paper,Small Cap
SHRINGARMS,20.9,20.9,-5,-4,-1,-5.2,-2.9,-5.2,-2.9,-3.9,-10.2,-8.3,0,210.8,,
SHRIPISTON,9.8,9.8,-3,-9,-1,-2.6,8.8,-2.6,8.8,-5.5,-6.4,-6.3,5,4317.4,Auto - OEM Suppliers,Small Cap
SHRIRAMFIN,14.2,14.2,-4,-8,-1,-6.8,-2.5,-6.8,-2.5,-5.9,-12.4,-10.8,4,990.2,Financials - NBFC,Large Cap
SHRIRAMPPS,28.3,51.7,-9,-7,-4,-16.6,-12.7,-16.6,-12.7,-7.1,-20.8,-20.0,2,71.3,Real Estate,Small Cap
SHYAMMETL,4.3,4.3,-2,-3,-1,4.0,5.7,4.0,5.7,-2.0,-4.0,-2.7,7,1063.6,Metals - Iron & Steel,Small Cap
SICALLOG,23.1,97.8,-4,-8,-2,-10.5,2.2,-10.5,2.2,-13.5,-22.5,-16.3,1,94.2,Transport - Logistics,Small Cap
SIGACHI,25.3,68.2,-1,-4,-1,-4.0,16.4,-4.0,10.7,-19.5,-19.5,-6.4,2,30.52,Healthcare - Pharma,Small Cap
SIGIND,8.0,84.6,-3,-8,-1,4.7,23.2,4.7,10.2,-3.0,-4.8,-2.3,0,69.0,Others,Small Cap
SIGMA,29.2,91.9,-7,-9,-2,9.1,5.3,9.1,5.3,-3.1,-15.6,-15.6,3,46.38,IT - Services,Small Cap
SIGMAADV,5.6,5.6,-1,-2,0,8.0,37.3,8.0,17.5,-1.6,-1.6,4.7,4,818.8,IT - Product/Platform,Small Cap
SIGNATURE,33.0,53.1,-9,-7,-4,-0.1,-3.0,-0.1,-3.0,-3.2,-9.1,-20.3,2,773.0,Real Estate,Small Cap
SIGNPOST,21.9,43.6,-8,-2,-4,-8.8,0.5,-8.8,0.5,-3.0,-19.5,-11.3,0,263.0,Others,Small Cap
SIKKO,17.3,17.5,-5,-2,0,9.3,15.8,9.3,10.0,-2.6,-8.9,4.4,5,5.65,Agrichem - Protection,Small Cap
SILGO,17.9,17.9,-2,-6,-4,-0.3,10.2,-0.3,10.2,-2.4,-7.1,-14.2,4,70.78,Consumption - Jewelry,Small Cap
SILINV,42.6,51.6,-2,-9,-1,-5.0,1.1,-5.0,1.1,-9.2,-10.2,-10.0,2,440.0,Financials - Misc,Small Cap
SILVERBEES,39.9,39.9,-4,-5,-4,-2.3,-4.1,-2.3,-4.1,-3.6,-7.1,-18.4,8,216.45,,
SILVERTUC,86.3,86.3,-4,-9,-3,-20.1,-9.2,-20.1,-9.2,-11.8,-27.2,-27.2,4,152.84,IT - Software/Consulting,Small Cap
SIMPLEXINF,21.4,61.8,-2,-7,-2,-0.8,13.8,-0.8,13.8,-7.3,-10.7,-7.0,1,250.05,Infra - Construction,Small Cap
SINDHUTRAD,19.5,48.3,-9,-7,-4,-1.1,-1.5,-1.1,-1.5,-7.2,-16.4,-12.7,0,23.34,Transport - Logistics,Small Cap
SINTERCOM,42.3,59.7,-2,-4,-2,-5.7,2.2,-5.7,2.2,-9.6,-12.5,-10.4,7,75.0,Auto - OEM Suppliers,Small Cap
SIS,12.9,40.0,-7,-8,-1,-2.6,18.7,-2.6,18.7,-3.7,-4.7,-2.2,0,419.1,Others,Small Cap
SIYSIL,38.1,55.3,-9,-6,-2,-14.8,-4.4,-14.8,-4.4,-6.2,-18.6,-18.0,2,525.1,Textile - Misc,Small Cap
SJS,11.1,11.1,-4,-9,-1,-6.8,6.8,-6.8,6.8,-5.0,-10.0,-7.4,8,2303.2,Auto - OEM Suppliers,Small Cap
SJVN,30.5,62.4,-9,-5,-4,-0.9,-9.1,-0.9,-9.1,-4.6,-12.0,-18.9,4,64.09,Power - Misc,Small Cap
SKFINDIA,69.4,78.9,-3,-8,-4,0.2,-4.6,0.2,-4.6,-0.4,-6.0,-9.6,5,1550.7,Industrial - Bearings,Mid Cap
SKFINDUS,,6.6,-1,-8,-1,4.7,6.4,4.7,6.4,-4.8,-3.8,-2.0,5,2924.1,Abrasives & Bearings,Small Cap
SKIPPER,15.2,21.3,-1,-7,-3,-3.3,2.0,-3.3,2.0,-13.5,-12.2,-5.1,2,523.25,Power - Equipment,Small Cap
SKMEGGPROD,37.5,37.5,-7,-9,-2,-20.3,4.0,-20.3,4.0,-11.8,-28.6,-22.6,5,232.35,Consumption - Misc,Small Cap
SKYGOLD,8.4,8.4,-1,-2,-1,5.1,24.4,5.1,10.8,-4.2,-3.8,-1.4,5,796.0,Consumption - Jewelry,Small Cap
SMARTLINK,9.0,38.2,-1,-2,0,1.4,12.2,1.4,5.7,-6.3,-4.5,1.6,2,220.0,IT - Equipments,Small Cap
SMARTWORKS,15.6,15.6,-1,-6,-1,5.6,6.6,5.6,6.6,-5.2,-4.5,-2.8,5,522.55,Diversified Commercial Services,Small Cap
SMCGLOBAL,13.7,13.7,-1,-2,0,3.8,7.3,3.8,7.3,-5.5,-4.7,0.1,7,81.99,Financials - Broking,Small Cap
SMLMAH,7.9,7.9,-1,-2,0,11.6,24.1,11.6,14.1,-6.9,-6.9,7.7,4,6126.0,Auto - CV,Small Cap
SMLT,50.4,86.6,-4,-9,-5,-10.8,-12.3,-10.8,-12.3,-9.3,-16.6,-20.2,3,60.01,Metals - Iron & Steel,Small Cap
SMSPHARMA,14.5,14.5,-1,-2,-2,4.8,13.8,4.8,4.8,-11.1,-11.1,-0.5,5,412.0,Healthcare - Pharma,Small Cap
SNOWMAN,36.6,61.8,-5,-8,-4,-5.7,-4.5,-5.7,-4.5,-4.9,-11.9,-13.9,3,35.0,Transport - Logistics,Small Cap
SOBHA,31.4,45.0,-9,-8,-4,-18.0,-11.0,-18.0,-11.0,-6.0,-21.5,-17.1,4,1188.3,Real Estate,Small Cap
SOFTTECH,3.9,21.5,0,-1,3,11.2,16.5,6.3,10.8,2.3,6.2,4.6,7,480.5,IT - Software/Consulting,Small Cap
SOLARA,4.8,60.4,-1,-2,0,12.6,31.5,12.6,17.7,-1.7,-1.7,16.4,2,736.65,Healthcare - Pharma,Small Cap
SOMANYCERA,2.5,42.5,-2,-9,0,6.4,9.5,6.4,9.5,-0.9,-0.8,0.9,1,562.35,Infra - Ceramics,Small Cap
SOMATEX,49.8,49.8,-9,-8,-5,-18.4,-18.4,-18.4,-18.4,-13.0,-30.6,-25.7,4,81.01,Textile - Misc,Small Cap
SOMICONVEY,42.9,58.9,-4,-3,-5,7.5,-0.9,2.9,-0.9,1.8,-7.3,-12.5,3,96.77,Engineering,Small Cap
SONACOMS,8.0,8.0,-5,-7,-1,-0.9,21.3,-0.9,21.3,-3.1,-5.5,-4.5,2,776.55,Auto - OEM Suppliers,Small Cap
SONAMLTD,9.1,24.5,-2,-4,-1,5.1,20.8,2.3,20.8,-2.8,-1.9,-6.2,8,73.0,Consumption - Appliances,Small Cap
SONATSOFTW,31.7,68.5,-5,-1,-1,-9.0,-3.6,-9.0,-3.6,-4.9,-16.0,-15.5,5,273.65,IT - Software/Consulting,Small Cap
SOTL,18.1,18.1,-1,-7,0,3.1,16.4,3.1,16.4,-9.5,-15.5,1.1,4,696.2,Petro - Lubricants,Small Cap
SOUTHBANK,7.4,7.4,-1,-9,-3,-0.4,18.1,-0.4,18.1,-3.1,-2.3,-1.8,3,46.23,Financials - Private Bank,Small Cap
SOUTHWEST,26.6,27.0,-6,-5,-4,-11.2,-4.7,-11.2,-4.7,-13.3,-16.3,-22.8,6,200.69,Utility - Misc,Small Cap
SPAL,19.8,19.8,-9,-9,-3,0.9,11.1,0.9,11.1,-8.5,-15.5,-13.9,5,980.0,Textile - Apparels,Small Cap
SPANDANA,28.3,83.6,-9,-7,-3,-20.0,-6.9,-20.0,-6.9,-4.4,-25.1,-14.7,0,229.09,Financials - MFI,Small Cap
SPARC,35.0,64.7,-9,-7,-2,-17.7,18.4,-17.7,18.4,-8.1,-29.0,-20.4,1,187.83,Healthcare - Pharma,Small Cap
SPECIALITY,19.4,53.0,-5,-2,-1,-0.8,11.4,-0.8,11.4,-4.9,-7.6,-3.7,2,135.0,Leisure - Restaurants,Small Cap
SPECTRUM,6.2,6.2,-1,-2,0,21.4,45.2,21.4,27.9,-3.7,-1.5,24.2,4,2976.2,IT - Equipments,Small Cap
SPENCERS,53.7,87.2,-9,-5,-4,-17.3,-12.0,-17.3,-12.0,-3.8,-22.4,-23.9,4,28.4,Consumption - Retail,Small Cap
SPIC,30.2,47.3,-2,-9,-4,-0.9,5.3,-0.9,5.3,-5.6,-5.2,-3.8,3,67.58,Agrichem - Fertilizers,Small Cap
SPLIL,34.4,65.6,-2,-9,-1,-1.9,7.7,-1.9,7.7,-8.6,-10.6,-8.9,2,29.63,Textile - Misc,Small Cap
SPLPETRO,6.4,18.0,-1,-4,3,5.2,13.3,5.2,7.6,-2.7,-2.0,5.9,5,802.3,Chemicals - Petro,Small Cap
SPMLINFRA,31.4,46.8,-9,-7,-4,-11.3,-5.3,-11.3,-5.3,-5.2,-16.4,-17.2,2,172.0,Infra - Construction,Small Cap
SPORTKING,14.8,14.8,-2,-8,-1,-3.7,17.2,-3.7,17.2,-10.6,-10.2,-9.2,6,205.8,Textile - Spinning/Yarn,Small Cap
SREEL,28.6,34.1,-1,-4,0,14.4,28.9,14.4,10.6,-22.3,-14.3,15.3,2,285.75,Consumption - Footwear,Small Cap
SRF,20.9,23.7,-9,-9,-2,-6.5,-2.2,-6.5,-2.2,-3.0,-11.7,-7.4,6,2538.3,Chemicals - Specialty,Mid Cap
SRGHFL,63.2,70.3,-9,-7,-3,-59.0,-56.2,-59.0,-56.2,-51.0,-60.6,-59.0,2,123.15,Financials - Housing,Small Cap
SRHHYPOLTD,12.1,45.6,-1,-7,-4,4.8,14.3,4.8,14.3,-3.2,-3.3,-4.9,5,517.95,Chemicals - Bulk,Small Cap
SRIKPRIND,,24.6,-1,-8,0,14.4,33.1,14.4,16.6,-19.6,-21.6,31.4,0,27.76,,
SSWL,7.7,7.7,-1,-7,0,12.7,27.3,12.7,15.0,-5.1,-5.4,8.0,4,354.55,Auto - Replacement,Small Cap
STALLION,49.2,49.2,-6,-4,-1,-7.7,9.8,-7.7,9.8,-7.2,-18.6,-18.6,0,215.5,Utility - Gas,Small Cap
STAR,3.4,29.0,0,-5,3,10.6,17.8,6.0,10.6,-0.7,0.4,6.9,1,1188.6,Healthcare - Pharma,Small Cap
STARCEMENT,31.1,39.1,-8,-2,-4,-0.3,-9.7,-0.3,-9.7,-3.6,-10.9,-18.4,2,188.0,Infra - Cement,Small Cap
STARHEALTH,12.7,42.0,-9,-6,-2,-5.9,2.9,-5.9,2.9,-5.0,-9.6,-9.3,0,545.35,Financials - Non-Life,Small Cap
STARPAPER,10.5,50.0,-1,-2,0,2.2,9.4,2.2,4.9,-5.7,-5.5,4.4,1,159.15,Paper,Small Cap
STARTECK,33.4,43.5,-9,-8,-2,-2.9,-8.3,-2.9,-8.3,-12.5,-19.9,-19.1,2,233.1,Financials - NBFC,Small Cap
STCINDIA,25.9,62.8,-3,-7,-2,-4.3,-5.0,-4.3,-5.0,-4.4,-12.4,-12.7,0,111.22,Others,Small Cap
STEELCAS,16.9,16.9,-3,-6,-1,-9.0,1.3,-9.0,1.3,-8.1,-16.9,-13.6,8,302.35,Metals - Casting/Forging,Small Cap
STEELCITY,17.7,44.4,-1,-2,0,3.6,6.8,3.6,2.7,-5.8,-5.4,-2.8,0,85.44,Financials - Broking,Small Cap
STEELXIND,19.4,57.2,-1,-4,-4,2.8,15.1,2.8,15.1,-8.8,-10.0,-12.1,2,11.25,Metals - Iron & Steel,Small Cap
STEL,11.4,11.4,-2,-9,-1,2.3,5.9,2.3,5.9,-0.9,-4.0,-7.5,6,611.5,Financials - Misc,Small Cap
STERTOOLS,35.9,71.1,-7,-9,-2,-10.9,-6.6,-10.9,-6.6,-3.1,-14.8,-14.8,2,214.8,Auto - OEM Suppliers,Small Cap
STLNETWORK,0.2,0.7,0,0,3,35.2,55.3,18.8,34.9,7.0,10.9,33.8,5,40.6,Other Telecom Services,Small Cap
STOVEKRAFT,4.1,25.8,0,-6,-1,4.6,11.2,4.6,11.2,-0.9,0.5,-1.0,0,840.7,Consumption - Appliances,Small Cap
STYL,14.8,15.3,-5,-8,-1,-0.8,19.6,-0.8,19.6,-4.7,-10.0,-4.0,5,370.5,Financial Technology (Fintech),Small Cap
STYLAMIND,23.0,23.0,-4,-7,-1,-8.3,2.1,-8.3,2.1,-5.3,-12.7,-7.8,8,3194.9,Paper,Small Cap
STYLEBAAZA,15.7,15.7,-4,-7,-1,17.9,14.8,17.9,14.8,-6.2,-9.8,-6.0,3,376.8,Consumption - Retail,Small Cap
STYRENIX,22.2,41.0,-6,-4,-1,-11.0,-5.7,-11.0,-5.7,-4.0,-17.6,-17.6,4,2065.0,Chemicals - Specialty,Small Cap
SUBROS,41.4,43.4,-6,-5,-2,-14.5,-9.6,-14.5,-9.6,-4.4,-19.8,-19.4,5,687.0,Auto - Replacement,Small Cap
SUDARCOLOR,32.6,55.9,-6,-9,-1,-2.3,3.3,-2.3,3.3,-5.5,-12.0,-3.8,0,370.7,,
SUDEEPPHRM,,17.4,-1,-5,-1,-1.2,24.1,-1.2,24.1,-14.8,-15.2,-5.9,5,1138.9,Healthcare - Pharma,Small Cap
SUKHJITS,30.0,49.9,-9,-1,-4,1.2,-8.3,1.2,-8.3,-0.4,-7.4,-22.0,4,161.88,Agri - Misc,Small Cap
SULA,48.9,80.5,-6,-8,-4,-12.1,-4.5,-12.1,-4.5,-8.2,-20.9,-21.7,2,136.3,Beverages - Alcohol,Small Cap
SUMEETINDS,75.9,92.4,-8,-9,-4,-66.7,-65.2,-66.7,-65.2,-15.4,-71.3,-67.5,0,9.75,Textiles - Polyester,Small Cap
SUMICHEM,20.6,31.7,-4,-9,-1,-14.5,-1.2,-14.5,-1.2,-10.1,-20.0,-12.2,4,454.2,Agrichem - Protection,Small Cap
SUMIT,51.9,68.3,-6,-3,-1,-2.2,7.5,-2.2,7.5,-4.1,-15.2,-15.2,3,50.0,Real Estate,Small Cap
SUMMITSEC,44.3,62.2,-9,-8,-4,-6.8,0.9,-6.8,0.9,-3.9,-11.1,-13.8,2,1390.0,Financials - NBFC,Small Cap
SUNDARMFIN,17.3,17.3,-1,-4,1,0.9,3.2,0.9,0.9,-1.4,-0.9,-11.8,7,4668.3,Financials - NBFC,Mid Cap
SUNDRMBRAK,26.0,52.7,-4,-8,-2,-11.3,-9.9,-11.3,-9.9,-9.2,-25.0,-17.6,2,681.0,Auto - Replacement,Small Cap
SUNDRMFAST,9.5,19.0,-1,-2,0,2.1,21.2,2.1,8.6,-3.5,-4.0,1.3,4,1219.8,Auto - OEM Suppliers,Small Cap
SUNDROP,20.2,42.9,-5,-3,-4,-0.5,3.4,-0.5,3.4,-2.1,-4.5,-2.3,3,657.4,Agri - Edible Oil,Small Cap
SUNFLAG,20.2,20.2,-5,-9,-4,-3.6,1.6,-3.6,1.6,-2.5,-12.5,-8.7,5,341.35,Metals - Iron & Steel,Small Cap
SUNPHARMA,9.6,9.6,-7,-9,-2,-4.0,-0.9,-4.0,-0.9,-3.8,-7.0,-7.0,4,1850.7,Healthcare - Pharma,Large Cap
SUNSHINE,,30.8,-1,-4,-1,-11.5,-0.1,-11.5,-0.1,-27.4,-18.3,-20.3,0,363.3,,
SUNTECK,40.4,59.7,-9,-7,-4,-4.7,1.1,-4.7,1.1,-5.8,-15.2,-25.9,3,281.5,Real Estate,Small Cap
SUNTV,30.5,58.1,-7,-2,-4,-5.3,-18.5,-5.3,-18.5,-3.5,-10.8,-27.2,1,459.45,Media - TV Broadcast,Mid Cap
SUPERHOUSE,11.1,41.4,-8,-4,-1,1.2,4.2,1.2,4.2,-5.3,-7.5,-1.5,3,168.0,Leather Products,Small Cap
SUPRAJIT,12.0,23.1,-5,-9,-1,-2.6,4.7,-2.6,4.7,-2.3,-6.2,-3.1,5,492.05,Auto - OEM Suppliers,Small Cap
SUPREMEIND,22.8,48.7,-3,-7,-5,-6.4,-2.0,-6.4,-2.0,-7.1,-9.4,-14.6,5,3315.1,Industrial - Consumables,Mid Cap
SUPRIYA,15.1,18.4,-5,-5,-2,3.3,20.7,3.3,20.7,-3.3,-5.0,-13.6,5,885.85,Healthcare - Pharma,Small Cap
SURAKSHA,6.1,27.0,-2,-9,-1,5.5,16.2,5.5,16.2,-3.7,-3.9,-3.2,0,327.65,Healthcare - Hospitals,Small Cap
SURANASOL,27.9,61.9,-7,-5,-5,-3.6,4.1,-3.6,4.1,-5.9,-12.7,-11.0,3,24.88,Power - Green,Small Cap
SURANAT&P,34.8,46.9,-7,-8,-2,-12.4,-12.7,-12.4,-12.7,-4.4,-22.5,-20.9,5,15.73,Power - Green,Small Cap
SURYALAXMI,14.9,61.3,-5,-7,-2,1.8,2.0,1.8,2.0,-5.7,-8.1,-7.8,0,57.59,Textile - Spinning/Yarn,Small Cap
SURYAROSNI,32.8,49.8,-9,-5,-3,-10.5,-10.2,-10.5,-10.2,-3.3,-19.1,-20.8,3,211.39,Metals - Pipe & Tube,Small Cap
SURYODAY,32.9,50.7,-8,-6,-3,-18.0,-7.8,-18.0,-7.8,-5.1,-24.3,-16.8,2,146.18,Financials - Private Bank,Small Cap
SUTLEJTEX,10.1,67.8,-1,-7,-1,-0.8,5.7,-0.8,5.7,-7.5,-9.2,-3.7,1,38.59,Textile - Spinning/Yarn,Small Cap
SUVEN,15.7,15.7,-1,-8,-1,-4.5,9.4,-4.5,9.4,-11.0,-10.2,-13.3,6,340.0,Healthcare - Pharma,Small Cap
SUYOG,27.7,66.1,-6,-8,-1,-19.9,-12.3,-19.9,-12.3,-9.8,-24.7,-23.8,0,666.4,,
SUZLON,30.8,50.6,-9,-9,-2,-17.0,-16.8,-17.0,-16.8,-7.4,-25.2,-28.0,3,42.54,Power - Green,Mid Cap
SVLL,4.5,10.9,-1,-9,-1,1.3,9.8,1.3,9.8,-2.5,-0.1,-1.9,8,800.0,Transport - Logistics,Small Cap
SWANCORP,40.9,64.0,-9,-5,-4,2.7,-3.0,2.7,-3.0,-1.5,-8.6,-19.4,4,291.9,Real Estate,Small Cap
SWANDEF,1.1,86.4,-1,-2,1,8.0,17.5,4.7,11.7,0.4,-0.3,10.0,0,2720.0,Transport - Shipping,Small Cap
SWARAJENG,20.3,25.0,-9,-6,-2,0.2,-5.9,0.2,-5.9,-2.9,-10.2,-11.5,4,3538.0,Industrial - Pumps/Engines,Small Cap
SWELECTES,43.7,63.2,-5,-9,-4,-10.3,-4.5,-10.3,-4.5,-6.0,-18.0,-17.5,4,549.6,Power - Equipment,Small Cap
SWIGGY,40.5,55.6,-7,-5,-2,2.3,3.2,2.3,3.2,-2.7,-3.8,-5.6,0,273.9,,
SWSOLAR,31.4,78.4,-9,-9,-3,-17.3,-8.0,-17.3,-8.0,-5.1,-27.5,-26.8,4,178.9,Power - Green,Small Cap
SYMPHONY,40.9,74.0,-9,-6,-4,-17.1,-17.7,-17.1,-17.7,-6.4,-20.3,-32.2,1,573.95,Consumption - Appliances,Small Cap
SYNCOMF,18.4,33.9,-2,-6,-1,11.5,21.5,11.5,21.5,-14.3,-10.4,-5.4,4,18.44,Healthcare - Pharma,Small Cap
SYNGENE,44.1,60.5,-9,-9,-4,-4.3,-13.0,-4.3,-13.0,-5.2,-14.6,-18.9,4,379.3,Healthcare - Pharma,Mid Cap
TAINWALCHM,20.1,38.7,-8,-7,-1,0.7,6.8,0.7,6.8,-3.2,-6.6,-2.2,3,205.37,Industrial - Consumables,Small Cap
TAJGVK,25.2,38.0,-9,-4,-1,-5.6,-2.1,-5.6,-2.1,-3.1,-11.9,-10.0,5,327.6,Leisure - Hotels,Small Cap
TALBROAUTO,6.0,6.0,-5,-6,1,5.9,6.5,5.9,3.6,-0.5,-3.9,1.7,5,424.65,Auto - OEM Suppliers,Small Cap
TANLA,34.1,76.5,-5,-8,-1,-16.1,-3.7,-16.1,-3.7,-5.7,-19.8,-16.7,3,493.1,IT - Product/Platform,Small Cap
TARAPUR,67.2,74.2,-9,-9,-5,-25.4,-42.3,-25.4,-42.3,-1.7,-28.1,-48.2,2,13.13,Power - Equipment,Small Cap
TARC,30.3,51.9,-7,-6,-2,4.3,14.3,4.3,4.6,-3.0,-5.5,-7.3,4,129.76,Real Estate,Small Cap
TARIL,43.5,56.3,-9,-8,-2,-5.5,-8.0,-5.5,-8.0,-6.4,-17.8,-20.6,4,283.4,Power - Equipment,Small Cap
TARMAT,22.8,62.9,-1,-9,-1,-2.2,5.3,-2.2,5.3,-12.3,-7.3,-14.8,3,57.06,Infra - Construction,Small Cap
TARSONS,18.3,66.9,-5,-9,-1,-5.1,18.0,-5.1,18.0,-10.8,-15.0,-7.7,2,306.2,Healthcare - Equipments,Small Cap
TASTYBITE,5.0,53.4,-1,-2,-1,2.2,10.6,2.2,4.9,-1.7,-2.5,-1.2,3,10019.0,Consumption - FMCG,Small Cap
TATACHEM,22.4,45.7,8,-2,-4,19.6,3.5,11.1,3.5,-0.3,1.6,-9.4,5,732.75,Chemicals - Bulk,Small Cap
TATACOMM,13.5,16.1,-9,0,-2,5.2,10.4,3.6,10.4,2.6,-4.4,-7.4,5,1824.3,Telecom,Mid Cap
TATACONSUM,21.5,21.5,-7,-9,-4,-6.6,-8.4,-6.6,-8.4,-0.8,-9.6,-14.5,6,1007.5,Consumption - Misc,Large Cap
TATAELXSI,43.4,68.7,-5,-9,-4,-8.6,-16.3,-8.6,-16.3,-6.7,-11.6,-22.0,5,3366.4,IT - Services,Mid Cap
TATAINVEST,42.7,42.7,-5,-2,-4,2.7,5.2,2.7,5.2,-5.4,-2.4,-5.7,7,678.3,Financials - Misc,Mid Cap
TATAPOWER,21.8,26.5,-4,-2,-4,-2.8,-6.9,-2.8,-6.9,-1.6,-4.8,-18.2,4,363.65,Power - Misc,Large Cap
TATASTEEL,18.0,18.0,-6,-5,-4,-1.5,-7.6,-1.5,-7.6,-1.8,-4.6,-12.9,5,184.0,Metals - Iron & Steel,Large Cap
TATATECH,15.9,46.5,-5,-9,-1,-3.2,8.3,-3.2,8.3,-7.5,-14.2,-9.8,0,749.4,IT - Software/Consulting,Mid Cap
TATVA,9.5,44.2,-6,-7,-1,2.9,23.0,2.9,23.0,-1.9,-9.0,-9.0,0,1662.9,Chemicals - Specialty,Small Cap
TBOTEK,6.2,17.2,-4,-8,-1,1.8,8.4,1.8,8.4,-3.4,-2.4,-5.1,0,1655.9,Leisure - Misc,Small Cap
TBZ,1.4,1.4,0,-6,0,33.2,136.7,17.7,66.8,3.5,8.7,88.0,4,574.85,Consumption - Jewelry,Small Cap
TCI,31.9,35.3,-8,-9,-3,-7.0,-6.5,-7.0,-6.5,-3.8,-9.8,-11.4,4,846.35,Transport - Logistics,Small Cap
TCIEXP,34.0,80.9,-8,-8,-1,-7.8,-6.6,-7.8,-6.6,-11.0,-15.3,-10.1,5,492.0,Transport - Logistics,Small Cap
TCPLPACK,12.3,21.0,-1,-7,-1,12.7,18.0,12.7,18.0,-4.1,-6.5,-1.0,4,3869.9,Packaging,Small Cap
TCS,35.3,52.8,-5,-9,-4,-4.7,-3.5,-4.7,-3.5,-7.3,-11.7,-16.4,6,2166.0,IT - Software/Consulting,Large Cap
TEAMGTY,25.5,25.5,-7,-9,-5,5.5,5.5,3.0,5.5,1.1,-2.6,-4.7,4,247.9,Financials - NBFC,Small Cap
TEAMLEASE,33.9,77.7,-9,-6,-2,0.4,-4.1,0.4,-4.1,-3.6,-13.4,-14.6,3,1237.2,Human Resources,Small Cap
TECHM,16.8,16.8,-6,-9,-1,-1.8,4.2,-1.8,4.2,-5.0,-7.3,-7.3,5,1541.9,IT - Software/Consulting,Large Cap
TECHNOCRAF,,3.4,0,-4,0,16.8,35.2,8.7,20.3,-0.6,0.4,20.3,0,443.95,,
TECHNOE,28.6,45.6,-5,4,-4,0.9,-6.4,0.9,-6.4,0.3,-8.1,-22.7,3,991.65,Engineering,Small Cap
TEGA,14.3,26.0,-3,-2,-3,7.2,2.2,7.2,2.2,-0.0,-1.5,-3.7,5,1723.5,Engineering,Small Cap
TEJASNET,19.5,65.3,-1,-8,-2,-3.8,15.6,-3.8,15.6,-14.0,-15.6,-15.6,4,518.95,IT - Equipments,Small Cap
TEMBO,32.0,37.1,-5,-7,-4,-1.4,4.5,-1.4,4.5,-3.6,-6.7,-5.9,6,56.94,Metals - Iron & Steel,Small Cap
TERASOFT,60.8,60.8,-5,-9,-3,-36.7,-33.4,-36.7,-33.4,-18.6,-43.3,-47.6,2,234.3,IT - Services,Small Cap
TEXINFRA,4.3,26.9,0,-6,0,4.2,6.9,4.2,4.5,-2.8,0.9,1.8,3,116.61,Railways,Small Cap
TEXMOPIPES,7.2,44.5,-1,-2,4,19.4,33.0,19.4,21.2,-2.8,-0.4,28.1,3,59.84,Infra - Plastic Pipes,Small Cap
TEXRAIL,23.0,62.8,-1,-7,-1,0.2,2.8,0.2,2.8,-7.8,-6.4,-2.0,3,110.25,Railways,Small Cap
TFCILTD,4.3,4.3,-2,-9,0,5.2,38.1,5.2,38.1,-3.1,-1.3,1.0,4,141.37,Financials - Misc,Small Cap
THANGAMAYL,34.0,34.0,-7,-8,-2,-21.8,0.7,-21.8,0.7,-9.5,-30.0,-23.9,5,4901.0,Consumption - Jewelry,Small Cap
THEINVEST,37.9,71.9,-4,-4,-4,-1.0,2.5,-1.0,2.5,-3.3,-8.6,-12.4,0,95.0,Financials - Misc,Small Cap
THEJO,4.9,41.4,-6,-3,0,4.4,9.0,4.4,5.2,-1.0,-2.3,1.8,6,2173.6,Engineering,Small Cap
THELEELA,9.7,9.7,-4,-9,-1,-2.3,4.8,-2.3,4.8,-7.4,-6.3,-7.7,5,526.5,Hotels & Resorts,Small Cap
THEMISMED,16.9,61.5,-1,-7,-1,3.6,9.3,3.6,9.3,-8.1,-4.8,-2.1,5,122.14,Healthcare - Pharma,Small Cap
THERMAX,33.0,39.5,-9,-9,-2,-18.9,-11.0,-18.9,-11.0,-6.0,-26.5,-31.9,5,3535.5,Power - Equipment,Mid Cap
THOMASCOOK,39.5,61.3,-3,-8,-3,-4.1,3.2,-4.1,3.2,-9.3,-11.8,-5.8,3,102.26,Leisure - Misc,Small Cap
THOMASCOTT,48.5,53.5,-5,-9,-2,-23.7,-16.0,-23.7,-16.0,-10.4,-31.7,-29.0,4,236.85,Textile - Apparels,Small Cap
THYROCARE,17.1,49.7,-4,-9,-1,-5.2,4.7,-5.2,4.7,-5.8,-12.9,-9.2,5,548.6,Healthcare - Diagnostics,Small Cap
TI,11.6,11.6,-3,-6,-1,5.1,8.2,5.1,8.2,-4.3,-8.7,-6.3,7,525.85,Beverages - Alcohol,Small Cap
TIIL,12.0,20.2,-3,-9,-1,4.9,13.6,4.9,13.6,-4.8,-7.4,-4.4,6,3138.5,Metals - Casting/Forging,Small Cap
TIINDIA,22.6,46.4,-9,-9,-3,-8.0,-9.6,-8.0,-9.6,-5.1,-13.3,-20.6,7,2580.0,Metals - Pipe & Tube,Mid Cap
TIL,23.8,62.7,-1,-3,-1,7.1,17.7,7.1,7.6,-0.1,-0.1,-0.0,1,254.94,Engineering,Small Cap
TIMETECHNO,23.1,31.9,-6,-9,-1,-13.1,-2.5,-13.1,-2.5,-7.6,-17.1,-17.1,2,174.91,Industrial - Consumables,Small Cap
TIMKEN,18.9,34.0,-6,-2,-4,0.5,-7.4,0.5,-7.4,-3.7,-6.8,-12.4,5,3181.3,Industrial - Bearings,Small Cap
TINNARUBR,24.5,24.5,-6,-8,-1,-6.8,22.7,-6.8,22.7,-4.9,-11.7,-11.7,5,997.5,Rubber,Small Cap
TIPSFILMS,35.1,68.7,-8,-5,-1,-11.4,-10.0,-11.4,-10.0,-6.5,-24.0,-20.0,2,311.0,Media - Films,Small Cap
TIRUMALCHM,46.8,60.4,-6,-5,-4,-6.5,-18.2,-6.5,-18.2,-1.9,-14.6,-23.8,3,156.31,Chemicals - Bulk,Small Cap
TIRUPATIFL,23.1,23.1,-8,-6,-2,0.2,31.9,0.2,31.9,-8.6,-12.4,-7.9,4,64.5,Metals - Misc,Small Cap
TITAGARH,14.3,56.1,-1,-6,-2,-0.1,11.1,-0.1,11.1,-6.2,-5.3,-6.0,4,832.3,Railways,Small Cap
TITAN,5.5,5.5,-3,-5,-1,-1.8,9.8,-1.8,9.8,-2.6,-5.2,-4.0,8,4899.0,Consumption - Jewelry,Large Cap
TMCV,,16.9,-4,-9,-1,-5.8,0.6,-5.8,0.6,-8.4,-10.8,-12.8,5,422.95,Auto - PV/Trucks,Large Cap
TMPV,59.2,74.4,-5,-2,-3,-9.7,-12.0,-9.7,-12.0,-3.4,-13.0,-24.2,2,301.95,Auto - PV/Trucks,Large Cap
TNPETRO,10.6,12.8,-1,-6,0,11.8,28.4,11.8,28.4,-6.1,-1.9,8.9,3,131.46,Chemicals - Petro,Small Cap
TNPL,11.7,70.5,-5,-6,-4,0.6,7.1,0.6,7.1,-8.8,-6.3,-3.0,1,147.14,Media - Publishing,Small Cap
TOKYOPLAST,45.9,56.9,-9,-3,-4,0.1,-9.8,0.1,-9.8,-7.2,-18.2,-20.6,1,73.05,Consumption - Misc,Small Cap
TORNTPOWER,28.7,36.2,-7,-2,-4,-6.9,-7.6,-6.9,-7.6,-0.8,-9.3,-25.1,5,1300.5,Power - Misc,Mid Cap
TOTAL,16.9,64.0,-1,-4,0,2.0,29.2,2.0,13.6,-4.4,-4.9,6.4,2,73.0,Transport - Logistics,Small Cap
TOUCHWOOD,46.0,73.2,-9,-6,-4,-3.2,-4.7,-3.2,-4.7,-2.9,-16.4,-21.3,3,61.01,Media - Misc,Small Cap
TPLPLASTEH,27.5,51.9,-3,-9,-1,-15.5,-4.1,-15.5,-4.1,-9.9,-27.0,-17.7,2,65.46,Packaging,Small Cap
TRACXN,44.3,74.9,-1,-2,-4,3.3,-0.5,3.3,-0.5,-2.4,-2.4,-4.2,2,31.13,IT - Software/Consulting,Small Cap
TRANSPEK,,8.4,-2,-8,-1,5.2,10.2,5.2,10.2,-5.8,-6.6,-6.1,0,1350.9,,
TRANSWORLD,37.2,74.9,-3,-6,-3,-1.8,3.3,-1.8,3.3,-5.8,-15.1,-6.5,1,162.12,Transport - Shipping,Small Cap
TRAVELFOOD,17.8,17.8,-5,-5,-3,-9.3,-4.7,-9.3,-4.7,-6.5,-15.9,-9.1,5,1209.1,Restaurants,Small Cap
TREJHARA,51.9,54.9,-6,-8,-4,-7.6,2.2,-7.6,2.2,-9.0,-22.9,-24.4,3,137.0,IT - Software/Consulting,Small Cap
TREL,14.9,55.0,-1,-7,0,3.5,8.3,3.5,8.3,-0.7,-1.7,1.1,0,27.23,Transport - Logistics,Small Cap
TRENT,43.4,66.7,-6,-9,-2,-6.1,-2.1,-6.1,-2.1,-2.7,-16.9,-15.5,7,2776.2,Consumption - Retail,Large Cap
TRF,47.0,67.9,-8,-7,-4,-7.9,-3.8,-7.9,-3.8,-8.4,-12.8,-18.7,2,214.61,Engineering,Small Cap
TRIDENT,25.3,67.1,-8,-8,-2,-7.3,-6.1,-7.3,-6.1,-4.5,-13.7,-11.8,3,23.11,Textile - Misc,Small Cap
TRIGYN,37.0,74.9,-2,-9,-4,-3.1,5.4,-3.1,5.4,-7.6,-13.6,-12.7,2,54.8,IT - Software/Consulting,Small Cap
TRITURBINE,31.1,38.7,-5,-5,-4,-10.0,-6.6,-10.0,-6.6,-5.9,-17.5,-26.8,5,542.55,Power - Equipment,Small Cap
TRIVENI,51.1,55.2,-8,-9,-2,-45.4,-38.7,-45.4,-38.7,-15.2,-49.2,-43.2,5,239.9,Agri - Sugar,Small Cap
TSFINV,37.6,37.6,-9,-1,-1,-0.9,6.6,-0.9,6.6,-0.8,-7.9,-3.8,4,437.8,,
TTKHLTCARE,15.2,44.2,-4,-5,-1,-2.6,2.9,-2.6,2.9,-12.2,-9.6,-8.9,2,1057.0,Healthcare - Pharma,Small Cap
TTKPRESTIG,29.4,56.9,-8,-9,-1,-14.9,-1.0,-14.9,-1.0,-7.3,-19.8,-15.9,2,544.8,Consumption - Appliances,Small Cap
TTML,41.3,87.8,-8,-9,-3,-11.9,-15.5,-11.9,-15.5,-7.4,-17.6,-23.3,3,35.26,Telecom,Small Cap
TURTLEMINT,,16.4,-3,-8,-1,0.9,6.8,0.9,6.8,-8.5,-12.4,-7.2,0,133.71,,
TVSELECT,45.4,45.4,-9,-7,-2,-19.5,-13.8,-19.5,-13.8,-4.8,-21.1,-21.1,2,403.85,IT - Equipments,Small Cap
TVSHLTD,21.9,21.9,-5,-7,-1,-12.5,-6.8,-12.5,-6.8,-7.9,-14.6,-14.4,4,12726.0,Auto - Replacement,Small Cap
TVSMOTOR,8.1,8.1,-6,-9,-1,6.0,11.5,6.0,11.5,-1.7,-7.2,-5.1,5,4121.0,Auto - 2W,Large Cap
TVSSCS,13.5,50.9,-9,-8,-1,-5.4,2.7,-5.4,2.7,-3.1,-10.6,-7.2,0,126.66,Transport - Logistics,Small Cap
TVSSRICHAK,16.8,16.8,-2,-6,-1,1.2,9.8,1.2,9.8,-10.7,-9.5,-13.2,3,4792.0,Auto - Tyres,Small Cap
TVTODAY,32.0,81.3,-9,-9,-2,-12.6,-6.8,-12.6,-6.8,-6.7,-18.7,-18.4,1,104.11,Media - TV Broadcast,Small Cap
UBL,33.2,46.4,-6,-9,-5,-9.7,-13.6,-9.7,-13.6,-4.9,-14.3,-22.0,5,1231.9,Beverages - Alcohol,Mid Cap
UCAL,14.7,58.7,-2,-7,-1,-1.6,13.0,-1.6,13.0,-6.3,-11.7,-6.7,1,139.79,Auto - Replacement,Small Cap
UCOBANK,30.4,66.3,-9,-9,-2,-9.1,-8.9,-9.1,-8.9,-3.8,-11.2,-16.4,2,23.81,Financials - PSU Bank,Mid Cap
UDS,26.8,56.1,-2,-8,-1,-10.4,4.5,-10.4,4.5,-19.1,-19.5,-14.4,2,192.35,Human Resources,Small Cap
UEL,29.6,96.4,-5,-8,-1,16.1,15.8,16.1,15.8,-16.2,-24.2,0.6,0,200.0,IT - Equipments,Small Cap
UFBL,18.4,64.4,-3,-9,-1,-3.7,19.5,-3.7,19.5,-3.8,-17.4,-4.7,0,693.6,Leisure - Restaurants,Small Cap
UFLEX,9.5,23.8,-1,-5,0,4.8,30.3,4.8,30.3,-5.4,-4.3,0.9,4,655.0,Packaging,Small Cap
UFO,34.4,90.2,-9,-9,-3,-7.2,-8.8,-7.2,-8.8,-7.6,-14.4,-17.4,1,60.98,Media - Films,Small Cap
UGARSUGAR,13.2,60.3,-3,-9,-1,11.1,18.5,11.1,18.5,-5.5,-6.1,-3.0,3,53.92,Agri - Sugar,Small Cap
UGROCAP,56.1,73.5,-8,-7,-4,-9.7,3.1,-9.7,3.1,-1.7,-14.4,-23.1,2,84.54,Financials - NBFC,Small Cap
UJJIVANSFB,11.8,11.8,-6,-4,-1,-7.5,6.3,-7.5,6.3,-0.5,-10.5,-10.5,2,65.25,Financials - Private Bank,Small Cap
ULTRACEMCO,17.8,17.8,-6,-9,-1,-8.7,-5.4,-8.7,-5.4,-5.2,-10.9,-12.9,5,10782.0,Infra - Cement,Large Cap
UMAEXPORTS,62.7,86.3,-3,-9,-1,-10.6,6.5,-10.6,6.5,-18.2,-21.3,-20.8,4,20.83,Agri - Misc,Small Cap
UMIYA-MRO,12.1,23.1,-1,-7,-1,4.3,7.3,4.3,7.3,-8.4,-9.7,1.4,5,97.5,Real Estate,Small Cap
UNICHEMLAB,23.5,44.0,-9,-7,-1,4.3,5.6,4.3,5.6,-6.9,-17.7,-5.6,3,525.6,Healthcare - Pharma,Small Cap
UNIDT,12.7,63.6,-5,-5,-4,-0.2,23.6,-0.2,8.4,-6.0,-7.5,-7.3,1,220.0,Engineering,Small Cap
UNIENTER,43.7,54.5,-9,-9,-3,-12.9,-14.4,-12.9,-14.4,-6.5,-20.2,-20.8,5,89.0,Chemicals - Misc,Small Cap
UNIONBANK,12.9,12.9,-5,-9,-1,-1.5,2.5,-1.5,2.5,-5.0,-4.5,-8.2,3,179.03,Financials - PSU Bank,Large Cap
UNIPARTS,5.7,5.7,-1,-7,-1,1.7,18.4,1.7,18.4,-4.0,-3.7,-3.3,4,864.0,Engineering,Small Cap
UNITDSPR,11.1,18.2,-3,-9,-2,-7.6,0.9,-7.6,0.9,-6.0,-10.7,-8.3,4,1389.8,Beverages - Alcohol,Mid Cap
UNITEDPOLY,9.3,14.9,-1,-2,0,8.9,33.1,8.9,18.5,-0.6,0.6,15.9,6,43.55,Textile - Misc,Small Cap
UNITEDTEA,26.7,30.2,-9,-8,-4,-6.0,-11.7,-6.0,-11.7,-3.0,-11.8,-19.5,2,432.2,Agri - Tea/Coffee,Small Cap
UNIVASTU,21.8,21.8,-3,-9,-1,1.5,45.6,1.5,45.6,-17.1,-21.8,-11.0,6,140.0,Engineering,Small Cap
UNIVCABLES,19.3,19.3,-2,-9,-1,-2.9,7.0,-2.9,7.0,-12.6,-17.5,-13.1,6,1432.2,Power - Wiring,Small Cap
UNIVPHOTO,0.2,37.3,0,0,3,24.6,42.1,16.2,28.4,6.5,14.6,26.2,1,619.0,Consumption - Misc,Small Cap
UPL,32.1,36.3,-9,-9,-4,-7.4,-10.9,-7.4,-10.9,-5.5,-10.6,-14.5,4,551.2,Agrichem - Protection,Large Cap
URAVIDEF,57.0,83.0,-9,-9,-4,4.6,1.6,4.6,1.6,-7.6,-13.2,-20.4,7,113.0,Auto - Misc,Small Cap
URBANCO,11.0,18.6,-1,-8,-1,5.6,14.7,5.6,14.7,-8.9,-9.9,-2.0,5,163.8,IT - Product/Platform,Small Cap
USHAMART,7.3,7.3,-5,-9,-4,-1.5,4.3,-1.5,4.3,-5.3,-5.3,-3.0,8,490.65,Power - Wiring,Small Cap
USK,36.2,77.2,-7,-9,-3,-6.2,-11.0,-6.2,-11.0,-4.8,-11.7,-29.7,2,20.16,Infra - Construction,Small Cap
UTIAMC,36.4,40.1,-9,-5,-5,-3.0,-2.1,-3.0,-2.1,-1.6,-11.1,-8.1,3,896.0,Financials - AMC,Small Cap
UTKARSHBNK,37.6,79.4,-6,-6,-1,0.5,2.4,0.5,2.4,-10.6,-7.6,-6.5,0,14.08,Financials - Private Bank,Small Cap
UTLSOLAR,,17.6,-4,-5,-1,-4.2,7.9,-4.2,7.9,-9.0,-14.7,-11.6,5,407.4,Other Electrical Equipment,Small Cap
UTTAMSUGAR,29.8,52.9,-3,-9,-1,-7.7,3.3,-7.7,3.3,-15.3,-23.1,-19.2,4,252.25,Agri - Sugar,Small Cap
V2RETAIL,17.7,18.6,-2,-7,-3,-2.4,1.2,-2.4,1.2,-4.7,-9.3,-9.9,3,210.95,Consumption - Retail,Small Cap
VADILALIND,14.6,14.6,-3,-8,-1,-3.4,18.7,-3.4,18.7,-5.3,-8.7,-5.9,5,7216.5,Consumption - Dairy,Small Cap
VAIBHAVGBL,27.5,79.8,-6,-8,-1,-15.9,-6.5,-15.9,-6.5,-2.7,-20.4,-20.4,4,212.51,Consumption - Jewelry,Small Cap
VALIANTLAB,10.3,45.8,-1,-3,0,8.8,57.7,8.8,27.7,-8.9,-8.9,20.9,0,116.5,Healthcare - Pharma,Small Cap
VALIANTORG,1.3,79.5,0,1,3,23.1,44.6,23.1,29.4,2.8,3.1,37.4,0,408.45,Chemicals - Specialty,Small Cap
VARDHACRLC,10.8,48.6,-5,-2,-3,-1.2,5.5,-1.2,5.5,-2.7,-5.3,-5.7,2,43.3,Textiles - Polyester,Small Cap
VARROC,3.1,26.4,-1,-5,-1,7.4,24.7,2.4,24.7,-1.0,-0.5,0.7,1,867.9,Auto - OEM Suppliers,Small Cap
VASCONEQ,59.9,67.9,-8,-7,-4,1.3,-7.9,1.3,-7.9,-1.5,-13.1,-27.5,2,29.91,Engineering,Small Cap
VASWANI,35.7,39.1,-9,-8,-3,-15.1,-15.0,-15.1,-15.0,-6.9,-17.5,-25.9,5,44.98,Metals - Iron & Steel,Small Cap
VBL,25.4,39.1,-9,-2,-3,-9.8,-14.3,-9.8,-14.3,-0.4,-18.7,-23.7,7,414.8,Consumption - Misc,Large Cap
VEDL,67.8,67.8,-3,-5,-5,-5.8,-4.6,-5.8,-4.6,-5.8,-11.0,-63.1,4,256.3,Metals - Misc,Large Cap
VEEDOL,29.6,62.5,-4,-9,-1,-6.3,-2.1,-6.3,-2.1,-6.6,-10.7,-6.1,3,1383.4,Petro - Lubricants,Small Cap
VENKEYS,7.3,64.4,-1,-2,-1,2.7,9.5,2.7,3.8,-5.9,-5.9,-1.1,1,1682.6,Consumption - Misc,Small Cap
VENUSPIPES,2.6,18.7,-1,-2,1,15.4,26.6,15.4,16.3,-1.4,-1.4,15.0,6,1991.5,Metals - Iron & Steel,Small Cap
VENUSREM,23.5,23.5,-4,-8,-3,-8.3,60.5,-8.3,60.5,-8.6,-12.2,-16.4,3,1563.9,Healthcare - Pharma,Small Cap
VERANDA,19.9,42.6,-6,-9,-1,-9.4,-3.5,-9.4,-3.5,-11.2,-16.4,-16.4,2,218.19,IT - Services,Small Cap
VERTOZ,51.2,91.7,-2,-2,-4,2.5,-13.2,2.5,-13.2,-3.6,-8.3,-24.3,3,37.51,Media - Misc,Small Cap
VESUVIUS,34.1,38.0,-8,-6,-4,-13.3,-13.1,-13.3,-13.1,-5.9,-14.8,-22.8,5,400.5,Metals - Casting/Forging,Small Cap
VETO,13.8,51.8,-8,-3,-3,3.3,18.2,3.3,18.2,0.4,-1.8,-11.7,1,128.0,Consumption - Electronics,Small Cap
VGUARD,14.5,43.2,-2,-9,-1,-0.3,3.8,-0.3,3.8,-3.8,-2.1,-5.2,4,328.2,Consumption - Appliances,Small Cap
VHL,20.4,45.1,-2,-7,-3,0.0,1.3,0.0,1.3,-6.2,-6.2,-4.9,1,3401.0,Financials - NBFC,Small Cap
VIDHIING,13.6,41.1,-2,-5,-1,1.3,6.6,1.3,6.6,-5.7,-6.1,-5.5,5,335.2,Chemicals - Dyes,Small Cap
VIDYAWIRES,,26.2,-9,-8,-4,-4.9,8.1,-4.9,8.1,-4.2,-12.8,-20.3,5,86.59,Aluminium Copper & Zinc Products,Small Cap
VIJAYA,8.1,8.1,-3,-8,-1,-1.1,6.1,-1.1,6.1,-4.2,-3.9,-4.5,7,1449.9,Healthcare - Diagnostics,Small Cap
VIMTALABS,21.2,32.4,-5,-9,-1,-1.5,10.3,-1.5,10.3,-7.4,-6.8,-5.1,6,610.5,Healthcare - Pharma,Small Cap
VINATIORGA,27.3,46.8,-4,-5,-3,-2.7,5.1,-2.7,5.1,-5.5,-5.8,-11.6,5,1264.6,Chemicals - Specialty,Mid Cap
VINCOFE,10.3,10.3,-3,-5,-1,5.3,6.6,5.3,6.6,-4.9,-4.5,-8.5,7,169.97,Agri - Tea/Coffee,Small Cap
VINDHYATEL,10.4,18.1,-1,-5,0,4.3,24.0,4.3,10.5,-7.9,-5.9,4.4,4,2646.1,Telecom,Small Cap
VINEETLAB,28.9,71.3,-6,-5,-1,-1.3,1.5,-1.3,1.5,-6.3,-11.2,-11.2,0,35.54,Healthcare - Pharma,Small Cap
VINYAS,14.6,14.6,-3,-2,-1,5.3,8.3,5.3,8.3,-7.2,-10.5,-4.4,8,1477.1,Electronic - Equipment,Small Cap
VINYLINDIA,30.4,77.4,-9,-8,-4,-12.5,0.3,-12.5,0.3,-6.3,-18.1,-17.9,4,215.01,Chemicals - Misc,Small Cap
VIPCLOTHNG,44.9,79.6,-9,-4,-4,2.2,-7.3,2.2,-7.3,-4.0,-14.7,-22.0,1,20.69,Textile - Innerwear,Small Cap
VIPIND,33.4,61.5,-5,-7,-3,-0.2,2.0,-0.2,2.0,-6.3,-6.2,-12.4,4,298.0,Consumption - Luggage,Small Cap
VIRINCHI,51.3,73.3,-9,-9,-4,-5.9,-2.2,-5.9,-2.2,-4.1,-12.5,-23.1,0,14.35,IT - Product/Platform,Small Cap
VISAKAIND,15.0,50.1,-5,-8,0,2.1,14.9,2.1,14.9,-5.5,-12.8,0.2,1,88.72,Infra - Cement,Small Cap
VISHNU,6.5,6.3,-1,-5,0,6.3,13.6,6.3,7.3,-4.8,-2.6,6.7,6,695.6,Chemicals - Misc,Small Cap
VIYASH,19.6,28.8,-5,-8,-2,-6.7,-0.2,-6.7,-0.2,-9.5,-18.7,-14.0,4,239.7,Healthcare - Pharma,Small Cap
VLEGOV,65.1,94.8,-9,-7,-4,5.5,-22.6,5.5,-22.6,-3.6,-11.1,-36.0,2,10.29,IT - Product/Platform,Small Cap
VLSFINANCE,29.5,47.4,-5,-9,-2,-7.0,-1.4,-7.0,-1.4,-3.0,-10.8,-7.8,4,239.12,Financials - AMC,Small Cap
VMARCIND,80.5,80.5,-3,-9,-3,-5.8,-54.2,-5.8,-54.2,-12.4,-16.3,-77.1,7,332.45,Industrial - Consumables,Small Cap
VMART,11.9,35.4,-3,-9,-1,-2.6,8.2,-2.6,8.2,-7.5,-7.4,-7.6,4,782.7,Consumption - Retail,Small Cap
VOLTAS,28.3,41.7,-9,-9,-4,-12.2,-4.5,-12.2,-4.5,-3.5,-15.5,-25.5,5,1133.9,Consumption - Appliances,Mid Cap
VPRPL,67.7,90.6,-1,-6,-4,-3.7,5.3,-3.7,5.3,-11.8,-10.9,-26.2,2,32.4,Infra - Construction,Small Cap
VRLLOG,7.7,28.3,-1,-9,-1,-0.9,7.7,-0.9,7.7,-4.4,-3.8,-5.5,3,286.45,Transport - Logistics,Small Cap
VSTIND,29.3,58.3,-9,-5,-2,-12.6,-17.4,-12.6,-17.4,-2.7,-25.2,-22.6,3,202.72,Consumption - Misc,Small Cap
VSTTILLERS,37.1,37.1,-9,-8,-4,-10.5,-15.5,-10.5,-15.5,-4.3,-14.0,-30.6,5,4011.1,Auto - Misc,Small Cap
VTL,17.7,17.7,-9,-9,-3,-9.6,0.1,-9.6,0.1,-4.8,-14.8,-11.2,4,566.45,Textile - Spinning/Yarn,Small Cap
VTMLTD,,21.8,-2,-8,-1,10.9,23.6,10.9,23.6,-16.6,-19.7,-15.1,0,48.4,,
WALCHANNAG,36.4,54.2,-9,-7,-2,-16.7,-5.0,-16.7,-5.0,-9.5,-23.0,-26.4,2,201.0,Engineering,Small Cap
WANBURY,37.3,37.3,-7,-6,-4,-25.7,-16.2,-25.7,-16.2,-10.2,-32.9,-27.1,3,224.95,Healthcare - Pharma,Small Cap
WEALTH,32.6,51.2,-9,-9,-4,-10.3,-9.9,-10.3,-9.9,-1.5,-16.1,-15.0,7,839.0,Others,Small Cap
WEBELSOLAR,47.5,61.2,-8,-5,-4,-26.0,-12.6,-26.0,-12.6,-6.3,-31.9,-34.6,4,72.37,Power - Green,Small Cap
WEIZMANIND,37.1,55.5,-9,-7,-2,-6.7,-12.0,-6.7,-12.0,-4.1,-14.0,-16.3,4,72.01,Textiles - Processing,Small Cap
WEL,61.9,65.1,-4,-9,-1,-45.2,-22.2,-45.2,-22.2,-11.2,-52.8,-50.1,5,69.84,Consumption - Appliances,Small Cap
WELCORP,11.5,11.5,-1,-5,0,6.7,41.9,6.7,17.1,-9.1,-8.0,3.0,8,2463.7,Metals - Pipe & Tube,Small Cap
WELENT,5.8,5.8,-1,-7,0,13.6,28.9,13.6,15.6,-2.4,-4.5,13.4,4,777.0,Infra - Construction,Small Cap
WELINV,5.8,5.8,-1,-3,0,4.4,17.9,4.4,8.3,-4.3,-3.9,0.7,5,2230.5,Financials - Misc,Small Cap
WENDT,5.6,51.5,-1,-2,1,4.8,9.8,4.8,5.9,-0.3,-0.7,4.3,5,8751.0,Engineering,Small Cap
WESTLIFE,21.0,46.4,-6,-2,-1,5.8,6.0,5.8,2.4,-2.6,-7.7,-3.8,5,549.3,Leisure - Restaurants,Small Cap
WEWIN,47.6,64.4,-5,-9,-4,-10.2,-11.7,-10.2,-11.7,-5.7,-16.6,-24.8,4,40.85,Tech - BPO,Small Cap
WEWORK,15.0,15.0,-5,-5,-1,-5.1,2.8,-5.1,2.8,-0.0,-11.0,-9.9,5,675.5,Human Resources,Small Cap
WHEELS,14.1,14.1,-1,-4,1,18.7,43.2,18.7,25.1,-9.3,-3.8,19.8,2,2145.0,Auto - OEM Suppliers,Small Cap
WHIRLPOOL,48.9,73.6,-1,-8,-4,-5.9,-10.2,-5.9,-10.2,-10.1,-10.2,-25.4,3,734.8,Consumption - Appliances,Mid Cap
WILLAMAGOR,31.5,82.6,-5,-8,-4,3.4,-3.2,3.4,-3.2,-1.0,-14.9,-9.4,1,25.35,Financials - Misc,Small Cap
WINDLAS,8.0,9.2,-1,-7,0,7.3,23.1,7.3,11.8,-6.1,-5.4,9.4,5,1087.6,Healthcare - Biotech,Small Cap
WINDMACHIN,11.5,33.0,-3,-9,-3,-1.5,9.2,-1.5,9.2,-4.0,-6.9,-9.4,2,295.55,Engineering,Small Cap
WIPL,13.0,37.8,-9,-8,-3,1.8,7.0,1.8,7.0,-0.7,-3.4,-4.0,3,168.0,Infra - Laminates,Small Cap
WIPRO,39.5,55.3,-5,-9,-4,-7.7,-12.3,-7.7,-12.3,-6.6,-11.8,-19.1,4,165.34,IT - Software/Consulting,Large Cap
WONDERLA,13.9,53.1,-2,-7,-1,1.6,3.8,1.6,3.8,-3.2,-4.0,-3.5,2,518.55,Leisure - Misc,Small Cap
WORTHPERI,13.8,23.1,-5,-4,-1,-1.8,6.7,-1.8,6.7,-5.8,-11.9,-6.4,1,146.4,Textile - Misc,Small Cap
WSI,41.1,71.2,-9,-3,-4,-5.6,-14.3,-5.6,-14.3,-9.0,-15.5,-22.3,4,55.96,Engineering,Small Cap
WSTCSTPAPR,2.0,11.7,0,0,0,10.2,28.2,5.4,16.8,0.4,0.8,17.6,3,719.25,Paper,Small Cap
XCHANGING,38.4,64.0,-5,-1,-4,-2.5,2.1,-2.5,2.1,-1.6,-6.2,-4.7,4,63.47,IT - Software/Consulting,Small Cap
XELPMOC,51.8,85.4,-9,-9,-4,-4.5,-11.6,-4.5,-11.6,-7.5,-13.0,-38.0,2,74.97,IT - Product/Platform,Small Cap
XPROINDIA,19.6,24.5,-7,-5,-2,-5.5,6.9,-5.5,6.9,-7.8,-15.6,-15.6,5,1266.6,Packaging,Small Cap
XTRANET,,3.0,0,4,0,30.3,101.7,17.0,51.4,1.7,8.9,51.7,0,295.58,,
YASHO,19.5,19.5,-3,-2,-1,1.3,43.6,1.3,43.6,-4.0,-9.0,-4.5,5,4021.2,Chemicals - Specialty,Small Cap
YATHARTH,1.0,1.0,0,1,0,5.7,16.6,3.5,8.6,1.6,1.9,1.2,8,1014.2,Healthcare - Hospitals,Small Cap
YATRA,48.7,48.7,-3,-3,-2,-5.4,-1.8,-5.4,-1.8,-10.2,-12.6,-9.0,2,103.59,IT - Product/Platform,Mid Cap
YESBANK,9.6,94.2,-9,-2,-2,2.5,13.3,2.5,13.3,-1.2,-5.4,-3.9,1,23.3,Financials - Private Bank,Mid Cap
YUKEN,1.9,27.9,0,-2,0,12.6,42.2,7.0,22.6,3.3,1.6,14.4,5,1131.95,Industrial - Pumps/Engines,Small Cap
ZAGGLE,55.8,69.7,-9,-2,-4,-12.6,-9.5,-12.6,-9.5,-4.2,-15.8,-25.6,2,179.22,IT - Software/Consulting,Small Cap
ZEEL,33.3,87.2,-7,-9,-2,-24.7,-9.1,-24.7,-9.1,-14.0,-31.1,-31.1,1,78.95,Media - TV Broadcast,Small Cap
ZENITHEXPO,21.4,54.5,-5,-1,-4,1.2,7.3,1.2,7.3,-2.3,-13.1,-4.2,5,206.0,Leather Products,Small Cap
ZENSARTECH,46.8,55.6,-8,-9,-5,-9.1,-4.1,-9.1,-4.1,-6.3,-16.0,-17.2,5,437.4,IT - Software/Consulting,Small Cap
ZENTEC,18.1,36.3,-3,-7,-3,-4.1,8.9,-4.1,8.9,-8.7,-13.4,-6.8,4,1673.1,Defense - Technology,Small Cap
ZFCVINDIA,18.7,18.7,-3,-9,-2,-2.7,2.0,-2.7,2.0,-3.0,-7.3,-3.6,4,2473.8,Auto - OEM Suppliers,Small Cap
ZIMLAB,3.4,8.6,0,2,2,9.2,21.9,5.4,13.8,1.5,0.2,12.5,4,139.54,Healthcare - Pharma,Small Cap
ZODIAC,45.8,72.4,-6,-7,-4,-4.6,-17.5,-4.6,-17.5,-6.8,-16.9,-31.8,4,225.03,Engineering,Small Cap
ZODIACLOTH,33.6,75.9,-9,-8,-3,-4.3,-4.1,-4.3,-4.1,-5.7,-12.7,-14.3,1,69.1,Textile - Apparels,Small Cap
ZOTA,35.5,35.5,-9,-7,-2,-15.4,-7.4,-15.4,-7.4,-0.0,-22.6,-21.6,6,1122.9,Healthcare - Pharma,Small Cap
ZUARI,38.9,69.4,-3,-6,-4,-5.7,-1.8,-5.7,-1.8,-7.2,-13.0,-10.2,1,211.31,Agrichem - Fertilizers,Small Cap
ZUARIIND,32.9,39.2,-4,-6,-1,-3.0,2.0,-3.0,2.0,-7.9,-7.8,-5.2,3,257.45,Agri - Sugar,Small Cap
ZYDUSLIFE,8.0,16.3,-3,-7,-1,-1.0,3.2,-1.0,3.2,-3.9,-6.9,-4.5,5,1109.0,Healthcare - Pharma,Mid Cap
ZYDUSWELL,10.1,10.1,-8,-3,-2,-2.2,8.0,-2.2,8.0,-2.1,-8.3,-4.8,5,549.9,Consumption - FMCG,Small Cap
