Symbol,DD_52W,DD_ATH,W_BO,D_BO,M_BO,W_SL,M_SL,W_PSL,M_PSL,D_CHG,W_CHG,M_CHG,Trend,CurPrice,Sector,MarketCap
20MICRONS,10.3,38.8,-3,-4,-1,3.5,9.7,3.5,2.7,-4.5,-5.4,-2.4,5,212.85,Metals - Misc,Small Cap
21STCENMGM,26.3,72.0,-7,-1,-1,-4.0,13.9,-4.0,13.9,-0.5,-10.0,-1.7,2,39.64,Financials - Misc,Small Cap
360ONE,16.1,21.3,-5,-4,-1,-11.5,-4.9,-11.5,-4.9,-7.2,-13.7,-11.7,5,1037.0,Financials - Misc,Mid Cap
3BBLACKBIO,,0.5,2,0,0,16.6,26.4,10.0,15.9,5.3,9.2,12.1,0,1622.5,,
3MINDIA,16.6,22.4,-7,-5,-1,-9.4,-4.3,-9.4,-4.3,-8.3,-12.6,-11.3,5,31700.0,Others,Mid Cap
3PLAND,29.3,61.2,-9,-12,-4,1.7,6.1,1.7,6.1,-1.1,-7.6,-10.8,5,31.87,Financials - Misc,Small Cap
5PAISA,26.4,59.5,-6,-13,-1,-17.4,-11.8,-17.4,-11.8,-9.1,-20.4,-13.9,3,306.95,Financials - Broking,Small Cap
63MOONS,15.3,28.2,-8,-10,-1,6.1,11.8,6.1,11.8,-9.8,-13.8,-13.8,4,811.1,IT - Software/Consulting,Small Cap
AAATECH,26.7,38.1,-1,-1,-4,6.6,18.9,6.6,4.6,-0.6,-1.8,-1.2,7,99.64,Others,Small Cap
AADHARHFC,23.6,23.6,-8,-13,-3,-11.7,-9.7,-11.7,-9.7,-9.8,-16.8,-17.0,3,430.25,Financials - Housing,Small Cap
AAREYDRUGS,4.4,4.4,-1,-6,2,3.6,19.3,3.6,11.5,-3.0,-3.5,8.0,7,99.4,Healthcare - Pharma,Small Cap
AARON,46.9,53.1,-9,-11,-5,-0.1,-5.1,-0.1,-5.1,-11.5,-20.4,-17.7,7,121.0,Engineering,Small Cap
AARTECH,22.1,52.1,-2,-13,-3,3.8,15.6,3.8,2.7,-2.9,-3.4,-3.8,2,50.45,Power - Equipment,Small Cap
AARTIDRUGS,19.3,58.1,-3,-2,0,1.9,6.1,1.9,3.6,-2.0,-0.6,1.6,2,430.75,Healthcare - Pharma,Small Cap
AARTISURF,27.8,73.7,-6,-13,-1,-5.9,26.3,-5.9,26.3,-9.6,-25.9,-6.1,1,489.0,Chemicals - Specialty,Small Cap
AARVI,18.7,32.5,-9,-12,-2,-8.7,0.1,-8.7,0.1,-4.1,-12.6,-12.6,1,136.99,Human Resources,Small Cap
AAVAS,29.3,62.5,-9,-5,-3,-7.0,-6.0,-7.0,-6.0,-5.2,-15.2,-17.6,2,1252.4,Financials - Housing,Small Cap
ABAN,69.8,95.0,-7,-12,-5,-4.5,-9.9,-4.5,-9.9,-2.8,-28.2,-44.4,0,14.35,Oil and Gas,Small Cap
ABB,13.4,25.0,-6,-13,-1,-7.2,-2.6,-7.2,-2.6,-7.3,-10.3,-10.1,5,6865.0,Power - Equipment,Large Cap
ABCAPITAL,11.9,11.9,-6,-7,-1,-4.9,-0.7,-4.9,-0.7,-6.0,-8.1,-7.4,2,379.55,Financials - Misc,Mid Cap
ABFRL,48.0,87.3,-8,-13,-4,-21.1,-23.5,-21.1,-23.5,-11.8,-26.9,-28.8,5,46.28,Consumption - Retail,Mid Cap
ABINFRA,46.5,46.5,-6,-2,-5,6.5,18.8,6.5,6.3,0.6,-0.2,-26.3,4,12.6,Engineering,Small Cap
ABLBL,48.6,53.9,-8,-13,-4,-16.9,-21.1,-16.9,-21.1,-8.7,-18.8,-25.5,0,77.5,Speciality Retail,Small Cap
ABMINTLLTD,37.9,82.1,-6,-9,-1,-13.3,9.3,-13.3,9.3,-26.0,-27.6,-19.7,1,45.2,Others,Small Cap
ABREL,39.3,63.0,-8,-13,-4,-15.7,-13.9,-15.7,-13.9,-15.3,-19.6,-22.9,2,1162.7,Paper,Small Cap
ABSLAMC,20.9,22.3,-3,-11,-2,-6.0,-2.9,-6.0,-2.9,-13.1,-16.9,-18.4,3,951.7,Financials - AMC,Small Cap
ACC,39.5,57.7,-8,-6,-5,-11.5,-6.1,-11.5,-6.1,-4.9,-12.6,-23.4,3,1201.8,Infra - Cement,Mid Cap
ACCELYA,28.2,48.4,-9,-7,-1,-3.2,-2.1,-3.2,-2.1,-2.6,-6.7,-5.4,2,1096.8,IT - Software/Consulting,Small Cap
ACEINTEG,39.6,80.0,-9,-5,-2,-12.4,-14.2,-12.4,-14.2,-8.7,-18.0,-29.8,1,16.49,Human Resources,Small Cap
ACI,30.3,41.4,-9,-2,-4,4.0,-13.6,2.3,-13.6,-1.5,-11.9,-19.6,4,490.8,Chemicals - Bulk,Small Cap
ACL,54.4,94.8,-8,-8,-4,-15.9,-25.8,-15.9,-25.8,-9.3,-21.6,-30.7,2,39.04,Infra - Cement,Small Cap
ACMESOLAR,8.1,8.1,-1,-4,0,6.4,19.5,6.4,10.6,-4.6,-1.1,9.0,7,438.2,Power - Green,Small Cap
ADANIENSOL,26.3,68.9,-9,-12,-1,-18.9,-3.5,-18.9,-3.5,-7.0,-23.6,-20.3,5,1318.5,Power - Misc,Large Cap
ADANIENT,11.0,31.1,-5,-12,-2,-2.5,7.0,-2.5,7.0,-6.4,-8.8,-5.0,5,2888.7,Metals - Misc,Large Cap
ADANIGREEN,23.1,58.8,-9,-7,-3,-1.2,7.5,-1.2,7.5,-4.7,-17.6,-16.7,4,1255.1,Power - Green,Large Cap
ADANIPORTS,6.4,6.4,-2,-7,-2,1.1,9.9,1.1,9.9,-1.8,-3.6,-3.3,7,1769.5,Infra - Construction,Large Cap
ADANIPOWER,22.0,22.0,-9,-13,-4,-2.8,19.9,-2.8,19.9,-7.3,-8.1,-18.5,8,198.35,Power - Misc,Large Cap
ADFFOODS,23.0,24.6,-9,-13,-2,0.9,12.0,0.9,12.0,-3.0,-13.3,-15.2,5,267.05,Consumption - Misc,Small Cap
ADL,36.3,52.3,-4,-2,-4,-1.1,5.0,-1.1,5.0,-6.6,-10.1,-10.7,6,70.0,Infra - Laminates,Small Cap
ADOR,8.5,8.7,-3,-13,-1,2.6,12.5,2.6,12.5,-2.0,-3.5,-5.3,5,1615.5,Engineering,Small Cap
ADSL,45.8,65.3,-8,-1,-2,7.2,-6.4,7.2,-6.4,-7.7,-7.6,-13.2,2,110.9,IT - Services,Small Cap
ADVAIT,,23.6,-8,-13,-1,-10.9,0.4,-10.9,0.4,-10.9,-18.9,-18.9,0,1898.0,Cables - Electricals,Small Cap
ADVANIHOTR,27.5,48.2,-7,-13,-2,-6.9,-7.1,-6.9,-7.1,-3.9,-8.8,-12.8,4,47.5,Leisure - Hotels,Small Cap
ADVENZYMES,32.7,50.6,-8,-11,-4,-11.5,-4.8,-11.5,-4.8,-7.0,-15.6,-22.6,0,281.9,Healthcare - Biotech,Small Cap
AEGISLOG,15.3,15.3,-5,-6,0,-3.7,18.7,-3.7,2.6,-11.0,-9.0,0.7,5,1295.5,Utility - Gas,Small Cap
AEGISVOPAK,8.5,8.5,-1,-5,0,3.9,12.7,3.9,7.4,-7.1,-7.3,0.3,5,293.75,Oil Storage & Transportation,Small Cap
AEQUS,,1.4,4,0,0,14.2,26.8,8.6,12.1,4.0,4.1,10.7,5,270.52,Engineering,Small Cap
AEROENTER,21.5,21.5,-4,-13,-2,-8.2,40.6,-8.2,40.6,-19.1,-15.1,-12.2,4,125.25,Metals - Iron & Steel,Small Cap
AEROFLEX,7.5,7.5,-2,-13,0,4.8,20.1,4.8,10.6,-4.5,-4.4,2.9,5,540.55,Metals - Iron & Steel,Small Cap
AERONEU,30.9,45.8,-7,-2,-3,0.9,-12.0,0.9,-12.0,-15.6,-19.4,-29.9,0,72.85,Packaging,Small Cap
AETHER,3.1,3.1,-1,-1,0,4.0,17.9,4.0,9.7,-0.4,-1.4,3.0,4,1742.0,Chemicals - Specialty,Small Cap
AFCONS,48.9,57.0,-4,-10,-4,-12.2,-15.4,-12.2,-15.4,-14.4,-17.7,-27.8,0,245.2,Engineering,Small Cap
AFFLE,24.7,31.3,-5,-5,-1,-6.8,0.8,-6.8,0.8,-7.2,-13.1,-6.7,6,1501.1,IT - Product/Platform,Small Cap
AFSL,11.4,67.8,-4,-3,-1,0.0,0.0,0.0,0.0,-1.9,-5.2,-5.2,2,201.05,Others,Small Cap
AGARIND,58.7,71.5,-7,-13,-3,-22.0,-14.3,-22.0,-14.3,-11.3,-24.4,-28.4,3,393.2,Chemicals - Petro,Small Cap
AGI,11.2,39.2,-1,-4,0,3.7,13.4,3.7,6.7,-5.3,-1.0,2.5,5,795.6,Packaging,Small Cap
AGIIL,39.0,39.0,-8,-12,-4,-11.9,-14.8,-11.9,-14.8,-6.5,-21.4,-33.2,7,265.1,Infra - Construction,Small Cap
AGRITECH,49.8,69.6,-8,-8,-2,-12.3,-13.2,-12.3,-13.2,-7.6,-18.3,-19.8,3,93.9,Agri - Misc,Small Cap
AGROPHOS,47.8,84.6,-8,-7,-4,-14.4,-17.8,-14.4,-17.8,-1.2,-20.8,-27.6,2,23.96,Agrichem - Fertilizers,Small Cap
AHLADA,44.1,85.0,-1,-8,-4,-1.7,13.5,-1.7,13.5,-4.8,-5.1,-19.2,0,37.17,Infra - Home Furnish,Small Cap
AHLEAST,21.9,38.8,-9,-2,-4,2.2,-10.9,2.2,-10.9,-0.8,-9.9,-15.1,3,136.99,Leisure - Hotels,Small Cap
AHLUCONT,48.7,64.2,-7,-13,-5,-31.7,-32.0,-31.7,-32.0,-8.4,-35.2,-37.9,4,552.9,Infra - Construction,Small Cap
AIAENG,26.0,26.0,-7,-13,-3,-14.1,-3.8,-14.1,-3.8,-9.8,-20.2,-24.6,5,3830.7,Metals - Casting/Forging,Small Cap
AIIL,20.4,20.4,-8,-3,-1,-0.7,4.8,-0.7,4.8,-2.6,-8.9,-3.1,3,543.5,,
AIRAN,38.7,66.6,-2,-12,-4,0.1,6.1,0.1,6.1,-7.0,-5.3,-5.0,2,16.3,IT - Services,Small Cap
AIROLAM,22.6,53.8,-6,-1,-3,3.9,5.0,3.9,5.0,-1.2,-4.1,-3.7,3,90.98,Infra - Laminates,Small Cap
AJANTPHARM,6.4,6.4,-6,-13,-1,1.1,8.5,1.1,8.5,-0.3,-3.7,-1.3,4,3553.7,Healthcare - Pharma,Small Cap
AJAXENGG,12.7,21.7,-1,-1,3,2.2,6.8,2.2,3.1,-1.7,-2.6,0.3,0,591.85,Engineering,Small Cap
AJMERA,45.8,51.0,-8,-2,-3,4.7,-4.4,4.7,-4.4,-0.5,-5.5,-8.1,3,120.01,Real Estate,Small Cap
AKASH,29.0,91.2,-9,-10,-4,0.0,-3.4,0.0,-3.4,-2.8,-11.0,-10.4,3,24.65,Infra - Construction,Small Cap
AKSHARCHEM,19.8,59.9,-4,-13,-1,6.2,41.2,6.2,41.2,-17.5,-14.9,3.3,0,378.5,Chemicals - Dyes,Small Cap
AKUMS,2.3,30.3,0,-5,0,4.2,23.1,4.2,12.4,-0.4,0.0,5.6,3,819.9,Healthcare - Pharma,Small Cap
ALBERTDAVD,6.4,50.3,-4,-1,-1,3.5,16.1,3.5,16.1,-0.2,-3.6,-2.9,5,872.1,Healthcare - Pharma,Small Cap
ALEMBICLTD,8.0,35.9,-3,-13,0,8.6,17.3,8.6,9.5,-1.2,-3.6,9.6,4,108.26,Healthcare - Pharma,Small Cap
ALGOQUANT,,13.8,-1,-2,-1,-2.0,5.8,-2.0,1.4,-10.1,-9.7,-4.8,0,65.7,Other Financial Services,Small Cap
ALICON,29.1,53.0,-8,-12,4,2.3,11.9,2.3,5.0,-2.8,-2.4,0.7,4,725.0,Auto - OEM Suppliers,Small Cap
ALIVUS,9.2,9.2,-1,-6,-1,0.3,11.7,0.3,11.7,-4.4,-5.7,-3.5,5,1356.3,Healthcare - Pharma,Small Cap
ALKALI,11.5,45.4,0,-4,3,24.6,35.9,24.6,22.5,-6.7,0.1,9.4,4,95.0,Chemicals - Specialty,Small Cap
ALKEM,11.4,18.4,-8,-7,-1,-5.9,-4.1,-5.9,-4.1,-2.7,-8.9,-8.9,5,5258.0,Healthcare - Pharma,Mid Cap
ALKYLAMINE,15.7,62.5,-5,-13,-1,-7.6,3.6,-7.6,3.6,-10.2,-13.8,-11.0,5,1783.0,Chemicals - Specialty,Small Cap
ALLCARGO,71.1,91.5,-5,-13,-1,4.3,12.2,4.3,12.2,-18.3,-15.4,-11.5,3,10.57,Transport - Logistics,Small Cap
ALLDIGI,22.1,37.8,-9,-13,-4,3.9,-1.4,3.9,-1.4,-3.5,-8.4,-7.0,4,779.0,Tech - BPO,Small Cap
ALLTIME,38.0,41.8,-9,-10,-4,-4.3,-10.8,-4.3,-10.8,-10.4,-20.7,-20.2,0,194.96,Houseware,Small Cap
ALOKINDS,61.7,87.9,-9,-4,-4,-40.1,-38.5,-40.1,-38.5,-6.9,-42.9,-49.5,3,7.07,Textiles - Polyester,Small Cap
ALPA,37.3,59.3,-7,-13,-4,-11.0,-9.4,-11.0,-9.4,-7.3,-14.7,-17.6,4,58.87,Healthcare - Pharma,Small Cap
ALPEXSOLAR,33.9,39.8,-2,-9,-5,0.2,-1.2,0.2,-1.2,-5.7,-8.1,-20.1,3,872.0,IT - Equipments,Small Cap
ALPHAGEO,27.9,76.9,-5,-13,-1,8.3,9.4,8.3,9.4,-18.2,-21.3,-9.1,1,265.25,Oil and Gas,Small Cap
AMAGI,,22.3,-8,-13,-1,-6.9,5.8,-6.9,5.8,-2.7,-14.3,-14.3,0,564.85,IT Enabled Services,Small Cap
AMBER,25.8,25.8,-4,-13,-4,-8.5,-4.0,-8.5,-4.0,-9.5,-14.2,-17.0,4,6659.5,Consumption - Appliances,Small Cap
AMBICAAGAR,18.0,45.2,-4,-13,-2,-1.6,1.0,-1.6,1.0,-6.9,-10.5,-4.7,5,24.35,Consumption - Misc,Small Cap
AMBIKCO,21.0,46.1,-8,-13,-3,-10.9,5.2,-10.9,5.2,-7.1,-19.9,-13.3,2,1525.1,Textile - Spinning/Yarn,Small Cap
AMBUJACEM,37.3,47.8,-7,-13,-4,-14.5,-9.3,-14.5,-9.3,-7.3,-15.5,-24.7,5,368.95,Infra - Cement,Large Cap
AMDIND,27.3,49.0,-2,-10,-1,-7.3,10.4,-7.3,10.4,-21.7,-18.5,-3.9,3,54.05,Packaging,Small Cap
AMJLAND,32.8,49.6,-6,-4,-4,2.6,6.3,2.6,6.3,-1.3,-2.6,-9.4,4,38.58,Real Estate,Small Cap
AMNPLST,32.0,52.8,-8,-5,-1,-11.5,-5.9,-11.5,-5.9,-1.6,-15.8,-15.8,2,170.0,Chemicals - Specialty,Small Cap
AMRUTANJAN,33.5,50.7,-5,-2,-5,-0.2,-4.7,-0.2,-4.7,-1.3,-6.3,-12.8,4,505.55,Healthcare - Pharma,Small Cap
ANANTRAJ,19.3,36.7,-7,-4,-1,-2.2,11.0,-2.2,11.0,-5.1,-4.7,-4.1,5,600.25,Real Estate,Small Cap
ANDHRAPAP,16.8,46.4,-1,-6,4,4.1,20.5,4.1,10.6,-2.2,-3.6,8.7,3,72.33,Paper,Small Cap
ANDHRSUGAR,12.2,47.0,-6,-13,-1,1.2,7.0,1.2,7.0,-5.1,-7.9,-5.5,2,94.15,Chemicals - Bulk,Small Cap
ANDREWYU,,36.1,-8,-3,-3,-23.6,-23.7,-23.6,-23.7,-5.5,-32.3,-26.5,5,25.99,Agri - Tea/Coffee,Small Cap
ANGELONE,22.7,29.2,-9,-10,-4,-5.4,-4.6,-5.4,-4.6,-8.9,-15.9,-18.2,4,275.75,Financials - Broking,Small Cap
ANIKINDS,47.2,66.9,-4,-11,-1,1.6,3.4,1.6,3.4,-2.4,-4.6,-4.7,3,44.0,Metals - Misc,Small Cap
ANTELOPUS,9.6,9.6,-1,-2,1,5.0,49.6,5.0,29.4,-2.7,-7.5,42.1,5,1167.25,Oil and Gas,Small Cap
ANTHEM,11.1,11.1,-2,-13,-1,-3.6,6.6,-3.6,6.6,-9.0,-8.1,-2.7,5,868.6,Healthcare - Pharma,Mid Cap
ANUP,36.9,58.8,-8,-13,-3,-22.9,-16.4,-22.9,-16.4,-8.9,-26.8,-31.7,5,1591.6,Engineering,Small Cap
ANURAS,16.5,16.5,-4,-13,-4,-3.4,-6.6,-3.4,-6.6,-4.5,-6.5,-12.5,3,1181.2,Chemicals - Specialty,Small Cap
ANZEN,,,,,,,,,,,,,,,,
APCL,35.7,80.9,-9,-6,-4,-6.2,-11.9,-6.2,-11.9,-4.8,-10.3,-22.2,1,95.7,Infra - Cement,Small Cap
APCOTEXIND,16.2,16.2,-3,-12,-1,-3.2,15.0,-3.2,15.0,-3.6,-6.8,-7.7,5,596.7,Industrial - Consumables,Small Cap
APEX,33.6,63.6,-7,-13,-4,-12.8,-12.1,-12.8,-12.1,-10.6,-19.9,-27.5,0,341.45,Consumption - Misc,Small Cap
APLLTD,13.4,33.7,-1,-1,1,3.3,9.1,3.3,4.9,0.6,0.1,2.6,3,864.75,Healthcare - Pharma,Small Cap
APOLLOHOSP,3.9,3.9,-8,-3,-1,-0.5,2.5,-0.5,2.5,-2.9,-3.5,-3.5,7,8716.5,Healthcare - Hospitals,Large Cap
APOLLOPIPE,22.8,35.3,-4,-13,-1,-3.5,7.3,-3.5,7.3,-13.3,-18.2,-17.6,4,516.5,Infra - Plastic Pipes,Small Cap
APOLLOTYRE,24.8,30.5,-5,-12,-1,-7.4,-4.7,-7.4,-4.7,-3.4,-12.6,-7.4,4,406.3,Auto - Tyres,Mid Cap
APOLSINHOT,19.0,56.0,-7,-12,-3,-2.8,0.7,-2.8,0.7,-4.8,-12.0,-8.2,5,1166.1,Leisure - Hotels,Small Cap
APTECHT,28.8,79.0,-7,-6,-3,-2.0,-7.2,-2.0,-7.2,-7.2,-8.6,-16.1,2,88.66,IT - Education,Small Cap
APTUS,29.7,41.9,-9,-13,-2,-8.8,-8.8,-8.8,-8.8,-9.0,-24.2,-17.1,0,233.37,Financials - Housing,Small Cap
AQYLON,99.0,99.9,-7,-12,-4,-27.1,-56.4,-27.1,-56.4,-26.8,-40.3,-85.0,0,17.13,Media - Films,Small Cap
ARCHIDPLY,18.3,33.4,-1,-3,-1,-0.3,13.0,-0.3,5.1,-6.8,-4.1,-3.8,3,101.95,Infra - Laminates,Small Cap
ARCHIES,42.1,77.4,-9,-13,-4,-9.6,-11.4,-9.6,-11.4,-4.6,-14.1,-21.3,1,12.45,Leisure - Misc,Small Cap
ARE&M,24.9,56.8,-6,-13,-1,-13.9,-10.5,-13.9,-10.5,-8.6,-18.8,-16.2,2,768.0,Batteries,Small Cap
ARENTERP,47.0,63.5,-9,-7,-2,-16.7,-2.5,-16.7,-2.5,-7.7,-31.5,-22.3,1,32.2,Others,Small Cap
ARFIN,16.8,16.8,-9,-13,-4,0.7,11.9,0.7,11.9,-6.1,-3.9,-6.7,5,88.36,,
ARIES,9.7,9.7,-3,-13,-1,6.4,25.4,6.4,25.4,-1.9,-5.6,-0.2,4,473.65,Agrichem - Fertilizers,Small Cap
ARIHANTCAP,24.2,27.1,-1,-3,1,8.4,22.1,8.4,13.5,-3.9,-2.5,16.2,5,91.0,Financials - Broking,Small Cap
ARIHANTSUP,50.2,58.2,-8,-1,-4,-9.6,-1.5,-9.6,-1.5,-5.2,-14.1,-16.3,3,231.5,Real Estate,Small Cap
ARKADE,32.2,42.9,-8,-4,-1,-10.7,1.9,-10.7,1.9,-5.2,-14.4,-14.4,0,121.98,Infra - Construction,Small Cap
ARMANFIN,20.2,35.8,-4,-13,-1,-12.2,-1.0,-12.2,-1.0,-15.9,-16.8,-13.1,6,1721.7,Financials - NBFC,Small Cap
AROGRANITE,43.0,76.7,-8,-13,-4,-8.4,-8.8,-8.4,-8.8,-6.3,-10.5,-14.8,1,22.81,Infra - Granites/Marbles,Small Cap
ARROWGREEN,8.1,20.4,-1,-4,0,6.4,30.7,6.4,18.5,-4.8,-3.4,19.6,2,875.2,Packaging,Small Cap
ARSSBL,36.9,36.9,-8,-4,-4,-1.2,-1.2,-1.2,-1.2,-2.1,-5.9,-16.2,0,501.75,Financials - Broking,Small Cap
ARTNIRMAN,42.8,80.4,-7,-2,-4,-4.4,0.5,-4.4,0.5,-6.0,-14.7,-14.8,1,38.3,Real Estate,Small Cap
ARVEE,19.8,25.9,0,-4,2,22.9,44.0,11.9,26.1,-2.9,9.4,30.3,8,233.28,Chemicals - Bulk,Small Cap
ARVIND,10.0,10.0,-2,-13,-3,0.0,37.3,0.0,37.3,-6.2,-5.6,-7.0,4,546.2,Textile - Apparels,Small Cap
ARVINDFASN,27.9,49.4,-9,-12,-3,-7.1,-7.7,-7.1,-7.7,-8.8,-12.9,-12.9,4,410.0,Textile - Apparels,Small Cap
ARVSMART,13.7,40.4,-5,-4,-1,-5.5,3.4,-5.5,3.4,-4.5,-9.8,-8.2,5,610.75,Real Estate,Small Cap
ASAHIINDIA,10.6,10.6,-2,-10,0,1.3,6.9,1.3,6.9,-2.0,-3.6,0.8,5,959.65,Auto - OEM Suppliers,Small Cap
ASAHISONG,7.5,35.0,-8,-1,-1,2.6,34.0,2.6,7.5,-3.4,-7.5,-7.5,3,383.0,Chemicals - Dyes,Small Cap
ASAL,29.8,60.8,-9,-13,-2,-12.8,-11.1,-12.8,-11.1,-8.4,-17.8,-17.4,2,429.5,Auto - Replacement,Small Cap
ASALCBR,50.4,57.6,-9,-13,-5,-16.0,-24.0,-16.0,-24.0,-9.6,-22.8,-28.7,3,633.95,Beverages - Alcohol,Small Cap
ASHAPURMIN,44.1,44.1,-8,-12,-4,-25.1,-10.0,-25.1,-10.0,-6.7,-30.0,-30.1,4,517.15,Metals - Misc,Small Cap
ASHIANA,10.3,16.6,-8,-5,-2,6.4,7.9,6.4,7.9,-1.1,-1.5,-1.7,4,391.05,Real Estate,Small Cap
ASHIMASYN,31.4,68.8,-5,-13,-1,-8.8,0.4,-8.8,0.4,-8.0,-14.4,-13.0,2,16.11,Textile - Spinning/Yarn,Small Cap
ASHOKA,49.5,66.0,-9,-10,-4,-5.7,-16.3,-5.7,-16.3,-5.5,-12.6,-20.1,2,108.4,Infra - Construction,Small Cap
ASHOKLEY,28.6,28.6,-7,-13,-1,-10.3,-4.4,-10.3,-4.4,-9.1,-13.3,-23.1,5,153.88,Auto - CV,Mid Cap
ASIANENE,15.7,15.7,-2,-13,0,0.9,20.2,0.9,20.2,-12.6,-12.0,1.2,5,477.0,Oil and Gas,Small Cap
ASIANHOTNR,14.6,14.6,-1,-13,-1,10.7,12.2,10.7,4.3,-11.3,-8.2,-1.2,5,362.0,Leisure - Hotels,Small Cap
ASIANPAINT,19.0,32.7,-8,-12,-1,-10.3,-5.5,-10.3,-5.5,-2.8,-12.7,-12.7,5,2417.8,Consumption - Paints,Large Cap
ASIANTILES,36.6,87.2,-8,-5,-4,0.4,-11.1,0.4,-11.1,-2.3,-9.1,-26.3,1,50.09,Infra - Ceramics,Small Cap
ASKAUTOLTD,9.5,9.5,-1,-6,-1,-1.2,16.1,-1.2,16.1,-6.2,-6.5,-5.7,8,622.55,Auto - OEM Suppliers,Small Cap
ASPINWALL,19.1,58.2,-2,-10,-1,-2.5,1.4,-2.5,1.4,-6.3,-8.9,-8.0,1,242.5,Transport - Logistics,Small Cap
ASTEC,26.1,69.6,-1,-5,-4,5.1,10.5,5.1,10.5,-9.2,-5.8,-9.7,3,696.3,Agrichem - Protection,Small Cap
ASTERDM,17.5,17.5,-8,-13,-1,-10.2,-1.1,-10.2,-1.1,-7.0,-15.4,-10.8,9,735.55,Healthcare - Hospitals,Small Cap
ASTRAL,22.3,44.0,-7,-13,-5,-6.7,-5.6,-6.7,-5.6,-8.2,-11.7,-15.2,5,1374.9,Infra - Plastic Pipes,Mid Cap
ASTRAMICRO,15.4,15.4,-8,-13,-1,-7.0,16.0,-7.0,16.0,-5.2,-11.7,-11.7,7,1658.9,Defense - Technology,Small Cap
ASTRAZEN,36.5,41.5,-7,-12,-4,-21.9,-22.0,-21.9,-22.0,-9.0,-24.3,-27.6,6,6251.5,Healthcare - Pharma,Small Cap
ATALREAL,67.4,67.4,-6,-12,-1,-63.6,-59.2,-63.6,-59.2,-55.1,-67.2,-64.1,4,11.95,Real Estate,Small Cap
ATAM,49.1,79.1,-9,-8,-4,-0.1,-11.7,-0.1,-11.7,-7.9,-16.1,-20.7,0,56.47,Engineering,Small Cap
ATGL,31.4,85.3,-2,-7,-4,-2.5,-7.9,-2.5,-7.9,-8.7,-17.0,-23.7,4,589.8,Utility - Gas,Mid Cap
ATHERENERG,18.2,18.2,-2,-10,-1,-4.3,10.7,-4.3,10.7,-13.6,-14.1,-17.0,5,1426.0,2/3 Wheelers,Small Cap
ATL,39.5,70.4,-4,-3,-1,0.4,5.3,0.4,5.3,-4.7,-11.0,-5.6,0,24.43,Transport - Logistics,Small Cap
ATLANTAA,49.2,71.7,-7,-13,-4,-0.3,-1.9,-0.3,-1.9,-2.3,-8.5,-10.0,1,37.26,Infra - Construction,Small Cap
ATLANTAELE,17.8,24.7,-3,-13,-4,-7.9,6.6,-7.9,6.6,-15.7,-14.6,-17.8,5,1620.5,Heavy Electrical Equipment,Small Cap
ATUL,16.5,45.4,-7,-12,-4,-7.9,-7.0,-7.9,-7.0,-5.3,-11.6,-13.0,5,5992.5,Chemicals - Specialty,Small Cap
ATULAUTO,26.4,48.0,-8,-13,-1,-10.6,-8.0,-10.6,-8.0,-4.6,-23.9,-15.8,3,439.0,Auto - CV,Small Cap
AUBANK,13.4,13.4,-5,-13,-1,-7.7,-2.6,-7.7,-2.6,-7.2,-10.7,-8.8,6,990.7,Financials - Private Bank,Mid Cap
AURIONPRO,48.9,68.2,-9,-9,-3,-6.9,-24.9,-6.9,-24.9,-9.5,-25.5,-29.8,5,634.0,IT - Software/Consulting,Small Cap
AURUM,16.6,70.0,-5,-13,-1,-2.0,10.7,-2.0,10.7,-2.5,-8.1,-4.6,2,220.65,IT - Product/Platform,Small Cap
AUSOMENT,19.6,23.2,-3,-8,-4,-2.0,6.0,-2.0,6.0,-9.2,-12.1,-4.6,5,143.05,Others,Small Cap
AUTOAXLES,19.6,36.9,-7,-1,-4,-5.8,-0.8,-5.8,-0.8,-0.8,-7.0,-14.8,4,1700.6,Auto - Replacement,Small Cap
AUTOIND,21.1,50.4,-7,-4,-1,-8.0,-1.0,-8.0,-1.0,-5.1,-20.7,-7.2,2,82.05,Auto - OEM Suppliers,Small Cap
AVADHSUGAR,9.9,10.0,-5,-13,-1,19.0,36.5,19.0,14.6,-4.7,-6.2,-6.8,4,796.9,Agri - Sugar,Small Cap
AVANTEL,30.4,30.4,-9,-13,-2,-5.3,-2.7,-5.3,-2.7,-6.8,-12.9,-16.9,3,149.73,Defense - Misc,Small Cap
AVANTIFEED,53.2,53.2,-9,-13,-4,-16.5,-30.0,-16.5,-30.0,-9.4,-27.2,-46.3,1,746.15,Agri - Animal Feed,Small Cap
AVG,38.0,75.5,-7,-11,-1,-15.6,-6.3,-15.6,-6.3,-8.8,-20.0,-19.7,2,164.0,Transport - Logistics,Small Cap
AVL,13.8,16.9,-9,-7,-2,-4.5,13.4,-4.5,13.4,-8.0,-8.2,-12.8,3,585.7,Consumption - Retail,Small Cap
AVROIND,56.0,69.7,-5,-12,-4,-15.8,-37.0,-15.8,-37.0,-18.1,-25.2,-49.0,4,6.99,Consumption - Misc,Small Cap
AVTNPL,10.5,32.7,-1,-4,-1,8.2,20.1,8.2,20.1,-7.4,-1.3,-0.8,3,91.34,Agri - Misc,Small Cap
AWFIS,61.2,73.8,-2,-10,-5,-5.8,-19.7,-5.8,-19.7,-13.5,-16.8,-29.5,0,247.9,Human Resources,Small Cap
AWHCL,39.5,59.4,-9,-4,-4,1.5,-19.0,1.5,-19.0,-4.3,-17.8,-29.9,3,366.0,Engineering,Small Cap
AWL,36.9,79.7,-7,-3,-4,-5.7,-6.6,-5.7,-6.6,-4.7,-9.8,-9.8,0,178.57,Agri - Edible Oil,Large Cap
AXISBANK,15.0,15.0,-4,-7,-3,-3.2,-5.2,-3.2,-5.2,-3.8,-5.5,-13.5,5,1204.9,Financials - Private Bank,Large Cap
AXISCADES,6.5,6.5,0,3,3,14.1,30.7,9.3,30.7,7.0,9.3,2.0,5,2067.4,IT - Services,Small Cap
AYE,,18.9,-1,-5,-1,-9.1,-1.6,-9.1,-1.6,-14.8,-14.1,-10.8,0,160.1,Non Banking Financial Company (NBFC),Small Cap
AYMSYNTEX,13.1,13.1,-3,-13,0,6.2,14.4,6.2,14.4,-10.3,-8.9,2.2,3,286.65,Textile - Spinning/Yarn,Small Cap
AZAD,2.8,2.8,1,9,0,10.2,23.9,6.0,23.9,2.3,1.7,1.9,5,2915.0,Engineering,Small Cap
BAFNAPH,2.4,2.4,0,-9,0,6.3,29.7,3.4,13.5,0.4,1.1,2.2,2,311.0,Healthcare - Pharma,Small Cap
BAJAJ-AUTO,13.1,15.1,-4,-13,-1,-7.3,5.9,-7.3,5.9,-8.3,-9.0,-10.6,6,10841.0,Auto - 2W,Large Cap
BAJAJCON,28.7,28.7,-9,-12,-3,-0.1,11.5,-0.1,11.5,-5.9,-10.8,-17.7,2,493.15,Consumption - Personal,Small Cap
BAJAJELEC,44.7,79.2,-7,-13,-4,-10.4,-4.1,-10.4,-4.1,-8.6,-17.1,-21.6,4,310.4,Consumption - Appliances,Small Cap
BAJAJFINSV,20.2,20.2,-8,-12,-1,-8.4,-4.7,-8.4,-4.7,-9.8,-14.6,-14.6,5,1750.6,Financials - Misc,Large Cap
BAJAJHCARE,33.9,55.1,-1,-3,-3,2.0,6.8,2.0,6.8,-5.6,-11.7,-4.8,3,334.55,Healthcare - Pharma,Small Cap
BAJAJHFL,28.3,56.8,-8,-7,-2,-5.0,-2.6,-5.0,-2.6,-3.9,-6.3,-7.3,0,81.35,Financials - Housing,Mid Cap
BAJAJHIND,23.0,56.6,-5,-13,-1,5.7,5.4,5.7,5.4,-12.0,-16.3,-10.9,4,20.03,Agri - Sugar,Small Cap
BAJAJHLDNG,18.5,26.8,-6,-4,-1,-3.7,1.5,-3.7,1.5,-4.8,-6.2,-7.2,6,10800.0,Financials - Misc,Large Cap
BAJEL,22.4,48.4,-7,-13,-4,-7.0,-4.2,-7.0,-4.2,-7.9,-12.6,-12.8,2,170.42,Engineering,Small Cap
BAJFINANCE,17.6,17.6,-8,-13,-1,-8.2,-4.3,-8.2,-4.3,-8.2,-17.6,-17.6,6,969.4,Financials - NBFC,Large Cap
BALAJITELE,30.9,54.6,-5,-8,-4,0.3,5.5,0.3,5.5,-3.5,-6.4,-14.8,1,92.0,Media - Entertainment,Small Cap
BALAXI,49.4,89.4,-3,-10,-4,-3.9,3.4,-3.9,3.4,-4.1,-11.7,-15.3,3,22.95,Healthcare - Pharma,Small Cap
BALKRISHNA,37.2,81.5,-9,-13,-2,-2.4,-8.4,-2.4,-8.4,-7.3,-10.9,-18.3,1,15.91,Paper,Small Cap
BALKRISIND,23.3,37.0,-7,-7,-1,-2.6,-5.1,-2.6,-5.1,-6.3,-14.3,-14.2,5,2127.6,Auto - Tyres,Mid Cap
BALMLAWRIE,24.1,49.6,-3,-13,-4,-7.5,-6.8,-7.5,-6.8,-8.8,-9.6,-15.5,2,161.4,Others,Small Cap
BALPHARMA,9.5,28.6,1,-12,3,10.2,34.0,10.2,21.2,-1.1,3.2,25.1,2,112.72,Healthcare - Pharma,Small Cap
BALRAMCHIN,13.6,13.6,-5,-13,-1,-0.3,10.7,-0.3,10.7,-5.9,-7.9,-2.7,6,675.0,Agri - Sugar,Small Cap
BALUFORGE,26.2,43.6,-4,-13,-1,-9.3,6.5,-9.3,6.5,-8.6,-21.8,-20.6,0,500.6,Engineering,Small Cap
BANARBEADS,30.0,32.0,-1,-1,-1,1.9,7.5,1.9,1.9,-5.2,-7.0,-3.5,4,115.25,Consumption - Jewelry,Small Cap
BANARISUG,23.7,25.5,-5,-13,-1,-8.8,-0.7,-8.8,-0.7,-12.4,-18.3,-15.7,4,3310.0,Agri - Sugar,Small Cap
BANCOINDIA,32.0,32.0,-8,-13,-3,-6.2,-1.8,-6.2,-1.8,-5.6,-12.9,-10.7,4,598.55,Auto - Replacement,Small Cap
BANDHANBNK,17.3,75.4,-1,-4,-4,2.7,-0.9,2.7,-0.9,-3.4,-14.5,-12.3,0,182.64,Financials - Private Bank,Small Cap
BANG,48.7,67.0,-2,-10,-4,-2.5,-10.4,-2.5,-10.4,-8.6,-10.9,-23.3,3,31.86,Textile - Apparels,Small Cap
BANKA,26.3,57.3,-9,-9,-2,-5.3,-1.9,-5.3,-1.9,-11.9,-23.4,-24.7,3,71.2,Engineering,Small Cap
BANKBARODA,29.4,29.4,-8,-10,-3,-5.6,-14.9,-5.6,-14.9,-2.9,-8.3,-26.3,5,229.87,Financials - PSU Bank,Large Cap
BANKINDIA,26.3,39.4,-3,-12,-3,-6.6,-2.3,-6.6,-2.3,-7.0,-9.4,-22.9,1,131.39,Financials - PSU Bank,Mid Cap
BANSALWIRE,11.7,35.2,-7,1,-2,3.2,13.8,3.2,13.8,1.1,-3.9,-6.6,0,326.8,Metals - Iron & Steel,Small Cap
BANSWRAS,22.0,43.2,-9,-13,-3,-12.6,-7.2,-12.6,-7.2,-6.9,-18.9,-20.6,5,107.11,Textile - Spinning/Yarn,Small Cap
BASF,28.8,60.7,-7,-13,-1,-9.3,-4.9,-9.3,-4.9,-9.1,-16.5,-9.2,4,3439.1,Chemicals - Specialty,Small Cap
BASML,27.1,82.2,-7,-4,-3,-10.7,-0.6,-10.7,-0.6,-6.9,-15.7,-17.1,1,23.26,Textile - Spinning/Yarn,Small Cap
BATAINDIA,50.1,72.7,-6,-13,-4,-11.4,-8.5,-11.4,-8.5,-7.2,-18.7,-18.6,4,617.75,Consumption - Footwear,Mid Cap
BAYERCROP,29.9,49.8,-8,-10,-4,-13.8,-21.2,-13.8,-21.2,-9.4,-15.4,-24.6,3,3611.1,Agrichem - Protection,Mid Cap
BBL,37.6,62.6,-9,-12,-4,-8.6,-13.6,-8.6,-13.6,-5.4,-20.6,-32.4,5,2128.1,Power - Equipment,Small Cap
BBTC,36.4,54.3,-5,-6,-3,-8.9,-11.0,-8.9,-11.0,-9.3,-13.1,-16.2,2,1358.1,Consumption - FMCG,Small Cap
BBTCL,12.7,33.7,-6,-5,-2,-0.7,5.3,-0.7,5.3,-3.0,-12.7,-5.2,4,228.6,Packaging,Small Cap
BCG,38.5,92.4,-1,-13,-4,-2.2,5.7,-2.2,5.7,-11.6,-9.8,-11.0,1,9.29,IT - Services,Small Cap
BCLIND,23.5,62.7,-8,-13,-1,-10.3,-6.9,-10.3,-6.9,-11.2,-14.7,-14.7,3,32.2,Agri - Edible Oil,Small Cap
BCONCEPTS,63.5,85.6,-9,-13,-4,-24.2,-33.2,-24.2,-33.2,-18.2,-31.7,-44.1,3,138.7,Consumption - Misc,Small Cap
BDL,33.1,47.9,-6,-13,-2,-16.5,-15.9,-16.5,-15.9,-12.4,-22.7,-20.6,8,1092.4,Defense - Misc,Mid Cap
BEARDSELL,38.1,75.2,-9,-12,-3,-9.6,-10.2,-9.6,-10.2,-7.4,-17.2,-28.1,1,23.15,Packaging,Small Cap
BECTORFOOD,25.4,52.6,-6,-12,-1,-5.8,9.6,-5.8,9.6,-14.2,-18.1,-8.0,3,208.68,Consumption - FMCG,Small Cap
BEDMUTHA,25.5,65.9,-7,-1,-3,-2.9,4.0,-2.9,0.6,-3.4,-7.6,-16.2,4,107.31,Power - Wiring,Small Cap
BEL,18.6,18.6,-5,-13,-4,-4.3,-5.4,-4.3,-5.4,-6.1,-7.0,-12.8,5,385.3,Defense - Misc,Large Cap
BELRISE,10.2,10.2,-7,-4,-3,1.1,18.4,1.1,1.8,-3.2,-5.7,-2.1,5,240.77,Auto Components & Equipments,Small Cap
BEML,14.0,28.7,-1,-6,0,-3.4,8.8,-3.4,3.3,-8.2,-9.0,1.0,5,1956.4,Defense - Misc,Small Cap
BEPL,10.2,29.8,-1,-13,0,-0.3,10.1,-0.3,4.4,-7.3,-3.6,2.7,2,124.31,Chemicals - Specialty,Small Cap
BERGEPAINT,24.6,38.4,-6,-13,-3,-13.9,-5.4,-13.9,-5.4,-6.9,-18.4,-16.4,5,448.0,Consumption - Paints,Mid Cap
BESTAGRO,48.2,84.9,-7,-13,-1,9.2,7.7,9.2,7.7,-10.7,-11.3,-9.6,2,17.82,Agrichem - Protection,Small Cap
BETA,26.8,26.8,-7,-3,-1,-11.4,2.4,-11.4,2.4,-4.9,-19.4,-9.1,5,2055.0,Healthcare - Pharma,Small Cap
BFINVEST,25.3,47.3,-7,-10,-1,-4.3,2.1,-4.3,2.1,-3.8,-8.0,-6.8,3,436.55,Financials - Misc,Small Cap
BFUTILITIE,39.1,55.0,-9,-11,-3,-1.6,-4.1,-1.6,-4.1,-7.1,-17.9,-18.8,3,508.0,Infra - Construction,Small Cap
BGRENERGY,48.1,48.1,-9,-4,-4,1.1,-15.2,1.1,-15.2,-6.4,-14.1,-26.4,2,254.87,Infra - Construction,Small Cap
BHAGCHEM,23.9,46.1,-8,-12,-2,-11.4,-11.4,-11.4,-11.4,-7.7,-17.4,-18.0,5,241.15,Agrichem - Protection,Small Cap
BHAGERIA,5.4,5.4,-1,-1,0,11.8,76.7,11.8,39.8,-2.8,-4.8,57.3,2,375.6,Chemicals - Dyes,Small Cap
BHAGYANGR,12.5,12.5,-1,-7,-3,-0.5,72.8,-0.5,5.0,-9.9,-10.7,-5.2,4,409.6,Metals - Copper,Small Cap
BHARATCOAL,,25.7,-9,-13,-4,-1.2,-6.5,-1.2,-6.5,-1.3,-7.6,-18.9,0,33.52,Coal,Small Cap
BHARATFORG,15.4,15.4,-7,-4,-1,-10.4,-2.3,-10.4,-2.3,-3.1,-14.8,-12.5,5,1941.0,Metals - Casting/Forging,Mid Cap
BHARATGEAR,28.8,41.9,-9,-12,-3,-16.4,-7.5,-16.4,-7.5,-2.8,-20.5,-24.2,1,100.3,Auto - Replacement,Small Cap
BHARATRAS,66.3,73.4,-7,-12,-4,-22.5,-18.6,-22.5,-18.6,-14.8,-26.0,-30.7,5,1005.6,Agrichem - Protection,Small Cap
BHARATSE,19.5,19.5,-7,-13,-1,-6.2,5.7,-6.2,5.7,-6.3,-14.6,-5.5,5,211.93,Auto - OEM Suppliers,Small Cap
BHARATWIRE,35.8,58.0,-8,-13,-4,-13.7,-8.4,-13.7,-8.4,-5.2,-16.3,-24.8,2,168.31,Power - Wiring,Small Cap
BHARTIARTL,18.0,18.0,-7,-7,-1,-7.1,-1.5,-7.1,-1.5,-4.4,-10.4,-10.2,6,1784.1,Telecom,Large Cap
BHARTIHEXA,28.3,31.7,-8,-12,-1,-11.5,-5.2,-11.5,-5.2,-9.3,-14.2,-14.2,3,1401.4,Telecom,Mid Cap
BIGBLOC,51.9,74.1,-7,-12,-2,-13.7,-17.2,-13.7,-17.2,-6.8,-23.0,-23.6,5,38.51,Infra - Cement,Small Cap
BIKAJI,31.5,47.7,-8,-3,-4,-15.9,-16.7,-15.9,-16.7,-9.6,-17.9,-22.5,4,526.8,Consumption - Misc,Small Cap
BIL,12.6,12.6,-2,-12,0,7.0,28.0,7.0,14.6,-8.8,-6.3,17.9,3,1005.0,Leather Products,Small Cap
BIOCON,15.5,22.5,-9,-12,-1,-10.3,-4.3,-10.3,-4.3,-4.7,-14.2,-11.9,3,378.0,Healthcare - Biotech,Mid Cap
BIOFILCHEM,31.9,91.1,-3,-11,-2,1.0,-4.9,1.0,-4.9,-11.3,-8.5,-11.9,2,31.58,Healthcare - Pharma,Small Cap
BIRLACABLE,11.9,14.1,-1,-7,0,8.4,58.9,8.4,26.0,-9.6,-10.9,19.1,4,368.95,Telecom,Small Cap
BIRLACORPN,36.9,52.8,-9,-13,-4,2.6,-11.8,2.6,-11.8,-1.7,-15.6,-14.8,3,850.05,Infra - Cement,Small Cap
BIRLAMONEY,36.6,62.4,-8,-13,-4,-12.2,-8.7,-12.2,-8.7,-8.9,-16.1,-23.2,3,114.09,Financials - Broking,Small Cap
BIRLANU,29.6,79.2,-7,-10,-1,-0.6,5.5,-0.6,5.5,-2.9,-15.1,-6.2,4,1407.8,Infra - Home Furnish,Small Cap
BIRLAPREC,,14.7,-2,-10,0,1.7,29.5,1.7,16.0,-10.7,-13.1,18.7,0,54.16,,
BLACKBUCK,16.9,16.9,-2,-10,0,4.6,10.0,4.6,5.8,-1.8,-3.0,4.7,3,621.95,Transport - Logistics,Small Cap
BLAL,25.8,56.5,-9,-5,-5,2.5,-8.6,2.5,-8.6,-0.8,-9.7,-14.2,2,164.04,Real Estate,Small Cap
BLISSGVS,3.5,3.5,-3,-1,0,5.3,43.7,2.3,22.6,-1.4,-1.0,15.7,2,713.75,Healthcare - Pharma,Small Cap
BLKASHYAP,20.0,57.7,-3,-13,-4,-6.8,2.0,-6.8,2.0,-10.0,-14.5,-12.6,2,51.06,Real Estate,Small Cap
BLS,38.5,57.7,-6,-13,-5,-13.5,-9.1,-13.5,-9.1,-7.3,-21.1,-20.7,4,220.81,Leisure - Misc,Small Cap
BLSE,5.5,24.2,-5,-4,-1,1.8,16.3,1.8,16.3,-1.8,-1.6,-2.1,3,321.0,IT - Services,Small Cap
BLUECOAST,65.9,85.2,-9,-10,-4,8.1,-11.2,5.4,-11.2,2.2,-16.9,-29.8,0,22.77,Leisure - Hotels,Small Cap
BLUEDART,34.5,52.2,-8,-13,-1,-7.5,-6.1,-7.5,-6.1,-7.3,-17.1,-17.1,3,4611.6,Transport - Logistics,Mid Cap
BLUEJET,20.3,46.3,-8,-4,-1,-3.1,5.2,-3.1,5.2,-6.2,-12.7,-12.7,2,552.4,Healthcare - Pharma,Small Cap
BLUESTARCO,24.7,36.6,-8,-1,-4,-5.0,5.6,-5.0,5.6,-3.0,-9.0,-17.8,5,1531.3,Consumption - Appliances,Small Cap
BLUESTONE,16.4,16.4,-2,-4,-1,-1.0,12.7,-1.0,12.7,-9.7,-9.8,-1.5,5,810.8,Gems Jewellery And Watches,Small Cap
BODALCHEM,7.6,7.6,-1,-1,0,7.3,141.7,7.3,60.2,-5.0,-5.0,61.4,2,191.9,Chemicals - Dyes,Small Cap
BOHRAIND,36.9,98.5,-5,-1,-4,8.5,-13.4,8.5,-13.4,-6.1,-6.2,-25.2,0,15.01,Agrichem - Fertilizers,Small Cap
BOMDYEING,40.6,66.7,-8,-13,-2,-9.9,-8.7,-9.9,-8.7,-5.5,-14.1,-19.4,1,107.35,Textiles - Processing,Small Cap
BORANA,30.0,30.0,-7,-11,-5,-6.7,-2.5,-6.7,-2.5,-9.9,-14.4,-22.6,5,294.0,,
BOROLTD,24.1,46.5,0,-1,4,6.4,17.8,3.1,9.4,-0.5,4.2,11.6,3,275.81,Consumption - Misc,Small Cap
BORORENEW,37.2,45.6,-9,-13,-3,-17.9,-7.0,-17.9,-7.0,-10.7,-25.0,-26.4,2,452.95,Power - Green,Small Cap
BOROSCI,36.1,49.7,-8,-13,-2,-24.1,-4.7,-24.1,-4.7,-11.0,-28.3,-33.7,0,115.62,Packaging,Small Cap
BOSCH-HCIL,1.3,44.4,2,0,0,11.9,32.2,11.9,18.0,6.3,6.2,11.9,1,1938.7,Consumption - Appliances,Small Cap
BPCL,23.4,23.4,-8,-4,-1,-4.4,-1.5,-4.4,-1.5,-4.7,-7.6,-18.5,3,300.0,Petro - Refineries,Large Cap
BPL,43.8,73.7,-8,-12,-4,3.8,-9.3,3.8,-9.3,-5.6,-15.9,-19.4,1,46.48,Consumption - Electronics,Small Cap
BRIGADE,29.5,48.1,-3,-13,-1,-8.9,0.2,-8.9,0.2,-16.9,-19.2,-13.8,5,565.25,Real Estate,Small Cap
BRIGHOTEL,36.0,38.8,-7,-6,-4,-4.8,-4.9,-4.8,-4.9,-2.3,-8.7,-16.5,0,56.16,Hotels & Resorts,Small Cap
BRITANNIA,22.9,25.2,-7,-12,-4,-11.2,-7.3,-11.2,-7.3,-4.6,-13.0,-17.5,6,4837.0,Consumption - FMCG,Large Cap
BRNL,39.6,92.7,-9,-11,-5,-6.5,-17.9,-6.5,-17.9,-7.0,-13.0,-22.9,0,16.01,Infra - Construction,Small Cap
BROOKS,59.3,71.7,-4,-10,-3,-10.8,-2.0,-10.8,-2.0,-14.7,-20.6,-24.8,2,56.35,Healthcare - Pharma,Small Cap
BSE,29.1,29.1,-8,-10,-4,-1.3,6.3,-1.3,6.3,-7.5,-13.9,-24.0,5,3152.4,IT - Product/Platform,Mid Cap
BSHSL,35.0,87.3,-5,-13,-4,-4.0,-1.9,-4.0,-1.9,-7.6,-7.9,-14.6,6,84.55,Agri - Seeds,Small Cap
BSL,42.4,64.4,-8,-6,-2,-2.5,-5.0,-2.5,-5.0,-5.4,-7.0,-15.3,4,118.03,Textile - Spinning/Yarn,Small Cap
BSOFT,43.3,68.8,-7,-10,-4,-11.5,-20.7,-11.5,-20.7,-7.7,-15.9,-28.1,5,268.8,IT - Software/Consulting,Small Cap
BUILDPRO,,9.1,-7,-4,0,5.3,14.8,5.3,14.8,-4.0,-6.1,0.1,0,1254.8,Speciality Retail,Small Cap
BUTTERFLY,31.9,70.5,-9,-13,-1,-21.5,-12.3,-21.5,-12.3,-9.1,-27.7,-22.4,3,561.0,Consumption - Appliances,Small Cap
BVCL,26.0,47.2,-4,-12,-4,-3.7,0.8,-3.7,0.8,-8.3,-9.0,-11.6,2,40.64,Infra - Cement,Small Cap
BYKE,60.7,87.1,-8,-13,-5,-14.3,5.4,-14.3,5.4,-10.1,-19.1,-28.9,1,28.7,Leisure - Hotels,Small Cap
CALSOFT,23.3,71.0,-4,-13,-1,19.6,31.0,19.6,31.0,-22.7,-19.2,-11.2,1,33.1,IT - Software/Consulting,Small Cap
CAMLINFINE,55.9,72.0,-9,-13,-3,-25.4,-26.3,-25.4,-26.3,-10.3,-26.9,-33.8,3,93.4,Chemicals - Specialty,Small Cap
CAMPUS,27.0,67.2,-5,-13,-4,-5.5,-8.4,-5.5,-8.4,-3.4,-9.8,-17.1,0,209.97,Consumption - Footwear,Small Cap
CAMS,20.5,37.5,-8,-13,-1,-13.4,-8.3,-13.4,-8.3,-8.5,-17.1,-17.1,3,671.35,IT - Product/Platform,Small Cap
CANBK,26.7,26.7,-7,-4,-4,-6.5,-1.9,-6.5,-1.9,-4.9,-9.8,-20.5,4,119.45,Financials - PSU Bank,Large Cap
CANFINHOME,24.6,24.6,-5,-13,-3,-9.2,-11.1,-9.2,-11.1,-8.7,-18.2,-17.1,5,732.4,Financials - Housing,Small Cap
CANHLIFE,10.7,10.7,-3,-8,-1,-0.3,3.9,-0.3,3.9,-3.7,-6.0,-4.6,5,148.92,Life Insurance,Small Cap
CANTABIL,27.4,30.1,-4,-6,-1,-2.5,0.0,-2.5,0.0,-3.9,-8.5,-10.2,7,233.34,Textile - Apparels,Small Cap
CAPACITE,41.9,60.8,-5,-12,-3,-14.9,-22.2,-14.9,-22.2,-9.9,-18.9,-31.4,1,182.51,Infra - Construction,Small Cap
CAPILLARY,,28.9,-1,-1,3,10.8,12.2,10.8,8.6,-3.6,-5.2,3.0,0,568.0,Software Products,Small Cap
CAPITALSFB,14.0,40.7,-7,-3,-1,-1.7,-0.6,-1.7,-0.6,-1.7,-9.4,-4.7,0,278.25,Financials - Private Bank,Small Cap
CAPTRUST,47.5,96.9,-6,-6,-1,4.8,26.9,4.8,26.9,-8.4,-17.5,-8.0,0,17.9,Financials - NBFC,Small Cap
CARBORUNIV,12.3,34.8,-1,-3,1,8.8,17.9,8.8,5.6,-7.4,-6.1,1.3,5,1200.1,Engineering,Small Cap
CARERATING,11.1,16.8,-8,-13,-1,-3.1,2.8,-3.1,2.8,-5.4,-6.5,-5.4,4,1634.8,Financials - Ratings,Small Cap
CARRARO,21.8,24.6,-4,-4,-3,-1.0,0.7,-1.0,0.7,-4.9,-7.0,-6.9,0,522.0,Auto - OEM Suppliers,Small Cap
CARTRADE,12.0,12.0,-2,-13,-1,1.2,6.4,1.2,6.4,-8.8,-6.3,-3.2,5,2895.0,IT - Product/Platform,Small Cap
CASTROLIND,3.2,29.5,-1,-1,1,3.3,8.9,3.3,5.8,-0.4,-0.5,8.0,3,200.59,Petro - Lubricants,Small Cap
CCAVENUE,25.3,69.8,-7,-10,-2,-3.8,-1.0,-3.8,-1.0,-5.9,-11.5,-7.2,1,15.31,IT - Product/Platform,Small Cap
CCCL,48.9,53.8,-6,-12,-3,-11.0,-15.3,-11.0,-15.3,-6.4,-17.1,-27.8,3,13.35,Infra - Construction,Small Cap
CCL,18.9,18.9,-9,-13,-2,-12.0,-10.6,-12.0,-10.6,-9.6,-14.9,-15.3,6,1007.5,Consumption - Misc,Small Cap
CDSL,24.0,36.1,-5,-13,-1,-6.0,-3.1,-6.0,-3.1,-9.6,-10.1,-9.3,4,1271.9,IT - Product/Platform,Small Cap
CEATLTD,26.9,26.9,-8,-6,-2,-8.7,-2.0,-8.7,-2.0,-6.3,-12.9,-7.3,4,3244.0,Auto - Tyres,Small Cap
CEINSYS,,45.3,-9,-5,-4,-18.0,-26.9,-18.0,-26.9,-3.5,-23.8,-36.6,0,684.2,IT - Software,Small Cap
CELLO,50.1,67.2,-6,-13,-4,-5.7,-12.8,-5.7,-12.8,-1.7,-11.3,-19.4,0,336.5,Others,Small Cap
CEMPRO,25.6,25.6,-9,-4,-1,-2.5,18.9,-2.5,18.9,-7.2,-24.3,-10.8,5,1226.7,Infra - Construction,Small Cap
CENTENKA,18.0,36.3,-3,-13,-1,-4.5,4.0,-4.5,4.0,-8.1,-10.9,-10.4,3,551.0,Textile - Misc,Small Cap
CENTEXT,47.8,47.8,-7,-10,-1,-8.4,-6.4,-8.4,-6.4,-13.3,-22.7,-18.3,4,18.14,Metals - Misc,Small Cap
CENTRALBK,26.6,75.6,-1,-6,-5,-3.3,-6.2,-3.3,-6.2,-5.0,-5.6,-20.6,0,30.02,Financials - PSU Bank,Mid Cap
CENTRUM,42.5,69.1,-6,-7,-5,-14.7,-11.2,-14.7,-11.2,-8.3,-20.5,-29.7,0,20.65,Financials - Misc,Small Cap
CENTUM,2.7,2.7,0,-4,1,12.5,42.8,12.5,26.2,-0.1,1.3,27.1,5,4863.2,Electronic - Equipment,Small Cap
CENTURYPLY,22.9,29.2,-9,-13,-1,-14.7,-11.5,-14.7,-11.5,-11.0,-18.0,-17.4,4,662.25,Infra - Laminates,Small Cap
CERA,23.2,52.6,-8,-13,-2,-15.0,-3.0,-15.0,-3.0,-11.1,-17.5,-21.1,4,5114.0,Infra - Home Furnish,Small Cap
CESC,34.0,36.5,-6,-12,-4,-15.7,-17.3,-15.7,-17.3,-9.7,-20.2,-29.9,3,134.87,Power - Misc,Small Cap
CEWATER,49.8,69.8,-9,-12,-3,2.7,-15.5,2.7,-15.5,-8.5,-16.1,-26.8,0,259.5,Engineering,Small Cap
CGCL,14.1,71.8,-3,-12,-1,-1.6,6.9,-1.6,6.9,-9.7,-12.6,-3.7,6,247.0,Financials - NBFC,Small Cap
CHALET,15.4,22.3,-5,-3,-1,-2.5,1.5,-2.5,1.5,-6.6,-6.7,-7.0,2,840.4,Leisure - Hotels,Small Cap
CHAMBLFERT,20.9,44.4,-7,-10,-2,-6.1,-8.0,-6.1,-8.0,-1.5,-9.0,-12.3,4,413.0,Agrichem - Fertilizers,Small Cap
CHEMBOND,22.3,75.2,-2,-12,-2,4.1,11.1,4.1,0.8,-18.2,-16.4,-2.6,5,184.0,Chemicals - Specialty,Small Cap
CHEMCON,25.1,70.5,-1,-1,0,3.1,16.3,3.1,8.7,-5.4,-5.2,7.6,0,216.0,Chemicals - Specialty,Small Cap
CHEMFAB,48.1,72.3,-2,-11,-5,-2.6,-7.9,-2.6,-7.9,-11.3,-11.3,-16.6,4,341.0,Chemicals - Bulk,Small Cap
CHEMPLASTS,53.3,76.7,-9,-1,-5,7.2,-14.1,7.2,-14.1,-3.1,-5.3,-27.3,0,192.71,Chemicals - Bulk,Small Cap
CHENNPETRO,14.2,14.2,-2,-11,0,4.5,15.9,4.5,15.9,-11.0,-8.9,5.3,4,1439.7,Petro - Refineries,Small Cap
CHEVIOT,13.9,28.6,-2,-10,-4,2.4,14.2,2.4,2.3,-3.3,-2.8,-0.5,2,1180.0,Paper,Small Cap
CHOICEIN,13.7,13.7,-7,-5,-1,-7.8,-1.4,-7.8,-1.4,-3.9,-11.9,-10.3,6,743.0,Financials - Misc,Small Cap
CHOLAFIN,16.0,16.0,-7,-12,-1,-10.4,-5.5,-10.4,-5.5,-10.9,-13.4,-12.3,6,1640.0,Financials - MFI,Large Cap
CHOLAHLDNG,32.6,37.7,-7,-12,-2,-9.8,-12.5,-9.8,-12.5,-9.0,-14.9,-16.6,4,1390.6,Financials - Misc,Small Cap
CIEINDIA,28.4,39.5,-9,-5,-4,-1.3,-14.6,-1.3,-14.6,-4.4,-20.9,-21.4,4,376.4,Auto - OEM Suppliers,Small Cap
CIFL,46.1,51.9,-1,-1,-4,4.9,4.8,4.9,4.8,-4.1,-2.9,-28.6,0,21.4,Non Banking Financial Company (NBFC),Small Cap
CIGNITITEC,,,,,,,,,,,,,,,,
CINELINE,15.4,52.2,-3,-10,-1,-2.4,3.2,-2.4,3.2,-9.0,-10.2,-1.6,2,88.35,Real Estate,Small Cap
CIPLA,17.2,18.7,-8,-2,-1,-3.5,4.0,-3.5,4.0,-1.3,-6.1,-6.1,5,1384.6,Healthcare - Pharma,Large Cap
CLEAN,29.8,71.2,-1,-6,-4,-3.5,6.3,-3.5,6.3,-8.0,-8.7,-6.2,0,777.7,Chemicals - Bulk,Mid Cap
CLEDUCATE,42.0,59.8,-5,-10,-1,-6.5,5.4,-6.5,5.4,-9.2,-15.8,-11.4,3,55.0,IT - Education,Small Cap
CLSEL,12.7,36.6,-3,-13,-1,-3.7,5.0,-3.7,5.0,-7.9,-6.0,-5.6,5,283.7,Agri - Rice,Small Cap
CMSINFO,41.9,62.9,-9,-8,-4,-11.9,-19.5,-11.9,-19.5,-4.1,-17.7,-24.9,5,228.7,IT - Services,Small Cap
CNL,16.7,16.7,-6,-13,-1,-7.9,14.5,-7.9,14.5,-6.0,-12.0,-13.6,8,1105.6,Textile - Apparels,Small Cap
COALINDIA,13.7,22.0,-9,-12,-4,1.3,-0.9,1.3,-0.9,-2.1,-1.3,-12.0,4,423.85,Utility - Misc,Large Cap
COASTCORP,46.2,66.5,-8,-13,-4,-24.9,-25.9,-24.9,-25.9,-11.9,-31.5,-40.4,0,35.89,Consumption - Misc,Small Cap
COCHINSHIP,31.7,55.8,-5,-12,-4,-10.5,-9.5,-10.5,-9.5,-14.6,-14.2,-24.4,3,1317.2,Defense - Ship Building,Small Cap
COFFEEDAY,31.8,91.8,-8,-13,-4,-1.4,7.2,-1.4,7.2,-10.2,-10.4,-12.1,2,30.56,Leisure - Restaurants,Small Cap
COFORGE,12.3,12.3,-4,-10,-1,-5.0,5.8,-5.0,5.8,-8.5,-12.0,-10.7,6,1773.0,IT - Software/Consulting,Mid Cap
COHANCE,49.8,66.1,-6,-4,-4,3.5,9.7,3.5,3.5,0.3,-0.5,-5.4,6,460.7,Healthcare - Pharma,Small Cap
COLPAL,22.4,53.5,-9,-7,-4,-11.6,-10.8,-11.6,-10.8,-4.4,-13.4,-17.7,5,1809.0,Consumption - Personal,Mid Cap
CONCOR,19.6,62.1,-6,-13,-1,-12.4,-8.0,-12.4,-8.0,-11.6,-15.5,-15.0,5,447.8,Transport - Logistics,Mid Cap
CONCORDBIO,15.1,46.9,-5,-5,-1,-2.7,10.9,-2.7,10.9,-9.2,-9.9,-2.2,2,1415.0,Healthcare - Pharma,Small Cap
CONFIPET,6.4,27.3,-1,-6,0,2.2,17.6,2.2,9.5,-3.5,-5.1,7.3,4,87.28,Utility - Misc,Small Cap
CONSOFINVT,12.1,18.9,-3,-6,-1,2.6,16.0,2.6,16.0,-9.6,-11.5,-6.6,3,281.25,Financials - NBFC,Small Cap
CONTROLPR,26.7,42.9,0,-7,-3,4.3,1.0,2.5,1.0,0.4,-6.5,-5.9,2,608.0,IT - Equipments,Small Cap
CORALFINAC,32.0,69.9,-8,-13,-1,-2.8,-0.2,-2.8,-0.2,-2.2,-7.6,-7.6,0,32.09,Financials - Housing,Small Cap
CORDSCABLE,21.4,21.4,-2,-4,0,-3.2,42.0,-3.2,16.6,-15.6,-14.9,13.3,3,320.0,Power - Wiring,Small Cap
COROMANDEL,28.4,34.2,-7,-7,-1,-12.7,-7.8,-12.7,-7.8,-9.1,-14.6,-17.9,5,1788.9,Agrichem - Fertilizers,Mid Cap
CORONA,,9.3,-2,-10,-1,-2.5,8.2,-2.5,8.2,-7.1,-7.6,-5.9,5,2079.3,Pharmaceuticals,Small Cap
COSMOFIRST,15.7,41.2,-6,-13,-1,-7.0,4.8,-7.0,4.8,-8.9,-11.8,-9.7,3,839.3,Packaging,Small Cap
CPCAP,6.2,73.6,-1,-5,0,11.7,34.1,11.7,21.3,-3.5,-2.2,28.3,4,150.5,IT - Education,Small Cap
CPPLUS,6.7,6.7,-3,-13,1,5.9,15.1,5.9,8.0,-0.2,-0.1,4.4,5,3821.5,Others,Small Cap
CRAMC,36.6,36.6,-5,-13,-1,-13.5,-7.9,-13.5,-7.9,-8.1,-15.4,-14.5,0,223.9,Asset Management Company,Small Cap
CREDITACC,25.6,32.3,-8,-11,-1,-18.9,-12.1,-18.9,-12.1,-14.1,-24.1,-24.1,3,1216.4,Financials - MFI,Small Cap
CREST,14.8,42.7,-9,-7,-2,-4.3,0.8,-4.3,0.8,-3.8,-8.5,-8.5,3,356.05,Financials - NBFC,Small Cap
CRISIL,12.3,36.1,-4,-13,-1,-2.3,1.5,-2.3,1.5,-6.3,-7.4,-7.8,4,4444.4,Financials - Ratings,Mid Cap
CRIZAC,49.0,56.3,-8,-10,-4,-6.6,-14.6,-6.6,-14.6,-8.3,-14.5,-21.4,0,169.7,Internet & Catalogue Retail,Small Cap
CROMPTON,31.4,58.5,-8,-12,-4,-14.3,-14.1,-14.3,-14.1,-8.2,-18.6,-24.3,3,212.89,Consumption - Appliances,Small Cap
CROWN,29.3,64.3,-1,-4,-4,3.2,4.3,3.2,4.3,-7.9,-2.9,-12.7,4,115.91,Engineering,Small Cap
CSBBANK,45.0,45.0,-9,-4,-4,-1.7,-7.9,-1.7,-7.9,-5.9,-14.3,-17.9,6,316.05,Financials - Private Bank,Small Cap
CSLFINANCE,34.7,60.2,-3,-12,-1,-6.2,1.5,-6.2,1.5,-13.2,-16.8,-15.0,2,211.99,Financials - NBFC,Small Cap
CTE,32.2,72.5,-5,-4,-1,-2.2,8.9,-2.2,8.9,-7.2,-21.6,-10.5,1,40.62,IT - Software/Consulting,Small Cap
CUBEXTUB,0.0,0.0,0,0,3,78.2,136.0,33.7,69.0,9.8,15.5,73.0,5,175.83,Metals - Copper,Small Cap
CUMMINSIND,21.0,21.0,-9,-12,-4,-9.4,-6.7,-9.4,-6.7,-6.6,-14.7,-18.1,6,4816.0,Industrial - Pumps/Engines,Large Cap
CUPID,4.3,4.3,-6,8,0,7.4,30.6,7.4,15.8,1.2,-2.9,2.0,5,286.0,Consumption - Personal,Small Cap
CYBERTECH,50.1,99.4,-9,-12,-3,0.6,6.3,0.6,6.3,-3.7,-4.9,-11.6,3,137.0,IT - Software/Consulting,Small Cap
CYIENT,13.6,57.1,-4,-1,-1,12.8,11.9,12.8,11.9,-3.2,-5.0,-10.1,4,1056.0,IT - Services,Small Cap
CYIENTDLM,8.8,8.8,-1,-13,0,5.2,46.8,5.2,20.8,-4.4,-2.7,9.1,2,919.8,Electronic - Equipment,Small Cap
DABUR,28.1,42.9,-9,-7,-4,0.6,-4.8,0.6,-4.8,-1.5,-10.2,-23.4,5,383.8,Consumption - Personal,Large Cap
DALBHARAT,29.7,36.0,-5,-6,-4,-10.3,-8.4,-10.3,-8.4,-8.2,-13.4,-15.5,3,1630.1,Infra - Cement,Mid Cap
DALMIASUG,20.7,29.5,-5,-13,-1,-3.5,9.2,-3.5,9.2,-8.1,-18.2,-14.8,3,412.5,Agri - Sugar,Small Cap
DAMCAPITAL,45.9,66.1,-9,-1,-4,12.5,6.6,7.0,6.6,3.2,-7.1,-0.6,0,154.86,Financials - Misc,Small Cap
DAMODARIND,27.9,67.1,-8,-11,-4,-3.5,3.6,-3.5,3.6,-8.4,-8.8,-17.7,1,26.82,Textile - Spinning/Yarn,Small Cap
DATAMATICS,18.9,26.9,-6,0,-1,-3.3,6.0,-3.3,6.0,2.3,-5.9,-1.8,5,818.7,IT - Services,Small Cap
DBCORP,37.3,60.7,-9,-13,-4,-15.5,-13.1,-15.5,-13.1,-9.6,-18.1,-20.0,0,176.0,Media - Publishing,Small Cap
DBL,23.6,67.1,-8,-12,-4,-2.8,-7.2,-2.8,-7.2,-3.3,-8.5,-12.3,1,410.95,Infra - Construction,Small Cap
DBOL,10.4,45.6,-5,-13,-4,4.2,13.4,4.2,5.4,-1.5,-5.6,-2.7,0,124.48,Agri - Sugar,Small Cap
DBREALTY,40.5,65.6,-7,-13,-4,-12.2,-4.8,-12.2,-4.8,-3.6,-19.0,-18.5,3,97.9,Real Estate,Small Cap
DBSTOCKBRO,36.6,54.6,-8,-1,-1,3.8,1.7,3.8,1.7,-3.1,-18.5,-10.8,3,30.75,Financials - Broking,Small Cap
DCAL,47.2,59.2,-7,-10,-4,-13.3,-7.0,-13.3,-7.0,-6.5,-18.3,-17.0,1,161.64,Healthcare - Pharma,Small Cap
DCBBANK,13.8,17.3,-3,-13,-1,-3.3,4.4,-3.3,4.4,-11.4,-10.6,-7.3,2,202.35,Financials - Private Bank,Small Cap
DCI,31.4,31.4,-4,-1,-1,-8.4,12.9,-8.4,12.9,-0.3,-21.7,-12.6,6,325.7,IT - Software/Consulting,Small Cap
DCM,27.6,48.5,-8,-6,-3,-11.8,-5.5,-11.8,-5.5,-3.6,-22.0,-24.3,2,75.2,IT - Services,Small Cap
DCMNVL,12.9,55.2,-4,-13,-1,-1.9,10.9,-1.9,10.9,-5.5,-12.5,-9.8,2,173.02,Textile - Spinning/Yarn,Small Cap
DCMSHRIRAM,35.6,39.6,-6,-12,-4,-10.3,-16.3,-10.3,-16.3,-10.1,-16.1,-26.3,5,908.0,Others,Small Cap
DCMSIL,,25.2,-1,-2,1,4.5,17.4,4.5,5.4,-8.0,-6.3,3.9,0,78.69,Textile - Misc,Small Cap
DCMSRIND,78.2,83.6,-5,-13,-1,-11.5,1.0,-11.5,1.0,-10.3,-23.0,-17.9,3,39.7,Agri - Sugar,Small Cap
DCW,36.2,59.2,-1,-3,-3,0.8,3.6,0.8,3.6,-6.9,-5.4,-4.6,5,46.1,Chemicals - Petro,Small Cap
DCXINDIA,36.9,64.8,-9,-13,-4,-9.9,-11.6,-9.9,-11.6,-9.0,-14.2,-21.4,4,159.09,Defense - Technology,Small Cap
DDEVPLSTIK,30.8,30.8,-7,-13,-1,-9.8,-6.9,-9.8,-6.9,-8.5,-15.5,-10.0,0,248.95,Packaging,Small Cap
DECCANCE,51.9,53.6,-2,-10,-4,-3.5,-1.9,-3.5,-1.9,-7.1,-6.9,-25.0,4,541.0,Infra - Cement,Small Cap
DEEDEV,12.3,14.1,-8,-3,-1,1.5,22.5,1.5,22.5,-7.1,-4.3,-4.3,3,653.0,Engineering,Small Cap
DEEPAKFERT,22.0,26.2,-9,-4,-3,-1.9,-5.4,-1.9,-5.4,-4.5,-17.9,-16.2,5,1311.9,Agrichem - Fertilizers,Small Cap
DEEPINDS,4.5,4.5,-3,-13,0,13.5,37.3,13.5,19.7,-2.3,-0.3,14.2,7,787.7,Oil and Gas,Small Cap
DELHIVERY,20.6,41.3,-8,-13,-1,-7.5,-9.2,-7.5,-9.2,-8.4,-14.8,-14.8,6,415.85,Transport - Logistics,Small Cap
DELPHIFX,70.6,94.8,-7,-13,-4,-13.5,-36.7,-13.5,-36.7,-15.8,-40.9,-58.4,1,5.37,Financials - Misc,Small Cap
DELTACORP,10.3,80.7,-1,-1,3,24.7,24.0,24.7,19.0,1.7,0.9,8.8,1,77.5,Leisure - Misc,Small Cap
DELTAMAGNT,33.7,59.2,-3,-1,-4,2.1,-2.9,2.1,-2.9,-1.2,-4.1,-12.1,4,57.01,Metals - Misc,Small Cap
DEN,27.7,82.6,-5,-13,-3,-4.4,-4.2,-4.4,-4.2,-5.1,-9.4,-17.0,1,26.0,Media - TV Broadcast,Small Cap
DENORA,23.2,68.5,-8,-10,-3,-15.0,-2.3,-15.0,-2.3,-9.8,-18.7,-20.7,4,736.7,Metals - Casting/Forging,Small Cap
DEVIT,51.4,71.7,-7,-11,-5,-18.2,-20.9,-18.2,-20.9,-11.6,-21.4,-30.6,5,21.6,IT - Services,Small Cap
DEVYANI,24.1,42.4,-5,-5,-1,-4.2,7.0,-4.2,7.0,-8.8,-9.7,-5.6,3,131.03,Leisure - Restaurants,Mid Cap
DGCONTENT,35.3,62.6,-7,2,-4,7.1,-0.4,7.1,-0.4,2.6,-1.9,-19.9,5,25.6,Media - Misc,Small Cap
DHAMPURSUG,14.0,70.6,-5,-1,-1,5.4,15.6,5.4,6.8,-1.5,-8.8,-4.1,3,171.85,Agri - Sugar,Small Cap
DHANBANK,23.0,51.9,-9,-10,-4,-11.4,-5.6,-11.4,-5.6,-9.0,-17.2,-13.7,3,28.39,Financials - Private Bank,Small Cap
DHANUKA,40.5,52.7,-7,-13,-4,-6.2,-8.9,-6.2,-8.9,-7.5,-8.9,-17.7,4,933.8,Agrichem - Protection,Small Cap
DHARMAJ,13.9,28.1,-1,-3,-4,1.4,6.5,1.4,2.4,-6.4,-5.1,-0.5,4,280.0,Agrichem - Protection,Small Cap
DHRUV,64.0,87.8,-8,-12,-4,-12.8,-25.0,-12.8,-25.0,-12.4,-19.1,-44.5,3,20.5,IT - Software/Consulting,Small Cap
DHUNINV,37.0,62.9,-6,-10,0,3.5,7.0,3.5,7.0,-3.5,-6.8,0.2,5,990.95,Financials - Misc,Small Cap
DIACABS,12.1,43.7,-2,-8,0,2.2,25.7,2.2,25.7,-8.4,-6.8,2.2,1,355.0,Power - Wiring,Small Cap
DIAMINESQ,27.7,65.4,-2,-10,-5,-2.7,-0.0,-2.7,-0.0,-6.5,-8.9,-8.8,0,239.98,Chemicals - Bulk,Small Cap
DIAMONDYD,15.6,28.0,-7,-13,-1,-10.0,-4.7,-10.0,-4.7,-8.1,-14.6,-12.4,0,1050.3,Consumption - FMCG,Small Cap
DICIND,5.9,24.4,-1,-4,0,4.2,18.7,4.2,10.6,-4.8,-3.3,10.1,2,634.95,Chemicals - Misc,Small Cap
DIFFNKG,13.8,13.8,-3,-13,-1,3.9,10.8,3.9,10.8,-0.4,-5.7,-7.7,7,448.0,Industrial - Consumables,Small Cap
DIGISPICE,47.2,86.7,-9,-10,-5,-3.2,-16.5,-3.2,-16.5,-9.8,-20.6,-26.6,2,15.29,IT - Services,Small Cap
DIGITIDE,59.6,73.1,-7,-13,-1,-22.8,-20.2,-22.8,-20.2,-20.5,-27.6,-26.0,0,75.14,IT Enabled Services,Small Cap
DIGJAMLMTD,32.4,92.8,-2,-9,-1,-10.9,2.4,-10.9,2.4,-26.6,-28.0,-3.4,1,49.5,Textile - Misc,Small Cap
DIVGIITTS,8.2,8.2,-6,0,0,13.0,21.2,13.0,21.2,3.2,-7.2,2.9,2,1220.6,Auto - Misc,Small Cap
DIVISLAB,2.6,2.6,-1,-4,0,1.4,20.3,1.4,10.1,-1.2,-1.4,0.2,7,9488.5,Healthcare - Pharma,Large Cap
DIXON,23.1,29.7,-5,-13,-1,-5.6,9.3,-5.6,9.3,-4.7,-10.3,-9.4,4,13459.0,Consumption - Electronics,Mid Cap
DJML,42.5,65.8,-9,-12,-3,-35.6,-22.1,-35.6,-22.1,-13.1,-38.0,-38.1,2,71.74,Transport - Logistics,Small Cap
DLF,15.7,31.4,-3,-2,-1,0.0,6.2,0.0,6.2,-2.0,-3.2,-4.0,4,663.35,Real Estate,Large Cap
DLINKINDIA,24.3,43.0,-9,-13,-3,-3.4,-5.5,-3.4,-5.5,-6.8,-8.9,-20.1,5,415.5,IT - Software/Consulting,Small Cap
DMART,17.8,35.3,-7,-4,-5,-2.0,-0.6,-2.0,-0.6,0.2,-6.0,-16.8,4,3817.7,Consumption - Retail,Large Cap
DMCC,5.4,34.3,0,0,0,8.8,22.6,8.8,9.9,2.8,3.1,8.0,2,314.9,Chemicals - Specialty,Small Cap
DODLA,27.9,33.8,-5,-13,-2,-5.3,-6.6,-5.3,-6.6,-7.8,-11.3,-11.6,3,1009.8,Consumption - Dairy,Small Cap
DOLATALGO,31.7,64.9,-5,-13,-5,-8.9,-10.1,-8.9,-10.1,-6.8,-14.7,-15.5,2,65.39,Financials - Misc,Small Cap
DOLLAR,27.4,58.0,-7,9,-4,4.2,9.4,4.2,9.4,1.9,-2.2,-7.2,2,279.6,Textile - Innerwear,Small Cap
DOLPHIN,13.2,48.6,-1,-3,0,0.6,44.2,0.6,19.5,-10.1,-5.3,11.6,1,650.9,Oil and Gas,Small Cap
DOMS,25.6,34.2,-8,-12,-5,-8.0,-10.0,-8.0,-10.0,-6.6,-10.3,-13.7,2,2048.5,Consumption - FMCG,Small Cap
DONEAR,30.5,56.2,-3,-13,-4,-3.6,-7.7,-3.6,-7.7,-8.2,-13.7,-12.6,4,81.01,Textiles - Processing,Small Cap
DPABHUSHAN,0.3,13.6,4,4,0,21.7,32.3,21.7,21.7,13.6,11.8,12.9,5,1665.8,Consumption - Jewelry,Small Cap
DPWIRES,35.7,76.2,-8,-3,-3,6.1,-6.6,3.4,-6.6,-2.9,-6.8,-24.7,4,161.95,Power - Wiring,Small Cap
DRCSYSTEMS,42.3,64.5,-3,-12,-4,-1.7,-11.2,-1.7,-11.2,-6.2,-10.0,-18.4,5,12.4,IT - Software/Consulting,Small Cap
DREAMFOLKS,61.3,92.7,-8,-13,-4,-6.1,-15.9,-6.1,-15.9,-8.6,-11.6,-23.5,2,61.95,Infra - Construction,Small Cap
DREDGECORP,24.9,35.8,-6,-10,-4,-14.7,-9.0,-14.7,-9.0,-11.1,-19.8,-19.4,2,935.5,Engineering,Small Cap
DRREDDY,11.9,12.3,5,0,-3,5.3,-3.0,3.3,-3.0,2.4,2.7,-10.2,3,1246.3,Healthcare - Pharma,Large Cap
DSSL,48.3,48.3,-9,-10,-4,-16.1,6.8,-16.1,6.8,-6.2,-21.7,-43.0,5,995.0,IT - Services,Small Cap
DTIL,24.7,63.5,-4,9,-1,7.3,13.9,7.3,13.9,1.2,-12.6,-9.7,1,145.98,Agri - Tea/Coffee,Small Cap
DVL,23.9,48.8,-1,-2,0,1.4,13.8,1.4,7.1,-3.3,-2.0,4.8,5,285.95,Chemicals - Petro,Small Cap
DWARKESH,27.6,70.8,-5,-13,-1,-4.2,8.8,-4.2,8.8,-9.0,-20.4,-17.3,3,43.35,Agri - Sugar,Small Cap
DYCL,22.5,22.5,-4,-4,-1,-3.8,6.2,-3.8,6.2,-8.6,-12.0,-12.0,4,433.9,Power - Wiring,Small Cap
DYNPRO,38.9,71.0,-8,-12,-1,-8.4,2.0,-8.4,2.0,-6.7,-19.2,-19.2,2,222.26,Chemicals - Dyes,Small Cap
E2E,6.9,6.9,-6,-2,0,14.5,29.9,14.5,15.1,0.2,-6.9,5.1,7,650.1,IT - Software/Consulting,Small Cap
EASEMYTRIP,44.4,84.0,-9,-1,-4,0.7,-16.0,0.7,-16.0,-1.8,-14.1,-25.9,2,5.89,IT - Product/Platform,Small Cap
EASTSILK,29.2,29.2,-1,-2,0,7.4,28.1,3.1,13.2,-3.6,-2.4,0.4,3,70.3,Textile - Misc,Small Cap
EBGNG,7.6,7.6,-2,-4,1,3.0,20.8,3.0,11.4,-5.0,-4.1,4.6,5,674.45,Electronic - Equipment,Small Cap
ECLERX,29.2,29.2,-4,-8,-1,-5.2,14.1,-5.2,14.1,-9.6,-9.5,-10.5,5,1769.0,IT - Software/Consulting,Small Cap
EDELWEISS,5.6,25.5,-1,-4,0,4.5,14.3,4.5,8.1,-3.3,0.6,8.2,1,137.8,Financials - Misc,Small Cap
EFCIL,47.9,51.0,-4,-13,-1,-5.8,2.0,-5.8,2.0,-7.8,-13.9,-18.0,0,174.82,Diversified Commercial Services,Small Cap
EICHERMOT,12.7,12.7,-7,-13,-1,-9.3,-2.1,-9.3,-2.1,-6.9,-11.0,-9.7,5,7181.5,Auto - 2W,Large Cap
EIDPARRY,37.8,44.3,-7,-13,-4,-11.5,-8.3,-11.5,-8.3,-9.9,-14.4,-18.8,5,695.0,Agrichem - Fertilizers,Small Cap
EIEL,25.6,51.1,-9,-12,-2,-2.0,-6.5,-2.0,-6.5,-9.5,-14.4,-14.7,0,191.68,Engineering,Small Cap
EIFFL,19.5,27.5,-9,-13,-1,10.0,17.0,10.0,17.0,-7.7,-18.3,-14.8,4,277.0,Consumption - FMCG,Small Cap
EIHAHOTELS,27.3,46.1,-8,-6,-4,3.1,-7.9,3.1,-7.9,-2.5,-8.5,-10.5,5,293.45,Leisure - Hotels,Small Cap
EIHOTEL,27.2,40.0,-8,-7,-1,3.1,-5.0,3.1,-5.0,-3.5,-11.3,-8.1,4,301.15,Leisure - Hotels,Small Cap
EIMCOELECO,4.1,34.8,-2,-10,0,1.9,21.7,1.9,10.9,-1.0,-1.8,4.0,4,2282.9,Engineering,Small Cap
EKC,30.3,63.1,-7,-4,-3,0.1,-0.4,0.1,-0.4,-3.8,-4.7,-10.3,2,107.67,Packaging,Small Cap
ELDEHSG,27.8,35.8,-5,-10,-4,-3.0,0.1,-3.0,0.1,-4.9,-10.2,-14.5,6,754.05,Real Estate,Small Cap
ELECON,23.2,35.0,0,-1,-2,11.0,1.4,6.4,1.4,2.2,3.5,-11.1,5,480.6,Electronic - Equipment,Small Cap
ELECTCAST,22.7,67.7,-3,-12,-4,2.0,4.1,2.0,4.1,-4.7,-8.7,-8.4,4,76.49,Metals - Casting/Forging,Small Cap
ELECTHERM,38.8,46.3,-6,-13,-3,-22.8,1.1,-22.8,1.1,-19.3,-25.7,-31.4,2,781.95,Metals - Iron & Steel,Small Cap
ELGIRUBCO,23.8,65.6,-7,-12,-1,-6.4,6.5,-6.4,6.5,-13.1,-15.3,-11.1,3,53.37,Others,Small Cap
ELIN,61.2,69.3,-5,-13,-4,-11.3,-11.8,-11.3,-11.8,-11.6,-20.9,-30.8,0,86.47,Consumption - Appliances,Small Cap
ELLEN,23.2,42.2,-2,-10,0,3.3,30.0,2.8,16.8,-1.9,-3.5,14.4,5,368.8,Industrial Gases,Small Cap
EMAMILTD,32.4,56.0,-7,-4,-4,-4.3,-1.9,-4.3,-1.9,-4.2,-8.6,-16.2,1,378.35,Consumption - Personal,Mid Cap
EMAMIPAP,11.1,11.1,-3,-13,0,5.1,14.8,5.1,9.2,-1.7,-0.4,3.4,3,118.89,Paper,Small Cap
EMAMIREAL,41.9,83.5,-9,-11,-4,2.6,-7.8,2.6,-7.8,-6.6,-16.2,-32.8,1,66.95,Real Estate,Small Cap
EMBDL,43.2,79.1,-5,-4,-3,-8.1,-5.8,-8.1,-5.8,-6.6,-13.5,-11.2,1,56.37,Infra - Construction,Small Cap
EMCURE,6.3,6.3,-1,-6,0,4.1,7.3,4.1,3.3,-2.7,-3.7,0.1,3,1968.8,Healthcare - Pharma,Small Cap
EMIL,6.0,26.6,-1,-1,0,1.1,36.3,1.1,17.3,-2.8,-4.0,6.5,2,192.26,Consumption - Retail,Small Cap
EMKAY,23.5,30.8,2,-1,2,10.6,27.3,5.5,9.5,0.6,4.7,2.4,2,283.6,Financials - Broking,Small Cap
EMMBI,24.8,66.5,-3,-10,-2,4.4,7.4,4.4,7.4,-4.1,-3.9,-9.9,1,87.89,Packaging,Small Cap
EMMVEE,,15.3,-2,-10,-2,-0.4,21.0,-0.4,21.0,-8.1,-9.0,-9.0,5,314.8,Other Electrical Equipment,Small Cap
EMSLIMITED,41.5,66.8,-8,-12,-3,-11.1,-9.7,-11.1,-9.7,-13.1,-18.6,-18.6,2,337.65,Others,Small Cap
EMUDHRA,8.3,38.3,-1,-5,0,5.1,30.5,5.1,17.7,-4.2,-3.4,15.2,4,631.3,IT - Product/Platform,Small Cap
ENDURANCE,13.6,13.8,-5,-5,-1,-8.9,0.6,-8.9,0.6,-3.8,-12.8,-7.6,5,2653.7,Auto - OEM Suppliers,Mid Cap
ENERGYDEV,50.8,94.1,-9,-13,-4,-12.3,-6.8,-12.3,-6.8,-5.3,-16.3,-15.2,0,14.61,Power - Misc,Small Cap
ENGINERSIN,3.0,3.0,-1,-1,0,11.6,30.8,11.6,18.6,-1.1,-1.2,19.0,3,311.75,Infra - Construction,Small Cap
ENIL,40.8,90.5,-8,-10,-4,-9.8,-11.9,-9.8,-11.9,-6.6,-11.9,-21.6,0,95.2,Media - Entertainment,Small Cap
ENRIN,19.5,19.5,-7,-1,-4,-5.4,0.1,-5.4,0.1,-2.3,-13.5,-17.5,5,3193.7,Heavy Electrical Equipment,Mid Cap
ENTERO,7.7,7.7,-3,-13,-1,7.2,29.2,7.2,12.5,-5.6,-4.6,-2.1,3,1771.4,Others,Small Cap
EPACK,50.7,73.5,-9,-13,-4,-22.6,-21.2,-22.6,-21.2,-5.9,-26.7,-37.0,0,177.36,Consumption - Personal,Small Cap
EPACKPEB,28.7,28.7,-9,-4,-2,1.7,14.8,1.7,14.8,-3.1,-8.2,-8.2,0,245.4,Infra - Construction,Small Cap
EPIGRAL,42.5,57.7,-5,-13,-4,-11.3,1.1,-11.3,1.1,-14.9,-17.3,-16.8,3,1019.1,Chemicals - Specialty,Small Cap
EPL,14.9,26.8,-6,-13,-1,-5.0,4.4,-5.0,4.4,-6.3,-12.2,-11.1,4,233.1,Packaging,Small Cap
EQUITASBNK,19.9,42.3,-9,-6,-2,-8.2,-4.5,-8.2,-4.5,-8.4,-15.5,-11.6,3,67.24,Financials - Private Bank,Small Cap
ERIS,29.9,36.1,-9,-11,-3,-7.2,-11.3,-7.2,-11.3,-9.8,-16.2,-16.1,3,1220.2,Healthcare - Pharma,Small Cap
ESABINDIA,24.4,24.4,-5,-13,-4,-8.1,-0.5,-8.1,-0.5,-9.0,-12.2,-15.1,8,5530.0,Engineering,Small Cap
ESAFSFB,1.1,46.0,-4,-1,0,10.3,19.9,10.3,11.2,1.4,-0.4,3.6,0,44.51,Financials - Private Bank,Small Cap
ESCORTS,32.1,38.8,-6,-13,-4,-11.0,-8.8,-11.0,-8.8,-9.8,-13.5,-20.6,6,2707.2,Auto - Misc,Mid Cap
ESFL,61.0,84.2,-9,-5,-4,-3.5,6.7,-3.5,6.7,-5.7,-15.0,-10.2,2,119.0,Packaging,Small Cap
ESSARSHPNG,60.9,76.3,-8,4,-4,8.8,-23.1,7.8,-23.1,3.4,-16.2,-38.2,2,16.92,Transport - Shipping,Small Cap
ESTER,36.3,55.6,-7,-12,-4,-8.4,-4.9,-8.4,-4.9,-7.9,-16.5,-16.5,5,84.38,Packaging,Small Cap
ETERNAL,11.0,11.0,-1,-4,-1,1.5,11.7,1.5,5.7,-4.4,-2.1,-0.0,3,328.05,IT - Product/Platform,Large Cap
ETHOSLTD,23.3,29.4,-4,-12,-1,-10.3,0.1,-10.3,0.1,-10.1,-13.7,-14.1,6,2490.1,Consumption - Jewelry,Small Cap
EUREKAFORB,45.6,45.6,-7,-13,-4,-18.6,-18.0,-18.6,-18.0,-11.0,-20.5,-28.0,3,363.3,Consumption - Appliances,Small Cap
EUROPRATIK,48.3,48.3,-7,-13,-2,-32.9,-24.6,-32.9,-24.6,-21.6,-35.8,-33.9,0,201.5,Furniture- Home Furnishing,Small Cap
EVEREADY,18.7,36.6,-7,-11,-3,-7.6,-0.0,-7.6,-0.0,-11.9,-12.5,-12.8,1,320.3,Batteries,Small Cap
EVERESTIND,40.6,70.4,-9,-3,-2,-4.3,-1.3,-4.3,-1.3,-2.4,-20.9,-16.7,3,430.0,Infra - Cement,Small Cap
EXCELINDUS,20.5,51.7,-5,-11,-1,-9.4,-0.2,-9.4,-0.2,-6.8,-14.7,-11.2,2,928.9,Chemicals - Specialty,Small Cap
EXICOM,19.1,71.1,-2,-10,-2,-7.4,8.6,-7.4,8.6,-16.7,-16.4,-10.8,0,153.13,IT - Equipments,Small Cap
EXPLEOSOL,26.9,54.1,-3,-7,-4,-1.3,10.1,-1.3,10.1,-3.8,-5.6,-1.7,1,859.3,IT - Services,Small Cap
FACT,20.2,36.0,-8,-6,-4,-8.6,-6.8,-8.6,-6.8,-5.1,-9.6,-16.3,5,759.2,Agrichem - Fertilizers,Mid Cap
FAIRCHEMOR,20.6,72.6,-9,-1,-2,-5.6,9.3,-5.6,9.3,-0.4,-20.6,-20.6,1,672.0,Chemicals - Specialty,Small Cap
FAZE3Q,32.3,43.0,-7,-10,-3,-20.2,-7.4,-20.2,-7.4,-14.4,-27.8,-31.6,2,426.05,Textiles - Processing,Small Cap
FDC,26.5,46.9,-9,-5,-3,3.2,-11.5,3.2,-11.5,-2.7,-16.9,-17.4,4,350.0,Healthcare - Pharma,Small Cap
FEDFINA,16.7,16.7,-3,-13,-4,-4.6,0.4,-4.6,0.4,-9.7,-8.7,-8.0,2,148.68,Financials - NBFC,Small Cap
FIBERWEB,41.9,59.5,-9,-2,-5,5.6,-10.3,3.7,-10.3,0.1,-16.4,-32.5,2,27.0,Textile - Misc,Small Cap
FIEMIND,28.2,28.2,-7,-13,-1,-16.9,-10.6,-16.9,-10.6,-6.4,-25.8,-18.5,5,1921.6,Auto - OEM Suppliers,Small Cap
FILATEX,1.1,1.1,0,0,0,20.8,69.7,10.4,41.0,2.6,5.3,49.9,5,112.65,Textiles - Polyester,Small Cap
FINEORG,4.9,29.8,-4,-7,-3,0.6,14.2,0.6,14.2,-1.3,-2.7,-2.9,4,5142.5,Chemicals - Specialty,Small Cap
FINKURVE,48.3,48.3,-6,-8,-1,-0.6,8.0,-0.6,8.0,-6.1,-9.2,-6.7,0,69.77,Non Banking Financial Company (NBFC),Small Cap
FINOPB,61.9,77.9,-9,-9,-1,-18.3,-0.9,-18.3,-0.9,-7.7,-27.3,-26.2,0,129.07,Financials - Private Bank,Small Cap
FINPIPE,26.8,57.5,-7,-13,-4,-7.1,-5.5,-7.1,-5.5,-4.0,-8.6,-18.7,4,151.33,Infra - Plastic Pipes,Small Cap
FIRSTCRY,52.8,75.0,-8,-1,-4,-13.4,-13.3,-13.4,-13.3,-0.6,-14.2,-23.4,0,183.83,IT - Product/Platform,Small Cap
FISCHER,72.2,72.9,-9,-13,-5,-7.8,-4.3,-7.8,-4.3,-5.3,-16.0,-20.3,0,33.83,Medical Equipment & Supplies,Small Cap
FIVESTAR,24.6,46.8,-2,-10,-1,-6.8,6.1,-6.8,6.1,-8.5,-10.1,-8.7,4,501.9,Financials - NBFC,Small Cap
FLAIR,33.0,55.1,-8,-2,-5,-8.3,-19.3,-8.3,-19.3,-4.5,-12.4,-27.5,0,231.0,Consumption - FMCG,Small Cap
FLEXITUFF,88.1,98.7,-9,-1,-5,14.4,-49.0,14.4,-49.0,5.8,-42.2,-66.4,0,2.92,Chemicals - Misc,Small Cap
FLUOROCHEM,11.0,11.0,-2,-10,-1,-2.7,11.6,-2.7,11.6,-7.9,-8.5,-6.0,6,4411.2,Chemicals - Specialty,Mid Cap
FMGOETZE,28.3,31.0,-4,-2,-1,-7.9,3.2,-7.9,3.2,-3.2,-25.3,-26.4,2,459.9,Auto - Replacement,Small Cap
FOCUS,42.1,73.7,-9,-11,-2,-17.1,-24.2,-17.1,-24.2,-8.5,-27.4,-36.4,3,57.2,Auto - OEM Suppliers,Small Cap
FOODSIN,40.9,76.3,-4,-12,-4,-2.7,-1.3,-2.7,-1.3,-8.9,-10.8,-20.4,3,52.56,Consumption - FMCG,Small Cap
FORCEMOT,35.7,35.7,-7,-12,-5,-6.5,-12.9,-6.5,-12.9,-4.8,-8.1,-26.4,6,16996.0,Auto - PV/Trucks,Small Cap
FORTIS,25.9,25.9,-7,-13,-3,-12.7,-11.8,-12.7,-11.8,-10.2,-15.2,-14.5,4,818.25,Healthcare - Hospitals,Mid Cap
FOSECOIND,13.9,13.9,-1,-8,-1,0.0,16.1,0.0,16.1,-8.5,-5.7,-1.1,5,6361.0,Chemicals - Specialty,Small Cap
FRACTAL,,32.6,-6,-13,-4,-7.4,-10.2,-7.4,-10.2,-5.6,-12.7,-24.8,0,753.75,Computers - Software & Consulting,Small Cap
FSL,33.1,41.1,-8,-10,-1,-7.4,-1.3,-7.4,-1.3,-10.0,-18.2,-18.2,5,248.6,Tech - BPO,Small Cap
FUSION,28.8,74.9,-9,-13,-1,-12.2,-6.8,-12.2,-6.8,-13.8,-22.8,-17.1,2,173.12,Financials - MFI,Small Cap
GABRIEL,18.3,18.3,-7,-4,-1,-4.3,5.5,-4.3,5.5,-10.1,-12.8,-10.8,5,1307.6,Auto - Replacement,Small Cap
GAEL,12.8,23.4,-8,-12,-1,-4.0,1.1,-4.0,1.1,-3.4,-9.4,-9.4,5,161.27,Agri - Misc,Small Cap
GAIL,8.5,30.6,-8,-13,-1,-0.5,0.6,-0.5,0.6,-2.3,-6.1,-6.1,3,171.01,Utility - Gas,Large Cap
GALAPREC,7.7,21.5,8,-3,1,9.8,23.1,9.8,8.8,1.5,-0.7,4.2,0,1162.5,Engineering,Small Cap
GALAXYSURF,14.1,36.5,-6,-12,0,6.8,10.0,6.8,5.8,-0.0,-14.1,0.9,3,2275.2,Chemicals - Specialty,Small Cap
GALLANTT,43.0,43.0,-8,-13,-4,-10.1,-15.8,-10.1,-15.8,-4.3,-16.0,-37.8,5,540.8,Metals - Iron & Steel,Small Cap
GANDHAR,9.6,20.3,-9,-6,0,7.2,26.2,7.2,13.9,0.6,-3.0,6.4,2,274.1,Petro - Lubricants,Small Cap
GANDHITUBE,7.8,7.8,-1,-4,0,4.9,13.5,4.9,5.9,-4.1,-0.2,7.1,5,964.75,Metals - Pipe & Tube,Small Cap
GANECOS,20.3,59.3,-9,-12,-1,-11.6,1.5,-11.6,1.5,-2.4,-16.6,-15.2,5,1010.9,Textile - Misc,Small Cap
GANESHBE,4.1,36.8,1,-1,0,7.5,25.0,4.4,15.7,2.5,2.1,19.0,3,137.1,Oil and Gas,Small Cap
GANESHHOU,21.1,52.2,-7,-12,-1,-10.2,-4.7,-10.2,-4.7,-7.5,-15.0,-8.6,5,710.0,Real Estate,Small Cap
GANGESSECU,36.7,51.0,-5,-12,-5,-3.0,-5.4,-3.0,-5.4,-6.1,-8.2,-11.6,3,112.79,Agri - Tea/Coffee,Small Cap
GARFIBRES,12.8,23.7,-1,-6,-1,-4.6,0.1,-4.6,0.1,-7.8,-8.4,-7.5,5,753.0,Textile - Misc,Small Cap
GARUDA,29.0,29.0,-5,-4,-3,0.2,3.6,0.2,3.6,-5.2,-4.4,-2.2,3,176.89,Infra - Construction,Small Cap
GATEWAY,21.0,57.5,-8,-13,-3,-8.9,-7.7,-8.9,-7.7,-4.7,-11.4,-11.7,2,51.67,Transport - Logistics,Small Cap
GEECEE,2.8,20.6,-3,-6,0,5.5,13.4,5.0,8.3,0.3,-0.8,2.4,3,378.95,Real Estate,Small Cap
GEEKAYWIRE,16.8,58.6,-1,-7,3,10.1,21.7,10.1,10.6,-9.5,-9.1,14.2,4,30.61,Power - Wiring,Small Cap
GEMAROMA,39.9,54.7,-9,-12,-2,-12.9,-8.9,-12.9,-8.9,-5.1,-17.3,-18.1,0,158.5,,
GENCON,37.8,47.5,-4,-9,-1,-10.4,-2.4,-10.4,-2.4,-11.9,-16.5,-21.1,2,37.28,Infra - Construction,Small Cap
GENESYS,54.6,73.6,-3,-11,-3,13.8,4.7,13.8,4.7,-7.6,-14.3,-14.8,3,278.12,IT - Services,Small Cap
GENUSPOWER,19.4,39.8,-4,-13,-1,-7.9,-2.9,-7.9,-2.9,-12.7,-16.9,-12.7,4,292.5,Electronic - Equipment,Small Cap
GEOJITFSL,11.2,56.6,-4,-7,-1,-4.7,1.9,-4.7,1.9,-6.1,-8.2,-7.8,1,76.82,Financials - Broking,Small Cap
GFLLIMITED,31.1,58.6,-3,-13,0,-0.5,13.6,-0.5,5.4,-9.2,-12.8,3.0,2,55.79,Others,Small Cap
GHCL,39.3,48.0,-5,-13,-4,-7.2,-8.3,-7.2,-8.3,-6.4,-10.0,-22.9,5,404.9,Chemicals - Bulk,Small Cap
GHCLTEXTIL,8.3,8.3,-3,-2,-1,7.9,18.3,7.9,8.4,-3.4,-5.2,-1.6,5,132.58,Textile - Spinning/Yarn,Small Cap
GICHSGFIN,27.3,79.2,-7,-5,-3,-9.6,-10.8,-9.6,-10.8,-4.5,-12.5,-15.0,1,133.73,Financials - Housing,Small Cap
GICRE,23.2,38.9,-3,-7,-4,-9.8,-15.2,-9.8,-15.2,-8.2,-11.4,-18.8,1,320.9,Financials - Non-Life,Mid Cap
GILLANDERS,15.0,31.2,-2,-1,0,5.1,16.2,3.6,9.0,0.5,0.9,4.2,3,110.0,Agri - Tea/Coffee,Small Cap
GILLETTE,29.9,39.5,-9,-13,-4,-7.8,-8.4,-7.8,-8.4,-7.2,-11.3,-14.6,2,6960.0,Consumption - Personal,Mid Cap
GINNIFILA,30.3,38.4,-9,-13,-3,-2.2,-1.1,-2.2,-1.1,-6.0,-19.4,-19.6,2,40.3,Textile - Spinning/Yarn,Small Cap
GIPCL,14.3,32.8,-3,-12,-1,1.2,6.6,1.2,6.6,-10.1,-11.9,-9.0,3,181.5,Power - Misc,Small Cap
GKENERGY,50.1,50.1,-5,-12,-3,-6.6,-0.8,-6.6,-0.8,-8.4,-16.8,-18.0,0,119.55,Civil Construction,Small Cap
GKSL,,5.4,-1,-5,0,4.1,29.8,4.1,15.5,-3.9,-4.0,11.8,5,176.85,Healthcare - Hospitals,Small Cap
GKWLIMITED,22.3,62.8,-9,-4,-3,-3.1,-5.7,-3.1,-5.7,-3.9,-6.9,-13.9,4,1542.0,Financials - Misc,Small Cap
GLAND,1.7,31.2,5,-12,0,3.7,18.5,3.7,9.7,0.1,0.2,3.6,1,2991.0,Healthcare - Pharma,Small Cap
GLAXO,10.9,20.9,-4,-12,-1,-2.5,5.0,-2.5,5.0,-5.9,-10.4,-8.8,7,2781.9,Healthcare - Pharma,Mid Cap
GLOBAL,6.4,12.6,-1,-2,0,8.8,31.5,8.8,19.7,-3.5,-1.2,25.0,4,133.79,Transport - Logistics,Small Cap
GLOBALVECT,46.8,61.8,-8,-12,-4,-15.9,-18.1,-15.9,-18.1,-5.9,-25.8,-29.6,2,132.0,Transport - Logistics,Small Cap
GLOBUSSPR,35.7,54.2,-4,-13,-4,-10.0,-6.5,-10.0,-6.5,-8.1,-13.3,-27.5,4,805.0,Beverages - Alcohol,Small Cap
GMBREW,27.5,27.5,-1,-1,-5,2.3,10.6,2.3,4.5,-1.1,-1.6,-5.6,5,963.0,Beverages - Alcohol,Small Cap
GMDCLTD,33.5,33.5,-7,-12,-4,-10.6,-16.5,-10.6,-16.5,-12.1,-12.1,-30.6,3,513.35,Metals - Misc,Small Cap
GMMPFAUDLR,3.5,35.7,-1,-5,0,7.8,66.1,7.8,36.9,-0.7,-1.7,41.9,3,1479.6,Engineering,Small Cap
GMRAIRPORT,18.9,18.9,-9,-6,-2,-3.0,-2.1,-3.0,-2.1,-6.1,-15.0,-16.8,5,93.77,Infra - Construction,Mid Cap
GMRP&UI,25.9,40.3,-1,-2,-4,5.7,-1.8,2.8,-1.8,-0.8,-1.7,-10.4,4,100.96,Infra - Construction,Small Cap
GNA,8.4,8.4,-1,-2,0,3.5,17.9,3.5,10.3,-4.3,-3.9,9.1,4,593.4,Auto - OEM Suppliers,Small Cap
GNFC,3.8,32.9,-1,-1,0,3.2,15.7,3.2,8.9,-2.5,-3.0,6.4,3,611.7,Agrichem - Fertilizers,Small Cap
GOACARBON,17.4,66.3,-2,-12,3,11.8,12.7,11.8,12.7,-11.2,-1.4,1.3,1,409.0,Metals - Misc,Small Cap
GOCLCORP,21.1,48.0,-1,-7,-3,-12.5,-4.8,-12.5,-4.8,-19.5,-19.1,-11.3,1,363.95,Defense - Misc,Small Cap
GOCOLORS,57.6,79.1,-5,-12,-3,-8.1,-1.3,-8.1,-1.3,-7.7,-12.8,-24.8,3,303.3,Textile - Apparels,Small Cap
GODAVARIB,33.1,42.2,-9,-4,-4,-8.9,-16.9,-8.9,-16.9,-3.4,-15.5,-26.2,0,236.18,Agri - Sugar,Small Cap
GODFRYPHLP,45.6,52.0,-7,-7,-4,-11.0,-11.6,-11.0,-11.6,-6.1,-17.6,-17.0,5,1895.1,Consumption - Misc,Small Cap
GODIGIT,32.4,37.9,-8,-1,-5,1.8,-19.5,0.5,-19.5,-2.4,-10.0,-23.8,3,252.95,Financials - Life,Small Cap
GODREJAGRO,9.7,27.8,-2,-10,-1,-2.6,9.9,-2.6,9.9,-6.6,-6.7,0.5,1,633.4,Agri - Animal Feed,Small Cap
GODREJCP,32.9,44.5,-8,-2,-1,-18.9,-15.7,-18.9,-15.7,-2.6,-20.2,-28.2,5,855.0,Consumption - Personal,Large Cap
GODREJIND,27.0,27.0,-9,-9,-1,-17.2,-2.0,-17.2,-2.0,-8.0,-21.0,-20.6,4,1053.5,Chemicals - Specialty,Mid Cap
GODREJPROP,30.1,51.7,-8,-13,-1,-18.9,-13.8,-18.9,-13.8,-14.0,-22.7,-22.7,5,1643.1,Real Estate,Mid Cap
GOKEX,28.9,46.2,-9,-13,-3,-15.1,-0.4,-15.1,-0.4,-13.5,-18.3,-22.3,5,678.6,Textile - Apparels,Small Cap
GOKUL,15.0,44.1,-3,-12,-2,-1.0,0.4,-1.0,0.4,-7.9,-7.4,-5.5,4,39.77,Agri - Edible Oil,Small Cap
GOKULAGRO,16.9,16.9,-5,-13,-1,-7.8,0.3,-7.8,0.3,-7.6,-12.1,-11.6,5,215.85,Agri - Edible Oil,Small Cap
GOLDBEES,18.7,18.7,-5,-6,-4,-3.8,-0.8,-3.8,-0.8,-4.7,-9.3,-14.0,8,120.51,Index,ETF
GOLDIAM,19.2,24.6,-7,-13,-1,-9.5,-2.3,-9.5,-2.3,-5.2,-17.1,-14.5,6,321.6,Consumption - Jewelry,Small Cap
GOLDTECH,34.9,73.8,-9,-1,-1,-6.1,-6.0,-6.1,-6.0,-5.3,-23.1,-19.1,4,45.59,IT - Software/Consulting,Small Cap
GOODLUCK,5.3,5.3,0,-4,0,5.8,18.5,5.8,8.1,-2.6,0.5,4.3,5,528.05,Metals - Pipe & Tube,Small Cap
GOODYEAR,,51.6,-8,-12,-1,-11.6,-6.2,-11.6,-6.2,-3.6,-16.3,-45.8,6,702.6,Auto - Tyres,Small Cap
GOPAL,30.3,51.2,-7,-2,-4,-5.8,-6.6,-5.8,-6.6,-4.4,-10.9,-14.0,0,254.0,Consumption - FMCG,Small Cap
GPIL,30.8,71.1,-5,-12,-4,-7.6,-18.8,-7.6,-18.8,-12.2,-10.4,-26.2,5,221.32,Metals - Iron & Steel,Small Cap
GPPL,19.9,36.1,-4,-5,-1,1.6,2.3,1.6,2.3,-3.0,-5.0,-5.0,3,160.31,Infra - Construction,Small Cap
GPTHEALTH,12.0,30.0,-9,-6,-2,-0.7,3.6,-0.7,3.6,-7.5,-9.7,-9.7,0,154.0,Healthcare - Hospitals,Small Cap
GPTINFRA,14.6,42.6,-1,-6,-3,4.0,3.2,4.0,3.2,-2.1,-2.5,-12.3,3,117.0,Infra - Construction,Small Cap
GRANULES,6.2,6.2,-2,-10,0,4.5,6.5,4.5,3.6,-3.8,-5.5,4.6,5,866.2,Healthcare - Pharma,Small Cap
GRASIM,8.9,8.9,-7,-12,-1,-3.9,1.7,-3.9,1.7,-5.9,-6.5,-7.8,6,3108.2,Infra - Cement,Large Cap
GRAUWEIL,,42.7,-1,-1,1,8.6,20.4,8.6,7.1,-5.2,-5.9,-36.9,5,82.8,Chemicals - Bulk,
GRAVITA,24.4,46.4,-5,-12,-1,-18.5,-10.3,-18.5,-10.3,-14.7,-21.0,-19.6,5,1446.6,Metals - Misc,Small Cap
GREAVESCOT,13.6,26.4,-9,1,-1,14.8,24.1,14.8,24.1,0.9,-5.3,-2.1,5,235.05,Industrial - Pumps/Engines,Small Cap
GREENLAM,22.7,34.9,-7,-8,-3,-12.2,-6.6,-12.2,-6.6,-9.0,-21.8,-18.1,4,215.42,Infra - Laminates,Small Cap
GREENPANEL,49.4,74.6,-8,-4,-4,-16.3,-10.7,-16.3,-10.7,-6.9,-18.8,-30.5,4,159.1,Infra - Laminates,Small Cap
GREENPLY,16.1,31.9,-3,-13,-3,-2.5,15.0,-2.5,15.0,-7.1,-10.6,-8.2,1,280.45,Infra - Laminates,Small Cap
GREENPOWER,40.7,74.3,-9,-12,-4,-2.2,-5.4,-2.2,-5.4,-7.3,-12.5,-29.6,3,8.86,Power - Green,Small Cap
GRINDWELL,21.9,35.3,-6,-2,-3,-7.5,17.6,-7.5,17.6,-3.5,-11.6,-14.0,5,1916.2,Engineering,Small Cap
GRINFRA,37.6,63.9,-4,-12,-4,-4.5,-8.2,-4.5,-8.2,-5.0,-9.1,-13.8,0,817.8,Infra - Construction,Small Cap
GRMOVER,57.6,57.6,-9,-13,-4,-8.0,-48.6,-8.0,-48.6,-10.4,-14.1,-53.3,2,78.72,Agri - Misc,Small Cap
GROBTEA,26.6,65.8,-6,-13,-1,-6.4,5.8,-6.4,5.8,-6.6,-13.6,-9.8,2,899.0,Agri - Tea/Coffee,Small Cap
GROWW,,19.0,-9,-11,-4,-3.7,5.9,-3.7,5.9,-7.8,-11.7,-15.3,5,183.94,Stockbroking & Allied,Large Cap
GRPLTD,16.8,60.3,-8,-9,-1,0.5,-0.2,0.5,-0.2,-4.9,-8.9,-8.9,3,1914.0,Industrial - Consumables,Small Cap
GRSE,33.8,37.5,-6,-13,-4,-14.7,-11.3,-14.7,-11.3,-12.7,-15.7,-25.2,7,2209.9,Defense - Ship Building,Small Cap
GRWRHITECH,12.2,12.2,-4,10,-1,1.6,12.2,1.6,12.2,0.5,-3.7,-2.4,6,7019.0,Industrial - Consumables,Small Cap
GSFC,24.2,52.9,-3,-13,-4,-4.5,-6.0,-4.5,-6.0,-6.1,-7.2,-11.8,2,151.62,Agrichem - Fertilizers,Small Cap
GSLSU,77.6,90.6,-5,-3,-5,5.1,-28.5,5.1,-28.5,-2.6,-8.9,-61.4,0,31.25,Infra - Granites/Marbles,Small Cap
GSPL,,,,,,,,,,,,,,,,
GSS,62.5,97.0,-7,-5,-5,-20.8,-19.8,-20.8,-19.8,-7.4,-29.5,-25.3,2,10.3,IT - Services,Small Cap
GTECJAINX,19.4,80.8,-7,-9,-3,-3.6,39.9,-3.6,39.9,-6.4,-18.5,-12.3,4,26.97,IT - Education,Small Cap
GTLINFRA,28.8,87.4,-5,-13,-4,-10.7,-11.3,-10.7,-11.3,-8.4,-12.1,-23.2,1,1.09,Telecom,Small Cap
GTPL,54.2,82.8,-9,-10,-4,-3.3,-15.5,-3.3,-15.5,-9.6,-14.1,-19.8,1,54.11,Media - TV Broadcast,Small Cap
GUFICBIO,6.2,13.0,-3,-4,0,4.9,12.7,4.9,12.7,-1.2,-2.5,5.3,4,438.6,Healthcare - Pharma,Small Cap
GUJALKALI,22.7,39.7,-3,-12,-5,-9.0,5.1,-9.0,5.1,-12.1,-13.1,-21.4,3,629.85,Chemicals - Bulk,Small Cap
GUJAPOLLO,32.9,40.4,-8,-6,-5,-4.3,-16.1,-4.3,-16.1,-5.1,-13.9,-23.4,4,331.3,Engineering,Small Cap
GUJGASLTD,,,,,,,,,,,,,,,,
GUJRAFFIA,54.6,62.2,-6,-12,-4,0.7,13.9,0.7,13.9,-4.1,-8.3,-8.9,1,39.99,Packaging,Small Cap
GUJTHEM,14.9,14.9,-1,-13,-1,1.8,6.6,1.8,6.6,-8.8,-5.6,-3.5,0,407.45,Healthcare - Pharma,Small Cap
GULFOILLUB,14.4,27.0,-7,-1,-1,1.4,6.2,1.4,6.2,-0.2,-7.7,-1.6,2,1104.2,Petro - Lubricants,Small Cap
GULFPETRO,15.3,41.8,-5,-12,-1,1.8,20.8,1.8,20.8,-9.3,-10.7,-10.5,1,60.49,Petro - Lubricants,Small Cap
GULPOLY,27.5,53.4,-7,-13,-1,-14.0,-8.8,-14.0,-8.8,-9.5,-21.0,-17.1,2,165.02,Chemicals - Bulk,Small Cap
GVPIL,30.9,36.9,-9,-5,-3,-7.6,15.6,-7.6,15.6,-0.6,-15.0,-30.0,2,683.95,Power - Equipment,Small Cap
GYFTR,,19.5,-3,-11,-1,-8.2,1.7,-8.2,1.7,-17.0,-15.3,-10.7,0,156.0,,
HAPPSTMNDS,42.1,80.4,-5,-13,-1,-22.2,-15.2,-22.2,-15.2,-10.0,-30.7,-24.0,1,309.25,IT - Software/Consulting,Small Cap
HAPPYFORGE,15.6,15.6,-4,-13,-1,-1.5,18.1,-1.5,18.1,-7.9,-10.3,-13.5,5,2085.9,Metals - Casting/Forging,Small Cap
HARDWYN,53.2,68.2,-9,-1,-4,1.4,-37.2,1.4,-37.2,-0.6,-19.2,-52.7,2,9.28,Infra - Home Furnish,Small Cap
HARIOMPIPE,30.5,61.0,-7,-13,-2,-11.4,-7.1,-11.4,-7.1,-6.0,-14.2,-14.3,2,346.3,Metals - Pipe & Tube,Small Cap
HARRMALAYA,26.5,48.9,-8,-12,-5,-17.7,-8.2,-17.7,-8.2,-8.6,-21.5,-21.8,5,174.78,Agri - Tea/Coffee,Small Cap
HARSHA,2.4,24.2,0,-5,0,3.5,14.0,3.5,6.9,-0.7,0.7,2.0,4,465.15,Engineering,Small Cap
HATHWAY,35.0,83.7,-8,-13,-3,-11.0,-11.5,-11.0,-11.5,-9.6,-15.1,-19.5,1,9.34,Media - TV Broadcast,Small Cap
HATSUN,18.4,26.5,-3,-10,-1,-2.1,12.8,-2.1,12.8,-12.6,-10.0,-7.5,3,1101.4,Consumption - Dairy,Mid Cap
HAVELLS,30.9,50.1,-6,-13,-1,-16.5,-11.7,-16.5,-11.7,-8.0,-19.5,-22.7,5,1051.0,Consumption - Electronics,Large Cap
HBLENGINE,28.0,28.0,-1,-1,-3,7.7,5.4,7.7,5.4,0.7,0.3,-2.4,5,808.25,Railways,Small Cap
HBSL,49.2,71.8,-6,-1,-5,5.6,2.3,5.6,2.3,-3.5,-6.4,-12.4,1,55.25,Financials - NBFC,Small Cap
HCC,29.6,63.9,-5,-13,-3,-5.4,2.4,-5.4,2.4,-12.2,-15.7,-22.5,2,20.76,Infra - Construction,Small Cap
HCG,12.8,12.8,-5,-12,-1,2.1,12.0,2.1,12.0,-1.7,-3.3,-4.3,5,702.0,Healthcare - Hospitals,Small Cap
HCLTECH,30.9,38.9,-7,-6,-5,-5.9,2.9,-5.9,2.9,-3.9,-9.6,-12.2,6,1229.2,IT - Software/Consulting,Large Cap
HDBFS,20.8,29.2,-2,-7,-3,-6.5,-4.6,-6.5,-4.6,-8.3,-14.4,-15.9,0,631.15,Non Banking Financial Company (NBFC),
HDFCAMC,23.9,23.9,-8,-4,-4,-11.1,-10.5,-11.1,-10.5,-7.6,-15.0,-17.1,4,2258.3,Financials - AMC,Mid Cap
HDFCBANK,30.0,30.0,-8,-6,-3,-0.7,-9.9,-0.7,-9.9,-3.7,-9.6,-18.5,8,714.0,Financials - Private Bank,Large Cap
HDFCLIFE,33.6,36.2,-9,-4,-5,-3.7,-5.6,-3.7,-5.6,-6.7,-7.7,-25.7,4,523.85,Financials - Life,Large Cap
HDFCSML250,4.3,4.4,-3,-11,-1,-0.9,3.5,-0.9,3.5,-2.6,-4.0,-2.0,5,181.68,,
HECPROJECT,30.2,39.2,-9,-13,-4,-11.1,-0.2,-11.1,-0.2,-10.7,-20.1,-18.1,7,111.99,Infra - Construction,Small Cap
HEG,68.2,75.8,-5,-13,-1,-65.5,-58.0,-65.5,-58.0,-9.0,-67.5,-67.1,2,240.0,Metals - Casting/Forging,Small Cap
HEIDELBERG,37.0,54.3,-4,-13,-5,-17.4,-13.5,-17.4,-13.5,-18.8,-19.1,-18.6,4,130.25,Infra - Cement,Small Cap
HEMIPROP,39.7,56.6,-7,-13,-4,-14.9,-9.6,-14.9,-9.6,-7.8,-16.9,-17.8,4,114.93,Real Estate,Small Cap
HERANBA,45.2,81.0,-1,-1,-4,2.1,1.5,2.1,1.5,-2.6,-4.5,-18.6,0,179.1,Agrichem - Protection,Small Cap
HERCULES,,,,,,,,,,,,,,,,
HERITGFOOD,20.2,44.7,-2,-3,3,1.0,16.7,1.0,10.1,-4.5,-4.1,9.4,2,402.1,Consumption - Dairy,Small Cap
HEROMOTOCO,17.8,17.8,-7,-5,-1,-1.5,3.9,-1.5,3.9,-2.8,-9.3,-5.6,4,5253.0,Auto - 2W,Large Cap
HESTERBIO,19.3,35.9,-9,-12,-2,-7.5,0.9,-7.5,0.9,-7.2,-12.6,-12.6,2,2165.0,Healthcare - Diagnostics,Small Cap
HEXATRADEX,14.2,57.9,-7,-6,-4,0.9,-2.2,0.9,-2.2,-2.8,-4.2,-6.1,4,156.5,Financials - Misc,Small Cap
HEXT,40.3,46.4,-6,-8,-1,-11.6,-9.0,-11.6,-9.0,-7.9,-15.5,-15.0,0,482.1,IT - Software/Consulting,Small Cap
HGINFRA,55.0,76.7,-8,-12,-4,-17.3,-22.2,-17.3,-22.2,-9.5,-20.1,-26.4,6,438.95,Infra - Construction,Small Cap
HGM,48.1,89.4,-8,-13,-4,-12.6,-21.0,-12.6,-21.0,-18.0,-20.3,-30.2,1,42.0,IT - Software/Consulting,Small Cap
HGS,32.9,81.3,-9,-9,-1,-12.8,-9.2,-12.8,-9.2,-6.4,-14.9,-13.5,3,365.9,Tech - BPO,Small Cap
HIKAL,16.6,70.7,-2,-13,-1,1.1,6.3,1.1,6.3,-11.5,-5.0,-2.0,4,217.72,Healthcare - Pharma,Small Cap
HILTON,67.1,90.5,-8,-13,-5,-19.6,-17.1,-19.6,-17.1,-11.8,-24.3,-39.2,3,16.5,Metals - Pipe & Tube,Small Cap
HIMATSEIDE,49.8,85.4,-9,-13,-2,-17.8,-24.4,-17.8,-24.4,-6.8,-23.6,-31.6,1,64.95,Textile - Misc,Small Cap
HINDALCO,19.0,19.0,-7,-12,-4,-3.9,1.3,-3.9,1.3,-6.8,-10.6,-15.5,5,952.0,Metals - Aluminium,Large Cap
HINDCOMPOS,31.5,53.1,-7,-1,-4,1.8,-9.5,1.8,-9.5,-4.4,-13.3,-19.1,2,377.0,Auto - OEM Suppliers,Small Cap
HINDCON,11.5,52.1,0,-1,0,36.0,52.0,18.6,30.7,10.4,21.0,36.6,4,33.39,Chemicals - Specialty,Small Cap
HINDCOPPER,37.3,37.3,-5,-12,-4,-8.6,-8.5,-8.6,-8.5,-11.2,-17.3,-15.5,4,476.2,Metals - Copper,Small Cap
HINDOILEXP,13.8,40.9,-2,-13,0,4.1,8.8,4.1,8.8,-11.7,-6.4,7.1,3,173.56,Oil and Gas,Small Cap
HINDPETRO,31.5,31.5,-8,-4,-3,-10.9,-9.8,-10.9,-9.8,-3.7,-12.3,-17.3,3,348.05,Petro - Refineries,Mid Cap
HINDUNILVR,29.8,38.3,-9,-13,-4,-7.1,-7.4,-7.1,-7.4,-5.1,-13.1,-18.7,5,1872.4,Consumption - FMCG,Large Cap
HINDWAREAP,56.7,74.4,-8,-11,-3,-20.5,-22.7,-20.5,-22.7,-7.3,-25.2,-34.6,5,170.04,Infra - Home Furnish,Small Cap
HINDZINC,22.3,29.4,-5,-12,-4,-0.5,0.6,-0.5,0.6,-5.2,-8.4,-10.0,5,569.85,Metals - Misc,Large Cap
HIRECT,16.5,16.5,-8,-12,-1,-7.9,4.5,-7.9,4.5,-9.0,-13.1,-13.1,6,1168.1,Electronic - Equipment,Small Cap
HISARMETAL,21.2,39.8,-3,-11,-1,0.6,1.7,0.6,1.7,-6.8,-9.5,-10.2,4,151.7,Metals - Iron & Steel,Small Cap
HITECH,40.9,65.3,-9,-12,-4,-13.2,-9.8,-13.2,-9.8,-5.6,-14.9,-21.2,5,73.19,Metals - Iron & Steel,Small Cap
HITECHCORP,1.2,2.9,-5,-1,0,3.3,12.5,2.5,7.0,0.9,-1.2,1.9,3,341.0,Packaging,Small Cap
HITECHGEAR,31.3,51.9,-1,-1,-3,8.2,2.7,2.5,2.7,-2.9,-2.1,-6.0,2,616.5,Auto - Replacement,Small Cap
HLEGLAS,34.4,71.2,-7,-5,0,5.0,23.5,5.0,13.2,-6.4,-8.4,0.3,0,434.2,Engineering,Small Cap
HMAAGRO,30.2,71.6,-6,-9,-4,4.6,25.1,4.6,7.3,-1.8,-3.2,-4.5,0,23.89,Consumption - Misc,Small Cap
HMT,17.1,42.9,-4,-13,-3,-4.0,2.8,-4.0,2.8,-12.2,-10.4,-13.7,2,59.98,Engineering,Small Cap
HMVL,33.1,76.9,-8,-4,-2,-21.0,-13.1,-21.0,-13.1,-12.2,-26.6,-23.5,0,72.4,Media - Publishing,Small Cap
HNDFDS,11.9,20.3,-5,-13,-1,-1.0,3.5,-1.0,3.5,-4.8,-7.8,-9.3,4,597.15,Consumption - Misc,Small Cap
HNGSNGBEES,21.8,21.8,-8,-13,-4,-5.8,-10.1,-5.8,-10.1,-3.9,-11.5,-15.2,4,453.7,Index,ETF
HOMEFIRST,16.9,27.9,-1,-6,-3,-5.3,-3.8,-5.3,-3.8,-12.5,-12.4,-9.0,5,1095.0,Financials - Housing,Small Cap
HONASA,13.3,19.2,-6,-4,-1,-6.0,4.0,-6.0,4.0,-8.1,-12.9,-8.1,2,441.8,Others,Small Cap
HONAUT,18.7,43.8,-8,-7,-2,-9.5,7.0,-9.5,7.0,-4.4,-13.8,-15.4,5,33730.0,Electronic - Equipment,Small Cap
HONDAPOWER,32.4,58.2,-6,-12,-4,-10.2,-10.7,-10.2,-10.7,-5.9,-13.2,-20.5,4,1880.0,Engineering,Small Cap
HPAL,34.7,73.6,-2,-10,-4,1.7,0.1,1.7,0.1,-9.1,-9.0,-11.3,2,34.59,Chemicals - Specialty,Small Cap
HPIL,25.6,45.4,-7,-9,-4,-5.7,-9.3,-5.7,-9.3,-6.9,-11.7,-14.8,6,114.89,Chemicals - Dyes,Small Cap
HPL,43.7,61.0,-7,-13,-4,-19.0,-21.2,-19.0,-21.2,-10.6,-21.6,-27.4,3,270.4,Consumption - Electronics,Small Cap
HTMEDIA,26.4,78.7,-7,-10,-1,-12.4,0.4,-12.4,0.4,-10.0,-17.7,-12.6,1,23.04,Media - Publishing,Small Cap
HUBTOWN,50.8,54.4,-9,-13,-3,-6.5,-17.1,-6.5,-17.1,-10.8,-17.1,-20.5,2,166.89,Real Estate,Small Cap
HUDCO,31.6,52.3,-7,-4,-4,-12.7,-11.2,-12.7,-11.2,-5.2,-16.8,-23.8,2,168.89,Financials - Housing,Mid Cap
HUHTAMAKI,28.7,48.0,-9,-13,-2,-5.0,6.9,-5.0,6.9,-11.7,-26.6,-21.1,1,235.15,Packaging,Small Cap
HYUNDAI,21.3,29.0,-5,-13,-1,-6.1,3.3,-6.1,3.3,-7.1,-9.4,-7.2,3,2053.1,Auto - PV/Trucks,Large Cap
IBULLSLTD,7.9,94.9,-1,-6,1,7.7,37.2,7.7,10.2,-0.9,-2.9,6.9,2,29.94,Financials - Housing,Small Cap
ICDSLTD,33.8,68.1,-3,-12,3,5.6,30.2,5.6,9.6,-22.0,-28.1,10.6,3,51.45,Others,Small Cap
ICEMAKE,31.1,41.8,-9,-11,-4,-21.0,-13.5,-21.0,-13.5,-13.6,-27.8,-24.1,4,633.6,Transport - Logistics,Small Cap
ICICIAMC,,9.9,-5,5,-4,5.2,8.4,2.8,8.4,0.9,-0.5,-8.0,5,3254.8,Asset Management Company,
ICICIBANK,12.4,13.5,-8,-13,-1,-8.6,-5.5,-8.6,-5.5,-8.1,-10.2,-10.8,7,1296.8,Financials - Private Bank,Large Cap
ICICIGI,26.6,34.2,-9,-2,-3,1.1,-7.0,1.1,-7.0,-3.3,-9.1,-17.5,5,1515.0,Financials - Non-Life,Large Cap
ICICIPRULI,36.5,43.6,-5,-5,-4,-10.6,-8.5,-10.6,-8.5,-9.2,-13.2,-30.6,5,449.1,Financials - Life,Large Cap
ICIL,10.6,10.6,-3,-4,-1,0.3,6.5,0.3,6.5,-6.4,-3.4,-7.5,4,434.4,Textile - Spinning/Yarn,Small Cap
ICRA,35.0,44.3,-6,-13,-4,-13.7,-13.3,-13.7,-13.3,-12.1,-18.4,-21.7,3,4306.3,Financials - Ratings,Small Cap
IDBI,29.4,29.4,-4,-2,-1,-2.4,3.8,-2.4,3.8,-2.6,-10.1,-25.8,2,83.59,Financials - Private Bank,Large Cap
IDEA,14.4,81.8,-3,-12,-2,-6.1,2.0,-6.1,2.0,-12.6,-10.4,-6.5,1,13.52,Telecom,Mid Cap
IDEAFORGE,23.9,46.4,-7,-13,-1,-16.2,0.4,-16.2,0.4,-7.5,-21.6,-19.2,0,720.4,Defense - Technology,Small Cap
IDFCFIRSTB,10.3,20.2,-5,-4,-1,-5.6,2.5,-5.6,2.5,-8.0,-7.5,-6.5,1,80.35,Financials - Private Bank,Mid Cap
IEX,33.3,66.5,-8,-12,-1,-15.1,-12.0,-15.1,-12.0,-8.9,-19.6,-19.6,3,106.91,IT - Product/Platform,Small Cap
IFBAGRO,50.0,50.0,-9,-10,-4,-8.7,3.5,-8.7,3.5,-0.5,-13.1,-14.3,2,895.15,Beverages - Alcohol,Small Cap
IFBIND,40.3,48.9,-7,-10,-1,-10.6,-5.2,-10.6,-5.2,-7.6,-16.6,-9.5,2,1204.9,Consumption - Appliances,Small Cap
IFCI,34.0,34.0,-3,-13,-1,-13.1,2.1,-13.1,2.1,-27.4,-32.3,-20.9,3,70.99,Financials - NBFC,Small Cap
IFGLEXPOR,43.7,59.3,-7,-12,-1,-10.1,0.1,-10.1,0.1,-11.3,-17.6,-10.2,2,190.36,Metals - Casting/Forging,Small Cap
IGARASHI,26.0,58.8,-8,-10,-3,-8.6,11.0,-8.6,11.0,-5.1,-11.3,-12.8,1,412.8,Auto - OEM Suppliers,Small Cap
IGCL,48.6,53.1,-8,-12,-1,-19.2,-13.9,-19.2,-13.9,-21.5,-26.5,-26.5,0,57.25,Agrichem - Protection,Small Cap
IGIL,16.6,49.6,-7,-6,-4,-5.9,-5.7,-5.9,-5.7,-1.7,-9.7,-12.9,0,324.0,Consumption - Jewelry,Small Cap
IGL,36.5,52.8,-4,-13,-3,-6.0,-12.8,-6.0,-12.8,-7.6,-10.1,-16.7,3,142.0,Utility - Gas,Mid Cap
IGPL,3.8,42.4,-1,-1,0,5.3,24.0,5.3,13.5,-1.5,-1.1,9.7,1,586.45,Chemicals - Bulk,Small Cap
IIFL,13.7,13.7,-5,-4,-1,-1.1,16.3,-1.1,16.3,-5.7,-11.2,-6.0,4,608.2,Financials - NBFC,Small Cap
IIFLCAPS,16.1,23.2,-1,-4,3,1.4,3.1,1.4,1.8,-1.7,-0.5,1.0,6,344.9,Financials - Broking,Small Cap
IITL,41.5,71.7,-5,-13,-5,-13.3,-11.5,-13.3,-11.5,-16.0,-19.6,-24.2,3,125.85,Financials - NBFC,Small Cap
IKIO,17.6,58.7,-3,-11,-1,-2.3,4.9,-2.3,4.9,-14.3,-12.1,-8.7,0,196.8,Consumption - Electronics,Small Cap
IKS,9.9,18.9,-8,-4,-1,0.4,3.7,0.4,3.7,-7.3,-6.4,-4.4,0,1775.4,Tech - BPO,Small Cap
IMAGICAA,17.3,63.6,-4,-12,-1,-0.2,4.2,-0.2,4.2,-7.5,-11.9,-8.9,0,51.3,Leisure - Misc,Small Cap
IMFA,27.8,27.8,-8,-12,-4,-12.3,-8.2,-12.3,-8.2,-6.8,-18.2,-19.7,5,1212.5,Metals - Misc,Small Cap
IMPAL,15.4,30.1,-3,-12,-2,-3.9,-0.7,-3.9,-0.7,-7.9,-6.1,-5.4,4,1047.8,Auto - Misc,Small Cap
INCREDIBLE,35.3,77.9,-5,-7,-4,-1.3,-0.1,-1.3,-0.1,-5.5,-12.5,-11.1,0,31.59,Metals - Iron & Steel,Small Cap
INDBANK,46.7,58.5,-9,-11,-4,-22.2,-22.6,-22.2,-22.6,-10.7,-24.7,-28.4,4,25.14,Financials - Broking,Small Cap
INDGN,3.0,17.4,-1,-1,-1,2.1,12.8,0.7,6.7,-0.6,-0.1,-0.6,0,608.2,Healthcare - Pharma,Small Cap
INDHOTEL,5.8,20.3,-1,-5,-1,-2.1,1.7,-2.1,1.7,-4.5,-4.6,-3.6,5,713.45,Leisure - Hotels,Large Cap
INDIACEM,37.5,37.5,-9,-13,-1,-21.5,-17.4,-21.5,-17.4,-14.5,-25.6,-24.1,5,303.55,Infra - Cement,Small Cap
INDIAGLYCO,75.2,75.2,-4,-11,-1,-72.8,-70.6,-72.8,-70.6,-2.5,-74.3,-73.8,4,303.3,Chemicals - Bulk,Small Cap
INDIAMART,36.0,67.8,-8,-10,-5,-6.5,-18.0,-6.5,-18.0,-4.6,-15.3,-23.1,2,1617.2,IT - Product/Platform,Mid Cap
INDIANB,20.1,20.1,-7,-12,-1,-6.0,-4.3,-6.0,-4.3,-7.4,-10.7,-16.7,4,799.5,Financials - PSU Bank,Mid Cap
INDIANCARD,33.9,59.3,-6,-8,-4,-11.6,-13.3,-11.6,-13.3,-16.4,-18.9,-19.6,2,183.99,Others,Small Cap
INDIANHUME,17.7,42.1,-5,-13,-1,-7.1,1.8,-7.1,1.8,-9.0,-10.9,-9.6,1,355.6,Engineering,Small Cap
INDIASHLTR,30.6,36.6,-9,-6,-4,-0.2,-14.4,-0.2,-14.4,-5.6,-21.3,-22.3,5,641.4,Financials - Housing,Small Cap
INDIGO,18.4,21.8,-8,-5,-3,-5.7,10.5,-5.7,10.5,-3.1,-8.7,-9.8,6,4871.5,Transport - Logistics,Large Cap
INDIGOPNTS,19.8,67.6,-4,-4,-1,-4.2,7.0,-4.2,7.0,-6.5,-8.9,-6.3,0,1080.0,Consumption - Paints,Small Cap
INDIGRID,4.6,4.6,-9,-13,-1,-2.5,-0.5,-2.5,-0.5,-1.7,-4.1,-3.8,5,172.53,Financials - Misc,Small Cap
INDIQUBE,16.9,19.6,-2,-10,0,3.1,10.7,3.1,5.5,-4.6,-4.8,2.2,0,196.05,Human Resources,Small Cap
INDNIPPON,20.7,20.7,-2,-12,0,3.0,18.6,3.0,8.5,-11.7,-8.8,4.5,4,1239.6,Auto - OEM Suppliers,Small Cap
INDOAMIN,4.2,41.1,0,0,2,14.0,26.1,14.0,12.2,3.4,7.2,6.8,4,146.3,Chemicals - Specialty,Small Cap
INDOBORAX,9.7,9.7,-3,-13,-1,3.6,20.4,3.6,20.4,-4.7,-6.5,-3.6,6,489.95,Chemicals - Bulk,Small Cap
INDOCO,15.2,49.3,1,9,0,9.7,17.5,7.9,10.0,2.3,2.3,10.5,3,269.0,Healthcare - Pharma,Small Cap
INDORAMA,8.3,8.3,0,-6,0,14.7,91.3,14.7,46.6,-2.9,3.7,56.2,4,103.0,Textiles - Polyester,Small Cap
INDOSTAR,28.3,65.6,-9,-13,-3,-14.9,-10.8,-14.9,-10.8,-17.1,-21.8,-18.9,0,209.26,Financials - NBFC,Small Cap
INDOTECH,20.6,20.6,-5,-13,-1,-12.3,7.4,-12.3,7.4,-13.7,-18.2,-13.6,4,3200.0,Power - Equipment,Small Cap
INDOTHAI,93.2,93.2,-8,-13,-5,-85.0,-88.4,-85.0,-88.4,-83.4,-87.5,-89.2,4,31.93,Financials - Broking,Small Cap
INDRAMEDCO,44.6,44.6,-7,-3,-4,-4.1,-7.0,-4.1,-7.0,-4.8,-8.5,-13.3,5,355.0,Healthcare - Hospitals,Small Cap
INDSWFTLAB,2.0,2.0,0,3,0,8.9,67.5,4.8,31.6,1.2,1.8,12.8,4,411.5,Healthcare - Pharma,Small Cap
INDTERRAIN,31.6,88.5,-6,-8,-3,3.7,-5.0,3.7,-5.0,-3.8,-8.9,-12.9,1,29.15,Textile - Apparels,Small Cap
INDUSINDBK,16.9,56.1,-7,-13,-1,-10.9,-5.2,-10.9,-5.2,-10.5,-13.0,-12.1,1,895.3,Financials - Private Bank,Mid Cap
INDUSINVIT,,,,,,,,,,,,,,,,
INDUSTOWER,22.9,23.1,-9,-10,-4,-1.1,-6.2,-1.1,-6.2,-3.5,-7.5,-16.0,2,371.25,Telecom,Mid Cap
INFOBEAN,43.7,43.7,-4,-13,-4,-11.6,-6.0,-11.6,-6.0,-8.7,-17.8,-25.6,4,145.0,IT - Software/Consulting,Small Cap
INFY,42.9,50.8,-7,-10,-5,-12.3,-10.6,-12.3,-10.6,-9.2,-16.2,-23.5,5,987.2,IT - Software/Consulting,Large Cap
INGERRAND,15.3,16.1,-4,-13,-1,-9.5,-0.6,-9.5,-0.6,-11.5,-13.9,-13.5,5,4196.0,Industrial - Pumps/Engines,Small Cap
INOXGREEN,40.9,40.9,-9,-11,-3,-5.6,-4.3,-5.6,-4.3,-6.8,-14.6,-17.6,6,164.83,Power - Green,Small Cap
INOXINDIA,11.8,11.8,-3,-12,-1,-1.6,7.9,-1.6,7.9,-9.0,-8.7,-3.3,8,2063.1,Engineering,Small Cap
INOXWIND,54.6,72.4,-8,-4,-4,-0.6,-20.1,-0.6,-20.1,-7.4,-8.4,-29.1,2,72.27,Power - Equipment,Small Cap
INSECTICID,23.8,46.2,-8,-12,-4,-7.1,-4.3,-7.1,-4.3,-4.6,-9.8,-19.7,2,590.9,Agrichem - Protection,Small Cap
INSPIRISYS,35.0,55.5,-7,-1,-4,-10.7,-9.1,-10.7,-9.1,-5.0,-16.1,-33.3,4,85.77,IT - Services,Small Cap
INTELLECT,50.6,51.0,-9,-13,-4,-10.2,-7.8,-10.2,-7.8,-10.7,-19.3,-18.2,6,614.9,IT - Software/Consulting,Small Cap
INTENTECH,43.3,54.8,-9,-1,-3,1.8,-15.3,1.8,-15.3,-3.1,-9.1,-19.9,1,82.25,IT - Product/Platform,Small Cap
INTERARCH,38.8,38.8,-7,-12,-4,0.3,5.6,0.3,5.6,-3.9,-8.3,-19.1,3,1690.2,Engineering,Small Cap
INTLCONV,30.2,35.9,-3,-1,-4,1.5,8.7,1.5,8.7,-1.6,-3.7,-2.5,2,80.0,Engineering,Small Cap
IOB,25.6,62.9,-7,-13,-4,-8.6,-6.5,-8.6,-6.5,-6.4,-9.5,-11.5,3,31.08,Financials - PSU Bank,Mid Cap
IOC,29.5,32.3,-8,-4,-4,-5.1,2.3,-5.1,2.3,-3.5,-7.1,-26.5,4,133.26,Petro - Refineries,Large Cap
IOLCP,8.2,8.2,-1,-12,0,3.9,30.9,3.9,14.7,-5.8,-1.5,3.8,4,201.04,Healthcare - Pharma,Small Cap
IONEXCHANG,15.5,46.5,-2,-10,-1,0.8,5.0,0.8,5.0,-7.0,-8.1,-2.4,4,410.75,Engineering,Small Cap
IPCALAB,5.0,5.0,-1,-2,-1,-0.6,9.5,-0.6,9.5,-3.8,-3.7,-1.9,6,1936.6,Healthcare - Pharma,Mid Cap
IPL,37.8,69.2,-9,-7,-4,0.8,-9.7,0.8,-9.7,-5.0,-13.6,-19.0,2,133.13,Agrichem - Protection,Small Cap
IPRINGLTD,,27.3,-4,-13,-1,-3.5,3.0,-3.5,3.0,-13.5,-15.0,-13.3,0,136.0,,
IRB,29.0,56.5,-8,-12,-5,-10.8,-13.8,-10.8,-13.8,-14.7,-15.7,-23.4,4,17.0,Infra - Construction,Mid Cap
IRCON,44.9,70.8,-7,-13,-4,-18.6,-24.4,-18.6,-24.4,-12.6,-21.8,-33.4,4,102.65,Railways,Small Cap
IRCTC,38.6,64.7,-7,-7,-4,-8.8,-9.1,-8.8,-9.1,-4.7,-13.3,-18.3,4,451.65,IT - Product/Platform,Mid Cap
IREDA,29.6,64.0,-9,-1,-4,0.2,-8.8,0.2,-8.8,-2.3,-7.5,-17.9,2,111.72,Financials - NBFC,Mid Cap
IRFC,43.2,66.0,-8,-13,-4,-12.0,-12.1,-12.0,-12.1,-5.5,-13.0,-25.7,5,77.89,Railways,Mid Cap
IRIS,40.5,60.0,-3,-13,-2,-5.3,-5.9,-5.3,-5.9,-10.9,-14.9,-12.9,2,231.0,IT - Services,Small Cap
IRISDOREME,6.8,40.2,-1,-1,0,3.0,28.5,3.0,14.5,-4.6,-4.2,8.3,6,63.35,Textile - Apparels,Small Cap
IRMENERGY,28.9,58.2,-6,-13,-4,-1.0,6.1,-1.0,6.1,-5.3,-10.2,-26.0,0,267.9,Industrial - Consumables,Small Cap
ISFT,15.0,88.6,-1,-4,0,14.0,33.2,14.0,9.7,-9.4,-1.1,3.6,1,97.75,IT - Product/Platform,Small Cap
ISGEC,21.0,47.5,-1,-1,-4,8.4,-4.6,8.4,-4.6,-0.6,-2.1,-19.5,3,880.25,Engineering,Small Cap
ITC,37.8,47.9,-9,-4,-4,-6.3,-8.0,-6.3,-8.0,-1.2,-7.8,-16.5,5,265.3,Consumption - Misc,Large Cap
ITCHOTELS,29.7,39.0,-7,-2,-2,-2.6,-0.9,-2.6,-0.9,-2.1,-7.1,-11.5,0,159.68,Leisure - Hotels,Mid Cap
ITDC,19.8,29.2,-9,-5,-1,-4.9,6.4,-4.9,6.4,-6.3,-11.1,-6.8,3,658.9,Leisure - Hotels,Small Cap
ITI,34.6,58.9,-8,-13,-3,-12.3,-15.2,-12.3,-15.2,-9.7,-13.9,-19.6,3,243.7,Telecom,Small Cap
IVALUE,33.9,33.9,-9,-12,-3,-17.2,-12.8,-17.2,-12.8,-4.1,-24.3,-18.6,0,224.85,IT Enabled Services,Small Cap
IVP,3.0,22.4,-1,-5,0,4.7,33.9,4.7,17.2,-2.0,-1.6,12.0,2,225.0,Chemicals - Bulk,Small Cap
IXIGO,52.7,52.7,-8,-13,-1,-13.5,-11.1,-13.5,-11.1,-4.8,-19.7,-19.7,3,160.46,Leisure - Misc,Small Cap
IZMO,24.5,35.4,-9,-4,-2,-0.8,4.1,-0.8,4.1,-5.9,-20.7,-14.2,5,887.9,IT - Software/Consulting,Small Cap
J&KBANK,31.2,31.2,-9,-4,-3,-5.4,-2.0,-5.4,-2.0,-6.2,-24.2,-12.4,2,138.74,Financials - Private Bank,Small Cap
JAGRAN,20.5,70.8,-8,-4,-4,-0.4,-3.6,-0.4,-3.6,-1.3,-3.0,-16.9,0,62.28,Media - Publishing,Small Cap
JAGSNPHARM,11.3,28.5,-1,-2,-1,-0.4,9.5,-0.4,0.6,-4.4,-3.2,-2.6,5,234.61,Healthcare - Pharma,Small Cap
JAIBALAJI,37.9,75.9,-6,-13,-4,-5.3,-6.4,-5.3,-6.4,-8.2,-12.4,-20.3,5,63.31,Metals - Iron & Steel,Small Cap
JAICORPLTD,47.0,79.0,-7,-13,-4,-7.9,-14.9,-7.9,-14.9,-6.4,-14.0,-21.4,2,91.92,Industrial - Consumables,Small Cap
JAINREC,51.5,51.5,-8,-4,-5,-13.0,-28.1,-13.0,-28.1,-3.8,-18.6,-39.2,0,288.2,Diversified Metals,Small Cap
JAIPURKURT,40.9,78.4,-7,-10,-4,-6.4,-11.3,-6.4,-11.3,-1.1,-8.7,-29.0,2,25.28,Textile - Apparels,Small Cap
JAMNAAUTO,10.7,10.7,-8,-1,0,2.8,6.9,2.8,5.0,-1.6,-5.9,-0.5,5,136.22,Auto - Replacement,Small Cap
JARO,46.9,52.6,-9,-7,-4,-7.0,-9.9,-7.0,-9.9,-10.8,-15.0,-25.0,0,422.0,E-Learning,Small Cap
JAYAGROGN,14.7,60.4,-3,-12,-1,0.2,3.9,0.2,3.9,-12.7,-7.4,-4.2,1,226.0,Chemicals - Specialty,Small Cap
JAYBARMARU,39.8,39.8,-8,-2,-2,5.6,-6.3,3.3,-6.3,1.4,-24.5,-27.4,2,124.55,Auto - Replacement,Small Cap
JAYKAY,,7.1,-1,-4,3,16.0,31.8,7.3,18.5,-1.3,0.1,12.1,5,204.05,IT - Software/Consulting,Small Cap
JAYNECOIND,21.1,21.1,-5,2,-4,0.3,10.3,0.3,10.3,1.1,-9.9,-17.6,5,92.31,Metals - Iron & Steel,Small Cap
JAYSREETEA,23.1,48.0,-5,-12,-1,-5.8,5.5,-5.8,5.5,-10.0,-17.2,-10.0,2,86.66,Agri - Tea/Coffee,Small Cap
JBMA,21.8,53.6,-6,-10,-2,-12.1,-7.6,-12.1,-7.6,-8.5,-16.5,-19.6,5,562.9,Auto - Misc,Small Cap
JGCHEM,2.1,2.1,3,11,0,8.5,30.3,8.1,16.4,6.1,1.5,4.3,3,660.8,Chemicals - Specialty,Small Cap
JINDALPHOT,35.6,35.6,-1,-6,-2,-0.8,-2.3,-0.8,-2.3,-7.5,-8.3,-16.4,5,1041.1,Consumption - Misc,Small Cap
JINDALPOLY,33.8,53.1,-1,-9,-4,-1.5,8.0,-1.5,8.0,-10.4,-6.9,-17.2,3,679.4,Packaging,Small Cap
JINDALSAW,13.1,27.5,-2,-12,-1,-6.5,4.3,-6.5,4.3,-11.7,-11.2,-10.2,3,278.1,Metals - Pipe & Tube,Small Cap
JINDALSTEL,12.3,12.3,-5,-4,-4,1.2,-1.8,1.2,-1.8,-1.3,-2.9,-8.0,7,1145.5,Metals - Iron & Steel,Large Cap
JINDRILL,14.6,39.2,-3,-13,-1,-4.5,5.0,-4.5,5.0,-11.1,-9.8,-3.4,4,601.65,Oil and Gas,Small Cap
JINDWORLD,24.1,50.7,-3,-12,1,11.3,35.2,11.3,15.5,-17.5,-20.5,22.7,3,47.04,Textile - Misc,Small Cap
JINWORLD,,,,,,,,,,,,,,,,
JIOFIN,30.9,44.5,-8,-13,-1,-9.9,-7.1,-9.9,-7.1,-6.4,-15.8,-15.8,2,218.88,Financials - NBFC,Small Cap
JISLDVREQS,43.2,80.2,-7,-13,-3,-11.9,-15.7,-11.9,-15.7,-10.3,-17.2,-22.0,1,19.43,Agri - Misc,Small Cap
JISLJALEQS,48.0,80.7,-3,-5,-2,-3.5,-11.0,-3.5,-11.0,-8.7,-7.5,-18.7,1,29.01,Agri - Misc,Small Cap
JITFINFRA,35.7,77.1,-9,-13,-1,-15.6,-3.9,-15.6,-3.9,-9.0,-25.9,-22.7,3,278.7,Infra - Construction,Small Cap
JKCEMENT,28.8,36.3,-9,-3,-3,-10.5,-8.5,-10.5,-8.5,-5.7,-15.5,-13.7,6,4815.5,Infra - Cement,Mid Cap
JKIL,32.7,51.8,-7,-13,-4,-8.8,-4.0,-8.8,-4.0,-7.8,-10.8,-13.4,3,452.0,Infra - Construction,Small Cap
JKLAKSHMI,44.6,52.0,-9,-6,-4,-12.9,-13.4,-12.9,-13.4,-6.3,-15.0,-29.8,4,490.4,Infra - Cement,Small Cap
JKPAPER,11.9,38.7,-1,-6,-1,-1.2,3.5,-1.2,3.5,-8.3,-9.3,-1.1,5,391.85,Paper,Small Cap
JKTYRE,45.3,45.3,-8,-13,-4,-12.8,-11.1,-12.8,-11.1,-8.5,-17.3,-24.5,4,334.9,Auto - Tyres,Small Cap
JLHL,22.8,25.9,-9,-13,-2,-13.9,-2.5,-13.9,-2.5,-7.6,-20.8,-20.8,2,262.45,Healthcare - Hospitals,Small Cap
JMA,14.3,36.8,-4,-13,-1,2.8,3.3,2.8,3.3,-7.1,-10.1,-4.1,4,88.86,Auto - OEM Suppliers,Small Cap
JMFINANCIL,31.2,37.2,-3,-13,-4,-0.1,-0.2,-0.1,-0.2,-3.1,-5.4,-10.3,1,125.54,Financials - Misc,Small Cap
JNKINDIA,18.8,49.5,-9,12,-2,4.5,44.0,4.5,44.0,3.3,-4.2,-11.1,0,453.3,Engineering,Small Cap
JOCIL,17.0,54.6,-4,-13,-1,1.5,9.4,1.5,9.4,-11.5,-5.9,-1.9,2,145.27,Chemicals - Bulk,Small Cap
JPOLYINVST,36.2,36.2,-7,-11,-2,-3.1,-11.5,-3.1,-11.5,-5.0,-12.5,-16.2,5,949.85,Financials - Misc,Small Cap
JPPOWER,37.4,44.7,-8,-5,-4,-12.7,-6.9,-12.7,-6.9,-7.8,-17.5,-29.9,3,15.33,Power - Misc,Small Cap
JSFB,17.1,33.9,-5,-4,-1,-7.1,4.7,-7.1,4.7,-7.1,-14.6,-13.1,7,502.9,Financials - Private Bank,Small Cap
JSL,16.0,16.0,-3,-12,-4,3.4,6.0,3.4,2.2,-4.1,-1.8,-4.0,5,742.7,Metals - Iron & Steel,Mid Cap
JSLL,39.4,79.6,-8,-4,-4,-10.7,-15.2,-10.7,-15.2,-2.5,-15.0,-24.7,4,508.65,Others,Small Cap
JSWCEMENT,21.6,30.6,-7,-12,-2,-13.6,-12.8,-13.6,-12.8,-7.4,-19.6,-16.7,0,112.48,Cement & Cement Products,Small Cap
JSWDULUX,18.8,35.0,-1,-1,-2,-2.1,2.3,-2.1,2.3,-4.9,-5.0,-7.6,5,3039.7,Consumption - Paints,Small Cap
JSWENERGY,19.7,38.4,-8,-13,-4,-10.0,-7.5,-10.0,-7.5,-6.7,-12.2,-16.7,4,495.8,Power - Misc,Mid Cap
JSWHL,51.7,60.3,-7,-13,-4,-3.8,-2.9,-3.8,-2.9,-3.8,-8.4,-31.5,7,11017.0,Financials - Misc,Small Cap
JSWINFRA,6.8,6.8,-1,-4,0,2.9,10.1,2.9,4.8,-4.5,-3.4,2.9,5,349.9,Infra - Construction,Mid Cap
JSWSTEEL,6.7,6.7,-5,-13,-1,-1.6,1.1,-1.6,1.1,-3.4,-5.6,-3.6,8,1260.0,Metals - Iron & Steel,Large Cap
JTEKTINDIA,32.3,48.6,-8,-12,-1,-15.5,-10.1,-15.5,-10.1,-4.4,-18.3,-18.3,4,116.0,Auto - Replacement,Small Cap
JTLIND,5.3,36.0,-3,-4,-1,10.4,12.5,10.4,6.4,-2.1,-3.7,-1.0,3,89.0,Metals - Iron & Steel,Small Cap
JUBLCPL,23.9,30.5,-7,-1,-1,4.5,5.8,4.5,5.8,-4.7,-13.0,-9.5,0,2095.1,Agrichem - Fertilizers,Small Cap
JUBLFOOD,26.8,49.4,-5,-7,-1,-1.3,1.8,-1.3,1.8,-5.8,-8.3,-7.0,5,464.9,Leisure - Restaurants,Mid Cap
JUBLINGREA,20.1,28.2,-6,-12,-1,-12.8,-4.0,-12.8,-4.0,-5.7,-14.6,-14.1,2,635.55,Chemicals - Specialty,Small Cap
JUBLPHARMA,11.9,20.3,-1,-1,3,5.4,19.5,5.4,9.3,-2.3,-2.8,4.9,3,1043.8,Healthcare - Pharma,Small Cap
JUNIORBEES,7.6,8.3,-6,-10,-1,-4.7,-1.1,-4.7,-1.1,-3.4,-7.6,-4.8,7,761.36,Index,ETF
JUNIPER,26.1,60.3,-1,-11,-1,-0.4,5.8,-0.4,5.8,-4.8,-5.0,-0.2,0,213.86,Leisure - Hotels,Small Cap
JUSTDIAL,25.3,53.0,-9,-3,-1,-4.3,10.2,-4.3,10.2,-5.9,-14.3,-8.8,5,656.3,IT - Product/Platform,Small Cap
JWL,38.7,70.6,-7,-13,-4,-13.8,-16.2,-13.8,-16.2,-9.7,-16.0,-24.4,5,219.77,Railways,Small Cap
JYOTHYLAB,43.3,69.0,-5,-10,-4,-9.1,-7.1,-9.1,-7.1,-5.6,-11.1,-31.2,3,184.43,Consumption - Misc,Small Cap
JYOTICNC,6.3,29.4,-1,-6,0,6.5,27.1,6.5,13.9,-3.3,-0.2,6.8,0,1062.7,Engineering,Small Cap
JYOTISTRUC,41.3,78.0,-7,-13,-4,-16.5,-18.0,-16.5,-18.0,-12.6,-20.6,-32.6,4,9.09,Power - Equipment,Small Cap
KAJARIACER,8.0,24.6,-6,-13,-1,-1.9,2.8,-1.9,2.8,-4.2,-5.4,-4.4,3,1190.4,Infra - Ceramics,Small Cap
KAKATCEM,34.8,75.9,-9,-1,-4,-7.5,-4.8,-7.5,-4.8,-2.8,-12.9,-19.5,1,107.9,Infra - Cement,Small Cap
KALAMANDIR,65.1,75.0,-9,-13,-3,-9.6,-27.8,-9.6,-27.8,-8.9,-15.4,-29.3,0,77.87,Others,Small Cap
KALPATARU,33.6,40.4,-8,-1,-4,-3.2,-11.1,-3.2,-11.1,-3.5,-9.3,-18.3,0,272.7,Residential- Commercial Projects,Small Cap
KALYANIFRG,15.3,15.3,-3,-9,0,23.4,47.5,23.4,47.5,-4.5,-7.1,10.5,4,1010.0,Metals - Casting/Forging,Small Cap
KALYANKJIL,12.0,28.2,-8,-12,-1,-4.8,28.6,-4.8,28.6,-6.7,-7.3,-7.3,5,571.05,Consumption - Jewelry,Small Cap
KAMATHOTEL,28.3,36.4,-1,-4,0,6.8,25.2,6.8,13.5,-1.6,-0.3,5.0,2,236.45,Leisure - Hotels,Small Cap
KAMDHENU,11.9,42.8,-2,-5,0,-0.6,19.5,-0.6,8.9,-9.1,-6.2,5.2,5,38.5,Metals - Iron & Steel,Small Cap
KANORICHEM,3.1,9.9,-1,-1,0,11.3,45.5,5.5,26.4,-0.1,0.5,25.5,3,199.62,Chemicals - Bulk,Small Cap
KANPRPLA,13.3,13.3,-4,-4,-1,2.2,11.3,2.2,11.3,-6.9,-10.5,-8.3,3,245.55,Packaging,Small Cap
KANSAINER,31.4,60.1,-8,-13,-4,-10.7,-6.1,-10.7,-6.1,-6.3,-14.7,-17.0,2,181.09,Consumption - Paints,Small Cap
KAPSTON,9.6,9.6,-7,-10,-1,17.2,21.0,17.2,21.0,-5.2,-7.2,-5.1,8,556.85,Others,Small Cap
KARMAENG,42.8,62.7,-1,-6,-4,-3.4,-12.5,-3.4,-12.5,-9.1,-11.3,-27.8,1,37.87,Power - Equipment,Small Cap
KARURVYSYA,11.3,11.3,-4,-13,-1,-6.1,3.9,-6.1,3.9,-6.8,-8.8,-8.5,5,318.0,Financials - Private Bank,Small Cap
KAUSHALYA,41.7,54.6,-7,-13,-4,-7.2,-1.8,-7.2,-1.8,-2.5,-12.1,-8.1,3,836.5,Infra - Construction,Small Cap
KAVDEFENCE,52.4,52.4,-1,-3,3,6.1,41.7,6.1,20.7,-6.2,-5.9,18.8,4,77.49,Telecom,Small Cap
KAYA,35.5,75.7,-5,-13,-1,-1.1,6.3,-1.1,6.3,-14.6,-20.1,-9.7,1,307.0,Leisure - Misc,Small Cap
KAYNES,54.3,55.0,-5,-1,-4,-5.1,0.9,-5.1,0.9,-3.3,-10.7,-13.5,4,3520.0,Electronic - Equipment,Small Cap
KCP,24.8,44.5,-5,-2,-5,-1.5,-0.1,-1.5,-0.1,-3.8,-7.3,-13.5,4,156.3,Infra - Cement,Small Cap
KCPSUGIND,19.1,52.0,-5,-12,-1,-4.9,16.1,-4.9,16.1,-7.6,-16.0,-9.4,3,29.49,Agri - Sugar,Small Cap
KDDL,7.1,7.1,-1,-4,0,0.8,18.5,0.8,8.4,-4.8,-1.6,0.9,6,3966.9,Consumption - Jewelry,Small Cap
KEC,57.4,71.0,-7,-10,-4,-17.3,-24.0,-17.3,-24.0,-8.6,-22.7,-32.8,5,380.85,Railways,Small Cap
KECL,21.5,52.2,-6,-12,-2,-8.6,1.0,-8.6,1.0,-2.7,-15.2,-11.7,4,121.73,Power - Equipment,Small Cap
KEI,23.8,23.8,-6,-4,-1,-12.6,-9.5,-12.6,-9.5,-4.6,-21.2,-21.7,8,4494.0,Power - Wiring,Mid Cap
KELLTONTEC,50.0,64.5,-5,-7,-4,-4.7,-6.3,-4.7,-6.3,-6.2,-13.2,-27.3,3,13.08,IT - Software/Consulting,Small Cap
KENNAMET,,21.4,-3,-12,-1,-5.6,20.8,-5.6,20.8,-17.4,-14.4,-8.1,7,4039.0,Engineering,Small Cap
KERNEX,32.3,32.3,-7,-5,-1,-20.4,2.3,-20.4,2.3,-1.0,-29.3,-25.3,5,1745.8,Railways,Small Cap
KEYFINSERV,38.8,51.2,-6,-12,-4,-5.1,-8.8,-5.1,-8.8,-7.1,-13.4,-21.5,6,233.8,Financials - Misc,Small Cap
KFINTECH,30.5,48.6,-5,-7,-1,-10.5,-6.4,-10.5,-6.4,-8.6,-14.2,-13.0,4,844.0,IT - Product/Platform,Small Cap
KHADIM,58.3,86.5,-1,-5,-1,1.9,10.3,1.9,10.3,-9.0,-9.0,-0.5,0,116.5,Consumption - Footwear,Small Cap
KHAICHEM,62.8,68.5,-4,-10,-1,-6.8,3.7,-6.8,3.7,-7.3,-11.7,-11.0,4,49.46,Agrichem - Fertilizers,Small Cap
KHAITANLTD,16.8,16.8,-2,-10,0,-1.2,9.4,-1.2,9.4,-8.5,-10.8,5.0,6,148.11,Consumption - Electronics,Small Cap
KHANDSE,33.3,62.1,-3,-2,-3,4.2,4.3,4.2,0.8,-6.4,-8.0,-5.3,2,17.0,Financials - Broking,Small Cap
KICL,27.5,42.2,-8,-12,-1,-12.4,-5.7,-12.4,-5.7,-7.8,-15.8,-14.8,3,4755.0,Financials - Misc,Small Cap
KILITCH,6.7,13.2,-1,-3,1,9.9,30.6,4.1,14.5,-2.8,-3.2,10.8,5,217.0,Healthcare - Pharma,Small Cap
KIMS,10.3,10.3,-1,-6,-2,-3.7,2.7,-3.7,2.7,-4.0,-5.2,-5.9,8,769.6,Healthcare - Hospitals,Small Cap
KINGFA,0.9,0.9,1,0,0,8.4,21.9,5.3,12.9,3.8,4.1,8.0,5,6534.5,Industrial - Consumables,Small Cap
KIOCL,46.9,46.9,-7,-13,-4,-10.1,-6.3,-10.1,-6.3,-10.4,-14.1,-18.2,2,336.95,Metals - Iron & Steel,Small Cap
KIRIINDUS,30.3,30.3,-3,-13,0,8.3,24.7,8.3,11.0,-7.4,-3.9,2.3,4,543.0,Chemicals - Dyes,Small Cap
KIRLFER,,11.1,-1,-5,-3,1.8,5.9,1.8,5.9,-1.4,-1.8,-3.0,8,474.6,Metals - Iron & Steel,Small Cap
KIRLOSENG,6.2,11.3,3,12,-3,15.6,51.5,13.6,51.5,7.0,6.9,-2.7,5,2412.2,Industrial - Pumps/Engines,Small Cap
KIRLOSIND,15.2,46.4,-2,-10,-1,-1.3,2.4,-1.3,2.4,-7.7,-9.7,-9.6,4,3587.6,Power - Green,Small Cap
KIRLPNU,33.0,37.8,-6,-13,-2,-5.4,-1.0,-5.4,-1.0,-9.1,-18.7,-30.8,2,683.45,Industrial - Pumps/Engines,Small Cap
KITEX,50.4,64.4,-9,-13,-4,-19.8,-22.0,-19.8,-22.0,-9.2,-22.6,-30.3,2,115.53,Textile - Apparels,Small Cap
KKCL,17.9,43.6,-3,-12,-1,-6.2,-4.6,-6.2,-4.6,-8.2,-10.2,-7.6,3,466.65,Textile - Apparels,Small Cap
KMEW,3.8,3.8,4,3,0,9.7,23.8,9.7,13.5,2.3,0.1,4.4,7,3053.6,Defense - Ship Building,Small Cap
KMSUGAR,12.5,36.6,-5,-1,-1,8.2,19.0,8.2,5.6,-4.2,-6.0,-1.7,3,31.95,Agri - Sugar,Small Cap
KNRCON,41.3,71.1,-7,-10,-3,-5.6,-6.6,-5.6,-6.6,-3.3,-14.9,-10.6,4,120.0,Infra - Construction,Small Cap
KODYTECH,6.6,64.3,-3,-13,-1,4.5,18.3,4.5,8.7,-4.3,-6.5,0.0,2,1490.0,IT - Software/Consulting,Small Cap
KOHINOOR,19.2,75.9,-5,-2,-1,9.9,14.5,9.9,14.5,-1.4,-17.8,-8.5,1,31.08,Agri - Misc,Small Cap
KOKUYOCMLN,33.1,67.7,-9,-12,-5,-10.9,-10.0,-10.9,-10.0,-6.0,-13.9,-19.8,2,74.63,Consumption - Misc,Small Cap
KOLTEPATIL,23.2,27.2,-6,-12,-1,6.4,15.1,6.4,15.1,-7.5,-12.1,-4.7,2,425.95,Real Estate,Small Cap
KOPRAN,1.3,21.8,0,0,0,11.5,50.2,11.5,29.7,2.4,1.8,33.0,3,289.69,Healthcare - Pharma,Small Cap
KOTAKBANK,10.4,11.8,-4,-10,-1,0.8,2.9,0.8,2.9,-3.5,-4.3,-3.1,5,406.25,Financials - Private Bank,Large Cap
KOTARISUG,34.4,63.5,-5,-12,-1,-6.0,4.5,-6.0,4.5,-10.8,-24.0,-20.6,4,26.2,Agri - Sugar,Small Cap
KOTHARIPET,16.4,51.4,-8,-13,-1,-7.1,1.1,-7.1,1.1,-11.0,-13.1,-7.1,5,129.99,Chemicals - Petro,Small Cap
KOTHARIPRO,35.3,47.6,-7,-4,-4,-4.5,-4.0,-4.5,-4.0,-6.2,-8.5,-14.8,1,65.01,Others,Small Cap
KPEL,51.6,66.8,-8,-13,-4,-25.8,-26.9,-25.8,-26.9,-6.2,-30.5,-38.5,0,224.08,Engineering,Small Cap
KPIGREEN,31.6,50.2,-9,0,-4,21.7,-8.6,12.1,-8.6,5.3,-8.5,-17.8,5,371.0,Power - Green,Small Cap
KPIL,7.4,8.1,-1,-6,-1,1.0,1.9,1.0,1.9,-5.9,-5.9,-3.0,5,1359.5,Infra - Construction,Small Cap
KPITTECH,60.7,73.8,-7,-9,-4,-16.6,-22.2,-16.6,-22.2,-10.8,-19.9,-34.6,5,504.8,IT - Services,Mid Cap
KPRMILL,11.4,21.5,-4,-13,-3,-3.0,18.9,-3.0,18.9,-4.6,-8.0,-7.8,5,1091.0,Textile - Apparels,Mid Cap
KRBL,14.7,42.8,-5,-12,-1,0.6,2.1,0.6,2.1,-11.3,-11.7,-8.5,1,386.4,Agri - Rice,Small Cap
KREBSBIO,27.1,75.4,-4,-11,-4,3.2,3.6,3.2,3.6,-9.3,-6.3,-14.0,3,56.01,Healthcare - Pharma,Small Cap
KRISHNADEF,26.3,27.9,-9,-13,-3,-0.2,-3.7,-0.2,-3.7,-8.8,-24.4,-21.8,8,1009.0,Defense - Misc,Small Cap
KRITI,53.0,76.9,-6,-13,-4,-7.9,-5.9,-7.9,-5.9,-1.0,-14.3,-26.5,2,62.41,Industrial - Consumables,Small Cap
KRITINUT,29.4,56.4,-7,-7,-4,-8.3,-0.8,-8.3,-0.8,-12.8,-22.7,-26.2,4,72.66,Agri - Edible Oil,Small Cap
KRN,14.5,14.5,-4,-13,-1,-1.3,11.9,-1.3,11.9,-12.0,-13.3,-7.1,7,1443.2,Engineering,Small Cap
KROSS,7.4,7.4,-1,-4,0,8.3,31.4,8.3,19.1,-4.4,-2.2,23.1,3,261.92,Auto - OEM Suppliers,Small Cap
KRSNAA,35.0,49.8,-7,-3,-4,3.3,5.1,3.3,5.1,-1.8,-4.1,-12.4,2,551.6,Healthcare - Diagnostics,Small Cap
KRT,,,,,,,,,,,,,,,,
KRYSTAL,11.0,39.3,-5,-7,-1,-0.5,3.3,-0.5,3.3,-6.9,-6.5,-1.1,0,620.0,Human Resources,Small Cap
KSB,20.5,22.9,-9,-13,-5,2.5,-4.4,2.5,-4.4,-0.3,-9.6,-16.5,5,817.0,Industrial - Pumps/Engines,Small Cap
KSCL,31.9,53.4,-9,-1,-4,1.3,-13.2,1.3,-13.2,-7.5,-11.8,-23.8,5,746.4,Agri - Seeds,Small Cap
KSHINTL,,14.3,-2,-13,0,2.7,19.8,2.7,19.8,-12.0,-13.3,8.4,5,1027.0,Cables - Electricals,Small Cap
KSL,6.6,24.4,-2,-4,0,3.2,10.6,3.2,5.9,-2.4,-0.5,6.1,3,965.0,Metals - Iron & Steel,Small Cap
KSOLVES,30.1,66.3,-9,-13,-5,-10.4,-9.4,-10.4,-9.4,-7.6,-16.5,-19.8,4,247.4,IT - Software/Consulting,Small Cap
KUANTUM,31.9,66.0,-7,-4,-4,-1.2,5.1,-1.2,5.1,-8.5,-11.6,-10.4,5,76.9,Paper,Small Cap
KWIL,,19.1,-5,-10,-1,7.1,14.6,7.1,14.6,-3.0,-15.3,-9.6,0,41.01,Consumption - Dairy,
LAGNAM,24.9,59.0,-9,-2,-2,-16.0,-5.5,-16.0,-5.5,-5.1,-20.2,-16.6,4,72.03,Textile - Misc,Small Cap
LAMBODHARA,12.9,45.7,-1,-2,-1,9.0,16.5,9.0,5.2,-8.3,-6.9,-4.8,5,134.6,Textile - Spinning/Yarn,Small Cap
LANCORHOL,22.2,43.0,-3,-11,-1,-2.9,18.5,-2.9,18.5,-16.6,-21.7,-2.6,0,32.5,Real Estate,Small Cap
LANDMARK,25.1,45.2,-8,-4,-1,-3.7,9.4,-3.7,9.4,-2.7,-9.8,-8.3,2,495.95,Auto - Misc,Small Cap
LAOPALA,37.6,67.4,-6,-13,-1,-15.5,-6.0,-15.5,-6.0,-8.2,-19.5,-18.7,2,156.52,Consumption - Misc,Small Cap
LATENTVIEW,54.5,68.8,-9,-12,-4,-21.2,-8.2,-21.2,-8.2,-9.3,-25.5,-27.0,0,235.6,IT - Product/Platform,Small Cap
LATTEYS,44.1,60.1,-5,-11,-4,-2.9,3.4,-2.9,3.4,-4.0,-11.7,-10.6,4,20.7,Industrial - Pumps/Engines,Small Cap
LAXMICOT,48.0,70.0,-7,-8,-3,-9.1,-9.1,-9.1,-9.1,-5.1,-15.6,-14.1,2,12.72,Textile - Spinning/Yarn,Small Cap
LAXMIDENTL,43.8,66.8,-9,-11,-4,-8.0,0.9,-8.0,0.9,-4.3,-12.1,-16.7,0,193.7,Healthcare - Equipments,Small Cap
LEMONTREE,40.3,42.4,-8,-4,-3,-0.8,-9.7,-0.8,-9.7,-3.7,-6.6,-13.0,4,104.07,Leisure - Hotels,Small Cap
LENSKART,,6.6,-2,-7,0,1.5,18.7,1.5,18.7,-3.0,-4.2,2.2,5,677.3,IT - Product/Platform,Mid Cap
LEXUS,69.9,91.2,-9,-8,-5,-18.6,-30.1,-18.6,-30.1,-13.2,-29.7,-68.1,0,11.81,Infra - Ceramics,Small Cap
LFIC,42.2,65.1,-9,-12,-2,-4.1,-4.1,-4.1,-4.1,-13.2,-10.3,-18.2,4,130.0,Others,Small Cap
LGBBROSLTD,15.5,15.5,-1,-2,-5,1.6,7.1,1.6,3.8,-1.0,-0.3,-7.5,5,1730.1,Auto - OEM Suppliers,Small Cap
LGEINDIA,0.9,0.9,5,0,0,3.7,10.3,3.7,6.3,0.5,0.2,2.5,5,1740.0,Household Appliances,Mid Cap
LGHL,54.6,55.1,-8,-11,-5,3.4,-21.3,3.4,-21.3,-5.6,-14.2,-37.1,4,179.5,Consumption - Jewelry,Small Cap
LIBERTSHOE,35.5,60.5,-8,-3,-3,-13.1,-8.9,-13.1,-8.9,-6.0,-16.2,-16.5,4,224.8,Consumption - Footwear,Small Cap
LICHSGFIN,6.7,32.5,-1,-4,-2,0.8,3.3,0.8,2.9,-2.0,-1.4,-1.4,2,558.1,Financials - Housing,Small Cap
LICI,14.9,34.7,-8,-13,-2,-2.6,-4.0,-2.6,-4.0,-3.4,-7.9,-7.9,4,398.75,Financials - Life,Large Cap
LIKHITHA,18.0,55.1,-1,-1,-3,2.9,16.2,2.9,16.2,-4.2,-6.3,-18.0,6,223.12,Infra - Construction,Small Cap
LINC,33.9,60.8,-8,-13,-3,-6.2,-13.2,-6.2,-13.2,-10.5,-18.3,-24.4,3,88.23,Consumption - Misc,Small Cap
LINCOLN,24.1,40.3,-3,-12,-4,-5.0,-1.3,-5.0,-1.3,-8.7,-6.8,-9.7,5,584.4,Healthcare - Pharma,Small Cap
LINDEINDIA,22.9,37.5,-7,-13,-4,-8.3,-9.4,-8.3,-9.4,-2.9,-12.8,-15.3,7,6205.5,Chemicals - Misc,Mid Cap
LLOYDSENGG,1.2,1.2,0,0,0,17.6,31.6,17.6,15.3,5.1,3.7,14.6,5,102.23,Metals - Iron & Steel,Small Cap
LLOYDSENT,6.2,17.6,-7,-2,-1,0.9,11.0,0.9,6.1,2.0,-5.3,-3.0,7,79.44,Others,Small Cap
LLOYDSME,10.4,10.4,-7,3,-1,-1.3,7.9,-1.3,7.9,1.3,-9.9,-7.1,8,1904.8,Metals - Iron & Steel,Mid Cap
LMW,16.0,16.0,-5,-13,-1,-0.8,0.9,-0.8,0.9,-9.1,-15.5,-10.8,5,16918.0,Engineering,Small Cap
LODHA,16.4,31.8,-5,-13,-1,-8.2,10.0,-8.2,10.0,-6.4,-11.7,-9.9,3,1124.7,Real Estate,Large Cap
LOKESHMACH,11.6,28.3,-3,-13,-1,1.6,10.2,1.6,10.2,-5.5,-8.8,-1.3,4,340.9,Engineering,Small Cap
LORDSCHLO,39.4,41.7,-9,-1,-4,0.6,6.1,0.6,1.2,-8.2,-7.8,-4.5,2,141.1,Chemicals - Bulk,Small Cap
LOTUSDEV,4.9,4.9,-1,-4,0,6.3,23.9,6.3,15.2,-2.5,-1.4,3.6,5,215.0,Residential Commercial Projects,Small Cap
LOTUSEYE,23.0,23.0,-8,-4,-3,0.5,1.0,0.5,1.0,-1.9,-8.1,-11.7,5,113.15,Healthcare - Hospitals,Small Cap
LOVABLE,30.8,77.0,-5,-11,-2,-0.8,1.8,-0.8,1.8,-1.6,-6.0,-14.0,1,70.5,Textile - Innerwear,Small Cap
LOYALTEX,36.2,80.5,-6,-3,-4,1.8,8.1,1.8,8.1,-8.5,-9.3,-3.6,0,212.99,Textile - Spinning/Yarn,Small Cap
LT,15.3,15.3,-5,-10,-3,-6.5,-4.5,-6.5,-4.5,-5.2,-8.3,-11.0,6,3760.9,Infra - Construction,Large Cap
LTF,20.2,20.2,-5,-7,-1,-13.5,-10.8,-13.5,-10.8,-12.9,-14.9,-15.9,3,270.05,Financials - NBFC,Mid Cap
LTFOODS,17.9,22.3,-4,-13,-1,-4.0,3.2,-4.0,3.2,-11.4,-9.5,-9.8,4,402.7,Agri - Rice,Small Cap
LTM,37.6,47.2,-6,-13,-1,-7.7,0.0,-7.7,0.0,-9.7,-15.0,-11.7,5,4009.8,IT - Software/Consulting,Large Cap
LTTS,34.5,48.4,-5,-10,-4,-12.2,-7.9,-12.2,-7.9,-9.2,-14.6,-14.7,4,3094.3,IT - Services,Mid Cap
LUMAXIND,17.7,17.7,-4,-12,-1,-2.4,3.0,-2.4,3.0,-8.0,-7.7,-8.5,4,5704.0,Auto - Replacement,Small Cap
LUPIN,18.3,18.3,-8,-5,-1,-12.7,-11.7,-12.7,-11.7,-2.7,-15.1,-15.1,1,2067.3,Healthcare - Pharma,Mid Cap
LUXIND,39.6,76.3,-7,-5,-4,-11.8,1.6,-11.8,1.6,-6.8,-14.1,-23.0,3,1100.4,Textile - Innerwear,Small Cap
LXCHEM,18.5,71.9,-9,-4,-1,4.6,10.2,4.6,3.5,-3.6,-7.5,-2.1,0,176.75,Chemicals - Specialty,Small Cap
LYKALABS,16.6,68.5,-1,-3,0,6.2,24.8,6.2,14.4,-3.6,-2.0,11.7,2,84.14,Healthcare - Pharma,Small Cap
M&M,23.0,23.0,-7,-13,-1,-8.5,-7.6,-8.5,-7.6,-5.9,-15.7,-14.7,6,2956.6,Auto - PV/Trucks,Large Cap
M&MFIN,20.9,20.9,-8,-13,-1,-13.0,-2.5,-13.0,-2.5,-12.4,-19.7,-15.9,3,328.15,Financials - NBFC,Mid Cap
MAANALU,45.3,61.1,-7,-13,-4,-14.9,-24.6,-14.9,-24.6,-12.9,-20.4,-34.2,5,101.0,Metals - Aluminium,Small Cap
MACPOWER,4.1,4.1,-1,-1,0,7.8,41.3,7.8,20.8,-2.0,1.1,7.3,6,2133.9,Engineering,Small Cap
MADHAV,26.2,62.4,-6,-11,-4,-0.6,-1.7,-0.6,-1.7,-5.9,-5.4,-15.8,1,34.52,Infra - Granites/Marbles,Small Cap
MADRASFERT,32.8,56.4,-4,-13,-3,-10.8,-8.1,-10.8,-8.1,-10.0,-13.3,-15.3,3,58.46,Agrichem - Fertilizers,Small Cap
MAGADSUGAR,15.1,46.6,-5,-13,-1,-1.5,12.0,-1.5,12.0,-5.3,-11.7,-9.4,3,538.9,Agri - Sugar,Small Cap
MAGNUM,33.6,76.1,-9,-6,-4,-0.6,-3.4,-0.6,-3.4,-4.0,-6.5,-11.4,3,18.6,Paper,Small Cap
MAHABANK,14.8,14.8,-3,-2,-2,-3.1,8.2,-3.1,8.2,-5.1,-6.5,-12.3,5,80.48,Financials - PSU Bank,Mid Cap
MAHAPEXLTD,56.7,81.1,-5,-11,-1,-1.6,1.1,-1.6,1.1,-8.8,-19.5,-43.3,1,51.06,Financials - Misc,Small Cap
MAHASTEEL,15.6,15.6,-4,-11,-1,4.7,17.8,4.7,17.8,-8.8,-9.8,-12.6,3,1200.0,Metals - Iron & Steel,Small Cap
MAHEPC,37.0,50.1,-7,-13,-2,-7.2,-15.9,-7.2,-15.9,-6.5,-12.2,-20.4,0,96.97,Industrial - Consumables,Small Cap
MAHESHWARI,7.3,58.1,-7,-1,-2,0.6,42.4,0.6,42.4,-2.9,-4.9,-5.1,1,71.2,Others,Small Cap
MAHLIFE,15.5,46.8,-8,-13,-1,-5.0,3.1,-5.0,3.1,-1.7,-8.6,-8.6,4,360.95,Real Estate,Small Cap
MAHLOG,5.3,48.1,0,0,0,6.1,12.2,6.1,6.2,0.8,1.5,3.0,2,426.35,Transport - Logistics,Small Cap
MAHSCOOTER,30.0,33.1,-7,-7,-1,-7.4,-1.8,-7.4,-1.8,-8.8,-10.9,-9.2,6,12410.0,Financials - Misc,Small Cap
MAHSEAMLES,2.2,34.2,-2,-10,0,3.9,18.8,3.9,11.3,-0.2,-1.8,8.9,3,722.05,Metals - Pipe & Tube,Small Cap
MAITHANALL,22.3,41.8,-3,-12,-3,-8.1,-4.6,-8.1,-4.6,-14.8,-17.8,-10.1,3,928.6,Metals - Misc,Small Cap
MALLCOM,38.2,47.3,-9,-6,-4,-3.1,-2.9,-3.1,-2.9,-4.1,-10.0,-16.4,4,940.0,Industrial - Consumables,Small Cap
MALUPAPER,28.1,54.6,-9,-12,-4,2.2,1.2,2.2,1.2,-8.6,-11.9,-4.2,2,31.7,Paper,Small Cap
MANAKALUCO,49.6,49.6,-7,-13,-1,-6.9,1.0,-6.9,1.0,-13.4,-20.8,-10.7,4,34.36,Metals - Aluminium,Small Cap
MANAKCOAT,30.5,30.5,-2,-5,0,1.1,8.1,1.1,4.1,-5.4,-2.7,3.7,4,127.01,Metals - Casting/Forging,Small Cap
MANAKSIA,15.8,68.2,-2,-10,-4,4.0,10.4,4.0,10.4,-12.6,-13.0,-2.9,3,61.8,Metals - Iron & Steel,Small Cap
MANAKSTEEL,4.9,4.9,-2,-10,0,11.1,50.8,11.1,23.8,-1.7,-4.3,21.1,5,114.8,Metals - Iron & Steel,Small Cap
MANALIPETC,13.8,46.5,-3,-13,-1,4.6,18.1,4.6,18.1,-10.0,-8.9,-2.0,2,80.13,Chemicals - Petro,Small Cap
MANAPPURAM,18.1,18.1,-9,-2,-2,-6.5,-4.4,-6.5,-4.4,-5.0,-15.9,-15.9,5,312.6,Financials - NBFC,Small Cap
MANGALAM,57.1,86.0,-3,-11,-1,1.5,11.1,1.5,11.1,-11.3,-13.1,-0.2,1,31.68,Healthcare - Pharma,Small Cap
MANGLMCEM,11.8,11.8,-4,-13,-1,-0.8,3.4,-0.8,3.4,-8.0,-9.8,-7.8,4,987.7,Infra - Cement,Small Cap
MANINDS,7.4,7.4,-1,-2,0,10.1,61.5,10.1,31.0,-3.3,-5.6,27.9,5,963.0,Metals - Pipe & Tube,Small Cap
MANINFRA,15.3,51.4,-1,-1,0,2.2,18.3,2.2,9.4,-1.0,-1.6,4.2,4,127.83,Infra - Construction,Small Cap
MANKIND,3.5,16.5,8,2,-2,8.3,7.2,8.3,7.2,2.8,1.5,-0.2,2,2550.6,Healthcare - Pharma,Large Cap
MANOMAY,9.1,25.0,-3,-2,-5,5.9,11.3,5.9,11.3,0.9,-1.5,-2.6,5,236.24,Textile - Misc,Small Cap
MANORG,29.9,65.7,-9,-13,-4,-5.7,-7.7,-5.7,-7.7,-10.0,-20.2,-22.9,0,445.0,Chemicals - Bulk,Small Cap
MANUGRAPH,18.3,71.4,0,-1,2,25.6,43.4,10.0,19.9,-13.9,9.6,26.4,1,19.82,Engineering,Small Cap
MANYAVAR,24.5,64.8,-3,-12,-1,-2.8,18.7,-2.8,18.7,-8.8,-10.9,-2.4,0,532.0,Textile - Apparels,Mid Cap
MAPMYINDIA,57.6,69.2,-8,-13,-1,-21.8,-10.9,-21.8,-10.9,-12.9,-29.2,-29.2,2,846.6,IT - Product/Platform,Small Cap
MARALOVER,12.8,56.5,-3,-13,-2,5.2,14.7,5.2,5.7,-9.0,-6.1,-2.2,2,60.1,Textile - Spinning/Yarn,Small Cap
MARATHON,42.9,49.7,-3,-13,-5,-4.9,-12.9,-4.9,-12.9,-14.9,-11.8,-17.6,3,387.4,Real Estate,Small Cap
MARINE,2.3,2.3,3,0,0,9.2,47.0,6.1,23.8,4.3,1.7,9.7,7,439.6,Electronic - Equipment,Small Cap
MARKOLINES,12.4,12.4,-7,-13,-2,-3.4,7.3,-3.4,7.3,-4.5,-6.5,-7.2,5,167.95,Others,Small Cap
MARUTI,31.3,31.3,-8,-12,-1,-13.6,-9.6,-13.6,-9.6,-6.0,-16.6,-17.2,4,11926.0,Auto - PV/Trucks,Large Cap
MASFIN,21.7,33.6,-8,-9,-4,-8.3,-6.4,-8.3,-6.4,-4.7,-13.9,-18.4,3,281.1,Financials - NBFC,Small Cap
MASKINVEST,42.4,51.5,-8,-10,-4,-0.2,3.3,-0.2,3.3,-7.8,-9.7,-9.1,2,141.71,Financials - Misc,Small Cap
MASTEK,35.7,58.5,-5,-10,-1,-13.0,-5.2,-13.0,-5.2,-9.1,-19.9,-18.8,4,1523.0,IT - Software/Consulting,Small Cap
MATRIMONY,9.9,58.5,-7,-4,-1,8.1,13.9,8.1,6.0,-6.4,-4.2,-0.5,0,516.05,IT - Product/Platform,Small Cap
MAWANASUG,11.3,19.0,-5,-1,-1,16.5,23.8,16.5,11.7,-2.1,-6.1,-2.4,3,145.5,Agri - Sugar,Small Cap
MAXESTATES,12.6,18.3,-1,-3,0,3.6,28.4,3.6,14.1,-8.5,-4.0,11.4,5,570.7,Infra - Construction,Small Cap
MAXHEALTH,19.8,25.4,-8,-6,-2,-9.7,-2.3,-9.7,-2.3,-7.6,-11.7,-13.6,4,980.4,Healthcare - Hospitals,Large Cap
MAXIND,30.9,53.2,-9,0,-2,-5.9,3.0,-5.9,3.0,3.7,-15.4,-8.2,6,158.03,Financials - Misc,Small Cap
MAYURUNIQ,19.8,19.8,-9,-7,-2,1.2,21.5,1.2,21.5,-3.0,-8.2,-15.5,5,727.75,Leather Products,Small Cap
MAZDA,5.2,31.9,0,0,0,11.0,26.0,11.0,16.1,2.5,4.3,16.0,5,292.0,Engineering,Small Cap
MAZDOCK,28.2,44.3,-6,-13,-4,-15.1,-11.7,-15.1,-11.7,-14.5,-19.0,-23.6,7,2102.6,Defense - Ship Building,Mid Cap
MBAPL,4.1,4.1,-6,-3,0,6.2,37.1,6.2,9.7,-0.1,-2.4,3.7,6,167.8,Agrichem - Fertilizers,Small Cap
MBEL,52.9,52.9,-7,-13,-4,-13.4,-11.0,-13.4,-11.0,-6.0,-21.4,-24.7,0,252.3,Civil Construction,Small Cap
MBLINFRA,52.1,81.7,-9,-13,-4,-8.3,-9.5,-8.3,-9.5,-8.6,-14.4,-17.0,1,21.82,Infra - Construction,Small Cap
MCL,38.1,58.8,-4,-2,-4,1.9,-1.9,1.9,-1.9,-6.1,-3.9,-8.3,2,57.68,Power - Wiring,Small Cap
MCLEODRUSS,41.0,82.5,-9,-5,-4,-10.1,2.8,-10.1,2.8,-6.1,-21.7,-39.9,1,43.57,Agri - Tea/Coffee,Small Cap
MCLOUD,68.3,76.2,-5,-11,-2,-11.4,-4.9,-11.4,-4.9,-3.6,-17.8,-18.2,0,25.07,IT - Software/Consulting,Small Cap
MEDANTA,8.4,8.4,-1,-5,-1,-2.9,9.5,-2.9,9.5,-5.7,-5.6,-4.4,8,1414.7,Healthcare - Hospitals,Small Cap
MEDIASSIST,46.7,57.2,-7,-5,-4,-12.8,-11.1,-12.8,-11.1,-8.4,-17.1,-16.9,0,306.5,Transport - Logistics,Small Cap
MEDICAMEQ,27.6,73.6,-2,-8,3,18.2,30.3,18.2,17.6,-7.2,-1.7,12.1,0,323.9,Healthcare - Biotech,Small Cap
MEDICO,61.9,78.5,-8,-13,-1,-47.7,-47.3,-47.7,-47.3,-46.1,-56.4,-56.4,2,21.65,Healthcare - Pharma,Small Cap
MEDPLUS,36.0,51.3,-9,-12,-4,-5.8,-22.3,-5.8,-22.3,-2.0,-18.2,-26.9,0,654.55,IT - Product/Platform,Small Cap
MEESHO,,11.1,1,-4,0,6.5,19.1,6.5,10.5,-5.2,3.1,10.2,5,226.27,E-Retail/ E-Commerce,Mid Cap
MEGASTAR,35.1,37.1,-9,-11,-2,-20.5,-7.1,-20.5,-7.1,-14.7,-25.3,-30.2,2,254.55,Consumption - Misc,Small Cap
MENONBE,12.3,12.3,-1,-6,0,1.2,38.1,1.2,14.6,-8.1,-10.6,0.8,4,289.4,Industrial - Bearings,Small Cap
METROBRAND,33.3,39.4,-8,-12,-1,-5.8,-12.5,-5.8,-12.5,-8.2,-17.7,-15.8,3,873.2,Consumption - Footwear,Mid Cap
MFSL,26.4,26.4,-5,-5,-4,-9.6,-10.7,-9.6,-10.7,-11.0,-12.1,-21.1,5,1392.5,Financials - Life,Mid Cap
MGL,21.3,47.2,-7,-13,-3,-5.7,-3.9,-5.7,-3.9,-4.2,-8.3,-11.4,3,1050.3,Utility - Gas,Small Cap
MHLXMIRU,28.1,53.2,-6,0,-4,10.3,5.2,10.3,5.2,1.2,-9.7,-5.8,2,176.0,Others,Small Cap
MHRIL,44.9,61.3,-8,-13,-5,-12.3,-15.2,-12.3,-15.2,-5.1,-14.9,-29.7,3,195.38,Leisure - Hotels,Small Cap
MICEL,42.4,69.1,-4,-10,-4,-6.1,-5.1,-6.1,-5.1,-13.6,-14.7,-19.1,1,35.5,Electronic - Equipment,Small Cap
MID150BEES,,4.3,-1,-4,0,-0.6,0.6,-0.6,0.6,-4.1,-4.3,,0,227.38,,
MIDHANI,13.3,23.6,-2,-13,-2,0.0,8.0,0.0,8.0,-10.5,-6.7,-0.6,4,418.3,Defense - Misc,Small Cap
MIDWESTLTD,52.5,52.5,-9,-13,-3,-25.4,-23.7,-25.4,-23.7,-17.8,-30.8,-31.9,0,882.8,Granites & Marbles,Small Cap
MILKYMIST,,4.5,-1,-1,0,12.8,66.6,12.8,36.3,0.0,-0.4,50.8,0,318.0,,
MINDSPACE,4.0,4.0,-1,-1,0,1.2,3.9,1.2,1.9,-1.3,-0.7,1.7,7,504.48,Financials - Misc,Small Cap
MINDTECK,50.5,58.6,-9,-12,-4,-20.3,-19.7,-20.3,-19.7,-8.4,-24.7,-29.0,3,152.41,IT - Software/Consulting,Small Cap
MIRZAINT,35.1,92.5,-9,-13,-3,-14.1,-14.1,-14.1,-14.1,-9.7,-26.9,-20.8,2,28.11,Leather Products,Small Cap
MITCON,11.4,49.0,-1,-2,-4,4.1,25.8,4.1,5.2,-7.4,-5.2,-1.9,2,82.28,IT - Software/Consulting,Small Cap
MMFL,10.6,15.8,-5,-11,-1,1.3,13.0,1.3,13.0,-3.5,-6.3,-5.4,5,614.8,Metals - Casting/Forging,Small Cap
MMP,10.5,10.5,-2,-5,0,1.1,42.0,1.1,20.8,-6.4,-6.1,13.2,4,445.55,Metals - Misc,Small Cap
MMTC,23.1,57.0,-6,-13,-3,-7.9,-9.4,-7.9,-9.4,-10.8,-13.3,-17.0,3,56.71,Others,Small Cap
MOBIKWIK,34.3,72.1,-1,-9,-4,0.5,-0.9,0.5,-0.9,-8.1,-9.3,-9.8,0,194.99,IT - Services,
MODIRUBBER,27.3,43.6,-5,-13,-4,-2.0,0.3,-2.0,0.3,-3.7,-11.4,-11.0,4,121.8,Others,Small Cap
MODISONLTD,18.0,18.0,-2,-13,-1,7.6,43.1,7.6,43.1,-11.1,-11.0,-1.4,5,447.5,Power - Equipment,Small Cap
MOHITIND,33.9,65.5,-8,-13,-4,3.0,3.0,3.0,3.0,-3.6,-15.8,-10.7,2,23.0,Textiles - Processing,Small Cap
MOIL,39.8,58.5,-8,-12,-4,-11.8,-14.5,-11.8,-14.5,-3.3,-14.0,-21.6,4,243.77,Metals - Misc,Small Cap
MOL,33.0,62.5,-3,-13,-1,-5.6,4.2,-5.6,4.2,-13.4,-14.6,-10.5,2,57.2,Agrichem - Protection,Small Cap
MOLDTECH,10.6,49.1,-2,-13,0,4.8,30.5,4.8,30.5,-8.1,-4.7,3.6,4,203.0,IT - Services,Small Cap
MOLDTKPAC,20.9,41.9,-9,-13,-2,-6.3,9.6,-6.3,9.6,-7.8,-12.1,-10.4,3,644.4,Packaging,Small Cap
MONARCH,15.7,31.3,-8,-13,-1,-6.6,0.3,-6.6,0.3,-10.3,-13.4,-13.4,4,343.0,Financials - Broking,Small Cap
MONTECARLO,40.0,47.6,-4,-13,-4,-5.1,-4.1,-5.1,-4.1,-8.8,-10.0,-9.3,4,517.0,Textile - Apparels,Small Cap
MOREPENLAB,6.2,6.2,-1,-4,0,2.4,74.5,2.4,31.7,-3.1,-1.6,11.0,4,118.92,Healthcare - Pharma,Small Cap
MOSCHIP,31.2,31.2,-5,-13,-4,-5.5,-1.5,-5.5,-1.5,-7.4,-16.8,-9.8,0,198.42,IT - Software/Consulting,Small Cap
MOTILALOFS,8.3,36.6,-4,-13,-1,4.1,9.2,4.1,9.2,-4.3,-3.4,-3.5,1,1006.4,Financials - Broking,Mid Cap
MOTISONS,11.0,47.9,-2,-2,0,5.0,20.0,5.0,10.4,-7.5,-3.8,8.4,2,17.6,Consumption - Jewelry,Small Cap
MOTOGENFIN,24.7,50.0,-3,-13,-3,2.9,6.0,2.9,6.0,-11.6,-11.5,-14.1,4,25.9,Financials - Misc,Small Cap
MPHASIS,26.4,40.2,-7,-9,-1,-7.9,-3.3,-7.9,-3.3,-8.3,-14.0,-9.8,4,2189.3,IT - Software/Consulting,Mid Cap
MPSLTD,11.0,13.9,-7,-12,-1,-3.5,29.4,-3.5,29.4,-3.9,-10.1,-1.8,5,2651.1,Media - Publishing,Small Cap
MRF,24.9,24.9,-8,-10,-1,-7.1,-5.1,-7.1,-5.1,-4.4,-8.4,-9.9,5,122905.0,Auto - Tyres,Mid Cap
MRPL,19.1,40.6,-6,-12,-5,0.6,5.7,0.6,5.7,-6.5,-2.9,-8.5,5,171.7,Petro - Refineries,Small Cap
MSPL,23.5,47.8,-5,-4,-4,-0.9,-4.8,-0.9,-4.8,-3.7,-7.8,-21.2,3,33.68,Metals - Iron & Steel,Small Cap
MSUMI,35.9,35.9,-7,-12,-3,-12.9,-12.9,-12.9,-12.9,-6.3,-17.2,-17.0,4,34.36,Auto - OEM Suppliers,Mid Cap
MTARTECH,12.1,14.8,2,-13,-4,6.9,29.8,6.9,29.8,-3.4,1.6,-5.8,2,7426.0,Defense - Misc,Small Cap
MTNL,48.1,77.3,-7,-13,-4,-13.2,-17.6,-13.2,-17.6,-9.9,-16.9,-26.6,3,23.18,Telecom,Small Cap
MUFIN,6.7,51.9,-5,-10,-1,-2.2,3.9,-2.2,3.9,-3.1,-5.6,-3.3,0,132.06,Financials - Misc,Small Cap
MUKANDLTD,1.4,19.3,0,0,0,19.2,32.1,19.2,18.0,0.5,2.8,21.2,4,171.65,Metals - Iron & Steel,Small Cap
MUKKA,20.4,53.2,-2,-10,0,-1.9,10.5,-1.9,10.5,-17.6,-19.7,6.8,0,26.49,Agri - Animal Feed,Small Cap
MUKTAARTS,22.0,57.2,-3,-2,-4,1.7,13.5,1.7,13.5,-1.6,-8.1,-12.5,1,56.74,Media - Films,Small Cap
MUNJALAU,18.9,27.3,-7,-13,-1,-1.2,12.7,-1.2,12.7,-7.3,-12.1,-8.5,4,105.9,Auto - OEM Suppliers,Small Cap
MUNJALSHOW,13.7,59.5,-7,-4,-4,-4.8,-2.3,-4.8,-2.3,-5.1,-8.2,-8.4,1,126.9,Auto - Replacement,Small Cap
MURUDCERA,39.1,61.0,-7,-12,-4,-7.6,-9.3,-7.6,-9.3,-8.0,-9.9,-16.1,1,28.01,Infra - Ceramics,Small Cap
MUTHOOTCAP,28.3,83.3,-8,-12,-1,-7.6,1.9,-7.6,1.9,-9.0,-16.2,-11.2,2,217.2,Financials - NBFC,Small Cap
MUTHOOTFIN,33.8,33.8,-9,-4,-4,-6.1,-12.6,-6.1,-12.6,-4.9,-11.9,-19.8,6,2747.7,Financials - NBFC,Mid Cap
MUTHOOTMF,32.3,36.7,-9,-13,-1,-25.0,-9.3,-25.0,-9.3,-10.8,-28.9,-28.0,0,177.8,Financials - NBFC,Small Cap
MVELECTRO,,11.8,-2,-13,0,7.2,30.2,7.2,15.9,-7.9,-2.3,10.0,0,836.25,,
MVGJL,8.5,43.9,-1,-1,3,4.1,40.8,4.1,23.6,-3.2,-4.5,19.7,0,214.18,Consumption - Jewelry,Small Cap
NACLIND,45.3,60.5,-9,-12,-2,-27.2,-14.2,-27.2,-14.2,-18.1,-37.2,-39.7,3,133.99,Agrichem - Protection,Small Cap
NAGREEKCAP,38.2,66.8,-1,-2,-4,5.6,-1.0,5.6,-1.0,-10.8,-6.3,-16.7,1,26.4,Financials - Misc,Small Cap
NAGREEKEXP,38.7,62.6,-6,-2,-4,-1.1,-8.7,-1.1,-8.7,-12.2,-13.0,-22.9,2,22.0,Textile - Spinning/Yarn,Small Cap
NAHARCAP,22.6,65.6,-7,-12,-4,-4.2,-4.0,-4.2,-4.0,-8.7,-12.6,-6.7,2,237.7,Financials - Misc,Small Cap
NAHARINDUS,15.2,45.1,-4,-13,-1,1.0,7.4,1.0,7.4,-5.8,-5.1,-4.3,4,130.6,Textile - Spinning/Yarn,Small Cap
NAHARPOLY,31.5,61.2,-9,-11,-2,-10.6,-4.2,-10.6,-4.2,-3.3,-15.3,-13.6,3,231.99,Packaging,Small Cap
NAHARSPING,24.3,61.7,-7,-3,-1,-9.6,1.8,-9.6,1.8,-6.7,-17.4,-8.7,2,264.2,Textile - Misc,Small Cap
NAM-INDIA,15.1,15.1,-5,-11,-1,-9.0,-3.0,-9.0,-3.0,-9.4,-14.0,-8.0,5,1078.2,Financials - AMC,Mid Cap
NARMADA,40.7,43.0,-9,-13,-3,-18.5,-23.8,-18.5,-23.8,-11.7,-35.7,-40.0,6,12.86,Agri - Animal Feed,Small Cap
NATCOPHARM,31.1,48.4,-9,1,-4,2.7,-14.7,2.7,-14.7,0.4,-11.2,-23.1,3,845.2,Healthcare - Pharma,Small Cap
NATHBIOGEN,30.3,75.7,-9,-5,-4,-10.0,-7.4,-10.0,-7.4,-6.7,-12.2,-27.4,1,142.21,Agri - Seeds,Small Cap
NATIONALUM,22.4,22.4,-5,-12,-4,-9.1,-8.9,-9.1,-8.9,-8.5,-13.3,-18.6,5,345.45,Metals - Aluminium,Mid Cap
NAUKRI,12.3,31.8,-4,-5,-1,-0.9,17.9,-0.9,17.9,-4.4,-8.0,-5.2,5,1245.1,IT - Product/Platform,Mid Cap
NAVA,26.1,26.1,-8,-6,-4,-2.5,-6.8,-2.5,-6.8,-3.0,-6.4,-18.3,5,546.25,Power - Misc,Small Cap
NAVKARCORP,33.8,64.8,-9,-13,-3,-14.1,-8.6,-14.1,-8.6,-8.8,-18.5,-21.7,1,86.9,Transport - Logistics,Small Cap
NAVNETEDUL,26.5,37.0,-9,-13,-4,-8.8,-12.6,-8.8,-12.6,-6.8,-18.1,-16.4,1,121.99,Media - Publishing,Small Cap
NAZARA,0.5,7.5,3,0,0,4.8,17.7,4.3,10.3,2.7,3.1,4.1,2,388.1,IT - Product/Platform,Small Cap
NBCC,36.8,43.2,-8,-13,-3,-14.6,-14.9,-14.6,-14.9,-7.2,-18.5,-25.7,3,79.48,Infra - Construction,Small Cap
NBIFIN,36.9,54.0,-9,-9,-2,-12.6,2.5,-12.6,2.5,-6.3,-16.3,-14.2,2,1887.7,Financials - NBFC,Small Cap
NCC,41.0,64.9,-5,-13,-4,-11.2,-11.7,-11.2,-11.7,-14.5,-14.6,-23.1,3,128.11,Infra - Construction,Small Cap
NCLIND,17.9,42.2,-9,-1,-3,1.3,0.0,1.3,0.0,-1.2,-5.0,-8.9,1,176.3,Infra - Cement,Small Cap
NDGL,38.8,63.0,-6,-13,-1,-7.0,-4.7,-7.0,-4.7,-11.6,-20.1,-11.7,3,2478.0,Financials - NBFC,Small Cap
NDLVENTURE,13.3,26.0,-6,-11,-3,-3.0,0.7,-3.0,0.7,-4.2,-8.0,-9.7,3,121.37,Media - TV Broadcast,Small Cap
NDRAUTO,31.5,39.3,-7,-4,-3,-7.0,-5.8,-7.0,-5.8,-2.9,-10.9,-9.9,7,740.0,Auto - OEM Suppliers,Small Cap
NDTV,41.4,87.9,-8,-12,-4,-8.4,-5.3,-8.4,-5.3,-5.8,-14.0,-16.8,2,69.16,Media - TV Broadcast,Small Cap
NECCLTD,23.2,82.1,-3,-1,1,0.2,18.4,0.2,9.6,-5.6,-5.1,7.2,0,18.44,Transport - Logistics,Small Cap
NELCAST,31.4,38.8,-9,-1,-4,5.7,-2.7,5.7,-2.7,-0.3,-12.6,-17.1,3,118.89,Metals - Casting/Forging,Small Cap
NELCO,17.5,38.5,-6,-4,-1,-3.8,6.5,-3.8,6.5,-10.0,-10.3,-9.8,5,923.55,IT - Equipments,Small Cap
NEPHROPLUS,,15.0,-2,-10,-1,-6.5,0.4,-6.5,0.4,-12.3,-13.8,-3.6,5,664.0,Healthcare Service Provider,Small Cap
NESCO,26.6,36.3,-2,-10,-4,-0.9,-7.3,-0.9,-7.3,-5.4,-6.1,-15.3,5,1043.8,Real Estate,Small Cap
NESTLEIND,14.0,14.0,-8,-13,-2,-10.3,-6.4,-10.3,-6.4,-4.7,-13.3,-11.5,6,1335.5,Consumption - FMCG,Large Cap
NETWEB,20.6,20.6,-6,-13,-1,-8.6,5.4,-8.6,5.4,-10.3,-17.6,-11.1,8,4613.5,IT - Equipments,Small Cap
NETWORK18,51.4,81.0,-5,-13,-4,-9.2,-8.8,-9.2,-8.8,-5.7,-13.8,-25.5,2,25.85,Media - Entertainment,Small Cap
NEWGEN,54.6,73.7,-5,-12,-1,-11.0,-6.2,-11.0,-6.2,-8.4,-16.6,-15.4,3,473.0,IT - Software/Consulting,Small Cap
NFL,33.9,61.8,-7,-13,-4,-8.9,-9.8,-8.9,-9.8,-7.8,-10.3,-17.2,4,64.97,Agrichem - Fertilizers,Small Cap
NGIL,10.0,87.7,-7,-1,-4,2.4,6.8,2.4,6.8,-2.7,-6.5,-6.2,0,39.51,Consumption - Misc,Small Cap
NHIT,,,,,,,,,,,,,,,,
NHPC,16.4,37.8,-9,-7,-4,-1.8,-3.0,-1.8,-3.0,-3.9,-7.4,-11.7,4,73.65,Power - Misc,Mid Cap
NIACL,30.5,55.9,-3,-12,-1,-13.2,1.8,-13.2,1.8,-22.3,-27.9,-11.8,0,168.58,Financials - Non-Life,Small Cap
NIBE,27.7,38.2,-9,-5,-2,-12.1,8.8,-12.1,8.8,-10.6,-17.9,-25.9,5,1236.1,Defense - Misc,Small Cap
NIBL,21.8,37.4,-9,-4,-1,-3.6,7.8,-3.6,7.8,-5.3,-13.7,-8.0,1,31.91,Industrial - Bearings,Small Cap
NIFTYBEES,14.2,14.2,-7,-3,-1,-5.3,-4.0,-5.3,-4.0,-4.2,-7.6,-9.4,8,259.44,Index,ETF
NIITLTD,22.1,86.9,-4,-12,-1,-10.8,27.4,-10.8,27.4,-10.5,-18.0,-14.7,3,86.52,IT - Education,Small Cap
NIITMTS,53.7,64.4,-7,-9,-4,-12.6,-22.0,-12.6,-22.0,-11.6,-16.1,-37.8,2,205.48,IT - Education,Small Cap
NINSYS,21.2,21.2,-9,4,-2,5.7,12.0,5.7,12.0,2.8,-18.6,-11.6,2,736.5,IT - Software/Consulting,Small Cap
NIPPOBATRY,31.5,62.5,-4,-3,-4,-0.5,0.1,-0.5,0.1,-2.2,-3.8,-13.0,1,321.3,Batteries,Small Cap
NIRAJ,41.8,61.9,-4,-5,-3,-0.5,3.2,-0.5,3.2,-1.4,-4.5,-4.1,1,28.5,Infra - Construction,Small Cap
NIRAJISPAT,29.9,50.9,-4,-11,-1,28.6,30.1,28.6,30.1,-29.8,-26.3,1.7,3,301.0,Others,Small Cap
NITCO,26.9,46.8,-8,-12,-2,-6.2,-11.9,-6.2,-11.9,-7.0,-21.1,-19.2,2,87.29,Infra - Ceramics,Small Cap
NITINSPIN,8.8,8.8,-2,-13,-1,-0.5,9.1,-0.5,9.1,-7.4,-7.3,-3.2,5,607.1,Textile - Spinning/Yarn,Small Cap
NITIRAJ,12.5,50.0,-2,-10,-1,-3.0,6.3,-3.0,6.3,-9.3,-10.3,-4.2,4,210.8,Electronic - Equipment,Small Cap
NIVABUPA,19.7,32.9,-8,-9,-1,-13.3,-10.5,-13.3,-10.5,-9.6,-15.8,-15.8,0,73.41,Financials - Life,Small Cap
NKE,,,,,,,,,,,,,,,,
NKIND,21.0,37.0,-6,-13,-4,9.7,1.1,9.7,1.1,-1.3,-8.3,-6.9,3,61.99,Agri - Edible Oil,Small Cap
NLCINDIA,34.0,34.0,-8,-13,-4,-13.5,-7.1,-13.5,-7.1,-6.9,-15.9,-26.4,3,255.9,Power - Misc,Small Cap
NMDC,18.1,20.8,-5,-12,-4,-8.3,-5.6,-8.3,-5.6,-9.4,-11.0,-15.1,4,77.23,Metals - Misc,Mid Cap
NOCIL,19.7,49.5,-1,-4,-3,-7.4,1.3,-7.4,1.3,-15.8,-13.4,-7.4,4,169.58,Chemicals - Specialty,Small Cap
NORBTEAEXP,33.6,33.6,-5,-1,-5,-1.7,10.8,-1.7,10.8,-5.1,-8.8,-31.4,5,64.9,Agri - Tea/Coffee,Small Cap
NORTHARC,12.8,16.8,-1,-6,-1,-2.6,2.0,-2.6,2.0,-8.2,-7.1,-6.5,7,291.3,Financials - NBFC,Small Cap
NOVARTIND,,25.3,-3,-12,3,7.5,31.3,7.5,14.6,-19.2,-19.1,24.3,4,1934.9,Healthcare - Pharma,Small Cap
NPST,19.5,53.7,-2,-4,-1,-4.0,8.7,-4.0,8.7,-11.6,-9.4,-0.8,5,1656.7,IT - Software/Consulting,Small Cap
NRAIL,5.9,5.9,-1,-1,0,6.2,37.4,6.2,23.5,-0.3,-1.8,30.4,2,664.95,Paper,Small Cap
NRL,4.3,4.3,-1,-2,0,12.0,59.7,12.0,32.2,-3.4,-3.0,30.6,4,160.0,Metals - Misc,Small Cap
NSIL,38.6,46.3,-4,-13,-4,-4.4,0.3,-4.4,0.3,-5.5,-6.4,-7.6,5,5357.5,Financials - NBFC,Small Cap
NSLNISP,15.8,43.3,-5,-12,-1,-4.2,6.4,-4.2,6.4,-8.3,-14.7,-9.5,0,41.8,Metals - Iron & Steel,Small Cap
NTPC,21.8,27.7,-9,-12,-4,-5.0,-13.4,-5.0,-13.4,-3.2,-8.2,-19.0,4,324.1,Power - Misc,Large Cap
NTPCGREEN,24.9,42.0,-9,-2,-4,2.3,-8.0,2.3,-8.0,-5.0,-6.7,-18.4,0,90.09,Power - Green,Mid Cap
NUCLEUS,38.7,63.5,-4,-13,-4,-8.7,-11.0,-8.7,-11.0,-8.7,-13.3,-19.7,3,653.25,IT - Product/Platform,Small Cap
NURECA,3.0,84.4,5,-1,1,6.0,20.4,3.3,12.0,0.9,1.5,4.8,0,360.0,Healthcare - Equipments,Small Cap
NUVAMA,20.0,20.0,-9,-13,-1,-5.0,5.4,-5.0,5.4,-9.5,-16.5,-9.3,8,1652.5,Financials - AMC,Small Cap
NUVOCO,25.0,42.9,-9,-4,-1,-3.4,9.0,-3.4,9.0,-4.0,-8.3,-5.6,0,330.05,Infra - Cement,Small Cap
NXST,13.6,13.6,-6,-10,-1,-0.2,4.0,-0.2,4.0,-1.3,-1.9,-1.2,8,165.8,Financials - Misc,Small Cap
NYKAA,6.3,23.7,-2,-10,-1,-0.8,8.2,-0.8,8.2,-4.3,-5.2,-6.3,0,327.5,IT - Product/Platform,Mid Cap
OAL,4.5,50.5,0,-4,0,5.4,46.7,3.1,24.6,-2.6,2.1,17.4,1,544.6,Chemicals - Specialty,Small Cap
OBCL,11.6,66.7,-1,-3,-5,-2.0,0.2,-2.0,0.2,-8.8,-4.8,-6.9,0,54.83,Transport - Logistics,Small Cap
OBEROIRLTY,10.9,24.5,-5,-2,-1,-2.8,0.5,-2.8,0.5,-4.6,-6.6,-5.3,6,1769.6,Real Estate,Mid Cap
OFSS,15.9,20.2,-4,-10,-1,-10.4,1.6,-10.4,1.6,-11.2,-13.6,-15.9,3,10543.0,IT - Product/Platform,Mid Cap
OIL,12.8,39.7,-2,-11,-5,-3.4,3.3,-3.4,3.3,-8.2,-6.4,-8.0,4,462.95,Oil and Gas,Mid Cap
OILCOUNTUB,12.1,28.3,2,-1,0,15.4,23.6,8.3,14.8,2.5,6.7,12.8,4,72.2,Oil and Gas,Small Cap
OLAELEC,36.4,76.3,-8,-3,-2,-2.3,8.0,-2.3,8.0,-11.7,-9.1,-15.1,0,37.32,Auto - 2W,Small Cap
OLECTRA,28.0,48.8,-8,-4,-2,-14.3,-3.0,-14.3,-3.0,-9.5,-17.9,-24.6,5,1136.8,Auto - PV/Trucks,Small Cap
OMAXAUTO,24.8,24.8,-6,-3,-4,5.8,22.9,5.8,22.9,-4.6,-12.5,-19.5,3,198.01,Auto - OEM Suppliers,Small Cap
OMAXE,21.2,53.5,-4,-13,-1,3.3,15.2,3.3,15.2,-14.9,-19.7,-12.8,1,109.5,Real Estate,Small Cap
OMINFRAL,41.9,65.6,-8,-12,-4,-9.2,-6.7,-9.2,-6.7,-5.8,-14.4,-16.7,3,78.3,Engineering,Small Cap
ONEPOINT,2.6,7.0,0,0,3,17.2,34.6,17.2,19.9,2.5,3.5,15.2,5,72.06,Tech - BPO,Small Cap
ONESOURCE,18.0,29.8,-9,-10,-4,-1.4,5.0,-1.4,5.0,-2.3,-6.9,-13.5,0,1578.6,Healthcare - Pharma,Small Cap
ONGC,25.2,33.4,-9,-11,-5,-1.0,-14.5,-1.0,-14.5,-3.1,-7.6,-23.2,4,229.93,Oil and Gas,Large Cap
ONIDA,35.1,50.6,-8,-4,-4,-2.0,-12.5,-2.0,-12.5,-8.3,-20.1,-24.2,1,31.96,Consumption - Electronics,Small Cap
ONMOBILE,40.4,73.8,-6,-8,-1,-20.9,-10.4,-20.9,-10.4,-5.6,-36.3,-24.8,2,50.05,IT - Product/Platform,Small Cap
ONWARDTEC,17.5,61.1,-8,-4,-1,1.0,6.8,1.0,6.8,-1.2,-2.5,-2.5,4,287.6,IT - Software/Consulting,Small Cap
OPTIEMUS,6.3,8.8,0,-4,0,25.2,47.6,12.1,28.6,-2.2,5.1,24.3,3,797.15,Telecom,Small Cap
ORBTEXP,5.0,13.5,-7,0,0,12.4,19.8,12.4,18.6,11.2,-5.0,7.6,4,264.8,Textiles - Processing,Small Cap
ORCHPHARMA,10.9,61.6,-1,-5,0,2.4,9.4,2.4,3.3,-8.0,-4.4,2.9,4,1018.3,Healthcare - Pharma,Small Cap
ORICONENT,29.5,29.5,-5,-4,-5,-0.5,-18.4,-0.5,-18.4,-6.3,-13.5,-21.8,2,51.58,Packaging,Small Cap
ORIENTBELL,7.7,51.2,-4,-13,0,5.9,18.9,5.9,8.7,-3.5,-4.5,2.8,3,401.3,Infra - Ceramics,Small Cap
ORIENTCEM,47.9,68.8,-7,-13,-4,-13.2,-6.1,-13.2,-6.1,-6.9,-14.4,-21.3,3,118.09,Infra - Cement,Small Cap
ORIENTCER,19.5,37.0,-1,-1,-1,0.2,8.0,0.2,3.5,-5.7,-4.6,1.6,1,45.59,Metals - Casting/Forging,Small Cap
ORIENTELEC,27.8,61.5,-7,-12,-4,-12.0,-10.0,-12.0,-10.0,-11.0,-18.7,-16.8,3,157.0,Consumption - Appliances,Small Cap
ORIENTHOT,6.2,30.9,-1,-5,-2,0.3,6.7,0.3,6.7,-3.6,-3.6,-1.3,5,139.62,Leisure - Hotels,Small Cap
ORIENTLTD,21.9,82.2,-9,-6,-1,6.9,12.1,6.9,12.1,-4.3,-18.9,-4.2,1,79.9,Packaging,Small Cap
ORIENTPPR,40.2,73.5,-8,-13,-4,-6.3,-0.3,-6.3,-0.3,-11.2,-10.9,-10.5,1,16.5,Paper,Small Cap
ORIENTTECH,50.7,62.5,-9,-10,-4,-11.5,-11.7,-11.5,-11.7,-7.5,-17.3,-19.4,0,230.0,Others,Small Cap
ORISSAMINE,40.5,62.4,-6,-13,-1,-16.7,-8.1,-16.7,-8.1,-13.2,-25.4,-15.3,4,3653.9,Metals - Misc,Small Cap
ORKLAINDIA,,29.0,-1,-6,-5,-5.2,-10.7,-5.2,-10.7,-8.9,-9.8,-15.5,0,539.25,Other Food Products,
OSIAHYPER,90.5,97.0,-9,-12,-5,-17.9,-26.6,-17.9,-26.6,-5.6,-21.7,-71.5,2,2.34,Consumption - Retail,Small Cap
OSWALAGRO,56.9,68.5,-8,-13,-4,-8.5,-18.7,-8.5,-18.7,-3.9,-13.0,-30.1,4,34.95,Agri - Misc,Small Cap
OSWALGREEN,54.1,71.7,-8,-4,-4,-7.4,-18.0,-7.4,-18.0,-3.9,-11.6,-30.4,2,19.49,Financials - Misc,Small Cap
OSWALPUMPS,66.3,70.1,-9,-4,-3,-18.9,-30.1,-18.9,-30.1,-7.7,-33.2,-38.7,0,265.95,Compressors- Pumps & Diesel Engines,Small Cap
PACEDIGITK,29.9,29.9,-8,-4,-1,2.3,-13.8,2.3,-13.8,-4.1,-21.3,-21.3,0,162.49,Telecom - Infrastructure,Small Cap
PAGEIND,15.7,32.0,-8,-2,-2,-7.0,-3.8,-7.0,-3.8,-1.5,-8.7,-12.4,5,36980.0,Textile - Innerwear,Mid Cap
PAISALO,17.0,20.9,-1,-4,0,-2.5,21.9,-2.5,11.7,-15.5,-12.5,9.7,8,78.76,Financials - NBFC,Small Cap
PAKKA,54.7,81.8,-5,-6,-4,-0.1,-17.6,-0.1,-17.6,-8.1,-14.4,-25.6,2,72.55,Paper,Small Cap
PALASHSECU,35.2,57.0,-7,-11,-4,-0.9,-7.4,-0.9,-7.4,-4.9,-12.9,-14.6,3,85.4,Consumption - FMCG,Small Cap
PALREDTEC,37.4,86.9,-5,-13,-3,-11.3,17.6,-11.3,17.6,-15.7,-21.1,-23.5,1,46.05,IT - Software/Consulting,Small Cap
PANACEABIO,36.9,41.7,-9,-11,-3,-7.3,2.5,-7.3,2.5,-4.4,-31.7,-33.4,3,376.9,Healthcare - Biotech,Small Cap
PANACHE,8.8,8.8,-6,-10,-1,9.9,13.8,9.9,13.8,-2.7,-6.6,-3.8,6,509.9,IT - Services,Small Cap
PANAMAPET,20.3,20.3,-7,-12,0,4.7,19.4,4.7,19.4,-3.6,-6.6,1.4,4,477.75,Petro - Lubricants,Small Cap
PANSARI,29.3,29.3,-9,-12,-1,-8.9,-8.0,-8.9,-8.0,-7.0,-24.1,-18.4,4,275.0,Real Estate,Small Cap
PAR,30.6,64.1,-4,-13,0,5.9,23.4,5.9,23.4,-25.9,-20.2,6.5,4,125.0,Healthcare - Pharma,Small Cap
PARACABLES,24.2,50.9,-7,-13,-3,-7.1,29.6,-7.1,29.6,-15.9,-17.2,-18.0,3,57.41,Power - Wiring,Small Cap
PARADEEP,23.6,34.3,-5,-13,-1,1.1,6.2,1.1,6.2,-4.2,-7.2,-3.8,6,153.95,Agrichem - Fertilizers,Small Cap
PARAS,16.3,16.8,-6,-13,-1,-3.2,5.9,-3.2,5.9,-12.5,-11.6,-7.5,3,1325.9,Defense - Misc,Small Cap
PARKHOSPS,,9.7,-8,-3,-2,-1.6,5.5,-1.6,5.5,-4.2,-7.9,-9.7,5,275.35,Hospital,Small Cap
PARKHOTELS,35.4,56.5,-9,-13,-4,-14.5,-13.9,-14.5,-13.9,-9.1,-18.2,-17.2,0,102.28,Leisure - Hotels,Small Cap
PARNAXLAB,,23.7,-3,-12,-1,-7.4,-1.0,-7.4,-1.0,-12.9,-15.5,-13.6,0,114.0,,
PASHUPATI,21.7,21.7,4,6,-5,9.7,36.9,9.7,36.9,12.5,3.5,-10.2,6,92.72,Textile - Spinning/Yarn,Small Cap
PASUPTAC,7.4,7.4,-1,-3,2,6.0,25.4,6.0,15.9,-3.8,-0.8,18.6,3,75.29,Chemicals - Petro,Small Cap
PATANJALI,39.6,67.0,-1,-4,-5,6.4,-17.6,6.4,-17.6,-8.8,-8.1,-25.8,0,371.15,Agri - Edible Oil,Mid Cap
PATELENG,31.9,66.6,-7,-3,-2,-6.6,-2.5,-6.6,-2.5,-4.1,-11.6,-24.5,2,26.42,Infra - Construction,Small Cap
PAUSHAKLTD,,19.3,-3,-13,-1,-10.2,6.9,-10.2,6.9,-12.9,-15.6,-12.0,5,667.15,Chemicals - Misc,Small Cap
PAVNAIND,63.0,79.4,-8,-6,-5,-8.5,-8.5,-8.5,-8.5,-3.9,-17.1,-19.2,5,15.67,Auto - Misc,Small Cap
PAYTM,9.1,13.8,-2,-7,-1,0.5,23.6,0.5,23.6,-7.1,-8.9,-1.8,2,1686.0,IT - Product/Platform,Mid Cap
PCBL,16.2,43.5,-1,-5,0,1.1,6.4,1.1,2.2,-5.3,-2.8,2.5,5,330.0,Chemicals - Bulk,Small Cap
PCJEWELLER,10.9,78.0,-1,-3,0,1.8,36.0,1.8,20.4,-7.9,-6.2,20.5,1,13.24,Consumption - Jewelry,Small Cap
PDMJEPAPER,26.1,59.5,-1,-7,-1,-0.2,4.7,-0.2,4.7,-8.2,-7.8,-2.0,5,94.0,Paper,Small Cap
PDSL,16.9,47.8,-6,-4,-1,-2.8,6.4,-2.8,6.4,-3.8,-6.4,-6.0,6,347.95,Textile - Misc,Small Cap
PEARLPOLY,45.3,67.9,-1,-4,-5,8.2,-5.5,8.2,-5.5,-11.2,-4.5,-16.2,2,17.22,Chemicals - Misc,Small Cap
PENIND,35.5,35.5,-1,-1,3,3.8,11.5,3.8,6.4,-2.2,-2.3,7.6,4,180.57,Engineering,Small Cap
PENINLAND,58.7,80.3,-3,-3,-4,-0.7,7.2,-0.7,7.2,-10.3,-11.3,-13.0,2,15.45,Real Estate,Small Cap
PETRONET,13.0,26.1,-5,-7,-1,0.1,4.0,0.1,4.0,-1.7,-3.4,-9.9,3,283.85,Utility - Gas,Mid Cap
PFC,33.1,43.9,-8,-13,-4,-21.2,-20.4,-21.2,-20.4,-8.0,-23.5,-28.0,3,325.5,Financials - NBFC,Large Cap
PFIZER,29.6,39.2,-5,-13,-1,-17.6,-15.0,-17.6,-15.0,-11.4,-21.8,-20.1,5,3925.0,Healthcare - Pharma,Mid Cap
PFOCUS,13.6,13.6,-1,-4,-5,3.6,22.3,3.6,22.3,-10.6,-8.9,-5.9,4,317.0,Media - Films,Small Cap
PFS,31.2,59.0,-9,12,-2,6.3,-5.4,5.5,-5.4,1.3,-6.7,-13.9,2,27.86,Financials - NBFC,Small Cap
PGEL,22.6,52.7,-7,-13,-1,-15.8,-10.0,-15.8,-10.0,-10.4,-21.0,-19.1,5,498.55,Consumption - Electronics,Small Cap
PGHH,52.6,64.3,-9,-13,-4,-18.3,-26.8,-18.3,-26.8,-10.7,-23.7,-38.9,5,6875.0,Consumption - Personal,Mid Cap
PGHL,18.2,23.9,-9,12,-1,7.7,-2.5,5.7,-2.5,1.3,-15.6,-13.6,4,5707.5,Healthcare - Pharma,Small Cap
PGIL,4.6,4.6,-1,-1,0,7.6,23.5,7.6,12.8,-1.7,-2.5,5.2,8,1295.8,Textile - Apparels,Small Cap
PGINVIT,2.4,28.2,-2,-12,0,1.7,4.9,1.7,2.5,-0.8,-0.2,2.1,2,102.01,Financials - Misc,Small Cap
PHOENIXLTD,11.1,11.1,-9,-4,-2,1.9,6.2,1.9,6.2,-2.6,-7.2,-1.7,7,1930.0,Real Estate,Mid Cap
PICCADIL,25.3,25.3,-7,-4,-1,-16.5,-2.9,-16.5,-2.9,-2.5,-19.6,-18.6,5,604.55,Breweries & Distilleries,Small Cap
PIDILITIND,13.2,13.2,-7,-6,-1,-8.3,-4.3,-8.3,-4.3,-6.5,-12.5,-12.2,9,1482.1,Chemicals - Specialty,Large Cap
PIGL,47.4,76.7,-7,-13,-2,-7.5,-10.2,-7.5,-10.2,-7.3,-13.4,-15.1,3,97.17,Engineering,Small Cap
PIIND,39.8,51.9,-7,-5,-4,-14.6,-15.2,-14.6,-15.2,-4.1,-17.2,-24.7,6,2308.7,Agrichem - Protection,Mid Cap
PILANIINVS,31.9,50.4,-7,-11,-4,-5.5,-5.0,-5.5,-5.0,-5.3,-10.4,-14.4,3,4074.0,Financials - Misc,Small Cap
PIONEEREMB,45.5,75.5,-8,-9,-4,-10.6,-12.9,-10.6,-12.9,-6.6,-17.6,-26.6,1,21.0,Textile - Misc,Small Cap
PIRAMALFIN,,7.3,-2,-13,-1,-0.4,7.5,-0.4,7.5,-6.6,-6.2,-6.2,5,2157.1,Housing Finance Company,Mid Cap
PITTIENG,8.0,25.3,-2,-13,0,1.5,14.8,1.5,6.9,-4.0,-3.2,2.2,5,1130.2,Electronic - Equipment,Small Cap
PIXTRANS,17.4,38.4,-7,-4,-3,-0.3,13.7,-0.3,13.7,-2.1,-9.0,-6.0,4,1725.2,Industrial - Consumables,Small Cap
PKTEA,13.9,13.9,-2,-11,4,16.7,43.7,16.7,22.0,-10.7,-10.3,20.8,3,1006.0,Agri - Tea/Coffee,Small Cap
PLASTIBLEN,5.2,48.6,-1,-1,0,6.5,13.3,6.5,7.8,0.4,1.0,9.6,3,205.0,Chemicals - Specialty,Small Cap
PLATIND,31.4,59.0,-3,-13,-4,-8.5,-5.8,-8.5,-5.8,-11.6,-11.2,-15.4,0,205.9,Chemicals - Specialty,Small Cap
PLAZACABLE,9.2,65.5,-2,-10,0,3.3,27.7,3.3,12.5,-5.2,-7.7,5.9,0,59.9,Power - Wiring,Small Cap
PNB,16.4,51.2,-7,-5,-1,-2.8,4.2,-2.8,4.2,-4.0,-4.3,-9.7,1,112.96,Financials - PSU Bank,Large Cap
PNBGILTS,29.0,51.7,-8,-13,-3,-8.8,-1.7,-8.8,-1.7,-12.7,-18.0,-21.9,4,72.02,Financials - Misc,Small Cap
PNBHOUSING,9.3,22.8,-3,-12,-1,-3.7,3.1,-3.7,3.1,-6.6,-6.8,-4.4,1,1098.3,Financials - Housing,Small Cap
PNC,49.4,79.0,-7,-12,-3,-12.6,-19.5,-12.6,-19.5,-1.4,-19.0,-26.4,1,16.65,Media - Films,Small Cap
PNCINFRA,56.1,77.4,-8,-12,-1,-44.2,-40.4,-44.2,-40.4,-27.5,-47.9,-47.9,4,129.86,Infra - Construction,Small Cap
PNGJL,20.4,30.8,-8,-13,-1,-2.2,1.2,-2.2,1.2,-6.1,-12.5,-12.5,0,586.4,Consumption - Retail,Small Cap
POCL,28.6,28.6,-9,-4,-4,-7.5,-2.5,-7.5,-2.5,-4.1,-15.5,-17.7,5,462.45,Metals - Misc,Small Cap
PODDARMENT,22.6,45.8,-1,-13,-1,-4.4,3.2,-4.4,3.2,-15.2,-10.7,-2.6,2,258.0,Chemicals - Dyes,Small Cap
POKARNA,37.4,50.5,-7,-10,-3,-23.6,-16.3,-23.6,-16.3,-10.5,-30.2,-33.4,3,718.05,Infra - Granites/Marbles,Small Cap
POLICYBZR,44.7,51.6,-4,-4,-1,-38.1,-31.1,-38.1,-31.1,-41.1,-40.8,-42.0,2,1086.9,IT - Product/Platform,Mid Cap
POLYMED,21.1,50.8,-6,-12,-1,-2.4,1.9,-2.4,1.9,-4.8,-7.7,-6.1,5,1652.1,Healthcare - Equipments,Small Cap
POLYPLEX,16.3,63.2,-5,-13,-1,-6.9,6.9,-6.9,6.9,-8.9,-11.4,-10.6,3,1057.6,Packaging,Small Cap
PONNIERODE,15.5,35.8,-5,-1,-1,8.4,14.1,8.4,6.3,-3.0,-9.3,-4.6,2,384.55,Agri - Sugar,Small Cap
POONAWALLA,22.5,22.5,-6,-7,-1,-8.2,0.2,-8.2,0.2,-7.2,-11.4,-5.6,5,441.9,Financials - NBFC,Mid Cap
POWERGRID,18.4,27.6,-9,-12,-5,-5.6,-6.4,-5.6,-6.4,-1.9,-8.0,-16.7,5,265.3,Power - Misc,Large Cap
POWERINDIA,20.5,20.8,-6,-7,-4,-4.2,18.8,-4.2,18.8,-4.5,-14.0,-20.1,9,30735.0,Power - Equipment,Mid Cap
POWERMECH,19.4,35.6,-9,-5,-2,-5.0,4.4,-5.0,4.4,-2.2,-8.8,-14.2,5,2397.1,Infra - Construction,Small Cap
PPAP,38.1,67.5,-8,-2,-1,-13.1,5.6,-13.1,5.6,-7.5,-26.9,-17.3,1,234.75,Auto - OEM Suppliers,Small Cap
PPL,24.9,62.4,-3,-12,-3,-3.6,24.6,-3.6,24.6,-13.1,-12.1,-22.4,6,251.0,Infra - Plastic Pipes,Small Cap
PRABHA,14.8,29.1,-2,-13,0,7.6,33.3,7.6,14.4,-10.9,-9.5,9.5,5,224.0,Others,Small Cap
PRAENG,36.5,53.5,-3,-1,-4,0.7,5.7,0.7,0.3,-9.6,-12.9,-6.3,3,21.5,Real Estate,Small Cap
PRAJIND,28.0,64.8,-5,-13,-4,-8.1,-9.6,-8.1,-9.6,-8.7,-11.5,-25.3,5,308.05,Engineering,Small Cap
PRAKASH,29.8,49.2,-7,-13,-4,3.3,-5.9,3.3,-5.9,-4.5,-11.9,-18.1,1,121.33,Metals - Pipe & Tube,Small Cap
PRECAM,42.8,69.2,-8,-4,-4,-16.7,-13.7,-16.7,-13.7,-4.0,-17.8,-26.3,2,117.84,Auto - OEM Suppliers,Small Cap
PRECOT,28.8,28.8,-8,-5,-1,-19.1,-2.7,-19.1,-2.7,-7.3,-24.7,-24.7,4,640.0,Textile - Spinning/Yarn,Small Cap
PRECWIRE,4.5,4.5,-4,-2,-1,6.1,20.5,6.1,11.3,0.9,-2.7,-0.9,6,501.3,Metals - Copper,Small Cap
PREMEXPLN,18.6,25.7,-1,-2,-2,0.6,20.7,0.6,20.7,-0.8,-0.7,-16.5,5,675.4,Defense - Misc,Small Cap
PREMIERENE,24.5,38.3,-6,-13,-4,-12.4,-10.4,-12.4,-10.4,-13.5,-19.4,-19.3,0,856.4,Electronic - Equipment,Mid Cap
PREMIERPOL,10.3,10.3,-1,-2,0,7.6,30.1,4.4,15.0,-4.4,-0.3,5.0,5,95.08,Infra - Plastic Pipes,Small Cap
PRESTIGE,21.1,31.3,-5,-13,-1,-10.1,-2.5,-10.1,-2.5,-8.2,-15.7,-12.7,5,1425.1,Real Estate,Mid Cap
PRIMECAB,,,,,,,,,,,,,,,,
PRIMESECU,8.6,17.3,-1,-1,-3,1.7,6.0,1.7,2.8,-1.6,-1.6,-0.6,5,297.05,Financials - Misc,Small Cap
PRINCEPIPE,27.4,71.5,-4,-13,-1,-8.3,1.0,-8.3,1.0,-10.1,-13.0,-13.0,4,255.85,Infra - Plastic Pipes,Small Cap
PRITI,62.4,89.3,-9,-7,-5,-8.6,-4.0,-8.6,-4.0,-5.5,-17.0,-30.5,4,31.98,Infra - Home Furnish,Small Cap
PROTEAN,26.2,56.3,-1,-1,3,22.4,18.8,22.4,13.3,-3.3,-2.8,8.2,0,671.35,Tech - BPO,Small Cap
PROZONER,23.0,28.5,-1,-1,-4,7.0,19.2,7.0,17.0,-1.6,-1.3,-4.1,1,56.03,Real Estate,Small Cap
PRSMJOHNSN,34.2,55.6,-1,-5,-4,-3.7,-9.2,-3.7,-9.2,-6.5,-6.8,-19.4,3,109.21,Infra - Cement,Small Cap
PRUDENT,24.5,24.5,-1,-6,-1,-3.1,5.1,-3.1,5.1,-10.5,-11.5,-15.6,6,3100.2,Financials - Misc,Small Cap
PSB,35.1,72.8,-7,-13,-4,-8.0,-9.0,-8.0,-9.0,-8.0,-16.3,-18.4,1,21.06,Financials - PSU Bank,Mid Cap
PSPPROJECT,31.2,31.2,-9,-13,-2,-15.5,-10.5,-15.5,-10.5,-10.3,-24.4,-22.1,3,786.55,Infra - Construction,Small Cap
PTC,32.1,38.8,-8,-4,-4,-8.9,-10.9,-8.9,-10.9,-0.6,-23.4,-25.7,2,155.74,Power - Misc,Small Cap
PTCIL,6.7,6.7,-4,-13,0,4.3,20.6,4.3,20.6,-5.4,-5.5,1.8,8,22520.0,Metals - Casting/Forging,Small Cap
PTL,12.3,57.1,-7,-10,-2,-3.1,-1.8,-3.1,-1.8,-1.1,-4.6,-10.9,0,38.16,Others,Small Cap
PUNJABCHEM,32.6,46.5,-8,-13,-1,-7.2,-3.7,-7.2,-3.7,-5.8,-12.4,-12.4,4,1034.2,Agrichem - Protection,Small Cap
PURVA,28.8,64.1,-6,-7,-4,-4.8,-1.7,-4.8,-1.7,-6.8,-12.6,-6.6,3,204.48,Real Estate,Small Cap
PVP,22.4,22.4,-3,-4,-1,21.2,46.5,21.2,46.5,-17.4,-20.1,-18.4,6,55.91,Real Estate,Small Cap
PVRINOX,12.1,46.1,-1,-5,-1,-3.9,7.8,-3.9,7.8,-10.9,-10.1,-1.1,3,1194.0,Media - Films,Small Cap
PWL,,22.7,-2,-4,0,-4.0,10.0,-4.0,10.0,-8.5,-8.6,0.0,0,125.26,E-Learning,Small Cap
PYRAMID,21.1,39.5,-8,-1,-1,-8.3,-0.8,-8.3,-0.8,-3.1,-15.7,-15.7,2,156.7,Packaging,Small Cap
QPOWER,0.5,0.5,0,0,0,8.3,31.1,5.7,18.4,3.9,3.3,12.2,5,1611.0,Power - Equipment,Small Cap
QUADFUTURE,3.9,27.1,-1,-2,2,8.2,39.5,8.2,24.1,0.4,-0.9,21.0,5,542.65,Power - Wiring,Small Cap
QUESS,12.1,73.8,-5,-6,-1,0.2,10.7,0.2,10.7,-5.8,-8.2,-10.5,1,341.6,Human Resources,Small Cap
QUICKHEAL,60.7,82.3,-2,-9,-4,-0.6,-10.1,-0.6,-10.1,-9.6,-11.4,-21.5,3,146.01,IT - Product/Platform,Small Cap
RACE,50.1,73.9,0,-4,-4,12.9,6.8,12.9,7.7,-10.0,1.7,-3.2,2,119.88,Others,Small Cap
RACLGEAR,17.6,17.6,-2,-8,0,-0.4,15.8,-0.4,15.8,-14.4,-13.7,3.4,7,1588.6,Auto - OEM Suppliers,Small Cap
RADHIKAJWE,29.7,56.5,-3,-13,-1,-5.3,4.3,-5.3,4.3,-25.1,-19.0,-5.4,4,68.51,Consumption - Jewelry,Small Cap
RADIANTCMS,38.0,69.5,-3,-13,-5,-4.0,-7.8,-4.0,-7.8,-15.4,-17.6,-14.8,0,35.66,Others,Small Cap
RAILTEL,35.5,58.2,-7,-4,-4,-8.9,-14.6,-8.9,-14.6,-3.5,-13.0,-23.7,5,258.5,Railways,Small Cap
RAIN,14.1,54.5,-9,-12,-1,0.2,18.0,0.2,18.0,-2.8,-4.5,-3.5,1,216.35,Chemicals - Petro,Small Cap
RAINBOW,15.1,20.1,-8,-7,-1,-7.8,-2.8,-7.8,-2.8,-7.1,-12.2,-11.8,4,1366.5,Healthcare - Hospitals,Small Cap
RAJESHEXPO,73.3,93.8,-6,-10,-4,-17.3,-21.0,-17.3,-21.0,-20.8,-28.6,-53.5,1,63.5,Consumption - Jewelry,Mid Cap
RAJOOENG,44.4,63.7,-2,-13,-4,5.4,10.2,5.4,10.2,-4.6,-4.1,-11.8,0,52.9,Industrial Products,Small Cap
RAJRATAN,17.1,66.8,-8,-12,-1,-7.7,3.5,-7.7,3.5,-10.0,-10.9,-6.5,3,467.55,Auto - OEM Suppliers,Small Cap
RAJRILTD,27.1,77.3,-5,-10,-3,-6.8,-3.0,-6.8,-3.0,-5.2,-11.8,-15.9,1,20.41,Textiles - Processing,Small Cap
RAJSREESUG,27.8,69.9,-5,-12,-1,-8.8,-0.7,-8.8,-0.7,-13.9,-25.2,-18.9,1,30.65,Agri - Sugar,Small Cap
RAJTV,77.4,91.6,-9,-1,-5,14.7,-46.5,4.6,-46.5,-5.3,-11.7,-74.2,2,10.59,Media - TV Broadcast,Small Cap
RALLIS,36.5,48.2,-9,-13,-5,-6.9,-16.7,-6.9,-16.7,-2.8,-16.6,-25.4,3,200.07,Agrichem - Protection,Small Cap
RAMANEWS,27.8,32.3,-5,-13,-4,1.3,1.0,1.3,1.0,-9.4,-8.7,-14.6,0,30.31,Paper,Small Cap
RAMAPHO,44.7,44.7,-9,-3,-4,-4.1,1.7,-4.1,1.7,-4.1,-10.4,-14.2,2,120.02,Agrichem - Fertilizers,Small Cap
RAMASTEEL,61.0,74.9,-7,-1,-4,-0.4,17.6,-0.4,17.6,-4.8,-8.7,-31.0,5,4.4,Metals - Pipe & Tube,Small Cap
RAMBHAJO,,5.8,-1,-5,0,10.8,43.8,10.8,23.5,-2.6,-1.5,20.8,0,290.36,,
RAMCOCEM,30.4,30.4,-8,-6,-4,-6.3,-6.5,-6.3,-6.5,-4.5,-9.4,-22.1,5,845.7,Infra - Cement,Mid Cap
RAMCOIND,21.9,22.4,-6,-7,-2,-8.0,-5.1,-8.0,-5.1,-6.1,-13.7,-9.1,2,308.95,Infra - Cement,Small Cap
RAMCOSYS,42.4,42.4,-9,-12,-3,-5.6,29.7,-5.6,29.7,-7.9,-28.9,-33.4,2,556.9,IT - Product/Platform,Small Cap
RAMKY,58.1,70.7,-8,-13,-4,-22.6,-32.2,-22.6,-32.2,-12.8,-27.4,-41.7,3,295.35,Infra - Construction,Small Cap
RAMRAT,3.0,3.0,-5,0,0,6.4,27.0,6.4,14.6,2.1,-1.3,3.7,8,584.45,Power - Wiring,Small Cap
RANEHOLDIN,19.0,45.2,-8,-11,-1,-11.8,6.0,-11.8,6.0,-9.5,-13.1,-12.8,1,1535.0,Auto - Misc,Small Cap
RATEGAIN,20.9,20.9,-5,-10,-1,-9.7,0.5,-9.7,0.5,-5.7,-16.2,-11.4,3,831.0,IT - Product/Platform,Small Cap
RATNAMANI,14.8,28.4,-2,-12,2,4.4,20.0,4.4,8.3,0.3,-0.3,6.9,5,2850.0,Metals - Pipe & Tube,Small Cap
RATNAVEER,3.5,3.5,-1,-5,0,8.4,55.7,8.4,25.8,-0.7,-0.7,8.4,5,331.75,Metals - Iron & Steel,Small Cap
RAYMOND,3.7,65.9,-1,-2,0,20.1,103.1,20.1,58.0,-0.8,-0.5,88.4,3,1190.55,Textile - Apparels,Small Cap
RAYMONDLSL,46.8,78.6,-7,-13,-4,-7.9,-11.6,-7.9,-11.6,-4.9,-10.6,-23.0,0,662.8,Textile - Apparels,Small Cap
RAYMONDREL,8.9,35.6,-1,-1,0,9.7,21.9,9.7,11.1,-5.4,-5.0,4.0,5,675.95,Residential- Commercial Projects,
RBA,17.2,57.0,-5,-12,-1,-2.2,16.5,-2.2,16.5,-6.8,-12.1,-6.2,0,92.02,Leisure - Restaurants,Small Cap
RBLBANK,5.7,43.5,-3,-4,0,3.5,9.4,3.5,5.5,-4.9,-2.6,6.5,2,405.05,Financials - Private Bank,Small Cap
RBZJEWEL,3.8,21.7,-4,-1,0,13.5,37.3,7.6,21.9,4.1,-1.8,30.6,5,197.0,Consumption - Jewelry,Small Cap
RCF,31.1,55.8,-8,-12,-3,-14.6,-14.3,-14.6,-14.3,-5.2,-15.3,-18.3,4,108.27,Agrichem - Fertilizers,Small Cap
RECLTD,23.6,54.4,-8,-13,-1,-17.6,-13.8,-17.6,-13.8,-5.9,-20.3,-20.3,3,298.05,Financials - NBFC,Mid Cap
REDINGTON,3.2,3.2,-1,-4,0,3.1,30.9,3.1,17.3,-0.4,-0.3,13.5,5,405.9,IT - Services,Small Cap
REDTAPE,25.9,88.0,-7,-9,-4,-8.7,-1.8,-8.7,-1.8,-2.8,-16.5,-15.5,2,117.85,Consumption - Footwear,Small Cap
REFEX,28.8,54.6,-9,-5,-2,-1.5,3.1,-1.5,3.1,-6.9,-14.9,-24.1,6,272.3,Chemicals - Misc,Small Cap
REGENCERAM,38.0,68.1,-3,-12,-4,-0.3,-15.8,-0.3,-15.8,-5.6,-11.2,-36.0,3,34.1,Infra - Ceramics,Small Cap
RELAXO,36.0,79.9,-8,-13,-3,-27.7,-7.2,-27.7,-7.2,-13.4,-35.0,-28.3,5,291.25,Consumption - Footwear,Small Cap
RELCHEMQ,30.0,67.3,-8,-9,-3,-0.9,-5.2,-0.9,-5.2,-6.0,-15.5,-14.9,2,114.04,Textile - Spinning/Yarn,Small Cap
RELIANCE,26.2,26.2,-8,-13,-4,-8.6,-7.8,-8.6,-7.8,-8.4,-10.9,-17.0,7,1189.4,Petro - Refineries,Large Cap
RELIGARE,16.6,27.3,-9,-12,-3,-3.4,3.1,-3.4,3.1,-9.7,-10.3,-15.2,1,232.52,Financials - Misc,Small Cap
RELINFRA,85.5,93.0,-7,-13,-5,-38.2,-33.2,-38.2,-33.2,-27.6,-44.0,-49.4,1,43.42,Power - Misc,Small Cap
RELTD,24.2,24.2,-9,-10,-1,-10.8,-0.8,-10.8,-0.8,-5.2,-16.2,-12.3,3,149.0,Power - Green,Small Cap
REMSONSIND,27.2,52.7,-1,-1,3,7.8,25.8,7.8,13.0,-9.1,-5.0,4.0,5,111.0,Engineering,Small Cap
REMUS,8.7,89.5,-2,-4,0,1.0,16.3,1.0,7.8,-7.1,-6.1,2.2,0,919.5,Others,Small Cap
RENUKA,27.7,67.0,-5,-13,-4,-1.6,-11.0,-1.6,-11.0,-10.2,-11.6,-23.2,3,22.68,Agri - Sugar,Small Cap
REPCOHOME,24.6,62.8,-9,-13,-3,-10.4,-12.1,-10.4,-12.1,-4.6,-14.3,-18.2,1,343.75,Financials - Housing,Small Cap
REPL,60.6,82.5,-7,-2,-4,-3.1,-6.2,-3.1,-6.2,-2.5,-13.1,-28.5,3,60.85,Engineering,Small Cap
REPRO,46.5,67.8,-8,-1,-1,-13.9,-12.3,-13.9,-12.3,-2.0,-16.6,-16.9,2,315.85,Media - Publishing,Small Cap
RESPONIND,30.6,54.2,-9,-11,-3,6.5,1.0,4.4,1.0,-2.3,-28.2,-14.4,4,167.28,Infra - Plastic Pipes,Small Cap
RGL,5.6,24.8,-1,-3,0,5.2,34.2,5.2,19.7,-2.7,-2.1,21.3,3,164.0,Consumption - Jewelry,Small Cap
RHETAN,52.1,52.1,-6,-3,-1,-42.5,-36.3,-42.5,-36.3,-40.4,-50.7,-46.5,0,16.7,Iron & Steel Products,Small Cap
RHIM,22.6,55.9,-7,4,-4,0.9,5.9,0.9,5.9,0.9,-5.0,-8.1,5,393.5,Metals - Casting/Forging,Small Cap
RHL,39.8,47.5,-1,-6,-4,-3.1,-4.2,-3.1,-4.2,-7.3,-8.3,-11.1,2,165.0,Leisure - Hotels,Small Cap
RICOAUTO,20.0,20.0,-7,-11,-1,-8.3,1.1,-8.3,1.1,-5.6,-16.8,-11.4,2,126.32,Auto - OEM Suppliers,Small Cap
RIIL,29.7,57.8,-6,-12,-3,-10.2,-9.8,-10.2,-9.8,-7.4,-13.8,-18.3,4,678.0,Transport - Logistics,Small Cap
RISHABH,15.1,15.1,-3,-11,0,4.3,17.4,4.3,17.4,-12.2,-12.8,2.6,2,723.6,Electronic - Equipment,Small Cap
RITCO,14.7,36.4,-5,-13,-1,-6.1,8.1,-6.1,8.1,-11.9,-12.1,-8.1,4,282.45,Transport - Logistics,Small Cap
RITES,25.9,53.4,-8,-13,-5,-12.7,-9.8,-12.7,-9.8,-10.2,-17.9,-12.1,4,192.35,Railways,Small Cap
RKDL,36.0,53.3,-8,-4,-4,-5.0,-10.0,-5.0,-10.0,-3.6,-9.3,-19.7,4,18.06,Beverages - Alcohol,Small Cap
RKEC,69.1,87.2,-7,-2,-4,9.9,-11.6,9.9,-11.6,-7.7,-14.9,-45.6,0,23.36,Infra - Construction,Small Cap
RKFORGE,7.5,32.8,-4,-12,-1,3.5,11.0,3.5,11.0,-1.6,-6.4,-3.8,5,715.1,Metals - Casting/Forging,Small Cap
RKSWAMY,41.0,72.4,-9,-13,-2,-12.3,-7.7,-12.3,-7.7,-6.4,-14.8,-14.5,0,88.5,IT - Software/Consulting,Small Cap
RMDRIP,67.5,67.5,-2,-12,-5,3.8,15.3,2.1,9.1,-1.7,-2.1,-0.5,3,23.5,Engineering,
RML,5.9,11.4,-2,-11,1,4.3,23.1,4.3,14.6,-2.8,-0.6,13.3,4,1354.4,Auto - OEM Suppliers,Small Cap
ROHLTD,46.0,48.7,-7,-5,-4,-0.6,-7.9,-0.6,-7.9,-1.8,-7.5,-13.1,5,304.15,Leisure - Hotels,Small Cap
ROLEXRINGS,3.5,31.5,-1,-1,0,7.4,25.1,7.4,14.0,-1.8,-2.0,6.0,3,191.48,Auto - OEM Suppliers,Small Cap
ROML,32.7,75.5,-9,-10,-2,-5.3,-5.6,-5.3,-5.6,-3.2,-7.5,-11.0,1,41.73,Agri - Edible Oil,Small Cap
ROSSARI,38.0,73.5,-8,-12,-3,-14.5,-12.5,-14.5,-12.5,-6.2,-16.8,-19.2,1,428.25,Chemicals - Specialty,Small Cap
ROSSELLIND,30.7,92.4,-4,-12,-1,-8.2,-5.4,-8.2,-5.4,-10.9,-16.3,-15.3,5,50.62,Defense - Misc,Small Cap
ROSSTECH,1.6,1.6,0,-4,0,12.4,48.0,7.8,28.7,0.9,5.6,33.4,7,1480.7,Defense - Misc,Small Cap
ROTO,21.7,49.2,-7,-12,-3,-4.0,11.1,-4.0,11.1,-3.8,-8.2,-14.2,4,63.26,Industrial - Pumps/Engines,Small Cap
ROUTE,45.0,81.2,-9,-13,-1,-16.3,-13.7,-16.3,-13.7,-11.6,-21.4,-17.0,1,448.2,IT - Product/Platform,Small Cap
RPEL,11.8,11.8,-2,-10,-1,9.8,31.3,9.8,31.3,-4.7,-7.8,-3.2,7,1715.0,Consumption - Misc,Small Cap
RPOWER,60.8,74.0,-7,-12,-4,-15.7,-23.4,-15.7,-23.4,-9.9,-18.4,-31.0,1,19.87,Power - Misc,Small Cap
RPPINFRA,60.9,81.4,-9,-12,-5,-4.1,-25.2,-4.1,-25.2,-18.9,-18.4,-36.1,1,50.83,Infra - Construction,Small Cap
RPSGVENT,29.4,38.8,-9,-3,-2,-8.3,1.5,-8.3,1.5,-2.7,-11.0,-11.0,5,831.95,Tech - BPO,Small Cap
RPTECH,5.1,5.1,6,3,0,11.1,20.0,11.1,13.2,2.7,2.6,9.3,3,918.1,Others,Small Cap
RRKABEL,15.6,15.6,-5,-2,-1,-8.7,11.1,-8.7,11.1,-0.5,-13.8,-14.0,2,2519.0,Power - Wiring,Small Cap
RSL,,18.1,-2,-5,-1,-8.4,13.6,-8.4,13.6,-14.6,-13.6,-6.8,0,165.52,Metals - Iron & Steel,
RSSOFTWARE,60.2,91.8,-7,-3,-5,1.5,-13.5,1.5,-13.5,-6.5,-9.6,-26.3,1,29.96,IT - Software/Consulting,Small Cap
RSWM,11.1,42.5,-1,-5,-2,-1.3,12.3,-1.3,3.4,-8.2,-5.5,-1.4,1,211.6,Textile - Spinning/Yarn,Small Cap
RSYSTEMS,31.7,50.3,7,0,3,22.8,28.1,15.2,21.2,13.0,12.6,11.0,4,297.6,IT - Services,Small Cap
RTNINDIA,52.8,72.9,-9,-13,-4,-17.0,-18.9,-17.0,-18.9,-8.3,-19.7,-28.6,3,25.7,Power - Misc,Small Cap
RTNPOWER,42.3,67.3,-9,-12,-4,-17.6,-22.0,-17.6,-22.0,-5.5,-21.8,-32.1,3,6.89,Power - Misc,Small Cap
RUBICON,15.7,15.7,-2,-13,-1,-6.5,7.8,-6.5,7.8,-13.0,-13.6,-12.1,5,1600.0,Pharmaceuticals,Small Cap
RUBYMILLS,5.7,5.7,0,-1,0,7.2,40.6,2.8,24.7,-2.1,0.1,28.1,5,492.35,Textile - Spinning/Yarn,Small Cap
RUCHIRA,31.0,47.3,-7,-13,-4,-3.0,-4.2,-3.0,-4.2,-5.8,-6.2,-10.7,1,104.36,Paper,Small Cap
RUPA,37.0,77.6,-7,-13,-3,-16.8,-9.5,-16.8,-9.5,-7.1,-20.1,-21.8,1,132.21,Textile - Innerwear,Small Cap
RUSHIL,46.4,82.7,-8,-6,-1,-4.3,-1.0,-4.3,-1.0,-4.6,-9.9,-9.9,1,16.08,Infra - Laminates,Small Cap
RUSTOMJEE,42.7,54.7,-8,-2,-3,3.4,-8.2,3.4,-8.2,-0.8,-14.0,-13.2,4,363.05,Real Estate,Small Cap
RVHL,38.1,53.0,-9,-4,-1,-10.6,-9.4,-10.6,-9.4,-4.9,-17.2,-15.9,4,38.5,Real Estate,Small Cap
RVNL,50.4,69.3,-7,-7,-4,-12.0,-20.8,-12.0,-20.8,-6.3,-14.9,-33.6,6,198.7,Railways,Mid Cap
S&SPOWER,31.6,38.3,-9,-11,-5,-2.5,-10.3,-2.5,-10.3,-12.7,-15.3,-25.6,4,304.4,Power - Wiring,Small Cap
SAATVIKGL,26.8,26.8,-9,-4,-3,2.8,-3.6,2.8,-3.6,-7.8,-11.6,-13.1,5,415.15,Other Electrical Equipment,Small Cap
SAFARI,42.9,47.8,-8,-10,-2,-2.6,-8.2,-2.6,-8.2,-6.5,-12.7,-20.3,5,1431.5,Consumption - Luggage,Small Cap
SAGARDEEP,25.5,76.2,-9,-3,-4,-0.7,2.0,-0.7,2.0,-3.2,-11.4,-11.7,1,23.46,Metals - Misc,Small Cap
SAGCEM,42.5,53.2,-9,-4,-4,-13.3,-14.5,-13.3,-14.5,-3.0,-17.9,-20.2,2,148.43,Infra - Cement,Small Cap
SAGILITY,27.0,27.0,-3,-5,-1,-3.5,1.6,-3.5,1.6,-8.3,-9.7,-10.1,3,42.28,IT - Software/Consulting,Small Cap
SAHANA,32.9,61.7,-4,-13,-3,-4.1,-4.5,-4.1,-4.5,-11.6,-12.1,-19.0,2,817.45,IT - Software/Consulting,
SAHYADRI,14.4,27.7,-3,-10,-1,-3.2,11.5,-3.2,11.5,-9.8,-12.5,-1.7,0,350.0,Infra - Cement,Small Cap
SAIL,12.1,12.1,-5,-12,-4,2.8,14.4,2.8,14.4,-1.8,-7.8,-9.8,5,184.42,Metals - Iron & Steel,Mid Cap
SAILIFE,7.8,7.8,-1,-12,0,5.1,20.1,5.1,9.8,-6.1,-3.1,7.2,7,1564.1,Healthcare - Pharma,Small Cap
SAKAR,9.3,9.3,-1,-4,0,3.4,32.0,3.4,19.7,-5.9,-6.1,22.7,7,1115.05,Healthcare - Pharma,Small Cap
SAKHTISUG,22.0,61.1,-5,-10,-1,-0.5,1.8,-0.5,1.8,-8.8,-15.5,-14.3,0,18.17,Agri - Sugar,Small Cap
SAKSOFT,37.3,56.5,-8,-12,-2,-13.0,-12.8,-13.0,-12.8,-7.0,-21.9,-33.6,4,139.9,IT - Software/Consulting,Small Cap
SALASAR,62.0,87.5,-9,-13,-4,-26.7,-38.8,-26.7,-38.8,-18.2,-30.6,-45.1,4,4.18,Engineering,Small Cap
SALONA,16.2,25.2,-1,-1,-4,2.6,0.4,2.6,0.4,-4.0,-2.8,-3.9,4,267.0,Textile - Spinning/Yarn,Small Cap
SALSTEEL,0.1,0.1,0,0,0,18.4,57.8,9.8,32.3,3.8,4.3,23.8,5,97.59,Metals - Iron & Steel,Small Cap
SALZERELEC,43.7,67.5,-8,-9,-4,-8.6,-10.1,-8.6,-10.1,-3.4,-11.9,-19.1,4,536.2,Power - Equipment,Small Cap
SAMBHV,1.3,1.3,0,0,0,12.0,36.0,12.0,22.8,2.8,1.6,26.4,5,161.68,Metals - Iron & Steel,Small Cap
SAMHI,31.4,41.4,-8,-7,-3,-13.1,-4.5,-13.1,-4.5,-6.9,-17.1,-17.5,2,149.15,Leisure - Hotels,Small Cap
SAMMAANCAP,29.2,89.4,-7,-13,-4,-14.4,-11.2,-14.4,-11.2,-11.2,-16.4,-22.8,1,136.68,Financials - Housing,Small Cap
SAMPANN,45.0,62.3,-9,-5,-2,-8.5,-12.3,-8.5,-12.3,-3.0,-15.7,-17.2,1,23.9,Power - Green,Small Cap
SANATHAN,5.6,8.2,-1,-2,0,6.0,20.9,6.0,8.8,-3.2,-1.8,7.6,7,514.0,Textile - Spinning/Yarn,Small Cap
SANDESH,19.6,50.4,-7,-5,-4,-1.3,5.0,-1.3,5.0,-3.2,-11.6,-7.1,2,1021.5,Media - Publishing,Small Cap
SANDHAR,21.3,23.7,-7,-13,-2,-9.7,7.5,-9.7,7.5,-7.4,-13.1,-19.4,4,582.5,Auto - OEM Suppliers,Small Cap
SANDUMA,33.1,33.1,-8,-12,-4,-9.8,-8.7,-9.8,-8.7,-8.2,-14.6,-19.3,2,182.72,Metals - Misc,Small Cap
SANGAMIND,3.5,3.5,8,0,0,10.8,17.5,6.4,9.0,4.1,-0.9,4.7,4,649.15,Textile - Spinning/Yarn,Small Cap
SANGHIIND,,,,,,,,,,,,,,,,
SANGHVIMOV,13.9,39.2,-7,-1,-1,2.4,13.9,2.4,13.9,0.6,-9.8,-0.5,4,454.8,Auto - CV,Small Cap
SANGINITA,3.9,58.3,-5,-6,1,29.5,50.6,29.5,27.7,11.9,13.1,13.1,1,73.89,Chemicals - Bulk,Small Cap
SANOFI,37.2,70.8,-9,-1,-2,-6.6,-3.2,-6.6,-3.2,-2.1,-10.4,-21.2,4,3073.8,Healthcare - Pharma,Small Cap
SANOFICONR,26.4,34.4,-9,-13,-5,-14.5,-13.9,-14.5,-13.9,-5.4,-17.3,-18.9,0,3865.3,Healthcare - Pharma,Small Cap
SANSERA,8.8,8.8,-1,-2,0,7.7,28.5,7.7,14.0,-7.0,-7.2,7.6,7,4325.0,Auto - OEM Suppliers,Small Cap
SANSTAR,15.4,33.0,-2,-7,-3,-4.3,12.1,-4.3,12.1,-8.1,-8.0,-14.2,0,106.45,Consumption - FMCG,Small Cap
SAPPHIRE,32.4,47.6,-5,-5,-1,-6.8,5.0,-6.8,5.0,-11.5,-13.7,-10.4,5,210.01,Leisure - Restaurants,Small Cap
SARDAEN,19.9,21.8,-6,-12,-4,-0.7,-0.4,-0.7,-0.4,-8.4,-5.9,-16.1,5,500.0,Metals - Iron & Steel,Small Cap
SARLAPOLY,13.6,27.5,-7,-13,-1,-2.3,-0.8,-2.3,-0.8,-5.9,-5.9,-4.1,2,95.94,Textile - Spinning/Yarn,Small Cap
SASKEN,29.1,40.4,-8,-13,-3,-12.3,9.7,-12.3,9.7,-11.5,-20.9,-26.6,5,1658.3,IT - Services,Small Cap
SATIA,18.4,58.4,-1,-12,-4,4.7,24.4,2.2,11.9,0.2,-0.1,-0.7,4,68.42,Paper,Small Cap
SATIN,13.2,59.3,-9,0,-2,6.5,14.2,3.3,14.2,1.2,-12.2,-3.6,1,238.06,Financials - MFI,Small Cap
SBC,3.8,3.8,0,0,0,12.2,37.1,6.0,23.3,0.9,3.2,29.5,8,54.74,Others,Small Cap
SBFC,31.4,31.4,-4,-12,-1,-11.3,-6.6,-11.3,-6.6,-14.7,-15.7,-14.7,5,84.32,Financials - NBFC,Small Cap
SBGLP,44.2,84.0,-9,-7,-4,-6.2,20.1,-6.2,20.1,-8.2,-11.3,-21.3,2,22.82,Real Estate,Small Cap
SBICARD,39.3,49.8,-8,-13,-1,-8.1,-4.0,-8.1,-4.0,-12.5,-11.4,-21.9,1,585.4,Financials - NBFC,Large Cap
SBILIFE,18.6,18.6,-8,-8,-1,-6.3,-1.3,-6.3,-1.3,-1.3,-8.6,-14.4,5,1735.4,Financials - Life,Large Cap
SBIN,21.8,21.8,-7,-12,-5,-8.0,-6.3,-8.0,-6.3,-4.0,-12.8,-18.5,6,966.0,Financials - PSU Bank,Large Cap
SCHAEFFLER,12.3,20.8,-2,-7,-2,-1.2,-3.2,-1.2,-3.2,-5.5,-7.1,-6.6,6,3920.0,Industrial - Bearings,Mid Cap
SCHAND,26.8,79.1,-9,-1,-4,6.8,-3.0,6.8,-3.0,0.4,-0.8,-9.4,0,146.45,Media - Publishing,Small Cap
SCHNEIDER,23.0,23.0,-8,-3,-2,-11.1,-4.1,-11.1,-4.1,-3.1,-13.0,-14.0,4,1192.1,Power - Equipment,Small Cap
SCI,26.0,29.0,-7,-13,-3,-4.0,7.9,-4.0,7.9,-6.4,-10.8,-12.8,6,272.7,Transport - Shipping,Small Cap
SCILAL,33.1,66.1,-9,-10,-4,-9.5,-12.6,-9.5,-12.6,-4.7,-11.7,-19.0,0,36.8,Transport - Shipping,Small Cap
SCPL,9.0,12.4,-6,-3,-1,1.7,12.4,1.7,5.0,-4.7,-8.0,-1.1,0,628.0,Consumption - Dairy,Small Cap
SDBL,41.9,54.3,-1,-1,-4,11.0,-2.8,11.0,-2.8,-2.6,6.2,-9.7,3,79.0,Beverages - Alcohol,Small Cap
SEAMECLTD,10.3,10.3,-2,-10,-1,-0.8,9.4,-0.8,9.4,-7.7,-8.6,-1.0,5,1658.0,Transport - Shipping,Small Cap
SECMARK,20.5,20.5,-4,-10,-1,6.8,10.8,6.8,10.8,-5.1,-7.3,-12.6,2,142.75,Tech - BPO,Small Cap
SECURKLOUD,50.6,98.4,-7,-13,-4,-4.2,-14.6,-4.2,-14.6,-1.6,-14.0,-29.5,1,16.9,IT - Services,Small Cap
SEJALLTD,37.1,82.6,-9,-7,-5,-10.8,4.5,-10.8,4.5,-6.5,-14.5,-22.7,0,652.25,Others,Small Cap
SELMC,39.1,99.4,-8,-5,-4,-5.3,-12.6,-5.3,-12.6,-14.8,-14.9,-22.8,1,25.09,Textile - Spinning/Yarn,Small Cap
SEMAC,53.0,93.0,-7,-4,-3,-18.7,-15.9,-18.7,-15.9,-15.5,-25.2,-30.9,3,243.95,Engineering,Small Cap
SENCO,23.6,57.5,-8,-13,-1,-10.2,-0.2,-10.2,-0.2,-9.9,-19.7,-19.7,2,328.4,Consumption - Jewelry,Small Cap
SENORES,12.3,12.3,-5,-13,-1,-3.2,5.8,-3.2,5.8,-7.0,-7.8,-2.1,7,1402.6,Healthcare - Pharma,Small Cap
SEPC,58.2,87.3,-7,-12,-4,-13.7,-28.1,-13.7,-28.1,-4.5,-17.6,-37.6,1,5.12,Engineering,Small Cap
SERVOTECH,49.3,65.0,-9,-13,-2,-10.5,-17.1,-10.5,-17.1,-9.1,-28.7,-30.2,4,71.8,Electronic - Equipment,Small Cap
SESHAPAPER,17.1,42.4,-9,-11,-4,2.6,-1.3,2.6,-1.3,-2.5,-4.0,-11.3,4,242.97,Paper,Small Cap
SETL,8.6,8.6,-3,-9,0,22.2,54.3,22.2,24.4,-7.4,-8.6,15.8,5,427.7,Engineering,Small Cap
SFL,23.8,68.7,-8,-12,-1,-15.7,-1.3,-15.7,-1.3,-8.4,-19.1,-19.1,3,634.45,Infra - Home Furnish,Small Cap
SGFIN,17.9,17.9,-9,-12,-1,-11.2,-1.4,-11.2,-1.4,-11.8,-16.2,-13.3,5,597.25,Non Banking Financial Company (NBFC),Small Cap
SGIL,6.0,6.0,-1,-1,0,7.4,16.0,7.4,8.3,-1.3,2.1,6.7,7,656.2,Power - Green,Small Cap
SGMART,12.3,12.3,-3,-13,-1,-3.2,11.3,-3.2,11.3,-7.3,-8.9,-6.0,5,755.0,Others,Small Cap
SGRL,,9.6,-4,-4,0,6.4,20.5,6.4,10.7,-6.4,-4.4,11.7,0,677.5,,
SHADOWFAX,,3.9,-1,-2,0,8.1,21.2,8.1,12.5,-1.8,-0.6,8.6,0,280.75,Transport - Logistics,Small Cap
SHAHALLOYS,23.0,33.5,-4,-12,-1,10.2,13.7,10.2,13.7,-11.3,-15.8,-16.5,6,89.97,Metals - Iron & Steel,Small Cap
SHAILY,15.7,15.7,-1,-13,-1,-4.2,9.0,-4.2,9.0,-11.3,-10.3,-6.8,8,3048.2,Industrial - Consumables,Small Cap
SHAKTIPUMP,44.9,67.0,-9,-12,-2,-10.7,-16.2,-10.7,-16.2,-9.6,-17.1,-21.7,4,458.2,Industrial - Pumps/Engines,Small Cap
SHALBY,47.6,57.9,-9,-13,-2,-10.6,-10.7,-10.6,-10.7,-5.3,-13.9,-18.6,1,143.0,Healthcare - Hospitals,Small Cap
SHALPAINTS,19.7,66.6,-6,-10,-1,-0.0,15.2,-0.0,15.2,-10.1,-19.7,-4.8,2,77.0,Consumption - Paints,Small Cap
SHANKARA,35.4,94.6,-1,-8,-1,-13.2,-1.6,-13.2,-1.6,-14.8,-14.8,-12.9,0,127.35,Infra - Construction,Small Cap
SHANTIGEAR,19.0,19.0,-2,-12,0,0.9,31.4,0.9,14.0,-16.4,-15.8,14.5,4,601.65,Auto - OEM Suppliers,Small Cap
SHANTIGOLD,7.2,7.2,-1,-2,0,13.4,34.7,13.4,21.2,-0.5,-5.1,25.3,5,308.99,Gems Jewellery And Watches,Small Cap
SHARDACROP,44.5,44.5,-9,-13,-4,-10.9,-17.9,-10.9,-17.9,-8.9,-19.9,-35.4,4,719.65,Agrichem - Protection,Small Cap
SHARDAMOTR,18.4,67.1,1,-4,0,4.6,11.7,4.6,7.0,-1.8,0.3,10.0,4,971.25,Auto - OEM Suppliers,Small Cap
SHAREINDIA,11.7,49.2,-2,-7,0,4.8,27.3,4.8,15.5,-8.8,-9.7,15.3,4,206.0,Financials - Broking,Small Cap
SHEMAROO,13.5,80.1,-7,-1,-3,-2.2,20.5,-2.2,20.5,-6.7,-8.2,-10.5,2,118.5,Media - Entertainment,Small Cap
SHILCTECH,,25.4,-7,-13,-4,-8.7,4.3,-8.7,4.3,-4.1,-13.3,-22.9,5,4028.8,Other Electrical Equipment,Small Cap
SHIVALIK,12.6,65.6,0,-3,0,9.3,55.2,9.3,29.2,-4.1,0.8,27.8,0,411.65,Agrichem - Protection,Small Cap
SHIVAMAUTO,48.5,83.4,-1,-6,-4,-2.7,-5.1,-2.7,-5.1,-14.0,-19.6,-16.8,1,16.65,Auto - OEM Suppliers,Small Cap
SHIVAMILLS,19.0,70.7,-7,-12,-4,1.8,8.5,1.8,8.5,-3.6,-11.5,-7.7,1,59.97,Textile - Spinning/Yarn,Small Cap
SHIVATEX,22.3,74.7,-4,-7,-1,1.4,3.8,1.4,3.8,-6.1,-7.4,-6.5,1,169.38,Textile - Spinning/Yarn,Small Cap
SHIVAUM,0.9,0.9,0,0,0,14.5,36.2,8.3,20.3,2.8,6.8,22.2,5,545.0,Others,Small Cap
SHK,42.3,61.3,-7,-12,-1,-10.0,-1.0,-10.0,-1.0,-4.3,-17.7,-15.5,0,140.53,Consumption - Personal,Small Cap
SHOPERSTOP,24.9,55.6,-6,-1,1,6.7,13.9,6.7,7.6,-0.9,-1.2,7.6,2,419.3,Consumption - Retail,Small Cap
SHRADHA,42.7,71.2,-9,-9,-4,-11.4,-12.7,-11.4,-12.7,-9.2,-21.3,-17.7,2,29.68,Infra - Construction,Small Cap
SHREDIGCEM,31.8,46.5,-5,-13,-2,-6.2,-7.3,-6.2,-7.3,-8.5,-15.3,-12.8,4,66.26,Infra - Cement,Small Cap
SHREECEM,28.7,33.5,-9,-13,-1,-15.3,-14.3,-15.3,-14.3,-7.5,-19.9,-17.4,5,21595.0,Infra - Cement,Mid Cap
SHREEJISPG,0.3,0.3,0,0,0,8.4,33.3,4.6,19.7,1.6,1.6,17.8,5,764.6,Shipping,Small Cap
SHREEPUSHK,11.4,11.4,-1,-5,0,1.4,16.8,1.4,7.3,-7.4,-6.8,2.7,4,483.3,Chemicals - Dyes,Small Cap
SHREERAMA,39.3,39.3,-3,-11,-5,6.2,7.5,6.2,1.6,-6.2,-7.3,-13.8,4,43.68,Packaging,Small Cap
SHREMINVIT,3.8,13.6,-6,-8,1,1.0,2.1,1.0,0.6,-0.9,-2.8,0.1,2,102.0,Financials - Misc,Small Cap
SHREYANIND,45.0,62.6,-8,-12,-5,-5.4,-8.8,-5.4,-8.8,-4.0,-8.9,-23.6,2,129.64,Paper,Small Cap
SHRINGARMS,18.8,18.8,-7,-12,-1,-2.7,-0.3,-2.7,-0.3,-1.1,-7.8,-5.9,0,216.46,Gems- Jewellery And Watches,
SHRIPISTON,1.5,1.5,-1,-1,0,4.8,15.0,4.8,8.1,1.0,0.5,3.5,5,4772.4,Auto - OEM Suppliers,Small Cap
SHRIRAMFIN,15.0,15.0,-6,-10,-1,-7.7,-3.9,-7.7,-3.9,-4.9,-13.2,-11.6,4,981.0,Financials - NBFC,Large Cap
SHRIRAMPPS,29.9,52.7,-9,-13,-4,-16.5,-7.1,-16.5,-7.1,-7.0,-20.2,-21.8,2,69.75,Real Estate,Small Cap
SICALLOG,27.3,97.9,-6,-13,-2,-15.4,-0.3,-15.4,-0.3,-12.5,-26.8,-20.9,1,89.0,Transport - Logistics,Small Cap
SIGACHI,28.5,69.6,-3,-11,-1,-8.1,11.4,-8.1,11.4,-22.7,-23.0,-10.5,2,29.2,Healthcare - Pharma,Small Cap
SIGIND,8.1,84.6,-5,-2,-1,4.5,23.3,4.5,23.3,-3.8,-5.0,-2.4,0,68.9,Others,Small Cap
SIGMA,32.8,92.3,-9,-13,-2,3.4,0.2,3.4,0.2,-7.8,-20.0,-20.0,3,43.99,IT - Services,Small Cap
SIGMAADV,0.3,0.3,0,1,0,14.3,61.3,14.3,32.8,2.1,3.3,24.9,4,976.9,IT - Product/Platform,Small Cap
SIGNATURE,34.9,54.4,-8,-1,-4,-5.5,-5.7,-5.5,-5.7,-5.4,-8.9,-22.6,2,751.15,Real Estate,Small Cap
SIGNPOST,22.2,43.8,-9,-10,-4,-1.3,0.3,-1.3,0.3,-5.1,-19.8,-11.6,0,262.05,Others,Small Cap
SIKKO,5.3,5.5,-1,-1,0,9.1,32.9,9.1,21.5,-1.4,-0.6,19.6,5,6.47,Agrichem - Protection,Small Cap
SILGO,17.6,17.6,-4,-12,-4,-0.0,10.6,-0.0,10.6,-2.2,-6.8,-13.9,3,70.99,Consumption - Jewelry,Small Cap
SILINV,42.9,51.9,-4,-10,-1,-5.4,1.6,-5.4,1.6,-6.4,-10.6,-10.4,2,438.0,Financials - Misc,Small Cap
SILVERBEES,41.9,41.9,-6,-12,-4,-5.6,-7.4,-5.6,-7.4,-6.9,-10.2,-21.1,6,209.09,,
SILVERTUC,87.4,87.4,-6,-5,-1,-26.5,-17.4,-26.5,-17.4,-13.5,-33.0,-30.4,4,140.62,IT - Software/Consulting,Small Cap
SIMPLEXINF,23.6,62.9,-4,-12,-2,-3.5,10.6,-3.5,10.6,-6.2,-13.2,-9.6,1,243.1,Infra - Construction,Small Cap
SINDHUTRAD,21.0,49.3,-3,-12,-4,-3.0,-3.4,-3.0,-3.4,-8.9,-9.4,-14.3,0,22.9,Transport - Logistics,Small Cap
SINTERCOM,40.8,58.6,-4,-4,-2,-3.1,5.0,-3.1,5.0,-7.2,-10.2,-8.0,7,77.0,Auto - OEM Suppliers,Small Cap
SIS,6.1,40.2,-9,-12,-3,-1.2,2.9,-1.2,2.9,-2.7,-5.0,-4.1,0,418.2,Others,Small Cap
SIYSIL,36.3,54.0,-6,-13,-3,-10.8,-1.6,-10.8,-1.6,-3.4,-15.4,-16.2,2,540.85,Textile - Misc,Small Cap
SJS,10.5,10.5,-6,-6,-1,-6.2,7.8,-6.2,7.8,-2.2,-9.4,-6.9,8,2317.4,Auto - OEM Suppliers,Small Cap
SJVN,35.2,65.0,-8,-12,-4,-7.7,-15.3,-7.7,-15.3,-11.1,-13.8,-25.3,4,59.74,Power - Misc,Small Cap
SKFINDIA,70.1,79.4,-5,-7,-4,-1.9,-6.6,-1.9,-6.6,-2.9,-5.0,-12.2,5,1517.4,Industrial - Bearings,Mid Cap
SKFINDUS,,12.9,-3,-12,-1,0.4,3.0,0.4,3.0,-7.4,-7.8,-6.0,5,2803.8,Abrasives & Bearings,Small Cap
SKIPPER,12.1,18.4,-3,-13,-4,0.2,5.7,0.2,5.7,-10.3,-9.0,-1.3,2,542.4,Power - Equipment,Small Cap
SKMEGGPROD,41.2,41.2,-9,-13,-2,-13.5,-5.6,-13.5,-5.6,-13.0,-32.8,-27.0,5,218.9,Consumption - Misc,Small Cap
SKYGOLD,6.2,6.2,-2,-10,0,7.6,27.5,7.6,13.1,-2.0,-2.4,1.0,5,814.85,Consumption - Jewelry,Small Cap
SMARTLINK,13.4,41.1,-2,-10,-1,-1.9,6.8,-1.9,6.8,-10.8,-10.2,-3.3,2,209.4,IT - Equipments,Small Cap
SMARTWORKS,16.7,16.7,-1,-13,-1,4.2,5.0,4.2,5.0,-6.4,-6.4,-4.1,5,515.65,Diversified Commercial Services,Small Cap
SMCGLOBAL,11.3,11.3,1,-1,0,13.6,24.5,7.4,14.2,2.9,9.8,15.9,8,94.96,Financials - Broking,Small Cap
SMLMAH,4.0,4.0,-1,-1,0,3.9,34.0,3.9,21.1,-2.7,-3.0,16.3,4,6619.5,Auto - CV,Small Cap
SMLT,51.2,86.8,-6,-10,-5,-12.3,-13.8,-12.3,-13.8,-7.0,-18.0,-21.5,3,59.0,Metals - Iron & Steel,Small Cap
SNOWMAN,36.9,62.0,-7,-13,-4,-6.2,-5.0,-6.2,-5.0,-5.4,-12.5,-15.6,3,34.8,Transport - Logistics,Small Cap
SOBHA,29.7,43.6,-8,-13,-4,-9.0,-8.7,-9.0,-8.7,-2.9,-17.1,-16.0,4,1218.0,Real Estate,Small Cap
SOFTTECH,8.3,18.3,-1,-6,3,8.5,21.2,8.5,12.9,-5.6,-7.9,8.9,7,500.0,IT - Software/Consulting,Small Cap
SOLARA,3.1,59.7,-2,-10,0,4.5,34.4,4.5,19.7,0.0,-1.5,18.6,2,750.3,Healthcare - Pharma,Small Cap
SOLARWORLD,62.9,66.5,-9,-13,-4,-30.3,-32.1,-30.3,-32.1,-13.5,-37.0,-38.0,0,130.0,Civil Construction,Small Cap
SOLEX,65.3,65.3,-9,-3,-4,-23.7,-36.7,-23.7,-36.7,-6.3,-32.0,-47.5,4,688.2,IT - Equipments,Small Cap
SOMANYCERA,2.1,37.2,-1,-1,0,6.4,19.6,6.4,12.0,-0.8,-0.7,10.2,1,614.0,Infra - Ceramics,Small Cap
SOMATEX,50.3,50.3,-9,-12,-5,-1.4,-19.4,-1.4,-19.4,-8.1,-24.1,-26.5,4,80.08,Textile - Misc,Small Cap
SOMICONVEY,47.7,62.4,-6,-8,-3,-1.6,-15.0,-1.6,-15.0,-7.7,-12.4,-25.5,3,88.65,Engineering,Small Cap
SONAMLTD,14.7,29.2,-4,-12,-1,0.7,13.6,0.7,13.6,-8.8,-7.9,-12.0,8,68.5,Consumption - Appliances,Small Cap
SONATSOFTW,34.8,70.0,-7,-9,-1,-13.1,-7.7,-13.1,-7.7,-7.9,-19.9,-19.4,5,261.15,IT - Software/Consulting,Small Cap
SOTL,15.4,15.4,-3,-5,0,6.5,21.3,6.5,21.3,-0.8,-12.7,4.5,4,719.4,Petro - Lubricants,Small Cap
SOUTHBANK,4.1,4.1,-1,-2,0,3.3,9.1,3.3,4.9,-2.6,-2.7,3.4,3,48.61,Financials - Private Bank,Small Cap
SOUTHWEST,32.7,33.1,-8,-13,-4,-18.9,-12.6,-18.9,-12.6,-20.5,-23.3,-29.2,4,183.99,Utility - Misc,Small Cap
SPAL,23.2,23.2,-4,-13,-3,-3.4,23.1,-3.4,23.1,-11.2,-12.4,-17.6,5,938.1,Textile - Apparels,Small Cap
SPANDANA,28.4,83.6,-9,-13,-3,-11.1,-9.3,-11.1,-9.3,-4.3,-22.5,-14.9,0,228.59,Financials - MFI,Small Cap
SPARC,27.8,60.8,-9,-2,-2,4.6,7.5,4.6,7.5,0.7,-11.1,-11.5,1,208.73,Healthcare - Pharma,Small Cap
SPECIALITY,9.8,47.4,-1,-1,0,4.4,15.1,4.4,8.5,-1.5,-1.2,7.7,2,151.0,Leisure - Restaurants,Small Cap
SPECTRUM,0.6,0.6,0,0,0,23.5,82.2,12.9,49.3,5.8,6.1,55.9,6,3735.0,IT - Equipments,Small Cap
SPENCERS,55.3,87.7,-8,-13,-4,-14.5,-14.9,-14.5,-14.9,-7.0,-21.2,-26.4,4,27.45,Consumption - Retail,Small Cap
SPIC,34.4,50.5,-4,-13,-4,-6.8,-1.1,-6.8,-1.1,-10.9,-10.9,-9.9,3,63.5,Agrichem - Fertilizers,Small Cap
SPLIL,33.8,65.3,-4,-1,-1,-1.8,8.6,-1.8,8.6,-3.2,-9.7,-8.1,2,29.9,Textile - Misc,Small Cap
SPLPETRO,7.1,14.7,-1,-1,3,4.6,17.9,4.6,10.3,-5.1,-5.1,9.9,5,834.95,Chemicals - Petro,Small Cap
SPMLINFRA,35.3,49.9,-9,-13,-4,-13.5,-10.7,-13.5,-10.7,-9.3,-20.5,-21.9,2,162.1,Infra - Construction,Small Cap
SPORTKING,12.6,12.6,-4,-13,-1,-1.2,21.1,-1.2,21.1,-3.2,-7.9,-6.9,6,211.15,Textile - Spinning/Yarn,Small Cap
SREEL,28.0,33.6,-3,-12,0,15.3,29.7,15.3,11.3,-21.7,-13.6,16.2,2,288.0,Consumption - Footwear,Small Cap
SRF,23.9,26.5,-9,-4,-2,-2.0,-5.8,-2.0,-5.8,-4.1,-14.8,-10.8,6,2444.0,Chemicals - Specialty,Mid Cap
SRGHFL,58.6,66.5,-9,-13,-3,-50.6,-50.6,-50.6,-50.6,-44.6,-55.1,-53.7,2,138.85,Financials - Housing,Small Cap
SRHHYPOLTD,14.2,39.6,-1,-5,3,5.3,17.8,5.3,9.4,-8.9,-3.3,5.6,5,575.05,Chemicals - Bulk,Small Cap
SRIKPRIND,,25.3,-3,-13,0,13.3,31.8,13.3,15.6,-17.3,-22.4,30.1,0,27.48,,
SRM,37.2,37.2,-7,-13,-2,-17.0,-15.1,-17.0,-15.1,-11.3,-23.0,-21.9,3,408.05,Engineering,Small Cap
SSWL,1.0,1.0,0,0,0,9.6,43.7,5.9,26.4,4.1,5.5,21.7,4,399.75,Auto - Replacement,Small Cap
STALLION,47.6,47.6,-8,-12,-1,-5.0,14.2,-5.0,14.2,-4.4,-16.2,-16.2,0,221.89,Utility - Gas,Small Cap
STAR,6.9,29.9,-1,-6,3,4.0,16.3,4.0,8.9,-5.0,-4.6,5.6,1,1173.6,Healthcare - Pharma,Small Cap
STARCEMENT,34.6,42.2,-9,-10,-4,-5.4,-14.3,-5.4,-14.3,-8.4,-13.5,-23.3,2,178.51,Infra - Cement,Small Cap
STARHEALTH,14.0,42.8,-9,-13,-2,-6.8,-1.0,-6.8,-1.0,-6.3,-10.5,-10.5,0,537.7,Financials - Non-Life,Small Cap
STARPAPER,13.9,52.0,-2,-10,0,0.3,5.2,0.3,5.2,-9.4,-11.0,0.3,1,153.0,Paper,Small Cap
STARTECK,4.8,19.2,8,-1,2,33.6,44.8,20.5,27.1,14.8,25.1,13.7,2,333.05,Financials - NBFC,Small Cap
STCINDIA,27.0,64.3,-5,-13,-3,-8.1,-8.7,-8.1,-8.7,-6.7,-13.1,-17.8,0,106.81,Others,Small Cap
STEELCAS,4.3,4.3,-1,-1,0,10.6,28.0,10.6,11.6,0.0,-0.7,6.9,8,373.95,Metals - Casting/Forging,Small Cap
STEELCITY,20.7,46.4,-3,-11,-1,-0.2,3.0,-0.2,3.0,-9.2,-8.8,-6.3,0,82.32,Financials - Broking,Small Cap
STEELXIND,16.1,57.2,-2,-11,-4,2.7,14.9,2.7,14.9,-8.8,-7.8,-12.2,2,11.24,Metals - Iron & Steel,Small Cap
STEL,12.5,12.5,-1,-4,-1,-1.3,4.6,-1.3,4.6,-9.0,-7.7,-8.7,6,604.0,Financials - Misc,Small Cap
STERTOOLS,34.2,70.4,-9,-2,-2,-8.6,-4.2,-8.6,-4.2,-8.3,-12.6,-12.6,2,220.27,Auto - OEM Suppliers,Small Cap
STLNETWORK,12.5,12.5,-1,-1,3,17.7,89.7,17.7,49.2,-8.5,-9.4,63.0,5,49.46,Other Telecom Services,Small Cap
STOVEKRAFT,7.2,28.2,-3,-13,-1,1.2,6.6,1.2,6.6,-3.9,-2.7,-4.1,0,814.05,Consumption - Appliances,Small Cap
STUDDS,,33.9,-9,-6,-5,-9.2,-10.1,-9.2,-10.1,-6.9,-12.8,-19.0,0,396.5,Auto Components & Equipments,Small Cap
STYL,14.8,15.4,-7,-12,-1,-0.9,18.6,-0.9,18.6,-4.7,-10.1,-4.1,5,370.15,Financial Technology (Fintech),Small Cap
STYLAMIND,19.7,19.7,-6,-4,-1,-4.4,6.2,-4.4,6.2,-1.3,-8.9,-3.8,8,3333.1,Paper,Small Cap
STYLEBAAZA,10.1,10.1,-6,4,-4,25.7,24.0,25.7,12.0,2.0,-3.7,-0.5,3,402.05,Consumption - Retail,Small Cap
STYRENIX,24.4,42.7,-8,-12,-1,-13.6,-8.4,-13.6,-8.4,-6.8,-19.9,-19.9,4,2005.5,Chemicals - Specialty,Small Cap
SUBROS,40.0,42.0,-8,-4,-2,-12.4,-6.3,-12.4,-6.3,-3.6,-15.1,-17.4,5,704.0,Auto - Replacement,Small Cap
SUDARCOLOR,30.2,54.3,-8,-5,-1,1.2,3.8,1.2,3.8,-3.9,-8.8,-0.3,0,384.0,,
SUDEEPPHRM,,13.2,-3,-13,-1,3.7,30.4,3.7,30.4,-10.5,-10.9,-1.2,5,1195.7,Healthcare - Pharma,Small Cap
SUKHJITS,31.8,51.2,-8,-6,-4,-1.4,-10.7,-1.4,-10.7,-4.1,-6.4,-24.0,4,157.72,Agri - Misc,Small Cap
SULA,50.6,81.1,-8,-13,-4,-15.0,-10.7,-15.0,-10.7,-10.1,-23.5,-24.6,2,131.8,Beverages - Alcohol,Small Cap
SUMEETINDS,72.4,91.3,-8,-1,-2,-64.0,-60.5,-64.0,-60.5,-7.5,-68.3,-68.3,0,11.19,Textiles - Polyester,Small Cap
SUMICHEM,24.7,35.2,-6,-13,-1,-18.8,-5.1,-18.8,-5.1,-11.8,-24.1,-16.7,4,431.0,Agrichem - Protection,Small Cap
SUMIT,52.0,68.3,-8,-11,-1,-2.3,7.7,-2.3,7.7,-2.1,-15.3,-15.3,3,49.95,Real Estate,Small Cap
SUMMITSEC,47.0,64.0,-8,-11,-4,-11.3,-4.0,-11.3,-4.0,-7.9,-13.0,-18.0,2,1322.5,Financials - NBFC,Small Cap
SUNCLAY,28.6,57.9,-9,-10,-4,-2.3,-5.8,-2.3,-5.8,-4.8,-11.8,-14.3,2,1234.0,Auto - OEM Suppliers,Small Cap
SUNDARMFIN,23.5,23.5,-1,-5,-2,-6.7,-2.0,-6.7,-2.0,-8.9,-9.2,-18.5,7,4315.6,Financials - NBFC,Mid Cap
SUNDRMBRAK,26.9,53.3,-6,-1,-2,-12.5,5.0,-12.5,5.0,-8.5,-26.0,-18.6,2,672.5,Auto - Replacement,Small Cap
SUNDRMFAST,15.5,24.4,-2,-10,-1,-4.8,12.4,-4.8,12.4,-10.0,-10.9,-5.5,4,1137.8,Auto - OEM Suppliers,Small Cap
SUNDROP,9.0,34.9,-1,-1,3,9.6,16.1,9.6,9.1,-0.4,0.5,11.3,3,749.5,Agri - Edible Oil,Small Cap
SUNPHARMA,9.5,9.5,-9,-13,-2,-3.9,-0.9,-3.9,-0.9,-1.9,-6.9,-6.9,4,1852.4,Healthcare - Pharma,Large Cap
SUNSHINE,,15.2,2,-11,-1,8.4,36.4,8.4,3.3,-11.0,0.0,-2.4,0,444.95,,
SUNTECK,40.6,59.8,-9,-13,-4,-4.9,0.8,-4.9,0.8,-4.7,-11.1,-26.1,3,280.75,Real Estate,Small Cap
SUNTV,16.4,49.7,0,0,-4,16.1,-2.1,9.6,-2.1,6.7,7.6,-12.5,1,552.15,Media - TV Broadcast,Mid Cap
SUPERHOUSE,14.4,43.6,-4,-12,-1,-2.5,1.6,-2.5,1.6,-8.8,-10.9,-5.2,3,161.8,Leather Products,Small Cap
SUPRAJIT,11.9,23.0,-7,-6,-1,-2.4,5.3,-2.4,5.3,-0.1,-6.1,-3.0,5,492.65,Auto - OEM Suppliers,Small Cap
SUPREMEIND,19.3,46.4,-5,-7,-5,-2.2,2.4,-2.2,2.4,-2.9,-5.4,-10.7,5,3463.5,Industrial - Consumables,Mid Cap
SURAJEST,34.6,75.4,-1,-1,-4,6.2,-0.7,6.2,-0.7,-5.9,-6.0,-12.3,2,208.5,Infra - Construction,Small Cap
SURAKSHA,1.3,20.8,0,-4,0,6.2,25.9,4.5,14.6,0.2,3.5,5.0,0,355.4,Healthcare - Hospitals,Small Cap
SURANASOL,28.6,60.9,-9,-13,-5,-4.5,3.1,-4.5,3.1,-5.2,-13.5,-11.8,3,24.65,Power - Green,Small Cap
SURANAT&P,34.3,46.5,-9,-7,-2,-9.4,-12.8,-9.4,-12.8,-3.2,-15.1,-20.3,5,15.85,Power - Green,Small Cap
SURYALAXMI,13.7,62.0,-7,-2,-2,0.1,0.3,0.1,0.3,-3.4,-9.7,-9.4,0,56.6,Textile - Spinning/Yarn,Small Cap
SURYAROSNI,29.8,47.5,-7,-2,-3,-6.4,-6.3,-6.4,-6.3,-1.2,-12.7,-15.0,3,220.93,Metals - Pipe & Tube,Small Cap
SURYODAY,33.2,50.9,-9,-13,-3,-8.1,-8.1,-8.1,-8.1,-5.4,-24.6,-17.1,2,145.62,Financials - Private Bank,Small Cap
SUTLEJTEX,12.9,68.8,-3,-12,-1,-3.9,2.5,-3.9,2.5,-8.2,-12.0,-6.7,1,37.4,Textile - Spinning/Yarn,Small Cap
SUVEN,19.6,19.6,-3,-13,-1,-9.0,4.1,-9.0,4.1,-13.2,-14.4,-17.3,6,324.1,Healthcare - Pharma,Small Cap
SUYOG,25.9,65.3,-8,-13,-1,-18.0,-12.1,-18.0,-12.1,-5.4,-22.5,-22.0,0,682.25,,
SUZLON,35.4,53.8,-9,-13,-2,-13.5,-22.4,-13.5,-22.4,-13.0,-24.3,-32.7,3,39.74,Power - Green,Mid Cap
SVLL,8.4,8.6,-1,-4,-1,2.2,12.4,2.2,5.3,-6.1,-1.8,0.5,8,820.0,Transport - Logistics,Small Cap
SWANCORP,42.6,65.0,-9,-5,-4,-2.6,-5.8,-2.6,-5.8,-6.9,-9.2,-21.7,4,283.55,Real Estate,Small Cap
SWANDEF,6.8,86.9,-2,-4,1,0.4,13.0,0.4,7.3,-5.5,-4.8,5.7,0,2614.6,Transport - Shipping,Small Cap
SWARAJENG,20.0,24.8,-7,-13,-2,0.5,-5.6,0.5,-5.6,-2.4,-4.7,-11.2,4,3550.0,Industrial - Pumps/Engines,Small Cap
SWELECTES,40.2,60.9,-7,-1,-4,-4.7,1.5,-4.7,1.5,-2.1,-12.9,-12.3,4,584.3,Power - Equipment,Small Cap
SWIGGY,45.0,59.0,-9,-4,-2,-5.4,-3.5,-5.4,-3.5,-10.3,-11.1,-12.7,0,253.2,IT - Product/Platform,
SWSOLAR,33.3,79.3,-9,-13,-3,-15.8,-12.1,-15.8,-12.1,-7.4,-22.6,-30.4,4,171.16,Power - Green,Small Cap
SYMPHONY,40.2,73.7,-8,-13,-4,1.8,-16.8,1.8,-16.8,-5.4,-17.1,-32.4,1,580.25,Consumption - Appliances,Small Cap
SYNCOMF,2.0,7.3,3,0,0,31.5,70.7,20.8,38.9,20.4,25.7,32.7,6,25.87,Healthcare - Pharma,Small Cap
SYNGENE,45.8,61.7,-9,-12,-5,-7.1,-15.6,-7.1,-15.6,-5.1,-11.8,-21.3,4,368.05,Healthcare - Pharma,Mid Cap
SYSTMTXC,57.6,57.6,-1,-3,3,14.2,36.2,14.2,16.4,-4.2,-2.6,0.0,0,75.46,Stockbroking & Allied,
TAINWALCHM,19.6,38.3,-3,-5,-1,1.3,2.0,1.3,2.0,-6.4,-6.1,-1.6,3,206.65,Industrial - Consumables,Small Cap
TAJGVK,27.9,40.1,-7,-12,-1,-11.2,-5.2,-11.2,-5.2,-6.5,-13.4,-13.1,5,316.1,Leisure - Hotels,Small Cap
TALBROAUTO,10.7,10.7,-1,-6,1,0.3,8.1,0.3,3.8,-8.5,-10.0,3.9,5,433.85,Auto - OEM Suppliers,Small Cap
TANLA,34.5,76.6,-7,-12,-1,-16.6,-4.6,-16.6,-4.6,-4.9,-20.3,-17.2,3,490.25,IT - Product/Platform,Small Cap
TARAPUR,70.0,76.4,-9,-8,-5,-22.8,-47.3,-22.8,-47.3,-7.6,-34.3,-52.7,2,11.99,Power - Equipment,Small Cap
TARC,31.8,53.0,-9,-6,-2,2.1,10.3,2.1,10.3,-5.1,-7.5,-9.3,4,126.98,Real Estate,Small Cap
TARIL,45.8,58.2,-4,-13,-2,-9.5,-11.9,-9.5,-11.9,-8.8,-18.3,-23.9,4,271.4,Power - Equipment,Small Cap
TARMAT,21.9,62.5,-3,-13,-1,-1.1,8.9,-1.1,8.9,-8.3,-6.2,-13.9,3,57.7,Infra - Construction,Small Cap
TARSONS,11.9,64.3,-7,-5,-1,2.4,24.9,2.4,6.2,-2.0,-8.3,-0.4,2,330.45,Healthcare - Equipments,Small Cap
TASTYBITE,8.9,55.3,-2,-10,-1,-1.4,5.8,-1.4,5.8,-5.8,-6.5,-5.3,3,9604.0,Consumption - FMCG,Small Cap
TATACAP,14.8,14.8,-5,-13,-1,-6.1,-5.5,-6.1,-5.5,-9.6,-11.5,-9.6,0,332.4,Non Banking Financial Company (NBFC),Large Cap
TATACHEM,34.9,54.4,-2,-8,-4,-2.8,-13.1,-2.8,-13.1,-19.7,-14.0,-25.5,5,615.05,Chemicals - Bulk,Small Cap
TATACOMM,19.1,23.8,-9,-8,-3,-4.4,0.3,-4.4,0.3,-7.9,-8.7,-16.7,5,1657.9,Telecom,Mid Cap
TATACONSUM,24.8,24.8,-9,-7,-4,-10.6,-12.4,-10.6,-12.4,-4.9,-13.6,-18.2,6,964.0,Consumption - Misc,Large Cap
TATAELXSI,47.6,71.1,-7,-13,-4,-15.4,-22.6,-15.4,-22.6,-10.8,-18.2,-27.9,5,3115.0,IT - Services,Mid Cap
TATAINVEST,47.2,47.2,-2,-8,-4,-3.2,-3.1,-3.2,-3.1,-12.9,-11.0,-14.4,7,625.05,Financials - Misc,Mid Cap
TATAPOWER,22.5,27.2,-6,-10,-4,-3.7,-7.9,-3.7,-7.9,-2.6,-5.7,-19.2,4,360.1,Power - Misc,Large Cap
TATASTEEL,16.2,16.2,-8,-4,-4,0.7,-5.6,0.7,-5.6,-0.4,-2.5,-11.5,5,188.1,Metals - Iron & Steel,Large Cap
TATATECH,23.0,51.0,-7,-13,-1,-11.4,-0.4,-11.4,-0.4,-13.4,-21.4,-17.4,0,686.2,IT - Software/Consulting,Mid Cap
TBOTEK,4.5,15.7,-1,-13,-1,1.1,10.3,1.1,10.3,-1.4,-1.7,-3.4,0,1685.9,Leisure - Misc,Small Cap
TBZ,7.8,7.8,-1,-4,0,13.3,165.3,13.3,75.1,-5.2,-1.8,110.7,4,644.0,Consumption - Jewelry,Small Cap
TCC,,52.2,-8,-10,-4,-6.8,-22.9,-6.8,-22.9,-8.8,-21.9,-43.7,0,50.29,Commercial Services & Supplies,Small Cap
TCI,30.1,33.6,-9,-1,-5,-4.5,-4.0,-4.5,-4.0,-2.9,-7.4,-9.0,4,868.75,Transport - Logistics,Small Cap
TCIEXP,28.2,79.2,-9,-13,-1,1.5,1.5,1.5,1.5,-2.8,-7.9,-2.3,5,535.0,Transport - Logistics,Small Cap
TCPLPACK,6.2,15.5,-3,0,0,20.5,25.1,20.5,13.6,0.8,-0.0,5.9,4,4139.1,Packaging,Small Cap
TCS,39.0,55.5,-7,-10,-4,-10.2,-9.0,-10.2,-9.0,-10.2,-16.7,-21.2,6,2042.2,IT - Software/Consulting,Large Cap
TEAMGTY,29.3,29.3,-9,-8,-5,0.0,0.0,0.0,0.0,-2.7,-7.7,-9.7,4,235.0,Financials - NBFC,Small Cap
TEAMLEASE,38.8,79.4,-9,-13,-3,-7.1,-11.4,-7.1,-11.4,-9.7,-19.8,-21.1,3,1145.1,Human Resources,Small Cap
TECHM,17.6,17.6,-8,-10,-1,-2.8,3.1,-2.8,3.1,-4.1,-8.2,-8.2,5,1527.4,IT - Software/Consulting,Large Cap
TECHNOCRAF,,3.6,-1,-2,0,9.4,45.8,9.4,26.7,-1.4,-2.5,29.7,0,478.65,,
TECHNOE,27.6,44.8,-7,-6,-4,2.4,-5.0,2.4,-5.0,-2.1,-6.3,-22.6,3,1006.6,Engineering,Small Cap
TEJASNET,23.6,67.2,-3,-13,-3,-9.0,9.3,-9.0,9.3,-17.3,-20.2,-20.9,4,490.8,IT - Equipments,Small Cap
TEMBO,30.6,35.8,-7,-2,-4,0.6,6.5,0.6,6.5,-3.2,-4.8,-5.1,6,58.06,Metals - Iron & Steel,Small Cap
TENNIND,,22.6,-6,-5,-4,-5.9,-8.4,-5.9,-8.4,-3.5,-11.7,-19.9,5,508.7,Auto Components & Equipments,Small Cap
TERASOFT,64.9,64.9,-7,-13,-3,-43.3,-40.4,-43.3,-40.4,-23.4,-49.2,-49.2,2,210.0,IT - Services,Small Cap
TEXINFRA,8.9,27.7,-1,-3,0,0.6,5.9,0.6,2.4,-5.2,-2.4,0.8,3,115.37,Railways,Small Cap
TEXMOPIPES,16.9,50.3,-1,-7,4,7.0,19.1,7.0,10.3,-14.0,-13.6,14.7,3,53.6,Infra - Plastic Pipes,Small Cap
TEXRAIL,12.2,57.6,0,-2,0,7.0,17.2,7.0,10.6,-0.5,0.0,11.7,3,125.69,Railways,Small Cap
TFCILTD,6.1,6.1,-4,-3,-1,3.2,35.5,3.2,35.5,-2.7,-3.2,-0.9,4,138.67,Financials - Misc,Small Cap
THANGAMAYL,29.8,29.8,-9,-13,-2,-2.9,5.8,-2.9,5.8,-3.7,-25.5,-19.0,5,5216.5,Consumption - Jewelry,Small Cap
THEINVEST,40.0,72.8,-6,-12,-4,-4.3,-0.9,-4.3,-0.9,-6.5,-11.7,-15.3,0,91.84,Financials - Misc,Small Cap
THEJO,7.3,42.8,-8,-7,-1,1.9,12.2,1.9,2.7,-3.4,-4.7,-0.7,6,2119.8,Engineering,Small Cap
THELEELA,9.2,9.2,-6,-12,-1,-1.8,5.1,-1.8,5.1,-3.2,-5.8,-7.2,5,529.05,Hotels & Resorts,Small Cap
THEMISMED,18.4,62.1,-2,-12,-1,1.7,7.4,1.7,7.4,-9.7,-7.6,-3.8,5,120.0,Healthcare - Pharma,Small Cap
THERMAX,37.6,43.6,-9,-10,-2,-7.7,-17.2,-7.7,-17.2,-10.0,-29.0,-36.7,5,3290.9,Power - Equipment,Mid Cap
THOMASCOOK,38.8,60.8,-5,-13,-3,-3.0,4.3,-3.0,4.3,-6.7,-10.9,-6.3,3,103.41,Leisure - Misc,Small Cap
THOMASCOTT,45.6,50.9,-7,-13,-2,-19.5,-11.3,-19.5,-11.3,-3.1,-27.9,-25.0,4,250.0,Textile - Apparels,Small Cap
THYROCARE,17.3,49.8,-6,-4,-1,-5.4,5.0,-5.4,5.0,-5.5,-13.1,-9.4,5,547.55,Healthcare - Diagnostics,Small Cap
TI,9.4,9.4,-1,-4,-1,1.7,13.3,1.7,5.8,-7.0,-5.3,-1.8,7,550.8,Beverages - Alcohol,Small Cap
TIINDIA,25.4,49.4,-6,-13,-4,-13.2,-14.8,-13.2,-14.8,-8.4,-15.8,-22.5,7,2434.4,Metals - Pipe & Tube,Mid Cap
TIL,25.3,63.5,-2,-5,-1,5.0,14.4,5.0,5.3,-2.5,-2.9,-2.0,1,250.0,Engineering,Small Cap
TIMETECHNO,19.3,28.5,-8,-13,-1,-8.8,2.3,-8.8,2.3,-1.5,-13.0,-13.0,2,183.5,Industrial - Consumables,Small Cap
TIMKEN,18.4,36.1,-8,-10,-3,-2.7,-10.3,-2.7,-10.3,-6.2,-8.1,-15.7,5,3080.5,Industrial - Bearings,Small Cap
TINNARUBR,27.8,27.8,-8,-12,-1,-10.9,16.1,-10.9,16.1,-9.0,-15.6,-15.6,5,954.1,Rubber,Small Cap
TIPSFILMS,28.5,65.5,-9,-1,-1,-2.3,-0.8,-2.3,-0.8,-0.6,-16.2,-11.8,2,342.8,Media - Films,Small Cap
TIRUMALCHM,48.2,61.4,-8,-4,-4,-8.9,-20.3,-8.9,-20.3,-7.0,-13.1,-26.7,3,152.3,Chemicals - Bulk,Small Cap
TIRUPATIFL,4.8,4.8,8,-1,1,16.6,26.2,8.2,15.9,2.7,8.5,14.1,4,79.87,Metals - Misc,Small Cap
TITAGARH,12.1,56.7,-3,-13,-3,-1.5,9.5,-1.5,9.5,-7.5,-6.6,-7.7,4,820.45,Railways,Small Cap
TITAN,9.5,9.5,-5,-12,-1,-5.8,5.2,-5.8,5.2,-6.2,-9.2,-8.0,8,4695.5,Consumption - Jewelry,Large Cap
TMB,9.2,9.2,-3,-12,-1,-2.9,5.0,-2.9,5.0,-6.9,-8.2,-7.1,6,865.95,Financials - Private Bank,Small Cap
TMCV,,15.4,-6,-13,-1,-4.0,1.7,-4.0,1.7,-5.8,-9.2,-11.2,5,430.75,Auto - PV/Trucks,Large Cap
TMPV,62.2,76.3,-7,-10,-4,-16.5,-16.3,-16.5,-16.3,-10.4,-19.5,-29.1,2,279.3,Auto - PV/Trucks,Large Cap
TNPETRO,14.3,16.5,-3,-13,0,7.1,22.9,7.1,9.1,-10.0,-6.0,4.3,3,125.95,Chemicals - Petro,Small Cap
TNPL,8.4,69.4,-7,-13,3,4.3,11.0,4.3,11.0,-5.4,-2.8,0.6,1,152.58,Media - Publishing,Small Cap
TOKYOPLAST,46.7,57.5,-9,-11,-4,-1.4,-11.1,-1.4,-11.1,-8.8,-13.1,-21.7,1,72.0,Consumption - Misc,Small Cap
TORNTPOWER,33.1,40.1,-9,-10,-4,-12.6,-13.2,-12.6,-13.2,-6.9,-14.9,-30.2,5,1221.1,Power - Misc,Mid Cap
TOTAL,18.8,64.7,-3,-13,0,3.4,26.6,3.4,26.6,-6.5,-7.0,4.0,2,71.4,Transport - Logistics,Small Cap
TOUCHWOOD,47.1,73.7,-1,-5,-4,-5.1,-6.6,-5.1,-6.6,-7.9,-13.3,-22.9,3,59.8,Media - Misc,Small Cap
TPLPLASTEH,27.5,51.9,-5,-12,-1,-13.9,-5.6,-13.9,-5.6,-4.1,-22.5,-17.6,2,65.48,Packaging,Small Cap
TRACXN,41.2,73.5,0,-3,4,5.2,5.0,5.2,5.0,-0.2,0.7,1.1,2,32.86,IT - Software/Consulting,Small Cap
TRANSPEK,,9.8,-4,-6,-1,3.7,8.7,3.7,8.7,-3.6,-8.0,-7.5,0,1331.0,,
TRANSRAILL,40.9,47.0,-8,-4,-4,4.3,-4.5,4.3,-4.5,-6.1,-9.8,-25.4,3,453.55,IT - Equipments,Small Cap
TRANSWORLD,37.2,75.0,-5,-13,-1,0.7,7.3,0.7,7.3,-5.3,-15.2,-8.3,1,162.0,Transport - Shipping,Small Cap
TRAVELFOOD,18.3,18.3,-7,-13,-3,-9.9,-5.3,-9.9,-5.3,-7.0,-16.5,-10.0,5,1201.3,Restaurants,Small Cap
TREJHARA,51.7,54.8,-8,-12,-4,-7.3,2.6,-7.3,2.6,-7.1,-22.6,-24.2,3,137.5,IT - Software/Consulting,Small Cap
TREL,11.8,53.3,-1,-7,2,7.3,12.3,7.3,5.2,-6.1,-5.9,3.2,0,28.24,Transport - Logistics,Small Cap
TRENT,46.3,68.4,-8,-5,-2,-10.8,-3.1,-10.8,-3.1,-6.4,-13.2,-19.8,7,2635.5,Consumption - Retail,Large Cap
TRF,49.9,69.7,-9,-13,-4,-9.7,-9.1,-9.7,-9.1,-13.5,-17.7,-23.2,2,202.69,Engineering,Small Cap
TRIDENT,27.3,68.0,-9,-13,-3,-8.6,-10.6,-8.6,-10.6,-5.9,-11.8,-14.9,3,22.5,Textile - Misc,Small Cap
TRIGYN,38.9,75.7,-4,-12,-4,-5.9,2.3,-5.9,2.3,-8.5,-16.2,-15.3,2,53.18,IT - Software/Consulting,Small Cap
TRITURBINE,30.9,38.5,-7,-13,-4,-9.7,-6.4,-9.7,-6.4,-5.4,-14.7,-26.6,5,544.05,Power - Equipment,Small Cap
TRIVENI,51.0,55.2,-5,-13,-2,-13.0,-38.7,-13.0,-38.7,-12.5,-49.2,-43.2,5,240.1,Agri - Sugar,Small Cap
TRUALT,14.3,15.5,-7,-1,-4,3.3,9.3,3.3,9.3,1.3,-5.7,-8.0,5,458.15,Other Agricultural Products,Small Cap
TSFINV,39.4,39.4,-1,-4,-1,-1.4,3.5,-1.4,3.5,-8.2,-9.1,-6.5,4,425.4,Financials - Misc,
TTKHLTCARE,16.8,45.2,-6,-13,-1,-4.4,3.8,-4.4,3.8,-13.8,-11.2,-10.5,2,1037.7,Healthcare - Pharma,Small Cap
TTKPRESTIG,31.4,58.2,-8,-13,-1,-17.4,-5.4,-17.4,-5.4,-4.1,-22.1,-18.4,2,528.95,Consumption - Appliances,Small Cap
TTML,41.6,87.9,-8,-8,-4,-8.4,-13.2,-8.4,-13.2,-4.7,-14.9,-19.8,3,35.11,Telecom,Small Cap
TURTLEMINT,,50.3,-5,-3,-1,-39.9,-39.7,-39.9,-39.7,-44.3,-47.9,-44.8,0,79.58,,
TVSELECT,49.2,49.2,-8,-13,-2,-23.4,-16.8,-23.4,-16.8,-9.7,-25.9,-26.7,2,375.5,IT - Equipments,Small Cap
TVSHLTD,24.4,24.4,-7,-13,-1,-15.3,-9.8,-15.3,-9.8,-9.1,-17.4,-17.2,4,12313.0,Auto - Replacement,Small Cap
TVSMOTOR,8.1,8.1,-8,-6,-1,6.0,11.4,6.0,11.4,-1.3,-7.2,-5.1,5,4120.3,Auto - 2W,Large Cap
TVSSCS,10.6,49.3,-8,-7,-1,-0.8,7.2,-0.8,7.2,-1.7,-4.1,-4.1,0,130.92,Transport - Logistics,Small Cap
TVSSRICHAK,23.1,23.1,-4,-13,-1,-6.4,1.5,-6.4,1.5,-17.4,-16.3,-19.7,2,4430.5,Auto - Tyres,Small Cap
TVTODAY,31.8,81.3,-9,-13,-2,-6.6,-9.4,-6.6,-9.4,-6.3,-15.2,-18.2,1,104.36,Media - TV Broadcast,Small Cap
UBL,34.4,47.4,-8,-2,-5,-11.3,-15.1,-11.3,-15.1,-4.8,-15.8,-23.4,5,1210.1,Beverages - Alcohol,Mid Cap
UCAL,15.1,59.0,-4,-12,-1,-2.1,11.1,-2.1,11.1,-6.1,-12.2,-7.3,1,139.0,Auto - Replacement,Small Cap
UCOBANK,32.7,67.4,-8,-13,-2,-12.1,-11.9,-12.1,-11.9,-5.3,-12.8,-19.2,2,23.02,Financials - PSU Bank,Mid Cap
UDS,20.9,52.6,-4,-13,-1,-3.2,12.8,-3.2,12.8,-3.3,-13.1,-7.5,2,207.8,Human Resources,Small Cap
UEL,35.4,96.7,-6,-10,-1,12.1,6.7,12.1,6.7,-22.8,-32.8,-7.7,0,183.51,IT - Equipments,Small Cap
UFBL,20.6,65.3,-5,-2,-1,-6.2,15.8,-6.2,15.8,-6.7,-19.6,-7.2,0,675.0,Leisure - Restaurants,Small Cap
UFLEX,10.1,24.4,-3,-12,-1,4.1,29.5,4.1,29.5,-5.3,-5.0,0.2,4,650.15,Packaging,Small Cap
UFO,37.1,90.6,-7,-13,-4,-10.9,-12.5,-10.9,-12.5,-9.8,-14.9,-20.2,1,58.52,Media - Films,Small Cap
UGARSUGAR,13.4,57.5,-1,-1,0,0.5,27.2,0.5,12.5,-10.0,-9.7,4.0,3,57.79,Agri - Sugar,Small Cap
UGROCAP,57.8,74.5,-8,-10,-4,-13.2,-0.9,-13.2,-0.9,-4.7,-16.3,-26.1,2,81.24,Financials - NBFC,Small Cap
UJJIVANSFB,11.8,11.8,-8,-12,-1,-7.5,6.3,-7.5,6.3,-0.5,-10.5,-10.5,2,65.22,Financials - Private Bank,Small Cap
ULTRACEMCO,17.3,17.3,-8,-1,-1,-8.2,-4.8,-8.2,-4.8,-2.4,-10.4,-12.3,5,10847.0,Infra - Cement,Large Cap
UMAEXPORTS,60.8,85.6,-5,-11,-1,-6.0,12.0,-6.0,12.0,-17.2,-17.3,-16.7,4,21.9,Agri - Misc,Small Cap
UMIYA-MRO,14.7,25.4,-3,-13,-1,1.3,4.0,1.3,4.0,-7.4,-12.4,-1.6,5,94.61,Real Estate,Small Cap
UNICHEMLAB,17.5,39.5,3,-4,0,7.7,13.9,7.7,7.7,0.5,-2.7,1.9,3,567.0,Healthcare - Pharma,Small Cap
UNIDT,16.1,62.3,-1,-3,-4,2.5,12.4,2.5,2.5,-8.6,-5.6,-3.8,1,228.22,Engineering,Small Cap
UNIECOM,43.7,68.6,-3,-5,-4,-1.5,1.2,-1.5,1.2,-2.7,-6.3,-18.4,0,82.82,IT - Software/Consulting,Small Cap
UNIENTER,43.0,54.0,-9,-13,-3,-4.3,-11.3,-4.3,-11.3,-4.3,-13.0,-17.2,5,89.99,Chemicals - Misc,Small Cap
UNIONBANK,16.9,16.9,-7,-13,-1,-6.1,0.0,-6.1,0.0,-7.0,-8.9,-12.5,3,170.73,Financials - PSU Bank,Large Cap
UNIPARTS,7.8,7.8,-2,-12,-1,-0.6,16.0,-0.6,16.0,-6.1,-5.9,-5.5,4,844.75,Engineering,Small Cap
UNITDSPR,12.7,19.7,-5,-4,-2,-9.2,-1.5,-9.2,-1.5,-4.9,-12.3,-9.9,4,1365.4,Beverages - Alcohol,Mid Cap
UNITECH,50.4,80.2,-9,-9,-4,-2.2,-5.1,-2.2,-5.1,-10.1,-13.8,-21.4,1,3.93,Infra - Construction,Small Cap
UNITEDPOLY,3.9,9.9,-1,-1,0,5.1,41.1,5.1,23.5,-0.2,-1.5,22.7,6,46.12,Textile - Misc,Small Cap
UNITEDTEA,27.2,30.6,-8,-13,-4,-7.6,-12.3,-7.6,-12.3,-2.9,-10.7,-20.0,2,429.65,Agri - Tea/Coffee,Small Cap
UNIVASTU,29.0,29.0,-5,-13,-1,-8.0,31.7,-8.0,31.7,-23.9,-29.0,-19.2,6,127.0,Engineering,Small Cap
UNIVCABLES,16.9,16.9,-4,-12,-1,0.0,10.3,0.0,10.3,-4.9,-15.0,-10.5,6,1475.0,Power - Wiring,Small Cap
UNIVPHOTO,17.8,48.0,-1,-7,3,-2.5,18.0,-2.5,9.4,-15.6,-13.6,4.8,1,513.8,Consumption - Misc,Small Cap
UPL,33.8,37.8,-8,-7,-4,-5.2,-13.0,-5.2,-13.0,-6.6,-12.3,-16.7,4,538.0,Agrichem - Protection,Large Cap
URAVIDEF,60.2,84.3,-4,-12,-4,-3.2,-7.6,-3.2,-7.6,-8.7,-11.5,-26.3,7,104.55,Auto - Misc,Small Cap
URBANCO,10.6,18.2,-3,-4,-1,6.0,15.3,6.0,15.3,-5.6,-9.5,-1.6,5,164.5,IT - Product/Platform,Small Cap
USK,37.1,77.6,-9,-12,-5,-7.7,-12.4,-7.7,-12.4,-5.4,-12.5,-30.8,2,19.85,Infra - Construction,Small Cap
UTIAMC,37.7,41.3,-8,-6,-5,-1.4,-4.0,-1.4,-4.0,-4.8,-6.6,-9.9,3,878.0,Financials - AMC,Small Cap
UTKARSHBNK,38.2,79.6,-8,-13,-1,-0.4,0.7,-0.4,0.7,-11.4,-7.0,-7.4,0,13.95,Financials - Private Bank,Small Cap
UTLSOLAR,,17.8,-6,-12,-1,-4.5,25.6,-4.5,25.6,-9.3,-14.9,-11.9,5,406.25,Other Electrical Equipment,Small Cap
UTTAMSUGAR,19.1,45.8,-5,-1,-1,6.3,19.0,6.3,5.9,-2.1,-11.5,-6.9,4,290.5,Agri - Sugar,Small Cap
V2RETAIL,18.1,19.0,-4,-13,-4,-2.9,-2.7,-2.9,-2.7,-5.1,-5.4,-8.8,3,209.89,Consumption - Retail,Small Cap
VADILALIND,13.8,13.8,-5,-4,-1,-2.6,19.2,-2.6,19.2,-4.7,-7.8,-5.1,5,7282.0,Consumption - Dairy,Small Cap
VAIBHAVGBL,30.8,80.7,-8,-13,-1,-19.8,-9.0,-19.8,-9.0,-6.2,-24.0,-24.0,4,202.85,Consumption - Jewelry,Small Cap
VALIANTLAB,7.7,43.2,-3,-4,0,6.5,65.2,6.5,32.3,-4.6,-4.6,26.7,0,122.05,Healthcare - Pharma,Small Cap
VALIANTORG,8.0,79.6,-1,-6,3,10.0,45.1,10.0,28.0,-4.8,-5.9,36.9,0,406.95,Chemicals - Specialty,Small Cap
VARDHACRLC,10.4,48.3,-7,-5,-1,-0.8,6.2,-0.8,6.2,-2.5,-4.9,-4.0,2,43.5,Textiles - Polyester,Small Cap
VARROC,7.5,28.4,-2,-12,-1,2.3,21.0,2.3,21.0,-4.0,-3.3,-2.1,1,843.6,Auto - OEM Suppliers,Small Cap
VASCONEQ,54.5,63.6,-1,-2,-4,6.9,4.6,6.9,4.6,-5.6,-2.4,-18.2,2,33.94,Engineering,Small Cap
VASWANI,36.6,39.9,-9,-6,-5,-13.3,-15.3,-13.3,-15.3,-5.4,-16.2,-23.9,5,44.4,Metals - Iron & Steel,Small Cap
VBL,20.8,36.7,-9,-4,-4,1.9,-4.3,1.9,-4.3,-0.6,-6.9,-18.4,7,430.95,Consumption - Misc,Large Cap
VEDL,67.5,67.5,-5,-12,-5,-5.1,-3.9,-5.1,-3.9,-5.1,-10.3,-62.9,4,258.15,Metals - Misc,Large Cap
VEEDOL,30.8,63.2,-6,-13,-1,-8.0,-3.2,-8.0,-3.2,-6.6,-12.3,-7.7,3,1358.8,Petro - Lubricants,Small Cap
VENKEYS,10.1,65.5,-2,-10,-1,1.0,6.2,1.0,6.2,-7.3,-9.8,-4.1,1,1632.0,Consumption - Misc,Small Cap
VENTIVE,29.7,33.6,-8,-3,-3,-2.9,-10.1,-2.9,-10.1,-3.5,-12.1,-17.9,3,558.05,Leisure - Hotels,Small Cap
VENUSPIPES,6.4,10.4,-1,-6,1,14.3,39.6,14.3,23.1,-3.2,-4.0,26.9,6,2196.6,Metals - Iron & Steel,Small Cap
VENUSREM,16.3,16.3,-6,0,-3,5.3,80.3,5.3,80.3,2.4,-4.0,-14.5,7,1710.6,Healthcare - Pharma,Small Cap
VERANDA,17.7,41.0,-8,-1,-1,-6.8,-0.8,-6.8,-0.8,-5.3,-14.1,-14.1,2,224.26,IT - Services,Small Cap
VERTOZ,53.8,92.2,-4,-10,-4,-3.0,-17.8,-3.0,-17.8,-8.8,-13.2,-28.3,3,35.51,Media - Misc,Small Cap
VESUVIUS,34.1,38.0,-9,-13,-5,-9.6,-13.1,-9.6,-13.1,-5.9,-14.4,-22.8,5,400.5,Metals - Casting/Forging,Small Cap
VETO,5.4,44.5,-1,-1,1,7.1,20.2,7.1,13.2,-2.4,-1.9,15.5,1,147.42,Consumption - Electronics,Small Cap
VGUARD,19.9,46.7,-4,-8,-1,-6.5,0.5,-6.5,0.5,-6.8,-8.3,-11.2,4,307.7,Consumption - Appliances,Small Cap
VHL,22.7,46.7,-4,-13,-3,-2.8,-1.5,-2.8,-1.5,-8.6,-8.9,-7.5,1,3305.2,Financials - NBFC,Small Cap
VIDHIING,7.3,36.9,3,-4,0,5.7,14.3,4.2,8.0,-0.3,0.7,1.4,5,359.4,Chemicals - Dyes,Small Cap
VIDYAWIRES,,20.3,-7,0,-4,2.7,54.3,2.7,54.3,1.2,-2.5,-13.9,5,93.57,Aluminium Copper & Zinc Products,Small Cap
VIKRAMSOLR,54.8,60.8,-9,-13,-4,-5.5,-18.7,-5.5,-18.7,-4.5,-16.9,-28.1,0,160.04,Other Electrical Equipment,Small Cap
VIKRAN,48.6,48.6,-8,-3,-2,7.6,-13.7,7.6,-13.7,1.5,-16.4,-20.4,0,60.81,Civil Construction,Small Cap
VIMTALABS,23.5,34.3,-7,-10,-1,-4.4,5.9,-4.4,5.9,-6.6,-9.5,-7.9,5,592.75,Healthcare - Pharma,Small Cap
VINATIORGA,32.5,50.6,-6,-13,-3,-9.7,-2.4,-9.7,-2.4,-12.3,-12.6,-17.9,5,1173.8,Chemicals - Specialty,Mid Cap
VINCOFE,4.9,4.9,-1,-1,-1,4.2,14.4,4.2,7.3,-1.9,-1.2,-2.0,7,182.0,Agri - Tea/Coffee,Small Cap
VINDHYATEL,9.9,17.6,-2,-12,0,4.9,25.3,4.9,25.3,-7.6,-6.1,4.9,4,2660.4,Telecom,Small Cap
VINEETLAB,26.5,70.4,-8,-13,-1,2.0,4.9,2.0,4.9,-2.5,-8.2,-8.2,0,36.72,Healthcare - Pharma,Small Cap
VINYAS,13.7,13.7,-5,-3,-1,6.4,9.6,6.4,9.6,-6.9,-9.5,-3.4,8,1493.0,Electronic - Equipment,Small Cap
VINYLINDIA,29.9,77.2,-9,-13,-4,-7.0,1.0,-7.0,1.0,-4.6,-12.4,-17.3,4,216.56,Chemicals - Misc,Small Cap
VIPCLOTHNG,45.6,79.8,-9,-2,-4,-0.8,-8.5,-0.8,-8.5,-6.2,-7.1,-22.9,1,20.44,Textile - Innerwear,Small Cap
VIPIND,34.4,62.1,-7,-13,-3,-1.8,-0.3,-1.8,-0.3,-6.9,-7.6,-13.7,4,293.35,Consumption - Luggage,Small Cap
VIRINCHI,54.7,75.1,-7,-13,-4,-10.9,-8.9,-10.9,-8.9,-6.0,-16.1,-28.4,0,13.36,IT - Product/Platform,Small Cap
VISAKAIND,17.3,51.5,-7,-6,-1,-0.7,12.1,-0.7,12.1,-10.9,-15.1,-2.5,1,86.3,Infra - Cement,Small Cap
VISHNU,9.2,9.2,-1,-13,0,3.3,10.4,3.3,4.6,-7.5,-6.9,3.6,6,675.8,Chemicals - Misc,Small Cap
VIYASH,19.6,28.8,-7,-13,-2,-6.8,10.0,-6.8,10.0,-8.9,-13.9,-14.0,4,239.6,Healthcare - Pharma,Small Cap
VLEGOV,65.5,94.8,-3,-1,-4,-5.1,-23.4,-5.1,-23.4,-4.0,-7.2,-36.7,2,10.19,IT - Product/Platform,Small Cap
VLSFINANCE,30.9,48.5,-7,-13,-3,-8.9,-0.3,-8.9,-0.3,-4.8,-12.6,-10.9,4,234.25,Financials - AMC,Small Cap
VMARCIND,77.8,81.8,-5,-9,-4,-11.9,-57.1,-11.9,-57.1,-12.3,-21.7,-77.6,7,310.8,Industrial - Consumables,Small Cap
VMART,14.2,37.2,-5,-13,-1,-5.2,4.9,-5.2,4.9,-8.2,-9.9,-10.1,4,761.65,Consumption - Retail,Small Cap
VMM,33.5,35.7,-9,-3,-4,-5.0,-9.6,-5.0,-9.6,-4.7,-8.1,-18.0,3,101.27,Consumption - Retail,Mid Cap
VOLTAS,30.3,43.3,-6,-10,-4,-14.9,-7.1,-14.9,-7.1,-4.5,-17.0,-27.5,5,1102.9,Consumption - Appliances,Mid Cap
VPRPL,71.0,91.6,-3,-13,-4,-13.3,0.9,-13.3,0.9,-20.0,-19.8,-33.7,2,29.16,Infra - Construction,Small Cap
VRLLOG,9.1,29.4,-3,-13,-1,-2.4,6.1,-2.4,6.1,-4.2,-5.3,-7.0,3,282.0,Transport - Logistics,Small Cap
VSTIND,29.2,58.2,-9,-3,-2,-5.6,-17.3,-5.6,-17.3,-2.4,-13.4,-22.5,3,203.06,Consumption - Misc,Small Cap
VSTTILLERS,30.4,30.4,-6,-3,-4,0.8,-6.6,0.8,-6.6,-0.9,-4.6,-23.2,5,4437.7,Auto - Misc,Small Cap
VTL,22.9,22.9,-9,-13,-2,-9.0,-6.5,-9.0,-6.5,-9.5,-16.7,-16.7,4,530.2,Textile - Spinning/Yarn,Small Cap
VTMLTD,,36.2,-4,-13,-1,-20.3,-11.3,-20.3,-11.3,-30.0,-34.5,-30.8,0,39.49,,
WAAREEENER,35.6,38.0,-7,-11,-5,-6.5,-16.8,-6.5,-16.8,-7.4,-15.0,-25.6,3,2395.0,IT - Equipments,Mid Cap
WAAREEINDO,70.9,85.7,-9,-6,-5,-25.4,-42.7,-25.4,-42.7,-21.9,-45.7,-51.2,1,211.05,Heavy Electrical Equipment,Small Cap
WAAREERTL,39.4,39.4,-9,-10,-4,-8.1,-14.0,-8.1,-14.0,-2.9,-18.4,-20.1,0,822.6,Power - Green,Small Cap
WALCHANNAG,27.3,53.6,-9,-13,-3,-7.2,-4.0,-7.2,-4.0,-8.3,-16.8,-26.1,2,203.52,Engineering,Small Cap
WANBURY,39.5,39.5,-9,-13,-4,-25.7,-19.3,-25.7,-19.3,-13.4,-35.2,-29.7,3,217.0,Healthcare - Pharma,Small Cap
WCIL,31.8,46.8,-2,-3,-4,5.4,-0.6,5.4,-0.6,-3.6,-2.7,-11.1,3,94.25,Transport - Logistics,
WEALTH,29.2,48.8,-9,12,-3,6.2,-5.4,6.2,-5.4,2.4,-7.8,-12.8,7,880.25,Others,Small Cap
WEBELSOLAR,48.9,62.2,-9,-12,-4,-25.2,-14.9,-25.2,-14.9,-8.7,-33.5,-38.4,4,70.5,Power - Green,Small Cap
WEIZMANIND,38.0,56.2,-6,-1,-2,1.4,-13.8,1.4,-13.8,-4.4,-11.3,-17.4,4,71.0,Textiles - Processing,Small Cap
WEL,60.5,63.8,-6,-4,-1,-41.9,-32.5,-41.9,-32.5,-8.4,-51.0,-48.2,5,72.45,Consumption - Appliances,Small Cap
WELCORP,1.7,1.7,0,1,0,7.6,63.8,7.6,31.4,2.0,0.6,19.2,8,2850.6,Metals - Pipe & Tube,Small Cap
WELENT,11.4,11.4,-1,-6,0,9.0,23.5,9.0,11.2,-7.6,-10.1,8.8,4,745.8,Infra - Construction,Small Cap
WELINV,3.6,3.6,-1,-2,0,3.3,28.0,3.3,15.1,-3.1,-3.6,8.9,5,2411.1,Financials - Misc,Small Cap
WENDT,9.5,53.5,-2,-10,1,0.5,5.3,0.5,2.2,-4.5,-5.7,0.0,5,8390.0,Engineering,Small Cap
WESTLIFE,14.4,41.9,7,-4,0,14.7,14.7,14.7,8.9,1.7,0.1,4.2,5,595.25,Leisure - Restaurants,Small Cap
WEWIN,38.3,58.1,-1,-3,-4,8.8,3.9,8.8,3.9,-1.1,-0.3,-12.5,3,48.1,Tech - BPO,Small Cap
WEWORK,15.7,15.7,-7,-8,-1,-5.9,1.9,-5.9,1.9,-1.9,-11.7,-10.7,5,670.0,Human Resources,Small Cap
WHEELS,11.6,11.6,-1,-12,1,4.2,46.4,4.2,27.8,-6.6,-3.9,23.3,2,2207.7,Auto - OEM Suppliers,Small Cap
WHIRLPOOL,37.8,67.9,-1,-2,-5,11.8,9.3,11.8,9.3,-2.0,-2.7,-9.3,3,894.3,Consumption - Appliances,Mid Cap
WILLAMAGOR,38.0,84.3,-7,-8,-4,-6.4,-12.4,-6.4,-12.4,-6.7,-23.0,-18.0,1,22.94,Financials - Misc,Small Cap
WINDLAS,6.8,8.1,-3,-13,0,8.6,24.2,8.6,12.8,-4.2,-4.3,10.7,5,1100.95,Healthcare - Biotech,Small Cap
WINDMACHIN,8.5,31.9,-5,-13,-1,0.0,10.8,0.0,10.8,-2.5,-5.5,-2.4,2,300.0,Engineering,Small Cap
WIPL,15.3,39.4,-2,-1,-3,0.3,6.9,0.3,6.9,-3.8,-3.5,-8.1,3,163.7,Infra - Laminates,Small Cap
WIPRO,42.4,57.4,-7,-10,-4,-12.1,-16.5,-12.1,-16.5,-8.5,-16.1,-22.9,4,157.43,IT - Software/Consulting,Large Cap
WONDERLA,16.8,54.7,-4,-10,-1,-1.9,0.2,-1.9,0.2,-4.3,-7.3,-6.7,2,501.0,Leisure - Misc,Small Cap
WORTHPERI,15.1,24.3,-7,-13,-1,-3.4,4.8,-3.4,4.8,-7.3,-13.3,-7.9,1,144.1,Textile - Misc,Small Cap
WSI,41.5,71.3,-9,-11,-4,-6.2,-14.8,-6.2,-14.8,-9.5,-11.3,-22.8,4,55.62,Engineering,Small Cap
WSTCSTPAPR,9.5,13.7,-1,-6,0,1.4,25.3,1.4,13.5,-8.4,-9.5,14.9,3,703.0,Paper,Small Cap
XCHANGING,41.7,66.0,-7,-9,-4,-7.8,-3.4,-7.8,-3.4,-6.9,-11.4,-10.4,4,60.01,IT - Software/Consulting,Small Cap
XELPMOC,45.9,83.6,-1,-1,-4,6.0,-0.7,6.0,-0.7,-9.6,-5.9,-30.4,2,84.2,IT - Product/Platform,Small Cap
XPROINDIA,26.3,30.8,-9,-13,-2,-13.5,-4.0,-13.5,-4.0,-15.5,-22.7,-22.7,5,1160.5,Packaging,Small Cap
XTRANET,,24.3,-1,-5,0,4.6,85.2,4.6,36.5,-20.8,-13.8,39.3,0,271.48,,
YASHO,18.8,18.8,-5,-10,-1,2.1,44.2,2.1,44.2,-2.9,-8.2,-3.6,5,4055.6,Chemicals - Specialty,Small Cap
YATHARTH,6.8,6.8,-1,-3,0,8.7,26.8,8.7,14.3,-4.8,-3.1,10.2,8,1103.7,Healthcare - Hospitals,Small Cap
YATRA,49.8,49.8,-5,-11,-2,-7.5,-2.5,-7.5,-2.5,-11.8,-14.5,-10.9,2,101.37,IT - Product/Platform,Mid Cap
YESBANK,17.1,94.8,-2,-10,-3,-7.4,2.3,-7.4,2.3,-10.8,-11.1,-15.4,1,21.04,Financials - Private Bank,Mid Cap
YUKEN,1.8,27.8,-1,-6,0,4.2,41.8,4.2,22.6,-0.1,-1.4,14.6,5,1133.45,Industrial - Pumps/Engines,Small Cap
ZAGGLE,57.1,70.6,-7,-10,-4,-14.3,-12.1,-14.3,-12.1,-5.6,-16.8,-27.8,2,173.98,IT - Software/Consulting,Small Cap
ZEEL,36.8,88.0,-9,-13,-2,-29.3,-23.0,-29.3,-23.0,-14.1,-35.3,-35.3,1,74.15,Media - TV Broadcast,Small Cap
ZENITHEXPO,24.0,51.6,-7,-7,-4,-2.3,3.6,-2.3,3.6,-5.6,-16.0,-7.4,5,199.0,Leather Products,Small Cap
ZENSARTECH,47.8,56.5,-8,-13,-5,-14.6,-6.0,-14.6,-6.0,-5.1,-17.7,-18.8,5,428.75,IT - Software/Consulting,Small Cap
ZENTEC,20.6,38.2,-5,-13,-2,-7.0,-0.0,-7.0,-0.0,-11.1,-15.9,-9.2,4,1623.7,Defense - Technology,Small Cap
ZFCVINDIA,17.3,24.6,-5,-10,-3,-9.7,-5.5,-9.7,-5.5,-9.3,-14.0,-12.2,4,2295.8,Auto - OEM Suppliers,Small Cap
ZIMLAB,8.0,12.9,-3,-1,2,0.3,15.4,0.3,8.9,-4.7,-4.5,7.3,4,133.0,Healthcare - Pharma,Small Cap
ZODIAC,49.6,74.4,-8,-13,-4,-11.4,-23.3,-11.4,-23.3,-11.9,-22.6,-36.6,4,209.15,Engineering,Small Cap
ZODIACLOTH,34.5,76.3,-6,-12,-3,-8.8,-10.8,-8.8,-10.8,-4.7,-12.5,-18.2,1,68.15,Textile - Apparels,Small Cap
ZOTA,25.2,25.2,-1,-4,-2,9.1,6.0,9.1,6.0,-5.1,-2.8,-9.2,6,1301.0,Healthcare - Pharma,Small Cap
ZUARI,35.8,67.8,-5,-4,-4,-0.9,3.1,-0.9,3.1,-2.6,-7.8,-7.8,1,221.95,Agrichem - Fertilizers,Small Cap
ZUARIIND,26.8,33.6,-1,-1,0,3.5,13.8,3.5,4.6,-2.0,-3.2,3.4,3,280.95,Agri - Sugar,Small Cap
ZYDUSWELL,17.8,17.8,-9,-11,-2,-4.0,-2.3,-4.0,-2.3,-10.5,-15.5,-12.9,5,503.05,Consumption - FMCG,Small Cap
