Symbol,Date,Open,High,Low,Close,Volume
Agri - Edible Oil,2026-05-27,100.14,101.69,99.18,100.0,683872.0
Agri - Edible Oil,2026-05-28,100.0,100.0,100.0,100.0,0.0
Agri - Edible Oil,2026-05-29,100.44,101.32,98.33,98.91,2066335.0
Agri - Edible Oil,2026-06-01,98.73,100.22,97.62,98.13,571961.0
Agri - Edible Oil,2026-06-02,97.47,98.9,95.67,97.5,526248.0
Agri - Edible Oil,2026-06-03,97.39,98.04,96.27,97.27,425238.0
Agri - Edible Oil,2026-06-04,97.31,98.82,96.1,96.99,604632.0
Agri - Edible Oil,2026-06-05,97.52,98.13,96.07,96.94,687960.0
Agri - Edible Oil,2026-06-08,95.94,99.67,95.29,97.89,5984332.0
Agri - Edible Oil,2026-06-09,98.04,99.31,97.24,98.45,1658114.0
Agri - Edible Oil,2026-06-10,98.88,100.22,97.25,98.44,1120601.0
Agri - Edible Oil,2026-06-11,98.47,99.44,97.08,97.53,2034308.0
Agri - Edible Oil,2026-06-12,97.99,101.53,97.2,100.04,748792.0
Agri - Edible Oil,2026-06-15,101.49,101.74,96.57,97.38,1215415.0
Agri - Edible Oil,2026-06-16,97.13,98.55,96.61,97.52,813486.0
Agri - Edible Oil,2026-06-17,97.71,98.4,96.59,97.78,777715.0
Agri - Edible Oil,2026-06-18,98.07,99.42,96.86,98.14,1125832.0
Agri - Edible Oil,2026-06-19,98.4,98.9,96.44,97.39,712660.0
Agri - Edible Oil,2026-06-22,97.59,98.53,96.51,97.04,899020.0
Agri - Edible Oil,2026-06-23,97.33,98.63,96.36,97.31,665524.0
Agri - Edible Oil,2026-06-24,97.32,98.68,96.48,97.4,595366.0
Agri - Edible Oil,2026-06-25,97.53,99.17,97.12,97.94,711609.0
Agri - Edible Oil,2026-06-26,97.94,97.94,97.94,97.94,0.0
Agri - Edible Oil,2026-06-29,97.76,99.35,96.53,97.56,1962772.0
Agri - Edible Oil,2026-06-30,97.69,98.05,96.14,96.6,1254398.0
Agri - Edible Oil,2026-07-01,97.47,98.97,96.36,97.81,819901.0
Agri - Edible Oil,2026-07-02,98.28,99.54,96.93,98.32,544274.0
Agri - Edible Oil,2026-07-03,99.96,100.28,96.5,97.05,1772060.0
Agri - Edible Oil,2026-07-06,97.37,98.03,96.35,96.81,591773.0
Agri - Edible Oil,2026-07-07,97.73,98.5,96.51,97.41,703856.0
Agri - Edible Oil,2026-07-08,97.58,98.04,95.79,96.53,708826.0
Agri - Edible Oil,2026-07-09,96.76,99.28,96.49,98.48,879097.0
Agri - Edible Oil,2026-07-10,98.82,99.1,96.75,97.46,524548.0
Agri - Edible Oil,2026-07-13,97.04,99.81,96.39,97.79,15173046.0
Agri - Edible Oil,2026-07-14,97.76,98.91,97.22,98.19,4879978.0
Agri - Edible Oil,2026-07-15,98.45,98.69,96.99,97.53,1253029.0
Agri - Edible Oil,2026-07-16,97.63,98.59,96.86,97.41,595517.0
Agri - Edible Oil,2026-07-17,97.51,99.14,96.38,97.99,776739.0
Agri - Edible Oil,2026-07-20,97.81,99.46,96.62,97.81,684868.0
Agri - Edible Oil,2026-07-21,98.08,99.34,96.98,98.32,521955.0
Agri - Edible Oil,2026-07-22,98.15,100.15,97.07,99.19,620186.0
Agri - Edible Oil,2026-07-23,99.17,102.68,97.79,100.78,737633.0
Agri - Edible Oil,2026-07-24,100.69,101.32,98.85,100.7,694702.0
Agri - Edible Oil,2026-07-27,101.35,102.08,99.94,100.68,504747.0
Agri - Edible Oil,2026-07-28,100.78,102.52,99.87,101.5,724294.0
Agri - Edible Oil,2026-07-29,101.56,102.92,100.46,102.26,1021637.0
Agri - Edible Oil,2026-07-30,102.22,103.83,101.37,102.36,1392516.0
Agri - Edible Oil,2026-07-31,102.06,102.96,100.56,101.24,1364152.0
Agri - Edible Oil,2026-08-03,101.02,103.98,100.71,103.04,1147765.0
Agri - Edible Oil,2026-08-04,103.04,103.64,100.21,101.93,961289.0
Agri - Edible Oil,2026-08-05,102.28,102.7,99.77,100.34,1297766.0
Agri - Edible Oil,2026-08-06,100.74,101.84,99.61,100.57,661126.0
Agri - Edible Oil,2026-08-07,102.01,104.28,100.5,101.9,519845.0
Agri - Edible Oil,2026-08-10,102.36,102.65,99.71,100.81,628998.0
Agri - Edible Oil,2026-08-11,101.07,101.81,100.02,100.96,396587.0
Agri - Edible Oil,2026-08-12,101.34,102.2,99.17,101.29,812672.0
Agri - Edible Oil,2026-08-13,101.27,102.07,100.4,101.33,635620.0
Agri - Edible Oil,2026-08-14,101.39,101.91,100.34,100.94,454221.0
Agri - Edible Oil,2026-08-17,100.65,101.54,99.45,99.75,956684.0
Agri - Edible Oil,2026-08-18,100.35,101.25,98.83,99.35,361893.0
Agri - Edible Oil,2026-08-19,99.83,101.04,99.03,100.16,670655.0
Agri - Edible Oil,2026-08-20,100.69,102.02,99.85,100.88,1561335.0
Agri - Edible Oil,2026-08-21,101.92,102.0,99.43,99.95,526552.0
Agri - Edible Oil,2026-08-24,99.95,101.0,99.08,99.79,1344984.0
Agri - Edible Oil,2026-08-25,99.76,101.99,99.3,101.19,947917.0
Agri - Edible Oil,2026-08-26,101.4,102.24,99.17,100.05,1190251.0
Agri - Edible Oil,2026-08-27,100.1,100.72,98.75,99.69,791277.0
Agri - Misc,2026-05-27,100.71,101.4,99.42,100.0,312648.0
Agri - Misc,2026-05-28,100.0,100.0,100.0,100.0,0.0
Agri - Misc,2026-05-29,99.62,101.48,96.28,98.0,709040.0
Agri - Misc,2026-06-01,99.33,99.77,97.34,98.58,513764.0
Agri - Misc,2026-06-02,98.6,105.13,97.65,101.45,362248.0
Agri - Misc,2026-06-03,102.29,102.29,98.64,100.56,189786.0
Agri - Misc,2026-06-04,99.89,101.27,99.29,100.12,253734.0
Agri - Misc,2026-06-05,100.14,102.71,100.05,101.14,307244.0
Agri - Misc,2026-06-08,99.49,104.76,98.23,103.5,814277.0
Agri - Misc,2026-06-09,103.78,105.73,101.46,102.32,409764.0
Agri - Misc,2026-06-10,102.83,106.4,101.58,105.21,422720.0
Agri - Misc,2026-06-11,105.48,107.96,103.45,104.71,358495.0
Agri - Misc,2026-06-12,105.85,108.18,105.56,106.73,316044.0
Agri - Misc,2026-06-15,107.82,108.09,104.46,104.66,313520.0
Agri - Misc,2026-06-16,105.22,105.87,102.15,102.62,357935.0
Agri - Misc,2026-06-17,102.15,105.06,101.99,104.28,433561.0
Agri - Misc,2026-06-18,105.08,106.47,103.88,104.62,330260.0
Agri - Misc,2026-06-19,104.7,107.51,103.86,106.48,336754.0
Agri - Misc,2026-06-22,106.01,110.12,105.33,105.89,392977.0
Agri - Misc,2026-06-23,106.26,107.42,104.22,106.65,503910.0
Agri - Misc,2026-06-24,106.68,109.83,105.91,108.27,445084.0
Agri - Misc,2026-06-25,109.19,109.94,107.06,107.33,503942.0
Agri - Misc,2026-06-26,107.33,107.33,107.33,107.33,0.0
Agri - Misc,2026-06-29,107.31,111.1,107.3,108.39,1163043.0
Agri - Misc,2026-06-30,108.55,114.0,107.96,112.83,771672.0
Agri - Misc,2026-07-01,113.71,114.29,106.42,107.06,514924.0
Agri - Misc,2026-07-02,107.83,109.42,106.84,108.24,375192.0
Agri - Misc,2026-07-03,109.41,109.47,106.23,107.02,371883.0
Agri - Misc,2026-07-06,107.55,110.26,106.31,107.76,579866.0
Agri - Misc,2026-07-07,107.96,108.02,103.65,104.53,410140.0
Agri - Misc,2026-07-08,104.46,106.58,102.83,103.5,428426.0
Agri - Misc,2026-07-09,103.73,108.58,103.22,107.69,754247.0
Agri - Misc,2026-07-10,107.67,110.51,107.3,108.93,583622.0
Agri - Misc,2026-07-13,108.88,110.73,107.08,110.09,1153704.0
Agri - Misc,2026-07-14,110.15,111.22,106.56,107.09,557381.0
Agri - Misc,2026-07-15,108.82,110.07,107.31,108.93,360294.0
Agri - Misc,2026-07-16,109.32,109.73,107.71,108.06,437840.0
Agri - Misc,2026-07-17,107.57,108.9,106.68,107.67,335079.0
Agri - Misc,2026-07-20,107.62,110.54,107.35,108.14,279534.0
Agri - Misc,2026-07-21,108.12,109.46,108.01,108.53,195728.0
Agri - Misc,2026-07-22,200.8,200.8,194.05,195.05,92495.0
Agri - Misc,2026-07-23,106.26,108.59,105.38,106.54,454297.0
Agri - Misc,2026-07-24,106.52,108.64,105.67,107.66,4610258.0
Agri - Misc,2026-07-27,108.4,113.6,107.95,112.56,1696877.0
Agri - Misc,2026-07-28,113.29,113.33,110.61,111.29,545126.0
Agri - Misc,2026-07-29,111.4,113.34,111.33,112.18,1880835.0
Agri - Misc,2026-07-30,112.16,113.16,110.56,112.04,2319012.0
Agri - Misc,2026-07-31,112.0,113.85,109.82,110.1,1742122.0
Agri - Misc,2026-08-03,110.37,112.94,109.92,112.4,4353330.0
Agri - Misc,2026-08-04,112.82,113.97,110.69,111.18,1152294.0
Agri - Misc,2026-08-05,111.42,112.38,109.76,110.48,656744.0
Agri - Misc,2026-08-06,110.38,112.53,109.19,111.65,990583.0
Agri - Misc,2026-08-07,112.6,116.75,110.89,111.89,1202613.0
Agri - Misc,2026-08-10,112.14,115.21,110.98,114.46,494468.0
Agri - Misc,2026-08-11,114.73,114.88,108.97,109.49,598381.0
Agri - Misc,2026-08-12,109.57,112.12,109.05,111.02,353228.0
Agri - Misc,2026-08-13,110.62,112.88,109.7,110.58,336907.0
Agri - Misc,2026-08-14,117.69,126.61,114.73,118.37,4303124.0
Agri - Misc,2026-08-17,120.75,137.41,118.69,131.15,3888404.0
Agri - Misc,2026-08-18,131.7,133.05,127.46,128.83,1715432.0
Agri - Misc,2026-08-19,129.33,133.32,126.99,130.69,809710.0
Agri - Misc,2026-08-20,130.7,133.84,129.13,132.75,1322370.0
Agri - Misc,2026-08-21,133.41,134.71,129.92,130.44,866194.0
Agri - Misc,2026-08-24,130.69,132.03,128.64,129.53,1171300.0
Agri - Misc,2026-08-25,129.3,130.89,128.45,129.66,611236.0
Agri - Misc,2026-08-26,129.86,130.34,127.25,128.29,703218.0
Agri - Misc,2026-08-27,128.65,129.9,127.05,127.4,589576.0
Agri - Misc,2026-08-28,235.32,236.43,232.03,234.19,115933.0
Agri - Rice,2026-05-27,104.29,105.05,99.03,100.0,348818.0
Agri - Rice,2026-05-28,100.0,100.0,100.0,100.0,0.0
Agri - Rice,2026-05-29,100.32,103.13,96.76,98.58,350316.0
Agri - Rice,2026-06-01,98.88,100.43,96.46,97.88,331164.0
Agri - Rice,2026-06-02,97.28,99.88,96.06,98.79,204876.0
Agri - Rice,2026-06-03,98.57,98.67,95.68,96.68,297720.0
Agri - Rice,2026-06-04,96.1,98.27,95.97,97.31,138224.0
Agri - Rice,2026-06-05,97.31,98.55,96.13,96.95,166110.0
Agri - Rice,2026-06-08,94.98,96.44,92.92,93.54,246279.0
Agri - Rice,2026-06-09,93.81,95.57,93.35,94.68,137392.0
Agri - Rice,2026-06-10,94.54,95.8,92.23,92.87,164226.0
Agri - Rice,2026-06-11,92.65,94.12,91.74,93.38,187181.0
Agri - Rice,2026-06-12,94.0,101.59,93.34,99.47,8267222.0
Agri - Rice,2026-06-15,100.58,101.95,97.28,98.0,1733990.0
Agri - Rice,2026-06-16,98.39,101.83,97.24,98.83,1091944.0
Agri - Rice,2026-06-17,99.55,99.82,97.64,99.09,373332.0
Agri - Rice,2026-06-18,100.68,101.51,98.82,99.8,399336.0
Agri - Rice,2026-06-19,99.42,100.23,98.11,99.09,270670.0
Agri - Rice,2026-06-22,99.09,99.91,98.39,99.55,332728.0
Agri - Rice,2026-06-23,99.5,99.91,96.82,97.84,328528.0
Agri - Rice,2026-06-24,97.14,100.35,96.42,99.59,347388.0
Agri - Rice,2026-06-25,99.55,100.51,97.24,98.0,483050.0
Agri - Rice,2026-06-26,98.0,98.0,98.0,98.0,0.0
Agri - Rice,2026-06-29,97.72,99.06,95.03,97.29,379846.0
Agri - Rice,2026-06-30,97.55,97.98,94.54,95.41,241952.0
Agri - Rice,2026-07-01,95.58,97.43,95.18,96.57,223992.0
Agri - Rice,2026-07-02,97.01,99.72,96.76,98.21,301219.0
Agri - Rice,2026-07-03,98.84,99.31,97.25,97.9,185808.0
Agri - Rice,2026-07-06,98.2,98.59,97.15,97.67,153508.0
Agri - Rice,2026-07-07,97.2,98.74,96.48,98.14,310890.0
Agri - Rice,2026-07-08,97.0,100.27,96.32,97.66,517429.0
Agri - Rice,2026-07-09,97.19,99.69,97.18,98.9,295286.0
Agri - Rice,2026-07-10,99.7,100.13,98.33,98.9,227480.0
Agri - Rice,2026-07-13,98.47,99.26,97.53,98.14,117554.0
Agri - Rice,2026-07-14,97.63,97.96,95.82,96.62,235408.0
Agri - Rice,2026-07-15,96.77,98.2,95.52,97.3,475423.0
Agri - Rice,2026-07-16,96.86,98.37,95.03,96.68,485608.0
Agri - Rice,2026-07-17,96.84,97.74,94.81,95.58,171532.0
Agri - Rice,2026-07-20,111.88,112.9,111.31,112.58,284642.0
Agri - Rice,2026-07-21,94.65,98.0,93.85,96.25,180265.0
Agri - Rice,2026-07-22,96.38,96.93,94.68,96.48,156592.0
Agri - Rice,2026-07-23,95.66,96.37,94.48,95.4,147374.0
Agri - Rice,2026-07-24,94.84,96.11,93.92,95.73,125736.0
Agri - Rice,2026-07-27,96.2,97.55,95.11,95.78,167097.0
Agri - Rice,2026-07-28,95.85,96.32,94.07,94.54,121512.0
Agri - Rice,2026-07-29,94.48,96.55,94.41,96.01,176318.0
Agri - Rice,2026-07-30,95.79,100.7,94.99,98.9,3871250.0
Agri - Rice,2026-07-31,117.24,121.76,116.51,119.88,2405046.0
Agri - Rice,2026-08-03,102.61,104.29,101.34,103.36,418138.0
Agri - Rice,2026-08-04,103.52,105.41,101.4,103.35,380374.0
Agri - Rice,2026-08-05,103.55,105.62,103.29,103.91,245484.0
Agri - Rice,2026-08-06,104.4,105.95,102.88,104.23,238206.0
Agri - Rice,2026-08-07,104.43,106.36,100.74,103.07,433995.0
Agri - Rice,2026-08-10,103.24,103.87,101.26,102.49,151132.0
Agri - Rice,2026-08-11,101.66,102.47,100.78,101.75,191591.0
Agri - Rice,2026-08-12,101.86,104.89,100.8,103.76,284952.0
Agri - Rice,2026-08-13,104.4,104.49,101.88,102.28,135866.0
Agri - Rice,2026-08-14,102.1,103.45,100.59,101.99,195068.0
Agri - Rice,2026-08-17,101.96,102.81,101.07,102.07,112475.0
Agri - Rice,2026-08-18,101.72,104.09,101.37,103.03,268774.0
Agri - Rice,2026-08-19,102.79,104.38,102.04,103.52,264244.0
Agri - Rice,2026-08-20,104.13,105.49,102.37,103.63,234626.0
Agri - Rice,2026-08-21,104.0,106.8,103.0,104.58,345123.0
Agri - Rice,2026-08-24,104.66,118.57,104.66,112.73,22352621.0
Agri - Rice,2026-08-25,113.17,114.49,109.15,111.72,1586219.0
Agri - Rice,2026-08-26,111.6,113.58,109.66,111.67,706046.0
Agri - Rice,2026-08-27,111.63,111.65,106.66,107.08,413382.0
Agri - Sugar,2026-05-27,100.9,101.77,98.96,100.0,191213.0
Agri - Sugar,2026-05-28,100.0,100.0,100.0,100.0,0.0
Agri - Sugar,2026-05-29,100.32,101.01,97.19,98.84,287068.0
Agri - Sugar,2026-06-01,98.39,100.88,97.06,99.11,281952.0
Agri - Sugar,2026-06-02,98.11,101.35,96.53,99.82,206449.0
Agri - Sugar,2026-06-03,99.47,101.68,97.54,99.42,335629.0
Agri - Sugar,2026-06-04,99.34,103.64,98.99,100.59,348845.0
Agri - Sugar,2026-06-05,101.91,103.15,98.56,100.08,402180.0
Agri - Sugar,2026-06-08,99.78,103.99,98.91,101.75,598676.0
Agri - Sugar,2026-06-09,101.84,102.83,98.86,100.92,354717.0
Agri - Sugar,2026-06-10,100.71,101.67,99.0,99.82,163555.0
Agri - Sugar,2026-06-11,100.33,102.61,99.09,100.63,550365.0
Agri - Sugar,2026-06-12,101.75,102.19,99.34,100.33,194946.0
Agri - Sugar,2026-06-15,102.28,105.97,101.53,102.93,565467.0
Agri - Sugar,2026-06-16,103.18,104.08,101.93,102.93,141668.0
Agri - Sugar,2026-06-17,103.48,104.05,101.28,102.31,241157.0
Agri - Sugar,2026-06-18,102.93,103.97,101.49,102.94,170746.0
Agri - Sugar,2026-06-19,102.95,104.05,100.5,101.15,263598.0
Agri - Sugar,2026-06-22,101.84,103.46,100.59,102.72,193144.0
Agri - Sugar,2026-06-23,102.69,103.53,101.03,102.02,146828.0
Agri - Sugar,2026-06-24,101.91,102.67,100.8,101.76,142802.0
Agri - Sugar,2026-06-25,101.94,102.47,99.95,100.58,128159.0
Agri - Sugar,2026-06-26,100.58,100.58,100.58,100.58,0.0
Agri - Sugar,2026-06-29,100.29,102.48,99.51,101.58,134699.0
Agri - Sugar,2026-06-30,101.56,105.4,100.85,103.53,310346.0
Agri - Sugar,2026-07-01,103.76,108.67,102.83,106.19,984722.0
Agri - Sugar,2026-07-02,106.69,109.6,105.25,108.67,478428.0
Agri - Sugar,2026-07-03,109.16,111.19,107.88,109.56,311013.0
Agri - Sugar,2026-07-06,109.91,115.75,109.65,113.6,1859201.0
Agri - Sugar,2026-07-07,113.79,114.27,110.07,111.68,275557.0
Agri - Sugar,2026-07-08,111.3,112.41,107.97,108.95,250989.0
Agri - Sugar,2026-07-09,109.07,112.86,108.87,111.03,157727.0
Agri - Sugar,2026-07-10,111.44,112.69,110.31,111.63,148639.0
Agri - Sugar,2026-07-13,111.83,116.95,110.7,114.68,1058031.0
Agri - Sugar,2026-07-14,115.32,117.21,113.56,114.96,474113.0
Agri - Sugar,2026-07-15,115.0,116.12,112.26,113.18,205073.0
Agri - Sugar,2026-07-16,113.98,115.79,112.72,114.58,197777.0
Agri - Sugar,2026-07-17,114.65,117.67,113.63,115.18,511953.0
Agri - Sugar,2026-07-20,115.04,116.67,113.58,114.6,265882.0
Agri - Sugar,2026-07-21,114.75,119.24,113.35,117.19,927750.0
Agri - Sugar,2026-07-22,107.77,109.09,105.08,106.09,193364.0
Agri - Sugar,2026-07-23,105.05,106.15,103.21,104.0,204907.0
Agri - Sugar,2026-07-24,102.98,103.98,101.41,102.57,90506.0
Agri - Sugar,2026-07-27,101.36,104.53,101.01,102.53,351254.0
Agri - Sugar,2026-07-28,102.57,102.98,100.01,100.79,211338.0
Agri - Sugar,2026-07-29,100.64,102.36,99.66,100.65,160846.0
Agri - Sugar,2026-07-30,100.92,101.47,98.09,99.0,148602.0
Agri - Sugar,2026-07-31,88.92,90.15,86.75,87.87,330365.0
Agri - Sugar,2026-08-03,98.95,110.83,98.83,108.29,3180254.0
Agri - Sugar,2026-08-04,109.94,116.06,107.8,113.08,2498510.0
Agri - Sugar,2026-08-05,114.21,115.08,108.55,109.87,709774.0
Agri - Sugar,2026-08-06,109.57,111.76,107.57,109.07,425351.0
Agri - Sugar,2026-08-07,109.73,111.38,108.27,109.89,307869.0
Agri - Sugar,2026-08-10,109.54,117.52,108.86,114.71,1066815.0
Agri - Sugar,2026-08-11,114.63,115.91,110.31,112.3,440301.0
Agri - Sugar,2026-08-12,112.07,112.91,108.91,110.87,395443.0
Agri - Sugar,2026-08-13,111.25,116.34,110.41,113.38,546061.0
Agri - Sugar,2026-08-14,125.69,129.33,124.05,126.38,372771.0
Agri - Sugar,2026-08-17,127.46,137.72,127.3,136.58,1303896.0
Agri - Sugar,2026-08-18,137.73,139.51,133.32,134.84,900331.0
Agri - Sugar,2026-08-19,134.82,142.07,133.37,138.95,1474280.0
Agri - Sugar,2026-08-20,139.45,157.45,138.73,154.79,11117160.0
Agri - Sugar,2026-08-21,150.69,157.19,144.6,152.59,6593134.0
Agri - Sugar,2026-08-24,154.51,160.0,144.41,148.65,5019350.0
Agri - Sugar,2026-08-25,146.28,150.16,141.45,144.23,1886764.0
Agri - Sugar,2026-08-26,144.49,148.61,142.07,146.18,1419832.0
Agri - Sugar,2026-08-27,146.78,147.8,140.43,142.59,856784.0
Agrichem - Fertilizers,2026-05-27,100.79,102.55,99.47,100.0,1303311.0
Agrichem - Fertilizers,2026-05-28,100.0,100.0,100.0,100.0,0.0
Agrichem - Fertilizers,2026-05-29,97.64,100.96,94.34,96.84,1067066.0
Agrichem - Fertilizers,2026-06-01,97.54,100.54,96.65,97.54,970429.0
Agrichem - Fertilizers,2026-06-02,97.08,97.97,95.64,97.02,822868.0
Agrichem - Fertilizers,2026-06-03,96.94,98.17,95.3,96.67,831384.0
Agrichem - Fertilizers,2026-06-04,96.65,98.87,96.01,97.49,854796.0
Agrichem - Fertilizers,2026-06-05,98.2,99.68,97.38,98.26,1258246.0
Agrichem - Fertilizers,2026-06-08,97.42,99.29,94.84,97.34,750253.0
Agrichem - Fertilizers,2026-06-09,97.49,101.62,97.13,100.77,729410.0
Agrichem - Fertilizers,2026-06-10,101.39,104.14,99.45,101.74,978706.0
Agrichem - Fertilizers,2026-06-11,101.44,103.21,99.75,101.45,780959.0
Agrichem - Fertilizers,2026-06-12,102.54,105.63,101.6,104.41,895321.0
Agrichem - Fertilizers,2026-06-15,105.86,108.02,103.33,105.18,942758.0
Agrichem - Fertilizers,2026-06-16,105.71,109.7,105.25,108.39,3523983.0
Agrichem - Fertilizers,2026-06-17,108.63,109.83,106.79,108.72,1351974.0
Agrichem - Fertilizers,2026-06-18,108.75,110.23,106.77,109.04,1108729.0
Agrichem - Fertilizers,2026-06-19,109.14,110.84,107.25,108.79,2125432.0
Agrichem - Fertilizers,2026-06-22,109.17,111.82,107.65,109.43,2127672.0
Agrichem - Fertilizers,2026-06-23,109.38,110.16,107.85,108.44,961239.0
Agrichem - Fertilizers,2026-06-24,108.48,109.68,107.56,109.04,2298851.0
Agrichem - Fertilizers,2026-06-25,109.96,110.52,107.02,108.29,1169038.0
Agrichem - Fertilizers,2026-06-26,108.29,108.29,108.29,108.29,0.0
Agrichem - Fertilizers,2026-06-29,108.34,109.98,104.5,105.36,1522106.0
Agrichem - Fertilizers,2026-06-30,105.84,109.01,105.45,107.87,824667.0
Agrichem - Fertilizers,2026-07-01,107.93,109.78,105.73,108.64,1396741.0
Agrichem - Fertilizers,2026-07-02,109.13,111.52,108.07,110.65,1694568.0
Agrichem - Fertilizers,2026-07-03,111.31,112.98,109.37,111.32,3484215.0
Agrichem - Fertilizers,2026-07-06,111.54,112.23,108.55,110.23,1219639.0
Agrichem - Fertilizers,2026-07-07,110.37,111.65,108.0,109.14,1566266.0
Agrichem - Fertilizers,2026-07-08,108.69,109.86,104.96,105.99,2307994.0
Agrichem - Fertilizers,2026-07-09,106.47,108.96,105.87,107.48,1274802.0
Agrichem - Fertilizers,2026-07-10,108.18,110.12,106.92,108.28,1028275.0
Agrichem - Fertilizers,2026-07-13,107.28,108.61,105.61,107.84,1277108.0
Agrichem - Fertilizers,2026-07-14,107.57,109.59,106.2,108.26,930818.0
Agrichem - Fertilizers,2026-07-15,108.62,110.5,107.31,108.26,897948.0
Agrichem - Fertilizers,2026-07-16,108.46,111.63,106.96,109.24,1661799.0
Agrichem - Fertilizers,2026-07-17,109.13,110.08,107.72,109.19,818634.0
Agrichem - Fertilizers,2026-07-20,109.05,110.76,108.19,109.51,1238578.0
Agrichem - Fertilizers,2026-07-21,109.61,111.4,108.88,110.26,1180080.0
Agrichem - Fertilizers,2026-07-22,110.1,111.04,108.68,109.64,1652963.0
Agrichem - Fertilizers,2026-07-23,109.64,111.22,107.7,108.99,1438245.0
Agrichem - Fertilizers,2026-07-24,107.74,109.1,106.43,108.13,1094648.0
Agrichem - Fertilizers,2026-07-27,108.67,111.49,107.77,110.89,1872645.0
Agrichem - Fertilizers,2026-07-28,110.82,112.38,109.51,111.67,1366789.0
Agrichem - Fertilizers,2026-07-29,112.49,114.54,110.97,112.22,29703756.0
Agrichem - Fertilizers,2026-07-30,112.52,114.39,108.91,110.76,4590182.0
Agrichem - Fertilizers,2026-07-31,111.03,113.7,108.71,111.1,3820800.0
Agrichem - Fertilizers,2026-08-03,111.75,114.11,110.29,112.67,1651877.0
Agrichem - Fertilizers,2026-08-04,113.17,115.94,112.13,113.31,1425382.0
Agrichem - Fertilizers,2026-08-05,114.05,115.22,111.25,112.88,1150034.0
Agrichem - Fertilizers,2026-08-06,113.22,114.09,110.66,112.2,1123684.0
Agrichem - Fertilizers,2026-08-07,111.91,112.99,110.48,111.14,1223259.0
Agrichem - Fertilizers,2026-08-10,111.24,113.45,110.14,112.14,966240.0
Agrichem - Fertilizers,2026-08-11,112.15,112.87,110.29,111.29,933623.0
Agrichem - Fertilizers,2026-08-12,111.22,111.89,109.2,110.0,774321.0
Agrichem - Fertilizers,2026-08-13,110.08,111.21,109.37,110.37,412568.0
Agrichem - Fertilizers,2026-08-14,127.82,130.31,127.19,129.63,713793.0
Agrichem - Fertilizers,2026-08-17,129.8,132.27,128.89,130.67,924370.0
Agrichem - Fertilizers,2026-08-18,130.82,132.14,128.09,129.14,887203.0
Agrichem - Fertilizers,2026-08-19,129.07,130.02,127.1,128.55,1234035.0
Agrichem - Fertilizers,2026-08-20,129.22,129.68,126.24,126.97,600739.0
Agrichem - Fertilizers,2026-08-21,126.96,127.92,125.42,126.05,664646.0
Agrichem - Fertilizers,2026-08-24,126.23,128.58,123.73,125.18,891643.0
Agrichem - Fertilizers,2026-08-25,125.09,127.03,123.09,124.55,10940630.0
Agrichem - Fertilizers,2026-08-26,125.32,127.61,123.9,126.26,3116738.0
Agrichem - Fertilizers,2026-08-27,126.34,126.83,123.82,124.27,1204202.0
Agrichem - Fertilizers,2026-08-28,27.52,27.98,27.31,27.79,561102.0
Agrichem - Protection,2026-05-27,99.64,102.1,98.17,100.0,232146.0
Agrichem - Protection,2026-05-28,100.0,100.0,100.0,100.0,0.0
Agrichem - Protection,2026-05-29,100.46,102.81,97.33,98.97,418145.0
Agrichem - Protection,2026-06-01,99.37,99.69,95.36,96.0,175617.0
Agrichem - Protection,2026-06-02,95.31,98.56,94.1,97.39,234386.0
Agrichem - Protection,2026-06-03,97.3,98.84,95.43,96.96,223860.0
Agrichem - Protection,2026-06-04,96.67,97.95,95.45,96.2,142524.0
Agrichem - Protection,2026-06-05,96.53,98.09,95.24,95.76,209193.0
Agrichem - Protection,2026-06-08,95.42,97.12,93.34,94.49,390884.0
Agrichem - Protection,2026-06-09,95.03,99.35,94.59,98.52,345092.0
Agrichem - Protection,2026-06-10,98.16,100.78,96.46,97.78,219989.0
Agrichem - Protection,2026-06-11,97.29,98.35,95.9,97.04,130471.0
Agrichem - Protection,2026-06-12,97.81,99.56,97.28,98.67,194199.0
Agrichem - Protection,2026-06-15,99.47,102.42,98.57,99.44,344508.0
Agrichem - Protection,2026-06-16,99.97,102.08,98.98,100.48,459344.0
Agrichem - Protection,2026-06-17,100.88,101.65,99.08,99.92,279218.0
Agrichem - Protection,2026-06-18,100.2,100.94,98.53,99.47,278303.0
Agrichem - Protection,2026-06-19,99.4,101.52,97.75,99.75,1763074.0
Agrichem - Protection,2026-06-22,100.02,102.11,98.73,99.57,1749036.0
Agrichem - Protection,2026-06-23,99.76,100.83,97.84,98.6,533658.0
Agrichem - Protection,2026-06-24,98.55,99.31,96.84,97.95,526758.0
Agrichem - Protection,2026-06-25,98.57,99.27,95.37,96.06,411336.0
Agrichem - Protection,2026-06-26,96.06,96.06,96.06,96.06,0.0
Agrichem - Protection,2026-06-29,96.09,96.57,92.72,93.36,409234.0
Agrichem - Protection,2026-06-30,93.5,96.45,92.52,94.55,2281959.0
Agrichem - Protection,2026-07-01,95.39,97.39,94.01,95.0,913410.0
Agrichem - Protection,2026-07-02,95.36,97.66,94.3,96.02,268072.0
Agrichem - Protection,2026-07-03,96.46,98.47,94.88,96.71,4060577.0
Agrichem - Protection,2026-07-06,96.91,98.12,95.62,96.63,724808.0
Agrichem - Protection,2026-07-07,96.82,97.45,95.12,95.89,227396.0
Agrichem - Protection,2026-07-08,95.71,97.35,93.04,94.1,1017559.0
Agrichem - Protection,2026-07-09,94.45,96.46,94.02,95.55,460185.0
Agrichem - Protection,2026-07-10,95.94,98.06,95.36,96.84,662331.0
Agrichem - Protection,2026-07-13,96.74,99.9,94.9,97.86,749078.0
Agrichem - Protection,2026-07-14,97.92,98.66,95.52,96.48,723460.0
Agrichem - Protection,2026-07-15,97.06,99.41,96.25,97.79,383576.0
Agrichem - Protection,2026-07-16,98.05,99.37,97.27,98.2,248004.0
Agrichem - Protection,2026-07-17,98.11,98.87,96.52,97.38,227768.0
Agrichem - Protection,2026-07-20,97.77,98.97,96.31,97.39,461797.0
Agrichem - Protection,2026-07-21,97.54,98.73,96.9,97.97,1898140.0
Agrichem - Protection,2026-07-22,98.35,99.58,95.5,96.79,2450898.0
Agrichem - Protection,2026-07-23,96.51,98.39,95.23,97.01,578784.0
Agrichem - Protection,2026-07-24,96.15,97.72,95.04,96.43,347498.0
Agrichem - Protection,2026-07-27,97.24,98.95,96.42,97.56,475784.0
Agrichem - Protection,2026-07-28,97.81,98.66,96.08,96.64,332363.0
Agrichem - Protection,2026-07-29,96.91,98.21,95.71,96.93,1833920.0
Agrichem - Protection,2026-07-30,96.91,99.11,95.26,97.71,546611.0
Agrichem - Protection,2026-07-31,97.9,99.8,95.64,97.37,402530.0
Agrichem - Protection,2026-08-03,97.93,100.88,96.57,98.54,614120.0
Agrichem - Protection,2026-08-04,98.72,100.33,97.14,97.7,246758.0
Agrichem - Protection,2026-08-05,98.09,99.51,96.96,98.24,242115.0
Agrichem - Protection,2026-08-06,98.58,99.46,97.08,98.2,321226.0
Agrichem - Protection,2026-08-07,97.66,99.18,96.88,97.91,220666.0
Agrichem - Protection,2026-08-10,98.13,100.25,96.98,98.26,1243801.0
Agrichem - Protection,2026-08-11,98.29,99.69,96.89,97.89,575100.0
Agrichem - Protection,2026-08-12,97.37,97.51,92.71,93.49,620244.0
Agrichem - Protection,2026-08-13,93.32,94.68,92.64,93.55,251904.0
Agrichem - Protection,2026-08-14,103.28,105.09,102.12,103.59,1955480.0
Agrichem - Protection,2026-08-17,103.56,104.75,101.66,103.48,656109.0
Agrichem - Protection,2026-08-18,103.78,106.07,101.82,103.99,382029.0
Agrichem - Protection,2026-08-19,104.3,105.94,103.0,104.36,361076.0
Agrichem - Protection,2026-08-20,104.67,105.92,103.63,104.44,155089.0
Agrichem - Protection,2026-08-21,104.71,105.63,103.28,103.87,204091.0
Agrichem - Protection,2026-08-24,103.71,104.54,101.61,102.25,673764.0
Agrichem - Protection,2026-08-25,102.14,103.67,101.13,102.63,279983.0
Agrichem - Protection,2026-08-26,103.07,105.46,102.12,103.24,175921.0
Agrichem - Protection,2026-08-27,103.34,104.2,101.59,102.08,155126.0
Agrichem - Protection,2026-08-28,59.94,59.94,58.64,58.68,76406.0
Auto - 2W,2026-05-27,99.05,100.57,98.31,100.0,899355.0
Auto - 2W,2026-05-28,100.0,100.0,100.0,100.0,0.0
Auto - 2W,2026-05-29,99.42,100.41,96.34,97.03,1529080.0
Auto - 2W,2026-06-01,97.33,98.36,95.57,96.08,773548.0
Auto - 2W,2026-06-02,95.7,96.95,94.61,96.17,519160.0
Auto - 2W,2026-06-03,96.06,96.8,95.04,95.73,546786.0
Auto - 2W,2026-06-04,95.57,97.38,94.99,96.36,710600.0
Auto - 2W,2026-06-05,96.72,97.04,95.48,96.04,534400.0
Auto - 2W,2026-06-08,95.01,95.98,94.38,95.08,444117.0
Auto - 2W,2026-06-09,95.8,97.01,94.78,95.93,534922.0
Auto - 2W,2026-06-10,95.93,97.15,95.34,95.76,562584.0
Auto - 2W,2026-06-11,95.17,96.27,94.61,95.24,473751.0
Auto - 2W,2026-06-12,96.45,97.2,94.68,96.12,880756.0
Auto - 2W,2026-06-15,97.12,98.84,95.73,97.62,921090.0
Auto - 2W,2026-06-16,98.03,98.12,96.86,97.3,500323.0
Auto - 2W,2026-06-17,97.59,98.1,96.57,97.49,388238.0
Auto - 2W,2026-06-18,97.63,98.52,97.23,98.01,353122.0
Auto - 2W,2026-06-19,97.92,98.44,96.61,97.78,702478.0
Auto - 2W,2026-06-22,98.34,99.35,97.83,98.56,692459.0
Auto - 2W,2026-06-23,98.75,99.18,97.06,97.55,517666.0
Auto - 2W,2026-06-24,96.64,97.52,95.47,96.15,556252.0
Auto - 2W,2026-06-25,96.68,98.66,96.23,97.08,1109054.0
Auto - 2W,2026-06-26,97.08,97.08,97.08,97.08,0.0
Auto - 2W,2026-06-29,96.77,97.44,94.44,94.9,2573335.0
Auto - 2W,2026-06-30,95.04,95.52,91.97,93.84,1274824.0
Auto - 2W,2026-07-01,94.2,95.41,93.88,94.84,594847.0
Auto - 2W,2026-07-02,95.91,96.66,94.35,95.93,948410.0
Auto - 2W,2026-07-03,96.88,97.03,95.44,95.95,425633.0
Auto - 2W,2026-07-06,96.04,98.33,95.6,98.02,474125.0
Auto - 2W,2026-07-07,98.29,99.64,97.98,98.75,569406.0
Auto - 2W,2026-07-08,97.9,99.67,96.82,97.86,805074.0
Auto - 2W,2026-07-09,97.92,98.64,96.97,97.58,465680.0
Auto - 2W,2026-07-10,97.97,98.88,97.23,97.78,471102.0
Auto - 2W,2026-07-13,97.13,99.09,96.43,98.57,700756.0
Auto - 2W,2026-07-14,97.54,98.55,96.45,97.17,644656.0
Auto - 2W,2026-07-15,97.45,98.95,97.18,98.23,629089.0
Auto - 2W,2026-07-16,98.38,98.94,97.68,98.22,631107.0
Auto - 2W,2026-07-17,98.47,99.77,98.3,99.43,544068.0
Auto - 2W,2026-07-20,99.45,100.13,98.66,99.88,348106.0
Auto - 2W,2026-07-21,100.11,101.69,99.14,100.87,1057666.0
Auto - 2W,2026-07-22,101.93,104.35,101.02,103.14,1490295.0
Auto - 2W,2026-07-23,103.12,106.02,102.87,105.29,1205342.0
Auto - 2W,2026-07-24,104.62,105.04,102.97,103.57,693354.0
Auto - 2W,2026-07-27,104.3,105.4,103.52,104.71,444832.0
Auto - 2W,2026-07-28,104.58,106.69,104.35,106.26,870867.0
Auto - 2W,2026-07-29,106.9,107.77,105.54,106.2,896566.0
Auto - 2W,2026-07-30,106.63,108.77,105.92,108.21,1518505.0
Auto - 2W,2026-07-31,108.51,109.45,107.24,108.87,1174079.0
Auto - 2W,2026-08-03,109.55,111.52,108.58,111.5,876641.0
Auto - 2W,2026-08-04,111.0,111.57,109.3,110.33,828100.0
Auto - 2W,2026-08-05,110.92,112.34,110.19,112.16,773235.0
Auto - 2W,2026-08-06,111.76,112.47,110.04,110.59,576320.0
Auto - 2W,2026-08-07,110.32,112.62,110.21,111.84,825804.0
Auto - 2W,2026-08-10,111.9,113.23,111.37,112.33,571500.0
Auto - 2W,2026-08-11,112.4,113.8,111.45,112.35,653658.0
Auto - 2W,2026-08-12,112.43,113.21,111.7,112.49,615440.0
Auto - 2W,2026-08-13,112.64,113.04,111.4,112.24,359899.0
Auto - 2W,2026-08-14,112.17,112.85,111.5,111.9,401713.0
Auto - 2W,2026-08-17,111.78,113.05,111.51,111.83,390152.0
Auto - 2W,2026-08-18,111.89,112.64,111.04,111.39,357786.0
Auto - 2W,2026-08-19,111.3,112.21,110.5,111.31,343155.0
Auto - 2W,2026-08-20,111.93,112.56,111.02,112.28,309260.0
Auto - 2W,2026-08-21,112.41,112.52,110.99,111.8,478488.0
Auto - 2W,2026-08-24,111.81,112.59,111.13,112.02,310590.0
Auto - 2W,2026-08-25,111.81,112.78,111.07,112.51,340895.0
Auto - 2W,2026-08-26,112.48,113.32,111.54,111.73,431252.0
Auto - 2W,2026-08-27,111.77,112.44,110.48,111.59,425922.0
Auto - 2W,2026-08-28,130.09,132.11,129.64,131.22,335398.0
Auto - CV,2026-05-27,99.8,100.81,98.57,100.0,4465517.0
Auto - CV,2026-05-28,100.0,100.0,100.0,100.0,0.0
Auto - CV,2026-05-29,100.43,101.0,95.8,96.78,17627752.0
Auto - CV,2026-06-01,97.78,98.27,93.91,94.65,6973170.0
Auto - CV,2026-06-02,94.15,99.54,93.83,95.78,8750953.0
Auto - CV,2026-06-03,95.49,98.39,93.78,97.17,10138245.0
Auto - CV,2026-06-04,96.79,98.99,95.57,96.29,4766018.0
Auto - CV,2026-06-05,97.05,99.91,96.31,97.49,4648132.0
Auto - CV,2026-06-08,96.23,97.67,94.87,95.79,5846863.0
Auto - CV,2026-06-09,96.75,98.86,96.32,97.62,5135953.0
Auto - CV,2026-06-10,97.71,99.0,95.7,96.43,3338162.0
Auto - CV,2026-06-11,96.36,97.09,94.21,94.98,4225330.0
Auto - CV,2026-06-12,96.88,100.31,96.31,99.87,14094760.0
Auto - CV,2026-06-15,101.34,106.26,100.54,102.91,11561714.0
Auto - CV,2026-06-16,103.45,104.21,100.74,101.61,6319204.0
Auto - CV,2026-06-17,102.3,103.9,101.34,102.7,5098734.0
Auto - CV,2026-06-18,103.05,106.67,102.53,104.01,2548900.0
Auto - CV,2026-06-19,104.34,106.12,103.29,105.06,3352351.0
Auto - CV,2026-06-22,105.54,107.5,104.92,106.2,4413090.0
Auto - CV,2026-06-23,106.16,108.47,104.98,105.54,4468155.0
Auto - CV,2026-06-24,105.23,106.09,103.05,104.56,3720550.0
Auto - CV,2026-06-25,105.3,106.58,100.91,105.19,12330526.0
Auto - CV,2026-06-26,105.19,105.19,105.19,105.19,0.0
Auto - CV,2026-06-29,105.21,105.96,103.15,104.26,12627683.0
Auto - CV,2026-06-30,104.68,107.62,103.45,106.55,4629717.0
Auto - CV,2026-07-01,106.71,107.49,102.69,104.07,8611804.0
Auto - CV,2026-07-02,104.82,106.08,103.68,105.47,5644362.0
Auto - CV,2026-07-03,105.63,106.56,103.5,104.23,4346847.0
Auto - CV,2026-07-06,105.14,105.98,102.72,103.55,2966544.0
Auto - CV,2026-07-07,104.23,104.51,101.37,102.12,1921899.0
Auto - CV,2026-07-08,101.94,103.79,99.64,101.69,5339217.0
Auto - CV,2026-07-09,101.82,107.27,101.54,106.0,3682713.0
Auto - CV,2026-07-10,106.79,108.63,106.35,107.45,3616769.0
Auto - CV,2026-07-13,107.13,109.68,104.82,107.75,3892054.0
Auto - CV,2026-07-14,107.61,108.53,104.3,105.07,5097323.0
Auto - CV,2026-07-15,105.29,107.85,104.81,106.87,2533479.0
Auto - CV,2026-07-16,106.37,107.42,105.32,106.04,3013775.0
Auto - CV,2026-07-17,106.22,106.3,102.81,105.39,2137300.0
Auto - CV,2026-07-20,105.22,106.75,102.68,103.97,1936013.0
Auto - CV,2026-07-21,102.45,111.78,102.18,106.51,3735278.0
Auto - CV,2026-07-22,106.89,107.2,102.94,103.64,1926646.0
Auto - CV,2026-07-23,103.5,103.82,101.15,101.89,2066395.0
Auto - CV,2026-07-24,101.77,103.88,99.12,102.5,3027832.0
Auto - CV,2026-07-27,104.06,106.18,102.97,104.03,2144395.0
Auto - CV,2026-07-28,104.08,104.73,101.14,102.3,3047592.0
Auto - CV,2026-07-29,103.0,115.97,101.45,115.29,3015374.0
Auto - CV,2026-07-30,123.22,131.87,122.57,131.38,3602645.0
Auto - CV,2026-07-31,132.89,141.31,126.66,134.87,10482870.0
Auto - CV,2026-08-03,135.22,138.81,130.17,133.1,10545251.0
Auto - CV,2026-08-04,133.46,135.29,129.29,132.2,3373843.0
Auto - CV,2026-08-05,132.29,143.83,131.99,142.43,6576964.0
Auto - CV,2026-08-06,139.94,142.38,136.37,137.92,3276586.0
Auto - CV,2026-08-07,137.98,138.52,134.36,135.62,2485027.0
Auto - CV,2026-08-10,136.6,137.46,127.25,129.5,3594473.0
Auto - CV,2026-08-11,129.16,133.74,125.43,128.34,3583922.0
Auto - CV,2026-08-12,128.23,130.36,126.43,128.02,2347731.0
Auto - CV,2026-08-13,128.08,131.49,125.51,127.58,5810301.0
Auto - CV,2026-08-14,127.94,131.42,125.45,126.75,7955158.0
Auto - CV,2026-08-17,127.76,136.83,126.28,130.9,7843522.0
Auto - CV,2026-08-18,129.94,133.84,128.67,132.07,3276034.0
Auto - CV,2026-08-19,132.26,133.74,129.27,130.11,2234311.0
Auto - CV,2026-08-20,131.11,131.86,127.83,128.48,1194660.0
Auto - CV,2026-08-21,128.96,132.41,127.7,131.33,1326177.0
Auto - CV,2026-08-24,132.03,132.22,127.92,128.83,2038257.0
Auto - CV,2026-08-25,129.58,129.8,127.22,128.31,1883411.0
Auto - CV,2026-08-26,129.14,131.34,127.69,128.46,3700404.0
Auto - CV,2026-08-27,129.36,130.03,126.87,127.75,3003818.0
Auto - CV,2026-08-28,50.56,51.21,49.96,50.43,4107066.0
Auto - Misc,2026-05-27,100.16,101.86,97.8,100.0,316329.0
Auto - Misc,2026-05-28,100.0,100.0,100.0,100.0,0.0
Auto - Misc,2026-05-29,100.24,103.81,97.86,99.39,231308.0
Auto - Misc,2026-06-01,100.76,104.64,98.79,100.06,564683.0
Auto - Misc,2026-06-02,100.08,101.69,97.93,99.98,168949.0
Auto - Misc,2026-06-03,100.27,104.06,98.9,102.21,376273.0
Auto - Misc,2026-06-04,102.49,105.54,101.23,102.81,3413330.0
Auto - Misc,2026-06-05,102.11,104.12,100.39,101.71,272165.0
Auto - Misc,2026-06-08,100.16,103.39,98.54,99.77,166160.0
Auto - Misc,2026-06-09,100.47,102.59,99.79,101.21,201375.0
Auto - Misc,2026-06-10,101.35,103.34,98.91,99.61,229682.0
Auto - Misc,2026-06-11,99.46,101.29,97.52,99.15,128885.0
Auto - Misc,2026-06-12,100.16,104.11,99.53,102.8,981318.0
Auto - Misc,2026-06-15,103.98,106.94,102.89,105.08,205703.0
Auto - Misc,2026-06-16,105.84,108.25,103.84,106.19,106205.0
Auto - Misc,2026-06-17,106.54,110.47,105.51,107.85,277459.0
Auto - Misc,2026-06-18,108.57,111.41,107.15,109.72,677322.0
Auto - Misc,2026-06-19,109.44,114.01,107.22,110.27,1114422.0
Auto - Misc,2026-06-22,111.66,114.4,108.89,111.05,296666.0
Auto - Misc,2026-06-23,111.18,113.04,107.75,108.91,220848.0
Auto - Misc,2026-06-24,108.98,111.23,106.78,108.04,147633.0
Auto - Misc,2026-06-25,108.14,110.8,106.84,109.25,126842.0
Auto - Misc,2026-06-26,109.25,109.25,109.25,109.25,0.0
Auto - Misc,2026-06-29,109.28,112.77,107.49,111.05,135608.0
Auto - Misc,2026-06-30,111.57,116.55,109.43,113.22,1385893.0
Auto - Misc,2026-07-01,114.65,117.81,112.55,114.39,823696.0
Auto - Misc,2026-07-02,114.66,116.16,112.84,115.25,229206.0
Auto - Misc,2026-07-03,115.31,118.61,114.27,116.5,260044.0
Auto - Misc,2026-07-06,116.41,120.23,114.02,117.61,126178.0
Auto - Misc,2026-07-07,117.48,118.98,114.12,115.39,113337.0
Auto - Misc,2026-07-08,115.0,117.3,111.67,112.95,193203.0
Auto - Misc,2026-07-09,113.61,116.97,113.04,115.95,81560.0
Auto - Misc,2026-07-10,116.89,118.83,114.87,116.1,158013.0
Auto - Misc,2026-07-13,115.93,118.37,114.24,115.56,188602.0
Auto - Misc,2026-07-14,114.65,117.75,112.92,116.4,2038595.0
Auto - Misc,2026-07-15,116.96,120.5,115.08,116.42,6107099.0
Auto - Misc,2026-07-16,116.22,117.28,112.9,115.17,951718.0
Auto - Misc,2026-07-17,115.69,116.47,112.73,114.3,902367.0
Auto - Misc,2026-07-20,114.86,116.61,113.3,115.25,364766.0
Auto - Misc,2026-07-21,114.69,116.48,113.22,115.27,163569.0
Auto - Misc,2026-07-22,115.46,116.68,112.69,114.61,214642.0
Auto - Misc,2026-07-23,114.23,115.71,112.38,113.21,89698.0
Auto - Misc,2026-07-24,112.61,115.15,110.82,114.09,99832.0
Auto - Misc,2026-07-27,114.93,118.3,113.7,117.14,180730.0
Auto - Misc,2026-07-28,117.19,118.01,114.92,115.86,110770.0
Auto - Misc,2026-07-29,115.45,117.88,114.18,116.01,163565.0
Auto - Misc,2026-07-30,115.72,118.35,113.86,115.77,236246.0
Auto - Misc,2026-07-31,116.14,118.27,114.32,115.61,156225.0
Auto - Misc,2026-08-03,116.4,120.81,115.12,119.4,106794.0
Auto - Misc,2026-08-04,119.87,121.05,117.17,119.1,61850.0
Auto - Misc,2026-08-05,119.21,121.63,117.81,119.64,119309.0
Auto - Misc,2026-08-06,117.85,119.9,115.67,116.93,74180.0
Auto - Misc,2026-08-07,117.39,119.3,115.95,117.93,106148.0
Auto - Misc,2026-08-10,118.86,120.41,116.18,117.88,124467.0
Auto - Misc,2026-08-11,118.45,120.68,117.18,119.48,193111.0
Auto - Misc,2026-08-12,121.97,125.65,119.61,122.38,731684.0
Auto - Misc,2026-08-13,122.69,123.95,117.97,120.84,137848.0
Auto - Misc,2026-08-14,132.76,136.78,127.78,131.8,198617.0
Auto - Misc,2026-08-17,132.59,133.74,127.78,129.61,132063.0
Auto - Misc,2026-08-18,130.22,132.49,126.64,128.74,113402.0
Auto - Misc,2026-08-19,128.52,130.24,126.63,128.47,75007.0
Auto - Misc,2026-08-20,129.44,130.86,126.77,129.05,46762.0
Auto - Misc,2026-08-21,129.49,131.04,126.72,128.2,47447.0
Auto - Misc,2026-08-24,128.11,131.79,125.85,129.12,126582.0
Auto - Misc,2026-08-25,128.52,130.1,126.53,127.5,31457.0
Auto - Misc,2026-08-26,127.97,128.83,125.14,126.04,36013.0
Auto - Misc,2026-08-27,126.43,129.66,124.86,127.41,38542.0
Auto - OEM Suppliers,2026-05-27,99.37,101.23,98.45,100.0,364528.0
Auto - OEM Suppliers,2026-05-28,100.0,100.0,100.0,100.0,0.0
Auto - OEM Suppliers,2026-05-29,100.51,103.1,97.98,100.25,380401.0
Auto - OEM Suppliers,2026-06-01,100.76,102.17,97.22,98.55,291513.0
Auto - OEM Suppliers,2026-06-02,98.2,100.74,97.16,99.8,251042.0
Auto - OEM Suppliers,2026-06-03,99.89,101.13,97.38,99.52,248988.0
Auto - OEM Suppliers,2026-06-04,99.28,101.82,98.29,100.15,331811.0
Auto - OEM Suppliers,2026-06-05,100.58,101.64,98.49,99.63,214296.0
Auto - OEM Suppliers,2026-06-08,98.67,100.44,96.85,98.21,183214.0
Auto - OEM Suppliers,2026-06-09,98.62,100.53,97.7,99.43,271989.0
Auto - OEM Suppliers,2026-06-10,99.62,101.21,97.61,99.03,222847.0
Auto - OEM Suppliers,2026-06-11,98.7,100.02,96.9,98.47,227168.0
Auto - OEM Suppliers,2026-06-12,99.68,101.26,98.2,99.82,234547.0
Auto - OEM Suppliers,2026-06-15,101.61,104.53,100.43,103.19,384840.0
Auto - OEM Suppliers,2026-06-16,103.89,105.27,101.61,102.77,240497.0
Auto - OEM Suppliers,2026-06-17,103.21,105.15,101.85,103.07,523480.0
Auto - OEM Suppliers,2026-06-18,103.42,105.13,102.33,103.61,335665.0
Auto - OEM Suppliers,2026-06-19,103.54,106.55,102.47,105.12,468709.0
Auto - OEM Suppliers,2026-06-22,105.6,107.48,103.43,105.39,525434.0
Auto - OEM Suppliers,2026-06-23,105.92,107.62,103.93,105.41,417698.0
Auto - OEM Suppliers,2026-06-24,105.8,107.95,103.47,105.34,403245.0
Auto - OEM Suppliers,2026-06-25,105.77,107.9,104.2,105.6,472495.0
Auto - OEM Suppliers,2026-06-26,105.6,105.6,105.6,105.6,0.0
Auto - OEM Suppliers,2026-06-29,105.67,107.85,103.89,106.25,467437.0
Auto - OEM Suppliers,2026-06-30,106.51,108.81,104.79,107.44,391956.0
Auto - OEM Suppliers,2026-07-01,107.92,109.76,105.5,106.96,269588.0
Auto - OEM Suppliers,2026-07-02,107.26,108.76,105.53,107.72,520528.0
Auto - OEM Suppliers,2026-07-03,108.15,108.84,105.47,106.41,246601.0
Auto - OEM Suppliers,2026-07-06,106.6,108.11,105.03,106.32,264643.0
Auto - OEM Suppliers,2026-07-07,106.51,107.98,105.05,106.31,222514.0
Auto - OEM Suppliers,2026-07-08,105.89,108.63,103.6,105.21,371170.0
Auto - OEM Suppliers,2026-07-09,105.74,108.41,104.75,106.75,261995.0
Auto - OEM Suppliers,2026-07-10,107.59,109.2,106.28,107.74,246441.0
Auto - OEM Suppliers,2026-07-13,107.22,109.32,106.14,107.77,251504.0
Auto - OEM Suppliers,2026-07-14,107.49,108.18,105.3,106.55,241320.0
Auto - OEM Suppliers,2026-07-15,106.96,108.91,105.86,107.25,552837.0
Auto - OEM Suppliers,2026-07-16,107.53,109.16,105.87,107.31,414201.0
Auto - OEM Suppliers,2026-07-17,107.39,108.7,105.17,106.93,413624.0
Auto - OEM Suppliers,2026-07-20,107.08,109.23,105.85,107.76,314853.0
Auto - OEM Suppliers,2026-07-21,108.09,110.68,106.47,109.05,406318.0
Auto - OEM Suppliers,2026-07-22,109.3,110.05,106.7,107.95,284031.0
Auto - OEM Suppliers,2026-07-23,107.68,109.34,105.71,107.05,601109.0
Auto - OEM Suppliers,2026-07-24,106.43,108.04,104.11,106.5,564332.0
Auto - OEM Suppliers,2026-07-27,107.17,109.5,106.37,108.13,351262.0
Auto - OEM Suppliers,2026-07-28,108.03,108.92,105.61,107.19,212734.0
Auto - OEM Suppliers,2026-07-29,107.56,110.75,106.59,109.55,205306.0
Auto - OEM Suppliers,2026-07-30,109.47,111.98,107.7,110.29,486597.0
Auto - OEM Suppliers,2026-07-31,110.85,112.67,108.79,110.67,336140.0
Auto - OEM Suppliers,2026-08-03,111.57,115.05,110.8,113.89,381560.0
Auto - OEM Suppliers,2026-08-04,114.14,115.83,111.13,113.37,384873.0
Auto - OEM Suppliers,2026-08-05,114.03,117.9,112.85,116.17,1910492.0
Auto - OEM Suppliers,2026-08-06,116.76,119.02,114.2,116.19,1415494.0
Auto - OEM Suppliers,2026-08-07,116.05,119.02,114.4,116.95,1081994.0
Auto - OEM Suppliers,2026-08-10,117.09,119.46,114.64,116.31,486622.0
Auto - OEM Suppliers,2026-08-11,116.38,118.21,114.69,116.19,2271958.0
Auto - OEM Suppliers,2026-08-12,116.52,119.84,115.55,117.73,740416.0
Auto - OEM Suppliers,2026-08-13,117.78,118.79,114.59,116.27,613207.0
Auto - OEM Suppliers,2026-08-14,119.1,122.06,117.82,119.73,521975.0
Auto - OEM Suppliers,2026-08-17,119.97,122.39,118.62,120.47,385851.0
Auto - OEM Suppliers,2026-08-18,120.61,123.45,119.24,122.02,388233.0
Auto - OEM Suppliers,2026-08-19,122.2,122.89,119.62,121.04,237442.0
Auto - OEM Suppliers,2026-08-20,121.73,122.64,119.87,120.71,391426.0
Auto - OEM Suppliers,2026-08-21,121.13,122.62,119.05,121.14,381940.0
Auto - OEM Suppliers,2026-08-24,121.61,123.59,119.56,121.42,680298.0
Auto - OEM Suppliers,2026-08-25,121.63,122.29,118.73,119.73,295106.0
Auto - OEM Suppliers,2026-08-26,120.31,121.7,118.61,119.98,264876.0
Auto - OEM Suppliers,2026-08-27,120.07,122.06,118.22,120.23,242069.0
Auto - OEM Suppliers,2026-08-28,240.25,244.98,238.47,243.17,252337.0
Auto - PV/Trucks,2026-05-27,99.12,100.51,98.4,100.0,2177032.0
Auto - PV/Trucks,2026-05-28,100.0,100.0,100.0,100.0,0.0
Auto - PV/Trucks,2026-05-29,100.55,101.06,97.24,97.98,8627326.0
Auto - PV/Trucks,2026-06-01,98.85,99.53,96.52,96.82,3914174.0
Auto - PV/Trucks,2026-06-02,95.11,98.03,95.04,97.67,3384423.0
Auto - PV/Trucks,2026-06-03,97.68,99.18,96.71,98.08,3662438.0
Auto - PV/Trucks,2026-06-04,97.69,100.08,97.28,98.22,3931874.0
Auto - PV/Trucks,2026-06-05,98.92,99.17,97.11,98.08,2206894.0
Auto - PV/Trucks,2026-06-08,96.78,97.69,96.06,96.59,3107906.0
Auto - PV/Trucks,2026-06-09,97.74,98.64,96.33,98.21,2564031.0
Auto - PV/Trucks,2026-06-10,98.15,98.93,97.39,97.62,2429825.0
Auto - PV/Trucks,2026-06-11,97.41,98.77,96.53,97.86,2178976.0
Auto - PV/Trucks,2026-06-12,98.86,100.38,98.04,99.99,6486519.0
Auto - PV/Trucks,2026-06-15,101.47,104.3,100.97,102.89,7822308.0
Auto - PV/Trucks,2026-06-16,103.44,103.54,101.82,102.26,3348299.0
Auto - PV/Trucks,2026-06-17,102.37,103.22,101.22,102.34,3557413.0
Auto - PV/Trucks,2026-06-18,102.48,103.49,101.07,102.08,3713496.0
Auto - PV/Trucks,2026-06-19,101.93,102.67,100.83,101.63,3852427.0
Auto - PV/Trucks,2026-06-22,102.08,102.56,101.35,101.76,3080116.0
Auto - PV/Trucks,2026-06-23,101.76,102.74,100.28,101.62,2550105.0
Auto - PV/Trucks,2026-06-24,101.61,102.22,100.06,100.66,5882932.0
Auto - PV/Trucks,2026-06-25,101.46,105.45,100.99,104.17,6962198.0
Auto - PV/Trucks,2026-06-26,104.17,104.17,104.17,104.17,0.0
Auto - PV/Trucks,2026-06-29,104.0,104.8,101.35,101.69,3107072.0
Auto - PV/Trucks,2026-06-30,103.65,106.48,101.91,105.58,3531204.0
Auto - PV/Trucks,2026-07-01,105.94,108.85,105.45,107.58,4441073.0
Auto - PV/Trucks,2026-07-02,107.89,108.76,106.76,107.76,3398366.0
Auto - PV/Trucks,2026-07-03,108.48,108.9,106.93,107.34,2252360.0
Auto - PV/Trucks,2026-07-06,107.4,108.76,106.68,108.12,1932813.0
Auto - PV/Trucks,2026-07-07,108.22,109.01,107.32,108.17,1966838.0
Auto - PV/Trucks,2026-07-08,107.67,108.16,103.67,104.24,2979065.0
Auto - PV/Trucks,2026-07-09,104.55,105.13,102.7,102.94,2287410.0
Auto - PV/Trucks,2026-07-10,103.54,105.08,103.36,104.05,2269049.0
Auto - PV/Trucks,2026-07-13,102.8,104.17,101.79,103.21,2153177.0
Auto - PV/Trucks,2026-07-14,102.51,102.99,101.33,101.55,2823948.0
Auto - PV/Trucks,2026-07-15,101.65,102.53,101.15,102.1,3079935.0
Auto - PV/Trucks,2026-07-16,102.43,103.93,101.98,103.3,2480531.0
Auto - PV/Trucks,2026-07-17,103.13,104.28,102.59,103.57,2118217.0
Auto - PV/Trucks,2026-07-20,135.15,135.38,131.5,132.8,851132.0
Auto - PV/Trucks,2026-07-21,101.82,103.06,100.8,102.59,1563549.0
Auto - PV/Trucks,2026-07-22,102.57,103.46,101.66,102.07,1660883.0
Auto - PV/Trucks,2026-07-23,101.88,102.62,100.8,101.45,1613060.0
Auto - PV/Trucks,2026-07-24,100.92,102.02,99.61,101.37,1689310.0
Auto - PV/Trucks,2026-07-27,102.32,103.77,101.74,103.37,2856680.0
Auto - PV/Trucks,2026-07-28,103.3,104.4,102.8,103.9,2208001.0
Auto - PV/Trucks,2026-07-29,103.88,105.33,103.12,104.5,2276652.0
Auto - PV/Trucks,2026-07-30,104.42,106.86,103.58,106.17,3012990.0
Auto - PV/Trucks,2026-07-31,107.04,108.22,105.55,107.16,6546923.0
Auto - PV/Trucks,2026-08-03,107.95,108.93,105.26,107.06,5114800.0
Auto - PV/Trucks,2026-08-04,106.77,107.72,105.96,107.17,2078596.0
Auto - PV/Trucks,2026-08-05,107.84,108.33,106.73,107.72,3435654.0
Auto - PV/Trucks,2026-08-06,107.67,107.82,106.24,106.89,3005627.0
Auto - PV/Trucks,2026-08-07,105.32,107.18,105.21,107.07,2667198.0
Auto - PV/Trucks,2026-08-10,107.12,107.77,106.42,107.38,2156082.0
Auto - PV/Trucks,2026-08-11,107.48,108.08,106.37,106.6,2305507.0
Auto - PV/Trucks,2026-08-12,106.62,107.18,105.55,105.65,2636266.0
Auto - PV/Trucks,2026-08-13,105.81,106.52,105.27,106.1,6530172.0
Auto - PV/Trucks,2026-08-14,105.73,106.2,104.54,105.28,3112300.0
Auto - PV/Trucks,2026-08-17,105.27,106.02,104.55,104.66,1827334.0
Auto - PV/Trucks,2026-08-18,104.7,105.74,104.22,104.48,2051240.0
Auto - PV/Trucks,2026-08-19,104.69,104.91,103.68,104.37,2110368.0
Auto - PV/Trucks,2026-08-20,104.84,105.52,104.12,105.0,2313350.0
Auto - PV/Trucks,2026-08-21,105.08,105.52,103.57,103.71,2120604.0
Auto - PV/Trucks,2026-08-24,104.11,104.75,103.13,103.92,1753301.0
Auto - PV/Trucks,2026-08-25,103.86,104.49,102.76,104.37,2164499.0
Auto - PV/Trucks,2026-08-26,104.74,105.29,103.22,103.49,2650442.0
Auto - PV/Trucks,2026-08-27,103.57,104.01,102.33,102.61,3098298.0
Auto - Replacement,2026-05-27,100.01,100.73,99.09,100.0,3802300.0
Auto - Replacement,2026-05-28,100.0,100.0,100.0,100.0,0.0
Auto - Replacement,2026-05-29,100.68,103.55,99.38,100.43,7494769.0
Auto - Replacement,2026-06-01,101.53,102.26,99.18,100.19,3195777.0
Auto - Replacement,2026-06-02,99.83,101.96,97.74,101.12,2345178.0
Auto - Replacement,2026-06-03,100.89,103.36,99.66,101.86,1644176.0
Auto - Replacement,2026-06-04,101.64,102.94,99.74,100.25,1645280.0
Auto - Replacement,2026-06-05,100.94,101.85,99.37,100.78,1223961.0
Auto - Replacement,2026-06-08,100.07,100.82,98.16,99.0,1142166.0
Auto - Replacement,2026-06-09,99.57,102.33,99.06,101.64,1661347.0
Auto - Replacement,2026-06-10,101.58,102.54,100.24,101.09,1526279.0
Auto - Replacement,2026-06-11,100.91,102.09,99.74,100.29,1347243.0
Auto - Replacement,2026-06-12,101.7,104.21,101.33,103.23,1243394.0
Auto - Replacement,2026-06-15,104.17,105.73,103.16,104.06,2069108.0
Auto - Replacement,2026-06-16,104.58,105.9,103.15,103.7,1219152.0
Auto - Replacement,2026-06-17,103.95,104.73,103.01,103.98,1804968.0
Auto - Replacement,2026-06-18,104.41,106.31,103.61,105.14,1544385.0
Auto - Replacement,2026-06-19,105.1,105.94,104.19,105.18,1796225.0
Auto - Replacement,2026-06-22,105.65,107.63,104.94,106.52,2028456.0
Auto - Replacement,2026-06-23,106.45,107.01,104.94,105.39,1558914.0
Auto - Replacement,2026-06-24,105.72,106.18,104.57,105.56,1038272.0
Auto - Replacement,2026-06-25,105.92,108.74,105.15,106.32,5561828.0
Auto - Replacement,2026-06-26,106.32,106.32,106.32,106.32,0.0
Auto - Replacement,2026-06-29,106.76,107.62,104.24,105.15,5587009.0
Auto - Replacement,2026-06-30,105.62,107.43,104.65,105.7,2037746.0
Auto - Replacement,2026-07-01,105.66,108.4,105.46,107.33,3991108.0
Auto - Replacement,2026-07-02,107.58,110.11,106.87,109.44,1465551.0
Auto - Replacement,2026-07-03,109.32,111.67,108.76,109.86,1042860.0
Auto - Replacement,2026-07-06,109.86,111.23,108.78,110.66,1536572.0
Auto - Replacement,2026-07-07,110.94,111.56,109.22,109.98,3162042.0
Auto - Replacement,2026-07-08,109.95,110.59,107.73,108.57,1796969.0
Auto - Replacement,2026-07-09,108.51,110.59,108.22,109.91,999817.0
Auto - Replacement,2026-07-10,110.18,110.96,108.96,109.42,735265.0
Auto - Replacement,2026-07-13,109.17,110.64,108.15,109.6,1187022.0
Auto - Replacement,2026-07-14,109.15,109.99,108.41,108.85,1129804.0
Auto - Replacement,2026-07-15,108.8,110.7,108.38,109.06,2695198.0
Auto - Replacement,2026-07-16,109.66,110.83,108.0,108.42,2706721.0
Auto - Replacement,2026-07-17,108.44,109.21,106.85,107.54,1311920.0
Auto - Replacement,2026-07-20,106.92,108.11,105.9,107.51,1296240.0
Auto - Replacement,2026-07-21,108.15,109.61,107.18,108.23,1279944.0
Auto - Replacement,2026-07-22,109.54,111.93,108.15,110.05,1564916.0
Auto - Replacement,2026-07-23,109.85,112.92,108.68,110.93,1600230.0
Auto - Replacement,2026-07-24,110.82,111.03,108.73,109.91,920089.0
Auto - Replacement,2026-07-27,110.3,111.57,108.92,109.48,1314691.0
Auto - Replacement,2026-07-28,110.34,110.7,108.6,109.49,1072001.0
Auto - Replacement,2026-07-29,109.8,110.79,106.7,109.25,1178439.0
Auto - Replacement,2026-07-30,109.41,111.21,108.74,110.4,826372.0
Auto - Replacement,2026-07-31,91.6,92.28,90.26,90.9,2381815.0
Auto - Replacement,2026-08-03,110.33,112.34,109.88,111.35,1960839.0
Auto - Replacement,2026-08-04,111.48,112.35,110.39,111.02,2333412.0
Auto - Replacement,2026-08-05,111.51,116.21,111.11,114.24,1802273.0
Auto - Replacement,2026-08-06,114.12,114.83,112.01,112.74,3126092.0
Auto - Replacement,2026-08-07,113.59,114.88,112.11,114.13,8854141.0
Auto - Replacement,2026-08-10,114.25,115.48,111.92,114.26,3307146.0
Auto - Replacement,2026-08-11,115.35,119.42,114.78,117.91,1961973.0
Auto - Replacement,2026-08-12,117.83,121.07,117.06,119.65,1420647.0
Auto - Replacement,2026-08-13,119.88,121.34,118.74,119.35,1177819.0
Auto - Replacement,2026-08-14,127.94,129.15,126.23,127.61,1032789.0
Auto - Replacement,2026-08-17,127.65,129.22,126.79,127.52,763333.0
Auto - Replacement,2026-08-18,127.69,131.44,126.5,130.47,1157008.0
Auto - Replacement,2026-08-19,130.56,131.33,128.87,129.42,1309440.0
Auto - Replacement,2026-08-20,129.82,130.95,128.34,130.34,1017550.0
Auto - Replacement,2026-08-21,130.17,130.58,128.62,129.23,805603.0
Auto - Replacement,2026-08-24,129.25,130.25,127.66,128.47,604110.0
Auto - Replacement,2026-08-25,128.53,129.89,127.21,129.36,2466110.0
Auto - Replacement,2026-08-26,129.25,131.16,128.34,130.17,2335953.0
Auto - Replacement,2026-08-27,130.34,130.67,128.59,129.66,1191941.0
Auto - Replacement,2026-08-28,543.32,544.99,534.86,541.75,4234504.0
Auto - Tyres,2026-05-27,100.22,100.72,99.55,100.0,567809.0
Auto - Tyres,2026-05-28,100.0,100.0,100.0,100.0,0.0
Auto - Tyres,2026-05-29,100.06,100.61,96.1,97.21,394292.0
Auto - Tyres,2026-06-01,98.57,98.68,97.38,97.89,224948.0
Auto - Tyres,2026-06-02,97.44,98.86,97.09,98.14,549848.0
Auto - Tyres,2026-06-03,98.33,98.74,97.59,98.23,141980.0
Auto - Tyres,2026-06-04,98.21,98.92,97.8,98.28,240733.0
Auto - Tyres,2026-06-05,99.22,99.27,97.16,97.31,128125.0
Auto - Tyres,2026-06-08,97.25,97.64,96.15,96.64,115667.0
Auto - Tyres,2026-06-09,97.09,97.42,96.49,96.66,87326.0
Auto - Tyres,2026-06-10,96.87,97.13,96.1,96.47,105234.0
Auto - Tyres,2026-06-11,96.42,97.17,95.88,96.61,161640.0
Auto - Tyres,2026-06-12,97.16,98.94,97.06,98.75,308064.0
Auto - Tyres,2026-06-15,99.99,103.75,99.96,101.24,771557.0
Auto - Tyres,2026-06-16,101.96,102.36,100.59,101.17,318259.0
Auto - Tyres,2026-06-17,101.55,102.14,100.96,101.8,1357399.0
Auto - Tyres,2026-06-18,101.82,103.24,101.49,102.46,224662.0
Auto - Tyres,2026-06-19,102.65,102.82,101.11,101.39,190371.0
Auto - Tyres,2026-06-22,101.42,104.09,101.39,103.68,280770.0
Auto - Tyres,2026-06-23,103.71,104.69,103.18,103.49,157081.0
Auto - Tyres,2026-06-24,103.47,103.82,102.21,102.49,132013.0
Auto - Tyres,2026-06-25,103.17,103.89,101.79,102.1,412173.0
Auto - Tyres,2026-06-26,102.1,102.1,102.1,102.1,0.0
Auto - Tyres,2026-06-29,102.33,102.59,97.59,97.94,129187.0
Auto - Tyres,2026-06-30,98.72,101.07,98.21,100.77,185334.0
Auto - Tyres,2026-07-01,100.96,103.05,100.46,102.11,211782.0
Auto - Tyres,2026-07-02,102.39,104.52,102.36,104.33,988313.0
Auto - Tyres,2026-07-03,104.8,107.64,104.62,106.13,266255.0
Auto - Tyres,2026-07-06,106.52,107.72,105.05,106.85,241766.0
Auto - Tyres,2026-07-07,107.06,109.49,106.8,109.14,296385.0
Auto - Tyres,2026-07-08,108.04,108.33,104.45,104.79,358587.0
Auto - Tyres,2026-07-09,104.8,106.0,104.74,105.55,196869.0
Auto - Tyres,2026-07-10,106.05,106.76,105.59,105.98,183030.0
Auto - Tyres,2026-07-13,104.88,104.99,103.35,103.66,126168.0
Auto - Tyres,2026-07-14,103.61,103.89,102.55,103.29,324165.0
Auto - Tyres,2026-07-15,103.62,105.1,103.32,103.85,355742.0
Auto - Tyres,2026-07-16,104.35,105.14,103.37,103.7,249709.0
Auto - Tyres,2026-07-17,103.38,103.47,101.93,102.85,468546.0
Auto - Tyres,2026-07-20,102.78,104.58,102.54,104.25,184491.0
Auto - Tyres,2026-07-21,104.25,105.43,103.79,105.05,97461.0
Auto - Tyres,2026-07-22,105.03,105.5,103.99,104.18,129929.0
Auto - Tyres,2026-07-23,104.19,104.56,103.05,103.48,142921.0
Auto - Tyres,2026-07-24,102.73,103.17,102.14,102.57,134665.0
Auto - Tyres,2026-07-27,103.48,104.0,102.77,103.54,155821.0
Auto - Tyres,2026-07-28,103.9,105.07,103.58,104.39,84258.0
Auto - Tyres,2026-07-29,104.66,105.82,104.61,105.21,138696.0
Auto - Tyres,2026-07-30,105.32,106.47,104.71,105.85,978872.0
Auto - Tyres,2026-07-31,105.98,106.43,104.1,104.43,988920.0
Auto - Tyres,2026-08-03,105.43,105.96,104.72,105.28,265398.0
Auto - Tyres,2026-08-04,105.28,105.59,104.27,104.61,188302.0
Auto - Tyres,2026-08-05,105.32,106.65,105.12,105.9,483999.0
Auto - Tyres,2026-08-06,105.97,106.53,104.96,105.56,227470.0
Auto - Tyres,2026-08-07,105.51,106.03,105.13,105.72,428366.0
Auto - Tyres,2026-08-10,105.58,106.37,105.23,105.56,249467.0
Auto - Tyres,2026-08-11,105.68,105.73,102.31,103.51,111614.0
Auto - Tyres,2026-08-12,103.82,104.18,102.88,103.18,157147.0
Auto - Tyres,2026-08-13,103.45,103.94,102.86,103.34,168577.0
Auto - Tyres,2026-08-14,103.36,105.92,102.93,105.48,276895.0
Auto - Tyres,2026-08-17,105.32,105.74,104.61,105.39,155997.0
Auto - Tyres,2026-08-18,105.36,106.11,104.95,105.63,79417.0
Auto - Tyres,2026-08-19,105.62,106.04,104.88,105.71,430896.0
Auto - Tyres,2026-08-20,105.74,106.36,105.44,106.1,221584.0
Auto - Tyres,2026-08-21,106.18,106.33,104.83,105.07,374410.0
Auto - Tyres,2026-08-24,105.2,107.52,105.05,106.34,1089465.0
Auto - Tyres,2026-08-25,106.26,106.37,103.92,104.74,154511.0
Auto - Tyres,2026-08-26,105.64,106.36,105.14,106.01,177219.0
Auto - Tyres,2026-08-27,106.08,106.27,105.08,105.98,221079.0
Auto - Tyres,2026-08-28,8.61,8.62,8.49,8.54,755064.0
Batteries,2026-05-27,96.75,101.32,95.99,100.0,9081258.0
Batteries,2026-05-28,100.0,100.0,100.0,100.0,0.0
Batteries,2026-05-29,100.73,101.72,97.02,98.0,2265897.0
Batteries,2026-06-01,98.61,99.62,96.6,97.43,1462857.0
Batteries,2026-06-02,97.1,98.62,95.49,98.07,2753518.0
Batteries,2026-06-03,98.25,98.73,95.9,97.24,1450757.0
Batteries,2026-06-04,97.2,100.84,96.77,98.94,2186742.0
Batteries,2026-06-05,99.55,100.53,96.95,97.56,1290417.0
Batteries,2026-06-08,96.38,96.79,93.98,94.52,804839.0
Batteries,2026-06-09,94.83,95.99,94.43,95.3,557249.0
Batteries,2026-06-10,95.33,96.62,93.31,94.44,612103.0
Batteries,2026-06-11,94.52,95.24,92.69,93.53,546241.0
Batteries,2026-06-12,94.96,96.65,94.41,96.27,726867.0
Batteries,2026-06-15,97.99,99.25,96.77,97.49,1488785.0
Batteries,2026-06-16,97.78,98.77,96.39,96.98,492943.0
Batteries,2026-06-17,97.09,100.11,96.84,98.97,945846.0
Batteries,2026-06-18,99.46,99.61,97.5,98.3,579435.0
Batteries,2026-06-19,98.39,99.38,97.09,98.31,744304.0
Batteries,2026-06-22,98.66,100.7,98.16,98.92,645654.0
Batteries,2026-06-23,99.37,100.44,97.19,97.86,1011900.0
Batteries,2026-06-24,97.94,101.03,97.23,99.61,3199560.0
Batteries,2026-06-25,100.14,100.93,97.49,97.99,2039998.0
Batteries,2026-06-26,97.99,97.99,97.99,97.99,0.0
Batteries,2026-06-29,97.82,98.82,96.54,97.12,715281.0
Batteries,2026-06-30,97.55,100.31,97.17,98.48,1582083.0
Batteries,2026-07-01,98.58,99.43,97.85,98.35,621462.0
Batteries,2026-07-02,98.54,103.18,98.4,102.05,7613189.0
Batteries,2026-07-03,102.91,103.02,100.59,101.1,1510139.0
Batteries,2026-07-06,101.16,102.16,99.56,100.17,1103567.0
Batteries,2026-07-07,100.27,101.24,98.65,100.1,1157041.0
Batteries,2026-07-08,99.81,102.25,98.14,99.22,2625997.0
Batteries,2026-07-09,100.33,103.33,99.74,101.68,2734463.0
Batteries,2026-07-10,102.27,104.42,101.38,103.33,1792288.0
Batteries,2026-07-13,102.65,104.85,101.16,104.01,1645023.0
Batteries,2026-07-14,103.55,104.14,101.45,102.4,958485.0
Batteries,2026-07-15,102.7,104.44,102.26,103.13,833894.0
Batteries,2026-07-16,103.71,104.68,102.63,103.28,845687.0
Batteries,2026-07-17,103.31,105.13,101.75,103.97,4509693.0
Batteries,2026-07-20,103.81,105.98,103.35,104.27,2091851.0
Batteries,2026-07-21,104.35,106.74,103.48,104.77,2788881.0
Batteries,2026-07-22,104.74,107.25,103.44,105.65,1841507.0
Batteries,2026-07-23,105.25,105.97,102.33,102.89,1084916.0
Batteries,2026-07-24,102.43,104.35,101.38,103.16,2680013.0
Batteries,2026-07-27,103.42,104.24,101.26,101.79,2072518.0
Batteries,2026-07-28,102.17,103.27,100.28,100.76,4288092.0
Batteries,2026-07-29,101.26,103.31,100.48,102.68,1100996.0
Batteries,2026-07-30,102.77,106.8,101.62,105.06,11140124.0
Batteries,2026-07-31,106.22,106.52,104.14,105.02,2772846.0
Batteries,2026-08-03,105.82,108.31,104.8,106.84,1827241.0
Batteries,2026-08-04,107.29,108.74,105.31,106.9,2220555.0
Batteries,2026-08-05,108.14,110.98,107.23,108.89,3488862.0
Batteries,2026-08-06,109.08,110.08,107.33,108.47,1825705.0
Batteries,2026-08-07,108.49,110.93,108.03,109.67,2816058.0
Batteries,2026-08-10,110.37,111.35,106.14,106.91,1732355.0
Batteries,2026-08-11,106.99,112.92,106.61,111.67,4275652.0
Batteries,2026-08-12,111.57,115.46,110.74,111.84,3251757.0
Batteries,2026-08-13,112.13,112.8,109.7,110.47,907357.0
Batteries,2026-08-14,110.68,111.36,109.19,109.67,699073.0
Batteries,2026-08-17,109.39,110.18,108.6,109.41,1143608.0
Batteries,2026-08-18,109.42,110.09,107.56,108.24,662530.0
Batteries,2026-08-19,108.53,109.36,106.76,107.62,797393.0
Batteries,2026-08-20,108.25,108.81,107.14,107.91,883739.0
Batteries,2026-08-21,107.91,108.3,106.11,106.57,932986.0
Batteries,2026-08-24,106.19,107.57,105.58,106.47,752943.0
Batteries,2026-08-25,106.54,107.13,104.73,105.53,500755.0
Batteries,2026-08-26,105.84,106.54,104.66,105.47,491009.0
Batteries,2026-08-27,105.46,106.28,103.83,104.36,787483.0
Batteries,2026-08-28,124.91,128.98,124.88,126.34,3297324.0
Beverages - Alcohol,2026-05-27,103.26,104.47,99.51,100.0,453283.0
Beverages - Alcohol,2026-05-28,100.0,100.0,100.0,100.0,0.0
Beverages - Alcohol,2026-05-29,100.17,103.0,98.61,101.08,1266786.0
Beverages - Alcohol,2026-06-01,102.08,102.19,99.27,100.02,702955.0
Beverages - Alcohol,2026-06-02,99.19,100.59,98.19,100.03,549310.0
Beverages - Alcohol,2026-06-03,100.07,100.59,98.69,99.22,448149.0
Beverages - Alcohol,2026-06-04,98.92,101.27,98.56,99.64,468401.0
Beverages - Alcohol,2026-06-05,100.1,100.74,98.69,99.33,301146.0
Beverages - Alcohol,2026-06-08,98.73,100.22,97.68,99.34,558959.0
Beverages - Alcohol,2026-06-09,99.66,100.77,98.93,100.19,402375.0
Beverages - Alcohol,2026-06-10,100.23,100.77,99.31,99.67,436513.0
Beverages - Alcohol,2026-06-11,99.46,99.9,98.54,98.99,311959.0
Beverages - Alcohol,2026-06-12,99.99,101.61,99.21,101.17,380582.0
Beverages - Alcohol,2026-06-15,102.16,103.6,101.37,102.14,573457.0
Beverages - Alcohol,2026-06-16,102.65,103.38,101.26,102.35,542954.0
Beverages - Alcohol,2026-06-17,102.79,103.38,101.63,102.33,278692.0
Beverages - Alcohol,2026-06-18,103.18,106.92,102.56,105.51,1603820.0
Beverages - Alcohol,2026-06-19,105.61,107.53,104.66,106.64,839998.0
Beverages - Alcohol,2026-06-22,106.7,107.97,105.87,107.21,486852.0
Beverages - Alcohol,2026-06-23,107.32,107.91,105.55,105.82,361104.0
Beverages - Alcohol,2026-06-24,105.84,107.55,105.43,107.04,580818.0
Beverages - Alcohol,2026-06-25,107.53,109.45,107.07,108.87,800229.0
Beverages - Alcohol,2026-06-26,108.87,108.87,108.87,108.87,0.0
Beverages - Alcohol,2026-06-29,108.92,110.59,107.04,109.17,1088556.0
Beverages - Alcohol,2026-06-30,109.25,111.76,108.51,110.85,896010.0
Beverages - Alcohol,2026-07-01,110.85,111.99,110.13,110.99,357956.0
Beverages - Alcohol,2026-07-02,111.28,112.27,109.95,111.8,335344.0
Beverages - Alcohol,2026-07-03,111.97,112.61,109.87,110.59,408041.0
Beverages - Alcohol,2026-07-06,111.47,116.21,110.68,115.44,894230.0
Beverages - Alcohol,2026-07-07,116.15,116.82,114.65,115.44,559127.0
Beverages - Alcohol,2026-07-08,115.22,116.11,113.61,114.25,1167293.0
Beverages - Alcohol,2026-07-09,114.77,115.99,113.82,114.05,392323.0
Beverages - Alcohol,2026-07-10,114.76,115.44,113.36,113.83,360629.0
Beverages - Alcohol,2026-07-13,113.49,114.59,112.18,113.14,391935.0
Beverages - Alcohol,2026-07-14,113.39,115.02,112.57,113.4,365281.0
Beverages - Alcohol,2026-07-15,114.05,115.01,113.01,113.82,463809.0
Beverages - Alcohol,2026-07-16,114.14,115.52,113.53,114.33,282277.0
Beverages - Alcohol,2026-07-17,114.15,114.92,112.78,114.03,315461.0
Beverages - Alcohol,2026-07-20,114.04,116.36,113.55,115.08,513922.0
Beverages - Alcohol,2026-07-21,115.3,115.83,113.65,114.19,338160.0
Beverages - Alcohol,2026-07-22,114.23,115.96,113.49,115.52,382639.0
Beverages - Alcohol,2026-07-23,115.7,116.7,113.43,114.13,687605.0
Beverages - Alcohol,2026-07-24,114.05,116.47,113.32,115.65,1573431.0
Beverages - Alcohol,2026-07-27,116.51,118.73,116.31,117.16,691551.0
Beverages - Alcohol,2026-07-28,117.38,121.62,115.28,120.32,1254418.0
Beverages - Alcohol,2026-07-29,121.36,124.52,119.65,122.27,1915239.0
Beverages - Alcohol,2026-07-30,122.37,125.41,121.57,122.69,1183159.0
Beverages - Alcohol,2026-07-31,122.89,123.3,121.34,121.85,540039.0
Beverages - Alcohol,2026-08-03,122.04,124.71,121.95,124.42,611481.0
Beverages - Alcohol,2026-08-04,124.34,125.8,123.39,124.63,1093835.0
Beverages - Alcohol,2026-08-05,125.13,128.01,124.57,126.65,986739.0
Beverages - Alcohol,2026-08-06,126.87,127.59,123.54,124.97,647801.0
Beverages - Alcohol,2026-08-07,124.95,125.8,123.84,125.33,469022.0
Beverages - Alcohol,2026-08-10,125.15,127.72,124.59,126.73,786148.0
Beverages - Alcohol,2026-08-11,126.83,128.02,125.73,127.49,888280.0
Beverages - Alcohol,2026-08-12,127.59,127.96,125.64,127.19,806595.0
Beverages - Alcohol,2026-08-13,126.99,130.51,126.71,129.99,1631844.0
Beverages - Alcohol,2026-08-14,129.89,131.06,127.9,130.2,1609927.0
Beverages - Alcohol,2026-08-17,130.44,131.49,129.19,131.43,527708.0
Beverages - Alcohol,2026-08-18,131.61,132.53,129.62,131.77,553274.0
Beverages - Alcohol,2026-08-19,131.76,132.34,129.37,130.95,466850.0
Beverages - Alcohol,2026-08-20,131.4,132.38,130.47,131.5,688582.0
Beverages - Alcohol,2026-08-21,131.78,132.44,129.42,130.52,506624.0
Beverages - Alcohol,2026-08-24,130.39,130.7,128.61,129.79,484491.0
Beverages - Alcohol,2026-08-25,129.7,131.1,128.89,130.19,541728.0
Beverages - Alcohol,2026-08-26,131.16,131.4,128.59,129.4,654269.0
Beverages - Alcohol,2026-08-27,129.36,130.07,127.76,128.87,540574.0
Beverages - Alcohol,2026-08-28,266.04,266.86,264.5,266.28,140966.0
Chemicals - Bulk,2026-05-27,101.35,102.55,99.25,100.0,166940.0
Chemicals - Bulk,2026-05-28,100.0,100.0,100.0,100.0,0.0
Chemicals - Bulk,2026-05-29,100.11,101.52,96.34,98.31,516516.0
Chemicals - Bulk,2026-06-01,98.3,99.87,96.05,96.82,297182.0
Chemicals - Bulk,2026-06-02,96.08,98.62,95.27,97.33,339605.0
Chemicals - Bulk,2026-06-03,97.34,99.26,96.37,97.23,217336.0
Chemicals - Bulk,2026-06-04,97.1,98.68,96.6,97.57,284001.0
Chemicals - Bulk,2026-06-05,97.94,98.75,96.35,97.01,290107.0
Chemicals - Bulk,2026-06-08,96.52,97.5,94.14,95.08,642372.0
Chemicals - Bulk,2026-06-09,95.84,96.74,94.18,94.99,384827.0
Chemicals - Bulk,2026-06-10,95.39,98.46,93.86,96.53,287814.0
Chemicals - Bulk,2026-06-11,96.26,98.37,95.19,97.01,275212.0
Chemicals - Bulk,2026-06-12,97.82,99.83,97.27,99.28,288209.0
Chemicals - Bulk,2026-06-15,100.72,101.65,98.93,99.57,530657.0
Chemicals - Bulk,2026-06-16,99.49,101.23,98.03,99.84,344440.0
Chemicals - Bulk,2026-06-17,100.74,102.09,99.34,100.03,404039.0
Chemicals - Bulk,2026-06-18,100.24,100.88,98.64,99.45,238618.0
Chemicals - Bulk,2026-06-19,99.87,102.32,99.02,101.08,375986.0
Chemicals - Bulk,2026-06-22,100.97,103.24,99.55,102.08,200005.0
Chemicals - Bulk,2026-06-23,102.3,102.98,100.39,100.85,198416.0
Chemicals - Bulk,2026-06-24,100.84,103.32,99.99,102.74,501065.0
Chemicals - Bulk,2026-06-25,103.21,103.56,101.16,101.78,403810.0
Chemicals - Bulk,2026-06-26,101.78,101.78,101.78,101.78,0.0
Chemicals - Bulk,2026-06-29,101.92,102.82,99.72,100.7,298452.0
Chemicals - Bulk,2026-06-30,101.03,103.82,100.79,102.8,359645.0
Chemicals - Bulk,2026-07-01,103.41,104.7,101.37,102.17,207085.0
Chemicals - Bulk,2026-07-02,102.28,103.83,101.18,103.21,208256.0
Chemicals - Bulk,2026-07-03,103.75,104.38,101.19,102.41,271386.0
Chemicals - Bulk,2026-07-06,102.99,105.07,101.92,104.03,1227555.0
Chemicals - Bulk,2026-07-07,104.36,105.02,101.62,102.12,312142.0
Chemicals - Bulk,2026-07-08,101.96,103.38,98.52,99.41,258237.0
Chemicals - Bulk,2026-07-09,99.8,103.56,99.63,102.68,168565.0
Chemicals - Bulk,2026-07-10,103.05,104.16,102.31,103.38,132420.0
Chemicals - Bulk,2026-07-13,103.13,104.66,102.07,103.34,401155.0
Chemicals - Bulk,2026-07-14,103.25,104.58,102.0,102.73,169476.0
Chemicals - Bulk,2026-07-15,102.76,104.49,102.31,103.18,212733.0
Chemicals - Bulk,2026-07-16,103.29,104.66,102.94,103.64,180372.0
Chemicals - Bulk,2026-07-17,104.16,104.93,101.66,102.83,221992.0
Chemicals - Bulk,2026-07-20,110.03,114.91,109.15,113.7,521970.0
Chemicals - Bulk,2026-07-21,105.91,107.08,104.9,106.01,313467.0
Chemicals - Bulk,2026-07-22,106.11,106.61,103.71,105.0,1755647.0
Chemicals - Bulk,2026-07-23,105.24,106.66,103.42,104.55,330948.0
Chemicals - Bulk,2026-07-24,105.02,105.69,102.63,103.38,380692.0
Chemicals - Bulk,2026-07-27,104.3,106.72,103.9,105.96,285239.0
Chemicals - Bulk,2026-07-28,105.96,106.44,102.77,103.51,179348.0
Chemicals - Bulk,2026-07-29,104.5,105.7,103.28,104.63,3095072.0
Chemicals - Bulk,2026-07-30,104.27,104.82,101.58,102.15,1608273.0
Chemicals - Bulk,2026-07-31,110.85,113.36,110.34,111.94,1248652.0
Chemicals - Bulk,2026-08-03,105.13,106.6,103.41,104.53,590964.0
Chemicals - Bulk,2026-08-04,104.9,106.97,104.11,105.25,267227.0
Chemicals - Bulk,2026-08-05,106.11,106.81,104.12,105.12,397272.0
Chemicals - Bulk,2026-08-06,108.43,116.63,106.78,114.68,780355.0
Chemicals - Bulk,2026-08-07,113.69,115.35,110.3,110.98,761640.0
Chemicals - Bulk,2026-08-10,111.08,111.91,108.87,109.65,2158131.0
Chemicals - Bulk,2026-08-11,109.64,111.45,108.29,108.94,359122.0
Chemicals - Bulk,2026-08-12,109.48,111.9,107.91,110.38,277492.0
Chemicals - Bulk,2026-08-13,110.53,112.0,109.17,109.93,263271.0
Chemicals - Bulk,2026-08-14,110.43,110.84,108.86,109.41,206708.0
Chemicals - Bulk,2026-08-17,109.77,110.91,107.86,108.82,267930.0
Chemicals - Bulk,2026-08-18,109.03,111.59,108.61,110.48,908878.0
Chemicals - Bulk,2026-08-19,110.64,111.58,109.08,110.08,501075.0
Chemicals - Bulk,2026-08-20,110.41,111.96,109.28,109.95,423387.0
Chemicals - Bulk,2026-08-21,110.49,112.42,108.7,109.94,334145.0
Chemicals - Bulk,2026-08-24,110.5,113.0,109.3,110.87,598249.0
Chemicals - Bulk,2026-08-25,111.36,111.76,109.38,110.73,298197.0
Chemicals - Bulk,2026-08-26,111.18,115.44,110.6,114.32,303416.0
Chemicals - Bulk,2026-08-27,114.77,115.6,112.72,114.4,218443.0
Chemicals - Bulk,2026-08-28,706.12,706.29,696.38,700.24,77045.0
Chemicals - Dyes,2026-05-27,101.5,104.18,99.0,100.0,116692.0
Chemicals - Dyes,2026-05-28,100.0,100.0,100.0,100.0,0.0
Chemicals - Dyes,2026-05-29,100.5,102.06,96.68,98.54,185631.0
Chemicals - Dyes,2026-06-01,98.74,101.24,94.12,96.07,167794.0
Chemicals - Dyes,2026-06-02,95.38,97.04,94.62,95.81,71041.0
Chemicals - Dyes,2026-06-03,96.19,96.8,93.92,95.29,74172.0
Chemicals - Dyes,2026-06-04,95.38,97.75,94.35,94.92,96648.0
Chemicals - Dyes,2026-06-05,95.04,96.23,94.01,94.72,65854.0
Chemicals - Dyes,2026-06-08,94.32,96.76,92.05,93.43,399416.0
Chemicals - Dyes,2026-06-09,93.82,97.14,93.1,95.92,93786.0
Chemicals - Dyes,2026-06-10,95.81,97.44,92.68,93.16,85376.0
Chemicals - Dyes,2026-06-11,95.02,95.41,92.36,92.72,99869.0
Chemicals - Dyes,2026-06-12,93.95,95.5,93.27,94.85,60466.0
Chemicals - Dyes,2026-06-15,96.12,98.81,94.85,95.72,128502.0
Chemicals - Dyes,2026-06-16,96.48,96.87,94.35,95.27,74694.0
Chemicals - Dyes,2026-06-17,95.59,97.29,94.34,95.48,120344.0
Chemicals - Dyes,2026-06-18,96.38,97.97,94.29,95.5,141802.0
Chemicals - Dyes,2026-06-19,95.54,97.55,95.0,96.12,117136.0
Chemicals - Dyes,2026-06-22,97.28,98.55,94.85,96.18,175621.0
Chemicals - Dyes,2026-06-23,96.47,96.97,93.2,94.12,105664.0
Chemicals - Dyes,2026-06-24,94.91,95.7,92.81,94.82,86821.0
Chemicals - Dyes,2026-06-25,95.32,96.33,93.58,94.14,66101.0
Chemicals - Dyes,2026-06-26,94.14,94.14,94.14,94.14,0.0
Chemicals - Dyes,2026-06-29,93.08,94.79,91.91,93.1,62297.0
Chemicals - Dyes,2026-06-30,93.4,94.49,92.23,93.41,53172.0
Chemicals - Dyes,2026-07-01,93.41,95.19,91.37,92.71,121523.0
Chemicals - Dyes,2026-07-02,93.15,95.3,92.72,94.16,60952.0
Chemicals - Dyes,2026-07-03,94.51,96.13,93.35,95.03,142425.0
Chemicals - Dyes,2026-07-06,94.93,97.98,94.32,96.18,259191.0
Chemicals - Dyes,2026-07-07,96.31,98.41,94.88,96.67,99980.0
Chemicals - Dyes,2026-07-08,96.53,99.91,94.95,96.34,342652.0
Chemicals - Dyes,2026-07-09,96.71,100.41,95.73,98.24,115695.0
Chemicals - Dyes,2026-07-10,98.66,103.0,97.36,101.38,209989.0
Chemicals - Dyes,2026-07-13,100.84,106.11,100.27,104.95,269396.0
Chemicals - Dyes,2026-07-14,104.3,109.18,103.57,107.09,243900.0
Chemicals - Dyes,2026-07-15,107.58,109.05,106.12,106.67,118449.0
Chemicals - Dyes,2026-07-16,107.29,108.57,104.58,105.65,129793.0
Chemicals - Dyes,2026-07-17,106.38,107.42,102.76,104.26,125563.0
Chemicals - Dyes,2026-07-20,120.49,123.48,119.47,122.45,182211.0
Chemicals - Dyes,2026-07-21,106.66,108.34,104.79,105.44,88762.0
Chemicals - Dyes,2026-07-22,106.14,108.35,103.33,105.58,113110.0
Chemicals - Dyes,2026-07-23,105.57,109.29,104.21,106.38,132039.0
Chemicals - Dyes,2026-07-24,106.57,109.31,104.05,108.5,93945.0
Chemicals - Dyes,2026-07-27,110.26,112.58,108.82,110.17,127728.0
Chemicals - Dyes,2026-07-28,110.93,112.34,107.46,109.12,120133.0
Chemicals - Dyes,2026-07-29,109.29,112.92,106.71,108.8,293912.0
Chemicals - Dyes,2026-07-30,109.43,112.32,107.42,109.25,338771.0
Chemicals - Dyes,2026-07-31,109.85,113.27,108.45,111.74,164086.0
Chemicals - Dyes,2026-08-03,114.41,118.87,112.06,115.57,225774.0
Chemicals - Dyes,2026-08-04,115.33,117.3,111.91,113.59,66195.0
Chemicals - Dyes,2026-08-05,114.06,116.73,112.31,114.77,99758.0
Chemicals - Dyes,2026-08-06,115.03,119.08,113.66,116.69,363135.0
Chemicals - Dyes,2026-08-07,116.39,119.06,115.25,116.79,137693.0
Chemicals - Dyes,2026-08-10,130.75,132.98,128.05,129.32,128333.0
Chemicals - Dyes,2026-08-11,129.07,130.24,127.17,128.22,89689.0
Chemicals - Dyes,2026-08-12,129.11,130.82,121.84,124.18,762062.0
Chemicals - Dyes,2026-08-13,125.91,128.71,120.19,122.85,476931.0
Chemicals - Dyes,2026-08-14,124.17,128.88,119.66,127.32,1340538.0
Chemicals - Dyes,2026-08-17,127.28,129.8,124.6,126.15,296158.0
Chemicals - Dyes,2026-08-18,126.6,130.71,125.3,129.12,293272.0
Chemicals - Dyes,2026-08-19,129.96,132.66,127.45,130.26,853447.0
Chemicals - Dyes,2026-08-20,131.42,138.42,130.28,136.17,2266586.0
Chemicals - Dyes,2026-08-21,137.03,140.78,135.9,139.93,839491.0
Chemicals - Dyes,2026-08-24,141.15,147.79,138.86,144.25,1455422.0
Chemicals - Dyes,2026-08-25,144.8,145.9,141.38,143.75,412421.0
Chemicals - Dyes,2026-08-26,144.1,147.54,141.65,144.77,363923.0
Chemicals - Dyes,2026-08-27,145.01,147.79,140.84,144.25,600356.0
Chemicals - Dyes,2026-08-28,259.56,262.62,255.85,261.0,234696.0
Chemicals - Misc,2026-05-27,99.44,101.32,98.87,100.0,6489403.0
Chemicals - Misc,2026-05-28,100.0,100.0,100.0,100.0,0.0
Chemicals - Misc,2026-05-29,101.6,104.92,98.01,99.08,1487880.0
Chemicals - Misc,2026-06-01,98.24,98.81,94.05,95.61,1288689.0
Chemicals - Misc,2026-06-02,95.57,97.36,95.13,96.3,701766.0
Chemicals - Misc,2026-06-03,96.41,98.9,95.26,98.21,309352.0
Chemicals - Misc,2026-06-04,98.65,99.24,97.13,97.65,370934.0
Chemicals - Misc,2026-06-05,98.67,98.7,95.85,96.82,243655.0
Chemicals - Misc,2026-06-08,96.71,96.89,94.38,94.72,273800.0
Chemicals - Misc,2026-06-09,95.81,96.32,94.34,94.77,195539.0
Chemicals - Misc,2026-06-10,94.78,95.78,92.9,93.25,237679.0
Chemicals - Misc,2026-06-11,92.6,93.93,92.16,92.71,168771.0
Chemicals - Misc,2026-06-12,93.12,95.94,93.12,95.48,225826.0
Chemicals - Misc,2026-06-15,97.71,98.25,95.44,95.96,298026.0
Chemicals - Misc,2026-06-16,96.08,97.29,95.72,96.66,293506.0
Chemicals - Misc,2026-06-17,96.77,97.59,95.91,97.16,201348.0
Chemicals - Misc,2026-06-18,97.65,101.06,96.67,100.09,193034.0
Chemicals - Misc,2026-06-19,100.02,104.07,98.13,102.58,1281826.0
Chemicals - Misc,2026-06-22,103.1,104.52,101.63,102.47,613373.0
Chemicals - Misc,2026-06-23,102.52,102.98,99.16,99.59,335142.0
Chemicals - Misc,2026-06-24,99.27,100.17,98.59,98.89,231340.0
Chemicals - Misc,2026-06-25,99.16,99.89,97.11,97.46,580279.0
Chemicals - Misc,2026-06-26,97.46,97.46,97.46,97.46,0.0
Chemicals - Misc,2026-06-29,97.52,102.89,97.01,100.84,868702.0
Chemicals - Misc,2026-06-30,101.22,102.04,100.51,101.0,303773.0
Chemicals - Misc,2026-07-01,101.02,101.21,99.58,99.84,345500.0
Chemicals - Misc,2026-07-02,101.49,101.9,99.28,99.95,474409.0
Chemicals - Misc,2026-07-03,100.85,101.31,99.17,99.66,228297.0
Chemicals - Misc,2026-07-06,99.69,100.56,99.14,99.74,124913.0
Chemicals - Misc,2026-07-07,100.02,100.11,97.66,98.89,290877.0
Chemicals - Misc,2026-07-08,98.51,100.3,95.4,95.97,262206.0
Chemicals - Misc,2026-07-09,96.47,98.01,96.41,96.96,259633.0
Chemicals - Misc,2026-07-10,97.04,99.39,96.53,97.41,187781.0
Chemicals - Misc,2026-07-13,97.29,99.85,96.02,98.38,156308.0
Chemicals - Misc,2026-07-14,98.32,100.23,97.58,98.08,176211.0
Chemicals - Misc,2026-07-15,98.42,99.57,96.88,97.42,406799.0
Chemicals - Misc,2026-07-16,97.8,99.21,97.24,98.51,236611.0
Chemicals - Misc,2026-07-17,98.86,99.13,97.05,98.05,217862.0
Chemicals - Misc,2026-07-20,97.5,98.81,96.36,97.08,223386.0
Chemicals - Misc,2026-07-21,97.2,98.39,96.35,97.11,426876.0
Chemicals - Misc,2026-07-22,97.02,97.19,94.71,95.07,248993.0
Chemicals - Misc,2026-07-23,94.85,95.77,92.83,93.37,273464.0
Chemicals - Misc,2026-07-24,92.91,94.87,92.46,93.8,193903.0
Chemicals - Misc,2026-07-27,94.17,95.23,93.73,94.47,305577.0
Chemicals - Misc,2026-07-28,94.56,94.74,92.8,93.03,172047.0
Chemicals - Misc,2026-07-29,93.46,95.52,92.8,93.5,1213074.0
Chemicals - Misc,2026-07-30,93.59,94.2,91.99,92.27,421659.0
Chemicals - Misc,2026-07-31,92.59,94.55,92.19,93.58,248087.0
Chemicals - Misc,2026-08-03,93.83,97.33,93.66,96.34,230445.0
Chemicals - Misc,2026-08-04,96.27,100.6,96.08,98.41,135159.0
Chemicals - Misc,2026-08-05,99.19,99.41,97.16,97.45,168903.0
Chemicals - Misc,2026-08-06,97.43,98.87,96.62,98.28,135763.0
Chemicals - Misc,2026-08-07,98.18,99.0,96.85,97.62,122462.0
Chemicals - Misc,2026-08-10,97.63,98.21,96.1,96.85,211055.0
Chemicals - Misc,2026-08-11,97.48,98.82,95.35,95.93,170566.0
Chemicals - Misc,2026-08-12,95.49,95.58,92.66,94.17,62376.0
Chemicals - Misc,2026-08-13,93.55,94.36,93.52,94.19,40285.0
Chemicals - Misc,2026-08-14,22.13,22.33,21.84,22.28,73188.0
Chemicals - Misc,2026-08-17,22.39,22.85,22.2,22.66,96864.0
Chemicals - Misc,2026-08-18,22.66,24.26,22.54,23.36,577546.0
Chemicals - Misc,2026-08-19,23.46,23.5,22.72,22.8,52381.0
Chemicals - Misc,2026-08-20,22.84,23.11,22.76,22.91,45708.0
Chemicals - Misc,2026-08-21,22.94,23.25,22.9,23.06,39567.0
Chemicals - Misc,2026-08-24,22.98,23.86,22.98,23.37,111805.0
Chemicals - Misc,2026-08-25,23.4,23.7,23.13,23.56,76828.0
Chemicals - Misc,2026-08-26,23.8,24.1,23.34,23.44,109011.0
Chemicals - Misc,2026-08-27,23.47,24.11,23.27,23.74,111588.0
Chemicals - Petro,2026-05-27,100.0,102.0,98.22,100.0,1565270.0
Chemicals - Petro,2026-05-28,100.0,100.0,100.0,100.0,0.0
Chemicals - Petro,2026-05-29,100.16,104.64,98.31,101.82,6373186.0
Chemicals - Petro,2026-06-01,101.37,104.08,100.37,101.8,3318269.0
Chemicals - Petro,2026-06-02,100.08,104.32,99.44,102.86,3544515.0
Chemicals - Petro,2026-06-03,102.5,107.43,101.68,104.79,4946349.0
Chemicals - Petro,2026-06-04,104.66,107.49,102.5,104.23,2397276.0
Chemicals - Petro,2026-06-05,104.81,106.46,102.89,104.32,1682487.0
Chemicals - Petro,2026-06-08,102.56,105.03,101.27,102.07,1689061.0
Chemicals - Petro,2026-06-09,102.68,105.52,100.12,104.09,2510664.0
Chemicals - Petro,2026-06-10,104.45,106.91,101.92,103.56,2219028.0
Chemicals - Petro,2026-06-11,103.5,103.71,100.4,101.21,1087117.0
Chemicals - Petro,2026-06-12,101.91,106.29,101.09,103.62,4377639.0
Chemicals - Petro,2026-06-15,104.84,109.74,104.33,107.25,4740993.0
Chemicals - Petro,2026-06-16,108.1,109.48,103.39,104.73,4204313.0
Chemicals - Petro,2026-06-17,105.45,106.22,103.06,105.38,1759303.0
Chemicals - Petro,2026-06-18,105.4,106.33,102.32,103.52,1599481.0
Chemicals - Petro,2026-06-19,103.55,105.55,101.85,103.45,1347390.0
Chemicals - Petro,2026-06-22,103.92,105.99,102.61,104.38,1307293.0
Chemicals - Petro,2026-06-23,103.75,104.37,100.54,101.23,1615312.0
Chemicals - Petro,2026-06-24,100.68,104.03,99.33,103.03,1921309.0
Chemicals - Petro,2026-06-25,103.76,104.31,100.17,100.65,1328263.0
Chemicals - Petro,2026-06-26,100.65,100.65,100.65,100.65,0.0
Chemicals - Petro,2026-06-29,99.74,101.43,98.88,100.36,719170.0
Chemicals - Petro,2026-06-30,100.57,101.53,98.64,99.6,893885.0
Chemicals - Petro,2026-07-01,99.72,101.85,99.02,100.44,725386.0
Chemicals - Petro,2026-07-02,100.94,103.29,99.56,102.39,1001957.0
Chemicals - Petro,2026-07-03,101.63,103.57,100.11,101.96,882349.0
Chemicals - Petro,2026-07-06,102.08,104.81,100.6,103.15,2398890.0
Chemicals - Petro,2026-07-07,103.63,105.31,102.17,103.7,2331508.0
Chemicals - Petro,2026-07-08,103.65,109.18,102.26,103.21,3829114.0
Chemicals - Petro,2026-07-09,103.93,106.9,102.99,105.11,2388319.0
Chemicals - Petro,2026-07-10,105.64,107.22,104.15,106.04,1528995.0
Chemicals - Petro,2026-07-13,106.05,109.88,105.29,108.48,3333362.0
Chemicals - Petro,2026-07-14,108.17,108.57,104.91,105.26,1616511.0
Chemicals - Petro,2026-07-15,105.81,107.58,104.68,105.68,1138879.0
Chemicals - Petro,2026-07-16,105.53,108.06,105.18,107.19,1645600.0
Chemicals - Petro,2026-07-17,107.57,108.84,103.14,105.98,1794884.0
Chemicals - Petro,2026-07-20,106.08,109.39,104.64,108.11,1677133.0
Chemicals - Petro,2026-07-21,107.8,111.58,106.02,109.95,3528134.0
Chemicals - Petro,2026-07-22,110.61,112.54,107.27,109.15,1700245.0
Chemicals - Petro,2026-07-23,109.83,111.95,107.61,110.27,2010596.0
Chemicals - Petro,2026-07-24,109.83,112.05,108.1,111.28,1882397.0
Chemicals - Petro,2026-07-27,111.74,112.97,109.46,110.44,1338142.0
Chemicals - Petro,2026-07-28,110.78,111.8,108.09,108.92,1066916.0
Chemicals - Petro,2026-07-29,109.36,111.84,108.22,109.48,1243008.0
Chemicals - Petro,2026-07-30,109.54,110.94,108.34,108.98,759630.0
Chemicals - Petro,2026-07-31,109.44,112.01,108.66,109.73,1066713.0
Chemicals - Petro,2026-08-03,109.8,114.0,109.34,112.55,2048319.0
Chemicals - Petro,2026-08-04,113.25,116.08,112.4,114.8,2443933.0
Chemicals - Petro,2026-08-05,115.71,120.73,112.88,118.84,2985487.0
Chemicals - Petro,2026-08-06,120.35,122.76,118.49,120.75,2129796.0
Chemicals - Petro,2026-08-07,121.44,124.56,113.87,115.36,8552222.0
Chemicals - Petro,2026-08-10,117.3,123.94,109.3,114.61,4581323.0
Chemicals - Petro,2026-08-11,114.1,118.34,113.11,115.5,2663171.0
Chemicals - Petro,2026-08-12,116.03,118.61,110.14,113.65,2511713.0
Chemicals - Petro,2026-08-13,114.47,118.31,113.81,115.52,2021826.0
Chemicals - Petro,2026-08-14,116.51,117.65,112.39,113.15,2545365.0
Chemicals - Petro,2026-08-17,113.84,115.64,110.82,112.01,1071286.0
Chemicals - Petro,2026-08-18,111.7,113.68,110.24,112.25,1825773.0
Chemicals - Petro,2026-08-19,112.53,115.61,111.72,112.57,4331357.0
Chemicals - Petro,2026-08-20,113.36,115.09,111.85,113.37,2262819.0
Chemicals - Petro,2026-08-21,113.66,116.92,112.53,114.64,1619519.0
Chemicals - Petro,2026-08-24,115.0,120.85,114.5,118.81,1915419.0
Chemicals - Petro,2026-08-25,119.42,120.02,114.44,115.5,1844577.0
Chemicals - Petro,2026-08-26,115.79,121.32,114.51,117.2,1815048.0
Chemicals - Petro,2026-08-27,118.37,119.52,112.8,116.1,1238338.0
Chemicals - Specialty,2026-05-27,100.91,102.03,99.09,100.0,1189305.0
Chemicals - Specialty,2026-05-28,100.0,100.0,100.0,100.0,0.0
Chemicals - Specialty,2026-05-29,100.16,101.48,97.5,98.94,1570585.0
Chemicals - Specialty,2026-06-01,99.45,100.93,97.19,98.4,1600452.0
Chemicals - Specialty,2026-06-02,98.09,101.01,96.72,99.91,1573811.0
Chemicals - Specialty,2026-06-03,100.04,101.77,98.03,100.21,3209136.0
Chemicals - Specialty,2026-06-04,99.89,102.25,98.79,100.56,1548443.0
Chemicals - Specialty,2026-06-05,101.12,102.26,99.23,100.27,1500533.0
Chemicals - Specialty,2026-06-08,99.42,101.11,97.42,99.13,2301032.0
Chemicals - Specialty,2026-06-09,99.48,101.5,98.33,100.36,1155705.0
Chemicals - Specialty,2026-06-10,100.58,102.45,98.44,99.64,1511155.0
Chemicals - Specialty,2026-06-11,99.26,100.82,97.77,99.21,953906.0
Chemicals - Specialty,2026-06-12,100.11,103.55,99.16,102.27,1056552.0
Chemicals - Specialty,2026-06-15,103.72,106.0,101.71,103.7,1813454.0
Chemicals - Specialty,2026-06-16,104.3,105.68,102.27,104.28,1307882.0
Chemicals - Specialty,2026-06-17,104.54,105.96,102.82,104.25,1426093.0
Chemicals - Specialty,2026-06-18,104.66,107.71,103.1,105.52,1165669.0
Chemicals - Specialty,2026-06-19,105.52,107.71,103.95,106.25,969185.0
Chemicals - Specialty,2026-06-22,106.44,108.83,104.84,106.72,1786933.0
Chemicals - Specialty,2026-06-23,107.06,109.12,104.88,106.34,1821081.0
Chemicals - Specialty,2026-06-24,106.58,108.99,105.04,107.52,947055.0
Chemicals - Specialty,2026-06-25,108.04,108.83,105.38,106.51,1011724.0
Chemicals - Specialty,2026-06-26,106.51,106.51,106.51,106.51,0.0
Chemicals - Specialty,2026-06-29,106.25,108.2,104.15,106.16,1230809.0
Chemicals - Specialty,2026-06-30,106.65,108.87,105.28,107.29,828534.0
Chemicals - Specialty,2026-07-01,107.56,109.41,105.61,107.55,969308.0
Chemicals - Specialty,2026-07-02,108.04,110.34,106.4,108.6,994345.0
Chemicals - Specialty,2026-07-03,109.12,110.3,107.25,108.45,639481.0
Chemicals - Specialty,2026-07-06,108.65,109.87,106.6,107.91,890279.0
Chemicals - Specialty,2026-07-07,107.97,108.87,105.35,106.71,1253745.0
Chemicals - Specialty,2026-07-08,106.35,108.67,103.9,105.68,688877.0
Chemicals - Specialty,2026-07-09,105.91,109.39,105.67,108.05,542268.0
Chemicals - Specialty,2026-07-10,108.86,111.04,107.58,109.85,612664.0
Chemicals - Specialty,2026-07-13,109.51,110.84,107.79,109.35,578279.0
Chemicals - Specialty,2026-07-14,109.26,111.11,107.63,109.26,659316.0
Chemicals - Specialty,2026-07-15,109.57,112.39,108.49,110.64,1299761.0
Chemicals - Specialty,2026-07-16,110.8,112.77,109.61,111.4,1808104.0
Chemicals - Specialty,2026-07-17,111.67,112.19,108.78,110.31,1378318.0
Chemicals - Specialty,2026-07-20,110.32,113.17,109.16,111.65,4959204.0
Chemicals - Specialty,2026-07-21,112.1,115.25,110.98,113.52,4101768.0
Chemicals - Specialty,2026-07-22,113.73,115.24,111.04,112.86,2069242.0
Chemicals - Specialty,2026-07-23,112.67,114.05,109.66,110.78,1672410.0
Chemicals - Specialty,2026-07-24,110.38,112.31,108.46,110.76,1865602.0
Chemicals - Specialty,2026-07-27,112.02,113.97,110.32,112.13,1385548.0
Chemicals - Specialty,2026-07-28,112.87,114.15,109.8,111.15,1251726.0
Chemicals - Specialty,2026-07-29,111.86,113.92,110.41,112.01,790916.0
Chemicals - Specialty,2026-07-30,112.07,112.94,109.48,110.78,855201.0
Chemicals - Specialty,2026-07-31,107.09,110.71,105.67,108.44,1206294.0
Chemicals - Specialty,2026-08-03,113.77,116.28,111.4,113.8,553763.0
Chemicals - Specialty,2026-08-04,114.45,119.15,112.98,116.02,680283.0
Chemicals - Specialty,2026-08-05,116.61,118.39,114.11,115.77,652596.0
Chemicals - Specialty,2026-08-06,115.7,117.99,113.95,116.17,1259397.0
Chemicals - Specialty,2026-08-07,115.9,118.33,114.56,116.33,886630.0
Chemicals - Specialty,2026-08-10,116.78,118.69,114.66,116.75,1188858.0
Chemicals - Specialty,2026-08-11,117.09,118.96,115.15,116.69,826950.0
Chemicals - Specialty,2026-08-12,117.12,118.89,114.84,116.36,1139838.0
Chemicals - Specialty,2026-08-13,116.41,119.04,114.68,117.14,625815.0
Chemicals - Specialty,2026-08-14,121.64,123.88,119.06,121.12,701900.0
Chemicals - Specialty,2026-08-17,121.73,123.41,119.03,120.83,591403.0
Chemicals - Specialty,2026-08-18,120.72,124.29,119.23,121.63,695832.0
Chemicals - Specialty,2026-08-19,121.81,123.44,118.75,120.34,2229914.0
Chemicals - Specialty,2026-08-20,120.9,122.73,118.13,119.06,928328.0
Chemicals - Specialty,2026-08-21,119.28,121.07,117.18,119.22,2034566.0
Chemicals - Specialty,2026-08-24,119.32,121.9,117.39,119.26,1942124.0
Chemicals - Specialty,2026-08-25,119.49,121.33,117.49,119.25,940810.0
Chemicals - Specialty,2026-08-26,119.88,122.88,118.57,121.6,983468.0
Chemicals - Specialty,2026-08-27,121.56,123.29,119.68,121.46,832850.0
Chemicals - Specialty,2026-08-28,95.32,96.28,93.86,95.01,3107856.0
Consumption - Appliances,2026-05-27,98.27,101.1,97.65,100.0,332401.0
Consumption - Appliances,2026-05-28,100.0,100.0,100.0,100.0,0.0
Consumption - Appliances,2026-05-29,100.62,103.31,98.11,100.37,647114.0
Consumption - Appliances,2026-06-01,100.68,102.97,98.95,99.87,309610.0
Consumption - Appliances,2026-06-02,99.51,101.63,97.56,100.77,286628.0
Consumption - Appliances,2026-06-03,100.76,101.93,97.93,100.07,193961.0
Consumption - Appliances,2026-06-04,99.86,102.91,98.87,101.31,591626.0
Consumption - Appliances,2026-06-05,101.89,103.89,100.47,102.44,311289.0
Consumption - Appliances,2026-06-08,101.41,103.04,99.5,100.84,297365.0
Consumption - Appliances,2026-06-09,101.24,103.07,100.2,102.16,220747.0
Consumption - Appliances,2026-06-10,102.35,103.89,100.19,101.46,239310.0
Consumption - Appliances,2026-06-11,100.79,101.71,97.99,98.54,209388.0
Consumption - Appliances,2026-06-12,100.13,101.45,97.36,100.19,204654.0
Consumption - Appliances,2026-06-15,101.68,103.7,99.87,101.88,337809.0
Consumption - Appliances,2026-06-16,102.08,104.59,101.4,103.38,222545.0
Consumption - Appliances,2026-06-17,103.57,106.25,102.98,104.91,443522.0
Consumption - Appliances,2026-06-18,105.13,107.33,104.44,106.01,292170.0
Consumption - Appliances,2026-06-19,107.77,108.14,103.04,104.93,413587.0
Consumption - Appliances,2026-06-22,106.37,108.13,104.23,105.44,576322.0
Consumption - Appliances,2026-06-23,105.54,106.25,102.9,104.07,303110.0
Consumption - Appliances,2026-06-24,104.06,105.9,103.03,104.94,161304.0
Consumption - Appliances,2026-06-25,105.13,106.56,102.65,103.53,280534.0
Consumption - Appliances,2026-06-26,103.53,103.53,103.53,103.53,0.0
Consumption - Appliances,2026-06-29,103.85,104.44,100.97,101.73,234576.0
Consumption - Appliances,2026-06-30,102.08,104.06,100.99,102.79,353701.0
Consumption - Appliances,2026-07-01,103.09,104.34,101.36,102.0,204307.0
Consumption - Appliances,2026-07-02,102.35,103.37,101.19,102.11,180506.0
Consumption - Appliances,2026-07-03,102.83,104.13,101.0,102.55,303986.0
Consumption - Appliances,2026-07-06,102.61,104.48,101.71,103.44,290958.0
Consumption - Appliances,2026-07-07,103.82,105.02,101.67,103.43,271713.0
Consumption - Appliances,2026-07-08,102.68,104.27,100.41,101.25,251080.0
Consumption - Appliances,2026-07-09,101.91,105.24,101.79,103.79,273178.0
Consumption - Appliances,2026-07-10,104.22,107.04,103.57,106.11,240071.0
Consumption - Appliances,2026-07-13,106.17,109.32,104.93,107.68,440159.0
Consumption - Appliances,2026-07-14,107.52,109.48,105.52,107.36,260362.0
Consumption - Appliances,2026-07-15,108.11,109.66,107.33,108.25,288746.0
Consumption - Appliances,2026-07-16,108.63,110.7,107.28,109.44,239683.0
Consumption - Appliances,2026-07-17,109.52,110.01,105.97,106.79,164239.0
Consumption - Appliances,2026-07-20,106.37,108.11,105.21,107.48,115733.0
Consumption - Appliances,2026-07-21,107.39,108.04,105.15,105.78,113295.0
Consumption - Appliances,2026-07-22,105.92,106.29,103.02,103.72,147412.0
Consumption - Appliances,2026-07-23,103.66,104.28,101.77,102.66,135072.0
Consumption - Appliances,2026-07-24,102.16,103.34,100.13,101.96,211113.0
Consumption - Appliances,2026-07-27,102.8,104.29,101.64,102.7,199543.0
Consumption - Appliances,2026-07-28,102.77,103.98,101.23,102.34,1352977.0
Consumption - Appliances,2026-07-29,102.57,105.2,101.96,104.07,1186790.0
Consumption - Appliances,2026-07-30,104.2,105.92,102.84,104.03,2850188.0
Consumption - Appliances,2026-07-31,104.44,105.91,103.17,103.86,688167.0
Consumption - Appliances,2026-08-03,104.84,106.12,102.97,104.22,358558.0
Consumption - Appliances,2026-08-04,104.66,106.03,102.07,103.36,422960.0
Consumption - Appliances,2026-08-05,103.87,105.86,102.64,104.47,324348.0
Consumption - Appliances,2026-08-06,104.68,106.24,102.53,103.67,999590.0
Consumption - Appliances,2026-08-07,103.64,105.53,101.57,102.86,630316.0
Consumption - Appliances,2026-08-10,103.16,104.2,99.3,100.95,2090607.0
Consumption - Appliances,2026-08-11,101.16,102.36,99.38,100.01,976377.0
Consumption - Appliances,2026-08-12,100.06,100.75,98.4,99.27,565310.0
Consumption - Appliances,2026-08-13,99.83,100.69,99.08,99.95,503464.0
Consumption - Appliances,2026-08-14,60.61,61.95,59.66,60.33,574911.0
Consumption - Appliances,2026-08-17,60.39,61.24,58.78,59.8,1023291.0
Consumption - Appliances,2026-08-18,59.8,61.04,59.04,60.18,445469.0
Consumption - Appliances,2026-08-19,60.19,60.38,58.95,59.56,417997.0
Consumption - Appliances,2026-08-20,59.91,60.65,59.08,59.68,477195.0
Consumption - Appliances,2026-08-21,59.95,60.45,58.9,59.71,409358.0
Consumption - Appliances,2026-08-24,59.74,60.58,59.11,60.07,300624.0
Consumption - Appliances,2026-08-25,60.16,60.52,59.08,59.67,269104.0
Consumption - Appliances,2026-08-26,59.69,60.5,58.84,59.61,2386420.0
Consumption - Appliances,2026-08-27,59.79,60.38,58.65,59.03,16372722.0
Consumption - Appliances,2026-08-28,74.77,75.64,74.17,74.49,36105.0
Consumption - Dairy,2026-05-27,100.09,102.2,99.49,100.0,12357.0
Consumption - Dairy,2026-05-28,100.0,100.0,100.0,100.0,0.0
Consumption - Dairy,2026-05-29,115.29,116.41,107.76,108.42,251973.0
Consumption - Dairy,2026-06-01,107.59,119.32,107.59,117.74,176540.0
Consumption - Dairy,2026-06-02,116.69,120.89,116.69,120.55,78202.0
Consumption - Dairy,2026-06-03,120.67,121.78,119.55,120.75,35478.0
Consumption - Dairy,2026-06-04,121.31,124.02,120.47,122.97,43478.0
Consumption - Dairy,2026-06-05,122.97,133.2,122.01,129.41,121955.0
Consumption - Dairy,2026-06-08,127.05,130.43,124.81,126.1,33585.0
Consumption - Dairy,2026-06-09,128.7,134.32,126.71,128.89,43303.0
Consumption - Dairy,2026-06-10,130.2,134.5,127.7,132.68,56325.0
Consumption - Dairy,2026-06-11,132.66,136.52,130.65,133.0,36437.0
Consumption - Dairy,2026-06-12,134.32,137.28,132.87,134.53,31219.0
Consumption - Dairy,2026-06-15,136.22,136.56,132.54,134.91,21305.0
Consumption - Dairy,2026-06-16,135.8,139.45,134.41,138.31,28247.0
Consumption - Dairy,2026-06-17,139.31,142.99,136.79,138.1,31707.0
Consumption - Dairy,2026-06-18,138.1,140.14,136.56,139.07,9211.0
Consumption - Dairy,2026-06-19,139.87,139.87,136.56,136.74,10920.0
Consumption - Dairy,2026-06-22,138.78,143.23,136.78,142.37,24374.0
Consumption - Dairy,2026-06-23,142.38,143.28,140.74,142.89,13183.0
Consumption - Dairy,2026-06-24,142.16,144.4,141.04,143.66,7708.0
Consumption - Dairy,2026-06-25,143.75,145.07,141.04,142.76,8943.0
Consumption - Dairy,2026-06-26,142.76,142.76,142.76,142.76,0.0
Consumption - Dairy,2026-06-29,142.38,144.12,139.05,142.46,11655.0
Consumption - Dairy,2026-06-30,141.38,143.72,140.24,140.78,7097.0
Consumption - Dairy,2026-07-01,140.05,141.09,134.81,136.24,20782.0
Consumption - Dairy,2026-07-02,135.09,139.81,135.09,138.89,9798.0
Consumption - Dairy,2026-07-03,137.93,143.1,137.93,142.41,11512.0
Consumption - Dairy,2026-07-06,143.28,145.25,141.21,143.68,9846.0
Consumption - Dairy,2026-07-07,143.28,145.96,141.24,145.34,13967.0
Consumption - Dairy,2026-07-08,143.39,146.07,138.69,140.68,16993.0
Consumption - Dairy,2026-07-09,140.68,143.54,140.62,142.28,6089.0
Consumption - Dairy,2026-07-10,142.51,145.28,142.01,143.5,8824.0
Consumption - Dairy,2026-07-13,144.08,145.0,141.25,143.91,7069.0
Consumption - Dairy,2026-07-14,143.3,153.89,142.74,152.38,53534.0
Consumption - Dairy,2026-07-15,152.51,156.64,147.14,148.64,39152.0
Consumption - Dairy,2026-07-16,148.65,154.23,148.38,151.83,16892.0
Consumption - Dairy,2026-07-17,151.11,151.87,148.03,150.35,11816.0
Consumption - Dairy,2026-07-20,150.35,153.66,150.34,152.02,8569.0
Consumption - Dairy,2026-07-21,152.77,153.46,150.89,152.61,7015.0
Consumption - Dairy,2026-07-22,151.72,152.99,149.95,151.38,7711.0
Consumption - Dairy,2026-07-23,151.54,153.13,148.31,151.1,9513.0
Consumption - Dairy,2026-07-24,150.88,151.65,148.36,150.23,6278.0
Consumption - Dairy,2026-07-27,150.23,152.03,150.0,151.37,5183.0
Consumption - Dairy,2026-07-28,151.37,154.57,149.21,150.92,11469.0
Consumption - Dairy,2026-07-29,151.0,165.06,151.0,162.72,52041.0
Consumption - Dairy,2026-07-30,162.3,166.76,161.45,162.61,45499.0
Consumption - Dairy,2026-07-31,162.61,164.47,159.97,161.51,15159.0
Consumption - Dairy,2026-08-03,161.51,167.42,161.43,164.69,24838.0
Consumption - Dairy,2026-08-04,164.52,164.52,162.89,163.3,7897.0
Consumption - Dairy,2026-08-05,163.2,165.06,160.04,160.33,10026.0
Consumption - Dairy,2026-08-06,159.95,165.35,158.73,164.04,22113.0
Consumption - Dairy,2026-08-07,163.2,164.54,158.9,161.35,26596.0
Consumption - Dairy,2026-08-10,162.94,169.58,162.14,165.22,35311.0
Consumption - Dairy,2026-08-11,165.22,166.44,161.87,164.79,13107.0
Consumption - Dairy,2026-08-12,164.81,164.81,161.19,162.23,14261.0
Consumption - Dairy,2026-08-13,169.87,189.1,169.87,174.19,356735.0
Consumption - Dairy,2026-08-14,174.93,176.73,172.84,173.48,21461.0
Consumption - Dairy,2026-08-17,173.48,173.48,158.32,165.91,73266.0
Consumption - Dairy,2026-08-18,166.75,169.58,163.67,166.32,23467.0
Consumption - Dairy,2026-08-19,165.66,169.92,164.54,165.7,11509.0
Consumption - Dairy,2026-08-20,165.33,168.53,164.55,165.71,33931.0
Consumption - Dairy,2026-08-21,165.82,169.04,164.66,166.05,37178.0
Consumption - Dairy,2026-08-24,166.05,168.01,164.82,166.23,16845.0
Consumption - Dairy,2026-08-25,166.23,167.36,165.66,166.5,6476.0
Consumption - Dairy,2026-08-26,166.74,168.11,164.21,166.18,19323.0
Consumption - Dairy,2026-08-27,165.69,167.45,165.69,166.66,6764.0
Consumption - Electronics,2026-05-27,99.27,101.35,98.99,100.0,1401890.0
Consumption - Electronics,2026-05-28,100.0,100.0,100.0,100.0,0.0
Consumption - Electronics,2026-05-29,100.06,100.72,97.47,98.06,3979458.0
Consumption - Electronics,2026-06-01,98.68,99.11,96.75,97.25,1144776.0
Consumption - Electronics,2026-06-02,96.87,99.08,96.28,98.63,985843.0
Consumption - Electronics,2026-06-03,98.83,98.99,95.02,95.67,829080.0
Consumption - Electronics,2026-06-04,95.39,98.48,94.96,97.81,1519942.0
Consumption - Electronics,2026-06-05,98.19,99.37,96.96,97.22,756016.0
Consumption - Electronics,2026-06-08,96.26,98.2,95.45,96.72,1055081.0
Consumption - Electronics,2026-06-09,97.22,98.93,96.77,98.5,723550.0
Consumption - Electronics,2026-06-10,98.94,101.08,97.07,97.52,716408.0
Consumption - Electronics,2026-06-11,97.35,97.9,95.7,96.4,798626.0
Consumption - Electronics,2026-06-12,97.9,98.33,96.63,98.09,1740524.0
Consumption - Electronics,2026-06-15,99.49,102.5,99.06,101.35,1219311.0
Consumption - Electronics,2026-06-16,101.24,104.23,100.3,103.72,3681634.0
Consumption - Electronics,2026-06-17,104.45,108.92,104.4,108.38,2049145.0
Consumption - Electronics,2026-06-18,108.69,109.35,106.54,107.26,1338312.0
Consumption - Electronics,2026-06-19,106.16,106.81,104.66,106.0,944134.0
Consumption - Electronics,2026-06-22,106.7,107.28,104.11,104.77,1181054.0
Consumption - Electronics,2026-06-23,104.82,104.93,101.24,101.69,918186.0
Consumption - Electronics,2026-06-24,101.57,103.33,99.9,102.85,645658.0
Consumption - Electronics,2026-06-25,103.22,104.44,101.77,102.16,641870.0
Consumption - Electronics,2026-06-26,102.16,102.16,102.16,102.16,0.0
Consumption - Electronics,2026-06-29,102.18,102.71,100.18,100.37,624048.0
Consumption - Electronics,2026-06-30,101.07,103.45,100.16,101.21,741888.0
Consumption - Electronics,2026-07-01,101.76,102.6,100.31,101.83,965784.0
Consumption - Electronics,2026-07-02,102.01,105.67,101.91,105.09,2731003.0
Consumption - Electronics,2026-07-03,105.91,106.9,104.68,105.91,11150845.0
Consumption - Electronics,2026-07-06,106.09,112.66,104.98,112.18,2913970.0
Consumption - Electronics,2026-07-07,112.3,113.67,110.72,112.03,2020207.0
Consumption - Electronics,2026-07-08,111.37,112.89,108.7,109.46,1342986.0
Consumption - Electronics,2026-07-09,111.16,114.9,110.91,113.67,3641580.0
Consumption - Electronics,2026-07-10,116.73,118.12,112.64,113.26,2437931.0
Consumption - Electronics,2026-07-13,112.63,114.39,111.31,113.75,1814312.0
Consumption - Electronics,2026-07-14,112.97,113.67,111.26,113.0,2820444.0
Consumption - Electronics,2026-07-15,114.61,115.84,113.28,115.03,1163430.0
Consumption - Electronics,2026-07-16,118.37,122.96,118.21,121.41,2292513.0
Consumption - Electronics,2026-07-17,121.38,122.31,118.71,120.25,4545724.0
Consumption - Electronics,2026-07-20,119.79,122.55,118.74,122.25,1252330.0
Consumption - Electronics,2026-07-21,122.17,122.35,118.27,118.85,1015373.0
Consumption - Electronics,2026-07-22,118.93,119.49,114.87,116.75,1336684.0
Consumption - Electronics,2026-07-23,116.44,118.14,115.71,116.34,841944.0
Consumption - Electronics,2026-07-24,115.64,117.07,114.29,116.55,637018.0
Consumption - Electronics,2026-07-27,117.44,118.14,115.83,116.44,521726.0
Consumption - Electronics,2026-07-28,116.35,117.49,115.59,117.09,549907.0
Consumption - Electronics,2026-07-29,117.47,120.58,116.86,120.07,850630.0
Consumption - Electronics,2026-07-30,120.14,121.87,119.11,120.68,953842.0
Consumption - Electronics,2026-07-31,120.76,122.77,115.17,118.56,942635.0
Consumption - Electronics,2026-08-03,117.31,119.16,115.08,117.63,836917.0
Consumption - Electronics,2026-08-04,117.69,119.27,116.87,118.35,785420.0
Consumption - Electronics,2026-08-05,118.89,121.57,118.44,120.65,1423668.0
Consumption - Electronics,2026-08-06,120.71,121.76,119.2,119.84,1008025.0
Consumption - Electronics,2026-08-07,119.8,120.86,118.58,120.03,3246071.0
Consumption - Electronics,2026-08-10,120.0,120.54,118.23,119.27,848266.0
Consumption - Electronics,2026-08-11,119.25,119.99,118.31,118.51,546662.0
Consumption - Electronics,2026-08-12,118.8,119.15,115.72,116.88,1080136.0
Consumption - Electronics,2026-08-13,117.15,118.9,115.53,118.62,808479.0
Consumption - Electronics,2026-08-14,118.41,120.15,118.12,119.37,511300.0
Consumption - Electronics,2026-08-17,119.85,120.75,118.4,118.68,552316.0
Consumption - Electronics,2026-08-18,119.18,121.69,118.7,119.44,904491.0
Consumption - Electronics,2026-08-19,119.38,122.51,118.24,121.67,633622.0
Consumption - Electronics,2026-08-20,122.06,125.41,121.58,124.46,643254.0
Consumption - Electronics,2026-08-21,124.55,125.09,122.56,124.35,590270.0
Consumption - Electronics,2026-08-24,125.46,125.54,121.53,122.28,443472.0
Consumption - Electronics,2026-08-25,121.92,125.63,120.84,125.34,448399.0
Consumption - Electronics,2026-08-26,124.39,125.42,123.21,123.34,460084.0
Consumption - Electronics,2026-08-27,123.31,124.36,122.78,123.05,522991.0
Consumption - Electronics,2026-08-28,226.58,228.23,224.04,224.07,378220.0
Consumption - FMCG,2026-05-27,99.77,100.69,98.84,100.0,521152.0
Consumption - FMCG,2026-05-28,100.0,100.0,100.0,100.0,0.0
Consumption - FMCG,2026-05-29,99.93,101.4,97.9,98.64,2806409.0
Consumption - FMCG,2026-06-01,98.29,98.65,95.15,95.74,344699.0
Consumption - FMCG,2026-06-02,95.84,98.68,94.19,97.49,550911.0
Consumption - FMCG,2026-06-03,96.7,101.26,95.91,98.66,472412.0
Consumption - FMCG,2026-06-04,98.76,102.38,98.05,98.66,432417.0
Consumption - FMCG,2026-06-05,98.7,100.58,98.19,99.71,436504.0
Consumption - FMCG,2026-06-08,98.42,102.28,97.85,100.08,559637.0
Consumption - FMCG,2026-06-09,100.17,101.27,99.39,100.32,520404.0
Consumption - FMCG,2026-06-10,100.06,103.3,99.85,101.91,1082586.0
Consumption - FMCG,2026-06-11,101.81,104.57,100.13,100.58,460278.0
Consumption - FMCG,2026-06-12,101.64,102.93,100.53,101.77,552512.0
Consumption - FMCG,2026-06-15,103.9,104.65,101.19,101.76,632480.0
Consumption - FMCG,2026-06-16,101.46,102.83,101.21,102.08,457368.0
Consumption - FMCG,2026-06-17,102.22,103.22,101.62,102.37,434993.0
Consumption - FMCG,2026-06-18,102.36,104.56,102.01,102.85,344449.0
Consumption - FMCG,2026-06-19,102.46,104.37,102.02,103.05,462762.0
Consumption - FMCG,2026-06-22,103.3,104.35,102.34,103.25,566539.0
Consumption - FMCG,2026-06-23,103.41,105.24,101.63,103.37,515802.0
Consumption - FMCG,2026-06-24,103.89,104.48,102.47,103.97,422391.0
Consumption - FMCG,2026-06-25,104.17,105.19,103.27,104.3,620754.0
Consumption - FMCG,2026-06-26,104.3,104.3,104.3,104.3,0.0
Consumption - FMCG,2026-06-29,104.91,106.21,102.24,103.88,3416097.0
Consumption - FMCG,2026-06-30,104.09,105.31,103.01,104.3,1054104.0
Consumption - FMCG,2026-07-01,104.41,111.7,103.83,108.2,760152.0
Consumption - FMCG,2026-07-02,108.47,111.06,106.5,108.08,796751.0
Consumption - FMCG,2026-07-03,109.07,109.41,106.62,107.64,656413.0
Consumption - FMCG,2026-07-06,107.64,108.4,105.65,107.09,637133.0
Consumption - FMCG,2026-07-07,107.1,108.86,106.13,107.78,606906.0
Consumption - FMCG,2026-07-08,107.1,108.27,104.85,105.78,843296.0
Consumption - FMCG,2026-07-09,105.74,109.11,105.68,108.28,470876.0
Consumption - FMCG,2026-07-10,108.91,111.04,107.44,109.87,791710.0
Consumption - FMCG,2026-07-13,109.04,111.8,107.48,108.91,564201.0
Consumption - FMCG,2026-07-14,108.69,110.02,106.44,109.06,517877.0
Consumption - FMCG,2026-07-15,109.75,111.04,108.36,109.41,1286002.0
Consumption - FMCG,2026-07-16,109.64,111.13,107.73,108.45,12289902.0
Consumption - FMCG,2026-07-17,108.65,109.56,106.57,107.92,7564892.0
Consumption - FMCG,2026-07-20,108.02,110.81,107.17,108.77,14725628.0
Consumption - FMCG,2026-07-21,108.81,111.12,107.48,110.31,6982796.0
Consumption - FMCG,2026-07-22,109.96,111.27,108.54,109.83,2385338.0
Consumption - FMCG,2026-07-23,109.77,112.14,107.88,110.08,976112.0
Consumption - FMCG,2026-07-24,109.06,110.89,107.97,108.94,1663578.0
Consumption - FMCG,2026-07-27,109.29,110.72,107.46,108.14,948512.0
Consumption - FMCG,2026-07-28,108.42,110.66,107.61,109.67,1672699.0
Consumption - FMCG,2026-07-29,109.72,113.83,109.42,112.26,1125688.0
Consumption - FMCG,2026-07-30,111.53,112.74,110.01,110.78,1024532.0
Consumption - FMCG,2026-07-31,110.19,112.52,109.2,111.42,1074748.0
Consumption - FMCG,2026-08-03,111.66,114.47,110.79,113.39,573911.0
Consumption - FMCG,2026-08-04,113.15,114.54,111.21,113.17,1205753.0
Consumption - FMCG,2026-08-05,113.65,114.05,110.97,111.82,1000925.0
Consumption - FMCG,2026-08-06,112.0,112.4,110.35,110.9,677102.0
Consumption - FMCG,2026-08-07,111.07,115.71,110.77,113.41,1833327.0
Consumption - FMCG,2026-08-10,113.12,116.3,112.43,114.66,2145998.0
Consumption - FMCG,2026-08-11,114.61,116.08,112.6,113.24,1303692.0
Consumption - FMCG,2026-08-12,113.47,115.05,111.94,114.46,790197.0
Consumption - FMCG,2026-08-13,113.48,115.77,110.77,111.64,628879.0
Consumption - FMCG,2026-08-14,111.71,120.42,111.1,116.95,565895.0
Consumption - FMCG,2026-08-17,116.31,118.48,113.63,116.68,923016.0
Consumption - FMCG,2026-08-18,117.4,119.49,115.51,117.24,886294.0
Consumption - FMCG,2026-08-19,117.36,120.25,115.94,118.43,625654.0
Consumption - FMCG,2026-08-20,118.56,119.67,115.84,117.2,621544.0
Consumption - FMCG,2026-08-21,117.18,118.13,114.8,116.32,778208.0
Consumption - FMCG,2026-08-24,116.76,117.71,114.9,115.91,713121.0
Consumption - FMCG,2026-08-25,115.91,116.9,114.4,116.22,551425.0
Consumption - FMCG,2026-08-26,116.65,116.9,113.75,114.54,334233.0
Consumption - FMCG,2026-08-27,114.91,116.72,113.21,113.92,557506.0
Consumption - FMCG,2026-08-28,8.86,8.91,8.5,8.6,1011029.0
Consumption - Footwear,2026-05-27,101.59,103.29,99.2,100.0,2311238.0
Consumption - Footwear,2026-05-28,100.0,100.0,100.0,100.0,0.0
Consumption - Footwear,2026-05-29,100.53,104.16,97.83,100.89,7228516.0
Consumption - Footwear,2026-06-01,100.81,102.92,98.86,100.24,914725.0
Consumption - Footwear,2026-06-02,99.94,101.26,98.23,99.87,500646.0
Consumption - Footwear,2026-06-03,99.63,102.41,98.61,100.91,667085.0
Consumption - Footwear,2026-06-04,100.79,102.9,100.2,100.69,301626.0
Consumption - Footwear,2026-06-05,100.74,101.97,99.08,99.5,187069.0
Consumption - Footwear,2026-06-08,98.9,99.46,95.98,96.46,213855.0
Consumption - Footwear,2026-06-09,96.92,99.62,96.67,98.97,484581.0
Consumption - Footwear,2026-06-10,99.35,99.81,97.22,97.89,276589.0
Consumption - Footwear,2026-06-11,97.43,98.99,96.17,96.67,238629.0
Consumption - Footwear,2026-06-12,97.18,99.4,97.06,98.75,230775.0
Consumption - Footwear,2026-06-15,99.2,101.05,98.3,99.07,201683.0
Consumption - Footwear,2026-06-16,99.02,101.31,98.47,99.6,252641.0
Consumption - Footwear,2026-06-17,100.21,102.62,99.61,101.57,277967.0
Consumption - Footwear,2026-06-18,103.3,104.06,101.22,102.53,262530.0
Consumption - Footwear,2026-06-19,102.21,103.24,101.0,102.13,179423.0
Consumption - Footwear,2026-06-22,101.46,104.04,101.38,102.69,145856.0
Consumption - Footwear,2026-06-23,103.47,105.76,101.94,103.23,216971.0
Consumption - Footwear,2026-06-24,103.51,104.16,101.94,103.06,117774.0
Consumption - Footwear,2026-06-25,103.89,109.57,102.73,105.75,11601950.0
Consumption - Footwear,2026-06-26,105.75,105.75,105.75,105.75,0.0
Consumption - Footwear,2026-06-29,105.06,106.81,103.35,105.53,1549257.0
Consumption - Footwear,2026-06-30,105.84,106.55,102.62,103.41,368950.0
Consumption - Footwear,2026-07-01,103.69,106.59,103.2,104.91,400029.0
Consumption - Footwear,2026-07-02,105.53,106.04,104.25,104.74,184684.0
Consumption - Footwear,2026-07-03,105.09,106.7,103.98,105.25,232295.0
Consumption - Footwear,2026-07-06,105.85,107.61,104.74,105.51,320707.0
Consumption - Footwear,2026-07-07,105.74,107.2,104.6,106.09,136691.0
Consumption - Footwear,2026-07-08,106.01,107.16,103.78,104.87,284394.0
Consumption - Footwear,2026-07-09,104.28,107.97,103.86,106.01,149910.0
Consumption - Footwear,2026-07-10,107.66,108.57,105.0,106.29,149957.0
Consumption - Footwear,2026-07-13,106.51,108.53,105.25,107.5,191630.0
Consumption - Footwear,2026-07-14,107.49,107.86,104.72,105.18,116848.0
Consumption - Footwear,2026-07-15,105.2,106.51,102.07,103.2,142867.0
Consumption - Footwear,2026-07-16,103.89,104.66,101.71,102.29,663493.0
Consumption - Footwear,2026-07-17,102.38,111.94,101.13,110.0,12858317.0
Consumption - Footwear,2026-07-20,109.87,111.74,107.93,109.54,3804767.0
Consumption - Footwear,2026-07-21,110.12,110.14,106.47,108.14,783684.0
Consumption - Footwear,2026-07-22,108.21,108.81,105.82,106.52,360617.0
Consumption - Footwear,2026-07-23,106.09,106.52,102.84,103.55,295690.0
Consumption - Footwear,2026-07-24,103.91,104.74,101.45,103.73,318900.0
Consumption - Footwear,2026-07-27,103.94,105.61,103.43,104.32,184584.0
Consumption - Footwear,2026-07-28,105.1,105.53,102.6,103.3,137621.0
Consumption - Footwear,2026-07-29,104.18,106.46,103.39,105.2,409997.0
Consumption - Footwear,2026-07-30,105.78,106.6,104.23,105.07,314133.0
Consumption - Footwear,2026-07-31,105.65,105.93,103.98,105.17,153509.0
Consumption - Footwear,2026-08-03,105.2,106.37,104.33,105.26,128288.0
Consumption - Footwear,2026-08-04,105.26,106.38,104.08,105.48,136232.0
Consumption - Footwear,2026-08-05,103.11,105.75,101.65,103.72,326785.0
Consumption - Footwear,2026-08-06,105.25,105.98,102.07,103.19,385709.0
Consumption - Footwear,2026-08-07,103.42,104.6,102.0,102.68,485648.0
Consumption - Footwear,2026-08-10,103.42,104.64,101.27,102.03,1408605.0
Consumption - Footwear,2026-08-11,101.8,103.05,99.77,100.22,344347.0
Consumption - Footwear,2026-08-12,100.34,102.08,99.02,99.63,433387.0
Consumption - Footwear,2026-08-13,98.93,100.49,98.56,99.53,195396.0
Consumption - Footwear,2026-08-14,53.53,54.59,51.75,51.99,356794.0
Consumption - Footwear,2026-08-17,52.47,52.64,51.06,51.43,224910.0
Consumption - Footwear,2026-08-18,51.76,52.38,50.04,51.01,372244.0
Consumption - Footwear,2026-08-19,51.18,52.09,49.65,50.07,337017.0
Consumption - Footwear,2026-08-20,50.13,50.62,49.71,49.95,136512.0
Consumption - Footwear,2026-08-21,49.8,50.49,49.62,50.09,131232.0
Consumption - Footwear,2026-08-24,49.7,50.48,49.43,50.09,181080.0
Consumption - Footwear,2026-08-25,50.09,50.25,48.73,49.08,231034.0
Consumption - Footwear,2026-08-26,49.04,49.72,48.65,49.13,286405.0
Consumption - Footwear,2026-08-27,49.16,49.67,47.7,48.17,362622.0
Consumption - Jewelry,2026-05-27,99.92,102.44,98.16,100.0,1035429.0
Consumption - Jewelry,2026-05-28,100.0,100.0,100.0,100.0,0.0
Consumption - Jewelry,2026-05-29,100.26,104.04,99.13,102.04,5756022.0
Consumption - Jewelry,2026-06-01,103.1,104.25,99.98,101.26,1189318.0
Consumption - Jewelry,2026-06-02,101.16,106.2,100.36,104.93,1528606.0
Consumption - Jewelry,2026-06-03,104.96,106.98,103.43,105.98,1222013.0
Consumption - Jewelry,2026-06-04,105.51,114.36,104.77,112.55,1706173.0
Consumption - Jewelry,2026-06-05,112.9,113.49,108.58,110.9,1143448.0
Consumption - Jewelry,2026-06-08,109.14,114.07,107.83,110.98,806081.0
Consumption - Jewelry,2026-06-09,111.56,113.49,109.0,111.42,882017.0
Consumption - Jewelry,2026-06-10,111.8,112.56,108.6,109.41,1462618.0
Consumption - Jewelry,2026-06-11,108.92,109.99,106.38,108.4,8648043.0
Consumption - Jewelry,2026-06-12,109.68,112.06,107.37,111.09,11574439.0
Consumption - Jewelry,2026-06-15,112.86,114.65,111.03,112.88,10239552.0
Consumption - Jewelry,2026-06-16,112.98,114.35,110.97,112.51,18433641.0
Consumption - Jewelry,2026-06-17,113.12,115.7,111.88,114.31,4324378.0
Consumption - Jewelry,2026-06-18,114.38,115.65,111.61,113.04,2909465.0
Consumption - Jewelry,2026-06-19,112.62,114.74,111.49,113.4,3564301.0
Consumption - Jewelry,2026-06-22,113.44,117.56,111.87,115.42,2223722.0
Consumption - Jewelry,2026-06-23,115.88,116.85,112.22,112.87,3072725.0
Consumption - Jewelry,2026-06-24,112.76,116.55,111.92,114.59,1316547.0
Consumption - Jewelry,2026-06-25,115.07,117.07,113.06,114.97,5116160.0
Consumption - Jewelry,2026-06-26,114.97,114.97,114.97,114.97,0.0
Consumption - Jewelry,2026-06-29,115.65,119.53,114.14,116.41,2251601.0
Consumption - Jewelry,2026-06-30,117.06,122.52,116.34,121.14,2845741.0
Consumption - Jewelry,2026-07-01,122.02,124.44,117.43,118.96,2510707.0
Consumption - Jewelry,2026-07-02,119.26,124.0,117.13,122.28,1434019.0
Consumption - Jewelry,2026-07-03,122.63,124.15,119.81,121.02,1178693.0
Consumption - Jewelry,2026-07-06,121.12,123.24,119.91,121.64,10595772.0
Consumption - Jewelry,2026-07-07,122.88,124.58,120.15,122.29,6976859.0
Consumption - Jewelry,2026-07-08,122.21,128.22,120.19,124.97,6997983.0
Consumption - Jewelry,2026-07-09,125.61,131.44,123.14,126.33,15838833.0
Consumption - Jewelry,2026-07-10,127.97,129.55,124.29,127.17,9926978.0
Consumption - Jewelry,2026-07-13,126.83,130.25,123.57,127.24,15606022.0
Consumption - Jewelry,2026-07-14,126.43,130.37,125.25,128.08,10120644.0
Consumption - Jewelry,2026-07-15,128.57,131.98,127.06,129.84,6265713.0
Consumption - Jewelry,2026-07-16,129.96,131.93,127.31,128.69,4569220.0
Consumption - Jewelry,2026-07-17,129.09,130.3,125.38,129.09,4450062.0
Consumption - Jewelry,2026-07-20,137.34,140.98,135.32,137.74,2694866.0
Consumption - Jewelry,2026-07-21,129.88,132.53,128.63,130.37,4064602.0
Consumption - Jewelry,2026-07-22,130.53,132.56,128.14,129.89,4203401.0
Consumption - Jewelry,2026-07-23,129.76,134.27,128.32,131.46,4678881.0
Consumption - Jewelry,2026-07-24,130.61,133.11,128.75,131.48,2325795.0
Consumption - Jewelry,2026-07-27,132.64,137.12,131.12,135.47,6586631.0
Consumption - Jewelry,2026-07-28,136.15,138.25,132.94,135.38,7115895.0
Consumption - Jewelry,2026-07-29,135.87,137.32,130.13,131.02,5310565.0
Consumption - Jewelry,2026-07-30,128.57,130.35,125.68,126.86,3434566.0
Consumption - Jewelry,2026-07-31,132.64,134.72,130.17,131.97,3595169.0
Consumption - Jewelry,2026-08-03,124.06,130.4,121.84,127.53,2205659.0
Consumption - Jewelry,2026-08-04,126.04,129.76,123.62,126.22,2844374.0
Consumption - Jewelry,2026-08-05,127.51,131.41,124.34,127.66,3715319.0
Consumption - Jewelry,2026-08-06,127.81,131.35,126.43,129.28,2742978.0
Consumption - Jewelry,2026-08-07,129.54,132.19,127.69,130.46,4893272.0
Consumption - Jewelry,2026-08-10,131.54,135.62,129.47,132.61,4482765.0
Consumption - Jewelry,2026-08-11,133.22,135.36,130.93,132.23,2887397.0
Consumption - Jewelry,2026-08-12,132.17,134.22,129.33,131.65,3758313.0
Consumption - Jewelry,2026-08-13,131.98,133.24,129.49,131.28,6682722.0
Consumption - Jewelry,2026-08-14,138.38,140.97,136.22,139.08,30565780.0
Consumption - Jewelry,2026-08-17,139.42,141.76,136.53,139.6,10515827.0
Consumption - Jewelry,2026-08-18,140.45,143.68,138.93,141.58,10361052.0
Consumption - Jewelry,2026-08-19,141.63,142.79,139.15,140.88,7535184.0
Consumption - Jewelry,2026-08-20,141.37,142.73,139.59,140.29,3114587.0
Consumption - Jewelry,2026-08-21,140.34,143.11,136.37,141.48,7338680.0
Consumption - Jewelry,2026-08-24,142.06,144.66,139.64,141.3,8283754.0
Consumption - Jewelry,2026-08-25,141.79,144.05,139.43,141.27,3928065.0
Consumption - Jewelry,2026-08-26,141.75,144.09,140.5,142.45,7439941.0
Consumption - Jewelry,2026-08-27,143.17,145.15,141.44,142.88,3805456.0
Consumption - Luggage,2026-05-27,100.87,101.44,99.04,100.0,180283.0
Consumption - Luggage,2026-05-28,100.0,100.0,100.0,100.0,0.0
Consumption - Luggage,2026-05-29,99.84,101.63,97.39,98.84,1497420.0
Consumption - Luggage,2026-06-01,99.51,111.94,98.74,106.31,14404192.0
Consumption - Luggage,2026-06-02,105.51,108.03,103.34,106.74,2092630.0
Consumption - Luggage,2026-06-03,106.73,107.82,102.29,104.49,896156.0
Consumption - Luggage,2026-06-04,104.2,106.49,102.58,104.97,497650.0
Consumption - Luggage,2026-06-05,105.08,108.6,104.62,107.6,201802.0
Consumption - Luggage,2026-06-08,107.18,107.4,101.42,102.63,179038.0
Consumption - Luggage,2026-06-09,103.38,104.47,102.12,103.46,123600.0
Consumption - Luggage,2026-06-10,103.92,106.14,101.76,102.18,89901.0
Consumption - Luggage,2026-06-11,102.07,102.3,99.04,99.52,199709.0
Consumption - Luggage,2026-06-12,100.24,103.77,99.62,101.41,323996.0
Consumption - Luggage,2026-06-15,102.43,107.89,102.4,107.35,187530.0
Consumption - Luggage,2026-06-16,107.98,108.63,105.31,105.93,133217.0
Consumption - Luggage,2026-06-17,106.28,111.27,106.17,109.57,129710.0
Consumption - Luggage,2026-06-18,110.4,110.83,106.49,108.44,168560.0
Consumption - Luggage,2026-06-19,109.02,110.18,107.2,109.25,128305.0
Consumption - Luggage,2026-06-22,109.4,109.77,107.02,107.74,110148.0
Consumption - Luggage,2026-06-23,108.66,109.3,104.88,105.32,108443.0
Consumption - Luggage,2026-06-24,105.33,105.59,104.12,104.76,97920.0
Consumption - Luggage,2026-06-25,104.82,106.88,103.69,104.32,104274.0
Consumption - Luggage,2026-06-26,104.32,104.32,104.32,104.32,0.0
Consumption - Luggage,2026-06-29,104.32,108.18,102.67,103.76,157750.0
Consumption - Luggage,2026-06-30,103.82,105.63,103.44,104.13,146787.0
Consumption - Luggage,2026-07-01,104.15,106.42,103.86,105.43,103092.0
Consumption - Luggage,2026-07-02,105.7,107.62,105.13,107.1,148278.0
Consumption - Luggage,2026-07-03,107.27,108.17,105.16,105.57,186271.0
Consumption - Luggage,2026-07-06,105.65,107.72,104.34,105.72,136685.0
Consumption - Luggage,2026-07-07,105.77,106.32,104.28,104.88,185014.0
Consumption - Luggage,2026-07-08,103.87,105.63,103.38,104.2,98298.0
Consumption - Luggage,2026-07-09,103.99,106.86,103.48,105.56,109534.0
Consumption - Luggage,2026-07-10,105.47,106.97,105.3,106.03,131966.0
Consumption - Luggage,2026-07-13,105.39,109.58,104.63,108.74,83945.0
Consumption - Luggage,2026-07-14,107.89,108.87,106.16,107.43,151379.0
Consumption - Luggage,2026-07-15,107.5,108.69,105.77,106.67,130402.0
Consumption - Luggage,2026-07-16,106.68,107.67,104.82,105.51,76803.0
Consumption - Luggage,2026-07-17,105.41,106.84,104.59,106.23,60932.0
Consumption - Luggage,2026-07-20,106.21,107.64,105.09,106.2,54314.0
Consumption - Luggage,2026-07-21,106.13,106.61,104.26,104.93,50886.0
Consumption - Luggage,2026-07-22,105.12,105.12,102.14,102.59,63830.0
Consumption - Luggage,2026-07-23,102.55,103.86,99.52,101.0,45329.0
Consumption - Luggage,2026-07-24,100.58,101.91,99.66,100.55,80328.0
Consumption - Luggage,2026-07-27,100.67,104.16,100.65,103.63,29804.0
Consumption - Luggage,2026-07-28,104.29,104.45,100.79,101.44,53814.0
Consumption - Luggage,2026-07-29,102.26,105.35,100.95,103.99,90354.0
Consumption - Luggage,2026-07-30,103.96,104.2,101.41,101.95,41200.0
Consumption - Luggage,2026-07-31,101.95,103.84,100.66,101.88,114324.0
Consumption - Luggage,2026-08-03,102.05,104.38,98.84,101.88,292672.0
Consumption - Luggage,2026-08-04,102.41,103.15,97.31,99.46,118498.0
Consumption - Luggage,2026-08-05,99.61,101.27,97.69,99.21,113690.0
Consumption - Luggage,2026-08-06,99.28,100.82,98.42,98.96,220136.0
Consumption - Luggage,2026-08-07,99.04,99.52,98.16,98.76,63662.0
Consumption - Luggage,2026-08-10,99.53,101.35,98.7,99.94,143104.0
Consumption - Luggage,2026-08-11,100.31,100.53,99.25,99.61,68006.0
Consumption - Luggage,2026-08-12,99.88,100.21,97.84,98.33,69101.0
Consumption - Luggage,2026-08-13,97.77,100.57,97.5,98.68,581630.0
Consumption - Luggage,2026-08-14,98.63,99.44,97.25,98.58,142400.0
Consumption - Luggage,2026-08-17,98.2,99.02,97.24,98.55,112292.0
Consumption - Luggage,2026-08-18,98.52,99.96,97.4,98.24,154836.0
Consumption - Luggage,2026-08-19,98.28,99.01,97.49,98.33,78680.0
Consumption - Luggage,2026-08-20,98.4,99.82,97.68,98.28,392836.0
Consumption - Luggage,2026-08-21,98.96,100.01,97.12,98.95,269997.0
Consumption - Luggage,2026-08-24,100.42,100.61,98.21,98.51,398064.0
Consumption - Luggage,2026-08-25,98.51,99.32,97.57,98.75,308206.0
Consumption - Luggage,2026-08-26,99.38,100.23,98.06,99.05,270786.0
Consumption - Luggage,2026-08-27,99.0,101.52,98.52,100.12,140330.0
Consumption - Misc,2026-05-27,99.74,101.28,98.56,100.0,723199.0
Consumption - Misc,2026-05-28,100.0,100.0,100.0,100.0,0.0
Consumption - Misc,2026-05-29,100.23,101.01,97.46,98.25,2710162.0
Consumption - Misc,2026-06-01,98.33,99.43,96.31,97.49,700854.0
Consumption - Misc,2026-06-02,96.85,99.67,96.03,98.98,1355174.0
Consumption - Misc,2026-06-03,99.03,99.88,96.74,98.32,908008.0
Consumption - Misc,2026-06-04,98.24,99.18,96.9,97.69,616425.0
Consumption - Misc,2026-06-05,97.9,98.72,96.57,97.25,540929.0
Consumption - Misc,2026-06-08,96.63,99.78,95.44,97.68,1435493.0
Consumption - Misc,2026-06-09,97.79,99.27,96.68,98.06,707984.0
Consumption - Misc,2026-06-10,98.14,100.67,97.12,98.28,966218.0
Consumption - Misc,2026-06-11,97.98,99.21,96.39,97.23,511462.0
Consumption - Misc,2026-06-12,98.05,99.21,96.62,97.87,541705.0
Consumption - Misc,2026-06-15,99.29,100.69,97.76,98.66,1165356.0
Consumption - Misc,2026-06-16,99.13,100.64,97.89,99.39,822930.0
Consumption - Misc,2026-06-17,99.71,100.67,98.43,99.29,1061431.0
Consumption - Misc,2026-06-18,99.77,101.74,98.34,99.47,1095746.0
Consumption - Misc,2026-06-19,99.63,100.72,98.43,99.39,1277089.0
Consumption - Misc,2026-06-22,99.89,102.53,98.72,100.1,1617938.0
Consumption - Misc,2026-06-23,100.51,101.21,98.62,99.2,993209.0
Consumption - Misc,2026-06-24,99.31,101.08,98.29,99.27,962531.0
Consumption - Misc,2026-06-25,99.76,100.92,98.33,99.29,852971.0
Consumption - Misc,2026-06-26,99.29,99.29,99.29,99.29,0.0
Consumption - Misc,2026-06-29,99.58,101.28,97.94,98.82,691624.0
Consumption - Misc,2026-06-30,98.64,100.06,97.71,98.91,1084422.0
Consumption - Misc,2026-07-01,99.28,100.94,98.12,99.06,828125.0
Consumption - Misc,2026-07-02,99.38,101.74,98.5,100.18,2577655.0
Consumption - Misc,2026-07-03,100.57,101.45,98.92,100.01,737461.0
Consumption - Misc,2026-07-06,100.12,101.15,98.82,99.88,1326094.0
Consumption - Misc,2026-07-07,100.35,100.94,98.31,99.37,1093546.0
Consumption - Misc,2026-07-08,99.0,100.52,97.36,98.2,675608.0
Consumption - Misc,2026-07-09,98.62,100.64,98.07,99.52,824922.0
Consumption - Misc,2026-07-10,100.04,101.97,99.1,101.01,1323255.0
Consumption - Misc,2026-07-13,100.72,103.61,99.09,101.96,1059109.0
Consumption - Misc,2026-07-14,101.68,103.4,100.27,101.22,1085558.0
Consumption - Misc,2026-07-15,101.41,103.1,100.1,101.28,791459.0
Consumption - Misc,2026-07-16,101.36,102.56,99.53,100.5,995376.0
Consumption - Misc,2026-07-17,101.91,102.93,99.63,101.65,703463.0
Consumption - Misc,2026-07-20,111.41,114.44,110.89,113.16,762333.0
Consumption - Misc,2026-07-21,103.31,106.45,102.32,104.27,845740.0
Consumption - Misc,2026-07-22,104.37,105.66,102.31,104.4,1113957.0
Consumption - Misc,2026-07-23,105.02,106.57,103.31,104.95,610375.0
Consumption - Misc,2026-07-24,104.27,106.87,103.06,105.21,542325.0
Consumption - Misc,2026-07-27,106.33,108.86,104.7,107.09,945622.0
Consumption - Misc,2026-07-28,107.12,112.04,105.16,108.51,5641517.0
Consumption - Misc,2026-07-29,109.24,110.34,106.64,108.14,1716981.0
Consumption - Misc,2026-07-30,107.11,108.95,104.83,105.53,1169485.0
Consumption - Misc,2026-07-31,106.31,107.63,103.37,106.05,1481215.0
Consumption - Misc,2026-08-03,105.95,108.58,103.52,106.09,925541.0
Consumption - Misc,2026-08-04,105.99,107.5,103.52,106.21,678120.0
Consumption - Misc,2026-08-05,106.43,108.58,104.55,107.13,1421105.0
Consumption - Misc,2026-08-06,107.11,108.02,105.0,105.93,905986.0
Consumption - Misc,2026-08-07,105.35,107.05,104.53,105.41,446318.0
Consumption - Misc,2026-08-10,105.62,106.95,104.27,105.62,500438.0
Consumption - Misc,2026-08-11,105.65,110.03,103.07,106.46,1057913.0
Consumption - Misc,2026-08-12,107.04,107.85,104.61,106.05,480401.0
Consumption - Misc,2026-08-13,106.06,108.77,105.39,107.83,522407.0
Consumption - Misc,2026-08-14,117.55,118.35,115.09,115.62,438420.0
Consumption - Misc,2026-08-17,116.12,117.03,114.28,114.97,420946.0
Consumption - Misc,2026-08-18,115.24,117.3,113.8,115.54,703620.0
Consumption - Misc,2026-08-19,116.17,120.71,114.67,118.22,808778.0
Consumption - Misc,2026-08-20,118.81,120.49,116.78,118.24,577444.0
Consumption - Misc,2026-08-21,117.93,119.24,116.26,117.38,536023.0
Consumption - Misc,2026-08-24,117.83,120.09,116.06,117.89,714804.0
Consumption - Misc,2026-08-25,117.9,119.29,116.87,118.07,1362532.0
Consumption - Misc,2026-08-26,118.45,120.89,117.03,119.4,4092693.0
Consumption - Misc,2026-08-27,119.51,120.93,117.81,118.95,1756518.0
Consumption - Misc,2026-08-28,199.45,201.09,196.45,198.79,76437.0
Consumption - Paints,2026-05-27,99.05,100.57,98.52,100.0,367882.0
Consumption - Paints,2026-05-28,100.0,100.0,100.0,100.0,0.0
Consumption - Paints,2026-05-29,100.21,102.12,97.74,99.21,1655824.0
Consumption - Paints,2026-06-01,100.68,103.35,97.87,98.89,888000.0
Consumption - Paints,2026-06-02,98.59,99.76,97.27,98.9,389546.0
Consumption - Paints,2026-06-03,98.68,99.58,97.02,98.39,400324.0
Consumption - Paints,2026-06-04,98.2,99.81,97.48,98.12,641903.0
Consumption - Paints,2026-06-05,98.25,99.37,97.63,98.56,551897.0
Consumption - Paints,2026-06-08,97.16,98.43,96.32,97.42,440649.0
Consumption - Paints,2026-06-09,97.9,100.08,97.56,99.69,471597.0
Consumption - Paints,2026-06-10,99.85,101.46,99.21,100.14,570712.0
Consumption - Paints,2026-06-11,99.51,100.04,98.12,99.04,333336.0
Consumption - Paints,2026-06-12,100.19,101.88,99.55,101.27,460511.0
Consumption - Paints,2026-06-15,104.02,104.78,100.96,101.44,986182.0
Consumption - Paints,2026-06-16,101.51,102.96,100.92,101.86,427504.0
Consumption - Paints,2026-06-17,102.5,102.87,101.1,101.47,281064.0
Consumption - Paints,2026-06-18,101.74,102.51,100.83,101.76,300880.0
Consumption - Paints,2026-06-19,101.6,103.1,100.61,102.25,2201695.0
Consumption - Paints,2026-06-22,102.35,103.46,100.29,100.83,619495.0
Consumption - Paints,2026-06-23,100.58,101.58,99.74,100.21,471882.0
Consumption - Paints,2026-06-24,99.89,101.4,99.35,100.4,523373.0
Consumption - Paints,2026-06-25,101.24,102.62,99.09,99.56,975377.0
Consumption - Paints,2026-06-26,99.56,99.56,99.56,99.56,0.0
Consumption - Paints,2026-06-29,99.25,101.0,98.38,99.67,1606510.0
Consumption - Paints,2026-06-30,99.93,100.39,98.55,98.83,639685.0
Consumption - Paints,2026-07-01,98.97,101.86,98.3,100.86,500619.0
Consumption - Paints,2026-07-02,101.19,103.57,100.75,102.74,675306.0
Consumption - Paints,2026-07-03,103.07,104.01,101.81,102.35,312396.0
Consumption - Paints,2026-07-06,102.04,103.97,101.73,103.05,327371.0
Consumption - Paints,2026-07-07,102.9,103.66,101.8,102.56,271970.0
Consumption - Paints,2026-07-08,100.97,101.96,98.83,99.88,609590.0
Consumption - Paints,2026-07-09,99.7,101.47,98.96,99.74,363309.0
Consumption - Paints,2026-07-10,100.57,101.86,99.72,100.08,363934.0
Consumption - Paints,2026-07-13,99.31,100.22,98.23,99.59,381014.0
Consumption - Paints,2026-07-14,98.2,99.75,97.04,98.88,369573.0
Consumption - Paints,2026-07-15,98.96,101.13,98.66,100.48,311386.0
Consumption - Paints,2026-07-16,100.84,101.49,99.59,100.3,235185.0
Consumption - Paints,2026-07-17,100.23,101.09,99.39,100.47,280025.0
Consumption - Paints,2026-07-20,100.35,101.41,99.41,100.77,264623.0
Consumption - Paints,2026-07-21,100.7,102.33,100.3,101.23,478407.0
Consumption - Paints,2026-07-22,100.87,101.53,99.65,100.66,240396.0
Consumption - Paints,2026-07-23,99.94,100.87,99.15,99.7,237610.0
Consumption - Paints,2026-07-24,98.43,99.9,98.12,99.15,242446.0
Consumption - Paints,2026-07-27,100.21,102.5,99.96,101.49,306946.0
Consumption - Paints,2026-07-28,101.51,102.66,100.76,101.65,453400.0
Consumption - Paints,2026-07-29,101.88,106.26,101.17,103.6,1302568.0
Consumption - Paints,2026-07-30,103.59,104.19,100.61,102.99,765146.0
Consumption - Paints,2026-07-31,122.81,124.82,121.46,123.58,555839.0
Consumption - Paints,2026-08-03,104.5,106.04,103.8,105.14,484134.0
Consumption - Paints,2026-08-04,104.48,105.91,103.26,104.72,470806.0
Consumption - Paints,2026-08-05,105.27,106.2,103.54,104.81,640508.0
Consumption - Paints,2026-08-06,105.48,106.81,104.15,105.5,632578.0
Consumption - Paints,2026-08-07,105.55,105.76,103.48,104.74,460166.0
Consumption - Paints,2026-08-10,105.39,106.6,104.49,105.83,429678.0
Consumption - Paints,2026-08-11,105.62,106.17,104.16,104.79,402995.0
Consumption - Paints,2026-08-12,104.88,106.16,103.57,105.21,723441.0
Consumption - Paints,2026-08-13,104.83,106.32,104.14,105.38,354027.0
Consumption - Paints,2026-08-14,107.08,107.67,103.8,104.33,1069662.0
Consumption - Paints,2026-08-17,104.66,106.6,104.15,104.77,379094.0
Consumption - Paints,2026-08-18,104.25,104.77,102.16,103.16,575456.0
Consumption - Paints,2026-08-19,103.04,103.58,101.93,103.04,562552.0
Consumption - Paints,2026-08-20,103.26,103.94,101.62,102.53,532991.0
Consumption - Paints,2026-08-21,102.37,103.73,101.88,103.25,264903.0
Consumption - Paints,2026-08-24,103.23,103.64,101.94,102.63,257540.0
Consumption - Paints,2026-08-25,102.32,102.81,101.17,102.25,262974.0
Consumption - Paints,2026-08-26,102.82,104.73,101.86,102.93,353177.0
Consumption - Paints,2026-08-27,103.48,104.05,102.33,102.6,331703.0
Consumption - Paints,2026-08-28,37.85,38.11,37.54,37.8,584490.0
Consumption - Personal,2026-05-27,97.25,101.68,96.57,100.0,1946388.0
Consumption - Personal,2026-05-28,100.0,100.0,100.0,100.0,0.0
Consumption - Personal,2026-05-29,100.34,100.91,96.5,97.37,2571754.0
Consumption - Personal,2026-06-01,97.82,98.14,94.71,95.06,2327683.0
Consumption - Personal,2026-06-02,94.73,95.87,93.88,94.52,2990586.0
Consumption - Personal,2026-06-03,95.01,95.32,93.39,94.31,2110308.0
Consumption - Personal,2026-06-04,94.21,95.4,93.53,94.13,3281508.0
Consumption - Personal,2026-06-05,94.52,95.3,93.9,94.57,3207335.0
Consumption - Personal,2026-06-08,94.46,95.17,92.82,93.57,4529008.0
Consumption - Personal,2026-06-09,93.99,95.54,93.47,94.17,4694041.0
Consumption - Personal,2026-06-10,94.41,97.52,94.11,94.71,5061755.0
Consumption - Personal,2026-06-11,94.59,95.68,93.72,94.24,9675717.0
Consumption - Personal,2026-06-12,95.0,97.44,94.54,95.53,4886454.0
Consumption - Personal,2026-06-15,96.49,98.06,95.04,95.41,4147070.0
Consumption - Personal,2026-06-16,96.03,96.54,94.94,95.86,7003489.0
Consumption - Personal,2026-06-17,96.68,98.62,95.99,96.53,5088437.0
Consumption - Personal,2026-06-18,96.49,97.29,95.8,96.52,7146821.0
Consumption - Personal,2026-06-19,96.3,97.39,95.52,96.28,6700837.0
Consumption - Personal,2026-06-22,96.92,97.26,95.8,96.25,6496868.0
Consumption - Personal,2026-06-23,96.35,96.89,95.28,95.95,2991995.0
Consumption - Personal,2026-06-24,96.01,96.64,94.83,95.34,6853245.0
Consumption - Personal,2026-06-25,95.44,96.1,94.42,94.84,4262293.0
Consumption - Personal,2026-06-26,94.84,94.84,94.84,94.84,0.0
Consumption - Personal,2026-06-29,94.88,95.83,92.79,93.68,6294655.0
Consumption - Personal,2026-06-30,94.31,95.16,93.1,94.72,4614891.0
Consumption - Personal,2026-07-01,94.76,96.36,94.31,95.29,3662190.0
Consumption - Personal,2026-07-02,95.63,95.93,94.4,94.85,4217017.0
Consumption - Personal,2026-07-03,95.04,95.89,94.13,94.81,5947553.0
Consumption - Personal,2026-07-06,94.78,97.45,94.61,96.71,13262775.0
Consumption - Personal,2026-07-07,96.83,98.05,96.07,97.57,17606261.0
Consumption - Personal,2026-07-08,97.04,98.09,94.67,95.38,15768806.0
Consumption - Personal,2026-07-09,95.84,97.64,95.63,96.87,21215543.0
Consumption - Personal,2026-07-10,97.18,98.35,96.7,97.55,20793176.0
Consumption - Personal,2026-07-13,97.08,98.84,96.37,97.48,13089729.0
Consumption - Personal,2026-07-14,97.12,97.84,95.88,96.35,13252273.0
Consumption - Personal,2026-07-15,96.44,97.43,95.35,96.1,9490065.0
Consumption - Personal,2026-07-16,96.25,96.86,95.12,95.53,9242733.0
Consumption - Personal,2026-07-17,95.53,96.36,94.35,95.85,7956556.0
Consumption - Personal,2026-07-20,95.92,97.47,95.34,96.61,12939340.0
Consumption - Personal,2026-07-21,96.7,97.91,96.01,97.26,6216371.0
Consumption - Personal,2026-07-22,97.21,97.74,95.96,97.38,5681211.0
Consumption - Personal,2026-07-23,97.08,98.27,95.8,96.36,3342586.0
Consumption - Personal,2026-07-24,96.06,97.22,95.47,96.72,5193572.0
Consumption - Personal,2026-07-27,96.99,99.98,96.62,98.24,5334586.0
Consumption - Personal,2026-07-28,98.4,99.5,96.36,96.87,9191909.0
Consumption - Personal,2026-07-29,97.86,99.11,96.56,98.28,10873627.0
Consumption - Personal,2026-07-30,98.64,98.95,95.38,96.03,5096247.0
Consumption - Personal,2026-07-31,96.32,96.57,93.95,94.94,2923993.0
Consumption - Personal,2026-08-03,94.97,96.82,94.65,95.82,2744815.0
Consumption - Personal,2026-08-04,96.32,96.53,94.45,94.95,6169274.0
Consumption - Personal,2026-08-05,95.71,96.48,94.64,95.46,9990895.0
Consumption - Personal,2026-08-06,95.5,96.16,95.23,95.55,8098770.0
Consumption - Personal,2026-08-07,95.53,96.01,94.73,95.5,9487943.0
Consumption - Personal,2026-08-10,95.59,95.92,94.82,95.23,5363698.0
Consumption - Personal,2026-08-11,95.21,95.7,94.46,95.13,7809038.0
Consumption - Personal,2026-08-12,95.33,95.46,94.35,94.71,9893547.0
Consumption - Personal,2026-08-13,94.65,95.22,94.15,94.65,9457771.0
Consumption - Personal,2026-08-14,94.59,95.34,93.96,94.29,5436928.0
Consumption - Personal,2026-08-17,94.63,94.74,92.97,93.4,12268126.0
Consumption - Personal,2026-08-18,93.35,93.77,92.08,92.52,14186810.0
Consumption - Personal,2026-08-19,92.68,93.0,91.65,92.35,7148894.0
Consumption - Personal,2026-08-20,92.7,93.41,91.67,92.53,5432243.0
Consumption - Personal,2026-08-21,92.54,93.0,91.95,92.16,3560241.0
Consumption - Personal,2026-08-24,91.83,92.18,90.78,91.1,3447966.0
Consumption - Personal,2026-08-25,91.15,91.75,90.52,91.25,2551082.0
Consumption - Personal,2026-08-26,91.56,91.78,89.41,90.89,2244650.0
Consumption - Personal,2026-08-27,90.94,91.6,89.72,90.59,4265192.0
Consumption - Retail,2026-05-27,99.49,100.83,98.66,100.0,487266.0
Consumption - Retail,2026-05-28,100.0,100.0,100.0,100.0,0.0
Consumption - Retail,2026-05-29,100.42,101.26,97.72,98.9,1498238.0
Consumption - Retail,2026-06-01,99.4,100.38,97.99,98.87,916927.0
Consumption - Retail,2026-06-02,97.35,99.94,96.76,99.38,622315.0
Consumption - Retail,2026-06-03,99.54,101.81,98.22,101.07,906846.0
Consumption - Retail,2026-06-04,100.83,102.12,99.08,100.6,1159542.0
Consumption - Retail,2026-06-05,100.52,101.99,98.92,99.69,838069.0
Consumption - Retail,2026-06-08,98.61,100.02,96.86,97.65,626088.0
Consumption - Retail,2026-06-09,98.13,100.37,97.78,99.11,588894.0
Consumption - Retail,2026-06-10,99.08,101.77,97.66,98.18,852394.0
Consumption - Retail,2026-06-11,98.05,98.97,95.97,97.0,602113.0
Consumption - Retail,2026-06-12,98.47,99.24,96.74,98.14,713365.0
Consumption - Retail,2026-06-15,99.34,103.03,98.85,101.4,967582.0
Consumption - Retail,2026-06-16,101.73,103.15,100.83,102.59,462630.0
Consumption - Retail,2026-06-17,102.87,107.17,102.47,106.42,2332538.0
Consumption - Retail,2026-06-18,106.89,108.77,106.35,107.92,993702.0
Consumption - Retail,2026-06-19,107.85,109.08,106.59,108.19,1267980.0
Consumption - Retail,2026-06-22,108.61,109.67,107.55,108.16,606644.0
Consumption - Retail,2026-06-23,107.78,110.03,106.89,108.15,647094.0
Consumption - Retail,2026-06-24,108.33,111.4,106.86,108.96,1148282.0
Consumption - Retail,2026-06-25,109.43,110.02,107.28,107.72,639887.0
Consumption - Retail,2026-06-26,107.72,107.72,107.72,107.72,0.0
Consumption - Retail,2026-06-29,107.68,110.4,107.36,109.05,892923.0
Consumption - Retail,2026-06-30,109.32,110.51,108.23,109.86,1054200.0
Consumption - Retail,2026-07-01,109.63,110.59,107.58,109.78,1450618.0
Consumption - Retail,2026-07-02,110.02,111.15,107.28,108.3,2506820.0
Consumption - Retail,2026-07-03,107.91,108.39,105.77,106.38,1585437.0
Consumption - Retail,2026-07-06,106.88,107.85,105.99,107.21,858561.0
Consumption - Retail,2026-07-07,104.19,104.48,101.42,102.08,1929392.0
Consumption - Retail,2026-07-08,101.65,103.1,100.44,101.47,891373.0
Consumption - Retail,2026-07-09,101.64,102.75,100.13,101.52,697736.0
Consumption - Retail,2026-07-10,102.0,103.12,100.67,101.86,1499816.0
Consumption - Retail,2026-07-13,100.02,101.57,98.89,100.75,1134358.0
Consumption - Retail,2026-07-14,100.64,100.86,98.49,99.23,545849.0
Consumption - Retail,2026-07-15,99.37,100.42,98.55,99.55,568886.0
Consumption - Retail,2026-07-16,99.69,101.09,99.26,99.85,490458.0
Consumption - Retail,2026-07-17,99.89,100.54,98.87,99.45,577499.0
Consumption - Retail,2026-07-20,99.39,101.91,98.94,101.29,575473.0
Consumption - Retail,2026-07-21,101.31,101.94,100.2,100.75,366989.0
Consumption - Retail,2026-07-22,100.93,101.53,99.73,100.7,410268.0
Consumption - Retail,2026-07-23,100.48,102.96,99.92,100.86,601838.0
Consumption - Retail,2026-07-24,100.06,102.22,99.02,100.4,518329.0
Consumption - Retail,2026-07-27,100.91,102.09,99.94,101.07,712727.0
Consumption - Retail,2026-07-28,101.14,102.27,97.24,98.77,904524.0
Consumption - Retail,2026-07-29,99.12,100.86,98.28,100.25,576930.0
Consumption - Retail,2026-07-30,100.18,102.42,99.38,100.59,794450.0
Consumption - Retail,2026-07-31,100.91,102.22,100.37,101.42,1200174.0
Consumption - Retail,2026-08-03,102.08,103.56,100.96,103.23,978446.0
Consumption - Retail,2026-08-04,103.48,104.53,102.36,104.04,1338766.0
Consumption - Retail,2026-08-05,104.15,105.14,102.73,103.92,3177933.0
Consumption - Retail,2026-08-06,104.35,106.32,102.6,103.75,2519752.0
Consumption - Retail,2026-08-07,103.92,104.45,101.25,102.1,9172217.0
Consumption - Retail,2026-08-10,102.38,105.27,101.62,104.75,17304507.0
Consumption - Retail,2026-08-11,104.76,105.47,103.51,104.55,7701757.0
Consumption - Retail,2026-08-12,104.35,105.14,103.36,104.06,5556429.0
Consumption - Retail,2026-08-13,104.19,105.06,102.73,104.55,1991619.0
Consumption - Retail,2026-08-14,121.69,123.4,120.86,121.9,1197738.0
Consumption - Retail,2026-08-17,121.93,122.22,120.09,120.44,854605.0
Consumption - Retail,2026-08-18,120.44,121.69,119.4,120.38,669756.0
Consumption - Retail,2026-08-19,120.57,121.66,119.7,120.09,390552.0
Consumption - Retail,2026-08-20,120.5,122.28,119.73,120.3,445297.0
Consumption - Retail,2026-08-21,120.62,121.68,117.91,119.28,756492.0
Consumption - Retail,2026-08-24,119.62,120.5,117.94,119.49,497624.0
Consumption - Retail,2026-08-25,119.57,120.42,118.17,119.27,459554.0
Consumption - Retail,2026-08-26,119.72,120.25,116.02,117.56,828440.0
Consumption - Retail,2026-08-27,117.38,118.56,116.3,116.95,355122.0
Consumption - Retail,2026-08-28,208.26,209.76,207.21,208.81,469847.0
Defense - Misc,2026-05-27,100.29,101.66,98.52,100.0,1505384.0
Defense - Misc,2026-05-28,100.0,100.0,100.0,100.0,0.0
Defense - Misc,2026-05-29,100.55,102.39,97.39,99.38,3717818.0
Defense - Misc,2026-06-01,100.0,100.56,94.92,95.95,2172022.0
Defense - Misc,2026-06-02,95.84,98.05,93.98,96.68,2011002.0
Defense - Misc,2026-06-03,97.17,99.16,95.98,97.95,1150278.0
Defense - Misc,2026-06-04,97.89,100.7,96.58,98.08,2513452.0
Defense - Misc,2026-06-05,98.6,100.24,97.16,98.24,2852876.0
Defense - Misc,2026-06-08,96.35,97.88,94.61,95.74,2097086.0
Defense - Misc,2026-06-09,96.55,98.36,95.26,97.42,2459278.0
Defense - Misc,2026-06-10,97.63,98.63,94.12,94.78,1468371.0
Defense - Misc,2026-06-11,94.66,96.16,90.49,91.27,1672934.0
Defense - Misc,2026-06-12,93.09,95.71,92.16,94.32,2026567.0
Defense - Misc,2026-06-15,96.26,98.12,94.5,96.13,2233205.0
Defense - Misc,2026-06-16,96.45,97.8,94.45,95.78,1841126.0
Defense - Misc,2026-06-17,95.99,100.81,95.59,100.03,4457480.0
Defense - Misc,2026-06-18,100.56,102.8,99.45,100.89,4609497.0
Defense - Misc,2026-06-19,101.27,103.93,100.21,102.03,3547186.0
Defense - Misc,2026-06-22,102.4,104.05,100.78,103.06,1803195.0
Defense - Misc,2026-06-23,103.39,104.12,100.11,101.09,2134094.0
Defense - Misc,2026-06-24,100.92,102.44,98.46,99.2,1491580.0
Defense - Misc,2026-06-25,99.3,100.6,96.67,97.58,2570374.0
Defense - Misc,2026-06-26,97.58,97.58,97.58,97.58,0.0
Defense - Misc,2026-06-29,96.78,98.59,94.87,96.74,3256526.0
Defense - Misc,2026-06-30,96.39,101.19,95.94,100.03,2395916.0
Defense - Misc,2026-07-01,100.57,102.54,99.47,100.38,1452899.0
Defense - Misc,2026-07-02,100.54,101.48,98.73,99.97,1607204.0
Defense - Misc,2026-07-03,99.59,100.95,97.61,98.58,1586448.0
Defense - Misc,2026-07-06,98.56,101.89,97.55,99.98,2345369.0
Defense - Misc,2026-07-07,99.74,100.73,96.24,98.73,1213333.0
Defense - Misc,2026-07-08,98.12,100.14,95.86,96.97,1751479.0
Defense - Misc,2026-07-09,97.31,99.54,94.89,96.73,1497616.0
Defense - Misc,2026-07-10,97.28,100.1,95.71,98.96,1543811.0
Defense - Misc,2026-07-13,98.46,99.17,96.08,97.37,915871.0
Defense - Misc,2026-07-14,96.47,97.19,95.35,96.48,1269610.0
Defense - Misc,2026-07-15,96.35,98.73,95.82,96.92,1101346.0
Defense - Misc,2026-07-16,96.68,98.4,95.59,96.96,704473.0
Defense - Misc,2026-07-17,96.27,96.92,94.99,95.99,859901.0
Defense - Misc,2026-07-20,95.3,97.07,95.0,96.47,763633.0
Defense - Misc,2026-07-21,96.16,97.78,95.22,96.53,782791.0
Defense - Misc,2026-07-22,97.02,97.84,95.4,96.22,924179.0
Defense - Misc,2026-07-23,96.37,97.55,94.65,95.74,1157858.0
Defense - Misc,2026-07-24,95.04,96.53,94.14,95.85,767518.0
Defense - Misc,2026-07-27,96.19,97.5,94.92,96.49,1090053.0
Defense - Misc,2026-07-28,96.57,96.83,93.59,94.22,3409655.0
Defense - Misc,2026-07-29,93.91,95.69,92.84,93.37,3212544.0
Defense - Misc,2026-07-30,93.27,94.31,92.36,93.58,1767685.0
Defense - Misc,2026-07-31,94.33,96.36,94.17,95.31,1868259.0
Defense - Misc,2026-08-03,96.06,98.39,95.87,97.62,1119190.0
Defense - Misc,2026-08-04,98.28,99.16,97.49,98.08,1217364.0
Defense - Misc,2026-08-05,99.03,100.06,96.56,98.47,1487372.0
Defense - Misc,2026-08-06,99.41,102.23,98.33,101.11,2561954.0
Defense - Misc,2026-08-07,101.21,103.2,98.88,101.75,1694107.0
Defense - Misc,2026-08-10,102.17,104.25,99.64,101.5,1216351.0
Defense - Misc,2026-08-11,101.39,102.06,98.26,100.12,847399.0
Defense - Misc,2026-08-12,99.81,101.9,98.57,100.8,1851053.0
Defense - Misc,2026-08-13,101.31,106.21,100.52,104.65,3170573.0
Defense - Misc,2026-08-14,104.69,106.13,101.62,104.37,1597657.0
Defense - Misc,2026-08-17,104.44,106.57,103.34,104.52,1264060.0
Defense - Misc,2026-08-18,104.74,108.2,104.2,107.26,1717714.0
Defense - Misc,2026-08-19,107.05,107.99,104.28,105.18,1497783.0
Defense - Misc,2026-08-20,104.56,106.88,103.31,105.6,892042.0
Defense - Misc,2026-08-21,105.6,106.98,104.48,105.29,1643029.0
Defense - Misc,2026-08-24,111.42,112.3,109.43,110.79,1230246.0
Defense - Misc,2026-08-25,110.8,111.3,108.89,110.3,1380817.0
Defense - Misc,2026-08-26,110.53,112.75,109.87,111.38,1116346.0
Defense - Misc,2026-08-27,111.53,113.85,110.81,112.46,1140523.0
Defense - Misc,2026-08-28,479.32,479.95,470.08,473.63,128626.0
Defense - Technology,2026-05-27,98.31,102.19,97.77,100.0,10586591.0
Defense - Technology,2026-05-28,100.0,100.0,100.0,100.0,0.0
Defense - Technology,2026-05-29,100.47,102.39,97.22,98.45,4535104.0
Defense - Technology,2026-06-01,99.14,99.86,93.12,93.99,6997310.0
Defense - Technology,2026-06-02,93.66,98.59,92.67,97.55,8994579.0
Defense - Technology,2026-06-03,97.78,99.55,95.69,97.31,8911579.0
Defense - Technology,2026-06-04,97.97,104.22,97.47,102.4,7795333.0
Defense - Technology,2026-06-05,103.51,106.3,102.34,103.75,6587839.0
Defense - Technology,2026-06-08,102.34,106.06,100.39,101.85,6204578.0
Defense - Technology,2026-06-09,102.2,109.53,101.52,108.02,6406780.0
Defense - Technology,2026-06-10,108.9,110.8,103.77,104.23,3596483.0
Defense - Technology,2026-06-11,103.34,105.79,100.12,100.87,4620529.0
Defense - Technology,2026-06-12,102.66,107.8,101.81,106.67,5818253.0
Defense - Technology,2026-06-15,108.31,109.27,103.71,105.46,6312227.0
Defense - Technology,2026-06-16,105.85,108.56,104.03,107.77,5213587.0
Defense - Technology,2026-06-17,108.55,113.9,107.49,113.0,5012990.0
Defense - Technology,2026-06-18,113.12,116.9,111.86,114.74,3961426.0
Defense - Technology,2026-06-19,114.33,118.77,113.36,116.16,3163326.0
Defense - Technology,2026-06-22,116.77,118.29,114.53,115.59,2313319.0
Defense - Technology,2026-06-23,115.77,117.21,112.18,114.3,2393026.0
Defense - Technology,2026-06-24,114.15,115.56,108.25,109.92,2603853.0
Defense - Technology,2026-06-25,110.1,111.32,106.97,108.4,2920798.0
Defense - Technology,2026-06-26,108.4,108.4,108.4,108.4,0.0
Defense - Technology,2026-06-29,108.44,109.99,105.5,107.83,5666897.0
Defense - Technology,2026-06-30,108.42,110.26,106.91,109.2,5084043.0
Defense - Technology,2026-07-01,109.78,111.64,108.38,109.76,1797629.0
Defense - Technology,2026-07-02,110.41,113.52,109.18,111.97,4046384.0
Defense - Technology,2026-07-03,112.49,113.76,108.59,110.34,7564821.0
Defense - Technology,2026-07-06,110.94,114.46,109.58,112.96,7164821.0
Defense - Technology,2026-07-07,113.32,114.26,108.32,109.29,5797000.0
Defense - Technology,2026-07-08,108.78,112.33,106.59,107.96,3795765.0
Defense - Technology,2026-07-09,108.17,109.9,107.03,108.13,3146873.0
Defense - Technology,2026-07-10,108.87,110.87,107.12,109.9,3898848.0
Defense - Technology,2026-07-13,109.45,110.22,106.58,107.49,1487514.0
Defense - Technology,2026-07-14,107.32,108.21,104.55,106.49,2140923.0
Defense - Technology,2026-07-15,106.95,108.74,105.66,106.49,1456217.0
Defense - Technology,2026-07-16,106.72,107.22,103.95,105.06,1100040.0
Defense - Technology,2026-07-17,105.19,105.84,102.64,103.8,1052498.0
Defense - Technology,2026-07-20,103.6,105.24,101.77,102.9,968809.0
Defense - Technology,2026-07-21,102.88,107.77,101.14,106.54,1785315.0
Defense - Technology,2026-07-22,107.15,114.17,105.84,113.25,4264661.0
Defense - Technology,2026-07-23,111.76,114.55,109.65,111.1,1647295.0
Defense - Technology,2026-07-24,109.83,112.69,107.68,111.02,1303294.0
Defense - Technology,2026-07-27,109.42,112.16,108.17,109.73,1329787.0
Defense - Technology,2026-07-28,109.7,110.46,103.95,105.39,2122676.0
Defense - Technology,2026-07-29,105.86,107.67,104.5,106.98,1422505.0
Defense - Technology,2026-07-30,106.88,107.8,104.68,106.33,959945.0
Defense - Technology,2026-07-31,103.86,109.0,103.21,106.32,2623784.0
Defense - Technology,2026-08-03,107.11,109.72,105.38,108.51,1333608.0
Defense - Technology,2026-08-04,108.9,112.06,108.04,110.11,1318284.0
Defense - Technology,2026-08-05,110.44,110.85,107.69,108.32,1209380.0
Defense - Technology,2026-08-06,108.11,110.1,105.6,108.88,1522210.0
Defense - Technology,2026-08-07,108.74,110.74,107.88,108.97,843657.0
Defense - Technology,2026-08-10,109.11,110.95,105.98,107.95,1850071.0
Defense - Technology,2026-08-11,107.29,109.99,106.35,107.79,1070255.0
Defense - Technology,2026-08-12,107.6,110.22,106.52,107.95,1276498.0
Defense - Technology,2026-08-13,108.05,110.21,107.4,108.69,1328435.0
Defense - Technology,2026-08-14,108.84,111.54,107.46,109.08,1489860.0
Defense - Technology,2026-08-17,109.52,111.1,108.15,109.27,1083955.0
Defense - Technology,2026-08-18,109.06,115.21,108.89,114.3,1633164.0
Defense - Technology,2026-08-19,115.09,116.66,111.91,113.24,1321546.0
Defense - Technology,2026-08-20,114.0,115.47,110.51,111.67,1310974.0
Defense - Technology,2026-08-21,111.97,116.48,111.17,113.19,1947395.0
Defense - Technology,2026-08-24,113.37,114.56,110.85,111.66,1811904.0
Defense - Technology,2026-08-25,111.67,112.99,108.21,109.55,1499453.0
Defense - Technology,2026-08-26,109.88,113.8,109.11,112.36,1378515.0
Defense - Technology,2026-08-27,112.25,112.63,109.74,110.31,1023414.0
Defense - Technology,2026-08-28,132.5,133.4,130.71,131.82,1253992.0
Electronic - Equipment,2026-05-27,99.08,101.1,98.09,100.0,448001.0
Electronic - Equipment,2026-05-28,100.0,100.0,100.0,100.0,0.0
Electronic - Equipment,2026-05-29,100.44,101.95,97.63,99.06,1145485.0
Electronic - Equipment,2026-06-01,99.68,101.35,97.36,97.89,670374.0
Electronic - Equipment,2026-06-02,97.75,100.85,96.87,98.29,704421.0
Electronic - Equipment,2026-06-03,98.83,99.59,96.41,98.05,1250927.0
Electronic - Equipment,2026-06-04,98.3,99.93,96.79,97.61,655770.0
Electronic - Equipment,2026-06-05,98.58,99.48,96.67,97.99,439905.0
Electronic - Equipment,2026-06-08,96.93,100.63,95.98,97.05,440210.0
Electronic - Equipment,2026-06-09,97.82,99.53,97.42,98.77,357185.0
Electronic - Equipment,2026-06-10,99.19,102.38,97.45,100.18,412361.0
Electronic - Equipment,2026-06-11,100.07,101.98,97.48,98.7,451173.0
Electronic - Equipment,2026-06-12,99.62,102.67,99.29,101.77,413610.0
Electronic - Equipment,2026-06-15,102.77,104.87,100.72,101.56,477426.0
Electronic - Equipment,2026-06-16,102.64,104.07,101.38,103.22,562267.0
Electronic - Equipment,2026-06-17,103.5,105.1,101.81,103.01,421911.0
Electronic - Equipment,2026-06-18,103.87,106.1,102.7,104.66,429887.0
Electronic - Equipment,2026-06-19,104.67,106.4,103.65,105.13,400958.0
Electronic - Equipment,2026-06-22,106.04,108.02,104.98,107.28,378055.0
Electronic - Equipment,2026-06-23,107.38,109.86,106.25,106.89,1154528.0
Electronic - Equipment,2026-06-24,107.46,110.19,106.85,108.4,886150.0
Electronic - Equipment,2026-06-25,108.59,110.52,107.73,109.05,768473.0
Electronic - Equipment,2026-06-26,109.05,109.05,109.05,109.05,0.0
Electronic - Equipment,2026-06-29,109.45,110.61,106.9,108.17,560285.0
Electronic - Equipment,2026-06-30,108.17,110.89,107.89,109.9,4125107.0
Electronic - Equipment,2026-07-01,110.34,112.17,108.91,109.7,1607090.0
Electronic - Equipment,2026-07-02,110.45,111.22,108.59,109.78,689409.0
Electronic - Equipment,2026-07-03,110.22,111.04,109.1,109.98,1076896.0
Electronic - Equipment,2026-07-06,110.16,110.86,107.02,107.87,756756.0
Electronic - Equipment,2026-07-07,108.18,108.73,105.3,106.26,665603.0
Electronic - Equipment,2026-07-08,105.77,107.27,103.75,105.59,690134.0
Electronic - Equipment,2026-07-09,105.87,108.35,105.47,106.63,809989.0
Electronic - Equipment,2026-07-10,107.27,108.37,106.09,107.16,527185.0
Electronic - Equipment,2026-07-13,106.89,107.83,105.09,107.07,432390.0
Electronic - Equipment,2026-07-14,106.94,107.69,105.81,106.5,333890.0
Electronic - Equipment,2026-07-15,107.37,110.72,106.27,109.74,393237.0
Electronic - Equipment,2026-07-16,110.07,111.57,108.57,109.54,1199696.0
Electronic - Equipment,2026-07-17,108.9,110.05,107.7,108.93,626032.0
Electronic - Equipment,2026-07-20,109.18,109.69,106.67,107.34,363745.0
Electronic - Equipment,2026-07-21,107.55,109.47,106.89,108.28,391238.0
Electronic - Equipment,2026-07-22,108.52,109.08,106.4,107.1,1371302.0
Electronic - Equipment,2026-07-23,107.0,107.85,105.63,106.48,362509.0
Electronic - Equipment,2026-07-24,106.12,107.06,104.24,105.23,449530.0
Electronic - Equipment,2026-07-27,106.08,107.58,104.69,105.59,691489.0
Electronic - Equipment,2026-07-28,105.63,106.43,104.24,105.2,404515.0
Electronic - Equipment,2026-07-29,105.43,114.66,104.94,111.53,698413.0
Electronic - Equipment,2026-07-30,111.6,112.81,109.12,110.04,1303070.0
Electronic - Equipment,2026-07-31,110.77,112.25,107.0,108.27,719980.0
Electronic - Equipment,2026-08-03,108.93,110.88,108.22,109.42,503756.0
Electronic - Equipment,2026-08-04,109.79,110.56,108.13,109.07,610812.0
Electronic - Equipment,2026-08-05,109.3,110.82,108.41,109.84,547707.0
Electronic - Equipment,2026-08-06,109.73,111.09,108.53,109.49,582363.0
Electronic - Equipment,2026-08-07,109.25,110.87,108.23,109.58,1088891.0
Electronic - Equipment,2026-08-10,109.17,111.41,108.16,110.38,1775037.0
Electronic - Equipment,2026-08-11,110.39,112.04,108.86,109.95,702849.0
Electronic - Equipment,2026-08-12,115.18,116.55,113.52,114.53,440917.0
Electronic - Equipment,2026-08-13,114.68,115.92,112.73,113.52,407948.0
Electronic - Equipment,2026-08-14,130.91,132.81,129.12,130.73,430552.0
Electronic - Equipment,2026-08-17,130.19,131.62,127.6,128.75,501443.0
Electronic - Equipment,2026-08-18,130.29,131.46,127.66,129.23,592198.0
Electronic - Equipment,2026-08-19,129.36,130.92,127.13,129.05,505292.0
Electronic - Equipment,2026-08-20,130.13,132.89,127.8,130.58,624717.0
Electronic - Equipment,2026-08-21,130.62,132.08,129.15,130.49,382747.0
Electronic - Equipment,2026-08-24,131.48,132.84,129.28,130.17,477007.0
Electronic - Equipment,2026-08-25,129.94,131.87,128.8,130.58,433600.0
Electronic - Equipment,2026-08-26,130.95,133.02,129.42,130.73,479393.0
Electronic - Equipment,2026-08-27,129.99,132.72,129.66,131.79,331695.0
Electronic - Equipment,2026-08-28,37.53,38.09,36.81,37.07,463798.0
Engineering,2026-05-27,99.28,102.26,97.53,100.0,1055320.0
Engineering,2026-05-28,100.0,100.0,100.0,100.0,0.0
Engineering,2026-05-29,99.79,100.63,96.1,97.06,370831.0
Engineering,2026-06-01,97.48,99.43,94.75,95.79,276119.0
Engineering,2026-06-02,95.52,97.81,94.25,96.47,359966.0
Engineering,2026-06-03,96.77,98.33,95.04,96.56,574026.0
Engineering,2026-06-04,96.53,98.9,95.49,96.85,343528.0
Engineering,2026-06-05,97.15,98.38,95.77,96.69,209896.0
Engineering,2026-06-08,95.96,97.52,94.14,95.4,242591.0
Engineering,2026-06-09,95.58,97.69,94.72,96.26,286997.0
Engineering,2026-06-10,96.79,98.03,94.48,95.41,381151.0
Engineering,2026-06-11,94.96,96.5,93.68,94.89,195607.0
Engineering,2026-06-12,95.89,99.5,95.09,98.26,408644.0
Engineering,2026-06-15,100.08,102.56,98.29,100.21,301501.0
Engineering,2026-06-16,100.93,102.23,98.82,100.2,244086.0
Engineering,2026-06-17,100.08,104.38,99.47,102.46,563365.0
Engineering,2026-06-18,102.94,105.14,101.16,103.07,638501.0
Engineering,2026-06-19,103.02,106.39,102.09,104.25,474565.0
Engineering,2026-06-22,104.99,107.29,103.04,105.25,418305.0
Engineering,2026-06-23,105.74,106.67,102.9,104.02,340801.0
Engineering,2026-06-24,104.05,105.35,101.81,102.89,181142.0
Engineering,2026-06-25,103.3,104.91,101.43,102.48,230683.0
Engineering,2026-06-26,102.48,102.48,102.48,102.48,0.0
Engineering,2026-06-29,102.54,104.72,100.85,102.78,276583.0
Engineering,2026-06-30,103.41,105.82,101.69,103.79,211747.0
Engineering,2026-07-01,104.4,106.25,102.21,103.67,286758.0
Engineering,2026-07-02,104.36,105.18,102.51,103.69,182016.0
Engineering,2026-07-03,104.56,105.47,102.07,103.45,236362.0
Engineering,2026-07-06,103.78,104.92,102.24,103.6,225423.0
Engineering,2026-07-07,103.72,104.62,101.65,102.72,239267.0
Engineering,2026-07-08,102.24,103.94,99.89,101.39,360454.0
Engineering,2026-07-09,101.47,104.46,100.84,102.42,370477.0
Engineering,2026-07-10,103.0,105.22,102.08,103.88,751475.0
Engineering,2026-07-13,103.68,105.47,102.11,103.69,464744.0
Engineering,2026-07-14,103.44,104.35,101.58,102.9,291387.0
Engineering,2026-07-15,103.34,105.75,102.22,103.96,189674.0
Engineering,2026-07-16,104.29,106.29,102.25,103.96,158246.0
Engineering,2026-07-17,104.49,104.86,101.43,102.75,159010.0
Engineering,2026-07-20,102.96,104.92,101.84,103.62,154278.0
Engineering,2026-07-21,104.02,105.49,102.54,103.94,152155.0
Engineering,2026-07-22,104.04,104.6,101.9,102.71,131897.0
Engineering,2026-07-23,102.77,103.73,100.98,101.9,152296.0
Engineering,2026-07-24,101.45,107.86,100.04,103.12,127137.0
Engineering,2026-07-27,104.03,106.32,102.48,104.66,137920.0
Engineering,2026-07-28,104.67,105.8,102.32,103.44,126410.0
Engineering,2026-07-29,103.8,106.07,102.51,104.84,1548193.0
Engineering,2026-07-30,104.62,105.89,102.82,104.11,419114.0
Engineering,2026-07-31,104.62,106.57,102.88,104.94,241066.0
Engineering,2026-08-03,105.6,107.28,104.31,105.54,183703.0
Engineering,2026-08-04,105.61,107.07,104.08,105.46,143059.0
Engineering,2026-08-05,105.78,107.69,104.89,106.44,177168.0
Engineering,2026-08-06,106.69,109.33,105.06,106.87,504201.0
Engineering,2026-08-07,107.23,109.37,105.94,107.94,366843.0
Engineering,2026-08-10,107.81,111.61,106.4,110.48,240508.0
Engineering,2026-08-11,110.46,111.72,107.86,109.11,157501.0
Engineering,2026-08-12,109.99,111.8,107.46,109.67,249905.0
Engineering,2026-08-13,110.27,114.98,108.86,113.29,188401.0
Engineering,2026-08-14,121.79,124.88,119.71,122.22,172278.0
Engineering,2026-08-17,122.62,127.38,121.2,125.67,217553.0
Engineering,2026-08-18,125.36,127.31,123.32,124.81,216999.0
Engineering,2026-08-19,125.33,126.71,122.76,124.41,136229.0
Engineering,2026-08-20,124.99,126.97,123.01,124.81,116770.0
Engineering,2026-08-21,124.93,128.1,123.49,126.21,123381.0
Engineering,2026-08-24,127.15,129.34,124.89,126.23,99522.0
Engineering,2026-08-25,126.29,127.64,123.91,124.94,96367.0
Engineering,2026-08-26,125.01,126.94,123.5,124.94,78874.0
Engineering,2026-08-27,125.36,128.05,123.76,126.07,242284.0
Engineering,2026-08-28,24.69,24.69,24.13,24.2,44964.0
Financials - AMC,2026-05-27,99.46,100.8,98.78,100.0,419078.0
Financials - AMC,2026-05-28,100.0,100.0,100.0,100.0,0.0
Financials - AMC,2026-05-29,100.04,102.94,98.52,100.37,1380553.0
Financials - AMC,2026-06-01,100.78,101.78,97.79,98.5,698904.0
Financials - AMC,2026-06-02,97.66,99.1,96.46,98.5,813639.0
Financials - AMC,2026-06-03,98.37,99.05,94.83,97.01,849898.0
Financials - AMC,2026-06-04,96.42,99.11,95.93,98.16,959132.0
Financials - AMC,2026-06-05,97.81,98.76,96.54,97.84,594368.0
Financials - AMC,2026-06-08,96.38,97.55,94.4,95.64,809941.0
Financials - AMC,2026-06-09,95.86,97.91,95.31,97.45,976600.0
Financials - AMC,2026-06-10,97.7,99.23,95.33,96.42,824064.0
Financials - AMC,2026-06-11,95.97,96.86,93.88,94.36,645504.0
Financials - AMC,2026-06-12,95.95,98.52,94.61,97.87,818344.0
Financials - AMC,2026-06-15,99.58,104.14,99.01,103.14,1394253.0
Financials - AMC,2026-06-16,103.54,104.72,102.1,103.34,488134.0
Financials - AMC,2026-06-17,103.78,105.76,102.75,105.02,624530.0
Financials - AMC,2026-06-18,105.19,107.64,103.98,106.49,722030.0
Financials - AMC,2026-06-19,105.97,107.67,104.92,107.17,720829.0
Financials - AMC,2026-06-22,107.65,108.5,106.06,106.75,570978.0
Financials - AMC,2026-06-23,106.31,108.34,105.3,106.19,585451.0
Financials - AMC,2026-06-24,106.16,107.37,104.75,105.41,506528.0
Financials - AMC,2026-06-25,105.59,107.74,104.14,104.85,567534.0
Financials - AMC,2026-06-26,104.85,104.85,104.85,104.85,0.0
Financials - AMC,2026-06-29,104.22,107.37,103.3,105.44,1275514.0
Financials - AMC,2026-06-30,105.29,107.31,104.62,106.38,729397.0
Financials - AMC,2026-07-01,106.71,109.23,105.45,107.93,549626.0
Financials - AMC,2026-07-02,108.14,110.3,107.73,109.63,416483.0
Financials - AMC,2026-07-03,110.41,112.98,109.41,111.22,773381.0
Financials - AMC,2026-07-06,111.42,112.24,109.22,110.07,345729.0
Financials - AMC,2026-07-07,110.22,111.66,108.74,110.7,432245.0
Financials - AMC,2026-07-08,109.88,111.17,106.06,106.75,565942.0
Financials - AMC,2026-07-09,107.16,110.95,106.89,110.3,731822.0
Financials - AMC,2026-07-10,111.23,112.66,110.39,111.44,497384.0
Financials - AMC,2026-07-13,110.74,112.12,108.65,110.8,548388.0
Financials - AMC,2026-07-14,110.3,111.49,107.38,108.8,588698.0
Financials - AMC,2026-07-15,109.18,111.45,108.53,109.8,702893.0
Financials - AMC,2026-07-16,110.09,110.26,105.1,105.69,1215331.0
Financials - AMC,2026-07-17,105.66,108.18,104.89,107.56,716552.0
Financials - AMC,2026-07-20,107.22,108.29,105.4,106.77,525797.0
Financials - AMC,2026-07-21,106.76,109.07,104.25,104.91,830987.0
Financials - AMC,2026-07-22,104.35,104.78,102.2,103.29,774544.0
Financials - AMC,2026-07-23,102.92,104.71,100.78,102.79,1156739.0
Financials - AMC,2026-07-24,102.17,105.78,101.15,103.86,1400997.0
Financials - AMC,2026-07-27,103.99,105.87,102.26,103.81,665995.0
Financials - AMC,2026-07-28,103.06,104.56,101.01,101.88,578856.0
Financials - AMC,2026-07-29,102.11,103.72,101.04,102.9,458188.0
Financials - AMC,2026-07-30,102.74,103.49,101.43,101.97,270973.0
Financials - AMC,2026-07-31,102.38,104.84,101.71,103.5,562644.0
Financials - AMC,2026-08-03,104.56,105.04,101.53,102.82,414879.0
Financials - AMC,2026-08-04,102.62,103.29,99.92,101.23,913606.0
Financials - AMC,2026-08-05,101.69,102.68,100.1,101.58,854316.0
Financials - AMC,2026-08-06,101.54,101.9,100.03,100.8,350783.0
Financials - AMC,2026-08-07,100.71,101.35,99.31,100.3,351522.0
Financials - AMC,2026-08-10,99.87,101.12,98.47,100.18,555915.0
Financials - AMC,2026-08-11,100.14,101.61,99.0,100.68,628544.0
Financials - AMC,2026-08-12,101.12,101.23,99.44,100.29,456131.0
Financials - AMC,2026-08-13,101.09,101.75,100.3,100.88,305458.0
Financials - AMC,2026-08-14,115.31,115.69,113.97,114.7,1038630.0
Financials - AMC,2026-08-17,114.56,117.52,113.85,116.98,800907.0
Financials - AMC,2026-08-18,116.99,117.49,114.69,116.04,847621.0
Financials - AMC,2026-08-19,115.99,118.39,115.42,118.33,1102199.0
Financials - AMC,2026-08-20,118.8,122.15,118.5,121.09,2151052.0
Financials - AMC,2026-08-21,120.82,122.02,120.01,121.23,1126640.0
Financials - AMC,2026-08-24,121.64,122.41,120.84,121.38,760242.0
Financials - AMC,2026-08-25,121.1,124.06,120.16,123.16,1175434.0
Financials - AMC,2026-08-26,123.3,123.64,121.55,122.17,534618.0
Financials - AMC,2026-08-27,122.17,123.24,117.92,118.66,1575772.0
Financials - AMC,2026-08-28,75.14,75.95,74.41,75.01,504864.0
Financials - Broking,2026-05-27,99.32,101.93,98.17,100.0,1312203.0
Financials - Broking,2026-05-28,100.0,100.0,100.0,100.0,0.0
Financials - Broking,2026-05-29,100.34,100.97,97.91,98.69,1108945.0
Financials - Broking,2026-06-01,99.79,100.3,96.09,96.8,1088201.0
Financials - Broking,2026-06-02,96.05,98.95,95.33,98.22,1056542.0
Financials - Broking,2026-06-03,98.42,98.92,95.72,97.41,1031410.0
Financials - Broking,2026-06-04,97.08,98.67,96.52,97.62,1179561.0
Financials - Broking,2026-06-05,98.13,99.09,95.52,97.05,2093088.0
Financials - Broking,2026-06-08,96.1,97.57,93.92,94.89,1048168.0
Financials - Broking,2026-06-09,95.57,98.46,94.94,97.59,1126182.0
Financials - Broking,2026-06-10,97.58,98.25,95.16,95.89,871923.0
Financials - Broking,2026-06-11,95.79,96.76,94.08,95.04,944999.0
Financials - Broking,2026-06-12,96.49,99.67,96.03,99.03,1718498.0
Financials - Broking,2026-06-15,100.57,103.43,99.48,101.9,2582367.0
Financials - Broking,2026-06-16,102.51,103.86,100.73,102.74,1202173.0
Financials - Broking,2026-06-17,102.96,104.17,101.99,102.75,1345916.0
Financials - Broking,2026-06-18,102.96,104.68,102.33,103.31,1535604.0
Financials - Broking,2026-06-19,103.23,104.78,102.15,103.51,1532376.0
Financials - Broking,2026-06-22,103.62,105.4,102.68,104.21,883810.0
Financials - Broking,2026-06-23,104.34,105.1,102.16,102.7,1471593.0
Financials - Broking,2026-06-24,102.66,104.25,101.7,103.0,787528.0
Financials - Broking,2026-06-25,103.33,104.77,101.93,102.88,769691.0
Financials - Broking,2026-06-26,102.88,102.88,102.88,102.88,0.0
Financials - Broking,2026-06-29,102.55,104.41,101.51,102.31,1023441.0
Financials - Broking,2026-06-30,102.55,103.54,101.95,102.67,827720.0
Financials - Broking,2026-07-01,102.72,105.5,102.0,104.01,1109763.0
Financials - Broking,2026-07-02,104.23,106.81,103.38,105.38,1262789.0
Financials - Broking,2026-07-03,105.71,107.77,104.77,106.1,1309674.0
Financials - Broking,2026-07-06,105.9,107.1,103.72,105.28,963064.0
Financials - Broking,2026-07-07,105.51,107.06,102.93,105.05,7872259.0
Financials - Broking,2026-07-08,104.5,107.11,102.14,103.44,10134481.0
Financials - Broking,2026-07-09,103.32,107.05,103.09,106.03,4290889.0
Financials - Broking,2026-07-10,106.55,109.16,105.51,107.77,1698174.0
Financials - Broking,2026-07-13,107.09,109.26,106.12,108.09,1383878.0
Financials - Broking,2026-07-14,107.86,109.55,106.38,107.69,1268947.0
Financials - Broking,2026-07-15,108.16,109.93,107.07,108.2,1585745.0
Financials - Broking,2026-07-16,108.75,109.9,106.49,107.2,3434475.0
Financials - Broking,2026-07-17,107.1,108.85,104.89,106.78,1958641.0
Financials - Broking,2026-07-20,107.08,108.51,105.22,107.45,1162883.0
Financials - Broking,2026-07-21,107.67,108.87,106.38,107.25,1081627.0
Financials - Broking,2026-07-22,107.26,108.03,104.41,105.9,1777987.0
Financials - Broking,2026-07-23,105.45,106.9,104.31,105.21,1177708.0
Financials - Broking,2026-07-24,105.07,106.15,99.88,102.63,2525146.0
Financials - Broking,2026-07-27,103.15,105.82,101.55,103.57,2240083.0
Financials - Broking,2026-07-28,103.55,104.06,100.88,101.74,946512.0
Financials - Broking,2026-07-29,102.1,103.22,100.55,101.31,996300.0
Financials - Broking,2026-07-30,101.34,102.18,99.26,99.94,2341848.0
Financials - Broking,2026-07-31,100.43,102.29,99.54,101.36,987645.0
Financials - Broking,2026-08-03,102.41,103.28,100.84,102.17,853038.0
Financials - Broking,2026-08-04,102.11,103.82,101.01,101.88,915047.0
Financials - Broking,2026-08-05,102.9,104.26,101.42,103.1,853128.0
Financials - Broking,2026-08-06,103.69,104.05,101.83,102.63,592292.0
Financials - Broking,2026-08-07,102.98,103.38,101.03,102.05,877361.0
Financials - Broking,2026-08-10,101.99,104.38,100.94,103.38,802796.0
Financials - Broking,2026-08-11,102.93,104.11,101.27,102.53,1093748.0
Financials - Broking,2026-08-12,102.61,104.4,101.33,103.43,809388.0
Financials - Broking,2026-08-13,103.44,104.73,102.72,103.96,581944.0
Financials - Broking,2026-08-14,104.19,106.51,102.75,104.24,877702.0
Financials - Broking,2026-08-17,104.37,107.45,102.88,106.33,1454874.0
Financials - Broking,2026-08-18,106.13,107.87,104.54,106.0,1275930.0
Financials - Broking,2026-08-19,106.15,108.02,104.99,106.54,544117.0
Financials - Broking,2026-08-20,107.1,109.76,105.62,107.45,1072865.0
Financials - Broking,2026-08-21,107.48,109.31,104.7,107.58,852651.0
Financials - Broking,2026-08-24,107.59,109.46,106.59,107.04,1089167.0
Financials - Broking,2026-08-25,107.28,109.57,106.31,108.54,1703424.0
Financials - Broking,2026-08-26,109.1,110.6,107.56,109.29,1488754.0
Financials - Broking,2026-08-27,109.31,109.99,107.43,108.58,731141.0
Financials - Housing,2026-05-27,99.97,101.63,98.82,100.0,4515612.0
Financials - Housing,2026-05-28,100.0,100.0,100.0,100.0,0.0
Financials - Housing,2026-05-29,99.93,101.21,96.28,97.32,3988962.0
Financials - Housing,2026-06-01,97.2,98.45,95.58,96.86,2308427.0
Financials - Housing,2026-06-02,95.86,96.8,94.75,96.04,1961072.0
Financials - Housing,2026-06-03,95.91,96.79,94.26,95.78,2619464.0
Financials - Housing,2026-06-04,95.64,96.92,94.44,95.79,3305158.0
Financials - Housing,2026-06-05,95.8,97.71,94.86,96.05,3859849.0
Financials - Housing,2026-06-08,94.75,95.97,92.93,94.0,2650310.0
Financials - Housing,2026-06-09,94.21,96.33,93.51,95.43,2490098.0
Financials - Housing,2026-06-10,95.59,97.08,93.68,95.28,1471386.0
Financials - Housing,2026-06-11,95.01,96.85,93.44,94.98,2414215.0
Financials - Housing,2026-06-12,96.2,100.62,95.83,99.6,2766405.0
Financials - Housing,2026-06-15,100.89,102.39,99.35,100.41,2022692.0
Financials - Housing,2026-06-16,100.55,101.99,99.75,100.57,1450263.0
Financials - Housing,2026-06-17,100.81,102.58,99.97,101.57,1406927.0
Financials - Housing,2026-06-18,101.87,102.75,100.83,101.94,1233418.0
Financials - Housing,2026-06-19,101.94,103.05,100.99,102.16,3469604.0
Financials - Housing,2026-06-22,100.38,103.64,99.41,102.27,1675824.0
Financials - Housing,2026-06-23,102.22,103.19,100.41,101.33,1475142.0
Financials - Housing,2026-06-24,101.46,103.77,100.85,103.08,1836056.0
Financials - Housing,2026-06-25,103.41,105.82,101.96,104.15,2875623.0
Financials - Housing,2026-06-26,104.15,104.15,104.15,104.15,0.0
Financials - Housing,2026-06-29,104.3,106.17,101.38,102.81,3522208.0
Financials - Housing,2026-06-30,103.24,105.74,102.03,103.87,9593200.0
Financials - Housing,2026-07-01,104.19,106.94,103.02,105.52,3452882.0
Financials - Housing,2026-07-02,105.78,106.86,104.54,105.31,1562986.0
Financials - Housing,2026-07-03,105.49,107.69,104.73,106.04,1535623.0
Financials - Housing,2026-07-06,106.41,107.78,105.06,106.47,1709040.0
Financials - Housing,2026-07-07,106.6,107.83,105.19,106.58,2008491.0
Financials - Housing,2026-07-08,106.21,107.01,103.48,104.58,1811405.0
Financials - Housing,2026-07-09,104.78,106.76,103.82,105.52,2034861.0
Financials - Housing,2026-07-10,106.01,107.97,105.46,107.13,1409045.0
Financials - Housing,2026-07-13,106.76,109.57,105.48,108.02,1311932.0
Financials - Housing,2026-07-14,107.88,108.04,104.35,105.14,1214656.0
Financials - Housing,2026-07-15,105.51,107.89,104.84,106.87,1899456.0
Financials - Housing,2026-07-16,107.13,107.5,105.32,106.3,1226443.0
Financials - Housing,2026-07-17,106.38,107.32,104.63,106.17,1487087.0
Financials - Housing,2026-07-20,106.19,108.18,104.83,106.5,1459532.0
Financials - Housing,2026-07-21,106.68,107.67,104.81,106.3,893156.0
Financials - Housing,2026-07-22,106.18,106.96,102.29,103.15,1394629.0
Financials - Housing,2026-07-23,102.65,103.21,100.13,101.09,1563343.0
Financials - Housing,2026-07-24,100.03,101.65,98.51,100.22,1546705.0
Financials - Housing,2026-07-27,101.25,102.87,100.08,101.28,917550.0
Financials - Housing,2026-07-28,101.44,102.41,99.63,100.71,867810.0
Financials - Housing,2026-07-29,100.95,102.34,99.65,100.95,689353.0
Financials - Housing,2026-07-30,101.1,101.56,98.99,99.79,763642.0
Financials - Housing,2026-07-31,99.76,101.27,98.36,99.6,1953451.0
Financials - Housing,2026-08-03,99.93,102.85,98.84,101.18,1526788.0
Financials - Housing,2026-08-04,101.5,101.8,98.86,99.84,1126692.0
Financials - Housing,2026-08-05,99.98,102.23,99.15,100.73,1307973.0
Financials - Housing,2026-08-06,101.31,102.66,100.32,101.25,2270451.0
Financials - Housing,2026-08-07,101.08,101.95,99.77,100.92,1304539.0
Financials - Housing,2026-08-10,101.06,102.89,100.01,101.28,1004215.0
Financials - Housing,2026-08-11,101.66,102.53,100.06,101.07,1019032.0
Financials - Housing,2026-08-12,100.87,102.39,100.22,101.35,1217277.0
Financials - Housing,2026-08-13,101.46,102.3,100.6,101.46,221836.0
Financials - Housing,2026-08-14,124.71,125.72,123.04,123.91,116824.0
Financials - Housing,2026-08-17,123.27,124.71,122.33,123.71,184131.0
Financials - Housing,2026-08-18,123.54,124.17,122.1,123.38,373886.0
Financials - Housing,2026-08-19,123.42,126.03,122.81,125.51,556987.0
Financials - Housing,2026-08-20,126.4,127.89,125.01,125.81,819448.0
Financials - Housing,2026-08-21,126.05,128.39,124.71,125.69,310746.0
Financials - Housing,2026-08-24,125.55,126.49,123.69,125.02,254634.0
Financials - Housing,2026-08-25,125.16,126.17,123.89,125.91,275202.0
Financials - Housing,2026-08-26,126.0,128.5,124.91,126.05,378516.0
Financials - Housing,2026-08-27,125.71,127.91,125.48,126.65,222262.0
Financials - Life,2026-05-27,101.43,101.62,99.62,100.0,4308905.0
Financials - Life,2026-05-28,100.0,100.0,100.0,100.0,0.0
Financials - Life,2026-05-29,100.17,100.36,97.58,98.17,6145796.0
Financials - Life,2026-06-01,98.55,99.15,96.58,97.05,3087097.0
Financials - Life,2026-06-02,95.86,97.24,95.19,96.3,3491923.0
Financials - Life,2026-06-03,96.36,96.78,94.38,95.58,2361296.0
Financials - Life,2026-06-04,95.36,95.6,94.4,94.75,1585366.0
Financials - Life,2026-06-05,95.09,96.6,94.67,95.46,2592867.0
Financials - Life,2026-06-08,94.82,95.51,93.72,94.3,2057356.0
Financials - Life,2026-06-09,94.02,95.49,93.75,94.62,2486486.0
Financials - Life,2026-06-10,94.2,95.09,92.23,92.56,2315748.0
Financials - Life,2026-06-11,92.29,92.99,91.33,91.99,2353544.0
Financials - Life,2026-06-12,93.11,93.54,91.35,92.09,2149875.0
Financials - Life,2026-06-15,93.0,95.52,92.55,95.06,2178967.0
Financials - Life,2026-06-16,95.6,96.52,94.91,95.29,2373476.0
Financials - Life,2026-06-17,94.93,97.1,94.78,96.69,1997963.0
Financials - Life,2026-06-18,97.04,98.53,96.69,97.92,4666169.0
Financials - Life,2026-06-19,97.5,98.93,96.96,98.03,5045744.0
Financials - Life,2026-06-22,98.23,99.16,97.78,98.48,2725065.0
Financials - Life,2026-06-23,98.55,99.36,97.14,97.74,3568391.0
Financials - Life,2026-06-24,97.69,98.06,95.77,96.78,3204182.0
Financials - Life,2026-06-25,96.42,97.12,94.96,95.31,2955935.0
Financials - Life,2026-06-26,95.31,95.31,95.31,95.31,0.0
Financials - Life,2026-06-29,95.71,96.66,94.74,95.87,4332360.0
Financials - Life,2026-06-30,95.69,96.85,94.75,95.99,3076622.0
Financials - Life,2026-07-01,96.39,97.25,95.34,96.76,3668913.0
Financials - Life,2026-07-02,97.16,97.33,95.89,96.5,1191884.0
Financials - Life,2026-07-03,96.79,97.42,95.95,96.45,1806296.0
Financials - Life,2026-07-06,96.06,97.01,95.79,96.26,1941171.0
Financials - Life,2026-07-07,95.78,98.98,95.7,98.31,2614353.0
Financials - Life,2026-07-08,98.24,99.09,95.63,95.97,2868362.0
Financials - Life,2026-07-09,96.01,98.32,95.65,97.33,4267580.0
Financials - Life,2026-07-10,97.81,99.75,97.67,99.47,3402144.0
Financials - Life,2026-07-13,98.75,99.72,98.06,99.36,1276790.0
Financials - Life,2026-07-14,98.71,99.25,97.42,97.99,3617320.0
Financials - Life,2026-07-15,98.25,100.49,98.05,99.51,3093718.0
Financials - Life,2026-07-16,100.23,100.43,96.97,97.89,3520863.0
Financials - Life,2026-07-17,97.97,99.15,97.14,97.82,3656916.0
Financials - Life,2026-07-20,98.0,98.2,96.7,97.68,892898.0
Financials - Life,2026-07-21,98.03,98.1,96.96,97.56,1442868.0
Financials - Life,2026-07-22,97.01,97.8,95.85,96.33,1120373.0
Financials - Life,2026-07-23,95.99,98.44,95.77,97.81,1573679.0
Financials - Life,2026-07-24,97.38,99.35,96.7,98.13,1083674.0
Financials - Life,2026-07-27,98.23,98.86,97.23,98.44,1177129.0
Financials - Life,2026-07-28,98.38,99.78,98.11,99.51,1580847.0
Financials - Life,2026-07-29,99.79,100.11,98.96,99.53,1138524.0
Financials - Life,2026-07-30,99.1,100.22,97.82,98.5,2515873.0
Financials - Life,2026-07-31,98.88,99.53,98.13,98.83,4487200.0
Financials - Life,2026-08-03,99.64,100.39,98.81,100.26,1814982.0
Financials - Life,2026-08-04,98.47,99.13,96.08,97.82,21173727.0
Financials - Life,2026-08-05,98.09,98.78,96.58,97.54,18439467.0
Financials - Life,2026-08-06,96.99,97.69,96.43,96.62,20200928.0
Financials - Life,2026-08-07,96.83,97.39,96.27,96.55,12731259.0
Financials - Life,2026-08-10,96.58,97.07,95.5,96.5,7592279.0
Financials - Life,2026-08-11,96.93,97.5,94.88,96.21,18170524.0
Financials - Life,2026-08-12,96.42,96.76,95.28,96.36,8134377.0
Financials - Life,2026-08-13,96.23,96.54,95.19,95.69,1415370.0
Financials - Life,2026-08-14,122.13,122.58,120.71,121.02,685062.0
Financials - Life,2026-08-17,120.54,121.66,120.24,121.15,1677760.0
Financials - Life,2026-08-18,121.02,121.46,119.42,120.26,928006.0
Financials - Life,2026-08-19,120.32,120.79,118.36,120.28,2050516.0
Financials - Life,2026-08-20,120.97,121.27,120.04,120.66,1185952.0
Financials - Life,2026-08-21,120.56,122.02,119.59,121.89,1992261.0
Financials - Life,2026-08-24,122.36,122.46,119.83,120.18,1338269.0
Financials - Life,2026-08-25,119.98,120.97,119.26,119.5,1953241.0
Financials - Life,2026-08-26,119.96,122.14,119.91,120.52,2430604.0
Financials - Life,2026-08-27,120.56,122.32,120.17,120.52,1707282.0
Financials - MFI,2026-05-27,99.89,101.37,98.61,100.0,431189.0
Financials - MFI,2026-05-28,100.0,100.0,100.0,100.0,0.0
Financials - MFI,2026-05-29,100.45,102.94,98.24,98.74,735444.0
Financials - MFI,2026-06-01,98.53,100.78,96.79,97.82,982949.0
Financials - MFI,2026-06-02,97.33,98.87,96.13,98.13,448956.0
Financials - MFI,2026-06-03,98.7,99.01,95.02,96.57,482402.0
Financials - MFI,2026-06-04,96.27,98.7,95.26,97.31,795054.0
Financials - MFI,2026-06-05,97.77,100.13,96.48,97.46,786101.0
Financials - MFI,2026-06-08,96.16,97.13,93.65,94.6,569373.0
Financials - MFI,2026-06-09,95.32,97.35,94.73,96.92,611118.0
Financials - MFI,2026-06-10,96.73,97.85,95.16,95.75,590328.0
Financials - MFI,2026-06-11,95.44,96.64,93.63,94.46,580401.0
Financials - MFI,2026-06-12,96.25,100.17,95.31,99.46,999860.0
Financials - MFI,2026-06-15,101.36,105.51,101.1,104.3,1505734.0
Financials - MFI,2026-06-16,104.39,107.03,104.26,106.21,861586.0
Financials - MFI,2026-06-17,106.28,108.3,105.85,107.33,575123.0
Financials - MFI,2026-06-18,107.3,108.24,105.8,107.04,354617.0
Financials - MFI,2026-06-19,106.85,108.17,105.93,106.92,470785.0
Financials - MFI,2026-06-22,107.18,108.95,106.6,107.99,622505.0
Financials - MFI,2026-06-23,107.86,108.95,105.94,106.71,541289.0
Financials - MFI,2026-06-24,106.92,112.89,105.91,111.69,1222205.0
Financials - MFI,2026-06-25,112.42,113.8,110.68,112.11,1532279.0
Financials - MFI,2026-06-26,112.11,112.11,112.11,112.11,0.0
Financials - MFI,2026-06-29,112.35,113.04,109.5,110.37,1198321.0
Financials - MFI,2026-06-30,110.93,113.99,110.25,113.02,788522.0
Financials - MFI,2026-07-01,113.0,115.36,112.1,114.58,1796043.0
Financials - MFI,2026-07-02,115.35,117.28,113.91,116.06,1096263.0
Financials - MFI,2026-07-03,116.51,119.41,115.7,117.25,1370232.0
Financials - MFI,2026-07-06,118.47,121.55,116.93,120.04,1386702.0
Financials - MFI,2026-07-07,120.64,121.54,117.91,119.75,1025046.0
Financials - MFI,2026-07-08,119.03,120.14,114.55,115.31,1027774.0
Financials - MFI,2026-07-09,115.38,118.25,114.51,117.04,1017464.0
Financials - MFI,2026-07-10,118.15,119.45,116.71,117.27,717097.0
Financials - MFI,2026-07-13,116.89,119.19,115.47,118.03,843287.0
Financials - MFI,2026-07-14,117.26,117.48,113.45,114.57,646518.0
Financials - MFI,2026-07-15,114.94,117.66,114.5,115.51,578211.0
Financials - MFI,2026-07-16,116.14,117.1,114.27,115.66,457615.0
Financials - MFI,2026-07-17,115.85,116.58,113.92,115.21,425663.0
Financials - MFI,2026-07-20,114.64,115.97,112.99,114.85,410646.0
Financials - MFI,2026-07-21,114.61,116.87,113.43,115.82,471364.0
Financials - MFI,2026-07-22,115.92,116.2,112.19,112.73,468121.0
Financials - MFI,2026-07-23,112.68,114.31,110.93,113.2,557653.0
Financials - MFI,2026-07-24,112.49,114.69,108.78,113.16,1238731.0
Financials - MFI,2026-07-27,115.98,118.98,114.49,117.0,1520460.0
Financials - MFI,2026-07-28,117.5,118.76,112.93,115.35,1072038.0
Financials - MFI,2026-07-29,117.24,118.78,115.21,116.99,800392.0
Financials - MFI,2026-07-30,116.74,118.22,114.56,116.41,632046.0
Financials - MFI,2026-07-31,117.2,120.35,115.1,117.77,1408471.0
Financials - MFI,2026-08-03,118.66,120.35,116.35,117.73,850090.0
Financials - MFI,2026-08-04,117.66,118.68,115.59,117.25,691338.0
Financials - MFI,2026-08-05,118.18,118.97,115.25,116.56,476847.0
Financials - MFI,2026-08-06,116.62,119.89,115.92,118.91,846793.0
Financials - MFI,2026-08-07,118.14,118.63,115.26,115.86,634179.0
Financials - MFI,2026-08-10,115.91,118.3,114.89,117.34,620812.0
Financials - MFI,2026-08-11,117.14,118.75,116.25,117.47,1316247.0
Financials - MFI,2026-08-12,117.41,118.32,116.06,117.45,506844.0
Financials - MFI,2026-08-13,117.35,118.11,116.24,117.53,374750.0
Financials - MFI,2026-08-14,137.06,138.87,136.03,137.15,596526.0
Financials - MFI,2026-08-17,137.3,137.86,135.18,136.44,449087.0
Financials - MFI,2026-08-18,136.19,136.92,134.48,135.15,441332.0
Financials - MFI,2026-08-19,135.09,135.87,133.66,135.1,361501.0
Financials - MFI,2026-08-20,135.9,137.85,135.33,136.65,427755.0
Financials - MFI,2026-08-21,136.68,136.77,133.14,134.15,456568.0
Financials - MFI,2026-08-24,133.88,134.74,130.58,131.73,605859.0
Financials - MFI,2026-08-25,131.28,132.84,129.17,131.55,301356.0
Financials - MFI,2026-08-26,131.84,135.31,130.95,132.64,592512.0
Financials - MFI,2026-08-27,132.59,133.92,130.77,132.03,493823.0
Financials - MFI,2026-08-28,266.37,266.37,261.69,264.23,802975.0
Financials - Misc,2026-05-27,100.98,101.34,99.12,100.0,944828.0
Financials - Misc,2026-05-28,100.0,100.0,100.0,100.0,0.0
Financials - Misc,2026-05-29,100.37,101.36,97.42,98.44,1945208.0
Financials - Misc,2026-06-01,98.84,99.62,96.51,97.44,1246800.0
Financials - Misc,2026-06-02,97.49,98.58,95.84,97.77,1313796.0
Financials - Misc,2026-06-03,97.43,98.32,95.98,97.15,2014142.0
Financials - Misc,2026-06-04,97.01,98.19,95.83,96.6,1602841.0
Financials - Misc,2026-06-05,97.09,98.41,95.88,96.83,2259695.0
Financials - Misc,2026-06-08,96.17,96.45,93.83,94.55,1087286.0
Financials - Misc,2026-06-09,95.27,97.69,94.48,96.3,1121380.0
Financials - Misc,2026-06-10,96.38,96.98,94.4,95.36,682122.0
Financials - Misc,2026-06-11,95.16,96.09,93.98,94.84,810004.0
Financials - Misc,2026-06-12,95.76,97.62,95.08,97.14,1128577.0
Financials - Misc,2026-06-15,98.03,100.88,97.6,99.05,1402636.0
Financials - Misc,2026-06-16,99.29,100.88,98.6,99.67,1440852.0
Financials - Misc,2026-06-17,99.88,100.91,99.0,99.99,1610884.0
Financials - Misc,2026-06-18,100.35,101.26,99.25,100.2,1601563.0
Financials - Misc,2026-06-19,100.41,101.88,99.24,100.83,1911308.0
Financials - Misc,2026-06-22,101.33,103.72,100.85,102.51,2501337.0
Financials - Misc,2026-06-23,102.83,104.01,100.74,101.2,1407332.0
Financials - Misc,2026-06-24,101.13,101.99,99.82,100.76,1376818.0
Financials - Misc,2026-06-25,101.11,102.51,100.17,100.86,1573277.0
Financials - Misc,2026-06-26,100.86,100.86,100.86,100.86,0.0
Financials - Misc,2026-06-29,100.61,101.89,99.42,100.27,1664417.0
Financials - Misc,2026-06-30,100.54,101.85,99.38,100.89,1202733.0
Financials - Misc,2026-07-01,101.21,103.19,100.19,101.46,1011324.0
Financials - Misc,2026-07-02,101.98,104.1,101.39,103.51,881568.0
Financials - Misc,2026-07-03,104.41,106.32,103.4,104.58,1306881.0
Financials - Misc,2026-07-06,105.35,105.96,103.38,104.17,1407878.0
Financials - Misc,2026-07-07,104.53,105.17,103.26,103.8,1014171.0
Financials - Misc,2026-07-08,103.4,104.38,100.89,101.53,2018724.0
Financials - Misc,2026-07-09,102.13,104.43,101.67,103.5,1277628.0
Financials - Misc,2026-07-10,104.34,105.65,103.21,104.53,1079703.0
Financials - Misc,2026-07-13,103.04,106.86,102.09,105.58,1936221.0
Financials - Misc,2026-07-14,105.11,105.66,103.09,103.48,1349461.0
Financials - Misc,2026-07-15,103.68,104.54,102.61,103.11,920157.0
Financials - Misc,2026-07-16,103.48,103.84,101.58,102.25,999277.0
Financials - Misc,2026-07-17,102.64,103.67,101.29,102.7,1256702.0
Financials - Misc,2026-07-20,102.93,103.56,101.67,102.44,1189980.0
Financials - Misc,2026-07-21,102.57,103.96,101.86,103.0,1249554.0
Financials - Misc,2026-07-22,103.15,103.78,101.29,102.15,1022576.0
Financials - Misc,2026-07-23,101.93,103.04,100.39,101.59,1285794.0
Financials - Misc,2026-07-24,101.43,102.73,100.11,101.76,1905153.0
Financials - Misc,2026-07-27,102.08,104.7,101.51,103.56,2786361.0
Financials - Misc,2026-07-28,103.99,105.01,102.23,103.32,2294090.0
Financials - Misc,2026-07-29,103.88,105.77,102.08,104.04,2932253.0
Financials - Misc,2026-07-30,103.45,104.36,101.89,102.84,908664.0
Financials - Misc,2026-07-31,79.13,82.41,78.82,81.76,2067019.0
Financials - Misc,2026-08-03,107.42,111.22,106.32,110.21,2060962.0
Financials - Misc,2026-08-04,110.16,110.99,107.81,109.25,1604293.0
Financials - Misc,2026-08-05,109.92,111.07,108.81,109.65,1585610.0
Financials - Misc,2026-08-06,110.06,110.96,108.67,109.25,2077961.0
Financials - Misc,2026-08-07,109.36,110.48,108.01,109.27,2506390.0
Financials - Misc,2026-08-10,109.5,111.03,107.75,109.07,1667293.0
Financials - Misc,2026-08-11,109.09,110.22,107.88,109.36,1289700.0
Financials - Misc,2026-08-12,126.27,126.93,124.48,125.89,1117134.0
Financials - Misc,2026-08-13,125.96,127.25,123.19,124.89,1749101.0
Financials - Misc,2026-08-14,140.65,141.79,138.6,139.39,1184696.0
Financials - Misc,2026-08-17,139.86,141.1,138.17,139.68,3452444.0
Financials - Misc,2026-08-18,139.54,141.43,137.61,138.67,1775685.0
Financials - Misc,2026-08-19,138.93,140.36,137.38,139.33,1950090.0
Financials - Misc,2026-08-20,139.9,140.61,137.86,138.75,3425791.0
Financials - Misc,2026-08-21,138.76,140.24,137.86,139.07,1861796.0
Financials - Misc,2026-08-24,138.94,140.46,136.71,137.45,1516311.0
Financials - Misc,2026-08-25,137.67,139.48,135.62,138.49,2468410.0
Financials - Misc,2026-08-26,138.88,142.62,138.11,140.97,1398831.0
Financials - Misc,2026-08-27,162.15,163.82,159.92,161.34,1310073.0
Financials - Misc,2026-08-28,57.49,58.6,57.17,57.92,671413.0
Financials - NBFC,2026-05-27,100.68,101.68,98.81,100.0,7102352.0
Financials - NBFC,2026-05-28,100.0,100.0,100.0,100.0,0.0
Financials - NBFC,2026-05-29,100.43,102.66,97.86,99.67,9633893.0
Financials - NBFC,2026-06-01,99.51,100.71,96.25,97.29,6803057.0
Financials - NBFC,2026-06-02,96.13,98.57,94.94,97.2,8776242.0
Financials - NBFC,2026-06-03,97.27,97.98,94.97,96.88,19918251.0
Financials - NBFC,2026-06-04,97.06,98.61,95.89,97.22,13316116.0
Financials - NBFC,2026-06-05,97.9,99.65,96.25,97.29,7610050.0
Financials - NBFC,2026-06-08,96.35,97.48,93.8,94.88,6526930.0
Financials - NBFC,2026-06-09,94.52,97.0,94.0,96.2,5629080.0
Financials - NBFC,2026-06-10,96.25,97.01,93.77,94.81,4263269.0
Financials - NBFC,2026-06-11,94.26,95.58,92.54,94.06,4623733.0
Financials - NBFC,2026-06-12,95.63,98.39,94.88,97.67,15451323.0
Financials - NBFC,2026-06-15,99.7,102.07,98.91,100.44,20558053.0
Financials - NBFC,2026-06-16,100.57,102.56,100.07,100.99,10411302.0
Financials - NBFC,2026-06-17,100.64,102.3,99.88,101.28,14156353.0
Financials - NBFC,2026-06-18,101.53,103.57,100.32,102.51,18210249.0
Financials - NBFC,2026-06-19,101.9,103.49,100.77,102.79,14277191.0
Financials - NBFC,2026-06-22,103.21,104.32,101.68,102.98,6335832.0
Financials - NBFC,2026-06-23,102.64,103.49,99.93,101.0,5108010.0
Financials - NBFC,2026-06-24,100.35,103.24,99.6,102.55,6604519.0
Financials - NBFC,2026-06-25,102.6,103.7,100.84,101.52,5892767.0
Financials - NBFC,2026-06-26,101.52,101.52,101.52,101.52,0.0
Financials - NBFC,2026-06-29,101.22,102.73,99.65,100.78,8547841.0
Financials - NBFC,2026-06-30,100.89,102.84,99.95,101.82,6008960.0
Financials - NBFC,2026-07-01,101.48,103.6,100.27,101.46,9021162.0
Financials - NBFC,2026-07-02,101.71,103.97,101.37,102.63,7208777.0
Financials - NBFC,2026-07-03,103.6,105.34,102.54,104.07,5003837.0
Financials - NBFC,2026-07-06,104.21,106.23,103.48,105.03,4807607.0
Financials - NBFC,2026-07-07,104.72,106.11,103.45,104.57,5192610.0
Financials - NBFC,2026-07-08,103.79,105.43,101.94,102.75,9132576.0
Financials - NBFC,2026-07-09,103.03,104.82,101.55,103.22,6621149.0
Financials - NBFC,2026-07-10,103.67,106.57,103.22,105.19,7401761.0
Financials - NBFC,2026-07-13,104.34,106.99,103.1,105.68,4604136.0
Financials - NBFC,2026-07-14,105.15,106.49,103.53,104.56,3678767.0
Financials - NBFC,2026-07-15,104.93,107.39,104.0,105.31,4886078.0
Financials - NBFC,2026-07-16,105.11,106.58,104.11,105.26,5642373.0
Financials - NBFC,2026-07-17,104.92,106.25,103.5,105.07,10013057.0
Financials - NBFC,2026-07-20,104.77,106.55,103.38,105.39,5337940.0
Financials - NBFC,2026-07-21,105.55,107.93,104.63,106.91,5226312.0
Financials - NBFC,2026-07-22,106.87,108.24,105.08,105.87,6188032.0
Financials - NBFC,2026-07-23,105.74,107.15,104.07,104.66,3673416.0
Financials - NBFC,2026-07-24,104.08,105.96,102.38,104.11,4389390.0
Financials - NBFC,2026-07-27,104.52,107.25,104.05,105.91,3597061.0
Financials - NBFC,2026-07-28,105.57,107.29,104.04,105.35,4284667.0
Financials - NBFC,2026-07-29,105.55,107.18,104.51,105.91,6883769.0
Financials - NBFC,2026-07-30,105.56,106.96,103.5,104.53,5064424.0
Financials - NBFC,2026-07-31,105.32,108.15,104.14,106.67,8960983.0
Financials - NBFC,2026-08-03,105.43,108.27,103.19,106.27,6993565.0
Financials - NBFC,2026-08-04,106.39,107.42,104.24,105.29,4172616.0
Financials - NBFC,2026-08-05,105.86,108.42,105.19,106.73,5212769.0
Financials - NBFC,2026-08-06,107.26,109.61,105.81,107.63,4247950.0
Financials - NBFC,2026-08-07,107.68,108.86,105.63,106.66,3841457.0
Financials - NBFC,2026-08-10,106.6,108.2,104.7,106.74,3960487.0
Financials - NBFC,2026-08-11,106.77,107.93,105.42,106.35,3085726.0
Financials - NBFC,2026-08-12,106.66,108.12,105.0,106.09,5138021.0
Financials - NBFC,2026-08-13,107.24,108.43,105.05,105.92,6734819.0
Financials - NBFC,2026-08-14,115.13,115.95,112.89,113.42,3669997.0
Financials - NBFC,2026-08-17,113.59,115.33,112.2,113.97,4218914.0
Financials - NBFC,2026-08-18,113.64,115.27,112.59,113.41,5447880.0
Financials - NBFC,2026-08-19,112.91,114.37,111.74,112.65,6518831.0
Financials - NBFC,2026-08-20,113.39,116.33,112.82,114.96,4218264.0
Financials - NBFC,2026-08-21,114.71,116.99,113.95,115.14,3721291.0
Financials - NBFC,2026-08-24,115.31,117.95,114.04,115.94,5101248.0
Financials - NBFC,2026-08-25,115.47,117.03,113.81,115.85,5991772.0
Financials - NBFC,2026-08-26,116.14,118.0,115.11,116.36,6815329.0
Financials - NBFC,2026-08-27,116.23,117.88,113.69,114.63,5478978.0
Financials - NBFC,2026-08-28,150.64,151.86,149.13,150.37,3380738.0
Financials - Non-Life,2026-05-27,100.59,101.32,99.8,100.0,413765.0
Financials - Non-Life,2026-05-28,100.0,100.0,100.0,100.0,0.0
Financials - Non-Life,2026-05-29,100.05,100.7,95.25,97.7,1482259.0
Financials - Non-Life,2026-06-01,97.55,98.39,95.02,96.14,656761.0
Financials - Non-Life,2026-06-02,95.91,96.79,94.04,95.81,1110659.0
Financials - Non-Life,2026-06-03,95.13,95.99,94.3,95.36,602559.0
Financials - Non-Life,2026-06-04,94.4,96.04,94.4,95.07,819838.0
Financials - Non-Life,2026-06-05,95.26,97.18,95.14,96.04,524782.0
Financials - Non-Life,2026-06-08,94.93,96.04,94.35,94.91,386027.0
Financials - Non-Life,2026-06-09,94.78,97.76,94.75,96.62,637394.0
Financials - Non-Life,2026-06-10,96.63,97.67,94.59,94.91,446835.0
Financials - Non-Life,2026-06-11,94.73,95.46,93.55,93.83,394510.0
Financials - Non-Life,2026-06-12,94.37,94.73,92.17,93.39,646762.0
Financials - Non-Life,2026-06-15,94.43,96.18,94.27,95.56,981402.0
Financials - Non-Life,2026-06-16,95.59,98.07,95.1,97.29,657445.0
Financials - Non-Life,2026-06-17,96.92,98.94,96.77,98.18,1227009.0
Financials - Non-Life,2026-06-18,98.43,103.06,98.23,101.87,31247792.0
Financials - Non-Life,2026-06-19,102.09,105.94,100.82,104.61,41324608.0
Financials - Non-Life,2026-06-22,105.04,106.65,103.96,104.67,27347101.0
Financials - Non-Life,2026-06-23,104.22,105.52,102.25,102.97,7412184.0
Financials - Non-Life,2026-06-24,103.05,103.84,101.48,101.9,2895735.0
Financials - Non-Life,2026-06-25,102.42,103.17,101.01,101.56,1777933.0
Financials - Non-Life,2026-06-26,101.56,101.56,101.56,101.56,0.0
Financials - Non-Life,2026-06-29,101.67,102.42,99.24,99.94,1305363.0
Financials - Non-Life,2026-06-30,100.26,100.63,98.05,98.93,1680468.0
Financials - Non-Life,2026-07-01,98.62,101.08,98.09,99.67,4627192.0
Financials - Non-Life,2026-07-02,100.04,100.62,98.98,100.05,1216877.0
Financials - Non-Life,2026-07-03,100.24,101.24,99.36,100.12,896488.0
Financials - Non-Life,2026-07-06,100.32,101.1,99.71,100.67,635740.0
Financials - Non-Life,2026-07-07,100.85,102.07,100.07,101.31,771476.0
Financials - Non-Life,2026-07-08,101.43,103.54,100.66,101.26,1042459.0
Financials - Non-Life,2026-07-09,101.97,102.97,100.35,101.8,812052.0
Financials - Non-Life,2026-07-10,102.28,104.03,101.75,103.06,566568.0
Financials - Non-Life,2026-07-13,101.97,102.99,99.25,101.3,1127859.0
Financials - Non-Life,2026-07-14,101.13,102.78,99.29,101.06,1066939.0
Financials - Non-Life,2026-07-15,101.58,102.84,101.04,102.14,558240.0
Financials - Non-Life,2026-07-16,97.73,99.18,90.89,94.84,4740719.0
Financials - Non-Life,2026-07-17,94.56,94.56,91.71,93.46,1627239.0
Financials - Non-Life,2026-07-20,93.7,94.51,92.88,93.84,494380.0
Financials - Non-Life,2026-07-21,93.87,94.51,93.25,94.28,420195.0
Financials - Non-Life,2026-07-22,93.93,94.21,91.55,92.22,648868.0
Financials - Non-Life,2026-07-23,92.46,94.16,91.28,93.42,684211.0
Financials - Non-Life,2026-07-24,92.94,95.9,92.45,95.27,861000.0
Financials - Non-Life,2026-07-27,95.23,96.86,94.37,96.17,1139822.0
Financials - Non-Life,2026-07-28,96.22,97.29,94.9,95.86,485549.0
Financials - Non-Life,2026-07-29,96.65,97.33,94.06,95.11,737590.0
Financials - Non-Life,2026-07-30,95.65,96.21,93.9,95.2,1242190.0
Financials - Non-Life,2026-07-31,95.1,96.04,93.76,94.58,1160382.0
Financials - Non-Life,2026-08-03,95.03,96.79,94.4,96.34,886372.0
Financials - Non-Life,2026-08-04,96.36,96.44,94.1,94.81,423157.0
Financials - Non-Life,2026-08-05,98.35,100.86,95.48,96.85,12243124.0
Financials - Non-Life,2026-08-06,96.46,97.07,94.1,95.06,1233513.0
Financials - Non-Life,2026-08-07,94.54,95.33,93.68,94.09,424146.0
Financials - Non-Life,2026-08-10,94.12,94.96,92.16,94.77,968473.0
Financials - Non-Life,2026-08-11,94.88,95.58,93.61,94.94,604185.0
Financials - Non-Life,2026-08-12,95.09,95.61,93.87,94.62,1187165.0
Financials - Non-Life,2026-08-13,94.61,94.9,93.61,94.38,457572.0
Financials - Non-Life,2026-08-14,94.63,94.88,93.5,94.42,478362.0
Financials - Non-Life,2026-08-17,94.24,95.03,93.69,94.42,949226.0
Financials - Non-Life,2026-08-18,94.2,95.01,93.73,94.32,614222.0
Financials - Non-Life,2026-08-19,94.35,95.0,93.57,94.02,1079812.0
Financials - Non-Life,2026-08-20,94.21,95.65,93.55,94.0,579162.0
Financials - Non-Life,2026-08-21,94.08,94.68,93.33,93.84,582467.0
Financials - Non-Life,2026-08-24,93.74,94.34,93.32,93.74,483126.0
Financials - Non-Life,2026-08-25,93.44,94.58,92.9,94.1,1116580.0
Financials - Non-Life,2026-08-26,94.24,94.96,92.79,93.37,2361130.0
Financials - Non-Life,2026-08-27,93.27,93.89,92.59,93.04,553742.0
Financials - PSU Bank,2026-05-27,100.02,100.64,99.51,100.0,7130911.0
Financials - PSU Bank,2026-05-28,100.0,100.0,100.0,100.0,0.0
Financials - PSU Bank,2026-05-29,100.19,101.48,98.67,99.72,29813046.0
Financials - PSU Bank,2026-06-01,100.17,100.52,97.4,97.74,11899366.0
Financials - PSU Bank,2026-06-02,97.58,99.1,96.71,98.67,12723118.0
Financials - PSU Bank,2026-06-03,98.78,101.02,97.11,100.65,13549059.0
Financials - PSU Bank,2026-06-04,100.56,101.55,99.32,100.56,9714155.0
Financials - PSU Bank,2026-06-05,100.71,102.6,100.03,100.75,14901959.0
Financials - PSU Bank,2026-06-08,99.79,102.16,99.4,100.87,11702521.0
Financials - PSU Bank,2026-06-09,101.39,104.43,101.14,103.95,23733110.0
Financials - PSU Bank,2026-06-10,103.11,103.94,101.38,101.76,16409584.0
Financials - PSU Bank,2026-06-11,100.95,102.0,100.22,101.09,13812107.0
Financials - PSU Bank,2026-06-12,102.68,103.64,101.24,103.26,18758479.0
Financials - PSU Bank,2026-06-15,104.88,105.54,103.47,103.81,14839417.0
Financials - PSU Bank,2026-06-16,104.29,104.57,102.88,103.65,8808542.0
Financials - PSU Bank,2026-06-17,104.01,105.75,103.44,105.52,14332217.0
Financials - PSU Bank,2026-06-18,105.85,107.1,105.18,106.35,11151580.0
Financials - PSU Bank,2026-06-19,106.26,106.53,105.18,105.72,9962432.0
Financials - PSU Bank,2026-06-22,106.01,106.44,104.94,105.62,7766479.0
Financials - PSU Bank,2026-06-23,105.9,106.15,103.66,103.91,11921337.0
Financials - PSU Bank,2026-06-24,104.16,105.44,103.44,104.3,9144049.0
Financials - PSU Bank,2026-06-25,104.95,105.78,103.84,104.3,12004801.0
Financials - PSU Bank,2026-06-26,104.3,104.3,104.3,104.3,0.0
Financials - PSU Bank,2026-06-29,104.25,105.14,102.34,103.22,21375770.0
Financials - PSU Bank,2026-06-30,103.67,104.27,102.3,102.67,11539823.0
Financials - PSU Bank,2026-07-01,103.06,104.65,102.37,103.96,11797056.0
Financials - PSU Bank,2026-07-02,104.39,104.99,102.72,103.82,11717495.0
Financials - PSU Bank,2026-07-03,103.88,104.09,100.99,101.82,18621256.0
Financials - PSU Bank,2026-07-06,101.64,102.53,100.75,100.92,10539505.0
Financials - PSU Bank,2026-07-07,101.03,101.83,100.07,100.72,13857445.0
Financials - PSU Bank,2026-07-08,99.99,101.27,98.06,98.54,16171402.0
Financials - PSU Bank,2026-07-09,98.84,100.74,98.78,100.06,9764783.0
Financials - PSU Bank,2026-07-10,100.82,105.87,100.21,104.83,29563926.0
Financials - PSU Bank,2026-07-13,103.99,105.55,102.47,103.81,16927714.0
Financials - PSU Bank,2026-07-14,103.46,103.85,101.41,102.2,13248171.0
Financials - PSU Bank,2026-07-15,102.35,104.42,101.75,102.89,20670972.0
Financials - PSU Bank,2026-07-16,103.21,103.79,101.88,102.22,8782718.0
Financials - PSU Bank,2026-07-17,102.26,103.86,101.75,103.44,8647536.0
Financials - PSU Bank,2026-07-20,103.41,106.48,103.1,106.03,38015128.0
Financials - PSU Bank,2026-07-21,105.76,107.1,104.47,105.24,17343564.0
Financials - PSU Bank,2026-07-22,104.98,105.19,102.15,102.62,11301436.0
Financials - PSU Bank,2026-07-23,102.43,102.94,101.18,101.87,7343804.0
Financials - PSU Bank,2026-07-24,101.08,102.49,100.52,102.15,11787594.0
Financials - PSU Bank,2026-07-27,102.94,103.42,102.11,102.67,9386286.0
Financials - PSU Bank,2026-07-28,102.7,103.31,101.62,102.36,9058780.0
Financials - PSU Bank,2026-07-29,102.71,103.16,101.88,102.21,7166650.0
Financials - PSU Bank,2026-07-30,102.11,103.15,101.21,102.65,7072390.0
Financials - PSU Bank,2026-07-31,102.89,103.92,102.57,103.27,7382747.0
Financials - PSU Bank,2026-08-03,103.93,105.55,103.52,104.63,8789413.0
Financials - PSU Bank,2026-08-04,104.83,105.23,103.48,104.52,6401026.0
Financials - PSU Bank,2026-08-05,104.94,106.32,104.4,105.61,8630466.0
Financials - PSU Bank,2026-08-06,105.65,108.71,105.16,108.4,11527726.0
Financials - PSU Bank,2026-08-07,108.21,111.39,107.79,109.59,15214479.0
Financials - PSU Bank,2026-08-10,110.09,111.06,107.57,107.98,9698904.0
Financials - PSU Bank,2026-08-11,108.25,108.43,106.87,107.44,10137751.0
Financials - PSU Bank,2026-08-12,107.43,110.0,107.27,109.75,23912383.0
Financials - PSU Bank,2026-08-13,109.78,110.44,108.5,109.7,7640949.0
Financials - PSU Bank,2026-08-14,109.39,110.13,108.22,108.88,9258800.0
Financials - PSU Bank,2026-08-17,108.53,108.98,106.74,108.03,8743753.0
Financials - PSU Bank,2026-08-18,107.56,108.75,107.08,107.13,5798417.0
Financials - PSU Bank,2026-08-19,107.28,107.66,106.04,106.92,5917892.0
Financials - PSU Bank,2026-08-20,107.41,107.91,106.58,106.74,7089767.0
Financials - PSU Bank,2026-08-21,107.2,107.57,106.11,106.92,7173853.0
Financials - PSU Bank,2026-08-24,107.03,107.33,105.31,106.19,6590022.0
Financials - PSU Bank,2026-08-25,105.96,107.43,105.59,107.14,10944565.0
Financials - PSU Bank,2026-08-26,107.75,109.65,107.54,108.08,16962304.0
Financials - PSU Bank,2026-08-27,108.29,108.67,106.72,107.2,7901353.0
Financials - PSU Bank,2026-08-28,19.68,19.68,19.23,19.43,9938035.0
Financials - Private Bank,2026-05-27,100.12,101.41,99.05,100.0,9401332.0
Financials - Private Bank,2026-05-28,100.0,100.0,100.0,100.0,0.0
Financials - Private Bank,2026-05-29,99.93,101.26,97.82,98.82,33821134.0
Financials - Private Bank,2026-06-01,99.1,100.51,97.09,98.22,10910179.0
Financials - Private Bank,2026-06-02,97.6,99.54,96.48,98.57,13142733.0
Financials - Private Bank,2026-06-03,98.34,99.71,96.61,98.79,11896803.0
Financials - Private Bank,2026-06-04,98.37,99.69,97.56,98.73,9830719.0
Financials - Private Bank,2026-06-05,98.89,100.19,97.95,98.98,11395719.0
Financials - Private Bank,2026-06-08,97.81,99.78,97.25,98.12,10666487.0
Financials - Private Bank,2026-06-09,98.59,101.08,98.22,100.48,12823426.0
Financials - Private Bank,2026-06-10,100.42,102.16,98.79,99.91,10990827.0
Financials - Private Bank,2026-06-11,99.57,101.57,98.67,99.99,10065140.0
Financials - Private Bank,2026-06-12,101.1,103.57,100.12,103.02,12532549.0
Financials - Private Bank,2026-06-15,104.46,105.98,103.11,103.91,14171866.0
Financials - Private Bank,2026-06-16,104.08,105.17,102.8,103.96,14577075.0
Financials - Private Bank,2026-06-17,104.2,105.29,103.13,104.21,28201910.0
Financials - Private Bank,2026-06-18,104.25,105.57,103.51,104.49,19937445.0
Financials - Private Bank,2026-06-19,104.28,105.32,103.03,104.25,12183727.0
Financials - Private Bank,2026-06-22,104.61,105.35,103.27,104.19,13468732.0
Financials - Private Bank,2026-06-23,104.31,104.92,102.57,103.14,9228789.0
Financials - Private Bank,2026-06-24,102.92,105.55,102.4,104.69,11788376.0
Financials - Private Bank,2026-06-25,105.28,106.04,102.93,103.4,10635885.0
Financials - Private Bank,2026-06-26,103.4,103.4,103.4,103.4,0.0
Financials - Private Bank,2026-06-29,103.63,104.79,102.24,103.39,17065050.0
Financials - Private Bank,2026-06-30,103.82,104.94,102.45,103.52,14222971.0
Financials - Private Bank,2026-07-01,103.44,105.23,102.64,104.25,9891894.0
Financials - Private Bank,2026-07-02,104.49,106.18,103.66,105.02,10989148.0
Financials - Private Bank,2026-07-03,105.73,106.98,104.05,105.44,9560882.0
Financials - Private Bank,2026-07-06,105.56,107.72,104.31,106.1,10870963.0
Financials - Private Bank,2026-07-07,106.52,107.85,105.27,106.37,11253978.0
Financials - Private Bank,2026-07-08,106.06,107.01,103.05,103.69,12216187.0
Financials - Private Bank,2026-07-09,103.97,105.91,103.47,104.86,8494396.0
Financials - Private Bank,2026-07-10,105.47,108.13,105.18,107.26,9811120.0
Financials - Private Bank,2026-07-13,106.64,108.34,105.79,107.46,7952729.0
Financials - Private Bank,2026-07-14,107.02,107.52,105.29,106.14,9703652.0
Financials - Private Bank,2026-07-15,106.69,108.7,105.81,107.01,8879768.0
Financials - Private Bank,2026-07-16,107.25,108.04,105.79,106.51,8562266.0
Financials - Private Bank,2026-07-17,106.71,108.57,105.59,107.73,9840444.0
Financials - Private Bank,2026-07-20,106.72,108.46,104.99,106.75,14373236.0
Financials - Private Bank,2026-07-21,106.93,109.48,106.28,108.3,13821962.0
Financials - Private Bank,2026-07-22,108.13,108.75,105.42,106.26,17517543.0
Financials - Private Bank,2026-07-23,105.58,106.77,103.89,105.05,14495237.0
Financials - Private Bank,2026-07-24,104.45,106.18,103.24,105.14,12913854.0
Financials - Private Bank,2026-07-27,105.93,108.66,105.1,107.08,15786275.0
Financials - Private Bank,2026-07-28,106.93,108.06,105.21,106.33,12552393.0
Financials - Private Bank,2026-07-29,106.98,108.26,105.24,106.79,9232552.0
Financials - Private Bank,2026-07-30,106.64,107.49,105.16,106.22,8719273.0
Financials - Private Bank,2026-07-31,106.46,107.74,105.51,106.48,8052782.0
Financials - Private Bank,2026-08-03,107.18,108.88,106.35,108.18,6312892.0
Financials - Private Bank,2026-08-04,108.05,108.4,106.25,107.58,6809254.0
Financials - Private Bank,2026-08-05,107.66,108.35,106.27,107.17,8486771.0
Financials - Private Bank,2026-08-06,107.47,109.06,106.49,107.85,8051248.0
Financials - Private Bank,2026-08-07,107.62,108.5,106.13,106.9,4949995.0
Financials - Private Bank,2026-08-10,107.13,108.13,105.91,107.09,5578028.0
Financials - Private Bank,2026-08-11,106.91,107.27,105.23,106.31,5097617.0
Financials - Private Bank,2026-08-12,106.0,107.61,105.09,106.91,7053508.0
Financials - Private Bank,2026-08-13,106.79,107.54,105.61,106.7,4565194.0
Financials - Private Bank,2026-08-14,106.12,106.82,105.06,105.74,5064724.0
Financials - Private Bank,2026-08-17,105.68,106.36,104.14,105.07,5467531.0
Financials - Private Bank,2026-08-18,104.68,106.2,104.18,105.59,5510426.0
Financials - Private Bank,2026-08-19,105.51,106.25,104.29,105.38,5864221.0
Financials - Private Bank,2026-08-20,105.9,107.5,105.11,106.39,6316969.0
Financials - Private Bank,2026-08-21,106.58,108.23,105.89,107.3,6032555.0
Financials - Private Bank,2026-08-24,107.5,108.54,106.28,107.41,8686183.0
Financials - Private Bank,2026-08-25,107.31,108.87,106.21,107.7,8232204.0
Financials - Private Bank,2026-08-26,107.87,109.55,106.62,108.07,9628407.0
Financials - Private Bank,2026-08-27,108.38,109.48,106.77,107.61,8929752.0
Financials - Private Bank,2026-08-28,125.1,126.56,124.14,125.0,1563731.0
Financials - Ratings,2026-05-27,101.04,101.62,99.36,100.0,33126.0
Financials - Ratings,2026-05-28,100.0,100.0,100.0,100.0,0.0
Financials - Ratings,2026-05-29,100.07,100.89,97.72,98.59,41700.0
Financials - Ratings,2026-06-01,98.3,99.68,97.16,98.06,47811.0
Financials - Ratings,2026-06-02,97.25,98.96,95.76,97.22,54279.0
Financials - Ratings,2026-06-03,97.22,98.48,95.5,97.61,35037.0
Financials - Ratings,2026-06-04,97.92,98.67,96.96,97.81,57056.0
Financials - Ratings,2026-06-05,98.05,98.43,96.8,97.21,23787.0
Financials - Ratings,2026-06-08,96.62,97.19,94.69,95.7,28598.0
Financials - Ratings,2026-06-09,96.14,97.53,95.58,97.13,23402.0
Financials - Ratings,2026-06-10,96.62,101.64,96.36,99.76,95142.0
Financials - Ratings,2026-06-11,99.15,100.21,96.75,97.36,24070.0
Financials - Ratings,2026-06-12,98.56,99.09,96.56,97.76,31884.0
Financials - Ratings,2026-06-15,99.05,100.86,98.4,99.78,39413.0
Financials - Ratings,2026-06-16,100.3,102.04,98.9,100.62,38371.0
Financials - Ratings,2026-06-17,100.81,102.14,99.9,101.65,40932.0
Financials - Ratings,2026-06-18,102.02,102.53,100.64,102.09,33984.0
Financials - Ratings,2026-06-19,102.18,104.88,100.97,103.53,70480.0
Financials - Ratings,2026-06-22,103.99,106.24,103.13,105.36,56226.0
Financials - Ratings,2026-06-23,105.84,106.23,103.75,104.37,62009.0
Financials - Ratings,2026-06-24,104.61,105.01,101.73,102.12,34736.0
Financials - Ratings,2026-06-25,102.08,102.72,101.22,101.72,30203.0
Financials - Ratings,2026-06-26,101.72,101.72,101.72,101.72,0.0
Financials - Ratings,2026-06-29,101.63,104.39,100.54,101.81,60158.0
Financials - Ratings,2026-06-30,102.57,103.08,100.92,101.48,39881.0
Financials - Ratings,2026-07-01,102.15,104.58,101.06,101.66,46436.0
Financials - Ratings,2026-07-02,101.66,102.69,100.88,101.84,21132.0
Financials - Ratings,2026-07-03,102.34,102.85,99.96,100.29,45637.0
Financials - Ratings,2026-07-06,100.95,101.76,98.64,99.94,104591.0
Financials - Ratings,2026-07-07,100.19,101.26,98.5,98.83,44094.0
Financials - Ratings,2026-07-08,99.23,100.01,96.53,97.09,37326.0
Financials - Ratings,2026-07-09,98.0,101.21,97.19,100.84,55822.0
Financials - Ratings,2026-07-10,100.85,104.0,100.46,101.82,89060.0
Financials - Ratings,2026-07-13,101.96,102.94,100.92,101.81,28861.0
Financials - Ratings,2026-07-14,101.96,102.19,100.61,101.13,29887.0
Financials - Ratings,2026-07-15,101.51,104.85,101.12,104.07,55061.0
Financials - Ratings,2026-07-16,104.54,106.06,103.74,104.57,70402.0
Financials - Ratings,2026-07-17,104.62,105.87,103.36,104.76,36591.0
Financials - Ratings,2026-07-20,104.62,105.15,103.81,104.59,18576.0
Financials - Ratings,2026-07-21,105.45,106.71,104.31,105.8,68298.0
Financials - Ratings,2026-07-22,107.69,110.16,104.32,109.27,249358.0
Financials - Ratings,2026-07-23,109.32,111.31,106.93,108.55,96506.0
Financials - Ratings,2026-07-24,108.73,109.29,104.71,106.75,64212.0
Financials - Ratings,2026-07-27,107.15,110.59,106.85,109.58,99433.0
Financials - Ratings,2026-07-28,109.64,109.94,107.95,109.16,29450.0
Financials - Ratings,2026-07-29,109.44,110.74,107.2,108.72,60940.0
Financials - Ratings,2026-07-30,108.91,109.39,107.61,108.29,21592.0
Financials - Ratings,2026-07-31,109.13,109.28,106.54,107.5,40374.0
Financials - Ratings,2026-08-03,107.73,110.04,106.5,108.76,52306.0
Financials - Ratings,2026-08-04,108.5,109.36,107.07,107.8,27128.0
Financials - Ratings,2026-08-05,108.15,111.17,107.4,110.25,66552.0
Financials - Ratings,2026-08-06,110.51,112.25,108.87,111.24,69551.0
Financials - Ratings,2026-08-07,111.28,113.22,109.74,112.58,71630.0
Financials - Ratings,2026-08-10,112.45,113.86,110.46,112.78,63270.0
Financials - Ratings,2026-08-11,113.03,113.03,108.86,109.27,46886.0
Financials - Ratings,2026-08-12,109.53,110.63,108.49,109.72,36128.0
Financials - Ratings,2026-08-13,110.11,110.6,108.61,109.72,23453.0
Financials - Ratings,2026-08-14,109.45,110.07,108.53,109.69,16407.0
Financials - Ratings,2026-08-17,109.76,110.73,108.17,109.73,56470.0
Financials - Ratings,2026-08-18,109.93,110.44,107.97,109.24,42170.0
Financials - Ratings,2026-08-19,109.51,111.37,108.87,109.92,54599.0
Financials - Ratings,2026-08-20,110.25,111.49,109.17,109.41,39631.0
Financials - Ratings,2026-08-21,109.29,111.04,108.65,109.61,43599.0
Financials - Ratings,2026-08-24,109.49,110.34,107.4,108.11,35557.0
Financials - Ratings,2026-08-25,107.62,108.8,106.75,108.01,46953.0
Financials - Ratings,2026-08-26,108.35,109.81,107.46,109.36,36736.0
Financials - Ratings,2026-08-27,109.19,113.15,108.59,112.23,95430.0
Healthcare - Biotech,2026-05-27,101.05,102.59,97.74,100.0,995093.0
Healthcare - Biotech,2026-05-28,100.0,100.0,100.0,100.0,0.0
Healthcare - Biotech,2026-05-29,99.65,103.3,98.93,100.57,2134631.0
Healthcare - Biotech,2026-06-01,100.08,103.71,97.92,98.3,1689336.0
Healthcare - Biotech,2026-06-02,98.53,101.47,96.0,99.68,1193799.0
Healthcare - Biotech,2026-06-03,99.29,100.56,98.08,99.21,845102.0
Healthcare - Biotech,2026-06-04,99.05,106.59,98.28,104.95,2051388.0
Healthcare - Biotech,2026-06-05,105.19,109.35,104.0,106.1,3810219.0
Healthcare - Biotech,2026-06-08,104.62,108.59,103.9,106.68,1232068.0
Healthcare - Biotech,2026-06-09,107.95,114.56,107.86,111.68,6891664.0
Healthcare - Biotech,2026-06-10,111.31,111.61,106.44,106.98,1654655.0
Healthcare - Biotech,2026-06-11,107.0,108.51,103.97,105.07,1038221.0
Healthcare - Biotech,2026-06-12,106.27,107.9,104.7,106.86,702949.0
Healthcare - Biotech,2026-06-15,108.13,109.82,104.65,106.67,1312562.0
Healthcare - Biotech,2026-06-16,106.84,109.31,105.71,107.54,1057004.0
Healthcare - Biotech,2026-06-17,107.42,108.47,104.47,105.77,665339.0
Healthcare - Biotech,2026-06-18,106.8,108.25,104.87,105.48,666068.0
Healthcare - Biotech,2026-06-19,105.44,108.86,104.81,106.18,765130.0
Healthcare - Biotech,2026-06-22,106.54,109.75,105.05,108.26,1084487.0
Healthcare - Biotech,2026-06-23,108.48,112.36,107.61,110.04,2594327.0
Healthcare - Biotech,2026-06-24,111.35,111.86,108.53,110.54,2565241.0
Healthcare - Biotech,2026-06-25,111.07,112.95,108.84,110.05,1064602.0
Healthcare - Biotech,2026-06-26,110.05,110.05,110.05,110.05,0.0
Healthcare - Biotech,2026-06-29,110.54,113.19,107.78,109.78,1238230.0
Healthcare - Biotech,2026-06-30,110.03,112.71,108.85,110.71,2232103.0
Healthcare - Biotech,2026-07-01,110.88,113.77,108.85,109.44,2458802.0
Healthcare - Biotech,2026-07-02,109.74,110.48,107.56,109.79,966513.0
Healthcare - Biotech,2026-07-03,110.88,112.67,108.99,111.1,2214312.0
Healthcare - Biotech,2026-07-06,111.55,112.95,108.16,109.14,1369356.0
Healthcare - Biotech,2026-07-07,109.38,111.16,106.63,108.06,1156390.0
Healthcare - Biotech,2026-07-08,108.01,109.41,104.41,105.23,1087550.0
Healthcare - Biotech,2026-07-09,106.35,108.92,105.37,107.18,2000029.0
Healthcare - Biotech,2026-07-10,108.71,110.0,106.74,107.81,1488389.0
Healthcare - Biotech,2026-07-13,106.39,109.34,105.62,108.45,2543945.0
Healthcare - Biotech,2026-07-14,110.03,111.79,108.13,109.66,14374407.0
Healthcare - Biotech,2026-07-15,110.15,111.19,108.08,108.89,3459148.0
Healthcare - Biotech,2026-07-16,109.2,113.75,108.26,111.4,2769506.0
Healthcare - Biotech,2026-07-17,111.72,111.99,108.47,109.92,3025947.0
Healthcare - Biotech,2026-07-20,110.05,112.43,108.96,111.52,1259620.0
Healthcare - Biotech,2026-07-21,111.63,113.66,107.48,108.99,1340311.0
Healthcare - Biotech,2026-07-22,108.19,110.51,104.19,106.29,2274352.0
Healthcare - Biotech,2026-07-23,105.89,106.47,103.39,104.62,1581851.0
Healthcare - Biotech,2026-07-24,104.06,104.98,101.81,104.07,984089.0
Healthcare - Biotech,2026-07-27,105.14,105.63,103.19,103.71,906334.0
Healthcare - Biotech,2026-07-28,103.22,104.28,101.46,101.85,1212202.0
Healthcare - Biotech,2026-07-29,102.34,103.99,101.1,102.91,1170260.0
Healthcare - Biotech,2026-07-30,103.22,104.61,100.75,102.08,1707026.0
Healthcare - Biotech,2026-07-31,102.04,103.88,101.54,102.39,826159.0
Healthcare - Biotech,2026-08-03,102.74,103.57,101.83,103.2,1157446.0
Healthcare - Biotech,2026-08-04,102.76,105.03,101.67,102.32,911557.0
Healthcare - Biotech,2026-08-05,102.89,104.38,101.34,102.15,1216232.0
Healthcare - Biotech,2026-08-06,102.76,105.05,101.79,103.84,3719421.0
Healthcare - Biotech,2026-08-07,103.48,105.02,101.95,103.43,1823568.0
Healthcare - Biotech,2026-08-10,103.59,104.68,98.69,100.3,850412.0
Healthcare - Biotech,2026-08-11,100.35,107.95,97.78,106.38,1465117.0
Healthcare - Biotech,2026-08-12,106.52,107.57,102.26,103.05,1351197.0
Healthcare - Biotech,2026-08-13,102.96,107.47,102.18,105.97,1639265.0
Healthcare - Biotech,2026-08-14,123.08,125.29,122.01,123.1,2067930.0
Healthcare - Biotech,2026-08-17,123.39,124.46,120.15,121.2,1628248.0
Healthcare - Biotech,2026-08-18,121.84,122.57,119.29,120.31,1363866.0
Healthcare - Biotech,2026-08-19,120.36,127.78,119.46,124.11,1059036.0
Healthcare - Biotech,2026-08-20,124.76,127.2,122.64,126.19,1064825.0
Healthcare - Biotech,2026-08-21,126.35,128.45,122.97,126.95,1199237.0
Healthcare - Biotech,2026-08-24,127.25,130.67,125.58,126.23,956560.0
Healthcare - Biotech,2026-08-25,126.74,129.38,125.32,126.86,1584678.0
Healthcare - Biotech,2026-08-26,126.94,128.14,124.34,125.75,1151912.0
Healthcare - Biotech,2026-08-27,126.42,128.97,124.95,126.62,871615.0
Healthcare - Diagnostics,2026-05-27,102.64,104.05,98.57,100.0,252743.0
Healthcare - Diagnostics,2026-05-28,100.0,100.0,100.0,100.0,0.0
Healthcare - Diagnostics,2026-05-29,100.15,103.45,99.0,101.18,358063.0
Healthcare - Diagnostics,2026-06-01,102.22,102.91,98.5,99.69,213661.0
Healthcare - Diagnostics,2026-06-02,99.04,101.78,97.55,100.67,219286.0
Healthcare - Diagnostics,2026-06-03,101.13,101.91,97.86,99.16,122275.0
Healthcare - Diagnostics,2026-06-04,99.21,102.21,97.49,99.85,304776.0
Healthcare - Diagnostics,2026-06-05,99.98,103.26,98.6,100.09,206570.0
Healthcare - Diagnostics,2026-06-08,98.67,102.2,97.14,99.51,403734.0
Healthcare - Diagnostics,2026-06-09,99.53,101.23,98.25,99.68,336460.0
Healthcare - Diagnostics,2026-06-10,99.4,101.44,98.02,98.61,138915.0
Healthcare - Diagnostics,2026-06-11,98.28,101.88,97.56,99.24,195321.0
Healthcare - Diagnostics,2026-06-12,100.15,101.26,98.11,99.73,175241.0
Healthcare - Diagnostics,2026-06-15,101.14,103.89,99.16,101.87,174258.0
Healthcare - Diagnostics,2026-06-16,102.11,107.03,100.84,102.46,1976838.0
Healthcare - Diagnostics,2026-06-17,102.78,105.12,101.99,102.81,260768.0
Healthcare - Diagnostics,2026-06-18,102.94,105.79,101.87,103.16,225133.0
Healthcare - Diagnostics,2026-06-19,103.08,106.04,101.5,104.27,186507.0
Healthcare - Diagnostics,2026-06-22,104.62,107.19,103.2,105.32,214028.0
Healthcare - Diagnostics,2026-06-23,105.32,107.2,103.51,104.49,268287.0
Healthcare - Diagnostics,2026-06-24,105.2,108.6,103.44,106.84,269848.0
Healthcare - Diagnostics,2026-06-25,107.08,110.04,105.46,107.29,306917.0
Healthcare - Diagnostics,2026-06-26,107.29,107.29,107.29,107.29,0.0
Healthcare - Diagnostics,2026-06-29,108.09,108.77,102.47,104.87,583277.0
Healthcare - Diagnostics,2026-06-30,104.87,108.34,103.8,105.7,690445.0
Healthcare - Diagnostics,2026-07-01,105.81,107.85,104.54,106.08,163542.0
Healthcare - Diagnostics,2026-07-02,106.14,107.99,104.69,106.76,198654.0
Healthcare - Diagnostics,2026-07-03,107.02,109.55,105.53,106.83,237474.0
Healthcare - Diagnostics,2026-07-06,107.13,109.45,104.94,106.82,458517.0
Healthcare - Diagnostics,2026-07-07,107.05,108.54,105.46,106.88,242885.0
Healthcare - Diagnostics,2026-07-08,106.24,107.62,102.48,103.74,177551.0
Healthcare - Diagnostics,2026-07-09,104.17,107.3,103.65,105.8,159509.0
Healthcare - Diagnostics,2026-07-10,106.66,107.81,104.86,106.25,191533.0
Healthcare - Diagnostics,2026-07-13,105.98,114.6,104.85,113.81,297067.0
Healthcare - Diagnostics,2026-07-14,115.25,116.82,109.52,111.78,333365.0
Healthcare - Diagnostics,2026-07-15,110.89,116.08,110.05,112.0,312011.0
Healthcare - Diagnostics,2026-07-16,112.44,114.26,110.25,113.04,220678.0
Healthcare - Diagnostics,2026-07-17,113.13,114.49,108.67,110.57,328038.0
Healthcare - Diagnostics,2026-07-20,110.61,115.65,110.12,112.91,397320.0
Healthcare - Diagnostics,2026-07-21,114.25,114.97,110.1,111.77,196422.0
Healthcare - Diagnostics,2026-07-22,111.99,112.6,109.95,111.06,170677.0
Healthcare - Diagnostics,2026-07-23,110.68,111.49,108.59,109.58,153048.0
Healthcare - Diagnostics,2026-07-24,109.28,112.61,107.35,111.12,2796628.0
Healthcare - Diagnostics,2026-07-27,112.34,118.8,111.94,116.07,1310122.0
Healthcare - Diagnostics,2026-07-28,116.37,117.56,114.57,115.77,294658.0
Healthcare - Diagnostics,2026-07-29,115.75,118.3,114.27,117.0,395719.0
Healthcare - Diagnostics,2026-07-30,117.12,121.45,114.02,116.51,443234.0
Healthcare - Diagnostics,2026-07-31,116.66,118.18,114.53,116.42,249394.0
Healthcare - Diagnostics,2026-08-03,116.73,118.55,114.97,116.38,332446.0
Healthcare - Diagnostics,2026-08-04,116.31,119.12,114.81,117.38,374195.0
Healthcare - Diagnostics,2026-08-05,117.68,118.23,115.35,116.39,245611.0
Healthcare - Diagnostics,2026-08-06,116.05,118.89,114.46,116.94,196816.0
Healthcare - Diagnostics,2026-08-07,117.55,119.33,114.95,116.06,216338.0
Healthcare - Diagnostics,2026-08-10,115.97,120.55,115.62,118.9,265473.0
Healthcare - Diagnostics,2026-08-11,119.1,121.29,117.45,119.68,240987.0
Healthcare - Diagnostics,2026-08-12,119.82,122.67,118.3,120.41,656298.0
Healthcare - Diagnostics,2026-08-13,120.58,122.36,118.05,119.66,1454426.0
Healthcare - Diagnostics,2026-08-14,119.1,120.45,117.02,117.87,373643.0
Healthcare - Diagnostics,2026-08-17,118.12,119.61,116.38,117.81,152668.0
Healthcare - Diagnostics,2026-08-18,118.06,120.14,116.99,118.48,141998.0
Healthcare - Diagnostics,2026-08-19,118.45,119.78,116.3,117.07,199371.0
Healthcare - Diagnostics,2026-08-20,117.48,118.44,115.79,116.76,328887.0
Healthcare - Diagnostics,2026-08-21,117.02,117.99,115.06,116.43,201629.0
Healthcare - Diagnostics,2026-08-24,116.19,117.6,115.23,116.24,169395.0
Healthcare - Diagnostics,2026-08-25,116.44,119.09,115.34,118.0,162571.0
Healthcare - Diagnostics,2026-08-26,118.06,119.27,115.77,117.29,125394.0
Healthcare - Diagnostics,2026-08-27,117.36,117.99,114.73,115.89,168283.0
Healthcare - Diagnostics,2026-08-28,87.41,88.39,86.65,87.43,316010.0
Healthcare - Equipments,2026-05-27,106.48,107.26,98.87,100.0,212368.0
Healthcare - Equipments,2026-05-28,100.0,100.0,100.0,100.0,0.0
Healthcare - Equipments,2026-05-29,100.11,104.66,98.89,101.28,259310.0
Healthcare - Equipments,2026-06-01,97.96,100.62,96.93,98.1,107127.0
Healthcare - Equipments,2026-06-02,97.23,98.22,95.78,97.18,60758.0
Healthcare - Equipments,2026-06-03,97.08,99.45,96.11,97.97,69352.0
Healthcare - Equipments,2026-06-04,97.73,102.7,97.22,101.69,157815.0
Healthcare - Equipments,2026-06-05,102.22,103.78,100.57,102.71,98273.0
Healthcare - Equipments,2026-06-08,101.55,103.67,99.15,100.09,54984.0
Healthcare - Equipments,2026-06-09,100.74,105.57,100.48,104.89,126493.0
Healthcare - Equipments,2026-06-10,105.42,105.95,100.7,102.01,142714.0
Healthcare - Equipments,2026-06-11,101.52,106.55,100.66,105.12,182410.0
Healthcare - Equipments,2026-06-12,106.17,108.86,104.24,108.39,99987.0
Healthcare - Equipments,2026-06-15,110.04,110.51,106.49,107.47,76818.0
Healthcare - Equipments,2026-06-16,108.38,111.01,106.66,109.71,1456459.0
Healthcare - Equipments,2026-06-17,110.56,114.46,109.5,113.06,7628345.0
Healthcare - Equipments,2026-06-18,112.65,115.13,111.41,114.41,643351.0
Healthcare - Equipments,2026-06-19,113.84,115.54,112.14,113.51,133836.0
Healthcare - Equipments,2026-06-22,114.29,121.29,112.98,119.97,193834.0
Healthcare - Equipments,2026-06-23,120.43,123.2,117.59,118.29,116385.0
Healthcare - Equipments,2026-06-24,118.39,120.16,115.84,118.18,55440.0
Healthcare - Equipments,2026-06-25,118.36,120.14,115.57,118.27,67193.0
Healthcare - Equipments,2026-06-26,118.27,118.27,118.27,118.27,0.0
Healthcare - Equipments,2026-06-29,118.12,120.12,115.76,118.16,77844.0
Healthcare - Equipments,2026-06-30,118.2,121.73,117.44,120.65,132203.0
Healthcare - Equipments,2026-07-01,120.88,122.34,118.52,119.03,74672.0
Healthcare - Equipments,2026-07-02,119.35,124.69,118.4,122.77,146800.0
Healthcare - Equipments,2026-07-03,123.3,125.75,118.52,119.58,151108.0
Healthcare - Equipments,2026-07-06,120.6,124.29,118.62,121.6,2772668.0
Healthcare - Equipments,2026-07-07,121.55,122.52,119.25,120.7,702757.0
Healthcare - Equipments,2026-07-08,119.94,121.75,116.42,117.24,169815.0
Healthcare - Equipments,2026-07-09,117.56,121.92,117.23,119.11,68937.0
Healthcare - Equipments,2026-07-10,119.3,122.15,119.16,121.31,112159.0
Healthcare - Equipments,2026-07-13,121.57,123.78,119.66,121.77,208583.0
Healthcare - Equipments,2026-07-14,121.35,125.7,119.64,123.7,260231.0
Healthcare - Equipments,2026-07-15,123.97,128.46,122.66,125.74,108087.0
Healthcare - Equipments,2026-07-16,126.66,129.69,124.26,126.21,88290.0
Healthcare - Equipments,2026-07-17,126.6,127.81,121.81,123.68,87497.0
Healthcare - Equipments,2026-07-20,161.35,167.02,160.22,165.25,93875.0
Healthcare - Equipments,2026-07-21,126.46,129.06,124.3,126.56,2317271.0
Healthcare - Equipments,2026-07-22,128.36,129.13,125.02,126.1,404361.0
Healthcare - Equipments,2026-07-23,125.11,126.64,122.07,123.45,93527.0
Healthcare - Equipments,2026-07-24,122.69,126.75,121.67,125.36,86574.0
Healthcare - Equipments,2026-07-27,131.73,133.11,125.32,127.5,132927.0
Healthcare - Equipments,2026-07-28,127.0,127.85,123.88,124.92,47149.0
Healthcare - Equipments,2026-07-29,125.58,129.63,125.27,127.94,67569.0
Healthcare - Equipments,2026-07-30,127.69,128.4,125.94,126.87,38695.0
Healthcare - Equipments,2026-07-31,163.96,169.11,162.77,166.44,117122.0
Healthcare - Equipments,2026-08-03,130.6,133.1,129.18,130.88,80903.0
Healthcare - Equipments,2026-08-04,130.79,132.03,129.34,130.67,88297.0
Healthcare - Equipments,2026-08-05,131.18,133.56,129.71,130.98,58012.0
Healthcare - Equipments,2026-08-06,130.81,132.43,129.43,130.15,66617.0
Healthcare - Equipments,2026-08-07,130.23,132.77,126.1,129.23,117000.0
Healthcare - Equipments,2026-08-10,128.91,137.42,128.1,133.16,368401.0
Healthcare - Equipments,2026-08-11,132.84,139.54,131.82,136.74,504279.0
Healthcare - Equipments,2026-08-12,138.0,142.12,135.2,138.79,619626.0
Healthcare - Equipments,2026-08-13,138.4,139.75,134.96,135.91,76231.0
Healthcare - Equipments,2026-08-14,136.11,140.43,133.26,137.16,3326411.0
Healthcare - Equipments,2026-08-17,137.53,138.66,132.37,134.0,745808.0
Healthcare - Equipments,2026-08-18,134.69,137.71,131.05,134.87,476903.0
Healthcare - Equipments,2026-08-19,134.9,137.05,132.27,133.73,157299.0
Healthcare - Equipments,2026-08-20,134.1,135.26,132.56,133.51,79587.0
Healthcare - Equipments,2026-08-21,134.19,135.32,129.25,130.7,88220.0
Healthcare - Equipments,2026-08-24,169.4,175.29,168.96,172.01,123125.0
Healthcare - Equipments,2026-08-25,171.65,173.51,169.44,171.44,93480.0
Healthcare - Equipments,2026-08-26,171.44,173.89,168.8,169.51,87370.0
Healthcare - Equipments,2026-08-27,169.74,171.25,165.72,168.53,176957.0
Healthcare - Hospitals,2026-05-27,99.66,100.77,98.39,100.0,378551.0
Healthcare - Hospitals,2026-05-28,106.49,106.49,106.49,106.49,0.0
Healthcare - Hospitals,2026-05-29,99.82,101.54,98.0,98.76,1616624.0
Healthcare - Hospitals,2026-06-01,99.03,100.15,97.45,98.2,460457.0
Healthcare - Hospitals,2026-06-02,96.79,98.99,95.83,98.28,579109.0
Healthcare - Hospitals,2026-06-03,98.62,100.11,97.9,99.51,481444.0
Healthcare - Hospitals,2026-06-04,99.43,100.53,98.53,99.58,380914.0
Healthcare - Hospitals,2026-06-05,99.61,100.89,99.01,100.19,471025.0
Healthcare - Hospitals,2026-06-08,99.11,102.98,98.43,100.93,1126148.0
Healthcare - Hospitals,2026-06-09,101.89,103.72,100.79,102.78,733247.0
Healthcare - Hospitals,2026-06-10,102.85,104.73,101.93,102.87,662780.0
Healthcare - Hospitals,2026-06-11,102.57,103.64,101.57,102.39,378249.0
Healthcare - Hospitals,2026-06-12,102.96,103.79,101.8,102.96,348548.0
Healthcare - Hospitals,2026-06-15,103.76,104.19,101.64,102.6,422395.0
Healthcare - Hospitals,2026-06-16,102.91,103.63,101.62,102.4,486859.0
Healthcare - Hospitals,2026-06-17,102.5,103.76,101.67,102.7,445054.0
Healthcare - Hospitals,2026-06-18,102.83,104.05,101.89,103.32,778205.0
Healthcare - Hospitals,2026-06-19,103.01,104.59,102.61,103.83,466481.0
Healthcare - Hospitals,2026-06-22,104.18,105.07,102.92,104.0,477961.0
Healthcare - Hospitals,2026-06-23,104.47,107.25,103.4,105.46,533993.0
Healthcare - Hospitals,2026-06-24,105.14,106.62,104.11,105.58,397481.0
Healthcare - Hospitals,2026-06-25,105.98,107.01,104.36,105.28,597572.0
Healthcare - Hospitals,2026-06-26,112.25,112.25,112.25,112.25,0.0
Healthcare - Hospitals,2026-06-29,105.8,106.7,104.07,105.08,1117504.0
Healthcare - Hospitals,2026-06-30,105.75,107.42,104.74,106.11,603399.0
Healthcare - Hospitals,2026-07-01,106.28,107.74,105.59,106.26,357084.0
Healthcare - Hospitals,2026-07-02,106.6,107.76,105.79,106.98,338013.0
Healthcare - Hospitals,2026-07-03,107.51,109.12,106.62,108.17,426810.0
Healthcare - Hospitals,2026-07-06,108.52,109.32,107.04,107.86,367065.0
Healthcare - Hospitals,2026-07-07,108.05,108.82,106.72,107.26,426808.0
Healthcare - Hospitals,2026-07-08,106.93,108.0,104.93,105.96,535713.0
Healthcare - Hospitals,2026-07-09,106.1,108.32,105.68,107.28,587859.0
Healthcare - Hospitals,2026-07-10,107.84,108.38,106.51,107.58,414905.0
Healthcare - Hospitals,2026-07-13,107.71,108.58,105.95,107.52,413915.0
Healthcare - Hospitals,2026-07-14,107.56,108.75,105.97,107.3,443571.0
Healthcare - Hospitals,2026-07-15,107.79,109.2,106.89,108.28,504672.0
Healthcare - Hospitals,2026-07-16,108.61,109.21,107.08,108.07,312992.0
Healthcare - Hospitals,2026-07-17,107.99,108.62,106.52,107.74,271962.0
Healthcare - Hospitals,2026-07-20,102.73,104.0,101.84,102.84,230999.0
Healthcare - Hospitals,2026-07-21,102.97,103.73,102.3,103.03,366953.0
Healthcare - Hospitals,2026-07-22,103.03,103.51,100.88,102.05,357986.0
Healthcare - Hospitals,2026-07-23,102.01,102.89,100.94,101.7,330212.0
Healthcare - Hospitals,2026-07-24,101.39,102.63,100.48,101.81,321973.0
Healthcare - Hospitals,2026-07-27,102.07,103.53,101.15,102.88,423207.0
Healthcare - Hospitals,2026-07-28,104.2,104.93,102.3,103.18,322942.0
Healthcare - Hospitals,2026-07-29,103.59,104.82,102.94,104.0,499832.0
Healthcare - Hospitals,2026-07-30,103.85,105.13,103.03,104.34,423146.0
Healthcare - Hospitals,2026-07-31,104.63,105.06,102.54,103.71,440223.0
Healthcare - Hospitals,2026-08-03,104.11,104.97,101.94,102.67,602320.0
Healthcare - Hospitals,2026-08-04,102.78,104.44,101.63,103.71,602726.0
Healthcare - Hospitals,2026-08-05,103.65,104.62,102.05,103.5,564125.0
Healthcare - Hospitals,2026-08-06,103.69,104.81,102.31,103.6,593132.0
Healthcare - Hospitals,2026-08-07,103.65,104.62,102.55,103.49,710251.0
Healthcare - Hospitals,2026-08-10,104.04,106.24,103.08,104.69,671720.0
Healthcare - Hospitals,2026-08-11,105.24,105.67,100.99,102.32,753414.0
Healthcare - Hospitals,2026-08-12,102.31,103.01,99.93,100.77,810143.0
Healthcare - Hospitals,2026-08-13,101.47,102.64,99.97,100.88,533262.0
Healthcare - Hospitals,2026-08-14,107.54,110.05,106.56,109.46,712026.0
Healthcare - Hospitals,2026-08-17,109.39,110.74,108.07,109.25,520763.0
Healthcare - Hospitals,2026-08-18,109.5,110.32,108.05,108.8,449579.0
Healthcare - Hospitals,2026-08-19,108.68,109.71,106.93,108.17,6135751.0
Healthcare - Hospitals,2026-08-20,108.56,109.15,107.23,108.2,1095176.0
Healthcare - Hospitals,2026-08-21,108.38,108.74,106.96,107.82,598878.0
Healthcare - Hospitals,2026-08-24,107.94,108.9,106.49,107.77,1145857.0
Healthcare - Hospitals,2026-08-25,107.81,109.62,107.11,109.2,641380.0
Healthcare - Hospitals,2026-08-26,109.12,110.84,107.96,109.4,478874.0
Healthcare - Hospitals,2026-08-27,109.7,110.66,108.37,109.39,556906.0
Healthcare - Hospitals,2026-08-28,223.22,226.16,222.95,224.21,107082.0
Healthcare - Pharma,2026-05-27,100.23,101.95,98.54,100.0,1453724.0
Healthcare - Pharma,2026-05-28,100.0,100.0,100.0,100.0,0.0
Healthcare - Pharma,2026-05-29,100.32,102.24,97.55,99.24,1780191.0
Healthcare - Pharma,2026-06-01,99.96,101.49,97.6,98.75,1493666.0
Healthcare - Pharma,2026-06-02,98.15,99.34,96.41,97.74,955148.0
Healthcare - Pharma,2026-06-03,97.95,99.52,96.56,98.19,883118.0
Healthcare - Pharma,2026-06-04,98.07,99.73,96.71,97.91,739151.0
Healthcare - Pharma,2026-06-05,98.35,99.72,97.16,98.4,707039.0
Healthcare - Pharma,2026-06-08,97.84,100.06,96.36,97.89,649555.0
Healthcare - Pharma,2026-06-09,98.34,100.45,97.55,99.36,1504468.0
Healthcare - Pharma,2026-06-10,99.58,101.22,97.9,99.1,1342849.0
Healthcare - Pharma,2026-06-11,98.96,100.81,97.65,99.02,1355384.0
Healthcare - Pharma,2026-06-12,99.79,101.64,98.64,100.33,955477.0
Healthcare - Pharma,2026-06-15,101.56,102.15,99.28,99.97,1000799.0
Healthcare - Pharma,2026-06-16,100.22,101.26,98.26,99.58,711260.0
Healthcare - Pharma,2026-06-17,99.52,101.02,98.62,99.65,690569.0
Healthcare - Pharma,2026-06-18,99.99,101.81,99.16,100.63,839499.0
Healthcare - Pharma,2026-06-19,100.62,102.35,99.85,101.29,704678.0
Healthcare - Pharma,2026-06-22,101.93,103.14,100.45,101.87,740072.0
Healthcare - Pharma,2026-06-23,102.42,104.87,100.71,102.45,3075051.0
Healthcare - Pharma,2026-06-24,102.71,104.3,101.7,102.46,1239413.0
Healthcare - Pharma,2026-06-25,102.82,103.57,100.9,101.91,863046.0
Healthcare - Pharma,2026-06-26,101.91,101.91,101.91,101.91,0.0
Healthcare - Pharma,2026-06-29,102.12,104.49,100.86,102.65,1532522.0
Healthcare - Pharma,2026-06-30,103.04,105.18,101.96,104.03,2106093.0
Healthcare - Pharma,2026-07-01,104.57,105.91,102.92,104.06,1204582.0
Healthcare - Pharma,2026-07-02,104.45,105.78,103.36,104.66,837070.0
Healthcare - Pharma,2026-07-03,105.16,106.87,103.9,105.35,1336261.0
Healthcare - Pharma,2026-07-06,105.69,107.36,104.18,106.18,912644.0
Healthcare - Pharma,2026-07-07,106.6,107.61,104.57,105.54,1415941.0
Healthcare - Pharma,2026-07-08,105.47,107.55,103.67,104.91,1663485.0
Healthcare - Pharma,2026-07-09,105.16,108.92,104.56,107.22,1153105.0
Healthcare - Pharma,2026-07-10,107.69,109.49,106.19,108.13,827415.0
Healthcare - Pharma,2026-07-13,107.52,109.79,106.53,108.29,734792.0
Healthcare - Pharma,2026-07-14,108.28,109.68,106.97,108.42,735140.0
Healthcare - Pharma,2026-07-15,108.89,110.52,107.84,109.22,694717.0
Healthcare - Pharma,2026-07-16,109.57,110.52,107.77,109.13,564497.0
Healthcare - Pharma,2026-07-17,109.05,109.86,106.18,107.9,743287.0
Healthcare - Pharma,2026-07-20,109.45,112.34,108.72,110.92,648593.0
Healthcare - Pharma,2026-07-21,109.65,111.04,108.32,110.11,706923.0
Healthcare - Pharma,2026-07-22,110.03,110.59,106.99,108.73,829135.0
Healthcare - Pharma,2026-07-23,108.55,109.63,106.6,107.84,685041.0
Healthcare - Pharma,2026-07-24,106.57,108.2,105.49,107.06,510339.0
Healthcare - Pharma,2026-07-27,107.47,109.71,106.51,108.2,891047.0
Healthcare - Pharma,2026-07-28,108.33,109.2,106.47,107.76,633799.0
Healthcare - Pharma,2026-07-29,108.17,110.52,107.03,109.2,702313.0
Healthcare - Pharma,2026-07-30,109.36,110.33,107.3,108.28,966330.0
Healthcare - Pharma,2026-07-31,111.38,113.19,109.85,111.66,647371.0
Healthcare - Pharma,2026-08-03,109.58,111.57,107.81,110.08,804622.0
Healthcare - Pharma,2026-08-04,110.05,111.02,108.39,109.59,1572283.0
Healthcare - Pharma,2026-08-05,110.21,111.43,108.57,110.27,2693008.0
Healthcare - Pharma,2026-08-06,111.89,113.81,109.88,111.23,2496009.0
Healthcare - Pharma,2026-08-07,111.15,113.79,110.04,112.3,1173119.0
Healthcare - Pharma,2026-08-10,112.69,114.0,110.62,111.79,1174813.0
Healthcare - Pharma,2026-08-11,112.13,114.7,111.02,113.45,1289900.0
Healthcare - Pharma,2026-08-12,113.62,114.88,111.4,112.67,1458802.0
Healthcare - Pharma,2026-08-13,113.3,114.87,111.16,113.04,1428244.0
Healthcare - Pharma,2026-08-14,129.26,130.87,127.09,128.44,1740196.0
Healthcare - Pharma,2026-08-17,128.64,130.26,125.94,127.95,1721611.0
Healthcare - Pharma,2026-08-18,128.0,129.93,126.39,127.87,1357115.0
Healthcare - Pharma,2026-08-19,128.05,129.21,126.02,127.43,825917.0
Healthcare - Pharma,2026-08-20,127.87,129.31,126.27,127.42,1538618.0
Healthcare - Pharma,2026-08-21,127.69,128.76,125.8,127.13,1179341.0
Healthcare - Pharma,2026-08-24,128.75,130.13,126.89,128.2,1105603.0
Healthcare - Pharma,2026-08-25,128.39,129.47,126.62,128.4,1032757.0
Healthcare - Pharma,2026-08-26,128.92,130.85,127.73,129.48,3128863.0
Healthcare - Pharma,2026-08-27,129.69,131.03,128.26,129.42,1163839.0
Healthcare - Pharma,2026-08-28,283.89,287.42,279.44,281.48,993399.0
Human Resources,2026-05-27,100.03,101.05,99.19,100.0,344085.0
Human Resources,2026-05-28,100.0,100.0,100.0,100.0,0.0
Human Resources,2026-05-29,100.19,100.73,98.48,99.01,176300.0
Human Resources,2026-06-01,99.87,100.37,98.23,98.97,140512.0
Human Resources,2026-06-02,98.98,100.16,98.01,99.66,171181.0
Human Resources,2026-06-03,99.95,100.16,98.76,99.39,173124.0
Human Resources,2026-06-04,99.49,101.0,99.0,100.14,163612.0
Human Resources,2026-06-05,101.02,103.54,99.65,101.89,7990568.0
Human Resources,2026-06-08,101.37,103.42,100.21,101.24,1133636.0
Human Resources,2026-06-09,101.2,103.04,100.88,101.77,388756.0
Human Resources,2026-06-10,102.01,102.83,99.91,101.34,739149.0
Human Resources,2026-06-11,101.0,104.83,100.57,103.35,438657.0
Human Resources,2026-06-12,104.55,104.85,101.74,102.88,288117.0
Human Resources,2026-06-15,103.79,104.18,102.44,102.9,252412.0
Human Resources,2026-06-16,103.01,104.56,102.74,103.45,327062.0
Human Resources,2026-06-17,103.7,105.51,103.07,104.61,208769.0
Human Resources,2026-06-18,105.35,107.21,104.55,105.97,219298.0
Human Resources,2026-06-19,105.94,107.05,104.94,106.49,246672.0
Human Resources,2026-06-22,106.73,107.17,104.67,105.25,132184.0
Human Resources,2026-06-23,106.05,106.99,104.49,105.61,764234.0
Human Resources,2026-06-24,105.75,106.31,104.87,105.24,110437.0
Human Resources,2026-06-25,105.55,106.27,104.8,105.74,164529.0
Human Resources,2026-06-26,105.74,105.74,105.74,105.74,0.0
Human Resources,2026-06-29,105.84,106.6,104.74,105.61,209587.0
Human Resources,2026-06-30,105.88,107.43,104.63,106.76,1410145.0
Human Resources,2026-07-01,106.85,107.72,105.68,107.06,445365.0
Human Resources,2026-07-02,107.07,110.0,106.51,109.01,596574.0
Human Resources,2026-07-03,107.43,108.94,105.72,107.08,691176.0
Human Resources,2026-07-06,107.04,107.43,104.95,105.79,262062.0
Human Resources,2026-07-07,106.47,108.49,104.3,106.22,257864.0
Human Resources,2026-07-08,106.57,107.75,103.66,104.33,306734.0
Human Resources,2026-07-09,104.34,106.98,103.74,105.18,561671.0
Human Resources,2026-07-10,105.4,106.33,103.98,104.74,252773.0
Human Resources,2026-07-13,104.93,107.44,104.01,106.06,173254.0
Human Resources,2026-07-14,105.82,109.09,104.66,105.64,100771.0
Human Resources,2026-07-15,107.0,107.77,105.29,105.97,116980.0
Human Resources,2026-07-16,106.2,107.36,105.63,106.47,63587.0
Human Resources,2026-07-17,106.74,108.38,104.61,107.49,453158.0
Human Resources,2026-07-20,107.7,110.15,104.37,105.08,142715.0
Human Resources,2026-07-21,103.2,104.11,100.96,102.52,284501.0
Human Resources,2026-07-22,102.52,104.18,101.78,102.8,145571.0
Human Resources,2026-07-23,102.91,104.23,100.21,102.09,565855.0
Human Resources,2026-07-24,102.15,103.28,100.6,101.68,165408.0
Human Resources,2026-07-27,102.34,103.0,99.95,100.9,172784.0
Human Resources,2026-07-28,101.66,102.99,100.43,101.76,320734.0
Human Resources,2026-07-29,101.58,103.17,100.61,101.49,252561.0
Human Resources,2026-07-30,102.0,102.27,98.74,99.53,849558.0
Human Resources,2026-07-31,100.55,102.97,97.28,99.46,6080921.0
Human Resources,2026-08-03,99.97,101.83,99.36,100.59,788968.0
Human Resources,2026-08-04,100.37,102.58,98.42,100.42,473098.0
Human Resources,2026-08-05,100.52,101.41,98.65,99.73,321644.0
Human Resources,2026-08-06,99.85,101.5,98.76,99.94,196901.0
Human Resources,2026-08-07,100.43,100.61,98.2,99.68,198096.0
Human Resources,2026-08-10,99.6,101.28,98.08,100.42,369466.0
Human Resources,2026-08-11,100.14,101.3,99.06,99.93,248172.0
Human Resources,2026-08-12,99.81,100.69,98.44,100.4,318005.0
Human Resources,2026-08-13,100.86,101.31,100.05,100.65,129552.0
Human Resources,2026-08-14,45.7,46.53,44.93,46.28,376188.0
Human Resources,2026-08-17,46.28,47.12,45.15,46.81,352548.0
Human Resources,2026-08-18,47.06,47.48,45.2,46.14,601044.0
Human Resources,2026-08-19,45.69,46.79,45.32,46.61,666932.0
Human Resources,2026-08-20,46.67,47.48,45.93,46.42,290295.0
Human Resources,2026-08-21,46.52,47.38,45.83,46.47,288970.0
Human Resources,2026-08-24,46.17,47.95,46.07,47.16,378390.0
Human Resources,2026-08-25,47.18,48.1,46.76,47.94,395005.0
Human Resources,2026-08-26,48.15,50.63,47.8,49.94,3497011.0
Human Resources,2026-08-27,49.95,50.34,48.29,48.76,509980.0
IT - Education,2026-05-27,99.68,101.19,99.27,100.0,240286.0
IT - Education,2026-05-28,100.0,100.0,100.0,100.0,0.0
IT - Education,2026-05-29,100.43,102.31,98.69,99.81,318378.0
IT - Education,2026-06-01,99.74,119.77,99.24,119.77,16387343.0
IT - Education,2026-06-02,121.92,137.43,117.36,131.6,26493178.0
IT - Education,2026-06-03,131.32,138.81,127.06,136.02,11257610.0
IT - Education,2026-06-04,134.09,138.65,133.61,137.25,2614198.0
IT - Education,2026-06-05,135.16,139.53,134.69,137.47,1978992.0
IT - Education,2026-06-08,136.31,137.32,132.2,136.65,998965.0
IT - Education,2026-06-09,136.65,145.12,135.65,144.08,2510579.0
IT - Education,2026-06-10,145.4,146.0,133.84,137.37,1037146.0
IT - Education,2026-06-11,133.84,135.83,122.36,124.93,1820655.0
IT - Education,2026-06-12,127.48,130.33,125.22,128.19,811591.0
IT - Education,2026-06-15,129.92,133.48,129.44,131.13,588982.0
IT - Education,2026-06-16,131.15,157.34,129.8,155.29,27928835.0
IT - Education,2026-06-17,157.17,161.57,148.68,152.03,7899997.0
IT - Education,2026-06-18,151.81,151.81,141.79,143.76,2482011.0
IT - Education,2026-06-19,143.76,145.3,138.66,139.41,1360229.0
IT - Education,2026-06-22,139.54,159.3,139.54,152.14,11539376.0
IT - Education,2026-06-23,149.82,152.54,145.02,147.09,1640863.0
IT - Education,2026-06-24,147.09,155.48,146.89,151.95,2766364.0
IT - Education,2026-06-25,153.89,153.89,145.27,147.44,1065719.0
IT - Education,2026-06-26,147.44,147.44,147.44,147.44,0.0
IT - Education,2026-06-29,147.11,147.86,140.51,141.32,819483.0
IT - Education,2026-06-30,142.33,152.35,142.13,147.8,2756754.0
IT - Education,2026-07-01,147.64,149.66,144.98,147.4,633565.0
IT - Education,2026-07-02,149.09,159.22,149.09,153.66,5014081.0
IT - Education,2026-07-03,154.23,157.18,149.9,152.0,1185187.0
IT - Education,2026-07-06,154.23,161.28,152.41,157.65,4368575.0
IT - Education,2026-07-07,159.96,163.19,146.0,147.28,5142677.0
IT - Education,2026-07-08,147.09,151.12,142.88,145.12,1509825.0
IT - Education,2026-07-09,145.12,149.0,145.12,146.36,626810.0
IT - Education,2026-07-10,148.93,150.41,146.89,148.09,842960.0
IT - Education,2026-07-13,145.93,147.27,144.77,146.3,543724.0
IT - Education,2026-07-14,145.86,146.3,141.82,142.89,443930.0
IT - Education,2026-07-15,143.51,144.18,139.54,140.95,410009.0
IT - Education,2026-07-16,141.3,149.53,134.75,144.92,3118846.0
IT - Education,2026-07-17,142.77,144.36,141.08,142.73,382885.0
IT - Education,2026-07-20,142.19,146.45,141.33,144.76,340272.0
IT - Education,2026-07-21,143.96,147.34,142.23,145.74,639026.0
IT - Education,2026-07-22,145.4,145.4,139.72,140.75,564419.0
IT - Education,2026-07-23,139.34,140.28,135.14,135.88,404538.0
IT - Education,2026-07-24,134.4,143.65,131.92,138.98,1140450.0
IT - Education,2026-07-27,141.01,142.17,138.95,139.66,279744.0
IT - Education,2026-07-28,139.47,142.11,138.51,139.76,337850.0
IT - Education,2026-07-29,140.13,146.43,140.07,143.92,996676.0
IT - Education,2026-07-30,143.32,143.67,138.6,139.66,401112.0
IT - Education,2026-07-31,140.35,142.11,139.54,140.66,174509.0
IT - Education,2026-08-03,140.72,145.4,140.72,142.27,343623.0
IT - Education,2026-08-04,142.05,142.39,139.78,141.36,188066.0
IT - Education,2026-08-05,141.36,147.55,141.36,144.83,899814.0
IT - Education,2026-08-06,145.4,146.59,142.89,144.08,304795.0
IT - Education,2026-08-07,143.01,146.15,138.07,139.64,458217.0
IT - Education,2026-08-10,140.26,142.11,139.81,141.51,177117.0
IT - Education,2026-08-11,141.73,141.73,135.44,140.19,381775.0
IT - Education,2026-08-12,140.0,140.33,136.91,137.63,190674.0
IT - Education,2026-08-13,137.71,143.83,137.71,141.58,446923.0
IT - Education,2026-08-14,141.38,142.33,137.37,140.35,115693.0
IT - Education,2026-08-17,141.01,144.54,139.85,140.47,252230.0
IT - Education,2026-08-18,139.91,140.57,136.44,136.72,407309.0
IT - Education,2026-08-19,136.72,139.53,134.62,135.61,307481.0
IT - Education,2026-08-20,135.72,136.75,134.84,135.99,188843.0
IT - Education,2026-08-21,135.8,138.07,135.72,137.51,182855.0
IT - Education,2026-08-24,137.71,146.81,137.24,145.56,1171377.0
IT - Education,2026-08-25,146.45,151.88,145.71,150.82,1305887.0
IT - Education,2026-08-26,151.29,152.32,148.78,151.25,468280.0
IT - Education,2026-08-27,153.16,153.16,147.39,151.2,611176.0
IT - Equipments,2026-05-27,97.69,102.19,96.2,100.0,1078816.0
IT - Equipments,2026-05-28,100.0,100.0,100.0,100.0,0.0
IT - Equipments,2026-05-29,100.72,110.62,99.05,108.23,7501300.0
IT - Equipments,2026-06-01,108.62,113.48,105.82,107.77,4727306.0
IT - Equipments,2026-06-02,107.26,111.62,106.15,110.54,2522943.0
IT - Equipments,2026-06-03,110.97,116.51,108.13,111.96,6608982.0
IT - Equipments,2026-06-04,112.11,118.1,110.83,115.85,8650510.0
IT - Equipments,2026-06-05,116.29,118.1,111.59,113.07,3355770.0
IT - Equipments,2026-06-08,110.17,112.7,104.7,105.96,14212606.0
IT - Equipments,2026-06-09,107.14,109.68,105.51,108.32,3862164.0
IT - Equipments,2026-06-10,108.26,109.21,104.63,106.15,4234903.0
IT - Equipments,2026-06-11,105.11,107.79,101.22,104.2,4179679.0
IT - Equipments,2026-06-12,106.54,111.58,105.97,110.41,3682528.0
IT - Equipments,2026-06-15,112.65,113.92,109.36,110.86,6572549.0
IT - Equipments,2026-06-16,111.32,115.74,110.08,114.23,7558300.0
IT - Equipments,2026-06-17,114.24,119.1,113.42,116.27,2614612.0
IT - Equipments,2026-06-18,116.57,124.78,115.85,121.95,4512922.0
IT - Equipments,2026-06-19,122.44,127.6,120.12,123.52,5912062.0
IT - Equipments,2026-06-22,124.27,126.76,121.82,123.66,2610728.0
IT - Equipments,2026-06-23,123.85,125.18,119.15,120.38,1644407.0
IT - Equipments,2026-06-24,120.39,124.71,119.22,122.18,1278792.0
IT - Equipments,2026-06-25,123.45,124.4,119.73,120.61,1294264.0
IT - Equipments,2026-06-26,120.61,120.61,120.61,120.61,0.0
IT - Equipments,2026-06-29,120.11,121.98,111.63,113.35,1389312.0
IT - Equipments,2026-06-30,114.24,118.83,113.37,116.82,2862245.0
IT - Equipments,2026-07-01,117.11,120.15,115.74,117.37,917631.0
IT - Equipments,2026-07-02,118.07,119.9,114.72,116.8,1844252.0
IT - Equipments,2026-07-03,117.36,118.78,114.74,115.95,1398182.0
IT - Equipments,2026-07-06,116.05,120.69,113.72,117.82,1291474.0
IT - Equipments,2026-07-07,118.97,120.58,112.22,113.27,940129.0
IT - Equipments,2026-07-08,112.65,115.73,109.51,110.75,1210086.0
IT - Equipments,2026-07-09,111.41,115.51,110.95,112.87,771300.0
IT - Equipments,2026-07-10,113.8,115.53,112.29,113.66,1039775.0
IT - Equipments,2026-07-13,112.9,117.86,111.56,116.15,753664.0
IT - Equipments,2026-07-14,116.45,118.23,114.21,115.79,605034.0
IT - Equipments,2026-07-15,116.41,118.57,114.41,115.05,1554606.0
IT - Equipments,2026-07-16,115.9,116.57,112.97,113.89,658022.0
IT - Equipments,2026-07-17,113.16,114.62,111.54,112.64,477707.0
IT - Equipments,2026-07-20,112.09,113.5,109.66,111.71,640050.0
IT - Equipments,2026-07-21,112.09,117.71,111.67,115.99,1278365.0
IT - Equipments,2026-07-22,118.19,120.12,114.56,116.43,791462.0
IT - Equipments,2026-07-23,116.26,121.11,113.23,116.92,894662.0
IT - Equipments,2026-07-24,116.41,117.61,112.86,115.26,700350.0
IT - Equipments,2026-07-27,116.15,119.58,113.52,117.3,747668.0
IT - Equipments,2026-07-28,117.44,122.79,115.31,119.83,721935.0
IT - Equipments,2026-07-29,121.49,124.11,117.9,120.52,1400032.0
IT - Equipments,2026-07-30,120.73,120.93,116.11,117.71,471160.0
IT - Equipments,2026-07-31,119.24,124.8,116.94,122.34,1595884.0
IT - Equipments,2026-08-03,123.46,128.77,122.24,125.59,875729.0
IT - Equipments,2026-08-04,126.08,129.45,124.71,128.02,941247.0
IT - Equipments,2026-08-05,128.91,131.13,126.52,129.32,710606.0
IT - Equipments,2026-08-06,129.5,132.32,127.22,128.7,631198.0
IT - Equipments,2026-08-07,128.37,131.72,125.42,128.28,752682.0
IT - Equipments,2026-08-10,128.65,132.85,127.29,129.68,1119691.0
IT - Equipments,2026-08-11,129.8,130.74,126.08,127.15,985114.0
IT - Equipments,2026-08-12,125.6,126.98,123.42,124.82,512146.0
IT - Equipments,2026-08-13,123.63,132.24,123.48,131.5,1061546.0
IT - Equipments,2026-08-14,148.98,151.12,143.78,144.54,571501.0
IT - Equipments,2026-08-17,143.4,149.33,142.36,146.66,602764.0
IT - Equipments,2026-08-18,144.0,151.92,141.17,148.76,1653862.0
IT - Equipments,2026-08-19,148.87,150.45,142.57,144.23,928162.0
IT - Equipments,2026-08-20,145.47,151.67,142.8,148.75,1168368.0
IT - Equipments,2026-08-21,148.45,153.2,145.69,150.29,1099637.0
IT - Equipments,2026-08-24,150.34,155.82,146.64,148.85,784607.0
IT - Equipments,2026-08-25,148.39,149.9,142.82,146.9,522528.0
IT - Equipments,2026-08-26,146.44,150.2,144.22,146.56,647837.0
IT - Equipments,2026-08-27,148.12,150.11,144.79,145.94,609464.0
IT - Equipments,2026-08-28,428.96,437.39,424.55,427.19,1961988.0
IT - Product/Platform,2026-05-27,100.0,102.16,98.24,100.0,3133176.0
IT - Product/Platform,2026-05-28,100.0,100.0,100.0,100.0,0.0
IT - Product/Platform,2026-05-29,100.35,101.94,96.95,97.94,5671471.0
IT - Product/Platform,2026-06-01,98.62,100.13,96.89,97.91,2411462.0
IT - Product/Platform,2026-06-02,97.89,99.72,96.29,98.46,3296138.0
IT - Product/Platform,2026-06-03,98.59,99.43,95.84,97.42,2558496.0
IT - Product/Platform,2026-06-04,96.79,99.75,95.96,98.49,3605028.0
IT - Product/Platform,2026-06-05,99.02,100.28,96.4,97.51,3694185.0
IT - Product/Platform,2026-06-08,96.08,98.7,94.98,96.98,2467003.0
IT - Product/Platform,2026-06-09,97.59,99.42,95.63,97.8,3146453.0
IT - Product/Platform,2026-06-10,98.07,99.89,95.83,97.29,2985885.0
IT - Product/Platform,2026-06-11,96.49,97.82,94.37,95.9,2815477.0
IT - Product/Platform,2026-06-12,97.01,98.47,95.68,97.56,2483964.0
IT - Product/Platform,2026-06-15,99.38,100.72,97.6,98.96,3807170.0
IT - Product/Platform,2026-06-16,99.56,101.35,98.44,100.27,3481879.0
IT - Product/Platform,2026-06-17,100.72,102.89,98.77,100.66,3986629.0
IT - Product/Platform,2026-06-18,100.95,102.33,99.17,100.74,5093605.0
IT - Product/Platform,2026-06-19,99.69,102.13,98.34,101.02,3598886.0
IT - Product/Platform,2026-06-22,101.54,102.78,100.73,101.51,2554576.0
IT - Product/Platform,2026-06-23,101.65,103.25,99.71,101.19,2770849.0
IT - Product/Platform,2026-06-24,101.27,104.17,100.27,102.96,3431589.0
IT - Product/Platform,2026-06-25,103.29,106.07,101.96,104.47,4176821.0
IT - Product/Platform,2026-06-26,104.47,104.47,104.47,104.47,0.0
IT - Product/Platform,2026-06-29,104.56,106.33,102.81,104.39,7412275.0
IT - Product/Platform,2026-06-30,104.74,106.03,103.17,104.39,3850014.0
IT - Product/Platform,2026-07-01,104.18,107.74,103.32,105.88,8254535.0
IT - Product/Platform,2026-07-02,106.36,108.66,105.04,106.13,5978267.0
IT - Product/Platform,2026-07-03,106.67,108.14,104.9,106.58,3563482.0
IT - Product/Platform,2026-07-06,106.81,108.19,104.86,106.29,2938705.0
IT - Product/Platform,2026-07-07,106.85,108.23,104.47,106.26,4668599.0
IT - Product/Platform,2026-07-08,105.78,108.13,104.08,105.51,5170205.0
IT - Product/Platform,2026-07-09,105.77,108.32,104.42,106.78,4616540.0
IT - Product/Platform,2026-07-10,107.79,110.58,106.67,109.39,5592531.0
IT - Product/Platform,2026-07-13,109.19,112.35,108.35,110.78,3745875.0
IT - Product/Platform,2026-07-14,110.77,113.35,109.17,110.68,5407668.0
IT - Product/Platform,2026-07-15,110.97,112.77,109.45,110.55,4495196.0
IT - Product/Platform,2026-07-16,111.04,112.37,109.23,110.16,3904477.0
IT - Product/Platform,2026-07-17,110.31,111.2,106.88,108.99,2571042.0
IT - Product/Platform,2026-07-20,112.16,114.43,110.65,112.36,2412204.0
IT - Product/Platform,2026-07-21,109.09,110.53,107.88,108.83,2443017.0
IT - Product/Platform,2026-07-22,108.9,109.56,104.49,105.82,4073822.0
IT - Product/Platform,2026-07-23,107.17,108.39,101.42,104.85,6078750.0
IT - Product/Platform,2026-07-24,103.83,105.57,102.21,103.65,3304158.0
IT - Product/Platform,2026-07-27,104.31,107.7,103.1,106.27,4245120.0
IT - Product/Platform,2026-07-28,106.41,109.13,105.41,107.33,5165010.0
IT - Product/Platform,2026-07-29,107.92,110.21,106.36,107.85,3538431.0
IT - Product/Platform,2026-07-30,107.9,108.64,105.29,106.31,3045087.0
IT - Product/Platform,2026-07-31,109.4,111.08,107.58,109.74,4095805.0
IT - Product/Platform,2026-08-03,107.18,109.55,105.88,107.77,7134474.0
IT - Product/Platform,2026-08-04,108.21,110.12,107.24,109.03,3416768.0
IT - Product/Platform,2026-08-05,109.63,110.68,107.58,109.12,3746010.0
IT - Product/Platform,2026-08-06,109.44,110.69,107.73,108.77,3285875.0
IT - Product/Platform,2026-08-07,108.38,110.26,107.21,108.92,1807576.0
IT - Product/Platform,2026-08-10,109.02,111.67,107.57,110.43,3631174.0
IT - Product/Platform,2026-08-11,110.73,112.73,109.07,111.42,3454987.0
IT - Product/Platform,2026-08-12,111.67,112.33,108.96,110.39,2517886.0
IT - Product/Platform,2026-08-13,110.36,111.33,108.4,109.56,2544850.0
IT - Product/Platform,2026-08-14,112.67,114.83,111.09,113.65,2422818.0
IT - Product/Platform,2026-08-17,113.42,114.83,112.12,113.51,2205669.0
IT - Product/Platform,2026-08-18,113.32,114.82,111.63,113.04,2160090.0
IT - Product/Platform,2026-08-19,113.37,114.76,112.08,113.31,2845452.0
IT - Product/Platform,2026-08-20,114.01,116.01,112.67,114.48,3275796.0
IT - Product/Platform,2026-08-21,114.58,116.54,113.21,114.97,3288487.0
IT - Product/Platform,2026-08-24,115.05,117.14,113.42,114.98,2347918.0
IT - Product/Platform,2026-08-25,115.08,116.53,113.23,115.79,2671400.0
IT - Product/Platform,2026-08-26,116.07,118.09,114.57,116.14,3262351.0
IT - Product/Platform,2026-08-27,116.26,117.64,114.59,115.48,2570335.0
IT - Product/Platform,2026-08-28,95.47,96.43,93.94,95.19,2102619.0
IT - Services,2026-05-27,99.26,101.83,98.27,100.0,626029.0
IT - Services,2026-05-28,100.0,100.0,100.0,100.0,0.0
IT - Services,2026-05-29,101.04,103.45,97.62,100.34,1199723.0
IT - Services,2026-06-01,100.69,103.25,98.86,100.66,4099291.0
IT - Services,2026-06-02,100.24,105.26,99.41,104.23,1643708.0
IT - Services,2026-06-03,103.74,104.2,98.36,99.99,957291.0
IT - Services,2026-06-04,99.63,100.91,98.13,99.42,887764.0
IT - Services,2026-06-05,100.27,101.44,98.04,99.03,592803.0
IT - Services,2026-06-08,98.31,99.41,96.06,96.88,542383.0
IT - Services,2026-06-09,97.69,101.56,96.01,100.18,1167923.0
IT - Services,2026-06-10,100.08,102.37,97.0,98.15,2492677.0
IT - Services,2026-06-11,97.49,98.75,94.64,95.6,1025544.0
IT - Services,2026-06-12,96.57,98.34,95.71,97.34,591191.0
IT - Services,2026-06-15,99.47,100.12,97.36,98.02,749327.0
IT - Services,2026-06-16,98.48,100.6,97.73,99.4,453242.0
IT - Services,2026-06-17,99.56,102.5,98.29,101.09,1255310.0
IT - Services,2026-06-18,101.52,104.51,100.31,103.1,4574036.0
IT - Services,2026-06-19,102.02,104.2,99.12,101.65,2740278.0
IT - Services,2026-06-22,102.06,103.16,100.16,100.83,680026.0
IT - Services,2026-06-23,101.1,101.86,98.83,99.69,632736.0
IT - Services,2026-06-24,99.21,100.59,97.54,98.41,782842.0
IT - Services,2026-06-25,99.26,100.21,97.29,97.95,757471.0
IT - Services,2026-06-26,97.95,97.95,97.95,97.95,0.0
IT - Services,2026-06-29,98.07,98.64,94.04,95.13,1031826.0
IT - Services,2026-06-30,95.19,96.6,92.85,93.88,943475.0
IT - Services,2026-07-01,92.68,94.4,90.07,91.61,3566245.0
IT - Services,2026-07-02,92.22,95.3,90.93,92.84,1730313.0
IT - Services,2026-07-03,93.5,95.06,91.52,92.77,1667661.0
IT - Services,2026-07-06,93.38,94.13,90.7,92.18,1291599.0
IT - Services,2026-07-07,92.57,94.47,90.88,92.21,897725.0
IT - Services,2026-07-08,92.24,93.57,89.68,90.47,909815.0
IT - Services,2026-07-09,90.91,92.4,89.78,91.08,500102.0
IT - Services,2026-07-10,92.42,94.06,91.58,93.07,833623.0
IT - Services,2026-07-13,92.82,95.55,91.73,94.36,1136403.0
IT - Services,2026-07-14,94.63,95.33,91.66,92.34,891884.0
IT - Services,2026-07-15,91.52,94.41,89.82,92.35,1080730.0
IT - Services,2026-07-16,92.62,94.92,91.28,91.93,539799.0
IT - Services,2026-07-17,92.17,93.11,89.09,90.18,547184.0
IT - Services,2026-07-20,90.04,91.98,89.25,90.1,410666.0
IT - Services,2026-07-21,90.29,91.03,88.11,88.65,724519.0
IT - Services,2026-07-22,88.76,90.09,87.29,88.29,427114.0
IT - Services,2026-07-23,88.27,89.57,86.9,87.95,575353.0
IT - Services,2026-07-24,87.22,90.34,86.68,89.47,1743321.0
IT - Services,2026-07-27,90.65,92.12,89.35,90.62,1611001.0
IT - Services,2026-07-28,90.73,92.6,89.32,90.52,1414744.0
IT - Services,2026-07-29,91.42,93.97,90.41,91.93,3709008.0
IT - Services,2026-07-30,91.93,93.53,90.34,90.77,7354804.0
IT - Services,2026-07-31,90.1,92.23,88.62,91.4,3546300.0
IT - Services,2026-08-03,92.7,94.05,91.08,93.19,7762669.0
IT - Services,2026-08-04,94.23,94.81,92.72,93.51,2518216.0
IT - Services,2026-08-05,94.74,96.13,93.02,94.39,1616209.0
IT - Services,2026-08-06,94.44,95.95,92.89,93.4,1079693.0
IT - Services,2026-08-07,93.34,95.61,92.82,94.36,794025.0
IT - Services,2026-08-10,94.95,96.18,93.53,94.26,508651.0
IT - Services,2026-08-11,94.35,96.44,93.53,95.16,664876.0
IT - Services,2026-08-12,95.38,96.03,92.52,93.51,645403.0
IT - Services,2026-08-13,93.74,96.2,92.96,95.28,912691.0
IT - Services,2026-08-14,104.55,105.26,101.69,102.37,513049.0
IT - Services,2026-08-17,102.41,103.26,100.49,101.8,519803.0
IT - Services,2026-08-18,101.8,102.61,100.02,100.79,513976.0
IT - Services,2026-08-19,101.28,102.48,99.67,100.55,689568.0
IT - Services,2026-08-20,101.74,103.76,100.24,100.82,2799112.0
IT - Services,2026-08-21,100.94,103.27,100.35,102.25,970161.0
IT - Services,2026-08-24,102.59,103.94,100.96,101.37,1414818.0
IT - Services,2026-08-25,101.28,102.02,99.44,100.43,777551.0
IT - Services,2026-08-26,100.75,101.85,99.38,100.1,381628.0
IT - Services,2026-08-27,99.93,100.94,98.97,99.69,600966.0
IT - Software/Consulting,2026-05-27,100.42,101.46,99.2,100.0,711472.0
IT - Software/Consulting,2026-05-28,100.0,100.0,100.0,100.0,0.0
IT - Software/Consulting,2026-05-29,100.93,103.5,98.82,100.8,2325798.0
IT - Software/Consulting,2026-06-01,101.63,105.3,100.72,102.71,1671755.0
IT - Software/Consulting,2026-06-02,103.0,108.65,102.41,106.54,4779315.0
IT - Software/Consulting,2026-06-03,105.66,106.15,100.59,101.89,2686505.0
IT - Software/Consulting,2026-06-04,101.17,103.34,99.86,102.1,1076809.0
IT - Software/Consulting,2026-06-05,102.96,104.44,100.78,101.79,927275.0
IT - Software/Consulting,2026-06-08,100.29,102.53,99.05,101.07,1116834.0
IT - Software/Consulting,2026-06-09,101.94,103.54,99.61,101.72,874784.0
IT - Software/Consulting,2026-06-10,101.73,103.29,99.83,100.7,684887.0
IT - Software/Consulting,2026-06-11,99.45,101.08,97.21,99.16,733097.0
IT - Software/Consulting,2026-06-12,100.71,101.91,98.66,100.14,1062018.0
IT - Software/Consulting,2026-06-15,101.84,103.35,100.54,101.72,1079153.0
IT - Software/Consulting,2026-06-16,102.46,104.57,101.11,103.3,2569046.0
IT - Software/Consulting,2026-06-17,103.88,105.68,102.85,104.31,1858356.0
IT - Software/Consulting,2026-06-18,104.06,105.14,102.17,103.85,1408703.0
IT - Software/Consulting,2026-06-19,100.36,102.86,98.46,101.92,2307045.0
IT - Software/Consulting,2026-06-22,102.39,104.15,101.38,102.73,976315.0
IT - Software/Consulting,2026-06-23,102.53,103.94,100.39,101.55,1178351.0
IT - Software/Consulting,2026-06-24,101.59,103.75,100.88,102.6,975111.0
IT - Software/Consulting,2026-06-25,103.39,104.14,100.6,101.39,2564007.0
IT - Software/Consulting,2026-06-26,101.39,101.39,101.39,101.39,0.0
IT - Software/Consulting,2026-06-29,100.15,101.08,97.25,98.3,4831264.0
IT - Software/Consulting,2026-06-30,98.65,99.89,96.3,97.73,7239986.0
IT - Software/Consulting,2026-07-01,98.01,99.36,95.84,96.61,4249208.0
IT - Software/Consulting,2026-07-02,97.53,101.91,97.05,100.47,3696309.0
IT - Software/Consulting,2026-07-03,101.53,104.37,100.71,102.41,2457593.0
IT - Software/Consulting,2026-07-06,102.85,103.72,100.65,102.04,824458.0
IT - Software/Consulting,2026-07-07,102.25,105.11,101.31,103.76,1730165.0
IT - Software/Consulting,2026-07-08,103.46,104.26,99.92,100.76,1183357.0
IT - Software/Consulting,2026-07-09,100.79,103.3,99.4,102.19,971374.0
IT - Software/Consulting,2026-07-10,104.03,107.06,103.17,105.42,2834621.0
IT - Software/Consulting,2026-07-13,105.15,110.69,104.24,109.13,5734593.0
IT - Software/Consulting,2026-07-14,109.06,110.77,106.78,108.04,2339574.0
IT - Software/Consulting,2026-07-15,107.49,109.44,105.94,107.73,1549529.0
IT - Software/Consulting,2026-07-16,108.14,110.75,106.93,108.44,1825567.0
IT - Software/Consulting,2026-07-17,109.24,111.88,107.17,110.29,2058085.0
IT - Software/Consulting,2026-07-20,110.08,111.67,108.23,109.64,1087777.0
IT - Software/Consulting,2026-07-21,109.68,111.77,108.49,109.8,948822.0
IT - Software/Consulting,2026-07-22,109.83,110.2,106.86,107.94,579540.0
IT - Software/Consulting,2026-07-23,107.81,108.65,105.5,106.63,683308.0
IT - Software/Consulting,2026-07-24,106.11,109.34,104.78,108.42,1259496.0
IT - Software/Consulting,2026-07-27,109.69,112.13,108.4,110.37,1015280.0
IT - Software/Consulting,2026-07-28,111.51,116.12,110.48,113.84,3074989.0
IT - Software/Consulting,2026-07-29,115.33,117.26,113.25,114.91,2421947.0
IT - Software/Consulting,2026-07-30,114.61,118.07,113.72,115.29,2026157.0
IT - Software/Consulting,2026-07-31,114.44,116.43,111.33,114.99,1850915.0
IT - Software/Consulting,2026-08-03,115.64,118.07,113.55,117.13,1438093.0
IT - Software/Consulting,2026-08-04,117.31,118.04,114.73,115.92,909444.0
IT - Software/Consulting,2026-08-05,116.48,118.02,114.94,116.26,1199414.0
IT - Software/Consulting,2026-08-06,116.39,117.67,114.07,115.14,1425060.0
IT - Software/Consulting,2026-08-07,115.08,118.07,113.79,115.5,1954372.0
IT - Software/Consulting,2026-08-10,115.66,117.79,114.47,116.21,1102294.0
IT - Software/Consulting,2026-08-11,116.41,118.22,115.04,116.71,675321.0
IT - Software/Consulting,2026-08-12,116.02,117.12,112.87,115.26,1060493.0
IT - Software/Consulting,2026-08-13,115.01,117.38,113.72,116.52,799763.0
IT - Software/Consulting,2026-08-14,116.76,118.15,114.74,116.63,1004012.0
IT - Software/Consulting,2026-08-17,116.67,117.54,114.31,115.65,682429.0
IT - Software/Consulting,2026-08-18,115.48,115.73,112.27,113.1,794233.0
IT - Software/Consulting,2026-08-19,113.81,115.15,111.88,113.4,872805.0
IT - Software/Consulting,2026-08-20,114.22,116.31,112.95,114.37,990844.0
IT - Software/Consulting,2026-08-21,114.62,115.53,112.86,114.54,887278.0
IT - Software/Consulting,2026-08-24,114.73,116.26,113.44,114.3,678662.0
IT - Software/Consulting,2026-08-25,114.57,115.61,112.62,114.54,659743.0
IT - Software/Consulting,2026-08-26,114.8,116.75,113.35,114.15,593849.0
IT - Software/Consulting,2026-08-27,114.44,115.59,112.9,113.86,786999.0
IT - Software/Consulting,2026-08-28,509.94,530.87,509.94,527.73,957595.0
Industrial - Bearings,2026-05-27,100.81,101.37,99.26,100.0,126496.0
Industrial - Bearings,2026-05-28,100.0,100.0,100.0,100.0,0.0
Industrial - Bearings,2026-05-29,99.53,100.14,97.99,99.42,182449.0
Industrial - Bearings,2026-06-01,99.63,99.98,97.05,97.71,192709.0
Industrial - Bearings,2026-06-02,97.55,97.87,96.36,97.32,92078.0
Industrial - Bearings,2026-06-03,97.29,98.54,95.76,96.61,201312.0
Industrial - Bearings,2026-06-04,96.35,98.07,95.52,97.11,233784.0
Industrial - Bearings,2026-06-05,98.19,100.15,97.55,98.63,318378.0
Industrial - Bearings,2026-06-08,97.78,99.68,96.59,97.96,6713696.0
Industrial - Bearings,2026-06-09,99.08,100.75,96.95,98.55,1211287.0
Industrial - Bearings,2026-06-10,98.66,99.47,97.17,97.79,610600.0
Industrial - Bearings,2026-06-11,97.52,98.26,94.67,95.49,310920.0
Industrial - Bearings,2026-06-12,96.19,99.22,95.38,97.99,235929.0
Industrial - Bearings,2026-06-15,99.07,99.75,97.32,97.74,185649.0
Industrial - Bearings,2026-06-16,97.97,101.69,97.55,100.57,216303.0
Industrial - Bearings,2026-06-17,100.84,102.29,99.49,100.6,119825.0
Industrial - Bearings,2026-06-18,100.99,101.72,98.67,100.04,115089.0
Industrial - Bearings,2026-06-19,100.18,104.28,99.4,103.32,285306.0
Industrial - Bearings,2026-06-22,104.14,107.58,102.98,104.08,310696.0
Industrial - Bearings,2026-06-23,104.48,105.46,103.21,103.86,204378.0
Industrial - Bearings,2026-06-24,103.86,104.64,101.53,102.44,154735.0
Industrial - Bearings,2026-06-25,102.74,103.11,100.32,100.78,119055.0
Industrial - Bearings,2026-06-26,100.78,100.78,100.78,100.78,0.0
Industrial - Bearings,2026-06-29,100.84,101.22,96.65,98.0,478763.0
Industrial - Bearings,2026-06-30,98.36,101.07,97.43,99.3,1257849.0
Industrial - Bearings,2026-07-01,99.49,100.13,97.43,98.13,315128.0
Industrial - Bearings,2026-07-02,98.94,99.73,97.57,98.32,173585.0
Industrial - Bearings,2026-07-03,98.64,99.62,96.45,97.68,247577.0
Industrial - Bearings,2026-07-06,98.24,98.73,96.19,96.65,94764.0
Industrial - Bearings,2026-07-07,96.98,97.93,94.87,95.45,217936.0
Industrial - Bearings,2026-07-08,95.28,96.09,93.81,94.53,235813.0
Industrial - Bearings,2026-07-09,94.96,95.96,93.55,94.01,147473.0
Industrial - Bearings,2026-07-10,94.43,95.26,93.76,94.41,80669.0
Industrial - Bearings,2026-07-13,94.48,95.63,93.26,94.59,150795.0
Industrial - Bearings,2026-07-14,94.85,95.47,93.63,94.24,104107.0
Industrial - Bearings,2026-07-15,94.26,95.27,93.66,94.4,94636.0
Industrial - Bearings,2026-07-16,94.5,95.89,93.31,94.11,268691.0
Industrial - Bearings,2026-07-17,94.31,95.3,93.41,94.12,198091.0
Industrial - Bearings,2026-07-20,94.23,95.4,93.4,94.04,77160.0
Industrial - Bearings,2026-07-21,94.35,94.84,92.96,93.91,68728.0
Industrial - Bearings,2026-07-22,93.95,94.47,92.32,93.76,150112.0
Industrial - Bearings,2026-07-23,93.56,94.44,91.31,92.57,93767.0
Industrial - Bearings,2026-07-24,91.99,94.08,90.34,93.35,103561.0
Industrial - Bearings,2026-07-27,93.58,95.52,92.72,94.56,155635.0
Industrial - Bearings,2026-07-28,94.75,95.0,92.58,93.48,218800.0
Industrial - Bearings,2026-07-29,93.93,94.84,93.15,93.97,116304.0
Industrial - Bearings,2026-07-30,94.11,94.71,92.07,92.39,106990.0
Industrial - Bearings,2026-07-31,93.09,94.06,92.05,93.37,142992.0
Industrial - Bearings,2026-08-03,93.47,95.64,92.13,94.41,277229.0
Industrial - Bearings,2026-08-04,94.52,95.33,93.82,94.39,70105.0
Industrial - Bearings,2026-08-05,94.27,97.12,92.91,96.09,564471.0
Industrial - Bearings,2026-08-06,96.15,97.39,94.84,95.7,272164.0
Industrial - Bearings,2026-08-07,95.58,96.83,94.76,95.98,241115.0
Industrial - Bearings,2026-08-10,95.8,97.08,94.47,95.71,771056.0
Industrial - Bearings,2026-08-11,95.78,97.7,93.93,95.62,271278.0
Industrial - Bearings,2026-08-12,95.74,96.81,94.79,95.67,221065.0
Industrial - Bearings,2026-08-13,95.78,97.17,94.95,95.87,130309.0
Industrial - Bearings,2026-08-14,96.02,96.83,94.51,95.13,161328.0
Industrial - Bearings,2026-08-17,95.45,96.31,94.47,95.44,347958.0
Industrial - Bearings,2026-08-18,95.36,96.81,95.15,96.11,208329.0
Industrial - Bearings,2026-08-19,96.53,97.43,94.76,95.64,314510.0
Industrial - Bearings,2026-08-20,96.27,97.14,94.04,94.28,99794.0
Industrial - Bearings,2026-08-21,94.3,94.8,92.23,93.42,171383.0
Industrial - Bearings,2026-08-24,93.93,93.97,92.27,92.73,105148.0
Industrial - Bearings,2026-08-25,92.55,93.58,91.88,93.0,99553.0
Industrial - Bearings,2026-08-26,93.42,93.72,92.38,92.74,59913.0
Industrial - Bearings,2026-08-27,92.52,94.92,92.41,94.19,117953.0
Industrial - Bearings,2026-08-28,17.18,17.43,17.09,17.23,187708.0
Industrial - Consumables,2026-05-27,100.06,101.77,98.23,100.0,396586.0
Industrial - Consumables,2026-05-28,100.0,100.0,100.0,100.0,0.0
Industrial - Consumables,2026-05-29,100.4,106.0,97.92,103.52,736566.0
Industrial - Consumables,2026-06-01,104.49,106.4,99.96,102.21,382940.0
Industrial - Consumables,2026-06-02,101.71,103.94,99.52,102.8,560280.0
Industrial - Consumables,2026-06-03,102.75,104.89,99.64,102.16,385417.0
Industrial - Consumables,2026-06-04,102.49,105.89,101.25,103.81,510294.0
Industrial - Consumables,2026-06-05,104.57,105.41,102.03,103.7,319009.0
Industrial - Consumables,2026-06-08,102.56,103.77,100.34,101.63,217442.0
Industrial - Consumables,2026-06-09,102.26,105.27,100.94,103.45,297091.0
Industrial - Consumables,2026-06-10,103.83,104.97,100.93,101.82,287155.0
Industrial - Consumables,2026-06-11,101.23,102.98,99.22,101.16,284209.0
Industrial - Consumables,2026-06-12,102.02,103.69,100.23,101.65,543072.0
Industrial - Consumables,2026-06-15,103.01,104.64,100.58,102.51,526899.0
Industrial - Consumables,2026-06-16,102.82,105.34,101.27,103.68,561905.0
Industrial - Consumables,2026-06-17,104.11,106.86,102.75,104.78,406187.0
Industrial - Consumables,2026-06-18,104.97,106.91,102.64,104.68,697889.0
Industrial - Consumables,2026-06-19,104.82,107.25,103.35,106.34,417279.0
Industrial - Consumables,2026-06-22,106.75,108.3,105.23,106.73,350082.0
Industrial - Consumables,2026-06-23,107.13,109.06,104.58,106.22,650285.0
Industrial - Consumables,2026-06-24,106.01,107.44,104.4,105.57,571661.0
Industrial - Consumables,2026-06-25,105.95,108.28,103.63,105.6,1111352.0
Industrial - Consumables,2026-06-26,105.6,105.6,105.6,105.6,0.0
Industrial - Consumables,2026-06-29,99.82,101.74,97.17,98.68,516777.0
Industrial - Consumables,2026-06-30,98.66,102.03,97.76,99.42,367648.0
Industrial - Consumables,2026-07-01,99.76,101.51,98.28,100.34,350013.0
Industrial - Consumables,2026-07-02,100.68,102.59,99.69,100.96,746115.0
Industrial - Consumables,2026-07-03,101.19,101.78,98.63,100.13,474524.0
Industrial - Consumables,2026-07-06,100.1,102.01,98.81,100.32,321768.0
Industrial - Consumables,2026-07-07,100.7,101.95,98.46,99.51,203008.0
Industrial - Consumables,2026-07-08,99.09,100.85,96.87,98.48,398523.0
Industrial - Consumables,2026-07-09,98.51,101.42,97.56,99.43,434989.0
Industrial - Consumables,2026-07-10,99.75,102.3,98.58,100.84,756251.0
Industrial - Consumables,2026-07-13,100.63,102.53,99.38,101.22,581764.0
Industrial - Consumables,2026-07-14,101.0,102.03,99.19,101.04,397910.0
Industrial - Consumables,2026-07-15,101.23,102.92,100.05,101.42,879557.0
Industrial - Consumables,2026-07-16,101.62,102.72,99.41,101.3,988696.0
Industrial - Consumables,2026-07-17,101.27,102.16,99.01,100.8,783553.0
Industrial - Consumables,2026-07-20,110.45,112.93,109.68,111.6,991307.0
Industrial - Consumables,2026-07-21,101.59,102.54,100.5,101.53,417976.0
Industrial - Consumables,2026-07-22,111.86,113.29,108.99,110.61,328715.0
Industrial - Consumables,2026-07-23,100.19,103.31,99.58,101.44,507000.0
Industrial - Consumables,2026-07-24,101.49,103.82,100.13,102.81,343186.0
Industrial - Consumables,2026-07-27,103.25,106.58,101.9,103.74,559618.0
Industrial - Consumables,2026-07-28,103.64,104.78,101.19,103.04,705738.0
Industrial - Consumables,2026-07-29,103.32,104.99,100.9,103.07,1317058.0
Industrial - Consumables,2026-07-30,103.13,104.49,100.88,102.81,674325.0
Industrial - Consumables,2026-07-31,113.26,116.17,112.0,115.11,478338.0
Industrial - Consumables,2026-08-03,104.92,106.25,103.38,104.67,426771.0
Industrial - Consumables,2026-08-04,104.85,106.64,103.9,105.01,468513.0
Industrial - Consumables,2026-08-05,105.52,106.75,104.36,105.88,431833.0
Industrial - Consumables,2026-08-06,106.67,111.98,104.01,107.61,746750.0
Industrial - Consumables,2026-08-07,107.66,109.53,103.83,105.7,711713.0
Industrial - Consumables,2026-08-10,106.51,110.5,104.91,108.61,678543.0
Industrial - Consumables,2026-08-11,108.97,111.13,107.12,108.99,600408.0
Industrial - Consumables,2026-08-12,119.32,122.73,118.24,120.96,426552.0
Industrial - Consumables,2026-08-13,121.8,124.51,120.35,121.77,443052.0
Industrial - Consumables,2026-08-14,121.57,123.22,118.59,120.33,504451.0
Industrial - Consumables,2026-08-17,121.96,123.32,119.17,121.8,410771.0
Industrial - Consumables,2026-08-18,121.63,123.0,119.64,121.17,233244.0
Industrial - Consumables,2026-08-19,121.28,122.66,118.03,119.66,593941.0
Industrial - Consumables,2026-08-20,120.05,121.37,118.64,120.34,382506.0
Industrial - Consumables,2026-08-21,120.44,121.54,119.03,120.2,201139.0
Industrial - Consumables,2026-08-24,120.39,122.97,118.65,119.52,272355.0
Industrial - Consumables,2026-08-25,119.98,121.4,117.89,120.13,417081.0
Industrial - Consumables,2026-08-26,120.48,122.33,118.83,120.05,530880.0
Industrial - Consumables,2026-08-27,120.3,121.97,118.59,120.07,487931.0
Industrial - Consumables,2026-08-28,308.44,318.23,307.61,314.53,88174.0
Industrial - Pumps/Engines,2026-05-27,95.36,101.01,94.89,100.0,636779.0
Industrial - Pumps/Engines,2026-05-28,100.0,100.0,100.0,100.0,0.0
Industrial - Pumps/Engines,2026-05-29,100.79,102.73,97.19,98.68,1335892.0
Industrial - Pumps/Engines,2026-06-01,98.53,99.34,93.63,94.44,416482.0
Industrial - Pumps/Engines,2026-06-02,94.07,95.56,92.0,93.67,329855.0
Industrial - Pumps/Engines,2026-06-03,94.1,94.93,92.79,94.04,335865.0
Industrial - Pumps/Engines,2026-06-04,94.13,97.26,93.61,95.86,537504.0
Industrial - Pumps/Engines,2026-06-05,96.68,98.36,95.15,96.66,872844.0
Industrial - Pumps/Engines,2026-06-08,95.22,97.25,93.64,94.99,508125.0
Industrial - Pumps/Engines,2026-06-09,95.45,96.73,94.45,95.79,270227.0
Industrial - Pumps/Engines,2026-06-10,96.0,96.9,94.35,95.16,257560.0
Industrial - Pumps/Engines,2026-06-11,94.96,96.64,93.42,94.41,238446.0
Industrial - Pumps/Engines,2026-06-12,95.35,97.59,94.7,97.01,2016243.0
Industrial - Pumps/Engines,2026-06-15,98.3,100.73,97.36,99.5,641955.0
Industrial - Pumps/Engines,2026-06-16,100.03,101.73,98.88,100.29,260781.0
Industrial - Pumps/Engines,2026-06-17,100.82,103.74,100.18,102.9,384894.0
Industrial - Pumps/Engines,2026-06-18,103.24,105.72,102.36,104.6,309854.0
Industrial - Pumps/Engines,2026-06-19,104.94,106.9,102.9,105.14,561245.0
Industrial - Pumps/Engines,2026-06-22,107.09,111.15,105.57,109.35,2061659.0
Industrial - Pumps/Engines,2026-06-23,110.12,112.77,107.61,108.86,8133222.0
Industrial - Pumps/Engines,2026-06-24,108.93,110.37,105.49,107.38,9756589.0
Industrial - Pumps/Engines,2026-06-25,107.53,108.69,105.18,106.75,3978524.0
Industrial - Pumps/Engines,2026-06-26,106.75,106.75,106.75,106.75,0.0
Industrial - Pumps/Engines,2026-06-29,107.37,108.01,104.2,105.5,1020974.0
Industrial - Pumps/Engines,2026-06-30,105.82,108.41,104.68,106.95,1019381.0
Industrial - Pumps/Engines,2026-07-01,107.5,109.57,105.91,106.8,668534.0
Industrial - Pumps/Engines,2026-07-02,107.43,108.08,104.01,104.88,1230629.0
Industrial - Pumps/Engines,2026-07-03,105.81,106.1,101.46,102.37,694170.0
Industrial - Pumps/Engines,2026-07-06,102.88,105.39,101.95,103.96,788361.0
Industrial - Pumps/Engines,2026-07-07,104.12,104.87,101.19,102.16,430351.0
Industrial - Pumps/Engines,2026-07-08,101.83,103.77,100.69,102.16,794662.0
Industrial - Pumps/Engines,2026-07-09,102.62,104.67,101.95,103.86,646860.0
Industrial - Pumps/Engines,2026-07-10,104.52,106.95,103.83,105.53,2217914.0
Industrial - Pumps/Engines,2026-07-13,105.31,106.6,103.49,104.84,629203.0
Industrial - Pumps/Engines,2026-07-14,104.65,105.02,102.59,103.39,561668.0
Industrial - Pumps/Engines,2026-07-15,103.86,105.54,103.0,104.16,399523.0
Industrial - Pumps/Engines,2026-07-16,104.41,107.01,102.67,105.3,334346.0
Industrial - Pumps/Engines,2026-07-17,105.23,105.59,101.62,102.66,364226.0
Industrial - Pumps/Engines,2026-07-20,102.42,104.7,101.44,102.97,403484.0
Industrial - Pumps/Engines,2026-07-21,103.22,104.38,101.52,102.81,440403.0
Industrial - Pumps/Engines,2026-07-22,103.11,103.61,101.2,102.18,306182.0
Industrial - Pumps/Engines,2026-07-23,102.1,103.26,99.53,100.51,288422.0
Industrial - Pumps/Engines,2026-07-24,100.04,101.28,98.62,100.2,398828.0
Industrial - Pumps/Engines,2026-07-27,100.7,102.24,99.17,101.08,276074.0
Industrial - Pumps/Engines,2026-07-28,100.92,101.38,97.59,98.45,243230.0
Industrial - Pumps/Engines,2026-07-29,98.5,99.84,97.51,98.58,265747.0
Industrial - Pumps/Engines,2026-07-30,98.64,99.44,96.88,98.14,256553.0
Industrial - Pumps/Engines,2026-07-31,98.95,101.04,97.88,99.7,306258.0
Industrial - Pumps/Engines,2026-08-03,99.63,101.22,98.66,99.9,229546.0
Industrial - Pumps/Engines,2026-08-04,99.93,101.97,98.58,100.53,1541860.0
Industrial - Pumps/Engines,2026-08-05,100.8,102.24,97.63,99.53,937862.0
Industrial - Pumps/Engines,2026-08-06,97.91,101.0,97.29,99.74,594460.0
Industrial - Pumps/Engines,2026-08-07,98.6,100.42,97.14,98.82,501565.0
Industrial - Pumps/Engines,2026-08-10,99.15,100.03,97.23,99.05,472622.0
Industrial - Pumps/Engines,2026-08-11,99.01,100.06,97.64,98.85,620951.0
Industrial - Pumps/Engines,2026-08-12,98.85,99.87,97.39,98.26,321947.0
Industrial - Pumps/Engines,2026-08-13,98.37,101.25,97.3,100.07,298883.0
Industrial - Pumps/Engines,2026-08-14,102.17,104.42,101.41,102.65,873451.0
Industrial - Pumps/Engines,2026-08-17,102.79,104.06,100.46,102.25,380883.0
Industrial - Pumps/Engines,2026-08-18,102.51,104.77,101.05,103.23,280294.0
Industrial - Pumps/Engines,2026-08-19,103.3,104.65,101.48,102.64,410027.0
Industrial - Pumps/Engines,2026-08-20,103.34,104.4,102.03,103.18,339434.0
Industrial - Pumps/Engines,2026-08-21,102.7,103.74,101.11,102.0,326942.0
Industrial - Pumps/Engines,2026-08-24,102.21,103.43,100.53,102.03,295018.0
Industrial - Pumps/Engines,2026-08-25,102.43,103.12,100.67,101.64,307104.0
Industrial - Pumps/Engines,2026-08-26,101.27,102.81,100.54,101.35,247668.0
Industrial - Pumps/Engines,2026-08-27,101.86,103.03,100.41,101.65,267148.0
Industrial - Pumps/Engines,2026-08-28,70.09,71.26,69.45,71.04,601478.0
Infra - Cement,2026-05-27,99.82,100.82,99.0,100.0,524638.0
Infra - Cement,2026-05-28,100.0,100.0,100.0,100.0,0.0
Infra - Cement,2026-05-29,99.83,100.79,97.98,99.0,1220131.0
Infra - Cement,2026-06-01,99.13,99.44,97.46,97.83,237921.0
Infra - Cement,2026-06-02,97.13,98.29,96.3,97.5,214611.0
Infra - Cement,2026-06-03,97.43,97.7,95.82,96.87,195734.0
Infra - Cement,2026-06-04,96.36,97.19,95.59,95.94,261341.0
Infra - Cement,2026-06-05,96.53,96.83,94.38,94.75,216287.0
Infra - Cement,2026-06-08,94.17,94.79,92.55,93.06,194063.0
Infra - Cement,2026-06-09,93.14,93.95,92.42,93.18,218322.0
Infra - Cement,2026-06-10,93.14,95.06,92.41,93.9,225090.0
Infra - Cement,2026-06-11,93.32,94.16,92.52,93.49,251966.0
Infra - Cement,2026-06-12,94.08,95.95,93.67,95.43,224810.0
Infra - Cement,2026-06-15,97.09,99.06,96.69,97.97,263344.0
Infra - Cement,2026-06-16,98.38,98.71,96.98,97.88,136600.0
Infra - Cement,2026-06-17,98.07,99.52,97.25,98.08,192378.0
Infra - Cement,2026-06-18,98.63,99.68,97.2,99.34,228391.0
Infra - Cement,2026-06-19,98.89,99.51,97.76,98.34,201932.0
Infra - Cement,2026-06-22,98.78,99.18,97.7,98.42,211619.0
Infra - Cement,2026-06-23,98.45,99.07,97.36,98.16,225807.0
Infra - Cement,2026-06-24,99.34,101.34,97.73,100.87,232827.0
Infra - Cement,2026-06-25,101.14,102.43,99.94,100.35,3791364.0
Infra - Cement,2026-06-26,100.35,100.35,100.35,100.35,0.0
Infra - Cement,2026-06-29,100.58,101.05,98.06,98.41,501404.0
Infra - Cement,2026-06-30,98.69,99.26,97.87,98.52,364412.0
Infra - Cement,2026-07-01,99.47,101.1,99.15,100.65,176479.0
Infra - Cement,2026-07-02,101.1,102.02,100.64,101.58,190680.0
Infra - Cement,2026-07-03,102.35,104.15,101.93,103.39,214389.0
Infra - Cement,2026-07-06,103.45,103.87,102.54,103.05,275303.0
Infra - Cement,2026-07-07,103.14,103.88,102.52,103.1,290107.0
Infra - Cement,2026-07-08,102.65,103.21,99.82,100.29,226442.0
Infra - Cement,2026-07-09,100.32,102.83,100.27,101.83,353318.0
Infra - Cement,2026-07-10,102.42,103.85,102.22,103.2,205757.0
Infra - Cement,2026-07-13,102.68,103.09,101.79,102.3,291192.0
Infra - Cement,2026-07-14,101.78,102.21,100.67,101.72,2881171.0
Infra - Cement,2026-07-15,101.77,104.91,101.66,104.17,6639033.0
Infra - Cement,2026-07-16,104.65,105.31,103.25,104.21,921572.0
Infra - Cement,2026-07-17,104.2,104.42,102.38,103.03,717016.0
Infra - Cement,2026-07-20,103.14,105.22,102.4,104.24,491898.0
Infra - Cement,2026-07-21,104.55,106.02,104.07,105.71,786947.0
Infra - Cement,2026-07-22,105.65,105.95,103.49,103.95,413968.0
Infra - Cement,2026-07-23,103.45,105.15,103.09,104.05,275394.0
Infra - Cement,2026-07-24,102.95,104.43,102.29,103.59,208502.0
Infra - Cement,2026-07-27,104.27,104.8,102.91,103.88,231794.0
Infra - Cement,2026-07-28,103.67,104.78,103.11,103.95,239326.0
Infra - Cement,2026-07-29,104.05,105.04,103.49,103.92,171156.0
Infra - Cement,2026-07-30,103.19,103.61,101.1,102.68,142329.0
Infra - Cement,2026-07-31,116.47,117.3,113.54,115.38,205295.0
Infra - Cement,2026-08-03,102.28,104.9,101.97,104.82,162286.0
Infra - Cement,2026-08-04,104.42,104.86,103.13,104.27,208153.0
Infra - Cement,2026-08-05,104.58,106.53,103.64,104.81,174259.0
Infra - Cement,2026-08-06,104.84,104.99,102.55,103.04,164058.0
Infra - Cement,2026-08-07,103.24,103.73,102.08,102.82,255378.0
Infra - Cement,2026-08-10,103.05,103.98,101.88,102.94,3068983.0
Infra - Cement,2026-08-11,102.96,103.2,100.4,100.8,538413.0
Infra - Cement,2026-08-12,100.75,101.41,99.45,101.14,480649.0
Infra - Cement,2026-08-13,101.11,101.23,98.91,99.84,270280.0
Infra - Cement,2026-08-14,111.64,111.88,109.51,110.22,183292.0
Infra - Cement,2026-08-17,110.14,110.52,108.82,109.63,282236.0
Infra - Cement,2026-08-18,109.75,110.84,109.09,109.68,317374.0
Infra - Cement,2026-08-19,109.61,109.71,107.65,108.53,257047.0
Infra - Cement,2026-08-20,109.66,110.49,108.16,109.11,683225.0
Infra - Cement,2026-08-21,109.05,109.66,108.22,109.17,374481.0
Infra - Cement,2026-08-24,109.44,109.69,107.72,108.27,379752.0
Infra - Cement,2026-08-25,108.36,109.78,107.77,109.47,360707.0
Infra - Cement,2026-08-26,109.95,112.55,109.65,111.18,281797.0
Infra - Cement,2026-08-27,110.94,111.77,109.72,110.02,254132.0
Infra - Ceramics,2026-05-27,99.57,101.24,98.65,100.0,203784.0
Infra - Ceramics,2026-05-28,100.0,100.0,100.0,100.0,0.0
Infra - Ceramics,2026-05-29,100.89,102.09,97.48,98.68,436803.0
Infra - Ceramics,2026-06-01,99.04,104.04,98.35,102.31,340683.0
Infra - Ceramics,2026-06-02,101.52,104.1,100.27,102.75,717013.0
Infra - Ceramics,2026-06-03,103.55,103.88,100.19,102.23,793747.0
Infra - Ceramics,2026-06-04,101.62,102.95,99.73,100.56,225978.0
Infra - Ceramics,2026-06-05,100.83,102.04,99.51,100.13,209270.0
Infra - Ceramics,2026-06-08,99.67,100.63,97.67,98.71,279785.0
Infra - Ceramics,2026-06-09,98.67,100.48,98.4,99.38,501898.0
Infra - Ceramics,2026-06-10,99.12,101.7,98.35,98.79,439411.0
Infra - Ceramics,2026-06-11,98.43,101.12,97.59,98.89,185332.0
Infra - Ceramics,2026-06-12,100.11,101.68,98.83,100.52,448662.0
Infra - Ceramics,2026-06-15,102.1,103.51,101.13,102.14,331400.0
Infra - Ceramics,2026-06-16,102.63,105.31,101.71,104.39,319607.0
Infra - Ceramics,2026-06-17,105.22,106.18,103.19,105.18,522500.0
Infra - Ceramics,2026-06-18,105.62,107.46,104.54,106.2,7226939.0
Infra - Ceramics,2026-06-19,106.01,107.23,104.73,106.79,2223267.0
Infra - Ceramics,2026-06-22,106.92,107.76,105.56,106.72,1324784.0
Infra - Ceramics,2026-06-23,107.17,108.94,105.07,107.7,698165.0
Infra - Ceramics,2026-06-24,108.14,109.72,107.03,108.94,602285.0
Infra - Ceramics,2026-06-25,109.88,112.25,107.26,107.87,613162.0
Infra - Ceramics,2026-06-26,107.87,107.87,107.87,107.87,0.0
Infra - Ceramics,2026-06-29,106.88,110.35,105.78,108.57,591157.0
Infra - Ceramics,2026-06-30,108.46,112.12,107.7,109.85,444028.0
Infra - Ceramics,2026-07-01,110.08,111.82,108.45,109.98,674386.0
Infra - Ceramics,2026-07-02,110.41,111.19,108.51,110.13,783399.0
Infra - Ceramics,2026-07-03,110.51,112.26,109.19,110.07,508555.0
Infra - Ceramics,2026-07-06,110.69,111.7,109.32,110.48,273523.0
Infra - Ceramics,2026-07-07,110.52,110.67,108.43,109.36,264070.0
Infra - Ceramics,2026-07-08,109.25,109.61,106.67,107.26,393091.0
Infra - Ceramics,2026-07-09,107.67,110.33,107.17,108.69,208292.0
Infra - Ceramics,2026-07-10,109.07,110.54,108.42,109.37,233384.0
Infra - Ceramics,2026-07-13,108.87,113.56,107.98,111.52,403856.0
Infra - Ceramics,2026-07-14,111.72,114.39,110.39,111.13,251064.0
Infra - Ceramics,2026-07-15,111.46,112.28,109.92,110.9,289055.0
Infra - Ceramics,2026-07-16,109.82,113.06,108.92,111.31,958472.0
Infra - Ceramics,2026-07-17,111.93,112.01,109.7,111.08,353674.0
Infra - Ceramics,2026-07-20,111.01,112.07,110.21,110.75,233900.0
Infra - Ceramics,2026-07-21,110.67,111.37,109.28,109.67,179180.0
Infra - Ceramics,2026-07-22,109.63,109.98,107.56,109.04,201322.0
Infra - Ceramics,2026-07-23,108.57,109.56,106.27,106.93,251619.0
Infra - Ceramics,2026-07-24,106.41,108.21,105.16,107.69,285854.0
Infra - Ceramics,2026-07-27,107.93,111.45,107.12,107.91,213461.0
Infra - Ceramics,2026-07-28,107.24,108.48,105.79,106.25,200099.0
Infra - Ceramics,2026-07-29,106.61,108.41,105.78,106.72,274165.0
Infra - Ceramics,2026-07-30,106.9,107.77,104.78,105.66,219163.0
Infra - Ceramics,2026-07-31,105.57,108.59,104.36,106.44,813839.0
Infra - Ceramics,2026-08-03,107.83,109.54,105.78,108.64,422571.0
Infra - Ceramics,2026-08-04,109.12,110.71,106.8,107.59,205745.0
Infra - Ceramics,2026-08-05,108.79,108.85,105.56,106.13,208213.0
Infra - Ceramics,2026-08-06,106.52,107.51,104.85,105.65,201578.0
Infra - Ceramics,2026-08-07,105.55,106.26,103.76,104.52,399621.0
Infra - Ceramics,2026-08-10,104.3,107.93,103.84,105.64,348133.0
Infra - Ceramics,2026-08-11,106.09,109.56,105.53,108.71,364150.0
Infra - Ceramics,2026-08-12,109.13,111.79,106.27,110.14,700980.0
Infra - Ceramics,2026-08-13,111.08,113.93,109.91,111.15,807705.0
Infra - Ceramics,2026-08-14,159.59,161.82,156.11,158.0,418360.0
Infra - Ceramics,2026-08-17,158.26,158.61,154.89,157.51,289690.0
Infra - Ceramics,2026-08-18,157.05,157.63,153.9,154.63,158138.0
Infra - Ceramics,2026-08-19,155.06,155.65,152.12,152.85,121518.0
Infra - Ceramics,2026-08-20,153.76,155.21,152.57,154.06,134926.0
Infra - Ceramics,2026-08-21,152.56,155.65,152.04,153.78,122610.0
Infra - Ceramics,2026-08-24,153.39,157.11,152.74,156.37,285558.0
Infra - Ceramics,2026-08-25,156.36,158.82,153.78,155.97,161850.0
Infra - Ceramics,2026-08-26,157.69,159.85,155.42,157.28,240476.0
Infra - Ceramics,2026-08-27,158.16,158.16,154.72,156.31,185511.0
Infra - Construction,2026-05-27,98.99,101.31,98.21,100.0,5960550.0
Infra - Construction,2026-05-28,100.0,100.0,100.0,100.0,0.0
Infra - Construction,2026-05-29,100.29,102.53,98.44,100.21,9773453.0
Infra - Construction,2026-06-01,100.34,102.09,98.27,99.49,3017065.0
Infra - Construction,2026-06-02,98.81,100.61,97.37,99.7,3388271.0
Infra - Construction,2026-06-03,99.86,100.76,97.43,99.39,3545697.0
Infra - Construction,2026-06-04,99.25,103.2,98.68,101.48,5518025.0
Infra - Construction,2026-06-05,102.14,103.37,100.1,101.45,3526437.0
Infra - Construction,2026-06-08,100.36,101.8,98.24,99.15,4490903.0
Infra - Construction,2026-06-09,100.28,102.69,99.16,101.7,2919358.0
Infra - Construction,2026-06-10,102.18,103.58,100.22,101.09,2898320.0
Infra - Construction,2026-06-11,100.52,101.89,98.8,99.83,2717105.0
Infra - Construction,2026-06-12,100.97,104.51,100.08,103.42,4240707.0
Infra - Construction,2026-06-15,105.44,107.23,104.26,105.29,4409706.0
Infra - Construction,2026-06-16,106.02,108.35,104.31,106.42,7917656.0
Infra - Construction,2026-06-17,106.99,108.27,105.81,107.4,7514997.0
Infra - Construction,2026-06-18,107.56,109.67,106.42,107.89,7887285.0
Infra - Construction,2026-06-19,108.08,111.07,107.1,110.03,5642115.0
Infra - Construction,2026-06-22,111.31,112.93,109.31,111.26,5109474.0
Infra - Construction,2026-06-23,111.98,113.34,109.5,110.48,5605000.0
Infra - Construction,2026-06-24,110.46,112.66,108.8,110.63,10639644.0
Infra - Construction,2026-06-25,111.16,112.75,109.36,110.07,4480506.0
Infra - Construction,2026-06-26,110.07,110.07,110.07,110.07,0.0
Infra - Construction,2026-06-29,110.41,111.44,107.78,108.67,5938332.0
Infra - Construction,2026-06-30,108.94,111.09,107.94,109.73,4135355.0
Infra - Construction,2026-07-01,110.33,112.47,108.6,110.29,3662404.0
Infra - Construction,2026-07-02,110.93,112.77,109.31,111.57,2928248.0
Infra - Construction,2026-07-03,112.31,112.83,108.85,109.92,3333087.0
Infra - Construction,2026-07-06,110.23,112.5,109.15,111.0,2020792.0
Infra - Construction,2026-07-07,111.4,113.06,108.45,110.2,3189924.0
Infra - Construction,2026-07-08,109.39,111.29,106.25,107.48,4307273.0
Infra - Construction,2026-07-09,107.98,110.66,107.4,109.09,3496462.0
Infra - Construction,2026-07-10,109.79,111.96,109.09,110.98,2680698.0
Infra - Construction,2026-07-13,110.39,112.97,109.29,111.86,3298708.0
Infra - Construction,2026-07-14,111.9,112.91,109.19,110.09,2280296.0
Infra - Construction,2026-07-15,110.66,111.95,108.3,109.6,2313966.0
Infra - Construction,2026-07-16,109.95,111.0,108.27,109.35,2483536.0
Infra - Construction,2026-07-17,109.62,110.45,107.18,108.89,2848816.0
Infra - Construction,2026-07-20,109.13,111.01,108.24,110.2,3048910.0
Infra - Construction,2026-07-21,110.19,111.17,109.08,109.98,1988237.0
Infra - Construction,2026-07-22,109.66,110.35,107.66,108.43,2167515.0
Infra - Construction,2026-07-23,107.86,109.2,105.77,106.64,2432692.0
Infra - Construction,2026-07-24,105.39,107.68,104.39,106.69,2357001.0
Infra - Construction,2026-07-27,107.23,108.88,105.13,106.72,1907552.0
Infra - Construction,2026-07-28,106.52,107.35,103.98,105.19,1828644.0
Infra - Construction,2026-07-29,105.96,107.6,104.23,105.83,1995369.0
Infra - Construction,2026-07-30,105.77,106.89,103.27,104.79,1905885.0
Infra - Construction,2026-07-31,105.06,106.65,103.49,105.43,2377648.0
Infra - Construction,2026-08-03,106.28,107.77,104.97,106.54,1944818.0
Infra - Construction,2026-08-04,106.54,107.49,104.78,105.72,1671663.0
Infra - Construction,2026-08-05,106.07,107.49,104.95,106.05,1910166.0
Infra - Construction,2026-08-06,106.14,107.09,104.62,105.85,1555620.0
Infra - Construction,2026-08-07,105.53,106.71,104.22,105.49,3072843.0
Infra - Construction,2026-08-10,104.9,106.45,102.94,105.61,2687164.0
Infra - Construction,2026-08-11,105.85,106.84,103.67,104.93,2849640.0
Infra - Construction,2026-08-12,104.97,106.11,102.91,104.1,2854288.0
Infra - Construction,2026-08-13,103.88,105.48,102.6,104.19,1243938.0
Infra - Construction,2026-08-14,126.2,128.35,124.97,126.28,1495853.0
Infra - Construction,2026-08-17,126.68,128.56,125.05,127.19,1260949.0
Infra - Construction,2026-08-18,127.09,129.27,126.04,127.69,1114928.0
Infra - Construction,2026-08-19,127.82,128.94,125.32,126.37,1509462.0
Infra - Construction,2026-08-20,126.81,128.86,126.31,127.96,1122427.0
Infra - Construction,2026-08-21,128.16,130.24,126.62,128.69,3111112.0
Infra - Construction,2026-08-24,128.91,130.6,127.51,128.78,1968439.0
Infra - Construction,2026-08-25,129.2,130.7,127.86,129.39,1207287.0
Infra - Construction,2026-08-26,129.5,131.95,128.07,130.36,1467055.0
Infra - Construction,2026-08-27,130.59,132.22,129.0,129.81,1299443.0
Infra - Granites/Marbles,2026-05-27,102.0,103.53,99.55,100.0,118298.0
Infra - Granites/Marbles,2026-05-28,100.0,100.0,100.0,100.0,0.0
Infra - Granites/Marbles,2026-05-29,97.7,101.76,95.96,98.4,146034.0
Infra - Granites/Marbles,2026-06-01,99.55,102.62,99.43,99.75,42757.0
Infra - Granites/Marbles,2026-06-02,99.75,104.74,97.33,102.04,82460.0
Infra - Granites/Marbles,2026-06-03,102.04,102.57,99.55,101.29,30247.0
Infra - Granites/Marbles,2026-06-04,99.79,106.0,99.79,103.37,95368.0
Infra - Granites/Marbles,2026-06-05,102.64,104.28,100.9,101.31,40608.0
Infra - Granites/Marbles,2026-06-08,101.02,101.14,98.69,99.32,21504.0
Infra - Granites/Marbles,2026-06-09,99.9,101.39,99.67,100.98,28575.0
Infra - Granites/Marbles,2026-06-10,102.0,104.43,99.21,99.86,72454.0
Infra - Granites/Marbles,2026-06-11,100.16,103.61,98.86,100.59,80120.0
Infra - Granites/Marbles,2026-06-12,100.77,104.44,100.77,103.99,52441.0
Infra - Granites/Marbles,2026-06-15,105.67,111.82,104.71,107.01,183362.0
Infra - Granites/Marbles,2026-06-16,108.09,114.17,106.92,111.69,177292.0
Infra - Granites/Marbles,2026-06-17,111.59,114.29,110.73,111.31,80598.0
Infra - Granites/Marbles,2026-06-18,111.22,117.61,111.22,116.02,161817.0
Infra - Granites/Marbles,2026-06-19,116.75,119.42,115.04,116.91,100328.0
Infra - Granites/Marbles,2026-06-22,118.08,127.69,117.05,125.17,289160.0
Infra - Granites/Marbles,2026-06-23,125.84,137.38,125.84,133.93,685117.0
Infra - Granites/Marbles,2026-06-24,132.73,140.51,131.86,139.17,356789.0
Infra - Granites/Marbles,2026-06-25,137.89,140.09,132.15,133.47,275653.0
Infra - Granites/Marbles,2026-06-26,133.47,133.47,133.47,133.47,0.0
Infra - Granites/Marbles,2026-06-29,132.54,133.75,126.34,130.61,111546.0
Infra - Granites/Marbles,2026-06-30,130.61,133.27,126.58,127.47,90619.0
Infra - Granites/Marbles,2026-07-01,126.95,127.75,123.51,125.76,50172.0
Infra - Granites/Marbles,2026-07-02,126.07,127.81,123.57,125.96,47251.0
Infra - Granites/Marbles,2026-07-03,127.49,129.74,124.51,125.87,55589.0
Infra - Granites/Marbles,2026-07-06,126.37,127.81,123.3,125.46,49466.0
Infra - Granites/Marbles,2026-07-07,125.46,126.71,120.94,121.64,72823.0
Infra - Granites/Marbles,2026-07-08,121.32,125.62,120.18,122.01,66978.0
Infra - Granites/Marbles,2026-07-09,122.96,130.27,122.28,127.25,74996.0
Infra - Granites/Marbles,2026-07-10,127.22,131.38,127.22,128.13,62916.0
Infra - Granites/Marbles,2026-07-13,127.69,128.35,121.73,124.31,128644.0
Infra - Granites/Marbles,2026-07-14,122.53,125.83,122.53,125.24,31682.0
Infra - Granites/Marbles,2026-07-15,125.44,126.28,122.53,123.29,24091.0
Infra - Granites/Marbles,2026-07-16,123.63,125.89,121.57,122.26,33894.0
Infra - Granites/Marbles,2026-07-17,122.69,123.61,116.68,118.88,75628.0
Infra - Granites/Marbles,2026-07-20,117.81,120.79,117.81,119.37,32629.0
Infra - Granites/Marbles,2026-07-21,119.82,121.67,118.83,120.68,18572.0
Infra - Granites/Marbles,2026-07-22,121.08,121.37,115.61,116.21,47848.0
Infra - Granites/Marbles,2026-07-23,116.59,119.8,114.43,115.1,49715.0
Infra - Granites/Marbles,2026-07-24,115.37,115.4,111.79,113.86,37000.0
Infra - Granites/Marbles,2026-07-27,113.8,118.1,113.8,114.7,44988.0
Infra - Granites/Marbles,2026-07-28,114.81,115.89,111.27,113.46,40470.0
Infra - Granites/Marbles,2026-07-29,113.46,115.26,112.04,113.06,22712.0
Infra - Granites/Marbles,2026-07-30,112.7,114.54,111.75,112.82,19194.0
Infra - Granites/Marbles,2026-07-31,113.96,116.36,113.05,115.26,23854.0
Infra - Granites/Marbles,2026-08-03,114.54,116.75,113.68,114.59,42452.0
Infra - Granites/Marbles,2026-08-04,115.77,115.77,112.94,114.4,27003.0
Infra - Granites/Marbles,2026-08-05,114.08,120.68,114.08,118.66,73376.0
Infra - Granites/Marbles,2026-08-06,117.98,123.02,116.14,118.86,179364.0
Infra - Granites/Marbles,2026-08-07,119.09,125.35,118.84,121.25,153323.0
Infra - Granites/Marbles,2026-08-10,126.46,132.6,116.75,117.86,865738.0
Infra - Granites/Marbles,2026-08-11,117.73,121.05,115.55,120.36,89786.0
Infra - Granites/Marbles,2026-08-12,120.44,125.84,118.87,121.54,152763.0
Infra - Granites/Marbles,2026-08-13,121.91,123.93,117.6,119.05,69873.0
Infra - Granites/Marbles,2026-08-14,119.68,121.29,116.63,117.05,36935.0
Infra - Granites/Marbles,2026-08-17,116.75,118.35,114.67,115.25,41690.0
Infra - Granites/Marbles,2026-08-18,115.52,116.77,112.7,113.52,43179.0
Infra - Granites/Marbles,2026-08-19,113.52,114.69,109.87,110.83,61183.0
Infra - Granites/Marbles,2026-08-20,111.1,112.31,108.76,109.32,38590.0
Infra - Granites/Marbles,2026-08-21,108.9,121.85,107.29,110.32,98150.0
Infra - Granites/Marbles,2026-08-24,111.21,111.45,105.69,107.58,89022.0
Infra - Granites/Marbles,2026-08-25,107.82,109.24,107.53,107.96,45054.0
Infra - Granites/Marbles,2026-08-26,108.33,108.87,106.3,106.87,29241.0
Infra - Granites/Marbles,2026-08-27,106.88,107.69,104.82,105.11,31056.0
Infra - Home Furnish,2026-05-27,99.32,100.61,99.08,100.0,84096.0
Infra - Home Furnish,2026-05-28,100.0,100.0,100.0,100.0,0.0
Infra - Home Furnish,2026-05-29,100.51,101.14,95.5,96.05,164213.0
Infra - Home Furnish,2026-06-01,96.16,97.57,94.96,96.34,139652.0
Infra - Home Furnish,2026-06-02,95.0,97.33,94.83,96.67,64044.0
Infra - Home Furnish,2026-06-03,96.68,97.07,95.23,96.15,85146.0
Infra - Home Furnish,2026-06-04,95.6,99.03,94.79,95.86,161218.0
Infra - Home Furnish,2026-06-05,96.3,97.9,95.32,95.82,252222.0
Infra - Home Furnish,2026-06-08,94.19,98.76,93.44,95.65,570830.0
Infra - Home Furnish,2026-06-09,96.2,103.03,96.06,101.44,380386.0
Infra - Home Furnish,2026-06-10,101.44,104.35,100.43,102.22,360422.0
Infra - Home Furnish,2026-06-11,102.23,102.69,100.61,101.73,321494.0
Infra - Home Furnish,2026-06-12,102.86,107.49,101.95,106.6,154384.0
Infra - Home Furnish,2026-06-15,107.81,109.05,106.77,108.49,125965.0
Infra - Home Furnish,2026-06-16,109.04,109.04,106.89,107.6,67750.0
Infra - Home Furnish,2026-06-17,107.56,108.38,106.29,106.88,54300.0
Infra - Home Furnish,2026-06-18,106.88,109.15,106.4,106.83,103066.0
Infra - Home Furnish,2026-06-19,106.83,111.64,105.76,111.29,156536.0
Infra - Home Furnish,2026-06-22,112.9,116.54,109.95,115.25,290828.0
Infra - Home Furnish,2026-06-23,115.23,115.47,111.0,111.56,168120.0
Infra - Home Furnish,2026-06-24,111.6,112.07,109.13,110.15,101268.0
Infra - Home Furnish,2026-06-25,110.2,112.12,109.26,109.85,64732.0
Infra - Home Furnish,2026-06-26,109.85,109.85,109.85,109.85,0.0
Infra - Home Furnish,2026-06-29,109.81,113.12,108.76,112.18,84356.0
Infra - Home Furnish,2026-06-30,112.13,112.45,109.91,112.06,66059.0
Infra - Home Furnish,2026-07-01,112.59,114.49,110.66,111.74,60717.0
Infra - Home Furnish,2026-07-02,111.93,113.47,111.61,112.69,143656.0
Infra - Home Furnish,2026-07-03,113.52,113.57,111.38,112.5,88848.0
Infra - Home Furnish,2026-07-06,112.66,115.64,112.14,114.0,86707.0
Infra - Home Furnish,2026-07-07,113.41,113.57,110.41,110.94,57533.0
Infra - Home Furnish,2026-07-08,110.51,112.03,108.36,109.97,253190.0
Infra - Home Furnish,2026-07-09,110.48,111.53,109.09,109.65,97488.0
Infra - Home Furnish,2026-07-10,109.99,111.2,109.6,110.2,94516.0
Infra - Home Furnish,2026-07-13,110.22,113.93,107.07,108.26,536794.0
Infra - Home Furnish,2026-07-14,108.77,109.17,106.06,108.12,158728.0
Infra - Home Furnish,2026-07-15,108.07,109.57,106.76,107.26,90222.0
Infra - Home Furnish,2026-07-16,107.11,108.19,106.62,107.08,101910.0
Infra - Home Furnish,2026-07-17,106.73,106.89,104.9,105.99,112514.0
Infra - Home Furnish,2026-07-20,106.16,108.51,105.6,108.1,92282.0
Infra - Home Furnish,2026-07-21,108.26,109.52,107.85,108.61,57910.0
Infra - Home Furnish,2026-07-22,108.75,109.11,106.19,106.66,94874.0
Infra - Home Furnish,2026-07-23,106.56,107.79,104.94,105.44,112702.0
Infra - Home Furnish,2026-07-24,105.41,106.39,104.22,105.53,81845.0
Infra - Home Furnish,2026-07-27,105.66,109.13,105.54,108.55,95402.0
Infra - Home Furnish,2026-07-28,109.93,113.17,107.86,109.41,67196.0
Infra - Home Furnish,2026-07-29,109.36,110.46,106.84,107.92,117526.0
Infra - Home Furnish,2026-07-30,107.85,108.46,106.76,107.31,54496.0
Infra - Home Furnish,2026-07-31,106.97,108.51,106.84,107.57,50293.0
Infra - Home Furnish,2026-08-03,108.73,110.61,107.64,110.08,49622.0
Infra - Home Furnish,2026-08-04,110.66,112.04,108.58,110.05,317535.0
Infra - Home Furnish,2026-08-05,111.42,112.1,109.49,110.0,547852.0
Infra - Home Furnish,2026-08-06,110.51,112.29,108.29,109.31,680036.0
Infra - Home Furnish,2026-08-07,108.9,109.64,103.32,104.92,261874.0
Infra - Home Furnish,2026-08-10,105.58,106.4,103.87,104.41,156836.0
Infra - Home Furnish,2026-08-11,105.38,105.62,102.81,103.74,76040.0
Infra - Home Furnish,2026-08-12,104.28,105.1,102.13,102.38,341944.0
Infra - Home Furnish,2026-08-13,103.18,103.64,102.49,103.08,86869.0
Infra - Home Furnish,2026-08-14,103.52,104.05,100.39,102.31,99394.0
Infra - Home Furnish,2026-08-17,102.31,102.32,100.15,100.6,79160.0
Infra - Home Furnish,2026-08-18,100.41,101.35,99.31,100.58,80016.0
Infra - Home Furnish,2026-08-19,100.59,101.5,98.32,99.17,60611.0
Infra - Home Furnish,2026-08-20,100.04,102.51,99.1,101.57,56256.0
Infra - Home Furnish,2026-08-21,102.21,102.37,100.83,101.66,41685.0
Infra - Home Furnish,2026-08-24,101.66,102.9,99.75,100.4,47942.0
Infra - Home Furnish,2026-08-25,100.55,102.54,99.53,100.65,67134.0
Infra - Home Furnish,2026-08-26,100.14,101.75,98.89,99.09,71154.0
Infra - Home Furnish,2026-08-27,99.12,100.88,97.82,98.05,44115.0
Infra - Laminates,2026-05-27,101.38,102.51,99.43,100.0,178426.0
Infra - Laminates,2026-05-28,100.0,100.0,100.0,100.0,0.0
Infra - Laminates,2026-05-29,100.14,101.99,96.82,99.53,612969.0
Infra - Laminates,2026-06-01,98.06,100.51,97.2,98.15,193004.0
Infra - Laminates,2026-06-02,97.66,99.83,96.24,98.97,383871.0
Infra - Laminates,2026-06-03,98.9,100.36,97.49,98.91,186950.0
Infra - Laminates,2026-06-04,98.44,102.35,98.26,101.57,318029.0
Infra - Laminates,2026-06-05,101.98,103.6,100.39,102.93,428666.0
Infra - Laminates,2026-06-08,100.89,102.61,100.01,100.9,136986.0
Infra - Laminates,2026-06-09,101.08,103.4,100.46,101.36,128832.0
Infra - Laminates,2026-06-10,101.61,104.57,99.78,100.65,256847.0
Infra - Laminates,2026-06-11,101.01,103.08,97.82,100.92,369732.0
Infra - Laminates,2026-06-12,101.59,103.47,99.11,100.97,251129.0
Infra - Laminates,2026-06-15,101.93,105.27,101.19,103.36,216807.0
Infra - Laminates,2026-06-16,103.64,105.39,102.86,104.13,117214.0
Infra - Laminates,2026-06-17,103.84,107.01,102.94,104.8,176944.0
Infra - Laminates,2026-06-18,104.37,105.49,102.66,104.1,101895.0
Infra - Laminates,2026-06-19,104.21,105.86,102.6,103.71,93736.0
Infra - Laminates,2026-06-22,104.85,106.14,102.9,104.17,55251.0
Infra - Laminates,2026-06-23,104.13,105.59,103.05,103.54,94111.0
Infra - Laminates,2026-06-24,102.98,105.45,102.68,104.21,74541.0
Infra - Laminates,2026-06-25,105.05,107.0,103.41,105.01,233187.0
Infra - Laminates,2026-06-26,105.01,105.01,105.01,105.01,0.0
Infra - Laminates,2026-06-29,105.0,106.1,102.66,103.63,80649.0
Infra - Laminates,2026-06-30,103.85,105.0,102.21,103.83,64353.0
Infra - Laminates,2026-07-01,103.38,106.31,102.63,104.05,304136.0
Infra - Laminates,2026-07-02,104.19,105.87,103.67,105.35,72758.0
Infra - Laminates,2026-07-03,106.07,109.42,104.6,108.15,139591.0
Infra - Laminates,2026-07-06,108.51,109.79,106.42,108.05,153800.0
Infra - Laminates,2026-07-07,107.93,109.22,105.9,107.63,104618.0
Infra - Laminates,2026-07-08,106.58,108.08,104.37,106.24,107834.0
Infra - Laminates,2026-07-09,106.2,108.14,105.54,106.71,137305.0
Infra - Laminates,2026-07-10,106.94,109.79,106.56,108.67,120946.0
Infra - Laminates,2026-07-13,108.17,110.09,107.08,108.89,80733.0
Infra - Laminates,2026-07-14,108.29,108.88,106.46,107.11,54814.0
Infra - Laminates,2026-07-15,107.32,110.85,106.97,108.64,123497.0
Infra - Laminates,2026-07-16,109.55,110.19,107.63,108.26,72408.0
Infra - Laminates,2026-07-17,108.36,109.59,106.42,108.36,118840.0
Infra - Laminates,2026-07-20,107.11,110.59,106.95,109.14,131059.0
Infra - Laminates,2026-07-21,109.13,109.9,108.01,108.65,66969.0
Infra - Laminates,2026-07-22,108.77,109.81,106.88,108.02,140177.0
Infra - Laminates,2026-07-23,108.03,108.44,105.82,106.44,160173.0
Infra - Laminates,2026-07-24,106.97,110.39,103.0,107.21,682357.0
Infra - Laminates,2026-07-27,108.71,109.6,105.92,107.0,194768.0
Infra - Laminates,2026-07-28,106.01,107.42,104.47,105.64,89846.0
Infra - Laminates,2026-07-29,105.81,107.64,104.12,105.33,123500.0
Infra - Laminates,2026-07-30,105.14,107.15,104.35,106.0,78202.0
Infra - Laminates,2026-07-31,105.92,109.05,105.23,106.4,296642.0
Infra - Laminates,2026-08-03,107.02,110.01,103.73,104.47,202014.0
Infra - Laminates,2026-08-04,104.4,105.29,103.17,103.91,72096.0
Infra - Laminates,2026-08-05,104.38,107.2,102.99,105.8,473524.0
Infra - Laminates,2026-08-06,106.28,108.95,105.32,107.01,293944.0
Infra - Laminates,2026-08-07,107.11,108.09,104.92,106.87,89802.0
Infra - Laminates,2026-08-10,107.02,107.64,102.62,103.91,497189.0
Infra - Laminates,2026-08-11,103.99,104.89,102.41,103.33,193074.0
Infra - Laminates,2026-08-12,103.43,104.44,101.86,102.65,203738.0
Infra - Laminates,2026-08-13,102.3,105.62,102.3,103.67,138814.0
Infra - Laminates,2026-08-14,103.67,104.67,102.28,102.63,57298.0
Infra - Laminates,2026-08-17,103.04,103.88,101.63,102.71,59902.0
Infra - Laminates,2026-08-18,102.55,104.25,101.65,102.84,119901.0
Infra - Laminates,2026-08-19,103.48,104.36,101.5,102.38,85876.0
Infra - Laminates,2026-08-20,102.42,105.48,102.01,104.8,63740.0
Infra - Laminates,2026-08-21,104.8,106.15,103.19,104.23,149883.0
Infra - Laminates,2026-08-24,103.87,104.91,101.86,102.55,99077.0
Infra - Laminates,2026-08-25,102.56,103.93,101.07,103.07,51090.0
Infra - Laminates,2026-08-26,103.04,104.22,101.13,102.12,56064.0
Infra - Laminates,2026-08-27,102.24,103.83,101.22,102.43,67706.0
Infra - Plastic Pipes,2026-05-27,98.9,100.78,98.18,100.0,327867.0
Infra - Plastic Pipes,2026-05-28,100.0,100.0,100.0,100.0,0.0
Infra - Plastic Pipes,2026-05-29,100.24,101.57,98.15,98.98,817817.0
Infra - Plastic Pipes,2026-06-01,99.81,100.09,94.68,95.24,243980.0
Infra - Plastic Pipes,2026-06-02,93.63,97.82,92.82,96.12,516060.0
Infra - Plastic Pipes,2026-06-03,96.48,97.98,94.77,96.71,374686.0
Infra - Plastic Pipes,2026-06-04,96.5,98.53,95.64,97.11,313536.0
Infra - Plastic Pipes,2026-06-05,97.37,99.48,95.16,96.88,348251.0
Infra - Plastic Pipes,2026-06-08,95.81,98.53,94.05,95.42,313515.0
Infra - Plastic Pipes,2026-06-09,96.06,98.66,95.38,97.94,487617.0
Infra - Plastic Pipes,2026-06-10,97.93,99.36,95.36,95.94,231764.0
Infra - Plastic Pipes,2026-06-11,95.56,96.68,94.0,95.02,164646.0
Infra - Plastic Pipes,2026-06-12,96.18,98.25,95.57,97.03,292731.0
Infra - Plastic Pipes,2026-06-15,98.49,100.81,97.52,99.48,420775.0
Infra - Plastic Pipes,2026-06-16,100.08,101.5,98.76,100.14,321362.0
Infra - Plastic Pipes,2026-06-17,100.54,101.65,98.67,100.08,259658.0
Infra - Plastic Pipes,2026-06-18,100.7,101.64,99.31,100.19,389154.0
Infra - Plastic Pipes,2026-06-19,99.98,101.03,98.2,99.64,229446.0
Infra - Plastic Pipes,2026-06-22,99.66,101.51,99.42,100.67,172417.0
Infra - Plastic Pipes,2026-06-23,100.69,102.61,98.52,99.26,221582.0
Infra - Plastic Pipes,2026-06-24,99.54,100.86,98.48,100.1,315155.0
Infra - Plastic Pipes,2026-06-25,100.05,100.64,96.73,97.35,739666.0
Infra - Plastic Pipes,2026-06-26,97.35,97.35,97.35,97.35,0.0
Infra - Plastic Pipes,2026-06-29,95.12,97.49,91.33,94.45,1648566.0
Infra - Plastic Pipes,2026-06-30,95.33,97.36,93.09,94.7,956396.0
Infra - Plastic Pipes,2026-07-01,94.82,96.22,93.07,94.99,362337.0
Infra - Plastic Pipes,2026-07-02,95.17,96.06,93.81,94.57,232516.0
Infra - Plastic Pipes,2026-07-03,94.4,95.97,93.26,95.05,224491.0
Infra - Plastic Pipes,2026-07-06,95.54,96.66,93.5,94.42,239731.0
Infra - Plastic Pipes,2026-07-07,94.17,95.3,92.42,93.37,174546.0
Infra - Plastic Pipes,2026-07-08,93.17,93.42,90.65,91.2,201578.0
Infra - Plastic Pipes,2026-07-09,91.23,93.53,89.48,91.27,748776.0
Infra - Plastic Pipes,2026-07-10,91.39,93.63,90.79,92.6,260234.0
Infra - Plastic Pipes,2026-07-13,92.46,93.43,90.86,92.62,133466.0
Infra - Plastic Pipes,2026-07-14,92.95,94.53,91.5,93.01,246286.0
Infra - Plastic Pipes,2026-07-15,93.22,94.49,92.31,93.7,147366.0
Infra - Plastic Pipes,2026-07-16,94.28,95.51,92.27,93.69,217049.0
Infra - Plastic Pipes,2026-07-17,93.67,95.85,92.04,94.39,5754889.0
Infra - Plastic Pipes,2026-07-20,94.53,96.49,92.11,93.74,3476183.0
Infra - Plastic Pipes,2026-07-21,93.79,95.3,92.47,94.05,664397.0
Infra - Plastic Pipes,2026-07-22,93.97,95.62,92.98,94.44,352263.0
Infra - Plastic Pipes,2026-07-23,94.05,95.21,92.76,93.67,192490.0
Infra - Plastic Pipes,2026-07-24,93.36,96.6,92.26,95.97,297530.0
Infra - Plastic Pipes,2026-07-27,96.68,97.97,94.98,96.47,151926.0
Infra - Plastic Pipes,2026-07-28,96.25,97.62,94.96,95.87,123212.0
Infra - Plastic Pipes,2026-07-29,95.97,97.35,95.26,96.65,95682.0
Infra - Plastic Pipes,2026-07-30,97.05,98.58,95.1,96.1,355176.0
Infra - Plastic Pipes,2026-07-31,95.62,97.62,94.31,95.92,201804.0
Infra - Plastic Pipes,2026-08-03,96.6,97.85,94.63,95.37,233018.0
Infra - Plastic Pipes,2026-08-04,95.61,98.25,95.09,96.8,542075.0
Infra - Plastic Pipes,2026-08-05,97.05,97.96,95.01,96.21,407404.0
Infra - Plastic Pipes,2026-08-06,96.63,97.7,95.61,96.35,271324.0
Infra - Plastic Pipes,2026-08-07,96.03,97.5,95.06,95.8,106963.0
Infra - Plastic Pipes,2026-08-10,95.76,97.2,94.59,95.23,296934.0
Infra - Plastic Pipes,2026-08-11,96.15,96.67,94.14,94.89,195206.0
Infra - Plastic Pipes,2026-08-12,95.24,97.17,94.42,96.33,145267.0
Infra - Plastic Pipes,2026-08-13,97.66,101.72,96.69,100.93,2606857.0
Infra - Plastic Pipes,2026-08-14,141.55,143.24,139.09,140.43,344662.0
Infra - Plastic Pipes,2026-08-17,139.57,142.93,138.45,141.31,399339.0
Infra - Plastic Pipes,2026-08-18,141.13,142.62,139.68,140.49,186865.0
Infra - Plastic Pipes,2026-08-19,141.6,146.4,139.66,143.51,511239.0
Infra - Plastic Pipes,2026-08-20,143.93,145.97,142.31,144.3,402876.0
Infra - Plastic Pipes,2026-08-21,144.37,146.16,143.1,144.04,254473.0
Infra - Plastic Pipes,2026-08-24,143.85,147.25,142.97,144.57,256559.0
Infra - Plastic Pipes,2026-08-25,144.08,149.0,143.1,148.01,970676.0
Infra - Plastic Pipes,2026-08-26,147.67,148.58,145.96,146.57,272879.0
Infra - Plastic Pipes,2026-08-27,146.34,148.86,144.9,145.6,203185.0
Leather Products,2026-05-27,96.4,103.58,95.81,100.0,492672.0
Leather Products,2026-05-28,100.0,100.0,100.0,100.0,0.0
Leather Products,2026-05-29,100.19,101.75,96.49,96.99,227077.0
Leather Products,2026-06-01,97.06,100.27,93.84,94.45,254672.0
Leather Products,2026-06-02,94.13,98.08,92.76,95.8,200689.0
Leather Products,2026-06-03,97.53,97.53,93.01,94.49,125593.0
Leather Products,2026-06-04,94.49,96.28,94.1,94.41,105535.0
Leather Products,2026-06-05,97.57,97.57,93.86,94.31,88627.0
Leather Products,2026-06-08,93.33,97.83,92.17,92.51,263932.0
Leather Products,2026-06-09,92.56,104.56,92.56,102.69,1125753.0
Leather Products,2026-06-10,103.24,109.16,102.65,104.29,1015825.0
Leather Products,2026-06-11,104.29,106.85,100.79,101.95,269721.0
Leather Products,2026-06-12,103.79,104.13,101.3,101.97,150911.0
Leather Products,2026-06-15,103.23,105.35,101.82,102.47,140066.0
Leather Products,2026-06-16,103.9,107.72,102.84,105.92,226343.0
Leather Products,2026-06-17,106.12,108.43,105.41,106.28,120913.0
Leather Products,2026-06-18,106.28,107.21,104.36,106.37,88350.0
Leather Products,2026-06-19,106.31,108.97,105.26,106.22,101206.0
Leather Products,2026-06-22,107.12,107.34,103.12,103.58,110817.0
Leather Products,2026-06-23,102.91,104.38,100.15,101.75,96839.0
Leather Products,2026-06-24,104.13,104.13,102.2,103.3,33624.0
Leather Products,2026-06-25,104.24,104.33,100.41,101.54,75222.0
Leather Products,2026-06-26,101.54,101.54,101.54,101.54,0.0
Leather Products,2026-06-29,101.49,105.89,100.96,104.91,114800.0
Leather Products,2026-06-30,107.34,112.61,107.34,110.66,467762.0
Leather Products,2026-07-01,110.66,111.57,106.44,109.46,125552.0
Leather Products,2026-07-02,110.36,114.92,108.9,113.61,198073.0
Leather Products,2026-07-03,114.9,116.6,111.66,113.4,204404.0
Leather Products,2026-07-06,115.45,115.45,112.11,113.5,89256.0
Leather Products,2026-07-07,114.0,114.23,109.27,109.94,66064.0
Leather Products,2026-07-08,110.62,112.67,107.91,109.69,155589.0
Leather Products,2026-07-09,110.43,111.36,106.7,107.12,142364.0
Leather Products,2026-07-10,108.63,108.63,103.56,107.15,118732.0
Leather Products,2026-07-13,106.95,110.56,106.57,109.93,72805.0
Leather Products,2026-07-14,110.8,111.71,104.65,105.26,76813.0
Leather Products,2026-07-15,106.1,107.65,103.01,104.43,57960.0
Leather Products,2026-07-16,104.53,107.31,103.91,105.68,44141.0
Leather Products,2026-07-17,104.95,105.3,97.89,100.94,219652.0
Leather Products,2026-07-20,100.27,103.81,100.27,102.14,99633.0
Leather Products,2026-07-21,102.14,103.1,100.58,102.26,34484.0
Leather Products,2026-07-22,101.79,103.36,100.64,102.6,49862.0
Leather Products,2026-07-23,102.33,104.5,101.18,101.57,54647.0
Leather Products,2026-07-24,100.53,102.84,98.94,101.38,65366.0
Leather Products,2026-07-27,101.88,107.71,101.56,105.11,144191.0
Leather Products,2026-07-28,105.11,105.11,100.68,101.03,62838.0
Leather Products,2026-07-29,101.52,103.48,100.37,102.35,63034.0
Leather Products,2026-07-30,102.39,102.39,98.6,98.87,56815.0
Leather Products,2026-07-31,98.86,99.24,95.46,96.54,153994.0
Leather Products,2026-08-03,96.67,102.07,96.67,100.78,82833.0
Leather Products,2026-08-04,101.03,103.82,99.24,99.56,50457.0
Leather Products,2026-08-05,99.76,102.71,98.08,98.85,150465.0
Leather Products,2026-08-06,95.01,105.15,93.84,99.48,656145.0
Leather Products,2026-08-07,98.57,100.91,96.14,99.38,157743.0
Leather Products,2026-08-10,100.27,100.35,95.33,99.7,142095.0
Leather Products,2026-08-11,100.01,100.91,98.62,100.15,54800.0
Leather Products,2026-08-12,99.69,100.18,95.78,96.51,81890.0
Leather Products,2026-08-13,96.8,98.59,96.17,97.11,69882.0
Leather Products,2026-08-14,97.57,98.66,95.42,95.69,50059.0
Leather Products,2026-08-17,96.35,96.6,93.03,94.13,121236.0
Leather Products,2026-08-18,94.77,97.67,93.07,93.34,74332.0
Leather Products,2026-08-19,94.97,97.83,92.81,97.46,134684.0
Leather Products,2026-08-20,97.95,103.05,97.7,99.76,183467.0
Leather Products,2026-08-21,98.84,98.84,96.79,97.33,58580.0
Leather Products,2026-08-24,96.41,100.06,96.41,98.99,91207.0
Leather Products,2026-08-25,99.55,99.55,95.13,95.82,65868.0
Leather Products,2026-08-26,95.77,97.43,95.06,96.09,48459.0
Leather Products,2026-08-27,96.09,97.83,93.59,96.34,74987.0
Leisure - Hotels,2026-05-27,99.74,100.98,98.67,100.0,457734.0
Leisure - Hotels,2026-05-28,100.0,100.0,100.0,100.0,0.0
Leisure - Hotels,2026-05-29,101.22,102.03,97.52,99.05,1246012.0
Leisure - Hotels,2026-06-01,99.51,100.41,97.04,98.09,874748.0
Leisure - Hotels,2026-06-02,97.45,99.64,96.4,99.04,538891.0
Leisure - Hotels,2026-06-03,98.99,99.55,97.23,98.3,362395.0
Leisure - Hotels,2026-06-04,98.31,101.05,97.78,100.35,487189.0
Leisure - Hotels,2026-06-05,101.38,105.47,99.41,102.73,2961180.0
Leisure - Hotels,2026-06-08,101.09,102.09,97.77,98.65,850406.0
Leisure - Hotels,2026-06-09,98.92,100.48,98.13,99.73,466917.0
Leisure - Hotels,2026-06-10,99.94,102.37,98.3,99.17,723428.0
Leisure - Hotels,2026-06-11,98.59,99.24,96.17,97.07,672275.0
Leisure - Hotels,2026-06-12,97.78,100.61,97.03,99.29,689929.0
Leisure - Hotels,2026-06-15,100.97,104.17,100.21,101.89,1004294.0
Leisure - Hotels,2026-06-16,102.66,104.39,101.44,102.82,426131.0
Leisure - Hotels,2026-06-17,103.15,104.99,102.05,104.03,365395.0
Leisure - Hotels,2026-06-18,104.0,105.41,102.58,104.32,619566.0
Leisure - Hotels,2026-06-19,104.3,107.54,103.46,106.52,987481.0
Leisure - Hotels,2026-06-22,107.36,109.83,106.52,108.2,1197603.0
Leisure - Hotels,2026-06-23,108.23,109.78,105.57,107.44,4959115.0
Leisure - Hotels,2026-06-24,107.28,109.08,106.52,107.93,1787570.0
Leisure - Hotels,2026-06-25,108.57,109.09,106.42,107.01,1099649.0
Leisure - Hotels,2026-06-26,107.01,107.01,107.01,107.01,0.0
Leisure - Hotels,2026-06-29,107.04,107.78,104.55,105.52,929601.0
Leisure - Hotels,2026-06-30,105.6,106.93,104.68,106.03,957108.0
Leisure - Hotels,2026-07-01,106.44,108.15,105.27,106.51,612797.0
Leisure - Hotels,2026-07-02,106.67,108.44,106.18,107.56,800391.0
Leisure - Hotels,2026-07-03,107.92,108.81,106.71,107.82,750671.0
Leisure - Hotels,2026-07-06,108.26,109.29,106.74,107.8,477510.0
Leisure - Hotels,2026-07-07,108.46,114.12,107.06,112.48,2841895.0
Leisure - Hotels,2026-07-08,112.88,115.44,108.11,110.36,5165964.0
Leisure - Hotels,2026-07-09,109.73,115.45,109.32,112.46,2811272.0
Leisure - Hotels,2026-07-10,113.41,115.36,111.15,113.85,1129979.0
Leisure - Hotels,2026-07-13,112.94,115.17,111.53,113.47,1052879.0
Leisure - Hotels,2026-07-14,112.86,114.0,111.04,112.45,505140.0
Leisure - Hotels,2026-07-15,112.46,118.4,111.49,116.72,2913355.0
Leisure - Hotels,2026-07-16,116.23,117.35,113.83,114.98,1194386.0
Leisure - Hotels,2026-07-17,115.46,116.8,112.87,114.16,865067.0
Leisure - Hotels,2026-07-20,114.1,117.87,112.54,115.43,3100042.0
Leisure - Hotels,2026-07-21,115.66,116.81,113.14,114.42,1221082.0
Leisure - Hotels,2026-07-22,114.36,115.67,111.45,112.8,1045977.0
Leisure - Hotels,2026-07-23,112.77,114.27,111.04,112.34,786670.0
Leisure - Hotels,2026-07-24,111.8,113.63,110.0,112.51,793495.0
Leisure - Hotels,2026-07-27,112.89,115.47,112.16,114.02,443725.0
Leisure - Hotels,2026-07-28,113.68,115.29,112.15,113.09,410822.0
Leisure - Hotels,2026-07-29,113.6,115.17,112.01,113.5,419018.0
Leisure - Hotels,2026-07-30,112.31,113.53,110.19,111.99,670096.0
Leisure - Hotels,2026-07-31,112.46,113.38,110.28,111.63,694314.0
Leisure - Hotels,2026-08-03,111.97,114.59,111.61,113.24,533655.0
Leisure - Hotels,2026-08-04,113.12,114.11,111.29,112.66,665068.0
Leisure - Hotels,2026-08-05,112.89,114.5,111.23,112.71,890691.0
Leisure - Hotels,2026-08-06,112.65,114.79,111.72,113.51,525567.0
Leisure - Hotels,2026-08-07,113.19,113.83,111.24,111.96,573693.0
Leisure - Hotels,2026-08-10,112.41,112.79,109.59,110.33,622219.0
Leisure - Hotels,2026-08-11,110.1,110.87,108.09,109.02,359338.0
Leisure - Hotels,2026-08-12,108.73,112.16,107.41,110.17,828045.0
Leisure - Hotels,2026-08-13,110.01,110.62,108.75,109.29,391778.0
Leisure - Hotels,2026-08-14,115.34,116.32,114.08,114.97,385531.0
Leisure - Hotels,2026-08-17,114.87,116.78,113.62,115.42,337985.0
Leisure - Hotels,2026-08-18,115.29,116.38,113.59,115.04,344575.0
Leisure - Hotels,2026-08-19,115.01,117.64,113.58,116.03,8525829.0
Leisure - Hotels,2026-08-20,116.52,117.87,115.46,117.0,1235929.0
Leisure - Hotels,2026-08-21,116.83,118.03,115.66,117.12,422505.0
Leisure - Hotels,2026-08-24,117.26,119.06,116.12,117.48,1579002.0
Leisure - Hotels,2026-08-25,117.79,119.75,116.4,118.34,1209220.0
Leisure - Hotels,2026-08-26,118.92,120.53,117.34,118.41,671506.0
Leisure - Hotels,2026-08-27,118.47,118.96,115.86,117.19,528003.0
Leisure - Hotels,2026-08-28,172.03,172.25,169.04,169.72,3199057.0
Leisure - Misc,2026-05-27,100.61,101.01,99.13,100.0,769284.0
Leisure - Misc,2026-05-28,100.0,100.0,100.0,100.0,0.0
Leisure - Misc,2026-05-29,101.67,104.39,98.42,98.89,1900910.0
Leisure - Misc,2026-06-01,99.49,100.82,97.84,99.13,858428.0
Leisure - Misc,2026-06-02,99.03,102.69,97.97,101.52,1136540.0
Leisure - Misc,2026-06-03,101.87,102.35,100.02,101.83,528240.0
Leisure - Misc,2026-06-04,101.25,101.89,98.96,99.42,1020970.0
Leisure - Misc,2026-06-05,100.06,101.37,98.2,98.53,690671.0
Leisure - Misc,2026-06-08,97.53,100.24,96.68,98.61,551792.0
Leisure - Misc,2026-06-09,99.73,101.3,98.31,99.27,880468.0
Leisure - Misc,2026-06-10,99.81,103.24,94.93,95.64,2106796.0
Leisure - Misc,2026-06-11,95.04,96.19,93.38,94.28,745592.0
Leisure - Misc,2026-06-12,96.12,99.12,95.11,98.52,794786.0
Leisure - Misc,2026-06-15,101.27,101.65,98.89,99.5,1376852.0
Leisure - Misc,2026-06-16,99.86,101.1,99.16,99.54,429796.0
Leisure - Misc,2026-06-17,99.86,101.06,98.83,99.65,749728.0
Leisure - Misc,2026-06-18,99.74,101.81,99.53,101.16,1427950.0
Leisure - Misc,2026-06-19,100.59,101.83,97.89,100.91,2189326.0
Leisure - Misc,2026-06-22,101.47,105.36,100.32,101.91,3147582.0
Leisure - Misc,2026-06-23,102.21,102.54,99.64,100.15,1166886.0
Leisure - Misc,2026-06-24,99.97,102.04,98.14,99.98,6232586.0
Leisure - Misc,2026-06-25,100.89,101.32,99.08,99.77,1057230.0
Leisure - Misc,2026-06-26,99.77,99.77,99.77,99.77,0.0
Leisure - Misc,2026-06-29,99.23,99.78,96.38,97.64,936320.0
Leisure - Misc,2026-06-30,98.23,99.59,95.59,96.81,1834000.0
Leisure - Misc,2026-07-01,97.13,98.43,94.52,94.88,1259532.0
Leisure - Misc,2026-07-02,95.79,98.39,95.7,97.33,1003164.0
Leisure - Misc,2026-07-03,98.16,98.18,96.47,97.5,993294.0
Leisure - Misc,2026-07-06,97.45,97.79,95.79,96.4,816282.0
Leisure - Misc,2026-07-07,96.62,97.51,94.97,95.54,607647.0
Leisure - Misc,2026-07-08,94.86,95.22,92.02,93.19,1019287.0
Leisure - Misc,2026-07-09,93.72,94.48,89.61,90.77,4880878.0
Leisure - Misc,2026-07-10,90.98,92.32,90.42,91.76,1204848.0
Leisure - Misc,2026-07-13,90.35,93.41,90.3,92.71,1731910.0
Leisure - Misc,2026-07-14,92.98,93.71,90.37,90.69,954890.0
Leisure - Misc,2026-07-15,91.27,92.67,90.14,91.87,691024.0
Leisure - Misc,2026-07-16,92.46,95.36,91.56,92.42,1376988.0
Leisure - Misc,2026-07-17,92.54,92.76,90.53,91.64,683974.0
Leisure - Misc,2026-07-20,91.84,92.08,90.27,91.22,455901.0
Leisure - Misc,2026-07-21,90.67,92.27,90.36,91.24,538470.0
Leisure - Misc,2026-07-22,90.72,91.72,89.0,89.9,945780.0
Leisure - Misc,2026-07-23,90.15,91.17,88.9,89.63,709113.0
Leisure - Misc,2026-07-24,88.76,91.35,88.12,90.65,641108.0
Leisure - Misc,2026-07-27,91.84,93.37,90.85,91.6,725828.0
Leisure - Misc,2026-07-28,91.99,92.77,90.79,91.21,455963.0
Leisure - Misc,2026-07-29,91.89,94.5,91.23,93.14,898279.0
Leisure - Misc,2026-07-30,93.08,93.55,91.62,91.93,351106.0
Leisure - Misc,2026-07-31,92.44,93.41,91.14,92.63,965335.0
Leisure - Misc,2026-08-03,92.9,97.47,92.7,96.98,1392692.0
Leisure - Misc,2026-08-04,97.8,98.51,95.45,95.95,676140.0
Leisure - Misc,2026-08-05,96.29,100.62,96.16,98.73,2111744.0
Leisure - Misc,2026-08-06,99.59,101.59,97.59,98.67,1486400.0
Leisure - Misc,2026-08-07,98.55,100.49,97.19,99.12,1612834.0
Leisure - Misc,2026-08-10,100.11,103.43,97.28,100.2,4502484.0
Leisure - Misc,2026-08-11,100.3,102.33,98.42,99.71,1837206.0
Leisure - Misc,2026-08-12,100.41,101.48,99.22,100.39,878637.0
Leisure - Misc,2026-08-13,100.39,103.77,100.02,102.82,1936078.0
Leisure - Misc,2026-08-14,102.32,105.93,102.0,105.37,1892476.0
Leisure - Misc,2026-08-17,105.93,106.91,102.66,103.38,1224386.0
Leisure - Misc,2026-08-18,103.2,105.1,100.53,101.52,888220.0
Leisure - Misc,2026-08-19,101.99,104.33,100.53,103.46,1990887.0
Leisure - Misc,2026-08-20,104.37,104.95,103.08,103.94,568654.0
Leisure - Misc,2026-08-21,104.23,105.24,102.61,103.55,643568.0
Leisure - Misc,2026-08-24,103.82,107.19,91.12,94.13,15261912.0
Leisure - Misc,2026-08-25,94.93,96.28,91.7,94.8,4431894.0
Leisure - Misc,2026-08-26,95.16,95.98,92.5,93.13,1485175.0
Leisure - Misc,2026-08-27,93.51,97.1,92.83,96.47,17725673.0
Leisure - Restaurants,2026-05-27,99.21,101.18,98.12,100.0,1540939.0
Leisure - Restaurants,2026-05-28,100.0,100.0,100.0,100.0,0.0
Leisure - Restaurants,2026-05-29,100.31,102.47,96.79,98.9,589145.0
Leisure - Restaurants,2026-06-01,99.4,101.23,94.86,95.87,579053.0
Leisure - Restaurants,2026-06-02,95.3,97.18,93.61,95.5,558104.0
Leisure - Restaurants,2026-06-03,96.65,97.86,92.82,95.41,523475.0
Leisure - Restaurants,2026-06-04,96.18,98.31,93.09,95.26,1052954.0
Leisure - Restaurants,2026-06-05,95.46,100.25,91.59,98.8,759510.0
Leisure - Restaurants,2026-06-08,99.71,102.41,97.54,100.15,1961571.0
Leisure - Restaurants,2026-06-09,99.48,103.5,98.9,101.25,574243.0
Leisure - Restaurants,2026-06-10,101.91,104.35,100.06,100.99,1574333.0
Leisure - Restaurants,2026-06-11,100.48,102.36,96.81,100.37,1464712.0
Leisure - Restaurants,2026-06-12,101.16,104.95,100.69,104.06,899912.0
Leisure - Restaurants,2026-06-15,105.78,110.35,104.85,108.03,1191792.0
Leisure - Restaurants,2026-06-16,108.78,111.1,105.03,106.39,6296250.0
Leisure - Restaurants,2026-06-17,106.76,109.07,105.17,108.01,1265273.0
Leisure - Restaurants,2026-06-18,108.23,110.27,106.66,109.3,4030318.0
Leisure - Restaurants,2026-06-19,109.26,114.04,108.16,112.09,13950776.0
Leisure - Restaurants,2026-06-22,111.99,118.63,111.54,116.83,12164428.0
Leisure - Restaurants,2026-06-23,117.17,121.19,114.31,117.9,2933479.0
Leisure - Restaurants,2026-06-24,118.09,121.6,115.01,120.31,2718785.0
Leisure - Restaurants,2026-06-25,120.47,122.02,115.83,116.89,3259795.0
Leisure - Restaurants,2026-06-26,116.89,116.89,116.89,116.89,0.0
Leisure - Restaurants,2026-06-29,114.92,118.42,112.57,113.8,1572925.0
Leisure - Restaurants,2026-06-30,111.57,116.0,110.48,113.23,2857077.0
Leisure - Restaurants,2026-07-01,111.95,117.79,111.55,114.7,1257417.0
Leisure - Restaurants,2026-07-02,116.19,118.23,115.11,117.63,1691012.0
Leisure - Restaurants,2026-07-03,118.22,120.65,116.62,119.92,633506.0
Leisure - Restaurants,2026-07-06,120.7,122.76,117.69,119.42,1481643.0
Leisure - Restaurants,2026-07-07,119.84,121.82,117.88,120.06,1245222.0
Leisure - Restaurants,2026-07-08,120.96,121.57,116.11,117.7,1192263.0
Leisure - Restaurants,2026-07-09,118.08,121.06,116.87,119.72,623508.0
Leisure - Restaurants,2026-07-10,122.74,123.61,119.53,122.29,1127674.0
Leisure - Restaurants,2026-07-13,122.01,123.87,119.27,121.16,946016.0
Leisure - Restaurants,2026-07-14,122.1,123.12,117.9,119.69,772908.0
Leisure - Restaurants,2026-07-15,120.17,121.51,117.95,119.16,572898.0
Leisure - Restaurants,2026-07-16,120.83,121.41,117.66,118.67,432685.0
Leisure - Restaurants,2026-07-17,118.89,119.39,114.16,115.06,1197183.0
Leisure - Restaurants,2026-07-20,112.54,115.77,111.19,112.31,763124.0
Leisure - Restaurants,2026-07-21,110.51,119.14,109.11,114.21,998600.0
Leisure - Restaurants,2026-07-22,111.97,116.24,110.54,115.47,568787.0
Leisure - Restaurants,2026-07-23,117.75,118.54,111.09,113.52,1081662.0
Leisure - Restaurants,2026-07-24,113.24,116.58,108.42,113.5,2110338.0
Leisure - Restaurants,2026-07-27,112.41,117.85,111.82,116.17,3458831.0
Leisure - Restaurants,2026-07-28,115.97,117.31,114.23,116.05,658264.0
Leisure - Restaurants,2026-07-29,116.33,120.31,114.98,119.02,5816589.0
Leisure - Restaurants,2026-07-30,119.05,121.77,114.66,116.95,3629689.0
Leisure - Restaurants,2026-07-31,117.37,121.34,114.57,119.04,1422298.0
Leisure - Restaurants,2026-08-03,119.93,122.4,116.8,121.2,1439449.0
Leisure - Restaurants,2026-08-04,122.16,127.31,120.66,126.45,20324834.0
Leisure - Restaurants,2026-08-05,129.58,135.08,128.26,133.57,24757021.0
Leisure - Restaurants,2026-08-06,134.78,137.03,131.68,135.18,9736966.0
Leisure - Restaurants,2026-08-07,136.33,142.8,132.28,139.51,12594991.0
Leisure - Restaurants,2026-08-10,139.67,143.22,134.17,137.93,4018091.0
Leisure - Restaurants,2026-08-11,139.35,144.36,136.63,141.12,8406178.0
Leisure - Restaurants,2026-08-12,138.65,142.89,136.28,139.32,2556027.0
Leisure - Restaurants,2026-08-13,139.21,141.48,134.16,137.37,5815416.0
Leisure - Restaurants,2026-08-14,135.93,141.08,133.47,136.3,4106373.0
Leisure - Restaurants,2026-08-17,151.6,154.51,148.77,152.25,1987340.0
Leisure - Restaurants,2026-08-18,154.74,156.52,151.82,154.62,3987958.0
Leisure - Restaurants,2026-08-19,153.62,156.99,149.95,153.19,3006710.0
Leisure - Restaurants,2026-08-20,153.2,160.54,153.09,158.62,3244154.0
Leisure - Restaurants,2026-08-21,158.04,161.66,154.63,159.07,2059091.0
Leisure - Restaurants,2026-08-24,160.86,163.3,155.52,161.22,2928427.0
Leisure - Restaurants,2026-08-25,159.31,162.0,156.08,157.14,1492903.0
Leisure - Restaurants,2026-08-26,155.59,159.88,151.95,152.56,2687686.0
Leisure - Restaurants,2026-08-27,152.55,155.39,146.92,149.72,3406343.0
Media - Entertaintment,2026-05-27,96.81,101.43,96.44,100.0,2547540.0
Media - Entertaintment,2026-05-28,100.0,100.0,100.0,100.0,0.0
Media - Entertaintment,2026-05-29,100.02,101.25,98.35,99.88,876484.0
Media - Entertaintment,2026-06-01,102.18,106.75,99.7,102.49,9226588.0
Media - Entertaintment,2026-06-02,102.2,104.65,100.46,103.86,1271700.0
Media - Entertaintment,2026-06-03,104.02,105.15,100.24,103.15,995326.0
Media - Entertaintment,2026-06-04,102.66,104.75,101.71,103.38,736504.0
Media - Entertaintment,2026-06-05,104.05,110.83,103.83,107.28,2855029.0
Media - Entertaintment,2026-06-08,105.12,107.37,101.16,102.33,1113860.0
Media - Entertaintment,2026-06-09,103.59,104.77,101.38,103.19,727156.0
Media - Entertaintment,2026-06-10,102.77,103.15,98.83,99.34,411394.0
Media - Entertaintment,2026-06-11,99.71,101.68,97.89,99.99,675446.0
Media - Entertaintment,2026-06-12,101.21,102.81,99.21,100.75,799115.0
Media - Entertaintment,2026-06-15,102.47,103.87,100.23,101.36,521058.0
Media - Entertaintment,2026-06-16,102.38,102.84,100.34,101.08,352749.0
Media - Entertaintment,2026-06-17,101.25,102.44,99.96,100.78,298095.0
Media - Entertaintment,2026-06-18,101.56,102.07,100.51,100.99,211887.0
Media - Entertaintment,2026-06-19,101.95,103.92,101.0,102.85,541022.0
Media - Entertaintment,2026-06-22,103.13,105.33,102.18,103.81,437705.0
Media - Entertaintment,2026-06-23,105.0,106.71,101.97,102.74,620372.0
Media - Entertaintment,2026-06-24,102.75,104.02,100.74,102.19,266134.0
Media - Entertaintment,2026-06-25,102.57,104.15,101.11,102.82,478496.0
Media - Entertaintment,2026-06-26,102.82,102.82,102.82,102.82,0.0
Media - Entertaintment,2026-06-29,102.62,105.43,100.77,103.24,1337104.0
Media - Entertaintment,2026-06-30,102.95,104.7,102.1,102.91,287222.0
Media - Entertaintment,2026-07-01,103.58,107.24,103.14,105.74,353882.0
Media - Entertaintment,2026-07-02,107.09,109.73,105.98,107.68,427888.0
Media - Entertaintment,2026-07-03,108.45,109.11,106.62,107.58,185370.0
Media - Entertaintment,2026-07-06,108.64,109.47,106.25,108.17,251630.0
Media - Entertaintment,2026-07-07,108.25,108.35,103.33,104.91,295801.0
Media - Entertaintment,2026-07-08,104.6,105.25,101.37,102.55,278141.0
Media - Entertaintment,2026-07-09,102.51,110.11,102.5,109.13,1160663.0
Media - Entertaintment,2026-07-10,109.76,110.41,107.32,109.45,326120.0
Media - Entertaintment,2026-07-13,109.39,112.05,107.57,111.43,510006.0
Media - Entertaintment,2026-07-14,111.68,112.55,108.53,109.14,300543.0
Media - Entertaintment,2026-07-15,109.62,110.67,104.42,106.27,755528.0
Media - Entertaintment,2026-07-16,106.24,108.81,105.58,106.97,397954.0
Media - Entertaintment,2026-07-17,106.95,108.52,104.99,106.98,258951.0
Media - Entertaintment,2026-07-20,109.66,115.78,108.51,112.57,2875860.0
Media - Entertaintment,2026-07-21,112.68,114.68,111.52,112.91,405707.0
Media - Entertaintment,2026-07-22,113.46,113.68,101.0,102.24,1642641.0
Media - Entertaintment,2026-07-23,102.51,111.98,102.25,107.12,5278740.0
Media - Entertaintment,2026-07-24,106.17,112.22,104.59,109.93,1898447.0
Media - Entertaintment,2026-07-27,111.02,113.57,109.49,112.82,605656.0
Media - Entertaintment,2026-07-28,112.47,114.57,110.08,111.79,800977.0
Media - Entertaintment,2026-07-29,111.9,114.37,109.65,111.72,499244.0
Media - Entertaintment,2026-07-30,111.36,111.95,108.56,109.04,277470.0
Media - Entertaintment,2026-07-31,109.23,110.88,107.86,109.47,236952.0
Media - Entertaintment,2026-08-03,109.47,112.82,107.96,110.56,319874.0
Media - Entertaintment,2026-08-04,110.12,113.72,106.69,111.39,3187144.0
Media - Entertaintment,2026-08-05,112.37,116.64,110.18,113.04,1520795.0
Media - Entertaintment,2026-08-06,113.51,113.7,107.69,108.69,737194.0
Media - Entertaintment,2026-08-07,108.39,110.12,106.37,107.05,323252.0
Media - Entertaintment,2026-08-10,106.75,110.36,105.37,109.91,338963.0
Media - Entertaintment,2026-08-11,110.21,111.8,108.38,110.14,296724.0
Media - Entertaintment,2026-08-12,110.86,111.21,108.51,109.42,174814.0
Media - Entertaintment,2026-08-13,109.82,112.68,108.49,110.64,433890.0
Media - Entertaintment,2026-08-14,111.28,111.68,108.41,110.14,447824.0
Media - Entertaintment,2026-08-17,110.15,110.96,107.41,108.43,470814.0
Media - Entertaintment,2026-08-18,108.13,109.13,106.81,107.51,263944.0
Media - Entertaintment,2026-08-19,107.64,108.98,106.36,106.65,199694.0
Media - Entertaintment,2026-08-20,106.5,108.54,106.22,107.66,222804.0
Media - Entertaintment,2026-08-21,107.55,108.47,105.9,106.4,230037.0
Media - Entertaintment,2026-08-24,106.81,107.88,105.57,106.06,424296.0
Media - Entertaintment,2026-08-25,106.48,107.17,105.08,105.78,173786.0
Media - Entertaintment,2026-08-26,106.24,107.25,103.81,105.51,541436.0
Media - Entertaintment,2026-08-27,105.57,107.19,103.65,105.48,357460.0
Media - Entertaintment,2026-08-28,90.2,91.73,89.35,90.6,216948.0
Media - Films,2026-05-27,100.96,102.48,98.95,100.0,312740.0
Media - Films,2026-05-28,100.0,100.0,100.0,100.0,0.0
Media - Films,2026-05-29,99.6,101.99,99.19,99.86,197535.0
Media - Films,2026-06-01,99.86,102.6,98.86,101.03,178159.0
Media - Films,2026-06-02,100.46,102.27,98.34,101.48,255515.0
Media - Films,2026-06-03,101.63,101.77,99.16,100.46,120554.0
Media - Films,2026-06-04,99.7,101.82,99.4,100.62,424673.0
Media - Films,2026-06-05,100.48,103.51,99.46,101.32,604572.0
Media - Films,2026-06-08,101.8,103.68,100.33,101.36,392000.0
Media - Films,2026-06-09,101.24,101.75,99.91,100.4,299762.0
Media - Films,2026-06-10,101.03,101.66,98.28,98.94,195908.0
Media - Films,2026-06-11,98.04,99.57,96.46,97.94,260486.0
Media - Films,2026-06-12,99.27,100.47,97.28,98.76,230812.0
Media - Films,2026-06-15,99.28,101.19,98.28,98.95,194698.0
Media - Films,2026-06-16,99.96,100.53,98.16,98.78,186864.0
Media - Films,2026-06-17,100.4,101.35,99.8,100.74,303960.0
Media - Films,2026-06-18,101.28,101.28,98.85,99.98,210953.0
Media - Films,2026-06-19,99.92,100.74,97.44,98.58,1648166.0
Media - Films,2026-06-22,98.43,101.59,97.85,100.49,356108.0
Media - Films,2026-06-23,100.46,101.45,98.29,99.06,244824.0
Media - Films,2026-06-24,98.78,101.11,97.24,100.5,389919.0
Media - Films,2026-06-25,100.45,101.99,99.12,99.89,245896.0
Media - Films,2026-06-26,99.89,99.89,99.89,99.89,0.0
Media - Films,2026-06-29,99.37,100.6,97.34,97.85,128310.0
Media - Films,2026-06-30,98.08,99.62,97.5,98.75,292224.0
Media - Films,2026-07-01,99.19,102.46,99.03,101.05,344350.0
Media - Films,2026-07-02,102.16,103.42,100.75,102.59,791743.0
Media - Films,2026-07-03,102.68,104.56,101.55,103.31,321142.0
Media - Films,2026-07-06,102.83,105.12,102.39,104.25,287842.0
Media - Films,2026-07-07,104.29,104.73,101.88,103.31,195022.0
Media - Films,2026-07-08,102.1,103.94,100.11,101.03,213048.0
Media - Films,2026-07-09,101.08,103.77,100.51,103.03,331482.0
Media - Films,2026-07-10,104.05,105.66,103.79,105.1,400146.0
Media - Films,2026-07-13,105.43,108.7,105.33,107.72,409836.0
Media - Films,2026-07-14,106.97,108.78,105.64,107.34,452459.0
Media - Films,2026-07-15,106.7,108.77,105.45,106.19,216503.0
Media - Films,2026-07-16,107.39,110.0,106.18,108.26,1455006.0
Media - Films,2026-07-17,108.53,108.77,106.56,107.6,674328.0
Media - Films,2026-07-20,48.9,48.9,47.4,47.44,676888.0
Media - Films,2026-07-21,108.87,110.09,106.75,107.75,599836.0
Media - Films,2026-07-22,108.04,108.41,106.43,106.71,196670.0
Media - Films,2026-07-23,106.36,111.95,105.6,108.04,1491072.0
Media - Films,2026-07-24,108.26,113.74,107.85,112.99,1187146.0
Media - Films,2026-07-27,113.95,119.56,113.31,117.81,1115907.0
Media - Films,2026-07-28,117.81,121.4,115.98,117.51,622300.0
Media - Films,2026-07-29,117.9,122.16,117.12,120.96,1513752.0
Media - Films,2026-07-30,120.58,121.75,117.44,118.71,600403.0
Media - Films,2026-07-31,48.09,48.54,46.02,47.95,1104971.0
Media - Films,2026-08-03,119.43,121.7,118.27,120.25,814878.0
Media - Films,2026-08-04,120.31,125.26,119.22,124.49,464761.0
Media - Films,2026-08-05,124.24,124.94,121.41,122.04,332568.0
Media - Films,2026-08-06,122.42,123.07,118.24,120.43,360126.0
Media - Films,2026-08-07,118.48,123.05,118.45,120.54,619588.0
Media - Films,2026-08-10,122.54,123.44,118.69,119.15,330250.0
Media - Films,2026-08-11,120.57,122.16,117.67,120.38,287527.0
Media - Films,2026-08-12,120.03,123.93,118.6,121.7,606978.0
Media - Films,2026-08-13,121.97,123.93,119.19,121.1,406248.0
Media - Films,2026-08-14,121.31,122.67,119.62,120.54,190650.0
Media - Films,2026-08-17,120.61,123.76,119.32,121.77,309726.0
Media - Films,2026-08-18,121.93,126.73,121.28,123.94,1626508.0
Media - Films,2026-08-19,123.94,126.21,122.46,123.58,880776.0
Media - Films,2026-08-20,124.12,126.45,122.24,125.42,440850.0
Media - Films,2026-08-21,125.43,128.89,124.37,126.39,2340907.0
Media - Films,2026-08-24,126.92,130.49,126.26,128.55,1296198.0
Media - Films,2026-08-25,130.06,133.09,126.62,128.06,1334186.0
Media - Films,2026-08-26,128.48,131.52,127.74,130.08,424820.0
Media - Films,2026-08-27,130.02,130.54,127.26,127.91,417476.0
Media - Publishing,2026-05-27,97.23,101.89,97.08,100.0,48910.0
Media - Publishing,2026-05-28,100.0,100.0,100.0,100.0,0.0
Media - Publishing,2026-05-29,101.61,102.85,98.38,101.1,83217.0
Media - Publishing,2026-06-01,102.88,104.2,99.02,103.34,79513.0
Media - Publishing,2026-06-02,103.78,107.85,100.45,101.61,54490.0
Media - Publishing,2026-06-03,100.61,101.85,99.42,101.13,58488.0
Media - Publishing,2026-06-04,101.03,101.51,98.55,98.91,84421.0
Media - Publishing,2026-06-05,98.32,103.36,98.1,99.59,59102.0
Media - Publishing,2026-06-08,98.29,100.28,96.44,97.04,51293.0
Media - Publishing,2026-06-09,97.19,103.02,96.95,101.17,51863.0
Media - Publishing,2026-06-10,101.2,101.81,98.92,99.38,143356.0
Media - Publishing,2026-06-11,98.48,99.15,95.96,97.36,57618.0
Media - Publishing,2026-06-12,98.43,100.33,98.01,99.76,49270.0
Media - Publishing,2026-06-15,100.0,101.88,98.89,99.87,85199.0
Media - Publishing,2026-06-16,100.22,101.65,99.52,99.89,289370.0
Media - Publishing,2026-06-17,99.79,100.53,99.21,100.08,52858.0
Media - Publishing,2026-06-18,101.3,101.36,98.54,99.39,81518.0
Media - Publishing,2026-06-19,98.48,100.09,98.27,99.57,63823.0
Media - Publishing,2026-06-22,99.05,100.73,98.48,99.17,93877.0
Media - Publishing,2026-06-23,98.81,101.24,98.68,99.58,85277.0
Media - Publishing,2026-06-24,99.3,100.47,98.92,99.83,65831.0
Media - Publishing,2026-06-25,100.29,101.01,99.02,99.79,93723.0
Media - Publishing,2026-06-26,99.79,99.79,99.79,99.79,0.0
Media - Publishing,2026-06-29,99.53,106.92,98.92,103.05,121245.0
Media - Publishing,2026-06-30,102.94,104.14,101.93,103.39,88135.0
Media - Publishing,2026-07-01,103.96,106.08,102.88,104.04,251064.0
Media - Publishing,2026-07-02,105.0,107.04,102.45,102.9,87218.0
Media - Publishing,2026-07-03,103.74,104.94,102.03,104.16,117944.0
Media - Publishing,2026-07-06,106.98,111.92,106.55,109.49,107538.0
Media - Publishing,2026-07-07,109.98,111.36,108.06,108.91,137409.0
Media - Publishing,2026-07-08,108.92,109.14,104.85,106.4,117107.0
Media - Publishing,2026-07-09,106.9,110.9,106.38,109.92,72669.0
Media - Publishing,2026-07-10,111.19,111.42,108.37,108.78,81841.0
Media - Publishing,2026-07-13,111.73,112.67,108.91,110.0,205016.0
Media - Publishing,2026-07-14,109.66,110.33,108.34,109.3,106584.0
Media - Publishing,2026-07-15,108.97,111.59,108.08,109.22,115810.0
Media - Publishing,2026-07-16,108.96,113.36,108.86,111.8,272573.0
Media - Publishing,2026-07-17,111.39,115.93,109.34,113.38,106017.0
Media - Publishing,2026-07-20,113.5,114.84,111.15,111.83,63059.0
Media - Publishing,2026-07-21,111.85,116.23,111.3,115.31,79556.0
Media - Publishing,2026-07-22,128.51,135.78,125.94,135.42,644903.0
Media - Publishing,2026-07-23,139.9,143.98,132.87,139.36,1213823.0
Media - Publishing,2026-07-24,139.95,147.11,137.17,145.47,265949.0
Media - Publishing,2026-07-27,145.29,145.92,138.23,141.87,291639.0
Media - Publishing,2026-07-28,141.8,141.91,135.82,137.87,242280.0
Media - Publishing,2026-07-29,137.23,144.66,136.83,141.2,234748.0
Media - Publishing,2026-07-30,141.04,143.21,138.71,139.45,127708.0
Media - Publishing,2026-07-31,139.04,142.82,137.36,141.54,125320.0
Media - Publishing,2026-08-03,141.78,146.39,139.03,145.19,197615.0
Media - Publishing,2026-08-04,145.8,146.62,140.95,142.85,170543.0
Media - Publishing,2026-08-05,143.53,150.93,142.23,149.8,318424.0
Media - Publishing,2026-08-06,149.73,150.17,141.54,144.78,202340.0
Media - Publishing,2026-08-07,144.64,153.75,144.51,152.98,350185.0
Media - Publishing,2026-08-10,153.92,155.47,148.84,149.59,119894.0
Media - Publishing,2026-08-11,150.71,152.63,147.21,148.91,117319.0
Media - Publishing,2026-08-12,148.09,151.11,146.93,150.03,245403.0
Media - Publishing,2026-08-13,149.82,150.16,142.46,144.01,259363.0
Media - Publishing,2026-08-14,206.01,211.58,205.82,210.11,111158.0
Media - Publishing,2026-08-17,213.11,213.14,209.07,210.53,65982.0
Media - Publishing,2026-08-18,211.62,213.11,208.19,211.43,134990.0
Media - Publishing,2026-08-19,212.79,220.01,212.62,218.55,139428.0
Media - Publishing,2026-08-20,220.01,221.82,215.27,217.76,73540.0
Media - Publishing,2026-08-21,218.59,219.53,214.55,216.46,118358.0
Media - Publishing,2026-08-24,214.48,217.02,202.67,204.92,113028.0
Media - Publishing,2026-08-25,205.14,205.95,199.45,202.73,96860.0
Media - Publishing,2026-08-26,202.15,205.09,198.73,202.62,41485.0
Media - Publishing,2026-08-27,204.05,204.36,198.73,199.45,135130.0
Media - TV Broadcast,2026-05-27,94.42,101.77,93.68,100.0,61163262.0
Media - TV Broadcast,2026-05-28,100.0,100.0,100.0,100.0,0.0
Media - TV Broadcast,2026-05-29,100.36,103.05,99.46,101.16,21296128.0
Media - TV Broadcast,2026-06-01,101.62,105.37,99.7,101.77,46169976.0
Media - TV Broadcast,2026-06-02,101.06,102.62,99.52,100.61,14701007.0
Media - TV Broadcast,2026-06-03,100.0,101.39,97.71,99.85,10514001.0
Media - TV Broadcast,2026-06-04,100.48,107.2,98.72,104.95,40252682.0
Media - TV Broadcast,2026-06-05,106.96,113.33,106.51,110.05,115195938.0
Media - TV Broadcast,2026-06-08,109.11,112.31,106.4,107.26,68008428.0
Media - TV Broadcast,2026-06-09,109.2,109.59,104.83,105.77,21390366.0
Media - TV Broadcast,2026-06-10,105.02,107.32,102.11,102.97,25008525.0
Media - TV Broadcast,2026-06-11,102.97,107.76,100.15,104.42,73813328.0
Media - TV Broadcast,2026-06-12,105.42,108.12,103.22,106.25,43436632.0
Media - TV Broadcast,2026-06-15,106.44,108.96,103.15,104.32,20896604.0
Media - TV Broadcast,2026-06-16,104.81,107.73,104.01,105.66,26054926.0
Media - TV Broadcast,2026-06-17,105.96,107.0,104.53,104.82,11961152.0
Media - TV Broadcast,2026-06-18,105.06,107.69,104.63,106.12,23132736.0
Media - TV Broadcast,2026-06-19,106.6,110.14,105.09,107.04,37542254.0
Media - TV Broadcast,2026-06-22,108.14,110.01,106.93,108.58,19094593.0
Media - TV Broadcast,2026-06-23,108.87,115.49,107.45,111.62,15798645.0
Media - TV Broadcast,2026-06-24,111.83,115.31,109.56,113.08,11595448.0
Media - TV Broadcast,2026-06-25,113.72,121.57,110.39,114.57,12899870.0
Media - TV Broadcast,2026-06-26,114.57,114.57,114.57,114.57,0.0
Media - TV Broadcast,2026-06-29,114.44,114.92,109.31,111.24,9676472.0
Media - TV Broadcast,2026-06-30,110.62,115.72,108.25,112.04,13521423.0
Media - TV Broadcast,2026-07-01,112.76,117.64,111.88,114.35,32888560.0
Media - TV Broadcast,2026-07-02,113.55,115.63,110.89,113.56,25846666.0
Media - TV Broadcast,2026-07-03,113.03,116.96,111.31,113.82,9119858.0
Media - TV Broadcast,2026-07-06,113.17,114.79,110.32,111.24,10480552.0
Media - TV Broadcast,2026-07-07,111.27,112.87,109.66,110.9,13494199.0
Media - TV Broadcast,2026-07-08,110.35,111.87,106.49,107.89,11646566.0
Media - TV Broadcast,2026-07-09,108.01,110.16,106.9,108.0,8176364.0
Media - TV Broadcast,2026-07-10,108.92,110.1,106.26,107.3,10604798.0
Media - TV Broadcast,2026-07-13,107.09,109.89,105.21,107.93,13107052.0
Media - TV Broadcast,2026-07-14,108.18,111.19,106.11,108.2,18298296.0
Media - TV Broadcast,2026-07-15,108.0,111.29,106.76,108.51,5824830.0
Media - TV Broadcast,2026-07-16,108.29,114.2,107.24,111.77,19880918.0
Media - TV Broadcast,2026-07-17,111.37,113.01,108.89,111.49,13169296.0
Media - TV Broadcast,2026-07-20,111.54,113.28,110.11,111.24,9632638.0
Media - TV Broadcast,2026-07-21,111.25,112.94,110.33,111.35,6697484.0
Media - TV Broadcast,2026-07-22,111.07,112.02,108.5,108.89,5926204.0
Media - TV Broadcast,2026-07-23,109.09,109.37,105.62,106.33,5289456.0
Media - TV Broadcast,2026-07-24,106.03,108.87,104.55,107.61,6761730.0
Media - TV Broadcast,2026-07-27,108.14,110.81,107.71,109.82,7652295.0
Media - TV Broadcast,2026-07-28,109.67,110.81,107.29,108.4,6528270.0
Media - TV Broadcast,2026-07-29,108.3,109.52,107.45,108.68,5151112.0
Media - TV Broadcast,2026-07-30,108.38,111.39,106.62,109.54,13590210.0
Media - TV Broadcast,2026-07-31,109.96,113.48,108.69,110.68,30929334.0
Media - TV Broadcast,2026-08-03,105.08,109.06,101.47,103.73,53848321.0
Media - TV Broadcast,2026-08-04,105.13,106.0,103.32,104.37,13515196.0
Media - TV Broadcast,2026-08-05,106.0,106.67,101.64,102.4,16839134.0
Media - TV Broadcast,2026-08-06,103.77,104.53,100.12,100.97,15064916.0
Media - TV Broadcast,2026-08-07,100.73,102.9,100.22,101.29,10606372.0
Media - TV Broadcast,2026-08-10,102.78,102.78,100.12,100.69,7693664.0
Media - TV Broadcast,2026-08-11,98.83,101.32,98.45,99.76,12754550.0
Media - TV Broadcast,2026-08-12,100.41,104.58,98.56,102.57,22732828.0
Media - TV Broadcast,2026-08-13,102.63,103.5,102.25,102.46,4697036.0
Metals - Casting/Forging,2026-05-27,99.17,101.62,98.38,100.0,349382.0
Metals - Casting/Forging,2026-05-28,100.0,100.0,100.0,100.0,0.0
Metals - Casting/Forging,2026-05-29,100.5,101.4,96.14,97.8,688221.0
Metals - Casting/Forging,2026-06-01,100.94,108.44,99.79,104.83,564753.0
Metals - Casting/Forging,2026-06-02,104.97,108.65,103.22,107.89,625097.0
Metals - Casting/Forging,2026-06-03,107.89,110.17,105.0,106.48,861276.0
Metals - Casting/Forging,2026-06-04,106.08,108.68,104.95,106.2,484034.0
Metals - Casting/Forging,2026-06-05,106.8,109.4,104.84,105.63,194039.0
Metals - Casting/Forging,2026-06-08,105.27,105.79,103.13,103.98,221943.0
Metals - Casting/Forging,2026-06-09,104.51,107.55,103.56,105.37,249492.0
Metals - Casting/Forging,2026-06-10,105.26,106.85,103.69,104.6,369435.0
Metals - Casting/Forging,2026-06-11,104.1,105.16,102.16,102.93,234867.0
Metals - Casting/Forging,2026-06-12,103.91,105.45,102.96,104.55,275792.0
Metals - Casting/Forging,2026-06-15,106.49,108.7,104.72,105.79,429527.0
Metals - Casting/Forging,2026-06-16,106.05,107.45,102.04,103.07,218727.0
Metals - Casting/Forging,2026-06-17,103.23,104.71,102.31,103.24,181472.0
Metals - Casting/Forging,2026-06-18,103.5,104.53,101.59,102.22,192045.0
Metals - Casting/Forging,2026-06-19,102.14,107.77,101.84,106.1,320784.0
Metals - Casting/Forging,2026-06-22,106.78,108.53,104.25,105.69,371918.0
Metals - Casting/Forging,2026-06-23,105.67,107.26,103.75,104.63,350060.0
Metals - Casting/Forging,2026-06-24,104.51,105.29,103.12,104.09,803135.0
Metals - Casting/Forging,2026-06-25,104.58,105.19,102.99,103.62,378248.0
Metals - Casting/Forging,2026-06-26,103.62,103.62,103.62,103.62,0.0
Metals - Casting/Forging,2026-06-29,103.75,105.44,101.15,103.56,780317.0
Metals - Casting/Forging,2026-06-30,103.88,105.52,102.09,103.64,340218.0
Metals - Casting/Forging,2026-07-01,104.33,105.68,102.23,104.07,1667106.0
Metals - Casting/Forging,2026-07-02,104.58,105.92,102.96,104.05,4364605.0
Metals - Casting/Forging,2026-07-03,104.55,106.45,103.14,104.73,743585.0
Metals - Casting/Forging,2026-07-06,104.49,107.19,103.72,105.35,633241.0
Metals - Casting/Forging,2026-07-07,105.51,105.89,102.87,103.57,287540.0
Metals - Casting/Forging,2026-07-08,103.44,104.69,100.73,101.81,511190.0
Metals - Casting/Forging,2026-07-09,101.79,104.16,101.14,103.26,361265.0
Metals - Casting/Forging,2026-07-10,103.67,105.38,103.11,104.31,1096902.0
Metals - Casting/Forging,2026-07-13,104.31,105.55,103.06,104.85,563392.0
Metals - Casting/Forging,2026-07-14,104.08,105.52,103.08,104.2,323926.0
Metals - Casting/Forging,2026-07-15,104.42,105.97,104.02,104.89,598122.0
Metals - Casting/Forging,2026-07-16,104.9,106.01,103.57,104.7,1577121.0
Metals - Casting/Forging,2026-07-17,104.64,107.48,102.97,105.85,550751.0
Metals - Casting/Forging,2026-07-20,105.9,107.01,104.94,106.32,344294.0
Metals - Casting/Forging,2026-07-21,106.53,107.38,105.29,106.16,450501.0
Metals - Casting/Forging,2026-07-22,106.28,107.13,104.01,105.23,313470.0
Metals - Casting/Forging,2026-07-23,105.28,109.01,104.12,105.5,2176123.0
Metals - Casting/Forging,2026-07-24,105.39,106.55,103.69,105.29,1319465.0
Metals - Casting/Forging,2026-07-27,106.03,108.07,105.08,106.57,1370131.0
Metals - Casting/Forging,2026-07-28,106.39,107.06,104.96,105.94,507832.0
Metals - Casting/Forging,2026-07-29,106.11,107.63,105.49,106.64,458423.0
Metals - Casting/Forging,2026-07-30,106.6,107.0,104.91,105.73,402276.0
Metals - Casting/Forging,2026-07-31,112.39,113.95,111.23,112.39,383016.0
Metals - Casting/Forging,2026-08-03,106.22,108.3,105.49,107.57,548631.0
Metals - Casting/Forging,2026-08-04,107.83,109.73,106.63,108.09,1097150.0
Metals - Casting/Forging,2026-08-05,108.38,109.92,107.44,108.62,944907.0
Metals - Casting/Forging,2026-08-06,108.91,111.64,107.86,109.88,481281.0
Metals - Casting/Forging,2026-08-07,110.09,115.05,109.5,113.24,420518.0
Metals - Casting/Forging,2026-08-10,114.23,115.78,111.73,113.9,971913.0
Metals - Casting/Forging,2026-08-11,114.17,115.28,111.17,111.9,749265.0
Metals - Casting/Forging,2026-08-12,112.18,114.67,110.31,112.4,810393.0
Metals - Casting/Forging,2026-08-13,113.04,114.59,111.28,113.03,449067.0
Metals - Casting/Forging,2026-08-14,114.16,116.02,112.19,113.43,633088.0
Metals - Casting/Forging,2026-08-17,114.38,120.17,112.75,118.74,417040.0
Metals - Casting/Forging,2026-08-18,118.36,120.33,114.99,117.52,768468.0
Metals - Casting/Forging,2026-08-19,117.0,118.03,113.96,115.7,523030.0
Metals - Casting/Forging,2026-08-20,116.11,117.97,115.21,116.34,264817.0
Metals - Casting/Forging,2026-08-21,116.46,121.0,115.0,119.55,280829.0
Metals - Casting/Forging,2026-08-24,119.09,124.15,118.16,122.86,290988.0
Metals - Casting/Forging,2026-08-25,122.88,123.85,119.94,120.84,281286.0
Metals - Casting/Forging,2026-08-26,121.18,123.75,118.96,119.9,290836.0
Metals - Casting/Forging,2026-08-27,119.8,120.75,117.71,118.92,292901.0
Metals - Casting/Forging,2026-08-28,177.69,178.88,176.0,177.77,33928.0
Metals - Copper,2026-05-27,101.18,102.88,99.42,100.0,2345681.0
Metals - Copper,2026-05-28,100.0,100.0,100.0,100.0,0.0
Metals - Copper,2026-05-29,100.68,101.58,94.54,95.89,3012614.0
Metals - Copper,2026-06-01,97.03,99.15,95.41,97.57,2213174.0
Metals - Copper,2026-06-02,97.55,100.07,96.18,97.45,2244028.0
Metals - Copper,2026-06-03,97.97,99.04,96.27,98.2,1827802.0
Metals - Copper,2026-06-04,97.76,99.51,96.59,97.27,1601568.0
Metals - Copper,2026-06-05,96.99,98.47,93.32,94.33,1942638.0
Metals - Copper,2026-06-08,91.99,93.85,89.4,90.18,1995984.0
Metals - Copper,2026-06-09,90.56,93.61,90.51,93.03,1438883.0
Metals - Copper,2026-06-10,93.34,93.73,89.61,90.43,1676175.0
Metals - Copper,2026-06-11,89.39,91.3,88.35,88.71,1824048.0
Metals - Copper,2026-06-12,90.58,91.81,89.44,90.16,2110005.0
Metals - Copper,2026-06-15,91.99,94.31,90.94,91.98,2491531.0
Metals - Copper,2026-06-16,92.24,94.41,91.09,93.49,1665472.0
Metals - Copper,2026-06-17,94.13,95.31,92.53,94.4,2308474.0
Metals - Copper,2026-06-18,94.58,94.94,92.98,93.33,1512746.0
Metals - Copper,2026-06-19,92.67,93.59,90.58,91.93,1781892.0
Metals - Copper,2026-06-22,92.08,93.87,91.76,93.34,1958480.0
Metals - Copper,2026-06-23,93.17,94.41,91.5,92.18,1880096.0
Metals - Copper,2026-06-24,91.59,95.13,89.67,94.32,4489983.0
Metals - Copper,2026-06-25,93.78,94.9,90.76,91.16,2035364.0
Metals - Copper,2026-06-26,91.16,91.16,91.16,91.16,0.0
Metals - Copper,2026-06-29,91.27,92.22,88.14,89.7,2817796.0
Metals - Copper,2026-06-30,90.07,91.71,89.2,90.27,1596528.0
Metals - Copper,2026-07-01,90.28,92.08,88.83,89.23,1551898.0
Metals - Copper,2026-07-02,89.89,91.02,89.45,90.02,1148660.0
Metals - Copper,2026-07-03,91.02,91.79,89.43,89.98,2227189.0
Metals - Copper,2026-07-06,89.89,90.63,87.53,87.92,1030576.0
Metals - Copper,2026-07-07,87.87,88.54,86.44,86.92,1262750.0
Metals - Copper,2026-07-08,86.34,89.28,85.33,86.2,1837118.0
Metals - Copper,2026-07-09,86.73,88.11,86.32,87.56,895546.0
Metals - Copper,2026-07-10,89.01,90.94,87.61,88.43,3608672.0
Metals - Copper,2026-07-13,87.47,89.24,86.89,88.5,871020.0
Metals - Copper,2026-07-14,87.99,89.34,86.69,87.07,2446163.0
Metals - Copper,2026-07-15,87.79,88.66,87.01,87.48,934268.0
Metals - Copper,2026-07-16,87.99,88.07,86.17,86.42,1373018.0
Metals - Copper,2026-07-17,86.29,86.68,83.2,84.77,1191057.0
Metals - Copper,2026-07-20,84.46,86.37,83.66,84.68,1205394.0
Metals - Copper,2026-07-21,85.44,86.2,83.95,85.15,1591336.0
Metals - Copper,2026-07-22,85.91,87.87,84.71,86.13,1558286.0
Metals - Copper,2026-07-23,86.49,88.02,85.25,85.95,2146710.0
Metals - Copper,2026-07-24,85.0,85.99,84.11,85.55,1555619.0
Metals - Copper,2026-07-27,85.83,86.66,85.14,85.62,1009820.0
Metals - Copper,2026-07-28,85.64,85.69,83.58,83.96,1215325.0
Metals - Copper,2026-07-29,84.44,85.53,82.69,84.35,1274682.0
Metals - Copper,2026-07-30,84.61,85.64,82.97,83.44,1257106.0
Metals - Copper,2026-07-31,83.81,87.68,83.54,86.41,3811972.0
Metals - Copper,2026-08-03,86.94,88.65,86.36,87.4,1533550.0
Metals - Copper,2026-08-04,87.68,88.88,86.33,87.34,2294306.0
Metals - Copper,2026-08-05,88.1,95.44,87.37,94.32,11949604.0
Metals - Copper,2026-08-06,95.84,98.44,93.85,96.48,10317786.0
Metals - Copper,2026-08-07,96.13,96.56,93.31,94.98,4911666.0
Metals - Copper,2026-08-10,95.28,98.89,93.69,95.94,6637408.0
Metals - Copper,2026-08-11,96.79,98.57,93.66,94.74,3419202.0
Metals - Copper,2026-08-12,94.32,100.02,93.59,96.99,18777704.0
Metals - Copper,2026-08-13,96.99,104.52,96.28,101.29,10752830.0
Metals - Copper,2026-08-14,101.03,102.12,96.65,98.73,4763196.0
Metals - Copper,2026-08-17,99.49,103.87,98.69,103.02,14860881.0
Metals - Copper,2026-08-18,102.26,103.9,100.6,102.44,7942338.0
Metals - Copper,2026-08-19,101.78,102.68,97.8,98.44,3406404.0
Metals - Copper,2026-08-20,99.99,101.59,98.29,99.57,5027356.0
Metals - Copper,2026-08-21,99.85,102.82,99.56,101.1,7013336.0
Metals - Copper,2026-08-24,101.18,102.81,99.26,100.3,5901684.0
Metals - Copper,2026-08-25,96.69,97.85,93.47,94.43,22698386.0
Metals - Copper,2026-08-26,94.19,99.95,93.81,98.82,28545397.0
Metals - Copper,2026-08-27,98.01,98.93,95.42,95.9,12210342.0
Metals - Iron & Steel,2026-05-27,100.65,102.42,98.83,100.0,2330696.0
Metals - Iron & Steel,2026-05-28,100.0,100.0,100.0,100.0,0.0
Metals - Iron & Steel,2026-05-29,100.19,101.72,96.28,98.4,2941486.0
Metals - Iron & Steel,2026-06-01,98.21,102.39,96.95,98.97,2157277.0
Metals - Iron & Steel,2026-06-02,98.71,102.73,97.35,101.13,1503274.0
Metals - Iron & Steel,2026-06-03,100.99,102.18,98.78,100.51,1508006.0
Metals - Iron & Steel,2026-06-04,100.44,103.06,99.25,101.37,1516662.0
Metals - Iron & Steel,2026-06-05,101.71,103.03,99.06,99.93,1708408.0
Metals - Iron & Steel,2026-06-08,98.64,99.59,95.34,96.43,1335010.0
Metals - Iron & Steel,2026-06-09,96.83,100.15,95.94,98.43,1515492.0
Metals - Iron & Steel,2026-06-10,98.39,101.12,95.93,98.49,1492310.0
Metals - Iron & Steel,2026-06-11,97.81,100.75,96.41,98.32,1434026.0
Metals - Iron & Steel,2026-06-12,100.02,102.7,98.75,101.61,2149268.0
Metals - Iron & Steel,2026-06-15,103.12,104.49,100.85,101.73,1874713.0
Metals - Iron & Steel,2026-06-16,102.33,103.63,100.2,101.84,6743312.0
Metals - Iron & Steel,2026-06-17,102.03,104.21,100.42,102.48,11243787.0
Metals - Iron & Steel,2026-06-18,103.24,105.1,101.4,102.78,6637937.0
Metals - Iron & Steel,2026-06-19,102.87,105.5,101.56,103.72,4852837.0
Metals - Iron & Steel,2026-06-22,104.46,107.26,103.15,105.25,4055329.0
Metals - Iron & Steel,2026-06-23,105.54,107.29,103.22,104.46,2232795.0
Metals - Iron & Steel,2026-06-24,104.27,106.23,101.76,103.18,1779010.0
Metals - Iron & Steel,2026-06-25,103.01,106.34,101.85,103.92,1698135.0
Metals - Iron & Steel,2026-06-26,103.92,103.92,103.92,103.92,0.0
Metals - Iron & Steel,2026-06-29,104.04,107.35,102.28,105.11,1847471.0
Metals - Iron & Steel,2026-06-30,105.39,107.19,103.37,105.05,1346559.0
Metals - Iron & Steel,2026-07-01,105.53,107.3,103.78,105.52,1635545.0
Metals - Iron & Steel,2026-07-02,106.05,107.76,104.19,105.83,1408393.0
Metals - Iron & Steel,2026-07-03,106.28,108.53,104.58,106.26,1530131.0
Metals - Iron & Steel,2026-07-06,106.86,108.86,105.31,106.75,2846059.0
Metals - Iron & Steel,2026-07-07,107.01,107.93,104.46,105.54,2270846.0
Metals - Iron & Steel,2026-07-08,104.92,107.14,101.34,102.91,1859994.0
Metals - Iron & Steel,2026-07-09,103.5,106.59,102.92,104.94,1251321.0
Metals - Iron & Steel,2026-07-10,105.93,108.18,104.94,106.77,1759474.0
Metals - Iron & Steel,2026-07-13,106.41,109.17,105.14,107.54,2877041.0
Metals - Iron & Steel,2026-07-14,107.31,108.7,105.34,106.65,1113025.0
Metals - Iron & Steel,2026-07-15,106.9,108.56,105.33,106.76,1300507.0
Metals - Iron & Steel,2026-07-16,107.62,109.37,105.27,107.2,1392119.0
Metals - Iron & Steel,2026-07-17,107.71,108.68,104.19,106.28,1451343.0
Metals - Iron & Steel,2026-07-20,106.28,108.78,105.26,107.38,2327467.0
Metals - Iron & Steel,2026-07-21,107.84,109.46,106.03,107.52,2373859.0
Metals - Iron & Steel,2026-07-22,107.49,108.74,104.89,105.89,1494986.0
Metals - Iron & Steel,2026-07-23,105.52,107.9,103.99,105.94,1369877.0
Metals - Iron & Steel,2026-07-24,105.47,107.9,103.61,106.09,1166253.0
Metals - Iron & Steel,2026-07-27,107.02,109.14,105.2,107.59,4093339.0
Metals - Iron & Steel,2026-07-28,107.95,109.07,105.63,106.9,3021610.0
Metals - Iron & Steel,2026-07-29,107.78,109.74,106.57,108.18,1536706.0
Metals - Iron & Steel,2026-07-30,108.15,108.96,106.05,106.92,771818.0
Metals - Iron & Steel,2026-07-31,112.0,113.7,110.79,112.01,928119.0
Metals - Iron & Steel,2026-08-03,108.54,110.08,105.74,107.18,3400963.0
Metals - Iron & Steel,2026-08-04,107.03,109.35,106.05,108.2,2720853.0
Metals - Iron & Steel,2026-08-05,108.22,110.95,106.89,109.24,3042113.0
Metals - Iron & Steel,2026-08-06,109.35,110.75,107.03,107.91,2476006.0
Metals - Iron & Steel,2026-08-07,107.93,109.76,106.15,107.88,4608927.0
Metals - Iron & Steel,2026-08-10,108.19,110.8,106.22,107.39,2123506.0
Metals - Iron & Steel,2026-08-11,107.78,108.53,104.79,105.98,1920507.0
Metals - Iron & Steel,2026-08-12,106.02,107.57,103.42,104.87,1367908.0
Metals - Iron & Steel,2026-08-13,105.08,107.53,104.27,105.05,1408420.0
Metals - Iron & Steel,2026-08-14,106.68,108.48,105.32,107.22,2356966.0
Metals - Iron & Steel,2026-08-17,107.06,109.11,105.49,107.5,1917389.0
Metals - Iron & Steel,2026-08-18,107.77,109.69,105.88,107.87,2004982.0
Metals - Iron & Steel,2026-08-19,108.12,109.66,106.32,107.96,1172294.0
Metals - Iron & Steel,2026-08-20,108.78,109.62,106.59,107.63,1950393.0
Metals - Iron & Steel,2026-08-21,107.87,110.22,106.29,108.23,2965810.0
Metals - Iron & Steel,2026-08-24,112.25,113.82,110.93,112.09,2043486.0
Metals - Iron & Steel,2026-08-25,112.22,113.38,110.44,111.83,1134881.0
Metals - Iron & Steel,2026-08-26,112.13,115.73,110.85,114.78,1427604.0
Metals - Iron & Steel,2026-08-27,115.19,116.35,112.32,113.5,1354943.0
Metals - Iron & Steel,2026-08-28,63.33,63.33,61.55,61.83,68075.0
Metals - Misc,2026-05-27,101.63,103.01,98.21,100.0,1501291.0
Metals - Misc,2026-05-28,100.0,100.0,100.0,100.0,0.0
Metals - Misc,2026-05-29,100.84,102.39,97.5,99.36,2641328.0
Metals - Misc,2026-06-01,99.85,101.63,97.51,98.52,976470.0
Metals - Misc,2026-06-02,97.87,101.3,97.23,100.55,722612.0
Metals - Misc,2026-06-03,100.61,101.73,98.04,100.21,544589.0
Metals - Misc,2026-06-04,99.9,102.65,99.27,101.5,623835.0
Metals - Misc,2026-06-05,101.86,103.31,99.26,101.16,1434691.0
Metals - Misc,2026-06-08,100.01,100.72,96.78,97.41,615857.0
Metals - Misc,2026-06-09,97.64,99.0,96.5,97.94,527869.0
Metals - Misc,2026-06-10,97.93,98.46,95.28,95.87,449458.0
Metals - Misc,2026-06-11,95.05,97.32,94.16,95.62,456633.0
Metals - Misc,2026-06-12,96.81,98.72,95.25,97.59,659718.0
Metals - Misc,2026-06-15,99.36,101.09,98.48,99.58,464656.0
Metals - Misc,2026-06-16,100.21,101.48,98.71,99.8,538757.0
Metals - Misc,2026-06-17,100.46,102.12,99.35,100.37,460198.0
Metals - Misc,2026-06-18,100.85,103.46,100.0,101.78,553658.0
Metals - Misc,2026-06-19,101.7,103.31,100.89,102.07,904265.0
Metals - Misc,2026-06-22,102.5,104.1,101.72,102.97,502806.0
Metals - Misc,2026-06-23,103.1,103.65,99.6,100.35,516964.0
Metals - Misc,2026-06-24,100.56,102.99,99.75,101.72,623264.0
Metals - Misc,2026-06-25,102.39,102.7,98.94,99.4,482356.0
Metals - Misc,2026-06-26,99.4,99.4,99.4,99.4,0.0
Metals - Misc,2026-06-29,99.08,100.1,97.06,98.07,798222.0
Metals - Misc,2026-06-30,98.03,100.27,96.42,98.7,672946.0
Metals - Misc,2026-07-01,98.97,102.01,97.61,100.42,906465.0
Metals - Misc,2026-07-02,101.19,103.67,100.48,102.51,859555.0
Metals - Misc,2026-07-03,103.29,105.21,101.38,103.76,817468.0
Metals - Misc,2026-07-06,104.27,105.46,102.6,104.23,565676.0
Metals - Misc,2026-07-07,104.5,105.12,101.87,102.99,571862.0
Metals - Misc,2026-07-08,102.16,105.14,100.22,101.67,845576.0
Metals - Misc,2026-07-09,102.34,105.17,100.62,102.66,991739.0
Metals - Misc,2026-07-10,103.53,106.28,102.83,105.09,694691.0
Metals - Misc,2026-07-13,104.5,106.95,103.76,106.08,709860.0
Metals - Misc,2026-07-14,105.92,107.41,104.02,105.34,611598.0
Metals - Misc,2026-07-15,95.27,96.3,94.02,94.64,452853.0
Metals - Misc,2026-07-16,94.94,95.59,93.53,94.12,417985.0
Metals - Misc,2026-07-17,94.35,94.84,92.53,93.85,385889.0
Metals - Misc,2026-07-20,93.7,94.57,92.94,94.0,387680.0
Metals - Misc,2026-07-21,94.0,95.49,93.24,94.25,377383.0
Metals - Misc,2026-07-22,94.25,95.45,92.59,93.21,396777.0
Metals - Misc,2026-07-23,92.97,93.88,90.27,90.67,548747.0
Metals - Misc,2026-07-24,90.35,91.81,89.04,91.23,454821.0
Metals - Misc,2026-07-27,92.21,92.93,90.88,91.93,339482.0
Metals - Misc,2026-07-28,91.83,92.54,88.33,88.93,540043.0
Metals - Misc,2026-07-29,89.51,91.2,88.19,89.78,713982.0
Metals - Misc,2026-07-30,89.82,91.36,88.55,89.73,583228.0
Metals - Misc,2026-07-31,90.12,92.02,89.0,90.45,504823.0
Metals - Misc,2026-08-03,91.3,93.31,90.78,92.8,556873.0
Metals - Misc,2026-08-04,93.03,93.99,90.9,91.99,621786.0
Metals - Misc,2026-08-05,92.4,93.89,91.46,92.66,900978.0
Metals - Misc,2026-08-06,92.94,94.23,91.87,92.55,745933.0
Metals - Misc,2026-08-07,92.43,93.27,91.22,92.21,529557.0
Metals - Misc,2026-08-10,91.45,92.86,90.06,91.42,814716.0
Metals - Misc,2026-08-11,92.12,93.51,90.77,91.74,567792.0
Metals - Misc,2026-08-12,92.07,93.14,90.21,91.64,439590.0
Metals - Misc,2026-08-13,91.64,92.64,89.62,90.69,420455.0
Metals - Misc,2026-08-14,105.99,107.47,104.2,105.86,584138.0
Metals - Misc,2026-08-17,106.09,107.25,104.44,105.9,397968.0
Metals - Misc,2026-08-18,106.17,106.99,105.02,105.77,321006.0
Metals - Misc,2026-08-19,105.73,106.77,104.34,105.77,347272.0
Metals - Misc,2026-08-20,106.38,107.37,104.81,105.43,365204.0
Metals - Misc,2026-08-21,105.48,106.88,104.25,105.17,434482.0
Metals - Misc,2026-08-24,105.51,106.46,104.04,105.02,368609.0
Metals - Misc,2026-08-25,105.07,107.19,103.66,106.19,690790.0
Metals - Misc,2026-08-26,106.94,109.07,105.74,107.23,757368.0
Metals - Misc,2026-08-27,107.41,108.7,106.36,107.45,577604.0
Metals - Pipe & Tube,2026-05-27,98.28,101.77,97.25,100.0,1271886.0
Metals - Pipe & Tube,2026-05-28,100.0,100.0,100.0,100.0,0.0
Metals - Pipe & Tube,2026-05-29,100.52,101.25,96.71,97.84,1304802.0
Metals - Pipe & Tube,2026-06-01,98.05,99.27,95.66,96.48,597016.0
Metals - Pipe & Tube,2026-06-02,96.0,98.1,94.57,97.26,569291.0
Metals - Pipe & Tube,2026-06-03,97.44,99.04,95.69,98.0,1012220.0
Metals - Pipe & Tube,2026-06-04,97.94,100.62,97.27,98.95,1657239.0
Metals - Pipe & Tube,2026-06-05,99.26,101.25,97.97,99.28,1510492.0
Metals - Pipe & Tube,2026-06-08,97.96,99.23,96.02,97.0,622135.0
Metals - Pipe & Tube,2026-06-09,97.2,99.53,96.59,98.36,544250.0
Metals - Pipe & Tube,2026-06-10,98.57,99.37,95.27,96.32,756146.0
Metals - Pipe & Tube,2026-06-11,96.18,97.32,94.43,95.46,413080.0
Metals - Pipe & Tube,2026-06-12,96.27,99.52,95.54,98.78,611772.0
Metals - Pipe & Tube,2026-06-15,100.08,101.89,98.87,100.1,996947.0
Metals - Pipe & Tube,2026-06-16,100.56,101.75,99.52,100.36,596008.0
Metals - Pipe & Tube,2026-06-17,100.76,102.75,99.5,101.26,651609.0
Metals - Pipe & Tube,2026-06-18,102.11,102.7,100.6,101.48,731723.0
Metals - Pipe & Tube,2026-06-19,101.05,105.39,100.37,103.88,826842.0
Metals - Pipe & Tube,2026-06-22,105.22,106.13,103.29,104.25,489882.0
Metals - Pipe & Tube,2026-06-23,104.26,105.27,102.14,103.15,449986.0
Metals - Pipe & Tube,2026-06-24,103.14,104.4,101.08,102.22,363989.0
Metals - Pipe & Tube,2026-06-25,102.72,103.35,99.02,99.97,765283.0
Metals - Pipe & Tube,2026-06-26,99.97,99.97,99.97,99.97,0.0
Metals - Pipe & Tube,2026-06-29,100.5,102.01,98.15,100.0,849144.0
Metals - Pipe & Tube,2026-06-30,100.42,101.54,98.69,99.94,506839.0
Metals - Pipe & Tube,2026-07-01,100.56,101.33,98.48,99.71,395351.0
Metals - Pipe & Tube,2026-07-02,100.15,101.24,98.94,100.19,413372.0
Metals - Pipe & Tube,2026-07-03,100.61,101.67,97.43,98.79,623572.0
Metals - Pipe & Tube,2026-07-06,98.97,101.72,98.12,100.45,1128428.0
Metals - Pipe & Tube,2026-07-07,100.8,101.63,99.18,100.38,398930.0
Metals - Pipe & Tube,2026-07-08,100.2,101.48,98.01,99.02,612970.0
Metals - Pipe & Tube,2026-07-09,99.22,102.23,98.47,101.1,1076141.0
Metals - Pipe & Tube,2026-07-10,101.74,103.35,100.95,102.62,681223.0
Metals - Pipe & Tube,2026-07-13,102.31,103.93,100.95,102.41,457402.0
Metals - Pipe & Tube,2026-07-14,102.56,103.84,99.96,101.65,1895651.0
Metals - Pipe & Tube,2026-07-15,102.09,103.37,101.04,102.07,763984.0
Metals - Pipe & Tube,2026-07-16,102.2,103.4,100.77,101.85,987916.0
Metals - Pipe & Tube,2026-07-17,102.12,102.48,99.26,100.07,457954.0
Metals - Pipe & Tube,2026-07-20,100.1,101.81,99.09,100.36,403703.0
Metals - Pipe & Tube,2026-07-21,100.59,101.86,99.43,100.37,275534.0
Metals - Pipe & Tube,2026-07-22,100.57,101.41,98.48,99.57,410959.0
Metals - Pipe & Tube,2026-07-23,99.5,100.59,97.4,98.33,328223.0
Metals - Pipe & Tube,2026-07-24,97.64,98.81,96.05,97.22,362547.0
Metals - Pipe & Tube,2026-07-27,98.36,99.96,96.97,98.4,319611.0
Metals - Pipe & Tube,2026-07-28,98.73,99.75,96.89,98.09,386380.0
Metals - Pipe & Tube,2026-07-29,98.49,99.9,97.58,98.82,324480.0
Metals - Pipe & Tube,2026-07-30,99.04,99.48,96.28,97.31,301210.0
Metals - Pipe & Tube,2026-07-31,97.95,99.11,96.14,97.32,337574.0
Metals - Pipe & Tube,2026-08-03,98.19,100.74,96.92,99.34,871254.0
Metals - Pipe & Tube,2026-08-04,99.48,100.64,98.16,99.14,452263.0
Metals - Pipe & Tube,2026-08-05,99.73,101.62,98.6,100.16,481127.0
Metals - Pipe & Tube,2026-08-06,100.61,102.54,98.96,100.41,721853.0
Metals - Pipe & Tube,2026-08-07,100.59,102.27,98.03,99.35,526744.0
Metals - Pipe & Tube,2026-08-10,101.48,102.78,98.55,100.62,596348.0
Metals - Pipe & Tube,2026-08-11,100.4,100.93,97.54,98.71,570998.0
Metals - Pipe & Tube,2026-08-12,99.05,100.68,97.74,99.52,1750572.0
Metals - Pipe & Tube,2026-08-13,98.59,100.4,97.11,99.11,509014.0
Metals - Pipe & Tube,2026-08-14,82.65,83.6,80.87,82.34,667822.0
Metals - Pipe & Tube,2026-08-17,82.51,83.58,81.31,82.73,409654.0
Metals - Pipe & Tube,2026-08-18,82.96,86.51,82.7,85.8,1064089.0
Metals - Pipe & Tube,2026-08-19,85.85,86.97,84.88,86.49,678581.0
Metals - Pipe & Tube,2026-08-20,86.75,88.32,85.96,87.26,881400.0
Metals - Pipe & Tube,2026-08-21,89.36,92.09,87.47,90.56,5817764.0
Metals - Pipe & Tube,2026-08-24,90.42,92.23,89.29,91.37,1308478.0
Metals - Pipe & Tube,2026-08-25,91.07,91.96,89.29,90.44,722873.0
Metals - Pipe & Tube,2026-08-26,90.13,91.7,88.0,89.92,2901364.0
Metals - Pipe & Tube,2026-08-27,90.01,93.18,89.58,91.86,2412736.0
Metals - Pipe & Tube,2026-08-28,150.97,157.28,150.66,156.39,1037503.0
Oil and Gas,2026-05-27,98.89,101.64,96.86,100.0,563836.0
Oil and Gas,2026-05-28,100.0,100.0,100.0,100.0,0.0
Oil and Gas,2026-05-29,100.7,101.48,96.9,97.96,445648.0
Oil and Gas,2026-06-01,99.68,103.52,97.15,100.01,926871.0
Oil and Gas,2026-06-02,99.67,104.4,98.01,101.0,778780.0
Oil and Gas,2026-06-03,101.71,104.1,99.01,102.43,556902.0
Oil and Gas,2026-06-04,102.7,106.87,101.51,104.64,609157.0
Oil and Gas,2026-06-05,105.13,107.62,103.1,106.02,491175.0
Oil and Gas,2026-06-08,106.07,107.98,101.7,102.88,572645.0
Oil and Gas,2026-06-09,103.43,105.24,102.17,104.11,365097.0
Oil and Gas,2026-06-10,105.11,105.11,100.15,100.83,227956.0
Oil and Gas,2026-06-11,101.06,102.89,99.18,101.17,318971.0
Oil and Gas,2026-06-12,101.35,102.5,99.1,100.23,240972.0
Oil and Gas,2026-06-15,100.83,103.07,99.14,100.79,295250.0
Oil and Gas,2026-06-16,101.19,101.67,97.62,98.42,261564.0
Oil and Gas,2026-06-17,98.46,99.77,96.82,98.38,217150.0
Oil and Gas,2026-06-18,98.91,100.05,97.27,98.03,170561.0
Oil and Gas,2026-06-19,98.18,99.92,96.61,98.4,275053.0
Oil and Gas,2026-06-22,99.42,101.45,98.51,99.38,339051.0
Oil and Gas,2026-06-23,99.87,100.63,97.08,98.17,235175.0
Oil and Gas,2026-06-24,98.22,99.04,96.22,97.45,142289.0
Oil and Gas,2026-06-25,97.68,98.36,95.01,95.78,130070.0
Oil and Gas,2026-06-26,95.78,95.78,95.78,95.78,0.0
Oil and Gas,2026-06-29,96.2,96.67,93.68,94.39,103511.0
Oil and Gas,2026-06-30,94.79,95.14,92.68,93.14,117144.0
Oil and Gas,2026-07-01,93.0,94.49,92.29,92.98,100948.0
Oil and Gas,2026-07-02,92.95,93.88,91.86,92.86,133022.0
Oil and Gas,2026-07-03,93.08,94.28,91.38,92.54,174320.0
Oil and Gas,2026-07-06,92.44,93.0,90.68,91.14,125668.0
Oil and Gas,2026-07-07,91.49,91.91,88.81,90.16,156999.0
Oil and Gas,2026-07-08,90.63,97.21,89.51,93.8,6896607.0
Oil and Gas,2026-07-09,95.0,100.64,94.71,96.4,4689362.0
Oil and Gas,2026-07-10,97.59,98.46,94.93,96.17,448925.0
Oil and Gas,2026-07-13,97.59,100.04,96.0,97.96,660228.0
Oil and Gas,2026-07-14,99.53,101.5,97.44,99.14,417184.0
Oil and Gas,2026-07-15,99.59,100.55,96.37,98.13,238843.0
Oil and Gas,2026-07-16,98.56,101.15,96.95,98.45,390363.0
Oil and Gas,2026-07-17,98.14,99.34,95.71,97.5,193421.0
Oil and Gas,2026-07-20,98.24,101.07,97.22,98.3,202386.0
Oil and Gas,2026-07-21,98.83,99.01,96.49,97.05,79034.0
Oil and Gas,2026-07-22,97.72,98.4,95.13,96.73,183515.0
Oil and Gas,2026-07-23,98.19,99.88,95.85,97.53,250391.0
Oil and Gas,2026-07-24,98.28,100.63,95.77,98.8,244527.0
Oil and Gas,2026-07-27,99.19,104.19,97.91,102.52,1053182.0
Oil and Gas,2026-07-28,103.18,105.25,100.28,101.3,927585.0
Oil and Gas,2026-07-29,102.04,105.73,100.6,103.57,1109194.0
Oil and Gas,2026-07-30,103.91,109.13,102.96,105.74,923552.0
Oil and Gas,2026-07-31,106.26,111.63,104.8,110.55,1150217.0
Oil and Gas,2026-08-03,112.82,116.7,110.98,114.63,1573242.0
Oil and Gas,2026-08-04,114.72,116.53,112.9,115.64,569739.0
Oil and Gas,2026-08-05,115.76,116.62,112.54,114.27,347034.0
Oil and Gas,2026-08-06,113.91,114.99,110.67,112.12,329776.0
Oil and Gas,2026-08-07,112.79,118.0,111.96,115.48,544728.0
Oil and Gas,2026-08-10,115.78,116.92,111.4,113.33,263571.0
Oil and Gas,2026-08-11,113.27,115.78,111.81,114.15,397870.0
Oil and Gas,2026-08-12,115.01,117.42,112.47,116.44,364085.0
Oil and Gas,2026-08-13,116.86,118.18,113.31,114.71,282508.0
Oil and Gas,2026-08-14,114.28,115.39,110.63,111.88,433787.0
Oil and Gas,2026-08-17,112.19,117.24,110.83,116.07,727660.0
Oil and Gas,2026-08-18,116.44,127.49,115.57,125.67,7418235.0
Oil and Gas,2026-08-19,125.72,128.29,119.61,122.18,1668066.0
Oil and Gas,2026-08-20,121.79,124.09,117.85,121.55,631989.0
Oil and Gas,2026-08-21,121.35,126.58,119.39,123.54,608689.0
Oil and Gas,2026-08-24,124.05,124.87,121.07,121.82,202291.0
Oil and Gas,2026-08-25,121.63,122.22,117.08,117.77,210594.0
Oil and Gas,2026-08-26,118.25,123.0,116.3,121.8,409464.0
Oil and Gas,2026-08-27,122.23,125.59,120.51,122.82,421795.0
Others,2026-05-27,100.13,101.32,99.51,100.0,735007.0
Others,2026-05-28,100.0,100.0,100.0,100.0,0.0
Others,2026-05-29,99.99,100.88,97.74,98.71,253936.0
Others,2026-06-01,99.44,100.08,97.21,97.97,389716.0
Others,2026-06-02,97.57,98.94,97.39,98.13,197485.0
Others,2026-06-03,97.88,98.49,96.78,97.67,201992.0
Others,2026-06-04,97.61,98.82,96.44,97.24,379060.0
Others,2026-06-05,98.09,98.19,95.78,96.4,193186.0
Others,2026-06-08,95.77,96.58,94.77,95.13,1448820.0
Others,2026-06-09,96.16,96.82,95.23,95.87,367709.0
Others,2026-06-10,96.07,96.57,94.97,95.2,169006.0
Others,2026-06-11,95.29,96.56,93.54,94.15,1596980.0
Others,2026-06-12,95.28,95.86,94.27,95.24,325755.0
Others,2026-06-15,95.98,97.49,95.32,95.83,203384.0
Others,2026-06-16,95.96,98.87,95.12,97.79,2303472.0
Others,2026-06-17,97.77,100.63,97.29,99.97,2985277.0
Others,2026-06-18,99.89,101.32,99.02,100.74,1515144.0
Others,2026-06-19,100.68,101.4,99.32,100.49,779042.0
Others,2026-06-22,101.16,101.77,100.46,101.16,1673618.0
Others,2026-06-23,101.19,104.07,100.41,101.98,2682280.0
Others,2026-06-24,101.99,102.61,100.95,101.81,2497974.0
Others,2026-06-25,101.85,102.74,101.05,101.42,1622069.0
Others,2026-06-26,101.42,101.42,101.42,101.42,0.0
Others,2026-06-29,101.41,103.97,98.19,99.46,1205031.0
Others,2026-06-30,100.33,103.96,98.92,100.06,1972023.0
Others,2026-07-01,100.72,102.72,100.23,101.6,2254371.0
Others,2026-07-02,101.84,103.81,101.17,103.09,853340.0
Others,2026-07-03,103.56,107.11,102.5,106.51,523488.0
Others,2026-07-06,106.62,107.07,105.43,106.45,367650.0
Others,2026-07-07,106.44,107.46,105.57,106.58,272338.0
Others,2026-07-08,106.41,107.51,102.72,103.83,684666.0
Others,2026-07-09,104.0,107.42,103.89,105.33,456902.0
Others,2026-07-10,106.58,107.55,105.51,107.13,584026.0
Others,2026-07-13,106.87,110.52,106.17,109.86,376819.0
Others,2026-07-14,108.7,110.79,108.5,110.08,430706.0
Others,2026-07-15,110.51,111.28,107.99,108.51,299212.0
Others,2026-07-16,108.42,109.93,106.7,107.12,189020.0
Others,2026-07-17,105.64,106.64,104.86,105.44,251705.0
Others,2026-07-20,105.58,107.57,104.83,106.48,298498.0
Others,2026-07-21,106.5,107.38,105.31,106.26,259069.0
Others,2026-07-22,106.64,108.53,105.7,107.65,189944.0
Others,2026-07-23,107.31,108.64,105.86,106.31,141299.0
Others,2026-07-24,105.94,107.95,105.27,107.05,205554.0
Others,2026-07-27,107.91,108.2,106.05,106.36,253208.0
Others,2026-07-28,106.42,107.27,104.82,106.01,198739.0
Others,2026-07-29,107.04,108.14,105.85,106.91,533080.0
Others,2026-07-30,106.93,107.76,105.07,105.67,388460.0
Others,2026-07-31,105.94,108.44,104.28,104.8,309628.0
Others,2026-08-03,106.37,110.74,105.79,108.7,318058.0
Others,2026-08-04,109.16,109.31,107.73,108.08,312850.0
Others,2026-08-05,108.84,109.97,107.64,108.27,443385.0
Others,2026-08-06,108.33,110.65,107.86,108.83,222790.0
Others,2026-08-07,108.67,109.94,108.45,109.13,251424.0
Others,2026-08-10,109.85,110.21,107.99,108.71,193504.0
Others,2026-08-11,109.57,110.39,108.15,109.28,171362.0
Others,2026-08-12,122.87,123.22,120.91,121.55,235453.0
Others,2026-08-13,121.06,124.1,120.92,122.33,528437.0
Others,2026-08-14,143.28,146.08,137.32,138.74,3884361.0
Others,2026-08-17,138.54,138.74,136.43,137.2,603139.0
Others,2026-08-18,137.88,138.75,137.0,137.3,439555.0
Others,2026-08-19,137.93,138.18,131.45,132.19,786574.0
Others,2026-08-20,133.35,135.08,132.15,132.59,553543.0
Others,2026-08-21,132.59,134.04,131.57,132.97,327904.0
Others,2026-08-24,132.93,134.75,132.43,133.79,230418.0
Others,2026-08-25,133.45,134.22,131.28,132.66,919323.0
Others,2026-08-26,132.69,133.63,131.18,132.17,364210.0
Others,2026-08-27,132.1,135.9,131.87,134.59,356018.0
Packaging,2026-05-27,99.31,101.44,98.06,100.0,72195.0
Packaging,2026-05-28,100.0,100.0,100.0,100.0,0.0
Packaging,2026-05-29,99.92,102.18,96.96,98.41,165265.0
Packaging,2026-06-01,99.16,102.48,97.69,98.77,600132.0
Packaging,2026-06-02,97.72,101.5,96.76,100.04,184802.0
Packaging,2026-06-03,100.13,101.04,97.65,99.14,147349.0
Packaging,2026-06-04,99.28,102.32,98.38,100.17,122362.0
Packaging,2026-06-05,100.39,102.28,98.89,100.26,151970.0
Packaging,2026-06-08,99.68,101.34,97.77,98.88,71363.0
Packaging,2026-06-09,98.89,100.98,98.2,99.98,114789.0
Packaging,2026-06-10,100.23,101.47,96.86,97.65,101788.0
Packaging,2026-06-11,97.49,99.0,95.58,97.03,163381.0
Packaging,2026-06-12,97.86,100.01,97.11,99.35,153564.0
Packaging,2026-06-15,100.52,103.41,99.11,100.23,146291.0
Packaging,2026-06-16,100.51,109.25,99.98,106.26,314788.0
Packaging,2026-06-17,106.95,109.95,104.7,106.58,252625.0
Packaging,2026-06-18,106.64,109.86,104.59,107.69,175138.0
Packaging,2026-06-19,108.17,112.5,107.0,110.95,121536.0
Packaging,2026-06-22,111.36,113.01,109.77,110.47,163209.0
Packaging,2026-06-23,110.75,113.9,108.4,109.99,327612.0
Packaging,2026-06-24,110.19,112.73,108.41,111.01,154722.0
Packaging,2026-06-25,111.65,113.86,108.2,110.64,123924.0
Packaging,2026-06-26,110.64,110.64,110.64,110.64,0.0
Packaging,2026-06-29,110.82,114.69,108.81,110.49,108192.0
Packaging,2026-06-30,110.61,113.24,109.35,110.59,90415.0
Packaging,2026-07-01,110.59,113.38,109.63,111.59,150848.0
Packaging,2026-07-02,112.08,116.27,110.91,113.27,142251.0
Packaging,2026-07-03,113.6,116.93,111.98,114.13,282472.0
Packaging,2026-07-06,114.59,115.62,111.81,112.61,209425.0
Packaging,2026-07-07,112.83,114.82,110.29,112.24,152536.0
Packaging,2026-07-08,112.02,114.91,109.21,111.09,155627.0
Packaging,2026-07-09,111.63,114.25,110.68,112.7,94297.0
Packaging,2026-07-10,113.38,115.49,111.84,114.39,94320.0
Packaging,2026-07-13,113.36,117.34,112.55,114.23,103852.0
Packaging,2026-07-14,113.65,117.8,111.64,115.65,73608.0
Packaging,2026-07-15,116.52,119.67,115.25,117.03,82478.0
Packaging,2026-07-16,117.52,119.33,114.94,117.35,140943.0
Packaging,2026-07-17,117.02,118.6,115.0,116.69,110438.0
Packaging,2026-07-20,116.01,117.99,114.69,115.81,223746.0
Packaging,2026-07-21,115.58,121.12,113.83,119.38,505632.0
Packaging,2026-07-22,119.67,122.74,116.06,119.25,3774282.0
Packaging,2026-07-23,119.62,122.93,117.96,119.55,1772661.0
Packaging,2026-07-24,119.63,121.41,116.74,119.58,774986.0
Packaging,2026-07-27,120.85,123.43,118.21,120.62,1021111.0
Packaging,2026-07-28,120.75,122.33,117.13,119.21,929215.0
Packaging,2026-07-29,119.86,121.33,117.21,118.34,242464.0
Packaging,2026-07-30,117.87,120.54,116.53,118.1,119266.0
Packaging,2026-07-31,118.77,121.37,116.72,119.43,150021.0
Packaging,2026-08-03,118.46,120.97,116.45,118.47,154293.0
Packaging,2026-08-04,118.5,120.65,115.52,116.81,122558.0
Packaging,2026-08-05,117.36,118.44,114.44,115.3,114922.0
Packaging,2026-08-06,115.23,117.04,113.44,114.29,99282.0
Packaging,2026-08-07,114.35,116.58,112.87,114.36,201878.0
Packaging,2026-08-10,113.28,119.23,112.41,117.46,170792.0
Packaging,2026-08-11,118.39,129.05,116.3,123.96,231807.0
Packaging,2026-08-12,126.07,135.03,121.99,131.92,1732920.0
Packaging,2026-08-13,132.1,133.24,128.18,130.11,339856.0
Packaging,2026-08-14,128.57,130.03,124.73,126.56,289469.0
Packaging,2026-08-17,127.99,130.53,125.14,128.08,711009.0
Packaging,2026-08-18,128.57,132.58,126.84,130.69,811483.0
Packaging,2026-08-19,130.74,132.61,126.73,127.92,805745.0
Packaging,2026-08-20,128.46,131.47,126.6,128.63,795581.0
Packaging,2026-08-21,128.74,132.49,127.46,129.71,606867.0
Packaging,2026-08-24,130.39,131.64,126.01,127.25,367926.0
Packaging,2026-08-25,127.44,129.12,125.17,126.28,249487.0
Packaging,2026-08-26,126.8,129.48,124.94,126.42,289419.0
Packaging,2026-08-27,126.57,127.97,124.26,125.15,184452.0
Paper,2026-05-27,101.06,101.62,98.38,100.0,161102.0
Paper,2026-05-28,100.0,100.0,100.0,100.0,0.0
Paper,2026-05-29,99.96,102.97,98.15,99.33,190167.0
Paper,2026-06-01,101.02,103.79,99.31,102.21,218842.0
Paper,2026-06-02,101.83,103.49,100.24,101.99,114668.0
Paper,2026-06-03,102.69,103.79,100.26,102.96,131817.0
Paper,2026-06-04,102.87,106.32,101.83,103.63,130469.0
Paper,2026-06-05,103.49,105.69,103.14,103.81,90119.0
Paper,2026-06-08,103.6,108.29,102.53,103.8,133044.0
Paper,2026-06-09,103.57,106.26,103.34,104.22,63421.0
Paper,2026-06-10,104.75,106.26,103.05,103.65,81779.0
Paper,2026-06-11,103.39,104.53,100.43,101.84,90223.0
Paper,2026-06-12,102.79,105.94,102.38,105.0,115113.0
Paper,2026-06-15,106.21,109.04,105.58,107.76,185737.0
Paper,2026-06-16,108.14,111.22,107.33,109.26,209965.0
Paper,2026-06-17,109.25,110.82,108.23,109.81,114233.0
Paper,2026-06-18,110.54,111.84,109.69,110.66,86030.0
Paper,2026-06-19,111.08,111.52,108.29,109.87,162097.0
Paper,2026-06-22,109.9,111.33,106.18,107.35,144725.0
Paper,2026-06-23,107.72,110.12,105.49,106.17,193877.0
Paper,2026-06-24,106.22,109.72,105.65,108.89,90800.0
Paper,2026-06-25,109.22,111.72,108.34,110.71,124353.0
Paper,2026-06-26,110.71,110.71,110.71,110.71,0.0
Paper,2026-06-29,110.8,111.57,108.23,109.71,146818.0
Paper,2026-06-30,109.95,112.0,108.16,109.63,322430.0
Paper,2026-07-01,110.15,112.19,106.81,109.94,258169.0
Paper,2026-07-02,110.95,112.94,109.62,111.88,123236.0
Paper,2026-07-03,111.55,113.88,110.17,110.75,140877.0
Paper,2026-07-06,111.0,113.72,109.33,111.6,140962.0
Paper,2026-07-07,111.67,112.44,106.81,108.26,260656.0
Paper,2026-07-08,108.13,110.26,104.44,106.67,332262.0
Paper,2026-07-09,106.28,110.85,106.12,109.69,113902.0
Paper,2026-07-10,110.12,114.33,109.56,113.15,176213.0
Paper,2026-07-13,112.56,114.48,110.75,112.22,184611.0
Paper,2026-07-14,111.58,113.94,110.61,112.98,109411.0
Paper,2026-07-15,112.94,116.05,111.33,112.38,149980.0
Paper,2026-07-16,112.71,114.23,110.86,112.49,140868.0
Paper,2026-07-17,112.51,113.98,110.81,112.22,113439.0
Paper,2026-07-20,111.96,116.89,111.59,115.34,144743.0
Paper,2026-07-21,115.85,118.37,115.56,117.48,118318.0
Paper,2026-07-22,118.28,131.8,111.81,119.18,1987127.0
Paper,2026-07-23,120.72,124.72,114.3,115.45,1514194.0
Paper,2026-07-24,116.36,117.4,112.01,115.5,370181.0
Paper,2026-07-27,116.91,121.64,115.54,116.88,711426.0
Paper,2026-07-28,117.11,120.68,114.89,115.95,650459.0
Paper,2026-07-29,116.61,117.3,114.65,115.33,188771.0
Paper,2026-07-30,114.71,115.77,112.53,114.25,142543.0
Paper,2026-07-31,133.43,137.8,132.51,135.2,135013.0
Paper,2026-08-03,116.83,118.51,115.6,117.44,106371.0
Paper,2026-08-04,117.76,120.17,117.22,118.67,128183.0
Paper,2026-08-05,119.21,120.46,116.57,117.89,137137.0
Paper,2026-08-06,117.99,122.24,116.81,120.03,152688.0
Paper,2026-08-07,120.22,120.66,117.94,118.77,140721.0
Paper,2026-08-10,119.39,122.67,117.47,121.1,149063.0
Paper,2026-08-11,121.2,121.82,118.43,119.64,302397.0
Paper,2026-08-12,120.13,121.23,117.14,119.18,725759.0
Paper,2026-08-13,119.25,122.54,118.14,120.28,295932.0
Paper,2026-08-14,121.25,124.38,119.92,121.17,189989.0
Paper,2026-08-17,121.76,124.14,118.95,119.87,132881.0
Paper,2026-08-18,119.21,124.31,118.45,123.08,239208.0
Paper,2026-08-19,123.12,123.83,120.86,121.5,87547.0
Paper,2026-08-20,122.48,124.41,120.11,122.2,236282.0
Paper,2026-08-21,122.54,123.88,118.34,121.23,357301.0
Paper,2026-08-24,121.63,124.02,119.46,120.68,311785.0
Paper,2026-08-25,120.54,121.14,118.5,119.64,105115.0
Paper,2026-08-26,119.76,121.77,118.6,119.83,109535.0
Paper,2026-08-27,120.11,121.55,116.74,117.7,221515.0
Petro - Lubricants,2026-05-27,101.44,102.57,99.15,100.0,1224492.0
Petro - Lubricants,2026-05-28,100.0,100.0,100.0,100.0,0.0
Petro - Lubricants,2026-05-29,100.22,105.95,98.15,101.9,1064670.0
Petro - Lubricants,2026-06-01,102.66,103.4,96.54,97.66,392997.0
Petro - Lubricants,2026-06-02,97.66,99.85,95.91,98.98,238954.0
Petro - Lubricants,2026-06-03,99.52,104.98,98.07,103.99,1262584.0
Petro - Lubricants,2026-06-04,104.49,110.14,103.09,106.26,2795489.0
Petro - Lubricants,2026-06-05,107.22,108.6,104.17,105.74,666151.0
Petro - Lubricants,2026-06-08,104.88,106.43,103.09,103.94,323543.0
Petro - Lubricants,2026-06-09,104.98,109.32,104.51,106.75,448896.0
Petro - Lubricants,2026-06-10,107.0,111.37,104.44,107.38,2987643.0
Petro - Lubricants,2026-06-11,106.43,108.53,105.21,106.32,374789.0
Petro - Lubricants,2026-06-12,107.77,110.23,106.46,109.36,366295.0
Petro - Lubricants,2026-06-15,112.1,115.26,110.34,111.99,1234843.0
Petro - Lubricants,2026-06-16,112.69,115.98,111.58,114.14,488935.0
Petro - Lubricants,2026-06-17,114.34,117.26,113.34,115.75,394061.0
Petro - Lubricants,2026-06-18,115.94,120.58,113.79,117.14,2839316.0
Petro - Lubricants,2026-06-19,117.04,122.9,115.9,121.71,3074573.0
Petro - Lubricants,2026-06-22,122.77,124.45,119.74,121.74,1475170.0
Petro - Lubricants,2026-06-23,121.41,124.29,118.9,120.02,935756.0
Petro - Lubricants,2026-06-24,119.79,122.5,118.32,120.45,832492.0
Petro - Lubricants,2026-06-25,120.55,122.1,115.05,116.7,687685.0
Petro - Lubricants,2026-06-26,116.7,116.7,116.7,116.7,0.0
Petro - Lubricants,2026-06-29,116.58,119.05,114.4,115.88,948376.0
Petro - Lubricants,2026-06-30,115.78,118.98,113.9,115.96,455574.0
Petro - Lubricants,2026-07-01,116.66,117.98,113.5,114.72,340269.0
Petro - Lubricants,2026-07-02,115.35,117.49,113.12,115.78,536580.0
Petro - Lubricants,2026-07-03,116.48,118.35,114.66,117.0,283990.0
Petro - Lubricants,2026-07-06,116.91,124.87,116.56,121.26,823471.0
Petro - Lubricants,2026-07-07,121.77,122.63,118.11,119.81,562855.0
Petro - Lubricants,2026-07-08,119.36,120.27,115.0,116.55,601641.0
Petro - Lubricants,2026-07-09,117.08,120.93,116.24,119.21,442266.0
Petro - Lubricants,2026-07-10,120.03,122.84,118.98,121.15,1058394.0
Petro - Lubricants,2026-07-13,120.69,122.05,118.71,120.24,402246.0
Petro - Lubricants,2026-07-14,119.98,120.76,117.7,118.58,302454.0
Petro - Lubricants,2026-07-15,120.05,121.73,118.19,119.62,385057.0
Petro - Lubricants,2026-07-16,119.83,121.72,117.08,119.28,603299.0
Petro - Lubricants,2026-07-17,119.14,119.44,116.43,117.91,426015.0
Petro - Lubricants,2026-07-20,117.64,122.4,116.2,120.46,1004221.0
Petro - Lubricants,2026-07-21,120.82,123.92,118.8,120.81,917332.0
Petro - Lubricants,2026-07-22,120.97,122.53,118.75,120.57,1759389.0
Petro - Lubricants,2026-07-23,124.29,131.56,123.6,129.95,7130770.0
Petro - Lubricants,2026-07-24,130.77,132.66,126.46,128.88,7813930.0
Petro - Lubricants,2026-07-27,129.98,132.08,125.2,128.26,4521889.0
Petro - Lubricants,2026-07-28,129.21,130.09,123.15,124.05,2276786.0
Petro - Lubricants,2026-07-29,125.24,127.08,122.18,124.36,969469.0
Petro - Lubricants,2026-07-30,123.95,124.7,120.85,121.65,1120380.0
Petro - Lubricants,2026-07-31,122.31,126.15,121.1,124.27,1575684.0
Petro - Lubricants,2026-08-03,125.05,130.18,124.65,128.7,1152930.0
Petro - Lubricants,2026-08-04,130.4,135.19,128.9,131.72,1445103.0
Petro - Lubricants,2026-08-05,132.96,136.79,131.01,134.26,3426571.0
Petro - Lubricants,2026-08-06,140.67,146.73,139.28,143.18,4767126.0
Petro - Lubricants,2026-08-07,143.28,145.96,139.38,141.56,1307247.0
Petro - Lubricants,2026-08-10,141.97,143.29,136.93,138.72,1865069.0
Petro - Lubricants,2026-08-11,139.14,142.65,137.78,140.58,1234227.0
Petro - Lubricants,2026-08-12,141.63,144.58,134.06,136.5,3521369.0
Petro - Lubricants,2026-08-13,136.93,139.6,135.18,136.34,1755556.0
Petro - Lubricants,2026-08-14,136.78,138.63,134.09,136.06,671428.0
Petro - Lubricants,2026-08-17,136.56,139.52,135.15,136.81,726613.0
Petro - Lubricants,2026-08-18,136.94,140.62,136.3,139.14,915486.0
Petro - Lubricants,2026-08-19,139.53,139.84,135.69,136.47,1403108.0
Petro - Lubricants,2026-08-20,137.22,137.75,134.36,135.83,526117.0
Petro - Lubricants,2026-08-21,135.99,136.57,133.23,134.45,417279.0
Petro - Lubricants,2026-08-24,135.14,138.3,133.99,136.03,651942.0
Petro - Lubricants,2026-08-25,136.24,137.05,133.48,134.78,443250.0
Petro - Lubricants,2026-08-26,135.26,137.74,134.16,136.4,473735.0
Petro - Lubricants,2026-08-27,137.33,137.74,133.92,134.65,669669.0
Petro - Refineries,2026-05-27,98.23,100.84,97.09,100.0,4799795.0
Petro - Refineries,2026-05-28,100.0,100.0,100.0,100.0,0.0
Petro - Refineries,2026-05-29,101.03,101.51,97.65,99.04,10657504.0
Petro - Refineries,2026-06-01,99.5,102.41,98.52,100.83,4786977.0
Petro - Refineries,2026-06-02,100.22,103.59,98.88,102.78,4484819.0
Petro - Refineries,2026-06-03,102.94,107.82,102.32,105.57,10214842.0
Petro - Refineries,2026-06-04,105.09,107.54,104.66,106.05,5667064.0
Petro - Refineries,2026-06-05,106.15,106.99,102.49,105.37,3428594.0
Petro - Refineries,2026-06-08,104.24,107.36,102.8,104.56,3847855.0
Petro - Refineries,2026-06-09,104.95,108.32,104.17,107.54,5944177.0
Petro - Refineries,2026-06-10,107.79,109.43,104.3,105.06,10349823.0
Petro - Refineries,2026-06-11,104.62,105.37,100.99,101.79,7820108.0
Petro - Refineries,2026-06-12,102.99,105.37,101.14,103.99,8552244.0
Petro - Refineries,2026-06-15,106.84,110.98,105.98,109.31,10386724.0
Petro - Refineries,2026-06-16,109.81,110.07,107.17,107.8,5293346.0
Petro - Refineries,2026-06-17,108.85,110.03,106.43,106.96,6992934.0
Petro - Refineries,2026-06-18,106.58,107.34,103.79,104.33,4631654.0
Petro - Refineries,2026-06-19,104.21,105.37,101.42,101.94,5946939.0
Petro - Refineries,2026-06-22,102.78,104.3,102.09,103.09,3310590.0
Petro - Refineries,2026-06-23,103.3,105.41,102.49,103.1,4306795.0
Petro - Refineries,2026-06-24,103.39,105.92,103.02,105.19,4844965.0
Petro - Refineries,2026-06-25,105.74,106.47,102.98,103.22,4503292.0
Petro - Refineries,2026-06-26,103.22,103.22,103.22,103.22,0.0
Petro - Refineries,2026-06-29,103.07,106.17,101.33,104.17,6937538.0
Petro - Refineries,2026-06-30,104.69,105.77,103.39,104.69,3208000.0
Petro - Refineries,2026-07-01,105.21,105.89,102.98,103.39,2762679.0
Petro - Refineries,2026-07-02,103.52,106.02,103.34,104.21,4011894.0
Petro - Refineries,2026-07-03,104.63,104.94,102.94,103.65,2006514.0
Petro - Refineries,2026-07-06,103.57,104.87,102.96,103.45,2107191.0
Petro - Refineries,2026-07-07,103.98,104.98,101.12,102.03,4056494.0
Petro - Refineries,2026-07-08,101.09,104.17,99.97,101.81,11178399.0
Petro - Refineries,2026-07-09,102.57,104.23,101.27,103.04,3620865.0
Petro - Refineries,2026-07-10,103.89,107.79,103.7,107.04,11539716.0
Petro - Refineries,2026-07-13,106.48,110.09,103.22,105.66,9399743.0
Petro - Refineries,2026-07-14,105.41,105.8,101.55,102.39,7314352.0
Petro - Refineries,2026-07-15,102.78,106.98,101.8,105.49,5288849.0
Petro - Refineries,2026-07-16,106.75,114.04,106.29,111.08,56232960.0
Petro - Refineries,2026-07-17,111.79,112.63,107.78,109.27,15730780.0
Petro - Refineries,2026-07-20,109.16,111.35,108.02,110.16,9116442.0
Petro - Refineries,2026-07-21,110.43,113.88,110.3,112.92,7113019.0
Petro - Refineries,2026-07-22,113.22,116.02,112.06,114.53,8388646.0
Petro - Refineries,2026-07-23,113.74,117.14,106.37,111.86,17104672.0
Petro - Refineries,2026-07-24,111.25,112.59,107.4,108.48,6272711.0
Petro - Refineries,2026-07-27,110.21,110.84,105.79,106.67,6437676.0
Petro - Refineries,2026-07-28,106.91,109.35,105.35,107.69,4460058.0
Petro - Refineries,2026-07-29,108.78,109.98,106.77,109.0,4298025.0
Petro - Refineries,2026-07-30,109.03,113.64,108.33,110.23,10758782.0
Petro - Refineries,2026-07-31,110.91,112.75,109.1,111.84,5500755.0
Petro - Refineries,2026-08-03,112.81,117.48,112.38,116.25,5637020.0
Petro - Refineries,2026-08-04,117.02,117.5,113.96,115.54,4211157.0
Petro - Refineries,2026-08-05,117.25,117.8,114.05,114.76,3602298.0
Petro - Refineries,2026-08-06,115.62,115.76,112.88,113.86,3171651.0
Petro - Refineries,2026-08-07,110.67,113.59,109.47,112.69,3545007.0
Petro - Refineries,2026-08-10,112.48,112.6,109.99,110.51,3193811.0
Petro - Refineries,2026-08-11,110.83,122.56,109.68,121.03,21970430.0
Petro - Refineries,2026-08-12,120.57,122.09,117.09,118.2,7537541.0
Petro - Refineries,2026-08-13,118.17,118.28,113.97,116.15,2854421.0
Petro - Refineries,2026-08-14,127.54,129.95,125.08,126.25,4067148.0
Petro - Refineries,2026-08-17,126.96,132.03,124.97,130.73,5745671.0
Petro - Refineries,2026-08-18,131.85,136.61,130.4,131.81,19048319.0
Petro - Refineries,2026-08-19,133.7,138.34,132.45,134.05,12056223.0
Petro - Refineries,2026-08-20,135.21,136.17,129.17,130.52,8164616.0
Petro - Refineries,2026-08-21,130.81,132.35,129.67,131.09,4140424.0
Petro - Refineries,2026-08-24,131.9,135.62,130.38,132.24,3707337.0
Petro - Refineries,2026-08-25,132.81,133.37,130.43,131.77,3321586.0
Petro - Refineries,2026-08-26,132.0,134.15,129.35,130.06,2495882.0
Petro - Refineries,2026-08-27,130.11,131.37,127.81,128.29,2779894.0
Power - Equipment,2026-05-27,96.22,100.87,95.52,100.0,2205189.0
Power - Equipment,2026-05-28,100.0,100.0,100.0,100.0,0.0
Power - Equipment,2026-05-29,100.45,102.76,97.64,101.3,3294251.0
Power - Equipment,2026-06-01,101.55,102.14,96.17,97.25,1645127.0
Power - Equipment,2026-06-02,96.89,98.33,94.26,96.62,1610736.0
Power - Equipment,2026-06-03,97.0,99.59,95.83,97.37,1462911.0
Power - Equipment,2026-06-04,98.11,101.32,97.26,99.4,2805824.0
Power - Equipment,2026-06-05,100.2,102.03,98.8,100.27,1966055.0
Power - Equipment,2026-06-08,98.16,99.51,95.06,96.09,1366420.0
Power - Equipment,2026-06-09,96.71,98.21,94.79,96.74,1277091.0
Power - Equipment,2026-06-10,97.16,98.28,93.94,95.03,1475188.0
Power - Equipment,2026-06-11,94.88,97.19,93.55,94.69,1405062.0
Power - Equipment,2026-06-12,96.28,98.25,95.65,97.67,1208870.0
Power - Equipment,2026-06-15,99.62,100.71,97.53,99.49,1219833.0
Power - Equipment,2026-06-16,100.03,101.27,98.91,99.97,1060417.0
Power - Equipment,2026-06-17,100.14,103.01,99.35,102.17,1424807.0
Power - Equipment,2026-06-18,102.3,104.0,100.07,102.28,1661722.0
Power - Equipment,2026-06-19,102.19,105.26,101.51,104.33,4571927.0
Power - Equipment,2026-06-22,104.91,105.83,103.22,104.82,1805112.0
Power - Equipment,2026-06-23,105.23,107.32,103.35,104.28,1505178.0
Power - Equipment,2026-06-24,104.09,105.19,99.92,100.87,1641938.0
Power - Equipment,2026-06-25,101.67,102.92,99.39,100.15,1288407.0
Power - Equipment,2026-06-26,100.15,100.15,100.15,100.15,0.0
Power - Equipment,2026-06-29,100.43,103.57,97.56,101.58,4540418.0
Power - Equipment,2026-06-30,101.68,102.97,100.07,101.54,2596674.0
Power - Equipment,2026-07-01,101.95,103.15,97.2,98.88,2164182.0
Power - Equipment,2026-07-02,98.84,100.02,95.65,98.46,1741010.0
Power - Equipment,2026-07-03,96.4,96.71,91.53,93.15,4614197.0
Power - Equipment,2026-07-06,93.18,96.41,92.59,95.57,2163256.0
Power - Equipment,2026-07-07,96.22,96.91,93.32,94.15,1852333.0
Power - Equipment,2026-07-08,93.73,95.15,91.44,92.38,1792323.0
Power - Equipment,2026-07-09,92.97,95.36,92.72,94.83,1286093.0
Power - Equipment,2026-07-10,95.45,96.14,94.1,95.02,1401291.0
Power - Equipment,2026-07-13,94.33,95.11,92.77,93.6,1541860.0
Power - Equipment,2026-07-14,92.89,94.73,91.36,93.54,1368262.0
Power - Equipment,2026-07-15,94.14,97.51,93.76,96.79,2042339.0
Power - Equipment,2026-07-16,97.31,98.85,94.51,96.91,4402305.0
Power - Equipment,2026-07-17,96.99,97.39,93.54,94.49,3534526.0
Power - Equipment,2026-07-20,94.26,96.15,93.32,95.26,1219783.0
Power - Equipment,2026-07-21,95.35,96.25,94.2,95.08,1214975.0
Power - Equipment,2026-07-22,95.59,96.67,93.84,94.34,1277848.0
Power - Equipment,2026-07-23,94.3,96.0,92.83,93.52,1117948.0
Power - Equipment,2026-07-24,93.29,95.65,91.0,92.51,1584835.0
Power - Equipment,2026-07-27,93.42,94.31,91.04,93.3,1322219.0
Power - Equipment,2026-07-28,93.22,93.76,90.39,91.85,1299219.0
Power - Equipment,2026-07-29,92.23,93.88,90.27,92.78,1595595.0
Power - Equipment,2026-07-30,92.54,93.25,90.76,92.06,1497206.0
Power - Equipment,2026-07-31,92.94,97.27,92.11,94.96,1858610.0
Power - Equipment,2026-08-03,95.36,97.35,93.89,95.71,1066073.0
Power - Equipment,2026-08-04,95.82,98.37,95.26,96.55,1341958.0
Power - Equipment,2026-08-05,97.56,98.62,96.57,97.67,958955.0
Power - Equipment,2026-08-06,97.08,98.69,95.19,97.55,974558.0
Power - Equipment,2026-08-07,97.74,99.68,97.05,98.83,1102070.0
Power - Equipment,2026-08-10,101.78,104.45,99.83,102.97,873688.0
Power - Equipment,2026-08-11,103.08,104.73,100.53,101.84,1101328.0
Power - Equipment,2026-08-12,102.09,105.65,101.24,104.29,2794778.0
Power - Equipment,2026-08-13,104.69,105.15,101.72,102.59,1529153.0
Power - Equipment,2026-08-14,102.32,104.29,101.38,102.53,1317934.0
Power - Equipment,2026-08-17,102.48,103.49,101.09,101.87,1735647.0
Power - Equipment,2026-08-18,102.19,103.56,100.74,102.5,1116211.0
Power - Equipment,2026-08-19,102.5,102.83,98.49,99.51,1160033.0
Power - Equipment,2026-08-20,100.33,101.12,98.68,99.7,887998.0
Power - Equipment,2026-08-21,99.76,102.84,99.04,101.34,937802.0
Power - Equipment,2026-08-24,101.93,104.25,100.29,101.54,1126931.0
Power - Equipment,2026-08-25,101.51,102.36,99.28,100.83,884282.0
Power - Equipment,2026-08-26,101.33,102.36,100.16,100.79,621763.0
Power - Equipment,2026-08-27,101.0,104.47,100.61,102.96,2289002.0
Power - Equipment,2026-08-28,117.2,117.78,115.26,116.48,1049215.0
Power - Green,2026-05-27,98.89,101.8,97.98,100.0,2091380.0
Power - Green,2026-05-28,100.0,100.0,100.0,100.0,0.0
Power - Green,2026-05-29,100.49,101.43,97.85,98.63,2476180.0
Power - Green,2026-06-01,99.13,100.24,96.07,97.02,2184907.0
Power - Green,2026-06-02,96.98,99.91,94.78,98.57,3684150.0
Power - Green,2026-06-03,98.61,100.13,96.66,98.84,3425216.0
Power - Green,2026-06-04,98.12,101.51,97.39,98.7,3123997.0
Power - Green,2026-06-05,100.11,102.97,98.27,102.15,3701391.0
Power - Green,2026-06-08,101.39,102.48,98.72,99.54,2250063.0
Power - Green,2026-06-09,100.01,101.88,98.87,101.04,1692868.0
Power - Green,2026-06-10,101.3,102.18,98.49,99.38,1764300.0
Power - Green,2026-06-11,98.84,99.59,96.83,97.61,1437302.0
Power - Green,2026-06-12,98.74,101.15,98.23,100.32,2093551.0
Power - Green,2026-06-15,102.59,103.79,100.81,101.83,1704905.0
Power - Green,2026-06-16,101.98,103.67,100.58,102.87,1167055.0
Power - Green,2026-06-17,103.34,111.82,101.79,109.46,1598652.0
Power - Green,2026-06-18,110.54,114.72,109.97,113.15,1303512.0
Power - Green,2026-06-19,113.65,116.85,110.98,112.55,2881599.0
Power - Green,2026-06-22,113.14,126.82,112.68,123.32,2504203.0
Power - Green,2026-06-23,124.55,128.53,117.6,119.63,3011949.0
Power - Green,2026-06-24,119.37,121.13,116.96,119.21,1625587.0
Power - Green,2026-06-25,120.29,121.43,115.43,116.76,1628933.0
Power - Green,2026-06-26,116.76,116.76,116.76,116.76,0.0
Power - Green,2026-06-29,115.89,119.77,113.78,117.75,2121114.0
Power - Green,2026-06-30,117.85,118.54,114.68,116.0,2479577.0
Power - Green,2026-07-01,116.67,120.13,115.75,117.59,1395439.0
Power - Green,2026-07-02,117.96,121.63,117.06,120.8,1314758.0
Power - Green,2026-07-03,121.03,122.25,117.27,120.69,1560127.0
Power - Green,2026-07-06,120.88,123.44,118.85,119.91,1416869.0
Power - Green,2026-07-07,120.03,120.66,117.04,118.17,941254.0
Power - Green,2026-07-08,117.98,119.47,115.57,117.04,1474137.0
Power - Green,2026-07-09,117.84,122.86,117.05,120.12,1980613.0
Power - Green,2026-07-10,121.16,123.17,119.53,120.72,1161603.0
Power - Green,2026-07-13,120.21,122.7,118.41,120.63,1190933.0
Power - Green,2026-07-14,120.43,122.5,116.31,118.6,2249945.0
Power - Green,2026-07-15,119.33,121.0,116.84,117.99,1350883.0
Power - Green,2026-07-16,117.77,119.28,116.14,117.05,2409801.0
Power - Green,2026-07-17,117.41,118.17,113.23,114.44,2809003.0
Power - Green,2026-07-20,114.55,116.34,112.9,115.13,1507440.0
Power - Green,2026-07-21,115.49,116.5,113.87,114.88,1234731.0
Power - Green,2026-07-22,114.83,115.23,111.73,112.38,1100148.0
Power - Green,2026-07-23,112.25,112.85,108.98,109.6,2011832.0
Power - Green,2026-07-24,108.46,111.59,108.16,110.89,1565949.0
Power - Green,2026-07-27,112.38,112.96,110.54,111.43,1795272.0
Power - Green,2026-07-28,111.44,111.92,108.6,109.87,1090106.0
Power - Green,2026-07-29,110.32,111.42,109.0,109.81,1282090.0
Power - Green,2026-07-30,110.19,110.42,108.15,108.98,1719362.0
Power - Green,2026-07-31,109.8,113.95,108.5,112.29,939179.0
Power - Green,2026-08-03,113.12,115.82,111.96,112.97,1397573.0
Power - Green,2026-08-04,113.48,114.74,111.86,112.93,1076775.0
Power - Green,2026-08-05,114.0,115.22,109.83,110.55,894442.0
Power - Green,2026-08-06,110.66,111.48,109.03,109.53,872612.0
Power - Green,2026-08-07,109.08,111.43,108.39,109.24,791884.0
Power - Green,2026-08-10,109.68,110.37,108.22,109.29,750114.0
Power - Green,2026-08-11,109.96,110.59,107.69,108.68,1175336.0
Power - Green,2026-08-12,109.96,111.68,104.72,109.11,812460.0
Power - Green,2026-08-13,109.8,111.0,108.48,109.64,446559.0
Power - Green,2026-08-14,214.68,216.77,211.38,213.77,512006.0
Power - Green,2026-08-17,212.45,217.44,211.12,216.07,590056.0
Power - Green,2026-08-18,216.02,216.8,211.16,212.07,513065.0
Power - Green,2026-08-19,212.24,213.56,209.21,210.9,1152620.0
Power - Green,2026-08-20,211.84,214.1,209.84,211.3,3514585.0
Power - Green,2026-08-21,212.74,213.76,209.92,211.04,1898112.0
Power - Green,2026-08-24,211.25,213.13,208.55,210.04,986686.0
Power - Green,2026-08-25,208.16,212.75,207.6,211.97,1439687.0
Power - Green,2026-08-26,212.54,216.73,211.06,213.64,1165021.0
Power - Green,2026-08-27,213.82,214.75,209.59,211.52,795358.0
Power - Misc,2026-05-27,97.21,101.11,96.72,100.0,20124846.0
Power - Misc,2026-05-28,100.0,100.0,100.0,100.0,0.0
Power - Misc,2026-05-29,100.95,102.42,97.77,98.56,33413869.0
Power - Misc,2026-06-01,99.17,99.64,96.53,97.09,12914010.0
Power - Misc,2026-06-02,96.55,98.9,95.15,98.3,40388403.0
Power - Misc,2026-06-03,98.38,98.64,94.65,96.86,31037151.0
Power - Misc,2026-06-04,96.48,98.62,95.9,97.84,21677720.0
Power - Misc,2026-06-05,98.2,100.48,97.28,99.41,14582180.0
Power - Misc,2026-06-08,98.2,100.79,96.68,98.31,10484613.0
Power - Misc,2026-06-09,99.67,99.94,97.4,98.36,9541118.0
Power - Misc,2026-06-10,98.43,98.93,95.6,96.32,9464988.0
Power - Misc,2026-06-11,96.2,96.99,93.09,93.56,9721946.0
Power - Misc,2026-06-12,95.19,95.95,93.66,94.92,8407151.0
Power - Misc,2026-06-15,96.26,97.46,94.89,95.54,14646060.0
Power - Misc,2026-06-16,95.9,96.67,94.53,95.42,10450600.0
Power - Misc,2026-06-17,95.63,96.04,94.33,95.66,7029428.0
Power - Misc,2026-06-18,95.89,98.04,95.13,97.12,16921033.0
Power - Misc,2026-06-19,97.3,98.09,95.71,96.6,11386854.0
Power - Misc,2026-06-22,96.78,98.71,95.98,98.15,13647896.0
Power - Misc,2026-06-23,98.52,98.87,95.25,96.04,9576265.0
Power - Misc,2026-06-24,96.26,97.53,95.19,96.1,10218316.0
Power - Misc,2026-06-25,96.62,97.68,95.67,96.04,8533482.0
Power - Misc,2026-06-26,96.04,96.04,96.04,96.04,0.0
Power - Misc,2026-06-29,95.97,96.91,94.3,95.87,27442246.0
Power - Misc,2026-06-30,96.22,96.55,94.63,95.73,9408894.0
Power - Misc,2026-07-01,95.83,97.47,94.15,95.95,9811630.0
Power - Misc,2026-07-02,96.19,97.77,94.69,96.85,8182228.0
Power - Misc,2026-07-03,97.21,98.21,94.84,96.76,8271335.0
Power - Misc,2026-07-06,97.11,99.8,96.27,98.12,12020466.0
Power - Misc,2026-07-07,98.62,99.73,97.34,98.72,8500214.0
Power - Misc,2026-07-08,98.24,101.0,97.21,98.26,9433228.0
Power - Misc,2026-07-09,98.74,100.34,96.7,97.36,6285225.0
Power - Misc,2026-07-10,98.12,100.5,97.56,99.37,6720192.0
Power - Misc,2026-07-13,99.17,100.18,98.19,99.06,8325216.0
Power - Misc,2026-07-14,99.02,101.92,98.43,100.82,11263841.0
Power - Misc,2026-07-15,101.09,101.63,99.28,99.91,8936676.0
Power - Misc,2026-07-16,100.4,102.45,99.6,99.84,9353171.0
Power - Misc,2026-07-17,100.22,102.19,99.46,100.75,7487455.0
Power - Misc,2026-07-20,98.87,100.14,97.95,99.68,9268055.0
Power - Misc,2026-07-21,102.68,104.57,101.46,102.49,13323889.0
Power - Misc,2026-07-22,102.76,103.33,100.68,101.64,9794981.0
Power - Misc,2026-07-23,101.51,102.16,99.0,100.03,13115414.0
Power - Misc,2026-07-24,99.4,100.95,98.82,100.34,7481731.0
Power - Misc,2026-07-27,101.11,101.5,99.51,100.6,5725665.0
Power - Misc,2026-07-28,100.59,100.7,97.23,98.31,6672794.0
Power - Misc,2026-07-29,98.53,99.88,97.87,99.06,6325989.0
Power - Misc,2026-07-30,98.98,99.52,97.65,98.75,5309438.0
Power - Misc,2026-07-31,96.72,97.55,95.16,96.02,5617932.0
Power - Misc,2026-08-03,99.35,100.58,98.53,99.53,7135411.0
Power - Misc,2026-08-04,99.84,100.5,98.78,99.25,5385867.0
Power - Misc,2026-08-05,99.99,100.21,98.19,98.98,7629215.0
Power - Misc,2026-08-06,98.84,99.1,97.01,97.63,7146823.0
Power - Misc,2026-08-07,97.54,98.94,96.99,98.07,5003618.0
Power - Misc,2026-08-10,98.09,99.05,97.27,98.79,5185564.0
Power - Misc,2026-08-11,99.83,100.33,97.46,97.86,5582369.0
Power - Misc,2026-08-12,98.18,98.67,95.81,97.3,6209484.0
Power - Misc,2026-08-13,97.56,98.84,95.85,96.85,4760192.0
Power - Misc,2026-08-14,110.45,112.29,109.66,111.45,6255404.0
Power - Misc,2026-08-17,111.57,112.01,109.63,110.23,5004984.0
Power - Misc,2026-08-18,110.08,112.06,109.53,110.48,5455050.0
Power - Misc,2026-08-19,110.5,110.58,107.37,107.9,4817462.0
Power - Misc,2026-08-20,108.34,109.06,107.32,107.96,4399674.0
Power - Misc,2026-08-21,108.37,109.36,106.99,108.2,6068025.0
Power - Misc,2026-08-24,108.43,109.71,107.31,108.72,4175537.0
Power - Misc,2026-08-25,108.64,110.81,107.33,110.63,5946488.0
Power - Misc,2026-08-26,111.53,113.19,109.19,109.59,7311462.0
Power - Misc,2026-08-27,110.13,111.65,108.62,110.97,17105605.0
Power - Wiring,2026-05-27,99.09,101.23,98.12,100.0,3901633.0
Power - Wiring,2026-05-28,100.0,100.0,100.0,100.0,0.0
Power - Wiring,2026-05-29,100.37,101.59,97.02,98.13,1512730.0
Power - Wiring,2026-06-01,98.71,99.97,95.68,96.4,1748555.0
Power - Wiring,2026-06-02,95.79,98.46,94.53,97.85,1477013.0
Power - Wiring,2026-06-03,98.32,100.03,96.62,98.29,978873.0
Power - Wiring,2026-06-04,98.28,101.3,97.59,100.14,1830849.0
Power - Wiring,2026-06-05,100.64,101.74,99.18,100.32,1848832.0
Power - Wiring,2026-06-08,99.03,100.21,96.53,97.34,1322425.0
Power - Wiring,2026-06-09,97.81,100.04,96.81,99.07,841880.0
Power - Wiring,2026-06-10,99.18,100.08,96.9,97.5,828867.0
Power - Wiring,2026-06-11,97.2,98.33,95.4,96.46,771899.0
Power - Wiring,2026-06-12,97.62,99.54,96.9,98.94,849031.0
Power - Wiring,2026-06-15,100.75,101.35,99.05,99.77,1617295.0
Power - Wiring,2026-06-16,100.24,101.58,98.55,99.74,1751270.0
Power - Wiring,2026-06-17,100.07,104.17,99.77,103.13,947518.0
Power - Wiring,2026-06-18,103.37,105.25,102.64,103.99,2394540.0
Power - Wiring,2026-06-19,103.7,105.68,102.16,104.91,2010381.0
Power - Wiring,2026-06-22,105.18,106.57,104.31,105.48,1052411.0
Power - Wiring,2026-06-23,105.78,106.59,103.4,103.97,1012423.0
Power - Wiring,2026-06-24,103.9,104.93,101.39,102.46,833277.0
Power - Wiring,2026-06-25,102.66,103.76,99.87,100.84,1553731.0
Power - Wiring,2026-06-26,100.84,100.84,100.84,100.84,0.0
Power - Wiring,2026-06-29,101.75,105.37,99.14,103.32,1067845.0
Power - Wiring,2026-06-30,102.81,105.0,100.33,103.73,1248405.0
Power - Wiring,2026-07-01,104.13,104.6,100.62,101.41,1054013.0
Power - Wiring,2026-07-02,101.84,102.33,99.7,101.14,717490.0
Power - Wiring,2026-07-03,101.57,102.09,99.33,100.0,1003975.0
Power - Wiring,2026-07-06,100.46,100.87,98.78,99.81,1811020.0
Power - Wiring,2026-07-07,99.87,100.22,96.7,97.33,2406922.0
Power - Wiring,2026-07-08,96.88,98.17,94.91,95.89,1924757.0
Power - Wiring,2026-07-09,96.15,97.55,94.27,95.45,1620576.0
Power - Wiring,2026-07-10,96.23,97.56,95.56,97.06,1353661.0
Power - Wiring,2026-07-13,96.67,99.79,95.98,98.27,701996.0
Power - Wiring,2026-07-14,98.03,100.21,96.55,99.36,1602981.0
Power - Wiring,2026-07-15,99.46,100.73,97.26,97.94,584336.0
Power - Wiring,2026-07-16,98.07,99.55,96.25,97.96,643136.0
Power - Wiring,2026-07-17,97.91,98.02,93.93,94.51,966888.0
Power - Wiring,2026-07-20,94.3,96.15,93.44,95.6,3248408.0
Power - Wiring,2026-07-21,95.76,96.65,94.74,95.92,3280517.0
Power - Wiring,2026-07-22,96.16,98.69,95.43,97.09,1534543.0
Power - Wiring,2026-07-23,97.06,98.1,95.02,95.54,2101607.0
Power - Wiring,2026-07-24,95.23,96.92,93.93,96.17,2015307.0
Power - Wiring,2026-07-27,96.84,98.17,95.98,97.14,1239327.0
Power - Wiring,2026-07-28,98.44,99.7,96.32,98.01,2050229.0
Power - Wiring,2026-07-29,98.33,99.33,96.84,97.99,1330398.0
Power - Wiring,2026-07-30,97.89,98.45,95.96,96.78,1706374.0
Power - Wiring,2026-07-31,97.18,100.43,96.73,99.08,972543.0
Power - Wiring,2026-08-03,99.47,100.46,98.3,99.38,759498.0
Power - Wiring,2026-08-04,100.56,103.03,99.91,102.27,990036.0
Power - Wiring,2026-08-05,102.42,104.71,101.9,103.74,736278.0
Power - Wiring,2026-08-06,103.49,105.01,102.55,104.54,557957.0
Power - Wiring,2026-08-07,104.48,105.13,102.54,104.05,691627.0
Power - Wiring,2026-08-10,105.23,106.83,103.97,106.17,1052658.0
Power - Wiring,2026-08-11,106.34,108.29,104.06,106.27,1392171.0
Power - Wiring,2026-08-12,106.67,109.17,105.71,108.17,2728211.0
Power - Wiring,2026-08-13,108.21,109.54,107.44,108.38,764875.0
Power - Wiring,2026-08-14,108.29,109.1,106.54,107.1,1005056.0
Power - Wiring,2026-08-17,107.27,109.77,106.4,109.14,814226.0
Power - Wiring,2026-08-18,109.08,110.22,106.44,107.96,602695.0
Power - Wiring,2026-08-19,107.85,108.83,105.47,107.51,489931.0
Power - Wiring,2026-08-20,107.95,108.66,106.26,107.18,387126.0
Power - Wiring,2026-08-21,107.46,108.2,104.65,105.37,369409.0
Power - Wiring,2026-08-24,105.94,107.21,104.53,105.68,468129.0
Power - Wiring,2026-08-25,105.57,106.63,104.11,105.57,475896.0
Power - Wiring,2026-08-26,106.04,106.91,104.27,105.61,512592.0
Power - Wiring,2026-08-27,106.23,107.64,104.03,106.07,937989.0
Power - Wiring,2026-08-28,252.89,253.97,250.84,253.57,337328.0
Railways,2026-05-27,99.41,103.67,97.85,100.0,1453464.0
Railways,2026-05-28,100.0,100.0,100.0,100.0,0.0
Railways,2026-05-29,102.04,108.39,98.31,104.36,2584612.0
Railways,2026-06-01,105.09,109.32,102.51,106.69,1127111.0
Railways,2026-06-02,105.97,109.95,103.88,106.87,1075313.0
Railways,2026-06-03,107.47,109.85,104.48,108.69,879718.0
Railways,2026-06-04,108.82,111.2,107.59,109.81,1158292.0
Railways,2026-06-05,110.02,111.23,106.53,107.78,2175547.0
Railways,2026-06-08,106.45,110.95,105.09,107.8,879376.0
Railways,2026-06-09,108.73,110.34,107.01,108.65,513644.0
Railways,2026-06-10,109.04,111.32,106.53,108.56,599858.0
Railways,2026-06-11,107.68,110.44,105.84,107.04,598089.0
Railways,2026-06-12,108.73,112.18,108.27,111.75,743632.0
Railways,2026-06-15,113.3,115.82,111.01,113.67,947738.0
Railways,2026-06-16,114.01,116.53,113.02,115.58,954156.0
Railways,2026-06-17,115.91,118.39,114.72,117.15,992569.0
Railways,2026-06-18,118.04,120.35,116.11,117.23,1219446.0
Railways,2026-06-19,116.86,119.5,113.95,115.75,1054858.0
Railways,2026-06-22,116.16,117.51,112.68,115.38,1793992.0
Railways,2026-06-23,115.39,116.68,113.38,114.69,934224.0
Railways,2026-06-24,114.79,118.2,113.68,116.61,643774.0
Railways,2026-06-25,117.57,118.61,114.99,115.86,922024.0
Railways,2026-06-26,115.86,115.86,115.86,115.86,0.0
Railways,2026-06-29,116.28,117.67,112.81,114.79,1097709.0
Railways,2026-06-30,116.09,120.05,114.68,118.0,1925231.0
Railways,2026-07-01,118.98,124.79,118.33,122.63,15314117.0
Railways,2026-07-02,123.38,125.98,120.25,124.53,1997175.0
Railways,2026-07-03,125.09,126.08,122.89,123.72,868527.0
Railways,2026-07-06,123.77,126.14,122.32,123.95,2610225.0
Railways,2026-07-07,124.53,125.29,116.94,117.89,15463608.0
Railways,2026-07-08,116.78,119.0,110.2,111.9,2380224.0
Railways,2026-07-09,112.54,117.18,112.35,114.61,888186.0
Railways,2026-07-10,115.7,117.74,114.12,116.18,861915.0
Railways,2026-07-13,115.51,118.82,114.26,118.17,844629.0
Railways,2026-07-14,118.43,119.01,115.0,116.54,616513.0
Railways,2026-07-15,117.26,119.31,116.36,117.92,1539192.0
Railways,2026-07-16,118.32,118.54,113.96,114.92,733560.0
Railways,2026-07-17,114.91,115.26,111.66,112.78,464961.0
Railways,2026-07-20,112.35,115.87,110.99,114.53,511972.0
Railways,2026-07-21,114.75,116.31,113.17,114.23,369657.0
Railways,2026-07-22,114.17,116.55,112.27,114.37,495944.0
Railways,2026-07-23,114.15,116.52,112.83,114.42,528244.0
Railways,2026-07-24,112.87,114.69,110.64,113.91,527412.0
Railways,2026-07-27,114.66,118.3,113.77,117.1,531403.0
Railways,2026-07-28,117.64,118.35,114.55,115.46,461882.0
Railways,2026-07-29,116.54,117.94,112.13,114.71,668155.0
Railways,2026-07-30,114.4,115.83,113.31,114.44,367567.0
Railways,2026-07-31,114.63,118.25,114.25,116.73,688534.0
Railways,2026-08-03,118.16,120.51,116.38,118.14,738312.0
Railways,2026-08-04,118.65,122.51,117.1,120.84,1276466.0
Railways,2026-08-05,121.42,125.78,120.86,124.56,988780.0
Railways,2026-08-06,125.17,126.18,119.89,122.08,759623.0
Railways,2026-08-07,121.95,124.54,120.22,122.09,666098.0
Railways,2026-08-10,121.99,122.14,115.33,117.42,744987.0
Railways,2026-08-11,116.92,120.62,115.91,118.71,1084985.0
Railways,2026-08-12,118.33,119.17,111.08,112.69,603059.0
Railways,2026-08-13,113.17,120.9,113.03,115.02,653908.0
Railways,2026-08-14,130.57,134.17,122.68,123.52,519250.0
Railways,2026-08-17,122.83,124.44,113.37,115.21,660894.0
Railways,2026-08-18,117.21,121.03,114.41,119.63,710562.0
Railways,2026-08-19,120.04,120.7,116.14,118.46,446420.0
Railways,2026-08-20,119.35,121.95,117.26,119.15,1099011.0
Railways,2026-08-21,119.2,124.1,117.67,121.8,980383.0
Railways,2026-08-24,122.46,125.02,121.13,122.35,410673.0
Railways,2026-08-25,122.23,122.94,119.15,120.01,306432.0
Railways,2026-08-26,120.41,121.58,118.12,118.5,280043.0
Railways,2026-08-27,118.74,120.33,115.71,116.19,425308.0
Real Estate,2026-05-27,100.41,101.89,99.01,100.0,559399.0
Real Estate,2026-05-28,100.0,100.0,100.0,100.0,0.0
Real Estate,2026-05-29,100.11,101.99,97.48,99.29,2003951.0
Real Estate,2026-06-01,99.59,100.8,96.59,97.52,928457.0
Real Estate,2026-06-02,96.97,99.42,95.84,98.27,1071919.0
Real Estate,2026-06-03,98.39,98.9,95.58,97.15,648133.0
Real Estate,2026-06-04,96.75,98.93,95.42,97.33,1217615.0
Real Estate,2026-06-05,97.68,99.67,96.66,97.69,704344.0
Real Estate,2026-06-08,96.67,97.71,94.21,95.29,597263.0
Real Estate,2026-06-09,95.6,97.41,94.99,96.47,460211.0
Real Estate,2026-06-10,96.47,97.53,94.43,95.11,354656.0
Real Estate,2026-06-11,94.65,95.6,93.39,94.25,773450.0
Real Estate,2026-06-12,95.6,97.85,94.47,97.05,756616.0
Real Estate,2026-06-15,99.05,101.63,98.03,100.18,1138746.0
Real Estate,2026-06-16,100.92,103.18,99.9,102.16,1019960.0
Real Estate,2026-06-17,101.57,103.37,100.51,102.18,1098371.0
Real Estate,2026-06-18,102.27,103.59,101.02,102.44,924193.0
Real Estate,2026-06-19,102.03,103.12,100.66,102.16,714338.0
Real Estate,2026-06-22,102.83,103.82,101.6,102.46,529691.0
Real Estate,2026-06-23,102.45,104.44,100.76,101.44,882809.0
Real Estate,2026-06-24,101.41,103.91,100.52,103.17,630431.0
Real Estate,2026-06-25,103.77,105.1,102.26,102.91,803510.0
Real Estate,2026-06-26,102.91,102.91,102.91,102.91,0.0
Real Estate,2026-06-29,102.96,104.31,101.5,102.39,1669007.0
Real Estate,2026-06-30,102.8,104.49,101.79,103.28,1178348.0
Real Estate,2026-07-01,103.98,106.86,102.88,105.79,863885.0
Real Estate,2026-07-02,106.13,108.05,105.27,107.25,979430.0
Real Estate,2026-07-03,107.87,110.25,106.83,109.22,1335748.0
Real Estate,2026-07-06,110.25,112.49,108.55,110.96,2702215.0
Real Estate,2026-07-07,111.64,112.46,108.86,110.02,1386371.0
Real Estate,2026-07-08,109.26,111.74,106.67,107.79,1710213.0
Real Estate,2026-07-09,108.04,111.95,107.27,110.61,1294970.0
Real Estate,2026-07-10,111.53,114.58,109.41,113.73,1795356.0
Real Estate,2026-07-13,113.11,115.41,111.72,114.13,1948492.0
Real Estate,2026-07-14,113.63,114.67,111.44,112.23,1095482.0
Real Estate,2026-07-15,112.31,113.9,111.26,111.99,833364.0
Real Estate,2026-07-16,112.15,113.03,110.16,110.9,764195.0
Real Estate,2026-07-17,110.86,112.95,109.58,111.63,1052261.0
Real Estate,2026-07-20,111.32,112.44,109.77,111.22,563390.0
Real Estate,2026-07-21,111.92,113.91,110.45,112.11,1081660.0
Real Estate,2026-07-22,112.06,113.03,108.9,109.93,961990.0
Real Estate,2026-07-23,109.6,110.68,107.35,108.0,777057.0
Real Estate,2026-07-24,107.03,109.34,105.36,107.63,606901.0
Real Estate,2026-07-27,108.57,110.64,107.12,109.13,866098.0
Real Estate,2026-07-28,109.37,111.87,107.88,110.3,1291460.0
Real Estate,2026-07-29,110.52,112.05,108.53,110.26,849220.0
Real Estate,2026-07-30,109.66,110.31,107.65,108.37,653923.0
Real Estate,2026-07-31,108.65,110.03,107.46,108.65,675810.0
Real Estate,2026-08-03,109.28,111.11,107.91,110.02,472276.0
Real Estate,2026-08-04,109.8,110.45,107.0,108.01,696019.0
Real Estate,2026-08-05,108.88,110.86,107.61,108.53,637204.0
Real Estate,2026-08-06,108.91,109.66,107.0,107.8,657456.0
Real Estate,2026-08-07,107.68,109.73,106.84,108.03,813176.0
Real Estate,2026-08-10,108.24,110.7,107.1,109.29,679036.0
Real Estate,2026-08-11,109.86,110.96,107.77,108.53,1071391.0
Real Estate,2026-08-12,108.74,109.43,106.39,108.37,554447.0
Real Estate,2026-08-13,108.35,110.36,107.06,109.45,1476042.0
Real Estate,2026-08-14,116.01,116.89,114.39,115.3,1473055.0
Real Estate,2026-08-17,115.31,118.0,113.8,117.11,853415.0
Real Estate,2026-08-18,117.22,118.18,114.53,115.65,939534.0
Real Estate,2026-08-19,115.86,116.77,113.84,115.17,783714.0
Real Estate,2026-08-20,115.61,117.78,114.84,116.38,1042217.0
Real Estate,2026-08-21,116.62,118.21,115.53,116.76,682844.0
Real Estate,2026-08-24,116.68,118.4,115.62,117.08,887988.0
Real Estate,2026-08-25,116.98,118.32,115.76,117.43,542036.0
Real Estate,2026-08-26,117.71,119.11,116.01,116.47,1403034.0
Real Estate,2026-08-27,116.73,118.02,115.15,116.19,794280.0
Real Estate,2026-08-28,82.01,82.91,81.73,82.13,615598.0
Rubber,2026-05-27,102.42,102.42,99.01,100.0,41965.0
Rubber,2026-05-28,100.0,100.0,100.0,100.0,0.0
Rubber,2026-05-29,99.38,100.67,97.61,98.81,31333.0
Rubber,2026-06-01,98.81,108.25,98.81,101.73,148104.0
Rubber,2026-06-02,101.22,105.64,99.07,105.03,37493.0
Rubber,2026-06-03,104.7,106.86,103.18,105.41,48953.0
Rubber,2026-06-04,106.34,115.21,104.84,112.84,261798.0
Rubber,2026-06-05,114.26,117.74,109.51,110.1,98615.0
Rubber,2026-06-08,109.51,110.9,106.6,106.99,45465.0
Rubber,2026-06-09,107.11,112.43,106.67,110.27,64119.0
Rubber,2026-06-10,111.41,112.54,108.63,109.88,27433.0
Rubber,2026-06-11,107.43,111.7,107.43,109.98,38342.0
Rubber,2026-06-12,110.16,111.97,107.27,108.08,38966.0
Rubber,2026-06-15,108.63,112.07,108.63,109.62,49498.0
Rubber,2026-06-16,109.89,114.88,109.34,112.24,70242.0
Rubber,2026-06-17,112.67,114.57,111.1,112.74,33041.0
Rubber,2026-06-18,113.76,114.58,110.78,111.74,21337.0
Rubber,2026-06-19,111.74,114.33,109.65,112.84,97757.0
Rubber,2026-06-22,113.12,115.98,112.49,113.72,76923.0
Rubber,2026-06-23,115.62,122.18,115.3,119.48,303225.0
Rubber,2026-06-24,119.48,122.55,117.18,121.69,82965.0
Rubber,2026-06-25,121.87,123.95,116.03,117.26,76207.0
Rubber,2026-06-26,117.26,117.26,117.26,117.26,0.0
Rubber,2026-06-29,117.11,120.28,112.7,117.87,60730.0
Rubber,2026-06-30,117.87,122.55,116.49,120.57,64878.0
Rubber,2026-07-01,120.57,122.18,119.84,121.27,37269.0
Rubber,2026-07-02,122.81,122.81,118.38,120.94,42434.0
Rubber,2026-07-03,120.02,123.23,118.76,119.85,25641.0
Rubber,2026-07-06,120.48,121.55,116.9,120.01,31790.0
Rubber,2026-07-07,120.61,120.67,116.49,118.14,34518.0
Rubber,2026-07-08,120.28,120.28,112.43,114.48,52440.0
Rubber,2026-07-09,115.21,125.9,115.21,121.35,149328.0
Rubber,2026-07-10,122.16,125.26,121.55,122.98,52073.0
Rubber,2026-07-13,121.8,130.17,120.5,126.13,124983.0
Rubber,2026-07-14,126.48,128.89,123.12,124.23,62127.0
Rubber,2026-07-15,126.08,127.72,123.9,124.21,21293.0
Rubber,2026-07-16,124.3,126.38,122.69,124.75,33918.0
Rubber,2026-07-17,124.96,126.61,121.94,125.54,52362.0
Rubber,2026-07-20,125.24,150.65,123.23,150.65,1222578.0
Rubber,2026-07-21,156.87,167.37,139.39,145.46,2688540.0
Rubber,2026-07-22,138.63,143.69,133.8,138.05,446085.0
Rubber,2026-07-23,138.13,145.6,135.72,136.56,299282.0
Rubber,2026-07-24,135.46,142.26,134.33,139.12,128094.0
Rubber,2026-07-27,142.92,149.4,140.42,144.24,284366.0
Rubber,2026-07-28,144.82,145.08,138.01,139.72,78339.0
Rubber,2026-07-29,141.17,144.29,137.56,139.4,86928.0
Rubber,2026-07-30,140.1,140.63,130.66,131.94,132108.0
Rubber,2026-07-31,133.32,143.53,132.3,141.09,136205.0
Rubber,2026-08-03,143.07,144.96,137.24,140.13,111490.0
Rubber,2026-08-04,140.53,144.95,138.66,141.93,66169.0
Rubber,2026-08-05,144.45,147.88,139.77,142.79,81071.0
Rubber,2026-08-06,143.19,143.19,136.27,139.34,52591.0
Rubber,2026-08-07,139.34,141.15,137.81,140.29,24643.0
Rubber,2026-08-10,140.03,144.71,138.01,141.9,64083.0
Rubber,2026-08-11,142.05,144.58,142.05,143.99,54852.0
Rubber,2026-08-12,143.58,144.71,134.91,137.25,108242.0
Rubber,2026-08-13,139.52,142.17,135.9,140.29,66795.0
Rubber,2026-08-14,139.62,140.01,137.11,137.96,32910.0
Rubber,2026-08-17,136.79,139.9,129.44,130.44,106082.0
Rubber,2026-08-18,132.81,136.73,130.66,134.85,51796.0
Rubber,2026-08-19,135.47,136.6,131.59,132.86,27404.0
Rubber,2026-08-20,133.43,134.16,131.67,132.61,20782.0
Rubber,2026-08-21,134.08,134.08,129.91,131.02,28760.0
Rubber,2026-08-24,130.25,132.68,129.0,130.1,29181.0
Rubber,2026-08-25,131.43,131.43,128.53,129.48,18496.0
Rubber,2026-08-26,131.46,131.46,127.24,128.68,45562.0
Rubber,2026-08-27,128.68,130.13,124.59,126.4,62605.0
Tech - BPO,2026-05-27,100.82,102.22,98.9,100.0,1311590.0
Tech - BPO,2026-05-28,100.0,100.0,100.0,100.0,0.0
Tech - BPO,2026-05-29,100.02,101.37,98.12,99.27,1748509.0
Tech - BPO,2026-06-01,99.07,101.17,98.4,99.34,1826336.0
Tech - BPO,2026-06-02,99.08,100.6,96.91,98.89,1379814.0
Tech - BPO,2026-06-03,99.51,99.93,97.18,99.11,714424.0
Tech - BPO,2026-06-04,97.83,99.92,97.54,99.34,839850.0
Tech - BPO,2026-06-05,99.32,101.35,98.06,99.51,970813.0
Tech - BPO,2026-06-08,98.75,99.71,95.07,96.13,1215913.0
Tech - BPO,2026-06-09,96.18,97.44,94.3,95.1,1306270.0
Tech - BPO,2026-06-10,96.05,101.07,94.56,97.36,1305283.0
Tech - BPO,2026-06-11,96.39,98.1,94.3,95.89,563230.0
Tech - BPO,2026-06-12,97.54,98.03,95.09,96.18,914239.0
Tech - BPO,2026-06-15,98.05,98.87,96.34,97.21,675484.0
Tech - BPO,2026-06-16,96.9,98.04,96.09,97.01,704337.0
Tech - BPO,2026-06-17,97.24,97.74,95.76,96.1,597343.0
Tech - BPO,2026-06-18,96.59,97.1,95.06,95.62,498841.0
Tech - BPO,2026-06-19,95.48,96.78,94.42,95.81,738494.0
Tech - BPO,2026-06-22,95.37,97.66,95.02,96.41,302865.0
Tech - BPO,2026-06-23,97.4,97.55,94.65,95.11,286663.0
Tech - BPO,2026-06-24,94.47,96.42,93.92,94.96,463670.0
Tech - BPO,2026-06-25,95.13,97.9,94.29,96.54,284028.0
Tech - BPO,2026-06-26,96.54,96.54,96.54,96.54,0.0
Tech - BPO,2026-06-29,95.34,96.26,93.64,94.08,447077.0
Tech - BPO,2026-06-30,94.06,94.84,92.11,92.73,516735.0
Tech - BPO,2026-07-01,92.38,94.98,92.14,92.54,579912.0
Tech - BPO,2026-07-02,92.79,94.52,91.89,92.91,894890.0
Tech - BPO,2026-07-03,93.53,94.95,92.17,92.61,738433.0
Tech - BPO,2026-07-06,92.73,95.98,91.62,95.1,837447.0
Tech - BPO,2026-07-07,95.77,97.19,93.09,96.1,436159.0
Tech - BPO,2026-07-08,94.96,99.42,94.12,96.7,786815.0
Tech - BPO,2026-07-09,96.62,98.74,94.91,96.32,767640.0
Tech - BPO,2026-07-10,97.65,99.49,95.48,97.07,981578.0
Tech - BPO,2026-07-13,96.22,99.79,95.99,98.55,989740.0
Tech - BPO,2026-07-14,98.35,102.95,96.9,100.08,1628611.0
Tech - BPO,2026-07-15,99.92,100.6,98.19,99.34,536823.0
Tech - BPO,2026-07-16,99.17,100.45,97.83,98.69,516312.0
Tech - BPO,2026-07-17,98.75,99.72,97.65,98.72,352028.0
Tech - BPO,2026-07-20,98.1,101.55,97.6,99.4,253974.0
Tech - BPO,2026-07-21,98.67,101.26,98.54,99.94,304709.0
Tech - BPO,2026-07-22,100.13,100.59,98.36,99.3,534796.0
Tech - BPO,2026-07-23,99.12,99.85,97.0,98.04,558458.0
Tech - BPO,2026-07-24,98.03,98.62,96.74,97.3,250888.0
Tech - BPO,2026-07-27,97.84,99.61,97.3,98.19,458387.0
Tech - BPO,2026-07-28,98.23,99.92,97.69,98.05,823568.0
Tech - BPO,2026-07-29,98.31,103.44,98.18,102.69,12536557.0
Tech - BPO,2026-07-30,102.4,105.34,101.04,102.24,1927975.0
Tech - BPO,2026-07-31,102.25,103.8,101.1,102.92,1837376.0
Tech - BPO,2026-08-03,102.81,107.25,102.7,105.69,2720454.0
Tech - BPO,2026-08-04,105.95,107.32,104.32,105.98,1347083.0
Tech - BPO,2026-08-05,106.55,107.58,105.01,106.68,1004281.0
Tech - BPO,2026-08-06,106.64,107.56,100.27,101.56,6177927.0
Tech - BPO,2026-08-07,101.29,103.09,99.69,101.17,3883785.0
Tech - BPO,2026-08-10,100.45,101.62,98.52,99.49,1125004.0
Tech - BPO,2026-08-11,100.1,100.96,98.41,99.03,750013.0
Tech - BPO,2026-08-12,98.92,99.57,96.51,97.41,943563.0
Tech - BPO,2026-08-13,97.42,102.99,96.45,98.3,843431.0
Tech - BPO,2026-08-14,97.97,99.57,95.44,97.32,510454.0
Tech - BPO,2026-08-17,96.31,97.98,95.7,97.38,281772.0
Tech - BPO,2026-08-18,97.26,97.63,95.59,96.0,392532.0
Tech - BPO,2026-08-19,95.92,97.34,94.69,95.95,1064268.0
Tech - BPO,2026-08-20,95.92,98.59,95.15,96.09,591469.0
Tech - BPO,2026-08-21,96.86,97.32,95.1,95.9,343129.0
Tech - BPO,2026-08-24,95.01,97.23,94.62,95.47,443340.0
Tech - BPO,2026-08-25,95.29,96.35,94.67,95.71,338437.0
Tech - BPO,2026-08-26,95.79,97.17,94.9,95.62,381158.0
Tech - BPO,2026-08-27,95.38,95.95,94.62,95.14,317794.0
Telecom,2026-05-27,99.01,102.43,97.6,100.0,95913603.0
Telecom,2026-05-28,100.0,100.0,100.0,100.0,0.0
Telecom,2026-05-29,100.48,103.32,98.13,101.18,144691286.0
Telecom,2026-06-01,101.53,103.67,99.07,100.51,91676319.0
Telecom,2026-06-02,100.14,102.0,96.45,99.95,89412521.0
Telecom,2026-06-03,100.47,103.52,99.34,102.13,19180350.0
Telecom,2026-06-04,102.56,106.61,100.3,103.24,136339549.0
Telecom,2026-06-05,103.62,105.02,99.04,99.76,106115766.0
Telecom,2026-06-08,98.37,100.3,95.17,96.69,81090579.0
Telecom,2026-06-09,97.55,102.47,96.31,101.21,148564118.0
Telecom,2026-06-10,100.68,101.68,98.45,99.23,109486520.0
Telecom,2026-06-11,98.06,100.43,96.14,97.61,123592715.0
Telecom,2026-06-12,98.87,101.48,98.16,100.2,135468753.0
Telecom,2026-06-15,102.26,104.37,99.59,102.1,83596933.0
Telecom,2026-06-16,102.54,103.7,100.03,101.81,76506607.0
Telecom,2026-06-17,102.02,105.14,101.23,102.78,77966495.0
Telecom,2026-06-18,103.68,105.32,101.58,103.46,53991020.0
Telecom,2026-06-19,103.56,108.89,102.86,107.61,66024429.0
Telecom,2026-06-22,108.86,111.54,105.75,107.84,44282100.0
Telecom,2026-06-23,107.64,108.71,102.69,104.37,67837964.0
Telecom,2026-06-24,104.35,106.09,102.64,103.96,67373648.0
Telecom,2026-06-25,105.19,107.07,102.49,103.39,54099004.0
Telecom,2026-06-26,103.39,103.39,103.39,103.39,0.0
Telecom,2026-06-29,103.42,104.47,100.05,102.27,156517290.0
Telecom,2026-06-30,102.61,104.15,101.28,102.13,75111116.0
Telecom,2026-07-01,102.15,104.26,100.68,101.71,63728693.0
Telecom,2026-07-02,101.56,103.39,99.68,101.6,46814113.0
Telecom,2026-07-03,101.13,103.77,99.86,101.71,48611995.0
Telecom,2026-07-06,101.98,103.17,99.85,101.3,45157405.0
Telecom,2026-07-07,101.48,102.54,99.7,100.6,60391147.0
Telecom,2026-07-08,99.82,100.96,97.43,98.69,63097716.0
Telecom,2026-07-09,98.78,102.22,98.11,100.74,33832152.0
Telecom,2026-07-10,101.21,102.61,99.56,100.32,42664750.0
Telecom,2026-07-13,99.93,102.02,98.4,99.42,36596544.0
Telecom,2026-07-14,98.86,100.68,97.47,99.49,44849949.0
Telecom,2026-07-15,100.05,101.36,97.27,99.43,51937852.0
Telecom,2026-07-16,99.92,100.65,97.62,98.73,45889102.0
Telecom,2026-07-17,98.7,99.15,96.54,97.34,42439593.0
Telecom,2026-07-20,97.09,99.29,95.84,97.64,50142743.0
Telecom,2026-07-21,97.24,100.76,96.48,100.16,39385332.0
Telecom,2026-07-22,100.4,101.98,96.58,99.23,60572845.0
Telecom,2026-07-23,99.4,100.53,97.23,98.75,56101934.0
Telecom,2026-07-24,97.38,99.34,95.82,98.26,60415731.0
Telecom,2026-07-27,99.07,99.99,96.72,98.06,40456312.0
Telecom,2026-07-28,97.55,98.73,96.36,97.57,48306049.0
Telecom,2026-07-29,97.78,99.52,96.98,98.74,46537306.0
Telecom,2026-07-30,98.75,100.87,97.26,99.61,37045801.0
Telecom,2026-07-31,101.09,102.22,99.74,100.84,61257324.0
Telecom,2026-08-03,104.52,108.08,102.05,107.59,40291057.0
Telecom,2026-08-04,108.92,109.44,104.96,106.73,48444376.0
Telecom,2026-08-05,109.39,109.92,105.08,106.76,36990758.0
Telecom,2026-08-06,106.86,107.74,103.66,104.89,33412779.0
Telecom,2026-08-07,104.96,106.21,102.76,104.56,32922785.0
Telecom,2026-08-10,104.65,109.43,102.71,106.9,62612179.0
Telecom,2026-08-11,107.29,108.6,104.89,106.02,97929676.0
Telecom,2026-08-12,106.03,109.85,104.98,109.24,116370609.0
Telecom,2026-08-13,109.47,110.9,106.55,107.87,83894675.0
Telecom,2026-08-14,107.36,109.57,105.43,107.11,115631724.0
Telecom,2026-08-17,107.57,109.38,105.54,107.67,46720396.0
Telecom,2026-08-18,107.52,108.86,105.75,107.01,123618202.0
Telecom,2026-08-19,107.19,107.82,104.71,105.28,49224822.0
Telecom,2026-08-20,106.33,107.64,105.2,105.81,35420852.0
Telecom,2026-08-21,106.09,107.14,104.19,105.78,29602066.0
Telecom,2026-08-24,106.71,109.93,104.51,106.41,38004867.0
Telecom,2026-08-25,106.97,107.98,104.95,106.7,68928445.0
Telecom,2026-08-26,106.53,108.04,104.94,105.52,70650049.0
Telecom,2026-08-27,106.08,109.92,105.13,108.15,65883221.0
Telecom,2026-08-28,46.94,48.79,46.85,48.37,9563163.0
Textile - Apparels,2026-05-27,101.18,102.61,99.31,100.0,471004.0
Textile - Apparels,2026-05-28,100.0,100.0,100.0,100.0,0.0
Textile - Apparels,2026-05-29,100.27,102.79,98.11,100.46,426648.0
Textile - Apparels,2026-06-01,102.34,104.49,99.32,100.51,610692.0
Textile - Apparels,2026-06-02,100.06,103.17,98.83,101.98,365838.0
Textile - Apparels,2026-06-03,102.08,105.3,100.17,103.58,1204389.0
Textile - Apparels,2026-06-04,103.32,106.88,102.45,104.72,954707.0
Textile - Apparels,2026-06-05,105.2,106.42,102.79,104.09,505079.0
Textile - Apparels,2026-06-08,104.48,106.47,101.92,103.45,837258.0
Textile - Apparels,2026-06-09,103.62,106.69,102.05,104.24,468606.0
Textile - Apparels,2026-06-10,104.41,106.56,101.82,102.95,388574.0
Textile - Apparels,2026-06-11,103.12,104.24,101.08,102.29,338102.0
Textile - Apparels,2026-06-12,103.39,105.25,102.24,103.75,300010.0
Textile - Apparels,2026-06-15,105.1,110.66,104.03,107.26,1036251.0
Textile - Apparels,2026-06-16,107.66,109.14,104.87,106.73,270310.0
Textile - Apparels,2026-06-17,107.02,108.25,105.06,106.6,326800.0
Textile - Apparels,2026-06-18,107.92,113.31,106.57,111.89,1135200.0
Textile - Apparels,2026-06-19,112.31,117.27,110.16,114.55,778561.0
Textile - Apparels,2026-06-22,115.33,118.7,112.94,115.17,489046.0
Textile - Apparels,2026-06-23,115.55,117.94,113.14,114.96,582174.0
Textile - Apparels,2026-06-24,114.72,125.19,113.85,121.84,2267453.0
Textile - Apparels,2026-06-25,122.31,123.7,118.58,121.03,619694.0
Textile - Apparels,2026-06-26,121.03,121.03,121.03,121.03,0.0
Textile - Apparels,2026-06-29,120.78,121.78,116.35,118.24,386771.0
Textile - Apparels,2026-06-30,118.48,123.15,116.5,120.98,891257.0
Textile - Apparels,2026-07-01,121.24,124.63,119.26,121.81,879038.0
Textile - Apparels,2026-07-02,121.93,123.36,119.32,121.42,581667.0
Textile - Apparels,2026-07-03,122.04,124.86,119.43,121.18,355543.0
Textile - Apparels,2026-07-06,121.16,123.83,118.24,120.29,460634.0
Textile - Apparels,2026-07-07,120.51,121.88,117.55,119.67,276123.0
Textile - Apparels,2026-07-08,119.18,121.57,115.47,117.57,328624.0
Textile - Apparels,2026-07-09,118.2,123.04,117.58,119.91,601067.0
Textile - Apparels,2026-07-10,120.72,123.14,118.23,120.21,302168.0
Textile - Apparels,2026-07-13,119.75,124.81,117.88,122.47,458546.0
Textile - Apparels,2026-07-14,122.23,124.46,119.47,120.84,309314.0
Textile - Apparels,2026-07-15,121.47,123.99,118.71,121.18,305616.0
Textile - Apparels,2026-07-16,121.53,123.33,119.07,120.89,199304.0
Textile - Apparels,2026-07-17,120.84,122.03,117.8,119.79,203914.0
Textile - Apparels,2026-07-20,124.8,129.35,123.22,126.93,219593.0
Textile - Apparels,2026-07-21,122.5,123.83,119.03,120.29,434437.0
Textile - Apparels,2026-07-22,120.06,120.67,116.17,117.42,246597.0
Textile - Apparels,2026-07-23,116.68,118.76,113.74,115.45,199873.0
Textile - Apparels,2026-07-24,114.98,120.38,113.63,118.2,666714.0
Textile - Apparels,2026-07-27,119.77,122.03,117.11,119.53,394448.0
Textile - Apparels,2026-07-28,119.21,121.0,116.07,117.79,321484.0
Textile - Apparels,2026-07-29,118.31,120.75,116.45,119.12,147820.0
Textile - Apparels,2026-07-30,119.26,120.69,116.6,118.05,300763.0
Textile - Apparels,2026-07-31,130.24,132.29,128.07,130.65,171915.0
Textile - Apparels,2026-08-03,119.71,122.25,118.56,120.39,233861.0
Textile - Apparels,2026-08-04,120.33,124.38,118.51,122.82,2876296.0
Textile - Apparels,2026-08-05,123.72,127.56,121.91,125.18,1792515.0
Textile - Apparels,2026-08-06,126.24,128.15,121.67,125.06,427106.0
Textile - Apparels,2026-08-07,125.8,131.66,124.21,128.97,570088.0
Textile - Apparels,2026-08-10,128.81,131.47,126.44,128.84,347974.0
Textile - Apparels,2026-08-11,128.93,131.97,127.19,129.51,409862.0
Textile - Apparels,2026-08-12,129.4,131.62,126.35,129.31,277145.0
Textile - Apparels,2026-08-13,129.09,131.71,127.23,129.67,261806.0
Textile - Apparels,2026-08-14,135.25,137.28,133.02,135.6,271062.0
Textile - Apparels,2026-08-17,136.13,138.01,132.58,135.35,348626.0
Textile - Apparels,2026-08-18,135.79,137.0,133.22,134.58,285488.0
Textile - Apparels,2026-08-19,134.43,136.6,131.87,134.08,367122.0
Textile - Apparels,2026-08-20,135.26,137.63,133.09,135.3,340173.0
Textile - Apparels,2026-08-21,135.89,137.36,133.35,135.32,264606.0
Textile - Apparels,2026-08-24,135.45,136.81,132.25,133.86,250049.0
Textile - Apparels,2026-08-25,134.31,135.8,130.17,132.93,540767.0
Textile - Apparels,2026-08-26,133.34,135.2,131.6,133.13,229902.0
Textile - Apparels,2026-08-27,133.1,134.66,130.63,132.31,178381.0
Textile - Innerwear,2026-05-27,99.97,100.74,99.31,100.0,300292.0
Textile - Innerwear,2026-05-28,100.0,100.0,100.0,100.0,0.0
Textile - Innerwear,2026-05-29,99.66,101.4,98.53,99.98,111274.0
Textile - Innerwear,2026-06-01,99.76,101.7,97.07,97.64,159351.0
Textile - Innerwear,2026-06-02,97.14,98.32,95.95,98.03,58356.0
Textile - Innerwear,2026-06-03,97.71,99.23,97.32,98.42,92002.0
Textile - Innerwear,2026-06-04,97.72,102.01,97.57,101.59,72810.0
Textile - Innerwear,2026-06-05,101.88,102.29,99.8,100.26,50293.0
Textile - Innerwear,2026-06-08,100.11,101.21,98.65,100.68,38484.0
Textile - Innerwear,2026-06-09,100.37,101.87,100.07,101.6,38798.0
Textile - Innerwear,2026-06-10,101.23,102.83,98.94,99.12,31844.0
Textile - Innerwear,2026-06-11,98.96,100.33,97.99,98.5,28560.0
Textile - Innerwear,2026-06-12,99.1,101.41,99.04,100.76,42653.0
Textile - Innerwear,2026-06-15,101.8,103.73,101.45,102.28,66064.0
Textile - Innerwear,2026-06-16,102.33,103.18,101.49,101.95,39729.0
Textile - Innerwear,2026-06-17,101.96,103.13,101.64,102.42,174335.0
Textile - Innerwear,2026-06-18,102.93,105.12,102.22,104.68,94513.0
Textile - Innerwear,2026-06-19,104.23,105.45,103.03,104.14,101886.0
Textile - Innerwear,2026-06-22,104.21,105.37,102.19,102.51,75810.0
Textile - Innerwear,2026-06-23,103.35,104.88,102.71,104.1,692760.0
Textile - Innerwear,2026-06-24,104.12,106.87,102.73,106.42,246908.0
Textile - Innerwear,2026-06-25,105.98,109.01,105.25,106.54,77537.0
Textile - Innerwear,2026-06-26,106.54,106.54,106.54,106.54,0.0
Textile - Innerwear,2026-06-29,106.68,108.23,104.68,105.18,136875.0
Textile - Innerwear,2026-06-30,106.1,108.58,105.14,107.62,62749.0
Textile - Innerwear,2026-07-01,109.76,113.97,109.76,113.28,88497.0
Textile - Innerwear,2026-07-02,113.04,113.44,111.13,111.46,49989.0
Textile - Innerwear,2026-07-03,111.53,112.66,110.69,111.28,1214388.0
Textile - Innerwear,2026-07-06,110.96,111.43,109.92,110.64,104898.0
Textile - Innerwear,2026-07-07,110.05,111.08,108.24,108.74,88120.0
Textile - Innerwear,2026-07-08,108.67,111.28,107.27,107.72,108754.0
Textile - Innerwear,2026-07-09,108.31,108.48,102.89,105.7,107233.0
Textile - Innerwear,2026-07-10,105.78,106.77,102.37,102.78,267113.0
Textile - Innerwear,2026-07-13,102.81,105.33,102.53,104.27,107121.0
Textile - Innerwear,2026-07-14,104.38,105.98,103.5,105.68,51504.0
Textile - Innerwear,2026-07-15,105.86,106.88,104.57,105.31,45951.0
Textile - Innerwear,2026-07-16,105.95,106.71,104.8,105.49,41635.0
Textile - Innerwear,2026-07-17,105.36,105.46,103.39,104.04,38516.0
Textile - Innerwear,2026-07-20,104.5,105.28,103.5,105.12,29973.0
Textile - Innerwear,2026-07-21,104.85,105.13,102.92,104.46,38350.0
Textile - Innerwear,2026-07-22,104.27,104.68,103.17,103.7,40764.0
Textile - Innerwear,2026-07-23,103.6,105.4,103.16,104.84,40433.0
Textile - Innerwear,2026-07-24,104.39,105.38,103.54,104.85,33297.0
Textile - Innerwear,2026-07-27,104.92,105.66,103.63,104.13,19716.0
Textile - Innerwear,2026-07-28,104.57,105.41,103.55,105.11,24241.0
Textile - Innerwear,2026-07-29,105.61,105.7,103.67,104.88,52967.0
Textile - Innerwear,2026-07-30,104.3,108.28,104.29,106.95,40942.0
Textile - Innerwear,2026-07-31,106.74,107.14,103.91,105.15,28618.0
Textile - Innerwear,2026-08-03,105.49,105.94,104.52,104.74,42450.0
Textile - Innerwear,2026-08-04,104.76,105.04,103.61,103.63,45416.0
Textile - Innerwear,2026-08-05,104.87,105.23,103.81,105.2,35178.0
Textile - Innerwear,2026-08-06,104.76,104.84,103.65,104.39,97168.0
Textile - Innerwear,2026-08-07,104.0,104.97,103.59,104.02,42777.0
Textile - Innerwear,2026-08-10,104.95,104.99,100.08,100.84,46621.0
Textile - Innerwear,2026-08-11,100.54,101.21,99.18,100.28,93017.0
Textile - Innerwear,2026-08-12,100.29,100.72,98.27,99.81,51863.0
Textile - Innerwear,2026-08-13,99.03,99.5,95.05,95.33,67121.0
Textile - Innerwear,2026-08-14,98.42,99.8,95.49,95.85,108209.0
Textile - Innerwear,2026-08-17,95.74,98.31,95.14,97.43,62456.0
Textile - Innerwear,2026-08-18,97.44,97.84,95.05,95.13,57941.0
Textile - Innerwear,2026-08-19,95.16,95.22,92.1,92.12,37177.0
Textile - Innerwear,2026-08-20,93.2,93.72,91.84,92.76,106995.0
Textile - Innerwear,2026-08-21,93.02,93.4,91.99,92.7,29757.0
Textile - Innerwear,2026-08-24,92.97,93.33,92.56,92.92,38144.0
Textile - Innerwear,2026-08-25,92.73,92.98,91.77,92.8,39951.0
Textile - Innerwear,2026-08-26,93.3,93.39,91.73,91.88,38012.0
Textile - Innerwear,2026-08-27,91.91,94.57,91.85,93.48,34928.0
Textile - Misc,2026-05-27,100.16,101.51,98.78,100.0,8345290.0
Textile - Misc,2026-05-28,100.0,100.0,100.0,100.0,0.0
Textile - Misc,2026-05-29,99.99,101.3,97.23,98.55,1173293.0
Textile - Misc,2026-06-01,100.07,101.41,95.46,97.96,1445740.0
Textile - Misc,2026-06-02,97.36,100.5,96.19,99.7,540085.0
Textile - Misc,2026-06-03,99.87,100.92,97.68,99.95,410705.0
Textile - Misc,2026-06-04,98.98,102.88,97.78,100.65,539372.0
Textile - Misc,2026-06-05,101.42,103.31,99.74,101.98,309499.0
Textile - Misc,2026-06-08,100.47,102.61,98.56,99.92,347624.0
Textile - Misc,2026-06-09,100.47,103.18,99.16,102.16,506655.0
Textile - Misc,2026-06-10,102.71,103.42,100.02,100.69,268861.0
Textile - Misc,2026-06-11,100.5,101.41,97.71,99.79,410400.0
Textile - Misc,2026-06-12,101.34,102.18,99.36,101.26,3579068.0
Textile - Misc,2026-06-15,102.87,104.96,100.91,102.37,750736.0
Textile - Misc,2026-06-16,102.85,104.35,100.78,102.18,589768.0
Textile - Misc,2026-06-17,102.56,105.23,100.92,103.56,345608.0
Textile - Misc,2026-06-18,104.09,106.47,102.69,104.81,4017844.0
Textile - Misc,2026-06-19,104.7,110.31,103.57,108.04,3798891.0
Textile - Misc,2026-06-22,108.68,110.21,106.07,108.03,842022.0
Textile - Misc,2026-06-23,108.44,109.05,105.18,106.41,707033.0
Textile - Misc,2026-06-24,106.54,108.48,104.26,105.89,2824634.0
Textile - Misc,2026-06-25,106.81,108.22,104.45,105.69,635899.0
Textile - Misc,2026-06-26,105.69,105.69,105.69,105.69,0.0
Textile - Misc,2026-06-29,105.95,107.47,103.57,105.82,524458.0
Textile - Misc,2026-06-30,105.02,108.5,103.96,107.03,734797.0
Textile - Misc,2026-07-01,107.32,109.22,105.08,106.68,887963.0
Textile - Misc,2026-07-02,107.26,108.33,105.57,106.8,358691.0
Textile - Misc,2026-07-03,107.16,112.35,106.12,110.79,742568.0
Textile - Misc,2026-07-06,110.86,113.05,109.04,111.56,503234.0
Textile - Misc,2026-07-07,111.1,113.38,109.62,112.1,363131.0
Textile - Misc,2026-07-08,111.33,113.25,107.89,108.76,611995.0
Textile - Misc,2026-07-09,108.69,113.82,108.47,112.51,329066.0
Textile - Misc,2026-07-10,113.33,114.32,111.01,112.46,240168.0
Textile - Misc,2026-07-13,111.68,114.95,110.52,114.07,701628.0
Textile - Misc,2026-07-14,114.7,118.43,112.62,114.94,1969432.0
Textile - Misc,2026-07-15,116.07,122.27,113.63,117.76,983307.0
Textile - Misc,2026-07-16,118.06,120.11,115.28,116.93,9049644.0
Textile - Misc,2026-07-17,116.84,118.3,114.78,117.09,6937528.0
Textile - Misc,2026-07-20,116.85,119.43,115.78,117.72,687548.0
Textile - Misc,2026-07-21,117.46,121.03,116.23,119.2,14676992.0
Textile - Misc,2026-07-22,119.26,120.03,115.37,117.17,8796604.0
Textile - Misc,2026-07-23,117.1,118.58,115.14,116.38,2955390.0
Textile - Misc,2026-07-24,115.49,117.87,113.51,116.88,10778238.0
Textile - Misc,2026-07-27,117.19,120.12,116.43,117.98,8257774.0
Textile - Misc,2026-07-28,118.79,121.21,115.03,116.79,2628583.0
Textile - Misc,2026-07-29,116.8,121.35,115.67,117.47,1510019.0
Textile - Misc,2026-07-30,118.11,120.06,115.28,116.45,1184799.0
Textile - Misc,2026-07-31,116.53,118.44,114.09,116.69,1195631.0
Textile - Misc,2026-08-03,117.67,121.22,114.72,117.77,18025240.0
Textile - Misc,2026-08-04,119.14,120.77,115.4,117.03,3359410.0
Textile - Misc,2026-08-05,117.49,120.55,114.66,116.81,1061968.0
Textile - Misc,2026-08-06,117.02,119.74,114.33,117.14,933995.0
Textile - Misc,2026-08-07,117.23,119.66,115.07,116.35,2425761.0
Textile - Misc,2026-08-10,116.55,118.35,113.61,115.55,953834.0
Textile - Misc,2026-08-11,115.4,117.03,113.65,115.33,934449.0
Textile - Misc,2026-08-12,115.47,117.06,113.65,115.66,1479762.0
Textile - Misc,2026-08-13,115.72,117.86,112.97,114.93,781037.0
Textile - Misc,2026-08-14,114.55,115.86,112.11,113.67,10914329.0
Textile - Misc,2026-08-17,113.75,116.85,112.21,115.04,1870674.0
Textile - Misc,2026-08-18,115.33,118.06,113.69,116.29,8168852.0
Textile - Misc,2026-08-19,116.34,117.45,113.26,114.16,1917721.0
Textile - Misc,2026-08-20,114.91,117.62,113.54,115.96,3305893.0
Textile - Misc,2026-08-21,115.8,118.24,112.64,115.65,949557.0
Textile - Misc,2026-08-24,115.8,117.29,113.39,114.29,914535.0
Textile - Misc,2026-08-25,114.68,115.17,111.58,112.74,582878.0
Textile - Misc,2026-08-26,112.86,114.44,111.69,112.69,485908.0
Textile - Misc,2026-08-27,112.86,113.72,110.76,111.7,2518401.0
Textile - Spinning/Yarn,2026-05-27,100.0,101.55,98.56,100.0,185191.0
Textile - Spinning/Yarn,2026-05-28,100.0,100.0,100.0,100.0,0.0
Textile - Spinning/Yarn,2026-05-29,100.61,102.03,96.59,97.83,229114.0
Textile - Spinning/Yarn,2026-06-01,99.84,104.0,97.5,99.17,1974743.0
Textile - Spinning/Yarn,2026-06-02,97.78,101.9,96.89,100.45,495271.0
Textile - Spinning/Yarn,2026-06-03,100.65,102.06,97.57,99.42,259971.0
Textile - Spinning/Yarn,2026-06-04,99.6,103.08,98.58,101.35,264410.0
Textile - Spinning/Yarn,2026-06-05,102.3,104.32,98.79,100.69,212642.0
Textile - Spinning/Yarn,2026-06-08,98.62,101.98,97.23,98.1,185611.0
Textile - Spinning/Yarn,2026-06-09,98.61,101.6,96.86,98.37,137760.0
Textile - Spinning/Yarn,2026-06-10,98.56,100.05,95.1,96.5,147111.0
Textile - Spinning/Yarn,2026-06-11,96.03,98.98,94.46,96.61,174822.0
Textile - Spinning/Yarn,2026-06-12,97.35,100.97,96.84,100.51,220153.0
Textile - Spinning/Yarn,2026-06-15,102.2,104.01,99.18,101.26,270337.0
Textile - Spinning/Yarn,2026-06-16,100.57,102.7,98.87,100.09,106672.0
Textile - Spinning/Yarn,2026-06-17,99.91,100.8,97.93,99.0,99940.0
Textile - Spinning/Yarn,2026-06-18,99.64,105.12,99.06,104.24,1231376.0
Textile - Spinning/Yarn,2026-06-19,105.28,106.59,103.21,104.79,516376.0
Textile - Spinning/Yarn,2026-06-22,105.24,106.91,103.36,104.24,270785.0
Textile - Spinning/Yarn,2026-06-23,104.53,105.52,100.95,102.14,167518.0
Textile - Spinning/Yarn,2026-06-24,102.46,107.61,101.85,105.44,2152112.0
Textile - Spinning/Yarn,2026-06-25,106.93,107.73,102.83,103.79,339487.0
Textile - Spinning/Yarn,2026-06-26,103.79,103.79,103.79,103.79,0.0
Textile - Spinning/Yarn,2026-06-29,102.36,105.72,100.76,102.86,247533.0
Textile - Spinning/Yarn,2026-06-30,103.23,106.84,102.52,105.81,290664.0
Textile - Spinning/Yarn,2026-07-01,107.41,108.96,103.6,105.6,219152.0
Textile - Spinning/Yarn,2026-07-02,106.24,108.66,103.46,106.63,185242.0
Textile - Spinning/Yarn,2026-07-03,107.67,110.16,105.58,107.21,321913.0
Textile - Spinning/Yarn,2026-07-06,106.78,110.24,105.13,107.69,215056.0
Textile - Spinning/Yarn,2026-07-07,108.62,109.42,105.4,106.55,112515.0
Textile - Spinning/Yarn,2026-07-08,105.85,108.79,103.51,104.68,189537.0
Textile - Spinning/Yarn,2026-07-09,104.79,108.47,104.04,106.88,132978.0
Textile - Spinning/Yarn,2026-07-10,108.62,109.39,105.74,106.63,110411.0
Textile - Spinning/Yarn,2026-07-13,107.25,112.53,105.01,109.82,831939.0
Textile - Spinning/Yarn,2026-07-14,110.04,113.83,108.47,109.41,689366.0
Textile - Spinning/Yarn,2026-07-15,109.61,112.78,108.12,109.74,215341.0
Textile - Spinning/Yarn,2026-07-16,110.29,112.13,108.0,109.92,159224.0
Textile - Spinning/Yarn,2026-07-17,109.49,111.4,107.46,110.08,123754.0
Textile - Spinning/Yarn,2026-07-20,110.58,112.84,107.13,109.54,203574.0
Textile - Spinning/Yarn,2026-07-21,109.52,111.89,107.81,109.99,117069.0
Textile - Spinning/Yarn,2026-07-22,110.61,111.84,107.01,109.19,133528.0
Textile - Spinning/Yarn,2026-07-23,108.93,111.06,106.99,108.37,214494.0
Textile - Spinning/Yarn,2026-07-24,107.45,109.93,105.65,108.83,160269.0
Textile - Spinning/Yarn,2026-07-27,109.79,112.22,108.01,109.97,168949.0
Textile - Spinning/Yarn,2026-07-28,109.93,111.65,106.86,108.05,139930.0
Textile - Spinning/Yarn,2026-07-29,109.03,110.44,106.19,108.38,93741.0
Textile - Spinning/Yarn,2026-07-30,107.73,110.05,104.28,106.22,546190.0
Textile - Spinning/Yarn,2026-07-31,106.27,110.12,104.58,107.65,275502.0
Textile - Spinning/Yarn,2026-08-03,110.06,112.78,107.0,110.07,1995269.0
Textile - Spinning/Yarn,2026-08-04,110.41,112.08,108.27,110.11,326584.0
Textile - Spinning/Yarn,2026-08-05,110.94,112.77,109.28,110.68,249810.0
Textile - Spinning/Yarn,2026-08-06,110.92,113.9,109.52,111.41,206337.0
Textile - Spinning/Yarn,2026-08-07,112.22,113.74,109.08,110.64,198565.0
Textile - Spinning/Yarn,2026-08-10,110.31,112.13,107.05,108.28,266865.0
Textile - Spinning/Yarn,2026-08-11,98.06,99.59,96.29,97.02,180444.0
Textile - Spinning/Yarn,2026-08-12,96.77,98.61,93.2,94.79,498488.0
Textile - Spinning/Yarn,2026-08-13,95.07,96.56,93.29,94.78,218354.0
Textile - Spinning/Yarn,2026-08-14,95.19,97.18,93.72,95.61,192102.0
Textile - Spinning/Yarn,2026-08-17,95.64,97.71,94.14,96.62,185222.0
Textile - Spinning/Yarn,2026-08-18,96.57,102.48,95.47,100.27,4969374.0
Textile - Spinning/Yarn,2026-08-19,100.5,101.85,97.47,98.71,541572.0
Textile - Spinning/Yarn,2026-08-20,98.98,100.54,97.65,98.69,311868.0
Textile - Spinning/Yarn,2026-08-21,98.72,100.43,96.96,99.03,241622.0
Textile - Spinning/Yarn,2026-08-24,98.92,100.14,96.02,97.23,203051.0
Textile - Spinning/Yarn,2026-08-25,97.33,100.95,96.47,99.42,507326.0
Textile - Spinning/Yarn,2026-08-26,99.43,102.1,98.53,99.83,248467.0
Textile - Spinning/Yarn,2026-08-27,99.82,101.19,98.27,99.47,138527.0
Textiles - Polyester,2026-05-27,103.19,109.44,95.84,100.0,3284510.0
Textiles - Polyester,2026-05-28,100.0,100.0,100.0,100.0,0.0
Textiles - Polyester,2026-05-29,100.63,102.18,96.94,98.18,633865.0
Textiles - Polyester,2026-06-01,99.29,103.26,96.95,99.61,732216.0
Textiles - Polyester,2026-06-02,99.72,102.41,98.59,101.37,347451.0
Textiles - Polyester,2026-06-03,100.36,101.87,97.02,100.47,876923.0
Textiles - Polyester,2026-06-04,100.44,102.62,98.84,100.23,777441.0
Textiles - Polyester,2026-06-05,101.22,105.92,99.61,103.82,1879708.0
Textiles - Polyester,2026-06-08,101.84,106.76,98.81,102.53,1990818.0
Textiles - Polyester,2026-06-09,103.7,109.15,101.5,104.56,1113462.0
Textiles - Polyester,2026-06-10,105.35,108.17,101.06,102.61,755763.0
Textiles - Polyester,2026-06-11,102.67,103.75,99.29,100.31,667109.0
Textiles - Polyester,2026-06-12,102.09,106.29,100.3,104.07,1992959.0
Textiles - Polyester,2026-06-15,106.31,108.91,104.12,106.52,2203708.0
Textiles - Polyester,2026-06-16,106.87,109.84,104.91,107.02,2235148.0
Textiles - Polyester,2026-06-17,107.48,108.17,104.87,106.31,1924436.0
Textiles - Polyester,2026-06-18,107.01,110.1,106.46,108.73,2373979.0
Textiles - Polyester,2026-06-19,109.36,110.37,107.59,108.64,2058233.0
Textiles - Polyester,2026-06-22,109.92,111.73,107.97,110.15,2479197.0
Textiles - Polyester,2026-06-23,110.79,111.62,106.53,107.69,2648858.0
Textiles - Polyester,2026-06-24,108.69,110.92,107.48,108.85,2889728.0
Textiles - Polyester,2026-06-25,109.21,110.15,106.69,107.51,2528947.0
Textiles - Polyester,2026-06-26,107.51,107.51,107.51,107.51,0.0
Textiles - Polyester,2026-06-29,107.71,108.92,105.54,107.11,3072786.0
Textiles - Polyester,2026-06-30,107.17,109.15,106.07,106.68,2707148.0
Textiles - Polyester,2026-07-01,106.8,110.49,106.46,108.47,2947263.0
Textiles - Polyester,2026-07-02,108.64,110.88,107.88,109.58,2788035.0
Textiles - Polyester,2026-07-03,110.72,119.51,109.4,116.79,5003808.0
Textiles - Polyester,2026-07-06,116.91,123.2,114.42,119.36,5974622.0
Textiles - Polyester,2026-07-07,120.14,122.25,116.48,117.35,4347561.0
Textiles - Polyester,2026-07-08,116.84,121.96,114.05,115.57,4303407.0
Textiles - Polyester,2026-07-09,114.87,121.46,114.33,118.84,4332927.0
Textiles - Polyester,2026-07-10,119.85,123.78,117.9,121.63,4062432.0
Textiles - Polyester,2026-07-13,122.07,128.38,120.71,125.4,5793251.0
Textiles - Polyester,2026-07-14,125.01,125.8,118.62,121.22,3938304.0
Textiles - Polyester,2026-07-15,123.07,135.58,122.1,132.84,13748642.0
Textiles - Polyester,2026-07-16,133.01,138.48,129.44,134.87,12751488.0
Textiles - Polyester,2026-07-17,134.54,136.02,129.24,133.26,5683457.0
Textiles - Polyester,2026-07-20,131.73,137.68,130.04,134.42,5248693.0
Textiles - Polyester,2026-07-21,132.13,134.22,130.8,132.45,693159.0
Textiles - Polyester,2026-07-22,131.27,133.32,128.77,130.39,1082874.0
Textiles - Polyester,2026-07-23,129.14,131.25,127.56,128.41,797227.0
Textiles - Polyester,2026-07-24,126.12,132.99,124.6,129.33,6853932.0
Textiles - Polyester,2026-07-27,129.49,131.85,128.28,129.92,1254339.0
Textiles - Polyester,2026-07-28,128.7,129.06,126.44,126.98,776425.0
Textiles - Polyester,2026-07-29,126.04,130.58,124.13,127.92,1180955.0
Textiles - Polyester,2026-07-30,124.74,130.76,121.07,125.72,1442062.0
Textiles - Polyester,2026-07-31,125.75,132.63,124.11,130.21,3251658.0
Textiles - Polyester,2026-08-03,130.04,141.32,128.81,138.18,5513741.0
Textiles - Polyester,2026-08-04,137.73,141.79,135.32,139.16,2306500.0
Textiles - Polyester,2026-08-05,138.83,143.0,136.36,139.86,2910227.0
Textiles - Polyester,2026-08-06,185.86,189.78,180.67,182.63,2527390.0
Textiles - Polyester,2026-08-07,181.92,189.36,180.6,183.4,2062005.0
Textiles - Polyester,2026-08-10,182.43,188.05,175.42,181.35,2417592.0
Textiles - Polyester,2026-08-11,181.23,186.23,177.38,181.33,2370956.0
Textiles - Polyester,2026-08-12,181.11,185.41,177.1,181.71,1285726.0
Textiles - Polyester,2026-08-13,181.88,182.93,174.39,179.0,1332752.0
Textiles - Polyester,2026-08-14,178.26,181.6,175.36,176.59,763891.0
Textiles - Polyester,2026-08-17,176.59,178.95,171.8,176.59,845636.0
Textiles - Polyester,2026-08-18,175.59,188.25,175.45,184.4,3271790.0
Textiles - Polyester,2026-08-19,184.08,184.44,177.09,179.11,786848.0
Textiles - Polyester,2026-08-20,180.76,189.32,176.13,183.42,1279390.0
Textiles - Polyester,2026-08-21,183.7,193.72,182.74,187.21,1544935.0
Textiles - Polyester,2026-08-24,187.07,190.42,185.4,188.38,785588.0
Textiles - Polyester,2026-08-25,188.12,188.34,180.16,183.22,875742.0
Textiles - Polyester,2026-08-26,182.79,187.74,167.17,175.21,5483054.0
Textiles - Polyester,2026-08-27,176.13,186.83,175.02,182.63,2542770.0
Textiles - Processing,2026-05-27,96.62,101.74,96.56,100.0,899634.0
Textiles - Processing,2026-05-28,100.0,100.0,100.0,100.0,0.0
Textiles - Processing,2026-05-29,103.91,104.21,98.98,103.18,366724.0
Textiles - Processing,2026-06-01,106.33,107.4,102.84,103.77,408858.0
Textiles - Processing,2026-06-02,101.68,106.67,101.53,103.52,236252.0
Textiles - Processing,2026-06-03,104.01,105.04,99.13,101.13,330552.0
Textiles - Processing,2026-06-04,100.91,103.64,100.59,102.52,292917.0
Textiles - Processing,2026-06-05,102.45,104.01,100.24,102.84,271425.0
Textiles - Processing,2026-06-08,100.56,106.19,100.4,102.83,2668476.0
Textiles - Processing,2026-06-09,104.74,105.14,102.15,103.68,462330.0
Textiles - Processing,2026-06-10,102.48,104.28,101.54,102.34,286691.0
Textiles - Processing,2026-06-11,99.86,102.0,97.78,98.42,263216.0
Textiles - Processing,2026-06-12,98.83,103.21,98.83,103.13,358745.0
Textiles - Processing,2026-06-15,107.21,108.03,102.88,104.4,1170500.0
Textiles - Processing,2026-06-16,104.51,106.83,102.47,103.04,847206.0
Textiles - Processing,2026-06-17,103.95,107.63,103.61,107.29,580322.0
Textiles - Processing,2026-06-18,109.0,111.23,107.84,109.81,537732.0
Textiles - Processing,2026-06-19,109.57,114.63,107.18,112.34,441968.0
Textiles - Processing,2026-06-22,111.04,116.88,109.9,111.9,991963.0
Textiles - Processing,2026-06-23,111.88,112.34,108.78,111.05,404402.0
Textiles - Processing,2026-06-24,111.08,116.07,110.3,115.71,374792.0
Textiles - Processing,2026-06-25,120.63,120.63,113.6,115.52,425706.0
Textiles - Processing,2026-06-26,115.52,115.52,115.52,115.52,0.0
Textiles - Processing,2026-06-29,115.62,116.79,111.83,112.49,272665.0
Textiles - Processing,2026-06-30,112.18,115.1,109.86,112.22,331950.0
Textiles - Processing,2026-07-01,112.14,116.11,111.57,113.31,237362.0
Textiles - Processing,2026-07-02,113.8,116.19,111.78,114.92,225752.0
Textiles - Processing,2026-07-03,114.92,115.64,112.36,114.15,316802.0
Textiles - Processing,2026-07-06,112.96,116.2,112.44,113.59,263907.0
Textiles - Processing,2026-07-07,113.57,114.4,111.11,111.59,190847.0
Textiles - Processing,2026-07-08,111.93,113.39,106.43,106.68,402018.0
Textiles - Processing,2026-07-09,106.44,111.59,106.44,108.55,196711.0
Textiles - Processing,2026-07-10,108.5,111.49,106.81,109.95,178850.0
Textiles - Processing,2026-07-13,109.5,113.17,108.65,110.89,230110.0
Textiles - Processing,2026-07-14,110.64,110.96,106.53,107.75,205630.0
Textiles - Processing,2026-07-15,107.63,108.61,104.2,106.29,153009.0
Textiles - Processing,2026-07-16,106.29,107.69,104.88,105.93,156790.0
Textiles - Processing,2026-07-17,106.01,106.1,104.03,105.24,222454.0
Textiles - Processing,2026-07-20,104.31,109.32,103.08,105.43,464359.0
Textiles - Processing,2026-07-21,108.62,108.74,104.19,104.63,184822.0
Textiles - Processing,2026-07-22,103.75,105.03,102.61,103.67,168081.0
Textiles - Processing,2026-07-23,103.53,104.54,101.24,102.05,325238.0
Textiles - Processing,2026-07-24,101.95,103.64,99.78,102.55,173688.0
Textiles - Processing,2026-07-27,103.89,105.24,103.25,103.52,133473.0
Textiles - Processing,2026-07-28,103.41,104.6,100.54,101.06,106540.0
Textiles - Processing,2026-07-29,101.03,103.68,101.03,101.35,115290.0
Textiles - Processing,2026-07-30,101.35,103.75,100.18,101.8,122693.0
Textiles - Processing,2026-07-31,100.58,101.9,100.2,100.99,168614.0
Textiles - Processing,2026-08-03,101.11,105.33,101.0,103.25,115122.0
Textiles - Processing,2026-08-04,103.05,103.28,101.32,101.67,138177.0
Textiles - Processing,2026-08-05,101.72,104.05,101.23,102.91,266282.0
Textiles - Processing,2026-08-06,104.32,105.13,100.57,101.39,858095.0
Textiles - Processing,2026-08-07,101.3,108.99,100.38,105.74,257322.0
Textiles - Processing,2026-08-10,109.08,109.09,104.12,105.91,203600.0
Textiles - Processing,2026-08-11,105.38,112.6,103.83,110.34,428598.0
Textiles - Processing,2026-08-12,101.23,104.49,101.09,101.2,108894.0
Textiles - Processing,2026-08-13,99.91,99.97,92.73,92.96,138161.0
Textiles - Processing,2026-08-14,151.76,156.44,147.96,149.49,61021.0
Textiles - Processing,2026-08-17,147.56,152.3,145.72,148.6,24581.0
Textiles - Processing,2026-08-18,149.64,150.78,147.42,148.37,13043.0
Textiles - Processing,2026-08-19,153.07,153.07,147.07,149.98,19512.0
Textiles - Processing,2026-08-20,150.0,155.5,149.26,150.52,72508.0
Textiles - Processing,2026-08-21,151.32,155.17,150.3,153.03,48208.0
Textiles - Processing,2026-08-24,148.16,155.52,148.16,151.18,48192.0
Textiles - Processing,2026-08-25,152.76,155.52,148.83,150.01,28749.0
Textiles - Processing,2026-08-26,151.84,152.16,149.51,149.91,11072.0
Textiles - Processing,2026-08-27,150.7,151.53,148.89,149.0,9557.0
Transport - Logistics,2026-05-27,99.37,101.28,97.86,100.0,946315.0
Transport - Logistics,2026-05-28,100.0,100.0,100.0,100.0,0.0
Transport - Logistics,2026-05-29,99.82,100.4,95.76,96.66,1051801.0
Transport - Logistics,2026-06-01,98.23,100.25,95.84,96.6,1265600.0
Transport - Logistics,2026-06-02,95.96,97.32,94.99,96.58,824129.0
Transport - Logistics,2026-06-03,96.28,98.61,94.8,97.44,776361.0
Transport - Logistics,2026-06-04,97.17,98.87,96.13,97.6,816879.0
Transport - Logistics,2026-06-05,97.35,98.31,96.2,97.09,1105828.0
Transport - Logistics,2026-06-08,95.87,96.47,94.13,94.78,756646.0
Transport - Logistics,2026-06-09,95.31,98.39,94.85,97.85,947777.0
Transport - Logistics,2026-06-10,97.36,98.91,96.49,97.08,715715.0
Transport - Logistics,2026-06-11,96.26,97.83,95.51,96.6,683927.0
Transport - Logistics,2026-06-12,98.29,100.68,97.3,99.94,1440271.0
Transport - Logistics,2026-06-15,101.81,104.35,101.31,102.76,1619980.0
Transport - Logistics,2026-06-16,103.36,103.89,101.55,102.35,1755332.0
Transport - Logistics,2026-06-17,102.93,103.65,102.06,102.95,1143024.0
Transport - Logistics,2026-06-18,103.31,105.37,102.55,104.75,847367.0
Transport - Logistics,2026-06-19,104.69,105.6,103.71,105.03,3906017.0
Transport - Logistics,2026-06-22,105.46,107.01,104.42,105.86,2397349.0
Transport - Logistics,2026-06-23,106.32,106.99,104.14,105.01,1875471.0
Transport - Logistics,2026-06-24,105.36,110.38,104.48,109.31,2915170.0
Transport - Logistics,2026-06-25,109.88,112.84,108.12,110.87,2413440.0
Transport - Logistics,2026-06-26,110.87,110.87,110.87,110.87,0.0
Transport - Logistics,2026-06-29,110.14,110.79,108.19,108.74,1361430.0
Transport - Logistics,2026-06-30,108.97,111.08,108.48,110.08,947263.0
Transport - Logistics,2026-07-01,109.79,111.95,109.31,111.07,2304057.0
Transport - Logistics,2026-07-02,111.52,112.59,110.64,111.8,2084537.0
Transport - Logistics,2026-07-03,112.25,113.19,110.68,111.62,2925738.0
Transport - Logistics,2026-07-06,111.66,112.45,110.65,111.39,1483819.0
Transport - Logistics,2026-07-07,111.22,112.0,109.88,110.82,1274633.0
Transport - Logistics,2026-07-08,108.95,110.05,105.43,106.2,1228440.0
Transport - Logistics,2026-07-09,106.32,109.8,105.98,108.82,2218786.0
Transport - Logistics,2026-07-10,109.66,111.63,109.03,110.28,2318259.0
Transport - Logistics,2026-07-13,108.1,109.91,107.39,109.09,1021161.0
Transport - Logistics,2026-07-14,107.61,109.0,106.52,108.17,2132509.0
Transport - Logistics,2026-07-15,108.57,110.52,107.94,108.93,1592394.0
Transport - Logistics,2026-07-16,109.39,111.67,108.64,110.49,1020757.0
Transport - Logistics,2026-07-17,110.6,111.48,109.11,109.99,1822533.0
Transport - Logistics,2026-07-20,109.38,111.54,107.85,110.32,1881467.0
Transport - Logistics,2026-07-21,110.56,112.46,109.94,111.44,1883054.0
Transport - Logistics,2026-07-22,110.49,111.66,107.94,109.15,1917851.0
Transport - Logistics,2026-07-23,108.6,109.98,106.04,107.19,910978.0
Transport - Logistics,2026-07-24,106.13,108.32,104.81,107.12,1167397.0
Transport - Logistics,2026-07-27,109.12,112.21,108.35,111.14,2237030.0
Transport - Logistics,2026-07-28,111.47,112.25,110.28,111.41,1496411.0
Transport - Logistics,2026-07-29,111.65,112.26,109.52,110.9,922801.0
Transport - Logistics,2026-07-30,110.11,111.21,109.18,110.03,700621.0
Transport - Logistics,2026-07-31,110.69,112.07,108.66,109.93,999682.0
Transport - Logistics,2026-08-03,111.73,113.82,110.93,113.06,1004494.0
Transport - Logistics,2026-08-04,113.32,114.14,111.32,112.63,1186104.0
Transport - Logistics,2026-08-05,114.06,115.39,112.23,113.11,1113046.0
Transport - Logistics,2026-08-06,113.19,114.57,111.03,112.14,16068616.0
Transport - Logistics,2026-08-07,111.53,113.25,110.78,111.75,8251958.0
Transport - Logistics,2026-08-10,111.18,112.82,110.58,111.74,7895634.0
Transport - Logistics,2026-08-11,111.78,112.59,109.74,111.25,8177819.0
Transport - Logistics,2026-08-12,111.21,112.83,110.18,112.1,6976335.0
Transport - Logistics,2026-08-13,112.18,113.43,110.94,112.68,3907216.0
Transport - Logistics,2026-08-14,135.52,136.15,133.22,133.52,3059203.0
Transport - Logistics,2026-08-17,132.67,134.16,131.64,132.48,1826468.0
Transport - Logistics,2026-08-18,131.39,132.75,129.51,131.37,1569076.0
Transport - Logistics,2026-08-19,130.82,131.69,129.39,130.7,1571598.0
Transport - Logistics,2026-08-20,131.55,132.12,129.73,130.31,2626277.0
Transport - Logistics,2026-08-21,130.17,130.94,127.88,129.22,12607837.0
Transport - Logistics,2026-08-24,129.11,131.06,128.34,129.44,17860660.0
Transport - Logistics,2026-08-25,128.9,131.92,128.19,130.89,6643171.0
Transport - Logistics,2026-08-26,131.91,132.89,130.5,131.75,7492774.0
Transport - Logistics,2026-08-27,131.75,132.83,129.58,130.98,3329627.0
Transport - Shipping,2026-05-27,99.25,101.08,97.44,100.0,2317577.0
Transport - Shipping,2026-05-28,100.0,100.0,100.0,100.0,0.0
Transport - Shipping,2026-05-29,100.85,101.05,97.21,98.44,2632206.0
Transport - Shipping,2026-06-01,99.78,101.42,97.62,98.68,2309972.0
Transport - Shipping,2026-06-02,99.27,101.64,98.44,100.46,4008052.0
Transport - Shipping,2026-06-03,100.48,102.04,98.22,99.16,2609768.0
Transport - Shipping,2026-06-04,98.6,101.62,98.43,100.07,1592934.0
Transport - Shipping,2026-06-05,100.93,101.91,97.16,97.51,11266161.0
Transport - Shipping,2026-06-08,96.94,98.98,95.39,97.74,2272514.0
Transport - Shipping,2026-06-09,97.2,99.59,96.93,98.6,1905586.0
Transport - Shipping,2026-06-10,99.05,99.63,96.04,96.66,1790365.0
Transport - Shipping,2026-06-11,97.1,99.66,95.73,96.83,3588612.0
Transport - Shipping,2026-06-12,97.93,98.55,94.46,97.08,1864680.0
Transport - Shipping,2026-06-15,99.52,101.5,97.94,99.09,8520030.0
Transport - Shipping,2026-06-16,98.45,101.09,96.87,97.24,1922859.0
Transport - Shipping,2026-06-17,97.3,98.11,83.47,84.27,2015956.0
Transport - Shipping,2026-06-18,83.98,88.77,82.25,85.63,3024398.0
Transport - Shipping,2026-06-19,85.91,87.25,84.38,86.68,2974295.0
Transport - Shipping,2026-06-22,86.42,88.06,85.05,87.22,8504902.0
Transport - Shipping,2026-06-23,87.45,89.95,86.74,88.61,3057286.0
Transport - Shipping,2026-06-24,88.31,92.27,88.03,91.4,4481646.0
Transport - Shipping,2026-06-25,92.56,94.3,89.85,92.91,2261022.0
Transport - Shipping,2026-06-26,92.91,92.91,92.91,92.91,0.0
Transport - Shipping,2026-06-29,92.76,93.41,89.34,90.77,1358216.0
Transport - Shipping,2026-06-30,90.19,91.47,88.16,89.09,1437316.0
Transport - Shipping,2026-07-01,89.87,90.44,87.76,88.85,1357770.0
Transport - Shipping,2026-07-02,88.42,91.18,87.38,90.85,1537992.0
Transport - Shipping,2026-07-03,91.67,93.22,88.65,89.49,1002284.0
Transport - Shipping,2026-07-06,89.13,92.23,87.36,90.25,1789950.0
Transport - Shipping,2026-07-07,90.28,91.11,87.89,88.92,888192.0
Transport - Shipping,2026-07-08,88.64,91.63,86.76,89.0,2358074.0
Transport - Shipping,2026-07-09,88.74,90.26,88.23,88.86,1298230.0
Transport - Shipping,2026-07-10,89.3,90.52,87.34,88.27,1091932.0
Transport - Shipping,2026-07-13,87.81,89.69,87.74,89.18,971668.0
Transport - Shipping,2026-07-14,88.19,89.3,87.79,88.39,1004310.0
Transport - Shipping,2026-07-15,89.3,92.1,87.71,88.68,976434.0
Transport - Shipping,2026-07-16,89.34,90.2,87.83,88.3,1027256.0
Transport - Shipping,2026-07-17,88.71,88.71,84.77,85.81,823232.0
Transport - Shipping,2026-07-20,29.1,29.32,28.76,28.98,977307.0
Transport - Shipping,2026-07-21,85.42,86.14,82.81,84.9,679681.0
Transport - Shipping,2026-07-22,87.09,87.6,83.54,84.64,926099.0
Transport - Shipping,2026-07-23,83.88,86.54,83.57,86.25,712452.0
Transport - Shipping,2026-07-24,86.5,87.16,84.45,86.29,1205186.0
Transport - Shipping,2026-07-27,88.39,90.3,86.6,87.5,1126201.0
Transport - Shipping,2026-07-28,87.57,89.54,86.78,88.68,749486.0
Transport - Shipping,2026-07-29,88.57,90.23,88.06,88.71,543749.0
Transport - Shipping,2026-07-30,88.34,89.84,87.58,88.07,464418.0
Transport - Shipping,2026-07-31,28.85,30.23,28.71,30.09,3464200.0
Transport - Shipping,2026-08-03,92.51,93.74,88.83,90.34,1035430.0
Transport - Shipping,2026-08-04,90.22,93.42,90.22,91.96,4488475.0
Transport - Shipping,2026-08-05,92.17,95.41,91.93,93.46,1221732.0
Transport - Shipping,2026-08-06,94.68,95.12,91.92,93.14,2829547.0
Transport - Shipping,2026-08-07,93.78,96.53,91.85,94.6,6925628.0
Transport - Shipping,2026-08-10,95.49,96.22,92.94,94.41,1383772.0
Transport - Shipping,2026-08-11,95.09,95.69,94.22,95.05,944250.0
Transport - Shipping,2026-08-12,95.77,96.18,92.02,93.99,1379662.0
Transport - Shipping,2026-08-13,94.78,95.44,93.56,94.31,1018134.0
Transport - Shipping,2026-08-14,92.92,95.78,91.25,94.69,692854.0
Transport - Shipping,2026-08-17,95.54,96.97,93.99,95.38,870906.0
Transport - Shipping,2026-08-18,95.31,97.9,95.22,96.56,1399668.0
Transport - Shipping,2026-08-19,97.26,100.5,95.96,99.69,1065421.0
Transport - Shipping,2026-08-20,100.51,104.11,99.29,102.74,911985.0
Transport - Shipping,2026-08-21,102.86,103.87,100.49,101.44,575344.0
Transport - Shipping,2026-08-24,102.06,103.18,99.22,100.33,568936.0
Transport - Shipping,2026-08-25,99.86,101.03,99.42,100.03,818492.0
Transport - Shipping,2026-08-26,100.42,101.3,98.99,100.49,749696.0
Transport - Shipping,2026-08-27,100.64,101.75,97.54,98.96,1938027.0
Utility - Gas,2026-05-27,97.13,101.01,96.28,100.0,11015870.0
Utility - Gas,2026-05-28,100.0,100.0,100.0,100.0,0.0
Utility - Gas,2026-05-29,100.77,104.12,97.1,99.22,14825335.0
Utility - Gas,2026-06-01,99.96,102.26,96.48,98.33,7245718.0
Utility - Gas,2026-06-02,98.08,99.8,96.36,98.58,5213146.0
Utility - Gas,2026-06-03,98.72,99.36,96.15,97.41,2953710.0
Utility - Gas,2026-06-04,97.03,99.13,96.3,97.98,4297170.0
Utility - Gas,2026-06-05,98.42,100.8,97.72,99.53,4075581.0
Utility - Gas,2026-06-08,98.28,99.99,96.68,97.56,2943677.0
Utility - Gas,2026-06-09,97.94,99.4,96.63,98.6,2804238.0
Utility - Gas,2026-06-10,98.9,101.44,97.59,99.08,4369994.0
Utility - Gas,2026-06-11,98.96,104.61,97.39,101.69,11595636.0
Utility - Gas,2026-06-12,103.54,105.9,101.58,104.27,7112883.0
Utility - Gas,2026-06-15,105.98,109.13,103.89,107.29,6511139.0
Utility - Gas,2026-06-16,107.62,109.85,106.29,108.72,4068621.0
Utility - Gas,2026-06-17,109.01,111.47,108.23,109.83,3199463.0
Utility - Gas,2026-06-18,109.92,111.62,108.57,110.45,2964260.0
Utility - Gas,2026-06-19,110.37,111.75,109.35,110.38,3374386.0
Utility - Gas,2026-06-22,110.76,114.97,110.02,113.71,3333734.0
Utility - Gas,2026-06-23,113.59,114.12,111.07,111.79,2565628.0
Utility - Gas,2026-06-24,111.61,112.78,110.14,111.45,2269382.0
Utility - Gas,2026-06-25,112.17,115.2,110.12,113.04,4481158.0
Utility - Gas,2026-06-26,113.04,113.04,113.04,113.04,0.0
Utility - Gas,2026-06-29,112.35,115.5,109.26,113.24,3861130.0
Utility - Gas,2026-06-30,113.36,116.48,111.6,114.22,3349896.0
Utility - Gas,2026-07-01,113.85,118.41,112.49,116.15,2757798.0
Utility - Gas,2026-07-02,116.02,119.21,114.03,117.48,2479423.0
Utility - Gas,2026-07-03,116.97,118.83,113.95,116.73,2419462.0
Utility - Gas,2026-07-06,116.53,120.91,115.67,119.27,1912814.0
Utility - Gas,2026-07-07,119.13,120.58,115.91,118.42,2845156.0
Utility - Gas,2026-07-08,117.26,118.0,111.47,112.07,4139393.0
Utility - Gas,2026-07-09,112.06,115.54,110.32,113.85,3235288.0
Utility - Gas,2026-07-10,114.74,117.03,112.69,114.36,2366394.0
Utility - Gas,2026-07-13,113.46,116.94,112.51,115.32,1467252.0
Utility - Gas,2026-07-14,114.78,116.92,110.41,113.24,2005845.0
Utility - Gas,2026-07-15,113.71,117.36,112.51,115.68,2136651.0
Utility - Gas,2026-07-16,115.42,117.48,113.41,114.88,3306074.0
Utility - Gas,2026-07-17,106.41,108.03,104.66,106.8,2436546.0
Utility - Gas,2026-07-20,106.65,109.59,105.71,107.52,1905666.0
Utility - Gas,2026-07-21,107.58,108.41,103.83,105.0,2272884.0
Utility - Gas,2026-07-22,105.65,107.06,104.0,105.45,2569351.0
Utility - Gas,2026-07-23,105.21,107.15,103.51,104.65,1847568.0
Utility - Gas,2026-07-24,104.06,105.1,102.05,104.26,1770192.0
Utility - Gas,2026-07-27,104.73,105.98,102.55,103.57,2322338.0
Utility - Gas,2026-07-28,103.71,104.65,101.29,102.35,3232091.0
Utility - Gas,2026-07-29,102.45,104.81,101.79,103.81,1796904.0
Utility - Gas,2026-07-30,103.93,105.92,101.33,103.17,1883441.0
Utility - Gas,2026-07-31,103.55,106.45,101.99,104.33,6241693.0
Utility - Gas,2026-08-03,104.83,108.91,103.89,107.59,6475961.0
Utility - Gas,2026-08-04,107.49,108.38,105.94,106.65,3185430.0
Utility - Gas,2026-08-05,107.21,108.72,106.18,107.35,2474099.0
Utility - Gas,2026-08-06,107.72,110.9,105.39,107.66,3069335.0
Utility - Gas,2026-08-07,108.21,110.29,105.5,106.93,1743240.0
Utility - Gas,2026-08-10,107.09,107.93,104.37,105.55,1943225.0
Utility - Gas,2026-08-11,105.77,107.19,103.94,105.29,2932201.0
Utility - Gas,2026-08-12,106.12,107.08,103.32,104.03,2854348.0
Utility - Gas,2026-08-13,104.75,106.26,102.97,104.07,3590326.0
Utility - Gas,2026-08-14,100.76,103.73,100.38,101.79,2402842.0
Utility - Gas,2026-08-17,101.81,103.5,100.56,101.84,1510142.0
Utility - Gas,2026-08-18,101.66,104.58,101.07,103.69,2669420.0
Utility - Gas,2026-08-19,105.04,107.16,102.87,104.11,5420342.0
Utility - Gas,2026-08-20,104.83,105.57,102.84,103.63,1800456.0
Utility - Gas,2026-08-21,103.61,107.5,102.3,105.25,2369772.0
Utility - Gas,2026-08-24,105.55,107.12,102.57,103.32,2034682.0
Utility - Gas,2026-08-25,103.83,104.28,101.21,101.79,2105556.0
Utility - Gas,2026-08-26,102.06,103.05,101.18,102.32,1664502.0
Utility - Gas,2026-08-27,113.37,113.72,110.7,111.22,1668482.0
Utility - Misc,2026-05-27,98.78,102.71,98.01,100.0,1899437.0
Utility - Misc,2026-05-28,100.0,100.0,100.0,100.0,0.0
Utility - Misc,2026-05-29,100.11,109.99,100.11,106.26,5422010.0
Utility - Misc,2026-06-01,105.83,106.26,98.31,99.51,3374692.0
Utility - Misc,2026-06-02,97.99,109.45,93.99,109.45,4572557.0
Utility - Misc,2026-06-03,110.0,120.4,110.0,120.4,13245255.0
Utility - Misc,2026-06-04,122.3,126.32,116.02,120.56,7910840.0
Utility - Misc,2026-06-05,120.65,124.16,114.94,121.68,3889694.0
Utility - Misc,2026-06-08,121.68,125.43,119.16,121.35,2236361.0
Utility - Misc,2026-06-09,120.73,122.61,117.59,118.38,1574677.0
Utility - Misc,2026-06-10,119.13,119.13,112.28,114.33,3058277.0
Utility - Misc,2026-06-11,114.33,119.16,112.42,113.77,1851024.0
Utility - Misc,2026-06-12,116.02,117.43,108.98,110.41,1773569.0
Utility - Misc,2026-06-15,110.52,113.83,105.83,111.4,1923562.0
Utility - Misc,2026-06-16,111.95,115.05,107.56,109.22,1383732.0
Utility - Misc,2026-06-17,109.13,110.05,105.06,106.05,1524287.0
Utility - Misc,2026-06-18,106.62,115.71,105.91,106.44,2624100.0
Utility - Misc,2026-06-19,108.03,111.38,105.22,110.44,4124933.0
Utility - Misc,2026-06-22,113.67,114.3,108.11,108.5,1190150.0
Utility - Misc,2026-06-23,108.97,111.29,103.95,109.25,2003245.0
Utility - Misc,2026-06-24,108.18,117.59,107.54,115.15,12593883.0
Utility - Misc,2026-06-25,115.71,116.64,111.32,112.68,3302017.0
Utility - Misc,2026-06-26,112.68,112.68,112.68,112.68,0.0
Utility - Misc,2026-06-29,112.89,115.11,109.0,112.06,4377488.0
Utility - Misc,2026-06-30,112.26,117.12,110.22,114.68,6762907.0
Utility - Misc,2026-07-01,117.98,122.06,117.06,120.56,6505900.0
Utility - Misc,2026-07-02,122.92,126.06,119.76,121.39,4071416.0
Utility - Misc,2026-07-03,121.93,121.93,113.03,116.29,4472397.0
Utility - Misc,2026-07-06,116.78,118.53,113.23,114.41,1169045.0
Utility - Misc,2026-07-07,113.67,114.44,109.14,110.33,1735019.0
Utility - Misc,2026-07-08,109.42,114.27,107.01,108.64,1990573.0
Utility - Misc,2026-07-09,108.8,114.74,108.8,113.39,1331851.0
Utility - Misc,2026-07-10,113.53,121.04,112.61,119.87,3329980.0
Utility - Misc,2026-07-13,118.94,121.98,115.71,118.14,1511454.0
Utility - Misc,2026-07-14,118.14,118.14,113.78,115.43,1652325.0
Utility - Misc,2026-07-15,115.43,119.16,114.47,118.14,1230780.0
Utility - Misc,2026-07-16,118.12,120.73,114.71,118.42,1755867.0
Utility - Misc,2026-07-17,119.14,119.14,111.87,114.64,2135928.0
Utility - Misc,2026-07-20,115.3,120.73,113.5,120.19,3877073.0
Utility - Misc,2026-07-21,120.73,120.73,117.62,118.61,1574754.0
Utility - Misc,2026-07-22,119.79,119.79,116.2,117.22,875846.0
Utility - Misc,2026-07-23,119.93,122.44,114.85,116.73,2971455.0
Utility - Misc,2026-07-24,116.65,124.65,115.24,122.77,3047292.0
Utility - Misc,2026-07-27,124.49,130.13,122.33,127.06,8619919.0
Utility - Misc,2026-07-28,128.1,128.1,119.32,121.5,3344524.0
Utility - Misc,2026-07-29,122.14,124.96,120.87,122.73,1713119.0
Utility - Misc,2026-07-30,124.96,124.96,120.57,122.72,1716785.0
Utility - Misc,2026-07-31,122.72,126.92,121.67,124.9,3040473.0
Utility - Misc,2026-08-03,125.48,132.33,125.43,131.34,5300850.0
Utility - Misc,2026-08-04,132.94,132.94,125.6,128.69,2152778.0
Utility - Misc,2026-08-05,130.61,132.74,127.0,128.25,1874656.0
Utility - Misc,2026-08-06,128.74,130.12,121.93,124.47,1931883.0
Utility - Misc,2026-08-07,125.27,127.78,124.82,127.44,1311439.0
Utility - Misc,2026-08-10,128.57,135.47,127.44,129.73,5858829.0
Utility - Misc,2026-08-11,130.37,134.84,117.87,122.95,15164879.0
Utility - Misc,2026-08-12,123.41,123.72,113.69,115.74,4555642.0
Utility - Misc,2026-08-13,116.18,117.26,112.89,115.71,2498663.0
Utility - Misc,2026-08-14,115.96,115.96,112.2,112.87,1331828.0
Utility - Misc,2026-08-17,113.5,115.07,111.96,113.75,1010011.0
Utility - Misc,2026-08-18,113.99,114.85,108.18,109.6,1806579.0
Utility - Misc,2026-08-19,110.05,115.85,109.63,113.66,3849623.0
Utility - Misc,2026-08-20,114.46,115.46,112.26,113.14,1976323.0
Utility - Misc,2026-08-21,113.61,119.47,111.65,117.28,3819920.0
Utility - Misc,2026-08-24,119.79,119.79,112.5,113.11,3160735.0
Utility - Misc,2026-08-25,115.16,122.95,112.26,122.06,8227545.0
Utility - Misc,2026-08-26,121.98,129.35,121.83,124.95,7543729.0
Utility - Misc,2026-08-27,124.9,126.78,122.64,123.88,2291211.0
