Symbol,Date,Open,Close,High,Low,Volume
AARTIIND,2026-03-27,420.95,417.4,435.5,401.65,3364399.0
AARTIIND,2026-04-03,413.5,408.7,416.9,395.9,2582001.0
AARTIIND,2026-04-10,408.7,423.75,432.0,394.6,3509617.0
AARTIIND,2026-04-17,418.0,440.85,442.5,410.0,7849560.0
AARTIIND,2026-04-24,442.8,472.75,480.2,436.1,5689518.0
AARTIIND,2026-05-01,478.0,507.5,512.4,477.1,7960118.0
AARTIIND,2026-05-08,513.0,485.45,523.1,475.55,11727331.0
AARTIIND,2026-05-15,482.0,466.25,498.0,458.25,3994365.0
AARTIIND,2026-05-22,461.0,476.2,484.8,440.6,3878905.0
AARTIIND,2026-05-29,479.0,475.0,501.4,470.6,3115035.0
AARTIIND,2026-06-05,474.9,458.05,478.8,454.45,2585788.0
AARTIIND,2026-06-12,452.0,440.6,454.95,424.0,2445504.0
AARTIIND,2026-06-19,448.0,484.5,504.9,448.0,25429213.0
AARTIIND,2026-06-26,485.25,466.05,494.5,461.5,3447756.0
AARTIIND,2026-07-03,466.05,487.7,489.7,454.5,3618007.0
AARTIIND,2026-07-10,485.3,484.1,501.0,462.05,3254170.0
AARTIIND,2026-07-17,482.45,493.95,510.9,477.05,7298828.0
AARTIIND,2026-07-24,492.7,477.8,504.8,469.0,2916067.0
AARTIIND,2026-07-31,480.0,489.1,516.95,475.1,12665724.0
AARTIIND,2026-08-07,486.35,502.1,510.0,480.55,5743926.0
AARTIIND,2026-08-14,501.3,534.1,541.7,496.05,12720204.0
AARTIIND,2026-08-21,534.1,527.2,537.9,516.2,4766854.0
AARTIIND,2026-08-28,529.45,540.35,551.75,525.4,5203473.0
AARTIIND,2026-09-04,540.6,492.05,540.6,490.0,3488338.0
AARTIIND,2026-09-11,493.25,492.7,511.95,486.5,2916120.0
AARTIIND,2026-09-18,492.7,491.15,494.5,459.55,2167637.0
AARTIIND,2026-09-25,483.0,489.25,504.8,481.05,2280027.0
AARTIPHARM,2026-03-27,640.95,608.85,657.1,602.5,1310753.0
AARTIPHARM,2026-04-03,611.3,645.65,654.8,585.0,889945.0
AARTIPHARM,2026-04-10,655.0,689.05,704.0,631.8,696754.0
AARTIPHARM,2026-04-17,687.3,697.75,711.0,687.0,568706.0
AARTIPHARM,2026-04-24,696.0,692.95,709.9,669.05,793586.0
AARTIPHARM,2026-05-01,690.0,740.25,753.4,689.05,1226679.0
AARTIPHARM,2026-05-08,751.35,766.2,814.0,742.5,1601568.0
AARTIPHARM,2026-05-15,763.6,711.75,777.8,702.9,732452.0
AARTIPHARM,2026-05-22,705.0,713.1,727.25,687.05,498836.0
AARTIPHARM,2026-05-29,714.15,633.25,741.4,626.0,1696064.0
AARTIPHARM,2026-06-05,635.0,628.3,659.7,605.0,1241073.0
AARTIPHARM,2026-06-12,614.95,641.15,644.0,604.15,809133.0
AARTIPHARM,2026-06-19,654.05,691.8,706.0,635.85,1166174.0
AARTIPHARM,2026-06-26,691.8,690.7,743.6,673.85,2452381.0
AARTIPHARM,2026-07-03,691.05,706.35,718.95,670.6,1221561.0
AARTIPHARM,2026-07-10,708.0,709.45,713.45,681.1,662281.0
AARTIPHARM,2026-07-17,707.0,707.9,735.0,698.05,713764.0
AARTIPHARM,2026-07-24,707.0,673.8,713.4,654.0,791781.0
AARTIPHARM,2026-07-31,685.0,667.15,692.95,650.8,561377.0
AARTIPHARM,2026-08-07,670.8,685.85,706.0,670.65,755249.0
AARTIPHARM,2026-08-14,763.0,851.2,932.6,763.0,22551265.0
AARTIPHARM,2026-08-21,860.0,816.8,892.0,806.4,1950279.0
AARTIPHARM,2026-08-28,817.0,840.7,862.0,808.8,2246715.0
AARTIPHARM,2026-09-04,839.9,858.8,886.95,829.0,2222520.0
AARTIPHARM,2026-09-11,861.0,826.95,894.7,814.0,2309996.0
AARTIPHARM,2026-09-18,826.95,820.4,845.7,765.0,2910435.0
AARTIPHARM,2026-09-25,820.0,939.55,962.0,811.2,8242834.0
ABB,2026-03-27,6264.0,6105.0,6290.0,5975.0,1212641.0
ABB,2026-04-03,5995.0,6142.0,6188.5,5911.0,957375.0
ABB,2026-04-10,6150.0,6859.5,6905.5,6081.5,2529931.0
ABB,2026-04-17,6725.0,7029.5,7083.0,6688.0,1927238.0
ABB,2026-04-24,7054.5,7328.5,7822.5,6993.5,3270167.0
ABB,2026-05-01,7330.5,7230.0,7490.0,7102.0,1252697.0
ABB,2026-05-08,7269.0,7012.5,7389.0,6991.5,1782110.0
ABB,2026-05-15,6662.0,6381.0,6687.0,6171.5,4339463.0
ABB,2026-05-22,6310.0,6689.5,6741.0,6225.0,2132034.0
ABB,2026-05-29,6734.0,7253.0,7340.0,6712.5,2204939.0
ABB,2026-06-05,7253.0,7167.5,7327.0,6957.0,1821639.0
ABB,2026-06-12,7105.5,6770.5,7129.5,6653.0,1410776.0
ABB,2026-06-19,6880.0,7248.0,7304.0,6821.0,1374234.0
ABB,2026-06-26,7250.0,6993.0,7290.5,6935.0,848420.0
ABB,2026-07-03,7000.0,6950.5,7268.0,6752.0,2039833.0
ABB,2026-07-10,6985.5,6836.0,7107.0,6725.0,1028206.0
ABB,2026-07-17,6800.0,7506.0,7924.5,6715.5,4193466.0
ABB,2026-07-24,7495.5,7375.5,7684.5,7333.0,1302212.0
ABB,2026-07-31,7419.0,7284.5,7485.0,7085.0,1920313.0
ABB,2026-08-07,7243.5,7600.0,7894.5,7243.0,2531837.0
ABB,2026-08-14,7639.5,7649.0,7825.0,7535.0,868875.0
ABB,2026-08-21,7652.5,7424.0,7760.0,7391.5,688533.0
ABB,2026-08-28,7460.0,7509.0,7699.0,7429.5,784951.0
ABB,2026-09-04,7488.0,7410.0,7638.5,7258.0,948206.0
ABB,2026-09-11,7410.0,7274.0,7480.0,7173.0,873474.0
ABB,2026-09-18,7274.0,7270.5,7307.0,6905.5,900895.0
ABB,2026-09-25,7240.0,7052.5,7405.5,7025.0,671660.0
ABBOTINDIA,2026-03-27,26570.0,26135.0,27100.0,25350.0,48659.0
ABBOTINDIA,2026-04-03,26055.0,26285.0,26550.0,25720.0,33962.0
ABBOTINDIA,2026-04-10,26285.0,25780.0,26440.0,25600.0,42787.0
ABBOTINDIA,2026-04-17,25560.0,25785.0,26150.0,25310.0,44665.0
ABBOTINDIA,2026-04-24,25890.0,25180.0,25890.0,25150.0,87827.0
ABBOTINDIA,2026-05-01,25320.0,25435.0,25770.0,25180.0,70321.0
ABBOTINDIA,2026-05-08,25480.0,26700.0,27100.0,25175.0,79811.0
ABBOTINDIA,2026-05-15,26700.0,27940.0,28100.0,26335.0,94908.0
ABBOTINDIA,2026-05-22,27985.0,27830.0,28280.0,27185.0,38675.0
ABBOTINDIA,2026-05-29,27885.0,26855.0,27965.0,26630.0,41768.0
ABBOTINDIA,2026-06-05,27095.0,26035.0,27175.0,25750.0,30983.0
ABBOTINDIA,2026-06-12,26035.0,26280.0,26770.0,25670.0,41332.0
ABBOTINDIA,2026-06-19,26555.0,26215.0,26580.0,25830.0,39738.0
ABBOTINDIA,2026-06-26,26490.0,25585.0,26490.0,25335.0,51830.0
ABBOTINDIA,2026-07-03,25800.0,25895.0,26120.0,25200.0,77628.0
ABBOTINDIA,2026-07-10,26070.0,27165.0,27350.0,26025.0,82080.0
ABBOTINDIA,2026-07-17,27490.0,28055.0,28170.0,27170.0,58203.0
ABBOTINDIA,2026-07-24,28055.0,28005.0,28940.0,27650.0,78741.0
ABBOTINDIA,2026-07-31,28015.0,27800.0,28155.0,27430.0,32862.0
ABBOTINDIA,2026-08-07,27950.0,27835.0,28045.0,27600.0,29047.0
ABBOTINDIA,2026-08-14,27950.0,27060.0,28635.0,27000.0,76805.0
ABBOTINDIA,2026-08-21,27145.0,26230.0,27150.0,25905.0,39450.0
ABBOTINDIA,2026-08-28,26155.0,26175.0,26745.0,26030.0,38822.0
ABBOTINDIA,2026-09-04,26300.0,26065.0,26365.0,25710.0,35219.0
ABBOTINDIA,2026-09-11,26150.0,25550.0,26195.0,25135.0,39368.0
ABBOTINDIA,2026-09-18,25690.0,27270.0,27490.0,25500.0,59890.0
ABBOTINDIA,2026-09-25,27200.0,26955.0,27490.0,26780.0,23095.0
ABDL,2026-03-27,408.65,397.05,416.9,382.1,3311187.0
ABDL,2026-04-03,395.1,423.85,428.2,388.0,2326821.0
ABDL,2026-04-10,423.8,509.4,513.2,413.1,4087938.0
ABDL,2026-04-17,500.0,573.8,576.0,489.6,3052023.0
ABDL,2026-04-24,575.0,558.3,588.0,548.65,1559769.0
ABDL,2026-05-01,563.45,531.8,564.8,528.0,1000430.0
ABDL,2026-05-08,535.0,591.3,600.0,525.0,1896606.0
ABDL,2026-05-15,593.0,555.35,599.0,532.8,1946484.0
ABDL,2026-05-22,555.35,536.3,555.35,505.15,1470344.0
ABDL,2026-05-29,541.0,558.3,566.8,534.0,1000863.0
ABDL,2026-06-05,567.65,580.7,589.6,542.0,1341291.0
ABDL,2026-06-12,575.0,644.45,646.95,560.0,3964381.0
ABDL,2026-06-19,648.95,631.25,652.6,620.5,1457544.0
ABDL,2026-06-26,634.4,622.3,642.0,610.15,855861.0
ABDL,2026-07-03,624.05,655.15,675.95,624.05,3076937.0
ABDL,2026-07-10,655.15,648.75,711.7,645.05,5890243.0
ABDL,2026-07-17,645.0,616.55,645.0,610.3,2270176.0
ABDL,2026-07-24,622.35,620.75,630.95,580.0,1677762.0
ABDL,2026-07-31,630.0,619.5,655.0,613.7,1506224.0
ABDL,2026-08-07,619.5,599.25,631.0,584.75,1781557.0
ABDL,2026-08-14,598.5,599.45,638.0,591.1,2015191.0
ABDL,2026-08-21,601.9,595.0,617.9,584.3,1268643.0
ABDL,2026-08-28,607.9,610.0,643.9,592.2,2120808.0
ABDL,2026-09-04,610.0,609.95,628.8,600.25,886124.0
ABDL,2026-09-11,609.9,632.5,636.9,586.55,1818095.0
ABDL,2026-09-18,632.5,647.6,659.55,619.0,2974518.0
ABDL,2026-09-25,649.95,715.05,753.8,631.7,14202214.0
ACE,2026-03-27,821.0,780.7,834.7,777.15,1118253.0
ACE,2026-04-03,775.0,817.6,820.0,745.1,935327.0
ACE,2026-04-10,820.0,909.35,913.0,805.3,2310727.0
ACE,2026-04-17,893.05,917.05,924.0,873.05,1279804.0
ACE,2026-04-24,921.0,907.25,954.8,900.0,2317972.0
ACE,2026-05-01,913.5,887.65,923.0,882.0,732423.0
ACE,2026-05-08,896.1,947.25,966.75,845.55,5657083.0
ACE,2026-05-15,946.9,888.25,946.9,872.2,1862403.0
ACE,2026-05-22,883.05,881.9,903.85,856.1,1491708.0
ACE,2026-05-29,886.5,884.95,926.25,879.0,1181326.0
ACE,2026-06-05,890.0,900.3,909.0,850.5,909107.0
ACE,2026-06-12,880.65,931.05,934.85,862.0,2146112.0
ACE,2026-06-19,943.0,975.65,984.95,922.5,2607326.0
ACE,2026-06-26,975.65,988.1,1047.0,975.65,2166797.0
ACE,2026-07-03,988.0,989.9,1037.9,978.8,1710118.0
ACE,2026-07-10,990.4,989.0,1016.9,962.4,1115830.0
ACE,2026-07-17,989.0,987.4,1018.7,962.0,1833219.0
ACE,2026-07-24,987.4,1039.4,1081.8,957.8,9547487.0
ACE,2026-07-31,1050.0,1070.3,1087.5,1032.6,2290661.0
ACE,2026-08-07,1072.0,1094.3,1149.0,1071.4,2449710.0
ACE,2026-08-14,1094.3,1085.6,1119.2,1062.3,1301990.0
ACE,2026-08-21,1085.0,1182.2,1196.0,1081.7,3243844.0
ACE,2026-08-28,1192.0,1140.6,1192.0,1128.2,1110006.0
ACE,2026-09-04,1149.0,1125.4,1189.0,1073.8,1556237.0
ACE,2026-09-11,1125.4,1129.0,1163.0,1086.1,1388021.0
ACE,2026-09-18,1129.0,1229.2,1241.5,1102.0,2325411.0
ACE,2026-09-25,1243.0,1226.6,1268.0,1212.1,1556522.0
ACUTAAS,2026-03-27,2361.5,2545.0,2580.0,2244.9,3590743.0
ACUTAAS,2026-04-03,2515.0,2110.2,2634.8,2095.0,3409672.0
ACUTAAS,2026-04-10,2107.0,2362.2,2394.0,2073.0,2528443.0
ACUTAAS,2026-04-17,2325.0,2361.7,2443.0,2255.6,1801705.0
ACUTAAS,2026-04-24,2362.9,2395.0,2468.4,2338.0,1440637.0
ACUTAAS,2026-05-01,2410.0,2594.1,2710.0,2388.4,3870600.0
ACUTAAS,2026-05-08,2629.7,2734.3,2759.0,2538.0,2886672.0
ACUTAAS,2026-05-15,2745.0,2731.0,2849.9,2702.8,2249819.0
ACUTAAS,2026-05-22,2725.0,2951.2,3025.0,2714.5,2511005.0
ACUTAAS,2026-05-29,2920.0,3132.5,3184.9,2864.2,1674053.0
ACUTAAS,2026-06-05,3176.7,3328.3,3348.9,2902.0,2440093.0
ACUTAAS,2026-06-12,3232.0,3145.3,3444.3,3070.0,2334283.0
ACUTAAS,2026-06-19,3249.9,3246.2,3261.0,2960.2,1801284.0
ACUTAAS,2026-06-26,3262.6,3300.0,3319.6,3170.2,968544.0
ACUTAAS,2026-07-03,3315.0,3694.8,3730.9,3245.5,3532084.0
ACUTAAS,2026-07-10,3694.8,3400.8,3740.0,3348.0,2342009.0
ACUTAAS,2026-07-17,3376.5,3619.4,3634.0,3363.6,1082842.0
ACUTAAS,2026-07-24,3619.4,3259.5,3700.0,3209.0,2166107.0
ACUTAAS,2026-07-31,3273.9,3104.9,3477.0,3062.1,2994481.0
ACUTAAS,2026-08-07,3100.0,3297.9,3328.0,3025.0,1325351.0
ACUTAAS,2026-08-14,3297.9,3235.6,3314.0,3081.2,1161431.0
ACUTAAS,2026-08-21,3262.0,3169.0,3399.8,3160.0,1379658.0
ACUTAAS,2026-08-28,3189.1,3281.6,3384.0,3138.0,1283227.0
ACUTAAS,2026-09-04,3281.6,3168.5,3321.9,3120.0,1376128.0
ACUTAAS,2026-09-11,3168.5,3383.7,3488.0,3160.0,1923852.0
ACUTAAS,2026-09-18,3383.7,3440.3,3462.0,3188.8,1211311.0
ACUTAAS,2026-09-25,3460.0,3272.5,3509.9,3167.0,1734376.0
ANANDRATHI,2026-03-27,1495.0,1516.3,1539.45,1451.5,1097014.0
ANANDRATHI,2026-04-03,1506.0,1604.1,1612.0,1477.8,1041372.0
ANANDRATHI,2026-04-10,1600.05,1789.25,1801.85,1590.5,6716054.0
ANANDRATHI,2026-04-17,1769.95,1844.9,1867.5,1740.0,2985046.0
ANANDRATHI,2026-04-24,1840.7,1790.45,1855.0,1775.0,1353248.0
ANANDRATHI,2026-05-01,1791.6,1800.8,1820.0,1766.35,1588890.0
ANANDRATHI,2026-05-08,1810.0,1804.4,1849.5,1768.6,2408514.0
ANANDRATHI,2026-05-15,1790.55,1791.55,1809.5,1740.0,3046602.0
ANANDRATHI,2026-05-22,1794.45,1787.75,1822.05,1740.05,2956176.0
ANANDRATHI,2026-05-29,1809.9,1725.35,1839.9,1715.35,6782710.0
ANANDRATHI,2026-06-05,1748.95,1753.3,1821.3,1721.0,5308868.0
ANANDRATHI,2026-06-12,1747.0,1765.3,1769.7,1710.6,1994348.0
ANANDRATHI,2026-06-19,1789.0,1867.5,1887.0,1753.0,2729438.0
ANANDRATHI,2026-06-26,1900.0,1932.5,1953.6,1848.0,2888264.0
ANANDRATHI,2026-07-03,1920.0,2061.7,2085.0,1896.4,4358953.0
ANANDRATHI,2026-07-10,2080.0,2146.8,2176.2,2024.4,3650415.0
ANANDRATHI,2026-07-17,2140.8,2072.7,2143.0,2052.8,1340790.0
ANANDRATHI,2026-07-24,2073.0,2042.1,2121.2,2002.1,873305.0
ANANDRATHI,2026-07-31,2065.0,2073.7,2089.0,2003.1,691022.0
ANANDRATHI,2026-08-07,2094.0,2101.5,2114.9,2028.5,1260662.0
ANANDRATHI,2026-08-14,2113.0,2174.7,2230.0,2090.0,1467876.0
ANANDRATHI,2026-08-21,2198.0,2188.0,2209.2,2145.1,770163.0
ANANDRATHI,2026-08-28,2175.0,2213.4,2242.0,2151.3,905442.0
ANANDRATHI,2026-09-04,2219.9,2215.9,2239.0,2182.0,1068679.0
ANANDRATHI,2026-09-11,2217.0,2211.0,2255.0,2155.0,1267179.0
ANANDRATHI,2026-09-18,2211.0,2229.4,2268.4,2150.0,1426996.0
ANANDRATHI,2026-09-25,2229.0,2126.8,2234.7,2007.0,1632157.0
APARINDS,2026-03-27,9645.0,10608.0,10798.0,9315.0,582296.0
APARINDS,2026-04-03,10385.0,9832.0,10450.0,9298.5,437235.0
APARINDS,2026-04-10,9844.0,11342.0,11439.5,9676.0,585679.0
APARINDS,2026-04-17,11072.0,11482.0,11779.0,10929.5,610357.0
APARINDS,2026-04-24,11520.0,11532.0,12327.5,11379.5,696798.0
APARINDS,2026-05-01,11707.5,12331.0,12850.0,11636.0,616703.0
APARINDS,2026-05-08,12545.0,12810.0,12900.0,12115.0,544702.0
APARINDS,2026-05-15,12801.0,12650.0,13024.0,12350.0,350765.0
APARINDS,2026-05-22,12571.0,12782.0,13149.0,11864.0,411749.0
APARINDS,2026-05-29,12832.0,13118.0,13580.0,12412.0,746141.0
APARINDS,2026-06-05,13120.0,13878.0,14174.0,12511.0,749514.0
APARINDS,2026-06-12,13335.0,15221.0,15340.0,13208.0,1068167.0
APARINDS,2026-06-19,15600.0,16280.0,16686.0,15373.0,958770.0
APARINDS,2026-06-26,16361.0,16022.0,17157.0,15924.0,589235.0
APARINDS,2026-07-03,16022.0,14174.0,16353.0,13963.0,1260342.0
APARINDS,2026-07-10,14139.0,14058.0,14815.0,13401.0,569581.0
APARINDS,2026-07-17,13950.0,13836.0,14265.0,13500.0,430172.0
APARINDS,2026-07-24,13680.0,13889.0,14685.0,13282.0,760813.0
APARINDS,2026-07-31,14133.0,14348.0,14502.0,13289.0,874506.0
APARINDS,2026-08-07,14400.0,16631.0,16695.0,14321.0,1039161.0
APARINDS,2026-08-14,16660.0,16691.0,18465.0,16333.0,1072083.0
APARINDS,2026-08-21,16700.0,16856.0,17525.0,16199.0,866483.0
APARINDS,2026-08-28,17020.0,17803.0,18075.0,16663.0,645533.0
APARINDS,2026-09-04,17800.0,17421.0,18044.0,16500.0,572613.0
APARINDS,2026-09-11,17501.0,17500.0,18132.0,16686.0,576710.0
APARINDS,2026-09-18,17500.0,18858.0,19080.0,16015.0,676451.0
APARINDS,2026-09-25,18800.0,17776.0,19265.0,17702.0,623291.0
APLAPOLLO,2026-03-27,1965.2,1986.2,2023.5,1890.0,2265886.0
APLAPOLLO,2026-04-03,1970.0,1899.2,2012.5,1834.0,2160601.0
APLAPOLLO,2026-04-10,1904.9,2064.6,2072.0,1859.6,2712659.0
APLAPOLLO,2026-04-17,1991.2,2105.7,2118.0,1975.0,3638447.0
APLAPOLLO,2026-04-24,2120.1,2004.5,2173.0,1979.0,3068844.0
APLAPOLLO,2026-05-01,2015.0,1905.0,2050.0,1895.5,2459168.0
APLAPOLLO,2026-05-08,1910.1,1948.6,2011.7,1830.0,6536250.0
APLAPOLLO,2026-05-15,1954.0,1890.2,1967.6,1840.3,2201662.0
APLAPOLLO,2026-05-22,1889.0,1880.5,1896.1,1821.7,2026615.0
APLAPOLLO,2026-05-29,1900.0,1831.1,1943.4,1820.0,4778738.0
APLAPOLLO,2026-06-05,1834.7,1822.6,1854.7,1736.0,4717205.0
APLAPOLLO,2026-06-12,1810.0,1817.6,1834.4,1743.7,2998455.0
APLAPOLLO,2026-06-19,1832.2,1871.6,1878.5,1817.6,3704916.0
APLAPOLLO,2026-06-26,1878.0,1793.5,1878.3,1788.3,1874151.0
APLAPOLLO,2026-07-03,1799.9,1788.0,1818.7,1750.1,4385950.0
APLAPOLLO,2026-07-10,1809.4,1835.9,1842.0,1783.0,3194156.0
APLAPOLLO,2026-07-17,1828.9,1795.4,1835.9,1789.2,1669375.0
APLAPOLLO,2026-07-24,1795.4,1822.8,1847.5,1789.3,1588414.0
APLAPOLLO,2026-07-31,1825.0,1819.5,1908.0,1805.0,2329766.0
APLAPOLLO,2026-08-07,1820.3,1970.0,1996.0,1820.3,6647841.0
APLAPOLLO,2026-08-14,1974.9,2083.3,2099.0,1951.7,3458419.0
APLAPOLLO,2026-08-21,2093.0,2139.0,2162.2,2072.4,1833023.0
APLAPOLLO,2026-08-28,2149.8,2265.6,2278.4,2119.7,3554335.0
APLAPOLLO,2026-09-04,2260.0,2250.0,2281.0,2136.5,4850597.0
APLAPOLLO,2026-09-11,2250.0,2153.5,2255.0,2109.8,2785905.0
APLAPOLLO,2026-09-18,2153.5,2270.1,2270.1,2041.3,2811284.0
APLAPOLLO,2026-09-25,2224.2,2214.7,2229.0,2158.2,2359345.0
APOLLO,2026-03-27,195.5,189.49,204.45,185.78,27725465.0
APOLLO,2026-04-03,187.0,197.13,200.37,179.5,19631598.0
APOLLO,2026-04-10,197.13,237.57,244.0,191.28,87983345.0
APOLLO,2026-04-17,229.01,282.9,287.0,227.69,75744632.0
APOLLO,2026-04-24,287.0,283.9,299.6,270.6,88565728.0
APOLLO,2026-05-01,285.0,297.11,312.34,282.0,56020668.0
APOLLO,2026-05-08,299.95,324.85,337.8,287.45,55983341.0
APOLLO,2026-05-15,324.95,294.55,327.4,290.6,34845502.0
APOLLO,2026-05-22,294.55,355.05,377.7,283.25,279532292.0
APOLLO,2026-05-29,360.0,409.0,433.8,360.0,220809903.0
APOLLO,2026-06-05,410.55,421.35,446.9,398.7,175236690.0
APOLLO,2026-06-12,413.0,409.4,431.2,377.25,109973006.0
APOLLO,2026-06-19,415.0,433.15,444.4,410.2,92393365.0
APOLLO,2026-06-26,435.6,384.4,440.5,381.8,40063590.0
APOLLO,2026-07-03,386.45,450.05,466.5,380.75,109022738.0
APOLLO,2026-07-10,452.0,408.85,461.35,387.05,106037055.0
APOLLO,2026-07-17,408.0,397.8,412.5,392.0,29420688.0
APOLLO,2026-07-24,393.0,394.3,406.95,381.3,34927931.0
APOLLO,2026-07-31,396.1,389.9,399.6,374.0,27509499.0
APOLLO,2026-08-07,393.95,403.85,408.55,391.05,22964892.0
APOLLO,2026-08-14,406.0,393.55,407.7,378.0,22598959.0
APOLLO,2026-08-21,393.8,384.55,397.9,380.3,19933745.0
APOLLO,2026-08-28,387.0,387.45,397.75,381.5,24742546.0
APOLLO,2026-09-04,387.45,388.9,392.95,374.35,19600352.0
APOLLO,2026-09-11,391.0,422.25,427.95,390.3,52798143.0
APOLLO,2026-09-18,422.25,370.7,424.6,361.4,36299022.0
APOLLO,2026-09-25,372.45,395.6,412.65,372.4,40103482.0
ARTEMISMED,2026-03-27,224.8,215.92,229.24,214.0,468186.0
ARTEMISMED,2026-04-03,215.91,224.21,225.25,203.35,389358.0
ARTEMISMED,2026-04-10,222.51,229.43,234.59,219.42,1065435.0
ARTEMISMED,2026-04-17,228.69,234.37,236.4,224.67,979669.0
ARTEMISMED,2026-04-24,235.01,234.11,239.0,226.75,965054.0
ARTEMISMED,2026-05-01,235.5,244.13,247.1,235.49,669099.0
ARTEMISMED,2026-05-08,244.13,265.67,271.0,243.01,1206787.0
ARTEMISMED,2026-05-15,272.0,279.8,288.8,263.81,1845478.0
ARTEMISMED,2026-05-22,280.0,273.03,284.79,262.64,615218.0
ARTEMISMED,2026-05-29,284.65,273.36,295.0,270.51,1002925.0
ARTEMISMED,2026-06-05,276.3,268.2,276.8,261.8,617658.0
ARTEMISMED,2026-06-12,268.8,262.6,270.1,253.2,693860.0
ARTEMISMED,2026-06-19,267.45,258.65,269.4,255.55,642433.0
ARTEMISMED,2026-06-26,260.55,261.1,277.6,258.8,741964.0
ARTEMISMED,2026-07-03,261.1,259.85,267.45,258.0,435746.0
ARTEMISMED,2026-07-10,261.9,277.0,281.85,259.5,1617486.0
ARTEMISMED,2026-07-17,275.0,269.35,284.0,267.35,746080.0
ARTEMISMED,2026-07-24,267.3,275.75,280.0,267.2,646146.0
ARTEMISMED,2026-07-31,281.0,298.5,308.0,274.4,3418595.0
ARTEMISMED,2026-08-07,304.8,316.3,324.9,299.0,3041444.0
ARTEMISMED,2026-08-14,320.9,314.75,325.9,300.1,2403692.0
ARTEMISMED,2026-08-21,315.75,326.1,333.0,309.05,2288950.0
ARTEMISMED,2026-08-28,332.7,319.25,333.7,315.5,1151101.0
ARTEMISMED,2026-09-04,319.0,332.8,339.3,314.05,1869205.0
ARTEMISMED,2026-09-11,337.5,344.9,362.0,332.15,3141723.0
ARTEMISMED,2026-09-18,347.5,338.5,347.5,306.6,1533010.0
ARTEMISMED,2026-09-25,338.5,357.7,378.8,331.1,19962988.0
AUROPHARMA,2026-03-27,1291.6,1314.2,1330.0,1255.4,7342923.0
AUROPHARMA,2026-04-03,1300.0,1333.7,1359.9,1266.1,6940488.0
AUROPHARMA,2026-04-10,1344.0,1349.4,1363.0,1316.0,8179367.0
AUROPHARMA,2026-04-17,1340.0,1386.0,1394.9,1333.0,7074479.0
AUROPHARMA,2026-04-24,1392.0,1413.8,1459.5,1363.5,6979494.0
AUROPHARMA,2026-05-01,1414.9,1389.5,1433.4,1378.6,4190934.0
AUROPHARMA,2026-05-08,1398.0,1487.3,1513.4,1367.0,7256646.0
AUROPHARMA,2026-05-15,1487.3,1511.8,1528.0,1477.4,6004584.0
AUROPHARMA,2026-05-22,1514.3,1463.5,1550.0,1445.8,7599617.0
AUROPHARMA,2026-05-29,1455.2,1426.4,1473.0,1411.0,6861926.0
AUROPHARMA,2026-06-05,1426.4,1462.3,1496.5,1415.1,5634250.0
AUROPHARMA,2026-06-12,1451.3,1472.8,1481.0,1437.1,4189540.0
AUROPHARMA,2026-06-19,1462.5,1497.8,1503.1,1391.0,8829155.0
AUROPHARMA,2026-06-26,1498.2,1555.2,1565.0,1476.5,6995658.0
AUROPHARMA,2026-07-03,1555.2,1620.5,1636.8,1538.1,11294925.0
AUROPHARMA,2026-07-10,1622.5,1564.7,1630.0,1544.3,4488625.0
AUROPHARMA,2026-07-17,1564.9,1533.4,1584.7,1520.4,3031074.0
AUROPHARMA,2026-07-24,1533.4,1532.0,1584.8,1512.0,5035590.0
AUROPHARMA,2026-07-31,1533.5,1580.2,1607.5,1531.9,3555776.0
AUROPHARMA,2026-08-07,1586.9,1658.0,1662.4,1536.8,8424974.0
AUROPHARMA,2026-08-14,1668.0,1622.1,1682.4,1621.9,4169399.0
AUROPHARMA,2026-08-21,1630.6,1621.3,1652.0,1600.0,3880819.0
AUROPHARMA,2026-08-28,1613.6,1645.3,1656.2,1598.8,3440805.0
AUROPHARMA,2026-09-04,1648.6,1653.1,1717.0,1622.6,5336072.0
AUROPHARMA,2026-09-11,1646.0,1679.8,1704.0,1646.0,3485732.0
AUROPHARMA,2026-09-18,1679.8,1734.0,1734.0,1623.0,2929911.0
AUROPHARMA,2026-09-25,1709.8,1712.0,1740.0,1689.3,4167857.0
AVALON,2026-03-27,932.0,963.1,999.0,881.2,780354.0
AVALON,2026-04-03,963.1,937.65,974.5,910.0,458821.0
AVALON,2026-04-10,937.65,1058.35,1095.85,921.4,1099950.0
AVALON,2026-04-17,1020.0,1119.3,1152.0,1018.0,1207280.0
AVALON,2026-04-24,1111.0,1040.65,1127.55,1035.0,800062.0
AVALON,2026-05-01,1050.0,1057.25,1109.55,1019.8,850163.0
AVALON,2026-05-08,1065.1,1387.0,1427.8,1050.4,8387084.0
AVALON,2026-05-15,1390.0,1323.1,1390.0,1234.5,1637212.0
AVALON,2026-05-22,1315.2,1473.0,1512.3,1277.0,7156357.0
AVALON,2026-05-29,1480.0,1520.5,1558.6,1305.0,2254696.0
AVALON,2026-06-05,1538.0,1607.9,1688.5,1436.1,1968570.0
AVALON,2026-06-12,1580.1,1687.0,1696.0,1509.8,2128818.0
AVALON,2026-06-19,1691.0,1744.6,1798.7,1690.1,1500010.0
AVALON,2026-06-26,1758.0,1750.3,1807.0,1702.8,1198628.0
AVALON,2026-07-03,1752.8,1788.3,1853.0,1722.0,1953321.0
AVALON,2026-07-10,1785.0,1768.1,1825.9,1621.0,2287334.0
AVALON,2026-07-17,1748.1,1724.0,1797.9,1668.6,1416774.0
AVALON,2026-07-24,1723.0,1741.5,1819.9,1711.0,1051832.0
AVALON,2026-07-31,1751.1,1807.9,1859.0,1629.4,2309809.0
AVALON,2026-08-07,1814.0,1965.3,1998.0,1740.0,3832163.0
AVALON,2026-08-14,1968.0,1940.8,2004.0,1894.0,1600959.0
AVALON,2026-08-21,1950.3,2183.8,2351.0,1948.0,4209743.0
AVALON,2026-08-28,2183.8,2231.7,2280.0,2077.0,1760590.0
AVALON,2026-09-04,2244.0,2196.6,2400.0,2139.3,2628891.0
AVALON,2026-09-11,2262.0,2264.5,2424.0,2188.4,2830146.0
AVALON,2026-09-18,2264.5,2537.7,2618.0,1980.0,5966246.0
AVALON,2026-09-25,2550.0,2328.5,2563.9,2280.0,2516502.0
BALAMINES,2026-03-27,1051.0,1033.9,1095.0,997.2,685094.0
BALAMINES,2026-04-03,1020.0,1065.45,1081.0,968.1,404444.0
BALAMINES,2026-04-10,1070.0,1076.5,1099.0,1019.95,541856.0
BALAMINES,2026-04-17,1053.95,1139.3,1158.8,1022.7,357112.0
BALAMINES,2026-04-24,1150.0,1250.6,1270.0,1116.9,563080.0
BALAMINES,2026-05-01,1279.0,1333.65,1347.0,1261.25,622850.0
BALAMINES,2026-05-08,1360.0,1487.2,1538.0,1355.0,1532290.0
BALAMINES,2026-05-15,1482.8,1706.2,1740.0,1318.3,4907371.0
BALAMINES,2026-05-22,1674.1,1822.5,1896.6,1620.0,3070438.0
BALAMINES,2026-05-29,1874.0,1775.6,1956.0,1763.0,1220644.0
BALAMINES,2026-06-05,1775.6,2043.3,2185.0,1700.6,7054812.0
BALAMINES,2026-06-12,2029.1,2133.0,2262.5,1989.4,2249051.0
BALAMINES,2026-06-19,2180.0,2138.2,2288.0,2045.6,1127765.0
BALAMINES,2026-06-26,2167.4,1989.0,2169.0,1975.6,552149.0
BALAMINES,2026-07-03,1991.2,2194.2,2269.7,1885.0,1590498.0
BALAMINES,2026-07-10,2194.2,2414.9,2420.0,2057.1,3619225.0
BALAMINES,2026-07-17,2390.0,2289.1,2443.6,2260.0,959174.0
BALAMINES,2026-07-24,2289.1,2174.5,2438.7,2123.5,952181.0
BALAMINES,2026-07-31,2217.9,2133.3,2429.0,2107.4,1880941.0
BALAMINES,2026-08-07,2148.0,2029.6,2165.0,1977.3,1221988.0
BALAMINES,2026-08-14,2039.0,2133.8,2178.0,1996.1,626864.0
BALAMINES,2026-08-21,2133.8,2078.2,2160.4,2050.1,456098.0
BALAMINES,2026-08-28,2086.0,2390.5,2461.0,2086.0,1978755.0
BALAMINES,2026-09-04,2391.0,2525.2,2550.0,2295.1,1576316.0
BALAMINES,2026-09-11,2575.0,2276.5,2629.8,2245.6,1280855.0
BALAMINES,2026-09-18,2276.5,2171.5,2288.0,2081.0,605308.0
BALAMINES,2026-09-25,2180.0,2189.6,2308.4,2120.9,792033.0
BBOX,2026-03-27,496.0,461.6,499.95,455.25,1731990.0
BBOX,2026-04-03,455.0,471.95,494.0,444.3,968454.0
BBOX,2026-04-10,472.0,523.75,528.95,468.0,1707708.0
BBOX,2026-04-17,515.0,541.25,546.15,504.0,1451713.0
BBOX,2026-04-24,542.0,550.1,554.9,520.25,1591731.0
BBOX,2026-05-01,550.95,639.6,655.85,550.95,11023382.0
BBOX,2026-05-08,647.0,748.4,762.0,641.1,6182153.0
BBOX,2026-05-15,759.7,878.75,885.8,749.0,17504609.0
BBOX,2026-05-22,884.0,955.35,981.0,840.1,6420259.0
BBOX,2026-05-29,975.0,1037.15,1050.0,906.05,6946989.0
BBOX,2026-06-05,1049.0,1072.9,1103.0,1010.0,3924045.0
BBOX,2026-06-12,1049.0,1018.6,1080.0,946.9,4223662.0
BBOX,2026-06-19,1050.0,1023.0,1085.0,996.4,2865629.0
BBOX,2026-06-26,1025.5,957.9,1048.0,955.0,2127402.0
BBOX,2026-07-03,960.0,994.95,999.75,903.7,2262800.0
BBOX,2026-07-10,998.0,922.4,1000.0,917.5,1264778.0
BBOX,2026-07-17,915.0,825.5,918.0,821.0,1450022.0
BBOX,2026-07-24,816.0,778.45,860.0,759.0,1650365.0
BBOX,2026-07-31,785.0,755.5,803.2,725.0,2081268.0
BBOX,2026-08-07,769.0,744.45,796.0,735.05,1434885.0
BBOX,2026-08-14,744.45,795.85,842.5,721.5,3813723.0
BBOX,2026-08-21,798.2,775.65,805.9,750.0,2281674.0
BBOX,2026-08-28,779.0,745.9,785.0,735.0,970353.0
BBOX,2026-09-04,745.0,712.25,757.95,709.15,1293285.0
BBOX,2026-09-11,721.85,800.8,808.4,711.0,3739306.0
BBOX,2026-09-18,800.8,801.15,834.35,727.1,2977755.0
BBOX,2026-09-25,808.45,799.75,845.9,786.05,3275126.0
BHEL,2026-03-27,260.2,254.85,266.8,249.25,32871307.0
BHEL,2026-04-03,250.35,248.11,257.35,240.92,34537682.0
BHEL,2026-04-10,249.41,284.71,286.18,239.17,92933328.0
BHEL,2026-04-17,279.0,316.79,317.8,276.49,108244104.0
BHEL,2026-04-24,318.53,337.39,341.25,317.6,118562752.0
BHEL,2026-05-01,339.43,352.41,358.1,339.0,67526515.0
BHEL,2026-05-08,355.0,404.6,408.9,353.7,214349540.0
BHEL,2026-05-15,400.0,398.3,417.9,390.55,96024007.0
BHEL,2026-05-22,395.6,408.55,414.7,386.1,49370077.0
BHEL,2026-05-29,412.0,416.75,424.9,409.95,49964108.0
BHEL,2026-06-05,417.0,386.95,417.8,382.6,67618950.0
BHEL,2026-06-12,378.0,378.75,397.4,367.6,50602701.0
BHEL,2026-06-19,384.0,414.35,423.7,381.05,59061447.0
BHEL,2026-06-26,417.3,402.7,420.7,397.7,37905230.0
BHEL,2026-07-03,402.7,383.6,422.4,383.0,115479276.0
BHEL,2026-07-10,384.0,395.25,395.8,371.8,65708180.0
BHEL,2026-07-17,392.75,422.0,446.5,389.6,150538875.0
BHEL,2026-07-24,422.4,417.3,427.25,402.15,48518948.0
BHEL,2026-07-31,420.0,407.0,422.4,395.5,39260381.0
BHEL,2026-08-07,409.0,405.2,418.7,402.2,31007046.0
BHEL,2026-08-14,404.75,421.7,430.0,400.2,50546720.0
BHEL,2026-08-21,424.0,413.0,435.95,409.1,36823149.0
BHEL,2026-08-28,412.5,430.85,438.2,408.15,38285771.0
BHEL,2026-09-04,430.6,431.1,442.65,417.35,34044107.0
BHEL,2026-09-11,432.9,431.0,436.0,418.2,27252833.0
BHEL,2026-09-18,431.0,439.9,439.9,406.0,30782801.0
BHEL,2026-09-25,433.0,418.95,439.7,411.8,27401354.0
BOSCHLTD,2026-03-27,30220.0,29615.0,30705.0,29000.0,102681.0
BOSCHLTD,2026-04-03,29220.0,32135.0,32325.0,28610.0,195208.0
BOSCHLTD,2026-04-10,32155.0,37330.0,37670.0,32155.0,575989.0
BOSCHLTD,2026-04-17,36665.0,37505.0,37935.0,36415.0,209763.0
BOSCHLTD,2026-04-24,37700.0,36690.0,38395.0,36295.0,138381.0
BOSCHLTD,2026-05-01,36800.0,35995.0,37565.0,35675.0,120316.0
BOSCHLTD,2026-05-08,36150.0,38145.0,38855.0,35475.0,161680.0
BOSCHLTD,2026-05-15,38020.0,37740.0,38020.0,36065.0,101253.0
BOSCHLTD,2026-05-22,37735.0,36065.0,37740.0,34825.0,288819.0
BOSCHLTD,2026-05-29,36400.0,36625.0,37950.0,35735.0,226064.0
BOSCHLTD,2026-06-05,37155.0,37240.0,38350.0,35755.0,197474.0
BOSCHLTD,2026-06-12,36895.0,39060.0,39450.0,36335.0,240981.0
BOSCHLTD,2026-06-19,39400.0,40195.0,40500.0,38870.0,190571.0
BOSCHLTD,2026-06-26,40450.0,40440.0,41385.0,40070.0,157348.0
BOSCHLTD,2026-07-03,40630.0,41895.0,42565.0,39505.0,339936.0
BOSCHLTD,2026-07-10,41895.0,41815.0,42520.0,41310.0,179565.0
BOSCHLTD,2026-07-17,41700.0,40855.0,42050.0,40760.0,81537.0
BOSCHLTD,2026-07-24,40800.0,41755.0,42985.0,40400.0,110689.0
BOSCHLTD,2026-07-31,41905.0,41085.0,42165.0,39705.0,141530.0
BOSCHLTD,2026-08-07,41325.0,42950.0,43650.0,41000.0,205128.0
BOSCHLTD,2026-08-14,42950.0,47100.0,47315.0,42620.0,369850.0
BOSCHLTD,2026-08-21,47105.0,48200.0,49130.0,46775.0,254356.0
BOSCHLTD,2026-08-28,48200.0,48640.0,49190.0,47785.0,139732.0
BOSCHLTD,2026-09-04,48595.0,46820.0,50000.0,46410.0,205096.0
BOSCHLTD,2026-09-11,46750.0,48385.0,49100.0,46535.0,164932.0
BOSCHLTD,2026-09-18,48725.0,47000.0,48725.0,46850.0,109798.0
BOSCHLTD,2026-09-25,47460.0,48250.0,48445.0,47145.0,78273.0
CAPLIPOINT,2026-03-27,1600.0,1558.4,1630.0,1549.0,380443.0
CAPLIPOINT,2026-04-03,1548.0,1565.8,1593.1,1500.3,287136.0
CAPLIPOINT,2026-04-10,1582.5,1708.4,1710.0,1545.5,528856.0
CAPLIPOINT,2026-04-17,1700.0,1770.9,1799.8,1649.0,564800.0
CAPLIPOINT,2026-04-24,1771.0,1719.5,1785.0,1715.0,285124.0
CAPLIPOINT,2026-05-01,1719.5,1709.0,1764.9,1678.4,261223.0
CAPLIPOINT,2026-05-08,1710.5,1856.3,1885.0,1710.5,633363.0
CAPLIPOINT,2026-05-15,1850.0,1998.8,2060.0,1801.6,2865775.0
CAPLIPOINT,2026-05-22,1990.0,2028.0,2068.1,1948.6,752691.0
CAPLIPOINT,2026-05-29,2059.4,2024.5,2099.0,2012.0,439482.0
CAPLIPOINT,2026-06-05,2024.5,2033.1,2072.9,1950.0,479767.0
CAPLIPOINT,2026-06-12,2011.6,2407.8,2425.0,2001.5,2617418.0
CAPLIPOINT,2026-06-19,2435.0,2503.5,2560.0,2325.4,773244.0
CAPLIPOINT,2026-06-26,2520.0,2506.4,2590.0,2457.3,581936.0
CAPLIPOINT,2026-07-03,2506.4,2538.1,2675.0,2485.2,894724.0
CAPLIPOINT,2026-07-10,2555.0,2583.6,2689.0,2501.6,651628.0
CAPLIPOINT,2026-07-17,2583.6,2614.2,2699.0,2566.5,505447.0
CAPLIPOINT,2026-07-24,2614.0,2467.1,2684.2,2435.4,456735.0
CAPLIPOINT,2026-07-31,2470.0,2516.8,2675.0,2470.0,682448.0
CAPLIPOINT,2026-08-07,2516.8,2574.1,2614.6,2496.2,248455.0
CAPLIPOINT,2026-08-14,2575.0,2480.5,2672.1,2382.5,834452.0
CAPLIPOINT,2026-08-21,2482.9,2560.8,2600.0,2441.4,344608.0
CAPLIPOINT,2026-08-28,2545.0,2517.2,2597.9,2459.8,408418.0
CAPLIPOINT,2026-09-04,2518.5,2810.8,2877.3,2492.2,3508057.0
CAPLIPOINT,2026-09-11,2797.1,2754.9,2850.4,2707.7,705243.0
CAPLIPOINT,2026-09-18,2754.9,2748.6,2780.0,2490.5,805761.0
CAPLIPOINT,2026-09-25,2760.0,2835.1,2990.0,2749.0,1697235.0
CARYSIL,2026-03-27,777.65,787.8,847.85,745.5,399835.0
CARYSIL,2026-04-03,774.0,798.1,809.65,749.8,248254.0
CARYSIL,2026-04-10,798.05,843.4,851.85,782.0,327067.0
CARYSIL,2026-04-17,832.0,902.4,921.9,800.2,247619.0
CARYSIL,2026-04-24,904.6,899.1,935.0,856.8,836420.0
CARYSIL,2026-05-01,908.0,902.9,941.0,873.4,467243.0
CARYSIL,2026-05-08,902.9,951.6,969.0,890.4,386256.0
CARYSIL,2026-05-15,951.55,918.45,956.45,878.15,258991.0
CARYSIL,2026-05-22,915.0,1079.0,1095.95,888.3,2427038.0
CARYSIL,2026-05-29,1099.95,1077.55,1143.85,1070.1,796454.0
CARYSIL,2026-06-05,1079.9,1102.0,1171.6,1039.2,757259.0
CARYSIL,2026-06-12,1101.7,1178.9,1222.9,1051.6,1522260.0
CARYSIL,2026-06-19,1206.0,1199.3,1247.9,1164.9,852106.0
CARYSIL,2026-06-26,1210.5,1179.1,1227.0,1132.3,433109.0
CARYSIL,2026-07-03,1190.8,1162.1,1209.5,1141.1,315632.0
CARYSIL,2026-07-10,1171.0,1173.1,1194.0,1083.1,474336.0
CARYSIL,2026-07-17,1174.3,1170.4,1280.9,1143.6,1579521.0
CARYSIL,2026-07-24,1159.1,1125.7,1184.0,1094.2,274676.0
CARYSIL,2026-07-31,1161.6,1175.3,1215.0,1132.0,269728.0
CARYSIL,2026-08-07,1170.1,1183.9,1228.0,1168.0,307559.0
CARYSIL,2026-08-14,1195.0,1179.8,1273.0,1171.2,1183470.0
CARYSIL,2026-08-21,1185.0,1155.4,1189.8,1120.2,464214.0
CARYSIL,2026-08-28,1150.1,1112.8,1166.0,1108.1,346733.0
CARYSIL,2026-09-04,1117.7,1140.8,1180.0,1095.1,265274.0
CARYSIL,2026-09-11,1136.1,1161.9,1211.0,1105.1,677985.0
CARYSIL,2026-09-18,1161.9,1131.3,1164.5,1091.3,251182.0
CARYSIL,2026-09-25,1125.7,1064.4,1139.0,1035.5,513881.0
CGPOWER,2026-03-27,675.15,667.95,693.95,642.8,13217323.0
CGPOWER,2026-04-03,656.0,680.05,690.25,651.5,9244026.0
CGPOWER,2026-04-10,681.9,731.1,735.6,671.25,12323184.0
CGPOWER,2026-04-17,710.0,774.8,776.5,705.2,13868784.0
CGPOWER,2026-04-24,775.95,823.15,846.9,764.2,21726844.0
CGPOWER,2026-05-01,823.35,813.35,840.0,803.9,10119567.0
CGPOWER,2026-05-08,819.0,873.55,875.8,794.1,35591587.0
CGPOWER,2026-05-15,875.0,838.2,886.8,826.0,14643061.0
CGPOWER,2026-05-22,825.95,865.7,873.5,804.6,14608760.0
CGPOWER,2026-05-29,874.9,917.45,944.1,864.2,23719589.0
CGPOWER,2026-06-05,928.95,937.85,952.0,883.05,24883302.0
CGPOWER,2026-06-12,920.0,914.45,938.8,895.0,16440945.0
CGPOWER,2026-06-19,928.0,963.7,969.9,916.55,16596963.0
CGPOWER,2026-06-26,968.0,942.1,968.9,912.0,12477565.0
CGPOWER,2026-07-03,960.1,892.55,980.9,887.1,49084866.0
CGPOWER,2026-07-10,900.0,916.6,927.6,895.4,23240257.0
CGPOWER,2026-07-17,912.0,905.0,954.9,893.7,16528851.0
CGPOWER,2026-07-24,904.0,867.7,930.8,838.8,21542301.0
CGPOWER,2026-07-31,871.8,863.4,885.0,814.85,28800123.0
CGPOWER,2026-08-07,865.55,879.0,891.95,826.1,17986107.0
CGPOWER,2026-08-14,880.05,890.15,894.5,865.9,6927438.0
CGPOWER,2026-08-21,893.2,867.0,900.0,860.2,11206395.0
CGPOWER,2026-08-28,867.0,889.0,898.75,865.05,11509980.0
CGPOWER,2026-09-04,884.15,891.0,916.0,870.0,12868899.0
CGPOWER,2026-09-11,902.0,909.0,931.0,889.0,14164079.0
CGPOWER,2026-09-18,909.0,892.0,911.3,838.55,10814496.0
CGPOWER,2026-09-25,903.0,886.0,926.1,877.1,8933456.0
CRAFTSMAN,2026-03-27,6822.0,6924.0,7101.0,6451.5,99150.0
CRAFTSMAN,2026-04-03,6892.0,6789.0,7173.5,6683.0,113544.0
CRAFTSMAN,2026-04-10,6789.5,7430.0,7566.0,6665.0,265138.0
CRAFTSMAN,2026-04-17,7300.0,7691.0,7710.5,7210.5,89945.0
CRAFTSMAN,2026-04-24,7698.0,7570.0,7933.0,7494.5,79594.0
CRAFTSMAN,2026-05-01,7535.0,7688.0,7800.0,7520.0,115028.0
CRAFTSMAN,2026-05-08,7795.0,8981.5,9738.0,7612.5,3984362.0
CRAFTSMAN,2026-05-15,9039.5,8462.5,9275.0,8320.0,1049382.0
CRAFTSMAN,2026-05-22,8472.5,8702.0,8774.0,8242.5,190186.0
CRAFTSMAN,2026-05-29,8850.0,9074.0,9259.0,8570.5,224679.0
CRAFTSMAN,2026-06-05,9178.0,9065.0,9300.0,8589.0,467709.0
CRAFTSMAN,2026-06-12,9031.0,8917.5,9200.5,8683.5,322901.0
CRAFTSMAN,2026-06-19,9100.0,9806.5,9938.0,8990.0,626991.0
CRAFTSMAN,2026-06-26,9750.0,9252.0,9750.0,9226.5,504298.0
CRAFTSMAN,2026-07-03,9250.0,9119.0,9528.0,9086.5,321555.0
CRAFTSMAN,2026-07-10,9110.0,9301.0,9398.5,8955.5,213276.0
CRAFTSMAN,2026-07-17,9236.5,9105.0,9420.0,9045.5,158326.0
CRAFTSMAN,2026-07-24,9201.0,9284.0,9535.0,9113.5,300998.0
CRAFTSMAN,2026-07-31,9312.0,9873.5,10275.0,9131.0,733304.0
CRAFTSMAN,2026-08-07,9934.5,10483.0,10762.0,9922.5,222640.0
CRAFTSMAN,2026-08-14,10483.5,10251.0,10723.0,10200.0,157310.0
CRAFTSMAN,2026-08-21,10251.0,10644.5,10960.0,10251.0,183693.0
CRAFTSMAN,2026-08-28,10700.0,11118.0,11199.5,10350.0,186915.0
CRAFTSMAN,2026-09-04,11118.0,11398.0,11539.0,10925.0,472409.0
CRAFTSMAN,2026-09-11,11456.0,11669.0,11999.0,11100.0,227687.0
CRAFTSMAN,2026-09-18,11669.0,11138.0,11798.0,10600.0,362544.0
CRAFTSMAN,2026-09-25,11194.0,10735.0,11442.0,10509.0,239720.0
CUB,2026-03-27,179.96,190.27,194.14,173.06,19852826.0
CUB,2026-04-03,186.04,180.37,188.77,172.47,10825306.0
CUB,2026-04-10,182.17,192.85,196.89,178.49,22838877.0
CUB,2026-04-17,191.25,193.37,195.07,185.26,14345776.0
CUB,2026-04-24,196.05,196.88,206.25,192.57,30841062.0
CUB,2026-05-01,198.0,202.57,220.13,197.87,32484942.0
CUB,2026-05-08,203.25,195.26,211.88,193.61,18824046.0
CUB,2026-05-15,194.14,187.99,194.14,181.76,16672958.0
CUB,2026-05-22,187.95,186.41,190.95,184.2,8600021.0
CUB,2026-05-29,188.85,191.59,193.76,186.9,6611050.0
CUB,2026-06-05,192.82,183.64,193.95,182.4,9759986.0
CUB,2026-06-12,182.25,201.7,208.5,179.25,24193903.0
CUB,2026-06-19,205.7,196.65,207.85,196.0,15811271.0
CUB,2026-06-26,196.65,198.85,206.9,194.55,10155375.0
CUB,2026-07-03,199.75,216.76,220.24,199.2,19888114.0
CUB,2026-07-10,212.0,229.33,231.82,212.0,15987508.0
CUB,2026-07-17,226.5,224.63,227.48,217.63,7747558.0
CUB,2026-07-24,224.63,219.75,234.4,217.01,10444682.0
CUB,2026-07-31,221.0,206.5,245.38,205.51,41467699.0
CUB,2026-08-07,208.5,212.0,215.0,200.74,16873818.0
CUB,2026-08-14,213.06,208.64,218.6,207.25,10321536.0
CUB,2026-08-21,208.0,217.3,225.85,204.81,14917754.0
CUB,2026-08-28,217.3,222.24,230.92,211.34,11047757.0
CUB,2026-09-04,222.0,236.01,242.9,220.0,15590794.0
CUB,2026-09-11,235.5,227.32,248.85,223.69,11803434.0
CUB,2026-09-18,227.32,235.79,238.95,216.42,7653606.0
CUB,2026-09-25,236.0,225.57,237.74,218.95,9471075.0
DATAPATTNS,2026-03-27,3206.3,3153.0,3342.0,3012.6,3081762.0
DATAPATTNS,2026-04-03,3113.0,3055.3,3225.0,2900.1,2687505.0
DATAPATTNS,2026-04-10,3068.0,3269.6,3473.9,2998.1,3943469.0
DATAPATTNS,2026-04-17,3224.0,3494.2,3589.0,3186.0,3352368.0
DATAPATTNS,2026-04-24,3530.0,4077.7,4189.9,3444.0,15672654.0
DATAPATTNS,2026-05-01,4100.0,4081.7,4295.0,3940.0,5745012.0
DATAPATTNS,2026-05-08,4130.0,4103.4,4303.0,3892.3,5153532.0
DATAPATTNS,2026-05-15,4090.0,3876.5,4250.0,3565.6,6668571.0
DATAPATTNS,2026-05-22,3869.7,3969.7,4084.5,3600.1,5258355.0
DATAPATTNS,2026-05-29,4020.0,4043.1,4249.0,3970.0,3269178.0
DATAPATTNS,2026-06-05,4063.3,4212.6,4320.0,3801.0,4544104.0
DATAPATTNS,2026-06-12,4140.6,4545.7,4722.0,4076.3,11697672.0
DATAPATTNS,2026-06-19,4591.1,4822.1,4955.9,4335.1,7837510.0
DATAPATTNS,2026-06-26,4841.7,4506.6,4937.3,4490.0,3420205.0
DATAPATTNS,2026-07-03,4506.6,4507.0,4712.4,4375.0,3631365.0
DATAPATTNS,2026-07-10,4520.0,4343.0,4658.0,4241.0,3414579.0
DATAPATTNS,2026-07-17,4321.1,4085.8,4345.0,4061.0,1961491.0
DATAPATTNS,2026-07-24,4072.0,4584.5,4831.7,3899.0,11420160.0
DATAPATTNS,2026-07-31,4600.0,4281.0,4686.0,4090.0,4674268.0
DATAPATTNS,2026-08-07,4300.7,4380.7,4625.0,4236.1,4201010.0
DATAPATTNS,2026-08-14,4386.0,4455.8,4623.3,4362.3,2634814.0
DATAPATTNS,2026-08-21,4469.0,4829.9,5000.0,4460.6,6195516.0
DATAPATTNS,2026-08-28,4833.5,4624.8,4889.8,4500.1,4260912.0
DATAPATTNS,2026-09-04,4618.0,4585.0,4666.0,4420.9,1958798.0
DATAPATTNS,2026-09-11,4569.1,4829.2,4999.9,4554.3,4996901.0
DATAPATTNS,2026-09-18,4829.2,4513.3,4829.2,4140.0,3547330.0
DATAPATTNS,2026-09-25,4532.4,4418.8,4640.0,4355.0,1670793.0
DEEPAKNTR,2026-03-27,1380.0,1345.8,1388.6,1301.0,1701089.0
DEEPAKNTR,2026-04-03,1330.0,1377.7,1382.8,1280.0,516936.0
DEEPAKNTR,2026-04-10,1390.0,1461.7,1503.5,1345.0,922914.0
DEEPAKNTR,2026-04-17,1425.6,1538.1,1566.6,1406.1,1088094.0
DEEPAKNTR,2026-04-24,1544.0,1690.3,1780.0,1510.2,2008883.0
DEEPAKNTR,2026-05-01,1690.3,1736.9,1758.0,1674.7,697646.0
DEEPAKNTR,2026-05-08,1749.9,1875.9,1888.0,1725.6,1283265.0
DEEPAKNTR,2026-05-15,1865.0,1826.4,1897.9,1783.5,1110389.0
DEEPAKNTR,2026-05-22,1810.0,1739.8,1860.0,1718.0,1364521.0
DEEPAKNTR,2026-05-29,1746.6,1682.0,1764.2,1656.3,540753.0
DEEPAKNTR,2026-06-05,1675.0,1680.1,1718.8,1637.3,358880.0
DEEPAKNTR,2026-06-12,1670.0,1669.9,1702.0,1608.0,400019.0
DEEPAKNTR,2026-06-19,1699.9,1644.4,1704.9,1610.0,736094.0
DEEPAKNTR,2026-06-26,1650.1,1622.4,1689.0,1616.0,678937.0
DEEPAKNTR,2026-07-03,1615.3,1558.1,1618.0,1534.0,969144.0
DEEPAKNTR,2026-07-10,1558.1,1644.0,1669.3,1550.0,963021.0
DEEPAKNTR,2026-07-17,1626.0,1708.0,1764.0,1613.3,1456966.0
DEEPAKNTR,2026-07-24,1702.0,1649.6,1726.5,1634.5,575468.0
DEEPAKNTR,2026-07-31,1664.0,1662.2,1698.8,1635.0,478780.0
DEEPAKNTR,2026-08-07,1667.0,1796.5,1851.0,1656.1,6290262.0
DEEPAKNTR,2026-08-14,1801.0,1723.2,1821.0,1694.0,2046436.0
DEEPAKNTR,2026-08-21,1728.6,1747.1,1809.3,1723.3,1605497.0
DEEPAKNTR,2026-08-28,1749.9,1762.9,1800.9,1707.2,1827962.0
DEEPAKNTR,2026-09-04,1745.0,1712.4,1820.0,1705.7,2067247.0
DEEPAKNTR,2026-09-11,1712.4,1587.8,1728.3,1583.2,1723063.0
DEEPAKNTR,2026-09-18,1587.8,1586.3,1623.5,1546.2,1169650.0
DEEPAKNTR,2026-09-25,1586.3,1587.1,1639.0,1570.1,631003.0
DYNAMATECH,2026-03-27,9567.0,9063.0,9944.0,8970.0,106527.0
DYNAMATECH,2026-04-03,9000.0,9384.0,9549.0,8773.0,56321.0
DYNAMATECH,2026-04-10,9424.0,10345.5,10387.0,9256.5,96396.0
DYNAMATECH,2026-04-17,10194.0,10327.5,10695.0,10050.0,60204.0
DYNAMATECH,2026-04-24,10353.0,11829.5,12240.0,10098.0,292284.0
DYNAMATECH,2026-05-01,11900.0,11568.0,12681.0,11410.0,157028.0
DYNAMATECH,2026-05-08,11750.0,12530.0,12875.0,11351.0,169033.0
DYNAMATECH,2026-05-15,12501.0,10736.0,12501.0,10370.0,170519.0
DYNAMATECH,2026-05-22,10685.0,11170.0,11344.0,9950.0,138263.0
DYNAMATECH,2026-05-29,11301.0,11122.0,11630.0,10421.0,121639.0
DYNAMATECH,2026-06-05,11245.0,10544.0,11250.0,10158.0,93041.0
DYNAMATECH,2026-06-12,10400.0,10171.0,10416.0,9769.0,68093.0
DYNAMATECH,2026-06-19,10503.0,10923.0,11128.0,10410.0,69365.0
DYNAMATECH,2026-06-26,10923.0,10232.0,11150.0,10111.0,51027.0
DYNAMATECH,2026-07-03,10180.0,10288.0,10710.0,9773.0,78042.0
DYNAMATECH,2026-07-10,10311.0,10688.0,11149.0,10311.0,72157.0
DYNAMATECH,2026-07-17,10641.0,10309.0,10712.0,10181.0,52407.0
DYNAMATECH,2026-07-24,10270.0,10458.0,10497.0,10057.0,41837.0
DYNAMATECH,2026-07-31,10507.0,10339.0,10779.0,10177.0,41012.0
DYNAMATECH,2026-08-07,10356.0,11401.0,11844.0,10356.0,87035.0
DYNAMATECH,2026-08-14,11690.0,11188.0,12275.0,10405.0,180957.0
DYNAMATECH,2026-08-21,11145.0,11588.0,12213.0,10996.0,109022.0
DYNAMATECH,2026-08-28,11611.0,11436.0,11879.0,11390.0,48329.0
DYNAMATECH,2026-09-04,11436.0,11654.0,12030.0,11215.0,68239.0
DYNAMATECH,2026-09-11,11654.0,12097.0,12300.0,11250.0,117667.0
DYNAMATECH,2026-09-18,12097.0,12061.0,12454.0,11500.0,86242.0
DYNAMATECH,2026-09-25,12180.0,13153.0,13287.0,11933.0,145812.0
ELGIEQUIP,2026-03-27,478.15,473.4,493.9,455.0,2170029.0
ELGIEQUIP,2026-04-03,473.4,479.7,485.0,460.1,1556007.0
ELGIEQUIP,2026-04-10,479.7,512.8,517.55,472.0,3333989.0
ELGIEQUIP,2026-04-17,504.0,549.15,551.7,499.4,2306405.0
ELGIEQUIP,2026-04-24,551.0,547.3,567.9,539.95,2517885.0
ELGIEQUIP,2026-05-01,549.05,553.5,574.7,547.0,1499633.0
ELGIEQUIP,2026-05-08,550.0,559.1,571.8,540.0,1240512.0
ELGIEQUIP,2026-05-15,556.0,523.25,556.0,508.75,1124227.0
ELGIEQUIP,2026-05-22,520.6,560.15,574.95,508.0,2609324.0
ELGIEQUIP,2026-05-29,562.35,573.45,633.85,559.8,8320538.0
ELGIEQUIP,2026-06-05,580.0,610.3,631.7,568.5,4856057.0
ELGIEQUIP,2026-06-12,604.0,603.85,612.45,590.9,1492892.0
ELGIEQUIP,2026-06-19,610.5,612.75,618.7,594.8,1864929.0
ELGIEQUIP,2026-06-26,615.95,604.05,628.45,600.0,1728423.0
ELGIEQUIP,2026-07-03,605.85,578.55,620.0,576.65,2558809.0
ELGIEQUIP,2026-07-10,571.5,576.35,599.0,569.4,1412984.0
ELGIEQUIP,2026-07-17,570.4,581.7,585.0,565.4,1307758.0
ELGIEQUIP,2026-07-24,584.0,577.3,607.0,568.1,1495963.0
ELGIEQUIP,2026-07-31,578.25,569.65,584.3,565.55,669762.0
ELGIEQUIP,2026-08-07,570.05,588.45,599.7,569.65,1333888.0
ELGIEQUIP,2026-08-14,591.75,609.5,619.0,569.45,7633964.0
ELGIEQUIP,2026-08-21,614.0,634.35,644.0,603.2,5219474.0
ELGIEQUIP,2026-08-28,634.35,628.85,636.4,596.0,2735755.0
ELGIEQUIP,2026-09-04,632.0,642.1,645.4,613.9,2333637.0
ELGIEQUIP,2026-09-11,645.95,617.7,653.4,602.5,2372516.0
ELGIEQUIP,2026-09-18,617.7,609.55,641.4,585.0,1939846.0
ELGIEQUIP,2026-09-25,609.55,603.0,623.9,595.1,1164616.0
EXIDEIND,2026-03-27,298.2,300.85,312.6,290.0,7014549.0
EXIDEIND,2026-04-03,296.85,299.25,302.35,287.0,5531390.0
EXIDEIND,2026-04-10,299.5,324.5,326.45,292.5,13133900.0
EXIDEIND,2026-04-17,319.0,330.0,335.8,312.85,8486463.0
EXIDEIND,2026-04-24,330.3,342.8,360.45,325.05,27546287.0
EXIDEIND,2026-05-01,345.0,360.55,370.3,344.8,13293808.0
EXIDEIND,2026-05-08,365.0,362.25,379.9,340.25,39657384.0
EXIDEIND,2026-05-15,360.0,349.05,360.1,344.6,9557157.0
EXIDEIND,2026-05-22,345.7,339.75,347.9,333.5,8519339.0
EXIDEIND,2026-05-29,342.2,386.5,397.55,340.7,38235979.0
EXIDEIND,2026-06-05,390.45,399.55,409.8,384.55,22680850.0
EXIDEIND,2026-06-12,392.25,391.95,394.0,380.35,6628754.0
EXIDEIND,2026-06-19,395.5,380.75,399.45,379.3,8601637.0
EXIDEIND,2026-06-26,382.05,389.8,410.5,377.7,17595590.0
EXIDEIND,2026-07-03,389.95,416.6,422.7,383.45,32013101.0
EXIDEIND,2026-07-10,416.3,424.4,431.0,403.85,22233706.0
EXIDEIND,2026-07-17,421.95,435.2,436.55,416.0,20780051.0
EXIDEIND,2026-07-24,435.0,443.0,452.8,433.7,26848982.0
EXIDEIND,2026-07-31,443.0,449.8,461.4,420.35,59623340.0
EXIDEIND,2026-08-07,449.95,490.0,493.0,440.0,30802859.0
EXIDEIND,2026-08-14,487.95,476.1,496.4,475.2,15480342.0
EXIDEIND,2026-08-21,475.05,459.6,480.95,456.4,11264467.0
EXIDEIND,2026-08-28,456.5,444.6,461.45,435.15,12023949.0
EXIDEIND,2026-09-04,443.95,424.35,444.6,416.4,11466075.0
EXIDEIND,2026-09-11,422.3,412.65,427.5,409.7,10304033.0
EXIDEIND,2026-09-18,412.65,435.85,444.7,405.1,10326917.0
EXIDEIND,2026-09-25,434.75,423.65,438.5,419.85,9930463.0
FCL,2026-03-27,21.44,20.17,21.9,20.11,11519624.0
FCL,2026-04-03,20.1,21.19,21.3,19.1,7454187.0
FCL,2026-04-10,21.58,23.39,23.94,21.13,12076248.0
FCL,2026-04-17,23.1,23.21,24.3,22.35,19608790.0
FCL,2026-04-24,23.21,22.91,24.0,22.62,18726228.0
FCL,2026-05-01,22.99,22.98,23.5,22.6,17848433.0
FCL,2026-05-08,23.1,28.15,28.87,22.65,70141898.0
FCL,2026-05-15,28.0,25.44,29.49,25.24,35057782.0
FCL,2026-05-22,26.99,33.24,35.8,26.5,500121422.0
FCL,2026-05-29,33.7,39.99,41.25,33.61,282551845.0
FCL,2026-06-05,40.35,40.73,44.44,39.65,132265962.0
FCL,2026-06-12,40.0,39.17,42.48,36.66,92210419.0
FCL,2026-06-19,40.25,43.52,45.7,40.06,80811790.0
FCL,2026-06-26,43.94,40.9,47.18,40.6,63372932.0
FCL,2026-07-03,40.9,39.12,41.57,37.07,49872369.0
FCL,2026-07-10,39.25,36.99,39.25,36.06,34461284.0
FCL,2026-07-17,36.5,38.75,39.53,35.13,60832043.0
FCL,2026-07-24,39.69,39.59,43.4,38.25,101821506.0
FCL,2026-07-31,40.0,39.32,41.49,37.2,58932904.0
FCL,2026-08-07,39.74,41.64,43.35,38.25,50069378.0
FCL,2026-08-14,41.83,43.36,44.95,40.36,58335103.0
FCL,2026-08-21,43.52,47.43,47.9,42.2,85410126.0
FCL,2026-08-28,49.0,50.03,51.38,47.2,86619788.0
FCL,2026-09-04,50.27,51.51,52.21,48.0,67292997.0
FCL,2026-09-11,52.25,57.72,62.4,52.19,217707812.0
FCL,2026-09-18,57.72,57.02,58.39,49.34,100078142.0
FCL,2026-09-25,57.3,60.48,61.05,55.13,114387430.0
FEDERALBNK,2026-03-27,263.0,269.3,273.9,253.3,46939398.0
FEDERALBNK,2026-04-03,268.0,265.55,270.1,256.5,24812651.0
FEDERALBNK,2026-04-10,265.4,291.7,292.75,261.7,38037402.0
FEDERALBNK,2026-04-17,284.7,293.75,294.9,281.6,35100679.0
FEDERALBNK,2026-04-24,293.5,293.0,299.05,291.25,36384413.0
FEDERALBNK,2026-05-01,294.7,286.95,301.7,280.0,45673167.0
FEDERALBNK,2026-05-08,290.0,297.25,298.45,286.6,33581809.0
FEDERALBNK,2026-05-15,295.0,281.3,297.4,277.1,49353584.0
FEDERALBNK,2026-05-22,280.75,287.2,292.5,277.55,34448697.0
FEDERALBNK,2026-05-29,289.0,288.95,293.9,283.6,263576493.0
FEDERALBNK,2026-06-05,290.0,304.15,305.4,284.85,49819385.0
FEDERALBNK,2026-06-12,302.5,315.7,318.35,301.3,50185455.0
FEDERALBNK,2026-06-19,320.7,323.95,324.9,312.75,37991075.0
FEDERALBNK,2026-06-26,323.95,324.05,327.0,318.2,26504853.0
FEDERALBNK,2026-07-03,323.0,327.4,334.3,322.15,50006913.0
FEDERALBNK,2026-07-10,327.8,329.85,333.45,323.0,21326271.0
FEDERALBNK,2026-07-17,328.5,349.0,351.0,323.4,65075119.0
FEDERALBNK,2026-07-24,341.5,354.3,357.25,341.5,28730098.0
FEDERALBNK,2026-07-31,355.05,358.85,359.9,352.85,28797420.0
FEDERALBNK,2026-08-07,359.45,356.25,371.7,350.85,23677359.0
FEDERALBNK,2026-08-14,357.0,351.3,358.6,351.05,16173258.0
FEDERALBNK,2026-08-21,351.25,361.0,364.2,349.65,17390750.0
FEDERALBNK,2026-08-28,360.45,344.25,361.25,342.05,35129115.0
FEDERALBNK,2026-09-04,342.6,343.0,356.95,341.55,27288123.0
FEDERALBNK,2026-09-11,343.0,344.5,347.05,337.6,21153287.0
FEDERALBNK,2026-09-18,344.5,332.75,346.0,325.4,25836777.0
FEDERALBNK,2026-09-25,333.1,322.0,335.35,319.5,27048034.0
FINCABLES,2026-03-27,867.3,806.65,867.3,802.95,1976663.0
FINCABLES,2026-04-03,794.0,797.65,823.0,765.5,1287704.0
FINCABLES,2026-04-10,800.8,847.75,872.95,785.85,1686290.0
FINCABLES,2026-04-17,832.0,940.55,955.0,817.4,2438143.0
FINCABLES,2026-04-24,941.0,972.7,992.0,922.35,2685415.0
FINCABLES,2026-05-01,980.0,990.55,1022.0,978.0,1599692.0
FINCABLES,2026-05-08,991.0,1141.3,1172.8,967.55,6227038.0
FINCABLES,2026-05-15,1141.3,1050.9,1163.95,1045.0,2467707.0
FINCABLES,2026-05-22,1035.6,1031.2,1089.7,1000.45,1627964.0
FINCABLES,2026-05-29,1048.0,1136.3,1184.8,1041.5,4555649.0
FINCABLES,2026-06-05,1157.0,1057.5,1180.0,961.8,4379894.0
FINCABLES,2026-06-12,1045.0,1035.8,1054.6,975.5,1982059.0
FINCABLES,2026-06-19,1092.0,1164.3,1174.0,1041.0,3591656.0
FINCABLES,2026-06-26,1178.0,1116.5,1203.9,1109.4,1826012.0
FINCABLES,2026-07-03,1116.5,1100.1,1193.3,1091.4,2510940.0
FINCABLES,2026-07-10,1101.3,1054.5,1111.7,1020.6,1174875.0
FINCABLES,2026-07-17,1054.7,1017.3,1076.0,1015.0,1017826.0
FINCABLES,2026-07-24,1018.0,998.9,1027.0,956.2,1186251.0
FINCABLES,2026-07-31,999.9,987.6,1015.0,967.0,887579.0
FINCABLES,2026-08-07,991.0,1024.65,1042.85,988.0,1344726.0
FINCABLES,2026-08-14,1024.65,1246.85,1374.0,1010.45,32503210.0
FINCABLES,2026-08-21,1252.1,1260.5,1339.3,1250.0,5070150.0
FINCABLES,2026-08-28,1271.3,1297.9,1315.0,1244.7,2610953.0
FINCABLES,2026-09-04,1300.0,1220.2,1300.0,1186.5,5718467.0
FINCABLES,2026-09-11,1212.0,1424.0,1498.0,1211.1,11120208.0
FINCABLES,2026-09-18,1424.0,1411.2,1434.7,1299.1,4715369.0
FINCABLES,2026-09-25,1411.2,1460.9,1493.9,1395.0,3956152.0
GESHIP,2026-03-27,1425.5,1415.0,1462.5,1346.0,1967548.0
GESHIP,2026-04-03,1400.9,1439.6,1491.9,1389.1,1541355.0
GESHIP,2026-04-10,1439.6,1372.9,1502.2,1360.0,2842255.0
GESHIP,2026-04-17,1350.0,1424.3,1435.9,1320.0,2494732.0
GESHIP,2026-04-24,1440.0,1404.4,1477.3,1397.6,1716736.0
GESHIP,2026-05-01,1413.0,1576.8,1590.8,1405.0,4271237.0
GESHIP,2026-05-08,1590.0,1588.3,1618.9,1514.8,3184646.0
GESHIP,2026-05-15,1587.0,1533.9,1642.7,1462.1,11655661.0
GESHIP,2026-05-22,1533.9,1666.1,1798.0,1533.9,30837177.0
GESHIP,2026-05-29,1685.0,1418.9,1708.0,1410.0,5883574.0
GESHIP,2026-06-05,1418.9,1464.0,1536.0,1415.0,4163221.0
GESHIP,2026-06-12,1444.6,1389.1,1485.4,1352.1,3041474.0
GESHIP,2026-06-19,1404.0,1437.7,1455.0,1378.0,3544812.0
GESHIP,2026-06-26,1448.0,1499.0,1532.5,1428.5,2633522.0
GESHIP,2026-07-03,1495.1,1440.4,1536.0,1391.3,3083301.0
GESHIP,2026-07-10,1437.0,1420.9,1454.6,1361.6,1806542.0
GESHIP,2026-07-17,1418.0,1345.4,1459.0,1332.5,2185543.0
GESHIP,2026-07-24,1344.0,1437.9,1449.0,1340.0,2120301.0
GESHIP,2026-07-31,1439.0,1350.4,1440.0,1345.9,1901533.0
GESHIP,2026-08-07,1358.0,1341.8,1598.9,1332.5,12886624.0
GESHIP,2026-08-14,1343.9,1284.5,1344.5,1267.0,3447900.0
GESHIP,2026-08-21,1281.1,1311.3,1342.0,1261.0,4234387.0
GESHIP,2026-08-28,1320.0,1339.6,1380.0,1311.5,5790796.0
GESHIP,2026-09-04,1340.0,1369.7,1378.0,1294.0,4904845.0
GESHIP,2026-09-11,1369.0,1412.2,1426.9,1352.0,4410042.0
GESHIP,2026-09-18,1412.2,1432.1,1439.7,1358.8,3224011.0
GESHIP,2026-09-25,1437.8,1497.2,1505.0,1434.0,3502404.0
GLENMARK,2026-03-27,2170.0,2170.5,2188.4,2078.3,2139822.0
GLENMARK,2026-04-03,2169.5,2091.8,2238.4,1966.5,3179926.0
GLENMARK,2026-04-10,2079.3,2163.2,2198.9,2036.7,2797001.0
GLENMARK,2026-04-17,2153.4,2249.5,2274.9,2115.1,2141006.0
GLENMARK,2026-04-24,2249.5,2299.5,2372.8,2204.8,3527842.0
GLENMARK,2026-05-01,2312.0,2406.3,2474.0,2290.9,3410309.0
GLENMARK,2026-05-08,2434.3,2366.4,2440.0,2315.8,3606576.0
GLENMARK,2026-05-15,2356.5,2325.9,2368.8,2244.0,3825737.0
GLENMARK,2026-05-22,2329.7,2259.1,2427.0,2226.3,4234066.0
GLENMARK,2026-05-29,2268.1,2274.9,2400.7,2257.8,3174510.0
GLENMARK,2026-06-05,2288.8,2166.2,2300.0,2144.3,5406686.0
GLENMARK,2026-06-12,2148.0,2173.8,2252.5,2117.0,3034263.0
GLENMARK,2026-06-19,2186.0,2213.6,2221.6,2101.0,2649250.0
GLENMARK,2026-06-26,2213.6,2154.4,2234.9,2147.8,1671173.0
GLENMARK,2026-07-03,2169.9,2211.0,2244.5,2142.8,3859021.0
GLENMARK,2026-07-10,2220.0,2282.9,2304.1,2212.6,2737870.0
GLENMARK,2026-07-17,2285.9,2235.5,2326.1,2229.0,2432994.0
GLENMARK,2026-07-24,2235.0,2192.0,2270.0,2166.0,3128887.0
GLENMARK,2026-07-31,2218.0,2233.9,2270.2,2178.2,2500284.0
GLENMARK,2026-08-07,2256.4,2279.1,2290.0,2162.0,3134538.0
GLENMARK,2026-08-14,2293.0,2318.4,2341.6,2245.0,2049280.0
GLENMARK,2026-08-21,2329.7,2317.9,2348.6,2222.5,2307901.0
GLENMARK,2026-08-28,2315.1,2515.0,2537.6,2295.3,3098026.0
GLENMARK,2026-09-04,2532.4,2437.2,2532.4,2420.0,3000691.0
GLENMARK,2026-09-11,2420.2,2419.2,2492.0,2384.1,1748552.0
GLENMARK,2026-09-18,2419.2,2447.4,2447.4,2306.3,1726429.0
GLENMARK,2026-09-25,2425.0,2380.0,2482.6,2365.7,2643689.0
GRAPHITE,2026-03-27,599.95,640.2,659.85,558.05,18567370.0
GRAPHITE,2026-04-03,626.05,637.75,659.45,611.2,5155107.0
GRAPHITE,2026-04-10,637.75,638.75,658.0,623.8,4710352.0
GRAPHITE,2026-04-17,629.95,679.2,691.75,618.75,7932500.0
GRAPHITE,2026-04-24,680.0,723.4,760.0,674.25,21695403.0
GRAPHITE,2026-05-01,728.0,707.1,757.0,695.7,5732085.0
GRAPHITE,2026-05-08,710.0,751.75,764.7,692.15,7871484.0
GRAPHITE,2026-05-15,747.6,774.45,802.4,712.05,13239447.0
GRAPHITE,2026-05-22,772.9,740.6,797.4,727.45,8110795.0
GRAPHITE,2026-05-29,750.0,727.75,772.9,716.0,5168067.0
GRAPHITE,2026-06-05,734.3,705.35,739.4,701.55,4764457.0
GRAPHITE,2026-06-12,698.0,644.45,698.2,620.6,3691860.0
GRAPHITE,2026-06-19,650.0,639.55,673.4,633.7,3232928.0
GRAPHITE,2026-06-26,639.55,605.8,643.3,597.65,3477820.0
GRAPHITE,2026-07-03,605.8,627.8,637.3,603.3,2595074.0
GRAPHITE,2026-07-10,628.5,612.6,645.0,570.0,5710096.0
GRAPHITE,2026-07-17,609.1,644.65,665.9,605.1,6018967.0
GRAPHITE,2026-07-24,635.0,672.75,687.5,618.6,12212539.0
GRAPHITE,2026-07-31,675.8,656.4,675.9,638.0,3875436.0
GRAPHITE,2026-08-07,657.0,709.95,744.8,654.35,16151651.0
GRAPHITE,2026-08-14,710.0,721.6,748.5,705.5,4693821.0
GRAPHITE,2026-08-21,724.9,710.75,744.5,706.1,3144179.0
GRAPHITE,2026-08-28,708.9,696.0,726.0,678.5,3418135.0
GRAPHITE,2026-09-04,696.0,733.6,755.5,688.55,9961310.0
GRAPHITE,2026-09-11,734.5,825.8,874.35,713.0,53522057.0
GRAPHITE,2026-09-18,825.8,830.85,838.0,774.6,10195343.0
GRAPHITE,2026-09-25,834.7,820.7,853.2,803.5,7156687.0
GVT&D,2026-03-27,3649.0,3746.2,3826.5,3420.1,3614996.0
GVT&D,2026-04-03,3655.0,3822.2,4344.0,3626.5,3212615.0
GVT&D,2026-04-10,3808.0,4067.0,4125.0,3650.0,4023286.0
GVT&D,2026-04-17,3988.0,4138.2,4212.9,3978.0,2823258.0
GVT&D,2026-04-24,4158.8,4598.3,4694.0,4156.0,4812086.0
GVT&D,2026-05-01,4640.0,4466.2,4680.0,4443.0,2326595.0
GVT&D,2026-05-08,4500.0,4625.5,4849.0,4391.0,3969005.0
GVT&D,2026-05-15,4630.2,4342.6,4635.0,4231.1,1999973.0
GVT&D,2026-05-22,4350.0,4849.5,4962.4,4251.8,5973764.0
GVT&D,2026-05-29,4921.0,5148.6,5222.1,4730.6,4718361.0
GVT&D,2026-06-05,5100.0,5067.0,5148.5,4581.0,5855152.0
GVT&D,2026-06-12,4900.0,4942.5,5014.0,4660.0,3406810.0
GVT&D,2026-06-19,4999.5,5533.5,5632.0,4740.0,4271937.0
GVT&D,2026-06-26,5533.5,5043.0,5650.0,4965.5,4045296.0
GVT&D,2026-07-03,5057.0,4401.5,5079.0,4320.0,9920318.0
GVT&D,2026-07-10,4451.1,4677.1,4738.8,4340.0,4328650.0
GVT&D,2026-07-17,4644.5,4387.4,4730.0,4342.0,3770713.0
GVT&D,2026-07-24,4390.0,4157.4,4602.9,4115.6,4315355.0
GVT&D,2026-07-31,4215.0,4323.3,4410.0,3962.2,7058585.0
GVT&D,2026-08-07,4323.0,4299.0,4452.0,4051.0,4965341.0
GVT&D,2026-08-14,4299.0,4350.0,4549.0,4134.0,5078537.0
GVT&D,2026-08-21,4371.6,4127.2,4375.0,4025.0,4307765.0
GVT&D,2026-08-28,4139.4,4339.2,4539.0,4060.1,5063810.0
GVT&D,2026-09-04,4313.0,4306.3,4445.2,4183.2,3878757.0
GVT&D,2026-09-11,4334.5,4548.1,4825.0,4321.1,6938479.0
GVT&D,2026-09-18,4548.1,4385.0,4548.1,4149.7,3138028.0
GVT&D,2026-09-25,4399.0,4280.0,4513.5,4250.0,1982178.0
HAL,2026-03-27,3760.6,3588.6,3762.8,3576.1,6445448.0
HAL,2026-04-03,3551.0,3687.0,3700.1,3479.1,6055029.0
HAL,2026-04-10,3713.5,4112.2,4138.6,3661.0,7691692.0
HAL,2026-04-17,4039.9,4388.1,4399.4,4013.3,5780655.0
HAL,2026-04-24,4400.0,4265.8,4413.0,4236.1,3740191.0
HAL,2026-05-01,4280.0,4338.8,4397.3,4280.0,2731163.0
HAL,2026-05-08,4356.0,4788.1,4836.3,4318.0,8657501.0
HAL,2026-05-15,4779.2,4386.2,4808.6,4370.0,9343354.0
HAL,2026-05-22,4359.4,4368.4,4429.7,4175.0,6697539.0
HAL,2026-05-29,4391.2,4303.8,4474.0,4255.3,7146729.0
HAL,2026-06-05,4303.8,4216.9,4340.0,4176.1,4291279.0
HAL,2026-06-12,4166.6,4192.3,4321.0,4148.8,3305861.0
HAL,2026-06-19,4235.0,4408.1,4485.0,4202.6,4743120.0
HAL,2026-06-26,4424.1,4368.7,4535.0,4309.1,4456159.0
HAL,2026-07-03,4368.0,4428.9,4502.4,4269.9,3040564.0
HAL,2026-07-10,4432.0,4506.8,4524.9,4305.8,3616368.0
HAL,2026-07-17,4498.7,4500.7,4521.7,4392.0,2912835.0
HAL,2026-07-24,4500.0,4573.4,4627.0,4461.0,3134584.0
HAL,2026-07-31,4582.0,4646.5,4669.0,4500.1,3228489.0
HAL,2026-08-07,4660.4,4910.0,4975.0,4603.3,7689206.0
HAL,2026-08-14,4910.0,5029.9,5055.0,4803.4,7071061.0
HAL,2026-08-21,5050.0,5000.0,5149.9,4972.0,5097028.0
HAL,2026-08-28,4990.0,4861.1,4990.0,4805.0,2464944.0
HAL,2026-09-04,4836.9,4856.0,4936.0,4707.0,3500796.0
HAL,2026-09-11,4884.8,4905.0,5097.4,4835.4,6276853.0
HAL,2026-09-18,4905.0,4800.3,4940.0,4615.8,2990444.0
HAL,2026-09-25,4850.0,4800.0,4888.9,4760.1,2507737.0
HFCL,2026-03-27,70.0,70.76,73.3,66.2,79668976.0
HFCL,2026-04-03,70.5,71.72,73.45,67.15,55570730.0
HFCL,2026-04-10,71.44,84.4,84.8,69.83,193388642.0
HFCL,2026-04-17,82.25,95.49,96.2,81.69,222508270.0
HFCL,2026-04-24,97.0,100.22,101.5,92.92,182741028.0
HFCL,2026-05-01,101.75,116.03,119.5,101.75,349131529.0
HFCL,2026-05-08,122.35,141.15,147.67,119.38,686763437.0
HFCL,2026-05-15,139.3,147.89,155.3,137.65,407654628.0
HFCL,2026-05-22,147.3,148.21,148.98,134.93,211127313.0
HFCL,2026-05-29,158.9,179.94,189.08,155.0,371347748.0
HFCL,2026-06-05,180.0,187.23,208.98,176.5,314230599.0
HFCL,2026-06-12,177.87,171.86,184.7,160.66,148595719.0
HFCL,2026-06-19,180.45,209.61,209.61,180.45,125077079.0
HFCL,2026-06-26,218.99,215.0,220.09,195.0,122765670.0
HFCL,2026-07-03,212.2,214.48,219.96,201.49,132492954.0
HFCL,2026-07-10,212.9,217.25,229.5,208.81,114984309.0
HFCL,2026-07-17,214.04,213.17,229.4,206.1,85193588.0
HFCL,2026-07-24,208.25,196.85,228.0,196.66,155171439.0
HFCL,2026-07-31,200.0,193.92,200.9,181.05,162894829.0
HFCL,2026-08-07,196.95,207.98,213.45,195.7,134942867.0
HFCL,2026-08-14,209.0,223.11,230.95,207.83,102563840.0
HFCL,2026-08-21,223.9,228.01,234.4,217.85,83219215.0
HFCL,2026-08-28,229.0,251.47,255.1,228.13,92143943.0
HFCL,2026-09-04,254.2,231.44,256.7,217.65,57542610.0
HFCL,2026-09-11,239.0,233.69,255.16,222.25,44559889.0
HFCL,2026-09-18,233.69,215.71,234.7,205.1,25107312.0
HFCL,2026-09-25,213.45,211.27,224.81,207.1,22213469.0
HSCL,2026-03-27,445.0,443.85,471.0,429.5,11251020.0
HSCL,2026-04-03,439.0,448.15,465.6,423.2,12435006.0
HSCL,2026-04-10,446.85,470.9,478.05,431.55,15665591.0
HSCL,2026-04-17,463.0,493.55,498.0,456.2,12321858.0
HSCL,2026-04-24,496.0,566.15,605.0,482.65,96419943.0
HSCL,2026-05-01,577.0,607.75,624.0,544.5,53636839.0
HSCL,2026-05-08,619.15,637.65,654.45,587.4,69740960.0
HSCL,2026-05-15,631.95,596.0,632.5,580.8,60154995.0
HSCL,2026-05-22,593.2,587.15,607.95,539.6,52323566.0
HSCL,2026-05-29,587.0,606.45,625.0,578.05,27617500.0
HSCL,2026-06-05,604.0,685.05,698.0,580.9,71075215.0
HSCL,2026-06-12,680.0,680.5,707.45,633.8,92682506.0
HSCL,2026-06-19,690.0,671.05,718.0,663.15,65596008.0
HSCL,2026-06-26,676.95,678.1,685.8,630.05,69105661.0
HSCL,2026-07-03,677.95,680.65,693.3,640.0,61245280.0
HSCL,2026-07-10,682.0,660.45,693.9,635.85,49872104.0
HSCL,2026-07-17,658.6,741.55,744.5,653.0,63251597.0
HSCL,2026-07-24,742.05,789.55,819.5,741.1,74719354.0
HSCL,2026-07-31,793.2,750.65,794.0,736.0,32437429.0
HSCL,2026-08-07,750.0,752.65,771.95,735.2,14743027.0
HSCL,2026-08-14,753.05,781.05,794.5,751.05,19215822.0
HSCL,2026-08-21,784.5,654.4,789.9,650.0,69384144.0
HSCL,2026-08-28,660.45,672.95,684.75,652.0,38582326.0
HSCL,2026-09-04,673.0,671.05,684.55,650.1,35351691.0
HSCL,2026-09-11,666.0,664.9,687.0,654.2,8861031.0
HSCL,2026-09-18,664.9,675.35,678.85,632.5,15972147.0
HSCL,2026-09-25,678.0,678.75,692.8,660.0,9616820.0
INNOVACAP,2026-03-27,670.0,671.35,722.85,655.95,193654.0
INNOVACAP,2026-04-03,671.5,704.4,722.7,662.5,94693.0
INNOVACAP,2026-04-10,708.8,689.35,712.85,670.0,275506.0
INNOVACAP,2026-04-17,685.9,742.3,753.5,675.05,183303.0
INNOVACAP,2026-04-24,736.55,721.15,740.75,702.3,511203.0
INNOVACAP,2026-05-01,718.4,752.05,763.4,710.0,422534.0
INNOVACAP,2026-05-08,790.0,875.75,900.0,790.0,1421677.0
INNOVACAP,2026-05-15,875.75,858.3,918.0,833.05,288877.0
INNOVACAP,2026-05-22,858.3,848.3,905.95,841.2,224187.0
INNOVACAP,2026-05-29,844.15,850.4,882.0,834.0,192439.0
INNOVACAP,2026-06-05,855.0,867.5,889.0,836.8,131349.0
INNOVACAP,2026-06-12,850.55,942.45,974.0,850.55,787396.0
INNOVACAP,2026-06-19,952.0,949.55,978.0,911.75,346929.0
INNOVACAP,2026-06-26,965.0,941.35,980.0,918.0,162324.0
INNOVACAP,2026-07-03,937.0,957.85,1031.5,932.3,252467.0
INNOVACAP,2026-07-10,968.65,989.35,1033.8,942.0,414828.0
INNOVACAP,2026-07-17,995.7,962.7,1034.85,957.1,209181.0
INNOVACAP,2026-07-24,962.0,950.45,981.9,934.55,178194.0
INNOVACAP,2026-07-31,948.0,974.25,983.15,948.0,127522.0
INNOVACAP,2026-08-07,975.0,944.5,975.85,925.2,110520.0
INNOVACAP,2026-08-14,940.2,1036.0,1120.0,940.2,1080394.0
INNOVACAP,2026-08-21,1052.0,1088.5,1105.0,1001.0,311509.0
INNOVACAP,2026-08-28,1099.0,1055.1,1115.4,1011.0,271198.0
INNOVACAP,2026-09-04,1057.0,1175.4,1199.9,1052.1,914710.0
INNOVACAP,2026-09-11,1198.9,1147.2,1200.0,1133.1,300376.0
INNOVACAP,2026-09-18,1147.2,1179.8,1236.1,1080.2,401444.0
INNOVACAP,2026-09-25,1179.8,1281.0,1353.5,1179.8,754956.0
JASH,2026-03-27,362.5,339.7,368.0,333.3,648849.0
JASH,2026-04-03,333.05,368.3,372.0,327.1,351181.0
JASH,2026-04-10,370.1,402.65,422.0,365.95,619120.0
JASH,2026-04-17,391.0,393.75,408.0,382.65,939996.0
JASH,2026-04-24,393.75,421.4,434.65,385.0,912197.0
JASH,2026-05-01,426.7,418.75,432.0,412.05,302912.0
JASH,2026-05-08,418.75,418.35,426.0,402.7,481726.0
JASH,2026-05-15,410.0,386.5,433.8,385.0,441635.0
JASH,2026-05-22,380.7,399.25,404.85,368.0,478531.0
JASH,2026-05-29,394.0,402.9,440.0,392.1,1216715.0
JASH,2026-06-05,406.1,448.9,450.0,399.0,1089715.0
JASH,2026-06-12,451.5,466.55,468.5,430.05,686225.0
JASH,2026-06-19,482.5,500.05,514.8,475.9,1570866.0
JASH,2026-06-26,508.75,550.3,572.85,502.5,2234861.0
JASH,2026-07-03,550.0,492.0,550.0,475.05,1998977.0
JASH,2026-07-10,484.0,532.75,542.0,480.0,1290737.0
JASH,2026-07-17,532.75,520.45,548.0,513.1,749744.0
JASH,2026-07-24,515.6,508.0,532.3,497.1,600704.0
JASH,2026-07-31,511.0,504.55,519.9,485.0,524097.0
JASH,2026-08-07,506.0,498.1,511.4,490.0,332472.0
JASH,2026-08-14,496.0,490.05,520.0,473.9,826305.0
JASH,2026-08-21,489.4,472.5,500.5,468.8,418039.0
JASH,2026-08-28,471.5,478.3,492.2,466.35,365429.0
JASH,2026-09-04,473.4,478.5,489.95,454.1,656599.0
JASH,2026-09-11,498.0,514.05,528.0,490.0,1127603.0
JASH,2026-09-18,514.05,521.15,527.5,482.0,535009.0
JASH,2026-09-25,551.0,593.85,603.0,541.0,17921602.0
KABRAEXTRU,2026-03-27,208.1,189.85,212.85,188.75,395360.0
KABRAEXTRU,2026-04-03,189.85,207.2,214.0,182.05,136764.0
KABRAEXTRU,2026-04-10,205.98,228.03,232.0,201.63,151390.0
KABRAEXTRU,2026-04-17,226.89,241.41,248.0,218.27,114936.0
KABRAEXTRU,2026-04-24,240.0,240.64,265.0,231.0,350149.0
KABRAEXTRU,2026-05-01,242.38,249.47,255.53,239.72,74909.0
KABRAEXTRU,2026-05-08,246.64,241.97,249.46,238.6,55197.0
KABRAEXTRU,2026-05-15,244.0,226.94,245.11,226.1,55202.0
KABRAEXTRU,2026-05-22,222.5,227.65,230.78,216.6,53879.0
KABRAEXTRU,2026-05-29,227.65,215.66,236.45,212.72,108352.0
KABRAEXTRU,2026-06-05,214.11,235.45,248.9,214.11,135585.0
KABRAEXTRU,2026-06-12,230.5,237.26,244.0,225.23,80453.0
KABRAEXTRU,2026-06-19,239.2,237.74,249.98,232.35,61794.0
KABRAEXTRU,2026-06-26,238.26,245.02,256.32,237.0,317218.0
KABRAEXTRU,2026-07-03,245.02,272.95,289.9,245.02,1013101.0
KABRAEXTRU,2026-07-10,273.0,294.35,304.85,273.0,937252.0
KABRAEXTRU,2026-07-17,292.7,330.7,343.65,285.0,1476029.0
KABRAEXTRU,2026-07-24,332.0,376.8,382.6,327.1,1016746.0
KABRAEXTRU,2026-07-31,392.0,394.95,408.0,350.05,1509005.0
KABRAEXTRU,2026-08-07,401.0,448.6,485.45,395.0,3927229.0
KABRAEXTRU,2026-08-14,445.0,517.4,523.8,433.35,3315859.0
KABRAEXTRU,2026-08-21,519.0,566.2,574.95,494.0,1535041.0
KABRAEXTRU,2026-08-28,567.0,603.5,625.15,567.0,1918402.0
KABRAEXTRU,2026-09-04,606.8,579.15,608.9,552.35,1033535.0
KABRAEXTRU,2026-09-11,587.0,723.15,733.0,587.0,2770766.0
KABRAEXTRU,2026-09-18,723.15,681.6,741.9,585.8,1360290.0
KABRAEXTRU,2026-09-25,674.25,846.4,846.4,655.2,1640293.0
KIRLOSBROS,2026-03-27,1552.9,1426.5,1556.1,1413.1,424826.0
KIRLOSBROS,2026-04-03,1400.0,1403.9,1430.6,1335.0,275987.0
KIRLOSBROS,2026-04-10,1400.0,1588.3,1594.5,1377.1,412438.0
KIRLOSBROS,2026-04-17,1526.0,1764.3,1869.8,1526.0,1009005.0
KIRLOSBROS,2026-04-24,1764.4,1645.0,1783.8,1617.1,416781.0
KIRLOSBROS,2026-05-01,1651.1,1729.9,1764.4,1651.0,388045.0
KIRLOSBROS,2026-05-08,1735.2,1733.1,1783.0,1692.1,270605.0
KIRLOSBROS,2026-05-15,1733.1,1607.4,1734.6,1550.1,613801.0
KIRLOSBROS,2026-05-22,1586.6,1597.8,1658.4,1558.9,215497.0
KIRLOSBROS,2026-05-29,1624.0,1633.0,1734.8,1605.0,330402.0
KIRLOSBROS,2026-06-05,1640.6,1711.1,1757.0,1594.3,718554.0
KIRLOSBROS,2026-06-12,1711.9,1729.4,1745.0,1654.0,326933.0
KIRLOSBROS,2026-06-19,1751.9,1933.6,1965.0,1733.5,975294.0
KIRLOSBROS,2026-06-26,1970.0,2018.5,2189.2,1956.6,4625974.0
KIRLOSBROS,2026-07-03,2026.7,1852.5,2098.0,1800.0,1411898.0
KIRLOSBROS,2026-07-10,1852.5,1920.5,1934.9,1811.3,491653.0
KIRLOSBROS,2026-07-17,1920.5,1868.2,2007.6,1833.1,663822.0
KIRLOSBROS,2026-07-24,1863.4,1836.1,1921.6,1795.1,286230.0
KIRLOSBROS,2026-07-31,1837.0,1870.1,1915.0,1790.0,545415.0
KIRLOSBROS,2026-08-07,1840.0,1901.7,1993.0,1838.2,599454.0
KIRLOSBROS,2026-08-14,1902.2,1905.5,1977.0,1873.1,287347.0
KIRLOSBROS,2026-08-21,1927.0,1906.2,1978.0,1897.0,243463.0
KIRLOSBROS,2026-08-28,1905.8,1914.7,1939.1,1879.1,170969.0
KIRLOSBROS,2026-09-04,1917.5,1862.0,1920.9,1842.7,128603.0
KIRLOSBROS,2026-09-11,1862.0,1784.0,1869.3,1771.0,141908.0
KIRLOSBROS,2026-09-18,1784.0,1811.4,1838.6,1698.2,190198.0
KIRLOSBROS,2026-09-25,1811.9,1771.9,1827.3,1752.1,107740.0
KOVAI,2026-04-17,2576.65,2576.65,2576.65,2576.65,0.0
KOVAI,2026-04-24,5499.9,5659.6,5748.0,5350.1,11200.0
KOVAI,2026-05-01,5740.0,5657.6,6052.6,5500.0,19387.0
KOVAI,2026-05-08,5642.5,5689.5,5838.5,5530.0,17592.0
KOVAI,2026-05-15,5750.0,5427.5,5750.0,5340.0,23950.0
KOVAI,2026-05-22,5492.5,5393.5,5528.5,5294.5,18222.0
KOVAI,2026-05-29,5421.0,5360.5,5540.0,5275.5,30685.0
KOVAI,2026-06-05,5300.0,5398.0,5459.0,5300.0,12430.0
KOVAI,2026-06-12,5322.0,5811.0,5946.0,5275.5,39024.0
KOVAI,2026-06-19,5860.0,5842.5,5900.0,5728.0,14468.0
KOVAI,2026-06-26,5842.5,6019.0,6340.0,5800.0,79892.0
KOVAI,2026-07-03,6019.5,6042.5,6140.0,5899.5,40939.0
KOVAI,2026-07-10,6097.5,5989.5,6158.5,5894.0,15144.0
KOVAI,2026-07-17,6015.5,5986.0,6057.0,5800.0,22680.0
KOVAI,2026-07-24,5986.0,5845.0,6014.5,5670.5,16505.0
KOVAI,2026-07-31,5848.0,5910.0,6129.0,5760.5,16014.0
KOVAI,2026-08-07,5895.0,5843.5,5989.0,5810.0,14328.0
KOVAI,2026-08-14,5950.0,6038.5,6279.0,5751.0,64041.0
KOVAI,2026-08-21,6041.5,6034.5,6181.5,5891.0,20413.0
KOVAI,2026-08-28,6050.0,6032.5,6178.5,5905.5,18865.0
KOVAI,2026-09-04,6062.0,6062.5,6172.0,5930.5,16870.0
KOVAI,2026-09-11,6045.0,6203.5,6444.0,5970.0,36522.0
KOVAI,2026-09-18,6111.5,6226.0,6290.0,5974.0,22193.0
KOVAI,2026-09-25,6266.5,6090.5,6334.5,6036.5,14671.0
KRISHANA,2026-03-27,95.98,96.27,99.2,93.24,3421555.0
KRISHANA,2026-04-03,95.29,107.84,109.0,93.0,2917700.0
KRISHANA,2026-04-10,109.14,114.44,123.8,109.08,9469990.0
KRISHANA,2026-04-17,112.2,125.2,131.56,111.2,9940570.0
KRISHANA,2026-04-24,125.2,127.63,131.0,123.21,5544325.0
KRISHANA,2026-05-01,129.8,120.02,140.8,118.81,12771800.0
KRISHANA,2026-05-08,120.23,140.41,140.79,117.0,10157715.0
KRISHANA,2026-05-15,141.27,133.93,142.5,132.81,8794435.0
KRISHANA,2026-05-22,133.6,133.34,143.7,129.61,8120225.0
KRISHANA,2026-05-29,134.74,133.62,140.0,130.4,5634430.0
KRISHANA,2026-06-05,134.0,133.34,139.74,132.8,6042170.0
KRISHANA,2026-06-12,132.0,134.72,138.2,129.94,3300205.0
KRISHANA,2026-06-19,136.0,135.9,139.95,134.5,4374465.0
KRISHANA,2026-06-26,135.68,144.92,149.71,135.01,13665705.0
KRISHANA,2026-07-03,146.4,151.85,152.3,132.02,10381539.0
KRISHANA,2026-07-10,151.0,140.2,151.0,126.25,8189202.0
KRISHANA,2026-07-17,140.4,140.45,142.25,133.05,4057911.0
KRISHANA,2026-07-24,140.95,162.05,163.95,136.3,13442463.0
KRISHANA,2026-07-31,163.75,182.95,193.9,160.5,17019724.0
KRISHANA,2026-08-07,183.7,178.67,186.0,177.5,2459016.0
KRISHANA,2026-08-14,178.67,190.68,192.3,178.67,2844041.0
KRISHANA,2026-08-21,193.0,198.41,200.99,184.1,4688878.0
KRISHANA,2026-08-28,201.08,192.91,206.39,189.57,5703149.0
KRISHANA,2026-09-04,192.91,184.13,196.48,181.98,1998561.0
KRISHANA,2026-09-11,183.44,179.66,186.34,174.28,3738225.0
KRISHANA,2026-09-18,179.66,179.89,185.8,171.21,2676772.0
KRISHANA,2026-09-25,177.33,187.24,193.0,174.5,3349831.0
KTKBANK,2026-03-27,223.0,229.66,231.72,212.5,14166016.0
KTKBANK,2026-04-03,225.0,227.47,233.41,217.0,9880417.0
KTKBANK,2026-04-10,227.89,242.97,251.0,223.67,21249031.0
KTKBANK,2026-04-17,238.0,246.23,248.2,234.41,13214623.0
KTKBANK,2026-04-24,247.69,242.04,255.5,240.46,13255442.0
KTKBANK,2026-05-01,243.0,268.61,271.44,242.99,18298727.0
KTKBANK,2026-05-08,269.6,259.35,275.3,258.3,11299904.0
KTKBANK,2026-05-15,258.0,246.1,258.35,243.7,8370517.0
KTKBANK,2026-05-22,245.35,264.5,273.75,238.7,30581601.0
KTKBANK,2026-05-29,264.8,269.35,278.4,262.2,12454957.0
KTKBANK,2026-06-05,271.0,262.0,277.4,257.15,11719955.0
KTKBANK,2026-06-12,259.75,275.7,277.5,255.0,12530763.0
KTKBANK,2026-06-19,280.0,274.7,282.95,270.35,9622265.0
KTKBANK,2026-06-26,275.1,265.6,277.0,263.7,5998907.0
KTKBANK,2026-07-03,264.1,263.4,276.85,261.3,8442780.0
KTKBANK,2026-07-10,264.9,276.35,277.95,261.05,10741918.0
KTKBANK,2026-07-17,273.9,273.15,280.0,268.35,6841460.0
KTKBANK,2026-07-24,274.0,279.7,284.9,271.15,11933010.0
KTKBANK,2026-07-31,280.0,284.75,295.4,275.7,23068265.0
KTKBANK,2026-08-07,288.0,310.0,316.8,286.0,22474953.0
KTKBANK,2026-08-14,311.0,309.65,316.0,298.6,11472141.0
KTKBANK,2026-08-21,310.0,328.3,338.25,303.55,20499961.0
KTKBANK,2026-08-28,328.3,330.35,341.0,324.2,11903812.0
KTKBANK,2026-09-04,331.0,340.1,345.9,321.55,13121455.0
KTKBANK,2026-09-11,339.6,325.35,340.0,322.5,8555118.0
KTKBANK,2026-09-18,325.35,313.8,331.35,309.85,8945951.0
KTKBANK,2026-09-25,313.8,335.5,345.4,311.15,10829801.0
LALPATHLAB,2026-03-27,1295.1,1325.4,1364.0,1272.6,1273935.0
LALPATHLAB,2026-04-03,1313.0,1328.7,1358.0,1285.0,980348.0
LALPATHLAB,2026-04-10,1328.7,1404.7,1416.2,1310.8,1759034.0
LALPATHLAB,2026-04-17,1380.0,1402.1,1471.5,1365.5,1281448.0
LALPATHLAB,2026-04-24,1404.5,1408.9,1469.0,1394.2,2102038.0
LALPATHLAB,2026-05-01,1405.0,1367.2,1429.0,1363.0,880407.0
LALPATHLAB,2026-05-08,1390.4,1649.8,1660.0,1390.0,11405355.0
LALPATHLAB,2026-05-15,1637.9,1602.9,1698.0,1568.0,2367185.0
LALPATHLAB,2026-05-22,1585.1,1630.1,1719.9,1581.4,1615855.0
LALPATHLAB,2026-05-29,1640.0,1607.4,1651.5,1585.9,1277169.0
LALPATHLAB,2026-06-05,1611.2,1536.9,1611.2,1528.0,809344.0
LALPATHLAB,2026-06-12,1510.1,1601.5,1634.0,1500.1,1215134.0
LALPATHLAB,2026-06-19,1625.7,1635.8,1803.0,1579.2,10091375.0
LALPATHLAB,2026-06-26,1640.0,1689.2,1698.6,1640.0,1142626.0
LALPATHLAB,2026-07-03,1698.5,1645.7,1698.5,1610.1,1903747.0
LALPATHLAB,2026-07-10,1641.1,1692.8,1718.0,1635.7,1998682.0
LALPATHLAB,2026-07-17,1692.0,1687.4,1784.0,1666.2,1351973.0
LALPATHLAB,2026-07-24,1675.7,1759.2,1791.4,1650.9,2126777.0
LALPATHLAB,2026-07-31,1800.4,1905.2,1919.8,1790.1,4490897.0
LALPATHLAB,2026-08-07,1920.0,1931.6,1955.1,1863.0,2122375.0
LALPATHLAB,2026-08-14,1939.7,1916.3,1988.9,1907.9,1275815.0
LALPATHLAB,2026-08-21,1931.0,1894.2,1931.0,1870.1,911061.0
LALPATHLAB,2026-08-28,1890.0,1931.1,1948.8,1875.1,654425.0
LALPATHLAB,2026-09-04,1931.1,1877.5,1963.0,1855.7,1261679.0
LALPATHLAB,2026-09-11,1880.0,1909.0,1962.0,1870.1,877590.0
LALPATHLAB,2026-09-18,1909.0,1896.9,2038.6,1870.0,2563644.0
LALPATHLAB,2026-09-25,1896.9,1952.3,1986.8,1890.0,1589045.0
LAURUSLABS,2026-03-27,979.1,1008.8,1029.0,957.4,10528756.0
LAURUSLABS,2026-04-03,1001.0,1042.9,1049.8,984.7,6788772.0
LAURUSLABS,2026-04-10,1042.9,1098.35,1109.0,1014.3,7905311.0
LAURUSLABS,2026-04-17,1080.6,1135.75,1142.35,1072.55,5519404.0
LAURUSLABS,2026-04-24,1135.75,1113.45,1144.85,1091.1,8176985.0
LAURUSLABS,2026-05-01,1118.8,1100.95,1133.0,1080.0,7519252.0
LAURUSLABS,2026-05-08,1102.2,1228.3,1237.9,1102.0,18030134.0
LAURUSLABS,2026-05-15,1232.5,1323.6,1327.9,1221.4,13135770.0
LAURUSLABS,2026-05-22,1323.6,1343.5,1373.9,1307.6,9664271.0
LAURUSLABS,2026-05-29,1345.0,1362.0,1393.4,1340.0,6473560.0
LAURUSLABS,2026-06-05,1372.4,1446.8,1450.1,1358.0,10295220.0
LAURUSLABS,2026-06-12,1432.0,1394.3,1457.0,1373.8,7801976.0
LAURUSLABS,2026-06-19,1414.0,1412.9,1424.6,1342.9,9759674.0
LAURUSLABS,2026-06-26,1415.0,1450.0,1492.6,1410.5,9346146.0
LAURUSLABS,2026-07-03,1450.0,1542.3,1555.0,1450.0,23725173.0
LAURUSLABS,2026-07-10,1543.5,1537.8,1551.0,1448.2,10259346.0
LAURUSLABS,2026-07-17,1534.5,1529.8,1579.1,1520.4,6670607.0
LAURUSLABS,2026-07-24,1534.9,1601.2,1610.0,1527.2,8036324.0
LAURUSLABS,2026-07-31,1624.8,1816.2,1826.6,1617.1,20303270.0
LAURUSLABS,2026-08-07,1821.0,1844.3,1856.6,1789.1,9006059.0
LAURUSLABS,2026-08-14,1845.0,1787.3,1870.8,1777.7,6916584.0
LAURUSLABS,2026-08-21,1770.0,1802.0,1836.4,1769.4,7067118.0
LAURUSLABS,2026-08-28,1800.0,1938.5,1938.5,1790.0,16260720.0
LAURUSLABS,2026-09-04,1945.0,1840.0,1949.0,1811.7,39373662.0
LAURUSLABS,2026-09-11,1840.0,1969.0,1981.8,1832.7,8431326.0
LAURUSLABS,2026-09-18,1969.0,1954.0,1982.0,1863.5,8710653.0
LAURUSLABS,2026-09-25,1966.6,2007.0,2055.3,1963.8,7851480.0
LTFOODS,2026-03-27,375.9,372.2,390.7,362.0,2222885.0
LTFOODS,2026-04-03,368.0,386.05,387.7,359.1,1940476.0
LTFOODS,2026-04-10,386.0,410.4,415.5,376.15,3021163.0
LTFOODS,2026-04-17,399.0,422.0,423.85,395.5,2044365.0
LTFOODS,2026-04-24,421.7,420.05,427.9,411.6,1741435.0
LTFOODS,2026-05-01,420.05,430.65,438.0,418.4,1837852.0
LTFOODS,2026-05-08,432.8,429.9,439.9,421.5,1472195.0
LTFOODS,2026-05-15,427.9,409.35,428.0,395.8,1832419.0
LTFOODS,2026-05-22,405.2,396.45,412.9,393.05,1303020.0
LTFOODS,2026-05-29,399.0,392.1,415.75,388.5,1116294.0
LTFOODS,2026-06-05,393.95,384.85,397.8,377.0,2037378.0
LTFOODS,2026-06-12,378.6,380.9,383.2,364.05,1936712.0
LTFOODS,2026-06-19,391.6,383.0,396.0,378.0,5943094.0
LTFOODS,2026-06-26,383.0,385.55,392.0,373.3,2559551.0
LTFOODS,2026-07-03,385.0,379.15,385.65,366.25,2178533.0
LTFOODS,2026-07-10,379.1,389.1,393.8,373.0,2741338.0
LTFOODS,2026-07-17,386.15,382.95,391.85,376.3,2781360.0
LTFOODS,2026-07-24,382.95,375.6,388.0,369.4,1315042.0
LTFOODS,2026-07-31,377.7,410.35,416.8,368.0,10948602.0
LTFOODS,2026-08-07,414.5,427.55,432.15,408.7,2723638.0
LTFOODS,2026-08-14,431.05,419.8,432.1,415.4,1699342.0
LTFOODS,2026-08-21,419.8,427.6,437.0,416.0,2105010.0
LTFOODS,2026-08-28,427.6,439.35,490.7,427.6,46604166.0
LTFOODS,2026-09-04,439.35,444.8,453.3,429.55,2995240.0
LTFOODS,2026-09-11,443.8,438.1,466.8,431.4,3410921.0
LTFOODS,2026-09-18,438.1,423.2,440.0,408.95,1388765.0
LTFOODS,2026-09-25,423.2,422.35,433.85,418.0,1686464.0
LUMAXTECH,2026-03-27,1560.2,1608.8,1636.0,1465.2,795029.0
LUMAXTECH,2026-04-03,1559.4,1613.9,1624.9,1510.0,446887.0
LUMAXTECH,2026-04-10,1616.9,1823.3,1848.0,1594.0,1945591.0
LUMAXTECH,2026-04-17,1770.0,1794.9,1898.0,1726.1,1497204.0
LUMAXTECH,2026-04-24,1750.0,1727.0,1839.0,1720.8,914248.0
LUMAXTECH,2026-05-01,1726.0,1621.4,1760.0,1537.9,967624.0
LUMAXTECH,2026-05-08,1647.9,1736.1,1759.7,1540.1,1594701.0
LUMAXTECH,2026-05-15,1736.1,1636.1,1765.5,1592.1,646764.0
LUMAXTECH,2026-05-22,1600.0,1624.9,1672.7,1554.1,707521.0
LUMAXTECH,2026-05-29,1624.9,1724.8,1746.0,1588.0,1083620.0
LUMAXTECH,2026-06-05,1750.0,1664.4,1803.0,1638.1,1597777.0
LUMAXTECH,2026-06-12,1626.0,1634.0,1679.0,1578.0,544316.0
LUMAXTECH,2026-06-19,1625.0,1646.4,1714.0,1604.1,648825.0
LUMAXTECH,2026-06-26,1645.0,1548.9,1669.5,1497.0,952579.0
LUMAXTECH,2026-07-03,1545.0,1524.5,1575.6,1497.3,621136.0
LUMAXTECH,2026-07-10,1518.6,1491.0,1534.0,1428.2,519725.0
LUMAXTECH,2026-07-17,1485.0,1419.6,1510.0,1384.4,746673.0
LUMAXTECH,2026-07-24,1410.0,1465.8,1514.1,1410.0,494361.0
LUMAXTECH,2026-07-31,1465.8,1568.3,1601.9,1465.8,591058.0
LUMAXTECH,2026-08-07,1579.0,1722.4,1755.0,1579.0,1098886.0
LUMAXTECH,2026-08-14,1742.0,2025.7,2110.0,1711.3,7432182.0
LUMAXTECH,2026-08-21,2040.1,1988.8,2074.3,1969.6,581337.0
LUMAXTECH,2026-08-28,2007.4,1985.5,2007.4,1900.0,632272.0
LUMAXTECH,2026-09-04,1985.5,1951.9,2148.7,1942.9,1154674.0
LUMAXTECH,2026-09-11,1947.7,1993.7,2011.9,1893.7,596248.0
LUMAXTECH,2026-09-18,1993.7,2102.7,2118.4,1905.0,687544.0
LUMAXTECH,2026-09-25,2106.0,2026.8,2190.0,2022.0,683683.0
MANORAMA,2026-03-27,1250.0,1208.9,1308.0,1190.6,464361.0
MANORAMA,2026-04-03,1190.0,1219.7,1246.0,1120.3,494191.0
MANORAMA,2026-04-10,1240.0,1282.7,1335.0,1209.5,666018.0
MANORAMA,2026-04-17,1252.0,1417.7,1422.0,1240.0,383508.0
MANORAMA,2026-04-24,1416.0,1411.1,1475.7,1372.2,510421.0
MANORAMA,2026-05-01,1420.8,1509.0,1524.1,1413.1,461785.0
MANORAMA,2026-05-08,1527.0,1576.2,1638.0,1500.0,1001393.0
MANORAMA,2026-05-15,1584.0,1305.6,1610.0,1300.0,2278570.0
MANORAMA,2026-05-22,1300.0,1386.4,1414.0,1287.4,637251.0
MANORAMA,2026-05-29,1396.5,1426.4,1487.0,1373.0,693352.0
MANORAMA,2026-06-05,1446.9,1476.1,1540.0,1419.1,718183.0
MANORAMA,2026-06-12,1450.0,1564.4,1585.6,1430.5,913633.0
MANORAMA,2026-06-19,1581.8,1558.2,1581.8,1490.6,735578.0
MANORAMA,2026-06-26,1550.5,1573.5,1615.0,1522.2,668723.0
MANORAMA,2026-07-03,1573.8,1562.4,1676.7,1551.0,1348474.0
MANORAMA,2026-07-10,1570.9,1603.4,1624.2,1501.1,1078078.0
MANORAMA,2026-07-17,1603.4,1591.5,1641.7,1573.3,708647.0
MANORAMA,2026-07-24,1591.5,1585.5,1636.4,1562.1,435152.0
MANORAMA,2026-07-31,1595.5,1604.5,1674.0,1591.7,594330.0
MANORAMA,2026-08-07,1602.9,1636.2,1706.9,1588.9,764531.0
MANORAMA,2026-08-14,1641.0,1737.1,1868.0,1590.4,7848496.0
MANORAMA,2026-08-21,1775.0,1927.3,2043.0,1745.5,10333107.0
MANORAMA,2026-08-28,1930.9,1889.4,1945.9,1872.0,675459.0
MANORAMA,2026-09-04,1892.0,1993.4,2017.5,1795.1,2224827.0
MANORAMA,2026-09-11,1993.0,2055.7,2149.5,1967.3,1339885.0
MANORAMA,2026-09-18,2055.7,1966.9,2057.3,1876.1,630144.0
MANORAMA,2026-09-25,1969.9,1872.8,1979.9,1860.0,606821.0
MARICO,2026-03-27,734.8,742.45,758.75,723.55,7481557.0
MARICO,2026-04-03,739.0,761.35,767.55,728.95,9069957.0
MARICO,2026-04-10,764.0,763.25,772.0,738.85,11228148.0
MARICO,2026-04-17,743.65,757.3,764.5,740.4,8283348.0
MARICO,2026-04-24,757.3,783.3,787.1,753.9,8444326.0
MARICO,2026-05-01,783.3,775.0,794.0,765.65,4319495.0
MARICO,2026-05-08,781.0,831.3,843.15,760.6,14822358.0
MARICO,2026-05-15,829.75,841.15,848.8,824.8,8960442.0
MARICO,2026-05-22,841.15,824.45,845.85,822.0,7209710.0
MARICO,2026-05-29,832.0,821.7,845.0,812.0,11473206.0
MARICO,2026-06-05,812.0,810.65,826.55,794.85,7485113.0
MARICO,2026-06-12,803.1,819.05,832.95,800.25,8327427.0
MARICO,2026-06-19,827.0,817.05,831.0,796.0,10936592.0
MARICO,2026-06-26,821.05,825.8,832.9,807.0,7105789.0
MARICO,2026-07-03,824.6,838.55,873.0,824.6,19201640.0
MARICO,2026-07-10,839.0,852.5,863.9,835.0,9771450.0
MARICO,2026-07-17,850.0,844.0,853.1,829.9,7249566.0
MARICO,2026-07-24,839.5,855.6,868.0,837.2,8162036.0
MARICO,2026-07-31,862.0,870.65,889.1,852.0,10724456.0
MARICO,2026-08-07,870.0,862.0,881.35,846.85,11740471.0
MARICO,2026-08-14,862.4,865.2,867.05,839.05,6513849.0
MARICO,2026-08-21,865.2,849.25,867.35,840.35,4661372.0
MARICO,2026-08-28,846.25,829.65,850.0,825.8,7291823.0
MARICO,2026-09-04,830.0,815.15,840.05,814.1,11858156.0
MARICO,2026-09-11,815.15,802.1,825.45,795.7,8226401.0
MARICO,2026-09-18,802.1,803.9,826.3,791.25,9381327.0
MARICO,2026-09-25,807.0,819.0,833.2,804.25,4979057.0
MARKSANS,2026-03-27,168.21,163.08,168.5,157.2,4121137.0
MARKSANS,2026-04-03,160.57,168.15,171.48,155.0,2418331.0
MARKSANS,2026-04-10,170.3,178.48,180.5,162.91,3150214.0
MARKSANS,2026-04-17,173.0,179.23,181.99,171.5,2195167.0
MARKSANS,2026-04-24,179.23,190.21,195.68,175.21,7670468.0
MARKSANS,2026-05-01,191.0,184.63,195.0,181.0,3361279.0
MARKSANS,2026-05-08,187.55,197.76,207.0,185.0,14784543.0
MARKSANS,2026-05-15,198.81,207.45,213.45,193.75,11503887.0
MARKSANS,2026-05-22,209.56,211.86,225.49,208.1,13756389.0
MARKSANS,2026-05-29,214.0,246.19,264.4,213.97,61252605.0
MARKSANS,2026-06-05,249.0,233.19,256.0,230.5,11780320.0
MARKSANS,2026-06-12,230.22,252.37,260.0,228.2,18318185.0
MARKSANS,2026-06-19,255.0,259.67,266.54,246.1,12425915.0
MARKSANS,2026-06-26,260.8,256.07,275.5,252.81,11768957.0
MARKSANS,2026-07-03,256.09,264.45,278.8,256.0,9339554.0
MARKSANS,2026-07-10,264.0,272.4,281.6,257.5,13455402.0
MARKSANS,2026-07-17,270.95,267.1,281.4,263.85,6945411.0
MARKSANS,2026-07-24,265.0,246.3,271.55,239.65,9677086.0
MARKSANS,2026-07-31,248.0,258.35,265.5,247.75,5407031.0
MARKSANS,2026-08-07,259.0,273.85,276.45,258.85,5106273.0
MARKSANS,2026-08-14,273.85,333.0,336.6,268.3,80877862.0
MARKSANS,2026-08-21,337.3,321.3,345.5,313.85,23463266.0
MARKSANS,2026-08-28,322.6,329.7,335.45,315.1,8349421.0
MARKSANS,2026-09-04,328.1,326.75,341.0,313.1,14848931.0
MARKSANS,2026-09-11,327.5,329.4,349.95,323.8,12600113.0
MARKSANS,2026-09-18,329.4,320.15,331.4,301.1,6641845.0
MARKSANS,2026-09-25,322.2,336.95,350.95,321.2,12378715.0
MCX,2026-03-27,2400.0,2398.2,2497.7,2260.0,21995236.0
MCX,2026-04-03,2371.2,2443.0,2508.0,2345.0,10363689.0
MCX,2026-04-10,2437.2,2669.4,2708.8,2422.3,18457880.0
MCX,2026-04-17,2650.0,2856.1,2903.0,2629.0,16776361.0
MCX,2026-04-24,2862.0,2760.9,2895.0,2756.0,11338275.0
MCX,2026-05-01,2786.5,2971.5,2985.1,2773.8,8582398.0
MCX,2026-05-08,3000.0,3097.8,3136.0,2867.0,12284373.0
MCX,2026-05-15,3120.0,3391.0,3423.0,3042.5,22073743.0
MCX,2026-05-22,3348.2,3269.9,3480.0,3257.3,14020665.0
MCX,2026-05-29,3300.0,2954.5,3347.0,2906.2,25004489.0
MCX,2026-06-05,2967.0,2795.0,2987.5,2751.0,20130571.0
MCX,2026-06-12,2721.0,2853.0,2915.0,2707.0,13357395.0
MCX,2026-06-19,2909.0,2803.8,2909.9,2761.8,14861482.0
MCX,2026-06-26,2822.0,2831.7,2882.7,2802.1,8637996.0
MCX,2026-07-03,2822.0,2814.0,3038.0,2800.0,24780160.0
MCX,2026-07-10,2800.0,2770.7,2839.0,2577.5,19622498.0
MCX,2026-07-17,2773.0,2747.5,2942.1,2729.0,10019800.0
MCX,2026-07-24,2749.0,2730.0,2861.5,2706.0,6695431.0
MCX,2026-07-31,2740.4,2692.2,2777.9,2662.5,5502675.0
MCX,2026-08-07,2700.0,2638.0,2710.0,2565.5,12714461.0
MCX,2026-08-14,2640.0,2911.5,3023.7,2603.2,19249693.0
MCX,2026-08-21,2913.1,3185.0,3211.4,2892.1,15046292.0
MCX,2026-08-28,3200.0,3332.0,3362.0,3180.1,11202515.0
MCX,2026-09-04,3316.0,3275.4,3400.0,3165.6,11655275.0
MCX,2026-09-11,3276.9,3276.0,3398.0,3247.2,8492864.0
MCX,2026-09-18,3276.0,3260.0,3314.9,3056.6,7446820.0
MCX,2026-09-25,3250.0,3324.9,3481.4,3155.5,11106456.0
METROPOLIS,2026-03-27,434.5,430.8,475.0,421.2,2705044.0
METROPOLIS,2026-04-03,426.1,421.75,444.0,412.25,1050355.0
METROPOLIS,2026-04-10,433.0,468.1,471.8,422.0,2153790.0
METROPOLIS,2026-04-17,452.1,471.7,484.5,452.1,565880.0
METROPOLIS,2026-04-24,471.7,467.1,494.4,463.25,429968.0
METROPOLIS,2026-05-01,467.1,476.5,485.95,463.0,324779.0
METROPOLIS,2026-05-08,472.2,549.5,574.9,472.2,10673487.0
METROPOLIS,2026-05-15,549.0,528.85,600.0,515.0,5055808.0
METROPOLIS,2026-05-22,522.5,518.95,537.35,495.7,1333094.0
METROPOLIS,2026-05-29,527.0,555.35,565.0,513.15,1200998.0
METROPOLIS,2026-06-05,560.0,533.2,560.0,527.05,787909.0
METROPOLIS,2026-06-12,520.0,530.7,539.65,515.0,387811.0
METROPOLIS,2026-06-19,539.85,552.75,559.85,523.25,1608237.0
METROPOLIS,2026-06-26,555.9,543.35,563.5,526.0,998802.0
METROPOLIS,2026-07-03,544.3,556.0,559.1,516.25,2156768.0
METROPOLIS,2026-07-10,560.0,567.95,578.75,545.55,1734882.0
METROPOLIS,2026-07-17,568.0,545.3,585.4,540.05,1430522.0
METROPOLIS,2026-07-24,542.9,570.25,579.25,542.85,1097053.0
METROPOLIS,2026-07-31,574.95,582.45,609.05,567.6,1970928.0
METROPOLIS,2026-08-07,584.95,563.2,605.0,551.1,937802.0
METROPOLIS,2026-08-14,565.0,545.5,582.4,542.2,1129069.0
METROPOLIS,2026-08-21,543.5,556.95,565.5,536.6,1627437.0
METROPOLIS,2026-08-28,559.95,588.45,602.0,553.3,1489213.0
METROPOLIS,2026-09-04,589.0,588.7,593.4,568.0,1289853.0
METROPOLIS,2026-09-11,588.7,585.5,607.5,574.4,1340138.0
METROPOLIS,2026-09-18,585.5,597.45,602.05,557.8,839794.0
METROPOLIS,2026-09-25,602.4,582.6,607.85,572.1,786126.0
MINDACORP,2026-03-27,492.5,528.7,554.5,484.15,1678252.0
MINDACORP,2026-04-03,518.45,501.4,519.0,490.0,715553.0
MINDACORP,2026-04-10,502.0,514.35,536.5,493.2,2141386.0
MINDACORP,2026-04-17,507.0,532.8,541.6,499.8,2726953.0
MINDACORP,2026-04-24,531.0,527.6,551.75,523.2,1321773.0
MINDACORP,2026-05-01,525.15,520.1,529.0,512.45,1828791.0
MINDACORP,2026-05-08,520.1,537.5,542.8,512.25,1174913.0
MINDACORP,2026-05-15,534.5,525.2,542.5,502.0,1244288.0
MINDACORP,2026-05-22,526.0,574.65,590.0,507.4,4348674.0
MINDACORP,2026-05-29,585.0,624.4,635.0,577.0,7545428.0
MINDACORP,2026-06-05,632.0,643.4,663.0,610.8,4274965.0
MINDACORP,2026-06-12,639.05,637.2,656.85,625.15,1840060.0
MINDACORP,2026-06-19,650.15,652.95,679.85,640.15,3296693.0
MINDACORP,2026-06-26,661.55,670.45,691.0,652.25,1976393.0
MINDACORP,2026-07-03,670.45,703.15,713.65,659.05,2839131.0
MINDACORP,2026-07-10,705.0,698.9,711.5,679.5,1792360.0
MINDACORP,2026-07-17,699.85,678.3,708.75,669.9,1191844.0
MINDACORP,2026-07-24,675.0,676.45,687.9,650.0,723480.0
MINDACORP,2026-07-31,680.0,700.95,714.75,676.05,1309707.0
MINDACORP,2026-08-07,703.05,721.65,735.9,699.5,1624912.0
MINDACORP,2026-08-14,721.65,720.05,769.0,706.55,9132390.0
MINDACORP,2026-08-21,721.55,727.85,765.35,720.0,3338517.0
MINDACORP,2026-08-28,733.85,702.8,738.0,685.5,1992243.0
MINDACORP,2026-09-04,702.8,702.8,720.15,694.3,1432210.0
MINDACORP,2026-09-11,690.05,705.45,711.0,690.05,636258.0
MINDACORP,2026-09-18,705.45,691.45,705.45,661.8,638056.0
MINDACORP,2026-09-25,691.45,678.85,695.55,674.8,586901.0
MON100,2026-03-27,231.6,231.73,236.95,217.86,5759058.0
MON100,2026-04-03,235.88,239.47,240.5,224.75,3731409.0
MON100,2026-04-10,239.0,256.38,261.96,236.05,8451070.0
MON100,2026-04-17,259.3,286.78,286.78,250.62,5696660.0
MON100,2026-04-24,286.2,293.13,295.83,279.03,5820549.0
MON100,2026-05-01,294.95,299.17,301.29,294.15,2396265.0
MON100,2026-05-08,301.87,316.77,316.77,298.59,3189917.0
MON100,2026-05-15,315.16,329.04,329.04,315.16,3028693.0
MON100,2026-05-22,331.62,332.13,332.13,322.0,3602142.0
MON100,2026-05-29,330.7,336.1,336.1,328.74,2552161.0
MON100,2026-06-05,335.83,342.55,342.55,330.87,2910310.0
MON100,2026-06-12,339.75,318.03,341.0,315.55,7489446.0
MON100,2026-06-19,330.19,328.41,338.7,328.04,3801133.0
MON100,2026-06-26,332.32,325.82,336.3,325.82,2984384.0
MON100,2026-07-03,324.22,332.78,335.9,324.22,2738431.0
MON100,2026-07-10,327.91,327.73,332.1,322.11,2912528.0
MON100,2026-07-17,332.37,332.9,333.61,328.05,2484048.0
MON100,2026-07-24,327.96,328.15,328.84,322.81,2129935.0
MON100,2026-07-31,322.11,305.18,322.11,305.18,1924889.0
MON100,2026-08-07,315.45,328.99,332.58,315.45,2217762.0
MON100,2026-08-14,328.08,332.6,332.6,328.08,919839.0
MON100,2026-08-21,336.81,330.51,336.81,327.92,2281656.0
MON100,2026-08-28,327.98,327.1,329.05,326.0,1477378.0
MON100,2026-09-04,332.2,324.67,332.2,323.86,1626566.0
MON100,2026-09-11,332.78,332.83,354.9,324.87,5883770.0
MON100,2026-09-18,332.83,330.33,342.81,318.02,3499353.0
MON100,2026-09-25,338.58,324.11,340.79,320.0,4707645.0
MOTHERSON,2026-03-27,111.0,109.38,115.65,106.25,98710052.0
MOTHERSON,2026-04-03,106.9,106.81,110.52,102.82,86317025.0
MOTHERSON,2026-04-10,106.97,122.16,122.55,105.4,139571342.0
MOTHERSON,2026-04-17,118.16,125.03,125.87,117.2,104995602.0
MOTHERSON,2026-04-24,125.4,125.7,132.99,122.38,123936705.0
MOTHERSON,2026-05-01,126.13,121.21,128.8,119.12,59464630.0
MOTHERSON,2026-05-08,121.99,132.03,132.76,118.41,98395433.0
MOTHERSON,2026-05-15,130.58,129.92,131.61,123.55,76803569.0
MOTHERSON,2026-05-22,128.95,136.18,139.01,125.15,199912144.0
MOTHERSON,2026-05-29,137.5,145.74,151.77,134.65,163954547.0
MOTHERSON,2026-06-05,146.01,143.56,147.4,140.56,115217603.0
MOTHERSON,2026-06-12,142.0,143.4,145.44,138.03,79133142.0
MOTHERSON,2026-06-19,146.1,145.54,149.9,142.61,89023193.0
MOTHERSON,2026-06-26,145.54,151.71,155.25,141.76,116221037.0
MOTHERSON,2026-07-03,151.71,146.3,154.0,146.02,141929077.0
MOTHERSON,2026-07-10,146.54,143.19,148.8,136.71,97436118.0
MOTHERSON,2026-07-17,142.05,144.17,145.84,141.06,85353990.0
MOTHERSON,2026-07-24,144.0,145.55,148.19,142.11,62548298.0
MOTHERSON,2026-07-31,146.99,150.75,152.4,143.86,74129266.0
MOTHERSON,2026-08-07,152.9,168.5,169.8,148.34,220798532.0
MOTHERSON,2026-08-14,170.0,168.3,172.0,166.71,85306090.0
MOTHERSON,2026-08-21,168.1,169.38,173.27,167.58,54491607.0
MOTHERSON,2026-08-28,169.0,165.6,169.14,164.68,44692449.0
MOTHERSON,2026-09-04,164.69,160.7,170.68,159.92,69080167.0
MOTHERSON,2026-09-11,160.5,164.45,165.58,160.12,50898566.0
MOTHERSON,2026-09-18,164.45,162.57,165.41,156.4,48619475.0
MOTHERSON,2026-09-25,163.12,165.71,166.22,160.5,58873961.0
MSTCLTD,2026-03-27,415.0,381.15,415.0,378.35,1137273.0
MSTCLTD,2026-04-03,378.0,407.35,411.2,362.15,905583.0
MSTCLTD,2026-04-10,407.0,423.05,432.95,394.15,1265284.0
MSTCLTD,2026-04-17,419.0,471.6,493.0,406.0,1788445.0
MSTCLTD,2026-04-24,471.65,433.4,471.8,430.1,1073166.0
MSTCLTD,2026-05-01,436.8,433.15,456.0,426.65,581414.0
MSTCLTD,2026-05-08,438.0,455.9,464.0,436.3,1099297.0
MSTCLTD,2026-05-15,454.0,422.25,454.0,420.1,650259.0
MSTCLTD,2026-05-22,421.95,426.25,430.95,411.0,390883.0
MSTCLTD,2026-05-29,427.5,440.5,447.8,427.5,499520.0
MSTCLTD,2026-06-05,474.0,512.35,535.7,442.0,17721751.0
MSTCLTD,2026-06-12,503.0,568.55,576.8,486.4,16800481.0
MSTCLTD,2026-06-19,584.9,692.75,724.4,580.15,29039147.0
MSTCLTD,2026-06-26,692.75,647.4,696.95,637.0,2544135.0
MSTCLTD,2026-07-03,651.0,715.7,732.0,627.5,6463688.0
MSTCLTD,2026-07-10,726.0,670.65,743.9,646.55,4001668.0
MSTCLTD,2026-07-17,670.0,594.55,688.8,591.3,2101399.0
MSTCLTD,2026-07-24,587.35,607.2,632.7,579.5,1938589.0
MSTCLTD,2026-07-31,615.0,618.2,628.0,593.05,813689.0
MSTCLTD,2026-08-07,630.0,591.25,630.0,590.0,687349.0
MSTCLTD,2026-08-14,581.0,623.4,628.8,570.0,1545710.0
MSTCLTD,2026-08-21,623.4,701.45,722.0,623.0,3472575.0
MSTCLTD,2026-08-28,695.05,729.65,753.5,695.0,2127987.0
MSTCLTD,2026-09-04,732.0,734.2,763.0,708.55,1609452.0
MSTCLTD,2026-09-11,738.0,738.55,805.0,717.0,2430980.0
MSTCLTD,2026-09-18,738.55,724.05,746.0,671.0,1050789.0
MSTCLTD,2026-09-25,724.05,740.8,760.9,700.0,1265222.0
NAVINFLUOR,2026-03-27,6061.0,6055.0,6340.0,5866.0,709665.0
NAVINFLUOR,2026-04-03,6040.0,5891.0,6256.5,5666.5,477576.0
NAVINFLUOR,2026-04-10,5891.0,6181.0,6214.5,5760.0,752233.0
NAVINFLUOR,2026-04-17,6086.0,6284.0,6415.0,5990.5,470636.0
NAVINFLUOR,2026-04-24,6296.0,6452.0,6600.0,6221.0,1184099.0
NAVINFLUOR,2026-05-01,6520.0,6821.0,7200.0,6437.5,3303276.0
NAVINFLUOR,2026-05-08,6855.0,7041.5,7119.0,6755.5,1627088.0
NAVINFLUOR,2026-05-15,7000.0,7001.0,7120.0,6818.5,522391.0
NAVINFLUOR,2026-05-22,7030.0,7125.0,7229.0,6875.5,803703.0
NAVINFLUOR,2026-05-29,7195.0,7129.0,7525.0,6970.0,941649.0
NAVINFLUOR,2026-06-05,7125.5,7032.5,7219.5,6901.0,499616.0
NAVINFLUOR,2026-06-12,7000.0,7303.0,7330.0,6786.0,758156.0
NAVINFLUOR,2026-06-19,7400.0,7493.5,7573.0,7164.5,833355.0
NAVINFLUOR,2026-06-26,7480.0,7609.0,7744.0,7352.0,481375.0
NAVINFLUOR,2026-07-03,7625.0,7552.5,7810.0,7440.0,659345.0
NAVINFLUOR,2026-07-10,7579.5,7712.0,7785.5,7289.0,572680.0
NAVINFLUOR,2026-07-17,7680.0,7579.0,7741.0,7502.0,418685.0
NAVINFLUOR,2026-07-24,7509.0,7520.0,7936.0,7475.0,729619.0
NAVINFLUOR,2026-07-31,7600.0,7567.5,7749.0,7368.0,709763.0
NAVINFLUOR,2026-08-07,7650.0,8271.0,8775.5,7510.0,4875165.0
NAVINFLUOR,2026-08-14,8270.0,8235.0,8451.0,8125.5,921182.0
NAVINFLUOR,2026-08-21,8255.0,8206.5,8425.0,8110.0,544950.0
NAVINFLUOR,2026-08-28,8247.5,8517.5,8625.0,8090.0,601485.0
NAVINFLUOR,2026-09-04,8517.5,8557.5,8740.0,8275.5,781810.0
NAVINFLUOR,2026-09-11,8557.5,8543.5,8949.5,8486.5,641110.0
NAVINFLUOR,2026-09-18,8543.5,8590.0,8682.5,8100.0,616106.0
NAVINFLUOR,2026-09-25,8590.0,8584.5,8650.0,8360.0,511580.0
NEOGEN,2026-03-27,1310.0,1179.6,1325.0,1161.5,438790.0
NEOGEN,2026-04-03,1179.7,1194.8,1230.0,1101.2,252075.0
NEOGEN,2026-04-10,1185.0,1365.5,1386.0,1161.3,401297.0
NEOGEN,2026-04-17,1330.0,1511.6,1581.5,1313.3,279066.0
NEOGEN,2026-04-24,1501.6,1634.5,1720.0,1475.1,1522441.0
NEOGEN,2026-05-01,1654.8,1637.5,1699.0,1611.0,162589.0
NEOGEN,2026-05-08,1650.0,1772.4,1883.0,1637.5,426353.0
NEOGEN,2026-05-15,1763.5,1664.8,1763.5,1619.7,214973.0
NEOGEN,2026-05-22,1690.0,1687.1,1748.9,1547.0,716565.0
NEOGEN,2026-05-29,1690.0,1858.1,1887.0,1683.1,626136.0
NEOGEN,2026-06-05,1880.0,1903.6,1960.3,1752.0,701133.0
NEOGEN,2026-06-12,1865.0,2033.7,2087.3,1865.0,797458.0
NEOGEN,2026-06-19,2080.0,1932.0,2090.0,1896.0,587734.0
NEOGEN,2026-06-26,1953.0,1874.8,1957.7,1862.4,179038.0
NEOGEN,2026-07-03,1874.8,1968.3,2047.8,1845.0,1043589.0
NEOGEN,2026-07-10,1968.3,2085.1,2106.0,1920.0,395825.0
NEOGEN,2026-07-17,2084.1,2175.6,2374.0,2040.0,958486.0
NEOGEN,2026-07-24,2157.5,2062.8,2255.0,2025.0,380444.0
NEOGEN,2026-07-31,2135.0,2023.1,2220.0,1965.0,1252704.0
NEOGEN,2026-08-07,2055.7,2031.9,2128.4,1984.6,522910.0
NEOGEN,2026-08-14,2055.2,2204.9,2223.1,2016.2,1138548.0
NEOGEN,2026-08-21,2223.0,2230.1,2483.9,2181.7,2164962.0
NEOGEN,2026-08-28,2244.8,2209.8,2259.0,2086.4,684161.0
NEOGEN,2026-09-04,2206.5,2137.9,2247.9,2113.1,393798.0
NEOGEN,2026-09-11,2148.8,2373.0,2411.0,2127.5,1319649.0
NEOGEN,2026-09-18,2373.0,2488.4,2498.2,2202.9,1465104.0
NEOGEN,2026-09-25,2499.7,2385.2,2499.7,2296.7,1081204.0
NEULANDLAB,2026-03-27,11801.0,12067.0,12431.0,11500.0,135329.0
NEULANDLAB,2026-04-03,11980.0,12433.0,12783.0,11750.0,88238.0
NEULANDLAB,2026-04-10,12587.0,14951.0,15094.0,12349.0,403079.0
NEULANDLAB,2026-04-17,14611.0,15295.0,15414.0,14434.0,142045.0
NEULANDLAB,2026-04-24,15298.0,14405.0,15491.0,14283.0,139035.0
NEULANDLAB,2026-05-01,14449.0,15003.0,15040.0,14307.0,93703.0
NEULANDLAB,2026-05-08,15100.0,17666.0,17765.0,15100.0,532782.0
NEULANDLAB,2026-05-15,17768.0,16590.0,18305.0,15900.0,849650.0
NEULANDLAB,2026-05-22,16590.0,16693.0,17250.0,16244.0,213844.0
NEULANDLAB,2026-05-29,16785.0,17088.0,17399.0,16650.0,186199.0
NEULANDLAB,2026-06-05,17102.0,16811.0,17684.0,16705.0,188288.0
NEULANDLAB,2026-06-12,16794.0,17198.0,17400.0,16401.0,166401.0
NEULANDLAB,2026-06-19,17450.0,17345.0,17572.0,16560.0,150664.0
NEULANDLAB,2026-06-26,17366.0,17961.0,18730.0,17011.0,364482.0
NEULANDLAB,2026-07-03,18000.0,18944.0,19200.0,17944.0,273906.0
NEULANDLAB,2026-07-10,18950.0,19506.0,20089.0,18520.0,260500.0
NEULANDLAB,2026-07-17,18629.0,18434.0,19558.0,18055.0,133770.0
NEULANDLAB,2026-07-24,18442.0,18546.0,19177.0,18200.0,97065.0
NEULANDLAB,2026-07-31,18600.0,19043.0,19815.0,18471.0,194513.0
NEULANDLAB,2026-08-07,19149.0,22855.0,23500.0,19005.0,1384955.0
NEULANDLAB,2026-08-14,22915.0,23320.0,23650.0,22123.0,426965.0
NEULANDLAB,2026-08-21,23300.0,23301.0,23881.0,22971.0,261962.0
NEULANDLAB,2026-08-28,23399.0,23205.0,23876.0,22637.0,193008.0
NEULANDLAB,2026-09-04,23265.0,22660.0,23332.0,22550.0,165232.0
NEULANDLAB,2026-09-11,22565.0,23535.0,24225.0,22415.0,261636.0
NEULANDLAB,2026-09-18,23535.0,22840.0,23535.0,21855.0,199934.0
NEULANDLAB,2026-09-25,22810.0,21890.0,23050.0,21800.0,231546.0
NGLFINE,2026-03-27,2180.0,2121.7,2429.9,2007.0,23642.0
NGLFINE,2026-04-03,2149.1,2132.6,2194.9,1998.1,21798.0
NGLFINE,2026-04-10,2128.6,2331.2,2495.0,2100.4,29833.0
NGLFINE,2026-04-17,2286.9,2226.6,2445.0,2200.0,32977.0
NGLFINE,2026-04-24,2226.6,2235.9,2425.0,2195.3,29803.0
NGLFINE,2026-05-01,2269.3,2214.5,2417.8,2160.0,28838.0
NGLFINE,2026-05-08,2202.0,2340.7,2767.9,2159.0,125246.0
NGLFINE,2026-05-15,2333.6,2350.5,2450.0,2106.1,58520.0
NGLFINE,2026-05-22,2369.3,2735.8,2879.8,2174.4,138771.0
NGLFINE,2026-05-29,2900.0,2785.1,3005.0,2636.0,162391.0
NGLFINE,2026-06-05,2834.4,2742.6,2970.0,2550.0,97192.0
NGLFINE,2026-06-12,2718.0,3048.8,3144.0,2566.5,176946.0
NGLFINE,2026-06-19,3186.0,3055.6,3200.0,2830.0,166246.0
NGLFINE,2026-06-26,3041.1,2989.9,3232.0,2925.2,59712.0
NGLFINE,2026-07-03,2978.8,3206.0,3260.0,2900.0,52011.0
NGLFINE,2026-07-10,3230.0,3193.6,3329.0,3027.1,71544.0
NGLFINE,2026-07-17,3155.4,3131.9,3198.0,3054.1,20246.0
NGLFINE,2026-07-24,3150.0,3205.5,3289.9,2953.7,41931.0
NGLFINE,2026-07-31,3210.0,3260.3,3349.0,3087.2,27190.0
NGLFINE,2026-08-07,3299.0,3403.6,3529.0,3200.1,48231.0
NGLFINE,2026-08-14,3403.6,3454.0,3602.0,3369.0,43168.0
NGLFINE,2026-08-21,3489.9,2947.7,3490.0,2801.1,202549.0
NGLFINE,2026-08-28,2950.0,2813.4,3022.0,2782.2,36378.0
NGLFINE,2026-09-04,2800.0,2907.5,2999.8,2575.1,115290.0
NGLFINE,2026-09-11,2868.1,2657.2,2911.8,2578.0,31595.0
NGLFINE,2026-09-18,2657.2,2768.2,2780.0,2505.1,35055.0
NGLFINE,2026-09-25,2769.0,2906.1,2980.0,2695.0,53411.0
NH,2026-03-27,1644.0,1635.5,1721.8,1600.3,1906102.0
NH,2026-04-03,1605.0,1625.0,1652.0,1589.0,978338.0
NH,2026-04-10,1625.0,1754.9,1768.8,1609.0,1123222.0
NH,2026-04-17,1725.0,1826.1,1829.8,1703.0,1105920.0
NH,2026-04-24,1827.3,1768.3,1838.0,1762.0,835335.0
NH,2026-05-01,1770.5,1766.6,1812.0,1747.0,812594.0
NH,2026-05-08,1768.0,1820.3,1884.0,1741.2,2279411.0
NH,2026-05-15,1820.0,1841.1,1904.4,1801.7,1693263.0
NH,2026-05-22,1839.0,1855.6,1938.8,1808.2,1892935.0
NH,2026-05-29,1930.0,1894.0,1968.0,1868.0,2853703.0
NH,2026-06-05,1912.5,1969.2,2002.3,1875.0,1528792.0
NH,2026-06-12,1945.0,1893.9,1982.9,1850.0,1489493.0
NH,2026-06-19,1910.0,1878.7,1918.2,1833.6,1415719.0
NH,2026-06-26,1881.7,1956.8,1988.0,1863.5,1074402.0
NH,2026-07-03,1962.9,2002.8,2049.5,1888.0,2352834.0
NH,2026-07-10,2003.9,2027.3,2032.7,1957.0,1052631.0
NH,2026-07-17,2025.0,2029.5,2045.0,1995.0,784482.0
NH,2026-07-24,2020.0,1961.5,2047.5,1952.0,950855.0
NH,2026-07-31,1970.7,2029.2,2092.9,1965.1,1294429.0
NH,2026-08-07,1999.0,1885.1,1999.0,1865.7,3259460.0
NH,2026-08-14,1893.8,1832.6,1898.9,1815.0,2000148.0
NH,2026-08-21,1841.0,1815.8,1842.2,1781.0,1113011.0
NH,2026-08-28,1840.0,1932.1,1940.0,1824.8,1576596.0
NH,2026-09-04,1932.1,1858.5,1949.6,1850.5,1120882.0
NH,2026-09-11,1867.8,1869.2,1924.0,1864.6,958488.0
NH,2026-09-18,1869.2,1928.5,1940.0,1811.0,1050330.0
NH,2026-09-25,1918.9,1861.4,1932.9,1849.6,426580.0
NILKAMAL,2026-03-27,1217.2,1126.7,1217.2,1082.0,49389.0
NILKAMAL,2026-04-03,1109.8,1224.5,1272.0,1050.5,48047.0
NILKAMAL,2026-04-10,1211.0,1291.4,1329.7,1151.0,30804.0
NILKAMAL,2026-04-17,1281.0,1315.5,1343.7,1266.5,16577.0
NILKAMAL,2026-04-24,1320.1,1306.4,1350.0,1284.5,14974.0
NILKAMAL,2026-05-01,1328.0,1298.6,1370.7,1290.1,17300.0
NILKAMAL,2026-05-08,1350.0,1297.0,1350.0,1275.1,22527.0
NILKAMAL,2026-05-15,1293.5,1288.4,1379.0,1264.7,81658.0
NILKAMAL,2026-05-22,1260.0,1235.1,1280.0,1225.5,39876.0
NILKAMAL,2026-05-29,1243.1,1279.2,1320.0,1243.1,23107.0
NILKAMAL,2026-06-05,1273.1,1257.6,1300.0,1250.0,10658.0
NILKAMAL,2026-06-12,1265.0,1270.2,1281.9,1250.0,9839.0
NILKAMAL,2026-06-19,1304.8,1290.9,1367.8,1264.3,67879.0
NILKAMAL,2026-06-26,1316.7,1276.6,1316.7,1261.4,94362.0
NILKAMAL,2026-07-03,1276.6,1286.1,1337.8,1255.0,67904.0
NILKAMAL,2026-07-10,1294.5,1303.5,1325.9,1277.2,130470.0
NILKAMAL,2026-07-17,1303.5,1473.5,1493.0,1277.2,2506904.0
NILKAMAL,2026-07-24,1480.0,1676.1,1703.0,1467.0,1174320.0
NILKAMAL,2026-07-31,1716.9,1797.8,1983.5,1667.1,871406.0
NILKAMAL,2026-08-07,1789.0,1746.3,1820.0,1640.0,513995.0
NILKAMAL,2026-08-14,1741.9,1860.0,1950.0,1710.0,349309.0
NILKAMAL,2026-08-21,1871.0,2053.6,2105.0,1776.1,1770180.0
NILKAMAL,2026-08-28,2069.0,2071.9,2118.6,2005.0,162876.0
NILKAMAL,2026-09-04,2058.0,2116.5,2149.5,1980.2,164361.0
NILKAMAL,2026-09-11,2121.8,2050.8,2141.8,2005.0,106031.0
NILKAMAL,2026-09-18,2050.8,1887.5,2069.9,1844.2,104082.0
NILKAMAL,2026-09-25,1878.1,1884.0,1918.4,1832.1,117803.0
NRBBEARING,2026-03-27,242.0,227.65,243.0,225.5,1142233.0
NRBBEARING,2026-04-03,227.65,234.5,240.0,212.55,824159.0
NRBBEARING,2026-04-10,237.0,257.41,259.79,232.15,477382.0
NRBBEARING,2026-04-17,252.0,295.06,308.0,247.5,2440175.0
NRBBEARING,2026-04-24,294.3,282.62,304.55,279.48,564606.0
NRBBEARING,2026-05-01,282.0,284.02,291.99,280.41,280784.0
NRBBEARING,2026-05-08,289.0,318.0,350.0,285.0,7441744.0
NRBBEARING,2026-05-15,323.8,346.9,356.95,318.0,8420450.0
NRBBEARING,2026-05-22,348.4,373.9,379.0,340.0,3910467.0
NRBBEARING,2026-05-29,379.0,370.0,390.0,367.95,2176900.0
NRBBEARING,2026-06-05,374.0,385.65,391.7,349.45,2390036.0
NRBBEARING,2026-06-12,387.6,425.85,455.8,387.55,26898850.0
NRBBEARING,2026-06-19,438.0,428.25,444.0,412.6,1844459.0
NRBBEARING,2026-06-26,438.5,429.2,443.45,421.35,1376227.0
NRBBEARING,2026-07-03,432.0,423.15,467.6,401.55,6651394.0
NRBBEARING,2026-07-10,425.0,428.95,443.1,416.6,1945242.0
NRBBEARING,2026-07-17,430.0,407.4,438.95,398.0,1396797.0
NRBBEARING,2026-07-24,407.4,397.65,413.45,382.4,981790.0
NRBBEARING,2026-07-31,399.3,409.9,434.8,399.3,1634788.0
NRBBEARING,2026-08-07,418.4,461.5,468.0,416.5,3797439.0
NRBBEARING,2026-08-14,464.4,458.9,483.0,443.3,4089064.0
NRBBEARING,2026-08-21,464.3,486.1,503.9,458.95,2888236.0
NRBBEARING,2026-08-28,489.0,469.65,489.9,465.0,982680.0
NRBBEARING,2026-09-04,465.0,447.0,477.1,441.2,1149846.0
NRBBEARING,2026-09-11,457.0,514.65,519.0,451.1,3796282.0
NRBBEARING,2026-09-18,514.65,525.5,534.9,453.5,10939190.0
NRBBEARING,2026-09-25,531.1,534.8,548.8,518.0,3713783.0
PARAGMILK,2026-03-27,195.46,190.21,205.78,188.3,4921361.0
PARAGMILK,2026-04-03,189.75,193.5,194.5,177.84,3128510.0
PARAGMILK,2026-04-10,195.0,204.3,213.24,186.61,4195235.0
PARAGMILK,2026-04-17,199.0,222.66,230.2,195.73,5786239.0
PARAGMILK,2026-04-24,224.19,225.19,236.22,212.25,5334952.0
PARAGMILK,2026-05-01,226.0,224.24,233.63,220.28,1998372.0
PARAGMILK,2026-05-08,224.24,221.78,233.0,216.01,3947053.0
PARAGMILK,2026-05-15,221.78,218.01,227.22,212.01,3743647.0
PARAGMILK,2026-05-22,218.36,210.21,218.89,206.8,2003975.0
PARAGMILK,2026-05-29,211.4,222.31,224.95,210.21,2557693.0
PARAGMILK,2026-06-05,224.98,235.15,246.59,221.0,5773374.0
PARAGMILK,2026-06-12,232.0,233.5,246.0,228.1,2668348.0
PARAGMILK,2026-06-19,236.51,229.61,241.94,225.01,1825238.0
PARAGMILK,2026-06-26,230.6,233.81,242.0,223.51,2811956.0
PARAGMILK,2026-07-03,235.0,238.12,242.0,229.95,1957465.0
PARAGMILK,2026-07-10,238.5,231.72,240.77,223.1,1486584.0
PARAGMILK,2026-07-17,231.0,223.73,232.34,221.8,1171930.0
PARAGMILK,2026-07-24,223.29,214.2,233.0,210.1,1950645.0
PARAGMILK,2026-07-31,218.49,214.31,221.5,213.0,1346367.0
PARAGMILK,2026-08-07,218.0,223.22,237.14,216.19,3557164.0
PARAGMILK,2026-08-14,222.5,210.8,222.59,210.0,1687548.0
PARAGMILK,2026-08-21,208.84,225.5,229.9,205.0,7596222.0
PARAGMILK,2026-08-28,227.61,237.65,252.77,226.62,8104025.0
PARAGMILK,2026-09-04,237.65,249.6,263.8,237.55,8744388.0
PARAGMILK,2026-09-11,254.6,268.5,275.0,243.95,12640511.0
PARAGMILK,2026-09-18,268.5,268.5,279.45,246.3,8271566.0
PARAGMILK,2026-09-25,268.0,268.9,286.2,256.25,12919483.0
PERSISTENT,2026-03-27,4688.8,4899.8,4987.4,4639.3,3807396.0
PERSISTENT,2026-04-03,4855.0,5227.7,5267.0,4825.0,2945077.0
PERSISTENT,2026-04-10,5234.0,5427.1,5489.0,5209.6,3578873.0
PERSISTENT,2026-04-17,5319.5,5446.5,5605.4,5317.0,2429556.0
PERSISTENT,2026-04-24,5451.0,4747.3,5512.3,4734.0,6095986.0
PERSISTENT,2026-05-01,4764.9,4800.0,4909.4,4745.2,2776525.0
PERSISTENT,2026-05-08,4815.2,5113.6,5137.0,4743.1,2931394.0
PERSISTENT,2026-05-15,5124.9,4702.1,5173.3,4577.0,2872408.0
PERSISTENT,2026-05-22,4678.6,4970.3,5187.7,4665.0,2778862.0
PERSISTENT,2026-05-29,5030.0,5194.3,5278.0,4971.5,2384567.0
PERSISTENT,2026-06-05,5238.0,5038.5,5612.0,4978.0,3959192.0
PERSISTENT,2026-06-12,4958.0,4811.0,5145.0,4732.5,2245616.0
PERSISTENT,2026-06-19,4885.0,4829.0,5105.0,4602.0,3740689.0
PERSISTENT,2026-06-26,4838.0,4841.5,4976.5,4763.0,1628791.0
PERSISTENT,2026-07-03,4500.0,4682.7,4766.0,4244.5,12059968.0
PERSISTENT,2026-07-10,4704.8,5053.9,5065.4,4650.8,4275813.0
PERSISTENT,2026-07-17,5000.4,5183.9,5257.0,4975.0,3075673.0
PERSISTENT,2026-07-24,5183.9,5200.5,5299.9,4965.1,2396585.0
PERSISTENT,2026-07-31,5249.0,5549.0,5698.0,5237.0,4831529.0
PERSISTENT,2026-08-07,5533.5,5475.0,5599.0,5319.5,2924262.0
PERSISTENT,2026-08-14,5475.0,5580.0,5618.5,5390.0,1980023.0
PERSISTENT,2026-08-21,5580.5,5667.5,5722.0,5442.5,2283320.0
PERSISTENT,2026-08-28,5693.5,5875.0,5910.0,5570.5,2062824.0
PERSISTENT,2026-09-04,5855.5,5643.0,5855.5,5501.0,3119196.0
PERSISTENT,2026-09-11,5610.0,5516.0,5622.0,5370.5,2187019.0
PERSISTENT,2026-09-18,5516.0,5416.0,5759.0,5389.0,1952535.0
PERSISTENT,2026-09-25,5416.0,5372.0,5463.0,5188.0,1811449.0
PHARMABEES,2026-03-27,23.78,23.18,23.78,22.6,22313013.0
PHARMABEES,2026-04-03,23.18,22.41,23.59,21.69,33278317.0
PHARMABEES,2026-04-10,22.97,22.73,23.45,22.06,29169284.0
PHARMABEES,2026-04-17,23.1,23.12,23.65,22.42,30963652.0
PHARMABEES,2026-04-24,23.6,23.21,23.8,22.32,58269025.0
PHARMABEES,2026-05-01,23.79,23.91,24.37,23.22,24167028.0
PHARMABEES,2026-05-08,23.91,24.78,25.44,23.56,84683227.0
PHARMABEES,2026-05-15,24.78,25.26,25.54,24.04,59247467.0
PHARMABEES,2026-05-22,25.26,25.23,25.79,24.86,49818911.0
PHARMABEES,2026-05-29,25.05,25.02,25.86,24.4,30061631.0
PHARMABEES,2026-06-05,25.31,24.9,25.32,24.09,28872858.0
PHARMABEES,2026-06-12,25.52,25.01,25.65,24.17,29840289.0
PHARMABEES,2026-06-19,25.01,25.09,25.52,24.24,38102917.0
PHARMABEES,2026-06-26,25.38,25.63,26.36,25.09,34677259.0
PHARMABEES,2026-07-03,25.63,26.48,26.9,25.0,37282739.0
PHARMABEES,2026-07-10,26.95,26.43,27.06,25.97,26416047.0
PHARMABEES,2026-07-17,26.43,26.39,27.25,25.0,28804057.0
PHARMABEES,2026-07-24,26.39,26.28,27.01,25.83,31228527.0
PHARMABEES,2026-07-31,26.28,27.27,27.5,26.06,23551960.0
PHARMABEES,2026-08-07,27.27,27.32,28.01,27.0,22265519.0
PHARMABEES,2026-08-14,27.5,27.25,27.92,26.74,19300866.0
PHARMABEES,2026-08-21,27.93,27.08,27.93,26.5,19280823.0
PHARMABEES,2026-08-28,27.9,27.76,27.94,26.92,18006066.0
PHARMABEES,2026-09-04,28.32,27.32,28.36,27.21,23464082.0
PHARMABEES,2026-09-11,27.42,27.29,28.4,26.58,18703518.0
PHARMABEES,2026-09-18,27.47,27.5,27.88,26.26,14558776.0
PHARMABEES,2026-09-25,26.81,27.8,28.58,26.81,24333447.0
POLYCAB,2026-03-27,7100.0,7067.0,7271.0,6750.0,2627378.0
POLYCAB,2026-04-03,6941.5,6878.0,7188.0,6690.5,1361661.0
POLYCAB,2026-04-10,6925.0,7728.0,7804.0,6817.0,2312687.0
POLYCAB,2026-04-17,7511.5,8182.5,8224.5,7435.5,1943528.0
POLYCAB,2026-04-24,8182.5,8033.0,8305.0,7897.0,2414912.0
POLYCAB,2026-05-01,8087.5,8110.5,8338.5,7970.5,1333922.0
POLYCAB,2026-05-08,8110.5,9083.0,9159.0,8062.5,4432430.0
POLYCAB,2026-05-15,9004.5,9152.5,9267.5,8865.0,1865607.0
POLYCAB,2026-05-22,9100.0,9263.5,9316.5,8943.5,1361501.0
POLYCAB,2026-05-29,9320.0,9477.5,9747.0,9296.0,1391679.0
POLYCAB,2026-06-05,9501.0,9699.0,9833.0,9320.5,1151446.0
POLYCAB,2026-06-12,9590.5,9554.0,9699.0,9352.5,1173348.0
POLYCAB,2026-06-19,9679.5,10083.0,10120.0,9475.0,1864598.0
POLYCAB,2026-06-26,10090.0,9531.0,10126.0,9516.5,1163606.0
POLYCAB,2026-07-03,9664.0,9548.5,10008.0,9420.5,2593855.0
POLYCAB,2026-07-10,9600.0,9210.5,9612.0,9001.0,1524990.0
POLYCAB,2026-07-17,9190.0,8862.0,9632.5,8826.0,2791770.0
POLYCAB,2026-07-24,8847.0,8907.5,9199.5,8791.0,1642369.0
POLYCAB,2026-07-31,8956.0,9106.5,9169.5,8855.0,1557393.0
POLYCAB,2026-08-07,9120.0,9218.0,9315.0,9001.0,1100242.0
POLYCAB,2026-08-14,9224.5,9240.0,9385.0,9025.0,1164095.0
POLYCAB,2026-08-21,9250.0,8966.0,9395.0,8956.0,1417242.0
POLYCAB,2026-08-28,8989.0,9088.0,9188.0,8906.0,1434202.0
POLYCAB,2026-09-04,9105.0,8300.0,9445.0,8250.0,3237124.0
POLYCAB,2026-09-11,8310.0,8241.0,8433.0,8118.0,2031731.0
POLYCAB,2026-09-18,8241.0,8400.0,8400.0,8072.0,1226801.0
POLYCAB,2026-09-25,8352.5,8408.5,8463.0,8324.0,1203761.0
PPLPHARMA,2026-03-27,137.0,143.56,145.0,132.3,19396889.0
PPLPHARMA,2026-04-03,141.01,142.18,144.18,136.05,8983492.0
PPLPHARMA,2026-04-10,141.19,145.98,147.19,137.3,11603575.0
PPLPHARMA,2026-04-17,144.25,148.85,150.78,140.96,12107167.0
PPLPHARMA,2026-04-24,149.49,165.47,168.5,146.02,72159309.0
PPLPHARMA,2026-05-01,166.29,161.87,171.65,156.14,25537021.0
PPLPHARMA,2026-05-08,163.34,179.85,196.44,157.77,67072655.0
PPLPHARMA,2026-05-15,177.8,174.87,188.4,171.52,32384130.0
PPLPHARMA,2026-05-22,174.0,175.63,178.9,170.2,11332940.0
PPLPHARMA,2026-05-29,176.1,172.79,180.72,171.25,10167602.0
PPLPHARMA,2026-06-05,172.99,166.77,175.95,164.5,10534067.0
PPLPHARMA,2026-06-12,165.0,163.85,173.25,160.7,11580892.0
PPLPHARMA,2026-06-19,166.45,158.9,170.85,158.15,19158118.0
PPLPHARMA,2026-06-26,159.2,167.69,175.88,158.1,130955982.0
PPLPHARMA,2026-07-03,168.68,175.95,179.25,165.19,50227799.0
PPLPHARMA,2026-07-10,176.0,177.16,180.72,166.11,35365639.0
PPLPHARMA,2026-07-17,176.4,179.42,181.6,170.61,20181843.0
PPLPHARMA,2026-07-24,180.0,181.27,185.79,174.45,35749329.0
PPLPHARMA,2026-07-31,180.75,195.61,202.26,180.75,62945868.0
PPLPHARMA,2026-08-07,196.36,209.55,212.43,193.03,35235842.0
PPLPHARMA,2026-08-14,209.55,206.64,218.5,202.01,29107986.0
PPLPHARMA,2026-08-21,208.0,213.67,220.36,200.1,19883544.0
PPLPHARMA,2026-08-28,214.45,218.68,220.0,206.4,17143111.0
PPLPHARMA,2026-09-04,218.5,214.22,218.61,210.5,14088868.0
PPLPHARMA,2026-09-11,214.23,211.35,231.93,208.68,37464490.0
PPLPHARMA,2026-09-18,211.35,208.16,211.35,198.86,11472560.0
PPLPHARMA,2026-09-25,208.75,210.31,216.7,206.04,17416245.0
PRICOLLTD,2026-03-27,527.0,525.3,557.0,509.0,1153825.0
PRICOLLTD,2026-04-03,522.0,529.85,539.55,508.95,769781.0
PRICOLLTD,2026-04-10,525.95,583.75,590.0,520.9,1130506.0
PRICOLLTD,2026-04-17,568.15,586.8,593.4,561.55,979225.0
PRICOLLTD,2026-04-24,590.0,594.65,626.4,575.1,1390210.0
PRICOLLTD,2026-05-01,597.45,572.75,606.55,565.7,1040038.0
PRICOLLTD,2026-05-08,582.1,622.25,636.35,569.85,2016347.0
PRICOLLTD,2026-05-15,621.05,614.7,644.3,565.2,16053777.0
PRICOLLTD,2026-05-22,608.0,556.65,608.0,531.35,5639874.0
PRICOLLTD,2026-05-29,566.75,562.1,584.0,555.15,1828792.0
PRICOLLTD,2026-06-05,563.6,561.35,582.45,550.4,1684477.0
PRICOLLTD,2026-06-12,558.5,550.5,558.95,532.6,2072849.0
PRICOLLTD,2026-06-19,556.15,559.15,588.1,554.2,2828420.0
PRICOLLTD,2026-06-26,565.0,586.7,600.0,562.85,2968065.0
PRICOLLTD,2026-07-03,598.0,621.7,625.0,580.5,5011045.0
PRICOLLTD,2026-07-10,624.0,627.25,632.75,605.3,2130453.0
PRICOLLTD,2026-07-17,612.0,615.3,631.2,608.45,1801674.0
PRICOLLTD,2026-07-24,615.0,628.7,639.0,597.0,2171779.0
PRICOLLTD,2026-07-31,638.0,696.65,715.5,633.2,5880804.0
PRICOLLTD,2026-08-07,715.0,737.9,782.5,709.45,4338871.0
PRICOLLTD,2026-08-14,745.0,792.05,795.0,726.8,3351780.0
PRICOLLTD,2026-08-21,793.55,797.2,823.0,767.1,2072050.0
PRICOLLTD,2026-08-28,801.8,770.65,804.85,764.15,1381958.0
PRICOLLTD,2026-09-04,770.65,764.95,822.75,753.2,2085871.0
PRICOLLTD,2026-09-11,767.0,761.4,784.0,736.1,1871742.0
PRICOLLTD,2026-09-18,761.4,767.5,778.0,721.0,1132124.0
PRICOLLTD,2026-09-25,763.65,759.4,786.0,748.05,1056689.0
PRIVISCL,2026-03-27,2918.0,2954.7,3039.0,2830.0,476061.0
PRIVISCL,2026-04-03,2911.0,2941.1,2991.5,2865.7,157166.0
PRIVISCL,2026-04-10,2941.1,2900.1,3050.9,2889.2,403845.0
PRIVISCL,2026-04-17,2900.0,3133.1,3150.0,2836.1,953254.0
PRIVISCL,2026-04-24,3155.0,3232.6,3270.0,3071.0,484548.0
PRIVISCL,2026-05-01,3265.0,3360.1,3366.0,3230.1,376368.0
PRIVISCL,2026-05-08,3402.0,3487.9,3515.0,3330.0,455921.0
PRIVISCL,2026-05-15,3530.0,3091.8,3590.9,3042.0,1164957.0
PRIVISCL,2026-05-22,3065.1,3318.3,3345.5,3003.0,373468.0
PRIVISCL,2026-05-29,3359.2,3255.2,3374.9,3188.1,316452.0
PRIVISCL,2026-06-05,3295.6,3230.7,3350.1,3214.4,250523.0
PRIVISCL,2026-06-12,3176.1,3444.3,3455.0,3110.0,689601.0
PRIVISCL,2026-06-19,3500.0,3493.9,3529.0,3429.7,388369.0
PRIVISCL,2026-06-26,3483.3,3550.5,3720.1,3471.0,418321.0
PRIVISCL,2026-07-03,3587.4,3694.9,3760.0,3545.0,351181.0
PRIVISCL,2026-07-10,3680.3,3662.8,3693.0,3505.5,279094.0
PRIVISCL,2026-07-17,3667.7,3676.5,3755.9,3597.0,214733.0
PRIVISCL,2026-07-24,3667.0,3595.2,3785.3,3491.0,311535.0
PRIVISCL,2026-07-31,3613.4,3617.1,3730.0,3500.0,632934.0
PRIVISCL,2026-08-07,3680.0,3644.1,3731.0,3571.4,363782.0
PRIVISCL,2026-08-14,3640.1,3482.2,3678.0,3451.5,297441.0
PRIVISCL,2026-08-21,3510.4,3479.7,3510.4,3409.0,375985.0
PRIVISCL,2026-08-28,3497.0,3458.0,3510.0,3402.5,162553.0
PRIVISCL,2026-09-04,3494.0,3367.3,3494.0,3303.3,318737.0
PRIVISCL,2026-09-11,3387.2,3556.1,3570.5,3349.0,515767.0
PRIVISCL,2026-09-18,3561.4,3444.9,3599.3,3383.1,222370.0
PRIVISCL,2026-09-25,3453.2,3594.1,3625.0,3402.6,594103.0
RADICO,2026-03-27,2650.0,2640.2,2761.0,2552.4,2557860.0
RADICO,2026-04-03,2621.0,2623.2,2705.0,2568.1,1097594.0
RADICO,2026-04-10,2643.0,2792.7,2811.0,2601.1,1923065.0
RADICO,2026-04-17,2760.0,3186.9,3227.0,2710.0,3086941.0
RADICO,2026-04-24,3220.9,3187.2,3436.0,3162.5,3188210.0
RADICO,2026-05-01,3225.0,3423.1,3475.0,3218.1,1985015.0
RADICO,2026-05-08,3433.0,3477.2,3522.0,3302.0,3023754.0
RADICO,2026-05-15,3480.0,3499.2,3532.9,3400.8,2137001.0
RADICO,2026-05-22,3499.2,3561.1,3679.0,3425.0,1587817.0
RADICO,2026-05-29,3585.5,3518.6,3649.0,3410.1,1422755.0
RADICO,2026-06-05,3563.4,3490.7,3563.4,3426.5,1091520.0
RADICO,2026-06-12,3466.1,3541.7,3557.6,3427.1,827532.0
RADICO,2026-06-19,3575.0,3769.2,3778.0,3556.4,2626075.0
RADICO,2026-06-26,3770.0,3829.8,3843.0,3710.0,1063515.0
RADICO,2026-07-03,3841.8,3892.3,3986.3,3786.0,2190216.0
RADICO,2026-07-10,3940.0,4073.7,4161.8,3903.2,2529809.0
RADICO,2026-07-17,4068.8,4097.9,4149.2,4011.3,1268667.0
RADICO,2026-07-24,4107.5,4091.3,4193.0,4038.9,1609368.0
RADICO,2026-07-31,4120.0,4340.8,4494.4,4080.1,4570924.0
RADICO,2026-08-07,4350.8,4499.0,4590.3,4349.9,2067577.0
RADICO,2026-08-14,4494.0,4650.0,4675.2,4470.1,1548288.0
RADICO,2026-08-21,4657.8,4639.8,4747.0,4612.5,1479256.0
RADICO,2026-08-28,4632.0,4605.0,4680.0,4562.0,1050157.0
RADICO,2026-09-04,4582.6,4494.0,4603.0,4390.0,1569059.0
RADICO,2026-09-11,4470.0,4368.1,4497.6,4362.5,687603.0
RADICO,2026-09-18,4368.1,4535.4,4535.4,4298.8,1047557.0
RADICO,2026-09-25,4475.0,4557.1,4614.1,4376.1,1589686.0
RPGLIFE,2026-03-27,1870.0,1864.6,1934.0,1733.0,51500.0
RPGLIFE,2026-04-03,1860.0,1921.2,1941.1,1793.3,24169.0
RPGLIFE,2026-04-10,1901.0,1881.0,1950.0,1856.1,27804.0
RPGLIFE,2026-04-17,1881.0,2024.6,2044.9,1851.0,152693.0
RPGLIFE,2026-04-24,2023.8,2033.1,2080.0,1953.9,55031.0
RPGLIFE,2026-05-01,2011.9,2295.0,2336.6,2003.7,1727497.0
RPGLIFE,2026-05-08,2314.0,2463.1,2524.9,2295.0,349405.0
RPGLIFE,2026-05-15,2480.0,2292.5,2480.0,2270.1,42662.0
RPGLIFE,2026-05-22,2270.5,2293.9,2355.0,2249.1,32612.0
RPGLIFE,2026-05-29,2308.0,2224.7,2327.9,2187.2,38669.0
RPGLIFE,2026-06-05,2224.0,2161.6,2257.5,2100.0,35214.0
RPGLIFE,2026-06-12,2154.9,2216.7,2314.7,2065.3,166014.0
RPGLIFE,2026-06-19,2258.1,2277.4,2331.9,2226.2,42671.0
RPGLIFE,2026-06-26,2299.6,2276.4,2397.6,2275.0,24304.0
RPGLIFE,2026-07-03,2200.0,2415.8,2480.0,2200.0,54059.0
RPGLIFE,2026-07-10,2415.8,2856.9,2889.0,2366.8,381633.0
RPGLIFE,2026-07-17,2823.6,2859.8,2993.8,2722.5,277152.0
RPGLIFE,2026-07-24,2854.5,2937.0,3082.0,2800.0,209139.0
RPGLIFE,2026-07-31,2920.5,2768.2,3019.7,2752.0,116100.0
RPGLIFE,2026-08-07,2780.0,2661.3,2819.5,2645.8,55644.0
RPGLIFE,2026-08-14,2662.0,2782.3,2867.0,2604.0,117334.0
RPGLIFE,2026-08-21,2772.0,2636.6,2822.9,2612.2,43929.0
RPGLIFE,2026-08-28,2636.6,2537.6,2666.2,2490.1,43701.0
RPGLIFE,2026-09-04,2525.0,2721.6,2739.0,2509.1,80746.0
RPGLIFE,2026-09-11,2746.0,2698.6,2961.9,2642.1,122614.0
RPGLIFE,2026-09-18,2698.6,2802.4,2918.2,2630.5,110882.0
RPGLIFE,2026-09-25,2809.0,3050.6,3127.8,2722.1,329547.0
SAREGAMA,2026-03-27,337.6,330.35,344.0,319.0,1297509.0
SAREGAMA,2026-04-03,321.6,320.5,338.0,317.1,1048310.0
SAREGAMA,2026-04-10,327.0,329.5,337.55,308.8,3463252.0
SAREGAMA,2026-04-17,330.0,343.9,351.0,322.25,1650551.0
SAREGAMA,2026-04-24,342.0,346.75,351.8,336.4,1813047.0
SAREGAMA,2026-05-01,346.75,343.85,365.0,340.5,1592695.0
SAREGAMA,2026-05-08,346.9,360.4,375.0,342.0,1815904.0
SAREGAMA,2026-05-15,360.05,415.75,443.0,328.1,135234513.0
SAREGAMA,2026-05-22,405.15,402.3,423.0,383.6,28616852.0
SAREGAMA,2026-05-29,407.5,424.15,428.0,394.1,7919598.0
SAREGAMA,2026-06-05,444.0,476.2,479.0,438.6,27866265.0
SAREGAMA,2026-06-12,465.55,455.85,485.0,433.25,6550158.0
SAREGAMA,2026-06-19,459.9,465.9,471.55,450.2,3204223.0
SAREGAMA,2026-06-26,468.9,480.7,489.95,461.55,3100636.0
SAREGAMA,2026-07-03,482.0,485.75,509.9,475.75,3719147.0
SAREGAMA,2026-07-10,487.9,479.2,493.0,443.35,2788390.0
SAREGAMA,2026-07-17,479.1,494.85,503.0,470.15,2791356.0
SAREGAMA,2026-07-24,493.0,496.5,519.8,470.4,4151081.0
SAREGAMA,2026-07-31,502.7,522.85,535.9,494.2,3154915.0
SAREGAMA,2026-08-07,522.85,519.2,574.5,493.7,10646734.0
SAREGAMA,2026-08-14,519.2,527.3,543.3,509.25,2360008.0
SAREGAMA,2026-08-21,527.45,506.55,534.6,504.1,1904045.0
SAREGAMA,2026-08-28,507.0,492.8,518.65,484.3,2561853.0
SAREGAMA,2026-09-04,492.0,492.75,501.0,475.0,2272046.0
SAREGAMA,2026-09-11,492.6,505.5,516.5,484.05,2348425.0
SAREGAMA,2026-09-18,505.5,499.9,506.6,475.2,1383092.0
SAREGAMA,2026-09-25,500.0,496.9,517.2,484.5,1440373.0
SBCL,2026-03-27,402.0,376.3,406.9,370.0,1270142.0
SBCL,2026-04-03,370.4,410.15,420.55,368.6,1035814.0
SBCL,2026-04-10,411.0,486.35,489.55,405.35,1177700.0
SBCL,2026-04-17,479.55,523.0,531.9,470.55,1325693.0
SBCL,2026-04-24,525.0,592.3,625.0,513.6,6419934.0
SBCL,2026-05-01,615.0,595.5,655.4,580.0,5951409.0
SBCL,2026-05-08,594.05,636.65,655.0,583.65,2154995.0
SBCL,2026-05-15,636.7,601.25,636.7,565.6,1251839.0
SBCL,2026-05-22,590.1,677.95,700.0,577.0,2925758.0
SBCL,2026-05-29,686.5,740.0,789.0,686.0,4305996.0
SBCL,2026-06-05,739.7,712.7,761.35,703.05,1596326.0
SBCL,2026-06-12,702.7,695.5,747.0,662.5,2473865.0
SBCL,2026-06-19,706.0,746.55,774.5,688.0,2690891.0
SBCL,2026-06-26,758.0,754.0,789.85,736.55,1951642.0
SBCL,2026-07-03,760.45,794.05,799.05,724.5,2885218.0
SBCL,2026-07-10,810.0,747.05,814.0,688.05,3369994.0
SBCL,2026-07-17,734.15,737.35,749.6,710.55,1358290.0
SBCL,2026-07-24,733.0,755.7,780.0,726.0,1427740.0
SBCL,2026-07-31,755.7,749.45,764.45,719.0,776987.0
SBCL,2026-08-07,752.9,920.9,920.9,747.0,7388096.0
SBCL,2026-08-14,928.0,1040.1,1105.05,921.25,13830365.0
SBCL,2026-08-21,1064.9,993.25,1075.0,986.5,1276372.0
SBCL,2026-08-28,999.9,1049.2,1087.95,990.35,1715386.0
SBCL,2026-09-04,1066.6,1121.1,1215.7,1022.05,2500822.0
SBCL,2026-09-11,1121.0,1087.0,1163.5,1066.2,1357703.0
SBCL,2026-09-18,1087.0,1096.2,1120.0,957.1,1399050.0
SBCL,2026-09-25,1116.8,1154.5,1186.0,1111.9,1420253.0
SHILPAMED,2026-03-27,320.15,349.6,365.0,311.05,14023088.0
SHILPAMED,2026-04-03,345.1,388.9,393.0,338.05,2262334.0
SHILPAMED,2026-04-10,388.9,420.1,426.9,368.45,2500994.0
SHILPAMED,2026-04-17,410.05,410.55,424.45,404.55,1288833.0
SHILPAMED,2026-04-24,415.0,413.9,436.4,396.5,3127907.0
SHILPAMED,2026-05-01,408.6,406.65,429.0,400.6,1212704.0
SHILPAMED,2026-05-08,410.65,437.0,451.0,408.05,3523311.0
SHILPAMED,2026-05-15,434.25,478.4,491.95,426.15,5642944.0
SHILPAMED,2026-05-22,479.0,490.25,518.55,464.15,7820566.0
SHILPAMED,2026-05-29,500.0,498.95,529.8,483.35,8194680.0
SHILPAMED,2026-06-05,504.5,538.05,543.0,493.4,8515126.0
SHILPAMED,2026-06-12,530.0,546.75,581.0,526.0,5740984.0
SHILPAMED,2026-06-19,554.8,551.35,589.0,524.05,5521359.0
SHILPAMED,2026-06-26,552.0,571.6,598.9,543.6,6073589.0
SHILPAMED,2026-07-03,571.6,608.95,615.0,556.95,9962338.0
SHILPAMED,2026-07-10,610.0,627.15,633.3,588.1,3638500.0
SHILPAMED,2026-07-17,624.05,620.25,650.0,615.85,2952045.0
SHILPAMED,2026-07-24,620.8,606.2,642.0,597.5,2373760.0
SHILPAMED,2026-07-31,615.0,611.25,626.5,600.1,1851232.0
SHILPAMED,2026-08-07,616.1,759.75,786.15,614.1,45551001.0
SHILPAMED,2026-08-14,770.3,822.0,825.4,769.1,12201203.0
SHILPAMED,2026-08-21,822.0,814.95,834.1,802.35,3992404.0
SHILPAMED,2026-08-28,819.0,903.8,919.0,811.25,8093954.0
SHILPAMED,2026-09-04,907.15,964.15,973.9,873.2,8792062.0
SHILPAMED,2026-09-11,974.0,961.15,980.1,910.0,4652430.0
SHILPAMED,2026-09-18,961.15,1021.1,1033.1,874.85,4530170.0
SHILPAMED,2026-09-25,1021.1,1013.45,1075.0,992.0,3991663.0
SHYAMMETL,2026-03-27,774.0,770.25,815.45,761.2,1259292.0
SHYAMMETL,2026-04-03,763.0,792.65,802.95,747.95,968425.0
SHYAMMETL,2026-04-10,780.0,838.8,857.0,774.05,2584707.0
SHYAMMETL,2026-04-17,823.0,864.2,880.0,811.1,798173.0
SHYAMMETL,2026-04-24,859.9,820.7,872.0,802.3,2565797.0
SHYAMMETL,2026-05-01,834.3,873.75,908.6,830.05,4740228.0
SHYAMMETL,2026-05-08,884.0,903.5,926.9,877.0,3014997.0
SHYAMMETL,2026-05-15,908.85,877.25,934.9,829.35,5467506.0
SHYAMMETL,2026-05-22,871.0,947.8,952.5,860.05,4045998.0
SHYAMMETL,2026-05-29,958.9,973.35,992.0,939.0,4698916.0
SHYAMMETL,2026-06-05,975.0,1001.3,1014.0,957.0,3386760.0
SHYAMMETL,2026-06-12,995.0,983.75,995.0,961.0,2563064.0
SHYAMMETL,2026-06-19,986.4,970.3,1002.85,950.7,3635636.0
SHYAMMETL,2026-06-26,979.5,945.75,979.5,933.0,1365775.0
SHYAMMETL,2026-07-03,940.1,955.1,979.05,934.35,1677519.0
SHYAMMETL,2026-07-10,965.0,975.1,978.4,916.1,2617042.0
SHYAMMETL,2026-07-17,974.95,1022.5,1059.0,965.15,4113153.0
SHYAMMETL,2026-07-24,1030.0,1027.45,1090.0,1010.35,4273557.0
SHYAMMETL,2026-07-31,1026.1,1031.3,1044.9,1013.95,1452653.0
SHYAMMETL,2026-08-07,1041.8,1006.9,1044.8,982.6,2690194.0
SHYAMMETL,2026-08-14,998.9,999.6,1011.5,970.0,2942051.0
SHYAMMETL,2026-08-21,1004.0,984.9,1004.8,981.6,1035214.0
SHYAMMETL,2026-08-28,985.0,1099.8,1111.0,984.2,5658467.0
SHYAMMETL,2026-09-04,1107.4,1065.3,1107.4,1058.1,1789805.0
SHYAMMETL,2026-09-11,1065.2,1074.8,1099.0,1053.2,980608.0
SHYAMMETL,2026-09-18,1074.8,1100.0,1109.0,1019.0,2022977.0
SHYAMMETL,2026-09-25,1111.0,1085.6,1148.0,1071.0,5648405.0
SIEMENS,2026-03-27,3110.0,3048.9,3127.0,2937.0,1952676.0
SIEMENS,2026-04-03,2997.6,3026.6,3072.3,2906.0,1023161.0
SIEMENS,2026-04-10,3041.4,3388.5,3402.4,2965.1,1860353.0
SIEMENS,2026-04-17,3340.0,3707.9,3718.9,3275.5,4519349.0
SIEMENS,2026-04-24,3702.0,3808.9,3901.0,3659.5,2891249.0
SIEMENS,2026-05-01,3830.5,3808.2,3892.0,3734.5,1256169.0
SIEMENS,2026-05-08,3850.0,3822.6,3930.0,3783.0,2079104.0
SIEMENS,2026-05-15,3720.0,3587.9,3724.5,3469.0,2852088.0
SIEMENS,2026-05-22,3572.0,3811.7,3834.0,3454.5,1906846.0
SIEMENS,2026-05-29,3836.4,3844.0,3937.3,3543.3,4947835.0
SIEMENS,2026-06-05,3850.0,3700.8,3856.7,3639.6,2305340.0
SIEMENS,2026-06-12,3620.0,3569.6,3675.0,3501.0,1845682.0
SIEMENS,2026-06-19,3630.0,3759.6,3776.1,3582.7,1777071.0
SIEMENS,2026-06-26,3779.0,3627.9,3807.7,3550.1,1418743.0
SIEMENS,2026-07-03,3650.0,3536.3,3668.4,3497.5,1692756.0
SIEMENS,2026-07-10,3553.9,3496.5,3584.9,3398.1,1681260.0
SIEMENS,2026-07-17,3479.3,3658.8,3855.0,3437.0,2493075.0
SIEMENS,2026-07-24,3651.0,3689.8,3711.6,3617.0,1162625.0
SIEMENS,2026-07-31,3721.0,3760.0,3808.4,3576.1,1625550.0
SIEMENS,2026-08-07,3741.7,3940.1,4073.8,3694.2,2508100.0
SIEMENS,2026-08-14,3940.2,3940.0,4097.9,3854.6,2776527.0
SIEMENS,2026-08-21,3940.0,3920.0,3988.5,3875.3,1030150.0
SIEMENS,2026-08-28,3920.0,4089.0,4149.4,3903.3,3051746.0
SIEMENS,2026-09-04,4061.4,3977.0,4111.9,3966.2,1368649.0
SIEMENS,2026-09-11,3990.0,3957.0,4003.0,3858.4,1329383.0
SIEMENS,2026-09-18,3957.0,3913.9,3964.0,3682.4,1520626.0
SIEMENS,2026-09-25,3880.0,3877.0,3954.3,3825.0,867455.0
SIRCA,2026-03-27,429.0,419.7,438.4,395.0,770397.0
SIRCA,2026-04-03,419.0,422.1,431.8,396.3,769635.0
SIRCA,2026-04-10,428.05,437.15,443.9,399.0,1912663.0
SIRCA,2026-04-17,435.0,456.7,460.15,419.1,1967711.0
SIRCA,2026-04-24,460.0,437.3,464.25,425.8,1644959.0
SIRCA,2026-05-01,443.5,423.75,444.85,419.6,961827.0
SIRCA,2026-05-08,424.0,423.1,444.7,417.05,4656264.0
SIRCA,2026-05-15,424.8,436.3,443.0,416.0,5816278.0
SIRCA,2026-05-22,437.05,419.35,437.7,413.2,2278246.0
SIRCA,2026-05-29,422.25,417.7,426.5,414.0,1389372.0
SIRCA,2026-06-05,422.95,419.45,436.55,414.5,1458160.0
SIRCA,2026-06-12,418.5,418.15,421.25,412.9,851280.0
SIRCA,2026-06-19,425.8,412.3,429.0,408.2,1609355.0
SIRCA,2026-06-26,413.9,407.05,430.0,405.0,1811366.0
SIRCA,2026-07-03,410.0,402.45,410.5,397.25,1284815.0
SIRCA,2026-07-10,403.6,393.65,407.75,388.8,1305956.0
SIRCA,2026-07-17,395.55,391.0,407.45,385.0,1399833.0
SIRCA,2026-07-24,390.55,393.45,401.0,387.55,1047512.0
SIRCA,2026-07-31,399.0,420.45,422.7,386.05,2204103.0
SIRCA,2026-08-07,425.0,449.9,454.8,422.45,2444786.0
SIRCA,2026-08-14,450.5,426.9,458.0,424.1,1695151.0
SIRCA,2026-08-21,427.4,451.2,453.75,421.95,4182302.0
SIRCA,2026-08-28,452.6,436.3,455.0,432.1,2129287.0
SIRCA,2026-09-04,436.0,439.25,448.45,427.0,1231937.0
SIRCA,2026-09-11,439.9,427.35,442.75,425.45,1035105.0
SIRCA,2026-09-18,427.35,406.25,434.0,397.5,1283220.0
SIRCA,2026-09-25,406.2,410.3,424.55,402.25,938941.0
SMSPHARMA,2026-03-27,376.4,386.15,413.8,365.2,1790192.0
SMSPHARMA,2026-04-03,384.6,388.25,404.9,370.25,1103130.0
SMSPHARMA,2026-04-10,390.0,418.4,429.95,378.3,1646381.0
SMSPHARMA,2026-04-17,410.0,429.0,447.8,397.6,1435268.0
SMSPHARMA,2026-04-24,428.95,396.7,433.5,392.2,1400415.0
SMSPHARMA,2026-05-01,397.2,403.7,415.0,387.0,982695.0
SMSPHARMA,2026-05-08,406.1,416.35,429.0,400.2,1320222.0
SMSPHARMA,2026-05-15,411.9,400.4,434.3,395.5,1120097.0
SMSPHARMA,2026-05-22,396.2,381.45,438.45,374.0,2994239.0
SMSPHARMA,2026-05-29,385.0,369.25,389.4,361.7,1636352.0
SMSPHARMA,2026-06-05,369.25,369.1,378.65,351.0,995559.0
SMSPHARMA,2026-06-12,363.25,383.45,399.9,363.25,1245248.0
SMSPHARMA,2026-06-19,387.0,378.6,393.1,370.35,474900.0
SMSPHARMA,2026-06-26,378.3,376.55,388.6,372.45,402640.0
SMSPHARMA,2026-07-03,376.6,421.45,438.3,374.55,10213555.0
SMSPHARMA,2026-07-10,423.3,402.7,435.0,398.25,1517643.0
SMSPHARMA,2026-07-17,402.0,387.75,411.3,380.8,1363465.0
SMSPHARMA,2026-07-24,389.4,381.1,393.35,378.0,474047.0
SMSPHARMA,2026-07-31,385.95,373.9,399.95,365.4,1008414.0
SMSPHARMA,2026-08-07,375.75,378.1,380.0,355.5,1411710.0
SMSPHARMA,2026-08-14,379.0,361.35,383.9,360.15,792807.0
SMSPHARMA,2026-08-21,359.55,356.6,364.3,351.0,603961.0
SMSPHARMA,2026-08-28,358.1,355.55,363.85,349.25,681433.0
SMSPHARMA,2026-09-04,354.05,392.5,398.4,350.55,1251134.0
SMSPHARMA,2026-09-11,390.0,463.45,469.0,387.45,15992603.0
SMSPHARMA,2026-09-18,463.45,442.95,482.0,393.25,7535281.0
SMSPHARMA,2026-09-25,445.0,475.0,494.45,445.0,5816348.0
SOLARINDS,2026-03-27,12887.0,12418.0,13258.0,12282.0,769891.0
SOLARINDS,2026-04-03,12276.0,13109.0,13165.0,12000.0,609448.0
SOLARINDS,2026-04-10,13109.0,14073.0,14259.0,12952.0,705726.0
SOLARINDS,2026-04-17,13899.0,15089.0,15186.0,13670.0,751215.0
SOLARINDS,2026-04-24,15140.0,15056.0,15995.0,14848.0,835498.0
SOLARINDS,2026-05-01,15195.0,15439.0,15572.0,15036.0,415900.0
SOLARINDS,2026-05-08,15562.0,16105.0,16199.0,15351.0,525626.0
SOLARINDS,2026-05-15,16105.0,17314.0,17469.0,15533.0,1198627.0
SOLARINDS,2026-05-22,17509.0,18132.0,18699.0,17227.0,1564221.0
SOLARINDS,2026-05-29,18378.0,18247.0,18874.0,18011.0,810029.0
SOLARINDS,2026-06-05,18390.0,18441.0,18770.0,17835.0,815019.0
SOLARINDS,2026-06-12,18250.0,17143.0,18498.0,17060.0,576941.0
SOLARINDS,2026-06-19,17440.0,18052.0,18379.0,16832.0,705330.0
SOLARINDS,2026-06-26,18140.0,17428.0,18539.0,17344.0,465051.0
SOLARINDS,2026-07-03,17429.0,18514.0,18972.0,17274.0,1074999.0
SOLARINDS,2026-07-10,18510.0,18236.0,18866.0,17028.0,930659.0
SOLARINDS,2026-07-17,18200.0,18467.0,18698.0,17940.0,501210.0
SOLARINDS,2026-07-24,18500.0,18494.0,19187.0,18333.0,563030.0
SOLARINDS,2026-07-31,18612.0,18391.0,18706.0,17855.0,409805.0
SOLARINDS,2026-08-07,18400.0,18650.0,18910.0,17816.0,291893.0
SOLARINDS,2026-08-14,18695.0,19969.0,20400.0,18420.0,1408459.0
SOLARINDS,2026-08-21,19951.0,19900.0,20422.0,19190.0,712514.0
SOLARINDS,2026-08-28,19985.0,20400.0,20672.0,19612.0,544996.0
SOLARINDS,2026-09-04,20400.0,21445.0,21695.0,19810.0,943459.0
SOLARINDS,2026-09-11,21450.0,22290.0,22625.0,21450.0,746365.0
SOLARINDS,2026-09-18,22290.0,18555.0,22700.0,18480.0,2247126.0
SOLARINDS,2026-09-25,18790.0,19745.0,20370.0,18730.0,1169386.0
SONACOMS,2026-03-27,498.8,488.75,519.0,479.65,14985006.0
SONACOMS,2026-04-03,484.05,496.55,507.8,474.5,7182523.0
SONACOMS,2026-04-10,499.5,554.25,559.85,489.25,11726464.0
SONACOMS,2026-04-17,549.75,593.85,596.95,540.8,14319220.0
SONACOMS,2026-04-24,595.0,564.85,596.0,560.5,7854488.0
SONACOMS,2026-05-01,566.15,607.25,613.1,565.85,13425529.0
SONACOMS,2026-05-08,614.0,579.3,614.0,569.35,19837569.0
SONACOMS,2026-05-15,574.7,573.55,605.6,568.5,16591853.0
SONACOMS,2026-05-22,571.0,593.75,599.95,555.55,7023983.0
SONACOMS,2026-05-29,599.0,607.45,621.8,590.1,6437838.0
SONACOMS,2026-06-05,608.8,602.3,615.15,590.8,7402724.0
SONACOMS,2026-06-12,593.3,593.05,607.35,582.1,6822935.0
SONACOMS,2026-06-19,602.6,613.8,618.75,591.6,7465704.0
SONACOMS,2026-06-26,620.0,619.25,632.2,612.05,8511371.0
SONACOMS,2026-07-03,619.25,660.1,672.6,608.3,15936302.0
SONACOMS,2026-07-10,660.05,668.55,682.2,657.6,10167238.0
SONACOMS,2026-07-17,667.85,704.85,708.45,658.7,12289562.0
SONACOMS,2026-07-24,705.0,717.95,741.65,701.15,21606777.0
SONACOMS,2026-07-31,728.8,769.4,773.2,707.0,17168379.0
SONACOMS,2026-08-07,775.0,818.05,824.6,768.05,14606545.0
SONACOMS,2026-08-14,822.1,792.0,836.9,790.0,8328003.0
SONACOMS,2026-08-21,799.0,817.6,844.0,795.75,11738085.0
SONACOMS,2026-08-28,817.6,815.0,824.6,795.0,7591052.0
SONACOMS,2026-09-04,810.5,789.0,821.5,773.4,8581366.0
SONACOMS,2026-09-11,786.95,788.0,813.15,778.0,5195855.0
SONACOMS,2026-09-18,788.0,808.0,812.0,759.05,11520451.0
SONACOMS,2026-09-25,810.0,824.5,837.0,793.2,12538452.0
STLTECH,2026-03-27,185.0,186.13,197.8,170.02,25420521.0
STLTECH,2026-04-03,183.0,177.83,189.0,170.8,14446139.0
STLTECH,2026-04-10,179.7,231.22,235.4,177.03,45531414.0
STLTECH,2026-04-17,224.31,263.08,269.16,224.31,39650139.0
STLTECH,2026-04-24,263.0,266.45,292.39,260.55,29285088.0
STLTECH,2026-05-01,270.0,294.8,299.38,269.5,38573335.0
STLTECH,2026-05-08,301.85,375.95,375.95,300.75,22846184.0
STLTECH,2026-05-15,394.7,419.8,434.7,377.55,34577676.0
STLTECH,2026-05-22,408.2,441.15,441.15,381.15,14700704.0
STLTECH,2026-05-29,463.2,536.15,536.15,463.2,1629909.0
STLTECH,2026-06-05,562.95,619.25,679.9,541.3,26755128.0
STLTECH,2026-06-12,588.3,583.65,617.7,553.25,16872910.0
STLTECH,2026-06-19,596.0,654.35,678.0,562.0,14113824.0
STLTECH,2026-06-26,658.9,613.35,665.0,577.8,5128149.0
STLTECH,2026-07-03,620.0,576.8,639.3,534.5,12186719.0
STLTECH,2026-07-10,567.0,543.05,589.0,501.75,13031682.0
STLTECH,2026-07-17,531.0,520.4,548.0,492.25,11139064.0
STLTECH,2026-07-24,506.4,564.15,576.25,492.5,9963446.0
STLTECH,2026-07-31,587.0,557.05,592.35,497.3,13707526.0
STLTECH,2026-08-07,584.9,638.9,666.3,584.9,14221815.0
STLTECH,2026-08-14,634.0,647.75,683.5,613.0,9087943.0
STLTECH,2026-08-21,648.9,627.15,670.0,601.0,6379005.0
STLTECH,2026-08-28,626.6,723.75,728.6,625.0,8013575.0
STLTECH,2026-09-04,745.0,748.9,757.7,665.5,6203416.0
STLTECH,2026-09-11,786.3,897.4,897.45,786.3,11809412.0
STLTECH,2026-09-18,897.4,818.8,912.0,793.0,9200829.0
STLTECH,2026-09-25,793.0,837.2,870.95,783.35,5838566.0
SUDARSCHEM,2026-03-27,798.35,764.65,804.1,749.7,508107.0
SUDARSCHEM,2026-04-03,764.7,762.2,794.4,726.4,651425.0
SUDARSCHEM,2026-04-10,762.2,814.15,839.9,746.25,467470.0
SUDARSCHEM,2026-04-17,791.0,873.75,898.05,783.3,7039751.0
SUDARSCHEM,2026-04-24,877.0,869.55,927.25,825.35,1657776.0
SUDARSCHEM,2026-05-01,871.1,914.35,927.0,871.1,800263.0
SUDARSCHEM,2026-05-08,917.0,947.35,977.3,906.95,1290244.0
SUDARSCHEM,2026-05-15,927.8,868.6,933.95,863.4,508072.0
SUDARSCHEM,2026-05-22,868.1,1013.0,1042.8,834.8,2472080.0
SUDARSCHEM,2026-05-29,1020.8,938.0,1129.9,926.0,2871620.0
SUDARSCHEM,2026-06-05,945.5,886.65,957.9,877.9,713155.0
SUDARSCHEM,2026-06-12,879.1,882.15,908.9,851.1,737382.0
SUDARSCHEM,2026-06-19,898.0,913.6,935.95,890.0,1135657.0
SUDARSCHEM,2026-06-26,919.9,891.25,927.9,865.5,661288.0
SUDARSCHEM,2026-07-03,880.0,910.35,920.0,859.0,678565.0
SUDARSCHEM,2026-07-10,910.5,999.25,1009.0,903.05,2263556.0
SUDARSCHEM,2026-07-17,990.0,1037.65,1088.3,986.2,2089187.0
SUDARSCHEM,2026-07-24,1030.0,1041.05,1082.0,989.05,698683.0
SUDARSCHEM,2026-07-31,1058.15,1013.9,1067.95,996.3,989302.0
SUDARSCHEM,2026-08-07,1039.0,1139.6,1157.0,1034.2,1663312.0
SUDARSCHEM,2026-08-14,1144.0,1118.1,1164.9,1013.7,5512223.0
SUDARSCHEM,2026-08-21,1115.0,1215.1,1220.9,1080.1,3152714.0
SUDARSCHEM,2026-08-28,1228.0,1256.9,1264.7,1197.6,2431973.0
SUDARSCHEM,2026-09-04,1262.2,1222.8,1347.0,1210.5,3172359.0
SUDARSCHEM,2026-09-11,1224.9,1248.2,1287.4,1213.3,1546765.0
SUDARSCHEM,2026-09-18,1248.2,1263.5,1278.0,1148.1,758188.0
SUDARSCHEM,2026-09-25,1263.5,1218.9,1274.9,1206.6,506905.0
SUPRIYA,2026-03-27,575.2,587.55,609.7,545.5,1001893.0
SUPRIYA,2026-04-03,584.0,612.2,615.0,556.0,549594.0
SUPRIYA,2026-04-10,601.5,638.75,645.0,596.0,400744.0
SUPRIYA,2026-04-17,617.0,638.5,665.6,617.0,485989.0
SUPRIYA,2026-04-24,647.0,642.85,669.0,615.1,1457741.0
SUPRIYA,2026-05-01,660.0,694.9,717.45,655.0,1502064.0
SUPRIYA,2026-05-08,694.9,706.7,714.8,681.35,688427.0
SUPRIYA,2026-05-15,707.0,688.55,732.15,671.15,676345.0
SUPRIYA,2026-05-22,685.15,774.1,794.0,666.0,2135526.0
SUPRIYA,2026-05-29,775.8,968.7,968.7,762.15,6732512.0
SUPRIYA,2026-06-05,990.0,947.95,1085.0,880.0,9785019.0
SUPRIYA,2026-06-12,935.95,977.15,997.4,906.15,2387314.0
SUPRIYA,2026-06-19,998.95,932.2,1010.0,908.1,1359616.0
SUPRIYA,2026-06-26,932.2,928.15,982.0,906.5,1305089.0
SUPRIYA,2026-07-03,928.1,978.9,1043.2,913.3,2327687.0
SUPRIYA,2026-07-10,932.9,854.6,952.0,835.5,4657881.0
SUPRIYA,2026-07-17,850.0,828.7,875.0,816.1,1069297.0
SUPRIYA,2026-07-24,821.5,840.5,878.8,820.0,790761.0
SUPRIYA,2026-07-31,850.0,867.0,876.0,824.3,728979.0
SUPRIYA,2026-08-07,867.05,923.45,951.0,861.05,1423334.0
SUPRIYA,2026-08-14,932.7,791.65,940.0,740.45,3636054.0
SUPRIYA,2026-08-21,791.65,805.45,826.0,779.85,1370844.0
SUPRIYA,2026-08-28,805.0,804.15,815.0,774.3,744737.0
SUPRIYA,2026-09-04,811.0,852.85,868.0,783.1,1763404.0
SUPRIYA,2026-09-11,869.9,901.75,933.15,864.0,2140651.0
SUPRIYA,2026-09-18,901.75,906.3,920.0,845.55,615118.0
SUPRIYA,2026-09-25,912.0,985.2,1009.7,903.65,2454024.0
SYRMA,2026-03-27,775.0,818.2,841.45,735.7,6823676.0
SYRMA,2026-04-03,805.8,796.3,818.9,765.2,3323811.0
SYRMA,2026-04-10,798.0,868.6,879.0,789.3,4068043.0
SYRMA,2026-04-17,850.0,978.1,993.0,844.5,11028411.0
SYRMA,2026-04-24,974.9,969.6,1032.0,958.0,7438129.0
SYRMA,2026-05-01,983.0,958.95,997.0,945.85,3140382.0
SYRMA,2026-05-08,963.6,1100.15,1136.45,960.0,7508886.0
SYRMA,2026-05-15,1104.8,1013.25,1188.0,987.05,18712127.0
SYRMA,2026-05-22,1005.05,1038.85,1050.5,957.4,5881571.0
SYRMA,2026-05-29,1049.95,1088.55,1102.6,1036.15,4288909.0
SYRMA,2026-06-05,1102.0,1226.8,1234.0,1085.9,7735891.0
SYRMA,2026-06-12,1194.0,1266.7,1290.9,1180.4,5810624.0
SYRMA,2026-06-19,1320.0,1334.0,1355.0,1273.0,5485681.0
SYRMA,2026-06-26,1341.0,1440.5,1517.7,1328.5,9283058.0
SYRMA,2026-07-03,1440.0,1376.0,1454.0,1351.0,6650154.0
SYRMA,2026-07-10,1379.0,1451.9,1457.0,1332.2,7334547.0
SYRMA,2026-07-17,1431.7,1359.1,1449.5,1351.5,3205758.0
SYRMA,2026-07-24,1349.8,1288.3,1392.0,1272.1,3514577.0
SYRMA,2026-07-31,1300.0,1366.8,1468.0,1257.0,14811594.0
SYRMA,2026-08-07,1380.0,1424.7,1460.0,1351.6,6030553.0
SYRMA,2026-08-14,1434.1,1465.2,1543.0,1427.5,7674784.0
SYRMA,2026-08-21,1477.3,1439.3,1525.8,1415.7,6143398.0
SYRMA,2026-08-28,1454.0,1474.3,1505.0,1441.0,3352097.0
SYRMA,2026-09-04,1474.3,1457.3,1474.3,1392.6,4126253.0
SYRMA,2026-09-11,1458.5,1589.3,1660.0,1458.3,18377626.0
SYRMA,2026-09-18,1589.3,1728.9,1764.0,1418.0,22519353.0
SYRMA,2026-09-25,1721.0,1732.6,1803.9,1658.0,9129674.0
TATVA,2026-03-27,1111.0,1102.6,1208.0,1097.2,235915.0
TATVA,2026-04-03,1071.8,1109.0,1119.1,1044.1,125099.0
TATVA,2026-04-10,1109.0,1202.2,1230.0,1071.0,180618.0
TATVA,2026-04-17,1192.3,1278.3,1336.6,1160.0,250899.0
TATVA,2026-04-24,1288.0,1269.9,1349.0,1260.0,186676.0
TATVA,2026-05-01,1285.0,1311.0,1356.0,1273.1,195763.0
TATVA,2026-05-08,1310.0,1352.0,1420.0,1287.1,311798.0
TATVA,2026-05-15,1350.9,1316.3,1350.9,1221.2,233885.0
TATVA,2026-05-22,1300.0,1187.5,1315.0,1174.5,384220.0
TATVA,2026-05-29,1187.5,1133.2,1208.1,1107.1,243951.0
TATVA,2026-06-05,1138.0,1183.5,1239.5,1138.0,271941.0
TATVA,2026-06-12,1161.0,1208.4,1215.6,1101.0,193257.0
TATVA,2026-06-19,1203.5,1194.0,1223.9,1175.2,152532.0
TATVA,2026-06-26,1214.5,1180.7,1235.7,1167.9,129870.0
TATVA,2026-07-03,1180.7,1249.6,1280.0,1168.0,227963.0
TATVA,2026-07-10,1258.7,1326.5,1338.0,1177.0,280353.0
TATVA,2026-07-17,1301.0,1428.1,1460.1,1287.0,480968.0
TATVA,2026-07-24,1525.0,1722.4,1785.0,1520.0,5745148.0
TATVA,2026-07-31,1750.8,1788.2,1835.0,1662.5,774993.0
TATVA,2026-08-07,1827.0,1718.8,1838.1,1679.0,371733.0
TATVA,2026-08-14,1736.0,1717.3,1829.0,1683.0,238641.0
TATVA,2026-08-21,1723.8,1616.4,1769.5,1609.3,292705.0
TATVA,2026-08-28,1617.1,1630.0,1695.0,1570.9,246656.0
TATVA,2026-09-04,1633.9,1678.5,1688.0,1563.6,218982.0
TATVA,2026-09-11,1700.0,1608.7,1750.0,1597.0,306537.0
TATVA,2026-09-18,1608.7,1770.2,1787.8,1520.0,333355.0
TATVA,2026-09-25,1760.0,1793.2,1822.0,1707.7,319776.0
TDPOWERSYS,2026-03-27,420.0,424.4,448.45,401.83,6295116.0
TDPOWERSYS,2026-04-03,420.0,431.7,443.4,413.0,4701186.0
TDPOWERSYS,2026-04-10,432.3,463.3,477.0,429.52,17337314.0
TDPOWERSYS,2026-04-17,457.5,498.45,504.5,452.85,15234070.0
TDPOWERSYS,2026-04-24,498.45,556.42,559.6,497.5,14355080.0
TDPOWERSYS,2026-05-01,563.25,576.35,597.5,537.5,11034534.0
TDPOWERSYS,2026-05-08,584.95,609.8,644.6,567.8,11792422.0
TDPOWERSYS,2026-05-15,608.75,655.65,668.4,562.65,25265576.0
TDPOWERSYS,2026-05-22,664.5,647.5,680.5,605.5,22524428.0
TDPOWERSYS,2026-05-29,655.0,659.3,689.8,637.75,10006538.0
TDPOWERSYS,2026-06-05,659.35,656.4,678.0,596.5,14059786.0
TDPOWERSYS,2026-06-12,640.05,596.4,652.35,557.5,12891028.0
TDPOWERSYS,2026-06-19,611.3,636.35,645.0,582.35,8171820.0
TDPOWERSYS,2026-06-26,642.0,627.55,687.0,622.05,10481234.0
TDPOWERSYS,2026-07-03,623.0,545.9,636.15,537.5,12181094.0
TDPOWERSYS,2026-07-10,548.6,575.1,591.0,535.0,13252966.0
TDPOWERSYS,2026-07-17,570.0,563.85,592.0,551.05,6917494.0
TDPOWERSYS,2026-07-24,562.5,556.8,586.5,555.0,4605622.0
TDPOWERSYS,2026-07-31,560.5,565.5,576.9,465.0,20774232.0
TDPOWERSYS,2026-08-07,572.5,630.45,635.0,553.05,11342448.0
TDPOWERSYS,2026-08-14,630.5,742.3,765.0,610.5,32849998.0
TDPOWERSYS,2026-08-21,735.0,767.4,798.85,733.55,16235520.0
TDPOWERSYS,2026-08-28,775.0,752.7,793.5,719.0,7918698.0
TDPOWERSYS,2026-09-04,760.0,740.1,792.4,717.2,8352833.0
TDPOWERSYS,2026-09-11,740.0,804.9,812.8,728.1,9875718.0
TDPOWERSYS,2026-09-18,804.9,763.75,817.55,680.0,15199741.0
TDPOWERSYS,2026-09-25,740.0,751.55,783.35,736.05,7870887.0
TEGA,2026-03-27,1700.1,1700.2,1732.1,1560.8,999920.0
TEGA,2026-04-03,1651.4,1726.9,1737.4,1650.1,225980.0
TEGA,2026-04-10,1704.0,1727.8,1756.1,1679.0,333183.0
TEGA,2026-04-17,1690.1,1738.0,1770.0,1678.1,186770.0
TEGA,2026-04-24,1737.0,1680.1,1744.1,1676.4,122214.0
TEGA,2026-05-01,1680.2,1663.4,1737.0,1636.2,129491.0
TEGA,2026-05-08,1684.0,1662.0,1700.1,1601.6,188775.0
TEGA,2026-05-15,1668.0,1585.3,1668.0,1556.5,180717.0
TEGA,2026-05-22,1585.3,1603.0,1642.0,1536.2,153084.0
TEGA,2026-05-29,1605.0,1766.0,1829.0,1522.2,2526477.0
TEGA,2026-06-05,1750.0,1847.7,1894.0,1717.2,1954634.0
TEGA,2026-06-12,1841.3,1756.5,1841.3,1680.0,345285.0
TEGA,2026-06-19,1770.1,1794.9,1849.0,1768.0,318906.0
TEGA,2026-06-26,1801.1,1730.2,1840.0,1700.0,280584.0
TEGA,2026-07-03,1739.9,1643.8,1739.9,1633.6,171558.0
TEGA,2026-07-10,1643.8,1669.0,1692.0,1602.0,225793.0
TEGA,2026-07-17,1650.7,1622.2,1721.6,1609.0,242919.0
TEGA,2026-07-24,1620.0,1560.3,1665.6,1539.2,300890.0
TEGA,2026-07-31,1564.9,1485.5,1570.9,1473.0,661136.0
TEGA,2026-08-07,1485.5,1625.7,1647.7,1485.5,998941.0
TEGA,2026-08-14,1620.0,1703.8,1732.7,1524.4,1677316.0
TEGA,2026-08-21,1707.1,1743.2,1837.0,1688.6,1478541.0
TEGA,2026-08-28,1749.0,1658.7,1760.0,1615.9,726129.0
TEGA,2026-09-04,1658.7,1548.0,1658.7,1534.6,525834.0
TEGA,2026-09-11,1560.0,1729.1,1780.6,1540.1,3734096.0
TEGA,2026-09-18,1729.1,1943.0,1970.0,1630.4,5417878.0
TEGA,2026-09-25,1950.0,2091.6,2175.0,1933.3,7191840.0
TIIL,2026-03-27,2188.9,2186.5,2246.8,2053.4,148769.0
TIIL,2026-04-03,2180.0,2248.4,2301.3,2072.6,107144.0
TIIL,2026-04-10,2310.6,2331.5,2425.6,2202.9,66293.0
TIIL,2026-04-17,2393.9,2455.8,2553.9,2252.2,69101.0
TIIL,2026-04-24,2455.8,2491.2,2567.9,2425.0,35806.0
TIIL,2026-05-01,2491.3,2485.2,2574.9,2451.1,31982.0
TIIL,2026-05-08,2485.2,2501.6,2558.0,2432.1,34328.0
TIIL,2026-05-15,2477.0,2407.6,2625.0,2400.1,52390.0
TIIL,2026-05-22,2407.9,2606.9,2658.4,2401.0,119110.0
TIIL,2026-05-29,2615.0,2465.6,2725.0,2451.0,104437.0
TIIL,2026-06-05,2456.1,2505.6,2547.9,2355.0,52320.0
TIIL,2026-06-12,2491.4,2508.4,2555.0,2426.2,33460.0
TIIL,2026-06-19,2559.0,2616.7,2648.0,2482.0,77598.0
TIIL,2026-06-26,2621.1,2559.0,2658.0,2549.0,51645.0
TIIL,2026-07-03,2559.0,2509.8,2646.8,2471.0,32949.0
TIIL,2026-07-10,2532.4,2479.2,2579.8,2455.5,41953.0
TIIL,2026-07-17,2481.0,2538.3,2600.0,2436.7,42457.0
TIIL,2026-07-24,2558.0,2566.5,2708.0,2520.5,64174.0
TIIL,2026-07-31,2598.0,2580.5,2625.0,2522.0,23428.0
TIIL,2026-08-07,2580.0,2693.5,2749.0,2580.0,52724.0
TIIL,2026-08-14,2742.0,3088.7,3299.9,2575.0,1036999.0
TIIL,2026-08-21,3125.0,3318.8,3359.9,3061.0,445177.0
TIIL,2026-08-28,3388.0,3292.6,3565.3,3259.8,253483.0
TIIL,2026-09-04,3303.9,3194.6,3386.8,3152.3,169553.0
TIIL,2026-09-11,3194.0,3250.2,3300.0,3099.9,196311.0
TIIL,2026-09-18,3250.2,3054.1,3255.9,2988.4,142589.0
TIIL,2026-09-25,3050.0,3003.4,3155.3,2936.0,172831.0
TIMEX,2026-04-24,335.0,337.95,348.0,323.0,746813.0
TIMEX,2026-05-01,340.2,342.45,357.6,329.9,907118.0
TIMEX,2026-05-08,344.05,369.45,377.0,342.4,1182138.0
TIMEX,2026-05-15,360.5,348.8,374.0,332.3,622587.0
TIMEX,2026-05-22,345.4,378.95,386.25,332.0,1285059.0
TIMEX,2026-05-29,383.9,449.35,456.4,369.3,10483133.0
TIMEX,2026-06-05,458.05,437.95,465.0,425.1,2789995.0
TIMEX,2026-06-12,432.3,493.75,496.9,422.15,4082446.0
TIMEX,2026-06-19,498.7,518.7,522.9,472.6,2701221.0
TIMEX,2026-06-26,515.0,507.5,519.9,481.05,2105624.0
TIMEX,2026-07-03,511.5,524.45,543.0,503.55,2869610.0
TIMEX,2026-07-10,527.0,569.6,576.8,509.1,1673062.0
TIMEX,2026-07-17,570.0,534.0,591.8,525.0,1230508.0
TIMEX,2026-07-24,530.0,578.85,618.0,527.3,2812471.0
TIMEX,2026-07-31,589.1,532.05,609.8,515.0,2386517.0
TIMEX,2026-08-07,533.65,556.3,564.8,532.0,1077811.0
TIMEX,2026-08-14,557.0,524.65,574.85,522.2,1207479.0
TIMEX,2026-08-21,529.7,599.95,609.8,521.45,2194245.0
TIMEX,2026-08-28,603.95,653.75,657.0,584.1,2090911.0
TIMEX,2026-09-04,659.95,669.85,687.8,639.25,1671696.0
TIMEX,2026-09-11,672.1,631.7,672.15,599.0,2228359.0
TIMEX,2026-09-18,631.7,714.2,729.0,580.15,7409353.0
TIMEX,2026-09-25,714.2,732.05,748.0,700.0,2972193.0
TIPSMUSIC,2026-03-27,505.0,500.45,536.85,490.0,777059.0
TIPSMUSIC,2026-04-03,494.0,528.5,530.5,481.15,561217.0
TIPSMUSIC,2026-04-10,533.0,539.45,558.8,517.65,444901.0
TIPSMUSIC,2026-04-17,525.0,585.55,590.0,521.05,628166.0
TIPSMUSIC,2026-04-24,586.0,665.15,692.1,567.25,13035201.0
TIPSMUSIC,2026-05-01,670.0,649.7,688.15,642.45,1725560.0
TIPSMUSIC,2026-05-08,649.7,648.35,669.8,631.55,1528324.0
TIPSMUSIC,2026-05-15,640.1,646.65,670.0,616.85,1442066.0
TIPSMUSIC,2026-05-22,647.8,681.05,686.0,636.65,1142482.0
TIPSMUSIC,2026-05-29,691.1,662.45,692.0,640.0,1110491.0
TIPSMUSIC,2026-06-05,667.6,690.95,726.75,646.0,2304030.0
TIPSMUSIC,2026-06-12,678.0,640.25,683.05,630.3,903784.0
TIPSMUSIC,2026-06-19,654.9,653.0,661.95,632.05,645400.0
TIPSMUSIC,2026-06-26,653.0,637.85,670.95,634.35,504775.0
TIPSMUSIC,2026-07-03,634.4,684.65,693.95,620.5,1463782.0
TIPSMUSIC,2026-07-10,694.0,711.55,720.1,659.5,1836321.0
TIPSMUSIC,2026-07-17,711.0,669.0,724.75,652.5,1654609.0
TIPSMUSIC,2026-07-24,700.0,699.45,741.0,611.85,20051710.0
TIPSMUSIC,2026-07-31,705.1,668.05,717.5,656.15,1685683.0
TIPSMUSIC,2026-08-07,668.05,645.35,694.45,644.0,1529784.0
TIPSMUSIC,2026-08-14,642.1,670.9,683.85,637.05,1024421.0
TIPSMUSIC,2026-08-21,670.9,650.95,672.5,647.0,870542.0
TIPSMUSIC,2026-08-28,655.0,648.05,663.35,640.55,840733.0
TIPSMUSIC,2026-09-04,643.0,649.75,662.4,628.2,971277.0
TIPSMUSIC,2026-09-11,649.75,661.55,674.4,638.2,1399983.0
TIPSMUSIC,2026-09-18,661.55,657.7,668.0,644.15,1145767.0
TIPSMUSIC,2026-09-25,657.7,668.95,682.5,651.1,1197382.0
TORNTPHARM,2026-03-27,4270.3,4265.6,4339.9,4161.2,1410530.0
TORNTPHARM,2026-04-03,4222.9,3987.2,4333.0,3871.1,1793953.0
TORNTPHARM,2026-04-10,3987.2,4155.2,4160.0,3945.7,2056834.0
TORNTPHARM,2026-04-17,4116.6,4179.5,4235.0,4102.6,1868068.0
TORNTPHARM,2026-04-24,4215.0,4117.2,4215.0,4065.1,1716375.0
TORNTPHARM,2026-05-01,4125.0,4185.1,4281.4,4118.6,1176557.0
TORNTPHARM,2026-05-08,4223.2,4380.8,4436.8,4213.0,1037783.0
TORNTPHARM,2026-05-15,4406.3,4405.7,4555.1,4264.0,1705968.0
TORNTPHARM,2026-05-22,4357.0,4486.2,4535.0,4306.0,1426759.0
TORNTPHARM,2026-05-29,4525.0,4410.8,4712.9,4356.1,4733812.0
TORNTPHARM,2026-06-05,4438.1,4420.9,4453.5,4240.3,2763997.0
TORNTPHARM,2026-06-12,4350.0,4571.2,4666.0,4350.0,2217692.0
TORNTPHARM,2026-06-19,4600.0,4429.8,4600.0,4414.8,2202908.0
TORNTPHARM,2026-06-26,4454.2,4516.2,4566.8,4377.0,1689784.0
TORNTPHARM,2026-07-03,4516.2,4768.3,4783.0,4506.1,3309834.0
TORNTPHARM,2026-07-10,4770.1,4901.5,4948.0,4743.1,3255900.0
TORNTPHARM,2026-07-17,4898.7,4763.0,5085.8,4695.1,8795261.0
TORNTPHARM,2026-07-24,4750.0,4961.5,5078.5,4735.1,2223745.0
TORNTPHARM,2026-07-31,4985.0,5122.8,5140.7,4857.2,3811790.0
TORNTPHARM,2026-08-07,5250.0,4924.0,5250.0,4901.0,3106322.0
TORNTPHARM,2026-08-14,4928.5,4833.0,4981.5,4824.5,1778356.0
TORNTPHARM,2026-08-21,4828.0,4896.5,5044.5,4814.0,1603546.0
TORNTPHARM,2026-08-28,4896.5,5050.0,5050.0,4855.0,1145691.0
TORNTPHARM,2026-09-04,5048.0,4857.0,5066.0,4823.0,1801975.0
TORNTPHARM,2026-09-11,4857.0,4965.5,5000.0,4823.0,1106389.0
TORNTPHARM,2026-09-18,4965.5,4840.0,4965.5,4755.5,1942978.0
TORNTPHARM,2026-09-25,4860.0,4988.5,5010.0,4848.5,1557511.0
UNIMECH,2026-03-27,775.15,731.85,800.45,725.45,897616.0
UNIMECH,2026-04-03,735.0,732.1,750.0,695.0,337696.0
UNIMECH,2026-04-10,733.0,856.65,856.65,715.0,669910.0
UNIMECH,2026-04-17,850.05,968.85,980.0,834.4,942026.0
UNIMECH,2026-04-24,960.0,994.9,1051.95,941.0,763037.0
UNIMECH,2026-05-01,1014.95,1002.4,1120.0,992.3,772678.0
UNIMECH,2026-05-08,1014.9,1043.9,1083.0,985.0,285237.0
UNIMECH,2026-05-15,1043.0,941.2,1043.0,936.0,198354.0
UNIMECH,2026-05-22,941.0,936.0,975.4,908.7,187250.0
UNIMECH,2026-05-29,946.9,939.0,999.7,934.4,363762.0
UNIMECH,2026-06-05,939.0,1078.25,1145.0,924.0,808855.0
UNIMECH,2026-06-12,1050.0,1159.55,1199.95,1026.05,1280098.0
UNIMECH,2026-06-19,1174.4,1197.65,1224.95,1125.0,844147.0
UNIMECH,2026-06-26,1207.1,1135.4,1239.15,1125.0,499940.0
UNIMECH,2026-07-03,1139.4,1155.4,1205.9,1065.6,816980.0
UNIMECH,2026-07-10,1155.4,1185.0,1250.0,1145.2,701365.0
UNIMECH,2026-07-17,1182.9,1282.8,1323.0,1152.3,1209760.0
UNIMECH,2026-07-24,1289.0,1237.4,1304.0,1190.0,496876.0
UNIMECH,2026-07-31,1241.0,1235.9,1250.7,1165.1,349866.0
UNIMECH,2026-08-07,1265.9,1446.7,1459.9,1235.9,2716483.0
UNIMECH,2026-08-14,1459.9,1522.6,1555.0,1405.4,1279279.0
UNIMECH,2026-08-21,1545.0,1491.4,1552.9,1470.0,848135.0
UNIMECH,2026-08-28,1491.4,1503.1,1529.0,1435.0,835792.0
UNIMECH,2026-09-04,1500.0,1502.7,1550.5,1421.2,872505.0
UNIMECH,2026-09-11,1513.0,1610.0,1652.8,1489.0,1937260.0
UNIMECH,2026-09-18,1610.0,1591.3,1631.4,1430.1,1180208.0
UNIMECH,2026-09-25,1591.3,1665.1,1868.2,1570.0,2162728.0
UNOMINDA,2026-03-27,1053.1,1048.7,1104.0,1010.0,3763243.0
UNOMINDA,2026-04-03,1029.0,1025.4,1061.0,1003.3,3388472.0
UNOMINDA,2026-04-10,1033.9,1078.0,1100.5,1013.9,4865570.0
UNOMINDA,2026-04-17,1056.1,1097.8,1117.8,1044.0,4644007.0
UNOMINDA,2026-04-24,1097.8,1108.1,1160.3,1071.2,6341938.0
UNOMINDA,2026-05-01,1108.1,1112.5,1165.0,1099.1,2424968.0
UNOMINDA,2026-05-08,1123.5,1178.9,1189.7,1066.3,4772179.0
UNOMINDA,2026-05-15,1164.9,1121.8,1180.1,1102.1,3856945.0
UNOMINDA,2026-05-22,1122.6,1089.3,1161.5,1007.5,8457054.0
UNOMINDA,2026-05-29,1100.0,1101.7,1136.8,1095.3,3527785.0
UNOMINDA,2026-06-05,1106.0,1090.0,1113.9,1057.2,4176928.0
UNOMINDA,2026-06-12,1084.2,1057.7,1097.4,1031.3,4446343.0
UNOMINDA,2026-06-19,1078.6,1115.6,1137.7,1071.5,3212799.0
UNOMINDA,2026-06-26,1119.9,1136.5,1153.9,1089.0,3952598.0
UNOMINDA,2026-07-03,1140.0,1126.1,1149.3,1067.7,4344006.0
UNOMINDA,2026-07-10,1135.1,1166.1,1179.9,1100.0,6094004.0
UNOMINDA,2026-07-17,1150.0,1154.8,1172.0,1119.0,3472025.0
UNOMINDA,2026-07-24,1155.0,1127.0,1166.6,1101.1,3406736.0
UNOMINDA,2026-07-31,1139.9,1180.5,1188.0,1135.0,3942553.0
UNOMINDA,2026-08-07,1195.0,1285.0,1292.1,1185.0,6576435.0
UNOMINDA,2026-08-14,1291.3,1240.0,1298.3,1230.1,2796159.0
UNOMINDA,2026-08-21,1246.0,1265.0,1288.0,1235.9,3446017.0
UNOMINDA,2026-08-28,1261.6,1276.0,1285.0,1240.5,3756336.0
UNOMINDA,2026-09-04,1276.0,1249.7,1307.5,1228.3,4675429.0
UNOMINDA,2026-09-11,1245.0,1201.6,1252.1,1199.5,2176868.0
UNOMINDA,2026-09-18,1201.6,1284.0,1284.0,1159.7,2592767.0
UNOMINDA,2026-09-25,1259.9,1218.0,1259.9,1212.3,2494484.0
USHAMART,2026-03-27,397.8,408.0,419.1,380.0,2062399.0
USHAMART,2026-04-03,400.0,405.55,410.2,389.0,855732.0
USHAMART,2026-04-10,404.5,440.85,443.1,402.2,1497802.0
USHAMART,2026-04-17,426.95,448.8,452.55,422.1,1060572.0
USHAMART,2026-04-24,451.35,444.0,461.0,436.25,1979831.0
USHAMART,2026-05-01,446.9,451.8,472.0,446.1,7507175.0
USHAMART,2026-05-08,463.9,472.85,490.0,446.75,5711199.0
USHAMART,2026-05-15,472.95,472.95,489.4,455.1,4437977.0
USHAMART,2026-05-22,469.8,465.7,474.3,455.0,1660225.0
USHAMART,2026-05-29,468.05,506.05,518.0,468.05,7772591.0
USHAMART,2026-06-05,506.0,513.1,527.5,485.25,3750651.0
USHAMART,2026-06-12,508.0,486.5,508.0,473.45,1708349.0
USHAMART,2026-06-19,493.1,476.05,505.4,470.9,3298886.0
USHAMART,2026-06-26,472.9,473.1,484.0,460.0,1776614.0
USHAMART,2026-07-03,478.0,514.1,517.5,476.65,3954410.0
USHAMART,2026-07-10,517.9,510.1,519.85,486.0,1909610.0
USHAMART,2026-07-17,510.1,494.95,516.8,485.0,1733230.0
USHAMART,2026-07-24,494.95,495.7,510.4,488.8,1380315.0
USHAMART,2026-07-31,495.7,495.95,527.0,493.1,5443683.0
USHAMART,2026-08-07,503.0,515.05,524.8,498.0,2699567.0
USHAMART,2026-08-14,517.4,487.95,524.4,486.1,1697806.0
USHAMART,2026-08-21,491.85,481.3,507.0,477.8,2203101.0
USHAMART,2026-08-28,481.3,492.45,498.8,479.0,1649956.0
USHAMART,2026-09-04,493.9,514.15,529.3,485.85,8942828.0
USHAMART,2026-09-11,514.15,494.5,515.1,487.05,3566373.0
USHAMART,2026-09-18,494.5,507.2,511.0,464.15,4370026.0
USHAMART,2026-09-25,510.0,518.8,542.6,505.2,8787139.0
VIJAYA,2026-03-27,890.0,870.3,909.0,866.2,266111.0
VIJAYA,2026-04-03,865.0,897.05,903.75,848.0,316525.0
VIJAYA,2026-04-10,897.0,981.8,990.05,877.7,842759.0
VIJAYA,2026-04-17,970.0,1022.55,1051.25,954.15,466824.0
VIJAYA,2026-04-24,1030.0,1065.55,1070.0,997.8,897081.0
VIJAYA,2026-05-01,1080.0,1129.6,1135.0,1065.55,1140426.0
VIJAYA,2026-05-08,1139.0,1278.9,1299.9,1136.0,2403994.0
VIJAYA,2026-05-15,1280.0,1329.2,1379.3,1258.3,2974417.0
VIJAYA,2026-05-22,1325.0,1227.1,1374.0,1221.4,1264257.0
VIJAYA,2026-05-29,1240.0,1308.5,1322.1,1212.0,821416.0
VIJAYA,2026-06-05,1318.6,1372.4,1427.8,1224.5,2095296.0
VIJAYA,2026-06-12,1339.9,1287.2,1359.9,1252.0,869844.0
VIJAYA,2026-06-19,1300.0,1364.2,1390.0,1270.0,960113.0
VIJAYA,2026-06-26,1371.0,1367.8,1383.1,1280.1,1112952.0
VIJAYA,2026-07-03,1370.8,1365.2,1414.9,1285.2,3826945.0
VIJAYA,2026-07-10,1365.2,1389.1,1399.0,1303.2,933661.0
VIJAYA,2026-07-17,1389.0,1341.3,1440.0,1309.5,1671716.0
VIJAYA,2026-07-24,1341.1,1313.9,1379.4,1291.0,574775.0
VIJAYA,2026-07-31,1322.0,1344.4,1375.0,1308.2,540277.0
VIJAYA,2026-08-07,1342.0,1351.1,1433.0,1334.6,1070931.0
VIJAYA,2026-08-14,1352.4,1474.1,1573.0,1352.4,2523874.0
VIJAYA,2026-08-21,1469.9,1504.4,1521.3,1466.8,426151.0
VIJAYA,2026-08-28,1508.0,1452.5,1508.0,1440.0,600002.0
VIJAYA,2026-09-04,1452.5,1493.2,1530.0,1450.1,727784.0
VIJAYA,2026-09-11,1493.2,1502.0,1578.0,1466.1,932016.0
VIJAYA,2026-09-18,1502.0,1558.9,1569.0,1380.0,747796.0
VIJAYA,2026-09-25,1555.3,1513.6,1593.6,1504.0,623750.0
VOLTAMP,2026-03-27,8501.0,8439.0,8730.0,8203.0,103319.0
VOLTAMP,2026-04-03,8400.0,9170.5,9190.0,8252.0,135948.0
VOLTAMP,2026-04-10,9244.0,9311.5,9581.0,8890.0,196537.0
VOLTAMP,2026-04-17,9120.0,10145.0,10210.0,9091.0,335108.0
VOLTAMP,2026-04-24,10205.0,10768.5,11295.0,10188.0,507592.0
VOLTAMP,2026-05-01,11001.0,11742.0,11998.0,10983.5,355555.0
VOLTAMP,2026-05-08,11900.0,9535.0,12863.0,9340.0,1385705.0
VOLTAMP,2026-05-15,9361.0,9501.0,9597.0,9084.0,332992.0
VOLTAMP,2026-05-22,9500.0,9134.0,9500.0,8950.0,267731.0
VOLTAMP,2026-05-29,9170.0,9497.0,9620.0,9121.0,173339.0
VOLTAMP,2026-06-05,9485.0,9884.5,10044.0,9082.0,231471.0
VOLTAMP,2026-06-12,9800.0,9719.5,10143.0,9500.0,261208.0
VOLTAMP,2026-06-19,9935.0,10237.5,10430.0,9850.0,155702.0
VOLTAMP,2026-06-26,10262.0,10304.0,11144.0,10230.0,237121.0
VOLTAMP,2026-07-03,10326.5,9702.0,10599.0,9614.0,182882.0
VOLTAMP,2026-07-10,9650.0,9562.0,9932.0,9358.0,76027.0
VOLTAMP,2026-07-17,9544.0,9522.0,9560.0,9270.0,218925.0
VOLTAMP,2026-07-24,9521.0,9180.0,9635.0,9110.0,76667.0
VOLTAMP,2026-07-31,9219.0,9923.0,10585.0,9078.0,771195.0
VOLTAMP,2026-08-07,10215.0,9965.0,10425.0,9767.5,292962.0
VOLTAMP,2026-08-14,10138.5,10141.0,10350.0,9975.0,123657.0
VOLTAMP,2026-08-21,10150.0,10869.5,10989.0,9950.0,216045.0
VOLTAMP,2026-08-28,11000.0,11038.5,11699.0,10670.0,286785.0
VOLTAMP,2026-09-04,11127.0,11418.0,11550.0,10605.0,174062.0
VOLTAMP,2026-09-11,11500.0,11217.0,11502.0,10672.0,121473.0
VOLTAMP,2026-09-18,11217.0,10879.0,11255.0,10259.0,88955.0
VOLTAMP,2026-09-25,10825.0,10709.0,11094.0,10550.0,54406.0
VSSL,2026-03-27,230.0,218.85,239.9,216.0,203878.0
VSSL,2026-04-03,217.65,226.0,228.48,206.4,169783.0
VSSL,2026-04-10,221.0,243.17,245.99,221.0,295959.0
VSSL,2026-04-17,238.51,256.64,262.14,235.5,209913.0
VSSL,2026-04-24,258.0,263.1,273.5,251.2,269908.0
VSSL,2026-05-01,264.41,278.69,306.3,261.33,5363743.0
VSSL,2026-05-08,278.7,275.0,287.35,268.95,333217.0
VSSL,2026-05-15,275.0,280.3,287.55,261.1,325826.0
VSSL,2026-05-22,278.25,272.55,282.45,269.0,152394.0
VSSL,2026-05-29,276.0,268.2,277.0,266.15,117326.0
VSSL,2026-06-05,273.95,275.45,278.7,266.25,185623.0
VSSL,2026-06-12,275.7,276.15,281.0,260.05,267750.0
VSSL,2026-06-19,277.35,281.55,293.7,275.1,305367.0
VSSL,2026-06-26,280.0,282.9,291.6,278.15,158734.0
VSSL,2026-07-03,283.0,274.35,284.4,271.35,127440.0
VSSL,2026-07-10,274.35,276.35,277.45,266.0,140250.0
VSSL,2026-07-17,277.0,298.35,308.7,277.0,1391440.0
VSSL,2026-07-24,298.95,296.25,325.85,288.85,2354657.0
VSSL,2026-07-31,297.8,304.75,312.0,290.05,460967.0
VSSL,2026-08-07,312.2,341.85,349.5,300.6,2325622.0
VSSL,2026-08-14,347.0,353.35,356.0,325.65,1330577.0
VSSL,2026-08-21,358.65,348.7,375.95,346.25,931790.0
VSSL,2026-08-28,348.7,348.55,370.8,341.3,708255.0
VSSL,2026-09-04,349.9,364.15,374.4,345.55,585788.0
VSSL,2026-09-11,363.9,397.45,423.85,351.3,9148629.0
VSSL,2026-09-18,397.45,404.7,428.25,379.15,1217091.0
VSSL,2026-09-25,404.7,411.5,418.35,390.05,535675.0
WABAG,2026-03-27,1224.5,1200.5,1278.0,1167.5,1617064.0
WABAG,2026-04-03,1185.0,1239.6,1250.0,1152.0,862281.0
WABAG,2026-04-10,1235.0,1355.5,1366.0,1208.6,1393324.0
WABAG,2026-04-17,1325.0,1389.5,1460.0,1301.5,2870832.0
WABAG,2026-04-24,1400.0,1493.3,1528.7,1382.4,3337785.0
WABAG,2026-05-01,1505.8,1509.6,1559.0,1446.2,1380160.0
WABAG,2026-05-08,1514.1,1478.0,1521.1,1470.2,826855.0
WABAG,2026-05-15,1460.0,1386.1,1470.2,1353.0,1115918.0
WABAG,2026-05-22,1370.0,1431.4,1480.0,1326.3,2200884.0
WABAG,2026-05-29,1468.0,1527.8,1584.9,1442.1,2479901.0
WABAG,2026-06-05,1531.0,1600.4,1609.9,1523.0,1685011.0
WABAG,2026-06-12,1593.0,1577.8,1603.3,1510.0,1237968.0
WABAG,2026-06-19,1620.4,1983.6,2009.7,1612.1,7900581.0
WABAG,2026-06-26,2014.9,2110.8,2188.0,1972.6,5623631.0
WABAG,2026-07-03,2100.0,2080.9,2217.0,1985.0,5648623.0
WABAG,2026-07-10,2088.8,2221.2,2248.0,2035.0,5779429.0
WABAG,2026-07-17,2210.0,1991.1,2253.5,1966.3,3838026.0
WABAG,2026-07-24,2040.4,2041.2,2138.2,2011.0,2965016.0
WABAG,2026-07-31,2055.0,1977.2,2069.0,1856.0,3818573.0
WABAG,2026-08-07,1987.3,1957.7,2027.0,1944.0,1808001.0
WABAG,2026-08-14,1960.0,1904.6,1985.0,1861.9,2409438.0
WABAG,2026-08-21,1930.0,2003.3,2070.0,1876.4,3149126.0
WABAG,2026-08-28,2008.0,2086.1,2215.0,1986.1,4979502.0
WABAG,2026-09-04,2085.0,2005.3,2085.0,1948.9,2343602.0
WABAG,2026-09-11,2029.0,2277.9,2319.0,1985.3,6479691.0
WABAG,2026-09-18,2277.9,2132.6,2289.0,2010.1,2743378.0
WABAG,2026-09-25,2126.0,2008.4,2155.7,1991.1,1967238.0
WELSPUNLIV,2026-03-27,112.62,116.46,117.84,107.5,8830977.0
WELSPUNLIV,2026-04-03,115.01,115.97,117.0,107.1,6000069.0
WELSPUNLIV,2026-04-10,115.4,123.07,125.1,113.31,6029397.0
WELSPUNLIV,2026-04-17,120.1,125.42,127.25,118.51,4130946.0
WELSPUNLIV,2026-04-24,126.1,130.16,136.45,124.0,9788347.0
WELSPUNLIV,2026-05-01,131.9,128.96,134.85,127.33,4052680.0
WELSPUNLIV,2026-05-08,129.07,133.8,139.0,127.3,11500850.0
WELSPUNLIV,2026-05-15,133.11,141.02,141.8,128.8,19984881.0
WELSPUNLIV,2026-05-22,141.0,139.2,145.8,135.0,12166881.0
WELSPUNLIV,2026-05-29,139.85,137.97,141.99,137.3,3638882.0
WELSPUNLIV,2026-06-05,142.73,143.13,146.0,141.47,10471237.0
WELSPUNLIV,2026-06-12,140.6,138.54,145.11,133.34,6605248.0
WELSPUNLIV,2026-06-19,141.0,162.23,165.5,139.5,37545171.0
WELSPUNLIV,2026-06-26,162.05,167.32,171.0,159.0,26179942.0
WELSPUNLIV,2026-07-03,167.0,170.93,171.99,158.31,15123784.0
WELSPUNLIV,2026-07-10,171.4,166.17,173.4,161.8,9422667.0
WELSPUNLIV,2026-07-17,165.0,164.4,174.97,160.1,13211230.0
WELSPUNLIV,2026-07-24,164.22,162.0,166.9,160.31,5751145.0
WELSPUNLIV,2026-07-31,162.8,155.94,168.63,155.21,5328698.0
WELSPUNLIV,2026-08-07,156.0,164.09,169.7,152.98,10593896.0
WELSPUNLIV,2026-08-14,164.0,164.06,178.0,159.01,80519280.0
WELSPUNLIV,2026-08-21,165.05,189.22,191.47,164.9,102837647.0
WELSPUNLIV,2026-08-28,190.32,190.46,195.35,187.5,15392522.0
WELSPUNLIV,2026-09-04,189.0,208.51,209.93,187.31,22491010.0
WELSPUNLIV,2026-09-11,210.0,207.68,216.0,203.52,22083062.0
WELSPUNLIV,2026-09-18,207.68,214.66,216.0,195.7,16867959.0
WELSPUNLIV,2026-09-25,215.0,224.68,233.0,214.28,27544509.0
WOCKPHARMA,2026-03-27,1164.9,1189.5,1246.5,1086.7,5054031.0
WOCKPHARMA,2026-04-03,1186.0,1271.5,1283.5,1162.1,2924771.0
WOCKPHARMA,2026-04-10,1270.0,1343.8,1406.4,1238.0,2901718.0
WOCKPHARMA,2026-04-17,1326.1,1395.3,1410.6,1307.5,2434014.0
WOCKPHARMA,2026-04-24,1395.3,1405.2,1532.0,1372.0,3674067.0
WOCKPHARMA,2026-05-01,1412.2,1395.6,1452.0,1382.0,1905481.0
WOCKPHARMA,2026-05-08,1400.0,1606.5,1778.0,1400.0,44822057.0
WOCKPHARMA,2026-05-15,1613.9,1545.9,1660.0,1505.0,6444030.0
WOCKPHARMA,2026-05-22,1540.0,1575.4,1655.9,1522.6,5455803.0
WOCKPHARMA,2026-05-29,1591.6,2031.4,2097.4,1571.0,19379453.0
WOCKPHARMA,2026-06-05,2377.0,1920.9,2422.3,1907.1,32559718.0
WOCKPHARMA,2026-06-12,1900.0,1938.0,1978.0,1820.0,10899176.0
WOCKPHARMA,2026-06-19,1951.0,2011.1,2120.0,1888.8,8815087.0
WOCKPHARMA,2026-06-26,2014.0,1965.2,2073.5,1951.0,4069605.0
WOCKPHARMA,2026-07-03,1972.1,1938.5,1994.0,1876.6,3707464.0
WOCKPHARMA,2026-07-10,1938.0,1810.7,1945.9,1798.4,2833532.0
WOCKPHARMA,2026-07-17,1805.0,1900.7,1919.9,1792.4,3508492.0
WOCKPHARMA,2026-07-24,1902.9,1849.2,1950.0,1825.7,2886303.0
WOCKPHARMA,2026-07-31,1855.9,1959.7,1966.0,1843.7,2325667.0
WOCKPHARMA,2026-08-07,1967.0,2021.0,2067.7,1941.0,3959432.0
WOCKPHARMA,2026-08-14,2029.9,1932.7,2056.9,1840.0,4576141.0
WOCKPHARMA,2026-08-21,1928.5,1886.3,1937.0,1814.4,2139920.0
WOCKPHARMA,2026-08-28,1888.0,1977.1,2045.0,1867.7,3650127.0
WOCKPHARMA,2026-09-04,1974.9,2088.7,2108.5,1833.3,6658635.0
WOCKPHARMA,2026-09-11,2112.5,2179.4,2272.9,2076.2,8861947.0
WOCKPHARMA,2026-09-18,2179.4,2086.1,2193.8,1967.3,3275443.0
WOCKPHARMA,2026-09-25,2096.0,2265.6,2360.0,2090.0,8126883.0
ZYDUSLIFE,2026-03-27,890.45,896.7,914.0,858.0,2604949.0
ZYDUSLIFE,2026-04-03,885.0,864.25,900.0,835.5,2907508.0
ZYDUSLIFE,2026-04-10,870.0,915.4,917.0,853.05,3269714.0
ZYDUSLIFE,2026-04-17,902.7,943.95,948.0,893.4,2181265.0
ZYDUSLIFE,2026-04-24,945.0,927.4,962.9,921.7,3462673.0
ZYDUSLIFE,2026-05-01,929.6,891.9,953.9,890.4,4295740.0
ZYDUSLIFE,2026-05-08,895.0,940.05,953.0,893.15,3426720.0
ZYDUSLIFE,2026-05-15,940.0,1011.7,1018.8,925.1,8970159.0
ZYDUSLIFE,2026-05-22,1010.0,1038.95,1093.65,987.85,23892773.0
ZYDUSLIFE,2026-05-29,1049.8,1077.7,1115.5,1041.5,11008524.0
ZYDUSLIFE,2026-06-05,1081.0,1089.0,1108.9,1048.9,7312677.0
ZYDUSLIFE,2026-06-12,1080.1,1104.7,1119.8,1076.2,4328737.0
ZYDUSLIFE,2026-06-19,1110.0,1070.8,1112.1,1053.8,6892317.0
ZYDUSLIFE,2026-06-26,1070.5,1101.4,1126.0,1064.6,6207241.0
ZYDUSLIFE,2026-07-03,1104.7,1140.6,1142.9,1095.1,7128810.0
ZYDUSLIFE,2026-07-10,1145.0,1150.8,1181.5,1131.6,7866956.0
ZYDUSLIFE,2026-07-17,1142.9,1143.7,1169.7,1126.6,6896885.0
ZYDUSLIFE,2026-07-24,1140.7,1108.7,1166.7,1099.0,4906279.0
ZYDUSLIFE,2026-07-31,1111.9,1126.8,1134.3,1095.2,3970690.0
ZYDUSLIFE,2026-08-07,1135.0,1114.2,1135.9,1093.2,4820152.0
ZYDUSLIFE,2026-08-14,1115.0,1135.2,1205.0,1112.5,16098337.0
ZYDUSLIFE,2026-08-21,1135.0,1120.0,1154.5,1099.4,5986582.0
ZYDUSLIFE,2026-08-28,1112.7,1191.0,1198.9,1092.6,7870850.0
ZYDUSLIFE,2026-09-04,1187.0,1120.0,1187.0,1120.0,5424988.0
ZYDUSLIFE,2026-09-11,1114.2,1119.1,1167.7,1104.6,7278081.0
ZYDUSLIFE,2026-09-18,1119.1,1160.0,1167.3,1086.0,5087376.0
ZYDUSLIFE,2026-09-25,1155.0,1203.9,1208.6,1152.1,7154138.0
