Symbol,Date,Open,Close,High,Low,Volume
3MINDIA,2026-04-17,31700.0,31410.0,31700.0,31260.0,3143
3MINDIA,2026-04-20,31320.0,31480.0,31750.0,30910.0,2882
3MINDIA,2026-04-21,31480.0,31585.0,31730.0,31395.0,4818
3MINDIA,2026-04-22,31700.0,32550.0,33055.0,31680.0,22561
3MINDIA,2026-04-23,32800.0,33135.0,33260.0,32485.0,4350
3MINDIA,2026-04-24,33135.0,32635.0,33235.0,32230.0,3764
3MINDIA,2026-04-27,32660.0,33630.0,33895.0,32660.0,4834
3MINDIA,2026-04-28,33600.0,33260.0,33880.0,33000.0,4763
3MINDIA,2026-04-29,33585.0,33175.0,33800.0,32720.0,6423
3MINDIA,2026-04-30,33125.0,33300.0,33490.0,32770.0,1816
3MINDIA,2026-05-04,33300.0,33080.0,33640.0,32845.0,2157
3MINDIA,2026-05-05,32890.0,32425.0,33115.0,32370.0,2636
3MINDIA,2026-05-06,32505.0,32525.0,32795.0,31995.0,2929
3MINDIA,2026-05-07,32500.0,32650.0,32960.0,32445.0,1677
3MINDIA,2026-05-08,32700.0,32045.0,32700.0,32000.0,2139
3MINDIA,2026-05-11,32040.0,31680.0,32200.0,31340.0,2752
3MINDIA,2026-05-12,31675.0,31000.0,31700.0,30930.0,2770
3MINDIA,2026-05-13,30790.0,31070.0,31930.0,30790.0,1265
3MINDIA,2026-05-14,31225.0,31195.0,31360.0,30850.0,1100
3MINDIA,2026-05-15,31350.0,31245.0,31595.0,31120.0,953
3MINDIA,2026-05-18,31000.0,31705.0,31795.0,30280.0,3861
3MINDIA,2026-05-19,31700.0,31810.0,32275.0,31600.0,3651
3MINDIA,2026-05-20,31700.0,31140.0,31700.0,31000.0,2801
3MINDIA,2026-05-21,31425.0,32200.0,32650.0,30800.0,9817
3MINDIA,2026-05-22,32500.0,33315.0,34545.0,32350.0,49022
3MINDIA,2026-05-25,33950.0,33615.0,34300.0,33185.0,13508
3MINDIA,2026-05-26,34180.0,33100.0,34180.0,33000.0,5962
3MINDIA,2026-05-27,33250.0,33225.0,33610.0,33110.0,2695
3MINDIA,2026-05-28,33225.0,33225.0,33225.0,33225.0,0
3MINDIA,2026-05-29,33245.0,32810.0,33475.0,32510.0,4786
3MINDIA,2026-06-01,33090.0,32560.0,33200.0,32350.0,3108
3MINDIA,2026-06-02,32400.0,32610.0,32850.0,32390.0,1573
3MINDIA,2026-06-03,32520.0,32445.0,32700.0,32210.0,1512
3MINDIA,2026-06-04,32445.0,32290.0,32810.0,32060.0,2629
3MINDIA,2026-06-05,32580.0,31995.0,32580.0,31800.0,2208
3MINDIA,2026-06-08,31800.0,31540.0,31970.0,31500.0,2108
3MINDIA,2026-06-09,31925.0,31785.0,32095.0,31620.0,1671
3MINDIA,2026-06-10,31850.0,31580.0,31990.0,31530.0,1234
3MINDIA,2026-06-11,31600.0,31165.0,31985.0,31010.0,1740
3MINDIA,2026-06-12,31550.0,31550.0,31695.0,31255.0,1149
3MINDIA,2026-06-15,31750.0,31665.0,32195.0,31575.0,2529
3MINDIA,2026-06-16,31690.0,32300.0,32615.0,31435.0,4732
3MINDIA,2026-06-17,32300.0,33060.0,33200.0,32175.0,3525
3MINDIA,2026-06-18,33000.0,33250.0,33405.0,32750.0,3182
3MINDIA,2026-06-19,33250.0,33125.0,33400.0,32805.0,2784
3MINDIA,2026-06-22,33350.0,33325.0,33455.0,33160.0,1870
3MINDIA,2026-06-23,33320.0,33615.0,34295.0,33110.0,6739
3MINDIA,2026-06-24,33600.0,33535.0,33690.0,33310.0,1711
3MINDIA,2026-06-25,33540.0,33380.0,33780.0,33315.0,1511
3MINDIA,2026-06-26,33380.0,33380.0,33380.0,33380.0,0
3MINDIA,2026-06-29,33380.0,32710.0,34275.0,32330.0,10449
3MINDIA,2026-06-30,33050.0,32900.0,34250.0,32605.0,7444
3MINDIA,2026-07-01,33100.0,33435.0,33710.0,33040.0,4012
3MINDIA,2026-07-02,33500.0,33960.0,34150.0,33320.0,2869
3MINDIA,2026-07-03,34105.0,35235.0,35360.0,33800.0,13634
3MINDIA,2026-07-06,35235.0,35210.0,35325.0,34875.0,2986
3MINDIA,2026-07-07,35200.0,35260.0,35500.0,34975.0,2587
3MINDIA,2026-07-08,35205.0,34255.0,35495.0,33905.0,3946
3MINDIA,2026-07-09,34300.0,34745.0,35470.0,34300.0,6446
3MINDIA,2026-07-10,35200.0,35370.0,35450.0,34850.0,2908
3MINDIA,2026-07-13,35300.0,36430.0,36585.0,35140.0,6108
3MINDIA,2026-07-14,36000.0,36540.0,36690.0,36000.0,6617
3MINDIA,2026-07-15,36700.0,35930.0,36880.0,35800.0,9149
3MINDIA,2026-07-16,35900.0,35445.0,36395.0,35330.0,5146
3MINDIA,2026-07-17,34900.0,34870.0,35240.0,34710.0,3002
AARTIIND,2026-04-17,438.0,440.85,442.5,433.25,784672
AARTIIND,2026-04-20,442.8,445.65,448.0,436.1,1043972
AARTIIND,2026-04-21,448.7,451.2,455.6,445.05,777552
AARTIIND,2026-04-22,450.1,470.4,472.6,448.5,1546893
AARTIIND,2026-04-23,468.0,465.9,480.2,463.6,1134203
AARTIIND,2026-04-24,470.3,472.75,476.35,458.55,1186898
AARTIIND,2026-04-27,478.0,488.75,498.35,477.1,2652810
AARTIIND,2026-04-28,492.7,501.7,506.4,488.1,2532481
AARTIIND,2026-04-29,505.0,502.35,512.4,499.55,1281597
AARTIIND,2026-04-30,500.0,507.5,510.05,495.9,1493230
AARTIIND,2026-05-01,507.5,507.5,507.5,507.5,0
AARTIIND,2026-05-04,513.0,513.1,523.1,509.0,1790712
AARTIIND,2026-05-05,513.05,488.0,513.1,475.55,5630640
AARTIIND,2026-05-06,492.2,497.85,506.2,482.0,2449234
AARTIIND,2026-05-07,496.75,488.15,498.2,484.0,1279678
AARTIIND,2026-05-08,485.0,485.45,490.55,484.1,577067
AARTIIND,2026-05-11,482.0,487.45,498.0,475.0,1328699
AARTIIND,2026-05-12,487.0,468.5,489.3,461.15,977232
AARTIIND,2026-05-13,466.0,468.55,476.0,465.6,558217
AARTIIND,2026-05-14,469.05,468.0,472.55,458.25,816432
AARTIIND,2026-05-15,468.0,466.25,470.0,463.4,313785
AARTIIND,2026-05-18,461.0,461.2,463.0,440.6,1412238
AARTIIND,2026-05-19,460.0,469.25,471.6,458.0,432987
AARTIIND,2026-05-20,465.0,463.35,469.45,460.2,327354
AARTIIND,2026-05-21,465.7,482.75,484.8,465.7,1122452
AARTIIND,2026-05-22,482.0,476.2,482.05,473.25,583874
AARTIIND,2026-05-25,479.0,482.6,487.9,477.9,418896
AARTIIND,2026-05-26,482.35,491.0,501.3,480.5,1151979
AARTIIND,2026-05-27,491.95,500.75,501.4,490.0,736246
AARTIIND,2026-05-28,500.75,500.75,500.75,500.75,0
AARTIIND,2026-05-29,500.75,475.0,501.4,470.6,807914
AARTIIND,2026-06-01,474.9,470.9,478.8,465.15,549432
AARTIIND,2026-06-02,469.0,469.75,472.45,463.35,347545
AARTIIND,2026-06-03,470.0,463.8,471.45,454.45,638355
AARTIIND,2026-06-04,463.75,460.1,465.45,458.6,410526
AARTIIND,2026-06-05,461.4,458.05,462.1,454.5,639930
AARTIIND,2026-06-08,452.0,432.55,454.95,430.0,782367
AARTIIND,2026-06-09,433.0,440.4,442.95,431.35,449383
AARTIIND,2026-06-10,440.4,433.65,442.4,431.0,333323
AARTIIND,2026-06-11,433.65,427.85,433.95,424.0,387454
AARTIIND,2026-06-12,430.9,440.6,443.95,427.8,492977
AARTIIND,2026-06-15,448.0,498.15,504.9,448.0,18246113
AARTIIND,2026-06-16,495.55,496.7,502.0,482.5,3795978
AARTIIND,2026-06-17,496.7,479.2,497.45,477.3,1674997
AARTIIND,2026-06-18,481.2,486.45,494.4,479.35,1047043
AARTIIND,2026-06-19,485.0,484.5,489.0,478.05,665082
AARTIIND,2026-06-22,485.25,486.2,494.5,485.05,741419
AARTIIND,2026-06-23,486.2,473.6,492.0,472.0,776441
AARTIIND,2026-06-24,475.0,466.55,477.0,463.7,970827
AARTIIND,2026-06-25,466.5,466.05,471.0,461.5,959069
AARTIIND,2026-06-26,466.05,466.05,466.05,466.05,0
AARTIIND,2026-06-29,466.05,457.2,467.7,455.0,919953
AARTIIND,2026-06-30,457.0,458.3,462.55,454.5,477975
AARTIIND,2026-07-01,461.0,467.6,473.65,458.3,577582
AARTIIND,2026-07-02,468.0,482.05,488.0,468.0,1032310
AARTIIND,2026-07-03,485.0,487.7,489.7,479.15,610187
AARTIIND,2026-07-06,485.3,488.5,501.0,483.9,1099353
AARTIIND,2026-07-07,490.0,478.45,490.05,477.0,350717
AARTIIND,2026-07-08,478.0,465.5,480.75,462.05,350722
AARTIIND,2026-07-09,465.55,467.95,475.9,465.55,357128
AARTIIND,2026-07-10,470.0,484.1,495.85,470.0,1096250
AARTIIND,2026-07-13,482.45,484.3,488.4,477.05,476780
AARTIIND,2026-07-14,480.8,483.05,491.95,478.35,520204
AARTIIND,2026-07-15,486.55,500.7,510.9,483.45,4186186
AARTIIND,2026-07-16,502.0,504.75,506.55,497.25,1116370
AARTIIND,2026-07-17,504.6,493.95,507.1,484.7,999288
ABBOTINDIA,2026-04-17,25990.0,25785.0,25990.0,25550.0,15053
ABBOTINDIA,2026-04-20,25890.0,25550.0,25890.0,25500.0,14619
ABBOTINDIA,2026-04-21,25610.0,25385.0,25690.0,25340.0,12807
ABBOTINDIA,2026-04-22,25400.0,25420.0,25760.0,25380.0,42549
ABBOTINDIA,2026-04-23,25440.0,25410.0,25675.0,25350.0,10085
ABBOTINDIA,2026-04-24,25390.0,25180.0,25510.0,25150.0,7767
ABBOTINDIA,2026-04-27,25320.0,25425.0,25560.0,25180.0,50411
ABBOTINDIA,2026-04-28,25425.0,25345.0,25600.0,25200.0,8029
ABBOTINDIA,2026-04-29,25570.0,25475.0,25770.0,25405.0,7212
ABBOTINDIA,2026-04-30,25395.0,25435.0,25485.0,25250.0,4669
ABBOTINDIA,2026-05-01,25435.0,25435.0,25435.0,25435.0,0
ABBOTINDIA,2026-05-04,25480.0,25415.0,25835.0,25365.0,13700
ABBOTINDIA,2026-05-05,25420.0,25305.0,25575.0,25175.0,9490
ABBOTINDIA,2026-05-06,25440.0,26300.0,26450.0,25430.0,17912
ABBOTINDIA,2026-05-07,26550.0,26700.0,27100.0,26430.0,27578
ABBOTINDIA,2026-05-08,26840.0,26700.0,26880.0,26550.0,11131
ABBOTINDIA,2026-05-11,26700.0,27795.0,27910.0,26335.0,39207
ABBOTINDIA,2026-05-12,28000.0,26900.0,28000.0,26685.0,18760
ABBOTINDIA,2026-05-13,27100.0,27280.0,27595.0,26920.0,15814
ABBOTINDIA,2026-05-14,27590.0,27520.0,27610.0,27270.0,9543
ABBOTINDIA,2026-05-15,27700.0,27940.0,28100.0,27505.0,11584
ABBOTINDIA,2026-05-18,27985.0,27925.0,28280.0,27530.0,12613
ABBOTINDIA,2026-05-19,27945.0,27795.0,28015.0,27685.0,5009
ABBOTINDIA,2026-05-20,27845.0,27445.0,27950.0,27320.0,5283
ABBOTINDIA,2026-05-21,27495.0,27715.0,27880.0,27495.0,6955
ABBOTINDIA,2026-05-22,27745.0,27830.0,27985.0,27185.0,8815
ABBOTINDIA,2026-05-25,27885.0,27705.0,27965.0,27400.0,11197
ABBOTINDIA,2026-05-26,27865.0,27610.0,27880.0,27500.0,14422
ABBOTINDIA,2026-05-27,27800.0,27735.0,27825.0,27455.0,5170
ABBOTINDIA,2026-05-28,27735.0,27735.0,27735.0,27735.0,0
ABBOTINDIA,2026-05-29,27735.0,26855.0,27845.0,26630.0,10979
ABBOTINDIA,2026-06-01,27095.0,26840.0,27175.0,26570.0,7107
ABBOTINDIA,2026-06-02,26725.0,26295.0,26745.0,26265.0,6596
ABBOTINDIA,2026-06-03,26335.0,26290.0,26420.0,26005.0,4849
ABBOTINDIA,2026-06-04,26290.0,25820.0,26390.0,25750.0,8812
ABBOTINDIA,2026-06-05,26000.0,26035.0,26180.0,25870.0,3619
ABBOTINDIA,2026-06-08,26035.0,25780.0,26240.0,25670.0,3868
ABBOTINDIA,2026-06-09,25805.0,26105.0,26240.0,25760.0,11204
ABBOTINDIA,2026-06-10,26110.0,26455.0,26770.0,25800.0,9513
ABBOTINDIA,2026-06-11,26455.0,26065.0,26485.0,25960.0,7015
ABBOTINDIA,2026-06-12,26195.0,26280.0,26435.0,25960.0,9732
ABBOTINDIA,2026-06-15,26555.0,26255.0,26580.0,26170.0,5922
ABBOTINDIA,2026-06-16,26375.0,26100.0,26495.0,25830.0,10005
ABBOTINDIA,2026-06-17,26000.0,25955.0,26305.0,25925.0,8598
ABBOTINDIA,2026-06-18,26085.0,26145.0,26465.0,26005.0,7473
ABBOTINDIA,2026-06-19,26255.0,26215.0,26345.0,26025.0,7740
ABBOTINDIA,2026-06-22,26490.0,26065.0,26490.0,26015.0,6568
ABBOTINDIA,2026-06-23,26285.0,25570.0,26285.0,25335.0,24911
ABBOTINDIA,2026-06-24,25750.0,25595.0,25860.0,25535.0,7176
ABBOTINDIA,2026-06-25,25695.0,25585.0,25820.0,25480.0,13175
ABBOTINDIA,2026-06-26,25585.0,25585.0,25585.0,25585.0,0
ABBOTINDIA,2026-06-29,25800.0,25295.0,25800.0,25210.0,22221
ABBOTINDIA,2026-06-30,25480.0,25440.0,25560.0,25200.0,10622
ABBOTINDIA,2026-07-01,25585.0,25550.0,25655.0,25370.0,18752
ABBOTINDIA,2026-07-02,25600.0,25725.0,25825.0,25550.0,4925
ABBOTINDIA,2026-07-03,25850.0,25895.0,26120.0,25615.0,21108
ABBOTINDIA,2026-07-06,26070.0,26860.0,27000.0,26025.0,28228
ABBOTINDIA,2026-07-07,26960.0,26725.0,27000.0,26565.0,6926
ABBOTINDIA,2026-07-08,26725.0,26245.0,26790.0,26125.0,5245
ABBOTINDIA,2026-07-09,26200.0,26770.0,26890.0,26200.0,24860
ABBOTINDIA,2026-07-10,26815.0,27165.0,27350.0,26665.0,16821
ABBOTINDIA,2026-07-13,27490.0,27395.0,27530.0,27170.0,10100
ABBOTINDIA,2026-07-14,27415.0,27500.0,27570.0,27225.0,20023
ABBOTINDIA,2026-07-15,27500.0,27640.0,27750.0,27365.0,8698
ABBOTINDIA,2026-07-16,27750.0,27870.0,27930.0,27550.0,8282
ABBOTINDIA,2026-07-17,27920.0,28055.0,28170.0,27445.0,11100
ABCAPITAL,2026-04-17,339.0,340.4,341.45,334.7,2521946
ABCAPITAL,2026-04-20,341.0,341.6,345.3,335.75,4145767
ABCAPITAL,2026-04-21,342.0,344.6,345.9,340.5,3974633
ABCAPITAL,2026-04-22,346.35,350.7,353.0,345.9,4145966
ABCAPITAL,2026-04-23,348.25,349.75,354.35,346.95,4221595
ABCAPITAL,2026-04-24,349.95,340.6,351.55,338.65,4618358
ABCAPITAL,2026-04-27,342.0,342.55,348.95,337.95,2500081
ABCAPITAL,2026-04-28,342.85,338.3,346.7,337.45,4701866
ABCAPITAL,2026-04-29,339.95,348.45,354.65,337.55,6756111
ABCAPITAL,2026-04-30,346.0,345.5,347.55,340.05,4348049
ABCAPITAL,2026-05-01,345.5,345.5,345.5,345.5,0
ABCAPITAL,2026-05-04,347.0,345.85,360.5,340.7,11601297
ABCAPITAL,2026-05-05,347.2,360.85,363.75,346.5,15428401
ABCAPITAL,2026-05-06,365.0,369.3,372.5,364.5,8553660
ABCAPITAL,2026-05-07,370.85,369.0,375.95,368.1,6091049
ABCAPITAL,2026-05-08,369.0,362.95,369.85,361.35,2976183
ABCAPITAL,2026-05-11,358.0,352.95,358.5,351.35,3130787
ABCAPITAL,2026-05-12,352.45,341.2,354.0,340.0,2271761
ABCAPITAL,2026-05-13,340.0,344.3,348.55,339.45,2904276
ABCAPITAL,2026-05-14,346.35,349.65,353.85,345.1,4170944
ABCAPITAL,2026-05-15,349.65,357.15,363.35,346.25,4558484
ABCAPITAL,2026-05-18,352.2,350.1,354.4,348.6,4941012
ABCAPITAL,2026-05-19,351.85,351.2,353.85,346.35,3020769
ABCAPITAL,2026-05-20,353.0,353.1,355.85,342.8,10862203
ABCAPITAL,2026-05-21,358.85,349.4,363.0,348.1,4428896
ABCAPITAL,2026-05-22,351.0,357.3,357.8,347.3,3506988
ABCAPITAL,2026-05-25,363.0,363.65,364.95,360.0,2791387
ABCAPITAL,2026-05-26,364.35,363.05,366.3,361.65,5344287
ABCAPITAL,2026-05-27,363.05,364.9,367.9,362.35,2330771
ABCAPITAL,2026-05-28,364.9,364.9,364.9,364.9,0
ABCAPITAL,2026-05-29,366.85,363.3,369.8,360.8,5569935
ABCAPITAL,2026-06-01,366.5,350.55,367.8,349.5,2893133
ABCAPITAL,2026-06-02,348.6,351.3,352.5,343.75,2198386
ABCAPITAL,2026-06-03,350.3,348.75,351.3,342.0,1782314
ABCAPITAL,2026-06-04,348.75,353.65,356.7,346.0,3074970
ABCAPITAL,2026-06-05,353.9,357.5,366.3,352.9,3775258
ABCAPITAL,2026-06-08,352.0,344.0,352.6,341.55,1864575
ABCAPITAL,2026-06-09,344.9,351.35,352.45,343.9,2368143
ABCAPITAL,2026-06-10,351.35,342.7,353.25,341.0,1768444
ABCAPITAL,2026-06-11,342.7,336.6,343.65,334.8,1926052
ABCAPITAL,2026-06-12,344.7,358.1,359.3,341.9,3057116
ABCAPITAL,2026-06-15,363.15,368.2,374.5,363.15,4180867
ABCAPITAL,2026-06-16,368.0,373.8,375.95,366.9,3343325
ABCAPITAL,2026-06-17,374.8,372.45,375.65,370.4,2381456
ABCAPITAL,2026-06-18,374.35,370.6,374.55,369.0,1266986
ABCAPITAL,2026-06-19,369.95,375.9,377.25,368.6,11199442
ABCAPITAL,2026-06-22,378.0,391.95,392.9,375.05,11010826
ABCAPITAL,2026-06-23,394.4,383.75,394.4,382.75,3773833
ABCAPITAL,2026-06-24,383.75,394.8,396.5,381.85,5800974
ABCAPITAL,2026-06-25,397.55,390.8,399.35,389.1,4003937
ABCAPITAL,2026-06-26,390.8,390.8,390.8,390.8,0
ABCAPITAL,2026-06-29,390.0,385.3,393.05,384.05,11853117
ABCAPITAL,2026-06-30,387.9,391.95,395.8,386.0,4754319
ABCAPITAL,2026-07-01,392.6,393.15,395.5,388.35,1940958
ABCAPITAL,2026-07-02,392.5,392.95,397.35,389.4,2941678
ABCAPITAL,2026-07-03,396.4,401.25,405.0,393.85,6539560
ABCAPITAL,2026-07-06,402.3,409.75,410.7,401.4,3690816
ABCAPITAL,2026-07-07,409.75,405.4,410.65,404.6,4171825
ABCAPITAL,2026-07-08,401.4,385.75,403.5,384.0,5498737
ABCAPITAL,2026-07-09,386.8,397.35,401.35,386.7,2934361
ABCAPITAL,2026-07-10,400.0,408.3,409.0,400.0,3040201
ABCAPITAL,2026-07-13,405.0,407.45,408.5,399.2,1537573
ABCAPITAL,2026-07-14,404.0,399.25,404.6,392.1,5398809
ABCAPITAL,2026-07-15,403.0,404.3,408.45,402.2,1844455
ABCAPITAL,2026-07-16,404.0,399.7,405.0,398.4,1855517
ABCAPITAL,2026-07-17,399.95,401.55,402.85,395.6,4757491
ABSLAMC,2026-04-17,1055.1,1068.25,1073.95,1016.1,371333
ABSLAMC,2026-04-20,1060.0,1066.7,1082.25,1050.1,502198
ABSLAMC,2026-04-21,1072.5,1037.85,1072.5,1026.5,427838
ABSLAMC,2026-04-22,1041.6,1019.95,1050.0,1014.8,244857
ABSLAMC,2026-04-23,1020.0,1047.45,1078.0,1011.05,1463823
ABSLAMC,2026-04-24,1033.6,1067.65,1099.25,1032.5,1770123
ABSLAMC,2026-04-27,1071.7,1065.4,1089.8,1051.0,585177
ABSLAMC,2026-04-28,1065.0,1066.3,1084.4,1047.55,325358
ABSLAMC,2026-04-29,1070.5,1024.1,1076.0,1015.2,809198
ABSLAMC,2026-04-30,1019.05,1015.2,1029.65,999.75,237871
ABSLAMC,2026-05-01,1015.2,1015.2,1015.2,1015.2,0
ABSLAMC,2026-05-04,1009.0,1039.8,1050.0,996.7,312934
ABSLAMC,2026-05-05,1038.0,1064.6,1081.8,1030.0,875420
ABSLAMC,2026-05-06,1075.0,1066.7,1075.0,1050.1,390001
ABSLAMC,2026-05-07,1073.4,1088.6,1123.5,1063.0,681795
ABSLAMC,2026-05-08,1088.6,1072.4,1088.9,1063.9,1079673
ABSLAMC,2026-05-11,1067.0,1059.3,1076.6,1044.3,390828
ABSLAMC,2026-05-12,1059.3,1055.1,1068.2,1045.1,287226
ABSLAMC,2026-05-13,1047.6,1033.8,1076.2,1018.4,574725
ABSLAMC,2026-05-14,1042.8,1068.2,1071.8,1026.6,379748
ABSLAMC,2026-05-15,1068.2,1030.4,1070.2,1022.3,153112
ABSLAMC,2026-05-18,1012.1,987.2,1017.6,979.1,462269
ABSLAMC,2026-05-19,990.4,1036.9,1042.0,981.1,251387
ABSLAMC,2026-05-20,1036.0,1021.1,1036.8,1001.6,202338
ABSLAMC,2026-05-21,1030.0,1021.5,1037.2,1010.2,113012
ABSLAMC,2026-05-22,1025.7,1011.7,1027.8,1005.1,105597
ABSLAMC,2026-05-25,1012.2,1016.2,1047.1,1005.0,406460
ABSLAMC,2026-05-26,1015.1,1003.4,1027.9,997.1,234004
ABSLAMC,2026-05-27,1004.0,1027.3,1034.6,998.0,250892
ABSLAMC,2026-05-28,1027.3,1027.3,1027.3,1027.3,0
ABSLAMC,2026-05-29,1027.3,1064.0,1089.5,1025.1,432117
ABSLAMC,2026-06-01,1064.0,1019.3,1064.0,1013.5,229242
ABSLAMC,2026-06-02,1015.0,1027.2,1040.7,1015.0,130210
ABSLAMC,2026-06-03,1020.0,1033.3,1057.1,1005.6,467879
ABSLAMC,2026-06-04,1030.0,1034.2,1046.8,1024.1,338535
ABSLAMC,2026-06-05,1031.8,1048.8,1053.6,1030.0,176351
ABSLAMC,2026-06-08,1033.3,1044.2,1061.8,1025.1,208088
ABSLAMC,2026-06-09,1044.0,1062.4,1066.7,1041.0,996871
ABSLAMC,2026-06-10,1065.0,1110.3,1118.4,1062.5,626477
ABSLAMC,2026-06-11,1113.6,1068.6,1119.7,1060.0,425095
ABSLAMC,2026-06-12,1087.8,1101.2,1119.4,1075.7,801088
ABSLAMC,2026-06-15,1118.0,1146.1,1158.5,1092.2,1017809
ABSLAMC,2026-06-16,1156.4,1120.6,1167.6,1117.0,350182
ABSLAMC,2026-06-17,1120.6,1097.9,1129.5,1090.8,279342
ABSLAMC,2026-06-18,1098.7,1167.1,1170.1,1098.7,541723
ABSLAMC,2026-06-19,1167.1,1180.6,1189.0,1151.5,443139
ABSLAMC,2026-06-22,1193.4,1180.4,1224.9,1175.8,505517
ABSLAMC,2026-06-23,1181.0,1199.0,1224.0,1180.0,682421
ABSLAMC,2026-06-24,1199.0,1195.2,1220.0,1185.1,432039
ABSLAMC,2026-06-25,1199.7,1141.2,1204.8,1136.0,341944
ABSLAMC,2026-06-26,1141.2,1141.2,1141.2,1141.2,0
ABSLAMC,2026-06-29,1140.0,1170.8,1199.8,1125.2,1514171
ABSLAMC,2026-06-30,1134.0,1154.7,1169.3,1122.9,342084
ABSLAMC,2026-07-01,1166.1,1144.6,1185.0,1140.0,151605
ABSLAMC,2026-07-02,1138.9,1191.3,1198.0,1138.9,260053
ABSLAMC,2026-07-03,1199.0,1178.4,1203.6,1162.0,263221
ABSLAMC,2026-07-06,1180.7,1160.7,1193.1,1147.0,233115
ABSLAMC,2026-07-07,1160.0,1158.2,1169.9,1151.0,123029
ABSLAMC,2026-07-08,1160.3,1124.5,1169.0,1116.3,162784
ABSLAMC,2026-07-09,1120.0,1136.0,1145.1,1115.2,231867
ABSLAMC,2026-07-10,1145.8,1146.6,1159.6,1135.3,192247
ABSLAMC,2026-07-13,1147.7,1173.7,1179.1,1137.2,511637
ABSLAMC,2026-07-14,1177.5,1143.6,1179.7,1129.5,212678
ABSLAMC,2026-07-15,1143.6,1149.1,1161.7,1140.3,209635
ABSLAMC,2026-07-16,1153.9,1132.1,1156.3,1128.0,174306
ABSLAMC,2026-07-17,1128.6,1150.6,1154.0,1124.0,298822
ACE,2026-04-17,920.0,917.05,923.9,912.1,225776
ACE,2026-04-20,921.0,904.55,927.5,900.0,348053
ACE,2026-04-21,904.6,912.8,929.9,904.6,203675
ACE,2026-04-22,907.0,934.4,954.8,903.0,1303095
ACE,2026-04-23,934.4,916.55,939.9,914.0,237996
ACE,2026-04-24,918.4,907.25,927.45,900.1,225153
ACE,2026-04-27,913.5,916.45,920.0,908.0,125754
ACE,2026-04-28,916.45,904.25,923.0,901.5,167451
ACE,2026-04-29,906.05,899.0,916.75,897.05,219477
ACE,2026-04-30,899.0,887.65,902.45,882.0,219741
ACE,2026-05-01,887.65,887.65,887.65,887.65,0
ACE,2026-05-04,896.1,889.75,899.85,880.0,202449
ACE,2026-05-05,889.75,882.05,896.45,877.05,134926
ACE,2026-05-06,885.0,887.55,891.85,883.2,324375
ACE,2026-05-07,893.9,905.55,911.95,893.0,582318
ACE,2026-05-08,909.0,947.25,966.75,845.55,4413015
ACE,2026-05-11,946.9,921.65,946.9,911.0,585926
ACE,2026-05-12,921.65,881.25,933.0,877.3,368360
ACE,2026-05-13,879.45,887.65,902.8,879.45,247856
ACE,2026-05-14,892.05,885.3,905.45,872.2,324505
ACE,2026-05-15,890.0,888.25,914.85,876.75,335756
ACE,2026-05-18,883.05,880.8,883.9,856.1,225426
ACE,2026-05-19,883.0,881.95,893.0,876.2,155792
ACE,2026-05-20,873.05,896.85,903.85,868.05,211457
ACE,2026-05-21,889.05,867.7,889.05,861.0,608360
ACE,2026-05-22,872.0,881.9,897.0,867.75,290673
ACE,2026-05-25,886.5,885.45,907.7,884.0,220584
ACE,2026-05-26,889.5,894.9,915.0,886.0,342470
ACE,2026-05-27,893.0,906.25,909.05,893.0,180016
ACE,2026-05-28,906.25,906.25,906.25,906.25,0
ACE,2026-05-29,911.0,884.95,926.25,879.0,438256
ACE,2026-06-01,890.0,874.4,896.15,870.6,152351
ACE,2026-06-02,870.6,876.8,879.1,862.35,103370
ACE,2026-06-03,871.0,867.1,876.8,850.5,157000
ACE,2026-06-04,861.0,869.05,879.0,861.0,102497
ACE,2026-06-05,874.5,900.3,909.0,867.0,393889
ACE,2026-06-08,880.65,883.95,903.1,865.5,241743
ACE,2026-06-09,883.95,894.15,915.4,879.15,388287
ACE,2026-06-10,893.0,877.8,906.0,875.0,398979
ACE,2026-06-11,877.8,891.95,904.25,862.0,425521
ACE,2026-06-12,904.0,931.05,934.85,896.45,691582
ACE,2026-06-15,943.0,928.95,953.0,926.0,462423
ACE,2026-06-16,936.95,930.5,942.8,922.5,164366
ACE,2026-06-17,934.2,962.1,966.5,931.15,862759
ACE,2026-06-18,966.4,976.45,980.9,956.0,746212
ACE,2026-06-19,978.05,975.65,984.95,970.1,371566
ACE,2026-06-22,975.65,1011.7,1017.0,975.65,969080
ACE,2026-06-23,1020.0,1007.85,1047.0,1003.1,756135
ACE,2026-06-24,1005.7,1003.35,1016.35,990.1,191139
ACE,2026-06-25,1012.2,988.1,1020.2,983.0,250443
ACE,2026-06-26,988.1,988.1,988.1,988.1,0
ACE,2026-06-29,988.0,985.15,995.0,978.8,245959
ACE,2026-06-30,990.1,1024.0,1028.75,985.3,498014
ACE,2026-07-01,1034.3,999.1,1037.9,995.5,546067
ACE,2026-07-02,1008.2,1016.7,1019.9,994.3,208900
ACE,2026-07-03,1020.0,989.9,1022.5,988.1,211178
ACE,2026-07-06,990.4,1006.4,1016.9,981.8,245198
ACE,2026-07-07,1010.9,998.2,1010.9,991.5,152429
ACE,2026-07-08,990.0,968.7,1008.7,962.4,238065
ACE,2026-07-09,971.2,976.6,988.4,966.6,221133
ACE,2026-07-10,982.9,989.0,1002.7,982.0,259005
ACE,2026-07-13,989.0,985.7,1018.7,976.2,853286
ACE,2026-07-14,981.0,964.4,989.0,962.0,182754
ACE,2026-07-15,975.0,1004.4,1007.7,972.8,417965
ACE,2026-07-16,1007.5,1003.7,1012.1,991.7,197194
ACE,2026-07-17,1008.9,987.4,1008.9,984.0,182020
ACUTAAS,2026-04-17,2330.0,2361.7,2389.5,2325.4,323387
ACUTAAS,2026-04-20,2362.9,2410.7,2419.0,2338.0,264360
ACUTAAS,2026-04-21,2410.7,2374.4,2468.4,2361.0,246743
ACUTAAS,2026-04-22,2360.0,2423.2,2468.0,2347.4,334784
ACUTAAS,2026-04-23,2419.0,2386.7,2435.0,2379.7,243296
ACUTAAS,2026-04-24,2390.0,2395.0,2424.9,2340.0,351454
ACUTAAS,2026-04-27,2410.0,2494.6,2510.0,2388.4,438160
ACUTAAS,2026-04-28,2500.0,2467.8,2539.6,2460.4,509399
ACUTAAS,2026-04-29,2480.2,2502.4,2520.0,2460.0,254583
ACUTAAS,2026-04-30,2516.3,2594.1,2710.0,2486.0,2668458
ACUTAAS,2026-05-01,2594.1,2594.1,2594.1,2594.1,0
ACUTAAS,2026-05-04,2629.7,2676.4,2693.2,2538.0,1141509
ACUTAAS,2026-05-05,2680.0,2656.7,2720.0,2604.5,558776
ACUTAAS,2026-05-06,2665.0,2685.8,2745.0,2664.0,523243
ACUTAAS,2026-05-07,2699.7,2725.7,2739.0,2640.0,394353
ACUTAAS,2026-05-08,2700.2,2734.3,2759.0,2700.0,268791
ACUTAAS,2026-05-11,2745.0,2810.3,2825.0,2728.5,575357
ACUTAAS,2026-05-12,2810.0,2742.2,2843.1,2720.0,458354
ACUTAAS,2026-05-13,2749.9,2827.8,2849.9,2743.1,363383
ACUTAAS,2026-05-14,2848.9,2726.8,2848.9,2706.5,658946
ACUTAAS,2026-05-15,2740.5,2731.0,2769.9,2702.8,193779
ACUTAAS,2026-05-18,2725.0,2799.1,2818.7,2714.5,352410
ACUTAAS,2026-05-19,2809.1,2886.5,2906.0,2809.0,610355
ACUTAAS,2026-05-20,2870.0,2880.6,2909.8,2849.0,389160
ACUTAAS,2026-05-21,2890.0,3000.4,3025.0,2875.3,825155
ACUTAAS,2026-05-22,2997.0,2951.2,3001.0,2930.0,333925
ACUTAAS,2026-05-25,2920.0,2923.8,2963.3,2864.2,333972
ACUTAAS,2026-05-26,2923.8,3034.8,3069.0,2918.0,530723
ACUTAAS,2026-05-27,3049.0,3000.6,3075.3,2989.0,206974
ACUTAAS,2026-05-28,3000.6,3000.6,3000.6,3000.6,0
ACUTAAS,2026-05-29,3009.9,3132.5,3184.9,2991.0,602384
ACUTAAS,2026-06-01,3176.7,3018.9,3188.1,2995.8,305945
ACUTAAS,2026-06-02,3000.0,3037.6,3059.8,2902.0,430122
ACUTAAS,2026-06-03,3049.0,3135.7,3180.0,3037.7,385864
ACUTAAS,2026-06-04,3136.0,3164.7,3188.0,3115.6,250577
ACUTAAS,2026-06-05,3163.1,3328.3,3348.9,3161.7,1067585
ACUTAAS,2026-06-08,3232.0,3316.2,3444.3,3232.0,757238
ACUTAAS,2026-06-09,3300.0,3198.7,3311.6,3181.1,378466
ACUTAAS,2026-06-10,3201.0,3207.0,3295.0,3150.9,390988
ACUTAAS,2026-06-11,3230.0,3128.1,3230.0,3070.0,427084
ACUTAAS,2026-06-12,3154.0,3145.3,3190.5,3070.2,380507
ACUTAAS,2026-06-15,3249.9,3096.7,3249.9,3072.0,285988
ACUTAAS,2026-06-16,3106.0,2996.5,3109.0,2960.2,530875
ACUTAAS,2026-06-17,2982.0,2999.9,3058.6,2962.4,282968
ACUTAAS,2026-06-18,3005.0,3136.3,3147.6,3005.0,360896
ACUTAAS,2026-06-19,3151.9,3246.2,3261.0,3130.2,340557
ACUTAAS,2026-06-22,3262.6,3249.6,3264.0,3170.2,206990
ACUTAAS,2026-06-23,3221.0,3277.2,3300.0,3213.3,260273
ACUTAAS,2026-06-24,3301.4,3268.6,3319.6,3233.8,283229
ACUTAAS,2026-06-25,3275.2,3300.0,3315.0,3215.2,218052
ACUTAAS,2026-06-26,3300.0,3300.0,3300.0,3300.0,0
ACUTAAS,2026-06-29,3315.0,3568.2,3603.6,3245.5,2155162
ACUTAAS,2026-06-30,3585.0,3526.2,3585.0,3442.0,327647
ACUTAAS,2026-07-01,3545.0,3567.5,3610.0,3521.0,349604
ACUTAAS,2026-07-02,3600.0,3691.8,3725.0,3579.7,402261
ACUTAAS,2026-07-03,3709.0,3694.8,3730.9,3656.1,297410
ACUTAAS,2026-07-06,3694.8,3514.8,3740.0,3475.0,565586
ACUTAAS,2026-07-07,3515.0,3391.0,3540.0,3348.0,476371
ACUTAAS,2026-07-08,3395.0,3454.5,3575.4,3392.4,503473
ACUTAAS,2026-07-09,3450.0,3458.8,3488.0,3368.0,486255
ACUTAAS,2026-07-10,3485.9,3400.8,3499.9,3373.1,310324
ACUTAAS,2026-07-13,3376.5,3495.2,3510.0,3363.6,218672
ACUTAAS,2026-07-14,3472.0,3459.7,3535.0,3450.0,173273
ACUTAAS,2026-07-15,3485.0,3546.9,3581.0,3484.0,191332
ACUTAAS,2026-07-16,3551.4,3583.8,3631.7,3491.0,311654
ACUTAAS,2026-07-17,3591.0,3619.4,3634.0,3545.0,187911
AFFLE,2026-04-17,1460.0,1468.2,1519.8,1450.7,580686
AFFLE,2026-04-20,1478.7,1444.9,1485.0,1435.1,233361
AFFLE,2026-04-21,1442.1,1462.9,1482.8,1442.0,373994
AFFLE,2026-04-22,1445.0,1446.4,1456.9,1431.2,235859
AFFLE,2026-04-23,1440.0,1432.8,1452.9,1417.0,156466
AFFLE,2026-04-24,1432.8,1406.7,1443.9,1389.9,197880
AFFLE,2026-04-27,1407.0,1452.0,1459.0,1406.8,266260
AFFLE,2026-04-28,1452.0,1431.2,1463.4,1426.3,93779
AFFLE,2026-04-29,1431.2,1433.1,1448.0,1425.8,321325
AFFLE,2026-04-30,1436.9,1421.7,1475.9,1407.0,140282
AFFLE,2026-05-01,1421.7,1421.7,1421.7,1421.7,0
AFFLE,2026-05-04,1429.8,1420.0,1437.7,1390.0,201955
AFFLE,2026-05-05,1424.9,1415.6,1436.0,1397.0,170617
AFFLE,2026-05-06,1426.0,1434.3,1449.9,1414.9,159582
AFFLE,2026-05-07,1451.0,1488.7,1504.0,1448.6,679955
AFFLE,2026-05-08,1495.0,1506.3,1532.6,1488.7,462532
AFFLE,2026-05-11,1545.0,1637.5,1686.0,1486.2,8858170
AFFLE,2026-05-12,1648.0,1585.3,1650.9,1574.3,684598
AFFLE,2026-05-13,1571.0,1533.5,1577.4,1509.1,557490
AFFLE,2026-05-14,1547.7,1494.6,1547.7,1475.0,339257
AFFLE,2026-05-15,1499.0,1477.1,1501.7,1465.0,178777
AFFLE,2026-05-18,1472.6,1456.2,1472.7,1424.0,320343
AFFLE,2026-05-19,1451.9,1457.2,1503.6,1451.4,193426
AFFLE,2026-05-20,1459.1,1443.9,1462.0,1423.8,158306
AFFLE,2026-05-21,1445.0,1442.2,1457.2,1415.5,223840
AFFLE,2026-05-22,1464.7,1431.2,1472.5,1423.2,286047
AFFLE,2026-05-25,1446.3,1468.2,1484.4,1439.9,196288
AFFLE,2026-05-26,1479.0,1486.2,1544.0,1472.7,334125
AFFLE,2026-05-27,1496.0,1477.2,1498.8,1453.0,195589
AFFLE,2026-05-28,1477.2,1477.2,1477.2,1477.2,0
AFFLE,2026-05-29,1477.3,1463.0,1503.9,1449.5,218062
AFFLE,2026-06-01,1475.0,1439.5,1478.2,1431.1,119591
AFFLE,2026-06-02,1439.5,1498.9,1504.7,1427.0,175177
AFFLE,2026-06-03,1499.0,1469.6,1501.0,1452.1,105471
AFFLE,2026-06-04,1466.0,1482.1,1487.9,1442.1,140125
AFFLE,2026-06-05,1483.0,1476.1,1512.1,1465.9,178011
AFFLE,2026-06-08,1461.0,1496.3,1518.4,1445.0,302154
AFFLE,2026-06-09,1495.9,1502.2,1510.0,1459.0,189607
AFFLE,2026-06-10,1509.7,1462.1,1514.9,1458.0,120216
AFFLE,2026-06-11,1462.0,1436.2,1464.0,1425.2,140973
AFFLE,2026-06-12,1450.9,1446.3,1469.5,1401.3,314618
AFFLE,2026-06-15,1465.0,1486.4,1524.4,1454.3,650766
AFFLE,2026-06-16,1525.0,1475.7,1535.0,1466.4,378616
AFFLE,2026-06-17,1488.9,1480.5,1497.4,1462.0,226193
AFFLE,2026-06-18,1484.9,1489.4,1505.0,1461.7,272120
AFFLE,2026-06-19,1494.3,1463.7,1494.3,1451.3,242527
AFFLE,2026-06-22,1470.0,1480.4,1499.3,1470.0,258842
AFFLE,2026-06-23,1482.5,1465.7,1487.9,1445.7,191012
AFFLE,2026-06-24,1460.0,1455.8,1478.5,1451.7,149768
AFFLE,2026-06-25,1465.0,1449.7,1465.0,1442.0,214010
AFFLE,2026-06-26,1449.7,1449.7,1449.7,1449.7,0
AFFLE,2026-06-29,1449.5,1399.5,1451.0,1390.5,365439
AFFLE,2026-06-30,1410.0,1419.5,1429.3,1405.1,112335
AFFLE,2026-07-01,1424.0,1430.9,1438.5,1415.6,121963
AFFLE,2026-07-02,1439.1,1458.2,1469.8,1432.0,193329
AFFLE,2026-07-03,1462.9,1464.6,1477.5,1456.5,264140
AFFLE,2026-07-06,1464.6,1447.5,1469.7,1437.1,101511
AFFLE,2026-07-07,1453.0,1472.7,1475.0,1435.3,124470
AFFLE,2026-07-08,1462.9,1457.7,1477.3,1446.0,113541
AFFLE,2026-07-09,1457.7,1468.0,1489.4,1448.2,131905
AFFLE,2026-07-10,1468.0,1480.4,1500.6,1455.0,276193
AFFLE,2026-07-13,1470.0,1539.3,1590.0,1464.7,1550428
AFFLE,2026-07-14,1536.8,1517.0,1574.7,1506.3,355832
AFFLE,2026-07-15,1510.1,1500.6,1524.0,1491.3,177085
AFFLE,2026-07-16,1508.0,1539.9,1551.5,1503.3,254595
AFFLE,2026-07-17,1537.0,1532.5,1542.1,1500.4,179770
AIAENG,2026-04-17,3873.2,3961.5,4012.0,3873.2,22355
AIAENG,2026-04-20,4003.8,4001.2,4075.0,3930.2,72036
AIAENG,2026-04-21,4045.0,4007.2,4095.0,4000.0,61143
AIAENG,2026-04-22,4012.9,4058.6,4079.9,3989.0,52152
AIAENG,2026-04-23,4075.0,4079.6,4110.0,4022.0,28883
AIAENG,2026-04-24,4099.9,4014.3,4108.9,4000.0,24872
AIAENG,2026-04-27,4017.0,4027.1,4100.0,4002.5,31111
AIAENG,2026-04-28,4048.1,3993.8,4054.1,3973.5,24406
AIAENG,2026-04-29,4021.0,3937.2,4025.4,3921.4,17514
AIAENG,2026-04-30,3921.8,3949.6,3962.1,3875.0,13099
AIAENG,2026-05-04,3960.0,3958.1,4020.3,3912.6,21430
AIAENG,2026-05-05,3960.0,3876.4,3967.7,3844.2,23157
AIAENG,2026-05-06,3950.0,3912.0,3957.0,3856.0,25922
AIAENG,2026-05-07,3935.0,4005.5,4029.0,3920.1,17340
AIAENG,2026-05-08,4021.4,3971.9,4049.9,3955.0,24345
AIAENG,2026-05-11,3973.5,3905.6,3973.5,3880.0,10188
AIAENG,2026-05-12,3905.0,3749.8,3905.5,3700.0,29376
AIAENG,2026-05-13,3770.0,3794.8,3896.7,3767.0,16513
AIAENG,2026-05-14,3836.0,3854.8,3877.0,3806.8,20765
AIAENG,2026-05-15,3861.9,3856.3,3935.4,3840.0,10991
AIAENG,2026-05-18,3856.3,3883.3,3921.0,3788.6,24804
AIAENG,2026-05-19,3876.0,4002.6,4040.9,3867.3,35842
AIAENG,2026-05-20,3982.8,3962.2,4020.7,3921.1,19072
AIAENG,2026-05-21,3962.2,3995.4,4042.1,3962.2,31651
AIAENG,2026-05-22,3981.0,3994.0,4049.9,3961.0,41320
AIAENG,2026-05-25,4036.1,3972.8,4090.0,3932.7,28184
AIAENG,2026-05-26,3987.9,4143.4,4194.0,3970.0,241336
AIAENG,2026-05-27,4143.4,4428.1,4495.0,4122.2,1149941
AIAENG,2026-05-28,4428.1,4428.1,4428.1,4428.1,0
AIAENG,2026-05-29,4461.0,4503.6,4551.7,4376.5,212656
AIAENG,2026-06-01,4525.7,4522.7,4607.4,4481.0,192749
AIAENG,2026-06-02,4504.8,4552.3,4562.9,4428.7,74628
AIAENG,2026-06-03,4525.0,4521.3,4574.7,4483.3,49880
AIAENG,2026-06-04,4520.5,4596.5,4664.0,4520.5,96853
AIAENG,2026-06-05,4690.0,4630.7,4775.0,4602.5,206638
AIAENG,2026-06-08,4602.5,4545.5,4604.8,4530.0,54753
AIAENG,2026-06-09,4548.5,4489.1,4578.6,4443.3,79733
AIAENG,2026-06-10,4475.7,4439.0,4555.0,4410.5,167126
AIAENG,2026-06-11,4400.0,4318.5,4463.7,4292.5,63685
AIAENG,2026-06-12,4357.0,4333.7,4387.5,4290.5,49722
AIAENG,2026-06-15,4429.9,4469.2,4519.0,4362.3,58196
AIAENG,2026-06-16,4509.0,4491.4,4531.0,4465.0,42546
AIAENG,2026-06-17,4527.5,4501.6,4578.3,4443.0,75880
AIAENG,2026-06-18,4548.8,4532.9,4676.0,4510.5,51768
AIAENG,2026-06-19,4521.0,4687.0,4767.8,4521.0,184500
AIAENG,2026-06-22,4750.0,4848.0,4867.0,4705.1,245621
AIAENG,2026-06-23,4860.0,4886.1,5060.0,4822.2,297045
AIAENG,2026-06-24,4924.0,4857.5,4929.8,4832.5,53007
AIAENG,2026-06-25,4850.0,4829.9,4892.0,4806.9,55341
AIAENG,2026-06-26,4829.9,4829.9,4829.9,4829.9,0
AIAENG,2026-06-29,4878.0,4951.4,5019.3,4807.1,154754
AIAENG,2026-06-30,4976.0,5081.4,5180.0,4912.1,205842
AIAENG,2026-07-01,5080.0,4996.0,5144.0,4841.0,128786
AIAENG,2026-07-02,5019.0,4800.0,5038.5,4760.0,131346
AIAENG,2026-07-03,4812.0,4754.5,4839.0,4718.0,102604
AIAENG,2026-07-06,4710.0,4813.0,4828.0,4688.0,69885
AIAENG,2026-07-07,4815.0,4756.5,4842.5,4725.0,41532
AIAENG,2026-07-08,4737.0,4667.0,4737.0,4621.5,139016
AIAENG,2026-07-09,4667.0,4687.5,4725.0,4630.0,92253
AIAENG,2026-07-10,4710.0,4683.5,4756.0,4648.0,93948
AIAENG,2026-07-13,4690.0,4732.0,4765.0,4640.0,113543
AIAENG,2026-07-14,4732.0,4760.0,4780.0,4674.0,47518
AIAENG,2026-07-15,4778.5,4828.5,4912.5,4778.5,166287
AIAENG,2026-07-16,4850.0,4779.5,4890.0,4750.0,37210
AIAENG,2026-07-17,4814.0,4647.5,4814.0,4613.5,49369
ALKYLAMINE,2026-04-17,1435.0,1437.5,1452.8,1422.0,43216
ALKYLAMINE,2026-04-20,1435.0,1407.6,1437.5,1400.5,39762
ALKYLAMINE,2026-04-21,1421.5,1470.3,1477.0,1407.6,76887
ALKYLAMINE,2026-04-22,1469.1,1491.8,1507.5,1445.4,52016
ALKYLAMINE,2026-04-23,1470.5,1525.0,1576.0,1470.0,156367
ALKYLAMINE,2026-04-24,1540.2,1475.6,1540.2,1460.3,67211
ALKYLAMINE,2026-04-27,1491.0,1535.8,1548.8,1491.0,50655
ALKYLAMINE,2026-04-28,1530.1,1541.2,1572.7,1523.5,60373
ALKYLAMINE,2026-04-29,1547.8,1537.9,1565.9,1526.1,38942
ALKYLAMINE,2026-04-30,1537.9,1516.1,1537.9,1507.1,37805
ALKYLAMINE,2026-05-01,1516.1,1516.1,1516.1,1516.1,0
ALKYLAMINE,2026-05-04,1542.0,1579.9,1610.0,1531.0,141203
ALKYLAMINE,2026-05-05,1594.0,1542.7,1594.0,1524.1,100102
ALKYLAMINE,2026-05-06,1541.2,1758.5,1785.0,1531.0,763256
ALKYLAMINE,2026-05-07,1750.0,1735.0,1783.7,1705.4,174808
ALKYLAMINE,2026-05-08,1734.6,1707.3,1749.0,1698.3,52770
ALKYLAMINE,2026-05-11,1720.0,1645.8,1720.0,1638.0,62809
ALKYLAMINE,2026-05-12,1638.0,1592.6,1644.9,1581.1,55377
ALKYLAMINE,2026-05-13,1598.7,1636.7,1663.8,1590.5,87395
ALKYLAMINE,2026-05-14,1664.2,1750.0,1889.0,1664.0,5104689
ALKYLAMINE,2026-05-15,1756.8,1722.6,1772.0,1711.3,211993
ALKYLAMINE,2026-05-18,1710.0,1711.0,1733.8,1621.6,178423
ALKYLAMINE,2026-05-19,1719.2,1766.3,1803.9,1706.3,148837
ALKYLAMINE,2026-05-20,1749.9,1776.6,1816.4,1738.0,178107
ALKYLAMINE,2026-05-21,1782.0,1742.4,1807.9,1727.0,91765
ALKYLAMINE,2026-05-22,1752.0,1719.9,1757.9,1708.0,55892
ALKYLAMINE,2026-05-25,1727.0,1745.3,1799.0,1727.0,119272
ALKYLAMINE,2026-05-26,1745.3,1730.5,1756.3,1709.1,50038
ALKYLAMINE,2026-05-27,1732.0,1692.0,1760.0,1682.0,64353
ALKYLAMINE,2026-05-28,1692.0,1692.0,1692.0,1692.0,0
ALKYLAMINE,2026-05-29,1690.0,1651.3,1707.9,1641.5,60412
ALKYLAMINE,2026-06-01,1651.3,1603.8,1672.3,1600.0,56749
ALKYLAMINE,2026-06-02,1581.3,1778.7,1837.7,1581.3,1910918
ALKYLAMINE,2026-06-03,1777.9,1836.8,1860.8,1736.6,956062
ALKYLAMINE,2026-06-04,1835.1,1800.8,1835.1,1787.0,97900
ALKYLAMINE,2026-06-05,1809.0,1775.3,1833.2,1766.0,103872
ALKYLAMINE,2026-06-08,1755.9,1788.8,1837.0,1699.0,143062
ALKYLAMINE,2026-06-09,1814.0,1851.4,1876.9,1777.2,265276
ALKYLAMINE,2026-06-10,1855.0,1796.9,1893.5,1780.0,130165
ALKYLAMINE,2026-06-11,1799.5,1808.9,1816.9,1770.0,68696
ALKYLAMINE,2026-06-12,1823.4,1831.8,1842.2,1811.1,49615
ALKYLAMINE,2026-06-15,1880.0,1814.8,1881.4,1806.1,56247
ALKYLAMINE,2026-06-16,1816.6,1788.3,1826.3,1756.3,55414
ALKYLAMINE,2026-06-17,1799.0,1816.4,1827.5,1794.3,48947
ALKYLAMINE,2026-06-18,1806.9,1791.2,1860.0,1780.0,105184
ALKYLAMINE,2026-06-19,1791.2,1845.4,1854.0,1771.0,80466
ALKYLAMINE,2026-06-22,1845.4,1833.5,1898.0,1820.8,117023
ALKYLAMINE,2026-06-23,1845.0,1802.9,1845.0,1794.6,39697
ALKYLAMINE,2026-06-24,1802.9,1781.5,1828.0,1772.1,33156
ALKYLAMINE,2026-06-25,1780.0,1788.7,1806.8,1768.2,28526
ALKYLAMINE,2026-06-26,1788.7,1788.7,1788.7,1788.7,0
ALKYLAMINE,2026-06-29,1785.0,1677.3,1785.4,1662.7,114575
ALKYLAMINE,2026-06-30,1677.3,1713.4,1730.0,1661.3,58021
ALKYLAMINE,2026-07-01,1713.0,1765.9,1779.0,1705.1,82879
ALKYLAMINE,2026-07-02,1770.0,1827.9,1849.0,1763.6,135056
ALKYLAMINE,2026-07-03,1840.9,1827.0,1867.0,1812.5,78213
ALKYLAMINE,2026-07-06,1823.2,1798.8,1833.3,1790.1,25368
ALKYLAMINE,2026-07-07,1790.2,1795.6,1802.0,1765.0,24175
ALKYLAMINE,2026-07-08,1795.0,1853.6,1939.7,1767.1,849244
ALKYLAMINE,2026-07-09,1855.0,1954.6,1987.0,1855.0,555129
ALKYLAMINE,2026-07-10,1964.5,1956.0,2007.0,1931.5,174637
ALKYLAMINE,2026-07-13,1928.0,1903.5,1948.3,1890.0,108021
ALKYLAMINE,2026-07-14,1903.5,1868.1,1906.0,1855.4,70904
ALKYLAMINE,2026-07-15,1868.0,1900.7,1929.3,1858.0,78216
ALKYLAMINE,2026-07-16,1917.8,1889.1,1943.0,1870.9,100136
ALKYLAMINE,2026-07-17,1895.7,1826.9,1896.3,1810.2,84593
ANANDRATHI,2026-04-17,1815.0,1844.9,1867.5,1815.0,525352
ANANDRATHI,2026-04-20,1840.7,1831.95,1855.0,1822.0,245604
ANANDRATHI,2026-04-21,1829.5,1823.2,1831.95,1808.5,200152
ANANDRATHI,2026-04-22,1815.0,1807.0,1835.0,1800.0,221234
ANANDRATHI,2026-04-23,1805.0,1806.3,1828.45,1791.35,205050
ANANDRATHI,2026-04-24,1810.0,1790.45,1820.1,1775.0,481208
ANANDRATHI,2026-04-27,1791.6,1779.25,1804.9,1766.35,490494
ANANDRATHI,2026-04-28,1779.25,1789.55,1820.0,1774.5,341928
ANANDRATHI,2026-04-29,1798.1,1793.25,1819.55,1778.4,340212
ANANDRATHI,2026-04-30,1800.0,1800.8,1817.5,1782.55,416256
ANANDRATHI,2026-05-01,1800.8,1800.8,1800.8,1800.8,0
ANANDRATHI,2026-05-04,1810.0,1803.3,1835.95,1787.55,392268
ANANDRATHI,2026-05-05,1793.0,1806.4,1823.85,1793.0,620610
ANANDRATHI,2026-05-06,1812.8,1809.2,1822.5,1768.6,864326
ANANDRATHI,2026-05-07,1820.0,1807.1,1849.5,1804.0,309616
ANANDRATHI,2026-05-08,1817.0,1804.4,1817.0,1800.0,221694
ANANDRATHI,2026-05-11,1790.55,1790.1,1802.85,1780.0,403320
ANANDRATHI,2026-05-12,1790.1,1764.9,1808.45,1740.0,1776040
ANANDRATHI,2026-05-13,1756.1,1775.05,1780.9,1754.0,362164
ANANDRATHI,2026-05-14,1775.1,1787.6,1792.0,1757.5,231720
ANANDRATHI,2026-05-15,1792.0,1791.55,1809.5,1774.1,273358
ANANDRATHI,2026-05-18,1794.45,1787.85,1799.0,1775.0,247072
ANANDRATHI,2026-05-19,1786.0,1783.35,1797.45,1765.6,387684
ANANDRATHI,2026-05-20,1783.35,1766.85,1783.75,1740.05,1594208
ANANDRATHI,2026-05-21,1760.0,1797.8,1822.05,1755.8,531244
ANANDRATHI,2026-05-22,1799.0,1787.75,1810.0,1785.0,195968
ANANDRATHI,2026-05-25,1809.9,1808.65,1820.0,1790.1,383670
ANANDRATHI,2026-05-26,1814.8,1793.6,1839.9,1787.5,465104
ANANDRATHI,2026-05-27,1800.0,1783.35,1812.5,1775.0,303542
ANANDRATHI,2026-05-28,1783.35,1783.35,1783.35,1783.35,0
ANANDRATHI,2026-05-29,1785.0,1725.35,1805.0,1715.35,5630394
ANANDRATHI,2026-06-01,1748.95,1751.2,1760.0,1730.1,2213002
ANANDRATHI,2026-06-02,1756.7,1769.65,1778.5,1725.0,1763214
ANANDRATHI,2026-06-03,1779.8,1785.2,1821.3,1721.0,686802
ANANDRATHI,2026-06-04,1780.0,1750.6,1780.0,1735.0,289842
ANANDRATHI,2026-06-05,1748.9,1753.3,1763.0,1734.6,356008
ANANDRATHI,2026-06-08,1747.0,1754.0,1761.0,1727.1,706263
ANANDRATHI,2026-06-09,1765.0,1730.7,1765.0,1710.6,635798
ANANDRATHI,2026-06-10,1725.1,1737.5,1745.0,1725.1,229752
ANANDRATHI,2026-06-11,1731.0,1743.9,1754.0,1729.2,250526
ANANDRATHI,2026-06-12,1755.0,1765.3,1769.7,1740.1,172009
ANANDRATHI,2026-06-15,1789.0,1781.6,1790.2,1759.8,340986
ANANDRATHI,2026-06-16,1778.7,1772.9,1785.8,1753.0,252489
ANANDRATHI,2026-06-17,1786.0,1787.1,1794.0,1760.0,372553
ANANDRATHI,2026-06-18,1790.0,1805.3,1856.5,1782.9,829809
ANANDRATHI,2026-06-19,1800.0,1867.5,1887.0,1800.0,933601
ANANDRATHI,2026-06-22,1900.0,1917.7,1953.6,1863.1,1139804
ANANDRATHI,2026-06-23,1936.9,1915.8,1949.7,1910.2,468013
ANANDRATHI,2026-06-24,1916.0,1903.9,1923.6,1875.4,272827
ANANDRATHI,2026-06-25,1904.4,1932.5,1948.9,1848.0,1007620
ANANDRATHI,2026-06-26,1932.5,1932.5,1932.5,1932.5,0
ANANDRATHI,2026-06-29,1920.0,1988.7,1999.0,1896.4,2509330
ANANDRATHI,2026-06-30,2008.9,1976.7,2032.7,1957.0,549710
ANANDRATHI,2026-07-01,1994.0,1964.9,2004.0,1955.3,283753
ANANDRATHI,2026-07-02,1972.7,1989.7,2003.5,1945.1,321343
ANANDRATHI,2026-07-03,2011.7,2061.7,2085.0,2009.8,694817
ANANDRATHI,2026-07-06,2080.0,2095.5,2120.0,2065.3,627104
ANANDRATHI,2026-07-07,2120.0,2052.0,2120.0,2024.4,451331
ANANDRATHI,2026-07-08,2050.1,2059.8,2091.6,2034.4,348980
ANANDRATHI,2026-07-09,2075.0,2095.6,2120.0,2055.0,455048
ANANDRATHI,2026-07-10,2111.8,2146.8,2176.2,2061.4,1767952
ANANDRATHI,2026-07-13,2140.8,2117.7,2143.0,2095.8,384240
ANANDRATHI,2026-07-14,2115.0,2080.8,2117.7,2071.6,287017
ANANDRATHI,2026-07-15,2090.0,2081.8,2109.0,2071.0,234910
ANANDRATHI,2026-07-16,2100.0,2079.6,2100.0,2052.8,286102
ANANDRATHI,2026-07-17,2079.0,2072.7,2088.5,2056.2,148521
ANANTRAJ,2026-04-17,510.5,513.4,519.0,509.3,1445420
ANANTRAJ,2026-04-20,511.3,506.8,516.7,502.2,1940004
ANANTRAJ,2026-04-21,509.3,514.4,526.05,508.3,2080621
ANANTRAJ,2026-04-22,513.0,518.4,521.15,510.4,1063103
ANANTRAJ,2026-04-23,517.9,510.25,520.0,507.7,1204779
ANANTRAJ,2026-04-24,510.8,462.4,514.35,447.35,7150693
ANANTRAJ,2026-04-27,466.0,500.9,509.9,466.0,13763024
ANANTRAJ,2026-04-28,500.9,493.1,506.7,491.5,2118322
ANANTRAJ,2026-04-29,495.0,490.9,499.4,489.2,1318300
ANANTRAJ,2026-04-30,487.9,486.9,494.8,481.2,1245703
ANANTRAJ,2026-05-01,486.9,486.9,486.9,486.9,0
ANANTRAJ,2026-05-04,493.0,510.35,513.0,492.0,2861685
ANANTRAJ,2026-05-05,512.2,520.45,525.7,510.1,3501412
ANANTRAJ,2026-05-06,526.0,556.65,559.7,525.1,6328940
ANANTRAJ,2026-05-07,561.1,555.9,564.85,550.1,4346939
ANANTRAJ,2026-05-08,556.0,560.85,564.85,548.0,2279805
ANANTRAJ,2026-05-11,560.85,538.55,560.9,536.75,3887455
ANANTRAJ,2026-05-12,543.7,502.45,553.1,500.0,4790746
ANANTRAJ,2026-05-13,503.0,498.0,511.25,494.75,2553741
ANANTRAJ,2026-05-14,504.0,494.4,508.0,483.15,2217788
ANANTRAJ,2026-05-15,499.0,488.2,499.1,486.25,1076313
ANANTRAJ,2026-05-18,480.0,476.25,481.15,464.0,2123184
ANANTRAJ,2026-05-19,480.0,482.45,489.6,477.2,1533816
ANANTRAJ,2026-05-20,477.0,488.7,490.0,472.0,1197705
ANANTRAJ,2026-05-21,496.0,510.25,513.0,490.0,2044302
ANANTRAJ,2026-05-22,510.0,503.95,517.65,502.3,1419443
ANANTRAJ,2026-05-25,514.05,507.5,514.05,506.0,912547
ANANTRAJ,2026-05-26,506.65,503.8,514.9,502.6,1070652
ANANTRAJ,2026-05-27,504.0,508.3,510.4,500.0,897810
ANANTRAJ,2026-05-28,508.3,508.3,508.3,508.3,0
ANANTRAJ,2026-05-29,510.8,514.15,528.0,504.0,3429985
ANANTRAJ,2026-06-01,522.0,538.65,548.95,517.0,8827842
ANANTRAJ,2026-06-02,560.0,552.2,563.25,546.0,9361239
ANANTRAJ,2026-06-03,550.0,548.0,559.0,540.5,2655115
ANANTRAJ,2026-06-04,542.8,589.35,592.95,542.0,13503181
ANANTRAJ,2026-06-05,595.2,570.05,598.8,566.5,4258654
ANANTRAJ,2026-06-08,557.0,537.3,558.0,531.5,3763712
ANANTRAJ,2026-06-09,540.8,540.75,552.9,535.0,2494493
ANANTRAJ,2026-06-10,541.35,519.35,543.7,517.0,1783778
ANANTRAJ,2026-06-11,514.0,513.25,528.2,510.3,1727954
ANANTRAJ,2026-06-12,520.5,534.75,536.0,520.5,2003498
ANANTRAJ,2026-06-15,545.0,537.3,546.8,535.05,1621264
ANANTRAJ,2026-06-16,541.0,540.7,548.15,535.7,1493144
ANANTRAJ,2026-06-17,541.0,530.9,542.0,528.55,1620936
ANANTRAJ,2026-06-18,532.0,528.75,538.3,525.0,1620107
ANANTRAJ,2026-06-19,527.0,520.2,527.0,516.9,1660399
ANANTRAJ,2026-06-22,523.0,532.3,534.9,521.1,1651719
ANANTRAJ,2026-06-23,531.95,522.8,538.8,521.1,1939150
ANANTRAJ,2026-06-24,520.0,528.6,530.8,517.0,1345998
ANANTRAJ,2026-06-25,530.45,522.55,534.55,520.5,1046702
ANANTRAJ,2026-06-26,522.55,522.55,522.55,522.55,0
ANANTRAJ,2026-06-29,521.35,513.75,523.7,512.0,851636
ANANTRAJ,2026-06-30,514.05,521.25,523.0,511.25,851082
ANANTRAJ,2026-07-01,523.0,516.9,525.9,513.0,876099
ANANTRAJ,2026-07-02,518.0,537.65,542.0,518.0,2163827
ANANTRAJ,2026-07-03,541.0,554.7,556.75,532.45,4106068
ANANTRAJ,2026-07-06,556.9,550.9,560.95,544.1,1983441
ANANTRAJ,2026-07-07,552.6,538.1,555.0,535.75,1257210
ANANTRAJ,2026-07-08,532.0,544.75,572.3,528.2,10130986
ANANTRAJ,2026-07-09,548.1,569.45,572.0,548.1,3209123
ANANTRAJ,2026-07-10,575.0,585.85,589.05,569.7,4488608
ANANTRAJ,2026-07-13,580.0,589.15,591.25,572.0,2623045
ANANTRAJ,2026-07-14,583.0,573.65,588.85,571.0,1367955
ANANTRAJ,2026-07-15,565.0,573.2,584.6,565.0,1138367
ANANTRAJ,2026-07-16,575.7,573.95,585.85,571.0,1633835
ANANTRAJ,2026-07-17,573.75,592.1,595.0,561.0,4283442
ANGELONE,2026-04-17,302.0,322.47,324.4,297.51,80869288
ANGELONE,2026-04-20,322.6,319.16,327.95,314.2,23135454
ANGELONE,2026-04-21,319.35,324.05,326.65,318.73,13064927
ANGELONE,2026-04-22,324.05,328.59,330.23,323.21,11503789
ANGELONE,2026-04-23,328.0,321.21,328.0,320.31,6611292
ANGELONE,2026-04-24,322.81,314.52,323.0,309.51,9294838
ANGELONE,2026-04-27,316.85,318.64,322.98,316.52,5143144
ANGELONE,2026-04-28,318.15,319.27,320.43,316.0,4252695
ANGELONE,2026-04-29,319.27,313.1,323.4,311.79,4413662
ANGELONE,2026-04-30,311.36,308.71,311.55,306.12,3939153
ANGELONE,2026-05-01,308.71,308.71,308.71,308.71,0
ANGELONE,2026-05-04,308.7,307.7,313.5,303.95,5085193
ANGELONE,2026-05-05,307.9,314.4,317.5,303.7,6117395
ANGELONE,2026-05-06,316.75,316.85,318.6,310.6,5077995
ANGELONE,2026-05-07,318.4,322.6,324.7,315.55,6220705
ANGELONE,2026-05-08,322.0,326.0,334.95,319.0,12373135
ANGELONE,2026-05-11,323.75,317.2,326.95,316.15,4569661
ANGELONE,2026-05-12,315.65,299.1,315.95,296.95,8637203
ANGELONE,2026-05-13,300.1,298.15,303.4,297.05,4043706
ANGELONE,2026-05-14,300.3,303.7,306.3,290.8,8288598
ANGELONE,2026-05-15,305.3,306.85,311.55,303.15,6072039
ANGELONE,2026-05-18,302.8,303.95,305.0,298.4,4296924
ANGELONE,2026-05-19,303.95,328.0,330.0,303.9,20805019
ANGELONE,2026-05-20,326.4,325.0,328.55,321.25,6591462
ANGELONE,2026-05-21,327.8,339.65,343.3,327.0,25211127
ANGELONE,2026-05-22,341.95,339.35,345.65,335.65,10307977
ANGELONE,2026-05-25,342.0,346.45,348.7,342.0,8423076
ANGELONE,2026-05-26,347.0,344.45,351.0,343.0,6678864
ANGELONE,2026-05-27,345.0,336.95,350.25,335.05,6777475
ANGELONE,2026-05-28,336.95,336.95,336.95,336.95,0
ANGELONE,2026-05-29,338.45,337.3,344.0,335.3,5635640
ANGELONE,2026-06-01,341.0,335.6,345.55,334.05,6444968
ANGELONE,2026-06-02,334.6,342.65,344.75,331.9,6132413
ANGELONE,2026-06-03,343.0,334.75,343.35,327.6,6426900
ANGELONE,2026-06-04,334.0,337.7,343.55,334.0,6699518
ANGELONE,2026-06-05,337.7,332.6,342.4,319.5,13273649
ANGELONE,2026-06-08,325.9,325.7,334.9,323.0,3744837
ANGELONE,2026-06-09,327.9,337.55,339.2,326.75,3829623
ANGELONE,2026-06-10,339.9,329.85,340.0,328.4,4260935
ANGELONE,2026-06-11,328.0,323.75,334.85,321.65,3670471
ANGELONE,2026-06-12,329.0,339.5,340.3,325.05,7318502
ANGELONE,2026-06-15,344.0,352.3,356.15,342.85,14953832
ANGELONE,2026-06-16,353.0,348.25,353.45,342.9,6190114
ANGELONE,2026-06-17,349.95,348.7,351.5,343.75,5718044
ANGELONE,2026-06-18,350.0,352.8,356.8,347.55,9021106
ANGELONE,2026-06-19,355.0,353.7,360.45,349.65,9378921
ANGELONE,2026-06-22,354.9,354.8,356.2,350.5,3096581
ANGELONE,2026-06-23,354.8,342.1,355.5,339.05,8493464
ANGELONE,2026-06-24,342.0,340.65,344.0,335.75,4035048
ANGELONE,2026-06-25,341.5,335.25,344.75,334.7,3444464
ANGELONE,2026-06-26,335.25,335.25,335.25,335.25,0
ANGELONE,2026-06-29,332.5,328.75,337.45,327.1,4882849
ANGELONE,2026-06-30,329.75,330.65,333.5,328.15,4561949
ANGELONE,2026-07-01,330.0,340.4,342.0,327.55,7010898
ANGELONE,2026-07-02,340.4,346.15,347.85,336.2,7636906
ANGELONE,2026-07-03,342.9,352.25,356.75,342.5,8341417
ANGELONE,2026-07-06,352.0,345.95,352.0,342.1,5928183
ANGELONE,2026-07-07,345.95,335.8,347.6,334.0,7502930
ANGELONE,2026-07-08,335.0,331.2,341.8,327.55,8692324
ANGELONE,2026-07-09,331.35,341.1,342.95,331.35,7522853
ANGELONE,2026-07-10,345.15,346.05,349.5,342.55,4099400
ANGELONE,2026-07-13,342.6,340.25,345.0,335.55,4644480
ANGELONE,2026-07-14,340.0,333.55,340.25,332.2,4844441
ANGELONE,2026-07-15,335.25,343.4,346.3,334.25,9546333
ANGELONE,2026-07-16,347.05,334.8,355.3,332.75,24218915
ANGELONE,2026-07-17,337.05,328.95,337.4,323.05,7923695
ANUP,2026-04-17,2050.0,2022.3,2097.0,2000.9,39485
ANUP,2026-04-20,2030.0,2028.3,2084.8,1986.9,33070
ANUP,2026-04-21,2035.0,2044.7,2067.0,2007.2,25840
ANUP,2026-04-22,2052.0,2052.6,2069.9,2002.9,33154
ANUP,2026-04-23,2052.8,2157.8,2196.5,2052.8,89037
ANUP,2026-04-24,2175.0,2108.8,2191.0,2077.5,44195
ANUP,2026-04-27,2137.0,2215.5,2244.9,2128.0,62175
ANUP,2026-04-28,2200.2,2172.1,2235.1,2152.6,26076
ANUP,2026-04-29,2172.1,2093.1,2200.0,2061.0,63105
ANUP,2026-04-30,2070.0,2062.2,2084.9,2002.4,70531
ANUP,2026-05-04,2062.1,2077.5,2100.9,2040.1,19269
ANUP,2026-05-05,2078.0,2072.2,2120.9,2053.0,20114
ANUP,2026-05-06,2079.0,2121.8,2137.4,2074.4,32236
ANUP,2026-05-07,2121.8,2184.8,2202.0,2121.8,31411
ANUP,2026-05-08,2184.8,2161.9,2199.6,2130.1,30559
ANUP,2026-05-11,2130.0,2067.6,2143.0,2055.2,35695
ANUP,2026-05-12,2075.0,1970.4,2091.9,1937.5,30804
ANUP,2026-05-13,1975.0,1979.2,2030.0,1964.9,23157
ANUP,2026-05-14,1989.0,1961.4,2028.0,1950.0,46293
ANUP,2026-05-15,1961.4,1966.5,1985.0,1948.1,17719
ANUP,2026-05-18,1951.0,1929.6,1955.9,1890.0,22325
ANUP,2026-05-19,1929.6,1955.5,1967.4,1929.2,11459
ANUP,2026-05-20,1944.0,1952.0,1971.8,1912.0,12748
ANUP,2026-05-21,1955.0,1978.4,1986.0,1952.0,15264
ANUP,2026-05-22,1994.0,1977.6,2004.9,1959.1,21340
ANUP,2026-05-25,1970.1,1977.7,2048.6,1965.6,26720
ANUP,2026-05-26,1989.4,1981.2,2018.1,1977.6,33548
ANUP,2026-05-27,1969.0,1947.0,2000.6,1931.8,27574
ANUP,2026-05-28,1947.0,1947.0,1947.0,1947.0,0
ANUP,2026-05-29,1870.0,1840.4,1889.9,1789.1,108373
ANUP,2026-06-01,1866.9,1840.1,1880.0,1802.7,28286
ANUP,2026-06-02,1830.9,1870.3,1880.1,1792.2,37083
ANUP,2026-06-03,1870.3,1934.7,1999.2,1840.1,121290
ANUP,2026-06-04,1934.7,1911.0,1947.9,1896.2,15220
ANUP,2026-06-05,1914.9,1915.3,1946.7,1899.1,17228
ANUP,2026-06-08,1872.0,1902.0,1937.4,1872.0,17138
ANUP,2026-06-09,1902.0,1874.0,1927.9,1849.0,29135
ANUP,2026-06-10,1874.0,1816.2,1904.9,1802.5,24375
ANUP,2026-06-11,1810.0,1798.7,1830.5,1786.2,14564
ANUP,2026-06-12,1834.5,1901.1,1917.0,1798.7,35627
ANUP,2026-06-15,1939.9,1961.1,1998.0,1920.0,63412
ANUP,2026-06-16,1965.4,1964.6,1983.0,1949.8,16444
ANUP,2026-06-17,1964.6,2132.4,2168.0,1964.6,490847
ANUP,2026-06-18,2150.5,2218.8,2244.0,2110.0,83919
ANUP,2026-06-19,2215.1,2246.0,2323.0,2173.7,169129
ANUP,2026-06-22,2256.0,2337.1,2394.9,2256.0,152295
ANUP,2026-06-23,2339.9,2344.8,2394.0,2330.0,59138
ANUP,2026-06-24,2343.7,2278.7,2343.7,2264.1,38717
ANUP,2026-06-25,2290.6,2297.9,2325.0,2263.8,35687
ANUP,2026-06-26,2297.9,2297.9,2297.9,2297.9,0
ANUP,2026-06-29,2314.0,2332.9,2398.8,2270.8,83188
ANUP,2026-06-30,2301.0,2331.3,2350.0,2301.0,24303
ANUP,2026-07-01,2303.0,2307.7,2350.0,2291.4,19611
ANUP,2026-07-02,2308.0,2267.6,2342.1,2244.9,26338
ANUP,2026-07-03,2288.0,2313.4,2353.0,2285.9,38753
ANUP,2026-07-06,2309.1,2308.0,2324.0,2234.2,30702
ANUP,2026-07-07,2308.0,2249.9,2318.8,2241.3,22706
ANUP,2026-07-08,2244.3,2135.3,2262.7,2120.0,41719
ANUP,2026-07-09,2147.9,2153.4,2193.9,2135.7,18807
ANUP,2026-07-10,2153.0,2168.6,2190.0,2137.1,20761
ANUP,2026-07-13,2143.0,2178.9,2190.0,2114.2,25693
ANUP,2026-07-14,2189.0,2175.8,2211.3,2124.0,31747
ANUP,2026-07-15,2157.3,2180.8,2220.0,2157.3,9949
ANUP,2026-07-16,2195.9,2153.5,2200.2,2140.0,12904
ANUP,2026-07-17,2170.2,2166.3,2176.9,2123.1,13068
APARINDS,2026-04-17,11339.5,11482.0,11779.0,11266.0,204223
APARINDS,2026-04-20,11520.0,11977.0,12065.0,11380.5,183666
APARINDS,2026-04-21,12049.5,11714.0,12327.5,11646.5,139779
APARINDS,2026-04-22,11770.0,11789.0,12049.5,11721.5,118067
APARINDS,2026-04-23,11760.0,11838.0,12238.5,11702.0,160375
APARINDS,2026-04-24,11884.0,11532.0,12009.5,11379.5,94911
APARINDS,2026-04-27,11707.5,12135.0,12195.0,11636.0,133569
APARINDS,2026-04-28,12195.5,11862.0,12320.5,11701.0,110483
APARINDS,2026-04-29,11996.0,12387.5,12485.5,11855.0,181004
APARINDS,2026-04-30,12447.0,12331.0,12850.0,12263.5,191647
APARINDS,2026-05-01,12331.0,12331.0,12331.0,12331.0,0
APARINDS,2026-05-04,12545.0,12442.0,12550.0,12115.0,107890
APARINDS,2026-05-05,12460.0,12794.0,12810.0,12415.0,131933
APARINDS,2026-05-06,12900.0,12384.0,12900.0,12340.0,102133
APARINDS,2026-05-07,12478.0,12801.0,12862.0,12423.0,151696
APARINDS,2026-05-08,12850.0,12810.0,12890.0,12723.0,51050
APARINDS,2026-05-11,12801.0,12843.0,12910.0,12628.0,68820
APARINDS,2026-05-12,12800.0,12459.0,12998.0,12395.0,87962
APARINDS,2026-05-13,12459.0,12424.0,12795.0,12360.0,59813
APARINDS,2026-05-14,12600.0,12735.0,12799.0,12350.0,77388
APARINDS,2026-05-15,12730.0,12650.0,13024.0,12505.0,56782
APARINDS,2026-05-18,12571.0,12154.0,12571.0,11911.0,116704
APARINDS,2026-05-19,12220.0,12327.0,12393.0,11864.0,82373
APARINDS,2026-05-20,12150.0,12676.0,12748.0,12141.0,77431
APARINDS,2026-05-21,12726.0,12855.0,12888.0,12591.0,67277
APARINDS,2026-05-22,12910.0,12782.0,13149.0,12725.0,67964
APARINDS,2026-05-25,12832.0,12480.0,13079.0,12412.0,93225
APARINDS,2026-05-26,12480.0,12536.0,12780.0,12460.0,73038
APARINDS,2026-05-27,12548.0,13426.0,13580.0,12545.0,241856
APARINDS,2026-05-28,13426.0,13426.0,13426.0,13426.0,0
APARINDS,2026-05-29,13500.0,13118.0,13500.0,12760.0,338022
APARINDS,2026-06-01,13120.0,12801.0,13299.0,12578.0,129624
APARINDS,2026-06-02,12801.0,13270.0,13325.0,12511.0,128084
APARINDS,2026-06-03,13270.0,13538.0,14080.0,13270.0,231576
APARINDS,2026-06-04,13570.0,13709.0,13825.0,13428.0,159520
APARINDS,2026-06-05,13825.0,13878.0,14174.0,13655.0,100710
APARINDS,2026-06-08,13335.0,13276.0,13655.0,13208.0,100393
APARINDS,2026-06-09,13399.0,13609.0,13799.0,13286.0,80251
APARINDS,2026-06-10,13743.0,14085.0,14246.0,13552.0,192063
APARINDS,2026-06-11,14065.0,14551.0,14970.0,14025.0,424301
APARINDS,2026-06-12,14823.0,15221.0,15340.0,14733.0,271159
APARINDS,2026-06-15,15600.0,15986.0,16174.0,15373.0,235859
APARINDS,2026-06-16,16160.0,16168.0,16475.0,15833.0,207124
APARINDS,2026-06-17,16168.0,16103.0,16470.0,15791.0,210837
APARINDS,2026-06-18,16190.0,15812.0,16686.0,15671.0,186120
APARINDS,2026-06-19,15849.0,16280.0,16375.0,15612.0,118830
APARINDS,2026-06-22,16361.0,16172.0,16375.0,16015.0,81837
APARINDS,2026-06-23,16380.0,16654.0,16750.0,16334.0,189822
APARINDS,2026-06-24,16654.0,16665.0,17157.0,16569.0,155279
APARINDS,2026-06-25,16735.0,16022.0,16756.0,15924.0,162297
APARINDS,2026-06-26,16022.0,16022.0,16022.0,16022.0,0
APARINDS,2026-06-29,16022.0,15986.0,16353.0,15575.0,320866
APARINDS,2026-06-30,16081.0,15695.0,16125.0,15655.0,125242
APARINDS,2026-07-01,15849.0,14598.0,15849.0,14501.0,261072
APARINDS,2026-07-02,14598.0,15101.0,15175.0,13963.0,262252
APARINDS,2026-07-03,15170.0,14174.0,15170.0,13975.0,290910
APARINDS,2026-07-06,14139.0,14323.0,14617.0,14100.0,112201
APARINDS,2026-07-07,14490.0,14154.0,14815.0,14055.0,130859
APARINDS,2026-07-08,14101.0,13443.0,14246.0,13401.0,158359
APARINDS,2026-07-09,13470.0,14070.0,14150.0,13470.0,119371
APARINDS,2026-07-10,14170.0,14058.0,14240.0,13882.0,48791
APARINDS,2026-07-13,13950.0,13847.0,14100.0,13705.0,64988
APARINDS,2026-07-14,13750.0,13595.0,13837.0,13500.0,87498
APARINDS,2026-07-15,13665.0,14136.0,14265.0,13665.0,129751
APARINDS,2026-07-16,14190.0,14205.0,14250.0,13787.0,86360
APARINDS,2026-07-17,14198.0,13836.0,14198.0,13740.0,61575
APLAPOLLO,2026-04-17,2059.8,2105.7,2118.0,2042.1,725283
APLAPOLLO,2026-04-20,2120.1,2143.9,2150.7,2087.5,1061518
APLAPOLLO,2026-04-21,2165.0,2106.6,2173.0,2092.6,593683
APLAPOLLO,2026-04-22,2115.2,2121.9,2126.0,2101.6,263001
APLAPOLLO,2026-04-23,2121.1,2022.9,2121.1,2017.0,568645
APLAPOLLO,2026-04-24,2028.0,2004.5,2039.5,1979.0,581997
APLAPOLLO,2026-04-27,2015.0,1987.7,2050.0,1985.0,405891
APLAPOLLO,2026-04-28,2008.3,1976.0,2014.8,1958.0,955891
APLAPOLLO,2026-04-29,1989.4,1966.6,1998.4,1959.5,373009
APLAPOLLO,2026-04-30,1956.5,1905.0,1960.0,1895.5,724377
APLAPOLLO,2026-05-01,1905.0,1905.0,1905.0,1905.0,0
APLAPOLLO,2026-05-04,1910.1,1873.0,1930.3,1830.0,2345967
APLAPOLLO,2026-05-05,1882.6,1870.6,1882.6,1848.1,1091446
APLAPOLLO,2026-05-06,1899.9,1914.7,1921.0,1869.0,1099178
APLAPOLLO,2026-05-07,1932.7,1973.7,1983.0,1925.7,1360049
APLAPOLLO,2026-05-08,1986.8,1948.6,2011.7,1943.4,639610
APLAPOLLO,2026-05-11,1954.0,1949.8,1967.6,1926.9,776096
APLAPOLLO,2026-05-12,1953.0,1881.2,1962.0,1876.1,482177
APLAPOLLO,2026-05-13,1869.1,1891.1,1906.3,1865.2,242539
APLAPOLLO,2026-05-14,1910.0,1890.1,1912.7,1840.3,368390
APLAPOLLO,2026-05-15,1893.0,1890.2,1900.6,1870.6,332460
APLAPOLLO,2026-05-18,1889.0,1876.0,1896.1,1843.1,346633
APLAPOLLO,2026-05-19,1882.0,1864.5,1888.9,1853.6,352685
APLAPOLLO,2026-05-20,1848.7,1857.1,1874.5,1821.7,583170
APLAPOLLO,2026-05-21,1879.2,1860.6,1882.9,1842.3,458591
APLAPOLLO,2026-05-22,1863.8,1880.5,1885.0,1845.0,285536
APLAPOLLO,2026-05-25,1900.0,1898.6,1908.9,1875.0,622447
APLAPOLLO,2026-05-26,1898.0,1874.1,1898.0,1859.0,1374115
APLAPOLLO,2026-05-27,1872.1,1867.7,1943.4,1854.0,826764
APLAPOLLO,2026-05-28,1867.7,1867.7,1867.7,1867.7,0
APLAPOLLO,2026-05-29,1897.9,1831.1,1897.9,1820.0,1955412
APLAPOLLO,2026-06-01,1834.7,1788.3,1841.0,1783.6,940088
APLAPOLLO,2026-06-02,1770.0,1769.2,1794.2,1736.0,1428766
APLAPOLLO,2026-06-03,1769.2,1805.4,1815.0,1750.2,504434
APLAPOLLO,2026-06-04,1797.7,1808.4,1823.0,1792.7,858119
APLAPOLLO,2026-06-05,1810.0,1822.6,1854.7,1810.0,985798
APLAPOLLO,2026-06-08,1810.0,1817.7,1834.4,1779.2,996223
APLAPOLLO,2026-06-09,1816.0,1799.0,1829.6,1792.2,379643
APLAPOLLO,2026-06-10,1790.0,1762.4,1802.3,1757.3,411076
APLAPOLLO,2026-06-11,1750.0,1764.1,1776.5,1743.7,473764
APLAPOLLO,2026-06-12,1780.1,1817.6,1822.6,1758.3,737749
APLAPOLLO,2026-06-15,1832.2,1833.8,1851.3,1817.6,1936421
APLAPOLLO,2026-06-16,1842.9,1842.0,1854.0,1826.6,385126
APLAPOLLO,2026-06-17,1842.0,1854.6,1871.8,1825.4,590671
APLAPOLLO,2026-06-18,1864.0,1860.9,1865.0,1847.0,290603
APLAPOLLO,2026-06-19,1860.0,1871.6,1878.5,1846.1,502095
APLAPOLLO,2026-06-22,1878.0,1854.9,1878.3,1847.0,268023
APLAPOLLO,2026-06-23,1854.5,1842.0,1859.9,1834.1,554835
APLAPOLLO,2026-06-24,1833.2,1826.2,1843.2,1803.2,365705
APLAPOLLO,2026-06-25,1835.0,1793.5,1837.5,1788.3,685588
APLAPOLLO,2026-06-26,1793.5,1793.5,1793.5,1793.5,0
APLAPOLLO,2026-06-29,1799.9,1787.5,1809.1,1779.9,520386
APLAPOLLO,2026-06-30,1780.6,1788.7,1799.1,1768.2,890251
APLAPOLLO,2026-07-01,1799.0,1785.1,1799.0,1750.1,765345
APLAPOLLO,2026-07-02,1785.0,1788.3,1810.0,1772.6,622177
APLAPOLLO,2026-07-03,1805.0,1788.0,1818.7,1771.9,1587791
APLAPOLLO,2026-07-06,1809.4,1804.5,1838.7,1789.2,553044
APLAPOLLO,2026-07-07,1821.8,1819.8,1833.1,1809.9,553318
APLAPOLLO,2026-07-08,1819.8,1809.6,1827.0,1793.1,967207
APLAPOLLO,2026-07-09,1809.9,1785.9,1817.4,1783.0,545781
APLAPOLLO,2026-07-10,1804.0,1835.9,1842.0,1793.8,574806
APLAPOLLO,2026-07-13,1828.9,1828.7,1835.9,1808.1,424716
APLAPOLLO,2026-07-14,1823.9,1799.0,1830.8,1795.5,320507
APLAPOLLO,2026-07-15,1804.0,1817.2,1826.0,1795.0,257930
APLAPOLLO,2026-07-16,1817.1,1792.5,1820.7,1790.0,354991
APLAPOLLO,2026-07-17,1800.0,1795.4,1807.4,1789.2,311231
APOLLO,2026-04-17,244.45,282.9,287.0,243.4,53344279
APOLLO,2026-04-20,287.0,289.29,299.6,278.44,38761214
APOLLO,2026-04-21,289.95,286.93,292.99,283.12,14120772
APOLLO,2026-04-22,285.0,287.25,296.54,284.2,9161435
APOLLO,2026-04-23,287.0,290.96,299.0,270.6,18319393
APOLLO,2026-04-24,293.0,283.9,296.6,281.2,8202914
APOLLO,2026-04-27,285.0,301.19,307.3,282.0,26167705
APOLLO,2026-04-28,302.0,305.9,312.34,298.25,13974840
APOLLO,2026-04-29,307.4,296.36,312.0,291.93,9430901
APOLLO,2026-04-30,295.0,297.11,300.99,290.62,6447222
APOLLO,2026-05-01,297.11,297.11,297.11,297.11,0
APOLLO,2026-05-04,299.95,295.6,302.1,287.45,5250657
APOLLO,2026-05-05,295.0,308.05,310.65,294.35,13168729
APOLLO,2026-05-06,310.0,312.75,320.0,308.0,11618016
APOLLO,2026-05-07,314.9,314.55,315.6,307.05,5992021
APOLLO,2026-05-08,313.15,324.85,337.8,313.15,19953918
APOLLO,2026-05-11,324.95,317.7,327.4,315.2,6678648
APOLLO,2026-05-12,316.35,294.85,318.4,292.65,10603247
APOLLO,2026-05-13,295.0,304.35,308.9,294.5,6879952
APOLLO,2026-05-14,307.4,305.55,309.5,297.05,5530323
APOLLO,2026-05-15,306.75,294.55,307.65,290.6,5153332
APOLLO,2026-05-18,294.55,311.0,320.35,283.25,13102842
APOLLO,2026-05-19,326.8,340.7,357.7,317.8,114856385
APOLLO,2026-05-20,340.75,356.7,369.4,340.75,73859367
APOLLO,2026-05-21,362.5,358.6,377.7,353.0,53090161
APOLLO,2026-05-22,358.55,355.05,361.85,347.6,24623537
APOLLO,2026-05-25,360.0,408.2,419.8,360.0,89965101
APOLLO,2026-05-26,409.5,412.1,428.7,403.3,67331319
APOLLO,2026-05-27,412.9,417.85,433.8,408.05,44512706
APOLLO,2026-05-28,417.85,417.85,417.85,417.85,0
APOLLO,2026-05-29,419.4,409.0,421.6,403.0,19000777
APOLLO,2026-06-01,410.55,404.15,429.8,398.7,31964502
APOLLO,2026-06-02,402.85,437.0,442.0,401.45,42775590
APOLLO,2026-06-03,441.0,407.55,446.9,402.5,42624969
APOLLO,2026-06-04,411.0,419.2,424.55,408.1,30125129
APOLLO,2026-06-05,422.0,421.35,432.7,414.85,27746500
APOLLO,2026-06-08,413.0,407.0,431.2,404.15,26242719
APOLLO,2026-06-09,412.05,413.05,419.7,405.4,25552550
APOLLO,2026-06-10,415.5,398.05,418.3,395.1,13662921
APOLLO,2026-06-11,396.9,381.75,403.35,377.25,19931494
APOLLO,2026-06-12,389.0,409.4,411.0,387.1,24583322
APOLLO,2026-06-15,415.0,421.65,430.9,410.2,27989987
APOLLO,2026-06-16,423.8,435.45,440.0,420.0,23201520
APOLLO,2026-06-17,437.4,438.75,444.4,433.1,18335886
APOLLO,2026-06-18,440.95,426.6,442.9,422.5,12647378
APOLLO,2026-06-19,426.6,433.15,435.0,420.6,10218594
APOLLO,2026-06-22,435.6,424.75,440.5,422.15,9002384
APOLLO,2026-06-23,426.5,406.95,428.0,405.35,9278076
APOLLO,2026-06-24,407.0,395.0,414.8,392.0,10233282
APOLLO,2026-06-25,397.4,384.4,401.7,381.8,11549848
APOLLO,2026-06-26,384.4,384.4,384.4,384.4,0
APOLLO,2026-06-29,386.45,407.15,411.6,380.75,25347697
APOLLO,2026-06-30,409.5,424.75,429.75,409.25,23073789
APOLLO,2026-07-01,428.0,418.85,428.0,414.05,7249156
APOLLO,2026-07-02,420.15,439.55,442.0,417.5,17880802
APOLLO,2026-07-03,443.0,450.05,466.5,441.9,35471294
APOLLO,2026-07-06,452.0,423.85,461.35,418.15,31808013
APOLLO,2026-07-07,427.0,401.35,430.4,397.1,26468479
APOLLO,2026-07-08,402.25,393.4,409.0,391.0,16025158
APOLLO,2026-07-09,395.0,398.3,401.15,387.05,14168770
APOLLO,2026-07-10,413.0,408.85,418.2,403.75,17566635
APOLLO,2026-07-13,408.0,402.85,408.65,400.5,5541475
APOLLO,2026-07-14,402.4,405.9,412.5,394.6,9302070
APOLLO,2026-07-15,405.95,404.75,409.9,401.8,6061908
APOLLO,2026-07-16,406.0,398.4,406.75,395.5,4383003
APOLLO,2026-07-17,398.4,397.8,400.0,392.0,4132232
ASIANPAINT,2026-04-17,2425.0,2464.0,2486.1,2417.5,1286575
ASIANPAINT,2026-04-20,2470.0,2516.8,2523.8,2456.5,1203157
ASIANPAINT,2026-04-21,2516.3,2543.6,2582.0,2513.7,1681872
ASIANPAINT,2026-04-22,2500.0,2562.9,2572.0,2500.0,1126584
ASIANPAINT,2026-04-23,2530.0,2521.4,2541.7,2510.0,1378614
ASIANPAINT,2026-04-24,2521.4,2485.1,2538.9,2470.7,436871
ASIANPAINT,2026-04-27,2503.0,2485.2,2519.8,2475.5,452134
ASIANPAINT,2026-04-28,2475.0,2462.6,2499.0,2456.1,556571
ASIANPAINT,2026-04-29,2469.9,2447.3,2477.9,2438.6,603585
ASIANPAINT,2026-04-30,2426.7,2444.5,2455.9,2385.5,823684
ASIANPAINT,2026-05-01,2444.5,2444.5,2444.5,2444.5,0
ASIANPAINT,2026-05-04,2460.0,2448.1,2507.0,2442.3,581159
ASIANPAINT,2026-05-05,2430.0,2430.0,2454.9,2415.0,327682
ASIANPAINT,2026-05-06,2460.0,2519.0,2529.0,2440.4,1395987
ASIANPAINT,2026-05-07,2534.6,2530.6,2555.8,2511.3,1053513
ASIANPAINT,2026-05-08,2540.0,2599.9,2607.4,2515.4,2327900
ASIANPAINT,2026-05-11,2578.9,2566.1,2607.9,2555.0,1271257
ASIANPAINT,2026-05-12,2546.2,2505.5,2555.7,2500.0,628802
ASIANPAINT,2026-05-13,2554.0,2617.6,2642.4,2554.0,3515018
ASIANPAINT,2026-05-14,2620.0,2622.2,2665.7,2610.0,1040916
ASIANPAINT,2026-05-15,2622.2,2605.6,2640.0,2592.8,796240
ASIANPAINT,2026-05-18,2580.1,2614.0,2619.4,2556.0,898479
ASIANPAINT,2026-05-19,2629.0,2600.7,2646.0,2595.1,688639
ASIANPAINT,2026-05-20,2562.0,2598.6,2614.0,2562.0,586190
ASIANPAINT,2026-05-21,2625.0,2598.8,2648.3,2590.8,1031843
ASIANPAINT,2026-05-22,2606.1,2639.8,2664.7,2600.2,1556434
ASIANPAINT,2026-05-25,2672.0,2657.8,2684.1,2653.2,815621
ASIANPAINT,2026-05-26,2650.0,2647.0,2664.3,2635.9,486267
ASIANPAINT,2026-05-27,2644.8,2671.9,2689.6,2642.0,858457
ASIANPAINT,2026-05-28,2671.9,2671.9,2671.9,2671.9,0
ASIANPAINT,2026-05-29,2676.1,2671.6,2748.2,2631.6,5062328
ASIANPAINT,2026-06-01,2732.6,2632.4,2778.8,2626.7,2224344
ASIANPAINT,2026-06-02,2626.1,2660.7,2672.1,2607.9,1026319
ASIANPAINT,2026-06-03,2652.1,2662.4,2676.0,2624.7,958774
ASIANPAINT,2026-06-04,2663.9,2661.6,2698.8,2644.9,1840743
ASIANPAINT,2026-06-05,2666.0,2686.7,2699.8,2665.0,1615011
ASIANPAINT,2026-06-08,2643.3,2659.2,2675.0,2630.1,1262904
ASIANPAINT,2026-06-09,2666.2,2708.1,2719.0,2661.5,1416560
ASIANPAINT,2026-06-10,2711.1,2715.1,2744.0,2700.0,1395772
ASIANPAINT,2026-06-11,2693.9,2690.9,2706.7,2671.0,771558
ASIANPAINT,2026-06-12,2725.7,2747.4,2753.0,2709.4,1078025
ASIANPAINT,2026-06-15,2820.3,2739.3,2832.7,2730.0,2752021
ASIANPAINT,2026-06-16,2741.0,2748.1,2771.0,2735.0,962931
ASIANPAINT,2026-06-17,2764.0,2738.0,2768.9,2732.5,557209
ASIANPAINT,2026-06-18,2745.0,2755.0,2765.0,2728.2,600888
ASIANPAINT,2026-06-19,2752.9,2732.9,2752.9,2718.8,838991
ASIANPAINT,2026-06-22,2742.7,2674.0,2756.5,2670.0,1033475
ASIANPAINT,2026-06-23,2669.0,2661.2,2695.4,2650.1,1182151
ASIANPAINT,2026-06-24,2662.0,2667.5,2687.6,2653.6,1264476
ASIANPAINT,2026-06-25,2690.0,2645.2,2690.7,2637.1,2050810
ASIANPAINT,2026-06-26,2645.2,2645.2,2645.2,2645.2,0
ASIANPAINT,2026-06-29,2631.3,2656.9,2687.8,2630.0,4752587
ASIANPAINT,2026-06-30,2658.0,2635.7,2672.1,2630.3,1821479
ASIANPAINT,2026-07-01,2648.0,2716.4,2723.0,2624.0,1097512
ASIANPAINT,2026-07-02,2720.0,2744.5,2759.9,2711.0,1629567
ASIANPAINT,2026-07-03,2744.0,2737.8,2762.4,2730.0,472124
ASIANPAINT,2026-07-06,2724.0,2754.9,2758.0,2722.0,504943
ASIANPAINT,2026-07-07,2750.0,2731.4,2751.8,2726.4,489066
ASIANPAINT,2026-07-08,2676.6,2665.9,2713.1,2653.3,1481672
ASIANPAINT,2026-07-09,2658.0,2673.8,2722.8,2656.0,918568
ASIANPAINT,2026-07-10,2695.0,2677.8,2728.2,2672.9,982095
ASIANPAINT,2026-07-13,2650.5,2652.1,2664.4,2630.1,1107802
ASIANPAINT,2026-07-14,2604.0,2641.0,2655.9,2579.9,975301
ASIANPAINT,2026-07-15,2644.9,2670.0,2684.0,2644.9,809114
ASIANPAINT,2026-07-16,2688.0,2674.7,2693.1,2660.1,455037
ASIANPAINT,2026-07-17,2665.0,2689.0,2700.0,2665.0,452284
ASTEC,2026-04-17,735.0,726.8,769.4,720.0,367983
ASTEC,2026-04-20,720.05,706.5,727.95,701.0,71559
ASTEC,2026-04-21,705.0,698.1,718.0,692.0,37325
ASTEC,2026-04-22,698.0,740.6,746.0,697.8,202085
ASTEC,2026-04-23,736.0,734.4,750.5,727.7,52538
ASTEC,2026-04-24,739.85,720.8,739.85,705.85,39157
ASTEC,2026-04-27,731.6,749.9,769.7,722.0,96049
ASTEC,2026-04-28,758.0,726.75,758.0,720.0,75483
ASTEC,2026-04-29,733.0,700.4,735.5,692.45,74300
ASTEC,2026-04-30,700.0,694.7,706.95,681.25,52357
ASTEC,2026-05-01,694.7,694.7,694.7,694.7,0
ASTEC,2026-05-04,688.0,712.6,725.0,688.0,41475
ASTEC,2026-05-05,720.4,673.75,720.4,665.0,152427
ASTEC,2026-05-06,687.95,712.15,723.0,674.15,72315
ASTEC,2026-05-07,703.0,715.25,719.0,700.0,40120
ASTEC,2026-05-08,715.25,710.7,717.45,703.3,27291
ASTEC,2026-05-11,701.0,694.25,701.8,688.15,19676
ASTEC,2026-05-12,690.0,671.5,700.45,665.0,24481
ASTEC,2026-05-13,675.0,668.4,695.0,654.05,37196
ASTEC,2026-05-14,670.0,657.2,684.45,654.0,28712
ASTEC,2026-05-15,667.05,675.8,690.2,652.2,40962
ASTEC,2026-05-18,666.0,754.75,797.0,647.95,2406169
ASTEC,2026-05-19,748.0,738.75,761.85,723.0,196637
ASTEC,2026-05-20,737.95,751.55,778.65,724.9,116974
ASTEC,2026-05-21,758.0,736.65,758.95,731.0,41584
ASTEC,2026-05-22,742.3,771.8,788.15,723.9,120066
ASTEC,2026-05-25,775.0,752.9,775.35,750.0,37108
ASTEC,2026-05-26,752.9,746.95,769.8,742.3,36617
ASTEC,2026-05-27,749.0,761.25,785.0,743.55,77725
ASTEC,2026-05-28,761.25,761.25,761.25,761.25,0
ASTEC,2026-05-29,763.5,770.95,850.0,755.65,585738
ASTEC,2026-06-01,769.7,738.25,773.0,732.5,38797
ASTEC,2026-06-02,727.2,787.9,822.75,722.6,365978
ASTEC,2026-06-03,778.3,782.85,848.85,772.1,386835
ASTEC,2026-06-04,780.55,777.25,797.6,771.5,38623
ASTEC,2026-06-05,776.9,758.0,800.75,755.05,45986
ASTEC,2026-06-08,757.0,771.25,824.6,741.3,245650
ASTEC,2026-06-09,774.9,794.75,815.0,774.9,103633
ASTEC,2026-06-10,789.0,775.95,809.9,769.4,78105
ASTEC,2026-06-11,778.7,771.5,784.3,761.0,31487
ASTEC,2026-06-12,787.7,769.6,791.45,768.05,27813
ASTEC,2026-06-15,777.5,762.95,794.75,760.05,81236
ASTEC,2026-06-16,774.35,789.9,794.0,766.05,60206
ASTEC,2026-06-17,794.95,789.45,808.0,784.2,63546
ASTEC,2026-06-18,794.2,793.85,796.8,786.6,22283
ASTEC,2026-06-19,793.0,797.7,808.6,786.65,32100
ASTEC,2026-06-22,797.75,777.5,824.0,775.0,43816
ASTEC,2026-06-23,779.0,768.35,796.4,764.05,24343
ASTEC,2026-06-24,771.05,751.9,775.0,749.25,39357
ASTEC,2026-06-25,754.0,725.45,765.9,720.3,68202
ASTEC,2026-06-26,725.45,725.45,725.45,725.45,0
ASTEC,2026-06-29,722.0,712.7,731.95,705.0,24708
ASTEC,2026-06-30,710.1,711.25,725.0,703.4,20569
ASTEC,2026-07-01,705.0,713.65,730.75,705.0,27790
ASTEC,2026-07-02,729.95,721.95,749.0,712.85,91387
ASTEC,2026-07-03,720.0,709.9,730.0,707.4,28221
ASTEC,2026-07-06,710.0,699.4,723.95,695.0,41481
ASTEC,2026-07-07,702.45,687.15,709.55,676.95,24471
ASTEC,2026-07-08,686.0,670.15,718.45,665.0,29461
ASTEC,2026-07-09,677.2,686.65,690.5,670.45,19527
ASTEC,2026-07-10,690.0,689.2,707.65,685.0,22193
ASTEC,2026-07-13,690.2,686.65,690.2,682.0,11613
ASTEC,2026-07-14,687.0,682.45,687.0,681.0,5294
ASTEC,2026-07-15,682.45,682.7,708.95,678.0,53085
ASTEC,2026-07-16,682.7,700.45,720.0,680.1,186135
ASTEC,2026-07-17,696.95,690.75,718.0,687.05,32594
ASTRAL,2026-04-17,1580.0,1605.0,1633.3,1562.9,1631264
ASTRAL,2026-04-20,1605.0,1591.4,1618.4,1580.0,793939
ASTRAL,2026-04-21,1585.0,1582.5,1606.1,1570.0,697463
ASTRAL,2026-04-22,1585.9,1589.6,1602.6,1578.0,555897
ASTRAL,2026-04-23,1585.0,1574.9,1594.5,1562.8,414330
ASTRAL,2026-04-24,1578.3,1563.2,1591.0,1551.9,2390129
ASTRAL,2026-04-27,1565.0,1535.0,1598.0,1530.0,535721
ASTRAL,2026-04-28,1545.5,1548.9,1558.9,1532.0,468230
ASTRAL,2026-04-29,1557.0,1552.8,1601.0,1544.2,803166
ASTRAL,2026-04-30,1546.0,1529.7,1548.9,1520.6,333474
ASTRAL,2026-05-01,1529.7,1529.7,1529.7,1529.7,0
ASTRAL,2026-05-04,1534.3,1559.6,1574.3,1534.3,378546
ASTRAL,2026-05-05,1570.0,1531.6,1570.0,1528.5,259756
ASTRAL,2026-05-06,1545.0,1576.1,1588.7,1533.1,542926
ASTRAL,2026-05-07,1577.9,1569.1,1597.8,1561.9,984891
ASTRAL,2026-05-08,1565.2,1569.8,1594.6,1565.2,488596
ASTRAL,2026-05-11,1571.1,1572.1,1590.0,1560.0,471229
ASTRAL,2026-05-12,1565.0,1527.6,1579.6,1524.1,312623
ASTRAL,2026-05-13,1521.4,1544.0,1571.5,1503.0,425281
ASTRAL,2026-05-14,1544.1,1561.3,1568.3,1526.4,304800
ASTRAL,2026-05-15,1568.7,1550.8,1588.0,1547.1,328906
ASTRAL,2026-05-18,1539.0,1545.7,1568.5,1512.5,414511
ASTRAL,2026-05-19,1545.0,1448.9,1545.7,1440.5,2377878
ASTRAL,2026-05-20,1432.2,1443.7,1472.7,1431.6,769323
ASTRAL,2026-05-21,1468.0,1480.0,1488.9,1459.0,862861
ASTRAL,2026-05-22,1481.8,1541.7,1548.9,1481.0,1094826
ASTRAL,2026-05-25,1566.0,1552.3,1566.6,1540.5,434838
ASTRAL,2026-05-26,1559.9,1578.8,1590.0,1545.6,602697
ASTRAL,2026-05-27,1577.9,1598.6,1604.9,1569.2,477086
ASTRAL,2026-05-28,1598.6,1598.6,1598.6,1598.6,0
ASTRAL,2026-05-29,1596.0,1578.2,1614.8,1568.2,3173296
ASTRAL,2026-06-01,1595.0,1533.1,1595.0,1526.0,324692
ASTRAL,2026-06-02,1494.4,1526.7,1535.5,1490.5,1003364
ASTRAL,2026-06-03,1534.3,1536.9,1548.7,1517.2,727937
ASTRAL,2026-06-04,1532.0,1549.3,1557.8,1525.2,641252
ASTRAL,2026-06-05,1555.0,1518.8,1564.4,1513.6,391870
ASTRAL,2026-06-08,1500.0,1511.2,1548.6,1493.0,339220
ASTRAL,2026-06-09,1520.0,1526.0,1531.0,1511.6,360987
ASTRAL,2026-06-10,1527.9,1501.5,1554.0,1495.4,260088
ASTRAL,2026-06-11,1500.0,1490.2,1516.3,1485.5,297403
ASTRAL,2026-06-12,1514.0,1508.6,1531.6,1498.0,833425
ASTRAL,2026-06-15,1531.0,1544.8,1554.9,1518.0,593856
ASTRAL,2026-06-16,1557.8,1564.0,1574.3,1542.6,468642
ASTRAL,2026-06-17,1564.0,1565.2,1575.0,1538.1,453217
ASTRAL,2026-06-18,1575.0,1565.7,1583.3,1561.2,618123
ASTRAL,2026-06-19,1560.0,1542.1,1563.8,1525.3,464128
ASTRAL,2026-06-22,1546.0,1557.8,1564.8,1546.0,158344
ASTRAL,2026-06-23,1560.0,1523.4,1573.9,1517.3,270324
ASTRAL,2026-06-24,1530.9,1536.7,1540.0,1515.7,338961
ASTRAL,2026-06-25,1532.1,1486.9,1536.0,1483.4,987298
ASTRAL,2026-06-26,1486.9,1486.9,1486.9,1486.9,0
ASTRAL,2026-06-29,1417.0,1368.0,1423.0,1339.0,3768791
ASTRAL,2026-06-30,1381.6,1335.6,1387.0,1329.0,1726032
ASTRAL,2026-07-01,1339.0,1362.1,1369.0,1336.6,941375
ASTRAL,2026-07-02,1370.0,1363.2,1374.5,1351.7,806625
ASTRAL,2026-07-03,1370.0,1385.0,1387.2,1351.0,506210
ASTRAL,2026-07-06,1402.0,1389.0,1411.8,1376.0,809070
ASTRAL,2026-07-07,1388.0,1359.5,1388.0,1354.4,457636
ASTRAL,2026-07-08,1359.0,1336.0,1359.0,1327.3,612098
ASTRAL,2026-07-09,1336.0,1317.1,1348.8,1311.6,527329
ASTRAL,2026-07-10,1323.9,1333.8,1337.9,1312.9,536850
ASTRAL,2026-07-13,1333.0,1330.9,1335.0,1315.1,269697
ASTRAL,2026-07-14,1344.4,1358.5,1378.0,1332.1,956486
ASTRAL,2026-07-15,1364.6,1359.8,1365.1,1346.7,361185
ASTRAL,2026-07-16,1370.0,1377.0,1389.7,1348.7,727432
ASTRAL,2026-07-17,1370.0,1377.8,1381.8,1362.1,624569
ASTRAMICRO,2026-04-17,1083.0,1093.45,1099.0,1071.0,627157
ASTRAMICRO,2026-04-20,1089.1,1064.55,1093.25,1055.8,286258
ASTRAMICRO,2026-04-21,1064.4,1111.1,1115.5,1062.0,789726
ASTRAMICRO,2026-04-22,1119.7,1129.75,1135.0,1111.5,458961
ASTRAMICRO,2026-04-23,1131.05,1135.55,1142.75,1095.0,471977
ASTRAMICRO,2026-04-24,1145.0,1123.75,1146.0,1108.2,282589
ASTRAMICRO,2026-04-27,1134.9,1138.35,1149.0,1129.65,284124
ASTRAMICRO,2026-04-28,1140.0,1096.3,1141.95,1092.0,256845
ASTRAMICRO,2026-04-29,1103.0,1108.25,1119.25,1082.7,286873
ASTRAMICRO,2026-04-30,1102.75,1125.2,1132.8,1085.05,255563
ASTRAMICRO,2026-05-01,1125.2,1125.2,1125.2,1125.2,0
ASTRAMICRO,2026-05-04,1134.0,1110.7,1140.0,1102.9,220861
ASTRAMICRO,2026-05-05,1111.7,1104.1,1129.0,1099.5,232560
ASTRAMICRO,2026-05-06,1096.0,1088.2,1110.2,1079.7,452109
ASTRAMICRO,2026-05-07,1092.0,1162.5,1168.8,1088.4,975489
ASTRAMICRO,2026-05-08,1170.0,1147.4,1179.0,1142.2,534180
ASTRAMICRO,2026-05-11,1145.0,1135.2,1174.0,1126.0,516039
ASTRAMICRO,2026-05-12,1130.0,1108.7,1150.5,1104.5,420897
ASTRAMICRO,2026-05-13,1101.0,1111.2,1137.9,1101.0,193465
ASTRAMICRO,2026-05-14,1124.4,1112.0,1133.6,1097.0,181464
ASTRAMICRO,2026-05-15,1118.0,1106.6,1129.8,1101.0,138749
ASTRAMICRO,2026-05-18,1106.6,1087.2,1113.9,1074.0,196833
ASTRAMICRO,2026-05-19,1087.1,1092.7,1110.0,1083.0,136976
ASTRAMICRO,2026-05-20,1084.6,1154.1,1158.8,1070.1,697656
ASTRAMICRO,2026-05-21,1160.0,1184.5,1189.0,1150.0,604898
ASTRAMICRO,2026-05-22,1187.0,1174.9,1199.0,1165.0,425536
ASTRAMICRO,2026-05-25,1190.0,1235.6,1254.0,1187.2,1924065
ASTRAMICRO,2026-05-26,1244.0,1357.0,1389.7,1216.6,10704585
ASTRAMICRO,2026-05-27,1374.0,1397.4,1432.0,1360.7,5233365
ASTRAMICRO,2026-05-28,1397.4,1397.4,1397.4,1397.4,0
ASTRAMICRO,2026-05-29,1395.2,1401.7,1433.0,1380.0,1614132
ASTRAMICRO,2026-06-01,1415.4,1316.2,1422.6,1301.0,1418410
ASTRAMICRO,2026-06-02,1314.0,1323.8,1367.5,1300.2,762930
ASTRAMICRO,2026-06-03,1315.0,1323.7,1352.7,1296.3,511436
ASTRAMICRO,2026-06-04,1329.0,1377.7,1400.0,1316.0,1209521
ASTRAMICRO,2026-06-05,1393.4,1419.5,1463.9,1385.8,2195447
ASTRAMICRO,2026-06-08,1414.1,1412.2,1478.8,1400.0,1727769
ASTRAMICRO,2026-06-09,1424.0,1457.7,1463.7,1403.0,1067886
ASTRAMICRO,2026-06-10,1469.8,1424.4,1474.9,1415.1,866021
ASTRAMICRO,2026-06-11,1415.0,1396.3,1453.0,1385.4,711713
ASTRAMICRO,2026-06-12,1419.0,1443.8,1461.0,1418.8,573205
ASTRAMICRO,2026-06-15,1477.0,1458.0,1490.0,1447.4,807916
ASTRAMICRO,2026-06-16,1460.0,1480.1,1487.4,1412.3,661269
ASTRAMICRO,2026-06-17,1480.1,1574.4,1598.4,1480.1,2695624
ASTRAMICRO,2026-06-18,1590.0,1670.0,1694.0,1575.0,3308242
ASTRAMICRO,2026-06-19,1665.0,1684.1,1735.5,1660.1,2096101
ASTRAMICRO,2026-06-22,1697.1,1675.4,1710.0,1656.3,668341
ASTRAMICRO,2026-06-23,1680.0,1688.7,1697.7,1644.0,862188
ASTRAMICRO,2026-06-24,1686.1,1662.6,1688.7,1610.0,901498
ASTRAMICRO,2026-06-25,1669.0,1721.7,1724.8,1665.0,1269471
ASTRAMICRO,2026-06-26,1721.7,1721.7,1721.7,1721.7,0
ASTRAMICRO,2026-06-29,1730.0,1727.3,1755.0,1696.0,1433555
ASTRAMICRO,2026-06-30,1737.9,1761.6,1778.9,1725.0,925878
ASTRAMICRO,2026-07-01,1774.0,1752.5,1788.4,1736.1,456020
ASTRAMICRO,2026-07-02,1760.8,1795.7,1798.8,1747.4,697901
ASTRAMICRO,2026-07-03,1795.7,1848.5,1857.0,1737.2,1099562
ASTRAMICRO,2026-07-06,1862.5,1850.0,1869.9,1831.0,469585
ASTRAMICRO,2026-07-07,1850.0,1782.2,1871.0,1770.7,636690
ASTRAMICRO,2026-07-08,1780.0,1809.3,1859.5,1773.0,818776
ASTRAMICRO,2026-07-09,1809.3,1833.1,1846.0,1806.0,362898
ASTRAMICRO,2026-07-10,1835.0,1803.7,1849.9,1782.1,474442
ASTRAMICRO,2026-07-13,1803.7,1719.7,1803.7,1705.0,659399
ASTRAMICRO,2026-07-14,1717.4,1720.0,1749.0,1668.1,479665
ASTRAMICRO,2026-07-15,1739.0,1750.9,1800.0,1729.0,409484
ASTRAMICRO,2026-07-16,1754.4,1721.7,1757.8,1704.0,335644
ASTRAMICRO,2026-07-17,1720.0,1720.8,1730.0,1681.9,272683
AURIONPRO,2026-04-17,928.0,922.6,932.35,914.0,130492
AURIONPRO,2026-04-20,929.7,899.15,934.0,891.5,169394
AURIONPRO,2026-04-21,899.15,894.7,917.45,885.5,148006
AURIONPRO,2026-04-22,899.95,887.35,899.95,879.0,172681
AURIONPRO,2026-04-23,885.0,860.8,886.9,856.0,118212
AURIONPRO,2026-04-24,860.0,831.45,863.6,825.05,131337
AURIONPRO,2026-04-27,833.0,879.05,894.8,830.55,268528
AURIONPRO,2026-04-28,879.9,873.2,883.3,864.0,68321
AURIONPRO,2026-04-29,892.0,865.1,892.0,862.25,73761
AURIONPRO,2026-04-30,865.1,869.9,878.6,851.35,104004
AURIONPRO,2026-05-01,869.9,869.9,869.9,869.9,0
AURIONPRO,2026-05-04,876.3,859.15,892.9,851.6,148986
AURIONPRO,2026-05-05,855.0,861.5,874.05,851.4,58003
AURIONPRO,2026-05-06,863.8,880.4,887.0,863.8,119850
AURIONPRO,2026-05-07,885.0,869.55,897.0,866.15,158871
AURIONPRO,2026-05-08,869.55,896.05,904.5,862.1,445351
AURIONPRO,2026-05-11,905.0,875.3,905.0,864.75,641322
AURIONPRO,2026-05-12,849.05,762.2,853.45,756.05,1099626
AURIONPRO,2026-05-13,766.0,765.45,794.5,757.5,367325
AURIONPRO,2026-05-14,770.0,757.9,776.0,750.35,215802
AURIONPRO,2026-05-15,761.5,750.9,769.95,748.8,126543
AURIONPRO,2026-05-18,747.15,734.5,749.0,724.9,154752
AURIONPRO,2026-05-19,735.3,730.9,760.0,727.9,147000
AURIONPRO,2026-05-20,725.0,788.95,801.0,721.35,683679
AURIONPRO,2026-05-21,792.0,819.5,830.1,790.0,504640
AURIONPRO,2026-05-22,827.7,819.0,829.4,807.3,142743
AURIONPRO,2026-05-25,820.2,822.95,838.0,819.0,124616
AURIONPRO,2026-05-26,823.75,812.75,831.6,810.05,124958
AURIONPRO,2026-05-27,810.0,808.5,822.0,802.55,92217
AURIONPRO,2026-05-28,808.5,808.5,808.5,808.5,0
AURIONPRO,2026-05-29,813.55,794.8,814.0,784.6,137387
AURIONPRO,2026-06-01,797.0,776.35,821.0,772.0,92885
AURIONPRO,2026-06-02,780.0,827.9,831.4,771.75,274350
AURIONPRO,2026-06-03,834.0,809.55,834.0,805.0,130075
AURIONPRO,2026-06-04,800.0,790.0,803.35,780.1,163861
AURIONPRO,2026-06-05,793.3,778.0,807.5,775.1,294844
AURIONPRO,2026-06-08,765.75,743.1,770.0,740.0,164842
AURIONPRO,2026-06-09,777.0,766.4,777.0,748.1,117755
AURIONPRO,2026-06-10,766.0,746.6,773.9,742.0,78863
AURIONPRO,2026-06-11,746.6,752.5,775.9,739.25,123736
AURIONPRO,2026-06-12,772.0,777.25,789.0,764.05,197000
AURIONPRO,2026-06-15,812.4,852.55,882.9,803.6,2710064
AURIONPRO,2026-06-16,862.9,870.9,878.0,846.05,421054
AURIONPRO,2026-06-17,874.0,876.7,883.85,865.55,183221
AURIONPRO,2026-06-18,875.05,877.0,894.95,868.0,236424
AURIONPRO,2026-06-19,862.45,876.4,879.85,840.4,229032
AURIONPRO,2026-06-22,889.9,890.15,900.9,882.0,212840
AURIONPRO,2026-06-23,890.15,886.6,932.2,880.1,455155
AURIONPRO,2026-06-24,886.6,901.15,905.05,884.6,129102
AURIONPRO,2026-06-25,904.0,895.1,909.95,887.05,99635
AURIONPRO,2026-06-26,895.1,895.1,895.1,895.1,0
AURIONPRO,2026-06-29,902.7,869.6,902.7,865.0,106978
AURIONPRO,2026-06-30,872.9,857.2,888.6,853.05,117399
AURIONPRO,2026-07-01,857.2,856.55,880.0,853.15,102185
AURIONPRO,2026-07-02,860.0,887.6,894.75,859.7,196067
AURIONPRO,2026-07-03,890.95,879.65,908.4,875.0,132181
AURIONPRO,2026-07-06,879.0,862.65,881.05,859.95,90651
AURIONPRO,2026-07-07,864.7,850.0,867.75,845.0,90745
AURIONPRO,2026-07-08,847.5,817.5,849.5,811.05,106617
AURIONPRO,2026-07-09,820.9,835.25,848.0,820.9,69482
AURIONPRO,2026-07-10,850.0,857.8,865.8,846.0,100034
AURIONPRO,2026-07-13,853.1,885.25,894.0,849.0,196080
AURIONPRO,2026-07-14,883.35,871.05,883.35,860.0,59155
AURIONPRO,2026-07-15,875.4,858.35,875.45,854.0,77808
AURIONPRO,2026-07-16,861.9,847.3,872.0,843.6,65742
AURIONPRO,2026-07-17,844.75,847.45,854.0,832.5,59095
AUROPHARMA,2026-04-17,1388.9,1386.0,1394.9,1375.3,1612415
AUROPHARMA,2026-04-20,1392.0,1367.8,1392.0,1363.5,707108
AUROPHARMA,2026-04-21,1368.9,1391.7,1401.1,1367.1,1362848
AUROPHARMA,2026-04-22,1389.5,1421.2,1425.1,1382.4,1703571
AUROPHARMA,2026-04-23,1420.0,1435.4,1459.5,1409.1,2238307
AUROPHARMA,2026-04-24,1436.9,1413.8,1446.0,1411.7,967660
AUROPHARMA,2026-04-27,1414.9,1416.7,1433.4,1386.6,998030
AUROPHARMA,2026-04-28,1415.0,1422.6,1430.0,1410.3,847634
AUROPHARMA,2026-04-29,1425.9,1396.8,1433.0,1389.3,1738923
AUROPHARMA,2026-04-30,1392.0,1389.5,1404.0,1378.6,606347
AUROPHARMA,2026-05-01,1389.5,1389.5,1389.5,1389.5,0
AUROPHARMA,2026-05-04,1398.0,1376.0,1398.0,1367.1,777740
AUROPHARMA,2026-05-05,1373.9,1428.1,1431.0,1367.0,1811658
AUROPHARMA,2026-05-06,1431.0,1484.0,1489.7,1426.1,2420846
AUROPHARMA,2026-05-07,1475.1,1478.7,1498.5,1469.3,1228324
AUROPHARMA,2026-05-08,1485.0,1487.3,1513.4,1480.1,1018078
AUROPHARMA,2026-05-11,1487.3,1486.6,1505.5,1477.4,925400
AUROPHARMA,2026-05-12,1486.6,1488.2,1504.0,1478.6,1343339
AUROPHARMA,2026-05-13,1490.0,1497.5,1509.8,1483.6,1821805
AUROPHARMA,2026-05-14,1504.4,1510.9,1525.9,1497.0,1206993
AUROPHARMA,2026-05-15,1519.0,1511.8,1528.0,1503.3,707047
AUROPHARMA,2026-05-18,1514.3,1500.5,1525.0,1491.6,939496
AUROPHARMA,2026-05-19,1500.5,1512.8,1530.0,1499.8,1538969
AUROPHARMA,2026-05-20,1510.1,1517.5,1539.0,1505.1,1068558
AUROPHARMA,2026-05-21,1523.0,1546.7,1550.0,1515.5,1013775
AUROPHARMA,2026-05-22,1520.0,1463.5,1520.0,1445.8,3038819
AUROPHARMA,2026-05-25,1455.2,1454.6,1465.0,1428.0,2684468
AUROPHARMA,2026-05-26,1450.0,1461.2,1467.8,1449.3,950593
AUROPHARMA,2026-05-27,1463.0,1435.9,1473.0,1428.5,791921
AUROPHARMA,2026-05-28,1435.9,1435.9,1435.9,1435.9,0
AUROPHARMA,2026-05-29,1435.9,1426.4,1453.4,1411.0,2434944
AUROPHARMA,2026-06-01,1426.4,1433.7,1449.9,1421.0,1385493
AUROPHARMA,2026-06-02,1436.9,1429.2,1446.5,1415.1,1066247
AUROPHARMA,2026-06-03,1432.5,1440.4,1458.0,1419.2,969156
AUROPHARMA,2026-06-04,1442.1,1463.6,1482.0,1431.6,931335
AUROPHARMA,2026-06-05,1483.9,1462.3,1496.5,1456.0,1282019
AUROPHARMA,2026-06-08,1451.3,1451.8,1478.5,1445.9,506600
AUROPHARMA,2026-06-09,1451.8,1449.0,1469.0,1438.0,1263926
AUROPHARMA,2026-06-10,1443.8,1453.6,1468.4,1437.1,1123785
AUROPHARMA,2026-06-11,1458.0,1464.1,1473.7,1457.1,625882
AUROPHARMA,2026-06-12,1479.0,1472.8,1481.0,1462.5,669347
AUROPHARMA,2026-06-15,1462.5,1408.3,1469.4,1391.0,3171180
AUROPHARMA,2026-06-16,1408.4,1396.7,1410.0,1391.3,1116068
AUROPHARMA,2026-06-17,1400.0,1422.4,1434.1,1400.0,1090710
AUROPHARMA,2026-06-18,1429.4,1443.7,1447.7,1416.1,944605
AUROPHARMA,2026-06-19,1454.0,1497.8,1503.1,1446.4,2506592
AUROPHARMA,2026-06-22,1498.2,1491.9,1511.0,1476.5,1718469
AUROPHARMA,2026-06-23,1492.2,1534.2,1542.7,1492.2,2092258
AUROPHARMA,2026-06-24,1540.3,1530.6,1550.9,1525.2,1085955
AUROPHARMA,2026-06-25,1536.0,1555.2,1565.0,1532.0,2098976
AUROPHARMA,2026-06-26,1555.2,1555.2,1555.2,1555.2,0
AUROPHARMA,2026-06-29,1555.2,1547.5,1585.3,1538.1,4635532
AUROPHARMA,2026-06-30,1551.0,1578.7,1588.9,1547.5,3230823
AUROPHARMA,2026-07-01,1578.7,1552.6,1588.7,1549.7,590144
AUROPHARMA,2026-07-02,1559.9,1561.0,1566.9,1545.0,647847
AUROPHARMA,2026-07-03,1568.0,1620.5,1636.8,1567.7,2190579
AUROPHARMA,2026-07-06,1622.5,1594.6,1630.0,1586.0,786004
AUROPHARMA,2026-07-07,1600.0,1583.1,1600.0,1575.3,638542
AUROPHARMA,2026-07-08,1575.5,1557.4,1611.4,1552.1,1106058
AUROPHARMA,2026-07-09,1555.0,1587.4,1602.8,1550.1,803529
AUROPHARMA,2026-07-10,1576.1,1564.7,1580.5,1544.3,1154492
AUROPHARMA,2026-07-13,1564.9,1549.3,1584.7,1541.0,735761
AUROPHARMA,2026-07-14,1551.4,1552.8,1572.0,1545.9,525859
AUROPHARMA,2026-07-15,1553.7,1550.2,1565.7,1546.0,327039
AUROPHARMA,2026-07-16,1550.2,1548.4,1565.0,1542.6,924372
AUROPHARMA,2026-07-17,1550.0,1533.4,1550.0,1520.4,518043
AUTOIETF,2026-04-17,27.23,27.23,27.38,26.95,536706
AUTOIETF,2026-04-20,27.91,27.27,27.91,26.96,440647
AUTOIETF,2026-04-21,27.27,27.45,27.56,26.58,1580371
AUTOIETF,2026-04-22,27.45,27.28,27.54,27.23,726931
AUTOIETF,2026-04-23,27.28,26.63,27.31,26.52,1395106
AUTOIETF,2026-04-24,26.62,26.46,26.8,26.34,774377
AUTOIETF,2026-04-27,26.68,26.85,26.91,26.54,610461
AUTOIETF,2026-04-28,26.17,26.59,27.52,26.17,349583
AUTOIETF,2026-04-29,27.25,26.81,27.26,26.67,1153445
AUTOIETF,2026-04-30,27.48,26.63,27.48,26.23,915047
AUTOIETF,2026-05-01,26.63,26.63,26.63,26.63,0
AUTOIETF,2026-05-04,26.63,26.8,27.24,26.48,718153
AUTOIETF,2026-05-05,26.99,26.97,27.0,26.6,340860
AUTOIETF,2026-05-06,27.32,27.56,27.6,27.05,1169466
AUTOIETF,2026-05-07,27.55,28.08,28.29,27.55,2771165
AUTOIETF,2026-05-08,27.93,28.01,28.14,27.82,448345
AUTOIETF,2026-05-11,27.76,27.52,27.86,27.43,537194
AUTOIETF,2026-05-12,27.52,26.89,27.57,26.82,651733
AUTOIETF,2026-05-13,27.01,26.7,27.04,26.62,1787810
AUTOIETF,2026-05-14,26.97,26.86,26.97,26.4,650203
AUTOIETF,2026-05-15,27.0,26.86,27.18,26.77,3573986
AUTOIETF,2026-05-18,26.86,26.41,26.86,26.28,2207949
AUTOIETF,2026-05-19,26.55,26.51,26.75,26.3,2210170
AUTOIETF,2026-05-20,26.11,26.72,26.84,26.1,401089
AUTOIETF,2026-05-21,27.26,26.8,27.26,26.7,259737
AUTOIETF,2026-05-22,26.13,26.81,26.99,26.13,208192
AUTOIETF,2026-05-25,26.96,27.24,27.45,26.96,456468
AUTOIETF,2026-05-26,27.23,27.26,27.41,27.11,311266
AUTOIETF,2026-05-27,27.34,27.67,27.77,27.25,1884499
AUTOIETF,2026-05-28,27.67,27.67,27.67,27.67,0
AUTOIETF,2026-05-29,27.67,27.16,27.86,27.05,809954
AUTOIETF,2026-06-01,27.48,26.74,27.48,26.66,544909
AUTOIETF,2026-06-02,26.57,26.92,26.96,26.42,2158645
AUTOIETF,2026-06-03,26.93,26.92,27.06,26.71,700588
AUTOIETF,2026-06-04,26.24,26.98,27.3,26.24,433409
AUTOIETF,2026-06-05,26.98,27.12,27.36,26.85,215746
AUTOIETF,2026-06-08,26.79,26.49,26.79,26.45,641660
AUTOIETF,2026-06-09,26.49,26.97,27.86,26.49,3338976
AUTOIETF,2026-06-10,26.98,26.56,26.98,26.5,1208081
AUTOIETF,2026-06-11,26.86,26.55,26.86,26.27,436619
AUTOIETF,2026-06-12,26.71,27.1,27.3,26.63,822222
AUTOIETF,2026-06-15,28.67,27.78,28.67,27.52,2474131
AUTOIETF,2026-06-16,28.47,27.69,28.47,27.48,304702
AUTOIETF,2026-06-17,27.99,27.59,28.02,27.34,596319
AUTOIETF,2026-06-18,27.62,27.55,27.7,27.47,319696
AUTOIETF,2026-06-19,27.89,27.4,27.89,27.3,334531
AUTOIETF,2026-06-22,27.67,27.47,27.67,27.29,246470
AUTOIETF,2026-06-23,27.68,27.33,27.68,27.26,469648
AUTOIETF,2026-06-24,27.33,27.18,27.42,27.03,265854
AUTOIETF,2026-06-25,27.34,27.8,28.05,27.32,1918286
AUTOIETF,2026-06-26,27.8,27.8,27.8,27.8,0
AUTOIETF,2026-06-29,27.79,27.3,27.96,27.21,2575561
AUTOIETF,2026-06-30,27.55,27.37,27.55,26.94,785289
AUTOIETF,2026-07-01,27.37,27.64,27.89,27.37,522153
AUTOIETF,2026-07-02,27.85,27.91,28.0,27.63,632799
AUTOIETF,2026-07-03,28.0,27.97,28.13,27.93,1034592
AUTOIETF,2026-07-06,27.98,28.26,28.33,27.88,778008
AUTOIETF,2026-07-07,28.27,28.22,28.34,28.15,462610
AUTOIETF,2026-07-08,28.33,27.6,28.33,27.48,859429
AUTOIETF,2026-07-09,27.61,27.56,27.87,27.5,403815
AUTOIETF,2026-07-10,27.85,27.76,27.89,27.69,253282
AUTOIETF,2026-07-13,27.76,27.87,30.0,27.39,481015
AUTOIETF,2026-07-14,28.56,27.49,28.56,27.41,831491
AUTOIETF,2026-07-15,27.69,27.59,27.78,27.44,180158
AUTOIETF,2026-07-16,30.0,27.69,30.0,27.56,546890
AUTOIETF,2026-07-17,27.75,27.99,28.07,27.73,650824
AVALON,2026-04-17,1107.0,1119.3,1125.85,1095.0,165519
AVALON,2026-04-20,1111.0,1076.9,1127.55,1063.2,209294
AVALON,2026-04-21,1078.0,1084.25,1108.8,1078.0,131579
AVALON,2026-04-22,1088.1,1079.45,1115.05,1073.0,191976
AVALON,2026-04-23,1085.7,1088.5,1096.0,1067.95,123006
AVALON,2026-04-24,1090.6,1040.65,1110.0,1035.0,144207
AVALON,2026-04-27,1050.0,1083.35,1109.55,1042.0,182355
AVALON,2026-04-28,1088.5,1035.95,1092.35,1031.7,201772
AVALON,2026-04-29,1048.0,1059.0,1070.0,1029.0,232561
AVALON,2026-04-30,1045.9,1057.25,1064.0,1019.8,233475
AVALON,2026-05-01,1057.25,1057.25,1057.25,1057.25,0
AVALON,2026-05-04,1065.1,1140.0,1169.9,1050.4,499841
AVALON,2026-05-05,1182.0,1169.7,1222.0,1156.0,768810
AVALON,2026-05-06,1169.7,1150.8,1180.3,1132.0,210036
AVALON,2026-05-07,1219.0,1255.5,1306.1,1198.1,2780276
AVALON,2026-05-08,1271.6,1387.0,1427.8,1271.6,4128121
AVALON,2026-05-11,1390.0,1340.0,1390.0,1335.0,373560
AVALON,2026-05-12,1339.0,1291.2,1339.0,1263.3,373528
AVALON,2026-05-13,1296.7,1292.6,1342.9,1271.2,351808
AVALON,2026-05-14,1295.2,1269.4,1304.7,1234.5,175022
AVALON,2026-05-15,1267.4,1323.1,1339.0,1237.1,363294
AVALON,2026-05-18,1315.2,1317.0,1364.9,1277.0,578441
AVALON,2026-05-19,1324.1,1356.7,1370.0,1286.6,506973
AVALON,2026-05-20,1370.0,1464.4,1499.0,1335.1,5017988
AVALON,2026-05-21,1468.1,1461.8,1512.3,1451.8,695194
AVALON,2026-05-22,1469.0,1473.0,1491.2,1435.7,357761
AVALON,2026-05-25,1480.0,1511.2,1534.7,1465.1,602731
AVALON,2026-05-26,1514.0,1461.3,1558.6,1305.0,936020
AVALON,2026-05-27,1460.0,1497.1,1537.1,1452.1,338216
AVALON,2026-05-28,1497.1,1497.1,1497.1,1497.1,0
AVALON,2026-05-29,1498.2,1520.5,1528.4,1452.0,377729
AVALON,2026-06-01,1538.0,1451.8,1570.1,1441.0,348924
AVALON,2026-06-02,1451.0,1511.9,1519.9,1436.1,208330
AVALON,2026-06-03,1512.1,1515.8,1540.0,1489.9,223256
AVALON,2026-06-04,1509.0,1637.7,1660.0,1505.1,781827
AVALON,2026-06-05,1630.0,1607.9,1688.5,1587.8,406233
AVALON,2026-06-08,1580.1,1605.1,1644.0,1540.0,348711
AVALON,2026-06-09,1615.0,1639.5,1669.9,1610.3,351670
AVALON,2026-06-10,1639.9,1532.5,1656.9,1509.8,428724
AVALON,2026-06-11,1532.5,1568.2,1600.0,1532.5,523120
AVALON,2026-06-12,1587.9,1687.0,1696.0,1567.0,476593
AVALON,2026-06-15,1691.0,1760.0,1777.0,1690.1,611900
AVALON,2026-06-16,1767.9,1738.3,1788.0,1721.2,240812
AVALON,2026-06-17,1740.0,1741.4,1768.0,1723.0,222226
AVALON,2026-06-18,1741.4,1755.3,1793.5,1737.1,182683
AVALON,2026-06-19,1749.0,1744.6,1798.7,1725.0,242389
AVALON,2026-06-22,1758.0,1723.0,1782.1,1702.8,188259
AVALON,2026-06-23,1737.9,1753.7,1807.0,1727.0,559651
AVALON,2026-06-24,1753.7,1748.3,1798.9,1739.7,268397
AVALON,2026-06-25,1760.0,1750.3,1780.4,1710.0,182321
AVALON,2026-06-26,1750.3,1750.3,1750.3,1750.3,0
AVALON,2026-06-29,1752.8,1784.7,1814.1,1722.0,618298
AVALON,2026-06-30,1798.0,1801.9,1838.5,1788.0,361945
AVALON,2026-07-01,1815.0,1795.3,1836.5,1768.7,360010
AVALON,2026-07-02,1804.3,1799.6,1853.0,1755.5,363841
AVALON,2026-07-03,1799.7,1788.3,1813.2,1760.8,249227
AVALON,2026-07-06,1785.0,1737.1,1825.9,1717.3,412971
AVALON,2026-07-07,1741.4,1639.9,1743.7,1621.0,399137
AVALON,2026-07-08,1639.9,1631.2,1723.2,1622.0,376059
AVALON,2026-07-09,1651.9,1728.6,1783.5,1651.2,879954
AVALON,2026-07-10,1745.8,1768.1,1775.0,1714.1,219213
AVALON,2026-07-13,1748.1,1720.9,1748.8,1685.0,175440
AVALON,2026-07-14,1724.8,1748.1,1761.8,1699.3,225085
AVALON,2026-07-15,1759.9,1679.8,1797.9,1668.6,433875
AVALON,2026-07-16,1685.0,1767.6,1775.0,1680.5,388554
AVALON,2026-07-17,1767.0,1724.0,1767.0,1698.6,193820
BAJAJ-AUTO,2026-04-17,9810.0,9773.5,9830.0,9722.0,264575
BAJAJ-AUTO,2026-04-20,9773.5,9803.0,9862.5,9690.0,349985
BAJAJ-AUTO,2026-04-21,9803.0,9793.0,9874.0,9741.0,291287
BAJAJ-AUTO,2026-04-22,9770.5,9602.0,9790.5,9585.0,301870
BAJAJ-AUTO,2026-04-23,9575.0,9550.5,9591.0,9477.0,444028
BAJAJ-AUTO,2026-04-24,9600.0,9576.0,9663.0,9528.0,190469
BAJAJ-AUTO,2026-04-27,9642.5,9662.0,9715.0,9617.0,147736
BAJAJ-AUTO,2026-04-28,9622.0,9495.5,9662.5,9475.0,256811
BAJAJ-AUTO,2026-04-29,9510.0,9543.5,9709.5,9496.0,261656
BAJAJ-AUTO,2026-04-30,9515.0,9994.0,10045.0,9355.0,1209264
BAJAJ-AUTO,2026-05-01,9994.0,9994.0,9994.0,9994.0,0
BAJAJ-AUTO,2026-05-04,10244.0,10132.0,10477.5,10067.0,721598
BAJAJ-AUTO,2026-05-05,10131.0,10046.0,10175.0,10016.0,233441
BAJAJ-AUTO,2026-05-06,10180.0,10319.0,10390.0,10141.0,393486
BAJAJ-AUTO,2026-05-07,10582.0,10605.0,10740.0,10324.5,1498254
BAJAJ-AUTO,2026-05-08,10625.0,10711.5,10785.0,10540.0,375627
BAJAJ-AUTO,2026-05-11,10599.0,10595.5,10650.0,10511.0,256703
BAJAJ-AUTO,2026-05-12,10550.0,10397.0,10684.5,10366.0,409439
BAJAJ-AUTO,2026-05-13,10370.5,10262.0,10455.0,10220.0,367905
BAJAJ-AUTO,2026-05-14,10380.0,10451.0,10517.0,10251.5,426187
BAJAJ-AUTO,2026-05-15,10500.0,10377.5,10540.5,10296.0,227162
BAJAJ-AUTO,2026-05-18,10325.0,10198.5,10326.0,10144.5,295753
BAJAJ-AUTO,2026-05-19,10198.5,10205.0,10285.0,10143.0,151592
BAJAJ-AUTO,2026-05-20,10158.0,10462.5,10483.0,10078.5,379649
BAJAJ-AUTO,2026-05-21,10544.5,10667.0,10735.0,10493.5,522986
BAJAJ-AUTO,2026-05-22,10667.0,10549.5,10753.0,10537.0,207805
BAJAJ-AUTO,2026-05-25,10700.0,10491.0,10770.0,10431.0,564521
BAJAJ-AUTO,2026-05-26,10530.0,10593.0,10641.5,10449.0,559535
BAJAJ-AUTO,2026-05-27,10625.0,10808.5,10834.0,10580.0,317630
BAJAJ-AUTO,2026-05-28,10808.5,10808.5,10808.5,10808.5,0
BAJAJ-AUTO,2026-05-29,10650.0,10460.0,10750.0,10388.5,483158
BAJAJ-AUTO,2026-06-01,10500.0,10376.0,10619.0,10340.0,426434
BAJAJ-AUTO,2026-06-02,10305.0,10281.0,10433.0,10260.0,404046
BAJAJ-AUTO,2026-06-03,10281.0,10259.0,10415.0,10202.0,355015
BAJAJ-AUTO,2026-06-04,10240.0,10362.0,10452.0,10178.0,539031
BAJAJ-AUTO,2026-06-05,10394.0,10342.0,10446.0,10317.0,247150
BAJAJ-AUTO,2026-06-08,10251.0,10231.0,10305.0,10171.0,127982
BAJAJ-AUTO,2026-06-09,10280.0,10184.0,10344.0,10150.0,313286
BAJAJ-AUTO,2026-06-10,10229.0,10144.0,10293.0,10124.0,293698
BAJAJ-AUTO,2026-06-11,10127.0,10114.0,10255.0,10081.0,191419
BAJAJ-AUTO,2026-06-12,10226.0,10063.0,10250.0,9922.0,386190
BAJAJ-AUTO,2026-06-15,10164.0,9943.0,10178.0,9930.0,400018
BAJAJ-AUTO,2026-06-16,9992.0,9939.0,9993.0,9902.0,203949
BAJAJ-AUTO,2026-06-17,9980.0,10042.0,10074.0,9932.0,302387
BAJAJ-AUTO,2026-06-18,10049.0,10077.0,10100.0,10001.0,219879
BAJAJ-AUTO,2026-06-19,10134.0,10066.0,10134.0,9936.0,739358
BAJAJ-AUTO,2026-06-22,10116.0,10191.0,10268.0,10088.0,834191
BAJAJ-AUTO,2026-06-23,10249.0,10025.0,10259.0,9949.0,551711
BAJAJ-AUTO,2026-06-24,9838.0,9750.0,9910.0,9732.0,426013
BAJAJ-AUTO,2026-06-25,9775.0,9843.0,9930.0,9769.0,352943
BAJAJ-AUTO,2026-06-26,9843.0,9843.0,9843.0,9843.0,0
BAJAJ-AUTO,2026-06-29,9874.0,9630.0,9893.0,9605.0,515976
BAJAJ-AUTO,2026-06-30,9665.0,9716.0,9750.0,9501.0,430959
BAJAJ-AUTO,2026-07-01,9762.0,9842.0,9900.0,9762.0,200437
BAJAJ-AUTO,2026-07-02,9975.0,9857.0,9998.0,9716.0,423525
BAJAJ-AUTO,2026-07-03,9899.0,9785.5,9925.0,9771.0,145310
BAJAJ-AUTO,2026-07-06,9800.0,10036.5,10058.0,9785.5,265284
BAJAJ-AUTO,2026-07-07,10040.0,10109.5,10190.0,10020.5,172975
BAJAJ-AUTO,2026-07-08,10070.0,10164.0,10264.5,9993.0,249351
BAJAJ-AUTO,2026-07-09,10176.0,10155.0,10260.0,10112.0,191190
BAJAJ-AUTO,2026-07-10,10177.5,10156.0,10298.0,10115.0,354772
BAJAJ-AUTO,2026-07-13,10080.0,10381.0,10442.0,10030.5,1009236
BAJAJ-AUTO,2026-07-14,10212.5,10166.0,10374.0,10145.5,802768
BAJAJ-AUTO,2026-07-15,10200.0,10323.0,10369.0,10200.0,451477
BAJAJ-AUTO,2026-07-16,10323.0,10331.5,10395.0,10278.0,407238
BAJAJ-AUTO,2026-07-17,10366.0,10443.0,10499.0,10350.0,426656
BAJAJFINSV,2026-04-17,1828.8,1838.9,1845.5,1811.7,487836
BAJAJFINSV,2026-04-20,1839.9,1830.6,1850.6,1820.4,903716
BAJAJFINSV,2026-04-21,1827.3,1851.4,1855.0,1825.0,952364
BAJAJFINSV,2026-04-22,1847.0,1842.9,1860.0,1835.0,739941
BAJAJFINSV,2026-04-23,1821.5,1792.6,1830.0,1786.0,910293
BAJAJFINSV,2026-04-24,1792.7,1770.7,1799.9,1757.3,920624
BAJAJFINSV,2026-04-27,1781.0,1772.2,1798.0,1765.0,1267827
BAJAJFINSV,2026-04-28,1772.1,1779.0,1790.8,1757.7,1414112
BAJAJFINSV,2026-04-29,1778.0,1764.2,1793.9,1760.8,699788
BAJAJFINSV,2026-04-30,1777.2,1747.2,1794.5,1718.7,2574629
BAJAJFINSV,2026-05-01,1747.2,1747.2,1747.2,1747.2,0
BAJAJFINSV,2026-05-04,1749.2,1770.4,1787.0,1747.1,1720030
BAJAJFINSV,2026-05-05,1760.0,1794.6,1799.0,1742.1,1270233
BAJAJFINSV,2026-05-06,1810.0,1836.1,1838.8,1798.1,1059177
BAJAJFINSV,2026-05-07,1849.6,1824.5,1849.6,1816.6,945912
BAJAJFINSV,2026-05-08,1824.5,1818.3,1827.2,1802.5,719570
BAJAJFINSV,2026-05-11,1804.2,1794.2,1814.0,1786.0,541986
BAJAJFINSV,2026-05-12,1783.8,1744.8,1791.0,1741.5,1041932
BAJAJFINSV,2026-05-13,1748.9,1728.9,1758.0,1726.0,666278
BAJAJFINSV,2026-05-14,1735.1,1740.2,1743.0,1713.3,2086133
BAJAJFINSV,2026-05-15,1735.1,1728.1,1755.8,1721.9,2347840
BAJAJFINSV,2026-05-18,1715.0,1753.1,1759.0,1693.8,1199186
BAJAJFINSV,2026-05-19,1745.2,1749.8,1765.0,1743.0,640335
BAJAJFINSV,2026-05-20,1732.5,1772.0,1780.0,1726.0,779574
BAJAJFINSV,2026-05-21,1781.0,1752.2,1784.4,1746.0,479195
BAJAJFINSV,2026-05-22,1760.0,1766.0,1779.0,1757.0,392442
BAJAJFINSV,2026-05-25,1785.0,1807.4,1811.8,1783.0,456676
BAJAJFINSV,2026-05-26,1807.4,1800.7,1812.8,1796.2,811184
BAJAJFINSV,2026-05-27,1806.0,1809.1,1815.5,1794.5,339636
BAJAJFINSV,2026-05-28,1809.1,1809.1,1809.1,1809.1,0
BAJAJFINSV,2026-05-29,1801.0,1783.6,1817.6,1776.9,1445842
BAJAJFINSV,2026-06-01,1794.9,1758.9,1805.7,1756.0,399937
BAJAJFINSV,2026-06-02,1748.1,1741.4,1755.0,1714.1,1004282
BAJAJFINSV,2026-06-03,1739.0,1734.4,1741.9,1708.1,561611
BAJAJFINSV,2026-06-04,1733.0,1709.8,1734.2,1705.5,767631
BAJAJFINSV,2026-06-05,1720.0,1703.2,1740.5,1698.0,1414054
BAJAJFINSV,2026-06-08,1684.0,1674.6,1696.0,1662.0,757180
BAJAJFINSV,2026-06-09,1682.7,1693.1,1696.8,1673.1,567616
BAJAJFINSV,2026-06-10,1689.2,1664.2,1699.9,1660.4,525263
BAJAJFINSV,2026-06-11,1656.1,1645.1,1658.6,1640.5,589370
BAJAJFINSV,2026-06-12,1669.0,1689.1,1692.0,1649.2,1486234
BAJAJFINSV,2026-06-15,1714.0,1750.2,1761.1,1710.0,2002931
BAJAJFINSV,2026-06-16,1755.0,1787.3,1801.8,1751.1,2043227
BAJAJFINSV,2026-06-17,1792.0,1764.6,1794.0,1751.6,903580
BAJAJFINSV,2026-06-18,1769.8,1771.7,1775.0,1750.0,1011360
BAJAJFINSV,2026-06-19,1770.8,1769.4,1774.0,1752.0,837089
BAJAJFINSV,2026-06-22,1768.1,1782.2,1786.7,1761.4,1828102
BAJAJFINSV,2026-06-23,1794.0,1765.0,1798.9,1759.9,885946
BAJAJFINSV,2026-06-24,1757.1,1780.5,1792.2,1753.1,891924
BAJAJFINSV,2026-06-25,1790.0,1764.6,1793.0,1760.8,1108117
BAJAJFINSV,2026-06-26,1764.6,1764.6,1764.6,1764.6,0
BAJAJFINSV,2026-06-29,1764.6,1759.3,1787.0,1755.1,1565424
BAJAJFINSV,2026-06-30,1760.0,1780.2,1799.0,1754.2,1234164
BAJAJFINSV,2026-07-01,1760.0,1797.6,1809.4,1741.5,1768906
BAJAJFINSV,2026-07-02,1804.0,1855.7,1862.0,1801.5,1786876
BAJAJFINSV,2026-07-03,1885.0,1895.6,1916.0,1870.6,2036834
BAJAJFINSV,2026-07-06,1885.1,1870.7,1904.6,1863.1,1228228
BAJAJFINSV,2026-07-07,1871.8,1885.3,1899.0,1871.8,877577
BAJAJFINSV,2026-07-08,1867.0,1854.9,1890.8,1841.5,1439841
BAJAJFINSV,2026-07-09,1856.0,1895.0,1911.9,1850.0,2049967
BAJAJFINSV,2026-07-10,1905.3,1916.0,1920.5,1893.4,822344
BAJAJFINSV,2026-07-13,1900.0,1908.1,1912.0,1884.4,1002460
BAJAJFINSV,2026-07-14,1884.4,1869.2,1899.0,1861.0,1811978
BAJAJFINSV,2026-07-15,1875.0,1849.6,1892.6,1843.4,595343
BAJAJFINSV,2026-07-16,1843.6,1838.6,1856.6,1827.7,1669077
BAJAJFINSV,2026-07-17,1836.0,1854.0,1871.7,1822.0,705632
BAJFINANCE,2026-04-17,902.15,908.25,910.45,895.8,6035241
BAJFINANCE,2026-04-20,908.25,917.75,920.9,898.0,6184179
BAJFINANCE,2026-04-21,919.5,938.85,945.95,919.0,6713975
BAJFINANCE,2026-04-22,938.0,934.75,946.35,930.15,5759028
BAJFINANCE,2026-04-23,926.1,918.35,929.85,909.35,9143598
BAJFINANCE,2026-04-24,920.0,921.55,924.7,909.8,3982355
BAJFINANCE,2026-04-27,923.05,921.8,928.95,908.3,7813458
BAJFINANCE,2026-04-28,921.8,923.65,929.9,914.35,7119135
BAJFINANCE,2026-04-29,925.0,930.0,937.0,916.6,5438997
BAJFINANCE,2026-04-30,945.0,937.0,975.0,933.9,27364272
BAJFINANCE,2026-05-01,937.0,937.0,937.0,937.0,0
BAJFINANCE,2026-05-04,938.1,950.2,966.0,938.1,7503756
BAJFINANCE,2026-05-05,950.2,958.6,961.1,933.15,7290077
BAJFINANCE,2026-05-06,965.0,980.75,984.0,965.0,7771237
BAJFINANCE,2026-05-07,992.25,972.75,992.25,969.0,7873561
BAJFINANCE,2026-05-08,971.0,955.35,971.95,951.0,5555386
BAJFINANCE,2026-05-11,946.0,936.05,956.0,933.55,5581022
BAJFINANCE,2026-05-12,928.0,904.2,932.65,901.75,7174645
BAJFINANCE,2026-05-13,902.0,896.15,907.4,890.05,7422952
BAJFINANCE,2026-05-14,902.9,912.15,915.0,889.0,6815238
BAJFINANCE,2026-05-15,913.0,910.45,921.6,907.35,5012279
BAJFINANCE,2026-05-18,900.0,921.1,925.0,890.7,6387223
BAJFINANCE,2026-05-19,927.6,923.55,930.0,920.1,8313548
BAJFINANCE,2026-05-20,910.0,923.1,926.3,908.45,5864990
BAJFINANCE,2026-05-21,933.0,907.65,934.9,903.25,9713326
BAJFINANCE,2026-05-22,908.1,916.55,924.0,908.1,4811990
BAJFINANCE,2026-05-25,926.1,941.9,944.0,924.45,7065528
BAJFINANCE,2026-05-26,943.95,930.2,948.4,928.1,8489543
BAJFINANCE,2026-05-27,932.0,931.15,935.95,923.0,5349669
BAJFINANCE,2026-05-28,931.15,931.15,931.15,931.15,0
BAJFINANCE,2026-05-29,915.1,908.25,937.8,895.3,46752428
BAJFINANCE,2026-06-01,911.45,889.05,918.0,888.0,6887616
BAJFINANCE,2026-06-02,874.0,882.0,884.4,860.45,15697997
BAJFINANCE,2026-06-03,882.0,876.8,882.0,863.5,14747769
BAJFINANCE,2026-06-04,870.2,874.4,879.15,868.0,9676279
BAJFINANCE,2026-06-05,874.0,889.4,913.0,874.0,13274646
BAJFINANCE,2026-06-08,873.0,871.1,879.4,866.5,6203084
BAJFINANCE,2026-06-09,886.0,886.9,888.75,872.1,9183355
BAJFINANCE,2026-06-10,890.1,884.1,894.7,880.1,6939714
BAJFINANCE,2026-06-11,880.0,870.55,886.95,868.5,5191085
BAJFINANCE,2026-06-12,881.2,918.3,921.0,881.1,11729668
BAJFINANCE,2026-06-15,942.0,942.3,959.0,939.0,11989428
BAJFINANCE,2026-06-16,946.0,959.65,963.9,946.0,9335988
BAJFINANCE,2026-06-17,955.1,958.4,961.8,951.55,5682977
BAJFINANCE,2026-06-18,958.35,958.85,960.95,948.0,5750456
BAJFINANCE,2026-06-19,954.05,961.8,971.7,953.25,12941776
BAJFINANCE,2026-06-22,966.05,968.3,972.95,961.55,5680845
BAJFINANCE,2026-06-23,968.3,962.4,977.7,960.5,8202516
BAJFINANCE,2026-06-24,952.4,990.95,993.9,952.4,9873777
BAJFINANCE,2026-06-25,996.2,980.4,1005.6,978.9,12807092
BAJFINANCE,2026-06-26,980.4,980.4,980.4,980.4,0
BAJFINANCE,2026-06-29,975.3,982.05,992.3,975.3,19875760
BAJFINANCE,2026-06-30,986.9,1004.75,1010.95,977.7,12445420
BAJFINANCE,2026-07-01,1000.4,1014.9,1025.4,998.9,6834299
BAJFINANCE,2026-07-02,994.7,1018.4,1025.7,993.4,8168339
BAJFINANCE,2026-07-03,1035.0,1031.4,1040.0,1017.6,9399193
BAJFINANCE,2026-07-06,1040.0,1029.1,1040.2,1024.8,4819952
BAJFINANCE,2026-07-07,1024.0,1042.5,1052.9,1024.0,9101171
BAJFINANCE,2026-07-08,1025.0,1010.4,1034.7,1004.1,8313859
BAJFINANCE,2026-07-09,1000.0,1003.8,1013.5,994.1,11712515
BAJFINANCE,2026-07-10,1010.1,1020.5,1023.9,1004.2,7039305
BAJFINANCE,2026-07-13,1014.0,1022.6,1028.0,1003.7,4874070
BAJFINANCE,2026-07-14,1007.0,1006.6,1022.0,995.2,6458393
BAJFINANCE,2026-07-15,1006.6,1021.3,1037.3,1006.6,5538356
BAJFINANCE,2026-07-16,1024.0,1037.6,1042.4,1021.2,9079076
BAJFINANCE,2026-07-17,1044.9,1056.3,1058.5,1037.6,12882360
BALAMINES,2026-04-17,1146.65,1139.3,1158.8,1134.35,66492
BALAMINES,2026-04-20,1150.0,1149.75,1174.45,1116.9,85999
BALAMINES,2026-04-21,1141.85,1203.3,1208.0,1141.85,135043
BALAMINES,2026-04-22,1203.3,1223.5,1228.15,1191.7,87479
BALAMINES,2026-04-23,1200.0,1239.95,1270.0,1200.0,161357
BALAMINES,2026-04-24,1239.95,1250.6,1264.65,1216.5,93202
BALAMINES,2026-04-27,1279.0,1306.9,1340.0,1261.25,236582
BALAMINES,2026-04-28,1308.1,1325.8,1331.0,1295.0,113155
BALAMINES,2026-04-29,1326.0,1297.7,1347.0,1287.35,142382
BALAMINES,2026-04-30,1291.85,1333.65,1337.95,1275.6,130731
BALAMINES,2026-05-01,1333.65,1333.65,1333.65,1333.65,0
BALAMINES,2026-05-04,1360.0,1455.5,1471.8,1355.0,638858
BALAMINES,2026-05-05,1463.0,1462.0,1488.6,1444.6,210811
BALAMINES,2026-05-06,1491.9,1492.4,1517.0,1437.5,332822
BALAMINES,2026-05-07,1495.0,1526.3,1535.0,1488.4,224514
BALAMINES,2026-05-08,1514.1,1487.2,1538.0,1482.7,125285
BALAMINES,2026-05-11,1482.8,1414.4,1482.8,1406.1,135900
BALAMINES,2026-05-12,1408.6,1339.5,1434.9,1318.3,160435
BALAMINES,2026-05-13,1339.5,1352.9,1408.1,1339.5,112324
BALAMINES,2026-05-14,1496.0,1623.4,1623.4,1496.0,1772941
BALAMINES,2026-05-15,1660.0,1706.2,1740.0,1590.5,2725771
BALAMINES,2026-05-18,1674.1,1763.0,1794.3,1620.0,882685
BALAMINES,2026-05-19,1746.0,1708.8,1780.0,1695.0,436809
BALAMINES,2026-05-20,1695.0,1833.3,1845.0,1665.8,1102152
BALAMINES,2026-05-21,1845.1,1836.9,1896.6,1811.0,373026
BALAMINES,2026-05-22,1826.9,1822.5,1835.0,1765.1,275766
BALAMINES,2026-05-25,1874.0,1920.9,1956.0,1840.6,597019
BALAMINES,2026-05-26,1930.0,1873.4,1947.0,1862.0,214280
BALAMINES,2026-05-27,1887.9,1821.0,1891.3,1808.0,189445
BALAMINES,2026-05-28,1821.0,1821.0,1821.0,1821.0,0
BALAMINES,2026-05-29,1835.0,1775.6,1868.9,1763.0,219900
BALAMINES,2026-06-01,1775.6,1751.8,1814.2,1700.6,231637
BALAMINES,2026-06-02,1748.0,2016.1,2063.0,1736.1,2628387
BALAMINES,2026-06-03,2020.0,2122.2,2185.0,1942.8,3178753
BALAMINES,2026-06-04,2122.2,2099.9,2159.2,2073.0,487135
BALAMINES,2026-06-05,2100.0,2043.3,2150.0,1992.0,528900
BALAMINES,2026-06-08,2029.1,2090.9,2141.5,1989.4,481967
BALAMINES,2026-06-09,2110.0,2242.1,2262.5,2076.1,895023
BALAMINES,2026-06-10,2254.9,2131.1,2257.0,2114.0,340226
BALAMINES,2026-06-11,2115.0,2054.0,2173.7,2033.1,319584
BALAMINES,2026-06-12,2091.1,2133.0,2148.0,2078.8,212251
BALAMINES,2026-06-15,2180.0,2108.1,2199.1,2081.5,174477
BALAMINES,2026-06-16,2100.1,2076.5,2102.5,2045.6,138544
BALAMINES,2026-06-17,2083.0,2152.4,2164.2,2081.9,222819
BALAMINES,2026-06-18,2168.0,2209.5,2288.0,2156.9,439344
BALAMINES,2026-06-19,2208.0,2138.2,2213.6,2128.1,152581
BALAMINES,2026-06-22,2167.4,2123.6,2169.0,2115.0,122798
BALAMINES,2026-06-23,2124.7,2067.5,2142.4,2051.0,118122
BALAMINES,2026-06-24,2077.7,2076.6,2124.0,2065.0,141227
BALAMINES,2026-06-25,2092.0,1989.0,2098.0,1975.6,170002
BALAMINES,2026-06-26,1989.0,1989.0,1989.0,1989.0,0
BALAMINES,2026-06-29,1991.2,1892.2,2007.0,1885.0,202326
BALAMINES,2026-06-30,1900.0,2035.9,2057.8,1900.0,251446
BALAMINES,2026-07-01,2058.0,2090.2,2120.0,2017.7,304582
BALAMINES,2026-07-02,2115.0,2231.3,2269.7,2100.7,669196
BALAMINES,2026-07-03,2241.0,2194.2,2248.4,2156.2,162948
BALAMINES,2026-07-06,2194.2,2144.7,2239.9,2125.6,115034
BALAMINES,2026-07-07,2157.8,2067.8,2159.0,2057.1,104410
BALAMINES,2026-07-08,2074.5,2196.7,2320.0,2060.0,1912253
BALAMINES,2026-07-09,2210.0,2364.0,2390.0,2210.0,1043837
BALAMINES,2026-07-10,2390.0,2414.9,2420.0,2305.1,443691
BALAMINES,2026-07-13,2390.0,2340.9,2443.6,2322.6,264217
BALAMINES,2026-07-14,2330.0,2311.5,2336.6,2260.0,154286
BALAMINES,2026-07-15,2335.0,2314.2,2375.8,2300.0,150557
BALAMINES,2026-07-16,2319.0,2371.8,2394.9,2278.5,262286
BALAMINES,2026-07-17,2389.0,2289.1,2389.0,2264.0,127828
BALKRISIND,2026-04-17,2347.9,2329.8,2365.0,2308.0,729753
BALKRISIND,2026-04-20,2341.0,2282.0,2344.0,2272.0,168809
BALKRISIND,2026-04-21,2275.0,2304.1,2314.7,2260.0,139527
BALKRISIND,2026-04-22,2304.1,2309.7,2319.9,2288.5,63978
BALKRISIND,2026-04-23,2300.0,2265.4,2311.1,2256.2,84308
BALKRISIND,2026-04-24,2275.0,2225.4,2284.0,2187.0,134893
BALKRISIND,2026-04-27,2249.9,2223.4,2255.9,2215.5,113788
BALKRISIND,2026-04-28,2237.0,2189.3,2247.6,2185.0,83857
BALKRISIND,2026-04-29,2216.0,2199.9,2247.9,2193.2,158595
BALKRISIND,2026-04-30,2199.9,2160.8,2199.9,2136.3,138178
BALKRISIND,2026-05-04,2182.5,2205.0,2215.4,2172.5,84821
BALKRISIND,2026-05-05,2201.1,2172.0,2227.9,2164.9,58790
BALKRISIND,2026-05-06,2193.5,2230.3,2238.6,2188.0,68805
BALKRISIND,2026-05-07,2255.0,2258.4,2283.0,2228.7,90321
BALKRISIND,2026-05-08,2264.0,2262.5,2300.0,2237.3,154989
BALKRISIND,2026-05-11,2250.0,2181.9,2250.0,2148.5,344913
BALKRISIND,2026-05-12,2181.9,2110.6,2205.0,2084.1,130998
BALKRISIND,2026-05-13,2114.4,2105.1,2151.8,2063.7,502422
BALKRISIND,2026-05-14,2120.0,2191.1,2197.1,2120.0,124061
BALKRISIND,2026-05-15,2192.8,2148.3,2209.1,2132.0,39566
BALKRISIND,2026-05-18,2131.2,2117.1,2148.3,2094.0,196600
BALKRISIND,2026-05-19,2119.0,2128.0,2147.9,2105.1,129225
BALKRISIND,2026-05-20,2119.0,2155.0,2169.9,2107.9,316780
BALKRISIND,2026-05-21,2177.0,2205.4,2220.0,2170.0,79073
BALKRISIND,2026-05-22,2211.0,2208.3,2218.0,2202.3,42717
BALKRISIND,2026-05-25,2229.4,2219.1,2248.9,2210.1,94164
BALKRISIND,2026-05-26,2216.9,2202.7,2242.7,2188.0,97457
BALKRISIND,2026-05-27,2217.0,2194.7,2234.0,2187.0,56430
BALKRISIND,2026-05-28,2194.7,2194.7,2194.7,2194.7,0
BALKRISIND,2026-05-29,2201.0,2205.5,2351.5,2166.0,638688
BALKRISIND,2026-06-01,2230.0,2167.7,2240.1,2155.1,79759
BALKRISIND,2026-06-02,2160.0,2150.3,2167.7,2131.0,1203331
BALKRISIND,2026-06-03,2145.0,2200.4,2216.0,2145.0,111771
BALKRISIND,2026-06-04,2200.4,2191.9,2205.0,2176.5,141678
BALKRISIND,2026-06-05,2204.0,2142.0,2236.0,2135.0,196497
BALKRISIND,2026-06-08,2134.0,2094.6,2180.0,2053.5,98814
BALKRISIND,2026-06-09,2096.1,2127.8,2155.5,2096.1,64424
BALKRISIND,2026-06-10,2130.0,2083.2,2149.9,2075.5,134815
BALKRISIND,2026-06-11,2079.2,1974.0,2080.4,1970.0,233996
BALKRISIND,2026-06-12,2010.0,2013.1,2027.0,1990.0,158591
BALKRISIND,2026-06-15,2060.7,2192.5,2209.5,2050.3,1031761
BALKRISIND,2026-06-16,2195.5,2230.6,2239.0,2177.3,205361
BALKRISIND,2026-06-17,2246.0,2256.0,2267.1,2220.0,131013
BALKRISIND,2026-06-18,2264.0,2234.2,2268.7,2218.1,57655
BALKRISIND,2026-06-19,2229.5,2243.7,2258.8,2203.0,130532
BALKRISIND,2026-06-22,2254.0,2249.0,2265.0,2236.3,77685
BALKRISIND,2026-06-23,2249.0,2224.3,2260.0,2200.0,111094
BALKRISIND,2026-06-24,2232.0,2223.7,2245.0,2206.0,61692
BALKRISIND,2026-06-25,2247.2,2233.6,2287.0,2220.0,102982
BALKRISIND,2026-06-26,2233.6,2233.6,2233.6,2233.6,0
BALKRISIND,2026-06-29,2221.0,2167.6,2230.7,2160.0,73755
BALKRISIND,2026-06-30,2200.0,2180.4,2208.0,2142.6,102008
BALKRISIND,2026-07-01,2180.9,2169.3,2194.0,2153.0,60581
BALKRISIND,2026-07-02,2177.9,2230.2,2238.0,2174.2,102898
BALKRISIND,2026-07-03,2230.5,2220.4,2270.0,2210.5,65691
BALKRISIND,2026-07-06,2220.0,2210.7,2240.9,2198.6,52810
BALKRISIND,2026-07-07,2204.0,2255.0,2276.0,2204.0,126415
BALKRISIND,2026-07-08,2235.0,2167.3,2275.0,2157.1,376475
BALKRISIND,2026-07-09,2184.9,2201.8,2218.3,2152.3,246999
BALKRISIND,2026-07-10,2220.0,2252.9,2275.0,2220.0,205849
BALKRISIND,2026-07-13,2221.1,2216.1,2256.9,2191.0,159719
BALKRISIND,2026-07-14,2224.0,2165.0,2234.7,2142.8,136470
BALKRISIND,2026-07-15,2169.0,2130.9,2189.8,2122.2,99364
BALKRISIND,2026-07-16,2144.9,2145.0,2166.0,2125.2,175213
BALKRISIND,2026-07-17,2154.9,2065.3,2154.9,2058.0,314551
BBOX,2026-04-17,530.3,541.25,546.15,527.0,459238
BBOX,2026-04-20,542.0,526.55,547.2,521.6,255393
BBOX,2026-04-21,522.8,529.4,553.1,520.25,424120
BBOX,2026-04-22,529.95,531.95,535.5,525.0,112162
BBOX,2026-04-23,531.95,548.3,551.0,530.0,453944
BBOX,2026-04-24,550.0,550.1,554.9,535.0,346112
BBOX,2026-04-27,550.95,579.65,581.0,550.95,1006912
BBOX,2026-04-28,586.0,639.85,655.85,582.0,8016542
BBOX,2026-04-29,637.9,618.25,647.5,615.4,605951
BBOX,2026-04-30,615.0,639.6,648.7,615.0,1393977
BBOX,2026-05-01,639.6,639.6,639.6,639.6,0
BBOX,2026-05-04,647.0,661.3,684.9,641.1,1553794
BBOX,2026-05-05,658.55,701.95,705.0,651.55,1680098
BBOX,2026-05-06,714.0,720.45,730.0,705.0,1213205
BBOX,2026-05-07,718.7,736.65,750.0,712.05,1107528
BBOX,2026-05-08,740.9,748.4,762.0,740.0,627528
BBOX,2026-05-11,759.7,788.1,802.0,749.0,2113955
BBOX,2026-05-12,793.8,829.15,872.55,755.8,10494889
BBOX,2026-05-13,835.0,824.9,844.0,807.9,1717191
BBOX,2026-05-14,823.8,853.1,866.0,819.1,1848419
BBOX,2026-05-15,868.0,878.75,885.8,862.35,1330155
BBOX,2026-05-18,884.0,935.2,966.0,840.1,3314367
BBOX,2026-05-19,940.0,945.1,950.2,925.3,1061859
BBOX,2026-05-20,943.0,944.15,959.0,926.3,658162
BBOX,2026-05-21,954.8,952.05,958.3,932.95,498376
BBOX,2026-05-22,955.0,955.35,981.0,950.0,887495
BBOX,2026-05-25,975.0,976.15,999.4,968.0,1277983
BBOX,2026-05-26,980.0,978.25,1037.35,906.05,2534229
BBOX,2026-05-27,973.0,994.1,1026.9,973.0,1614880
BBOX,2026-05-28,994.1,994.1,994.1,994.1,0
BBOX,2026-05-29,1013.8,1037.15,1050.0,976.95,1519897
BBOX,2026-06-01,1049.0,1046.6,1068.0,1020.0,913719
BBOX,2026-06-02,1053.0,1031.8,1064.7,1010.0,770759
BBOX,2026-06-03,1022.1,1056.3,1060.0,1010.0,934234
BBOX,2026-06-04,1067.7,1078.2,1082.0,1050.1,689171
BBOX,2026-06-05,1100.0,1072.9,1103.0,1061.0,616162
BBOX,2026-06-08,1049.0,1006.2,1080.0,995.0,929942
BBOX,2026-06-09,1008.3,970.1,1021.8,946.9,777623
BBOX,2026-06-10,980.1,1012.7,1067.1,980.1,1479111
BBOX,2026-06-11,1015.0,988.5,1029.3,981.0,469954
BBOX,2026-06-12,1000.0,1018.6,1028.8,982.7,567032
BBOX,2026-06-15,1050.0,1011.7,1050.0,996.4,594923
BBOX,2026-06-16,1009.6,1016.7,1020.6,1000.1,255839
BBOX,2026-06-17,1020.0,1018.2,1040.0,1006.0,456606
BBOX,2026-06-18,1024.9,1042.0,1085.0,1003.1,1065237
BBOX,2026-06-19,1040.0,1023.0,1061.0,1014.8,493024
BBOX,2026-06-22,1025.5,982.0,1048.0,975.9,550276
BBOX,2026-06-23,996.1,1007.2,1017.3,980.6,599407
BBOX,2026-06-24,1007.2,986.5,1030.0,965.0,614358
BBOX,2026-06-25,999.0,957.9,1012.9,955.0,363361
BBOX,2026-06-26,957.9,957.9,957.9,957.9,0
BBOX,2026-06-29,960.0,932.2,968.0,903.7,710959
BBOX,2026-06-30,933.0,947.2,956.0,926.6,185789
BBOX,2026-07-01,942.8,962.5,990.0,940.0,403358
BBOX,2026-07-02,967.8,988.5,995.9,963.0,533873
BBOX,2026-07-03,966.7,994.95,999.75,949.25,428821
BBOX,2026-07-06,998.0,991.25,1000.0,975.55,286333
BBOX,2026-07-07,991.0,955.2,998.85,945.0,298427
BBOX,2026-07-08,948.0,931.7,963.1,923.0,233184
BBOX,2026-07-09,939.65,934.25,959.0,928.1,199482
BBOX,2026-07-10,943.95,922.4,950.0,917.5,247352
BBOX,2026-07-13,915.0,898.75,918.0,896.0,266173
BBOX,2026-07-14,904.0,869.4,904.0,859.55,507553
BBOX,2026-07-15,869.4,872.5,898.9,865.0,213913
BBOX,2026-07-16,873.35,867.85,887.4,859.1,193513
BBOX,2026-07-17,873.6,825.5,873.6,821.0,268870
BECTORFOOD,2026-04-17,190.98,192.22,194.89,189.03,2137107
BECTORFOOD,2026-04-20,192.24,192.75,197.0,187.55,1031622
BECTORFOOD,2026-04-21,193.97,206.37,209.0,192.66,2776477
BECTORFOOD,2026-04-22,207.3,204.5,213.48,203.05,2586822
BECTORFOOD,2026-04-23,203.8,199.89,207.38,199.0,799697
BECTORFOOD,2026-04-24,201.5,194.55,201.5,193.18,662051
BECTORFOOD,2026-04-27,196.49,199.29,200.73,195.62,418471
BECTORFOOD,2026-04-28,200.25,196.82,200.84,195.99,408138
BECTORFOOD,2026-04-29,198.3,197.51,200.52,196.62,351519
BECTORFOOD,2026-04-30,197.55,196.21,198.0,193.33,362522
BECTORFOOD,2026-05-01,196.21,196.21,196.21,196.21,0
BECTORFOOD,2026-05-04,198.65,198.13,199.4,195.41,412588
BECTORFOOD,2026-05-05,197.21,199.68,200.5,195.81,941933
BECTORFOOD,2026-05-06,201.79,203.79,204.65,198.15,565085
BECTORFOOD,2026-05-07,204.4,203.89,206.52,202.6,1070965
BECTORFOOD,2026-05-08,203.94,202.39,206.63,200.35,657284
BECTORFOOD,2026-05-11,202.39,195.61,202.39,195.0,668367
BECTORFOOD,2026-05-12,195.01,187.62,197.1,187.05,578182
BECTORFOOD,2026-05-13,188.0,184.73,189.22,183.7,421119
BECTORFOOD,2026-05-14,186.99,180.75,186.99,180.12,549256
BECTORFOOD,2026-05-15,181.5,181.83,185.91,180.66,357555
BECTORFOOD,2026-05-18,181.0,181.72,182.25,177.12,363797
BECTORFOOD,2026-05-19,181.72,184.16,188.8,181.51,501287
BECTORFOOD,2026-05-20,184.0,178.57,184.1,177.2,973562
BECTORFOOD,2026-05-21,181.5,178.59,186.02,178.0,2342456
BECTORFOOD,2026-05-22,179.98,177.78,180.5,176.82,369057
BECTORFOOD,2026-05-25,181.24,178.87,181.24,178.61,350703
BECTORFOOD,2026-05-26,180.0,181.96,187.48,178.1,742506
BECTORFOOD,2026-05-27,183.01,180.76,183.9,178.41,1193679
BECTORFOOD,2026-05-28,180.76,180.76,180.76,180.76,0
BECTORFOOD,2026-05-29,179.5,171.71,180.69,170.76,1148062
BECTORFOOD,2026-06-01,174.75,173.88,175.96,171.37,580345
BECTORFOOD,2026-06-02,173.0,172.09,174.5,169.21,629489
BECTORFOOD,2026-06-03,173.39,170.95,174.08,170.05,410361
BECTORFOOD,2026-06-04,171.0,172.26,175.67,169.51,284116
BECTORFOOD,2026-06-05,172.99,172.2,175.75,171.5,820574
BECTORFOOD,2026-06-08,170.2,169.0,175.49,168.6,659805
BECTORFOOD,2026-06-09,171.03,170.18,173.8,169.05,769580
BECTORFOOD,2026-06-10,170.18,178.47,183.24,170.0,3617237
BECTORFOOD,2026-06-11,178.39,177.46,179.4,173.98,683988
BECTORFOOD,2026-06-12,179.0,181.65,183.5,177.14,535360
BECTORFOOD,2026-06-15,184.4,183.97,186.0,181.91,1461542
BECTORFOOD,2026-06-16,185.9,184.13,186.3,181.08,376979
BECTORFOOD,2026-06-17,185.76,185.77,186.11,183.01,293904
BECTORFOOD,2026-06-18,185.77,187.54,188.59,185.21,407615
BECTORFOOD,2026-06-19,187.0,190.32,191.49,184.86,458550
BECTORFOOD,2026-06-22,191.5,187.81,191.69,187.41,265948
BECTORFOOD,2026-06-23,187.81,185.13,188.99,183.7,420709
BECTORFOOD,2026-06-24,185.99,189.53,191.0,183.37,324561
BECTORFOOD,2026-06-25,191.5,182.67,191.5,181.25,989213
BECTORFOOD,2026-06-26,182.67,182.67,182.67,182.67,0
BECTORFOOD,2026-06-29,183.61,179.93,184.5,179.07,860095
BECTORFOOD,2026-06-30,181.51,179.37,182.06,177.95,544390
BECTORFOOD,2026-07-01,180.1,178.56,184.32,177.6,582237
BECTORFOOD,2026-07-02,180.79,180.18,182.7,176.71,666340
BECTORFOOD,2026-07-03,181.25,176.61,181.71,174.97,1079569
BECTORFOOD,2026-07-06,177.0,177.26,181.74,174.78,1430372
BECTORFOOD,2026-07-07,179.03,173.13,179.29,172.21,1258457
BECTORFOOD,2026-07-08,172.5,167.16,174.89,166.5,2134878
BECTORFOOD,2026-07-09,169.01,171.08,173.88,167.05,882005
BECTORFOOD,2026-07-10,172.29,169.37,174.16,169.0,2452161
BECTORFOOD,2026-07-13,169.0,170.35,173.0,166.5,674343
BECTORFOOD,2026-07-14,170.5,167.25,170.9,166.26,745773
BECTORFOOD,2026-07-15,167.0,168.97,171.9,165.0,6039700
BECTORFOOD,2026-07-16,182.01,192.23,197.5,177.52,71620356
BECTORFOOD,2026-07-17,198.04,188.63,204.9,186.54,43462628
BEL,2026-04-17,458.0,462.75,463.75,454.45,14128030
BEL,2026-04-20,462.0,457.55,464.4,456.0,9914017
BEL,2026-04-21,457.5,451.5,461.8,449.45,13492130
BEL,2026-04-22,450.8,448.7,451.85,444.7,11538028
BEL,2026-04-23,451.7,449.95,455.7,444.5,15021500
BEL,2026-04-24,450.0,444.45,451.2,438.75,11651499
BEL,2026-04-27,445.0,435.6,448.3,432.95,18502535
BEL,2026-04-28,435.6,435.75,441.0,433.55,10883746
BEL,2026-04-29,437.05,437.55,442.8,435.25,9507163
BEL,2026-04-30,436.45,431.3,436.45,424.5,15795581
BEL,2026-05-01,431.3,431.3,431.3,431.3,0
BEL,2026-05-04,433.0,433.55,438.6,428.6,10764998
BEL,2026-05-05,433.5,433.35,436.5,429.3,11671943
BEL,2026-05-06,437.0,438.2,439.65,435.15,9748728
BEL,2026-05-07,439.9,439.45,441.0,433.5,15696400
BEL,2026-05-08,439.0,439.7,443.8,437.8,11164661
BEL,2026-05-11,438.0,431.95,439.15,431.0,7631226
BEL,2026-05-12,430.2,416.5,432.5,415.5,15199825
BEL,2026-05-13,416.6,428.25,432.0,415.75,13230827
BEL,2026-05-14,431.0,428.85,435.15,424.45,9807792
BEL,2026-05-15,428.85,423.65,429.5,422.2,7593616
BEL,2026-05-18,423.85,426.6,427.8,414.6,10452161
BEL,2026-05-19,428.4,422.95,430.9,419.3,13350029
BEL,2026-05-20,416.3,413.3,420.0,407.0,28012723
BEL,2026-05-21,420.0,420.4,426.1,418.05,19789651
BEL,2026-05-22,421.45,416.55,421.45,415.45,9175611
BEL,2026-05-25,419.3,421.85,422.55,417.3,8862027
BEL,2026-05-26,423.5,420.1,425.55,418.85,12315435
BEL,2026-05-27,422.0,419.1,422.0,416.1,10871894
BEL,2026-05-28,419.1,419.1,419.1,419.1,0
BEL,2026-05-29,413.3,410.75,419.1,409.9,26559872
BEL,2026-06-01,412.35,407.2,413.7,404.75,16453240
BEL,2026-06-02,405.8,407.85,409.6,400.3,15004796
BEL,2026-06-03,408.0,406.6,408.95,403.1,6626958
BEL,2026-06-04,405.0,409.9,411.55,404.0,9119774
BEL,2026-06-05,410.1,408.2,412.0,405.1,11084641
BEL,2026-06-08,399.0,412.95,415.5,399.0,12017495
BEL,2026-06-09,417.0,412.05,417.0,410.0,10996007
BEL,2026-06-10,413.0,408.35,415.25,407.1,5371511
BEL,2026-06-11,407.35,402.3,407.35,401.75,6994969
BEL,2026-06-12,407.35,406.5,409.0,403.3,8086130
BEL,2026-06-15,412.0,409.55,412.5,406.0,11500111
BEL,2026-06-16,409.6,407.55,410.8,406.15,9701695
BEL,2026-06-17,407.0,419.85,422.4,406.15,24506595
BEL,2026-06-18,422.5,428.6,430.0,421.75,23598062
BEL,2026-06-19,427.9,426.9,431.6,424.55,10829044
BEL,2026-06-22,428.1,431.5,432.7,426.15,9754708
BEL,2026-06-23,435.0,420.0,435.0,418.5,15566093
BEL,2026-06-24,420.2,413.55,422.55,412.8,9620759
BEL,2026-06-25,413.6,407.2,415.05,406.0,21994027
BEL,2026-06-26,407.2,407.2,407.2,407.2,0
BEL,2026-06-29,406.8,411.6,418.3,403.55,26669735
BEL,2026-06-30,413.5,411.8,414.45,408.5,14611849
BEL,2026-07-01,413.0,416.25,417.65,411.4,8844076
BEL,2026-07-02,416.25,415.05,418.3,412.3,10736747
BEL,2026-07-03,418.6,418.05,424.5,417.1,12085695
BEL,2026-07-06,422.0,425.55,429.9,420.1,16516762
BEL,2026-07-07,425.55,419.15,425.9,416.0,7821978
BEL,2026-07-08,416.5,407.6,417.8,406.0,12837834
BEL,2026-07-09,409.15,406.2,411.0,404.05,10893635
BEL,2026-07-10,408.4,414.85,415.45,408.2,9273712
BEL,2026-07-13,411.95,410.8,412.9,408.6,6650781
BEL,2026-07-14,409.35,410.1,411.25,405.7,10652838
BEL,2026-07-15,409.0,410.95,414.3,408.4,9115088
BEL,2026-07-16,412.25,407.1,412.5,406.5,5679241
BEL,2026-07-17,407.1,409.45,411.2,405.1,6678047
BHARATFORG,2026-04-17,1855.8,1860.5,1876.0,1821.0,1036045
BHARATFORG,2026-04-20,1864.0,1866.2,1881.9,1831.7,742005
BHARATFORG,2026-04-21,1875.0,1895.8,1915.0,1873.0,971441
BHARATFORG,2026-04-22,1888.1,1903.2,1925.0,1888.1,1054785
BHARATFORG,2026-04-23,1899.0,1874.1,1912.4,1846.4,1398269
BHARATFORG,2026-04-24,1884.0,1856.0,1892.1,1836.0,680205
BHARATFORG,2026-04-27,1865.4,1901.1,1919.4,1865.4,890710
BHARATFORG,2026-04-28,1910.0,1894.8,1915.0,1890.0,546155
BHARATFORG,2026-04-29,1905.7,1907.8,1949.9,1897.2,1752427
BHARATFORG,2026-04-30,1904.1,1881.6,1906.5,1846.7,2076179
BHARATFORG,2026-05-01,1881.6,1881.6,1881.6,1881.6,0
BHARATFORG,2026-05-04,1912.3,1845.8,1916.1,1837.5,1030440
BHARATFORG,2026-05-05,1845.8,1866.6,1878.3,1818.3,1019363
BHARATFORG,2026-05-06,1885.0,1873.8,1905.0,1831.2,1389306
BHARATFORG,2026-05-07,1887.4,1992.9,2026.6,1856.1,7055670
BHARATFORG,2026-05-08,2009.4,1989.7,2044.0,1975.1,3399059
BHARATFORG,2026-05-11,1983.0,1987.0,2007.4,1952.4,1307321
BHARATFORG,2026-05-12,1999.0,1913.0,1999.0,1907.2,1099257
BHARATFORG,2026-05-13,1912.9,1945.9,1986.9,1911.8,1225143
BHARATFORG,2026-05-14,1972.0,1948.9,1976.7,1938.8,1194716
BHARATFORG,2026-05-15,1959.7,1913.1,1959.7,1905.1,822275
BHARATFORG,2026-05-18,1910.0,1891.0,1910.0,1865.4,472953
BHARATFORG,2026-05-19,1885.0,1857.3,1902.8,1848.0,1020594
BHARATFORG,2026-05-20,1845.0,1888.2,1905.7,1827.6,953954
BHARATFORG,2026-05-21,1902.0,1898.8,1931.9,1892.2,589383
BHARATFORG,2026-05-22,1900.0,1897.7,1916.9,1892.0,636410
BHARATFORG,2026-05-25,1914.8,1918.3,1942.9,1896.3,831690
BHARATFORG,2026-05-26,1926.6,1930.4,1939.9,1908.3,1012118
BHARATFORG,2026-05-27,1938.9,1938.6,1961.0,1916.0,561943
BHARATFORG,2026-05-28,1938.6,1938.6,1938.6,1938.6,0
BHARATFORG,2026-05-29,1956.4,1957.2,1967.8,1920.0,3127027
BHARATFORG,2026-06-01,1970.1,1922.7,1970.1,1915.3,758736
BHARATFORG,2026-06-02,1913.9,1902.9,1918.8,1870.5,1291251
BHARATFORG,2026-06-03,1908.1,1936.5,1948.9,1893.9,808066
BHARATFORG,2026-06-04,1936.5,1937.5,1988.5,1931.5,1347808
BHARATFORG,2026-06-05,1928.1,1929.8,1952.0,1917.1,380703
BHARATFORG,2026-06-08,1909.9,1893.1,1931.0,1882.2,402580
BHARATFORG,2026-06-09,1908.0,1925.4,1954.6,1903.4,1005803
BHARATFORG,2026-06-10,1925.4,1949.2,1975.4,1877.0,1923743
BHARATFORG,2026-06-11,1947.2,1942.9,1965.0,1928.8,801831
BHARATFORG,2026-06-12,1952.0,1945.1,1982.7,1912.2,893592
BHARATFORG,2026-06-15,1971.5,2020.5,2036.0,1954.8,1665028
BHARATFORG,2026-06-16,2040.0,2012.3,2040.0,2005.5,925881
BHARATFORG,2026-06-17,2022.0,2034.5,2039.0,2001.1,670471
BHARATFORG,2026-06-18,2040.0,2019.9,2049.1,2005.9,840631
BHARATFORG,2026-06-19,2031.1,2041.4,2059.5,2019.9,1726725
BHARATFORG,2026-06-22,2060.0,2103.8,2113.6,2041.7,1846475
BHARATFORG,2026-06-23,2115.0,2152.3,2158.5,2103.8,1891131
BHARATFORG,2026-06-24,2145.0,2122.8,2167.5,2099.3,1303397
BHARATFORG,2026-06-25,2139.8,2145.3,2166.0,2122.9,1291633
BHARATFORG,2026-06-26,2145.3,2145.3,2145.3,2145.3,0
BHARATFORG,2026-06-29,2145.3,2170.9,2238.0,2096.1,7505450
BHARATFORG,2026-06-30,2114.1,2144.1,2166.1,2056.1,2138525
BHARATFORG,2026-07-01,2151.0,2108.8,2167.9,2088.3,1124785
BHARATFORG,2026-07-02,2135.0,2148.9,2153.7,2098.2,773217
BHARATFORG,2026-07-03,2160.0,2136.7,2175.0,2129.6,537585
BHARATFORG,2026-07-06,2139.9,2138.7,2176.1,2134.0,648594
BHARATFORG,2026-07-07,2136.0,2111.6,2143.9,2096.6,773390
BHARATFORG,2026-07-08,2108.1,2100.5,2149.9,2083.0,861054
BHARATFORG,2026-07-09,2102.0,2130.6,2140.2,2085.4,585560
BHARATFORG,2026-07-10,2143.4,2117.0,2159.9,2108.1,495091
BHARATFORG,2026-07-13,2108.0,2145.6,2153.0,2096.3,628327
BHARATFORG,2026-07-14,2137.4,2119.7,2149.0,2098.1,568854
BHARATFORG,2026-07-15,2124.0,2100.4,2152.4,2095.5,719809
BHARATFORG,2026-07-16,2102.3,2104.7,2126.7,2082.0,832197
BHARATFORG,2026-07-17,2101.0,2190.5,2196.7,2101.0,1942065
BHARATRAS,2026-04-17,1564.0,1556.6,1586.9,1550.0,13100
BHARATRAS,2026-04-20,1564.3,1542.1,1577.5,1511.8,11500
BHARATRAS,2026-04-21,1545.2,1505.2,1562.9,1500.0,17084
BHARATRAS,2026-04-22,1524.5,1462.8,1524.5,1451.0,31047
BHARATRAS,2026-04-23,1461.9,1441.2,1482.9,1431.0,12316
BHARATRAS,2026-04-24,1441.2,1393.6,1454.1,1371.2,23469
BHARATRAS,2026-04-27,1400.0,1394.4,1416.0,1390.0,14254
BHARATRAS,2026-04-28,1401.0,1388.4,1420.0,1380.0,10094
BHARATRAS,2026-04-29,1398.5,1381.0,1410.8,1371.1,6957
BHARATRAS,2026-04-30,1371.1,1384.7,1404.0,1355.4,13502
BHARATRAS,2026-05-04,1384.7,1384.0,1398.0,1374.6,7423
BHARATRAS,2026-05-05,1398.8,1379.5,1398.8,1366.4,7449
BHARATRAS,2026-05-06,1387.0,1433.3,1440.0,1377.0,15497
BHARATRAS,2026-05-07,1448.5,1456.9,1478.7,1425.0,18919
BHARATRAS,2026-05-08,1464.0,1442.9,1468.7,1421.2,10200
BHARATRAS,2026-05-11,1444.8,1434.9,1457.0,1406.5,13517
BHARATRAS,2026-05-12,1425.1,1388.2,1426.7,1381.0,9051
BHARATRAS,2026-05-13,1388.2,1393.1,1417.9,1381.6,7129
BHARATRAS,2026-05-14,1401.5,1401.4,1452.6,1383.5,26195
BHARATRAS,2026-05-15,1416.8,1380.1,1418.5,1376.6,4154
BHARATRAS,2026-05-18,1380.0,1382.3,1415.0,1347.5,7111
BHARATRAS,2026-05-19,1420.0,1414.3,1428.3,1391.5,9618
BHARATRAS,2026-05-20,1411.0,1395.7,1411.0,1388.2,3802
BHARATRAS,2026-05-21,1400.1,1393.7,1407.9,1380.4,5241
BHARATRAS,2026-05-22,1396.1,1403.2,1413.0,1385.2,3942
BHARATRAS,2026-05-25,1415.0,1432.5,1471.0,1412.5,23250
BHARATRAS,2026-05-26,1432.5,1450.1,1475.0,1412.0,26544
BHARATRAS,2026-05-27,1476.9,1488.7,1547.8,1438.2,113085
BHARATRAS,2026-05-28,1488.7,1488.7,1488.7,1488.7,0
BHARATRAS,2026-05-29,1500.7,1452.0,1500.7,1441.5,22255
BHARATRAS,2026-06-01,1466.5,1435.8,1475.0,1426.9,11570
BHARATRAS,2026-06-02,1436.6,1460.1,1465.0,1417.1,8881
BHARATRAS,2026-06-03,1460.1,1442.3,1460.2,1422.0,8466
BHARATRAS,2026-06-04,1442.4,1429.9,1454.9,1421.3,8849
BHARATRAS,2026-06-05,1449.0,1422.9,1449.0,1415.0,5615
BHARATRAS,2026-06-08,1420.0,1379.4,1420.0,1370.0,12402
BHARATRAS,2026-06-09,1390.1,1408.1,1412.0,1375.6,6353
BHARATRAS,2026-06-10,1376.1,1384.4,1418.1,1371.2,4322
BHARATRAS,2026-06-11,1375.0,1368.6,1391.6,1358.1,5106
BHARATRAS,2026-06-12,1376.0,1405.1,1409.0,1376.0,3333
BHARATRAS,2026-06-15,1425.0,1440.4,1475.8,1425.0,11417
BHARATRAS,2026-06-16,1440.4,1443.5,1474.0,1427.8,4900
BHARATRAS,2026-06-17,1450.5,1459.6,1464.9,1437.8,8219
BHARATRAS,2026-06-18,1470.0,1437.4,1470.0,1403.1,17179
BHARATRAS,2026-06-19,1430.5,1422.3,1437.3,1412.3,7790
BHARATRAS,2026-06-22,1429.0,1395.4,1438.0,1391.0,15023
BHARATRAS,2026-06-23,1404.9,1392.6,1404.9,1385.0,9203
BHARATRAS,2026-06-24,1392.6,1393.5,1400.0,1370.9,5947
BHARATRAS,2026-06-25,1400.5,1368.5,1404.1,1366.0,9526
BHARATRAS,2026-06-26,1368.5,1368.5,1368.5,1368.5,0
BHARATRAS,2026-06-29,1368.5,1345.2,1374.9,1337.4,6403
BHARATRAS,2026-06-30,1351.2,1352.1,1369.8,1336.2,6707
BHARATRAS,2026-07-01,1360.0,1346.0,1363.0,1340.1,4369
BHARATRAS,2026-07-02,1352.5,1341.1,1391.8,1328.0,13788
BHARATRAS,2026-07-03,1356.3,1341.8,1363.8,1339.9,6494
BHARATRAS,2026-07-06,1347.9,1334.0,1351.6,1330.0,6394
BHARATRAS,2026-07-07,1340.6,1338.1,1351.9,1331.0,7134
BHARATRAS,2026-07-08,1335.1,1309.6,1345.0,1301.0,5793
BHARATRAS,2026-07-09,1309.6,1317.1,1333.0,1309.6,3590
BHARATRAS,2026-07-10,1323.0,1341.9,1349.9,1315.3,8731
BHARATRAS,2026-07-13,1340.0,1377.1,1396.3,1319.9,16203
BHARATRAS,2026-07-14,1382.0,1350.8,1382.0,1341.6,5563
BHARATRAS,2026-07-15,1357.5,1359.8,1379.9,1351.1,3487
BHARATRAS,2026-07-16,1374.0,1357.1,1374.0,1350.1,3047
BHARATRAS,2026-07-17,1357.1,1333.6,1357.1,1328.0,4540
BHARTIARTL,2026-04-17,1837.1,1846.9,1851.4,1829.7,7344787
BHARTIARTL,2026-04-20,1865.0,1846.1,1865.0,1839.2,9243641
BHARTIARTL,2026-04-21,1830.0,1855.0,1868.9,1830.0,10485373
BHARTIARTL,2026-04-22,1850.2,1829.0,1857.9,1825.3,5687058
BHARTIARTL,2026-04-23,1821.8,1841.2,1846.0,1812.1,7489947
BHARTIARTL,2026-04-24,1845.0,1814.5,1850.7,1807.3,6306448
BHARTIARTL,2026-04-27,1816.1,1820.1,1828.4,1814.0,4413769
BHARTIARTL,2026-04-28,1826.0,1843.8,1852.0,1812.6,10558455
BHARTIARTL,2026-04-29,1848.0,1888.1,1900.4,1845.4,7713013
BHARTIARTL,2026-04-30,1860.0,1886.8,1906.0,1860.0,12709188
BHARTIARTL,2026-05-01,1886.8,1886.8,1886.8,1886.8,0
BHARTIARTL,2026-05-04,1873.2,1827.1,1895.3,1821.7,10707858
BHARTIARTL,2026-05-05,1828.0,1806.1,1846.0,1801.0,11407461
BHARTIARTL,2026-05-06,1817.0,1833.7,1841.5,1813.8,5507749
BHARTIARTL,2026-05-07,1835.0,1826.6,1843.9,1821.2,7914845
BHARTIARTL,2026-05-08,1820.0,1834.5,1840.8,1815.2,4839183
BHARTIARTL,2026-05-11,1814.0,1759.8,1819.8,1756.0,15803791
BHARTIARTL,2026-05-12,1751.5,1756.8,1776.5,1751.5,11945399
BHARTIARTL,2026-05-13,1740.5,1789.2,1798.0,1740.5,9825413
BHARTIARTL,2026-05-14,1820.0,1883.5,1889.2,1797.3,21279151
BHARTIARTL,2026-05-15,1883.2,1905.4,1922.9,1880.4,15807294
BHARTIARTL,2026-05-18,1904.8,1938.1,1953.8,1890.4,13888648
BHARTIARTL,2026-05-19,1928.4,1913.5,1942.0,1907.8,8962228
BHARTIARTL,2026-05-20,1914.0,1904.9,1914.0,1897.7,5778742
BHARTIARTL,2026-05-21,1911.0,1885.3,1915.3,1880.8,6419014
BHARTIARTL,2026-05-22,1891.3,1871.4,1896.6,1869.3,5099120
BHARTIARTL,2026-05-25,1892.5,1874.8,1892.5,1863.1,5903841
BHARTIARTL,2026-05-26,1874.0,1846.9,1874.0,1844.8,5803034
BHARTIARTL,2026-05-27,1840.4,1852.2,1869.4,1840.4,8653155
BHARTIARTL,2026-05-28,1852.2,1852.2,1852.2,1852.2,0
BHARTIARTL,2026-05-29,1860.0,1829.0,1860.0,1818.5,52886264
BHARTIARTL,2026-06-01,1830.0,1810.6,1842.0,1803.9,6391656
BHARTIARTL,2026-06-02,1785.0,1814.2,1825.0,1777.4,10791294
BHARTIARTL,2026-06-03,1829.9,1824.1,1835.5,1804.9,5832363
BHARTIARTL,2026-06-04,1815.0,1818.9,1829.8,1798.4,6735759
BHARTIARTL,2026-06-05,1824.9,1798.2,1827.8,1790.7,3926715
BHARTIARTL,2026-06-08,1775.1,1813.3,1820.1,1771.0,6324919
BHARTIARTL,2026-06-09,1837.0,1799.0,1837.0,1789.2,10377475
BHARTIARTL,2026-06-10,1799.0,1775.2,1807.7,1771.0,7999362
BHARTIARTL,2026-06-11,1773.0,1782.6,1796.0,1768.6,5020731
BHARTIARTL,2026-06-12,1784.0,1822.5,1825.0,1784.0,5910557
BHARTIARTL,2026-06-15,1841.0,1841.2,1857.0,1816.0,5307277
BHARTIARTL,2026-06-16,1840.2,1853.0,1859.2,1837.2,5957732
BHARTIARTL,2026-06-17,1853.0,1875.7,1878.0,1841.5,7653632
BHARTIARTL,2026-06-18,1878.8,1874.8,1878.8,1861.8,4262944
BHARTIARTL,2026-06-19,1874.3,1910.8,1917.5,1867.2,15918432
BHARTIARTL,2026-06-22,1915.8,1916.6,1924.5,1901.0,3798060
BHARTIARTL,2026-06-23,1907.6,1901.6,1927.7,1896.7,5155908
BHARTIARTL,2026-06-24,1891.2,1877.3,1894.1,1872.9,8957457
BHARTIARTL,2026-06-25,1885.0,1850.7,1889.0,1848.0,8521503
BHARTIARTL,2026-06-26,1850.7,1850.7,1850.7,1850.7,0
BHARTIARTL,2026-06-29,1837.1,1841.1,1849.8,1833.1,10940130
BHARTIARTL,2026-06-30,1853.0,1852.0,1876.6,1843.2,7233634
BHARTIARTL,2026-07-01,1845.6,1871.0,1887.0,1845.6,4307333
BHARTIARTL,2026-07-02,1860.8,1875.0,1883.8,1850.2,5282404
BHARTIARTL,2026-07-03,1890.0,1910.4,1913.0,1885.0,5087043
BHARTIARTL,2026-07-06,1916.8,1925.7,1932.7,1915.6,2740217
BHARTIARTL,2026-07-07,1923.5,1925.8,1956.5,1917.0,5767438
BHARTIARTL,2026-07-08,1911.0,1888.1,1924.2,1875.1,6188780
BHARTIARTL,2026-07-09,1902.0,1931.1,1966.0,1898.8,11145066
BHARTIARTL,2026-07-10,1930.0,1920.4,1930.0,1906.0,6420887
BHARTIARTL,2026-07-13,1914.0,1901.8,1917.0,1896.7,7862506
BHARTIARTL,2026-07-14,1885.0,1936.5,1941.1,1885.0,6964062
BHARTIARTL,2026-07-15,1953.7,1918.3,1953.7,1916.6,5763065
BHARTIARTL,2026-07-16,1928.0,1921.8,1936.0,1917.0,4644787
BHARTIARTL,2026-07-17,1918.0,1908.8,1925.2,1902.7,4715613
BHEL,2026-04-17,311.0,316.79,317.8,307.38,25068627
BHEL,2026-04-20,318.53,325.63,333.79,317.6,49865330
BHEL,2026-04-21,327.01,332.61,333.79,322.51,20292270
BHEL,2026-04-22,331.99,333.64,336.8,329.7,15926893
BHEL,2026-04-23,333.0,337.6,341.25,330.65,16570930
BHEL,2026-04-24,339.0,337.39,340.49,333.02,15907329
BHEL,2026-04-27,339.43,348.58,354.0,339.0,20484360
BHEL,2026-04-28,349.69,354.71,356.0,347.28,14893265
BHEL,2026-04-29,356.8,344.5,358.1,342.51,14716414
BHEL,2026-04-30,344.4,352.41,354.9,342.04,17432476
BHEL,2026-05-01,352.41,352.41,352.41,352.41,0
BHEL,2026-05-04,355.0,377.05,399.0,353.7,104983361
BHEL,2026-05-05,379.9,374.95,388.4,371.3,33273604
BHEL,2026-05-06,378.0,385.95,387.5,368.4,20995123
BHEL,2026-05-07,385.5,406.45,408.35,383.45,37208886
BHEL,2026-05-08,406.1,404.6,408.9,400.1,17888566
BHEL,2026-05-11,400.0,401.35,406.6,393.05,18431673
BHEL,2026-05-12,397.1,391.75,407.2,390.55,17519753
BHEL,2026-05-13,392.5,403.85,407.75,392.5,21915995
BHEL,2026-05-14,407.2,413.15,417.9,402.05,22299813
BHEL,2026-05-15,414.8,398.3,415.65,397.0,15856773
BHEL,2026-05-18,395.6,395.25,396.3,386.1,10710854
BHEL,2026-05-19,397.0,401.1,404.4,391.1,11644140
BHEL,2026-05-20,397.0,408.4,410.0,396.0,10932205
BHEL,2026-05-21,412.0,408.15,414.7,406.3,8203336
BHEL,2026-05-22,408.5,408.55,413.55,407.1,7879542
BHEL,2026-05-25,412.0,419.4,420.95,409.95,11083538
BHEL,2026-05-26,419.5,417.75,420.4,415.25,9434405
BHEL,2026-05-27,417.2,422.35,424.7,416.5,10651428
BHEL,2026-05-28,422.35,422.35,422.35,422.35,0
BHEL,2026-05-29,424.05,416.75,424.9,413.05,18794737
BHEL,2026-06-01,417.0,404.8,417.8,403.1,9218173
BHEL,2026-06-02,400.0,410.75,413.0,399.3,8510633
BHEL,2026-06-03,410.75,406.3,412.65,397.3,10000048
BHEL,2026-06-04,410.4,389.2,411.0,384.5,22452304
BHEL,2026-06-05,390.0,386.95,400.35,382.6,17437792
BHEL,2026-06-08,378.0,386.3,389.9,378.0,9622172
BHEL,2026-06-09,388.25,396.55,397.4,385.05,9498965
BHEL,2026-06-10,397.0,377.3,397.2,375.75,11028183
BHEL,2026-06-11,376.55,370.65,379.5,367.6,11173287
BHEL,2026-06-12,379.6,378.75,380.15,369.7,9280094
BHEL,2026-06-15,384.0,382.85,391.25,381.05,7802473
BHEL,2026-06-16,383.9,384.2,387.65,381.75,6165659
BHEL,2026-06-17,384.2,392.25,394.05,381.9,7880789
BHEL,2026-06-18,392.8,405.9,409.45,391.35,15191954
BHEL,2026-06-19,405.9,414.35,423.7,403.85,22020572
BHEL,2026-06-22,417.3,411.5,420.7,408.3,10136520
BHEL,2026-06-23,413.85,399.85,414.75,397.7,9746360
BHEL,2026-06-24,401.1,402.9,408.0,398.8,9391640
BHEL,2026-06-25,404.7,402.7,408.3,401.1,8630710
BHEL,2026-06-26,402.7,402.7,402.7,402.7,0
BHEL,2026-06-29,402.7,413.75,416.4,393.85,45313478
BHEL,2026-06-30,414.55,414.1,420.0,411.75,18542296
BHEL,2026-07-01,416.1,413.95,422.4,411.8,10048287
BHEL,2026-07-02,414.95,401.95,415.05,399.8,11966341
BHEL,2026-07-03,402.0,383.6,403.2,383.0,29608874
BHEL,2026-07-06,384.0,387.5,394.0,384.0,12997839
BHEL,2026-07-07,389.7,376.45,389.7,375.0,18569613
BHEL,2026-07-08,374.0,377.8,387.5,371.8,13150600
BHEL,2026-07-09,380.0,381.6,387.0,379.3,9102802
BHEL,2026-07-10,388.9,395.25,395.8,385.6,11887326
BHEL,2026-07-13,392.75,409.1,412.0,389.6,14286194
BHEL,2026-07-14,408.15,403.9,409.0,401.0,12494044
BHEL,2026-07-15,405.2,417.95,424.0,402.5,19808847
BHEL,2026-07-16,424.2,435.4,441.0,407.05,55731908
BHEL,2026-07-17,445.0,422.0,446.5,420.3,48217882
BIKAJI,2026-04-17,644.95,660.05,664.0,642.85,227253
BIKAJI,2026-04-20,661.0,654.1,679.9,647.0,258965
BIKAJI,2026-04-21,654.0,662.55,673.4,651.55,570411
BIKAJI,2026-04-22,664.0,684.9,695.5,664.0,354656
BIKAJI,2026-04-23,684.95,690.15,708.75,683.15,283599
BIKAJI,2026-04-24,684.1,659.3,689.75,656.0,173639
BIKAJI,2026-04-27,664.95,680.5,682.5,662.4,91433
BIKAJI,2026-04-28,680.5,672.75,686.1,669.1,155248
BIKAJI,2026-04-29,685.05,690.85,696.6,677.15,166925
BIKAJI,2026-04-30,690.85,676.65,690.85,670.65,89490
BIKAJI,2026-05-04,679.55,685.4,688.0,676.6,96938
BIKAJI,2026-05-05,685.0,680.0,687.6,676.1,47222
BIKAJI,2026-05-06,683.0,682.7,686.45,675.5,75300
BIKAJI,2026-05-07,686.0,674.3,687.6,670.05,143375
BIKAJI,2026-05-08,670.0,671.75,678.5,668.25,36505
BIKAJI,2026-05-11,671.75,660.45,671.8,656.35,48998
BIKAJI,2026-05-12,660.45,658.2,663.85,642.3,190675
BIKAJI,2026-05-13,662.5,648.35,665.65,643.1,85783
BIKAJI,2026-05-14,651.35,649.8,653.6,638.75,62235
BIKAJI,2026-05-15,654.0,669.05,684.0,639.95,529508
BIKAJI,2026-05-18,667.0,659.5,667.0,651.1,121453
BIKAJI,2026-05-19,659.0,678.25,680.0,658.0,95651
BIKAJI,2026-05-20,675.45,676.8,681.0,670.0,47165
BIKAJI,2026-05-21,686.95,664.45,689.0,656.05,153003
BIKAJI,2026-05-22,675.0,653.2,677.0,644.0,279993
BIKAJI,2026-05-25,652.2,640.5,658.25,635.05,171883
BIKAJI,2026-05-26,640.5,638.9,650.9,632.55,136805
BIKAJI,2026-05-27,641.5,637.8,643.0,632.85,82913
BIKAJI,2026-05-28,637.8,637.8,637.8,637.8,0
BIKAJI,2026-05-29,650.0,650.05,655.0,636.8,434589
BIKAJI,2026-06-01,650.05,664.9,669.95,638.05,207426
BIKAJI,2026-06-02,657.65,665.3,670.6,651.0,174423
BIKAJI,2026-06-03,664.8,649.3,664.8,647.4,129078
BIKAJI,2026-06-04,647.9,645.6,652.2,639.95,275524
BIKAJI,2026-06-05,645.05,654.95,658.85,645.05,206341
BIKAJI,2026-06-08,645.75,653.65,658.8,640.1,121350
BIKAJI,2026-06-09,652.0,652.85,656.0,647.0,35248
BIKAJI,2026-06-10,654.7,670.15,675.45,650.0,154783
BIKAJI,2026-06-11,670.15,671.65,679.7,661.55,164373
BIKAJI,2026-06-12,674.0,673.8,680.0,667.6,403915
BIKAJI,2026-06-15,678.9,659.55,682.0,655.0,814967
BIKAJI,2026-06-16,660.2,673.05,676.3,660.2,84112
BIKAJI,2026-06-17,680.0,670.0,680.35,650.1,374468
BIKAJI,2026-06-18,670.0,659.85,673.0,657.7,63536
BIKAJI,2026-06-19,660.0,660.2,667.0,656.05,128176
BIKAJI,2026-06-22,656.9,663.05,667.45,656.9,64953
BIKAJI,2026-06-23,665.0,659.75,666.45,657.4,43364
BIKAJI,2026-06-24,660.9,650.95,663.3,647.1,57832
BIKAJI,2026-06-25,651.9,640.6,657.95,637.0,104204
BIKAJI,2026-06-26,640.6,640.6,640.6,640.6,0
BIKAJI,2026-06-29,642.25,642.6,650.0,633.5,135456
BIKAJI,2026-06-30,646.8,650.75,655.0,637.6,176617
BIKAJI,2026-07-01,655.0,648.1,663.4,643.8,158955
BIKAJI,2026-07-02,648.1,655.2,656.45,642.15,143563
BIKAJI,2026-07-03,655.0,662.2,666.0,653.35,100793
BIKAJI,2026-07-06,664.0,655.15,664.05,647.6,368613
BIKAJI,2026-07-07,658.9,642.8,658.9,639.0,414067
BIKAJI,2026-07-08,642.8,643.95,645.95,637.45,120084
BIKAJI,2026-07-09,643.95,642.15,648.8,638.15,64366
BIKAJI,2026-07-10,646.9,643.3,648.4,642.0,31671
BIKAJI,2026-07-13,637.0,643.45,651.65,635.0,83172
BIKAJI,2026-07-14,645.0,636.15,647.9,628.5,238851
BIKAJI,2026-07-15,640.0,635.4,640.0,631.0,80706
BIKAJI,2026-07-16,636.0,640.15,643.0,633.2,55393
BIKAJI,2026-07-17,641.0,638.4,643.95,635.0,48137
BLS,2026-04-17,301.0,296.85,302.76,296.0,1163544
BLS,2026-04-20,298.0,292.52,298.0,290.09,857710
BLS,2026-04-21,293.7,292.73,297.71,290.1,777460
BLS,2026-04-22,292.73,292.02,293.0,289.0,770378
BLS,2026-04-23,289.91,283.18,291.78,281.44,1605195
BLS,2026-04-24,284.95,275.53,286.9,273.28,1294129
BLS,2026-04-27,277.53,282.05,283.39,275.01,986541
BLS,2026-04-28,284.0,279.29,284.0,277.52,604661
BLS,2026-04-29,280.8,279.15,284.8,277.57,603493
BLS,2026-04-30,281.15,278.31,281.15,273.02,744015
BLS,2026-05-01,278.31,278.31,278.31,278.31,0
BLS,2026-05-04,276.5,278.8,280.55,275.1,864728
BLS,2026-05-05,280.0,278.1,286.0,276.6,785167
BLS,2026-05-06,280.0,286.7,289.0,274.55,1707583
BLS,2026-05-07,289.4,291.9,294.75,287.5,1244168
BLS,2026-05-08,293.0,289.3,295.2,288.15,595987
BLS,2026-05-11,286.9,284.9,292.9,280.8,855127
BLS,2026-05-12,281.1,270.8,284.85,269.9,936085
BLS,2026-05-13,271.45,266.65,273.95,265.1,745301
BLS,2026-05-14,268.6,260.45,268.75,259.05,1314155
BLS,2026-05-15,262.0,252.9,263.95,252.25,1054630
BLS,2026-05-18,250.95,254.7,259.8,243.75,1188293
BLS,2026-05-19,258.0,262.0,268.9,257.1,2528837
BLS,2026-05-20,271.0,268.4,286.95,266.55,29300266
BLS,2026-05-21,275.0,268.65,275.45,266.05,2585854
BLS,2026-05-22,269.8,267.7,274.9,265.65,1789074
BLS,2026-05-25,271.0,269.05,271.85,267.55,1396114
BLS,2026-05-26,270.5,265.35,273.8,264.15,1548473
BLS,2026-05-27,266.5,264.85,266.5,262.35,933023
BLS,2026-05-28,264.85,264.85,264.85,264.85,0
BLS,2026-05-29,270.0,260.9,276.0,260.0,2448859
BLS,2026-06-01,263.0,261.9,264.75,258.1,1032678
BLS,2026-06-02,261.8,269.15,272.5,259.15,1908281
BLS,2026-06-03,269.95,270.4,271.45,265.5,637907
BLS,2026-06-04,268.6,263.35,270.4,262.4,1268224
BLS,2026-06-05,264.9,261.1,268.95,260.25,1055446
BLS,2026-06-08,258.35,262.0,266.7,256.35,853857
BLS,2026-06-09,264.85,264.05,269.4,261.45,1285468
BLS,2026-06-10,265.5,253.65,275.9,251.5,3930795
BLS,2026-06-11,252.0,250.85,255.4,248.2,1115433
BLS,2026-06-12,256.0,262.1,263.8,253.05,1265103
BLS,2026-06-15,269.6,263.9,269.6,263.0,2164537
BLS,2026-06-16,265.0,264.2,268.55,263.15,747516
BLS,2026-06-17,265.25,264.6,268.15,262.55,888500
BLS,2026-06-18,264.6,266.85,267.5,264.1,549692
BLS,2026-06-19,267.0,267.45,269.5,260.15,1571291
BLS,2026-06-22,269.0,267.1,276.8,265.45,2394327
BLS,2026-06-23,267.1,262.3,267.65,261.3,1188645
BLS,2026-06-24,261.5,259.2,262.8,255.85,930036
BLS,2026-06-25,261.95,259.3,262.65,257.6,977745
BLS,2026-06-26,259.3,259.3,259.3,259.3,0
BLS,2026-06-29,259.2,255.25,259.2,251.55,962963
BLS,2026-06-30,256.95,250.6,258.2,249.25,1456880
BLS,2026-07-01,251.3,245.85,254.6,245.0,1779489
BLS,2026-07-02,248.2,252.7,255.2,248.15,1312028
BLS,2026-07-03,255.0,253.6,255.05,251.25,1075539
BLS,2026-07-06,253.5,250.0,253.85,249.05,716848
BLS,2026-07-07,251.0,248.85,253.6,247.4,594333
BLS,2026-07-08,247.3,242.7,247.9,241.0,961706
BLS,2026-07-09,244.0,234.6,245.3,231.75,9439900
BLS,2026-07-10,234.5,237.15,238.65,233.7,1932426
BLS,2026-07-13,234.0,239.5,240.9,233.85,1723601
BLS,2026-07-14,240.0,233.4,240.6,232.85,1246650
BLS,2026-07-15,235.1,235.9,238.0,231.6,825126
BLS,2026-07-16,238.0,238.0,246.5,235.8,2384451
BLS,2026-07-17,238.95,235.7,238.95,233.5,818626
BLUESTARCO,2026-04-17,1843.0,1866.1,1872.0,1828.5,441787
BLUESTARCO,2026-04-20,1874.8,1889.0,1921.0,1852.8,782344
BLUESTARCO,2026-04-21,1898.4,1869.8,1914.2,1861.0,422078
BLUESTARCO,2026-04-22,1880.0,1888.6,1903.1,1867.4,504021
BLUESTARCO,2026-04-23,1898.0,1829.8,1898.0,1820.3,777802
BLUESTARCO,2026-04-24,1829.8,1818.4,1846.3,1785.8,304562
BLUESTARCO,2026-04-27,1840.0,1916.3,1920.0,1840.0,939773
BLUESTARCO,2026-04-28,1927.0,1891.6,1928.9,1872.9,575101
BLUESTARCO,2026-04-29,1900.0,1837.3,1900.0,1828.4,683145
BLUESTARCO,2026-04-30,1843.1,1781.0,1845.0,1757.6,575535
BLUESTARCO,2026-05-01,1781.0,1781.0,1781.0,1781.0,0
BLUESTARCO,2026-05-04,1808.0,1802.2,1819.5,1778.0,305152
BLUESTARCO,2026-05-05,1802.2,1802.3,1824.9,1781.0,465048
BLUESTARCO,2026-05-06,1820.0,1806.6,1821.0,1760.9,476947
BLUESTARCO,2026-05-07,1823.6,1748.6,1825.8,1740.7,1769507
BLUESTARCO,2026-05-08,1728.0,1692.8,1736.8,1690.0,1025677
BLUESTARCO,2026-05-11,1680.0,1661.1,1693.0,1648.0,668476
BLUESTARCO,2026-05-12,1651.4,1630.6,1699.0,1626.2,949693
BLUESTARCO,2026-05-13,1630.6,1630.6,1662.9,1623.0,415498
BLUESTARCO,2026-05-14,1650.0,1667.2,1677.0,1601.1,817538
BLUESTARCO,2026-05-15,1673.1,1658.0,1688.0,1650.0,411996
BLUESTARCO,2026-05-18,1637.0,1633.8,1637.4,1582.0,690436
BLUESTARCO,2026-05-19,1633.8,1682.0,1694.5,1633.7,409067
BLUESTARCO,2026-05-20,1675.0,1678.1,1686.4,1661.0,316316
BLUESTARCO,2026-05-21,1690.1,1662.5,1710.6,1652.3,231969
BLUESTARCO,2026-05-22,1666.9,1657.2,1675.8,1654.0,146278
BLUESTARCO,2026-05-25,1675.0,1652.3,1681.8,1642.0,241058
BLUESTARCO,2026-05-26,1654.9,1640.9,1654.9,1610.7,529628
BLUESTARCO,2026-05-27,1640.9,1657.1,1664.9,1630.4,225572
BLUESTARCO,2026-05-28,1657.1,1657.1,1657.1,1657.1,0
BLUESTARCO,2026-05-29,1655.0,1589.0,1655.1,1581.0,685025
BLUESTARCO,2026-06-01,1590.1,1544.8,1594.8,1540.0,480289
BLUESTARCO,2026-06-02,1533.1,1579.6,1586.6,1508.1,428890
BLUESTARCO,2026-06-03,1572.5,1580.8,1586.8,1546.3,308002
BLUESTARCO,2026-06-04,1580.2,1607.6,1652.8,1569.6,1336959
BLUESTARCO,2026-06-05,1625.9,1581.8,1625.9,1572.1,479288
BLUESTARCO,2026-06-08,1566.9,1552.2,1592.5,1542.2,468770
BLUESTARCO,2026-06-09,1555.8,1570.8,1574.8,1550.8,248363
BLUESTARCO,2026-06-10,1570.9,1581.7,1612.4,1566.5,470394
BLUESTARCO,2026-06-11,1560.1,1556.8,1576.7,1551.5,218476
BLUESTARCO,2026-06-12,1569.9,1583.8,1587.9,1556.2,141096
BLUESTARCO,2026-06-15,1618.0,1611.2,1640.0,1587.6,301662
BLUESTARCO,2026-06-16,1626.0,1621.4,1640.2,1613.1,375165
BLUESTARCO,2026-06-17,1634.0,1695.6,1709.0,1632.1,1266953
BLUESTARCO,2026-06-18,1696.9,1706.3,1713.9,1687.2,498732
BLUESTARCO,2026-06-19,1705.0,1668.3,1705.0,1653.2,502331
BLUESTARCO,2026-06-22,1675.1,1664.7,1717.7,1632.6,939642
BLUESTARCO,2026-06-23,1679.0,1661.9,1679.9,1643.0,407064
BLUESTARCO,2026-06-24,1656.6,1652.8,1669.6,1647.1,140717
BLUESTARCO,2026-06-25,1653.0,1637.2,1672.5,1632.6,113015
BLUESTARCO,2026-06-26,1637.2,1637.2,1637.2,1637.2,0
BLUESTARCO,2026-06-29,1637.2,1635.5,1653.8,1626.0,256970
BLUESTARCO,2026-06-30,1639.1,1628.3,1651.3,1620.0,319805
BLUESTARCO,2026-07-01,1628.0,1606.4,1639.0,1599.4,188067
BLUESTARCO,2026-07-02,1609.9,1599.1,1624.6,1592.0,269798
BLUESTARCO,2026-07-03,1615.0,1583.2,1624.5,1577.0,262053
BLUESTARCO,2026-07-06,1585.3,1597.8,1615.0,1580.4,557277
BLUESTARCO,2026-07-07,1605.0,1605.4,1615.8,1582.5,285842
BLUESTARCO,2026-07-08,1604.8,1574.8,1612.9,1562.0,303195
BLUESTARCO,2026-07-09,1588.0,1615.6,1620.9,1584.0,254119
BLUESTARCO,2026-07-10,1618.9,1662.0,1670.1,1615.7,383021
BLUESTARCO,2026-07-13,1655.0,1716.1,1722.3,1631.5,680248
BLUESTARCO,2026-07-14,1716.1,1746.2,1753.8,1701.1,866904
BLUESTARCO,2026-07-15,1753.0,1753.9,1763.2,1738.3,247095
BLUESTARCO,2026-07-16,1755.0,1741.7,1762.2,1733.9,194828
BLUESTARCO,2026-07-17,1741.7,1686.9,1741.8,1675.0,359288
BOSCHLTD,2026-04-17,37445.0,37505.0,37935.0,37200.0,28289
BOSCHLTD,2026-04-20,37700.0,37790.0,38195.0,37225.0,36644
BOSCHLTD,2026-04-21,37790.0,38100.0,38360.0,37790.0,24080
BOSCHLTD,2026-04-22,38110.0,37885.0,38395.0,37765.0,26733
BOSCHLTD,2026-04-23,37885.0,37380.0,37905.0,37210.0,20767
BOSCHLTD,2026-04-24,37495.0,36690.0,37690.0,36295.0,30157
BOSCHLTD,2026-04-27,36800.0,37225.0,37460.0,36730.0,30944
BOSCHLTD,2026-04-28,37180.0,37320.0,37565.0,37000.0,21761
BOSCHLTD,2026-04-29,37165.0,36345.0,37470.0,36190.0,34734
BOSCHLTD,2026-04-30,36500.0,35995.0,36500.0,35675.0,32877
BOSCHLTD,2026-05-04,36150.0,35850.0,36490.0,35475.0,21982
BOSCHLTD,2026-05-05,36100.0,35870.0,36285.0,35810.0,14802
BOSCHLTD,2026-05-06,36000.0,36645.0,36750.0,35795.0,40352
BOSCHLTD,2026-05-07,36880.0,37895.0,38380.0,36645.0,54499
BOSCHLTD,2026-05-08,37750.0,38145.0,38855.0,37650.0,30045
BOSCHLTD,2026-05-11,38020.0,37315.0,38020.0,37220.0,19312
BOSCHLTD,2026-05-12,37315.0,36510.0,37625.0,36345.0,17005
BOSCHLTD,2026-05-13,36510.0,36315.0,36880.0,36235.0,19079
BOSCHLTD,2026-05-14,36545.0,36945.0,37180.0,36065.0,20799
BOSCHLTD,2026-05-15,37390.0,37740.0,37980.0,36780.0,25058
BOSCHLTD,2026-05-18,37735.0,37155.0,37740.0,36930.0,21448
BOSCHLTD,2026-05-19,37205.0,37130.0,37650.0,36920.0,20017
BOSCHLTD,2026-05-20,36995.0,36830.0,37380.0,36370.0,38556
BOSCHLTD,2026-05-21,37190.0,35210.0,37600.0,34830.0,115544
BOSCHLTD,2026-05-22,35425.0,36065.0,36860.0,34825.0,93254
BOSCHLTD,2026-05-25,36400.0,36310.0,36760.0,36200.0,21720
BOSCHLTD,2026-05-26,36430.0,35835.0,36595.0,35735.0,21187
BOSCHLTD,2026-05-27,36000.0,36035.0,36135.0,35850.0,14903
BOSCHLTD,2026-05-28,36035.0,36035.0,36035.0,36035.0,0
BOSCHLTD,2026-05-29,36365.0,36625.0,37950.0,36290.0,168254
BOSCHLTD,2026-06-01,37155.0,36705.0,37350.0,36515.0,45064
BOSCHLTD,2026-06-02,36550.0,37220.0,37500.0,35755.0,53220
BOSCHLTD,2026-06-03,37220.0,37760.0,38350.0,36735.0,41647
BOSCHLTD,2026-06-04,37755.0,37000.0,38100.0,36875.0,30639
BOSCHLTD,2026-06-05,37320.0,37240.0,37475.0,36600.0,26904
BOSCHLTD,2026-06-08,36895.0,36610.0,37200.0,36335.0,32707
BOSCHLTD,2026-06-09,36855.0,37820.0,37990.0,36745.0,46439
BOSCHLTD,2026-06-10,37800.0,37790.0,38250.0,37500.0,48524
BOSCHLTD,2026-06-11,37800.0,37565.0,38350.0,37470.0,34810
BOSCHLTD,2026-06-12,38320.0,39060.0,39450.0,38310.0,78501
BOSCHLTD,2026-06-15,39400.0,39070.0,39775.0,38960.0,45458
BOSCHLTD,2026-06-16,39300.0,39045.0,39900.0,38960.0,22828
BOSCHLTD,2026-06-17,39250.0,39230.0,39470.0,38870.0,26887
BOSCHLTD,2026-06-18,39430.0,40035.0,40500.0,39245.0,53616
BOSCHLTD,2026-06-19,40000.0,40195.0,40385.0,39840.0,41782
BOSCHLTD,2026-06-22,40450.0,40300.0,40790.0,40090.0,27709
BOSCHLTD,2026-06-23,40225.0,40190.0,40450.0,40070.0,35585
BOSCHLTD,2026-06-24,40300.0,40365.0,40480.0,40135.0,29152
BOSCHLTD,2026-06-25,40465.0,40440.0,41385.0,40180.0,64902
BOSCHLTD,2026-06-26,40440.0,40440.0,40440.0,40440.0,0
BOSCHLTD,2026-06-29,40630.0,39885.0,41030.0,39505.0,175135
BOSCHLTD,2026-06-30,40200.0,39900.0,40720.0,39750.0,32837
BOSCHLTD,2026-07-01,39950.0,40785.0,40850.0,39905.0,44664
BOSCHLTD,2026-07-02,40750.0,41515.0,41675.0,40510.0,43251
BOSCHLTD,2026-07-03,41400.0,41895.0,42565.0,41390.0,44049
BOSCHLTD,2026-07-06,41895.0,42125.0,42260.0,41510.0,44661
BOSCHLTD,2026-07-07,42180.0,41935.0,42520.0,41660.0,33064
BOSCHLTD,2026-07-08,42000.0,41610.0,42055.0,41310.0,64656
BOSCHLTD,2026-07-09,41610.0,42225.0,42320.0,41610.0,25168
BOSCHLTD,2026-07-10,42325.0,41815.0,42485.0,41720.0,12016
BOSCHLTD,2026-07-13,41700.0,41695.0,42050.0,41310.0,18121
BOSCHLTD,2026-07-14,41600.0,41460.0,41860.0,41400.0,11517
BOSCHLTD,2026-07-15,41470.0,41445.0,42040.0,41365.0,17566
BOSCHLTD,2026-07-16,41500.0,41110.0,41550.0,40985.0,21013
BOSCHLTD,2026-07-17,41110.0,40855.0,41550.0,40760.0,13320
BRITANNIA,2026-04-17,5601.5,5735.5,5750.0,5568.5,345936
BRITANNIA,2026-04-20,5736.0,5700.0,5762.5,5640.5,610941
BRITANNIA,2026-04-21,5715.0,5837.5,5864.5,5685.0,270416
BRITANNIA,2026-04-22,5874.0,5729.5,5924.0,5716.5,550506
BRITANNIA,2026-04-23,5724.0,5671.5,5728.0,5640.5,408915
BRITANNIA,2026-04-24,5707.5,5730.5,5753.5,5665.5,470926
BRITANNIA,2026-04-27,5750.0,5717.5,5804.0,5689.0,658091
BRITANNIA,2026-04-28,5723.0,5662.0,5735.0,5641.0,249233
BRITANNIA,2026-04-29,5674.0,5709.0,5734.5,5665.0,363567
BRITANNIA,2026-04-30,5720.0,5726.0,5752.0,5644.0,269033
BRITANNIA,2026-05-01,5726.0,5726.0,5726.0,5726.0,0
BRITANNIA,2026-05-04,5730.0,5792.5,5821.5,5715.0,328011
BRITANNIA,2026-05-05,5775.0,5834.5,5842.5,5734.5,710839
BRITANNIA,2026-05-06,5878.0,5783.0,5880.0,5764.0,438886
BRITANNIA,2026-05-07,5798.0,5814.0,5891.5,5733.5,490345
BRITANNIA,2026-05-08,5634.0,5520.0,5654.0,5503.0,3173832
BRITANNIA,2026-05-11,5505.5,5410.5,5508.0,5395.0,668220
BRITANNIA,2026-05-12,5403.5,5334.0,5425.0,5315.0,655043
BRITANNIA,2026-05-13,5345.0,5336.0,5383.5,5279.5,405228
BRITANNIA,2026-05-14,5343.5,5372.5,5397.0,5310.0,340218
BRITANNIA,2026-05-15,5372.5,5406.0,5420.0,5365.0,151714
BRITANNIA,2026-05-18,5385.5,5380.5,5399.0,5289.5,374914
BRITANNIA,2026-05-19,5375.0,5416.5,5470.5,5375.0,271643
BRITANNIA,2026-05-20,5380.0,5344.5,5390.5,5321.5,462006
BRITANNIA,2026-05-21,5361.5,5333.0,5373.0,5292.0,485793
BRITANNIA,2026-05-22,5341.0,5331.5,5358.5,5298.0,498183
BRITANNIA,2026-05-25,5370.0,5327.0,5370.0,5309.5,284971
BRITANNIA,2026-05-26,5356.0,5338.0,5356.0,5311.0,193734
BRITANNIA,2026-05-27,5330.0,5335.5,5352.5,5301.0,195454
BRITANNIA,2026-05-28,5335.5,5335.5,5335.5,5335.5,0
BRITANNIA,2026-05-29,5335.5,5204.5,5350.0,5164.5,1697949
BRITANNIA,2026-06-01,5208.0,5157.5,5230.0,5122.0,341856
BRITANNIA,2026-06-02,5120.5,5117.0,5148.0,5075.0,458858
BRITANNIA,2026-06-03,5130.0,5064.0,5142.5,5050.0,334445
BRITANNIA,2026-06-04,5051.5,5090.0,5119.5,5035.0,300651
BRITANNIA,2026-06-05,5095.0,5120.5,5135.0,5071.0,159398
BRITANNIA,2026-06-08,5094.0,5078.5,5103.5,5036.5,247859
BRITANNIA,2026-06-09,5079.5,5107.5,5125.0,5063.5,277222
BRITANNIA,2026-06-10,5110.0,5171.0,5232.0,5103.5,322498
BRITANNIA,2026-06-11,5160.0,5113.0,5190.5,5096.5,295275
BRITANNIA,2026-06-12,5128.5,5165.5,5178.5,5115.0,242017
BRITANNIA,2026-06-15,5250.0,5199.5,5258.0,5180.0,226798
BRITANNIA,2026-06-16,5199.5,5217.5,5232.5,5169.5,195644
BRITANNIA,2026-06-17,5220.0,5232.0,5239.0,5191.0,270826
BRITANNIA,2026-06-18,5230.5,5245.0,5250.0,5192.5,391567
BRITANNIA,2026-06-19,5211.0,5195.0,5240.0,5180.0,273184
BRITANNIA,2026-06-22,5205.0,5217.5,5230.0,5186.5,261961
BRITANNIA,2026-06-23,5217.5,5241.0,5275.5,5196.0,220646
BRITANNIA,2026-06-24,5219.5,5262.5,5291.0,5217.0,286835
BRITANNIA,2026-06-25,5262.5,5237.0,5298.5,5207.0,193478
BRITANNIA,2026-06-26,5237.0,5237.0,5237.0,5237.0,0
BRITANNIA,2026-06-29,5233.0,5102.0,5244.0,5085.0,472081
BRITANNIA,2026-06-30,5112.0,5146.5,5176.0,5075.5,326609
BRITANNIA,2026-07-01,5146.5,5262.0,5276.0,5115.0,475937
BRITANNIA,2026-07-02,5287.0,5374.0,5393.0,5262.0,374142
BRITANNIA,2026-07-03,5409.5,5379.0,5448.0,5368.0,226125
BRITANNIA,2026-07-06,5379.0,5454.5,5464.0,5366.0,180876
BRITANNIA,2026-07-07,5454.0,5447.0,5483.5,5418.5,109487
BRITANNIA,2026-07-08,5410.0,5315.5,5470.0,5276.0,233635
BRITANNIA,2026-07-09,5326.0,5361.5,5388.5,5326.0,174108
BRITANNIA,2026-07-10,5390.0,5353.0,5405.0,5323.0,143224
BRITANNIA,2026-07-13,5335.5,5348.5,5368.5,5290.5,132632
BRITANNIA,2026-07-14,5244.0,5283.5,5347.5,5235.5,326899
BRITANNIA,2026-07-15,5311.5,5315.5,5345.0,5274.0,208524
BRITANNIA,2026-07-16,5311.0,5310.5,5367.0,5294.0,219782
BRITANNIA,2026-07-17,5312.0,5412.5,5418.0,5299.0,199477
BSE,2026-04-17,3455.0,3531.5,3550.0,3425.0,6083283
BSE,2026-04-20,3540.0,3470.7,3570.0,3465.0,3517096
BSE,2026-04-21,3470.7,3515.8,3527.9,3470.0,2670233
BSE,2026-04-22,3513.0,3499.2,3529.9,3492.6,1771183
BSE,2026-04-23,3508.0,3463.0,3508.0,3452.2,2373666
BSE,2026-04-24,3475.9,3446.0,3482.0,3412.2,2270468
BSE,2026-04-27,3465.0,3534.6,3546.9,3451.0,2386493
BSE,2026-04-28,3552.0,3626.1,3639.6,3543.6,3792795
BSE,2026-04-29,3649.0,3635.7,3675.5,3620.3,2658476
BSE,2026-04-30,3602.7,3640.5,3663.0,3568.0,2381291
BSE,2026-05-01,3640.5,3640.5,3640.5,3640.5,0
BSE,2026-05-04,3681.0,3711.3,3755.0,3673.0,3764178
BSE,2026-05-05,3712.0,3726.2,3790.0,3691.0,3120952
BSE,2026-05-06,3780.0,3852.1,3872.0,3755.0,3772261
BSE,2026-05-07,3887.0,3963.6,3985.0,3864.9,4714160
BSE,2026-05-08,3963.6,3907.4,3994.0,3832.3,9146079
BSE,2026-05-11,3891.0,3918.0,3945.0,3845.2,4662297
BSE,2026-05-12,3918.0,3851.9,3958.9,3840.3,4056561
BSE,2026-05-13,3852.5,3888.8,3918.0,3847.2,3250454
BSE,2026-05-14,3922.3,4037.6,4065.0,3917.2,6138554
BSE,2026-05-15,4065.1,4000.6,4084.0,3971.1,4256007
BSE,2026-05-18,3940.0,4120.7,4134.0,3940.0,5053942
BSE,2026-05-19,4155.4,4190.8,4298.9,4119.0,7088657
BSE,2026-05-20,4170.0,4218.6,4232.0,4150.0,4697677
BSE,2026-05-21,4270.0,4186.9,4293.8,4153.2,3507063
BSE,2026-05-22,4200.0,4193.8,4232.0,4151.5,2489857
BSE,2026-05-25,4250.0,4291.2,4303.0,4215.0,2791628
BSE,2026-05-26,4300.0,4403.3,4425.0,4295.1,3782550
BSE,2026-05-27,4437.0,4248.4,4446.8,4236.1,4332377
BSE,2026-05-28,4248.4,4248.4,4248.4,4248.4,0
BSE,2026-05-29,4250.0,4146.1,4256.0,4127.9,4544243
BSE,2026-06-01,4180.0,4066.6,4198.0,4031.9,3556913
BSE,2026-06-02,4020.0,3931.9,4045.0,3875.6,5568609
BSE,2026-06-03,3935.5,3966.1,4018.0,3855.0,5058668
BSE,2026-06-04,3949.0,4033.4,4104.9,3926.4,4245472
BSE,2026-06-05,4053.0,3880.0,4121.0,3822.9,6658969
BSE,2026-06-08,3812.5,3916.8,3957.0,3784.8,3952740
BSE,2026-06-09,3955.8,3996.3,4032.9,3950.8,3318707
BSE,2026-06-10,4012.0,3929.5,4029.0,3913.1,3009982
BSE,2026-06-11,3909.9,3888.3,3954.1,3865.0,2199536
BSE,2026-06-12,3950.0,4041.1,4055.5,3906.9,2887848
BSE,2026-06-15,4149.9,4126.0,4192.3,4048.0,4653050
BSE,2026-06-16,4148.5,4162.4,4175.0,4086.9,2676483
BSE,2026-06-17,4180.0,3999.2,4219.9,3961.0,6984638
BSE,2026-06-18,4000.0,4014.5,4091.0,3962.6,4641806
BSE,2026-06-19,3991.0,4020.2,4079.0,3975.6,2001904
BSE,2026-06-22,4035.0,4032.7,4055.0,3982.1,2487812
BSE,2026-06-23,4051.2,3941.8,4062.0,3915.0,3652187
BSE,2026-06-24,3939.8,3886.6,3966.5,3876.0,2837953
BSE,2026-06-25,3905.0,3872.1,3933.0,3857.0,2834114
BSE,2026-06-26,3872.1,3872.1,3872.1,3872.1,0
BSE,2026-06-29,3878.0,3859.9,3971.6,3850.0,4082559
BSE,2026-06-30,3900.0,3865.6,3924.1,3855.0,2520360
BSE,2026-07-01,3870.0,3944.1,3954.0,3870.0,2285604
BSE,2026-07-02,3963.7,3834.7,3970.2,3820.0,3425707
BSE,2026-07-03,3870.0,3816.6,3874.0,3775.0,3050309
BSE,2026-07-06,3829.0,3802.7,3829.0,3723.3,3746496
BSE,2026-07-07,3820.0,3683.4,3820.6,3630.6,5680882
BSE,2026-07-08,3640.0,3739.1,3768.8,3637.9,4065697
BSE,2026-07-09,3762.0,3805.7,3852.0,3760.6,2319842
BSE,2026-07-10,3815.0,3811.6,3849.0,3760.1,2355651
BSE,2026-07-13,3778.0,3804.2,3834.4,3765.0,2327631
BSE,2026-07-14,3802.0,3792.7,3867.5,3765.0,2788229
BSE,2026-07-15,3800.0,3754.4,3830.4,3737.3,2339145
BSE,2026-07-16,3769.9,3685.0,3775.0,3680.0,2171296
BSE,2026-07-17,3685.0,3581.8,3688.0,3571.5,3660561
CAMS,2026-04-17,741.0,750.15,758.0,731.05,2273576
CAMS,2026-04-20,751.0,749.25,752.0,735.25,1023700
CAMS,2026-04-21,749.25,748.65,759.9,745.85,1164463
CAMS,2026-04-22,744.95,755.6,758.2,742.95,833621
CAMS,2026-04-23,750.0,770.4,778.05,745.8,2996865
CAMS,2026-04-24,773.0,760.8,775.85,755.0,1458679
CAMS,2026-04-27,762.95,759.85,774.7,757.4,1158441
CAMS,2026-04-28,760.0,760.45,769.0,750.75,1507102
CAMS,2026-04-29,765.0,760.6,771.95,758.0,780465
CAMS,2026-04-30,756.0,738.6,761.75,725.0,2717763
CAMS,2026-05-01,738.6,738.6,738.6,738.6,0
CAMS,2026-05-04,750.0,730.85,750.6,715.5,1152415
CAMS,2026-05-05,738.0,797.4,801.0,738.0,15618973
CAMS,2026-05-06,808.15,815.85,821.5,792.45,3759370
CAMS,2026-05-07,817.95,835.9,838.0,813.05,2148085
CAMS,2026-05-08,835.9,836.3,844.9,830.45,1801484
CAMS,2026-05-11,820.5,815.7,833.4,812.95,1608063
CAMS,2026-05-12,809.0,784.65,818.45,781.9,1712105
CAMS,2026-05-13,780.0,784.95,797.0,776.8,1167967
CAMS,2026-05-14,785.1,785.85,797.25,777.7,1051728
CAMS,2026-05-15,787.0,784.0,800.0,782.0,1120488
CAMS,2026-05-18,777.0,772.75,778.4,760.35,827599
CAMS,2026-05-19,771.95,779.35,786.7,770.15,1002227
CAMS,2026-05-20,771.4,780.4,784.95,762.4,943447
CAMS,2026-05-21,785.0,769.1,792.5,765.35,1090490
CAMS,2026-05-22,769.1,757.2,771.1,755.1,1906544
CAMS,2026-05-25,765.15,769.65,781.95,765.15,1904876
CAMS,2026-05-26,769.65,773.15,780.0,760.0,995179
CAMS,2026-05-27,773.0,787.0,797.8,773.0,1557316
CAMS,2026-05-28,787.0,787.0,787.0,787.0,0
CAMS,2026-05-29,787.95,791.5,807.45,780.1,1797386
CAMS,2026-06-01,791.5,769.5,793.95,765.0,1069571
CAMS,2026-06-02,758.2,772.65,776.0,752.5,993468
CAMS,2026-06-03,769.15,752.4,774.45,745.0,1152395
CAMS,2026-06-04,748.65,759.15,767.9,748.0,1038844
CAMS,2026-06-05,760.0,761.0,778.0,760.0,993994
CAMS,2026-06-08,750.05,740.15,751.95,737.0,571017
CAMS,2026-06-09,741.2,749.7,754.15,739.25,717276
CAMS,2026-06-10,751.05,741.1,754.05,736.35,732480
CAMS,2026-06-11,727.0,722.65,738.1,720.0,671414
CAMS,2026-06-12,734.0,757.55,760.0,732.7,910431
CAMS,2026-06-15,768.0,777.35,786.0,768.0,1322586
CAMS,2026-06-16,780.35,792.2,794.25,775.05,938403
CAMS,2026-06-17,795.0,807.25,813.5,790.5,2002246
CAMS,2026-06-18,815.1,832.8,836.0,807.0,2299896
CAMS,2026-06-19,832.9,823.15,833.3,815.05,1162760
CAMS,2026-06-22,825.0,819.1,835.9,817.35,675744
CAMS,2026-06-23,821.05,811.65,831.45,808.2,1489728
CAMS,2026-06-24,804.05,797.2,815.95,795.0,1263909
CAMS,2026-06-25,799.8,798.3,812.2,795.1,1674223
CAMS,2026-06-26,798.3,798.3,798.3,798.3,0
CAMS,2026-06-29,785.0,788.65,796.5,782.0,1600575
CAMS,2026-06-30,784.1,796.85,801.9,784.1,1582304
CAMS,2026-07-01,792.1,792.2,801.0,784.6,1423919
CAMS,2026-07-02,792.0,798.15,812.0,786.55,1626797
CAMS,2026-07-03,799.95,798.35,809.9,795.0,1396847
CAMS,2026-07-06,798.0,788.8,798.0,782.2,1058708
CAMS,2026-07-07,788.9,776.6,788.9,771.25,1067429
CAMS,2026-07-08,775.0,749.8,775.3,744.0,898834
CAMS,2026-07-09,749.5,775.7,779.6,747.0,1310918
CAMS,2026-07-10,777.9,790.5,795.4,777.9,1579501
CAMS,2026-07-13,780.0,785.75,790.0,776.85,731032
CAMS,2026-07-14,777.0,766.45,780.55,763.0,995206
CAMS,2026-07-15,765.0,764.8,774.8,760.3,636795
CAMS,2026-07-16,763.0,751.1,764.8,749.7,980548
CAMS,2026-07-17,755.1,751.1,757.35,739.0,1428098
CANTABIL,2026-04-17,246.51,247.21,250.0,244.23,162107
CANTABIL,2026-04-20,248.45,247.04,252.21,244.02,223336
CANTABIL,2026-04-21,247.04,245.91,249.0,244.99,111725
CANTABIL,2026-04-22,246.0,245.58,248.0,243.22,116409
CANTABIL,2026-04-23,244.7,244.58,251.5,243.4,141645
CANTABIL,2026-04-24,247.0,242.44,247.0,240.01,66574
CANTABIL,2026-04-27,243.0,246.52,248.9,242.31,278965
CANTABIL,2026-04-28,248.99,248.14,251.85,246.17,110413
CANTABIL,2026-04-29,248.13,247.44,249.58,245.45,40858
CANTABIL,2026-04-30,247.0,241.86,247.06,240.33,59139
CANTABIL,2026-05-04,244.44,242.55,248.05,242.0,95543
CANTABIL,2026-05-05,243.61,239.93,244.08,238.81,101987
CANTABIL,2026-05-06,241.4,242.58,243.79,240.1,65417
CANTABIL,2026-05-07,246.49,238.71,246.49,236.1,139757
CANTABIL,2026-05-08,237.04,241.09,242.29,236.79,84150
CANTABIL,2026-05-11,240.02,231.64,242.46,228.65,150796
CANTABIL,2026-05-12,231.5,218.77,232.14,218.0,304072
CANTABIL,2026-05-13,219.0,224.78,226.55,219.0,78330
CANTABIL,2026-05-14,226.1,222.56,229.0,219.14,341782
CANTABIL,2026-05-15,223.95,225.94,228.0,220.1,73578
CANTABIL,2026-05-18,226.0,226.86,231.0,215.5,1307862
CANTABIL,2026-05-19,230.0,222.05,232.99,221.06,217831
CANTABIL,2026-05-20,222.04,219.37,223.83,218.5,144393
CANTABIL,2026-05-21,220.14,216.75,223.0,216.1,100769
CANTABIL,2026-05-22,217.7,218.39,219.99,216.0,62720
CANTABIL,2026-05-25,218.59,218.25,220.22,216.55,132968
CANTABIL,2026-05-26,219.5,219.13,222.85,218.0,104011
CANTABIL,2026-05-27,220.4,218.54,220.88,218.0,112355
CANTABIL,2026-05-28,218.54,218.54,218.54,218.54,0
CANTABIL,2026-05-29,216.6,211.25,219.0,208.5,289172
CANTABIL,2026-06-01,212.89,210.83,218.45,209.0,225575
CANTABIL,2026-06-02,210.0,215.19,216.0,209.18,72134
CANTABIL,2026-06-03,214.11,215.91,217.79,212.49,55980
CANTABIL,2026-06-04,215.0,218.22,227.5,215.0,221454
CANTABIL,2026-06-05,220.34,219.65,222.73,217.8,92674
CANTABIL,2026-06-08,216.0,214.38,218.83,212.01,94386
CANTABIL,2026-06-09,214.0,215.57,217.36,212.86,67887
CANTABIL,2026-06-10,215.57,219.96,222.0,213.36,122818
CANTABIL,2026-06-11,217.02,214.09,218.51,213.0,47099
CANTABIL,2026-06-12,215.3,217.04,218.44,214.41,32551
CANTABIL,2026-06-15,221.0,219.4,224.8,218.11,84945
CANTABIL,2026-06-16,219.95,220.35,223.0,219.1,37810
CANTABIL,2026-06-17,220.01,220.37,221.68,217.85,41785
CANTABIL,2026-06-18,221.49,229.25,232.0,220.03,246408
CANTABIL,2026-06-19,228.9,227.19,234.7,225.55,531624
CANTABIL,2026-06-22,227.19,235.31,237.0,227.01,775903
CANTABIL,2026-06-23,235.4,239.29,244.59,235.4,339842
CANTABIL,2026-06-24,237.98,232.53,241.8,230.23,145825
CANTABIL,2026-06-25,234.7,238.68,240.6,233.34,172813
CANTABIL,2026-06-26,238.68,238.68,238.68,238.68,0
CANTABIL,2026-06-29,238.08,239.75,241.39,234.0,137374
CANTABIL,2026-06-30,238.75,239.37,240.7,235.41,70370
CANTABIL,2026-07-01,240.45,241.95,245.69,239.0,584792
CANTABIL,2026-07-02,243.4,269.36,278.0,242.95,3547270
CANTABIL,2026-07-03,273.16,263.9,275.87,261.0,590609
CANTABIL,2026-07-06,261.6,266.73,274.22,261.01,208899
CANTABIL,2026-07-07,265.1,262.76,267.7,258.22,103215
CANTABIL,2026-07-08,261.0,251.84,264.19,245.78,293081
CANTABIL,2026-07-09,253.0,252.71,256.29,251.46,36788
CANTABIL,2026-07-10,251.84,251.22,261.0,249.93,122565
CANTABIL,2026-07-13,249.6,255.96,260.28,249.21,533309
CANTABIL,2026-07-14,255.1,262.52,268.15,253.21,816632
CANTABIL,2026-07-15,264.55,257.52,267.18,255.1,166797
CANTABIL,2026-07-16,258.9,255.87,261.25,251.1,82272
CANTABIL,2026-07-17,255.87,254.56,266.58,252.0,488140
CAPLIPOINT,2026-04-17,1764.9,1770.9,1799.8,1755.0,148567
CAPLIPOINT,2026-04-20,1771.0,1754.2,1775.0,1740.0,55397
CAPLIPOINT,2026-04-21,1759.9,1748.8,1768.0,1740.0,49325
CAPLIPOINT,2026-04-22,1748.8,1752.5,1760.5,1735.0,44700
CAPLIPOINT,2026-04-23,1752.5,1768.0,1785.0,1747.9,64210
CAPLIPOINT,2026-04-24,1777.5,1719.5,1783.0,1715.0,71492
CAPLIPOINT,2026-04-27,1719.5,1761.1,1764.9,1706.6,84268
CAPLIPOINT,2026-04-28,1761.1,1732.2,1761.1,1727.0,72161
CAPLIPOINT,2026-04-29,1732.2,1727.6,1741.2,1713.5,48595
CAPLIPOINT,2026-04-30,1720.1,1709.0,1725.0,1678.4,56199
CAPLIPOINT,2026-05-04,1710.5,1736.3,1765.3,1710.5,76083
CAPLIPOINT,2026-05-05,1733.0,1741.5,1775.0,1728.0,124308
CAPLIPOINT,2026-05-06,1753.0,1841.3,1849.9,1753.0,253677
CAPLIPOINT,2026-05-07,1845.0,1866.6,1885.0,1840.1,124846
CAPLIPOINT,2026-05-08,1870.0,1856.3,1870.6,1845.5,54449
CAPLIPOINT,2026-05-11,1850.0,1853.3,1876.7,1820.6,53644
CAPLIPOINT,2026-05-12,1835.0,1815.0,1854.8,1801.6,69891
CAPLIPOINT,2026-05-13,1840.0,1841.8,1867.0,1815.2,65257
CAPLIPOINT,2026-05-14,1849.0,2023.8,2060.0,1803.0,2271123
CAPLIPOINT,2026-05-15,2024.0,1998.8,2057.0,1950.6,405860
CAPLIPOINT,2026-05-18,1990.0,1986.1,2046.6,1948.6,186105
CAPLIPOINT,2026-05-19,1987.3,2038.2,2060.0,1987.3,200976
CAPLIPOINT,2026-05-20,2038.3,2016.6,2068.1,2009.8,178178
CAPLIPOINT,2026-05-21,2016.6,2025.9,2050.0,1998.0,97506
CAPLIPOINT,2026-05-22,2025.9,2028.0,2058.9,2013.0,89926
CAPLIPOINT,2026-05-25,2059.4,2077.9,2092.5,2033.4,160356
CAPLIPOINT,2026-05-26,2099.0,2035.8,2099.0,2030.0,109242
CAPLIPOINT,2026-05-27,2042.3,2023.3,2063.7,2014.6,72577
CAPLIPOINT,2026-05-28,2023.3,2023.3,2023.3,2023.3,0
CAPLIPOINT,2026-05-29,2023.0,2024.5,2086.5,2012.0,97307
CAPLIPOINT,2026-06-01,2024.5,1998.9,2072.9,1990.0,176474
CAPLIPOINT,2026-06-02,2000.0,1988.1,2007.8,1962.7,75756
CAPLIPOINT,2026-06-03,1988.1,1972.9,1993.9,1952.4,45721
CAPLIPOINT,2026-06-04,1950.0,2019.7,2040.0,1950.0,97390
CAPLIPOINT,2026-06-05,2025.0,2033.1,2048.7,2015.2,84426
CAPLIPOINT,2026-06-08,2011.6,2111.0,2148.0,2001.5,628306
CAPLIPOINT,2026-06-09,2122.3,2255.2,2286.0,2121.3,614724
CAPLIPOINT,2026-06-10,2260.8,2309.4,2409.0,2240.4,861544
CAPLIPOINT,2026-06-11,2309.4,2331.0,2375.0,2291.1,286180
CAPLIPOINT,2026-06-12,2350.0,2407.8,2425.0,2344.0,226664
CAPLIPOINT,2026-06-15,2435.0,2364.6,2447.3,2349.6,146915
CAPLIPOINT,2026-06-16,2375.0,2377.8,2417.9,2341.0,101405
CAPLIPOINT,2026-06-17,2389.9,2334.9,2409.4,2325.4,66318
CAPLIPOINT,2026-06-18,2345.8,2359.4,2382.2,2338.8,56125
CAPLIPOINT,2026-06-19,2346.0,2503.5,2560.0,2342.1,402481
CAPLIPOINT,2026-06-22,2520.0,2537.4,2550.7,2487.2,157503
CAPLIPOINT,2026-06-23,2545.6,2490.9,2546.0,2457.3,127384
CAPLIPOINT,2026-06-24,2470.2,2519.0,2590.0,2470.2,218550
CAPLIPOINT,2026-06-25,2525.1,2506.4,2547.6,2475.0,78499
CAPLIPOINT,2026-06-26,2506.4,2506.4,2506.4,2506.4,0
CAPLIPOINT,2026-06-29,2506.4,2557.9,2589.0,2485.2,213699
CAPLIPOINT,2026-06-30,2578.7,2626.0,2675.0,2567.2,390700
CAPLIPOINT,2026-07-01,2652.0,2564.0,2659.7,2550.9,92137
CAPLIPOINT,2026-07-02,2575.0,2538.2,2584.0,2509.5,74476
CAPLIPOINT,2026-07-03,2550.0,2538.1,2629.9,2505.0,123712
CAPLIPOINT,2026-07-06,2555.0,2624.2,2645.5,2551.2,187621
CAPLIPOINT,2026-07-07,2629.0,2566.8,2650.0,2552.0,100780
CAPLIPOINT,2026-07-08,2563.0,2528.4,2623.0,2501.6,111612
CAPLIPOINT,2026-07-09,2553.6,2621.4,2638.0,2550.0,119270
CAPLIPOINT,2026-07-10,2639.0,2583.6,2689.0,2566.1,132345
CAPLIPOINT,2026-07-13,2583.6,2616.1,2637.5,2566.5,72386
CAPLIPOINT,2026-07-14,2629.0,2658.4,2680.0,2597.0,132461
CAPLIPOINT,2026-07-15,2668.1,2648.1,2699.0,2626.0,93049
CAPLIPOINT,2026-07-16,2647.5,2671.5,2684.5,2595.7,136463
CAPLIPOINT,2026-07-17,2671.9,2614.2,2671.9,2576.9,71088
CARBORUNIV,2026-04-17,889.0,940.1,949.0,886.7,870434
CARBORUNIV,2026-04-20,939.3,941.15,959.0,926.25,148605
CARBORUNIV,2026-04-21,941.15,933.25,949.75,928.5,80005
CARBORUNIV,2026-04-22,933.25,941.4,948.0,925.0,50999
CARBORUNIV,2026-04-23,939.8,949.05,957.9,938.6,93005
CARBORUNIV,2026-04-24,949.0,926.15,955.0,923.0,149018
CARBORUNIV,2026-04-27,941.95,946.1,949.0,929.85,334525
CARBORUNIV,2026-04-28,946.0,968.15,973.4,943.3,123141
CARBORUNIV,2026-04-29,974.9,976.1,981.95,965.0,337594
CARBORUNIV,2026-04-30,980.0,951.75,980.95,939.95,221374
CARBORUNIV,2026-05-01,951.75,951.75,951.75,951.75,0
CARBORUNIV,2026-05-04,965.0,980.0,983.0,957.95,108020
CARBORUNIV,2026-05-05,981.0,974.35,983.8,957.0,53850
CARBORUNIV,2026-05-06,980.0,987.8,992.0,970.85,97782
CARBORUNIV,2026-05-07,987.8,1003.4,1023.35,987.8,240729
CARBORUNIV,2026-05-08,1003.4,1027.7,1037.55,1001.0,441675
CARBORUNIV,2026-05-11,1020.0,1039.0,1044.5,1002.35,178869
CARBORUNIV,2026-05-12,1008.05,1008.65,1028.7,1002.75,163329
CARBORUNIV,2026-05-13,1008.0,1033.3,1050.0,1000.0,127721
CARBORUNIV,2026-05-14,1035.4,1037.35,1043.9,1000.05,129585
CARBORUNIV,2026-05-15,1001.0,1102.4,1123.9,990.1,2228714
CARBORUNIV,2026-05-18,1101.0,1098.25,1166.4,1090.0,1402951
CARBORUNIV,2026-05-19,1096.7,1076.2,1107.05,1068.1,159412
CARBORUNIV,2026-05-20,1069.9,1059.15,1087.95,1055.0,168315
CARBORUNIV,2026-05-21,1058.55,1062.4,1075.0,1048.25,128566
CARBORUNIV,2026-05-22,1067.0,1056.85,1085.0,1051.5,85230
CARBORUNIV,2026-05-25,1056.85,1057.4,1073.7,1053.05,73452
CARBORUNIV,2026-05-26,1056.0,1043.35,1068.0,1036.5,149933
CARBORUNIV,2026-05-27,1020.25,1035.0,1051.0,1005.0,129301
CARBORUNIV,2026-05-28,1035.0,1035.0,1035.0,1035.0,0
CARBORUNIV,2026-05-29,1035.2,1029.05,1082.0,1017.7,271476
CARBORUNIV,2026-06-01,1019.0,1030.6,1040.4,1015.1,1025285
CARBORUNIV,2026-06-02,1030.6,1023.1,1030.6,1005.4,79037
CARBORUNIV,2026-06-03,1029.9,1011.7,1033.0,1005.6,51106
CARBORUNIV,2026-06-04,1011.7,1028.6,1035.9,1006.1,113027
CARBORUNIV,2026-06-05,1040.1,1039.8,1070.0,1023.9,311452
CARBORUNIV,2026-06-08,1025.0,1054.5,1064.7,1020.1,146955
CARBORUNIV,2026-06-09,1065.0,1040.1,1076.3,1031.0,113780
CARBORUNIV,2026-06-10,1030.2,1016.4,1050.0,1001.1,114586
CARBORUNIV,2026-06-11,1021.7,997.8,1030.0,993.2,212046
CARBORUNIV,2026-06-12,1002.0,1053.1,1060.0,996.0,367180
CARBORUNIV,2026-06-15,1054.9,1065.9,1082.5,1054.9,142437
CARBORUNIV,2026-06-16,1071.5,1065.5,1073.7,1051.8,86279
CARBORUNIV,2026-06-17,1065.5,1130.3,1135.0,1065.5,543328
CARBORUNIV,2026-06-18,1138.0,1192.2,1268.0,1136.1,2071027
CARBORUNIV,2026-06-19,1176.3,1241.7,1306.9,1176.3,2169097
CARBORUNIV,2026-06-22,1240.0,1211.4,1241.5,1181.4,467601
CARBORUNIV,2026-06-23,1211.4,1212.3,1276.0,1202.8,973045
CARBORUNIV,2026-06-24,1204.1,1162.5,1215.0,1156.2,227574
CARBORUNIV,2026-06-25,1170.0,1143.3,1178.4,1135.0,163682
CARBORUNIV,2026-06-26,1143.3,1143.3,1143.3,1143.3,0
CARBORUNIV,2026-06-29,1142.1,1191.9,1201.8,1138.3,317444
CARBORUNIV,2026-06-30,1201.0,1178.2,1208.1,1172.7,145242
CARBORUNIV,2026-07-01,1184.4,1163.9,1196.7,1158.0,111576
CARBORUNIV,2026-07-02,1164.0,1141.7,1170.0,1129.1,103565
CARBORUNIV,2026-07-03,1142.7,1139.6,1147.7,1113.5,118918
CARBORUNIV,2026-07-06,1149.9,1144.5,1155.0,1133.5,105601
CARBORUNIV,2026-07-07,1146.0,1106.1,1148.9,1095.1,95146
CARBORUNIV,2026-07-08,1106.1,1080.5,1116.0,1070.3,92633
CARBORUNIV,2026-07-09,1082.6,1089.8,1096.9,1072.1,303053
CARBORUNIV,2026-07-10,1095.0,1091.2,1102.6,1081.0,87179
CARBORUNIV,2026-07-13,1096.4,1073.0,1098.0,1058.4,262582
CARBORUNIV,2026-07-14,1050.0,1066.2,1082.9,1048.0,133523
CARBORUNIV,2026-07-15,1075.1,1081.8,1088.8,1073.0,74800
CARBORUNIV,2026-07-16,1093.0,1085.3,1101.7,1068.6,267073
CARBORUNIV,2026-07-17,1082.0,1059.8,1085.5,1050.0,112765
CARYSIL,2026-04-17,894.0,902.4,921.9,890.05,63117
CARYSIL,2026-04-20,904.6,863.4,909.0,856.8,203539
CARYSIL,2026-04-21,875.0,887.5,925.0,872.1,292563
CARYSIL,2026-04-22,894.0,919.8,934.8,887.5,175493
CARYSIL,2026-04-23,919.0,915.3,935.0,909.65,100461
CARYSIL,2026-04-24,912.0,899.1,921.0,891.0,64364
CARYSIL,2026-04-27,908.0,913.3,941.0,905.85,190627
CARYSIL,2026-04-28,909.0,919.25,934.0,909.0,104996
CARYSIL,2026-04-29,928.95,894.75,928.95,891.0,97049
CARYSIL,2026-04-30,901.6,902.9,905.75,873.4,74571
CARYSIL,2026-05-01,902.9,902.9,902.9,902.9,0
CARYSIL,2026-05-04,902.9,898.95,929.9,895.0,48674
CARYSIL,2026-05-05,905.25,899.85,911.0,890.4,43097
CARYSIL,2026-05-06,900.25,948.95,956.5,898.6,151703
CARYSIL,2026-05-07,955.0,956.3,969.0,949.65,83363
CARYSIL,2026-05-08,963.7,951.6,963.7,938.35,59419
CARYSIL,2026-05-11,951.55,920.55,956.45,916.0,59333
CARYSIL,2026-05-12,926.65,891.25,926.65,884.0,58421
CARYSIL,2026-05-13,878.15,889.75,903.7,878.15,31272
CARYSIL,2026-05-14,891.05,912.35,918.0,882.6,43811
CARYSIL,2026-05-15,915.0,918.45,942.0,902.35,66154
CARYSIL,2026-05-18,915.0,907.95,918.45,888.3,41995
CARYSIL,2026-05-19,907.95,919.6,934.0,906.8,37508
CARYSIL,2026-05-20,917.05,1022.3,1070.0,909.05,1278354
CARYSIL,2026-05-21,1040.0,1049.95,1074.0,1028.0,843836
CARYSIL,2026-05-22,1065.7,1079.0,1095.95,1029.95,225345
CARYSIL,2026-05-25,1099.95,1116.55,1143.85,1073.45,437590
CARYSIL,2026-05-26,1116.55,1110.35,1142.95,1103.4,167410
CARYSIL,2026-05-27,1099.95,1095.55,1121.95,1089.65,91151
CARYSIL,2026-05-28,1095.55,1095.55,1095.55,1095.55,0
CARYSIL,2026-05-29,1107.0,1077.55,1115.65,1070.1,100303
CARYSIL,2026-06-01,1079.9,1056.0,1110.0,1050.5,101491
CARYSIL,2026-06-02,1056.0,1113.5,1118.0,1039.2,141083
CARYSIL,2026-06-03,1118.0,1138.0,1148.0,1080.7,182936
CARYSIL,2026-06-04,1145.0,1095.2,1171.6,1084.0,249308
CARYSIL,2026-06-05,1095.2,1102.0,1125.0,1088.3,82441
CARYSIL,2026-06-08,1101.7,1056.2,1123.0,1051.6,145129
CARYSIL,2026-06-09,1059.9,1123.6,1135.0,1059.8,149543
CARYSIL,2026-06-10,1127.8,1191.9,1200.0,1101.3,665811
CARYSIL,2026-06-11,1205.0,1163.8,1222.9,1158.1,440529
CARYSIL,2026-06-12,1195.0,1178.9,1199.9,1164.5,121248
CARYSIL,2026-06-15,1206.0,1173.2,1224.0,1164.9,162338
CARYSIL,2026-06-16,1182.0,1181.6,1199.0,1169.1,57117
CARYSIL,2026-06-17,1181.6,1187.8,1215.0,1173.1,154929
CARYSIL,2026-06-18,1194.9,1237.8,1247.9,1186.6,283926
CARYSIL,2026-06-19,1247.9,1199.3,1247.9,1173.2,193796
CARYSIL,2026-06-22,1210.5,1191.0,1219.0,1174.8,77310
CARYSIL,2026-06-23,1191.0,1153.9,1197.8,1132.3,196287
CARYSIL,2026-06-24,1153.9,1198.5,1227.0,1153.9,90536
CARYSIL,2026-06-25,1212.0,1179.1,1220.6,1165.6,68976
CARYSIL,2026-06-26,1179.1,1179.1,1179.1,1179.1,0
CARYSIL,2026-06-29,1190.8,1188.1,1195.0,1163.8,50632
CARYSIL,2026-06-30,1181.5,1198.2,1209.5,1179.3,65365
CARYSIL,2026-07-01,1204.9,1172.2,1209.2,1168.0,49756
CARYSIL,2026-07-02,1177.7,1183.0,1198.0,1166.6,73186
CARYSIL,2026-07-03,1180.1,1162.1,1195.0,1141.1,76693
CARYSIL,2026-07-06,1171.0,1146.8,1191.0,1142.0,74224
CARYSIL,2026-07-07,1149.0,1118.3,1149.9,1111.0,106361
CARYSIL,2026-07-08,1103.0,1098.5,1140.0,1083.1,81496
CARYSIL,2026-07-09,1106.5,1186.6,1194.0,1105.9,130235
CARYSIL,2026-07-10,1187.0,1173.1,1193.8,1153.2,82020
CARYSIL,2026-07-13,1174.3,1183.6,1188.0,1143.6,88339
CARYSIL,2026-07-14,1187.0,1167.6,1187.0,1152.3,34587
CARYSIL,2026-07-15,1210.0,1205.1,1280.9,1192.6,1241051
CARYSIL,2026-07-16,1202.0,1226.9,1235.0,1202.0,89497
CARYSIL,2026-07-17,1236.0,1170.4,1236.0,1157.0,126047
CCL,2026-04-17,1077.4,1089.4,1097.4,1075.6,128752
CCL,2026-04-20,1087.8,1085.9,1105.0,1066.9,254386
CCL,2026-04-21,1089.4,1113.1,1129.9,1089.4,347280
CCL,2026-04-22,1116.0,1121.6,1146.5,1106.2,265948
CCL,2026-04-23,1115.0,1091.5,1123.9,1088.0,164132
CCL,2026-04-24,1079.0,1098.8,1116.2,1078.0,356669
CCL,2026-04-27,1098.1,1121.2,1127.8,1094.0,290579
CCL,2026-04-28,1122.0,1103.2,1129.2,1101.1,101153
CCL,2026-04-29,1105.0,1125.1,1147.0,1104.9,295314
CCL,2026-04-30,1125.1,1135.1,1150.0,1116.2,222681
CCL,2026-05-01,1135.1,1135.1,1135.1,1135.1,0
CCL,2026-05-04,1134.4,1170.3,1184.0,1133.0,377273
CCL,2026-05-05,1180.0,1176.5,1198.0,1157.2,283297
CCL,2026-05-06,1180.2,1178.3,1192.0,1163.4,244205
CCL,2026-05-07,1182.0,1207.8,1217.5,1180.3,339545
CCL,2026-05-08,1200.0,1123.1,1200.0,1111.2,1093185
CCL,2026-05-11,1113.1,1099.2,1114.7,1044.0,575816
CCL,2026-05-12,1099.2,1094.6,1135.0,1089.0,258630
CCL,2026-05-13,1094.5,1124.3,1144.0,1094.5,260584
CCL,2026-05-14,1135.0,1111.8,1135.0,1104.0,125172
CCL,2026-05-15,1111.5,1116.3,1130.3,1104.3,150891
CCL,2026-05-18,1116.3,1090.4,1120.4,1083.2,83626
CCL,2026-05-19,1090.4,1089.4,1098.9,1081.2,90637
CCL,2026-05-20,1090.0,1096.0,1108.7,1078.6,85399
CCL,2026-05-21,1098.0,1107.6,1112.0,1094.0,115635
CCL,2026-05-22,1112.0,1064.9,1134.0,1055.5,629758
CCL,2026-05-25,1070.0,1059.0,1084.1,1053.1,216044
CCL,2026-05-26,1058.0,1063.9,1069.6,1056.1,93029
CCL,2026-05-27,1063.0,1071.0,1081.9,1045.1,191657
CCL,2026-05-28,1071.0,1071.0,1071.0,1071.0,0
CCL,2026-05-29,1071.0,1053.8,1077.7,1044.9,138228
CCL,2026-06-01,1053.8,1064.8,1071.9,1043.0,154015
CCL,2026-06-02,1064.8,1070.5,1084.0,1045.0,212382
CCL,2026-06-03,1072.0,1078.2,1088.9,1062.2,148436
CCL,2026-06-04,1077.2,1067.7,1079.0,1060.3,96070
CCL,2026-06-05,1069.0,1079.1,1085.0,1065.3,147309
CCL,2026-06-08,1070.0,1173.0,1219.9,1061.2,6371979
CCL,2026-06-09,1173.0,1149.1,1190.6,1137.5,798485
CCL,2026-06-10,1151.9,1193.4,1236.2,1151.9,2727692
CCL,2026-06-11,1185.1,1133.1,1190.2,1122.2,709130
CCL,2026-06-12,1149.0,1129.3,1153.5,1120.0,409213
CCL,2026-06-15,1140.0,1133.4,1149.3,1124.5,240330
CCL,2026-06-16,1133.4,1121.0,1150.2,1109.7,194547
CCL,2026-06-17,1121.1,1114.6,1128.3,1104.1,264588
CCL,2026-06-18,1110.0,1132.4,1140.2,1102.1,195406
CCL,2026-06-19,1132.4,1137.3,1156.0,1121.0,158299
CCL,2026-06-22,1145.0,1148.7,1224.0,1137.4,1249922
CCL,2026-06-23,1159.0,1159.4,1174.7,1150.5,164499
CCL,2026-06-24,1161.9,1167.1,1174.9,1156.1,124129
CCL,2026-06-25,1169.0,1163.2,1175.2,1159.4,135796
CCL,2026-06-26,1163.2,1163.2,1163.2,1163.2,0
CCL,2026-06-29,1161.1,1164.8,1196.4,1156.0,236752
CCL,2026-06-30,1159.6,1181.2,1192.0,1159.6,115786
CCL,2026-07-01,1189.0,1183.0,1223.8,1170.1,306597
CCL,2026-07-02,1192.5,1186.4,1197.9,1172.0,101388
CCL,2026-07-03,1186.4,1173.0,1186.4,1162.3,107906
CCL,2026-07-06,1177.0,1199.7,1209.6,1174.6,188949
CCL,2026-07-07,1213.9,1192.2,1228.7,1183.0,452432
CCL,2026-07-08,1175.0,1181.2,1201.1,1167.0,129356
CCL,2026-07-09,1182.0,1209.2,1223.9,1182.0,355163
CCL,2026-07-10,1222.0,1214.0,1222.0,1197.0,192140
CCL,2026-07-13,1204.9,1229.7,1242.2,1190.2,234225
CCL,2026-07-14,1229.7,1229.5,1240.0,1218.8,192786
CCL,2026-07-15,1229.5,1223.0,1240.0,1211.4,145875
CCL,2026-07-16,1224.2,1195.9,1227.3,1179.6,230131
CCL,2026-07-17,1196.0,1191.4,1205.1,1177.8,128781
CDSL,2026-04-17,1370.0,1393.2,1399.9,1367.0,2418769
CDSL,2026-04-20,1394.0,1370.3,1401.1,1366.1,2430970
CDSL,2026-04-21,1370.0,1362.6,1375.5,1355.0,1643169
CDSL,2026-04-22,1360.0,1321.2,1367.2,1316.1,3311575
CDSL,2026-04-23,1317.0,1323.6,1335.0,1312.6,1334615
CDSL,2026-04-24,1323.6,1312.8,1335.9,1304.2,1395501
CDSL,2026-04-27,1315.0,1324.1,1331.1,1314.5,1084591
CDSL,2026-04-28,1324.1,1324.6,1332.6,1318.0,1238028
CDSL,2026-04-29,1331.0,1306.4,1345.5,1300.2,1876708
CDSL,2026-04-30,1298.0,1272.0,1298.7,1268.5,2429730
CDSL,2026-05-01,1272.0,1272.0,1272.0,1272.0,0
CDSL,2026-05-04,1256.2,1238.3,1259.9,1226.1,4740623
CDSL,2026-05-05,1230.0,1254.7,1262.8,1222.1,2522931
CDSL,2026-05-06,1269.0,1282.8,1288.8,1256.1,3364296
CDSL,2026-05-07,1291.0,1269.8,1291.0,1267.1,1958453
CDSL,2026-05-08,1270.0,1259.3,1274.4,1250.2,2883848
CDSL,2026-05-11,1253.7,1226.8,1254.0,1224.3,2274941
CDSL,2026-05-12,1216.0,1182.4,1225.0,1180.0,2520735
CDSL,2026-05-13,1180.5,1186.2,1211.0,1178.0,2650766
CDSL,2026-05-14,1192.1,1198.7,1206.5,1172.0,2705051
CDSL,2026-05-15,1205.0,1186.7,1206.9,1185.0,1401730
CDSL,2026-05-18,1174.0,1184.2,1187.7,1152.7,1892291
CDSL,2026-05-19,1187.0,1209.5,1215.9,1185.3,1653732
CDSL,2026-05-20,1200.0,1224.6,1229.0,1192.0,1750026
CDSL,2026-05-21,1228.0,1199.8,1234.3,1196.0,2489809
CDSL,2026-05-22,1204.0,1204.1,1209.8,1197.0,1176424
CDSL,2026-05-25,1224.0,1217.4,1224.0,1212.9,1199970
CDSL,2026-05-26,1216.0,1226.3,1232.4,1212.9,1592677
CDSL,2026-05-27,1230.2,1243.8,1249.8,1229.9,1997940
CDSL,2026-05-28,1243.8,1243.8,1243.8,1243.8,0
CDSL,2026-05-29,1249.8,1244.6,1269.3,1236.1,2255976
CDSL,2026-06-01,1250.5,1215.1,1260.9,1210.0,1377240
CDSL,2026-06-02,1212.6,1226.8,1232.0,1198.7,1153482
CDSL,2026-06-03,1226.7,1218.2,1227.0,1201.0,1215220
CDSL,2026-06-04,1210.0,1216.9,1228.0,1208.1,968318
CDSL,2026-06-05,1224.0,1217.5,1235.1,1208.2,1137730
CDSL,2026-06-08,1200.0,1193.4,1209.5,1185.0,1105175
CDSL,2026-06-09,1196.0,1212.3,1215.0,1196.0,792606
CDSL,2026-06-10,1212.3,1200.9,1221.0,1197.1,1060031
CDSL,2026-06-11,1193.9,1190.2,1197.5,1183.0,1050788
CDSL,2026-06-12,1210.0,1227.9,1230.4,1202.5,1479892
CDSL,2026-06-15,1252.0,1265.7,1273.0,1247.1,2840662
CDSL,2026-06-16,1272.0,1264.0,1277.2,1255.6,1198830
CDSL,2026-06-17,1270.0,1290.9,1294.0,1263.2,2169716
CDSL,2026-06-18,1291.8,1350.4,1396.8,1289.0,9899144
CDSL,2026-06-19,1351.9,1370.3,1379.4,1337.5,3067601
CDSL,2026-06-22,1377.0,1371.8,1396.0,1366.6,2248451
CDSL,2026-06-23,1371.8,1351.1,1376.8,1345.1,1768236
CDSL,2026-06-24,1351.0,1331.7,1351.0,1325.0,1209579
CDSL,2026-06-25,1336.0,1317.0,1347.9,1314.7,1342804
CDSL,2026-06-26,1317.0,1317.0,1317.0,1317.0,0
CDSL,2026-06-29,1317.0,1297.9,1321.8,1295.1,1473279
CDSL,2026-06-30,1301.8,1305.5,1318.2,1300.0,1186187
CDSL,2026-07-01,1308.8,1332.4,1345.0,1305.7,2265248
CDSL,2026-07-02,1335.8,1350.8,1356.0,1331.0,1802724
CDSL,2026-07-03,1357.9,1350.6,1365.9,1345.6,1144321
CDSL,2026-07-06,1350.0,1358.6,1364.5,1342.7,925001
CDSL,2026-07-07,1359.0,1360.0,1363.5,1342.7,1075852
CDSL,2026-07-08,1347.0,1311.4,1364.0,1301.0,1820046
CDSL,2026-07-09,1316.0,1346.5,1354.6,1316.0,1462201
CDSL,2026-07-10,1353.5,1431.9,1443.0,1352.7,9178914
CDSL,2026-07-13,1422.0,1444.5,1453.1,1415.6,3777293
CDSL,2026-07-14,1435.0,1428.5,1445.8,1421.0,1855465
CDSL,2026-07-15,1429.9,1440.1,1448.6,1424.3,1645779
CDSL,2026-07-16,1444.5,1410.5,1446.7,1408.0,1279121
CDSL,2026-07-17,1405.5,1418.2,1423.0,1376.0,1729889
CERA,2026-04-17,5284.5,5325.1,5340.0,5283.3,12082
CERA,2026-04-20,5355.0,5306.4,5355.0,5265.0,9606
CERA,2026-04-21,5332.9,5295.2,5368.0,5276.1,9440
CERA,2026-04-22,5295.0,5488.9,5549.0,5271.2,32153
CERA,2026-04-23,5468.0,5469.8,5490.0,5421.5,26196
CERA,2026-04-24,5461.0,5328.3,5461.0,5300.0,7922
CERA,2026-04-27,5420.0,5265.5,5420.0,5220.0,13176
CERA,2026-04-28,5268.0,5227.7,5316.9,5215.0,5515
CERA,2026-04-29,5241.7,5317.2,5406.4,5240.7,11143
CERA,2026-04-30,5317.0,5252.6,5317.0,5225.5,4029
CERA,2026-05-01,5252.6,5252.6,5252.6,5252.6,0
CERA,2026-05-04,5271.5,5300.5,5340.0,5255.5,7142
CERA,2026-05-05,5339.5,5366.5,5388.5,5281.5,8088
CERA,2026-05-06,5366.5,5379.0,5432.0,5296.5,10224
CERA,2026-05-07,5389.0,5456.5,5520.0,5348.0,15681
CERA,2026-05-08,5488.5,5782.0,5849.0,5404.0,163846
CERA,2026-05-11,5627.0,6152.0,6172.5,5627.0,96924
CERA,2026-05-12,6152.0,5926.5,6215.0,5848.5,55571
CERA,2026-05-13,5849.5,5809.0,5969.0,5780.0,20062
CERA,2026-05-14,5815.0,5689.5,5832.0,5650.0,15132
CERA,2026-05-15,5745.0,5635.5,5777.5,5612.0,8265
CERA,2026-05-18,5600.0,5558.5,5600.0,5441.0,8176
CERA,2026-05-19,5600.0,5773.5,5825.0,5556.5,14512
CERA,2026-05-20,5728.0,5748.5,5880.0,5660.5,11511
CERA,2026-05-21,5789.5,5788.0,5938.0,5770.5,9521
CERA,2026-05-22,5799.5,5708.0,5839.5,5682.5,5917
CERA,2026-05-25,5800.5,5729.0,5828.0,5702.5,7499
CERA,2026-05-26,5720.5,5743.0,5870.0,5700.0,7737
CERA,2026-05-27,5750.0,5797.5,5829.5,5740.0,4891
CERA,2026-05-28,5797.5,5797.5,5797.5,5797.5,0
CERA,2026-05-29,5830.5,5564.5,5854.0,5532.5,13564
CERA,2026-06-01,5569.5,5582.0,5649.0,5500.5,9390
CERA,2026-06-02,5501.0,5605.0,5640.0,5501.0,4190
CERA,2026-06-03,5605.0,5577.0,5630.0,5525.5,4396
CERA,2026-06-04,5546.0,5534.5,5734.0,5494.0,11935
CERA,2026-06-05,5560.0,5512.5,5641.5,5502.0,3601
CERA,2026-06-08,5412.5,5473.0,5666.0,5372.5,174080
CERA,2026-06-09,5502.0,5835.0,5930.0,5502.0,219376
CERA,2026-06-10,5835.0,5869.5,5989.0,5770.0,38007
CERA,2026-06-11,5870.0,5854.5,5899.5,5789.5,6739
CERA,2026-06-12,5920.0,6144.0,6196.5,5874.5,37391
CERA,2026-06-15,6200.0,6259.0,6280.0,6155.0,44984
CERA,2026-06-16,6290.0,6208.0,6290.5,6166.0,7569
CERA,2026-06-17,6208.0,6156.0,6251.0,6128.0,6748
CERA,2026-06-18,6156.0,6160.0,6299.5,6135.5,6749
CERA,2026-06-19,6160.0,6448.0,6460.0,6100.0,54046
CERA,2026-06-22,6550.0,6661.5,6740.0,6360.5,40237
CERA,2026-06-23,6660.0,6430.0,6661.5,6400.0,19042
CERA,2026-06-24,6430.0,6340.5,6459.0,6300.0,8284
CERA,2026-06-25,6340.5,6330.5,6460.0,6299.0,9035
CERA,2026-06-26,6330.5,6330.5,6330.5,6330.5,0
CERA,2026-06-29,6325.0,6463.5,6521.5,6260.0,17177
CERA,2026-06-30,6462.5,6451.5,6473.5,6335.0,7256
CERA,2026-07-01,6484.0,6441.0,6594.5,6375.5,9882
CERA,2026-07-02,6450.0,6476.0,6522.0,6434.5,12435
CERA,2026-07-03,6524.0,6460.0,6525.0,6404.0,7512
CERA,2026-07-06,6470.5,6571.0,6655.5,6460.0,23534
CERA,2026-07-07,6535.0,6377.5,6540.0,6350.5,11883
CERA,2026-07-08,6353.0,6323.5,6413.0,6227.0,11022
CERA,2026-07-09,6344.5,6291.0,6391.0,6260.5,3675
CERA,2026-07-10,6312.5,6313.5,6368.5,6292.0,5409
CERA,2026-07-13,6300.0,6147.5,6489.5,6104.0,22672
CERA,2026-07-14,6175.0,6136.0,6193.5,6032.0,8626
CERA,2026-07-15,6136.0,6107.0,6230.0,6081.0,7935
CERA,2026-07-16,6101.0,6116.5,6169.5,6090.5,3888
CERA,2026-07-17,6090.0,6047.0,6100.0,6000.5,5218
CGPOWER,2026-04-17,760.0,774.8,776.5,748.35,4137167
CGPOWER,2026-04-20,775.95,795.7,804.65,764.2,5497243
CGPOWER,2026-04-21,800.0,805.25,819.6,798.15,3645438
CGPOWER,2026-04-22,805.25,824.35,835.0,803.0,4826906
CGPOWER,2026-04-23,825.7,837.8,842.0,821.4,3763003
CGPOWER,2026-04-24,844.5,823.15,846.9,809.0,3994254
CGPOWER,2026-04-27,823.35,820.3,834.95,818.1,2549032
CGPOWER,2026-04-28,820.7,831.2,836.4,820.7,1966693
CGPOWER,2026-04-29,835.35,825.6,840.0,820.3,2354905
CGPOWER,2026-04-30,824.75,813.35,824.75,803.9,3248937
CGPOWER,2026-05-01,813.35,813.35,813.35,813.35,0
CGPOWER,2026-05-04,819.0,802.3,828.0,800.5,2569215
CGPOWER,2026-05-05,800.0,826.9,833.0,794.1,6919738
CGPOWER,2026-05-06,832.8,828.9,839.5,804.0,8627698
CGPOWER,2026-05-07,841.5,859.1,872.35,830.05,13476263
CGPOWER,2026-05-08,860.35,873.55,875.8,852.0,3998673
CGPOWER,2026-05-11,875.0,858.1,886.8,855.0,4501442
CGPOWER,2026-05-12,858.15,833.7,863.75,831.7,3032058
CGPOWER,2026-05-13,830.0,847.05,850.0,826.0,2586976
CGPOWER,2026-05-14,856.0,848.25,856.05,827.05,2851857
CGPOWER,2026-05-15,845.9,838.2,848.0,833.0,1670728
CGPOWER,2026-05-18,825.95,808.75,830.0,804.6,4002836
CGPOWER,2026-05-19,811.0,819.4,828.7,807.15,2055370
CGPOWER,2026-05-20,819.4,853.25,857.75,812.6,3710693
CGPOWER,2026-05-21,865.0,864.9,870.3,857.05,2811644
CGPOWER,2026-05-22,866.9,865.7,873.5,858.0,2028217
CGPOWER,2026-05-25,874.9,867.9,884.4,864.8,2222363
CGPOWER,2026-05-26,867.9,879.15,890.0,864.2,2788855
CGPOWER,2026-05-27,882.55,934.8,938.0,882.0,9258467
CGPOWER,2026-05-28,934.8,934.8,934.8,934.8,0
CGPOWER,2026-05-29,938.9,917.45,944.1,910.95,9449904
CGPOWER,2026-06-01,928.95,894.35,928.95,891.3,3148459
CGPOWER,2026-06-02,895.05,907.7,910.55,883.05,4931769
CGPOWER,2026-06-03,912.95,906.65,914.6,890.45,3685445
CGPOWER,2026-06-04,915.0,937.9,951.0,906.75,8471887
CGPOWER,2026-06-05,948.85,937.85,952.0,928.6,4645742
CGPOWER,2026-06-08,920.0,903.4,938.8,895.0,4203240
CGPOWER,2026-06-09,910.2,911.2,921.0,905.3,3404934
CGPOWER,2026-06-10,911.2,908.1,924.5,899.15,3175483
CGPOWER,2026-06-11,900.5,901.35,926.5,898.95,2755854
CGPOWER,2026-06-12,919.0,914.45,919.0,897.5,2901434
CGPOWER,2026-06-15,928.0,935.5,942.9,916.55,2742582
CGPOWER,2026-06-16,943.55,940.7,946.9,931.6,2475717
CGPOWER,2026-06-17,941.0,963.75,965.6,937.0,3996950
CGPOWER,2026-06-18,969.9,954.45,969.9,945.25,3552746
CGPOWER,2026-06-19,954.1,963.7,966.05,950.05,3828968
CGPOWER,2026-06-22,968.0,962.55,968.9,954.05,2540708
CGPOWER,2026-06-23,965.0,950.5,966.0,946.0,2724967
CGPOWER,2026-06-24,936.0,919.45,944.95,912.0,3996660
CGPOWER,2026-06-25,919.45,942.1,948.95,919.45,3215230
CGPOWER,2026-06-26,942.1,942.1,942.1,942.1,0
CGPOWER,2026-06-29,960.1,956.25,965.35,936.3,12311661
CGPOWER,2026-06-30,963.1,952.15,969.0,949.3,3299400
CGPOWER,2026-07-01,958.0,976.5,978.9,950.0,3489753
CGPOWER,2026-07-02,980.0,959.4,980.9,951.9,5251907
CGPOWER,2026-07-03,911.4,892.55,926.0,887.1,24732145
CGPOWER,2026-07-06,900.0,925.05,926.9,895.4,8211996
CGPOWER,2026-07-07,925.05,910.5,927.6,898.65,3243077
CGPOWER,2026-07-08,908.0,908.1,924.0,897.35,5514793
CGPOWER,2026-07-09,910.8,910.9,922.6,903.05,4205285
CGPOWER,2026-07-10,916.95,916.6,923.7,913.55,2065106
CGPOWER,2026-07-13,912.0,905.5,912.0,895.6,2819640
CGPOWER,2026-07-14,905.5,913.85,915.0,893.7,3241089
CGPOWER,2026-07-15,918.4,929.15,937.85,915.1,4646962
CGPOWER,2026-07-16,935.0,921.95,954.9,919.0,3437360
CGPOWER,2026-07-17,926.9,905.0,927.75,900.3,2383800
CHOLAFIN,2026-04-17,1564.0,1579.0,1585.0,1542.4,1168171
CHOLAFIN,2026-04-20,1578.8,1569.3,1588.8,1550.1,810091
CHOLAFIN,2026-04-21,1578.0,1589.2,1594.4,1572.2,612548
CHOLAFIN,2026-04-22,1583.0,1565.6,1589.0,1562.9,1713023
CHOLAFIN,2026-04-23,1558.0,1543.4,1560.8,1532.5,1853317
CHOLAFIN,2026-04-24,1546.9,1568.2,1575.0,1529.9,1225033
CHOLAFIN,2026-04-27,1570.5,1560.7,1577.8,1534.8,2919111
CHOLAFIN,2026-04-28,1560.1,1536.4,1579.2,1530.8,964837
CHOLAFIN,2026-04-29,1539.9,1553.3,1572.6,1530.8,723397
CHOLAFIN,2026-04-30,1521.8,1562.9,1592.2,1472.3,7213356
CHOLAFIN,2026-05-01,1562.9,1562.9,1562.9,1562.9,0
CHOLAFIN,2026-05-04,1564.8,1639.5,1649.0,1564.8,5637755
CHOLAFIN,2026-05-05,1644.0,1657.4,1666.9,1623.0,2688312
CHOLAFIN,2026-05-06,1681.2,1711.9,1724.0,1678.9,2751781
CHOLAFIN,2026-05-07,1725.0,1689.2,1734.8,1677.8,2640682
CHOLAFIN,2026-05-08,1688.1,1674.1,1694.9,1670.6,919240
CHOLAFIN,2026-05-11,1630.4,1624.5,1646.4,1621.0,1626071
CHOLAFIN,2026-05-12,1617.2,1561.0,1628.8,1556.5,1647134
CHOLAFIN,2026-05-13,1567.8,1574.6,1597.5,1550.2,1052244
CHOLAFIN,2026-05-14,1580.0,1567.1,1590.0,1545.5,1324905
CHOLAFIN,2026-05-15,1535.9,1546.3,1573.7,1528.9,883202
CHOLAFIN,2026-05-18,1538.0,1527.9,1538.0,1500.0,822208
CHOLAFIN,2026-05-19,1518.0,1511.4,1538.3,1508.0,1043113
CHOLAFIN,2026-05-20,1502.0,1518.9,1522.0,1491.0,857291
CHOLAFIN,2026-05-21,1532.0,1504.0,1540.5,1498.9,1311311
CHOLAFIN,2026-05-22,1514.7,1539.8,1548.0,1503.0,1287931
CHOLAFIN,2026-05-25,1566.0,1591.0,1600.0,1548.5,1668255
CHOLAFIN,2026-05-26,1598.5,1567.3,1598.9,1562.2,866674
CHOLAFIN,2026-05-27,1568.0,1579.2,1587.0,1555.3,557092
CHOLAFIN,2026-05-28,1579.2,1579.2,1579.2,1579.2,0
CHOLAFIN,2026-05-29,1590.4,1537.7,1629.9,1530.2,2265673
CHOLAFIN,2026-06-01,1532.9,1492.9,1548.3,1486.9,2918334
CHOLAFIN,2026-06-02,1476.0,1482.8,1488.0,1452.1,867651
CHOLAFIN,2026-06-03,1494.0,1470.6,1494.0,1444.6,1078181
CHOLAFIN,2026-06-04,1465.1,1486.0,1494.0,1452.3,871155
CHOLAFIN,2026-06-05,1486.5,1503.2,1549.0,1480.1,2458256
CHOLAFIN,2026-06-08,1475.1,1456.0,1483.8,1450.0,1115497
CHOLAFIN,2026-06-09,1464.6,1495.4,1500.0,1459.1,1430472
CHOLAFIN,2026-06-10,1489.7,1472.6,1517.4,1466.2,1771871
CHOLAFIN,2026-06-11,1459.0,1454.9,1473.3,1449.3,1160022
CHOLAFIN,2026-06-12,1489.4,1568.1,1577.6,1485.0,3265447
CHOLAFIN,2026-06-15,1610.0,1653.6,1664.0,1607.3,4372229
CHOLAFIN,2026-06-16,1649.9,1680.4,1685.7,1649.8,2152281
CHOLAFIN,2026-06-17,1680.4,1679.2,1690.9,1672.6,980447
CHOLAFIN,2026-06-18,1675.0,1688.9,1692.0,1661.0,770645
CHOLAFIN,2026-06-19,1684.0,1693.4,1704.1,1676.5,1247083
CHOLAFIN,2026-06-22,1694.9,1718.8,1724.3,1694.9,1704231
CHOLAFIN,2026-06-23,1719.9,1725.9,1742.8,1711.7,1934588
CHOLAFIN,2026-06-24,1723.0,1792.9,1803.0,1721.0,2368949
CHOLAFIN,2026-06-25,1807.0,1799.2,1816.6,1785.9,3949686
CHOLAFIN,2026-06-26,1799.2,1799.2,1799.2,1799.2,0
CHOLAFIN,2026-06-29,1814.6,1774.0,1823.9,1764.8,4523777
CHOLAFIN,2026-06-30,1782.7,1789.8,1804.0,1770.0,1364890
CHOLAFIN,2026-07-01,1790.0,1803.3,1808.9,1776.6,642938
CHOLAFIN,2026-07-02,1814.9,1788.5,1814.9,1781.3,1239025
CHOLAFIN,2026-07-03,1800.0,1789.8,1820.0,1784.9,951422
CHOLAFIN,2026-07-06,1808.9,1850.5,1857.8,1808.9,3062520
CHOLAFIN,2026-07-07,1862.0,1853.4,1875.0,1842.1,2130993
CHOLAFIN,2026-07-08,1839.5,1769.4,1851.3,1763.3,1760890
CHOLAFIN,2026-07-09,1767.0,1791.9,1805.9,1755.3,1291022
CHOLAFIN,2026-07-10,1804.9,1807.8,1827.0,1802.0,741849
CHOLAFIN,2026-07-13,1799.0,1810.9,1818.9,1777.5,635788
CHOLAFIN,2026-07-14,1792.2,1771.5,1792.4,1742.7,1288807
CHOLAFIN,2026-07-15,1779.5,1803.9,1828.1,1779.5,1510352
CHOLAFIN,2026-07-16,1810.5,1789.1,1813.2,1784.9,773364
CHOLAFIN,2026-07-17,1800.0,1804.9,1812.0,1787.5,791604
CIPLA,2026-04-17,1230.5,1240.8,1244.5,1224.4,2291092
CIPLA,2026-04-20,1245.0,1229.5,1246.0,1226.0,1158618
CIPLA,2026-04-21,1228.6,1232.5,1236.4,1223.3,1428292
CIPLA,2026-04-22,1226.0,1236.3,1240.8,1222.0,1172238
CIPLA,2026-04-23,1234.1,1305.9,1308.4,1227.6,5274028
CIPLA,2026-04-24,1295.0,1295.0,1303.9,1254.1,4427307
CIPLA,2026-04-27,1303.2,1317.2,1320.7,1299.0,1721187
CIPLA,2026-04-28,1316.0,1306.5,1326.0,1296.3,1501522
CIPLA,2026-04-29,1312.0,1317.6,1322.0,1307.8,986556
CIPLA,2026-04-30,1317.9,1309.6,1329.8,1305.0,1370336
CIPLA,2026-05-01,1309.6,1309.6,1309.6,1309.6,0
CIPLA,2026-05-04,1320.0,1335.0,1337.4,1313.6,1088765
CIPLA,2026-05-05,1339.0,1333.7,1339.4,1316.4,1051020
CIPLA,2026-05-06,1340.0,1364.4,1372.0,1333.1,1854812
CIPLA,2026-05-07,1370.0,1362.3,1379.5,1360.1,1248019
CIPLA,2026-05-08,1355.0,1347.0,1366.7,1341.3,1044824
CIPLA,2026-05-11,1347.0,1304.9,1350.0,1300.1,1428197
CIPLA,2026-05-12,1304.6,1292.3,1309.0,1289.0,1398439
CIPLA,2026-05-13,1279.1,1327.6,1356.6,1274.7,6015153
CIPLA,2026-05-14,1362.2,1436.7,1442.0,1362.2,9166941
CIPLA,2026-05-15,1436.7,1432.1,1444.5,1425.2,1138894
CIPLA,2026-05-18,1422.0,1426.2,1442.1,1411.8,2013605
CIPLA,2026-05-19,1420.0,1409.8,1426.6,1408.7,1379218
CIPLA,2026-05-20,1392.3,1399.5,1422.1,1392.3,1316586
CIPLA,2026-05-21,1406.5,1401.9,1415.9,1397.7,1145360
CIPLA,2026-05-22,1409.0,1399.2,1409.6,1392.0,917323
CIPLA,2026-05-25,1406.0,1413.9,1420.0,1398.5,668915
CIPLA,2026-05-26,1413.9,1417.5,1422.6,1409.6,1132793
CIPLA,2026-05-27,1417.6,1418.2,1432.0,1416.0,937447
CIPLA,2026-05-28,1418.2,1418.2,1418.2,1418.2,0
CIPLA,2026-05-29,1411.0,1401.0,1429.2,1382.7,9540984
CIPLA,2026-06-01,1410.0,1390.3,1413.6,1386.0,714608
CIPLA,2026-06-02,1380.0,1379.3,1384.9,1358.2,2290839
CIPLA,2026-06-03,1375.0,1375.2,1384.9,1365.3,1520395
CIPLA,2026-06-04,1365.0,1398.7,1404.9,1354.0,1548692
CIPLA,2026-06-05,1394.0,1401.3,1406.1,1382.0,1050391
CIPLA,2026-06-08,1397.0,1387.9,1405.0,1383.0,669481
CIPLA,2026-06-09,1383.1,1376.5,1398.8,1373.6,1419845
CIPLA,2026-06-10,1374.0,1377.0,1391.4,1371.1,962642
CIPLA,2026-06-11,1376.1,1383.3,1391.0,1373.9,654474
CIPLA,2026-06-12,1393.9,1389.4,1396.1,1382.2,805612
CIPLA,2026-06-15,1396.7,1381.3,1397.9,1374.5,1687655
CIPLA,2026-06-16,1382.6,1373.2,1392.3,1366.0,613961
CIPLA,2026-06-17,1380.0,1350.8,1381.7,1341.1,2014168
CIPLA,2026-06-18,1353.2,1355.5,1365.0,1348.7,908719
CIPLA,2026-06-19,1355.0,1351.8,1362.3,1346.6,1476650
CIPLA,2026-06-22,1372.0,1415.7,1418.2,1370.6,3368853
CIPLA,2026-06-23,1422.8,1433.1,1461.0,1418.8,4958067
CIPLA,2026-06-24,1445.7,1437.9,1451.9,1425.7,2145293
CIPLA,2026-06-25,1448.0,1440.1,1453.0,1431.0,1217683
CIPLA,2026-06-26,1440.1,1440.1,1440.1,1440.1,0
CIPLA,2026-06-29,1443.7,1454.1,1490.1,1441.5,4162869
CIPLA,2026-06-30,1455.7,1465.4,1480.8,1448.7,2818077
CIPLA,2026-07-01,1468.0,1456.7,1472.1,1446.0,753439
CIPLA,2026-07-02,1465.4,1456.0,1468.2,1452.7,731416
CIPLA,2026-07-03,1452.0,1458.2,1471.0,1452.0,1261674
CIPLA,2026-07-06,1458.2,1472.3,1474.7,1453.4,769917
CIPLA,2026-07-07,1472.3,1451.8,1482.0,1449.2,1164880
CIPLA,2026-07-08,1453.3,1431.8,1471.9,1428.9,1163676
CIPLA,2026-07-09,1430.0,1441.3,1454.8,1426.4,947375
CIPLA,2026-07-10,1441.3,1439.4,1454.5,1435.0,745842
CIPLA,2026-07-13,1439.4,1426.7,1443.0,1420.0,844670
CIPLA,2026-07-14,1426.7,1438.1,1454.5,1425.3,1221695
CIPLA,2026-07-15,1447.0,1438.0,1453.0,1433.0,924453
CIPLA,2026-07-16,1439.9,1429.5,1444.0,1426.6,568731
CIPLA,2026-07-17,1429.5,1418.7,1434.0,1404.0,607055
COFORGE,2026-04-17,1310.0,1316.8,1329.0,1293.3,2822554
COFORGE,2026-04-20,1316.8,1288.1,1319.8,1280.0,2018128
COFORGE,2026-04-21,1290.0,1292.8,1304.0,1280.0,1636421
COFORGE,2026-04-22,1272.9,1235.8,1273.9,1208.2,6289853
COFORGE,2026-04-23,1237.5,1220.6,1243.1,1215.8,2115050
COFORGE,2026-04-24,1211.0,1150.9,1214.5,1136.3,5331848
COFORGE,2026-04-27,1156.0,1202.4,1205.9,1155.9,1701923
COFORGE,2026-04-28,1206.0,1200.9,1213.8,1192.0,1325561
COFORGE,2026-04-29,1206.8,1204.0,1229.9,1200.0,1174935
COFORGE,2026-04-30,1202.0,1195.9,1207.7,1178.1,1424354
COFORGE,2026-05-01,1195.9,1195.9,1195.9,1195.9,0
COFORGE,2026-05-04,1209.8,1151.6,1211.2,1147.1,2133159
COFORGE,2026-05-05,1166.0,1168.8,1181.3,1147.5,1607889
COFORGE,2026-05-06,1261.2,1280.4,1295.8,1246.9,26656460
COFORGE,2026-05-07,1294.9,1285.3,1312.6,1277.7,5846100
COFORGE,2026-05-08,1279.1,1368.1,1374.0,1275.0,9375709
COFORGE,2026-05-11,1375.8,1375.2,1387.8,1359.6,5641233
COFORGE,2026-05-12,1373.4,1320.4,1373.4,1316.9,4590660
COFORGE,2026-05-13,1321.0,1297.1,1328.0,1291.4,2151407
COFORGE,2026-05-14,1305.9,1274.6,1305.9,1249.8,3004315
COFORGE,2026-05-15,1284.5,1282.1,1313.4,1275.2,3346591
COFORGE,2026-05-18,1282.1,1348.1,1351.8,1274.6,4392898
COFORGE,2026-05-19,1365.0,1412.0,1447.0,1360.3,8133656
COFORGE,2026-05-20,1411.0,1402.3,1444.4,1393.6,4869095
COFORGE,2026-05-21,1404.9,1377.0,1423.5,1366.1,2273142
COFORGE,2026-05-22,1378.0,1387.1,1401.9,1369.7,2494600
COFORGE,2026-05-25,1398.0,1398.0,1415.2,1376.6,1369562
COFORGE,2026-05-26,1400.0,1422.8,1428.4,1395.1,1780000
COFORGE,2026-05-27,1425.0,1388.4,1433.4,1382.2,1709429
COFORGE,2026-05-28,1388.4,1388.4,1388.4,1388.4,0
COFORGE,2026-05-29,1410.0,1421.8,1449.8,1405.5,3533060
COFORGE,2026-06-01,1438.2,1461.2,1498.2,1438.1,5877548
COFORGE,2026-06-02,1472.2,1519.5,1554.0,1462.0,10654328
COFORGE,2026-06-03,1490.0,1420.9,1490.0,1417.0,4844251
COFORGE,2026-06-04,1410.0,1436.5,1443.1,1391.0,2111985
COFORGE,2026-06-05,1453.7,1435.5,1473.3,1424.6,2525034
COFORGE,2026-06-08,1410.0,1421.1,1447.0,1403.0,2143995
COFORGE,2026-06-09,1439.9,1412.0,1439.9,1393.5,1845056
COFORGE,2026-06-10,1414.9,1402.7,1434.6,1398.3,1190652
COFORGE,2026-06-11,1387.2,1393.8,1409.2,1356.2,1646487
COFORGE,2026-06-12,1410.0,1367.2,1410.4,1364.0,2484998
COFORGE,2026-06-15,1399.0,1402.5,1415.0,1378.0,2234241
COFORGE,2026-06-16,1419.9,1464.8,1468.4,1405.1,4085487
COFORGE,2026-06-17,1494.5,1465.7,1497.8,1453.3,4831921
COFORGE,2026-06-18,1458.9,1483.0,1494.4,1436.0,4808752
COFORGE,2026-06-19,1403.7,1463.3,1468.8,1397.8,8297808
COFORGE,2026-06-22,1475.0,1483.9,1505.0,1474.5,3965449
COFORGE,2026-06-23,1480.4,1481.2,1491.4,1470.3,2646004
COFORGE,2026-06-24,1478.1,1497.9,1504.5,1478.1,2312701
COFORGE,2026-06-25,1512.0,1492.9,1521.7,1485.4,2997232
COFORGE,2026-06-26,1492.9,1492.9,1492.9,1492.9,0
COFORGE,2026-06-29,1493.4,1491.4,1523.6,1482.5,6361979
COFORGE,2026-06-30,1496.9,1465.7,1502.9,1457.7,4539593
COFORGE,2026-07-01,1470.3,1370.7,1474.5,1362.2,4675747
COFORGE,2026-07-02,1395.0,1441.9,1457.9,1390.1,5761491
COFORGE,2026-07-03,1460.4,1464.0,1492.8,1451.1,4053069
COFORGE,2026-07-06,1466.9,1481.9,1491.0,1461.7,1513526
COFORGE,2026-07-07,1482.0,1516.2,1522.9,1481.9,3465445
COFORGE,2026-07-08,1517.0,1445.9,1517.0,1433.0,2843349
COFORGE,2026-07-09,1450.0,1468.6,1479.2,1427.8,1647511
COFORGE,2026-07-10,1495.8,1503.8,1523.0,1490.0,2750522
COFORGE,2026-07-13,1494.1,1540.9,1547.9,1470.0,5132000
COFORGE,2026-07-14,1545.0,1534.5,1569.0,1530.7,2837341
COFORGE,2026-07-15,1520.0,1533.2,1559.2,1504.0,2948151
COFORGE,2026-07-16,1536.1,1530.7,1557.4,1527.3,1803970
COFORGE,2026-07-17,1549.7,1508.4,1560.6,1495.2,2927353
COLPAL,2026-04-17,1977.4,2106.0,2121.9,1969.2,2100901
COLPAL,2026-04-20,2119.0,2129.0,2148.0,2089.2,582891
COLPAL,2026-04-21,2129.0,2106.6,2138.3,2070.5,450952
COLPAL,2026-04-22,2115.0,2118.3,2137.0,2093.9,450554
COLPAL,2026-04-23,2110.3,2150.2,2155.0,2057.6,649058
COLPAL,2026-04-24,2150.2,2171.3,2177.8,2139.0,738058
COLPAL,2026-04-27,2180.0,2141.0,2190.1,2135.4,371678
COLPAL,2026-04-28,2132.7,2125.2,2136.4,2105.0,364158
COLPAL,2026-04-29,2135.0,2132.5,2175.8,2104.6,391370
COLPAL,2026-04-30,2115.2,2096.2,2140.2,2090.0,366494
COLPAL,2026-05-01,2096.2,2096.2,2096.2,2096.2,0
COLPAL,2026-05-04,2110.2,2172.9,2180.0,2099.2,509820
COLPAL,2026-05-05,2184.0,2178.9,2185.0,2159.0,303160
COLPAL,2026-05-06,2198.0,2157.1,2198.0,2151.9,216927
COLPAL,2026-05-07,2172.0,2167.0,2185.0,2144.9,209531
COLPAL,2026-05-08,2161.2,2197.4,2205.9,2157.3,273342
COLPAL,2026-05-11,2196.9,2139.0,2204.2,2132.4,588255
COLPAL,2026-05-12,2139.9,2125.2,2157.2,2118.0,299031
COLPAL,2026-05-13,2127.8,2134.5,2147.0,2111.6,310715
COLPAL,2026-05-14,2134.6,2146.6,2163.5,2124.7,144948
COLPAL,2026-05-15,2142.6,2160.0,2166.0,2135.2,287530
COLPAL,2026-05-18,2150.0,2151.2,2158.9,2113.6,357195
COLPAL,2026-05-19,2152.0,2188.3,2223.7,2152.0,334394
COLPAL,2026-05-20,2187.0,2185.4,2192.5,2163.1,205812
COLPAL,2026-05-21,2195.0,2164.9,2210.0,2153.5,329867
COLPAL,2026-05-22,2169.3,2156.9,2173.5,2130.5,204566
COLPAL,2026-05-25,2185.7,2097.0,2195.7,2080.6,1433773
COLPAL,2026-05-26,2099.9,2077.1,2106.9,2051.2,932673
COLPAL,2026-05-27,2080.3,2087.4,2099.3,2070.2,199944
COLPAL,2026-05-28,2087.4,2087.4,2087.4,2087.4,0
COLPAL,2026-05-29,2100.0,2059.9,2108.9,2050.4,1193673
COLPAL,2026-06-01,2049.7,1990.1,2053.0,1979.0,689578
COLPAL,2026-06-02,1985.0,1998.8,2004.8,1976.5,299055
COLPAL,2026-06-03,1997.0,2018.6,2022.8,1984.6,308158
COLPAL,2026-06-04,2018.3,2004.4,2032.3,1995.0,321958
COLPAL,2026-06-05,2016.0,1999.5,2020.9,1991.0,174541
COLPAL,2026-06-08,1986.2,2005.5,2020.0,1972.8,313988
COLPAL,2026-06-09,2005.1,2023.4,2028.8,2001.0,138499
COLPAL,2026-06-10,2024.3,2056.3,2100.0,2024.3,1111107
COLPAL,2026-06-11,2050.0,2028.6,2064.8,2022.4,397135
COLPAL,2026-06-12,2042.0,2079.0,2082.5,2042.0,262833
COLPAL,2026-06-15,2100.0,2057.7,2136.5,2052.0,420009
COLPAL,2026-06-16,2067.5,2096.9,2103.7,2065.0,711308
COLPAL,2026-06-17,2080.0,2034.2,2092.6,2028.0,603600
COLPAL,2026-06-18,2032.5,2027.3,2043.8,2015.3,376697
COLPAL,2026-06-19,2020.0,1997.8,2026.0,1990.0,417545
COLPAL,2026-06-22,2005.5,1982.0,2019.9,1975.3,640289
COLPAL,2026-06-23,1982.0,1980.5,2003.4,1975.3,330176
COLPAL,2026-06-24,1985.5,1965.3,1995.0,1957.8,672675
COLPAL,2026-06-25,1970.1,1993.0,2001.4,1970.1,685326
COLPAL,2026-06-26,1993.0,1993.0,1993.0,1993.0,0
COLPAL,2026-06-29,1993.0,1999.2,2029.0,1990.0,551311
COLPAL,2026-06-30,2000.0,1997.9,2005.0,1980.1,479375
COLPAL,2026-07-01,2005.0,2071.9,2077.0,2000.3,578144
COLPAL,2026-07-02,2064.2,2061.5,2071.8,2036.1,223137
COLPAL,2026-07-03,2065.9,2047.0,2086.6,2033.0,136722
COLPAL,2026-07-06,2047.0,2079.6,2085.0,2035.0,225585
COLPAL,2026-07-07,2083.6,2077.2,2083.6,2057.6,330465
COLPAL,2026-07-08,2077.0,2020.1,2081.9,2008.2,176528
COLPAL,2026-07-09,2028.0,2063.0,2073.8,2028.0,271151
COLPAL,2026-07-10,2069.4,2052.4,2071.9,2047.1,120766
COLPAL,2026-07-13,2038.8,2025.0,2044.9,2020.0,141476
COLPAL,2026-07-14,2026.0,2008.7,2033.5,2002.6,180202
COLPAL,2026-07-15,2014.0,2011.8,2021.9,1996.8,121471
COLPAL,2026-07-16,2013.8,2001.1,2028.0,1996.5,208566
COLPAL,2026-07-17,2001.0,2042.4,2047.0,1986.3,423366
CONTROLPR,2026-04-17,691.6,672.85,693.0,661.3,38088
CONTROLPR,2026-04-20,672.85,658.85,681.05,656.0,16896
CONTROLPR,2026-04-21,669.95,669.85,675.7,660.3,17520
CONTROLPR,2026-04-22,669.0,668.5,673.0,664.0,13056
CONTROLPR,2026-04-23,665.2,647.6,666.3,645.0,38759
CONTROLPR,2026-04-24,654.0,640.25,654.45,638.9,18140
CONTROLPR,2026-04-27,630.0,662.4,667.4,630.0,12512
CONTROLPR,2026-04-28,662.4,655.2,667.0,652.65,12806
CONTROLPR,2026-04-29,655.2,652.6,663.35,651.5,5312
CONTROLPR,2026-04-30,654.0,636.8,655.0,633.0,17383
CONTROLPR,2026-05-04,630.45,660.4,670.95,630.45,60096
CONTROLPR,2026-05-05,655.0,650.5,661.4,646.6,11795
CONTROLPR,2026-05-06,653.75,659.65,670.0,645.6,22038
CONTROLPR,2026-05-07,664.3,672.15,677.7,655.0,21589
CONTROLPR,2026-05-08,674.0,669.8,680.9,662.25,12082
CONTROLPR,2026-05-11,669.8,642.85,669.8,631.65,40741
CONTROLPR,2026-05-12,642.85,636.45,649.05,632.0,16821
CONTROLPR,2026-05-13,636.45,634.95,645.85,632.6,8529
CONTROLPR,2026-05-14,635.05,630.25,645.1,623.65,16087
CONTROLPR,2026-05-15,636.0,630.4,645.0,627.0,8085
CONTROLPR,2026-05-18,615.0,613.8,627.0,602.25,40632
CONTROLPR,2026-05-19,613.8,628.4,632.0,609.6,11737
CONTROLPR,2026-05-20,628.0,643.2,662.1,612.0,67362
CONTROLPR,2026-05-21,639.0,623.45,639.0,619.95,27081
CONTROLPR,2026-05-22,620.05,617.35,629.9,615.0,19775
CONTROLPR,2026-05-25,628.0,622.5,652.15,619.7,42592
CONTROLPR,2026-05-26,615.05,608.5,632.0,607.0,49081
CONTROLPR,2026-05-27,609.85,614.0,620.95,603.8,32292
CONTROLPR,2026-05-28,614.0,614.0,614.0,614.0,0
CONTROLPR,2026-05-29,618.4,610.35,620.35,603.0,13545
CONTROLPR,2026-06-01,610.35,614.65,628.45,610.35,24284
CONTROLPR,2026-06-02,610.0,610.5,614.95,605.0,18316
CONTROLPR,2026-06-03,607.0,620.1,622.9,606.6,14939
CONTROLPR,2026-06-04,620.8,614.3,623.35,607.1,20970
CONTROLPR,2026-06-05,618.85,610.65,619.95,606.0,13583
CONTROLPR,2026-06-08,601.5,600.75,608.4,599.0,12666
CONTROLPR,2026-06-09,601.35,599.05,607.3,596.0,13066
CONTROLPR,2026-06-10,599.05,606.55,615.25,598.95,14067
CONTROLPR,2026-06-11,600.05,595.85,602.45,594.9,10858
CONTROLPR,2026-06-12,599.0,605.35,608.75,597.65,29196
CONTROLPR,2026-06-15,610.0,617.4,625.0,610.0,25076
CONTROLPR,2026-06-16,617.1,616.55,625.0,612.5,12839
CONTROLPR,2026-06-17,619.2,625.7,628.1,615.05,15649
CONTROLPR,2026-06-18,633.0,627.0,633.0,621.35,10145
CONTROLPR,2026-06-19,627.0,623.45,627.0,613.5,15416
CONTROLPR,2026-06-22,628.8,643.9,648.05,627.45,37867
CONTROLPR,2026-06-23,643.9,636.3,647.25,630.9,17947
CONTROLPR,2026-06-24,630.4,640.6,651.9,628.25,25911
CONTROLPR,2026-06-25,644.95,640.05,648.8,630.0,16828
CONTROLPR,2026-06-26,640.05,640.05,640.05,640.05,0
CONTROLPR,2026-06-29,640.05,617.35,640.05,614.6,26051
CONTROLPR,2026-06-30,626.25,621.7,629.35,616.8,17586
CONTROLPR,2026-07-01,620.65,632.55,634.95,620.65,11490
CONTROLPR,2026-07-02,632.55,711.6,726.0,632.5,3602983
CONTROLPR,2026-07-03,718.0,687.1,727.95,680.0,291176
CONTROLPR,2026-07-06,681.05,678.85,698.0,676.3,46970
CONTROLPR,2026-07-07,679.55,665.75,683.45,662.05,32632
CONTROLPR,2026-07-08,665.0,653.0,669.8,643.55,20474
CONTROLPR,2026-07-09,647.4,646.3,668.55,641.5,25270
CONTROLPR,2026-07-10,649.7,645.45,657.55,641.4,25774
CONTROLPR,2026-07-13,642.0,652.1,655.5,634.75,19934
CONTROLPR,2026-07-14,654.0,645.7,654.0,641.95,18965
CONTROLPR,2026-07-15,650.0,643.05,660.4,640.25,12502
CONTROLPR,2026-07-16,643.7,648.25,650.9,641.8,9056
CONTROLPR,2026-07-17,642.05,650.25,660.0,639.0,21500
CRAFTSMAN,2026-04-17,7510.0,7691.0,7710.5,7488.5,24998
CRAFTSMAN,2026-04-20,7698.0,7721.5,7933.0,7665.0,24486
CRAFTSMAN,2026-04-21,7730.0,7653.0,7789.5,7637.0,9436
CRAFTSMAN,2026-04-22,7653.0,7684.5,7763.5,7640.0,13407
CRAFTSMAN,2026-04-23,7695.0,7750.5,7798.0,7633.0,14204
CRAFTSMAN,2026-04-24,7751.0,7570.0,7766.0,7494.5,18061
CRAFTSMAN,2026-04-27,7535.0,7633.0,7800.0,7531.0,21818
CRAFTSMAN,2026-04-28,7615.0,7572.0,7649.0,7520.0,14741
CRAFTSMAN,2026-04-29,7635.0,7750.5,7799.5,7530.5,33814
CRAFTSMAN,2026-04-30,7770.0,7688.0,7795.0,7611.0,44655
CRAFTSMAN,2026-05-04,7795.0,7679.0,7880.0,7616.0,26936
CRAFTSMAN,2026-05-05,7679.0,7741.5,7753.0,7612.5,12497
CRAFTSMAN,2026-05-06,7800.0,7774.5,7843.5,7691.0,13035
CRAFTSMAN,2026-05-07,7825.0,8637.0,8780.0,7704.5,1672385
CRAFTSMAN,2026-05-08,8657.5,8981.5,9738.0,8657.5,2259509
CRAFTSMAN,2026-05-11,9039.5,8806.0,9275.0,8736.5,651559
CRAFTSMAN,2026-05-12,8868.0,8688.0,9054.0,8601.0,200188
CRAFTSMAN,2026-05-13,8632.5,8584.5,8845.0,8512.5,65958
CRAFTSMAN,2026-05-14,8695.0,8567.0,8761.0,8513.5,61274
CRAFTSMAN,2026-05-15,8566.5,8462.5,8760.0,8320.0,70403
CRAFTSMAN,2026-05-18,8472.5,8428.5,8499.0,8242.5,38689
CRAFTSMAN,2026-05-19,8400.0,8536.0,8564.0,8351.5,30925
CRAFTSMAN,2026-05-20,8496.5,8575.0,8619.0,8401.0,38814
CRAFTSMAN,2026-05-21,8620.0,8543.0,8650.0,8520.0,35973
CRAFTSMAN,2026-05-22,8543.0,8702.0,8774.0,8425.0,45785
CRAFTSMAN,2026-05-25,8850.0,8692.5,8919.0,8625.5,33663
CRAFTSMAN,2026-05-26,8666.5,8667.5,8843.0,8622.0,24446
CRAFTSMAN,2026-05-27,8660.0,8688.5,8787.5,8570.5,31339
CRAFTSMAN,2026-05-28,8688.5,8688.5,8688.5,8688.5,0
CRAFTSMAN,2026-05-29,8830.0,9074.0,9259.0,8748.5,135231
CRAFTSMAN,2026-06-01,9178.0,8771.5,9232.0,8589.0,205545
CRAFTSMAN,2026-06-02,8687.5,8979.0,9000.0,8675.0,42669
CRAFTSMAN,2026-06-03,8978.0,8898.5,9001.0,8613.5,95289
CRAFTSMAN,2026-06-04,8878.0,9174.0,9300.0,8843.5,86273
CRAFTSMAN,2026-06-05,9200.5,9065.0,9289.0,9033.5,37933
CRAFTSMAN,2026-06-08,9031.0,8976.0,9178.0,8871.5,44832
CRAFTSMAN,2026-06-09,8976.0,9126.5,9200.5,8900.0,66943
CRAFTSMAN,2026-06-10,9154.0,8986.5,9154.0,8934.0,63168
CRAFTSMAN,2026-06-11,8922.0,8792.5,8948.0,8683.5,85657
CRAFTSMAN,2026-06-12,8909.0,8917.5,9017.0,8755.5,62301
CRAFTSMAN,2026-06-15,9100.0,9337.0,9396.0,8990.0,109175
CRAFTSMAN,2026-06-16,9433.5,9326.0,9490.0,9213.0,86572
CRAFTSMAN,2026-06-17,9400.0,9498.5,9656.0,9336.5,140241
CRAFTSMAN,2026-06-18,9520.0,9500.0,9628.0,9457.5,37642
CRAFTSMAN,2026-06-19,9480.0,9806.5,9938.0,9475.0,253361
CRAFTSMAN,2026-06-22,9750.0,9522.0,9750.0,9323.0,305297
CRAFTSMAN,2026-06-23,9601.5,9445.5,9721.0,9406.5,104345
CRAFTSMAN,2026-06-24,9481.0,9384.5,9517.5,9232.5,66781
CRAFTSMAN,2026-06-25,9413.5,9252.0,9464.5,9226.5,27875
CRAFTSMAN,2026-06-26,9252.0,9252.0,9252.0,9252.0,0
CRAFTSMAN,2026-06-29,9250.0,9388.0,9420.0,9203.5,136816
CRAFTSMAN,2026-06-30,9402.5,9460.0,9520.0,9255.0,85170
CRAFTSMAN,2026-07-01,9500.0,9305.0,9528.0,9264.5,25509
CRAFTSMAN,2026-07-02,9331.5,9275.5,9331.5,9212.5,19434
CRAFTSMAN,2026-07-03,9275.5,9119.0,9290.0,9086.5,54626
CRAFTSMAN,2026-07-06,9110.0,9097.0,9197.5,9022.5,63126
CRAFTSMAN,2026-07-07,9150.0,9099.0,9208.5,9051.0,28518
CRAFTSMAN,2026-07-08,9020.5,9181.5,9379.0,8955.5,49254
CRAFTSMAN,2026-07-09,9208.0,9282.5,9360.0,9100.0,55734
CRAFTSMAN,2026-07-10,9323.0,9301.0,9398.5,9256.0,16644
CRAFTSMAN,2026-07-13,9236.5,9333.0,9420.0,9222.5,19180
CRAFTSMAN,2026-07-14,9292.0,9158.0,9345.0,9071.0,48761
CRAFTSMAN,2026-07-15,9200.0,9230.5,9289.0,9100.0,36515
CRAFTSMAN,2026-07-16,9245.0,9101.0,9277.0,9070.0,23755
CRAFTSMAN,2026-07-17,9101.0,9105.0,9159.0,9045.5,30115
CRISIL,2026-04-17,4126.1,4335.4,4383.0,4103.5,444535
CRISIL,2026-04-20,4360.0,4335.3,4418.2,4275.0,164714
CRISIL,2026-04-21,4365.3,4363.9,4463.9,4345.4,172849
CRISIL,2026-04-22,4350.0,4345.8,4404.9,4334.7,46002
CRISIL,2026-04-23,4300.0,4353.9,4385.0,4290.0,45352
CRISIL,2026-04-24,4366.0,4269.4,4384.9,4261.0,42387
CRISIL,2026-04-27,4300.0,4291.7,4316.7,4245.6,75412
CRISIL,2026-04-28,4291.7,4272.6,4317.5,4236.0,38482
CRISIL,2026-04-29,4311.9,4318.0,4379.5,4275.0,29227
CRISIL,2026-04-30,4325.0,4288.7,4343.5,4250.0,54763
CRISIL,2026-05-01,4288.7,4288.7,4288.7,4288.7,0
CRISIL,2026-05-04,4300.0,4230.4,4319.8,4191.3,138686
CRISIL,2026-05-05,4250.0,4146.2,4252.7,4120.0,74258
CRISIL,2026-05-06,4180.5,4155.4,4197.9,4144.0,143989
CRISIL,2026-05-07,4160.0,4152.0,4229.0,4140.1,109032
CRISIL,2026-05-08,4176.9,4162.3,4208.8,4125.4,31928
CRISIL,2026-05-11,4155.0,4090.0,4160.0,4071.0,70062
CRISIL,2026-05-12,4079.0,4031.0,4104.5,4021.0,28501
CRISIL,2026-05-13,4032.0,4027.2,4050.0,3990.2,34653
CRISIL,2026-05-14,4105.6,4131.6,4170.0,4045.0,42677
CRISIL,2026-05-15,4144.0,4137.6,4209.1,4092.2,40985
CRISIL,2026-05-18,4120.1,4087.5,4124.4,4030.0,35173
CRISIL,2026-05-19,4096.7,4115.9,4128.1,4075.0,54700
CRISIL,2026-05-20,4116.0,4213.7,4229.0,4078.2,43423
CRISIL,2026-05-21,4225.0,4173.4,4250.0,4155.4,39540
CRISIL,2026-05-22,4181.3,4085.5,4181.5,4071.5,33707
CRISIL,2026-05-25,4121.0,4026.7,4121.0,4001.0,39609
CRISIL,2026-05-26,4043.0,4015.7,4066.7,4008.1,32110
CRISIL,2026-05-27,4015.0,3987.3,4039.7,3976.3,34579
CRISIL,2026-05-28,3987.3,3987.3,3987.3,3987.3,0
CRISIL,2026-05-29,3990.0,3948.4,4015.3,3907.5,43652
CRISIL,2026-06-01,3949.9,3935.8,3997.8,3915.0,28219
CRISIL,2026-06-02,3916.0,3849.7,3937.2,3832.2,62152
CRISIL,2026-06-03,3850.0,3888.3,3920.8,3808.7,33277
CRISIL,2026-06-04,3905.9,3903.8,3935.0,3866.7,28223
CRISIL,2026-06-05,3925.0,3878.9,3933.7,3870.5,28045
CRISIL,2026-06-08,3850.0,3806.0,3865.7,3775.0,30556
CRISIL,2026-06-09,3814.9,3859.2,3876.4,3801.5,26600
CRISIL,2026-06-10,3825.5,4003.3,4077.0,3825.5,158230
CRISIL,2026-06-11,3983.3,3898.0,4024.2,3875.0,29200
CRISIL,2026-06-12,3960.0,3893.9,3960.0,3852.0,45625
CRISIL,2026-06-15,3960.7,3982.1,4024.5,3924.2,35721
CRISIL,2026-06-16,4008.4,4041.0,4103.2,3971.7,42654
CRISIL,2026-06-17,4052.0,4091.5,4113.0,4021.4,54791
CRISIL,2026-06-18,4100.0,4121.4,4129.0,4053.0,43193
CRISIL,2026-06-19,4121.4,4132.0,4171.4,4071.9,61407
CRISIL,2026-06-22,4132.0,4224.5,4248.3,4116.1,51836
CRISIL,2026-06-23,4250.0,4177.4,4250.0,4160.0,34207
CRISIL,2026-06-24,4188.5,4087.3,4198.9,4077.1,39565
CRISIL,2026-06-25,4088.5,4089.9,4117.0,4070.0,22821
CRISIL,2026-06-26,4089.9,4089.9,4089.9,4089.9,0
CRISIL,2026-06-29,4095.0,4076.3,4168.7,4042.1,61318
CRISIL,2026-06-30,4111.1,4079.0,4140.0,4061.8,53081
CRISIL,2026-07-01,4122.5,4081.7,4219.5,4061.0,63495
CRISIL,2026-07-02,4081.7,4081.6,4115.4,4039.0,25941
CRISIL,2026-07-03,4100.0,4017.2,4122.2,4007.0,61335
CRISIL,2026-07-06,4050.0,3968.1,4055.3,3951.0,147382
CRISIL,2026-07-07,3980.0,3931.3,4040.0,3921.4,55608
CRISIL,2026-07-08,3962.0,3871.8,3987.0,3855.0,54758
CRISIL,2026-07-09,3915.0,4054.7,4066.1,3888.1,92290
CRISIL,2026-07-10,4044.2,4097.4,4209.6,4044.2,118274
CRISIL,2026-07-13,4102.8,4071.5,4115.0,4065.0,35209
CRISIL,2026-07-14,4072.0,4053.7,4080.0,4030.0,27367
CRISIL,2026-07-15,4062.0,4209.9,4220.0,4052.3,84727
CRISIL,2026-07-16,4227.5,4231.1,4300.0,4192.4,130520
CRISIL,2026-07-17,4231.2,4245.7,4284.0,4175.7,49942
CSBBANK,2026-04-17,405.0,399.85,406.0,397.0,393199
CSBBANK,2026-04-20,399.5,390.4,401.6,386.1,325272
CSBBANK,2026-04-21,390.8,402.6,406.15,390.8,1492484
CSBBANK,2026-04-22,404.0,396.35,409.9,391.85,953556
CSBBANK,2026-04-23,395.0,384.75,397.55,383.4,434597
CSBBANK,2026-04-24,386.1,382.65,388.5,375.45,374382
CSBBANK,2026-04-27,386.0,396.6,402.2,386.0,489618
CSBBANK,2026-04-28,399.9,393.55,406.4,392.2,685407
CSBBANK,2026-04-29,396.0,391.55,400.45,390.1,317294
CSBBANK,2026-04-30,390.5,381.95,391.4,381.0,392044
CSBBANK,2026-05-01,381.95,381.95,381.95,381.95,0
CSBBANK,2026-05-04,381.95,392.2,413.0,381.65,3880640
CSBBANK,2026-05-05,389.0,386.1,389.6,383.55,507835
CSBBANK,2026-05-06,390.0,371.95,392.55,367.2,1616167
CSBBANK,2026-05-07,375.1,356.95,377.4,353.95,1807664
CSBBANK,2026-05-08,359.35,365.05,365.95,354.0,1065911
CSBBANK,2026-05-11,362.0,352.45,363.0,350.0,632626
CSBBANK,2026-05-12,352.45,344.15,354.7,342.2,397692
CSBBANK,2026-05-13,343.2,352.85,353.55,340.0,901679
CSBBANK,2026-05-14,358.0,354.0,358.0,343.05,581500
CSBBANK,2026-05-15,353.5,358.65,360.0,348.45,362774
CSBBANK,2026-05-18,355.0,354.35,356.15,343.0,410232
CSBBANK,2026-05-19,355.0,359.65,361.0,351.15,356874
CSBBANK,2026-05-20,359.0,363.85,365.0,354.0,345864
CSBBANK,2026-05-21,366.35,364.05,366.55,359.1,565452
CSBBANK,2026-05-22,365.0,361.25,365.2,358.25,280892
CSBBANK,2026-05-25,364.0,365.5,367.95,362.8,199531
CSBBANK,2026-05-26,365.55,364.1,368.35,360.5,137721
CSBBANK,2026-05-27,364.3,370.05,373.9,360.5,420244
CSBBANK,2026-05-28,370.05,370.05,370.05,370.05,0
CSBBANK,2026-05-29,371.6,352.85,372.65,347.5,810525
CSBBANK,2026-06-01,355.55,359.05,364.75,351.9,357639
CSBBANK,2026-06-02,356.65,368.7,370.7,351.8,373240
CSBBANK,2026-06-03,365.0,364.5,369.45,360.2,304088
CSBBANK,2026-06-04,361.25,361.7,366.3,359.3,163581
CSBBANK,2026-06-05,362.1,362.05,365.95,359.0,123966
CSBBANK,2026-06-08,359.0,354.0,360.8,352.0,108610
CSBBANK,2026-06-09,355.9,353.05,358.9,350.65,448359
CSBBANK,2026-06-10,354.1,362.05,371.8,354.05,731586
CSBBANK,2026-06-11,361.1,354.1,361.55,352.6,216929
CSBBANK,2026-06-12,359.0,366.35,368.0,355.5,255496
CSBBANK,2026-06-15,376.0,372.8,377.95,371.3,280574
CSBBANK,2026-06-16,373.05,369.35,377.5,367.4,298064
CSBBANK,2026-06-17,371.5,367.7,374.35,366.0,701281
CSBBANK,2026-06-18,369.0,367.5,373.9,366.05,452656
CSBBANK,2026-06-19,368.1,365.5,369.4,360.0,392402
CSBBANK,2026-06-22,366.1,363.7,367.9,362.25,185193
CSBBANK,2026-06-23,362.5,356.55,363.95,355.1,155339
CSBBANK,2026-06-24,353.1,343.75,356.55,341.55,1088496
CSBBANK,2026-06-25,345.95,324.6,347.0,321.8,1829848
CSBBANK,2026-06-26,324.6,324.6,324.6,324.6,0
CSBBANK,2026-06-29,327.05,328.85,331.55,317.35,731407
CSBBANK,2026-06-30,330.95,339.85,340.95,329.55,406869
CSBBANK,2026-07-01,341.7,338.15,343.7,336.1,285035
CSBBANK,2026-07-02,339.1,351.5,352.65,338.8,713358
CSBBANK,2026-07-03,354.0,352.2,354.0,344.4,682350
CSBBANK,2026-07-06,352.9,349.85,353.55,348.25,202690
CSBBANK,2026-07-07,349.85,353.5,355.6,349.0,299510
CSBBANK,2026-07-08,351.0,350.75,352.3,342.65,307595
CSBBANK,2026-07-09,349.0,351.05,353.7,348.95,201595
CSBBANK,2026-07-10,352.0,360.4,362.6,351.95,528411
CSBBANK,2026-07-13,355.1,362.95,364.8,355.1,459778
CSBBANK,2026-07-14,363.7,356.6,363.7,351.85,315837
CSBBANK,2026-07-15,358.0,365.7,376.55,358.0,809428
CSBBANK,2026-07-16,365.95,365.55,369.7,361.55,153642
CSBBANK,2026-07-17,364.5,368.75,370.75,357.55,292306
CUB,2026-04-17,187.37,193.37,195.07,186.63,4684025
CUB,2026-04-20,196.05,199.31,206.25,192.57,11252007
CUB,2026-04-21,202.77,198.7,205.48,197.18,8469659
CUB,2026-04-22,199.27,202.61,203.54,198.76,6998711
CUB,2026-04-23,202.61,199.14,203.54,197.62,2156807
CUB,2026-04-24,199.14,196.88,200.47,195.0,1963878
CUB,2026-04-27,198.0,203.41,205.88,197.87,3851259
CUB,2026-04-28,211.14,206.74,220.13,204.91,22668379
CUB,2026-04-29,207.75,208.03,211.87,205.81,3700735
CUB,2026-04-30,207.78,202.57,208.03,201.45,2264569
CUB,2026-05-01,202.57,202.57,202.57,202.57,0
CUB,2026-05-04,203.25,203.89,206.85,201.79,2817946
CUB,2026-05-05,203.18,201.98,204.0,198.94,3145003
CUB,2026-05-06,206.25,204.75,211.88,201.26,4058547
CUB,2026-05-07,204.71,203.14,205.43,201.45,1558801
CUB,2026-05-08,203.29,195.26,203.66,193.61,7243749
CUB,2026-05-11,194.14,190.65,194.14,186.98,8636185
CUB,2026-05-12,190.65,183.34,191.18,182.32,1547465
CUB,2026-05-13,183.75,184.2,187.05,181.76,2955710
CUB,2026-05-14,185.85,185.1,188.29,181.8,1523087
CUB,2026-05-15,185.1,187.99,189.38,183.82,2010511
CUB,2026-05-18,187.95,186.56,187.95,184.2,1379401
CUB,2026-05-19,186.04,188.32,189.6,184.31,1701934
CUB,2026-05-20,187.46,187.54,188.62,185.62,2694555
CUB,2026-05-21,188.62,189.11,189.98,185.14,1849229
CUB,2026-05-22,188.32,186.41,190.95,185.7,974902
CUB,2026-05-25,188.85,187.43,189.79,186.9,1197266
CUB,2026-05-26,188.96,190.57,192.6,187.43,2419538
CUB,2026-05-27,191.32,190.39,191.74,188.14,1163013
CUB,2026-05-28,190.39,190.39,190.39,190.39,0
CUB,2026-05-29,190.43,191.59,193.76,190.35,1831233
CUB,2026-06-01,192.82,190.57,193.95,187.61,2314221
CUB,2026-06-02,190.5,187.2,190.57,185.44,1616819
CUB,2026-06-03,187.76,186.94,188.62,183.04,1973277
CUB,2026-06-04,186.94,184.61,188.55,183.75,2090743
CUB,2026-06-05,185.25,183.64,186.07,182.4,1764926
CUB,2026-06-08,182.25,185.25,186.0,179.25,2254751
CUB,2026-06-09,185.85,192.3,193.57,184.54,6175213
CUB,2026-06-10,194.21,189.86,196.8,187.65,4717621
CUB,2026-06-11,190.5,192.6,195.71,190.31,4193554
CUB,2026-06-12,197.4,201.7,208.5,196.5,6852764
CUB,2026-06-15,205.7,199.35,207.85,198.2,4608069
CUB,2026-06-16,197.85,205.45,206.5,197.5,3502570
CUB,2026-06-17,205.0,200.45,205.4,199.45,3913500
CUB,2026-06-18,200.1,198.35,202.05,197.1,2533691
CUB,2026-06-19,198.0,196.65,201.25,196.0,1253441
CUB,2026-06-22,196.65,197.95,199.05,194.55,1185375
CUB,2026-06-23,197.95,198.3,200.6,195.75,1506292
CUB,2026-06-24,199.5,204.6,205.25,197.05,3584174
CUB,2026-06-25,206.15,198.85,206.9,196.75,3879534
CUB,2026-06-26,198.85,198.85,198.85,198.85,0
CUB,2026-06-29,199.75,201.5,206.1,199.2,6336187
CUB,2026-06-30,202.95,208.6,209.5,202.5,3818201
CUB,2026-07-01,208.0,216.05,217.52,206.71,3912286
CUB,2026-07-02,215.9,217.8,219.0,214.53,4341794
CUB,2026-07-03,216.9,216.76,220.24,215.67,1479646
CUB,2026-07-06,212.0,224.69,225.5,212.0,2710562
CUB,2026-07-07,224.65,227.97,231.82,223.28,3849032
CUB,2026-07-08,226.0,220.08,228.56,217.53,3779085
CUB,2026-07-09,222.7,229.09,231.0,217.55,2994116
CUB,2026-07-10,230.95,229.33,231.48,226.25,2654713
CUB,2026-07-13,226.5,225.13,227.48,223.56,1301126
CUB,2026-07-14,224.0,221.3,225.55,220.06,1175916
CUB,2026-07-15,220.21,220.21,224.75,217.63,2595607
CUB,2026-07-16,222.37,220.88,225.44,220.01,882521
CUB,2026-07-17,221.11,224.63,225.5,218.23,1792388
CUMMINSIND,2026-04-17,5043.0,5140.9,5179.9,5011.2,529710
CUMMINSIND,2026-04-20,5174.0,5200.3,5216.9,5067.6,616937
CUMMINSIND,2026-04-21,5215.0,5116.4,5272.7,5090.4,717933
CUMMINSIND,2026-04-22,5100.0,5211.8,5235.0,5079.4,503337
CUMMINSIND,2026-04-23,5200.0,5176.9,5269.0,5155.7,500090
CUMMINSIND,2026-04-24,5179.0,5232.0,5250.0,5102.1,495775
CUMMINSIND,2026-04-27,5264.5,5233.2,5308.7,5200.0,601902
CUMMINSIND,2026-04-28,5260.0,5258.0,5286.8,5195.1,341686
CUMMINSIND,2026-04-29,5288.0,5288.0,5324.8,5251.3,328892
CUMMINSIND,2026-04-30,5279.7,5266.4,5308.8,5120.0,448330
CUMMINSIND,2026-05-01,5266.4,5266.4,5266.4,5266.4,0
CUMMINSIND,2026-05-04,5300.0,5289.0,5349.0,5238.5,386727
CUMMINSIND,2026-05-05,5295.0,5260.0,5295.0,5227.5,304874
CUMMINSIND,2026-05-06,5331.5,5324.5,5355.5,5230.5,343679
CUMMINSIND,2026-05-07,5352.5,5403.0,5424.0,5317.5,496602
CUMMINSIND,2026-05-08,5415.0,5401.0,5470.5,5381.0,528649
CUMMINSIND,2026-05-11,5350.0,5238.5,5350.0,5191.0,477092
CUMMINSIND,2026-05-12,5265.0,5160.0,5265.0,5147.5,403954
CUMMINSIND,2026-05-13,5170.0,5212.0,5270.0,5147.5,590903
CUMMINSIND,2026-05-14,5257.0,5367.0,5383.0,5229.0,324086
CUMMINSIND,2026-05-15,5386.5,5392.0,5430.0,5322.0,436432
CUMMINSIND,2026-05-18,5360.0,5298.5,5360.0,5228.5,275007
CUMMINSIND,2026-05-19,5285.0,5254.0,5361.0,5238.0,322706
CUMMINSIND,2026-05-20,5214.0,5399.5,5419.0,5183.0,444634
CUMMINSIND,2026-05-21,5427.0,5390.0,5454.0,5361.0,338858
CUMMINSIND,2026-05-22,5375.0,5353.0,5419.0,5335.5,230767
CUMMINSIND,2026-05-25,5419.0,5382.0,5419.5,5337.5,284889
CUMMINSIND,2026-05-26,5360.0,5418.5,5442.0,5359.0,304814
CUMMINSIND,2026-05-27,5414.0,6027.5,6099.0,5402.5,1722262
CUMMINSIND,2026-05-28,6027.5,6027.5,6027.5,6027.5,0
CUMMINSIND,2026-05-29,6100.0,5881.0,6100.0,5855.5,2020815
CUMMINSIND,2026-06-01,5979.5,5680.5,5979.5,5662.5,597518
CUMMINSIND,2026-06-02,5665.0,5708.0,5764.5,5607.0,702121
CUMMINSIND,2026-06-03,5741.0,5692.5,5749.0,5657.0,384967
CUMMINSIND,2026-06-04,5700.0,5787.5,5867.5,5662.5,502845
CUMMINSIND,2026-06-05,5845.0,5784.0,5869.0,5750.0,381090
CUMMINSIND,2026-06-08,5650.0,5610.5,5740.5,5556.5,483842
CUMMINSIND,2026-06-09,5635.0,5625.5,5691.0,5561.0,485174
CUMMINSIND,2026-06-10,5626.0,5609.5,5699.0,5560.0,276872
CUMMINSIND,2026-06-11,5590.5,5557.0,5709.5,5541.0,249688
CUMMINSIND,2026-06-12,5650.0,5621.5,5663.5,5570.0,249004
CUMMINSIND,2026-06-15,5700.0,5754.0,5787.5,5630.0,409781
CUMMINSIND,2026-06-16,5798.0,5723.5,5813.5,5700.5,257257
CUMMINSIND,2026-06-17,5758.0,5833.0,5850.0,5725.0,338488
CUMMINSIND,2026-06-18,5855.0,5858.0,5887.0,5816.0,311191
CUMMINSIND,2026-06-19,5875.0,5865.0,5908.0,5805.0,323514
CUMMINSIND,2026-06-22,5795.5,5764.0,5795.5,5637.0,591113
CUMMINSIND,2026-06-23,5802.5,5735.5,5838.0,5725.5,440329
CUMMINSIND,2026-06-24,5752.5,5555.5,5775.5,5535.5,425435
CUMMINSIND,2026-06-25,5555.5,5642.0,5698.5,5550.5,479618
CUMMINSIND,2026-06-26,5642.0,5642.0,5642.0,5642.0,0
CUMMINSIND,2026-06-29,5699.0,5541.5,5706.5,5505.5,1820384
CUMMINSIND,2026-06-30,5582.5,5659.5,5699.0,5547.0,646570
CUMMINSIND,2026-07-01,5695.0,5663.0,5740.0,5614.5,227454
CUMMINSIND,2026-07-02,5680.5,5578.5,5690.0,5555.0,325685
CUMMINSIND,2026-07-03,5690.0,5478.0,5690.0,5454.5,787931
CUMMINSIND,2026-07-06,5479.0,5578.5,5594.0,5476.0,429461
CUMMINSIND,2026-07-07,5569.0,5471.5,5578.5,5424.0,592191
CUMMINSIND,2026-07-08,5425.0,5498.5,5561.0,5381.0,392522
CUMMINSIND,2026-07-09,5506.0,5542.5,5566.5,5492.0,295533
CUMMINSIND,2026-07-10,5567.0,5621.5,5714.0,5567.0,463881
CUMMINSIND,2026-07-13,5600.0,5555.0,5601.5,5529.0,323370
CUMMINSIND,2026-07-14,5537.5,5493.5,5555.0,5480.0,356814
CUMMINSIND,2026-07-15,5515.0,5549.5,5601.5,5512.0,522110
CUMMINSIND,2026-07-16,5557.0,5592.0,5674.5,5473.5,686668
CUMMINSIND,2026-07-17,5582.0,5448.0,5582.0,5390.0,666621
DATAPATTNS,2026-04-17,3525.0,3494.2,3589.0,3475.0,956589
DATAPATTNS,2026-04-20,3530.0,3467.6,3607.0,3444.0,1111522
DATAPATTNS,2026-04-21,3478.9,3526.4,3699.0,3470.0,2541971
DATAPATTNS,2026-04-22,3536.0,3828.3,3885.0,3515.7,2963516
DATAPATTNS,2026-04-23,3845.0,4135.1,4189.9,3784.6,5902264
DATAPATTNS,2026-04-24,4135.0,4077.7,4147.0,3868.0,3153381
DATAPATTNS,2026-04-27,4100.0,3960.1,4168.0,3940.0,1560665
DATAPATTNS,2026-04-28,3960.1,4059.9,4174.7,3960.0,1311746
DATAPATTNS,2026-04-29,4099.7,4118.1,4295.0,4066.4,1814621
DATAPATTNS,2026-04-30,4129.0,4081.7,4209.7,4027.6,1057980
DATAPATTNS,2026-05-01,4081.7,4081.7,4081.7,4081.7,0
DATAPATTNS,2026-05-04,4130.0,4093.2,4169.8,3892.3,1079561
DATAPATTNS,2026-05-05,4101.0,4219.9,4269.0,4060.1,1523726
DATAPATTNS,2026-05-06,4279.9,4171.5,4303.0,4121.1,1020044
DATAPATTNS,2026-05-07,4192.4,4250.1,4280.0,4180.1,716006
DATAPATTNS,2026-05-08,4239.9,4103.4,4287.0,4085.1,814195
DATAPATTNS,2026-05-11,4090.0,4142.0,4175.0,4040.0,654209
DATAPATTNS,2026-05-12,4115.1,4062.5,4145.3,4015.1,544891
DATAPATTNS,2026-05-13,4075.0,4196.2,4226.7,4037.3,835377
DATAPATTNS,2026-05-14,4250.0,4010.5,4250.0,3952.0,1164041
DATAPATTNS,2026-05-15,4010.5,3876.5,4030.0,3565.6,3470053
DATAPATTNS,2026-05-18,3869.7,3752.2,3884.9,3685.0,1071054
DATAPATTNS,2026-05-19,3770.0,3634.5,3847.9,3621.6,819880
DATAPATTNS,2026-05-20,3615.0,3834.1,3875.0,3600.1,1356724
DATAPATTNS,2026-05-21,3910.0,3934.5,4007.9,3872.1,983950
DATAPATTNS,2026-05-22,3955.0,3969.7,4084.5,3944.0,1026747
DATAPATTNS,2026-05-25,4020.0,4096.0,4148.0,3970.0,1081059
DATAPATTNS,2026-05-26,4092.0,4101.7,4147.0,4060.0,556839
DATAPATTNS,2026-05-27,4114.0,4139.2,4212.0,4110.0,636187
DATAPATTNS,2026-05-28,4139.2,4139.2,4139.2,4139.2,0
DATAPATTNS,2026-05-29,4142.0,4043.1,4249.0,4010.0,995093
DATAPATTNS,2026-06-01,4063.3,3839.9,4088.0,3801.0,855053
DATAPATTNS,2026-06-02,3825.0,4025.2,4045.4,3811.8,775621
DATAPATTNS,2026-06-03,4034.0,3990.4,4077.8,3953.6,478696
DATAPATTNS,2026-06-04,3990.4,4192.4,4244.0,3975.1,1257638
DATAPATTNS,2026-06-05,4210.0,4212.6,4320.0,4151.0,1177096
DATAPATTNS,2026-06-08,4140.6,4141.3,4267.2,4076.3,880368
DATAPATTNS,2026-06-09,4165.3,4558.5,4620.0,4156.3,4127623
DATAPATTNS,2026-06-10,4600.0,4353.8,4722.0,4335.0,2525116
DATAPATTNS,2026-06-11,4344.0,4205.0,4431.0,4165.0,1465894
DATAPATTNS,2026-06-12,4290.0,4545.7,4569.0,4253.5,2698671
DATAPATTNS,2026-06-15,4591.1,4425.5,4620.0,4335.1,1568503
DATAPATTNS,2026-06-16,4444.0,4477.3,4522.0,4380.2,860440
DATAPATTNS,2026-06-17,4493.0,4769.6,4794.7,4493.0,2233651
DATAPATTNS,2026-06-18,4753.9,4802.1,4884.0,4709.4,1614207
DATAPATTNS,2026-06-19,4770.0,4822.1,4955.9,4737.2,1560709
DATAPATTNS,2026-06-22,4841.7,4866.2,4937.3,4822.0,884251
DATAPATTNS,2026-06-23,4866.2,4831.0,4932.9,4719.7,917948
DATAPATTNS,2026-06-24,4831.0,4620.1,4907.4,4585.0,918351
DATAPATTNS,2026-06-25,4620.2,4506.6,4640.9,4490.0,699655
DATAPATTNS,2026-06-26,4506.6,4506.6,4506.6,4506.6,0
DATAPATTNS,2026-06-29,4506.6,4472.1,4550.0,4375.0,801221
DATAPATTNS,2026-06-30,4500.0,4501.8,4539.1,4432.1,577539
DATAPATTNS,2026-07-01,4519.7,4533.5,4615.0,4495.0,792198
DATAPATTNS,2026-07-02,4550.0,4656.7,4712.4,4510.1,856125
DATAPATTNS,2026-07-03,4676.0,4507.0,4676.0,4489.0,604282
DATAPATTNS,2026-07-06,4520.0,4615.5,4658.0,4472.1,901406
DATAPATTNS,2026-07-07,4620.0,4396.9,4640.2,4377.0,706272
DATAPATTNS,2026-07-08,4378.0,4290.3,4496.5,4270.1,789794
DATAPATTNS,2026-07-09,4306.0,4284.0,4385.0,4270.0,538979
DATAPATTNS,2026-07-10,4310.6,4343.0,4355.0,4241.0,478128
DATAPATTNS,2026-07-13,4321.1,4270.3,4345.0,4235.6,376266
DATAPATTNS,2026-07-14,4255.0,4214.5,4285.9,4161.0,460480
DATAPATTNS,2026-07-15,4230.0,4189.7,4269.9,4165.0,363126
DATAPATTNS,2026-07-16,4198.9,4142.4,4207.7,4092.0,363880
DATAPATTNS,2026-07-17,4156.6,4085.8,4198.9,4061.0,397739
DCMSHRIRAM,2026-04-17,1195.0,1226.1,1230.0,1188.0,68383
DCMSHRIRAM,2026-04-20,1226.5,1199.6,1239.9,1192.0,55874
DCMSHRIRAM,2026-04-21,1195.4,1199.7,1204.7,1191.1,29512
DCMSHRIRAM,2026-04-22,1200.0,1204.1,1211.8,1192.0,97597
DCMSHRIRAM,2026-04-23,1209.1,1202.2,1215.0,1185.7,94760
DCMSHRIRAM,2026-04-24,1224.8,1187.1,1224.8,1182.5,22858
DCMSHRIRAM,2026-04-27,1186.1,1196.8,1206.5,1166.0,17547
DCMSHRIRAM,2026-04-28,1204.0,1179.1,1214.4,1171.1,28367
DCMSHRIRAM,2026-04-29,1184.0,1164.8,1204.9,1162.5,33064
DCMSHRIRAM,2026-04-30,1169.5,1227.5,1260.0,1164.9,443542
DCMSHRIRAM,2026-05-01,1227.5,1227.5,1227.5,1227.5,0
DCMSHRIRAM,2026-05-04,1232.3,1252.0,1266.7,1203.7,110392
DCMSHRIRAM,2026-05-05,1252.0,1245.2,1266.0,1220.7,58028
DCMSHRIRAM,2026-05-06,1261.0,1301.8,1325.0,1236.4,254727
DCMSHRIRAM,2026-05-07,1293.0,1260.5,1306.4,1255.0,83515
DCMSHRIRAM,2026-05-08,1255.0,1231.8,1272.9,1230.0,47705
DCMSHRIRAM,2026-05-11,1229.7,1234.0,1277.7,1206.6,202365
DCMSHRIRAM,2026-05-12,1210.6,1193.4,1231.9,1181.1,113783
DCMSHRIRAM,2026-05-13,1195.0,1184.2,1211.1,1177.3,75506
DCMSHRIRAM,2026-05-14,1140.0,1127.6,1152.8,1114.1,244649
DCMSHRIRAM,2026-05-15,1134.1,1127.2,1166.0,1120.0,81530
DCMSHRIRAM,2026-05-18,1120.0,1099.5,1122.2,1085.1,39274
DCMSHRIRAM,2026-05-19,1082.0,1098.4,1115.0,1082.0,25794
DCMSHRIRAM,2026-05-20,1099.0,1098.1,1112.7,1081.9,32304
DCMSHRIRAM,2026-05-21,1115.5,1108.8,1124.0,1101.0,21535
DCMSHRIRAM,2026-05-22,1128.7,1111.9,1128.7,1102.7,37923
DCMSHRIRAM,2026-05-25,1121.9,1090.3,1121.9,1085.0,60234
DCMSHRIRAM,2026-05-26,1090.3,1087.9,1107.0,1084.1,28205
DCMSHRIRAM,2026-05-27,1090.0,1079.3,1108.5,1073.0,21429
DCMSHRIRAM,2026-05-28,1079.3,1079.3,1079.3,1079.3,0
DCMSHRIRAM,2026-05-29,1079.4,1036.7,1093.5,1022.1,66430
DCMSHRIRAM,2026-06-01,1036.9,1042.2,1060.9,1036.9,29946
DCMSHRIRAM,2026-06-02,1042.2,1032.8,1042.2,1024.7,68207
DCMSHRIRAM,2026-06-03,1028.0,1030.7,1037.0,1015.0,43847
DCMSHRIRAM,2026-06-04,1034.5,1021.6,1042.0,1011.2,65190
DCMSHRIRAM,2026-06-05,1032.0,1027.9,1036.5,1018.4,47306
DCMSHRIRAM,2026-06-08,1027.9,997.2,1028.0,985.2,50266
DCMSHRIRAM,2026-06-09,995.9,1025.2,1029.0,992.2,71791
DCMSHRIRAM,2026-06-10,1020.1,1032.5,1040.9,1016.7,34880
DCMSHRIRAM,2026-06-11,1029.9,1030.9,1035.5,1012.9,34469
DCMSHRIRAM,2026-06-12,1035.0,1027.8,1053.6,1018.5,49780
DCMSHRIRAM,2026-06-15,1050.1,1048.1,1085.6,1038.4,82276
DCMSHRIRAM,2026-06-16,1052.0,1047.8,1067.1,1045.0,19819
DCMSHRIRAM,2026-06-17,1050.1,1045.6,1060.6,1036.9,34946
DCMSHRIRAM,2026-06-18,1053.0,1039.9,1054.6,1034.3,37746
DCMSHRIRAM,2026-06-19,1037.0,1053.7,1059.0,1032.1,47364
DCMSHRIRAM,2026-06-22,1057.0,1042.8,1066.8,1030.0,48342
DCMSHRIRAM,2026-06-23,1042.8,1033.7,1062.5,1029.0,41793
DCMSHRIRAM,2026-06-24,1038.0,1040.5,1047.8,1027.9,17296
DCMSHRIRAM,2026-06-25,1040.5,1045.6,1051.9,1035.3,23922
DCMSHRIRAM,2026-06-26,1045.6,1045.6,1045.6,1045.6,0
DCMSHRIRAM,2026-06-29,1051.4,1027.3,1051.4,1016.1,28813
DCMSHRIRAM,2026-06-30,1025.0,1005.8,1035.1,1002.0,51742
DCMSHRIRAM,2026-07-01,1043.7,1014.0,1065.0,1005.0,397343
DCMSHRIRAM,2026-07-02,1015.0,1019.7,1028.0,1008.2,29203
DCMSHRIRAM,2026-07-03,1023.5,1025.9,1045.0,1020.0,46262
DCMSHRIRAM,2026-07-06,1050.0,1017.6,1064.0,1015.0,119112
DCMSHRIRAM,2026-07-07,1023.3,1043.0,1070.3,1019.5,205408
DCMSHRIRAM,2026-07-08,1031.0,1040.6,1064.5,1029.5,68251
DCMSHRIRAM,2026-07-09,1040.6,1046.1,1058.4,1040.6,22655
DCMSHRIRAM,2026-07-10,1050.4,1054.9,1062.5,1042.5,38968
DCMSHRIRAM,2026-07-13,1038.0,1035.8,1054.5,1014.0,144217
DCMSHRIRAM,2026-07-14,1036.0,1028.3,1052.4,1025.1,40681
DCMSHRIRAM,2026-07-15,1032.4,1027.6,1041.2,1023.9,39100
DCMSHRIRAM,2026-07-16,1027.6,1017.3,1033.5,1008.2,54634
DCMSHRIRAM,2026-07-17,1017.3,1022.9,1029.2,1009.5,33800
DEEPAKNTR,2026-04-17,1541.3,1538.1,1566.6,1530.0,385762
DEEPAKNTR,2026-04-20,1544.0,1535.4,1546.0,1510.2,121763
DEEPAKNTR,2026-04-21,1548.0,1644.8,1654.7,1542.0,622735
DEEPAKNTR,2026-04-22,1636.7,1745.5,1768.0,1622.1,800958
DEEPAKNTR,2026-04-23,1739.5,1731.9,1780.0,1708.0,334195
DEEPAKNTR,2026-04-24,1723.4,1690.3,1738.9,1675.6,129232
DEEPAKNTR,2026-04-27,1690.3,1684.9,1717.1,1680.5,100643
DEEPAKNTR,2026-04-28,1685.0,1682.6,1694.0,1674.7,62779
DEEPAKNTR,2026-04-29,1682.6,1724.1,1758.0,1680.2,275307
DEEPAKNTR,2026-04-30,1711.8,1736.9,1758.0,1709.5,258917
DEEPAKNTR,2026-05-04,1749.9,1752.3,1768.1,1725.6,153713
DEEPAKNTR,2026-05-05,1735.2,1771.3,1777.0,1735.2,170927
DEEPAKNTR,2026-05-06,1785.0,1821.6,1833.8,1767.0,333528
DEEPAKNTR,2026-05-07,1825.0,1854.4,1860.0,1812.6,371083
DEEPAKNTR,2026-05-08,1854.4,1875.9,1888.0,1842.0,254014
DEEPAKNTR,2026-05-11,1865.0,1863.6,1895.0,1814.3,311146
DEEPAKNTR,2026-05-12,1854.4,1848.3,1897.9,1783.5,333512
DEEPAKNTR,2026-05-13,1840.0,1856.4,1874.8,1803.8,165337
DEEPAKNTR,2026-05-14,1857.0,1840.2,1877.9,1795.0,181332
DEEPAKNTR,2026-05-15,1859.7,1826.4,1859.7,1802.0,119062
DEEPAKNTR,2026-05-18,1810.0,1748.5,1835.4,1718.0,322808
DEEPAKNTR,2026-05-19,1768.5,1805.8,1860.0,1760.1,397231
DEEPAKNTR,2026-05-20,1796.5,1824.0,1851.0,1780.8,199127
DEEPAKNTR,2026-05-21,1826.0,1785.3,1854.8,1758.4,229989
DEEPAKNTR,2026-05-22,1803.7,1739.8,1820.0,1733.0,215366
DEEPAKNTR,2026-05-25,1746.6,1745.9,1764.2,1740.1,101746
DEEPAKNTR,2026-05-26,1755.9,1727.1,1758.8,1722.8,107415
DEEPAKNTR,2026-05-27,1737.0,1714.8,1740.0,1696.0,142911
DEEPAKNTR,2026-05-28,1714.8,1714.8,1714.8,1714.8,0
DEEPAKNTR,2026-05-29,1716.8,1682.0,1732.8,1656.3,188681
DEEPAKNTR,2026-06-01,1675.0,1670.1,1683.2,1650.3,111984
DEEPAKNTR,2026-06-02,1650.0,1686.5,1695.0,1637.3,65617
DEEPAKNTR,2026-06-03,1686.6,1698.9,1718.8,1673.7,87044
DEEPAKNTR,2026-06-04,1698.9,1676.7,1711.2,1670.0,35584
DEEPAKNTR,2026-06-05,1690.0,1680.1,1716.0,1675.0,58651
DEEPAKNTR,2026-06-08,1670.0,1664.8,1671.6,1637.5,84762
DEEPAKNTR,2026-06-09,1675.0,1678.3,1684.8,1645.0,74996
DEEPAKNTR,2026-06-10,1692.0,1664.7,1702.0,1657.1,69608
DEEPAKNTR,2026-06-11,1651.1,1612.4,1664.7,1608.0,49274
DEEPAKNTR,2026-06-12,1630.0,1669.9,1685.3,1629.9,121379
DEEPAKNTR,2026-06-15,1699.9,1666.7,1704.9,1653.4,96136
DEEPAKNTR,2026-06-16,1670.0,1641.3,1680.9,1638.0,71628
DEEPAKNTR,2026-06-17,1649.8,1615.3,1659.3,1610.0,115927
DEEPAKNTR,2026-06-18,1619.3,1658.2,1672.4,1613.0,203931
DEEPAKNTR,2026-06-19,1667.9,1644.4,1692.3,1634.7,248472
DEEPAKNTR,2026-06-22,1650.1,1671.5,1689.0,1631.0,289024
DEEPAKNTR,2026-06-23,1686.0,1637.9,1686.0,1620.0,155166
DEEPAKNTR,2026-06-24,1625.0,1645.2,1655.0,1616.0,144639
DEEPAKNTR,2026-06-25,1651.8,1622.4,1655.6,1616.4,90108
DEEPAKNTR,2026-06-26,1622.4,1622.4,1622.4,1622.4,0
DEEPAKNTR,2026-06-29,1615.3,1563.7,1618.0,1552.0,166880
DEEPAKNTR,2026-06-30,1565.0,1546.4,1576.1,1541.1,104910
DEEPAKNTR,2026-07-01,1556.4,1548.8,1572.4,1534.0,404250
DEEPAKNTR,2026-07-02,1559.8,1572.4,1584.9,1544.9,166533
DEEPAKNTR,2026-07-03,1576.2,1558.1,1603.1,1553.0,126571
DEEPAKNTR,2026-07-06,1558.1,1602.2,1623.9,1558.1,256779
DEEPAKNTR,2026-07-07,1610.1,1613.1,1623.8,1600.0,150770
DEEPAKNTR,2026-07-08,1610.0,1571.3,1612.7,1550.0,199541
DEEPAKNTR,2026-07-09,1571.4,1621.2,1634.9,1571.4,202711
DEEPAKNTR,2026-07-10,1627.0,1644.0,1669.3,1627.0,153220
DEEPAKNTR,2026-07-13,1626.0,1667.2,1680.0,1613.3,151399
DEEPAKNTR,2026-07-14,1663.9,1669.3,1707.9,1646.7,314981
DEEPAKNTR,2026-07-15,1678.0,1697.0,1740.0,1669.3,450134
DEEPAKNTR,2026-07-16,1705.0,1741.8,1764.0,1696.4,387052
DEEPAKNTR,2026-07-17,1754.9,1708.0,1754.9,1696.7,153400
DIVISLAB,2026-04-17,6305.5,6229.0,6325.0,6212.0,169295
DIVISLAB,2026-04-20,6269.5,6280.0,6298.0,6187.5,208547
DIVISLAB,2026-04-21,6282.0,6286.0,6305.0,6238.5,242433
DIVISLAB,2026-04-22,6286.0,6285.5,6323.5,6249.0,226547
DIVISLAB,2026-04-23,6265.0,6378.5,6469.5,6250.5,405157
DIVISLAB,2026-04-24,6408.5,6361.5,6442.5,6320.0,316970
DIVISLAB,2026-04-27,6351.5,6477.0,6507.5,6346.5,289657
DIVISLAB,2026-04-28,6505.0,6432.5,6505.0,6416.5,271770
DIVISLAB,2026-04-29,6470.0,6534.0,6549.5,6454.0,324770
DIVISLAB,2026-04-30,6530.0,6502.5,6547.0,6429.0,379741
DIVISLAB,2026-05-04,6508.0,6619.5,6644.0,6483.5,371945
DIVISLAB,2026-05-05,6620.0,6651.0,6675.0,6569.0,195449
DIVISLAB,2026-05-06,6690.0,6702.0,6765.5,6615.5,314250
DIVISLAB,2026-05-07,6705.0,6702.5,6780.0,6683.0,330052
DIVISLAB,2026-05-08,6700.0,6710.5,6759.0,6675.0,155071
DIVISLAB,2026-05-11,6700.0,6714.0,6785.0,6650.0,196830
DIVISLAB,2026-05-12,6710.0,6644.0,6745.0,6636.0,156166
DIVISLAB,2026-05-13,6680.0,6796.0,6870.0,6643.0,513807
DIVISLAB,2026-05-14,6830.0,6921.5,6948.0,6817.0,424282
DIVISLAB,2026-05-15,6920.5,6760.5,6968.0,6732.0,321270
DIVISLAB,2026-05-18,6750.5,6835.0,6868.0,6658.0,340352
DIVISLAB,2026-05-19,6850.0,6912.0,6942.0,6835.5,322081
DIVISLAB,2026-05-20,6895.0,6893.0,6960.0,6800.5,957736
DIVISLAB,2026-05-21,6905.0,6858.0,6925.0,6829.0,151586
DIVISLAB,2026-05-22,6858.0,6887.0,6960.5,6790.0,354149
DIVISLAB,2026-05-25,6750.0,6756.5,6945.0,6690.0,874049
DIVISLAB,2026-05-26,6755.0,6753.0,6805.0,6661.0,309440
DIVISLAB,2026-05-27,6785.0,6797.5,6855.5,6726.0,155051
DIVISLAB,2026-05-28,6797.5,6797.5,6797.5,6797.5,0
DIVISLAB,2026-05-29,6800.0,6667.0,6849.0,6590.0,612037
DIVISLAB,2026-06-01,6690.0,6553.5,6702.5,6535.5,125379
DIVISLAB,2026-06-02,6510.0,6533.0,6552.0,6450.5,362800
DIVISLAB,2026-06-03,6520.0,6576.5,6604.5,6460.0,563313
DIVISLAB,2026-06-04,6551.0,6596.5,6700.0,6521.0,347823
DIVISLAB,2026-06-05,6636.5,6623.0,6636.5,6567.0,200964
DIVISLAB,2026-06-08,6571.0,6521.0,6710.0,6506.0,456406
DIVISLAB,2026-06-09,6535.0,6753.0,6790.0,6535.0,912179
DIVISLAB,2026-06-10,6750.0,6638.5,6815.0,6610.0,405743
DIVISLAB,2026-06-11,6635.0,6655.5,6720.0,6625.0,228572
DIVISLAB,2026-06-12,6719.5,6638.0,6738.5,6622.0,162810
DIVISLAB,2026-06-15,6651.0,6608.5,6676.5,6592.0,196206
DIVISLAB,2026-06-16,6620.0,6712.5,6732.0,6571.0,329248
DIVISLAB,2026-06-17,6730.0,6663.5,6759.5,6641.0,256856
DIVISLAB,2026-06-18,6661.5,6767.0,6781.5,6636.0,411896
DIVISLAB,2026-06-19,6790.0,6743.0,6795.0,6716.5,372371
DIVISLAB,2026-06-22,6755.0,6787.5,6799.0,6714.0,232409
DIVISLAB,2026-06-23,6790.0,6747.0,6887.5,6727.0,295302
DIVISLAB,2026-06-24,6750.0,6753.5,6825.0,6725.0,252591
DIVISLAB,2026-06-25,6760.0,6713.5,6761.5,6689.0,222828
DIVISLAB,2026-06-26,6713.5,6713.5,6713.5,6713.5,0
DIVISLAB,2026-06-29,6700.0,6557.5,6735.0,6535.5,474515
DIVISLAB,2026-06-30,6560.5,6579.0,6646.5,6536.0,577958
DIVISLAB,2026-07-01,6599.0,6545.5,6665.5,6530.5,323984
DIVISLAB,2026-07-02,6600.0,6682.5,6726.5,6545.0,344354
DIVISLAB,2026-07-03,6685.5,6757.0,6804.5,6685.5,382822
DIVISLAB,2026-07-06,6785.0,6857.5,6890.0,6753.5,402108
DIVISLAB,2026-07-07,6898.0,6771.5,6959.0,6754.0,448472
DIVISLAB,2026-07-08,6784.0,6755.0,6864.5,6693.0,358137
DIVISLAB,2026-07-09,6741.5,6813.0,6945.0,6740.5,356468
DIVISLAB,2026-07-10,6870.0,6836.0,6871.5,6775.0,222860
DIVISLAB,2026-07-13,6830.0,6938.5,6958.0,6786.5,274183
DIVISLAB,2026-07-14,6960.0,7188.5,7208.5,6909.0,1093244
DIVISLAB,2026-07-15,7260.0,7273.0,7330.0,7234.0,726479
DIVISLAB,2026-07-16,7320.0,7316.0,7390.0,7274.0,668484
DIVISLAB,2026-07-17,7316.0,7247.5,7316.5,7200.0,455060
DIXON,2026-04-17,11320.0,11371.5,11410.0,11270.0,733121
DIXON,2026-04-20,11400.0,11211.0,11410.0,11150.0,630673
DIXON,2026-04-21,11211.0,11265.0,11440.0,11211.0,403154
DIXON,2026-04-22,11265.0,11267.0,11364.5,11215.5,474026
DIXON,2026-04-23,11249.0,10866.5,11249.0,10820.0,733524
DIXON,2026-04-24,10857.0,10815.5,11086.0,10765.5,709864
DIXON,2026-04-27,10920.0,11252.0,11350.0,10855.0,814270
DIXON,2026-04-28,11284.0,11370.0,11595.0,11254.5,891315
DIXON,2026-04-29,11375.5,11325.0,11575.0,11259.5,677475
DIXON,2026-04-30,11300.0,11166.5,11300.0,11006.0,459389
DIXON,2026-05-01,11166.5,11166.5,11166.5,11166.5,0
DIXON,2026-05-04,11299.0,11408.0,11492.0,11159.0,380919
DIXON,2026-05-05,11400.0,11253.0,11674.0,11200.0,552400
DIXON,2026-05-06,11400.0,11299.0,11405.0,11152.0,366954
DIXON,2026-05-07,11350.0,11048.0,11395.0,11006.0,619219
DIXON,2026-05-08,11040.0,10803.0,11265.0,10580.0,817765
DIXON,2026-05-11,10773.0,10772.0,10956.0,10537.0,605961
DIXON,2026-05-12,10744.0,10138.0,10744.0,10100.0,830155
DIXON,2026-05-13,10255.0,11124.0,11232.0,10158.0,2690187
DIXON,2026-05-14,11150.0,11103.0,11191.0,10834.0,857111
DIXON,2026-05-15,11103.0,10979.0,11360.0,10932.0,647788
DIXON,2026-05-18,10871.0,10780.0,10900.0,10570.0,571332
DIXON,2026-05-19,10820.0,11048.0,11140.0,10783.0,586228
DIXON,2026-05-20,10870.0,10997.0,11080.0,10850.0,379965
DIXON,2026-05-21,11010.0,11258.0,11325.0,10911.0,705488
DIXON,2026-05-22,11285.0,11722.0,11860.0,11261.0,1362732
DIXON,2026-05-25,11850.0,11824.0,11888.0,11602.0,578594
DIXON,2026-05-26,11798.0,11673.0,11829.0,11620.0,311771
DIXON,2026-05-27,11675.0,11756.0,11925.0,11641.0,371444
DIXON,2026-05-28,11756.0,11756.0,11756.0,11756.0,0
DIXON,2026-05-29,11770.0,11524.0,11831.0,11480.0,498590
DIXON,2026-06-01,11600.0,11463.0,11648.0,11406.0,303579
DIXON,2026-06-02,11422.0,11604.0,11656.0,11361.0,317648
DIXON,2026-06-03,11620.0,11227.0,11640.0,11153.0,524162
DIXON,2026-06-04,11202.0,11488.0,11560.0,11155.0,518693
DIXON,2026-06-05,11524.0,11432.0,11683.0,11403.0,378237
DIXON,2026-06-08,11319.0,11392.0,11568.0,11235.0,292194
DIXON,2026-06-09,11450.0,11611.0,11660.0,11403.0,298170
DIXON,2026-06-10,11670.0,11487.0,11944.0,11438.0,659488
DIXON,2026-06-11,11470.0,11371.0,11535.0,11285.0,387928
DIXON,2026-06-12,11545.0,11546.0,11571.0,11389.0,304468
DIXON,2026-06-15,11702.0,11957.0,12075.0,11656.0,719320
DIXON,2026-06-16,11933.0,12235.0,12290.0,11822.0,1091429
DIXON,2026-06-17,12325.0,12833.0,12888.0,12325.0,1686325
DIXON,2026-06-18,12860.0,12666.0,12930.0,12596.0,465864
DIXON,2026-06-19,12515.0,12517.0,12600.0,12351.0,507450
DIXON,2026-06-22,12599.0,12336.0,12650.0,12262.0,502986
DIXON,2026-06-23,12340.0,11932.0,12340.0,11878.0,646642
DIXON,2026-06-24,11916.0,12086.0,12139.0,11716.0,526816
DIXON,2026-06-25,12130.0,12013.0,12284.0,11965.0,413089
DIXON,2026-06-26,12013.0,12013.0,12013.0,12013.0,0
DIXON,2026-06-29,12017.0,11805.0,12071.0,11787.0,369843
DIXON,2026-06-30,11894.0,11920.0,12210.0,11800.0,549203
DIXON,2026-07-01,11980.0,11956.0,12045.0,11785.0,288435
DIXON,2026-07-02,11970.0,12373.0,12430.0,11970.0,549083
DIXON,2026-07-03,12470.0,12456.0,12575.0,12325.0,347224
DIXON,2026-07-06,12480.0,13304.0,13350.0,12355.0,1287795
DIXON,2026-07-07,13319.0,13242.0,13436.0,13123.0,792499
DIXON,2026-07-08,13160.0,12934.0,13345.0,12848.0,544218
DIXON,2026-07-09,13153.0,13477.0,13600.0,13153.0,825754
DIXON,2026-07-10,13875.0,13421.0,14030.0,13362.0,1689462
DIXON,2026-07-13,13355.0,13490.0,13549.0,13200.0,609309
DIXON,2026-07-14,13390.0,13365.0,13435.0,13180.0,396507
DIXON,2026-07-15,13580.0,13651.0,13725.0,13431.0,447702
DIXON,2026-07-16,14101.0,14507.0,14685.0,14101.0,2267533
DIXON,2026-07-17,14499.0,14329.0,14580.0,14192.0,674412
DMART,2026-04-17,4446.0,4628.5,4644.0,4435.1,1366449
DMART,2026-04-20,4629.9,4605.2,4634.3,4550.6,521891
DMART,2026-04-21,4605.2,4589.4,4627.3,4550.0,411473
DMART,2026-04-22,4589.2,4594.8,4628.9,4532.1,325451
DMART,2026-04-23,4590.0,4521.2,4595.0,4512.2,256265
DMART,2026-04-24,4559.5,4443.5,4559.5,4416.0,214778
DMART,2026-04-27,4489.8,4507.1,4529.0,4460.3,478314
DMART,2026-04-28,4506.4,4544.4,4600.5,4480.0,447096
DMART,2026-04-29,4558.0,4593.4,4639.9,4558.0,299310
DMART,2026-04-30,4584.0,4585.9,4615.0,4511.0,528855
DMART,2026-05-01,4585.9,4585.9,4585.9,4585.9,0
DMART,2026-05-04,4585.0,4376.5,4585.0,4351.0,1358897
DMART,2026-05-05,4380.0,4358.7,4385.9,4303.0,318092
DMART,2026-05-06,4363.4,4432.2,4444.5,4342.1,396395
DMART,2026-05-07,4430.0,4386.5,4437.2,4371.0,320800
DMART,2026-05-08,4410.2,4402.1,4448.0,4382.4,266657
DMART,2026-05-11,4401.4,4389.4,4431.8,4368.6,165017
DMART,2026-05-12,4389.0,4331.7,4419.2,4325.0,245222
DMART,2026-05-13,4331.7,4334.7,4388.9,4325.0,225236
DMART,2026-05-14,4370.0,4341.4,4388.0,4281.2,309428
DMART,2026-05-15,4341.4,4358.7,4387.0,4330.3,145953
DMART,2026-05-18,4335.3,4304.7,4345.6,4268.0,168644
DMART,2026-05-19,4304.0,4236.0,4315.5,4211.0,367515
DMART,2026-05-20,4235.0,4144.2,4240.2,4111.0,346215
DMART,2026-05-21,4167.4,4137.2,4253.0,4122.3,498131
DMART,2026-05-22,4145.0,4117.0,4159.0,4103.6,207036
DMART,2026-05-25,4150.0,4097.2,4154.9,4077.6,284287
DMART,2026-05-26,4099.9,4103.6,4119.8,4059.9,479388
DMART,2026-05-27,4103.0,4124.4,4144.2,4068.7,229900
DMART,2026-05-28,4124.4,4124.4,4124.4,4124.4,0
DMART,2026-05-29,4149.9,4054.5,4149.9,4000.1,2177691
DMART,2026-06-01,4074.9,4071.8,4106.0,4041.0,307596
DMART,2026-06-02,4025.0,4057.0,4068.9,3988.8,467977
DMART,2026-06-03,4064.9,4168.4,4193.9,4017.1,857620
DMART,2026-06-04,4160.0,4139.3,4225.0,4128.0,487765
DMART,2026-06-05,4139.3,4144.2,4235.2,4112.0,366231
DMART,2026-06-08,4100.0,4063.3,4147.6,4035.2,265674
DMART,2026-06-09,4092.0,4092.0,4150.0,4070.0,336805
DMART,2026-06-10,4078.4,4043.4,4208.8,4031.0,604571
DMART,2026-06-11,4043.4,3987.0,4089.0,3975.0,279379
DMART,2026-06-12,4045.0,3993.6,4045.7,3955.0,363313
DMART,2026-06-15,4040.0,4099.0,4143.6,4013.5,452053
DMART,2026-06-16,4109.0,4201.3,4209.0,4109.0,483671
DMART,2026-06-17,4215.1,4287.5,4307.0,4202.3,1183530
DMART,2026-06-18,4300.0,4306.7,4349.6,4287.1,433140
DMART,2026-06-19,4294.9,4286.9,4331.3,4260.0,1411377
DMART,2026-06-22,4305.7,4330.6,4352.3,4305.7,299785
DMART,2026-06-23,4311.0,4392.9,4425.0,4306.0,556327
DMART,2026-06-24,4395.1,4336.0,4429.4,4304.0,307333
DMART,2026-06-25,4350.0,4294.6,4364.4,4285.0,372532
DMART,2026-06-26,4294.6,4294.6,4294.6,4294.6,0
DMART,2026-06-29,4290.1,4357.0,4385.0,4277.7,722211
DMART,2026-06-30,4357.9,4380.7,4402.0,4312.5,379455
DMART,2026-07-01,4368.8,4328.6,4374.7,4220.5,930654
DMART,2026-07-02,4328.6,4187.0,4334.6,4176.0,1254320
DMART,2026-07-03,4090.0,3994.4,4090.0,3982.7,1901310
DMART,2026-07-06,4024.2,4064.7,4076.0,3996.7,610591
DMART,2026-07-07,4076.1,4070.9,4094.6,4042.4,550082
DMART,2026-07-08,4050.0,4038.6,4071.2,4009.9,236675
DMART,2026-07-09,4034.0,4079.4,4086.2,3980.0,533044
DMART,2026-07-10,4089.0,4081.1,4108.0,4025.7,752660
DMART,2026-07-13,3950.0,3994.1,4012.8,3908.0,2286738
DMART,2026-07-14,3988.9,3915.9,3994.4,3895.1,678162
DMART,2026-07-15,3919.6,3929.3,3941.8,3886.7,346726
DMART,2026-07-16,3930.0,3950.9,3987.0,3930.0,356588
DMART,2026-07-17,3955.0,3951.9,3989.0,3927.5,356574
E2E,2026-04-17,274.0,280.59,283.5,272.54,629640
E2E,2026-04-20,280.59,270.9,280.59,268.0,575590
E2E,2026-04-21,273.6,284.44,284.44,273.6,631200
E2E,2026-04-22,292.9,293.61,298.66,284.9,1449350
E2E,2026-04-23,294.3,290.65,299.6,285.0,887560
E2E,2026-04-24,290.6,290.29,292.0,278.25,855450
E2E,2026-04-27,290.29,304.8,304.8,284.0,1022670
E2E,2026-04-28,308.8,297.86,309.77,292.21,693240
E2E,2026-04-29,298.8,293.83,309.9,292.22,865530
E2E,2026-04-30,297.9,288.39,297.9,282.5,501830
E2E,2026-05-01,288.39,288.39,288.39,288.39,0
E2E,2026-05-04,291.0,283.13,291.0,280.5,841830
E2E,2026-05-05,290.77,297.28,297.28,285.0,1093230
E2E,2026-05-06,303.0,312.14,312.14,300.0,834110
E2E,2026-05-07,319.4,327.74,327.74,317.5,687740
E2E,2026-05-08,337.0,343.45,344.12,320.1,1688080
E2E,2026-05-11,344.0,360.53,360.62,330.65,1972990
E2E,2026-05-12,359.21,342.51,359.21,342.51,764530
E2E,2026-05-13,325.39,325.39,325.39,325.39,196170
E2E,2026-05-14,314.1,327.06,339.8,309.13,1631960
E2E,2026-05-15,317.0,311.67,324.3,310.71,738820
E2E,2026-05-18,296.11,302.44,309.9,296.09,848080
E2E,2026-05-19,295.0,317.56,317.56,295.0,620940
E2E,2026-05-20,329.57,333.14,333.43,323.2,2945170
E2E,2026-05-21,339.55,340.93,349.6,333.5,1403530
E2E,2026-05-22,344.53,357.84,357.97,332.0,1981750
E2E,2026-05-25,369.9,370.18,375.73,355.11,2576360
E2E,2026-05-26,370.2,388.47,388.68,367.0,2284330
E2E,2026-05-27,392.5,395.14,406.0,391.1,2229730
E2E,2026-05-28,395.14,395.14,395.14,395.14,0
E2E,2026-05-29,397.01,392.24,407.0,381.31,3135380
E2E,2026-06-01,410.0,411.85,411.85,402.27,2487270
E2E,2026-06-02,428.0,432.44,432.44,416.48,2046490
E2E,2026-06-03,447.0,410.82,453.8,410.82,4507920
E2E,2026-06-04,399.0,431.36,431.36,393.0,2150190
E2E,2026-06-05,452.9,452.9,452.9,452.9,83746
E2E,2026-06-08,441.0,430.3,444.8,430.3,2467251
E2E,2026-06-09,408.8,408.8,425.9,408.8,3491521
E2E,2026-06-10,402.2,388.4,408.0,388.4,1751202
E2E,2026-06-11,369.0,369.0,369.0,369.0,220311
E2E,2026-06-12,374.0,386.4,387.4,361.2,6228077
E2E,2026-06-15,395.0,373.9,405.7,371.0,4301429
E2E,2026-06-16,379.4,382.5,389.0,373.4,1386909
E2E,2026-06-17,386.9,386.4,398.9,381.9,1236447
E2E,2026-06-18,390.0,405.7,405.7,388.4,2392972
E2E,2026-06-19,419.0,425.9,425.9,415.0,558938
E2E,2026-06-22,437.0,447.1,447.1,424.2,3014749
E2E,2026-06-23,455.0,433.0,469.4,424.8,4134531
E2E,2026-06-24,433.0,418.2,448.8,412.3,1672183
E2E,2026-06-25,432.0,412.3,433.4,410.3,1439517
E2E,2026-06-26,412.3,412.3,412.3,412.3,0
E2E,2026-06-29,414.0,395.4,415.0,391.7,1549018
E2E,2026-06-30,398.0,396.3,410.4,391.9,986293
E2E,2026-07-01,398.45,402.7,410.95,397.0,898114
E2E,2026-07-02,402.8,388.2,406.9,383.2,1408128
E2E,2026-07-03,388.2,382.0,396.1,377.0,1728129
E2E,2026-07-06,383.6,381.7,391.95,374.0,1092285
E2E,2026-07-07,384.0,371.3,386.65,369.05,688160
E2E,2026-07-08,371.3,378.8,389.0,366.0,1701866
E2E,2026-07-09,378.85,397.7,397.7,377.6,1393285
E2E,2026-07-10,405.0,397.9,414.0,394.35,1071224
E2E,2026-07-13,392.35,386.95,397.45,384.15,751831
E2E,2026-07-14,386.95,394.6,405.0,380.0,1171985
E2E,2026-07-15,397.9,410.9,414.3,397.55,2148139
E2E,2026-07-16,416.95,423.5,426.9,400.45,1838322
E2E,2026-07-17,420.05,404.95,442.0,402.35,2414292
EICHERMOT,2026-04-17,7130.5,7189.5,7200.0,7062.0,582841
EICHERMOT,2026-04-20,7160.5,7243.0,7264.0,7115.0,695282
EICHERMOT,2026-04-21,7243.0,7240.5,7296.0,7215.0,353002
EICHERMOT,2026-04-22,7215.0,7230.0,7267.0,7136.5,497850
EICHERMOT,2026-04-23,7195.5,7092.5,7195.5,7062.0,481927
EICHERMOT,2026-04-24,7054.5,7111.5,7160.0,7049.0,413746
EICHERMOT,2026-04-27,7150.0,7174.0,7214.0,7102.0,335662
EICHERMOT,2026-04-28,7170.0,7071.5,7254.0,7053.0,560194
EICHERMOT,2026-04-29,7106.0,7189.5,7294.0,7099.0,522596
EICHERMOT,2026-04-30,7120.0,7109.0,7146.0,6978.0,538501
EICHERMOT,2026-05-01,7109.0,7109.0,7109.0,7109.0,0
EICHERMOT,2026-05-04,7109.0,7329.0,7348.5,7070.0,684364
EICHERMOT,2026-05-05,7325.0,7301.5,7345.0,7213.5,482491
EICHERMOT,2026-05-06,7370.0,7310.5,7392.0,7175.5,403588
EICHERMOT,2026-05-07,7360.5,7327.5,7471.5,7310.5,606372
EICHERMOT,2026-05-08,7299.5,7302.5,7370.0,7228.0,259522
EICHERMOT,2026-05-11,7269.0,7202.5,7269.0,7159.0,320656
EICHERMOT,2026-05-12,7203.5,7126.0,7275.5,7105.0,364492
EICHERMOT,2026-05-13,7125.0,6971.5,7157.0,6863.0,668271
EICHERMOT,2026-05-14,7000.0,7034.0,7102.0,6842.5,447978
EICHERMOT,2026-05-15,7030.0,7014.5,7115.5,6975.0,313548
EICHERMOT,2026-05-18,6970.0,6913.0,6974.5,6813.0,316357
EICHERMOT,2026-05-19,6936.0,6882.5,6974.0,6860.0,406588
EICHERMOT,2026-05-20,6813.0,6849.5,6905.0,6752.5,455047
EICHERMOT,2026-05-21,6902.0,6892.0,6945.5,6863.0,491206
EICHERMOT,2026-05-22,6925.0,6981.5,7041.0,6908.5,512596
EICHERMOT,2026-05-25,7237.0,7414.0,7432.0,7215.0,1354536
EICHERMOT,2026-05-26,7415.0,7376.0,7441.0,7355.0,388413
EICHERMOT,2026-05-27,7375.0,7419.0,7429.0,7315.0,283327
EICHERMOT,2026-05-28,7419.0,7419.0,7419.0,7419.0,0
EICHERMOT,2026-05-29,7350.0,7177.0,7440.5,7131.5,1464680
EICHERMOT,2026-06-01,7177.0,7100.5,7240.5,7069.5,600629
EICHERMOT,2026-06-02,7069.0,7141.5,7165.0,6950.0,452665
EICHERMOT,2026-06-03,7139.5,7130.0,7178.0,7045.0,413545
EICHERMOT,2026-06-04,7105.0,7110.0,7156.0,7030.5,429763
EICHERMOT,2026-06-05,7140.0,7070.0,7150.0,7029.0,422329
EICHERMOT,2026-06-08,6985.0,7050.0,7094.0,6956.0,402793
EICHERMOT,2026-06-09,7137.5,7203.0,7299.0,7050.0,547103
EICHERMOT,2026-06-10,7171.0,7219.5,7268.0,7155.5,480600
EICHERMOT,2026-06-11,7130.0,7179.5,7227.0,7078.0,425248
EICHERMOT,2026-06-12,7282.0,7312.0,7354.5,7212.0,300260
EICHERMOT,2026-06-15,7363.0,7624.5,7644.5,7280.0,784420
EICHERMOT,2026-06-16,7654.0,7560.5,7666.0,7540.5,453796
EICHERMOT,2026-06-17,7560.5,7509.0,7578.5,7452.5,404085
EICHERMOT,2026-06-18,7520.0,7601.0,7668.0,7520.0,485856
EICHERMOT,2026-06-19,7550.0,7611.0,7658.0,7501.0,682982
EICHERMOT,2026-06-22,7650.0,7639.5,7720.5,7615.0,375714
EICHERMOT,2026-06-23,7630.0,7578.0,7676.0,7557.5,365865
EICHERMOT,2026-06-24,7520.0,7572.0,7646.0,7488.0,324328
EICHERMOT,2026-06-25,7620.0,7598.0,7754.0,7582.0,673579
EICHERMOT,2026-06-26,7598.0,7598.0,7598.0,7598.0,0
EICHERMOT,2026-06-29,7551.0,7426.0,7606.5,7375.0,2326377
EICHERMOT,2026-06-30,7392.0,7073.5,7392.5,6942.5,2474671
EICHERMOT,2026-07-01,7073.5,7139.0,7160.0,7053.5,590493
EICHERMOT,2026-07-02,7155.0,7250.0,7270.0,7143.0,828736
EICHERMOT,2026-07-03,7380.0,7339.5,7380.0,7270.5,317988
EICHERMOT,2026-07-06,7340.0,7471.5,7498.0,7284.5,300086
EICHERMOT,2026-07-07,7499.0,7536.0,7603.0,7481.5,592213
EICHERMOT,2026-07-08,7415.0,7418.5,7593.0,7344.5,905003
EICHERMOT,2026-07-09,7418.0,7361.0,7449.5,7321.5,625976
EICHERMOT,2026-07-10,7399.5,7365.5,7455.0,7335.0,497082
EICHERMOT,2026-07-13,7325.0,7296.5,7339.5,7260.0,787762
EICHERMOT,2026-07-14,7257.0,7279.5,7313.0,7140.0,458624
EICHERMOT,2026-07-15,7285.0,7404.5,7428.0,7285.0,758954
EICHERMOT,2026-07-16,7410.0,7418.5,7451.0,7366.5,618180
EICHERMOT,2026-07-17,7450.0,7563.5,7575.0,7450.0,489811
ELGIEQUIP,2026-04-17,540.0,549.15,551.7,539.7,533281
ELGIEQUIP,2026-04-20,551.0,551.95,555.9,543.3,412602
ELGIEQUIP,2026-04-21,553.75,542.95,555.15,541.6,269940
ELGIEQUIP,2026-04-22,543.0,554.7,567.9,539.95,1208125
ELGIEQUIP,2026-04-23,552.3,559.4,562.7,545.95,331473
ELGIEQUIP,2026-04-24,561.0,547.3,561.8,544.0,295745
ELGIEQUIP,2026-04-27,549.05,551.2,562.3,547.1,252652
ELGIEQUIP,2026-04-28,550.35,552.65,556.0,548.3,184548
ELGIEQUIP,2026-04-29,558.0,565.85,574.7,557.95,766940
ELGIEQUIP,2026-04-30,567.0,553.5,567.0,547.0,295493
ELGIEQUIP,2026-05-01,553.5,553.5,553.5,553.5,0
ELGIEQUIP,2026-05-04,550.0,554.35,560.5,545.7,172179
ELGIEQUIP,2026-05-05,554.0,542.75,556.25,541.0,127196
ELGIEQUIP,2026-05-06,544.9,548.5,550.0,540.0,154211
ELGIEQUIP,2026-05-07,548.65,562.35,566.8,547.55,418449
ELGIEQUIP,2026-05-08,561.25,559.1,571.8,556.35,368477
ELGIEQUIP,2026-05-11,556.0,541.75,556.0,538.65,266064
ELGIEQUIP,2026-05-12,540.0,522.95,540.9,521.0,340524
ELGIEQUIP,2026-05-13,522.0,518.5,529.15,516.0,155832
ELGIEQUIP,2026-05-14,518.5,524.4,528.0,508.75,226759
ELGIEQUIP,2026-05-15,525.45,523.25,534.75,522.0,135048
ELGIEQUIP,2026-05-18,520.6,533.45,535.75,508.0,474639
ELGIEQUIP,2026-05-19,533.45,541.1,544.2,529.05,209697
ELGIEQUIP,2026-05-20,536.65,565.25,571.85,529.05,1260530
ELGIEQUIP,2026-05-21,569.95,567.4,574.95,559.0,453648
ELGIEQUIP,2026-05-22,567.4,560.15,568.15,557.2,210810
ELGIEQUIP,2026-05-25,562.35,567.9,573.0,561.0,289333
ELGIEQUIP,2026-05-26,567.5,563.0,572.0,560.5,184542
ELGIEQUIP,2026-05-27,568.4,577.9,589.0,559.8,1232509
ELGIEQUIP,2026-05-28,577.9,577.9,577.9,577.9,0
ELGIEQUIP,2026-05-29,582.0,573.45,633.85,567.3,6614154
ELGIEQUIP,2026-06-01,580.0,580.25,594.0,568.5,1000662
ELGIEQUIP,2026-06-02,580.25,589.35,590.75,572.25,403156
ELGIEQUIP,2026-06-03,591.0,601.2,607.0,580.35,1223194
ELGIEQUIP,2026-06-04,599.4,622.15,629.9,597.2,1850678
ELGIEQUIP,2026-06-05,622.95,610.3,631.7,608.4,378367
ELGIEQUIP,2026-06-08,604.0,597.05,607.0,590.9,350522
ELGIEQUIP,2026-06-09,595.55,604.7,608.15,594.1,274437
ELGIEQUIP,2026-06-10,606.15,602.85,612.45,599.25,263193
ELGIEQUIP,2026-06-11,601.05,593.45,609.0,591.0,245973
ELGIEQUIP,2026-06-12,599.3,603.85,608.65,595.1,358767
ELGIEQUIP,2026-06-15,610.5,608.8,618.7,604.85,287300
ELGIEQUIP,2026-06-16,609.95,601.3,618.0,597.15,297925
ELGIEQUIP,2026-06-17,601.2,600.1,614.7,599.0,270122
ELGIEQUIP,2026-06-18,604.9,602.0,609.9,594.8,236148
ELGIEQUIP,2026-06-19,603.95,612.75,614.95,600.0,773434
ELGIEQUIP,2026-06-22,615.95,614.3,622.75,611.0,387854
ELGIEQUIP,2026-06-23,618.0,619.85,628.45,608.85,663883
ELGIEQUIP,2026-06-24,622.5,609.35,628.0,603.85,253507
ELGIEQUIP,2026-06-25,610.5,604.05,615.8,600.0,423179
ELGIEQUIP,2026-06-26,604.05,604.05,604.05,604.05,0
ELGIEQUIP,2026-06-29,605.85,608.3,620.0,593.95,1096508
ELGIEQUIP,2026-06-30,614.9,598.1,614.9,596.35,386471
ELGIEQUIP,2026-07-01,602.5,605.85,615.95,601.65,411033
ELGIEQUIP,2026-07-02,609.8,594.0,610.7,592.0,334032
ELGIEQUIP,2026-07-03,597.1,578.55,599.2,576.65,330765
ELGIEQUIP,2026-07-06,571.5,591.95,595.9,571.1,369441
ELGIEQUIP,2026-07-07,595.9,589.0,599.0,584.3,263123
ELGIEQUIP,2026-07-08,584.1,575.55,596.0,571.05,228454
ELGIEQUIP,2026-07-09,580.0,588.7,591.95,577.7,158707
ELGIEQUIP,2026-07-10,592.0,576.35,594.5,569.4,393259
ELGIEQUIP,2026-07-13,570.4,573.2,579.95,568.65,204520
ELGIEQUIP,2026-07-14,568.0,576.65,578.45,565.4,176276
ELGIEQUIP,2026-07-15,576.35,571.0,583.95,569.15,274955
ELGIEQUIP,2026-07-16,574.0,581.6,585.0,569.85,408421
ELGIEQUIP,2026-07-17,582.0,581.7,584.45,569.7,243586
ESABINDIA,2026-04-17,5524.6,5717.8,5746.0,5524.5,7738
ESABINDIA,2026-04-20,5717.8,5791.5,5870.0,5628.0,7810
ESABINDIA,2026-04-21,5800.0,5773.3,6000.0,5721.6,3752
ESABINDIA,2026-04-22,5840.0,5977.0,5998.0,5724.1,5341
ESABINDIA,2026-04-23,5990.0,5817.0,6050.0,5790.8,3318
ESABINDIA,2026-04-24,5818.0,5909.1,5970.2,5742.3,4476
ESABINDIA,2026-04-27,5909.1,6071.5,6157.5,5909.1,6489
ESABINDIA,2026-04-28,6095.8,6187.8,6206.0,6067.1,5666
ESABINDIA,2026-04-29,6187.8,6214.5,6234.0,6100.0,2683
ESABINDIA,2026-04-30,6205.0,6266.9,6344.4,6141.6,4374
ESABINDIA,2026-05-04,6370.0,7138.0,7224.0,6344.5,145527
ESABINDIA,2026-05-05,7100.0,7081.5,7260.0,6926.0,15339
ESABINDIA,2026-05-06,7100.5,7150.5,7231.5,7033.5,9070
ESABINDIA,2026-05-07,7188.0,7086.0,7319.5,7050.0,5635
ESABINDIA,2026-05-08,7033.0,6936.0,7173.0,6879.5,5091
ESABINDIA,2026-05-11,6935.5,6742.0,7010.0,6701.0,8125
ESABINDIA,2026-05-12,6742.0,6721.0,6886.5,6691.0,4582
ESABINDIA,2026-05-13,6692.0,6702.5,6847.0,6662.0,2534
ESABINDIA,2026-05-14,6808.0,6660.5,6808.0,6565.5,2218
ESABINDIA,2026-05-15,6680.0,6587.5,6716.0,6567.0,1573
ESABINDIA,2026-05-18,6637.0,6533.0,6640.0,6410.5,5232
ESABINDIA,2026-05-19,6565.5,6563.5,6649.0,6490.0,1682
ESABINDIA,2026-05-20,6490.0,6646.0,6795.0,6435.0,2231
ESABINDIA,2026-05-21,6700.0,6802.0,6883.5,6700.0,5753
ESABINDIA,2026-05-22,6853.5,7053.0,7169.5,6698.5,12559
ESABINDIA,2026-05-25,7115.0,6989.5,7168.5,6891.0,7927
ESABINDIA,2026-05-26,6992.0,7000.0,7079.5,6952.5,3229
ESABINDIA,2026-05-27,6974.0,7019.5,7099.0,6935.0,4969
ESABINDIA,2026-05-28,7019.5,7019.5,7019.5,7019.5,0
ESABINDIA,2026-05-29,6827.0,6511.0,6870.0,6430.5,23464
ESABINDIA,2026-06-01,6549.5,6262.0,6637.5,6237.5,8711
ESABINDIA,2026-06-02,6226.0,6116.0,6348.0,6100.0,4004
ESABINDIA,2026-06-03,6200.0,5940.5,6200.0,5910.0,7404
ESABINDIA,2026-06-04,5940.5,5937.0,6044.0,5851.5,4701
ESABINDIA,2026-06-05,5964.0,5924.5,5975.5,5885.5,3026
ESABINDIA,2026-06-08,5910.0,5748.5,5920.5,5717.0,3698
ESABINDIA,2026-06-09,5787.0,5715.0,5838.0,5676.5,3946
ESABINDIA,2026-06-10,5745.0,5620.5,5749.0,5590.0,2547
ESABINDIA,2026-06-11,5580.0,5612.0,5754.0,5550.5,2851
ESABINDIA,2026-06-12,5650.0,5728.0,5749.0,5650.0,2384
ESABINDIA,2026-06-15,5800.0,5760.5,5860.0,5750.0,4437
ESABINDIA,2026-06-16,5803.5,5705.0,5820.5,5655.0,2603
ESABINDIA,2026-06-17,5685.0,5723.5,5749.5,5685.0,2861
ESABINDIA,2026-06-18,5738.0,5733.0,5764.0,5651.0,2712
ESABINDIA,2026-06-19,5733.0,5829.0,5940.0,5680.5,4851
ESABINDIA,2026-06-22,5830.5,5779.0,5875.0,5741.0,3895
ESABINDIA,2026-06-23,5785.0,5775.0,5816.5,5715.0,3742
ESABINDIA,2026-06-24,5775.0,5761.5,5779.5,5720.0,3089
ESABINDIA,2026-06-25,5780.0,5760.0,5789.5,5736.0,2137
ESABINDIA,2026-06-26,5760.0,5760.0,5760.0,5760.0,0
ESABINDIA,2026-06-29,5790.0,5755.0,5810.0,5715.5,2922
ESABINDIA,2026-06-30,5750.0,5718.5,5767.5,5680.0,1890
ESABINDIA,2026-07-01,5719.0,5716.0,5839.0,5658.0,2461
ESABINDIA,2026-07-02,5758.5,5816.5,5825.0,5700.0,4950
ESABINDIA,2026-07-03,5816.0,5834.5,5868.0,5732.0,3188
ESABINDIA,2026-07-06,5834.5,5715.0,5839.5,5707.5,3126
ESABINDIA,2026-07-07,5720.0,5694.5,5744.5,5680.0,3544
ESABINDIA,2026-07-08,5661.0,5662.0,5709.0,5610.5,1624
ESABINDIA,2026-07-09,5677.0,5659.5,5687.5,5630.5,869
ESABINDIA,2026-07-10,5663.0,5744.0,5776.5,5661.0,2031
ESABINDIA,2026-07-13,5744.0,5687.5,5757.0,5670.0,1434
ESABINDIA,2026-07-14,5693.0,5651.0,5707.5,5622.0,2492
ESABINDIA,2026-07-15,5649.0,5643.5,5714.5,5623.0,1409
ESABINDIA,2026-07-16,5643.5,5665.5,5683.0,5615.5,1185
ESABINDIA,2026-07-17,5650.0,5653.0,5674.5,5604.0,1973
EXICOM,2026-04-17,114.9,111.36,115.98,110.2,559535
EXICOM,2026-04-20,111.35,113.14,119.0,109.41,1538471
EXICOM,2026-04-21,113.41,113.64,115.79,112.71,293858
EXICOM,2026-04-22,112.9,120.84,124.3,112.9,2902251
EXICOM,2026-04-23,121.0,119.3,125.95,118.92,1734377
EXICOM,2026-04-24,120.7,117.05,121.7,116.15,534783
EXICOM,2026-04-27,117.62,118.49,121.5,116.41,484782
EXICOM,2026-04-28,118.5,117.0,119.95,116.5,257297
EXICOM,2026-04-29,118.0,112.35,119.69,111.0,469963
EXICOM,2026-04-30,112.35,115.4,116.33,111.05,405025
EXICOM,2026-05-01,115.4,115.4,115.4,115.4,0
EXICOM,2026-05-04,115.3,113.5,115.3,112.15,337173
EXICOM,2026-05-05,113.41,119.68,122.6,112.64,889167
EXICOM,2026-05-06,119.0,118.55,121.0,117.05,308272
EXICOM,2026-05-07,118.58,122.69,125.4,118.58,1331917
EXICOM,2026-05-08,121.9,119.35,123.14,118.5,243098
EXICOM,2026-05-11,122.0,123.56,127.8,121.22,1295888
EXICOM,2026-05-12,123.5,113.99,124.8,111.25,610976
EXICOM,2026-05-13,114.5,114.28,117.07,112.2,350630
EXICOM,2026-05-14,115.0,111.72,116.9,107.98,400335
EXICOM,2026-05-15,112.0,113.78,115.8,111.22,259097
EXICOM,2026-05-18,113.05,110.34,113.05,109.11,290067
EXICOM,2026-05-19,110.37,115.61,118.8,110.37,903663
EXICOM,2026-05-20,116.0,114.93,119.39,113.55,725448
EXICOM,2026-05-21,116.35,137.91,137.91,116.35,10428662
EXICOM,2026-05-22,143.89,157.84,163.2,133.29,36112798
EXICOM,2026-05-25,157.84,151.99,159.0,149.35,6364320
EXICOM,2026-05-26,151.99,147.95,157.5,145.1,3871735
EXICOM,2026-05-27,147.95,147.21,153.0,146.0,1170307
EXICOM,2026-05-28,147.21,147.21,147.21,147.21,0
EXICOM,2026-05-29,148.0,159.4,173.0,142.89,20016645
EXICOM,2026-06-01,161.04,158.62,169.98,154.6,9746062
EXICOM,2026-06-02,157.95,159.72,166.0,154.5,4801977
EXICOM,2026-06-03,161.0,153.35,161.45,150.61,3824031
EXICOM,2026-06-04,151.51,144.98,154.35,143.55,2806004
EXICOM,2026-06-05,144.95,133.85,145.85,131.98,3707104
EXICOM,2026-06-08,131.7,150.53,154.32,129.06,76275747
EXICOM,2026-06-09,150.51,147.37,151.13,144.11,12706226
EXICOM,2026-06-10,148.76,149.53,150.77,141.57,9543247
EXICOM,2026-06-11,149.58,135.77,150.54,134.55,6753433
EXICOM,2026-06-12,138.0,141.77,144.4,137.78,4156866
EXICOM,2026-06-15,143.7,161.57,167.0,143.7,31413475
EXICOM,2026-06-16,164.0,167.9,172.4,161.1,38709037
EXICOM,2026-06-17,167.21,165.05,168.5,162.2,4479773
EXICOM,2026-06-18,166.5,168.15,174.88,166.5,8522861
EXICOM,2026-06-19,168.0,172.53,177.0,165.3,7296201
EXICOM,2026-06-22,173.99,176.18,182.9,173.51,8174225
EXICOM,2026-06-23,176.75,166.08,176.75,164.55,3810353
EXICOM,2026-06-24,167.34,165.06,170.24,164.0,2641363
EXICOM,2026-06-25,165.97,158.07,167.99,157.05,2447348
EXICOM,2026-06-26,158.07,158.07,158.07,158.07,0
EXICOM,2026-06-29,160.0,155.78,160.0,152.2,1872926
EXICOM,2026-06-30,159.49,170.83,172.0,157.39,7379378
EXICOM,2026-07-01,171.65,166.54,171.7,165.52,1660986
EXICOM,2026-07-02,166.6,171.68,175.8,163.6,4238600
EXICOM,2026-07-03,172.4,178.01,179.9,168.54,5528840
EXICOM,2026-07-06,179.74,168.44,182.5,165.18,3832069
EXICOM,2026-07-07,169.9,163.89,170.49,161.22,2075288
EXICOM,2026-07-08,162.8,158.43,169.65,156.76,2467348
EXICOM,2026-07-09,159.98,160.4,163.3,154.99,1447354
EXICOM,2026-07-10,162.35,170.04,171.0,160.4,2284975
EXICOM,2026-07-13,169.0,168.35,175.7,164.67,2004738
EXICOM,2026-07-14,167.0,163.06,168.34,161.2,1174422
EXICOM,2026-07-15,163.19,164.26,169.38,163.19,1317547
EXICOM,2026-07-16,165.88,165.23,170.64,162.4,1896992
EXICOM,2026-07-17,164.45,161.51,164.45,158.36,1176908
EXIDEIND,2026-04-17,331.75,330.0,333.4,328.7,1436687
EXIDEIND,2026-04-20,330.3,329.7,335.15,325.05,1738831
EXIDEIND,2026-04-21,329.7,333.1,335.85,328.6,1391477
EXIDEIND,2026-04-22,333.0,354.55,360.45,332.0,15696406
EXIDEIND,2026-04-23,353.8,347.25,359.85,345.05,6747931
EXIDEIND,2026-04-24,346.45,342.8,347.95,339.4,1971642
EXIDEIND,2026-04-27,345.0,352.35,353.7,344.8,2605727
EXIDEIND,2026-04-28,352.7,356.25,358.5,351.25,3553014
EXIDEIND,2026-04-29,357.5,363.45,370.3,356.9,4899239
EXIDEIND,2026-04-30,362.0,360.55,363.2,356.0,2235828
EXIDEIND,2026-05-01,360.55,360.55,360.55,360.55,0
EXIDEIND,2026-05-04,365.0,359.05,379.9,353.45,10514260
EXIDEIND,2026-05-05,361.5,361.15,371.75,358.55,5370751
EXIDEIND,2026-05-06,365.7,351.7,366.2,340.25,9249716
EXIDEIND,2026-05-07,352.0,364.45,365.6,342.0,11093645
EXIDEIND,2026-05-08,366.0,362.25,366.8,360.35,3429012
EXIDEIND,2026-05-11,360.0,352.7,360.1,351.55,1881847
EXIDEIND,2026-05-12,350.15,346.3,353.2,344.75,2116476
EXIDEIND,2026-05-13,346.0,349.3,355.4,346.0,1652680
EXIDEIND,2026-05-14,350.85,349.7,356.0,344.6,1723362
EXIDEIND,2026-05-15,349.45,349.05,352.05,347.4,2182792
EXIDEIND,2026-05-18,345.7,342.85,345.7,333.5,2692440
EXIDEIND,2026-05-19,343.0,344.65,347.9,342.45,1238881
EXIDEIND,2026-05-20,342.9,339.55,343.95,339.05,2206260
EXIDEIND,2026-05-21,343.85,340.8,346.3,340.0,1078372
EXIDEIND,2026-05-22,341.0,339.75,342.6,338.1,1303386
EXIDEIND,2026-05-25,342.2,346.25,349.0,340.7,1597876
EXIDEIND,2026-05-26,347.25,366.25,368.0,347.25,7351528
EXIDEIND,2026-05-27,365.0,394.15,397.4,364.15,24044078
EXIDEIND,2026-05-28,394.15,394.15,394.15,394.15,0
EXIDEIND,2026-05-29,396.0,386.5,397.55,384.75,5242497
EXIDEIND,2026-06-01,390.45,392.25,394.7,384.55,3705826
EXIDEIND,2026-06-02,390.3,406.25,408.0,385.0,7426529
EXIDEIND,2026-06-03,407.0,398.95,408.9,395.05,3802136
EXIDEIND,2026-06-04,400.05,403.4,409.8,398.65,4920795
EXIDEIND,2026-06-05,405.0,399.55,408.25,397.05,2825564
EXIDEIND,2026-06-08,392.25,385.9,394.0,384.1,1916062
EXIDEIND,2026-06-09,387.8,392.95,394.0,387.8,1250072
EXIDEIND,2026-06-10,392.95,386.35,393.8,385.15,911449
EXIDEIND,2026-06-11,384.95,385.65,387.8,380.35,1023382
EXIDEIND,2026-06-12,391.0,391.95,393.9,388.0,1527789
EXIDEIND,2026-06-15,395.5,394.85,399.45,393.65,3677720
EXIDEIND,2026-06-16,395.05,388.55,398.5,387.3,1129917
EXIDEIND,2026-06-17,388.65,388.4,390.85,386.4,1037390
EXIDEIND,2026-06-18,390.0,384.85,392.35,383.2,1266638
EXIDEIND,2026-06-19,386.3,380.75,386.7,379.3,1489972
EXIDEIND,2026-06-22,382.05,381.35,385.7,380.25,990917
EXIDEIND,2026-06-23,381.35,379.05,390.95,378.0,2292381
EXIDEIND,2026-06-24,379.1,399.5,401.7,377.7,8753108
EXIDEIND,2026-06-25,401.0,389.8,410.5,388.55,5559184
EXIDEIND,2026-06-26,389.8,389.8,389.8,389.8,0
EXIDEIND,2026-06-29,389.95,386.55,390.8,383.45,1780868
EXIDEIND,2026-06-30,387.0,387.6,395.5,385.55,3845468
EXIDEIND,2026-07-01,389.4,390.35,391.1,385.8,1543936
EXIDEIND,2026-07-02,392.0,419.35,422.7,391.3,21062813
EXIDEIND,2026-07-03,421.15,416.6,422.1,413.6,3780016
EXIDEIND,2026-07-06,416.3,415.75,423.75,413.5,2869398
EXIDEIND,2026-07-07,415.5,414.5,416.45,403.85,2990498
EXIDEIND,2026-07-08,412.35,421.35,425.25,412.15,6891443
EXIDEIND,2026-07-09,426.0,425.2,428.9,418.1,5969150
EXIDEIND,2026-07-10,429.0,424.4,431.0,422.15,3513217
EXIDEIND,2026-07-13,421.95,423.4,424.6,416.0,3195587
EXIDEIND,2026-07-14,421.0,419.45,424.0,417.8,1745862
EXIDEIND,2026-07-15,418.8,419.2,426.5,418.1,1659642
EXIDEIND,2026-07-16,422.0,421.3,424.95,418.25,1789682
EXIDEIND,2026-07-17,421.0,435.2,436.55,418.55,12389278
FAIRCHEMOR,2026-04-17,574.0,566.2,578.0,562.35,8157
FAIRCHEMOR,2026-04-20,568.0,559.75,570.0,555.0,3397
FAIRCHEMOR,2026-04-21,559.75,557.5,566.05,556.0,5148
FAIRCHEMOR,2026-04-22,561.55,567.5,569.9,555.1,2924
FAIRCHEMOR,2026-04-23,570.0,569.3,574.9,564.05,4152
FAIRCHEMOR,2026-04-24,569.3,555.35,575.95,551.1,3273
FAIRCHEMOR,2026-04-27,561.55,569.9,577.2,561.35,5694
FAIRCHEMOR,2026-04-28,574.95,560.05,574.95,558.05,4617
FAIRCHEMOR,2026-04-29,563.15,568.65,572.2,562.0,4242
FAIRCHEMOR,2026-04-30,569.95,570.8,576.0,557.2,7947
FAIRCHEMOR,2026-05-04,570.8,593.25,618.8,570.8,24822
FAIRCHEMOR,2026-05-05,593.25,591.6,599.15,589.1,3606
FAIRCHEMOR,2026-05-06,599.0,634.55,664.0,585.0,140811
FAIRCHEMOR,2026-05-07,639.6,625.6,644.3,620.0,24251
FAIRCHEMOR,2026-05-08,630.05,619.4,630.3,616.1,17762
FAIRCHEMOR,2026-05-11,619.4,605.85,619.4,599.45,18405
FAIRCHEMOR,2026-05-12,602.1,590.4,605.0,588.0,30269
FAIRCHEMOR,2026-05-13,588.05,606.5,617.55,588.05,6926
FAIRCHEMOR,2026-05-14,601.25,597.0,607.85,590.0,5327
FAIRCHEMOR,2026-05-15,597.25,618.05,624.0,593.2,18733
FAIRCHEMOR,2026-05-18,623.2,614.0,623.2,598.15,8149
FAIRCHEMOR,2026-05-19,604.8,609.35,617.95,604.8,3309
FAIRCHEMOR,2026-05-20,604.8,600.55,613.8,592.7,5825
FAIRCHEMOR,2026-05-21,599.95,604.7,609.95,596.15,9064
FAIRCHEMOR,2026-05-22,607.7,613.9,634.65,602.1,40122
FAIRCHEMOR,2026-05-25,618.0,610.3,633.0,600.4,26380
FAIRCHEMOR,2026-05-26,614.6,619.6,620.0,606.05,21923
FAIRCHEMOR,2026-05-27,619.05,617.15,621.25,611.0,15413
FAIRCHEMOR,2026-05-28,617.15,617.15,617.15,617.15,0
FAIRCHEMOR,2026-05-29,606.2,616.15,638.7,606.15,25892
FAIRCHEMOR,2026-06-01,625.0,602.85,625.0,600.0,6786
FAIRCHEMOR,2026-06-02,603.7,600.6,614.95,589.1,8846
FAIRCHEMOR,2026-06-03,601.0,601.3,610.0,595.1,6146
FAIRCHEMOR,2026-06-04,594.05,602.8,607.0,594.05,8923
FAIRCHEMOR,2026-06-05,602.8,605.45,610.0,602.8,2332
FAIRCHEMOR,2026-06-08,600.0,595.05,602.3,590.0,8533
FAIRCHEMOR,2026-06-09,590.3,588.1,607.85,585.0,7397
FAIRCHEMOR,2026-06-10,585.2,572.55,599.95,566.25,9429
FAIRCHEMOR,2026-06-11,570.0,569.9,580.15,563.35,5018
FAIRCHEMOR,2026-06-12,572.2,592.2,595.4,570.05,6914
FAIRCHEMOR,2026-06-15,593.05,607.35,612.9,593.05,7114
FAIRCHEMOR,2026-06-16,600.3,606.1,609.65,600.3,1946
FAIRCHEMOR,2026-06-17,604.9,600.95,615.0,591.2,6649
FAIRCHEMOR,2026-06-18,594.2,603.25,606.0,594.0,3560
FAIRCHEMOR,2026-06-19,591.0,608.9,615.0,586.55,3905
FAIRCHEMOR,2026-06-22,615.4,626.25,637.45,610.0,8596
FAIRCHEMOR,2026-06-23,640.0,609.35,641.2,606.05,10720
FAIRCHEMOR,2026-06-24,614.75,639.35,670.0,605.45,163026
FAIRCHEMOR,2026-06-25,641.0,634.4,657.0,625.35,64460
FAIRCHEMOR,2026-06-26,634.4,634.4,634.4,634.4,0
FAIRCHEMOR,2026-06-29,633.0,643.65,654.0,629.1,20560
FAIRCHEMOR,2026-06-30,653.3,670.25,680.85,639.15,35926
FAIRCHEMOR,2026-07-01,680.3,731.9,750.0,672.25,419711
FAIRCHEMOR,2026-07-02,743.0,750.3,769.0,740.2,67230
FAIRCHEMOR,2026-07-03,750.3,728.75,760.0,716.55,44227
FAIRCHEMOR,2026-07-06,731.0,712.55,735.0,710.0,9041
FAIRCHEMOR,2026-07-07,711.1,713.2,731.9,711.1,4554
FAIRCHEMOR,2026-07-08,710.2,689.4,710.2,677.55,7619
FAIRCHEMOR,2026-07-09,696.0,721.3,723.0,694.0,3832
FAIRCHEMOR,2026-07-10,721.0,700.5,727.0,694.0,8295
FAIRCHEMOR,2026-07-13,708.9,692.1,708.9,681.1,4692
FAIRCHEMOR,2026-07-14,692.1,707.65,725.0,681.0,7415
FAIRCHEMOR,2026-07-15,706.45,677.75,706.45,672.3,6527
FAIRCHEMOR,2026-07-16,676.6,702.05,709.2,667.7,3555
FAIRCHEMOR,2026-07-17,711.0,704.2,711.0,670.25,15756
FCL,2026-04-17,22.97,23.21,23.57,22.97,2299517
FCL,2026-04-20,23.21,22.98,23.41,22.82,5259816
FCL,2026-04-21,23.08,22.96,24.0,22.85,4609166
FCL,2026-04-22,22.87,23.05,23.4,22.83,4145394
FCL,2026-04-23,22.9,23.2,23.39,22.9,2708689
FCL,2026-04-24,23.21,22.91,23.5,22.62,2003163
FCL,2026-04-27,22.99,23.01,23.5,22.95,4907606
FCL,2026-04-28,23.0,22.98,23.4,22.83,5141394
FCL,2026-04-29,23.01,23.03,23.46,22.93,4032965
FCL,2026-04-30,23.0,22.98,23.32,22.6,3766468
FCL,2026-05-01,22.98,22.98,22.98,22.98,0
FCL,2026-05-04,23.1,23.03,23.41,22.95,3572848
FCL,2026-05-05,22.99,23.23,23.42,22.65,3362387
FCL,2026-05-06,23.42,25.51,26.5,23.36,34491259
FCL,2026-05-07,25.73,27.75,27.9,25.57,17498551
FCL,2026-05-08,27.75,28.15,28.87,27.4,11216853
FCL,2026-05-11,28.0,28.33,29.49,27.39,10758161
FCL,2026-05-12,28.76,27.12,28.9,26.91,9118314
FCL,2026-05-13,27.41,26.81,27.88,26.5,5033763
FCL,2026-05-14,27.0,25.98,27.3,25.58,5537175
FCL,2026-05-15,26.3,25.44,26.33,25.24,4610369
FCL,2026-05-18,26.99,30.52,30.52,26.5,98963995
FCL,2026-05-19,33.0,33.22,34.5,30.55,223560391
FCL,2026-05-20,33.0,34.12,35.8,32.35,109836509
FCL,2026-05-21,34.0,31.59,34.12,30.64,31253961
FCL,2026-05-22,31.9,33.24,33.52,31.1,36506566
FCL,2026-05-25,33.7,39.03,39.83,33.61,146582721
FCL,2026-05-26,39.81,39.48,41.25,38.87,84260421
FCL,2026-05-27,39.24,38.56,39.33,37.9,23195198
FCL,2026-05-28,38.56,38.56,38.56,38.56,0
FCL,2026-05-29,39.34,39.99,40.89,38.71,28513505
FCL,2026-06-01,40.35,40.89,43.2,39.65,34839950
FCL,2026-06-02,40.73,42.36,43.42,39.87,31485151
FCL,2026-06-03,42.69,43.54,44.44,42.6,29794119
FCL,2026-06-04,43.25,41.03,43.87,40.36,20805048
FCL,2026-06-05,41.3,40.73,41.75,40.06,15341694
FCL,2026-06-08,40.0,38.14,42.48,36.66,36675993
FCL,2026-06-09,39.0,39.86,40.2,38.5,15127722
FCL,2026-06-10,40.18,38.1,40.69,37.16,18694898
FCL,2026-06-11,38.08,37.03,39.27,36.8,11671065
FCL,2026-06-12,38.18,39.17,39.71,38.01,10040741
FCL,2026-06-15,40.25,41.5,42.52,40.06,17178538
FCL,2026-06-16,41.88,43.3,43.5,41.4,19755871
FCL,2026-06-17,43.7,44.83,45.7,43.55,23869214
FCL,2026-06-18,44.75,43.45,44.8,43.01,10768206
FCL,2026-06-19,43.49,43.52,44.55,42.71,9239961
FCL,2026-06-22,43.94,45.41,45.7,43.55,14591643
FCL,2026-06-23,45.8,43.4,47.18,40.87,28194204
FCL,2026-06-24,43.5,42.89,44.73,42.25,10396656
FCL,2026-06-25,43.03,40.9,43.38,40.6,10190429
FCL,2026-06-26,40.9,40.9,40.9,40.9,0
FCL,2026-06-29,40.9,38.26,41.57,37.07,16548258
FCL,2026-06-30,38.98,38.8,39.67,38.5,6035278
FCL,2026-07-01,39.19,38.09,39.25,37.89,5635389
FCL,2026-07-02,38.46,39.89,40.3,37.5,13828712
FCL,2026-07-03,40.18,39.12,40.59,39.0,7824732
FCL,2026-07-06,39.25,37.41,39.25,37.16,7095449
FCL,2026-07-07,37.64,37.25,38.26,36.65,9001970
FCL,2026-07-08,37.0,36.39,38.19,36.06,7602598
FCL,2026-07-09,36.59,37.43,37.75,36.52,4364061
FCL,2026-07-10,37.8,36.99,38.24,36.62,6397206
FCL,2026-07-13,36.5,36.18,36.68,36.01,4399641
FCL,2026-07-14,36.2,35.69,36.94,35.13,6788597
FCL,2026-07-15,35.98,38.94,39.25,35.71,21447550
FCL,2026-07-16,39.0,38.35,39.53,37.06,14839210
FCL,2026-07-17,38.25,38.75,38.99,37.26,13357045
FEDERALBNK,2026-04-17,284.95,293.75,294.2,282.85,9241911
FEDERALBNK,2026-04-20,293.5,294.35,298.0,292.3,11292785
FEDERALBNK,2026-04-21,295.8,295.75,299.05,295.05,7746822
FEDERALBNK,2026-04-22,295.75,296.45,298.45,295.0,6443950
FEDERALBNK,2026-04-23,294.95,295.4,296.65,293.55,3657050
FEDERALBNK,2026-04-24,296.0,293.0,298.3,291.25,7243806
FEDERALBNK,2026-04-27,294.7,294.05,297.65,292.8,3880432
FEDERALBNK,2026-04-28,292.85,290.6,295.85,290.0,6666139
FEDERALBNK,2026-04-29,296.0,284.75,301.7,282.55,21186876
FEDERALBNK,2026-04-30,284.7,286.95,287.95,280.0,13939720
FEDERALBNK,2026-05-01,286.95,286.95,286.95,286.95,0
FEDERALBNK,2026-05-04,290.0,289.15,291.65,287.4,5494699
FEDERALBNK,2026-05-05,289.35,292.6,295.0,286.6,5869785
FEDERALBNK,2026-05-06,295.25,293.0,296.45,288.85,9998298
FEDERALBNK,2026-05-07,294.5,297.05,297.75,290.0,6089681
FEDERALBNK,2026-05-08,297.0,297.25,298.45,291.45,6129346
FEDERALBNK,2026-05-11,295.0,292.45,297.4,291.15,11135956
FEDERALBNK,2026-05-12,291.55,284.8,293.65,283.8,8461329
FEDERALBNK,2026-05-13,285.9,280.05,285.9,277.1,15147738
FEDERALBNK,2026-05-14,282.0,280.25,282.85,277.55,8574291
FEDERALBNK,2026-05-15,281.95,281.3,284.7,278.3,6034270
FEDERALBNK,2026-05-18,280.75,283.95,285.65,277.55,7212332
FEDERALBNK,2026-05-19,284.8,286.6,287.8,283.75,6905213
FEDERALBNK,2026-05-20,285.85,289.9,290.55,283.1,6657728
FEDERALBNK,2026-05-21,290.5,283.75,292.5,283.05,6916472
FEDERALBNK,2026-05-22,284.15,287.2,288.4,283.2,6756952
FEDERALBNK,2026-05-25,289.0,289.25,292.5,286.8,9346757
FEDERALBNK,2026-05-26,292.0,290.2,293.35,288.65,10983670
FEDERALBNK,2026-05-27,289.5,288.9,293.0,287.85,3869975
FEDERALBNK,2026-05-28,288.9,288.9,288.9,288.9,0
FEDERALBNK,2026-05-29,292.0,288.95,293.9,283.6,239376091
FEDERALBNK,2026-06-01,290.0,288.2,292.4,285.5,6701913
FEDERALBNK,2026-06-02,286.5,293.05,293.8,284.85,5900487
FEDERALBNK,2026-06-03,293.95,301.05,302.85,290.3,15946881
FEDERALBNK,2026-06-04,301.25,300.1,303.8,295.65,11947303
FEDERALBNK,2026-06-05,300.5,304.15,305.4,295.75,9322801
FEDERALBNK,2026-06-08,302.5,304.6,310.0,301.3,12112735
FEDERALBNK,2026-06-09,306.7,315.1,315.9,306.35,14386417
FEDERALBNK,2026-06-10,315.1,311.1,316.7,309.85,7015128
FEDERALBNK,2026-06-11,309.0,309.75,311.7,307.05,7619065
FEDERALBNK,2026-06-12,315.0,315.7,318.35,311.15,9052110
FEDERALBNK,2026-06-15,320.7,317.1,320.7,312.75,8390759
FEDERALBNK,2026-06-16,317.55,320.6,321.1,316.5,8921387
FEDERALBNK,2026-06-17,320.65,322.7,323.6,319.3,9029691
FEDERALBNK,2026-06-18,323.0,320.45,324.0,320.0,3885931
FEDERALBNK,2026-06-19,320.0,323.95,324.9,319.05,7763307
FEDERALBNK,2026-06-22,323.95,323.4,323.95,321.7,4903566
FEDERALBNK,2026-06-23,323.4,319.9,324.3,319.0,5809450
FEDERALBNK,2026-06-24,319.5,325.2,327.0,318.2,9481304
FEDERALBNK,2026-06-25,326.7,324.05,326.7,322.65,6310533
FEDERALBNK,2026-06-26,324.05,324.05,324.05,324.05,0
FEDERALBNK,2026-06-29,323.0,324.05,327.0,322.15,15193838
FEDERALBNK,2026-06-30,324.8,330.05,331.8,323.7,15572784
FEDERALBNK,2026-07-01,329.0,331.4,332.0,325.65,6386994
FEDERALBNK,2026-07-02,331.75,331.0,332.35,329.3,7433230
FEDERALBNK,2026-07-03,332.4,327.4,334.3,326.4,5420067
FEDERALBNK,2026-07-06,327.8,330.3,333.45,325.5,3492183
FEDERALBNK,2026-07-07,330.0,331.55,332.0,326.7,4018922
FEDERALBNK,2026-07-08,330.45,326.55,330.9,323.0,4715547
FEDERALBNK,2026-07-09,326.55,327.75,332.7,326.55,3699416
FEDERALBNK,2026-07-10,330.3,329.85,332.5,327.85,5400203
FEDERALBNK,2026-07-13,328.5,332.5,336.5,327.3,4617054
FEDERALBNK,2026-07-14,331.0,327.5,332.8,326.15,3477293
FEDERALBNK,2026-07-15,328.5,327.55,330.7,325.6,2909042
FEDERALBNK,2026-07-16,328.55,326.6,329.95,324.0,9916604
FEDERALBNK,2026-07-17,328.7,349.0,351.0,323.4,44155126
FIEMIND,2026-04-17,2250.0,2259.1,2264.7,2233.4,39436
FIEMIND,2026-04-20,2269.0,2250.5,2269.6,2212.3,38650
FIEMIND,2026-04-21,2250.0,2267.8,2292.7,2240.1,30406
FIEMIND,2026-04-22,2264.9,2275.2,2305.0,2252.4,43794
FIEMIND,2026-04-23,2279.0,2221.2,2279.0,2192.0,32974
FIEMIND,2026-04-24,2233.0,2175.0,2238.0,2140.0,33973
FIEMIND,2026-04-27,2183.9,2211.4,2221.8,2183.3,17385
FIEMIND,2026-04-28,2215.8,2188.8,2227.0,2176.5,21719
FIEMIND,2026-04-29,2199.1,2193.2,2245.8,2185.5,23327
FIEMIND,2026-04-30,2193.2,2182.7,2199.7,2134.0,32712
FIEMIND,2026-05-01,2182.7,2182.7,2182.7,2182.7,0
FIEMIND,2026-05-04,2183.9,2270.3,2275.0,2183.9,110913
FIEMIND,2026-05-05,2270.3,2244.1,2270.3,2225.0,37563
FIEMIND,2026-05-06,2281.8,2256.4,2282.0,2226.0,77748
FIEMIND,2026-05-07,2274.7,2261.4,2287.9,2257.0,44364
FIEMIND,2026-05-08,2273.6,2267.0,2325.0,2260.0,136339
FIEMIND,2026-05-11,2235.0,2221.3,2289.8,2209.0,64007
FIEMIND,2026-05-12,2221.3,2196.0,2275.0,2176.0,47554
FIEMIND,2026-05-13,2196.0,2212.2,2255.0,2180.0,55210
FIEMIND,2026-05-14,2249.0,2159.7,2249.0,2151.7,40718
FIEMIND,2026-05-15,2179.7,2168.2,2221.9,2159.7,49160
FIEMIND,2026-05-18,2168.2,2153.2,2169.9,2115.0,32253
FIEMIND,2026-05-19,2160.0,2169.7,2205.0,2146.2,40413
FIEMIND,2026-05-20,2130.0,2151.2,2190.0,2080.0,61397
FIEMIND,2026-05-21,2174.7,2219.3,2232.0,2154.0,49084
FIEMIND,2026-05-22,2242.0,2222.4,2254.7,2211.0,32346
FIEMIND,2026-05-25,2249.7,2273.6,2286.0,2230.0,39161
FIEMIND,2026-05-26,2275.0,2251.2,2305.0,2245.4,37048
FIEMIND,2026-05-27,2251.2,2315.2,2321.0,2251.2,50358
FIEMIND,2026-05-28,2315.2,2315.2,2315.2,2315.2,0
FIEMIND,2026-05-29,2325.0,2243.0,2325.0,2221.1,54610
FIEMIND,2026-06-01,2269.9,2235.5,2297.9,2207.0,79653
FIEMIND,2026-06-02,2235.5,2273.4,2284.0,2219.1,56044
FIEMIND,2026-06-03,2277.9,2347.0,2379.0,2257.7,187989
FIEMIND,2026-06-04,2358.8,2333.8,2372.8,2304.4,58528
FIEMIND,2026-06-05,2343.5,2311.2,2345.1,2252.3,95607
FIEMIND,2026-06-08,2271.0,2277.9,2311.0,2260.0,50997
FIEMIND,2026-06-09,2284.4,2297.8,2308.5,2272.5,31816
FIEMIND,2026-06-10,2308.3,2238.0,2320.0,2230.0,38736
FIEMIND,2026-06-11,2216.2,2246.9,2272.0,2209.6,67758
FIEMIND,2026-06-12,2259.0,2308.7,2316.1,2259.0,46566
FIEMIND,2026-06-15,2355.0,2386.8,2415.0,2340.6,144754
FIEMIND,2026-06-16,2409.7,2354.4,2415.0,2340.7,47089
FIEMIND,2026-06-17,2354.5,2307.2,2370.2,2298.4,37315
FIEMIND,2026-06-18,2308.8,2289.5,2313.8,2282.0,24047
FIEMIND,2026-06-19,2291.5,2286.7,2300.0,2265.0,33390
FIEMIND,2026-06-22,2300.0,2310.6,2322.8,2278.1,36108
FIEMIND,2026-06-23,2310.6,2276.9,2313.1,2270.0,25675
FIEMIND,2026-06-24,2265.5,2217.4,2265.5,2211.6,63961
FIEMIND,2026-06-25,2227.0,2229.1,2269.0,2221.0,34313
FIEMIND,2026-06-26,2229.1,2229.1,2229.1,2229.1,0
FIEMIND,2026-06-29,2215.0,2244.8,2256.9,2215.0,26168
FIEMIND,2026-06-30,2231.4,2261.3,2271.1,2231.4,20715
FIEMIND,2026-07-01,2269.0,2256.1,2294.6,2249.0,27571
FIEMIND,2026-07-02,2274.7,2261.7,2278.8,2233.1,31520
FIEMIND,2026-07-03,2269.0,2261.7,2274.3,2233.2,25277
FIEMIND,2026-07-06,2245.3,2243.1,2254.0,2230.2,23451
FIEMIND,2026-07-07,2229.1,2239.1,2259.0,2229.1,25575
FIEMIND,2026-07-08,2231.1,2180.7,2244.0,2150.0,50207
FIEMIND,2026-07-09,2204.9,2208.8,2236.5,2199.5,19840
FIEMIND,2026-07-10,2236.5,2249.9,2259.4,2209.0,31244
FIEMIND,2026-07-13,2235.0,2236.8,2241.0,2212.1,14955
FIEMIND,2026-07-14,2236.8,2218.5,2236.8,2205.1,23590
FIEMIND,2026-07-15,2218.5,2262.8,2268.8,2211.1,35906
FIEMIND,2026-07-16,2264.8,2311.3,2374.0,2250.1,117519
FIEMIND,2026-07-17,2311.4,2272.2,2320.6,2259.0,45042
FILATEX,2026-04-17,45.21,44.96,45.28,44.27,506083
FILATEX,2026-04-20,45.0,44.25,45.2,44.2,302443
FILATEX,2026-04-21,44.25,44.16,44.78,44.0,261420
FILATEX,2026-04-22,44.15,43.56,44.39,43.12,439213
FILATEX,2026-04-23,43.55,42.56,43.86,42.35,552419
FILATEX,2026-04-24,43.2,41.41,43.2,40.86,421063
FILATEX,2026-04-27,42.26,45.07,46.0,41.71,2886897
FILATEX,2026-04-28,45.59,45.28,46.09,44.25,1025526
FILATEX,2026-04-29,45.74,45.67,46.9,45.0,1046080
FILATEX,2026-04-30,45.67,45.72,46.7,44.52,751723
FILATEX,2026-05-04,45.0,44.48,46.79,43.21,1020959
FILATEX,2026-05-05,44.55,45.26,45.55,44.21,557519
FILATEX,2026-05-06,45.12,45.2,45.79,44.35,641891
FILATEX,2026-05-07,45.29,45.32,45.82,44.91,528087
FILATEX,2026-05-08,45.2,44.59,45.51,43.98,705322
FILATEX,2026-05-11,44.15,44.22,44.8,42.65,1013081
FILATEX,2026-05-12,44.09,42.37,44.57,42.12,454352
FILATEX,2026-05-13,42.01,42.21,42.86,41.71,494745
FILATEX,2026-05-14,42.21,42.49,43.0,41.22,408578
FILATEX,2026-05-15,42.62,42.38,43.01,41.59,377680
FILATEX,2026-05-18,42.1,41.14,42.3,40.31,678355
FILATEX,2026-05-19,41.15,42.37,42.51,41.06,404556
FILATEX,2026-05-20,41.94,42.18,43.1,41.31,330043
FILATEX,2026-05-21,42.48,42.38,42.94,42.13,287346
FILATEX,2026-05-22,42.8,42.03,42.8,41.88,204763
FILATEX,2026-05-25,42.81,43.37,43.79,42.26,581423
FILATEX,2026-05-26,43.12,43.76,44.5,43.02,404647
FILATEX,2026-05-27,44.0,46.75,49.2,43.41,7193317
FILATEX,2026-05-28,46.75,46.75,46.75,46.75,0
FILATEX,2026-05-29,47.0,45.74,47.39,45.5,1366532
FILATEX,2026-06-01,46.9,45.08,47.28,44.8,1283805
FILATEX,2026-06-02,45.0,46.24,46.5,44.61,646451
FILATEX,2026-06-03,47.9,48.29,48.66,46.53,2128013
FILATEX,2026-06-04,47.94,48.24,49.1,47.52,1817216
FILATEX,2026-06-05,48.25,51.85,52.69,48.24,5017066
FILATEX,2026-06-08,50.26,52.48,54.37,49.8,5021380
FILATEX,2026-06-09,52.55,52.38,53.55,51.53,1660734
FILATEX,2026-06-10,52.5,50.5,52.98,50.12,948094
FILATEX,2026-06-11,50.0,49.14,50.93,48.78,872427
FILATEX,2026-06-12,50.39,51.92,52.95,49.9,2299194
FILATEX,2026-06-15,52.95,53.01,53.98,52.1,1851441
FILATEX,2026-06-16,52.8,53.17,54.8,51.8,1740331
FILATEX,2026-06-17,53.4,53.1,53.7,52.51,718482
FILATEX,2026-06-18,53.51,54.49,55.0,53.41,1782253
FILATEX,2026-06-19,54.65,54.86,55.5,54.23,879144
FILATEX,2026-06-22,55.69,55.09,55.8,54.24,1286917
FILATEX,2026-06-23,55.09,53.41,55.09,52.81,1031173
FILATEX,2026-06-24,53.5,53.74,54.4,53.33,643656
FILATEX,2026-06-25,54.05,52.72,54.3,52.51,446880
FILATEX,2026-06-26,52.72,52.72,52.72,52.72,0
FILATEX,2026-06-29,52.78,51.73,52.85,51.4,458945
FILATEX,2026-06-30,51.61,51.91,52.99,51.57,327007
FILATEX,2026-07-01,52.01,51.89,52.52,51.62,424057
FILATEX,2026-07-02,52.03,52.42,52.7,51.57,660217
FILATEX,2026-07-03,52.82,55.95,56.25,52.46,4772686
FILATEX,2026-07-06,56.0,58.78,60.0,54.67,9212487
FILATEX,2026-07-07,59.11,57.64,61.23,57.15,4283657
FILATEX,2026-07-08,57.15,58.05,62.45,57.15,4710794
FILATEX,2026-07-09,58.34,61.06,62.4,57.79,4293206
FILATEX,2026-07-10,62.0,62.25,63.1,60.0,3943375
FILATEX,2026-07-13,62.0,64.38,66.99,61.44,8313864
FILATEX,2026-07-14,64.0,61.69,64.0,60.51,2863533
FILATEX,2026-07-15,63.75,70.34,72.45,62.93,32639059
FILATEX,2026-07-16,70.7,73.1,75.8,68.5,30207511
FILATEX,2026-07-17,73.15,71.57,73.63,69.75,6359909
FINCABLES,2026-04-17,915.3,940.55,955.0,914.0,681308
FINCABLES,2026-04-20,941.0,946.55,956.85,922.35,391887
FINCABLES,2026-04-21,951.0,953.5,978.0,945.05,965327
FINCABLES,2026-04-22,945.0,975.8,985.8,945.0,481742
FINCABLES,2026-04-23,974.0,968.4,992.0,963.15,490308
FINCABLES,2026-04-24,968.4,972.7,982.25,958.35,356151
FINCABLES,2026-04-27,980.0,1005.25,1014.5,978.0,566569
FINCABLES,2026-04-28,1012.0,1004.4,1019.0,989.2,394355
FINCABLES,2026-04-29,1011.0,1003.25,1022.0,996.0,304552
FINCABLES,2026-04-30,1013.25,990.55,1015.25,983.8,334216
FINCABLES,2026-05-01,990.55,990.55,990.55,990.55,0
FINCABLES,2026-05-04,991.0,1016.3,1022.6,967.55,451757
FINCABLES,2026-05-05,1022.0,1054.95,1098.9,1005.15,2315004
FINCABLES,2026-05-06,1065.2,1045.45,1073.1,1025.1,425983
FINCABLES,2026-05-07,1048.05,1087.9,1101.85,1048.0,1081088
FINCABLES,2026-05-08,1097.0,1141.3,1172.8,1093.75,1953206
FINCABLES,2026-05-11,1141.3,1132.55,1163.95,1105.35,807722
FINCABLES,2026-05-12,1129.55,1073.5,1140.0,1065.1,717873
FINCABLES,2026-05-13,1069.95,1077.65,1092.65,1063.0,363765
FINCABLES,2026-05-14,1078.5,1074.3,1091.25,1059.35,329171
FINCABLES,2026-05-15,1072.95,1050.9,1081.8,1045.0,249176
FINCABLES,2026-05-18,1035.6,1022.95,1038.5,1000.45,484137
FINCABLES,2026-05-19,1029.95,1056.25,1089.7,1029.95,427291
FINCABLES,2026-05-20,1048.3,1039.7,1048.3,1024.4,151296
FINCABLES,2026-05-21,1050.0,1043.1,1074.1,1037.05,298344
FINCABLES,2026-05-22,1053.85,1031.2,1053.85,1029.35,266896
FINCABLES,2026-05-25,1048.0,1068.9,1108.25,1041.5,1331551
FINCABLES,2026-05-26,1078.75,1086.15,1090.45,1066.35,381835
FINCABLES,2026-05-27,1095.15,1177.25,1184.8,1090.5,1972063
FINCABLES,2026-05-28,1177.25,1177.25,1177.25,1177.25,0
FINCABLES,2026-05-29,1155.0,1136.3,1165.0,1126.45,870200
FINCABLES,2026-06-01,1157.0,989.7,1180.0,984.8,1985465
FINCABLES,2026-06-02,990.0,1002.1,1007.2,961.8,880787
FINCABLES,2026-06-03,1002.2,996.6,1021.6,975.8,426524
FINCABLES,2026-06-04,996.1,1018.1,1029.0,991.0,389452
FINCABLES,2026-06-05,1020.0,1057.5,1065.0,1013.5,697666
FINCABLES,2026-06-08,1045.0,1019.6,1054.6,1008.5,540369
FINCABLES,2026-06-09,1022.9,1032.1,1046.7,1018.9,413389
FINCABLES,2026-06-10,1030.3,994.5,1047.6,991.0,248266
FINCABLES,2026-06-11,993.0,1012.9,1034.4,975.5,474174
FINCABLES,2026-06-12,1021.9,1035.8,1040.0,1015.0,305861
FINCABLES,2026-06-15,1092.0,1044.1,1092.0,1041.0,925013
FINCABLES,2026-06-16,1047.2,1055.5,1066.5,1044.8,228139
FINCABLES,2026-06-17,1059.9,1120.0,1140.0,1056.1,897747
FINCABLES,2026-06-18,1122.5,1158.6,1173.0,1116.6,988512
FINCABLES,2026-06-19,1157.0,1164.3,1174.0,1135.5,552245
FINCABLES,2026-06-22,1178.0,1190.5,1203.9,1162.1,813753
FINCABLES,2026-06-23,1198.9,1157.2,1198.9,1145.0,415659
FINCABLES,2026-06-24,1160.3,1136.6,1170.0,1128.2,341026
FINCABLES,2026-06-25,1138.4,1116.5,1155.0,1109.4,255574
FINCABLES,2026-06-26,1116.5,1116.5,1116.5,1116.5,0
FINCABLES,2026-06-29,1116.5,1179.2,1193.3,1103.9,1244887
FINCABLES,2026-06-30,1185.0,1169.4,1186.1,1152.5,364635
FINCABLES,2026-07-01,1170.6,1144.5,1185.8,1125.0,297243
FINCABLES,2026-07-02,1148.0,1129.8,1154.7,1121.5,196118
FINCABLES,2026-07-03,1135.5,1100.1,1136.4,1091.4,408057
FINCABLES,2026-07-06,1101.3,1087.0,1111.7,1082.2,186881
FINCABLES,2026-07-07,1088.1,1048.0,1088.1,1030.5,428736
FINCABLES,2026-07-08,1047.7,1028.9,1066.9,1020.6,271095
FINCABLES,2026-07-09,1028.9,1046.6,1054.0,1025.5,150312
FINCABLES,2026-07-10,1055.0,1054.5,1063.2,1045.1,137851
FINCABLES,2026-07-13,1054.7,1058.4,1076.0,1038.2,176063
FINCABLES,2026-07-14,1050.0,1032.7,1052.9,1027.7,236877
FINCABLES,2026-07-15,1038.0,1037.8,1051.2,1032.0,144627
FINCABLES,2026-07-16,1035.0,1048.0,1057.3,1025.7,286633
FINCABLES,2026-07-17,1052.0,1017.3,1060.0,1015.0,173626
FINEORG,2026-04-17,4900.1,4907.5,5025.9,4862.2,25142
FINEORG,2026-04-20,4908.0,4995.2,5019.0,4820.0,16706
FINEORG,2026-04-21,5024.8,5056.9,5139.1,4966.9,29417
FINEORG,2026-04-22,5094.7,5086.0,5144.9,4961.3,12579
FINEORG,2026-04-23,5100.0,4978.7,5100.0,4955.3,10167
FINEORG,2026-04-24,4978.7,4851.5,5009.9,4842.0,9827
FINEORG,2026-04-27,4861.0,4883.7,4947.9,4852.1,8052
FINEORG,2026-04-28,4897.0,4745.0,4897.0,4725.8,12846
FINEORG,2026-04-29,4745.0,4721.6,4797.3,4696.0,9619
FINEORG,2026-04-30,4718.6,4628.1,4720.6,4621.1,5403
FINEORG,2026-05-01,4628.1,4628.1,4628.1,4628.1,0
FINEORG,2026-05-04,4621.0,4597.7,4739.8,4561.0,9731
FINEORG,2026-05-05,4541.2,4575.1,4630.0,4541.2,7275
FINEORG,2026-05-06,4597.9,4658.8,4674.0,4570.0,8862
FINEORG,2026-05-07,4658.8,4658.8,4760.0,4602.2,16426
FINEORG,2026-05-08,4661.0,4653.9,4815.9,4612.0,12494
FINEORG,2026-05-11,4620.0,4634.0,4666.2,4540.0,10489
FINEORG,2026-05-12,4634.0,4577.0,4650.1,4551.0,7399
FINEORG,2026-05-13,4532.0,4599.0,4658.9,4518.0,6801
FINEORG,2026-05-14,4618.0,4714.6,4740.0,4618.0,9135
FINEORG,2026-05-15,4748.9,4631.3,4748.9,4604.1,4489
FINEORG,2026-05-18,4567.0,4531.7,4603.3,4429.8,8068
FINEORG,2026-05-19,4564.5,4567.2,4620.0,4531.2,4580
FINEORG,2026-05-20,4635.9,4594.1,4827.5,4576.0,62170
FINEORG,2026-05-21,4594.1,4607.3,4648.3,4551.0,5868
FINEORG,2026-05-22,4608.0,4604.1,4750.0,4503.0,11588
FINEORG,2026-05-25,4690.0,4557.8,4690.0,4534.4,8434
FINEORG,2026-05-26,4557.8,4619.9,4649.0,4522.0,10505
FINEORG,2026-05-27,4623.8,4677.3,4760.8,4623.8,10488
FINEORG,2026-05-28,4677.3,4677.3,4677.3,4677.3,0
FINEORG,2026-05-29,4677.3,4625.4,4699.8,4612.7,6781
FINEORG,2026-06-01,4626.0,4491.6,4631.7,4451.1,9975
FINEORG,2026-06-02,4473.3,4586.5,4599.0,4424.1,5839
FINEORG,2026-06-03,4595.8,4633.8,4638.9,4488.0,6706
FINEORG,2026-06-04,4625.0,4689.7,4724.9,4603.0,7212
FINEORG,2026-06-05,4779.9,4754.4,4808.0,4690.2,17984
FINEORG,2026-06-08,4725.0,4692.9,4807.0,4610.0,14363
FINEORG,2026-06-09,4726.0,4737.4,4750.0,4667.2,6595
FINEORG,2026-06-10,4705.6,4716.4,4791.5,4700.0,9371
FINEORG,2026-06-11,4707.0,4677.1,4736.6,4664.0,3437
FINEORG,2026-06-12,4680.0,4724.7,4745.9,4659.8,4522
FINEORG,2026-06-15,4755.1,4924.0,4975.5,4747.8,36777
FINEORG,2026-06-16,4987.9,5037.8,5049.0,4882.2,21986
FINEORG,2026-06-17,5037.0,4990.6,5087.9,4952.0,12732
FINEORG,2026-06-18,4937.2,5150.9,5195.0,4937.2,17806
FINEORG,2026-06-19,5165.3,5285.8,5393.9,5109.6,49844
FINEORG,2026-06-22,5300.0,5203.7,5399.0,5181.0,24828
FINEORG,2026-06-23,5190.0,5100.0,5345.7,5052.0,20341
FINEORG,2026-06-24,5159.9,5270.6,5289.7,5103.1,23348
FINEORG,2026-06-25,5270.9,5236.1,5280.0,5185.0,29915
FINEORG,2026-06-26,5236.1,5236.1,5236.1,5236.1,0
FINEORG,2026-06-29,5200.0,5334.1,5369.0,5166.1,20773
FINEORG,2026-06-30,5365.0,5295.8,5407.0,5210.0,19911
FINEORG,2026-07-01,5279.5,5209.0,5369.0,5175.0,9473
FINEORG,2026-07-02,5230.5,5192.5,5306.5,5138.0,12139
FINEORG,2026-07-03,5220.5,5206.5,5285.0,5180.5,8259
FINEORG,2026-07-06,5244.0,5137.5,5244.0,5116.0,6817
FINEORG,2026-07-07,5137.5,5000.0,5139.0,4981.5,7350
FINEORG,2026-07-08,4961.5,4878.0,5024.5,4852.0,8859
FINEORG,2026-07-09,4875.0,4969.5,4991.5,4875.0,14226
FINEORG,2026-07-10,5005.0,4999.5,5069.0,4995.0,7186
FINEORG,2026-07-13,5038.5,5024.0,5070.0,4968.0,4944
FINEORG,2026-07-14,5050.0,4984.0,5055.0,4950.0,8593
FINEORG,2026-07-15,4993.0,5118.5,5152.5,4991.5,11644
FINEORG,2026-07-16,5120.0,5078.0,5152.0,5067.5,6315
FINEORG,2026-07-17,5100.0,5056.0,5100.0,5021.0,6114
FORTIS,2026-04-17,873.9,890.2,897.55,867.0,899582
FORTIS,2026-04-20,894.0,890.9,898.8,882.6,1276682
FORTIS,2026-04-21,894.0,916.6,927.9,890.95,2441654
FORTIS,2026-04-22,918.9,923.1,934.45,907.05,2678373
FORTIS,2026-04-23,919.5,926.75,932.3,913.35,1261689
FORTIS,2026-04-24,932.0,929.3,934.4,920.2,1510866
FORTIS,2026-04-27,939.0,953.8,958.0,935.0,1721440
FORTIS,2026-04-28,961.0,951.55,964.5,947.25,1264450
FORTIS,2026-04-29,952.95,935.2,956.6,929.25,903219
FORTIS,2026-04-30,930.65,922.95,934.9,910.55,1057073
FORTIS,2026-05-01,922.95,922.95,922.95,922.95,0
FORTIS,2026-05-04,931.5,952.9,961.0,925.0,1357595
FORTIS,2026-05-05,954.0,949.55,955.45,933.3,932796
FORTIS,2026-05-06,960.0,956.9,960.1,941.0,815843
FORTIS,2026-05-07,960.0,947.7,963.3,946.0,689475
FORTIS,2026-05-08,949.4,952.35,966.7,947.0,2211990
FORTIS,2026-05-11,947.55,974.15,980.95,947.55,2566633
FORTIS,2026-05-12,979.9,951.15,982.95,947.3,1623373
FORTIS,2026-05-13,946.35,957.5,972.0,945.2,1066144
FORTIS,2026-05-14,960.0,970.65,976.0,956.15,1823259
FORTIS,2026-05-15,975.5,963.65,977.45,962.0,736724
FORTIS,2026-05-18,960.0,962.15,965.0,945.1,899523
FORTIS,2026-05-19,962.15,960.55,975.0,955.5,1026400
FORTIS,2026-05-20,960.55,974.6,977.0,952.0,1040975
FORTIS,2026-05-21,980.9,967.3,992.7,965.2,1472617
FORTIS,2026-05-22,971.95,960.4,975.0,949.2,1268964
FORTIS,2026-05-25,969.0,970.35,984.4,963.1,1795872
FORTIS,2026-05-26,974.0,966.6,974.55,956.05,905554
FORTIS,2026-05-27,961.4,960.9,970.9,953.95,567070
FORTIS,2026-05-28,960.9,960.9,960.9,960.9,0
FORTIS,2026-05-29,962.5,928.45,967.3,920.0,3005046
FORTIS,2026-06-01,933.1,929.2,939.45,920.85,838784
FORTIS,2026-06-02,920.3,929.4,933.85,899.1,1697089
FORTIS,2026-06-03,931.8,930.25,937.15,916.1,1029896
FORTIS,2026-06-04,929.0,940.65,948.65,923.6,1219138
FORTIS,2026-06-05,946.5,968.65,972.0,941.55,1545060
FORTIS,2026-06-08,955.6,989.1,1004.5,954.15,4402527
FORTIS,2026-06-09,995.0,989.75,996.25,983.1,1649601
FORTIS,2026-06-10,993.0,989.0,1010.1,983.1,1909993
FORTIS,2026-06-11,983.15,989.0,998.5,977.8,784738
FORTIS,2026-06-12,996.1,990.35,1002.0,986.1,934183
FORTIS,2026-06-15,1000.0,980.15,1002.0,977.7,1246775
FORTIS,2026-06-16,980.15,969.1,981.9,949.05,1856149
FORTIS,2026-06-17,972.8,949.65,972.8,942.8,2304366
FORTIS,2026-06-18,956.0,958.75,961.0,946.3,1207115
FORTIS,2026-06-19,958.75,962.95,967.0,953.1,1190940
FORTIS,2026-06-22,963.0,975.85,980.25,960.05,877907
FORTIS,2026-06-23,975.9,972.1,987.45,966.55,1067566
FORTIS,2026-06-24,971.0,975.4,978.1,963.5,1081951
FORTIS,2026-06-25,973.05,954.8,983.0,950.55,1053914
FORTIS,2026-06-26,954.8,954.8,954.8,954.8,0
FORTIS,2026-06-29,954.35,950.4,966.8,935.6,7667314
FORTIS,2026-06-30,956.6,956.95,964.9,948.6,1619767
FORTIS,2026-07-01,955.0,949.05,962.8,946.25,1455851
FORTIS,2026-07-02,949.0,974.95,977.5,946.6,1255791
FORTIS,2026-07-03,979.0,974.6,988.45,970.4,1136906
FORTIS,2026-07-06,975.0,980.05,985.5,972.9,1280512
FORTIS,2026-07-07,980.05,971.9,996.55,968.4,1543271
FORTIS,2026-07-08,969.9,943.75,973.1,938.4,2290888
FORTIS,2026-07-09,944.25,951.45,964.0,944.25,1998003
FORTIS,2026-07-10,959.0,968.0,969.9,948.7,1781037
FORTIS,2026-07-13,961.85,963.5,969.8,954.15,1224946
FORTIS,2026-07-14,963.5,969.75,972.5,960.05,870920
FORTIS,2026-07-15,978.8,976.15,988.25,972.15,1163956
FORTIS,2026-07-16,981.3,963.1,982.05,961.1,733039
FORTIS,2026-07-17,963.1,952.45,964.0,944.0,604717
GABRIEL,2026-04-17,1003.0,1014.35,1019.0,993.9,295004
GABRIEL,2026-04-20,1016.0,1017.85,1048.7,1004.5,356016
GABRIEL,2026-04-21,1020.0,1016.0,1030.75,1011.1,156299
GABRIEL,2026-04-22,1016.0,1031.85,1045.0,1005.0,272021
GABRIEL,2026-04-23,1020.0,997.75,1036.0,995.0,258187
GABRIEL,2026-04-24,1000.05,973.0,1014.0,967.0,157709
GABRIEL,2026-04-27,978.05,1013.5,1017.6,976.45,289684
GABRIEL,2026-04-28,1013.5,1020.45,1028.0,1003.2,637917
GABRIEL,2026-04-29,1030.0,1011.05,1037.95,1008.05,134791
GABRIEL,2026-04-30,1006.0,1025.6,1034.9,1002.0,372603
GABRIEL,2026-05-01,1025.6,1025.6,1025.6,1025.6,0
GABRIEL,2026-05-04,1029.7,1028.7,1070.0,1012.5,981624
GABRIEL,2026-05-05,1025.0,1081.8,1108.5,1019.9,2320049
GABRIEL,2026-05-06,1097.7,1085.0,1099.0,1052.9,814511
GABRIEL,2026-05-07,1085.0,1126.6,1131.0,1080.0,786177
GABRIEL,2026-05-08,1131.0,1131.9,1154.0,1125.0,392268
GABRIEL,2026-05-11,1125.1,1125.1,1145.0,1108.1,257566
GABRIEL,2026-05-12,1123.0,1098.7,1129.9,1090.0,265422
GABRIEL,2026-05-13,1098.7,1097.7,1131.8,1092.0,329526
GABRIEL,2026-05-14,1104.9,1097.5,1121.9,1079.6,189475
GABRIEL,2026-05-15,1090.0,1091.0,1105.1,1081.0,148249
GABRIEL,2026-05-18,1073.4,1063.4,1078.0,1050.0,151468
GABRIEL,2026-05-19,1063.4,1095.3,1098.5,1057.1,150493
GABRIEL,2026-05-20,1089.9,1089.1,1104.5,1080.2,305855
GABRIEL,2026-05-21,1100.0,1106.4,1117.0,1092.1,228202
GABRIEL,2026-05-22,1106.4,1120.0,1127.5,1091.3,164079
GABRIEL,2026-05-25,1125.0,1127.0,1144.5,1121.6,223039
GABRIEL,2026-05-26,1129.0,1097.9,1137.0,1095.6,149739
GABRIEL,2026-05-27,1098.0,1129.3,1149.8,1098.0,265196
GABRIEL,2026-05-28,1129.3,1129.3,1129.3,1129.3,0
GABRIEL,2026-05-29,1129.2,1100.1,1140.6,1091.0,885161
GABRIEL,2026-06-01,1101.4,1086.8,1106.7,1064.6,204334
GABRIEL,2026-06-02,1066.5,1077.1,1081.5,1051.0,206369
GABRIEL,2026-06-03,1077.1,1056.4,1084.0,1050.5,118942
GABRIEL,2026-06-04,1056.4,1015.0,1070.0,1008.2,418393
GABRIEL,2026-06-05,1022.0,1000.6,1027.7,999.0,167230
GABRIEL,2026-06-08,987.9,981.0,995.2,975.6,185884
GABRIEL,2026-06-09,1005.0,1054.3,1061.9,990.4,863773
GABRIEL,2026-06-10,1054.3,1014.6,1054.4,1011.0,153660
GABRIEL,2026-06-11,1008.2,1008.8,1030.0,990.0,200486
GABRIEL,2026-06-12,1040.0,1040.6,1062.2,1012.2,315963
GABRIEL,2026-06-15,1062.0,1146.3,1162.5,1055.7,1933008
GABRIEL,2026-06-16,1140.8,1136.4,1174.4,1129.5,1031669
GABRIEL,2026-06-17,1142.1,1123.2,1154.9,1116.1,341020
GABRIEL,2026-06-18,1129.0,1141.9,1158.5,1121.7,391238
GABRIEL,2026-06-19,1145.0,1197.4,1216.0,1132.1,1368095
GABRIEL,2026-06-22,1215.0,1241.9,1247.9,1209.0,782767
GABRIEL,2026-06-23,1248.0,1217.4,1253.9,1208.5,363003
GABRIEL,2026-06-24,1226.5,1241.5,1249.9,1196.4,315307
GABRIEL,2026-06-25,1245.0,1229.2,1270.0,1221.3,445571
GABRIEL,2026-06-26,1229.2,1229.2,1229.2,1229.2,0
GABRIEL,2026-06-29,1229.0,1275.2,1285.0,1210.0,828821
GABRIEL,2026-06-30,1276.0,1239.3,1278.8,1235.0,277141
GABRIEL,2026-07-01,1241.0,1245.9,1267.0,1224.9,243510
GABRIEL,2026-07-02,1245.9,1242.1,1258.1,1220.0,218371
GABRIEL,2026-07-03,1242.0,1231.8,1251.9,1215.1,300309
GABRIEL,2026-07-06,1237.9,1275.1,1290.0,1229.0,493935
GABRIEL,2026-07-07,1286.0,1266.4,1292.3,1240.2,284161
GABRIEL,2026-07-08,1255.0,1231.0,1290.9,1215.0,269500
GABRIEL,2026-07-09,1231.0,1254.1,1269.0,1230.5,159878
GABRIEL,2026-07-10,1254.1,1250.8,1270.5,1243.2,174468
GABRIEL,2026-07-13,1240.0,1265.0,1272.5,1228.0,431128
GABRIEL,2026-07-14,1250.5,1248.6,1263.0,1238.2,195635
GABRIEL,2026-07-15,1260.0,1354.5,1365.0,1255.7,2277567
GABRIEL,2026-07-16,1370.0,1363.2,1373.6,1322.1,558037
GABRIEL,2026-07-17,1360.0,1336.6,1362.5,1322.8,298429
GALAXYSURF,2026-04-17,1766.2,1788.0,1795.9,1763.0,10549
GALAXYSURF,2026-04-20,1801.9,1799.6,1806.4,1763.0,13751
GALAXYSURF,2026-04-21,1818.0,1813.7,1847.3,1782.0,20186
GALAXYSURF,2026-04-22,1810.0,1824.6,1830.4,1790.1,6733
GALAXYSURF,2026-04-23,1824.6,1800.8,1842.4,1784.1,6119
GALAXYSURF,2026-04-24,1801.0,1764.5,1819.5,1756.1,6972
GALAXYSURF,2026-04-27,1768.0,1812.8,1855.0,1768.0,13756
GALAXYSURF,2026-04-28,1807.3,1855.9,1889.0,1784.4,21636
GALAXYSURF,2026-04-29,1846.0,1918.3,1955.0,1834.2,55888
GALAXYSURF,2026-04-30,1927.9,1857.2,1960.0,1850.0,14866
GALAXYSURF,2026-05-04,1880.0,1863.1,1900.9,1845.7,12856
GALAXYSURF,2026-05-05,1860.0,1865.3,1878.9,1856.1,4324
GALAXYSURF,2026-05-06,1869.8,1908.5,1915.0,1850.8,11220
GALAXYSURF,2026-05-07,1908.5,1923.9,1942.0,1903.2,11690
GALAXYSURF,2026-05-08,1920.0,1920.7,1934.0,1910.0,7223
GALAXYSURF,2026-05-11,1922.0,1876.3,1934.9,1860.6,10702
GALAXYSURF,2026-05-12,1860.0,1871.3,1880.0,1830.1,15199
GALAXYSURF,2026-05-13,1852.6,1848.2,1889.9,1827.8,7732
GALAXYSURF,2026-05-14,1850.1,1849.4,1876.0,1823.0,7480
GALAXYSURF,2026-05-15,1827.0,1824.8,1845.0,1797.0,12155
GALAXYSURF,2026-05-18,1829.9,1822.0,1837.7,1753.2,17289
GALAXYSURF,2026-05-19,1822.0,1813.7,1827.0,1802.6,5499
GALAXYSURF,2026-05-20,1813.2,1825.8,1832.9,1800.0,4247
GALAXYSURF,2026-05-21,1822.3,1821.2,1832.9,1814.5,5388
GALAXYSURF,2026-05-22,1821.0,1821.8,1835.1,1813.0,5662
GALAXYSURF,2026-05-25,1821.6,1840.3,1865.0,1821.6,12321
GALAXYSURF,2026-05-26,1840.3,1821.9,1861.7,1820.0,8292
GALAXYSURF,2026-05-27,1820.1,1822.8,1833.4,1798.6,5865
GALAXYSURF,2026-05-28,1822.8,1822.8,1822.8,1822.8,0
GALAXYSURF,2026-05-29,1822.8,1795.3,1832.8,1765.9,7056
GALAXYSURF,2026-06-01,1796.0,1766.2,1810.0,1765.0,5115
GALAXYSURF,2026-06-02,1766.2,1757.5,1794.0,1731.8,7669
GALAXYSURF,2026-06-03,1757.5,1745.6,1757.5,1731.1,3759
GALAXYSURF,2026-06-04,1745.0,1754.1,1776.0,1742.0,5807
GALAXYSURF,2026-06-05,1754.9,1749.9,1771.9,1738.2,15282
GALAXYSURF,2026-06-08,1727.0,1733.9,1743.9,1712.7,17039
GALAXYSURF,2026-06-09,1721.0,1730.1,1743.2,1712.6,31158
GALAXYSURF,2026-06-10,1730.0,1696.0,1747.9,1681.3,26040
GALAXYSURF,2026-06-11,1696.1,1675.8,1696.4,1661.0,23153
GALAXYSURF,2026-06-12,1692.9,1704.1,1719.0,1642.6,17535
GALAXYSURF,2026-06-15,1749.7,1756.3,1773.8,1734.9,10455
GALAXYSURF,2026-06-16,1770.0,1796.0,1800.0,1750.0,7776
GALAXYSURF,2026-06-17,1797.5,1773.0,1810.0,1768.5,5276
GALAXYSURF,2026-06-18,1765.0,1913.6,1972.7,1765.0,159908
GALAXYSURF,2026-06-19,1923.0,1945.4,1975.0,1875.0,39452
GALAXYSURF,2026-06-22,1956.4,1956.6,1975.0,1929.8,17390
GALAXYSURF,2026-06-23,1956.6,1933.6,1957.2,1912.1,13786
GALAXYSURF,2026-06-24,1933.0,2004.7,2035.8,1909.4,25065
GALAXYSURF,2026-06-25,2000.0,2012.5,2045.0,1964.0,30329
GALAXYSURF,2026-06-26,2012.5,2012.5,2012.5,2012.5,0
GALAXYSURF,2026-06-29,2012.5,1973.1,2016.6,1956.5,9436
GALAXYSURF,2026-06-30,1966.0,1962.4,1988.0,1952.6,7441
GALAXYSURF,2026-07-01,1962.2,1966.6,2048.9,1943.0,13785
GALAXYSURF,2026-07-02,1964.0,1981.5,1997.8,1960.0,5612
GALAXYSURF,2026-07-03,1978.0,2049.9,2062.9,1966.6,22747
GALAXYSURF,2026-07-06,2056.8,2081.5,2105.6,2027.0,20922
GALAXYSURF,2026-07-07,2092.0,2019.6,2092.1,2005.6,10324
GALAXYSURF,2026-07-08,2015.5,1991.5,2022.0,1981.0,8592
GALAXYSURF,2026-07-09,1992.0,2001.8,2020.7,1992.0,5498
GALAXYSURF,2026-07-10,2021.8,2000.7,2032.6,1993.2,5787
GALAXYSURF,2026-07-13,2000.7,1981.3,2028.0,1974.0,10360
GALAXYSURF,2026-07-14,1999.9,1959.0,2020.0,1951.0,14373
GALAXYSURF,2026-07-15,1959.0,1962.2,1985.0,1947.2,6156
GALAXYSURF,2026-07-16,1962.0,1937.6,1981.8,1927.3,6789
GALAXYSURF,2026-07-17,1942.4,1926.2,1949.9,1900.0,5638
GANECOS,2026-04-17,1070.0,1053.65,1082.0,1034.05,276557
GANECOS,2026-04-20,1051.0,1035.15,1062.55,1021.5,173433
GANECOS,2026-04-21,1036.0,1061.2,1090.0,1035.15,323635
GANECOS,2026-04-22,1076.8,1065.0,1079.0,1046.8,164666
GANECOS,2026-04-23,1070.0,1033.65,1070.95,1027.25,207651
GANECOS,2026-04-24,1044.95,1008.5,1050.0,992.2,222707
GANECOS,2026-04-27,1018.0,1059.15,1073.8,1018.0,402472
GANECOS,2026-04-28,1065.7,1037.95,1065.7,1030.1,91219
GANECOS,2026-04-29,1053.7,1059.1,1078.0,1037.6,253550
GANECOS,2026-04-30,1067.55,1049.55,1082.0,1044.8,382830
GANECOS,2026-05-01,1049.55,1049.55,1049.55,1049.55,0
GANECOS,2026-05-04,1058.5,1051.2,1075.0,1032.5,199523
GANECOS,2026-05-05,1045.3,1057.9,1065.0,1028.9,134219
GANECOS,2026-05-06,1060.0,1033.9,1070.0,1012.8,196691
GANECOS,2026-05-07,1050.0,1034.2,1059.0,1026.2,161286
GANECOS,2026-05-08,1045.0,1063.6,1109.0,1045.0,379364
GANECOS,2026-05-11,1088.0,1041.3,1088.0,1031.3,199864
GANECOS,2026-05-12,1041.3,1001.5,1041.3,993.2,147297
GANECOS,2026-05-13,998.0,1038.3,1048.0,986.5,166015
GANECOS,2026-05-14,1033.9,1027.4,1036.4,1004.7,112830
GANECOS,2026-05-15,1040.0,1016.9,1040.0,1010.0,85565
GANECOS,2026-05-18,1014.0,1029.4,1034.3,983.9,115945
GANECOS,2026-05-19,1040.0,1030.6,1065.0,1023.6,123916
GANECOS,2026-05-20,1010.4,1021.9,1048.4,1010.0,163371
GANECOS,2026-05-21,1037.2,1049.5,1069.5,1019.2,214682
GANECOS,2026-05-22,1088.0,955.6,1140.8,944.6,1727685
GANECOS,2026-05-25,949.9,942.4,956.0,893.1,546603
GANECOS,2026-05-26,958.6,956.0,974.3,936.0,228182
GANECOS,2026-05-27,957.0,967.8,973.7,955.2,130240
GANECOS,2026-05-28,967.8,967.8,967.8,967.8,0
GANECOS,2026-05-29,965.2,923.2,975.0,916.3,167581
GANECOS,2026-06-01,929.95,910.4,941.45,851.25,254908
GANECOS,2026-06-02,910.4,925.0,930.75,899.6,153866
GANECOS,2026-06-03,927.9,931.95,935.0,912.0,136274
GANECOS,2026-06-04,921.0,910.5,946.8,899.9,131701
GANECOS,2026-06-05,920.85,929.55,935.0,910.5,78319
GANECOS,2026-06-08,907.5,919.5,935.0,907.5,130858
GANECOS,2026-06-09,932.0,925.65,932.0,910.0,68551
GANECOS,2026-06-10,932.95,912.25,937.6,908.95,140472
GANECOS,2026-06-11,914.7,909.25,922.4,888.0,149536
GANECOS,2026-06-12,922.0,913.05,922.0,897.0,86181
GANECOS,2026-06-15,928.85,929.1,959.0,920.0,126347
GANECOS,2026-06-16,937.0,909.4,945.0,906.6,80015
GANECOS,2026-06-17,910.05,944.55,953.0,904.65,139123
GANECOS,2026-06-18,944.55,928.5,955.0,916.2,62875
GANECOS,2026-06-19,928.5,927.55,947.0,924.1,51571
GANECOS,2026-06-22,930.0,921.05,934.25,912.15,77198
GANECOS,2026-06-23,922.5,903.3,928.0,894.0,91823
GANECOS,2026-06-24,903.0,889.55,908.75,880.0,118602
GANECOS,2026-06-25,899.0,889.9,906.0,881.55,154039
GANECOS,2026-06-26,889.9,889.9,889.9,889.9,0
GANECOS,2026-06-29,899.9,902.65,906.65,880.15,117005
GANECOS,2026-06-30,882.0,903.95,914.4,869.35,447917
GANECOS,2026-07-01,907.5,918.0,925.0,899.15,126209
GANECOS,2026-07-02,924.0,919.15,929.85,908.55,75041
GANECOS,2026-07-03,922.0,1027.75,1042.0,912.5,1379823
GANECOS,2026-07-06,1026.9,1075.9,1086.0,1022.0,568691
GANECOS,2026-07-07,1068.05,1101.6,1106.9,1061.0,304857
GANECOS,2026-07-08,1090.05,1077.95,1125.0,1070.2,300807
GANECOS,2026-07-09,1074.35,1136.45,1145.65,1070.0,374976
GANECOS,2026-07-10,1147.0,1108.7,1150.0,1092.8,237874
GANECOS,2026-07-13,1097.65,1122.65,1130.0,1088.0,131700
GANECOS,2026-07-14,1112.0,1122.95,1155.0,1111.05,98070
GANECOS,2026-07-15,1133.4,1188.3,1199.0,1119.0,361036
GANECOS,2026-07-16,1192.0,1188.3,1216.95,1171.4,254409
GANECOS,2026-07-17,1189.5,1203.15,1213.0,1177.25,197961
GHCL,2026-04-17,515.0,513.85,519.0,510.35,98199
GHCL,2026-04-20,517.5,499.95,517.5,496.1,157388
GHCL,2026-04-21,499.0,506.25,510.75,498.65,55569
GHCL,2026-04-22,506.0,506.9,509.0,501.0,58365
GHCL,2026-04-23,505.0,502.35,509.6,499.4,51209
GHCL,2026-04-24,503.0,495.65,505.9,494.25,52433
GHCL,2026-04-27,500.0,513.35,514.55,498.35,88553
GHCL,2026-04-28,514.0,513.9,525.0,510.05,135747
GHCL,2026-04-29,513.9,515.9,525.0,513.9,76368
GHCL,2026-04-30,515.5,506.8,517.0,504.05,110318
GHCL,2026-05-01,506.8,506.8,506.8,506.8,0
GHCL,2026-05-04,525.0,528.05,549.0,517.05,588833
GHCL,2026-05-05,528.05,521.55,529.15,516.4,176662
GHCL,2026-05-06,516.0,517.4,523.15,507.5,246586
GHCL,2026-05-07,519.95,527.0,534.0,517.0,128917
GHCL,2026-05-08,527.0,510.9,527.0,508.1,181509
GHCL,2026-05-11,507.0,491.05,507.05,489.6,189486
GHCL,2026-05-12,491.1,469.65,491.1,466.9,209372
GHCL,2026-05-13,469.8,469.8,479.0,465.5,128650
GHCL,2026-05-14,479.0,469.6,486.0,467.0,94159
GHCL,2026-05-15,476.0,472.65,481.85,470.45,91926
GHCL,2026-05-18,469.0,449.9,469.8,442.55,316262
GHCL,2026-05-19,453.2,455.3,459.8,446.45,139396
GHCL,2026-05-20,450.0,455.4,457.45,441.5,234306
GHCL,2026-05-21,456.0,454.15,458.25,450.0,185298
GHCL,2026-05-22,452.75,445.2,456.4,443.65,120234
GHCL,2026-05-25,449.65,443.3,450.0,441.6,207811
GHCL,2026-05-26,447.75,458.45,460.75,446.0,260216
GHCL,2026-05-27,460.35,463.1,469.9,459.35,301537
GHCL,2026-05-28,463.1,463.1,463.1,463.1,0
GHCL,2026-05-29,463.35,454.15,470.65,447.55,2114169
GHCL,2026-06-01,454.15,459.7,471.85,454.0,194176
GHCL,2026-06-02,459.7,456.0,464.9,452.5,221279
GHCL,2026-06-03,456.0,446.75,461.05,443.4,259529
GHCL,2026-06-04,448.0,442.65,451.65,442.0,315281
GHCL,2026-06-05,444.15,440.75,448.95,439.35,279138
GHCL,2026-06-08,439.0,428.8,439.0,426.0,343319
GHCL,2026-06-09,429.0,438.15,439.9,429.0,196617
GHCL,2026-06-10,441.5,432.95,446.95,431.4,287226
GHCL,2026-06-11,433.1,419.4,435.7,416.6,618468
GHCL,2026-06-12,422.05,430.45,433.0,421.2,476111
GHCL,2026-06-15,440.1,445.85,449.55,440.0,500699
GHCL,2026-06-16,448.15,453.6,454.3,446.1,586994
GHCL,2026-06-17,458.0,457.05,461.0,449.8,1024576
GHCL,2026-06-18,440.0,439.55,442.5,433.05,497106
GHCL,2026-06-19,438.0,435.4,439.8,433.65,392251
GHCL,2026-06-22,441.35,438.25,443.65,436.2,199665
GHCL,2026-06-23,438.5,437.05,441.7,435.0,196497
GHCL,2026-06-24,438.9,436.4,439.0,433.5,117193
GHCL,2026-06-25,440.0,429.1,440.0,427.05,147495
GHCL,2026-06-26,429.1,429.1,429.1,429.1,0
GHCL,2026-06-29,428.0,430.0,431.9,423.75,135050
GHCL,2026-06-30,430.0,436.55,437.45,426.8,116054
GHCL,2026-07-01,436.55,437.45,439.4,433.2,154448
GHCL,2026-07-02,436.1,436.3,439.3,433.8,64439
GHCL,2026-07-03,436.1,430.15,438.9,423.45,212883
GHCL,2026-07-06,434.0,429.45,436.0,428.3,109642
GHCL,2026-07-07,429.45,426.5,431.25,424.3,161117
GHCL,2026-07-08,426.45,421.55,426.45,419.0,236654
GHCL,2026-07-09,426.25,428.35,430.35,421.3,177009
GHCL,2026-07-10,429.0,436.05,438.95,428.95,116836
GHCL,2026-07-13,435.9,445.7,449.0,430.8,279107
GHCL,2026-07-14,445.5,436.4,445.5,433.0,110374
GHCL,2026-07-15,436.4,436.55,442.0,435.5,139055
GHCL,2026-07-16,436.0,435.85,438.6,432.95,94688
GHCL,2026-07-17,435.0,433.75,436.0,430.0,78645
GILLETTE,2026-04-17,7918.5,7939.5,8020.0,7830.5,35835
GILLETTE,2026-04-20,8011.0,7859.5,8019.5,7836.0,14132
GILLETTE,2026-04-21,7885.0,7908.5,7990.0,7855.5,24057
GILLETTE,2026-04-22,7967.0,7929.5,8055.0,7902.0,30109
GILLETTE,2026-04-23,7940.0,8081.0,8130.0,7910.0,50790
GILLETTE,2026-04-24,8091.0,8095.5,8181.0,8060.5,37127
GILLETTE,2026-04-27,8200.0,8191.0,8277.0,8118.0,13032
GILLETTE,2026-04-28,8207.0,8203.0,8238.0,8150.0,27988
GILLETTE,2026-04-29,8237.0,8065.5,8272.0,8043.0,36843
GILLETTE,2026-04-30,8019.5,7953.5,8077.5,7930.0,19991
GILLETTE,2026-05-01,7953.5,7953.5,7953.5,7953.5,0
GILLETTE,2026-05-04,8030.0,7986.0,8114.5,7941.0,12073
GILLETTE,2026-05-05,7954.0,7953.5,8039.0,7933.0,15155
GILLETTE,2026-05-06,7975.0,7900.0,8031.5,7888.0,23776
GILLETTE,2026-05-07,7951.0,7932.5,7989.0,7885.0,40170
GILLETTE,2026-05-08,7999.0,8148.0,8195.0,7942.5,59383
GILLETTE,2026-05-11,8148.0,7951.5,8148.0,7930.0,31681
GILLETTE,2026-05-12,7920.5,7882.5,7984.5,7852.0,43785
GILLETTE,2026-05-13,7882.5,7898.5,7938.0,7810.5,45329
GILLETTE,2026-05-14,7950.0,7864.0,7988.0,7830.0,16123
GILLETTE,2026-05-15,7864.0,7806.5,7917.0,7790.0,20819
GILLETTE,2026-05-18,7770.0,7732.0,7836.0,7625.0,13200
GILLETTE,2026-05-19,7750.0,7662.5,7789.5,7652.0,16855
GILLETTE,2026-05-20,7652.5,7684.5,7717.0,7625.0,8570
GILLETTE,2026-05-21,7691.0,7655.0,7779.5,7642.0,14246
GILLETTE,2026-05-22,7658.0,7783.5,7819.0,7601.5,47481
GILLETTE,2026-05-25,7847.5,7807.5,7900.0,7784.0,20033
GILLETTE,2026-05-26,7849.0,7891.0,7997.5,7827.0,31343
GILLETTE,2026-05-27,7969.0,8273.5,8433.5,7914.5,204355
GILLETTE,2026-05-28,8273.5,8273.5,8273.5,8273.5,0
GILLETTE,2026-05-29,8300.0,8016.5,8330.5,7938.0,36719
GILLETTE,2026-06-01,8074.5,7825.5,8082.5,7805.0,20561
GILLETTE,2026-06-02,7800.5,7745.0,7885.0,7722.0,37678
GILLETTE,2026-06-03,7799.0,7719.0,7799.0,7655.0,12415
GILLETTE,2026-06-04,7705.5,7706.5,7809.5,7655.0,9882
GILLETTE,2026-06-05,7738.0,7763.0,7805.5,7707.0,34944
GILLETTE,2026-06-08,7763.0,7621.5,7763.0,7602.0,8781
GILLETTE,2026-06-09,7660.0,7657.5,7794.5,7620.0,33690
GILLETTE,2026-06-10,7680.0,7701.5,7945.0,7673.0,35295
GILLETTE,2026-06-11,7693.0,7668.5,7764.0,7635.0,20783
GILLETTE,2026-06-12,7728.0,7726.0,7930.0,7679.0,26695
GILLETTE,2026-06-15,7800.0,7722.5,7909.0,7701.0,18994
GILLETTE,2026-06-16,7777.0,7715.5,7778.5,7682.0,13956
GILLETTE,2026-06-17,7824.5,7856.0,8014.5,7824.5,68481
GILLETTE,2026-06-18,7856.0,7840.0,7898.0,7800.0,14922
GILLETTE,2026-06-19,7820.0,7828.5,7915.0,7770.0,19359
GILLETTE,2026-06-22,7890.0,7844.5,7907.5,7810.0,10379
GILLETTE,2026-06-23,7850.0,7852.0,7887.0,7790.0,10870
GILLETTE,2026-06-24,7850.0,7793.0,7894.5,7777.0,11964
GILLETTE,2026-06-25,7801.0,7719.0,7835.0,7701.0,20721
GILLETTE,2026-06-26,7719.0,7719.0,7719.0,7719.0,0
GILLETTE,2026-06-29,7725.0,7561.0,7760.0,7500.5,47665
GILLETTE,2026-06-30,7623.0,7679.5,7709.0,7524.5,38820
GILLETTE,2026-07-01,7675.0,7649.5,7746.0,7631.0,24568
GILLETTE,2026-07-02,7690.0,7613.5,7705.0,7601.0,15107
GILLETTE,2026-07-03,7621.5,7610.5,7676.0,7561.5,18950
GILLETTE,2026-07-06,7605.0,7772.5,7835.0,7605.0,29315
GILLETTE,2026-07-07,7770.5,7860.5,7897.0,7734.5,25844
GILLETTE,2026-07-08,7805.5,7708.0,7900.0,7666.0,15275
GILLETTE,2026-07-09,7750.0,7788.5,7848.0,7728.5,11488
GILLETTE,2026-07-10,7802.0,7845.0,7894.0,7792.0,10361
GILLETTE,2026-07-13,7805.0,7880.5,7971.0,7777.0,20753
GILLETTE,2026-07-14,7850.0,7831.5,7909.0,7805.5,7989
GILLETTE,2026-07-15,7830.0,7819.0,7925.0,7770.0,8628
GILLETTE,2026-07-16,7834.5,7788.0,7869.0,7765.0,9734
GILLETTE,2026-07-17,7788.0,7810.0,7829.5,7710.5,15116
GMMPFAUDLR,2026-04-17,918.25,929.9,932.75,918.25,29712
GMMPFAUDLR,2026-04-20,921.0,910.7,936.25,901.1,46404
GMMPFAUDLR,2026-04-21,906.1,917.5,930.75,904.0,22802
GMMPFAUDLR,2026-04-22,926.85,916.25,926.85,911.1,19906
GMMPFAUDLR,2026-04-23,905.1,914.0,922.0,905.1,23158
GMMPFAUDLR,2026-04-24,910.0,908.6,917.35,890.7,57285
GMMPFAUDLR,2026-04-27,906.05,915.15,928.8,905.85,66253
GMMPFAUDLR,2026-04-28,919.9,906.0,920.75,903.0,25288
GMMPFAUDLR,2026-04-29,909.75,898.0,913.35,893.0,40903
GMMPFAUDLR,2026-04-30,905.0,905.55,920.55,899.0,73238
GMMPFAUDLR,2026-05-01,905.55,905.55,905.55,905.55,0
GMMPFAUDLR,2026-05-04,901.0,909.35,920.0,900.05,28586
GMMPFAUDLR,2026-05-05,905.0,899.1,909.4,880.0,71667
GMMPFAUDLR,2026-05-06,907.0,914.8,920.0,897.0,80689
GMMPFAUDLR,2026-05-07,919.9,914.9,943.8,908.0,111003
GMMPFAUDLR,2026-05-08,905.75,894.1,918.45,888.55,89336
GMMPFAUDLR,2026-05-11,880.0,891.35,895.0,871.1,105631
GMMPFAUDLR,2026-05-12,887.0,862.2,891.2,860.0,43528
GMMPFAUDLR,2026-05-13,855.1,871.5,892.5,854.05,114251
GMMPFAUDLR,2026-05-14,883.9,879.8,890.0,868.2,30486
GMMPFAUDLR,2026-05-15,886.35,896.5,930.0,873.95,105870
GMMPFAUDLR,2026-05-18,885.0,870.45,890.0,861.1,38782
GMMPFAUDLR,2026-05-19,874.95,866.05,885.7,859.9,109842
GMMPFAUDLR,2026-05-20,866.05,863.5,867.4,853.55,42407
GMMPFAUDLR,2026-05-21,865.0,855.0,870.3,850.55,92470
GMMPFAUDLR,2026-05-22,877.0,807.1,882.3,803.05,535731
GMMPFAUDLR,2026-05-25,819.0,806.0,822.6,801.1,252687
GMMPFAUDLR,2026-05-26,814.0,796.4,815.35,785.0,316928
GMMPFAUDLR,2026-05-27,798.9,787.15,805.05,782.6,117810
GMMPFAUDLR,2026-05-28,787.15,787.15,787.15,787.15,0
GMMPFAUDLR,2026-05-29,786.75,766.7,787.85,755.55,1317244
GMMPFAUDLR,2026-06-01,778.35,785.2,798.0,766.1,200008
GMMPFAUDLR,2026-06-02,778.0,776.9,782.95,766.0,194879
GMMPFAUDLR,2026-06-03,777.0,767.55,778.95,755.25,233888
GMMPFAUDLR,2026-06-04,765.0,781.7,794.4,765.0,128917
GMMPFAUDLR,2026-06-05,789.0,788.0,797.0,776.55,124677
GMMPFAUDLR,2026-06-08,780.0,764.2,783.2,761.0,46325
GMMPFAUDLR,2026-06-09,774.75,771.75,779.95,765.0,60285
GMMPFAUDLR,2026-06-10,774.8,757.6,778.95,756.05,91080
GMMPFAUDLR,2026-06-11,751.0,738.2,757.55,735.0,79381
GMMPFAUDLR,2026-06-12,745.95,760.1,765.85,741.1,87069
GMMPFAUDLR,2026-06-15,769.9,776.35,791.5,767.6,119423
GMMPFAUDLR,2026-06-16,779.9,784.05,791.05,778.65,61446
GMMPFAUDLR,2026-06-17,784.05,794.55,809.0,784.05,101399
GMMPFAUDLR,2026-06-18,794.55,809.55,818.0,794.55,83140
GMMPFAUDLR,2026-06-19,809.55,809.65,817.8,802.1,52245
GMMPFAUDLR,2026-06-22,810.0,824.2,828.75,809.65,70687
GMMPFAUDLR,2026-06-23,826.1,819.05,827.9,812.0,68104
GMMPFAUDLR,2026-06-24,813.4,805.05,815.9,798.0,45539
GMMPFAUDLR,2026-06-25,805.05,804.55,812.75,797.75,56400
GMMPFAUDLR,2026-06-26,804.55,804.55,804.55,804.55,0
GMMPFAUDLR,2026-06-29,809.0,792.75,810.0,789.05,37551
GMMPFAUDLR,2026-06-30,792.95,789.55,805.7,787.0,66041
GMMPFAUDLR,2026-07-01,793.45,776.65,795.0,764.1,106672
GMMPFAUDLR,2026-07-02,780.7,771.45,786.1,766.35,100209
GMMPFAUDLR,2026-07-03,773.0,776.75,781.5,768.95,72258
GMMPFAUDLR,2026-07-06,783.0,769.7,783.0,762.1,70479
GMMPFAUDLR,2026-07-07,772.0,767.35,774.4,763.95,49391
GMMPFAUDLR,2026-07-08,765.0,759.75,780.0,750.55,92961
GMMPFAUDLR,2026-07-09,760.1,764.8,776.0,760.1,68510
GMMPFAUDLR,2026-07-10,769.9,754.5,774.8,750.05,128212
GMMPFAUDLR,2026-07-13,755.05,774.0,778.0,748.95,113498
GMMPFAUDLR,2026-07-14,773.0,787.9,790.0,765.55,81309
GMMPFAUDLR,2026-07-15,786.0,788.5,797.95,768.55,198544
GMMPFAUDLR,2026-07-16,789.0,806.9,818.9,785.65,132231
GMMPFAUDLR,2026-07-17,806.9,797.1,806.9,786.0,100863
GRAVITA,2026-04-17,1675.0,1640.8,1679.5,1636.2,231260
GRAVITA,2026-04-20,1647.7,1648.4,1709.9,1635.0,428846
GRAVITA,2026-04-21,1650.0,1643.6,1676.4,1641.0,180788
GRAVITA,2026-04-22,1640.0,1626.6,1655.1,1622.1,172305
GRAVITA,2026-04-23,1626.0,1586.3,1640.4,1580.0,168999
GRAVITA,2026-04-24,1586.3,1568.0,1609.6,1558.1,124487
GRAVITA,2026-04-27,1570.0,1613.0,1621.2,1569.0,250860
GRAVITA,2026-04-28,1626.0,1625.0,1639.0,1597.1,136785
GRAVITA,2026-04-29,1622.0,1648.4,1685.0,1610.5,264362
GRAVITA,2026-04-30,1647.0,1630.0,1648.0,1596.4,213346
GRAVITA,2026-05-01,1630.0,1630.0,1630.0,1630.0,0
GRAVITA,2026-05-04,1669.2,1671.1,1730.0,1652.0,501601
GRAVITA,2026-05-05,1671.2,1722.3,1733.0,1657.7,325038
GRAVITA,2026-05-06,1750.0,1794.5,1803.0,1736.4,539313
GRAVITA,2026-05-07,1805.0,1798.9,1846.3,1756.1,510497
GRAVITA,2026-05-08,1725.0,1763.0,1818.9,1706.6,670475
GRAVITA,2026-05-11,1750.0,1777.0,1819.5,1737.1,412628
GRAVITA,2026-05-12,1779.0,1685.3,1793.6,1676.7,249256
GRAVITA,2026-05-13,1685.9,1719.7,1726.2,1685.8,152223
GRAVITA,2026-05-14,1724.9,1691.9,1742.1,1674.0,145612
GRAVITA,2026-05-15,1692.5,1688.1,1725.0,1657.2,187677
GRAVITA,2026-05-18,1680.5,1625.3,1680.5,1612.2,206305
GRAVITA,2026-05-19,1625.0,1621.6,1641.3,1606.0,106379
GRAVITA,2026-05-20,1609.3,1615.3,1630.0,1593.0,127798
GRAVITA,2026-05-21,1630.0,1643.8,1652.0,1607.0,143155
GRAVITA,2026-05-22,1643.9,1639.7,1668.6,1624.1,115254
GRAVITA,2026-05-25,1652.3,1658.0,1683.0,1641.9,129285
GRAVITA,2026-05-26,1661.1,1662.0,1748.2,1655.0,569904
GRAVITA,2026-05-27,1668.9,1668.5,1683.9,1646.6,173233
GRAVITA,2026-05-28,1668.5,1668.5,1668.5,1668.5,0
GRAVITA,2026-05-29,1669.9,1612.9,1674.6,1604.5,226993
GRAVITA,2026-06-01,1618.3,1625.8,1647.0,1605.0,148647
GRAVITA,2026-06-02,1614.0,1624.0,1630.0,1596.6,102069
GRAVITA,2026-06-03,1620.0,1624.5,1630.5,1597.0,102982
GRAVITA,2026-06-04,1618.0,1639.6,1647.0,1609.0,118394
GRAVITA,2026-06-05,1639.6,1630.7,1659.9,1620.4,123085
GRAVITA,2026-06-08,1600.0,1544.5,1606.9,1540.0,217656
GRAVITA,2026-06-09,1546.0,1587.0,1593.3,1546.0,100389
GRAVITA,2026-06-10,1584.9,1579.9,1588.5,1561.0,77359
GRAVITA,2026-06-11,1555.5,1570.9,1583.0,1545.9,115770
GRAVITA,2026-06-12,1584.3,1602.9,1616.0,1560.2,163548
GRAVITA,2026-06-15,1644.2,1659.5,1665.8,1635.0,133971
GRAVITA,2026-06-16,1666.4,1663.9,1697.4,1642.5,130398
GRAVITA,2026-06-17,1680.0,1668.9,1743.0,1655.1,407948
GRAVITA,2026-06-18,1686.4,1726.4,1736.9,1678.0,287733
GRAVITA,2026-06-19,1726.4,1721.6,1748.5,1700.0,203137
GRAVITA,2026-06-22,1734.1,1740.0,1784.6,1727.0,298909
GRAVITA,2026-06-23,1736.0,1709.7,1737.5,1697.4,105458
GRAVITA,2026-06-24,1690.0,1714.7,1757.0,1690.0,122111
GRAVITA,2026-06-25,1730.4,1671.0,1734.6,1666.9,113360
GRAVITA,2026-06-26,1671.0,1671.0,1671.0,1671.0,0
GRAVITA,2026-06-29,1676.9,1663.6,1713.9,1651.5,125445
GRAVITA,2026-06-30,1663.6,1630.2,1682.0,1619.8,136595
GRAVITA,2026-07-01,1637.3,1627.2,1669.3,1612.6,136161
GRAVITA,2026-07-02,1656.0,1687.4,1696.2,1637.8,212486
GRAVITA,2026-07-03,1699.0,1724.4,1756.6,1680.0,448239
GRAVITA,2026-07-06,1728.0,1771.3,1774.5,1703.0,312514
GRAVITA,2026-07-07,1777.8,1787.4,1795.5,1744.0,261946
GRAVITA,2026-07-08,1751.2,1727.9,1821.0,1700.0,620656
GRAVITA,2026-07-09,1750.0,1811.4,1853.0,1735.4,1466706
GRAVITA,2026-07-10,1825.0,1854.6,1865.0,1820.0,597522
GRAVITA,2026-07-13,1860.2,1846.0,1870.0,1835.0,302017
GRAVITA,2026-07-14,1845.9,1811.9,1846.9,1789.3,206428
GRAVITA,2026-07-15,1817.3,1840.2,1849.5,1816.7,221066
GRAVITA,2026-07-16,1840.0,1829.5,1849.0,1803.0,296526
GRAVITA,2026-07-17,1840.5,1818.2,1840.5,1774.9,211437
GREAVESCOT,2026-04-17,158.0,161.36,163.45,157.8,1273818
GREAVESCOT,2026-04-20,161.9,157.88,162.1,157.0,741081
GREAVESCOT,2026-04-21,158.0,157.27,160.45,156.88,659918
GREAVESCOT,2026-04-22,156.99,161.34,161.82,156.5,764568
GREAVESCOT,2026-04-23,161.89,159.6,163.88,159.1,773148
GREAVESCOT,2026-04-24,159.59,154.81,160.09,153.0,704285
GREAVESCOT,2026-04-27,155.25,164.17,165.8,154.81,1716124
GREAVESCOT,2026-04-28,165.0,167.04,171.84,162.6,1843091
GREAVESCOT,2026-04-29,167.8,167.42,169.49,165.11,1116191
GREAVESCOT,2026-04-30,167.0,165.18,167.0,162.22,692185
GREAVESCOT,2026-05-01,165.18,165.18,165.18,165.18,0
GREAVESCOT,2026-05-04,165.97,167.66,169.68,165.23,741379
GREAVESCOT,2026-05-05,167.0,168.43,170.09,166.4,834663
GREAVESCOT,2026-05-06,169.69,173.17,174.0,169.01,1664255
GREAVESCOT,2026-05-07,174.8,168.01,174.8,165.3,2375681
GREAVESCOT,2026-05-08,168.0,171.36,173.94,166.8,1441876
GREAVESCOT,2026-05-11,171.8,177.08,178.85,168.32,2939086
GREAVESCOT,2026-05-12,176.0,168.15,178.0,167.12,1544109
GREAVESCOT,2026-05-13,168.33,166.61,172.4,165.6,915351
GREAVESCOT,2026-05-14,167.5,165.25,169.58,163.15,828722
GREAVESCOT,2026-05-15,165.15,165.76,168.4,163.1,687249
GREAVESCOT,2026-05-18,165.22,160.48,165.22,157.57,967625
GREAVESCOT,2026-05-19,160.5,170.1,171.64,160.11,1559621
GREAVESCOT,2026-05-20,168.72,168.04,172.5,166.91,811157
GREAVESCOT,2026-05-21,168.04,169.25,172.05,168.04,624007
GREAVESCOT,2026-05-22,169.4,169.45,170.49,168.12,385593
GREAVESCOT,2026-05-25,171.0,171.64,174.86,170.2,742173
GREAVESCOT,2026-05-26,171.5,181.51,183.49,171.5,3136567
GREAVESCOT,2026-05-27,183.0,183.96,186.6,182.5,2337680
GREAVESCOT,2026-05-28,183.96,183.96,183.96,183.96,0
GREAVESCOT,2026-05-29,184.87,181.65,188.64,178.5,2221220
GREAVESCOT,2026-06-01,181.69,180.5,185.9,178.55,1126634
GREAVESCOT,2026-06-02,178.8,180.91,182.12,175.5,917133
GREAVESCOT,2026-06-03,180.55,183.73,184.79,177.52,977413
GREAVESCOT,2026-06-04,183.73,182.97,187.4,182.0,1103239
GREAVESCOT,2026-06-05,183.0,192.2,193.4,181.44,4128580
GREAVESCOT,2026-06-08,190.0,189.25,195.95,186.49,2810801
GREAVESCOT,2026-06-09,189.25,190.23,192.61,187.57,985867
GREAVESCOT,2026-06-10,191.27,180.03,191.29,179.05,1139782
GREAVESCOT,2026-06-11,178.98,176.29,182.62,175.4,984793
GREAVESCOT,2026-06-12,178.49,185.04,185.8,178.49,1084316
GREAVESCOT,2026-06-15,189.55,191.44,195.5,188.74,2054956
GREAVESCOT,2026-06-16,191.44,191.27,194.4,190.5,812102
GREAVESCOT,2026-06-17,191.47,191.81,195.2,189.5,1215481
GREAVESCOT,2026-06-18,193.15,192.04,195.0,189.91,767374
GREAVESCOT,2026-06-19,191.99,198.54,201.0,190.12,2770897
GREAVESCOT,2026-06-22,200.24,212.55,218.0,197.55,11344166
GREAVESCOT,2026-06-23,212.55,205.56,214.97,204.88,1871175
GREAVESCOT,2026-06-24,205.0,213.98,218.9,204.1,5028215
GREAVESCOT,2026-06-25,215.15,214.09,219.25,211.4,2877118
GREAVESCOT,2026-06-26,214.09,214.09,214.09,214.09,0
GREAVESCOT,2026-06-29,214.8,209.56,214.8,207.76,1235170
GREAVESCOT,2026-06-30,210.6,219.98,222.9,210.45,5080746
GREAVESCOT,2026-07-01,222.21,221.0,225.55,219.83,2869852
GREAVESCOT,2026-07-02,221.78,231.03,240.0,221.78,9114707
GREAVESCOT,2026-07-03,233.3,226.57,233.3,220.8,3039991
GREAVESCOT,2026-07-06,227.0,224.16,229.43,222.99,1585283
GREAVESCOT,2026-07-07,223.0,221.95,223.5,216.8,1231595
GREAVESCOT,2026-07-08,221.25,224.57,231.59,219.72,4061964
GREAVESCOT,2026-07-09,225.69,237.23,238.69,224.98,4112509
GREAVESCOT,2026-07-10,239.4,263.6,267.0,236.1,20117335
GREAVESCOT,2026-07-13,259.52,262.17,270.33,258.8,4321691
GREAVESCOT,2026-07-14,260.1,262.66,271.9,256.7,3914083
GREAVESCOT,2026-07-15,260.0,257.68,265.39,256.1,2005918
GREAVESCOT,2026-07-16,258.7,256.43,264.0,255.1,1393158
GREAVESCOT,2026-07-17,256.0,249.46,256.0,246.45,1493811
GRINDWELL,2026-04-17,1578.7,1575.9,1599.0,1565.0,25057
GRINDWELL,2026-04-20,1575.9,1627.1,1631.0,1566.0,53441
GRINDWELL,2026-04-21,1639.0,1612.0,1650.3,1593.2,45465
GRINDWELL,2026-04-22,1614.5,1674.7,1681.7,1607.2,52359
GRINDWELL,2026-04-23,1667.9,1645.8,1674.0,1640.0,10375
GRINDWELL,2026-04-24,1645.8,1609.8,1664.3,1603.7,18396
GRINDWELL,2026-04-27,1609.8,1624.2,1653.3,1600.0,746784
GRINDWELL,2026-04-28,1636.1,1616.4,1650.0,1603.0,22863
GRINDWELL,2026-04-29,1608.4,1592.1,1637.2,1585.5,32262
GRINDWELL,2026-04-30,1592.8,1575.9,1599.9,1561.0,131652
GRINDWELL,2026-05-04,1575.9,1592.7,1632.7,1570.0,54975
GRINDWELL,2026-05-05,1592.7,1572.2,1594.5,1565.0,21222
GRINDWELL,2026-05-06,1577.0,1647.6,1651.8,1575.2,49335
GRINDWELL,2026-05-07,1646.0,1659.4,1674.0,1633.8,91468
GRINDWELL,2026-05-08,1655.4,1684.8,1735.8,1655.4,81885
GRINDWELL,2026-05-11,1746.0,1798.5,1871.7,1721.0,1060154
GRINDWELL,2026-05-12,1785.0,1786.7,1843.2,1771.2,243282
GRINDWELL,2026-05-13,1786.1,1779.3,1813.3,1772.0,127373
GRINDWELL,2026-05-14,1766.1,1793.8,1802.0,1744.2,165412
GRINDWELL,2026-05-15,1793.8,1859.9,1865.0,1785.0,126333
GRINDWELL,2026-05-18,1861.4,1856.4,1909.9,1817.2,162180
GRINDWELL,2026-05-19,1860.0,1877.9,1900.5,1852.1,112432
GRINDWELL,2026-05-20,1881.3,1928.8,2002.7,1866.0,187583
GRINDWELL,2026-05-21,1929.0,1962.5,1999.0,1903.1,73006
GRINDWELL,2026-05-22,1962.5,1943.4,1975.5,1930.0,44325
GRINDWELL,2026-05-25,1962.1,1936.0,1962.1,1921.1,31824
GRINDWELL,2026-05-26,1930.0,1913.4,1944.0,1903.0,27407
GRINDWELL,2026-05-27,1913.4,1912.3,1945.0,1893.2,26032
GRINDWELL,2026-05-28,1912.3,1912.3,1912.3,1912.3,0
GRINDWELL,2026-05-29,1930.0,1839.8,1948.6,1797.8,84867
GRINDWELL,2026-06-01,1869.0,1848.0,1912.4,1830.1,174785
GRINDWELL,2026-06-02,1837.9,1859.0,1875.9,1817.1,47514
GRINDWELL,2026-06-03,1849.8,1867.0,1889.3,1849.8,92642
GRINDWELL,2026-06-04,1860.1,1921.4,1933.1,1845.4,83341
GRINDWELL,2026-06-05,1915.1,1958.2,1971.9,1915.0,76304
GRINDWELL,2026-06-08,1938.6,1955.6,1984.9,1911.4,87169
GRINDWELL,2026-06-09,1968.9,1933.2,1968.9,1917.1,22893
GRINDWELL,2026-06-10,1932.3,1914.8,1967.0,1900.1,24917
GRINDWELL,2026-06-11,1911.7,1895.2,1953.0,1886.4,65353
GRINDWELL,2026-06-12,1924.0,1921.0,1930.0,1898.1,26485
GRINDWELL,2026-06-15,1975.0,2023.1,2040.0,1951.4,84893
GRINDWELL,2026-06-16,2042.0,2047.3,2130.0,2012.1,91035
GRINDWELL,2026-06-17,2050.0,2055.3,2118.0,2044.5,78932
GRINDWELL,2026-06-18,2062.2,2105.5,2127.9,2058.2,69681
GRINDWELL,2026-06-19,2109.0,2136.8,2150.0,2087.0,48173
GRINDWELL,2026-06-22,2149.0,2110.3,2150.8,2097.0,65792
GRINDWELL,2026-06-23,2119.0,2125.4,2177.0,2102.5,70096
GRINDWELL,2026-06-24,2125.0,2128.4,2160.0,2115.0,37105
GRINDWELL,2026-06-25,2121.2,2228.0,2294.4,2121.2,182446
GRINDWELL,2026-06-26,2228.0,2228.0,2228.0,2228.0,0
GRINDWELL,2026-06-29,2228.0,2146.8,2228.0,2126.0,91551
GRINDWELL,2026-06-30,2146.8,2166.1,2200.0,2130.1,51096
GRINDWELL,2026-07-01,2165.0,2153.8,2244.0,2122.2,92515
GRINDWELL,2026-07-02,2160.0,2173.2,2179.3,2144.3,84205
GRINDWELL,2026-07-03,2179.0,2088.5,2180.0,2061.0,57408
GRINDWELL,2026-07-06,2090.0,2083.1,2103.1,2045.6,38095
GRINDWELL,2026-07-07,2073.6,2033.6,2093.0,2025.0,30176
GRINDWELL,2026-07-08,2033.6,2018.0,2080.0,1981.0,757976
GRINDWELL,2026-07-09,2020.0,2020.7,2052.2,2002.3,56220
GRINDWELL,2026-07-10,2020.0,2058.6,2083.9,2019.9,33063
GRINDWELL,2026-07-13,2050.0,2034.3,2052.3,1995.1,16915
GRINDWELL,2026-07-14,2012.5,2001.1,2034.1,1971.0,44486
GRINDWELL,2026-07-15,2002.5,2045.9,2079.7,2002.5,45758
GRINDWELL,2026-07-16,2059.0,2382.3,2455.0,2054.9,312817
GRINDWELL,2026-07-17,2400.0,2086.7,2400.0,2062.3,584725
GRWRHITECH,2026-04-17,3987.1,3985.6,4045.0,3939.5,44425
GRWRHITECH,2026-04-20,3985.6,3977.5,4016.9,3863.1,70124
GRWRHITECH,2026-04-21,3977.5,3927.2,4045.1,3921.5,78858
GRWRHITECH,2026-04-22,3935.0,4051.5,4097.0,3926.7,95479
GRWRHITECH,2026-04-23,4098.0,4195.7,4250.0,4040.1,148070
GRWRHITECH,2026-04-24,4203.7,4035.9,4214.8,4000.0,64429
GRWRHITECH,2026-04-27,4074.0,4038.0,4174.9,3985.1,57500
GRWRHITECH,2026-04-28,4034.6,3951.8,4038.0,3801.2,145217
GRWRHITECH,2026-04-29,3990.0,3813.3,3990.6,3802.0,71764
GRWRHITECH,2026-04-30,3810.0,3999.0,4025.0,3809.7,92825
GRWRHITECH,2026-05-01,3999.0,3999.0,3999.0,3999.0,0
GRWRHITECH,2026-05-04,4044.0,4271.7,4364.9,4041.1,246971
GRWRHITECH,2026-05-05,4303.0,4477.3,4492.3,4282.0,158227
GRWRHITECH,2026-05-06,4525.0,5044.0,5250.0,4450.9,1128471
GRWRHITECH,2026-05-07,5087.0,5451.4,5560.0,4959.9,683521
GRWRHITECH,2026-05-08,5425.1,5290.3,5434.0,5225.0,97162
GRWRHITECH,2026-05-11,5329.0,5187.5,5438.0,5122.5,86775
GRWRHITECH,2026-05-12,5253.0,4948.1,5253.0,4870.5,94934
GRWRHITECH,2026-05-13,4940.0,5312.1,5345.0,4930.3,129817
GRWRHITECH,2026-05-14,5350.0,5444.6,5475.0,5267.2,94738
GRWRHITECH,2026-05-15,5500.0,5403.4,5500.0,5268.0,71400
GRWRHITECH,2026-05-18,5363.4,5382.9,5424.9,5180.6,65670
GRWRHITECH,2026-05-19,5409.0,5541.1,5668.0,5374.6,243206
GRWRHITECH,2026-05-20,5535.0,5635.3,5665.0,5330.2,103570
GRWRHITECH,2026-05-21,5655.0,5524.5,5699.0,5486.5,95275
GRWRHITECH,2026-05-22,5543.2,5353.4,5543.2,5261.0,75508
GRWRHITECH,2026-05-25,5362.4,5587.9,5614.9,5362.4,101474
GRWRHITECH,2026-05-26,5600.1,5797.5,5857.0,5560.0,110372
GRWRHITECH,2026-05-27,5822.0,5746.2,5850.0,5610.0,68877
GRWRHITECH,2026-05-28,5746.2,5746.2,5746.2,5746.2,0
GRWRHITECH,2026-05-29,5726.1,6117.9,6166.0,5604.2,214990
GRWRHITECH,2026-06-01,6149.0,5813.5,6165.5,5740.0,91326
GRWRHITECH,2026-06-02,5761.0,5894.5,5929.0,5574.0,116546
GRWRHITECH,2026-06-03,5894.5,5713.5,5949.5,5480.0,102102
GRWRHITECH,2026-06-04,5729.0,5863.5,5891.0,5655.5,51551
GRWRHITECH,2026-06-05,5863.5,5893.0,5959.5,5755.5,57041
GRWRHITECH,2026-06-08,5800.0,5841.0,5906.0,5725.0,42782
GRWRHITECH,2026-06-09,5894.0,6225.0,6280.0,5868.0,136093
GRWRHITECH,2026-06-10,6255.0,6208.0,6315.0,6120.0,75224
GRWRHITECH,2026-06-11,6176.0,6241.0,6320.0,6051.0,78032
GRWRHITECH,2026-06-12,6250.5,6131.5,6306.0,6094.0,54031
GRWRHITECH,2026-06-15,6209.5,6320.5,6349.5,6090.0,65564
GRWRHITECH,2026-06-16,6332.0,6380.5,6449.5,6169.0,128065
GRWRHITECH,2026-06-17,6400.0,6485.5,6542.0,6358.5,79688
GRWRHITECH,2026-06-18,6442.0,6575.0,6645.0,6415.0,86159
GRWRHITECH,2026-06-19,6615.0,6785.5,6836.5,6525.0,105921
GRWRHITECH,2026-06-22,6801.0,6968.5,6998.5,6801.0,86018
GRWRHITECH,2026-06-23,7000.0,6778.0,7085.5,6685.0,87857
GRWRHITECH,2026-06-24,6765.5,6669.0,6864.0,6625.5,42231
GRWRHITECH,2026-06-25,6666.0,6688.5,6810.0,6559.0,32023
GRWRHITECH,2026-06-26,6688.5,6688.5,6688.5,6688.5,0
GRWRHITECH,2026-06-29,6693.0,6621.5,6844.0,6558.5,46525
GRWRHITECH,2026-06-30,6621.5,6677.5,6980.0,6621.5,78114
GRWRHITECH,2026-07-01,6792.0,6918.5,6943.0,6673.5,59606
GRWRHITECH,2026-07-02,6950.0,6934.5,7109.0,6881.0,64921
GRWRHITECH,2026-07-03,6958.0,6875.0,6989.0,6725.0,63461
GRWRHITECH,2026-07-06,6870.5,7021.0,7117.0,6846.5,67319
GRWRHITECH,2026-07-07,7040.0,6964.5,7083.5,6880.0,42740
GRWRHITECH,2026-07-08,6958.0,6821.5,7010.0,6659.0,75148
GRWRHITECH,2026-07-09,6826.0,6922.0,7060.0,6826.0,47051
GRWRHITECH,2026-07-10,6923.0,6968.0,7185.0,6869.5,66242
GRWRHITECH,2026-07-13,6949.5,7041.0,7174.0,6910.5,51158
GRWRHITECH,2026-07-14,7041.0,7037.0,7060.0,6922.0,34884
GRWRHITECH,2026-07-15,7056.0,6991.0,7155.0,6962.5,24123
GRWRHITECH,2026-07-16,7040.0,6931.5,7040.0,6798.5,43128
GRWRHITECH,2026-07-17,6920.0,6970.5,6998.5,6765.5,44738
GUFICBIO,2026-04-17,302.0,299.75,306.0,295.0,58726
GUFICBIO,2026-04-20,299.7,293.3,302.2,292.0,31459
GUFICBIO,2026-04-21,293.0,290.8,298.95,289.3,35314
GUFICBIO,2026-04-22,288.2,290.25,294.4,288.2,29755
GUFICBIO,2026-04-23,286.0,296.5,297.6,286.0,41021
GUFICBIO,2026-04-24,299.0,298.3,302.0,288.5,34024
GUFICBIO,2026-04-27,299.0,293.8,300.1,292.05,72644
GUFICBIO,2026-04-28,293.0,290.45,294.35,288.0,34091
GUFICBIO,2026-04-29,290.45,289.25,292.4,286.25,16199
GUFICBIO,2026-04-30,288.0,284.6,288.95,284.0,24955
GUFICBIO,2026-05-01,284.6,284.6,284.6,284.6,0
GUFICBIO,2026-05-04,285.0,292.25,294.75,284.3,62206
GUFICBIO,2026-05-05,292.9,287.6,298.0,285.9,27447
GUFICBIO,2026-05-06,289.0,294.2,297.0,285.0,73008
GUFICBIO,2026-05-07,292.0,299.05,302.8,292.0,33822
GUFICBIO,2026-05-08,299.7,302.45,307.0,294.3,431852
GUFICBIO,2026-05-11,305.0,300.45,310.0,296.0,114679
GUFICBIO,2026-05-12,301.2,296.45,305.0,288.4,80809
GUFICBIO,2026-05-13,295.0,286.9,302.45,284.0,49614
GUFICBIO,2026-05-14,288.0,286.5,292.4,278.7,58035
GUFICBIO,2026-05-15,286.1,282.0,292.5,279.45,44946
GUFICBIO,2026-05-18,278.1,277.1,281.6,273.15,25625
GUFICBIO,2026-05-19,277.7,286.1,287.85,277.15,14470
GUFICBIO,2026-05-20,286.1,285.65,294.3,284.05,52578
GUFICBIO,2026-05-21,284.4,288.7,290.15,284.4,13772
GUFICBIO,2026-05-22,287.2,293.7,295.1,285.05,23401
GUFICBIO,2026-05-25,295.0,325.05,332.95,295.0,659444
GUFICBIO,2026-05-26,326.5,318.85,327.75,315.1,83064
GUFICBIO,2026-05-27,319.6,325.9,328.95,317.45,110847
GUFICBIO,2026-05-28,325.9,325.9,325.9,325.9,0
GUFICBIO,2026-05-29,328.9,333.85,341.95,319.65,267768
GUFICBIO,2026-06-01,342.0,346.7,358.0,336.0,497889
GUFICBIO,2026-06-02,346.7,349.15,355.0,336.55,172285
GUFICBIO,2026-06-03,350.2,361.95,373.9,343.0,260028
GUFICBIO,2026-06-04,361.0,354.35,363.1,350.5,68593
GUFICBIO,2026-06-05,359.0,369.95,378.0,358.0,243828
GUFICBIO,2026-06-08,372.3,376.7,398.8,367.8,655414
GUFICBIO,2026-06-09,379.0,386.8,392.95,377.8,123212
GUFICBIO,2026-06-10,385.0,364.05,388.15,358.5,135096
GUFICBIO,2026-06-11,364.1,353.2,372.0,348.6,121559
GUFICBIO,2026-06-12,355.2,371.25,374.9,352.6,161321
GUFICBIO,2026-06-15,373.0,360.4,377.25,358.5,81363
GUFICBIO,2026-06-16,360.5,370.0,374.0,356.05,118082
GUFICBIO,2026-06-17,373.7,366.45,373.85,363.3,38405
GUFICBIO,2026-06-18,369.9,357.65,370.45,355.3,49457
GUFICBIO,2026-06-19,357.65,355.25,361.35,352.7,70549
GUFICBIO,2026-06-22,356.0,360.4,367.4,355.1,59765
GUFICBIO,2026-06-23,360.0,370.25,375.0,359.65,114993
GUFICBIO,2026-06-24,370.85,368.35,377.45,363.9,52495
GUFICBIO,2026-06-25,372.0,361.65,376.85,358.1,89746
GUFICBIO,2026-06-26,361.65,361.65,361.65,361.65,0
GUFICBIO,2026-06-29,361.65,386.3,388.4,359.15,230942
GUFICBIO,2026-06-30,394.0,407.05,448.0,387.5,8345734
GUFICBIO,2026-07-01,407.5,394.35,409.9,390.05,479905
GUFICBIO,2026-07-02,395.55,385.65,400.45,382.4,242058
GUFICBIO,2026-07-03,388.0,389.95,404.9,386.15,282862
GUFICBIO,2026-07-06,389.9,375.15,389.9,373.0,175835
GUFICBIO,2026-07-07,373.0,380.4,384.45,371.75,133612
GUFICBIO,2026-07-08,382.0,380.05,396.9,375.0,266484
GUFICBIO,2026-07-09,377.2,386.95,391.35,377.2,132008
GUFICBIO,2026-07-10,389.0,392.4,398.25,382.0,132576
GUFICBIO,2026-07-13,394.5,400.25,404.95,389.2,228319
GUFICBIO,2026-07-14,401.5,399.3,404.9,394.3,106670
GUFICBIO,2026-07-15,400.95,396.6,403.9,394.65,78004
GUFICBIO,2026-07-16,396.6,388.3,407.0,387.0,53744
GUFICBIO,2026-07-17,388.3,381.9,389.45,378.3,69325
GUJGASLTD,2026-07-17,290.15,280.35,290.3,278.0,998386
GVT&D,2026-04-17,4085.0,4138.2,4154.3,4070.1,642880
GVT&D,2026-04-20,4158.8,4232.3,4277.9,4156.0,683717
GVT&D,2026-04-21,4259.9,4252.1,4289.6,4227.0,424389
GVT&D,2026-04-22,4254.1,4239.4,4283.0,4220.0,419894
GVT&D,2026-04-23,4300.0,4496.4,4650.0,4294.9,2275465
GVT&D,2026-04-24,4530.0,4598.3,4694.0,4525.0,1008621
GVT&D,2026-04-27,4640.0,4556.8,4672.4,4524.1,524025
GVT&D,2026-04-28,4549.8,4520.8,4620.0,4471.2,571666
GVT&D,2026-04-29,4550.0,4479.4,4680.0,4460.5,577126
GVT&D,2026-04-30,4495.0,4466.2,4581.9,4443.0,653778
GVT&D,2026-05-01,4466.2,4466.2,4466.2,4466.2,0
GVT&D,2026-05-04,4500.0,4486.6,4541.0,4391.0,474054
GVT&D,2026-05-05,4518.0,4578.9,4624.5,4499.9,1145970
GVT&D,2026-05-06,4610.0,4563.1,4620.0,4521.9,943716
GVT&D,2026-05-07,4586.0,4768.2,4822.0,4580.0,888676
GVT&D,2026-05-08,4780.0,4625.5,4849.0,4610.4,516589
GVT&D,2026-05-11,4630.2,4432.9,4635.0,4412.4,394062
GVT&D,2026-05-12,4430.0,4282.4,4564.3,4231.1,615718
GVT&D,2026-05-13,4257.8,4351.4,4423.2,4246.3,438428
GVT&D,2026-05-14,4368.0,4337.8,4419.2,4249.0,257771
GVT&D,2026-05-15,4362.9,4342.6,4423.9,4265.5,293994
GVT&D,2026-05-18,4350.0,4426.8,4466.0,4251.8,368852
GVT&D,2026-05-19,4350.0,4385.3,4530.0,4321.6,979292
GVT&D,2026-05-20,4450.0,4679.4,4799.9,4414.3,2742590
GVT&D,2026-05-21,4749.0,4794.6,4962.4,4700.0,1086952
GVT&D,2026-05-22,4810.0,4849.5,4912.4,4764.0,796078
GVT&D,2026-05-25,4921.0,4774.7,4945.9,4730.6,516843
GVT&D,2026-05-26,4796.9,4848.3,4878.0,4776.0,483181
GVT&D,2026-05-27,4869.0,5097.7,5183.5,4849.0,1339313
GVT&D,2026-05-28,5097.7,5097.7,5097.7,5097.7,0
GVT&D,2026-05-29,5140.0,5148.6,5222.1,4940.0,2379024
GVT&D,2026-06-01,5100.0,4755.0,5148.0,4694.5,1353247
GVT&D,2026-06-02,4757.5,4781.0,4856.0,4581.0,1308469
GVT&D,2026-06-03,4799.5,4964.5,5070.0,4783.5,1305674
GVT&D,2026-06-04,5134.0,5086.5,5148.5,5028.0,999168
GVT&D,2026-06-05,5080.0,5067.0,5103.0,4986.5,888594
GVT&D,2026-06-08,4900.0,4744.0,4949.5,4660.0,1071520
GVT&D,2026-06-09,4800.0,4931.0,4966.0,4781.5,747212
GVT&D,2026-06-10,4950.0,4866.0,5014.0,4810.0,680233
GVT&D,2026-06-11,4833.0,4735.0,4880.0,4710.0,447216
GVT&D,2026-06-12,4820.5,4942.5,4969.0,4780.0,460629
GVT&D,2026-06-15,4999.5,4805.5,5012.0,4740.0,1010103
GVT&D,2026-06-16,4840.0,4872.5,4900.0,4781.5,467011
GVT&D,2026-06-17,4900.0,5152.5,5176.0,4898.5,887332
GVT&D,2026-06-18,5152.5,5250.0,5264.0,5034.5,660399
GVT&D,2026-06-19,5229.5,5533.5,5632.0,5229.5,1247092
GVT&D,2026-06-22,5533.5,5494.5,5534.0,5410.0,693377
GVT&D,2026-06-23,5537.0,5404.0,5650.0,5350.0,989283
GVT&D,2026-06-24,5350.5,5052.5,5379.0,5000.0,1220619
GVT&D,2026-06-25,5120.0,5043.0,5225.0,4965.5,1142017
GVT&D,2026-06-26,5043.0,5043.0,5043.0,5043.0,0
GVT&D,2026-06-29,5057.0,4956.5,5079.0,4721.5,3832922
GVT&D,2026-06-30,4979.5,4944.0,5073.5,4890.5,781411
GVT&D,2026-07-01,4977.0,4895.7,5043.0,4822.6,443095
GVT&D,2026-07-02,4850.0,4822.8,4880.2,4704.0,1030337
GVT&D,2026-07-03,4581.6,4401.5,4581.6,4320.0,3832553
GVT&D,2026-07-06,4451.1,4554.5,4649.0,4415.8,1664746
GVT&D,2026-07-07,4580.0,4440.8,4590.0,4386.1,896407
GVT&D,2026-07-08,4375.0,4466.7,4534.0,4340.0,754956
GVT&D,2026-07-09,4475.0,4643.4,4677.3,4475.0,537743
GVT&D,2026-07-10,4695.0,4677.1,4738.8,4601.3,474798
GVT&D,2026-07-13,4644.5,4525.6,4644.5,4470.0,747648
GVT&D,2026-07-14,4475.0,4498.6,4520.0,4391.0,926021
GVT&D,2026-07-15,4560.1,4696.4,4718.9,4560.1,518679
GVT&D,2026-07-16,4720.0,4584.1,4730.0,4522.0,795599
GVT&D,2026-07-17,4584.1,4387.4,4588.0,4342.0,782766
HAL,2026-04-17,4380.0,4388.1,4399.4,4346.6,1038094
HAL,2026-04-20,4400.0,4344.5,4401.9,4321.6,898541
HAL,2026-04-21,4335.8,4358.4,4403.7,4335.5,616910
HAL,2026-04-22,4350.0,4400.6,4413.0,4331.0,796091
HAL,2026-04-23,4400.6,4352.5,4402.5,4335.0,629014
HAL,2026-04-24,4352.5,4265.8,4387.3,4236.1,799635
HAL,2026-04-27,4280.0,4310.3,4340.2,4280.0,449038
HAL,2026-04-28,4310.3,4341.4,4360.0,4302.5,556358
HAL,2026-04-29,4360.0,4351.6,4397.3,4329.0,907743
HAL,2026-04-30,4349.0,4338.8,4379.0,4289.3,818024
HAL,2026-05-01,4338.8,4338.8,4338.8,4338.8,0
HAL,2026-05-04,4356.0,4559.5,4590.0,4318.0,2841170
HAL,2026-05-05,4559.0,4610.4,4677.5,4534.0,1476586
HAL,2026-05-06,4628.9,4626.9,4671.5,4610.0,775836
HAL,2026-05-07,4647.8,4782.1,4796.0,4628.1,1889223
HAL,2026-05-08,4794.0,4788.1,4836.3,4733.0,1674686
HAL,2026-05-11,4779.2,4756.3,4808.5,4739.7,1218880
HAL,2026-05-12,4730.0,4572.5,4744.9,4556.1,1587979
HAL,2026-05-13,4550.0,4618.5,4692.0,4536.7,1092960
HAL,2026-05-14,4649.0,4608.0,4808.6,4548.0,3241559
HAL,2026-05-15,4610.0,4386.2,4618.0,4370.0,2201976
HAL,2026-05-18,4359.4,4326.5,4375.9,4175.0,2044382
HAL,2026-05-19,4325.7,4333.2,4378.0,4285.2,1438816
HAL,2026-05-20,4300.0,4326.5,4347.5,4251.1,1262228
HAL,2026-05-21,4363.0,4370.4,4420.9,4344.4,1106287
HAL,2026-05-22,4370.4,4368.4,4429.7,4345.5,845826
HAL,2026-05-25,4391.2,4425.9,4437.9,4385.4,1063255
HAL,2026-05-26,4424.9,4427.7,4449.3,4393.7,983680
HAL,2026-05-27,4430.0,4413.0,4474.0,4404.2,502395
HAL,2026-05-28,4413.0,4413.0,4413.0,4413.0,0
HAL,2026-05-29,4409.8,4303.8,4418.0,4255.3,4597399
HAL,2026-06-01,4303.8,4254.1,4340.0,4233.2,707271
HAL,2026-06-02,4210.0,4278.5,4300.0,4177.0,1251023
HAL,2026-06-03,4295.5,4264.1,4296.8,4209.6,1122282
HAL,2026-06-04,4260.0,4191.0,4297.0,4176.1,718095
HAL,2026-06-05,4219.0,4216.9,4262.5,4205.3,492608
HAL,2026-06-08,4166.6,4238.0,4285.0,4148.8,719608
HAL,2026-06-09,4238.0,4263.8,4271.9,4188.0,662719
HAL,2026-06-10,4284.5,4219.2,4321.0,4197.6,674281
HAL,2026-06-11,4185.0,4172.3,4223.4,4160.0,555963
HAL,2026-06-12,4216.0,4192.3,4224.0,4166.5,693290
HAL,2026-06-15,4235.0,4284.7,4344.0,4202.6,1049980
HAL,2026-06-16,4299.8,4255.8,4314.7,4240.5,584663
HAL,2026-06-17,4276.5,4460.5,4485.0,4270.0,1421845
HAL,2026-06-18,4476.0,4411.5,4480.5,4386.5,851920
HAL,2026-06-19,4411.5,4408.1,4435.6,4385.7,834712
HAL,2026-06-22,4424.1,4515.2,4528.5,4386.0,1337548
HAL,2026-06-23,4533.9,4500.2,4535.0,4446.7,1411631
HAL,2026-06-24,4490.1,4368.9,4505.6,4309.1,975559
HAL,2026-06-25,4384.9,4368.7,4409.9,4351.2,731421
HAL,2026-06-26,4368.7,4368.7,4368.7,4368.7,0
HAL,2026-06-29,4368.0,4342.8,4378.2,4269.9,901086
HAL,2026-06-30,4356.3,4381.2,4423.5,4326.1,803535
HAL,2026-07-01,4387.9,4434.4,4464.0,4382.0,469658
HAL,2026-07-02,4431.0,4434.0,4459.6,4410.9,282618
HAL,2026-07-03,4456.2,4428.9,4502.4,4421.3,583667
HAL,2026-07-06,4432.0,4440.6,4498.2,4427.9,445462
HAL,2026-07-07,4440.0,4400.3,4441.4,4375.1,457694
HAL,2026-07-08,4382.6,4364.7,4433.7,4305.8,1050626
HAL,2026-07-09,4350.0,4378.9,4397.5,4331.0,584196
HAL,2026-07-10,4396.0,4506.8,4524.9,4396.0,1078390
HAL,2026-07-13,4498.7,4511.3,4521.7,4438.0,569353
HAL,2026-07-14,4510.1,4442.4,4510.1,4392.0,770894
HAL,2026-07-15,4444.4,4420.5,4486.6,4414.6,440343
HAL,2026-07-16,4420.5,4433.8,4460.0,4394.0,474213
HAL,2026-07-17,4435.9,4500.7,4509.4,4426.8,658032
HAVELLS,2026-04-17,1291.9,1306.4,1314.8,1285.2,770722
HAVELLS,2026-04-20,1312.8,1302.1,1318.3,1291.1,639788
HAVELLS,2026-04-21,1309.0,1328.8,1337.4,1308.6,896686
HAVELLS,2026-04-22,1336.0,1348.7,1410.7,1320.1,4815785
HAVELLS,2026-04-23,1294.6,1260.3,1299.9,1255.2,5666205
HAVELLS,2026-04-24,1262.0,1238.6,1267.4,1233.0,1752335
HAVELLS,2026-04-27,1248.0,1274.1,1281.5,1243.1,2461604
HAVELLS,2026-04-28,1273.1,1272.2,1281.2,1263.0,1435828
HAVELLS,2026-04-29,1278.0,1252.5,1290.3,1249.2,1553192
HAVELLS,2026-04-30,1252.0,1240.6,1252.0,1233.0,1559906
HAVELLS,2026-05-01,1240.6,1240.6,1240.6,1240.6,0
HAVELLS,2026-05-04,1241.1,1256.6,1264.0,1238.1,769063
HAVELLS,2026-05-05,1254.0,1239.6,1254.0,1231.0,895097
HAVELLS,2026-05-06,1251.0,1257.3,1259.8,1241.2,857286
HAVELLS,2026-05-07,1260.0,1268.9,1276.7,1254.1,998450
HAVELLS,2026-05-08,1268.9,1255.2,1274.7,1252.0,606893
HAVELLS,2026-05-11,1248.2,1230.0,1249.0,1226.6,617476
HAVELLS,2026-05-12,1225.5,1190.9,1231.6,1187.4,969615
HAVELLS,2026-05-13,1190.5,1199.2,1204.0,1183.2,638992
HAVELLS,2026-05-14,1205.0,1210.8,1214.8,1186.0,510878
HAVELLS,2026-05-15,1210.5,1209.6,1217.8,1202.6,599340
HAVELLS,2026-05-18,1206.0,1194.8,1206.0,1176.3,943013
HAVELLS,2026-05-19,1199.9,1207.2,1218.2,1195.0,502340
HAVELLS,2026-05-20,1200.0,1207.8,1213.0,1190.5,648009
HAVELLS,2026-05-21,1209.9,1209.7,1216.9,1200.3,853872
HAVELLS,2026-05-22,1217.4,1200.9,1217.4,1198.0,581336
HAVELLS,2026-05-25,1209.9,1203.8,1214.8,1200.8,375805
HAVELLS,2026-05-26,1205.4,1201.0,1205.8,1193.9,475276
HAVELLS,2026-05-27,1203.0,1211.0,1219.4,1201.6,1246990
HAVELLS,2026-05-28,1211.0,1211.0,1211.0,1211.0,0
HAVELLS,2026-05-29,1214.4,1176.8,1215.9,1166.0,4333519
HAVELLS,2026-06-01,1185.3,1143.2,1186.2,1138.1,936054
HAVELLS,2026-06-02,1133.0,1174.6,1177.7,1123.6,1283197
HAVELLS,2026-06-03,1184.2,1156.4,1184.2,1153.3,873609
HAVELLS,2026-06-04,1145.7,1166.4,1176.8,1137.0,645046
HAVELLS,2026-06-05,1177.6,1150.5,1177.6,1147.8,751308
HAVELLS,2026-06-08,1143.1,1140.3,1153.0,1129.1,947900
HAVELLS,2026-06-09,1144.9,1150.5,1154.0,1138.1,692180
HAVELLS,2026-06-10,1150.4,1155.5,1165.9,1147.8,673056
HAVELLS,2026-06-11,1154.2,1129.0,1154.2,1125.5,559810
HAVELLS,2026-06-12,1147.0,1154.1,1156.9,1134.5,458490
HAVELLS,2026-06-15,1172.2,1171.1,1191.3,1166.1,1073016
HAVELLS,2026-06-16,1176.0,1180.2,1188.6,1165.2,573010
HAVELLS,2026-06-17,1187.7,1196.8,1207.4,1183.4,803357
HAVELLS,2026-06-18,1202.7,1194.4,1209.1,1184.2,753480
HAVELLS,2026-06-19,1194.4,1176.3,1194.4,1168.2,681280
HAVELLS,2026-06-22,1185.5,1181.3,1195.6,1177.4,488074
HAVELLS,2026-06-23,1182.8,1174.8,1193.1,1171.0,561924
HAVELLS,2026-06-24,1173.0,1186.2,1189.2,1163.3,425553
HAVELLS,2026-06-25,1189.9,1178.3,1196.0,1175.4,937219
HAVELLS,2026-06-26,1178.3,1178.3,1178.3,1178.3,0
HAVELLS,2026-06-29,1178.3,1156.1,1185.8,1152.1,995233
HAVELLS,2026-06-30,1161.8,1159.3,1164.4,1140.3,986708
HAVELLS,2026-07-01,1172.6,1188.8,1200.9,1172.4,1370728
HAVELLS,2026-07-02,1193.9,1186.7,1198.0,1182.5,612723
HAVELLS,2026-07-03,1189.9,1181.1,1192.7,1176.4,474220
HAVELLS,2026-07-06,1186.5,1181.5,1190.7,1176.0,344591
HAVELLS,2026-07-07,1182.0,1225.0,1228.9,1177.1,1375962
HAVELLS,2026-07-08,1225.0,1207.8,1234.0,1197.9,2255761
HAVELLS,2026-07-09,1212.0,1190.8,1223.0,1182.6,2319664
HAVELLS,2026-07-10,1205.7,1188.4,1211.7,1176.4,2410663
HAVELLS,2026-07-13,1180.9,1178.8,1187.9,1161.6,2184918
HAVELLS,2026-07-14,1178.5,1187.3,1190.0,1167.3,1122208
HAVELLS,2026-07-15,1188.5,1177.4,1195.6,1172.0,969323
HAVELLS,2026-07-16,1179.0,1170.6,1188.1,1165.1,1429928
HAVELLS,2026-07-17,1173.0,1187.3,1194.1,1141.2,4169240
HBLENGINE,2026-04-17,783.05,786.5,794.9,778.0,1185365
HBLENGINE,2026-04-20,787.95,775.4,792.9,772.35,1058685
HBLENGINE,2026-04-21,775.8,783.3,791.85,775.6,980740
HBLENGINE,2026-04-22,780.0,816.4,822.95,780.0,4027308
HBLENGINE,2026-04-23,815.0,810.35,832.5,807.05,2062170
HBLENGINE,2026-04-24,812.55,798.35,826.8,787.55,1475904
HBLENGINE,2026-04-27,802.0,809.6,820.6,802.0,922068
HBLENGINE,2026-04-28,809.0,800.35,816.9,796.5,751295
HBLENGINE,2026-04-29,804.4,810.9,829.85,800.35,2375502
HBLENGINE,2026-04-30,809.0,798.5,815.5,787.7,1276483
HBLENGINE,2026-05-01,798.5,798.5,798.5,798.5,0
HBLENGINE,2026-05-04,805.75,798.5,810.8,784.9,1023998
HBLENGINE,2026-05-05,802.75,800.4,807.55,791.2,982155
HBLENGINE,2026-05-06,808.75,854.65,862.3,805.0,5622936
HBLENGINE,2026-05-07,865.0,848.2,875.0,845.0,2520556
HBLENGINE,2026-05-08,848.0,848.15,859.5,841.0,1164465
HBLENGINE,2026-05-11,842.05,829.7,850.0,825.2,1214959
HBLENGINE,2026-05-12,825.1,782.25,834.8,777.4,1867159
HBLENGINE,2026-05-13,784.4,783.6,803.9,780.0,1369383
HBLENGINE,2026-05-14,790.0,784.4,795.45,772.4,1090529
HBLENGINE,2026-05-15,784.4,771.95,792.75,769.0,804174
HBLENGINE,2026-05-18,758.0,745.8,763.6,736.0,1173983
HBLENGINE,2026-05-19,744.0,752.2,764.0,741.15,975683
HBLENGINE,2026-05-20,746.1,767.65,772.0,741.3,799138
HBLENGINE,2026-05-21,773.95,784.3,797.25,773.9,1455727
HBLENGINE,2026-05-22,786.3,774.65,795.45,768.05,1481502
HBLENGINE,2026-05-25,751.0,758.7,784.0,738.15,4352760
HBLENGINE,2026-05-26,761.95,799.45,808.95,760.0,3685114
HBLENGINE,2026-05-27,808.0,817.5,826.75,796.55,2586420
HBLENGINE,2026-05-28,817.5,817.5,817.5,817.5,0
HBLENGINE,2026-05-29,855.0,822.6,875.0,818.0,5948248
HBLENGINE,2026-06-01,830.0,798.15,830.6,794.0,1555424
HBLENGINE,2026-06-02,788.2,802.7,805.0,780.0,1301949
HBLENGINE,2026-06-03,804.0,786.25,805.6,781.05,987669
HBLENGINE,2026-06-04,783.0,796.65,804.6,781.55,1196540
HBLENGINE,2026-06-05,797.75,794.95,811.9,790.3,1051941
HBLENGINE,2026-06-08,780.0,766.5,788.45,761.4,878549
HBLENGINE,2026-06-09,768.0,781.4,784.75,768.0,780393
HBLENGINE,2026-06-10,780.55,753.95,781.9,750.0,975424
HBLENGINE,2026-06-11,746.0,746.0,762.6,732.1,951583
HBLENGINE,2026-06-12,757.0,774.3,775.95,755.0,887179
HBLENGINE,2026-06-15,792.05,793.1,807.7,791.1,1185407
HBLENGINE,2026-06-16,795.0,799.65,805.0,791.25,862006
HBLENGINE,2026-06-17,799.0,795.95,806.65,792.0,672540
HBLENGINE,2026-06-18,799.0,804.4,817.4,793.7,1400631
HBLENGINE,2026-06-19,801.0,815.5,832.5,798.7,2138130
HBLENGINE,2026-06-22,819.0,817.65,830.65,808.25,1407743
HBLENGINE,2026-06-23,822.0,820.55,839.9,817.5,1665159
HBLENGINE,2026-06-24,821.0,823.1,831.9,813.35,1035594
HBLENGINE,2026-06-25,831.95,827.25,844.9,823.2,2070034
HBLENGINE,2026-06-26,827.25,827.25,827.25,827.25,0
HBLENGINE,2026-06-29,828.0,792.8,831.95,789.25,1527265
HBLENGINE,2026-06-30,797.0,812.25,819.0,786.55,1585263
HBLENGINE,2026-07-01,819.0,822.3,834.4,816.05,1198938
HBLENGINE,2026-07-02,826.0,823.75,836.0,817.1,1210454
HBLENGINE,2026-07-03,824.95,816.95,829.95,816.0,583566
HBLENGINE,2026-07-06,816.0,807.5,829.5,805.0,754099
HBLENGINE,2026-07-07,809.0,781.9,810.3,780.1,1165931
HBLENGINE,2026-07-08,774.9,757.05,783.8,751.6,954214
HBLENGINE,2026-07-09,755.05,760.15,777.85,755.05,825252
HBLENGINE,2026-07-10,766.0,765.85,777.0,758.8,867134
HBLENGINE,2026-07-13,760.0,766.2,770.95,756.2,731130
HBLENGINE,2026-07-14,762.0,743.3,765.9,742.0,964470
HBLENGINE,2026-07-15,747.0,754.95,759.45,745.0,740053
HBLENGINE,2026-07-16,758.0,741.3,760.85,737.05,831798
HBLENGINE,2026-07-17,741.0,741.9,745.85,734.45,583129
HCLTECH,2026-04-17,1443.3,1442.3,1458.0,1430.0,3319268
HCLTECH,2026-04-20,1445.9,1428.3,1451.9,1424.0,2352656
HCLTECH,2026-04-21,1430.0,1441.2,1455.0,1422.4,3091487
HCLTECH,2026-04-22,1345.0,1285.3,1358.0,1281.0,33066256
HCLTECH,2026-04-23,1290.0,1277.6,1294.3,1272.0,8304759
HCLTECH,2026-04-24,1264.4,1203.2,1264.8,1198.1,10903519
HCLTECH,2026-04-27,1209.0,1228.2,1232.0,1201.0,6066942
HCLTECH,2026-04-28,1227.9,1196.0,1232.7,1192.3,6643295
HCLTECH,2026-04-29,1200.0,1200.2,1210.8,1192.1,4777201
HCLTECH,2026-04-30,1200.0,1199.1,1213.7,1184.0,5070033
HCLTECH,2026-05-01,1199.1,1199.1,1199.1,1199.1,0
HCLTECH,2026-05-04,1208.0,1200.5,1213.5,1191.4,3318673
HCLTECH,2026-05-05,1200.0,1200.2,1205.4,1190.0,2459953
HCLTECH,2026-05-06,1208.0,1189.1,1212.0,1186.4,3541520
HCLTECH,2026-05-07,1195.0,1183.4,1196.0,1181.1,3725309
HCLTECH,2026-05-08,1179.8,1198.4,1202.8,1176.8,2813749
HCLTECH,2026-05-11,1196.9,1194.9,1206.3,1191.1,2505962
HCLTECH,2026-05-12,1183.0,1145.8,1184.0,1142.6,3959561
HCLTECH,2026-05-13,1146.3,1143.2,1154.6,1137.1,2635034
HCLTECH,2026-05-14,1139.0,1124.0,1143.2,1103.4,5837032
HCLTECH,2026-05-15,1121.9,1132.6,1152.0,1121.8,3729249
HCLTECH,2026-05-18,1129.0,1146.6,1149.5,1121.4,2588569
HCLTECH,2026-05-19,1156.0,1179.4,1198.3,1152.3,5756760
HCLTECH,2026-05-20,1166.2,1169.8,1181.0,1162.4,1415960
HCLTECH,2026-05-21,1173.7,1168.2,1180.6,1163.2,2245247
HCLTECH,2026-05-22,1169.9,1164.0,1176.0,1159.9,2044782
HCLTECH,2026-05-25,1168.0,1165.7,1178.0,1162.1,1419803
HCLTECH,2026-05-26,1165.7,1161.9,1173.7,1160.0,1196820
HCLTECH,2026-05-27,1155.3,1165.2,1169.8,1153.7,1004168
HCLTECH,2026-05-28,1165.2,1165.2,1165.2,1165.2,0
HCLTECH,2026-05-29,1180.0,1183.8,1191.7,1177.0,12446602
HCLTECH,2026-06-01,1190.1,1195.1,1212.8,1190.1,5970435
HCLTECH,2026-06-02,1210.0,1243.5,1257.0,1202.2,7663067
HCLTECH,2026-06-03,1228.8,1179.0,1230.0,1176.8,4800922
HCLTECH,2026-06-04,1166.4,1168.3,1176.5,1158.2,2025595
HCLTECH,2026-06-05,1179.0,1154.7,1182.5,1147.0,1971395
HCLTECH,2026-06-08,1141.9,1151.3,1159.0,1132.3,1546444
HCLTECH,2026-06-09,1158.7,1146.3,1159.0,1136.4,2225582
HCLTECH,2026-06-10,1140.8,1132.1,1152.0,1130.0,1600595
HCLTECH,2026-06-11,1112.9,1110.2,1114.0,1089.5,3435236
HCLTECH,2026-06-12,1120.0,1109.6,1122.5,1100.5,2203987
HCLTECH,2026-06-15,1123.5,1119.3,1128.0,1113.0,2361006
HCLTECH,2026-06-16,1141.0,1159.0,1161.9,1137.5,8343470
HCLTECH,2026-06-17,1169.0,1166.8,1173.6,1159.3,2263670
HCLTECH,2026-06-18,1152.0,1161.8,1168.8,1136.1,3368037
HCLTECH,2026-06-19,1110.0,1131.7,1136.0,1091.4,10014063
HCLTECH,2026-06-22,1136.0,1130.5,1148.7,1127.0,2312385
HCLTECH,2026-06-23,1121.6,1109.5,1125.8,1105.5,3235632
HCLTECH,2026-06-24,1097.6,1113.9,1121.5,1093.2,3503015
HCLTECH,2026-06-25,1133.0,1100.7,1133.5,1097.5,5877425
HCLTECH,2026-06-26,1100.7,1100.7,1100.7,1100.7,0
HCLTECH,2026-06-29,1095.6,1102.4,1108.3,1086.0,5186504
HCLTECH,2026-06-30,1102.5,1071.8,1105.7,1068.6,3794233
HCLTECH,2026-07-01,1070.0,1034.2,1076.5,1030.0,3819777
HCLTECH,2026-07-02,1049.0,1078.1,1082.9,1048.0,3726609
HCLTECH,2026-07-03,1127.1,1139.0,1159.0,1115.1,12768463
HCLTECH,2026-07-06,1145.0,1134.2,1147.9,1126.0,2747815
HCLTECH,2026-07-07,1135.0,1168.2,1175.0,1134.0,5179529
HCLTECH,2026-07-08,1165.0,1145.6,1176.5,1141.7,3091794
HCLTECH,2026-07-09,1144.1,1150.4,1161.9,1121.0,2033525
HCLTECH,2026-07-10,1173.0,1164.1,1191.5,1153.5,3979475
HCLTECH,2026-07-13,1162.0,1221.2,1237.0,1162.0,9028077
HCLTECH,2026-07-14,1200.0,1166.7,1209.1,1164.0,9754723
HCLTECH,2026-07-15,1157.0,1168.0,1181.6,1144.5,3253196
HCLTECH,2026-07-16,1175.4,1187.4,1204.0,1174.7,5147444
HCLTECH,2026-07-17,1197.8,1203.9,1223.5,1195.8,5037972
HDFCAMC,2026-04-17,2646.3,2792.4,2799.0,2646.3,2259343
HDFCAMC,2026-04-20,2791.8,2768.2,2809.8,2753.4,1049876
HDFCAMC,2026-04-21,2754.0,2794.0,2816.8,2733.9,1593751
HDFCAMC,2026-04-22,2794.0,2766.4,2811.4,2759.3,1161510
HDFCAMC,2026-04-23,2745.0,2708.2,2762.9,2700.0,1161552
HDFCAMC,2026-04-24,2700.0,2735.0,2764.0,2692.9,1081669
HDFCAMC,2026-04-27,2749.9,2756.0,2776.5,2719.6,483814
HDFCAMC,2026-04-28,2756.0,2760.2,2788.8,2738.1,1098502
HDFCAMC,2026-04-29,2770.0,2787.9,2808.3,2760.2,832683
HDFCAMC,2026-04-30,2770.1,2712.6,2774.9,2703.7,1255481
HDFCAMC,2026-05-01,2712.6,2712.6,2712.6,2712.6,0
HDFCAMC,2026-05-04,2725.0,2753.6,2774.3,2725.0,489137
HDFCAMC,2026-05-05,2749.1,2806.3,2825.5,2707.0,981595
HDFCAMC,2026-05-06,2830.0,2815.9,2866.0,2807.4,940065
HDFCAMC,2026-05-07,2830.0,2834.6,2854.9,2780.0,814891
HDFCAMC,2026-05-08,2820.0,2854.0,2872.4,2815.3,1044961
HDFCAMC,2026-05-11,2845.0,2747.2,2845.0,2738.9,1319247
HDFCAMC,2026-05-12,2713.0,2632.8,2759.3,2623.4,894165
HDFCAMC,2026-05-13,2630.0,2652.3,2689.2,2630.0,548007
HDFCAMC,2026-05-14,2670.0,2691.6,2705.0,2618.0,649261
HDFCAMC,2026-05-15,2700.0,2703.5,2738.4,2690.2,429762
HDFCAMC,2026-05-18,2663.0,2625.1,2680.5,2600.1,990806
HDFCAMC,2026-05-19,2625.0,2653.6,2696.3,2600.9,593711
HDFCAMC,2026-05-20,2630.0,2685.3,2698.5,2605.2,1035717
HDFCAMC,2026-05-21,2711.0,2727.9,2774.2,2705.0,898831
HDFCAMC,2026-05-22,2739.0,2738.7,2767.0,2720.0,525571
HDFCAMC,2026-05-25,2768.0,2758.1,2809.8,2753.0,767309
HDFCAMC,2026-05-26,2758.1,2739.8,2765.8,2717.4,685263
HDFCAMC,2026-05-27,2728.0,2716.3,2739.1,2704.0,548519
HDFCAMC,2026-05-28,2716.3,2716.3,2716.3,2716.3,0
HDFCAMC,2026-05-29,2716.3,2674.3,2768.4,2652.6,2092882
HDFCAMC,2026-06-01,2687.5,2604.7,2712.4,2595.1,912721
HDFCAMC,2026-06-02,2574.1,2583.5,2594.7,2540.0,1342853
HDFCAMC,2026-06-03,2583.5,2510.0,2583.6,2463.5,1184566
HDFCAMC,2026-06-04,2495.5,2522.9,2548.5,2485.8,661317
HDFCAMC,2026-06-05,2483.8,2495.9,2506.2,2465.6,1100160
HDFCAMC,2026-06-08,2465.0,2453.0,2478.1,2436.5,1025312
HDFCAMC,2026-06-09,2468.0,2503.3,2509.2,2447.1,994452
HDFCAMC,2026-06-10,2503.3,2447.8,2510.4,2436.3,673825
HDFCAMC,2026-06-11,2438.0,2389.8,2450.0,2384.2,1069770
HDFCAMC,2026-06-12,2419.9,2455.9,2463.6,2380.8,1107972
HDFCAMC,2026-06-15,2500.0,2622.9,2637.2,2499.0,2029867
HDFCAMC,2026-06-16,2622.9,2658.6,2669.0,2622.9,680815
HDFCAMC,2026-06-17,2677.7,2711.1,2716.1,2654.6,912665
HDFCAMC,2026-06-18,2709.9,2728.2,2735.0,2681.8,609955
HDFCAMC,2026-06-19,2720.1,2719.0,2729.9,2685.6,430133
HDFCAMC,2026-06-22,2730.0,2689.9,2732.9,2678.7,922796
HDFCAMC,2026-06-23,2662.0,2680.0,2725.0,2656.0,666444
HDFCAMC,2026-06-24,2671.0,2625.1,2690.0,2621.0,538871
HDFCAMC,2026-06-25,2638.8,2649.7,2691.8,2638.8,824774
HDFCAMC,2026-06-26,2649.7,2649.7,2649.7,2649.7,0
HDFCAMC,2026-06-29,2638.0,2606.6,2679.9,2594.4,1613740
HDFCAMC,2026-06-30,2625.8,2653.2,2669.6,2605.6,753577
HDFCAMC,2026-07-01,2663.0,2745.8,2752.4,2655.6,1139695
HDFCAMC,2026-07-02,2747.0,2759.6,2770.1,2742.9,395005
HDFCAMC,2026-07-03,2777.0,2800.2,2808.3,2765.2,504864
HDFCAMC,2026-07-06,2821.5,2773.4,2838.4,2760.3,396364
HDFCAMC,2026-07-07,2785.0,2783.4,2806.0,2734.2,538949
HDFCAMC,2026-07-08,2768.5,2659.2,2776.1,2645.8,651746
HDFCAMC,2026-07-09,2675.0,2737.1,2744.9,2662.3,1437375
HDFCAMC,2026-07-10,2755.0,2761.2,2789.8,2748.0,846266
HDFCAMC,2026-07-13,2751.0,2749.0,2758.2,2681.0,914005
HDFCAMC,2026-07-14,2735.0,2659.8,2741.9,2642.0,1148370
HDFCAMC,2026-07-15,2681.7,2729.2,2767.3,2673.7,1658894
HDFCAMC,2026-07-16,2722.3,2602.2,2729.0,2587.6,2845724
HDFCAMC,2026-07-17,2601.7,2651.2,2669.0,2588.4,1533879
HDFCBANK,2026-04-17,790.1,799.9,803.95,788.2,37282544
HDFCBANK,2026-04-20,797.1,795.45,809.95,790.0,52148044
HDFCBANK,2026-04-21,795.2,811.75,814.9,795.2,49135752
HDFCBANK,2026-04-22,810.0,799.9,813.05,798.0,23876412
HDFCBANK,2026-04-23,792.0,784.35,796.65,782.5,37677616
HDFCBANK,2026-04-24,777.3,784.85,787.6,777.0,27720358
HDFCBANK,2026-04-27,787.5,789.8,793.0,785.0,18115375
HDFCBANK,2026-04-28,785.0,782.55,794.5,778.3,35366803
HDFCBANK,2026-04-29,785.5,779.0,790.0,777.35,25799963
HDFCBANK,2026-04-30,770.0,771.7,778.8,762.25,47998755
HDFCBANK,2026-05-01,771.7,771.7,771.7,771.7,0
HDFCBANK,2026-05-04,772.6,779.4,786.6,772.6,29028060
HDFCBANK,2026-05-05,774.4,772.3,776.9,763.7,38887657
HDFCBANK,2026-05-06,775.15,796.55,798.95,773.5,35530831
HDFCBANK,2026-05-07,794.0,796.05,801.55,788.55,46137553
HDFCBANK,2026-05-08,784.0,780.85,788.75,777.2,38016841
HDFCBANK,2026-05-11,771.95,763.65,774.85,761.9,41123422
HDFCBANK,2026-05-12,756.6,750.45,759.7,747.8,43937132
HDFCBANK,2026-05-13,752.0,749.6,759.95,747.35,28960919
HDFCBANK,2026-05-14,751.0,769.55,778.3,747.0,50992358
HDFCBANK,2026-05-15,773.0,767.5,781.9,765.4,24347873
HDFCBANK,2026-05-18,759.0,768.65,774.1,751.35,29812079
HDFCBANK,2026-05-19,766.7,762.45,770.8,760.25,40307830
HDFCBANK,2026-05-20,759.6,759.5,762.25,755.15,24013451
HDFCBANK,2026-05-21,767.0,759.15,768.25,755.15,34664725
HDFCBANK,2026-05-22,759.15,766.8,775.0,759.15,25604071
HDFCBANK,2026-05-25,776.0,786.85,787.85,775.2,26043952
HDFCBANK,2026-05-26,784.05,778.9,790.85,776.75,31528062
HDFCBANK,2026-05-27,769.5,758.65,773.9,756.9,63680153
HDFCBANK,2026-05-28,758.65,758.65,758.65,758.65,0
HDFCBANK,2026-05-29,746.05,744.55,760.5,737.75,101299431
HDFCBANK,2026-06-01,749.0,742.7,752.35,739.2,47996441
HDFCBANK,2026-06-02,737.0,748.25,753.6,733.15,47314447
HDFCBANK,2026-06-03,744.45,753.65,756.9,742.6,36109480
HDFCBANK,2026-06-04,749.15,754.2,757.3,745.0,42673538
HDFCBANK,2026-06-05,753.95,747.05,758.7,744.65,22116568
HDFCBANK,2026-06-08,738.0,738.65,741.5,734.5,21550700
HDFCBANK,2026-06-09,739.45,738.35,743.95,732.3,38539563
HDFCBANK,2026-06-10,736.5,746.85,755.95,736.4,44458159
HDFCBANK,2026-06-11,743.0,744.6,756.0,740.1,32632007
HDFCBANK,2026-06-12,754.7,772.45,774.45,753.1,36088159
HDFCBANK,2026-06-15,790.0,777.35,793.5,775.6,39990334
HDFCBANK,2026-06-16,780.5,784.9,787.7,779.45,27820970
HDFCBANK,2026-06-17,787.65,787.1,794.3,783.1,32405604
HDFCBANK,2026-06-18,786.5,799.0,802.95,786.2,41492071
HDFCBANK,2026-06-19,788.7,779.8,789.05,776.2,33798761
HDFCBANK,2026-06-22,789.9,786.4,789.9,783.1,25194765
HDFCBANK,2026-06-23,783.05,774.65,790.9,772.55,28289062
HDFCBANK,2026-06-24,773.0,793.2,794.9,772.65,34701292
HDFCBANK,2026-06-25,798.5,796.3,804.45,794.75,46707966
HDFCBANK,2026-06-26,796.3,796.3,796.3,796.3,0
HDFCBANK,2026-06-29,800.0,798.9,805.9,793.3,46695977
HDFCBANK,2026-06-30,806.1,797.95,806.1,792.75,45778356
HDFCBANK,2026-07-01,793.5,796.15,802.25,793.5,26094378
HDFCBANK,2026-07-02,795.0,795.9,805.45,794.0,34143823
HDFCBANK,2026-07-03,803.0,801.05,807.0,798.55,25871958
HDFCBANK,2026-07-06,805.0,829.85,831.5,805.0,63203327
HDFCBANK,2026-07-07,843.0,829.3,843.0,826.1,57611729
HDFCBANK,2026-07-08,825.9,810.3,834.35,806.95,38754632
HDFCBANK,2026-07-09,813.0,817.55,822.85,812.3,39891798
HDFCBANK,2026-07-10,824.0,824.95,827.7,820.3,23595785
HDFCBANK,2026-07-13,817.0,817.95,821.95,811.0,21741736
HDFCBANK,2026-07-14,811.4,809.4,818.4,807.0,25605395
HDFCBANK,2026-07-15,811.0,815.45,819.7,809.7,21488739
HDFCBANK,2026-07-16,814.5,808.3,818.0,806.5,18698186
HDFCBANK,2026-07-17,810.0,819.6,823.7,808.5,17415322
HDFCLIFE,2026-04-17,618.95,616.45,625.0,606.2,8161002
HDFCLIFE,2026-04-20,617.0,609.75,617.0,605.35,4980912
HDFCLIFE,2026-04-21,609.75,614.2,615.9,602.8,4800986
HDFCLIFE,2026-04-22,614.2,604.05,617.25,603.25,3995083
HDFCLIFE,2026-04-23,604.2,598.65,607.75,595.5,4485591
HDFCLIFE,2026-04-24,598.0,588.2,603.15,585.6,2806940
HDFCLIFE,2026-04-27,595.0,597.3,603.45,590.1,5548234
HDFCLIFE,2026-04-28,594.2,590.15,598.6,588.5,5604921
HDFCLIFE,2026-04-29,592.0,594.4,602.95,589.6,6869287
HDFCLIFE,2026-04-30,594.35,586.9,594.35,578.4,6234625
HDFCLIFE,2026-05-01,586.9,586.9,586.9,586.9,0
HDFCLIFE,2026-05-04,591.95,588.35,596.2,583.0,2591864
HDFCLIFE,2026-05-05,587.05,594.1,601.95,586.0,4081766
HDFCLIFE,2026-05-06,597.9,606.35,612.6,594.55,34338299
HDFCLIFE,2026-05-07,611.0,625.4,629.3,608.85,22416339
HDFCLIFE,2026-05-08,625.5,621.7,628.0,618.3,2352588
HDFCLIFE,2026-05-11,619.0,622.7,626.0,611.2,3739911
HDFCLIFE,2026-05-12,622.0,601.8,622.0,600.35,2789480
HDFCLIFE,2026-05-13,602.95,602.8,608.5,598.85,2288693
HDFCLIFE,2026-05-14,603.85,612.55,614.5,602.5,3120476
HDFCLIFE,2026-05-15,616.5,608.7,618.95,605.45,2900528
HDFCLIFE,2026-05-18,600.7,604.95,608.0,594.05,3980665
HDFCLIFE,2026-05-19,603.1,610.4,617.5,603.1,1778845
HDFCLIFE,2026-05-20,602.6,605.1,611.25,602.6,3698222
HDFCLIFE,2026-05-21,612.0,614.35,616.5,605.65,3625135
HDFCLIFE,2026-05-22,619.0,616.6,620.7,614.35,3481863
HDFCLIFE,2026-05-25,622.5,620.0,622.9,616.5,1723876
HDFCLIFE,2026-05-26,621.05,618.85,624.05,617.0,2241793
HDFCLIFE,2026-05-27,619.9,609.6,619.9,608.65,1266431
HDFCLIFE,2026-05-28,609.6,609.6,609.6,609.6,0
HDFCLIFE,2026-05-29,614.0,594.8,614.0,588.8,11094751
HDFCLIFE,2026-06-01,594.75,586.55,603.85,584.95,3163894
HDFCLIFE,2026-06-02,582.55,579.9,587.15,571.35,5405229
HDFCLIFE,2026-06-03,581.4,574.4,581.4,570.25,2055060
HDFCLIFE,2026-06-04,572.85,573.75,576.5,570.3,854448
HDFCLIFE,2026-06-05,577.4,575.3,590.0,573.9,3882527
HDFCLIFE,2026-06-08,571.9,564.55,572.9,560.05,2507051
HDFCLIFE,2026-06-09,564.55,560.6,572.0,557.75,3463876
HDFCLIFE,2026-06-10,560.5,549.55,567.1,547.5,3075495
HDFCLIFE,2026-06-11,546.25,545.25,550.45,543.0,3861386
HDFCLIFE,2026-06-12,552.0,555.35,557.85,545.7,2966637
HDFCLIFE,2026-06-15,561.0,581.2,583.35,561.0,2381721
HDFCLIFE,2026-06-16,582.0,574.4,582.5,571.25,2066303
HDFCLIFE,2026-06-17,576.0,581.8,582.95,573.55,1106892
HDFCLIFE,2026-06-18,583.0,591.3,592.2,581.8,2243668
HDFCLIFE,2026-06-19,586.0,591.85,593.8,584.3,2678289
HDFCLIFE,2026-06-22,591.9,597.15,598.7,591.5,2915552
HDFCLIFE,2026-06-23,598.9,597.45,605.0,594.2,3300891
HDFCLIFE,2026-06-24,596.1,591.75,596.45,585.2,2209081
HDFCLIFE,2026-06-25,595.0,585.45,597.15,583.1,1537033
HDFCLIFE,2026-06-26,585.45,585.45,585.45,585.45,0
HDFCLIFE,2026-06-29,584.45,583.25,587.45,579.1,4808121
HDFCLIFE,2026-06-30,583.7,575.85,584.95,571.15,3716670
HDFCLIFE,2026-07-01,574.8,569.95,575.5,564.8,6839847
HDFCLIFE,2026-07-02,574.3,571.35,576.5,569.05,1161547
HDFCLIFE,2026-07-03,580.0,567.7,580.0,565.7,3165444
HDFCLIFE,2026-07-06,565.75,564.2,571.2,559.95,3692940
HDFCLIFE,2026-07-07,565.5,572.45,573.8,563.1,2585422
HDFCLIFE,2026-07-08,571.45,555.7,573.65,553.15,3249938
HDFCLIFE,2026-07-09,557.0,551.85,560.75,551.0,8590339
HDFCLIFE,2026-07-10,555.0,567.7,570.0,554.0,6139132
HDFCLIFE,2026-07-13,563.0,573.4,577.0,563.0,2309255
HDFCLIFE,2026-07-14,570.0,555.2,572.0,553.25,6752588
HDFCLIFE,2026-07-15,558.5,568.75,575.35,558.0,4422146
HDFCLIFE,2026-07-16,585.0,567.6,588.0,557.0,7555055
HDFCLIFE,2026-07-17,568.3,563.65,577.2,562.9,3978771
HFCL,2026-04-17,91.5,95.49,96.2,91.02,57350410
HFCL,2026-04-20,97.0,93.3,97.49,92.92,35534087
HFCL,2026-04-21,93.95,97.84,99.5,93.24,40345376
HFCL,2026-04-22,97.84,100.37,101.5,97.27,49463580
HFCL,2026-04-23,99.35,97.75,99.9,96.79,25959845
HFCL,2026-04-24,98.2,100.22,100.94,96.21,31438140
HFCL,2026-04-27,101.75,106.69,107.9,101.75,54279670
HFCL,2026-04-28,107.2,107.24,108.8,105.32,32108858
HFCL,2026-04-29,107.69,107.1,108.2,104.61,28019806
HFCL,2026-04-30,106.8,116.03,119.5,106.8,234723195
HFCL,2026-05-01,116.03,116.03,116.03,116.03,0
HFCL,2026-05-04,122.35,126.04,128.49,119.38,180555133
HFCL,2026-05-05,126.0,128.77,133.4,125.5,136578601
HFCL,2026-05-06,128.9,141.46,142.95,128.0,167554753
HFCL,2026-05-07,143.95,146.24,147.67,140.21,130722218
HFCL,2026-05-08,146.0,141.15,146.95,137.8,71352732
HFCL,2026-05-11,139.3,148.46,151.8,137.65,112674256
HFCL,2026-05-12,150.54,147.78,153.55,146.7,98852575
HFCL,2026-05-13,149.0,153.46,154.7,146.0,72932114
HFCL,2026-05-14,154.0,151.59,155.3,142.0,91824844
HFCL,2026-05-15,152.64,147.89,153.25,146.2,31370839
HFCL,2026-05-18,147.3,139.69,148.0,137.1,50784047
HFCL,2026-05-19,140.0,138.17,142.5,134.93,46887470
HFCL,2026-05-20,138.2,139.34,142.2,135.61,27652548
HFCL,2026-05-21,140.9,141.75,146.2,138.95,40951694
HFCL,2026-05-22,142.74,148.21,148.98,141.12,44851554
HFCL,2026-05-25,158.9,162.84,163.03,155.0,106724688
HFCL,2026-05-26,163.37,161.8,168.24,160.0,73548899
HFCL,2026-05-27,162.49,173.92,176.44,161.19,79961509
HFCL,2026-05-28,173.92,173.92,173.92,173.92,0
HFCL,2026-05-29,175.0,179.94,189.08,170.32,111112652
HFCL,2026-06-01,180.0,182.28,188.0,178.01,61616434
HFCL,2026-06-02,180.0,189.94,191.39,176.5,64857457
HFCL,2026-06-03,189.9,199.41,199.43,189.0,65716679
HFCL,2026-06-04,200.0,197.08,208.98,193.66,78777077
HFCL,2026-06-05,196.0,187.23,197.0,187.23,43262952
HFCL,2026-06-08,177.87,177.87,177.87,177.87,4280312
HFCL,2026-06-09,173.0,178.01,184.7,171.1,66709753
HFCL,2026-06-10,176.08,169.11,176.4,169.11,15620529
HFCL,2026-06-11,160.66,163.68,170.7,160.66,52686036
HFCL,2026-06-12,170.0,171.86,171.86,169.01,9299089
HFCL,2026-06-15,180.45,180.45,180.45,180.45,7783340
HFCL,2026-06-16,184.0,188.98,189.47,181.5,34029890
HFCL,2026-06-17,189.94,190.13,193.4,185.1,30846259
HFCL,2026-06-18,197.13,199.63,199.63,194.56,26354654
HFCL,2026-06-19,206.99,209.61,209.61,204.01,26062936
HFCL,2026-06-22,218.99,209.46,220.09,205.1,42947143
HFCL,2026-06-23,208.05,202.29,213.0,198.99,33804636
HFCL,2026-06-24,202.0,204.77,207.0,195.0,22572686
HFCL,2026-06-25,209.8,215.0,215.0,209.51,23441205
HFCL,2026-06-26,215.0,215.0,215.0,215.0,0
HFCL,2026-06-29,212.2,210.93,213.95,204.25,41711096
HFCL,2026-06-30,213.0,212.85,219.96,209.12,26600842
HFCL,2026-07-01,214.0,212.09,216.61,210.0,15347183
HFCL,2026-07-02,209.5,204.59,209.5,201.49,29245008
HFCL,2026-07-03,205.43,214.48,214.81,205.43,19588825
HFCL,2026-07-06,212.9,224.95,225.2,210.85,28826361
HFCL,2026-07-07,224.95,226.04,229.5,217.05,31851432
HFCL,2026-07-08,220.0,214.74,223.8,214.74,16300117
HFCL,2026-07-09,213.5,214.68,217.45,208.81,21988011
HFCL,2026-07-10,221.79,217.25,222.66,214.68,16018388
HFCL,2026-07-13,214.04,214.63,218.79,211.5,11156951
HFCL,2026-07-14,211.95,212.78,214.55,206.1,12863408
HFCL,2026-07-15,214.3,223.08,223.41,214.3,32151413
HFCL,2026-07-16,226.0,224.38,229.4,221.18,14379534
HFCL,2026-07-17,217.24,213.17,219.7,213.17,14642282
HLEGLAS,2026-04-17,328.95,331.3,336.9,326.65,128386
HLEGLAS,2026-04-20,332.0,323.9,333.4,322.05,139453
HLEGLAS,2026-04-21,323.9,322.0,329.4,319.25,96257
HLEGLAS,2026-04-22,325.0,331.4,334.95,317.4,131211
HLEGLAS,2026-04-23,333.4,327.55,333.4,322.3,60254
HLEGLAS,2026-04-24,329.45,321.85,332.0,316.5,73556
HLEGLAS,2026-04-27,321.5,327.65,333.55,318.3,57993
HLEGLAS,2026-04-28,327.65,331.3,339.0,327.0,100089
HLEGLAS,2026-04-29,331.3,324.55,334.65,322.0,38079
HLEGLAS,2026-04-30,322.85,320.35,329.3,317.2,59933
HLEGLAS,2026-05-01,320.35,320.35,320.35,320.35,0
HLEGLAS,2026-05-04,320.35,322.85,326.75,317.0,137131
HLEGLAS,2026-05-05,319.15,327.3,333.6,319.15,68957
HLEGLAS,2026-05-06,327.35,340.5,344.85,326.35,168518
HLEGLAS,2026-05-07,343.2,358.85,365.0,338.0,193870
HLEGLAS,2026-05-08,356.4,352.65,362.5,350.1,85158
HLEGLAS,2026-05-11,350.0,343.85,365.65,342.4,85599
HLEGLAS,2026-05-12,342.05,327.05,349.9,323.1,91107
HLEGLAS,2026-05-13,323.0,341.05,350.0,322.0,110647
HLEGLAS,2026-05-14,343.8,328.2,350.9,325.0,154879
HLEGLAS,2026-05-15,327.0,317.35,327.05,313.5,149458
HLEGLAS,2026-05-18,317.35,304.5,319.05,292.95,219324
HLEGLAS,2026-05-19,304.5,308.75,319.8,300.0,172810
HLEGLAS,2026-05-20,308.75,306.2,318.0,304.0,133609
HLEGLAS,2026-05-21,307.35,326.0,332.5,307.15,218536
HLEGLAS,2026-05-22,326.0,324.7,328.6,319.0,148740
HLEGLAS,2026-05-25,329.9,330.8,336.75,325.8,132009
HLEGLAS,2026-05-26,330.8,332.35,336.2,327.35,66537
HLEGLAS,2026-05-27,330.0,327.95,336.8,326.0,47686
HLEGLAS,2026-05-28,327.95,327.95,327.95,327.95,0
HLEGLAS,2026-05-29,327.95,319.75,331.55,316.6,59582
HLEGLAS,2026-06-01,320.1,319.15,334.8,316.4,116734
HLEGLAS,2026-06-02,314.4,361.65,372.75,314.4,4615170
HLEGLAS,2026-06-03,364.9,391.6,409.8,364.9,10812385
HLEGLAS,2026-06-04,389.9,387.0,393.9,375.0,309660
HLEGLAS,2026-06-05,385.0,384.5,393.7,375.55,249375
HLEGLAS,2026-06-08,380.0,366.05,382.5,363.0,194890
HLEGLAS,2026-06-09,368.75,371.85,373.9,360.8,140255
HLEGLAS,2026-06-10,375.55,367.5,380.8,363.0,105451
HLEGLAS,2026-06-11,366.95,360.35,370.75,356.3,98785
HLEGLAS,2026-06-12,369.8,381.4,393.0,366.4,326185
HLEGLAS,2026-06-15,395.0,387.25,395.0,381.55,147917
HLEGLAS,2026-06-16,387.65,382.0,392.0,380.35,74342
HLEGLAS,2026-06-17,383.0,386.4,396.7,383.0,179133
HLEGLAS,2026-06-18,386.4,378.4,390.65,376.6,89771
HLEGLAS,2026-06-19,378.4,375.0,385.85,371.1,70143
HLEGLAS,2026-06-22,379.1,396.05,404.0,375.0,495161
HLEGLAS,2026-06-23,398.0,385.45,402.0,383.0,164970
HLEGLAS,2026-06-24,383.0,382.35,389.4,381.0,70684
HLEGLAS,2026-06-25,381.0,380.45,386.0,376.6,60849
HLEGLAS,2026-06-26,380.45,380.45,380.45,380.45,0
HLEGLAS,2026-06-29,379.5,375.3,392.0,371.35,92051
HLEGLAS,2026-06-30,378.3,382.55,384.9,378.05,61486
HLEGLAS,2026-07-01,383.7,385.7,392.45,381.5,74473
HLEGLAS,2026-07-02,390.0,392.05,404.0,385.55,245202
HLEGLAS,2026-07-03,393.5,381.2,397.15,375.95,120811
HLEGLAS,2026-07-06,382.2,387.4,389.0,377.4,69129
HLEGLAS,2026-07-07,395.0,404.35,407.7,388.3,846645
HLEGLAS,2026-07-08,404.45,402.8,444.4,396.5,2781515
HLEGLAS,2026-07-09,403.0,418.6,432.45,403.0,671661
HLEGLAS,2026-07-10,419.7,419.05,434.5,411.8,390808
HLEGLAS,2026-07-13,416.0,409.25,420.0,407.3,187021
HLEGLAS,2026-07-14,407.55,393.55,408.2,384.5,173914
HLEGLAS,2026-07-15,394.0,418.65,423.8,392.3,602549
HLEGLAS,2026-07-16,425.0,437.45,446.0,418.8,604018
HLEGLAS,2026-07-17,437.45,422.0,437.45,418.35,195850
HNDFDS,2026-04-17,509.0,508.55,511.4,505.0,27142
HNDFDS,2026-04-20,507.0,493.4,508.4,492.0,71307
HNDFDS,2026-04-21,494.0,497.6,501.45,488.15,64635
HNDFDS,2026-04-22,495.0,494.95,499.8,493.0,36862
HNDFDS,2026-04-23,492.0,491.95,506.25,490.0,48069
HNDFDS,2026-04-24,493.2,486.6,494.15,479.05,94092
HNDFDS,2026-04-27,485.1,491.2,496.0,484.5,70855
HNDFDS,2026-04-28,491.25,483.15,495.7,482.0,55339
HNDFDS,2026-04-29,483.2,490.6,492.15,483.2,14191
HNDFDS,2026-04-30,487.75,492.95,498.0,483.25,44864
HNDFDS,2026-05-01,492.95,492.95,492.95,492.95,0
HNDFDS,2026-05-04,492.0,503.6,510.0,492.0,52770
HNDFDS,2026-05-05,504.0,523.8,533.0,503.6,121825
HNDFDS,2026-05-06,526.0,536.2,551.0,524.0,150674
HNDFDS,2026-05-07,535.0,547.65,553.45,533.6,120588
HNDFDS,2026-05-08,546.15,545.1,547.95,535.05,40579
HNDFDS,2026-05-11,543.0,534.6,545.9,524.05,68480
HNDFDS,2026-05-12,532.95,522.2,538.7,511.85,67563
HNDFDS,2026-05-13,521.0,520.7,528.15,515.4,26049
HNDFDS,2026-05-14,522.05,520.35,526.4,514.0,38077
HNDFDS,2026-05-15,524.0,520.15,524.0,515.6,96780
HNDFDS,2026-05-18,512.0,514.85,518.35,510.6,41758
HNDFDS,2026-05-19,511.35,522.8,528.85,511.35,22642
HNDFDS,2026-05-20,518.0,522.2,523.2,515.3,11587
HNDFDS,2026-05-21,528.0,527.45,531.95,521.6,32302
HNDFDS,2026-05-22,540.0,513.35,549.25,509.1,131599
HNDFDS,2026-05-25,522.6,535.95,539.0,516.5,128328
HNDFDS,2026-05-26,537.0,538.5,545.0,523.95,68700
HNDFDS,2026-05-27,542.0,531.9,542.0,528.0,40403
HNDFDS,2026-05-28,531.9,531.9,531.9,531.9,0
HNDFDS,2026-05-29,531.9,518.75,531.95,515.0,41488
HNDFDS,2026-06-01,524.0,523.05,538.2,515.55,52858
HNDFDS,2026-06-02,521.25,540.25,543.9,517.1,89638
HNDFDS,2026-06-03,540.25,536.7,545.0,531.0,76735
HNDFDS,2026-06-04,536.4,536.7,544.8,529.5,72186
HNDFDS,2026-06-05,541.0,530.25,541.05,529.0,24203
HNDFDS,2026-06-08,522.4,526.25,539.75,522.4,52364
HNDFDS,2026-06-09,523.5,530.35,533.75,521.0,37163
HNDFDS,2026-06-10,530.35,523.85,534.0,522.0,19997
HNDFDS,2026-06-11,523.0,529.3,536.0,518.0,42747
HNDFDS,2026-06-12,534.5,529.7,539.0,527.55,39133
HNDFDS,2026-06-15,535.0,557.7,568.45,531.65,147012
HNDFDS,2026-06-16,566.85,553.55,567.95,549.05,44916
HNDFDS,2026-06-17,558.0,546.6,558.0,546.0,35525
HNDFDS,2026-06-18,549.9,554.25,565.75,546.55,65865
HNDFDS,2026-06-19,555.0,545.4,568.95,543.3,110538
HNDFDS,2026-06-22,546.75,550.2,565.5,546.75,221119
HNDFDS,2026-06-23,553.1,549.25,554.9,540.0,74639
HNDFDS,2026-06-24,547.05,563.85,568.85,547.05,287810
HNDFDS,2026-06-25,564.85,559.75,566.5,555.0,71128
HNDFDS,2026-06-26,559.75,559.75,559.75,559.75,0
HNDFDS,2026-06-29,560.0,550.95,564.35,548.1,45022
HNDFDS,2026-06-30,550.95,556.0,560.95,546.85,59053
HNDFDS,2026-07-01,556.0,560.85,565.0,555.4,52484
HNDFDS,2026-07-02,560.05,561.8,565.0,557.7,49086
HNDFDS,2026-07-03,565.0,551.05,571.95,546.2,166356
HNDFDS,2026-07-06,555.0,541.55,555.1,538.05,51886
HNDFDS,2026-07-07,542.1,538.75,543.15,524.15,151035
HNDFDS,2026-07-08,540.0,532.5,541.1,529.65,40314
HNDFDS,2026-07-09,532.5,547.95,551.2,532.5,59408
HNDFDS,2026-07-10,554.0,569.55,575.0,546.85,179372
HNDFDS,2026-07-13,574.95,571.3,594.0,565.2,173299
HNDFDS,2026-07-14,568.45,557.8,572.0,556.0,47899
HNDFDS,2026-07-15,557.8,560.65,568.75,555.65,65046
HNDFDS,2026-07-16,558.8,564.05,567.75,558.1,29025
HNDFDS,2026-07-17,564.0,558.4,566.05,554.0,35523
HONAUT,2026-04-17,31895.0,32785.0,32900.0,31800.0,11733
HONAUT,2026-04-20,33085.0,32555.0,33100.0,32225.0,5496
HONAUT,2026-04-21,32395.0,32620.0,32695.0,32235.0,3850
HONAUT,2026-04-22,32500.0,32705.0,32795.0,32205.0,3502
HONAUT,2026-04-23,32700.0,32650.0,32850.0,32400.0,3571
HONAUT,2026-04-24,32805.0,31365.0,32880.0,31215.0,5020
HONAUT,2026-04-27,31365.0,31850.0,31895.0,31295.0,2578
HONAUT,2026-04-28,31900.0,31255.0,32005.0,31150.0,1921
HONAUT,2026-04-29,31415.0,31575.0,31695.0,31075.0,2497
HONAUT,2026-04-30,31550.0,31030.0,31550.0,30855.0,2138
HONAUT,2026-05-04,31400.0,31190.0,31400.0,30945.0,2058
HONAUT,2026-05-05,31495.0,30685.0,31495.0,30560.0,2469
HONAUT,2026-05-06,31210.0,30180.0,31210.0,30000.0,6660
HONAUT,2026-05-07,30310.0,30605.0,30970.0,30255.0,12743
HONAUT,2026-05-08,30650.0,30170.0,30885.0,30110.0,2514
HONAUT,2026-05-11,30155.0,29340.0,30155.0,29250.0,4926
HONAUT,2026-05-12,29340.0,28455.0,29540.0,28100.0,5037
HONAUT,2026-05-13,28450.0,28215.0,28860.0,28000.0,4851
HONAUT,2026-05-14,28455.0,28720.0,28810.0,28260.0,2111
HONAUT,2026-05-15,28725.0,28975.0,29435.0,28540.0,2989
HONAUT,2026-05-18,28950.0,28685.0,28950.0,28150.0,2886
HONAUT,2026-05-19,28685.0,29075.0,29265.0,28685.0,2128
HONAUT,2026-05-20,29075.0,30180.0,30380.0,28540.0,15569
HONAUT,2026-05-21,31500.0,34965.0,35735.0,31385.0,190673
HONAUT,2026-05-22,34900.0,35405.0,36550.0,34605.0,61734
HONAUT,2026-05-25,35245.0,34405.0,35540.0,34000.0,21296
HONAUT,2026-05-26,34550.0,35570.0,35895.0,34550.0,21366
HONAUT,2026-05-27,36000.0,36180.0,36400.0,35635.0,11755
HONAUT,2026-05-28,36180.0,36180.0,36180.0,36180.0,0
HONAUT,2026-05-29,36300.0,35520.0,36500.0,35300.0,11346
HONAUT,2026-06-01,35700.0,35070.0,36195.0,34970.0,4667
HONAUT,2026-06-02,35070.0,34895.0,36035.0,34740.0,29968
HONAUT,2026-06-03,35180.0,34750.0,35295.0,34260.0,4528
HONAUT,2026-06-04,34910.0,34485.0,35180.0,34355.0,3125
HONAUT,2026-06-05,34800.0,34700.0,34970.0,34240.0,4364
HONAUT,2026-06-08,34300.0,34540.0,35840.0,34300.0,10161
HONAUT,2026-06-09,34800.0,35125.0,35250.0,34780.0,3132
HONAUT,2026-06-10,35250.0,36130.0,36700.0,34950.0,13857
HONAUT,2026-06-11,36130.0,35230.0,36420.0,35025.0,5455
HONAUT,2026-06-12,35455.0,36160.0,36400.0,35455.0,5576
HONAUT,2026-06-15,36395.0,35905.0,37095.0,35770.0,4789
HONAUT,2026-06-16,36260.0,36620.0,36720.0,35905.0,4462
HONAUT,2026-06-17,36700.0,36380.0,37150.0,36065.0,5052
HONAUT,2026-06-18,36740.0,37170.0,37490.0,36500.0,6140
HONAUT,2026-06-19,37170.0,37460.0,37750.0,36955.0,6229
HONAUT,2026-06-22,37800.0,38355.0,38450.0,37500.0,5678
HONAUT,2026-06-23,38300.0,38205.0,39280.0,38100.0,7134
HONAUT,2026-06-24,38500.0,39015.0,39535.0,38400.0,9009
HONAUT,2026-06-25,39015.0,39405.0,39650.0,39000.0,4985
HONAUT,2026-06-26,39405.0,39405.0,39405.0,39405.0,0
HONAUT,2026-06-29,39600.0,39020.0,39840.0,38780.0,6541
HONAUT,2026-06-30,39000.0,39735.0,39900.0,39000.0,4431
HONAUT,2026-07-01,39850.0,39655.0,40480.0,39450.0,7055
HONAUT,2026-07-02,39955.0,39545.0,39995.0,39280.0,3825
HONAUT,2026-07-03,39700.0,39515.0,39700.0,39465.0,2550
HONAUT,2026-07-06,39515.0,38515.0,39600.0,38385.0,2880
HONAUT,2026-07-07,38700.0,38140.0,38895.0,37875.0,2824
HONAUT,2026-07-08,37950.0,38045.0,38320.0,37315.0,6524
HONAUT,2026-07-09,38000.0,38015.0,38650.0,37930.0,5473
HONAUT,2026-07-10,38215.0,38175.0,38465.0,37985.0,4860
HONAUT,2026-07-13,38165.0,38215.0,38300.0,37580.0,6739
HONAUT,2026-07-14,38200.0,38060.0,38370.0,37950.0,3189
HONAUT,2026-07-15,38450.0,39540.0,39705.0,38125.0,4486
HONAUT,2026-07-16,39545.0,39015.0,39800.0,38955.0,5445
HONAUT,2026-07-17,38655.0,38955.0,39155.0,38565.0,4822
HSCL,2026-04-17,491.2,493.55,495.5,487.7,2566918
HSCL,2026-04-20,496.0,489.0,496.0,482.65,5461730
HSCL,2026-04-21,490.0,506.55,513.45,487.0,6547185
HSCL,2026-04-22,510.0,523.1,525.25,509.05,3171788
HSCL,2026-04-23,522.0,536.2,538.2,522.0,3980730
HSCL,2026-04-24,549.0,566.15,605.0,548.15,77258510
HSCL,2026-04-27,577.0,570.65,583.7,544.5,21019872
HSCL,2026-04-28,571.0,571.4,582.6,563.75,9311132
HSCL,2026-04-29,573.55,601.6,608.5,570.05,10045746
HSCL,2026-04-30,603.95,607.75,624.0,595.2,13260089
HSCL,2026-05-01,607.75,607.75,607.75,607.75,0
HSCL,2026-05-04,619.15,609.9,642.6,587.4,15427013
HSCL,2026-05-05,610.0,614.7,628.0,601.8,16746158
HSCL,2026-05-06,609.4,635.15,654.45,600.25,15500586
HSCL,2026-05-07,640.0,614.9,646.5,610.0,9678191
HSCL,2026-05-08,618.0,637.65,646.9,611.1,12389012
HSCL,2026-05-11,631.95,615.95,632.0,609.2,15397336
HSCL,2026-05-12,615.5,607.7,628.6,598.8,19156210
HSCL,2026-05-13,606.0,618.7,631.05,580.8,13151585
HSCL,2026-05-14,617.5,617.05,632.5,611.1,4558922
HSCL,2026-05-15,620.0,596.0,624.2,588.15,7890942
HSCL,2026-05-18,593.2,551.5,595.65,546.35,8758965
HSCL,2026-05-19,557.0,563.75,596.6,539.6,20865976
HSCL,2026-05-20,558.0,581.4,586.35,555.75,5599067
HSCL,2026-05-21,584.0,590.55,607.95,577.1,11914065
HSCL,2026-05-22,596.0,587.15,597.4,579.35,5185493
HSCL,2026-05-25,587.0,593.25,597.0,578.05,6111518
HSCL,2026-05-26,595.5,606.4,619.95,593.6,6911907
HSCL,2026-05-27,607.9,607.2,625.0,603.75,8455044
HSCL,2026-05-28,607.2,607.2,607.2,607.2,0
HSCL,2026-05-29,611.0,606.45,614.15,595.0,6139031
HSCL,2026-06-01,604.0,603.4,612.25,588.6,8763874
HSCL,2026-06-02,600.0,607.1,611.5,592.65,7233121
HSCL,2026-06-03,609.0,602.05,614.7,580.9,11405271
HSCL,2026-06-04,602.0,642.0,646.0,602.0,19227270
HSCL,2026-06-05,645.75,685.05,698.0,624.2,24445679
HSCL,2026-06-08,680.0,667.2,692.15,633.8,26999921
HSCL,2026-06-09,663.0,679.5,683.2,647.4,14690494
HSCL,2026-06-10,682.0,693.0,707.45,663.0,21296979
HSCL,2026-06-11,687.5,680.05,704.5,673.15,12918718
HSCL,2026-06-12,692.0,680.5,693.5,667.7,16776394
HSCL,2026-06-15,690.0,668.9,692.4,663.15,13206369
HSCL,2026-06-16,672.0,689.2,695.0,663.4,12041950
HSCL,2026-06-17,689.8,701.1,712.5,684.2,12294889
HSCL,2026-06-18,700.7,690.3,718.0,687.5,14206270
HSCL,2026-06-19,689.0,671.05,699.95,665.6,13846530
HSCL,2026-06-22,676.95,655.05,677.0,648.6,24307326
HSCL,2026-06-23,660.0,639.25,663.75,633.0,19800406
HSCL,2026-06-24,637.75,663.0,667.95,630.05,10544357
HSCL,2026-06-25,663.95,678.1,685.8,652.75,14453572
HSCL,2026-06-26,678.1,678.1,678.1,678.1,0
HSCL,2026-06-29,677.95,675.5,681.85,663.3,14119959
HSCL,2026-06-30,677.95,679.2,693.3,669.55,13229737
HSCL,2026-07-01,678.7,645.55,684.0,640.0,18649588
HSCL,2026-07-02,649.2,662.65,669.45,643.8,8235138
HSCL,2026-07-03,667.0,680.65,689.65,666.0,7010858
HSCL,2026-07-06,682.0,684.15,693.9,673.0,14017070
HSCL,2026-07-07,685.0,643.55,693.0,639.0,23524955
HSCL,2026-07-08,642.4,640.85,647.5,635.85,4819274
HSCL,2026-07-09,642.0,650.05,659.55,638.5,4897333
HSCL,2026-07-10,656.0,660.45,664.95,654.4,2613472
HSCL,2026-07-13,658.6,663.1,669.8,653.0,4418989
HSCL,2026-07-14,662.5,671.4,674.7,660.05,5549481
HSCL,2026-07-15,676.0,681.55,684.5,674.0,6528408
HSCL,2026-07-16,690.0,722.35,734.0,687.65,28438175
HSCL,2026-07-17,727.5,741.55,744.5,706.55,18316544
ICICIBANK,2026-04-17,1347.0,1346.8,1352.9,1334.0,18151993
ICICIBANK,2026-04-20,1364.7,1356.2,1376.4,1353.0,21551520
ICICIBANK,2026-04-21,1368.0,1388.4,1393.1,1360.0,23312455
ICICIBANK,2026-04-22,1380.0,1367.6,1380.1,1365.0,13613487
ICICIBANK,2026-04-23,1348.4,1348.0,1354.0,1343.5,20111792
ICICIBANK,2026-04-24,1336.3,1326.2,1348.8,1324.0,14056743
ICICIBANK,2026-04-27,1327.9,1314.1,1335.9,1310.9,15385625
ICICIBANK,2026-04-28,1314.3,1292.0,1317.7,1286.7,16774778
ICICIBANK,2026-04-29,1294.7,1281.0,1296.8,1276.2,11716030
ICICIBANK,2026-04-30,1261.0,1263.4,1272.2,1259.0,17740110
ICICIBANK,2026-05-01,1263.4,1263.4,1263.4,1263.4,0
ICICIBANK,2026-05-04,1264.3,1270.8,1282.2,1264.3,14597051
ICICIBANK,2026-05-05,1264.0,1251.3,1266.7,1245.5,24447935
ICICIBANK,2026-05-06,1262.0,1279.5,1282.8,1252.1,22909586
ICICIBANK,2026-05-07,1284.7,1279.0,1294.0,1273.2,25028552
ICICIBANK,2026-05-08,1279.6,1264.8,1279.6,1261.2,11137424
ICICIBANK,2026-05-11,1259.4,1266.4,1275.7,1252.0,18980488
ICICIBANK,2026-05-12,1256.0,1240.3,1259.9,1236.3,21110708
ICICIBANK,2026-05-13,1238.3,1235.6,1249.2,1227.2,19490295
ICICIBANK,2026-05-14,1239.1,1246.0,1256.7,1236.0,16535600
ICICIBANK,2026-05-15,1246.6,1244.5,1258.0,1242.0,11745614
ICICIBANK,2026-05-18,1235.5,1251.1,1253.7,1232.0,13918850
ICICIBANK,2026-05-19,1251.1,1240.8,1256.3,1229.8,38929053
ICICIBANK,2026-05-20,1230.0,1237.3,1239.7,1223.3,14953103
ICICIBANK,2026-05-21,1245.3,1242.8,1248.3,1234.4,14394386
ICICIBANK,2026-05-22,1242.0,1264.3,1270.8,1242.0,11601085
ICICIBANK,2026-05-25,1271.0,1291.8,1293.5,1270.9,13853923
ICICIBANK,2026-05-26,1290.0,1279.1,1301.8,1276.2,18400405
ICICIBANK,2026-05-27,1286.0,1272.7,1293.4,1266.7,18366272
ICICIBANK,2026-05-28,1272.7,1272.7,1272.7,1272.7,0
ICICIBANK,2026-05-29,1275.1,1256.4,1287.8,1247.9,31007884
ICICIBANK,2026-06-01,1257.1,1239.7,1261.9,1235.9,9911975
ICICIBANK,2026-06-02,1233.0,1226.6,1237.7,1220.7,17920892
ICICIBANK,2026-06-03,1219.9,1242.0,1248.3,1213.7,13934754
ICICIBANK,2026-06-04,1232.2,1251.7,1262.3,1232.2,19461560
ICICIBANK,2026-06-05,1257.0,1262.1,1265.0,1250.0,10166393
ICICIBANK,2026-06-08,1246.4,1250.2,1254.0,1243.1,10714196
ICICIBANK,2026-06-09,1255.0,1275.0,1279.9,1252.7,22368579
ICICIBANK,2026-06-10,1271.3,1293.3,1306.0,1271.3,25951584
ICICIBANK,2026-06-11,1286.5,1317.0,1333.0,1286.5,35919374
ICICIBANK,2026-06-12,1330.0,1340.8,1344.3,1318.7,18339846
ICICIBANK,2026-06-15,1354.6,1327.6,1362.7,1325.3,16172921
ICICIBANK,2026-06-16,1331.9,1334.3,1337.3,1326.3,13069159
ICICIBANK,2026-06-17,1342.0,1336.8,1346.0,1333.4,8026424
ICICIBANK,2026-06-18,1333.6,1342.3,1346.9,1331.4,13467985
ICICIBANK,2026-06-19,1340.5,1346.5,1352.3,1332.0,9057322
ICICIBANK,2026-06-22,1353.0,1352.4,1362.7,1348.4,4814845
ICICIBANK,2026-06-23,1358.0,1338.3,1369.1,1331.5,11884879
ICICIBANK,2026-06-24,1340.6,1373.6,1377.6,1340.6,16440708
ICICIBANK,2026-06-25,1381.9,1387.5,1404.0,1380.1,17173209
ICICIBANK,2026-06-26,1387.5,1387.5,1387.5,1387.5,0
ICICIBANK,2026-06-29,1390.0,1387.6,1402.0,1383.2,13249405
ICICIBANK,2026-06-30,1402.0,1375.2,1402.0,1366.1,18398057
ICICIBANK,2026-07-01,1371.4,1379.8,1385.1,1367.7,11948034
ICICIBANK,2026-07-02,1381.9,1400.0,1405.0,1376.8,15779429
ICICIBANK,2026-07-03,1414.0,1411.4,1420.0,1405.9,12901785
ICICIBANK,2026-07-06,1412.0,1426.9,1431.6,1411.6,12306949
ICICIBANK,2026-07-07,1431.6,1414.7,1433.0,1410.0,15664178
ICICIBANK,2026-07-08,1410.3,1380.6,1418.3,1375.9,10573142
ICICIBANK,2026-07-09,1382.9,1380.7,1403.6,1377.3,13948838
ICICIBANK,2026-07-10,1389.7,1401.2,1408.2,1389.6,6409645
ICICIBANK,2026-07-13,1393.5,1409.5,1413.0,1386.3,10091437
ICICIBANK,2026-07-14,1400.0,1407.7,1411.8,1392.0,14133017
ICICIBANK,2026-07-15,1412.9,1416.2,1428.0,1409.2,12961648
ICICIBANK,2026-07-16,1420.1,1418.2,1423.7,1406.2,10165264
ICICIBANK,2026-07-17,1422.1,1444.3,1455.1,1419.7,11112550
ICICIGI,2026-04-17,1899.0,1891.6,1899.0,1860.4,419529
ICICIGI,2026-04-20,1891.6,1876.5,1908.8,1859.5,319379
ICICIGI,2026-04-21,1875.0,1840.0,1875.0,1831.0,632644
ICICIGI,2026-04-22,1832.7,1829.0,1847.4,1815.0,823430
ICICIGI,2026-04-23,1829.0,1809.9,1838.4,1797.3,513360
ICICIGI,2026-04-24,1814.4,1772.1,1819.3,1765.0,380216
ICICIGI,2026-04-27,1780.0,1770.5,1792.4,1758.1,400221
ICICIGI,2026-04-28,1772.3,1771.8,1786.9,1758.8,351217
ICICIGI,2026-04-29,1781.0,1770.6,1806.7,1765.1,313134
ICICIGI,2026-04-30,1760.0,1763.2,1777.0,1736.3,774438
ICICIGI,2026-05-01,1763.2,1763.2,1763.2,1763.2,0
ICICIGI,2026-05-04,1762.0,1756.8,1783.2,1742.9,605738
ICICIGI,2026-05-05,1754.0,1776.9,1780.0,1745.0,492459
ICICIGI,2026-05-06,1785.0,1809.9,1822.6,1775.2,1034320
ICICIGI,2026-05-07,1817.0,1850.2,1862.8,1810.5,1106982
ICICIGI,2026-05-08,1858.0,1828.0,1861.2,1792.3,1151253
ICICIGI,2026-05-11,1820.0,1828.6,1842.7,1803.6,422956
ICICIGI,2026-05-12,1834.0,1782.8,1834.0,1777.0,837247
ICICIGI,2026-05-13,1782.7,1804.2,1818.0,1763.6,604280
ICICIGI,2026-05-14,1816.0,1848.9,1852.2,1800.9,347634
ICICIGI,2026-05-15,1848.0,1835.2,1856.8,1824.8,272765
ICICIGI,2026-05-18,1820.0,1813.0,1830.0,1789.5,306298
ICICIGI,2026-05-19,1813.0,1822.8,1833.2,1807.8,247256
ICICIGI,2026-05-20,1794.1,1784.8,1811.9,1776.0,667259
ICICIGI,2026-05-21,1791.9,1801.0,1805.0,1767.2,387656
ICICIGI,2026-05-22,1809.9,1826.2,1850.5,1808.5,486144
ICICIGI,2026-05-25,1835.1,1854.3,1860.8,1832.4,388195
ICICIGI,2026-05-26,1862.0,1860.3,1887.5,1842.0,279695
ICICIGI,2026-05-27,1861.0,1850.6,1870.7,1848.5,241816
ICICIGI,2026-05-28,1850.6,1850.6,1850.6,1850.6,0
ICICIGI,2026-05-29,1852.5,1792.2,1857.1,1739.5,2916778
ICICIGI,2026-06-01,1790.9,1747.9,1795.7,1735.1,708513
ICICIGI,2026-06-02,1744.1,1746.5,1758.8,1718.4,743670
ICICIGI,2026-06-03,1730.2,1740.8,1745.0,1720.0,711061
ICICIGI,2026-06-04,1726.0,1732.9,1746.2,1726.0,651770
ICICIGI,2026-06-05,1737.7,1758.0,1773.5,1737.7,756353
ICICIGI,2026-06-08,1735.0,1738.4,1757.4,1731.6,416610
ICICIGI,2026-06-09,1738.4,1777.7,1802.4,1738.4,1059311
ICICIGI,2026-06-10,1777.2,1732.2,1790.0,1728.0,556318
ICICIGI,2026-06-11,1732.2,1712.4,1735.8,1707.7,260159
ICICIGI,2026-06-12,1721.0,1695.7,1721.0,1671.8,702448
ICICIGI,2026-06-15,1715.0,1734.1,1744.2,1715.0,496234
ICICIGI,2026-06-16,1734.4,1783.6,1790.0,1732.0,389087
ICICIGI,2026-06-17,1771.1,1790.5,1797.0,1771.1,947808
ICICIGI,2026-06-18,1788.0,1839.0,1844.0,1785.3,539566
ICICIGI,2026-06-19,1844.9,1870.1,1884.1,1818.7,1503031
ICICIGI,2026-06-22,1877.9,1860.2,1893.5,1855.0,655498
ICICIGI,2026-06-23,1852.1,1832.5,1866.6,1822.2,219434
ICICIGI,2026-06-24,1838.5,1821.1,1847.9,1813.5,500864
ICICIGI,2026-06-25,1835.0,1813.6,1839.3,1809.0,420984
ICICIGI,2026-06-26,1813.6,1813.6,1813.6,1813.6,0
ICICIGI,2026-06-29,1810.0,1768.1,1822.7,1763.0,605975
ICICIGI,2026-06-30,1775.0,1741.7,1775.1,1733.4,1825831
ICICIGI,2026-07-01,1734.9,1757.6,1763.0,1733.0,630534
ICICIGI,2026-07-02,1766.0,1761.0,1767.6,1742.4,363624
ICICIGI,2026-07-03,1762.9,1772.8,1783.0,1762.9,408344
ICICIGI,2026-07-06,1777.0,1785.4,1788.8,1766.8,224316
ICICIGI,2026-07-07,1785.4,1794.3,1807.2,1771.8,460961
ICICIGI,2026-07-08,1795.3,1804.2,1837.9,1793.6,818878
ICICIGI,2026-07-09,1820.0,1794.7,1820.0,1780.2,425054
ICICIGI,2026-07-10,1800.0,1826.2,1837.4,1798.4,504410
ICICIGI,2026-07-13,1806.0,1787.3,1812.8,1745.2,1585337
ICICIGI,2026-07-14,1785.1,1788.1,1800.0,1748.5,1081265
ICICIGI,2026-07-15,1800.0,1814.6,1821.9,1790.9,637190
ICICIGI,2026-07-16,1700.0,1623.8,1723.9,1544.6,13018936
ICICIGI,2026-07-17,1616.9,1612.2,1616.9,1571.8,4018447
IDEAFORGE,2026-04-17,464.05,476.85,480.0,464.05,541051
IDEAFORGE,2026-04-20,477.0,461.95,479.2,460.0,284083
IDEAFORGE,2026-04-21,459.05,483.9,494.8,459.05,910840
IDEAFORGE,2026-04-22,483.1,545.9,568.75,481.9,15164113
IDEAFORGE,2026-04-23,546.1,528.8,548.8,525.0,1163757
IDEAFORGE,2026-04-24,530.0,515.3,540.45,511.5,711843
IDEAFORGE,2026-04-27,518.7,549.9,562.5,511.05,1867469
IDEAFORGE,2026-04-28,547.6,567.15,580.0,546.0,1712310
IDEAFORGE,2026-04-29,578.9,602.0,622.2,577.55,4839999
IDEAFORGE,2026-04-30,603.0,609.2,619.0,581.3,1710079
IDEAFORGE,2026-05-01,609.2,609.2,609.2,609.2,0
IDEAFORGE,2026-05-04,710.0,731.0,731.0,682.6,7679966
IDEAFORGE,2026-05-05,751.0,804.1,804.1,745.15,11592268
IDEAFORGE,2026-05-06,814.7,812.25,849.35,790.6,7435328
IDEAFORGE,2026-05-07,819.8,792.25,819.8,785.3,2057928
IDEAFORGE,2026-05-08,795.0,814.15,832.0,758.45,2928289
IDEAFORGE,2026-05-11,814.0,795.2,820.0,790.0,951554
IDEAFORGE,2026-05-12,795.15,732.6,796.95,720.0,1446010
IDEAFORGE,2026-05-13,732.2,771.1,798.5,732.2,1913918
IDEAFORGE,2026-05-14,780.05,848.2,848.2,777.95,4123344
IDEAFORGE,2026-05-15,875.0,818.7,888.0,802.2,2839809
IDEAFORGE,2026-05-18,803.0,817.7,834.95,761.1,1647067
IDEAFORGE,2026-05-19,780.4,776.85,817.0,776.85,337994
IDEAFORGE,2026-05-20,746.0,753.35,771.25,738.05,370201
IDEAFORGE,2026-05-21,756.0,739.0,769.5,727.0,276663
IDEAFORGE,2026-05-22,739.05,775.95,775.95,728.35,328037
IDEAFORGE,2026-05-25,814.0,814.7,814.7,810.0,200428
IDEAFORGE,2026-05-26,845.0,855.4,855.4,830.0,595674
IDEAFORGE,2026-05-27,842.0,845.3,882.0,822.0,579560
IDEAFORGE,2026-05-28,845.3,845.3,845.3,845.3,0
IDEAFORGE,2026-05-29,880.0,845.0,880.0,815.3,375987
IDEAFORGE,2026-06-01,856.0,805.6,866.0,802.75,351270
IDEAFORGE,2026-06-02,805.0,828.9,841.7,776.8,261811
IDEAFORGE,2026-06-03,839.0,857.15,870.0,806.8,329383
IDEAFORGE,2026-06-04,900.0,900.0,900.0,889.9,456053
IDEAFORGE,2026-06-05,945.0,945.0,945.0,945.0,221612
IDEAFORGE,2026-06-08,939.95,938.75,992.25,915.3,1118595
IDEAFORGE,2026-06-09,920.0,964.9,985.35,913.0,466199
IDEAFORGE,2026-06-10,976.0,916.7,987.9,916.7,324588
IDEAFORGE,2026-06-11,870.9,870.9,910.4,870.9,375205
IDEAFORGE,2026-06-12,880.2,869.1,900.0,852.3,335109
IDEAFORGE,2026-06-15,890.0,864.85,898.0,851.3,286088
IDEAFORGE,2026-06-16,868.0,908.05,908.05,845.0,249709
IDEAFORGE,2026-06-17,942.0,929.1,942.0,890.0,363400
IDEAFORGE,2026-06-18,926.0,919.75,926.9,904.6,198342
IDEAFORGE,2026-06-19,918.9,931.45,950.0,886.05,278657
IDEAFORGE,2026-06-22,936.1,891.05,937.0,885.25,277645
IDEAFORGE,2026-06-23,894.0,860.45,908.5,850.55,265481
IDEAFORGE,2026-06-24,859.0,817.45,880.0,817.45,340032
IDEAFORGE,2026-06-25,814.85,824.75,828.0,785.3,318768
IDEAFORGE,2026-06-26,824.75,824.75,824.75,824.75,0
IDEAFORGE,2026-06-29,819.0,810.95,819.0,786.6,129068
IDEAFORGE,2026-06-30,810.95,815.65,830.0,795.0,143089
IDEAFORGE,2026-07-01,816.0,856.4,856.4,810.0,147512
IDEAFORGE,2026-07-02,876.0,847.05,876.0,840.0,207016
IDEAFORGE,2026-07-03,857.9,821.6,857.9,816.6,154820
IDEAFORGE,2026-07-06,832.0,854.0,862.0,829.6,202070
IDEAFORGE,2026-07-07,855.0,840.45,866.8,825.4,122073
IDEAFORGE,2026-07-08,832.0,859.85,874.0,821.1,314076
IDEAFORGE,2026-07-09,859.85,857.9,865.0,844.0,153118
IDEAFORGE,2026-07-10,861.1,900.75,900.75,860.0,376746
IDEAFORGE,2026-07-13,895.0,907.5,935.0,893.0,428508
IDEAFORGE,2026-07-14,918.0,903.2,918.0,870.15,187809
IDEAFORGE,2026-07-15,905.0,877.75,915.0,874.0,212238
IDEAFORGE,2026-07-16,877.85,853.05,895.0,847.85,184105
IDEAFORGE,2026-07-17,854.0,843.75,855.0,822.0,188549
IEX,2026-04-17,134.76,135.81,136.8,134.41,5236151
IEX,2026-04-20,132.89,124.99,132.89,124.2,37712304
IEX,2026-04-21,124.2,126.06,127.24,124.2,8595940
IEX,2026-04-22,126.47,125.78,126.85,125.36,5313933
IEX,2026-04-23,125.8,126.92,128.05,125.05,12806668
IEX,2026-04-24,128.4,123.23,129.7,122.34,18209699
IEX,2026-04-27,123.19,126.45,127.3,122.38,13224493
IEX,2026-04-28,126.41,125.94,127.64,125.0,11429852
IEX,2026-04-29,126.6,126.05,127.48,125.65,6578749
IEX,2026-04-30,125.7,125.19,125.92,123.8,5162770
IEX,2026-05-01,125.19,125.19,125.19,125.19,0
IEX,2026-05-04,125.5,126.97,127.38,125.34,6353864
IEX,2026-05-05,126.55,127.62,128.78,125.79,5955524
IEX,2026-05-06,129.07,129.8,129.98,128.34,6374150
IEX,2026-05-07,130.0,133.81,134.15,129.51,8110310
IEX,2026-05-08,134.15,134.12,134.82,132.6,5502299
IEX,2026-05-11,133.76,130.71,137.34,130.17,12600107
IEX,2026-05-12,130.0,127.21,131.25,127.0,4089154
IEX,2026-05-13,127.2,127.53,128.81,125.69,9296236
IEX,2026-05-14,128.01,128.44,129.55,126.0,4182230
IEX,2026-05-15,127.02,125.27,127.5,125.0,3538830
IEX,2026-05-18,124.0,123.5,124.39,121.47,3713342
IEX,2026-05-19,123.5,125.48,126.22,123.4,2265620
IEX,2026-05-20,124.5,125.62,125.91,123.93,2355166
IEX,2026-05-21,126.21,127.05,127.25,125.78,2692159
IEX,2026-05-22,127.05,127.07,128.69,125.53,3601437
IEX,2026-05-25,127.7,127.58,129.69,127.25,2818769
IEX,2026-05-26,127.37,127.47,127.99,126.69,3655073
IEX,2026-05-27,127.3,126.59,128.77,125.71,3879387
IEX,2026-05-28,126.59,126.59,126.59,126.59,0
IEX,2026-05-29,126.48,128.31,129.8,126.43,7112020
IEX,2026-06-01,128.9,125.39,129.22,125.0,4525379
IEX,2026-06-02,125.0,125.25,125.49,122.65,4653647
IEX,2026-06-03,125.5,123.28,125.96,122.5,4330386
IEX,2026-06-04,124.58,124.07,126.45,123.51,10891971
IEX,2026-06-05,124.07,122.38,124.99,122.2,5393034
IEX,2026-06-08,121.85,118.96,121.9,118.1,5519558
IEX,2026-06-09,119.55,120.06,120.65,118.8,5687146
IEX,2026-06-10,120.66,118.75,121.0,118.34,3530844
IEX,2026-06-11,118.51,117.07,118.98,116.8,3001894
IEX,2026-06-12,118.12,120.84,121.1,118.12,3751542
IEX,2026-06-15,123.5,122.95,124.63,122.69,4600519
IEX,2026-06-16,123.15,123.57,124.35,123.0,2417276
IEX,2026-06-17,123.82,124.18,125.6,123.26,4149348
IEX,2026-06-18,124.18,123.56,125.2,123.34,4454823
IEX,2026-06-19,123.04,122.78,123.49,122.25,2602240
IEX,2026-06-22,122.78,125.68,127.93,122.78,11354470
IEX,2026-06-23,125.9,124.8,128.65,124.48,5270343
IEX,2026-06-24,124.8,125.21,125.99,124.01,3154649
IEX,2026-06-25,125.6,125.0,127.18,124.7,4130819
IEX,2026-06-26,125.0,125.0,125.0,125.0,0
IEX,2026-06-29,124.86,124.81,125.5,123.4,12936308
IEX,2026-06-30,125.2,125.13,125.6,123.55,4459189
IEX,2026-07-01,125.09,123.86,126.22,123.54,2847858
IEX,2026-07-02,123.0,123.5,124.1,122.8,2757544
IEX,2026-07-03,124.5,123.94,125.02,123.25,2383738
IEX,2026-07-06,123.94,123.69,124.25,122.13,2630088
IEX,2026-07-07,123.4,122.46,123.64,122.15,2295194
IEX,2026-07-08,122.0,116.81,122.13,116.26,10636495
IEX,2026-07-09,117.35,117.85,118.9,116.9,8424314
IEX,2026-07-10,118.52,119.64,120.65,118.43,7925614
IEX,2026-07-13,118.99,118.8,118.99,117.9,3457138
IEX,2026-07-14,118.3,117.07,118.57,116.26,4801175
IEX,2026-07-15,117.5,118.89,120.7,117.5,5109783
IEX,2026-07-16,119.06,124.74,125.88,118.65,19324459
IEX,2026-07-17,125.4,122.8,126.8,122.5,6456184
IGL,2026-04-17,167.8,169.27,171.25,166.88,8478431
IGL,2026-04-20,169.9,166.39,170.06,161.3,3670818
IGL,2026-04-21,167.0,167.2,169.77,166.37,12202158
IGL,2026-04-22,167.2,169.08,169.45,166.25,2701299
IGL,2026-04-23,172.0,165.55,173.29,165.0,8511897
IGL,2026-04-24,165.55,164.61,167.05,162.6,1608269
IGL,2026-04-27,165.43,164.88,166.12,163.6,1175492
IGL,2026-04-28,164.8,166.45,168.1,163.9,5859740
IGL,2026-04-29,167.5,167.55,169.2,165.94,7324563
IGL,2026-04-30,167.9,166.02,167.9,165.1,958215
IGL,2026-05-01,166.02,166.02,166.02,166.02,0
IGL,2026-05-04,168.02,166.91,168.76,166.01,1019008
IGL,2026-05-05,166.8,166.24,168.33,165.53,1174631
IGL,2026-05-06,168.0,169.46,170.19,166.2,6848692
IGL,2026-05-07,170.8,169.84,171.84,168.95,3341947
IGL,2026-05-08,168.95,165.99,168.95,165.08,3164858
IGL,2026-05-11,164.5,160.69,164.5,160.19,1700324
IGL,2026-05-12,160.0,156.81,161.09,156.41,1033120
IGL,2026-05-13,156.21,159.3,160.1,154.74,1499363
IGL,2026-05-14,159.5,155.71,161.29,154.98,3163363
IGL,2026-05-15,157.0,152.12,157.69,150.06,5194963
IGL,2026-05-18,151.95,151.64,152.4,149.61,2125723
IGL,2026-05-19,152.14,157.35,159.1,152.14,13581588
IGL,2026-05-20,157.98,154.8,158.15,153.78,8956651
IGL,2026-05-21,155.0,154.81,156.61,153.72,7290980
IGL,2026-05-22,155.0,155.51,156.95,151.02,11485498
IGL,2026-05-25,157.8,160.48,162.3,157.11,3617104
IGL,2026-05-26,161.96,166.01,169.9,161.51,10602040
IGL,2026-05-27,166.01,164.61,166.68,163.35,1697795
IGL,2026-05-28,164.61,164.61,164.61,164.61,0
IGL,2026-05-29,165.9,160.47,166.37,158.31,3052492
IGL,2026-06-01,160.47,164.53,165.36,159.5,5084235
IGL,2026-06-02,164.5,160.85,165.43,159.15,3715881
IGL,2026-06-03,161.25,161.48,162.62,159.34,2599029
IGL,2026-06-04,160.5,162.05,163.29,160.1,1213043
IGL,2026-06-05,162.15,164.32,165.4,161.98,2353993
IGL,2026-06-08,163.99,163.62,164.27,160.25,1402710
IGL,2026-06-09,163.54,162.5,163.62,161.0,1879850
IGL,2026-06-10,162.5,162.17,163.19,160.9,1178998
IGL,2026-06-11,161.85,160.8,162.0,159.21,1772209
IGL,2026-06-12,161.1,163.52,165.75,161.04,4504652
IGL,2026-06-15,166.5,169.62,170.5,165.0,4261790
IGL,2026-06-16,170.0,168.76,171.45,167.92,3127367
IGL,2026-06-17,169.5,170.78,175.6,169.0,6055593
IGL,2026-06-18,170.78,169.99,171.78,169.34,1252253
IGL,2026-06-19,169.99,167.6,170.33,166.55,2528508
IGL,2026-06-22,168.01,169.74,171.24,166.6,2406468
IGL,2026-06-23,170.5,169.33,170.67,168.5,1524574
IGL,2026-06-24,168.77,167.94,169.49,166.5,1633211
IGL,2026-06-25,169.7,170.38,171.73,168.3,4244989
IGL,2026-06-26,170.38,170.38,170.38,170.38,0
IGL,2026-06-29,170.38,165.45,171.0,164.71,6001025
IGL,2026-06-30,165.0,164.78,168.9,164.15,2150332
IGL,2026-07-01,164.78,156.81,166.41,156.4,3992417
IGL,2026-07-02,156.85,155.8,158.8,155.3,3055839
IGL,2026-07-03,156.09,153.99,156.89,153.5,2141769
IGL,2026-07-06,153.99,152.22,154.4,151.81,1805810
IGL,2026-07-07,152.0,152.28,154.47,151.51,2403435
IGL,2026-07-08,151.7,150.12,154.62,149.11,4111919
IGL,2026-07-09,150.12,151.77,152.15,149.23,1321339
IGL,2026-07-10,152.05,154.06,154.7,151.4,2102544
IGL,2026-07-13,153.0,153.07,154.5,152.6,1425411
IGL,2026-07-14,152.2,151.79,153.25,151.54,912225
IGL,2026-07-15,152.0,151.56,152.35,151.4,672868
IGL,2026-07-16,151.5,154.0,158.7,151.5,6324943
IGL,2026-07-17,155.0,153.11,155.0,152.61,950677
INDHOTEL,2026-04-17,654.0,659.3,661.45,647.9,2644531
INDHOTEL,2026-04-20,659.0,659.5,668.8,647.65,2662519
INDHOTEL,2026-04-21,658.95,666.15,667.2,655.75,1597620
INDHOTEL,2026-04-22,662.9,659.7,666.05,657.5,1658342
INDHOTEL,2026-04-23,657.0,639.45,657.0,636.0,4493765
INDHOTEL,2026-04-24,636.85,635.35,641.55,630.4,2239399
INDHOTEL,2026-04-27,635.55,647.85,652.5,635.35,1469955
INDHOTEL,2026-04-28,645.1,652.45,655.0,643.25,1967671
INDHOTEL,2026-04-29,654.0,644.65,656.6,643.0,1782233
INDHOTEL,2026-04-30,642.0,635.85,644.5,626.7,1466637
INDHOTEL,2026-05-01,635.85,635.85,635.85,635.85,0
INDHOTEL,2026-05-04,640.0,643.7,647.75,635.0,1482763
INDHOTEL,2026-05-05,643.0,647.8,651.3,637.15,1154419
INDHOTEL,2026-05-06,652.0,666.15,669.0,651.0,2413898
INDHOTEL,2026-05-07,668.0,669.1,675.45,664.4,2123264
INDHOTEL,2026-05-08,670.45,673.05,678.5,663.15,1914787
INDHOTEL,2026-05-11,670.0,661.3,671.9,655.9,2547669
INDHOTEL,2026-05-12,674.15,634.4,674.9,633.15,8170486
INDHOTEL,2026-05-13,636.95,637.4,644.85,622.45,2815942
INDHOTEL,2026-05-14,641.6,650.2,655.4,636.4,3221881
INDHOTEL,2026-05-15,650.2,656.25,660.9,645.2,2003906
INDHOTEL,2026-05-18,651.0,648.55,651.0,633.4,3030365
INDHOTEL,2026-05-19,650.0,652.75,660.0,647.0,3046903
INDHOTEL,2026-05-20,649.0,659.6,662.4,641.2,2402392
INDHOTEL,2026-05-21,662.0,657.4,666.7,652.35,1878182
INDHOTEL,2026-05-22,656.65,650.25,659.1,649.05,1415868
INDHOTEL,2026-05-25,654.25,663.55,666.45,654.25,1738393
INDHOTEL,2026-05-26,663.6,657.15,665.9,652.75,1883174
INDHOTEL,2026-05-27,658.95,667.7,669.0,656.65,1360823
INDHOTEL,2026-05-28,667.7,667.7,667.7,667.7,0
INDHOTEL,2026-05-29,669.0,654.25,673.2,650.6,5298646
INDHOTEL,2026-06-01,663.0,646.75,663.0,643.95,4278527
INDHOTEL,2026-06-02,640.1,661.65,664.2,635.0,2270486
INDHOTEL,2026-06-03,661.55,656.3,661.55,649.05,1595640
INDHOTEL,2026-06-04,652.0,661.55,663.7,649.55,2091666
INDHOTEL,2026-06-05,664.0,657.6,668.5,652.6,1151265
INDHOTEL,2026-06-08,650.0,652.25,659.45,645.6,2204518
INDHOTEL,2026-06-09,657.0,666.7,668.0,656.25,1655964
INDHOTEL,2026-06-10,664.1,665.85,679.75,661.65,2263436
INDHOTEL,2026-06-11,663.0,655.7,665.65,654.05,3037980
INDHOTEL,2026-06-12,659.75,679.45,681.95,659.05,2799377
INDHOTEL,2026-06-15,687.0,689.85,698.9,685.0,2663696
INDHOTEL,2026-06-16,692.3,694.4,698.5,690.7,1198899
INDHOTEL,2026-06-17,696.3,699.1,700.6,691.65,986679
INDHOTEL,2026-06-18,702.0,710.45,711.8,699.05,2181354
INDHOTEL,2026-06-19,710.2,724.75,728.9,706.05,3177687
INDHOTEL,2026-06-22,728.0,733.0,740.0,726.0,3262793
INDHOTEL,2026-06-23,730.0,724.05,731.2,717.5,2944232
INDHOTEL,2026-06-24,724.0,725.5,730.75,722.0,2581217
INDHOTEL,2026-06-25,726.5,720.65,731.45,719.1,3352755
INDHOTEL,2026-06-26,720.65,720.65,720.65,720.65,0
INDHOTEL,2026-06-29,720.0,707.05,720.25,704.95,4182151
INDHOTEL,2026-06-30,706.05,713.95,718.75,701.1,5245577
INDHOTEL,2026-07-01,713.95,718.75,722.25,711.2,2804750
INDHOTEL,2026-07-02,722.0,720.7,726.8,715.05,3062675
INDHOTEL,2026-07-03,725.05,728.6,732.5,719.3,4006428
INDHOTEL,2026-07-06,730.0,738.15,745.5,728.65,1873356
INDHOTEL,2026-07-07,741.0,745.95,752.8,738.5,4127643
INDHOTEL,2026-07-08,741.2,722.9,741.2,718.6,1478462
INDHOTEL,2026-07-09,724.0,731.45,736.6,724.0,1394862
INDHOTEL,2026-07-10,737.0,752.3,754.0,731.6,3032002
INDHOTEL,2026-07-13,748.25,738.55,750.9,736.35,3853243
INDHOTEL,2026-07-14,736.8,733.3,737.0,726.35,1604337
INDHOTEL,2026-07-15,731.0,743.2,746.85,731.0,1514872
INDHOTEL,2026-07-16,743.05,731.45,743.95,730.4,3887339
INDHOTEL,2026-07-17,735.9,727.9,743.0,725.45,2175639
INDIAMART,2026-04-17,2151.1,2170.9,2179.9,2141.3,140759
INDIAMART,2026-04-20,2188.0,2184.6,2196.0,2149.7,125520
INDIAMART,2026-04-21,2190.5,2167.0,2199.0,2145.0,179185
INDIAMART,2026-04-22,2155.0,2168.4,2187.0,2142.2,81475
INDIAMART,2026-04-23,2168.4,2159.4,2190.0,2148.4,65757
INDIAMART,2026-04-24,2164.7,2107.1,2170.0,2099.6,61379
INDIAMART,2026-04-27,2125.0,2119.5,2142.4,2101.0,57381
INDIAMART,2026-04-28,2105.1,2129.3,2140.1,2101.8,82614
INDIAMART,2026-04-29,2140.0,2130.8,2154.9,2105.1,84882
INDIAMART,2026-04-30,2130.8,2103.6,2139.0,2080.0,61365
INDIAMART,2026-05-01,2103.6,2103.6,2103.6,2103.6,0
INDIAMART,2026-05-04,2036.6,2094.5,2111.2,2013.9,187297
INDIAMART,2026-05-05,2094.5,2052.9,2094.5,2036.1,121131
INDIAMART,2026-05-06,2066.9,2056.9,2068.8,2025.3,269388
INDIAMART,2026-05-07,2068.5,2091.0,2105.4,2062.2,75148
INDIAMART,2026-05-08,2104.9,2091.8,2122.2,2075.0,52221
INDIAMART,2026-05-11,2071.1,2065.0,2088.9,2034.0,133975
INDIAMART,2026-05-12,2075.0,2011.8,2079.3,2004.8,64706
INDIAMART,2026-05-13,2000.0,1969.2,2022.8,1966.0,65566
INDIAMART,2026-05-14,1970.0,1971.2,1979.9,1934.4,59136
INDIAMART,2026-05-15,1979.9,1956.5,1991.0,1950.0,72549
INDIAMART,2026-05-18,1956.5,1949.0,1966.0,1911.0,97653
INDIAMART,2026-05-19,1969.0,1982.6,1997.6,1942.4,67605
INDIAMART,2026-05-20,1984.0,1998.0,2006.3,1958.6,71609
INDIAMART,2026-05-21,1999.9,2030.2,2037.2,1995.0,50216
INDIAMART,2026-05-22,2032.2,2030.0,2040.7,2015.0,57197
INDIAMART,2026-05-25,2030.0,2029.3,2039.8,2023.1,62754
INDIAMART,2026-05-26,2029.3,2037.9,2047.0,2029.3,60733
INDIAMART,2026-05-27,2030.4,2020.1,2035.0,2000.0,29167
INDIAMART,2026-05-28,2020.1,2020.1,2020.1,2020.1,0
INDIAMART,2026-05-29,2012.0,2015.7,2028.6,1966.4,131355
INDIAMART,2026-06-01,2002.4,1982.9,2014.0,1975.0,36756
INDIAMART,2026-06-02,1994.7,1971.4,1994.7,1955.1,48541
INDIAMART,2026-06-03,1990.0,1980.0,1998.9,1965.1,33078
INDIAMART,2026-06-04,1965.5,1994.2,1999.0,1963.8,33014
INDIAMART,2026-06-05,1994.2,2000.4,2011.5,1989.7,27102
INDIAMART,2026-06-08,1983.1,2008.4,2017.1,1969.0,50003
INDIAMART,2026-06-09,2011.9,2010.7,2022.3,2000.1,58429
INDIAMART,2026-06-10,2012.1,2010.0,2021.0,2002.5,55822
INDIAMART,2026-06-11,2010.0,1968.2,2016.1,1961.0,86696
INDIAMART,2026-06-12,1978.1,2016.4,2019.5,1978.1,30991
INDIAMART,2026-06-15,2021.0,2048.7,2055.0,2020.7,106290
INDIAMART,2026-06-16,2060.0,2084.1,2115.0,2060.0,220747
INDIAMART,2026-06-17,2104.0,2090.0,2113.9,2066.0,152571
INDIAMART,2026-06-18,2099.8,2137.7,2175.0,2088.1,240221
INDIAMART,2026-06-19,2080.9,2089.4,2115.1,2060.1,143738
INDIAMART,2026-06-22,2089.4,2050.4,2095.0,2045.0,241920
INDIAMART,2026-06-23,2050.0,1993.4,2065.0,1984.0,86350
INDIAMART,2026-06-24,1993.4,1974.0,1996.6,1964.0,80084
INDIAMART,2026-06-25,1974.6,1955.4,1990.0,1948.1,90398
INDIAMART,2026-06-26,1955.4,1955.4,1955.4,1955.4,0
INDIAMART,2026-06-29,1970.0,1927.3,1970.0,1903.2,173494
INDIAMART,2026-06-30,1919.9,1906.4,1932.0,1893.3,108737
INDIAMART,2026-07-01,1914.0,1866.5,1933.8,1860.0,122274
INDIAMART,2026-07-02,1872.0,1896.9,1915.0,1868.0,44371
INDIAMART,2026-07-03,1907.9,1879.2,1914.8,1872.9,72996
INDIAMART,2026-07-06,1899.7,1889.3,1910.0,1867.2,81582
INDIAMART,2026-07-07,1905.2,1923.5,1945.0,1892.3,89879
INDIAMART,2026-07-08,1927.0,1902.4,1935.0,1897.3,60647
INDIAMART,2026-07-09,1918.0,1924.7,1928.0,1891.9,56637
INDIAMART,2026-07-10,1928.8,1924.0,1936.6,1906.2,60808
INDIAMART,2026-07-13,1915.0,1952.6,1962.9,1906.0,74235
INDIAMART,2026-07-14,1958.0,1921.0,1958.0,1903.0,76073
INDIAMART,2026-07-15,1920.0,1944.9,1959.9,1913.0,95900
INDIAMART,2026-07-16,1957.5,1947.0,1978.9,1934.3,78581
INDIAMART,2026-07-17,1957.9,1910.1,1957.9,1903.0,61208
INTELLECT,2026-04-17,703.7,694.55,703.7,692.2,325792
INTELLECT,2026-04-20,701.35,679.8,701.35,674.85,366893
INTELLECT,2026-04-21,680.35,677.5,689.7,673.0,493525
INTELLECT,2026-04-22,675.0,695.7,698.0,660.25,535452
INTELLECT,2026-04-23,698.0,701.15,715.5,690.0,848229
INTELLECT,2026-04-24,704.9,688.7,704.9,681.65,434921
INTELLECT,2026-04-27,685.5,708.65,715.0,685.5,483122
INTELLECT,2026-04-28,709.05,753.95,770.9,706.55,2774772
INTELLECT,2026-04-29,761.0,739.75,766.95,736.0,553484
INTELLECT,2026-04-30,735.0,745.35,751.15,728.25,397984
INTELLECT,2026-05-01,745.35,745.35,745.35,745.35,0
INTELLECT,2026-05-04,751.5,737.35,752.05,728.6,417088
INTELLECT,2026-05-05,738.85,754.0,761.7,732.0,921258
INTELLECT,2026-05-06,762.2,784.4,789.3,762.0,1504960
INTELLECT,2026-05-07,795.0,782.15,804.0,776.5,1082509
INTELLECT,2026-05-08,792.1,806.8,834.4,775.15,4767464
INTELLECT,2026-05-11,805.0,760.35,805.0,755.0,984199
INTELLECT,2026-05-12,760.4,723.55,765.0,720.0,730496
INTELLECT,2026-05-13,737.8,721.0,740.6,716.1,376020
INTELLECT,2026-05-14,729.0,693.6,729.0,680.0,822815
INTELLECT,2026-05-15,690.6,686.6,705.75,683.0,352046
INTELLECT,2026-05-18,685.0,691.15,697.45,667.0,482957
INTELLECT,2026-05-19,696.0,697.1,723.3,693.0,819507
INTELLECT,2026-05-20,697.1,689.95,714.6,688.0,281092
INTELLECT,2026-05-21,692.7,696.4,705.2,690.2,253098
INTELLECT,2026-05-22,696.85,697.95,702.5,685.1,247007
INTELLECT,2026-05-25,701.7,713.3,726.35,700.0,350927
INTELLECT,2026-05-26,710.0,710.55,724.2,706.7,202572
INTELLECT,2026-05-27,710.0,710.1,718.05,701.4,239388
INTELLECT,2026-05-28,710.1,710.1,710.1,710.1,0
INTELLECT,2026-05-29,717.7,716.85,746.6,707.4,904651
INTELLECT,2026-06-01,719.65,730.05,753.0,719.65,871303
INTELLECT,2026-06-02,735.7,748.25,760.2,731.65,1179056
INTELLECT,2026-06-03,746.95,744.95,748.0,720.2,423506
INTELLECT,2026-06-04,743.0,732.9,743.3,728.25,326352
INTELLECT,2026-06-05,734.5,745.95,753.2,732.75,468120
INTELLECT,2026-06-08,740.0,722.0,748.1,716.4,326763
INTELLECT,2026-06-09,727.9,751.9,756.0,722.0,503191
INTELLECT,2026-06-10,756.2,746.45,790.95,743.35,1252071
INTELLECT,2026-06-11,741.0,729.7,749.7,726.15,289067
INTELLECT,2026-06-12,740.0,743.05,747.7,736.2,176128
INTELLECT,2026-06-15,755.0,758.55,766.0,745.85,317336
INTELLECT,2026-06-16,760.9,759.6,779.0,755.1,559248
INTELLECT,2026-06-17,759.95,764.9,773.5,757.25,275230
INTELLECT,2026-06-18,766.1,757.3,766.15,749.95,263831
INTELLECT,2026-06-19,749.7,746.7,754.4,730.15,624525
INTELLECT,2026-06-22,746.0,752.2,763.95,746.0,231079
INTELLECT,2026-06-23,756.5,747.55,756.5,735.1,217988
INTELLECT,2026-06-24,750.0,755.35,759.65,746.3,237573
INTELLECT,2026-06-25,758.2,747.05,767.4,743.3,179077
INTELLECT,2026-06-26,747.05,747.05,747.05,747.05,0
INTELLECT,2026-06-29,747.05,727.1,759.6,721.25,612452
INTELLECT,2026-06-30,734.0,717.25,734.0,707.1,224713
INTELLECT,2026-07-01,724.9,726.0,746.75,720.3,376552
INTELLECT,2026-07-02,728.75,755.4,759.7,728.7,554201
INTELLECT,2026-07-03,762.1,787.0,798.25,762.1,1475847
INTELLECT,2026-07-06,791.0,769.35,792.75,766.3,211344
INTELLECT,2026-07-07,765.0,779.95,794.0,753.05,592604
INTELLECT,2026-07-08,776.0,749.8,778.6,737.55,465107
INTELLECT,2026-07-09,750.3,743.25,760.85,740.5,469378
INTELLECT,2026-07-10,760.0,758.75,770.0,749.2,500050
INTELLECT,2026-07-13,758.7,778.3,796.35,754.45,1094736
INTELLECT,2026-07-14,777.0,757.8,781.95,751.95,565957
INTELLECT,2026-07-15,763.25,755.4,766.9,750.0,281101
INTELLECT,2026-07-16,759.0,760.0,778.0,757.0,342794
INTELLECT,2026-07-17,765.45,760.0,771.55,749.3,306081
IONEXCHANG,2026-04-17,401.0,400.75,411.0,398.2,273371
IONEXCHANG,2026-04-20,404.5,396.55,405.0,394.95,168730
IONEXCHANG,2026-04-21,396.55,406.75,409.95,389.1,370523
IONEXCHANG,2026-04-22,409.7,409.75,413.1,400.75,252517
IONEXCHANG,2026-04-23,409.75,404.35,414.5,402.5,146769
IONEXCHANG,2026-04-24,407.0,397.35,407.0,395.25,135832
IONEXCHANG,2026-04-27,397.3,408.4,413.0,395.0,231990
IONEXCHANG,2026-04-28,412.0,399.35,413.0,397.9,248005
IONEXCHANG,2026-04-29,401.5,397.3,403.4,393.0,177558
IONEXCHANG,2026-04-30,397.0,396.4,402.8,394.5,166491
IONEXCHANG,2026-05-01,396.4,396.4,396.4,396.4,0
IONEXCHANG,2026-05-04,400.0,411.65,414.4,396.0,377867
IONEXCHANG,2026-05-05,414.05,421.25,431.85,412.1,949688
IONEXCHANG,2026-05-06,426.8,416.4,428.55,415.0,225309
IONEXCHANG,2026-05-07,423.8,426.5,428.75,417.25,424547
IONEXCHANG,2026-05-08,426.5,419.25,432.8,418.0,238486
IONEXCHANG,2026-05-11,412.0,404.15,416.9,402.0,184798
IONEXCHANG,2026-05-12,399.5,393.1,403.5,387.65,346669
IONEXCHANG,2026-05-13,393.1,395.2,403.05,393.1,140142
IONEXCHANG,2026-05-14,395.2,392.75,398.25,385.4,163672
IONEXCHANG,2026-05-15,393.0,390.15,397.2,388.2,108993
IONEXCHANG,2026-05-18,391.0,387.65,392.0,375.0,175819
IONEXCHANG,2026-05-19,388.0,391.2,399.0,387.7,97858
IONEXCHANG,2026-05-20,387.35,389.75,394.4,381.95,85362
IONEXCHANG,2026-05-21,392.9,389.1,398.15,387.9,63350
IONEXCHANG,2026-05-22,388.4,395.05,409.4,387.9,235268
IONEXCHANG,2026-05-25,399.5,408.3,413.6,392.55,311537
IONEXCHANG,2026-05-26,410.0,407.7,415.0,403.35,256015
IONEXCHANG,2026-05-27,385.0,380.1,388.35,371.8,989157
IONEXCHANG,2026-05-28,380.1,380.1,380.1,380.1,0
IONEXCHANG,2026-05-29,384.1,362.05,384.7,360.0,501475
IONEXCHANG,2026-06-01,367.2,352.75,368.9,351.0,238852
IONEXCHANG,2026-06-02,352.75,360.2,361.25,347.95,147342
IONEXCHANG,2026-06-03,361.5,353.75,363.25,351.65,230813
IONEXCHANG,2026-06-04,353.05,348.75,354.85,343.0,419707
IONEXCHANG,2026-06-05,353.05,350.65,359.5,346.5,228175
IONEXCHANG,2026-06-08,350.95,340.8,351.95,339.1,170563
IONEXCHANG,2026-06-09,345.0,346.85,348.15,336.9,180506
IONEXCHANG,2026-06-10,346.95,336.65,349.2,335.4,213688
IONEXCHANG,2026-06-11,334.6,329.6,340.4,327.3,254901
IONEXCHANG,2026-06-12,333.0,345.6,347.3,333.0,375317
IONEXCHANG,2026-06-15,349.75,357.9,363.4,349.7,322158
IONEXCHANG,2026-06-16,359.55,365.25,372.6,354.9,637220
IONEXCHANG,2026-06-17,368.0,376.25,393.8,366.9,2175177
IONEXCHANG,2026-06-18,379.25,369.55,381.7,367.9,431189
IONEXCHANG,2026-06-19,369.0,370.4,380.0,366.7,1037887
IONEXCHANG,2026-06-22,374.7,390.85,398.7,371.0,2453908
IONEXCHANG,2026-06-23,398.0,397.95,403.35,390.75,2042294
IONEXCHANG,2026-06-24,400.0,402.85,405.0,388.1,1201464
IONEXCHANG,2026-06-25,405.5,398.65,407.5,396.35,666905
IONEXCHANG,2026-06-26,398.65,398.65,398.65,398.65,0
IONEXCHANG,2026-06-29,398.65,412.0,423.4,397.05,2080997
IONEXCHANG,2026-06-30,415.0,408.2,419.5,406.55,488112
IONEXCHANG,2026-07-01,412.6,414.95,417.95,410.0,625749
IONEXCHANG,2026-07-02,419.85,416.9,422.7,412.8,449445
IONEXCHANG,2026-07-03,418.25,418.35,428.0,415.2,688765
IONEXCHANG,2026-07-06,421.85,408.2,421.85,406.1,393248
IONEXCHANG,2026-07-07,410.2,405.6,412.15,401.0,284673
IONEXCHANG,2026-07-08,403.0,397.0,410.85,392.15,409789
IONEXCHANG,2026-07-09,398.95,402.2,409.1,397.65,277327
IONEXCHANG,2026-07-10,408.0,468.3,479.4,404.9,12898024
IONEXCHANG,2026-07-13,469.4,451.7,486.0,448.55,3306583
IONEXCHANG,2026-07-14,449.0,440.55,449.8,438.05,535776
IONEXCHANG,2026-07-15,445.0,444.2,455.9,440.35,712038
IONEXCHANG,2026-07-16,445.7,435.95,448.25,434.3,332966
IONEXCHANG,2026-07-17,439.0,435.4,442.8,422.25,642374
IRCTC,2026-04-17,553.8,564.9,570.05,552.5,1873250
IRCTC,2026-04-20,565.4,565.2,567.0,553.5,1805082
IRCTC,2026-04-21,565.6,561.2,569.95,560.5,1221915
IRCTC,2026-04-22,559.0,558.55,561.75,555.3,892060
IRCTC,2026-04-23,557.0,551.35,558.1,550.2,822626
IRCTC,2026-04-24,552.0,541.2,556.0,539.2,944945
IRCTC,2026-04-27,543.2,545.1,546.85,541.0,1281855
IRCTC,2026-04-28,545.1,543.85,554.0,541.8,1573071
IRCTC,2026-04-29,544.5,550.1,552.35,543.7,1348964
IRCTC,2026-04-30,548.0,539.55,550.0,536.15,1074426
IRCTC,2026-05-01,539.55,539.55,539.55,539.55,0
IRCTC,2026-05-04,544.5,555.25,556.55,542.05,1779862
IRCTC,2026-05-05,555.0,569.1,581.3,550.65,4973913
IRCTC,2026-05-06,574.5,572.75,576.7,566.05,1180667
IRCTC,2026-05-07,575.0,568.5,578.05,567.0,1391332
IRCTC,2026-05-08,566.05,564.9,570.85,564.0,675440
IRCTC,2026-05-11,562.55,556.8,562.55,552.1,882533
IRCTC,2026-05-12,555.0,534.0,557.85,531.0,1169426
IRCTC,2026-05-13,530.5,536.1,542.45,530.5,959485
IRCTC,2026-05-14,537.75,538.85,544.6,528.75,895611
IRCTC,2026-05-15,540.0,535.95,542.85,534.0,531456
IRCTC,2026-05-18,535.0,531.85,535.05,523.0,753397
IRCTC,2026-05-19,532.25,529.8,537.6,524.7,1146967
IRCTC,2026-05-20,526.05,527.85,530.7,525.2,487397
IRCTC,2026-05-21,530.0,527.15,534.2,526.0,695613
IRCTC,2026-05-22,528.8,530.25,541.4,527.15,1106967
IRCTC,2026-05-25,535.0,537.85,540.2,533.55,814819
IRCTC,2026-05-26,544.9,537.2,547.65,536.3,1238113
IRCTC,2026-05-27,532.4,523.2,532.4,521.6,1866537
IRCTC,2026-05-28,523.2,523.2,523.2,523.2,0
IRCTC,2026-05-29,525.45,509.85,527.05,503.0,1654816
IRCTC,2026-06-01,512.1,512.6,518.95,509.6,894925
IRCTC,2026-06-02,510.75,516.9,518.9,508.5,687193
IRCTC,2026-06-03,516.0,510.8,519.55,510.0,802284
IRCTC,2026-06-04,508.5,527.5,531.0,508.2,1948929
IRCTC,2026-06-05,530.5,528.6,535.0,525.0,712866
IRCTC,2026-06-08,521.95,516.1,522.7,515.0,485087
IRCTC,2026-06-09,517.0,517.85,520.0,515.5,323769
IRCTC,2026-06-10,518.5,512.35,519.3,511.0,448764
IRCTC,2026-06-11,510.0,521.05,531.7,507.4,1845215
IRCTC,2026-06-12,524.3,521.35,525.65,520.05,591021
IRCTC,2026-06-15,529.5,517.95,529.85,517.0,1350345
IRCTC,2026-06-16,520.0,522.9,524.4,518.6,680392
IRCTC,2026-06-17,525.0,519.95,525.0,519.1,915022
IRCTC,2026-06-18,521.0,524.0,525.0,518.5,1060338
IRCTC,2026-06-19,523.9,519.6,523.9,518.55,756287
IRCTC,2026-06-22,519.7,521.75,526.75,519.7,861709
IRCTC,2026-06-23,523.0,518.55,524.0,511.1,985511
IRCTC,2026-06-24,518.6,515.25,519.15,512.8,574636
IRCTC,2026-06-25,516.7,514.1,518.0,513.1,622652
IRCTC,2026-06-26,514.1,514.1,514.1,514.1,0
IRCTC,2026-06-29,514.05,503.85,514.1,501.6,1245805
IRCTC,2026-06-30,505.0,502.9,508.55,501.0,683811
IRCTC,2026-07-01,502.9,502.7,506.85,502.0,553174
IRCTC,2026-07-02,504.05,506.2,507.35,503.65,777478
IRCTC,2026-07-03,507.0,509.95,513.9,506.95,595781
IRCTC,2026-07-06,509.95,508.95,510.9,507.7,499406
IRCTC,2026-07-07,509.0,500.7,510.6,500.0,1288328
IRCTC,2026-07-08,500.0,498.5,504.0,496.3,793969
IRCTC,2026-07-09,498.5,496.5,500.95,496.0,650534
IRCTC,2026-07-10,499.8,503.25,506.7,498.55,1046353
IRCTC,2026-07-13,500.85,502.05,504.8,496.9,843555
IRCTC,2026-07-14,500.1,496.95,501.4,496.05,1122129
IRCTC,2026-07-15,497.5,503.3,504.75,496.9,975081
IRCTC,2026-07-16,505.0,499.9,510.45,499.0,833287
IRCTC,2026-07-17,499.9,507.0,509.0,496.8,1670497
JASH,2026-04-17,400.3,393.75,408.0,390.35,103789
JASH,2026-04-20,393.75,396.85,400.0,385.0,175676
JASH,2026-04-21,395.05,408.3,418.0,395.0,277818
JASH,2026-04-22,408.0,415.45,419.0,403.05,105504
JASH,2026-04-23,414.9,422.65,433.0,408.45,223408
JASH,2026-04-24,427.95,421.4,434.65,417.0,129791
JASH,2026-04-27,426.7,423.7,432.0,418.35,112374
JASH,2026-04-28,420.0,428.15,432.0,420.0,87494
JASH,2026-04-29,428.95,417.85,430.75,415.0,60196
JASH,2026-04-30,413.8,418.75,422.0,412.05,42848
JASH,2026-05-04,418.75,420.2,425.4,412.6,44661
JASH,2026-05-05,413.9,418.35,424.95,410.0,120935
JASH,2026-05-06,418.35,422.05,424.0,414.05,49610
JASH,2026-05-07,422.95,420.8,426.0,417.55,52011
JASH,2026-05-08,412.0,418.35,420.0,402.7,214509
JASH,2026-05-11,410.0,424.35,433.8,410.0,122221
JASH,2026-05-12,424.4,410.1,425.95,408.0,92093
JASH,2026-05-13,403.15,399.6,414.95,397.0,112124
JASH,2026-05-14,399.6,393.55,411.9,388.8,74192
JASH,2026-05-15,395.5,386.5,399.0,385.0,41005
JASH,2026-05-18,380.7,373.0,385.95,370.0,111941
JASH,2026-05-19,375.0,373.1,383.95,368.9,104141
JASH,2026-05-20,373.95,377.45,381.0,368.0,31830
JASH,2026-05-21,380.0,388.6,394.0,375.0,173607
JASH,2026-05-22,388.6,399.25,404.85,387.5,57012
JASH,2026-05-25,394.0,401.15,407.7,394.0,52382
JASH,2026-05-26,401.2,397.2,414.85,392.1,199053
JASH,2026-05-27,417.0,423.25,440.0,412.05,850796
JASH,2026-05-28,423.25,423.25,423.25,423.25,0
JASH,2026-05-29,423.95,402.9,425.3,401.0,114484
JASH,2026-06-01,406.1,423.25,427.65,399.0,308524
JASH,2026-06-02,423.25,426.55,432.4,418.75,181021
JASH,2026-06-03,426.55,414.9,430.0,413.9,76877
JASH,2026-06-04,414.9,426.1,430.0,411.55,139225
JASH,2026-06-05,429.9,448.9,450.0,423.3,384068
JASH,2026-06-08,451.5,433.3,451.5,430.05,125955
JASH,2026-06-09,437.55,446.85,449.0,434.55,115921
JASH,2026-06-10,450.0,447.25,453.15,438.8,155072
JASH,2026-06-11,447.25,444.5,453.1,438.0,109614
JASH,2026-06-12,445.9,466.55,468.5,444.4,179663
JASH,2026-06-15,482.5,503.25,514.8,475.9,1028359
JASH,2026-06-16,507.45,503.4,508.3,495.05,174696
JASH,2026-06-17,505.95,487.25,505.95,480.6,154519
JASH,2026-06-18,487.25,493.5,500.0,486.05,97761
JASH,2026-06-19,493.25,500.05,503.95,485.85,115531
JASH,2026-06-22,508.75,549.0,555.0,502.5,1034268
JASH,2026-06-23,572.85,559.8,572.85,540.0,684495
JASH,2026-06-24,560.8,539.2,562.45,529.65,205712
JASH,2026-06-25,539.1,550.3,562.0,531.0,310386
JASH,2026-06-26,550.3,550.3,550.3,550.3,0
JASH,2026-06-29,550.0,516.85,550.0,512.3,244321
JASH,2026-06-30,510.0,507.3,525.0,475.05,1157968
JASH,2026-07-01,514.4,504.1,518.0,497.6,269431
JASH,2026-07-02,506.9,506.0,509.85,494.85,153156
JASH,2026-07-03,506.5,492.0,512.0,489.1,174101
JASH,2026-07-06,484.0,500.25,503.0,484.0,170259
JASH,2026-07-07,501.9,487.3,501.9,485.1,92300
JASH,2026-07-08,485.0,495.25,508.4,480.0,264224
JASH,2026-07-09,499.6,511.35,517.95,496.75,153937
JASH,2026-07-10,518.95,532.75,542.0,513.2,610017
JASH,2026-07-13,532.75,544.4,548.0,524.1,318537
JASH,2026-07-14,541.95,532.4,542.35,530.9,108295
JASH,2026-07-15,532.0,522.0,539.85,520.05,96346
JASH,2026-07-16,543.1,525.25,543.1,523.25,127217
JASH,2026-07-17,525.2,520.45,525.2,513.1,99349
JAYNECOIND,2026-04-17,99.0,96.23,99.26,95.4,6212339
JAYNECOIND,2026-04-20,96.5,95.34,98.3,94.54,5391779
JAYNECOIND,2026-04-21,96.2,98.95,101.64,95.81,10327500
JAYNECOIND,2026-04-22,99.05,97.29,100.35,95.82,6018988
JAYNECOIND,2026-04-23,96.9,97.23,98.74,95.21,4754230
JAYNECOIND,2026-04-24,98.0,95.78,98.36,94.5,7085524
JAYNECOIND,2026-04-27,108.75,104.05,108.75,101.0,38059284
JAYNECOIND,2026-04-28,103.7,109.81,111.2,103.12,21294552
JAYNECOIND,2026-04-29,111.17,110.64,112.6,107.85,9685200
JAYNECOIND,2026-04-30,110.0,110.79,114.4,109.4,9383973
JAYNECOIND,2026-05-01,110.79,110.79,110.79,110.79,0
JAYNECOIND,2026-05-04,112.0,115.24,115.6,111.01,6831221
JAYNECOIND,2026-05-05,115.49,112.79,116.25,110.67,5466315
JAYNECOIND,2026-05-06,114.0,112.8,114.75,110.5,3653718
JAYNECOIND,2026-05-07,113.5,114.93,116.1,112.5,6168738
JAYNECOIND,2026-05-08,115.2,114.69,117.0,113.7,4595299
JAYNECOIND,2026-05-11,114.0,110.5,114.0,109.24,4832459
JAYNECOIND,2026-05-12,111.0,103.6,111.24,102.8,8074258
JAYNECOIND,2026-05-13,102.85,104.73,108.4,102.85,5870588
JAYNECOIND,2026-05-14,105.3,106.23,107.68,103.32,3324912
JAYNECOIND,2026-05-15,106.8,104.05,108.38,103.76,2820235
JAYNECOIND,2026-05-18,104.05,104.79,105.78,99.12,5118674
JAYNECOIND,2026-05-19,106.0,100.82,106.95,99.7,6995016
JAYNECOIND,2026-05-20,100.3,103.02,103.78,98.51,3304263
JAYNECOIND,2026-05-21,104.0,106.49,109.0,103.22,7509029
JAYNECOIND,2026-05-22,106.99,103.16,109.19,101.83,4940210
JAYNECOIND,2026-05-25,104.5,104.74,105.7,103.5,4722484
JAYNECOIND,2026-05-26,105.7,102.51,107.54,102.0,5856223
JAYNECOIND,2026-05-27,101.5,104.51,107.0,101.5,4673791
JAYNECOIND,2026-05-28,104.51,104.51,104.51,104.51,0
JAYNECOIND,2026-05-29,105.05,102.34,105.88,101.5,3618727
JAYNECOIND,2026-06-01,102.34,98.86,103.55,97.37,6206611
JAYNECOIND,2026-06-02,98.86,99.52,100.07,95.87,6393425
JAYNECOIND,2026-06-03,99.65,97.1,100.47,94.89,5366249
JAYNECOIND,2026-06-04,97.1,97.11,99.14,95.99,3501381
JAYNECOIND,2026-06-05,97.12,96.46,97.79,95.7,2211194
JAYNECOIND,2026-06-08,94.5,89.0,95.42,88.3,7565277
JAYNECOIND,2026-06-09,89.05,90.5,93.72,89.05,4750538
JAYNECOIND,2026-06-10,91.3,88.89,91.3,88.0,3538833
JAYNECOIND,2026-06-11,88.89,87.31,88.89,85.85,3863713
JAYNECOIND,2026-06-12,89.8,90.86,91.62,86.51,7200136
JAYNECOIND,2026-06-15,92.6,93.9,94.95,92.12,3797529
JAYNECOIND,2026-06-16,93.5,89.95,93.8,87.79,6473863
JAYNECOIND,2026-06-17,90.0,91.8,93.79,90.0,3562309
JAYNECOIND,2026-06-18,92.02,90.31,92.64,89.0,2727444
JAYNECOIND,2026-06-19,90.0,89.68,90.4,89.0,2011665
JAYNECOIND,2026-06-22,89.7,89.33,90.66,89.0,2230726
JAYNECOIND,2026-06-23,89.42,86.23,90.29,85.0,4637659
JAYNECOIND,2026-06-24,86.0,86.24,88.3,83.75,4154066
JAYNECOIND,2026-06-25,85.5,85.76,89.9,85.17,4556271
JAYNECOIND,2026-06-26,85.76,85.76,85.76,85.76,0
JAYNECOIND,2026-06-29,85.02,84.66,87.0,84.27,2230397
JAYNECOIND,2026-06-30,84.85,84.95,86.2,84.47,1625049
JAYNECOIND,2026-07-01,84.9,85.68,87.6,84.66,2267957
JAYNECOIND,2026-07-02,86.0,90.32,91.38,85.56,5616425
JAYNECOIND,2026-07-03,91.67,90.99,93.75,90.6,3731995
JAYNECOIND,2026-07-06,91.79,90.73,92.45,89.47,1912174
JAYNECOIND,2026-07-07,91.4,87.22,91.4,86.5,2273209
JAYNECOIND,2026-07-08,86.02,85.91,89.24,85.2,3774529
JAYNECOIND,2026-07-09,85.91,88.46,89.38,85.91,1534248
JAYNECOIND,2026-07-10,89.5,91.48,92.4,88.96,2558640
JAYNECOIND,2026-07-13,91.4,93.93,95.99,89.41,4599822
JAYNECOIND,2026-07-14,93.6,90.43,93.78,90.02,3339602
JAYNECOIND,2026-07-15,90.99,91.67,94.25,90.6,5696215
JAYNECOIND,2026-07-16,93.0,91.99,95.7,91.4,10360978
JAYNECOIND,2026-07-17,92.25,90.28,93.8,87.84,8501125
JBCHEPHARM,2026-04-17,1975.0,1998.0,2002.3,1966.5,72190
JBCHEPHARM,2026-04-20,1985.1,1991.2,2008.5,1967.6,67902
JBCHEPHARM,2026-04-21,1996.0,1992.9,2014.6,1986.5,595399
JBCHEPHARM,2026-04-22,1990.0,1977.8,1999.9,1968.7,249366
JBCHEPHARM,2026-04-23,1980.0,2011.5,2033.7,1960.2,354656
JBCHEPHARM,2026-04-24,2011.5,2005.8,2018.2,1991.0,225321
JBCHEPHARM,2026-04-27,2013.0,2047.5,2056.0,2008.2,300193
JBCHEPHARM,2026-04-28,2064.0,2043.6,2065.7,2031.0,334885
JBCHEPHARM,2026-04-29,2061.0,2061.2,2081.9,2040.0,201035
JBCHEPHARM,2026-04-30,2061.2,2043.4,2072.9,2028.7,145245
JBCHEPHARM,2026-05-01,2043.4,2043.4,2043.4,2043.4,0
JBCHEPHARM,2026-05-04,2066.8,2082.1,2097.5,2062.3,248571
JBCHEPHARM,2026-05-05,2082.0,2094.6,2108.1,2080.1,380441
JBCHEPHARM,2026-05-06,2106.8,2141.5,2171.0,2100.0,422003
JBCHEPHARM,2026-05-07,2114.1,2143.2,2167.0,2108.0,233228
JBCHEPHARM,2026-05-08,2143.3,2149.8,2164.0,2134.9,135870
JBCHEPHARM,2026-05-11,2133.5,2209.2,2224.9,2111.7,584031
JBCHEPHARM,2026-05-12,2152.0,2135.3,2189.4,2125.0,753580
JBCHEPHARM,2026-05-13,2122.1,2094.3,2149.7,2080.5,375198
JBCHEPHARM,2026-05-14,2107.9,2137.8,2148.0,2095.1,231504
JBCHEPHARM,2026-05-15,2153.4,2140.4,2160.1,2124.4,235620
JBCHEPHARM,2026-05-18,2124.6,2125.3,2142.9,2087.1,242131
JBCHEPHARM,2026-05-19,2125.3,2171.6,2187.4,2106.1,196385
JBCHEPHARM,2026-05-20,2170.0,2163.6,2189.5,2138.1,235609
JBCHEPHARM,2026-05-21,2166.0,2178.9,2194.9,2154.5,417886
JBCHEPHARM,2026-05-22,2189.8,2192.6,2217.0,2171.0,203854
JBCHEPHARM,2026-05-25,2214.0,2228.4,2285.3,2200.0,485276
JBCHEPHARM,2026-05-26,2248.0,2190.0,2248.0,2168.0,207333
JBCHEPHARM,2026-05-27,2190.0,2204.2,2215.0,2168.0,170231
JBCHEPHARM,2026-05-28,2204.2,2204.2,2204.2,2204.2,0
JBCHEPHARM,2026-05-29,2204.2,2167.4,2239.8,2131.0,324822
JBCHEPHARM,2026-06-01,2160.7,2140.2,2177.7,2120.0,667973
JBCHEPHARM,2026-06-02,2122.0,2129.6,2135.3,2080.9,371359
JBCHEPHARM,2026-06-03,2121.0,2140.0,2149.2,2104.0,250200
JBCHEPHARM,2026-06-04,2124.0,2133.7,2163.4,2121.7,420680
JBCHEPHARM,2026-06-05,2145.5,2169.3,2184.0,2124.9,188786
JBCHEPHARM,2026-06-08,2164.0,2172.8,2226.1,2131.3,198356
JBCHEPHARM,2026-06-09,2197.5,2210.2,2216.1,2165.6,190472
JBCHEPHARM,2026-06-10,2209.9,2201.5,2250.3,2190.1,277256
JBCHEPHARM,2026-06-11,2191.1,2252.7,2273.9,2181.1,395798
JBCHEPHARM,2026-06-12,2276.5,2257.7,2300.0,2252.1,235603
JBCHEPHARM,2026-06-15,2264.4,2217.8,2269.9,2211.3,212114
JBCHEPHARM,2026-06-16,2226.4,2192.8,2231.3,2185.6,145802
JBCHEPHARM,2026-06-17,2180.1,2195.6,2204.5,2180.1,185676
JBCHEPHARM,2026-06-18,2185.6,2198.5,2210.9,2175.7,340363
JBCHEPHARM,2026-06-19,2198.5,2193.5,2213.3,2179.2,313537
JBCHEPHARM,2026-06-22,2193.0,2206.2,2215.6,2163.1,169999
JBCHEPHARM,2026-06-23,2187.1,2237.0,2261.0,2187.1,189284
JBCHEPHARM,2026-06-24,2231.8,2233.0,2251.8,2219.1,150309
JBCHEPHARM,2026-06-25,2236.5,2243.9,2259.0,2220.7,139796
JBCHEPHARM,2026-06-26,2243.9,2243.9,2243.9,2243.9,0
JBCHEPHARM,2026-06-29,2263.4,2303.2,2315.3,2236.3,915081
JBCHEPHARM,2026-06-30,2309.0,2295.9,2317.5,2273.5,533954
JBCHEPHARM,2026-07-01,2295.0,2298.0,2332.0,2267.1,218779
JBCHEPHARM,2026-07-02,2295.0,2321.2,2328.0,2288.3,86681
JBCHEPHARM,2026-07-03,2328.0,2364.6,2371.8,2327.9,108305
JBCHEPHARM,2026-07-06,2360.0,2390.0,2393.0,2350.4,169754
JBCHEPHARM,2026-07-07,2394.8,2422.0,2428.8,2390.0,823042
JBCHEPHARM,2026-07-08,2426.5,2435.8,2467.7,2412.1,1169387
JBCHEPHARM,2026-07-09,2436.2,2444.5,2474.0,2430.1,215631
JBCHEPHARM,2026-07-10,2440.0,2435.5,2444.8,2386.8,411937
JBCHEPHARM,2026-07-13,2415.2,2460.0,2470.0,2406.6,455413
JBCHEPHARM,2026-07-14,2460.0,2487.6,2491.0,2449.1,837560
JBCHEPHARM,2026-07-15,2491.0,2506.0,2510.0,2441.3,717650
JBCHEPHARM,2026-07-16,2506.0,2408.9,2525.5,2380.0,4779224
JBCHEPHARM,2026-07-17,2408.9,2408.9,2408.9,2408.9,0
JBMA,2026-04-17,626.1,624.2,632.0,622.15,470899
JBMA,2026-04-20,627.0,615.65,627.0,613.1,528254
JBMA,2026-04-21,615.65,626.0,635.75,613.75,949861
JBMA,2026-04-22,624.0,628.95,638.0,622.15,607493
JBMA,2026-04-23,625.0,622.75,639.3,617.1,665961
JBMA,2026-04-24,620.0,612.85,627.0,606.65,427230
JBMA,2026-04-27,617.7,628.75,634.8,615.25,576559
JBMA,2026-04-28,630.65,645.3,655.0,626.0,2379750
JBMA,2026-04-29,650.9,637.65,654.7,635.05,574914
JBMA,2026-04-30,636.05,630.15,638.8,621.1,515889
JBMA,2026-05-01,630.15,630.15,630.15,630.15,0
JBMA,2026-05-04,633.2,628.7,638.8,623.55,378366
JBMA,2026-05-05,627.0,619.05,633.0,617.0,361640
JBMA,2026-05-06,623.95,618.4,628.0,611.05,591753
JBMA,2026-05-07,622.0,624.2,628.0,616.6,530980
JBMA,2026-05-08,623.0,649.9,663.5,616.0,3113866
JBMA,2026-05-11,659.0,681.65,697.9,653.1,15067166
JBMA,2026-05-12,690.0,657.05,711.2,645.15,6473556
JBMA,2026-05-13,664.0,663.85,673.0,658.2,1038294
JBMA,2026-05-14,669.9,650.45,672.3,640.55,727285
JBMA,2026-05-15,655.0,641.6,662.0,638.0,635290
JBMA,2026-05-18,638.05,619.15,638.05,607.65,645334
JBMA,2026-05-19,620.7,622.95,638.0,616.1,554340
JBMA,2026-05-20,622.0,643.6,655.35,613.0,2082620
JBMA,2026-05-21,647.0,642.55,652.0,640.1,378338
JBMA,2026-05-22,642.0,631.8,644.6,628.0,282597
JBMA,2026-05-25,639.0,637.9,646.2,636.0,267878
JBMA,2026-05-26,637.05,639.35,651.95,632.45,351161
JBMA,2026-05-27,639.0,640.8,646.9,635.2,290230
JBMA,2026-05-28,640.8,640.8,640.8,640.8,0
JBMA,2026-05-29,643.0,621.45,657.5,616.15,680048
JBMA,2026-06-01,629.0,646.9,661.65,629.0,2534232
JBMA,2026-06-02,640.0,647.35,652.0,630.25,655980
JBMA,2026-06-03,646.4,669.25,679.0,636.9,1347352
JBMA,2026-06-04,690.0,692.8,718.6,686.9,16349825
JBMA,2026-06-05,691.95,679.7,696.0,671.4,1113860
JBMA,2026-06-08,660.05,652.55,668.4,645.2,646336
JBMA,2026-06-09,656.2,676.75,681.9,654.2,878368
JBMA,2026-06-10,676.75,666.9,690.55,662.55,846838
JBMA,2026-06-11,658.0,644.85,663.9,642.25,481117
JBMA,2026-06-12,652.05,683.8,689.95,652.05,4784656
JBMA,2026-06-15,691.25,683.3,697.6,680.5,721344
JBMA,2026-06-16,683.5,684.7,687.85,677.05,366742
JBMA,2026-06-17,684.7,692.9,704.4,680.5,1270904
JBMA,2026-06-18,695.0,706.5,713.95,688.7,2762500
JBMA,2026-06-19,708.0,727.3,738.0,699.15,5104745
JBMA,2026-06-22,734.0,728.1,738.5,724.65,980853
JBMA,2026-06-23,727.0,716.9,727.7,710.2,791411
JBMA,2026-06-24,714.55,704.5,728.25,699.0,598729
JBMA,2026-06-25,705.2,693.1,709.35,688.05,511035
JBMA,2026-06-26,693.1,693.1,693.1,693.1,0
JBMA,2026-06-29,693.1,684.5,703.8,680.0,495243
JBMA,2026-06-30,686.0,697.75,702.95,681.0,707344
JBMA,2026-07-01,699.95,702.7,719.85,699.9,971229
JBMA,2026-07-02,707.75,712.3,716.0,702.5,592236
JBMA,2026-07-03,713.5,703.55,718.0,692.25,815382
JBMA,2026-07-06,702.5,692.45,703.3,688.05,375031
JBMA,2026-07-07,690.9,672.35,693.1,668.7,415839
JBMA,2026-07-08,665.0,661.35,691.5,656.35,730454
JBMA,2026-07-09,665.0,670.0,675.65,665.0,236736
JBMA,2026-07-10,675.0,684.7,696.0,673.3,638834
JBMA,2026-07-13,679.0,696.55,707.5,673.0,787720
JBMA,2026-07-14,692.05,684.1,692.05,679.55,296208
JBMA,2026-07-15,683.95,681.2,694.35,678.3,324875
JBMA,2026-07-16,682.5,679.1,685.55,676.6,228453
JBMA,2026-07-17,674.0,670.35,678.25,667.0,186948
JSLL,2026-04-17,683.0,686.25,688.45,673.5,171383
JSLL,2026-04-20,680.1,675.7,696.0,672.5,207707
JSLL,2026-04-21,685.9,676.05,685.9,672.25,110863
JSLL,2026-04-22,676.05,681.85,685.25,671.1,180964
JSLL,2026-04-23,683.8,661.75,683.85,657.1,134687
JSLL,2026-04-24,664.0,633.7,665.95,631.35,196651
JSLL,2026-04-27,643.25,683.25,695.0,635.0,475808
JSLL,2026-04-28,688.0,674.95,694.45,667.55,184455
JSLL,2026-04-29,678.5,675.45,690.0,668.0,168798
JSLL,2026-04-30,673.0,674.9,679.9,665.0,118761
JSLL,2026-05-01,674.9,674.9,674.9,674.9,0
JSLL,2026-05-04,675.15,686.05,690.95,670.95,150794
JSLL,2026-05-05,686.0,719.2,728.0,679.8,891845
JSLL,2026-05-06,757.35,753.2,764.0,718.55,1327136
JSLL,2026-05-07,761.8,738.45,768.8,733.1,455781
JSLL,2026-05-08,738.95,748.25,763.8,730.0,409889
JSLL,2026-05-11,749.0,773.7,784.45,736.0,614231
JSLL,2026-05-12,768.8,738.05,776.6,730.85,444960
JSLL,2026-05-13,727.25,715.45,752.1,710.4,287235
JSLL,2026-05-14,721.85,656.75,722.0,647.35,920523
JSLL,2026-05-15,658.0,639.1,662.65,625.05,611371
JSLL,2026-05-18,635.25,631.4,640.95,610.1,284230
JSLL,2026-05-19,639.35,654.35,676.85,631.45,408218
JSLL,2026-05-20,652.5,650.6,660.7,638.5,251410
JSLL,2026-05-21,660.0,654.2,680.2,642.0,363972
JSLL,2026-05-22,658.8,649.75,680.0,645.0,301156
JSLL,2026-05-25,661.0,635.3,661.0,626.6,573562
JSLL,2026-05-26,638.0,634.85,648.0,630.15,300736
JSLL,2026-05-27,634.9,626.3,639.2,623.05,236217
JSLL,2026-05-28,626.3,626.3,626.3,626.3,0
JSLL,2026-05-29,635.95,614.95,639.7,599.55,730284
JSLL,2026-06-01,570.0,492.2,572.5,492.0,2758222
JSLL,2026-06-02,507.4,590.6,590.6,501.6,18614101
JSLL,2026-06-03,605.0,692.3,708.7,605.0,19402077
JSLL,2026-06-04,697.95,651.9,749.65,641.1,23446938
JSLL,2026-06-05,663.5,629.85,689.7,617.15,10210709
JSLL,2026-06-08,620.0,614.25,644.9,605.45,2963897
JSLL,2026-06-09,623.45,602.35,629.4,592.9,1720796
JSLL,2026-06-10,608.3,581.85,615.8,571.8,1038213
JSLL,2026-06-11,583.0,593.7,598.0,567.55,1057756
JSLL,2026-06-12,606.0,612.2,617.7,590.5,662738
JSLL,2026-06-15,615.6,609.0,631.0,603.0,852332
JSLL,2026-06-16,615.0,594.0,615.0,591.0,581026
JSLL,2026-06-17,596.7,573.85,598.5,569.6,698870
JSLL,2026-06-18,579.45,549.45,583.9,546.05,1441090
JSLL,2026-06-19,552.55,557.2,563.4,545.05,1531176
JSLL,2026-06-22,563.0,608.85,619.6,563.0,5226345
JSLL,2026-06-23,614.1,585.3,616.95,581.25,1507732
JSLL,2026-06-24,585.3,580.15,591.05,575.55,544413
JSLL,2026-06-25,581.05,602.25,611.65,574.25,2062619
JSLL,2026-06-26,602.25,602.25,602.25,602.25,0
JSLL,2026-06-29,603.65,586.9,609.45,584.85,521240
JSLL,2026-06-30,592.0,593.0,599.8,577.35,841242
JSLL,2026-07-01,593.9,587.8,596.95,582.3,457004
JSLL,2026-07-02,589.95,574.4,602.0,570.35,796752
JSLL,2026-07-03,578.0,576.05,584.95,569.5,577309
JSLL,2026-07-06,576.0,561.85,583.0,555.45,526898
JSLL,2026-07-07,561.85,570.4,572.95,554.0,533366
JSLL,2026-07-08,560.05,563.45,579.05,556.85,439884
JSLL,2026-07-09,563.95,591.6,599.7,562.5,817814
JSLL,2026-07-10,595.0,593.0,599.9,586.1,528461
JSLL,2026-07-13,585.0,580.45,591.45,578.15,329511
JSLL,2026-07-14,577.05,567.65,583.5,565.2,283759
JSLL,2026-07-15,566.0,581.65,587.0,566.0,366579
JSLL,2026-07-16,581.65,578.1,585.05,575.0,188387
JSLL,2026-07-17,579.8,565.65,581.35,563.0,243964
KAJARIACER,2026-04-17,1170.2,1178.35,1187.95,1163.1,679168
KAJARIACER,2026-04-20,1178.35,1187.2,1198.0,1158.9,995478
KAJARIACER,2026-04-21,1190.0,1194.1,1207.6,1182.55,640826
KAJARIACER,2026-04-22,1187.1,1202.7,1220.75,1180.1,861804
KAJARIACER,2026-04-23,1210.0,1191.9,1210.0,1178.0,263256
KAJARIACER,2026-04-24,1191.9,1211.15,1219.9,1189.85,420210
KAJARIACER,2026-04-27,1213.0,1236.25,1240.0,1213.0,531186
KAJARIACER,2026-04-28,1240.0,1212.0,1246.8,1206.0,417157
KAJARIACER,2026-04-29,1218.6,1228.15,1236.9,1212.0,176959
KAJARIACER,2026-04-30,1232.0,1187.65,1244.0,1162.4,1426089
KAJARIACER,2026-05-01,1187.65,1187.65,1187.65,1187.65,0
KAJARIACER,2026-05-04,1187.0,1104.5,1187.0,1096.0,1217781
KAJARIACER,2026-05-05,1114.0,1062.4,1115.0,1050.1,580673
KAJARIACER,2026-05-06,1080.0,1110.8,1115.0,1077.9,689522
KAJARIACER,2026-05-07,1118.9,1098.8,1124.4,1090.5,335501
KAJARIACER,2026-05-08,1098.8,1104.1,1108.8,1092.1,116749
KAJARIACER,2026-05-11,1102.3,1095.5,1125.6,1085.1,556753
KAJARIACER,2026-05-12,1090.5,1072.6,1097.0,1068.5,183844
KAJARIACER,2026-05-13,1070.5,1072.7,1098.0,1066.4,146394
KAJARIACER,2026-05-14,1089.2,1064.7,1089.2,1062.2,131543
KAJARIACER,2026-05-15,1068.0,1064.4,1089.9,1050.0,217263
KAJARIACER,2026-05-18,1066.2,1047.6,1066.2,1041.2,243570
KAJARIACER,2026-05-19,1052.7,1054.4,1060.0,1047.4,84314
KAJARIACER,2026-05-20,1046.0,1053.7,1059.0,1045.3,101339
KAJARIACER,2026-05-21,1062.9,1061.3,1073.3,1053.0,147924
KAJARIACER,2026-05-22,1068.0,1059.2,1075.9,1055.5,150617
KAJARIACER,2026-05-25,1069.9,1070.0,1075.8,1066.1,439337
KAJARIACER,2026-05-26,1071.0,1065.9,1085.1,1061.4,233368
KAJARIACER,2026-05-27,1074.0,1081.4,1088.9,1063.7,354246
KAJARIACER,2026-05-28,1081.4,1081.4,1081.4,1081.4,0
KAJARIACER,2026-05-29,1086.7,1072.6,1099.0,1060.5,375752
KAJARIACER,2026-06-01,1075.8,1101.7,1109.7,1067.1,239394
KAJARIACER,2026-06-02,1101.0,1116.4,1120.9,1092.8,175052
KAJARIACER,2026-06-03,1125.0,1110.2,1125.0,1094.2,253504
KAJARIACER,2026-06-04,1100.0,1095.2,1114.7,1085.6,227291
KAJARIACER,2026-06-05,1098.0,1083.8,1104.1,1079.7,78960
KAJARIACER,2026-06-08,1078.1,1074.8,1084.4,1065.6,108683
KAJARIACER,2026-06-09,1070.5,1080.4,1086.6,1070.5,65359
KAJARIACER,2026-06-10,1075.2,1067.4,1093.4,1065.0,116498
KAJARIACER,2026-06-11,1065.0,1077.0,1100.0,1060.1,170290
KAJARIACER,2026-06-12,1089.2,1082.3,1089.7,1071.6,77056
KAJARIACER,2026-06-15,1098.0,1106.2,1113.4,1094.1,113822
KAJARIACER,2026-06-16,1113.1,1139.1,1142.8,1106.1,337437
KAJARIACER,2026-06-17,1152.0,1155.9,1161.0,1136.4,518921
KAJARIACER,2026-06-18,1160.0,1164.1,1166.0,1150.4,173706
KAJARIACER,2026-06-19,1164.0,1170.4,1174.8,1147.2,186254
KAJARIACER,2026-06-22,1170.4,1165.8,1174.0,1153.0,127742
KAJARIACER,2026-06-23,1171.2,1193.1,1201.0,1155.3,471361
KAJARIACER,2026-06-24,1195.0,1207.7,1214.0,1180.1,602392
KAJARIACER,2026-06-25,1218.4,1196.6,1232.9,1189.9,496628
KAJARIACER,2026-06-26,1196.6,1196.6,1196.6,1196.6,0
KAJARIACER,2026-06-29,1178.1,1205.9,1225.0,1168.2,403684
KAJARIACER,2026-06-30,1201.0,1210.4,1232.4,1196.3,318456
KAJARIACER,2026-07-01,1210.0,1203.6,1223.8,1190.0,225298
KAJARIACER,2026-07-02,1204.9,1204.0,1210.9,1185.5,323782
KAJARIACER,2026-07-03,1210.0,1202.3,1224.6,1196.0,276456
KAJARIACER,2026-07-06,1207.0,1215.5,1222.0,1202.3,85094
KAJARIACER,2026-07-07,1216.0,1211.2,1216.0,1200.0,144415
KAJARIACER,2026-07-08,1210.0,1193.4,1214.2,1189.0,108231
KAJARIACER,2026-07-09,1200.0,1215.0,1229.7,1194.0,260257
KAJARIACER,2026-07-10,1220.0,1218.0,1223.0,1212.0,160667
KAJARIACER,2026-07-13,1210.1,1236.4,1257.5,1204.0,730261
KAJARIACER,2026-07-14,1243.6,1234.5,1271.5,1230.7,353134
KAJARIACER,2026-07-15,1240.0,1237.0,1250.0,1225.5,512686
KAJARIACER,2026-07-16,1221.0,1241.8,1247.0,1213.3,631532
KAJARIACER,2026-07-17,1250.0,1239.5,1250.0,1228.5,133918
KAYNES,2026-04-17,4230.0,4214.4,4263.9,4164.2,1175454
KAYNES,2026-04-20,4220.0,4222.6,4262.0,4116.1,1389449
KAYNES,2026-04-21,4240.1,4247.3,4291.0,4210.0,985879
KAYNES,2026-04-22,4225.1,4458.9,4476.2,4220.0,1904268
KAYNES,2026-04-23,4450.0,4387.7,4450.0,4363.5,998599
KAYNES,2026-04-24,4408.0,4266.8,4449.8,4233.0,1191662
KAYNES,2026-04-27,4300.0,4194.1,4315.0,4175.8,1323534
KAYNES,2026-04-28,4215.0,4096.9,4237.7,4075.8,1047330
KAYNES,2026-04-29,4129.0,4112.5,4207.8,4099.2,862358
KAYNES,2026-04-30,4092.1,4044.4,4095.0,3970.0,952161
KAYNES,2026-05-01,4044.4,4044.4,4044.4,4044.4,0
KAYNES,2026-05-04,4070.0,4098.9,4119.0,4016.0,578802
KAYNES,2026-05-05,4100.0,4170.6,4207.0,4088.1,801471
KAYNES,2026-05-06,4205.1,4305.5,4328.0,4196.5,854374
KAYNES,2026-05-07,4335.0,4379.7,4390.0,4278.3,893688
KAYNES,2026-05-08,4360.0,4507.5,4538.6,4341.8,1481029
KAYNES,2026-05-11,4505.0,4364.3,4533.0,4352.7,1189671
KAYNES,2026-05-12,4342.2,4049.3,4376.0,4020.1,1865243
KAYNES,2026-05-13,4055.2,4178.4,4230.0,4050.0,1915230
KAYNES,2026-05-14,3760.6,3336.5,3760.6,3300.6,10655451
KAYNES,2026-05-15,3299.9,3271.9,3430.9,3184.2,7578637
KAYNES,2026-05-18,3259.7,3118.2,3270.0,3100.0,2543325
KAYNES,2026-05-19,3130.0,3091.6,3167.3,3072.0,1948059
KAYNES,2026-05-20,3079.0,3001.0,3088.8,2995.0,1630732
KAYNES,2026-05-21,3048.0,3174.9,3190.0,3030.4,2230040
KAYNES,2026-05-22,3198.9,3321.4,3330.0,3191.0,2181529
KAYNES,2026-05-25,3369.9,3400.4,3410.0,3301.0,1421568
KAYNES,2026-05-26,3375.0,3299.0,3418.1,3260.0,2785242
KAYNES,2026-05-27,3299.0,3229.6,3336.0,3220.0,1223825
KAYNES,2026-05-28,3229.6,3229.6,3229.6,3229.6,0
KAYNES,2026-05-29,3258.8,3133.6,3269.0,3122.5,1268705
KAYNES,2026-06-01,3164.9,3100.2,3174.7,3091.0,1053897
KAYNES,2026-06-02,3080.0,3169.1,3208.5,3072.2,1065545
KAYNES,2026-06-03,3173.0,3214.4,3226.0,3132.0,900927
KAYNES,2026-06-04,3190.0,3190.5,3249.1,3178.8,653937
KAYNES,2026-06-05,3211.5,3121.8,3221.0,3111.0,756455
KAYNES,2026-06-08,3069.9,3027.5,3089.3,3020.0,749468
KAYNES,2026-06-09,3065.0,3072.8,3102.6,3051.9,401079
KAYNES,2026-06-10,3079.9,3073.0,3093.5,3052.3,454026
KAYNES,2026-06-11,3051.0,3026.9,3109.6,3018.1,533637
KAYNES,2026-06-12,3089.9,3076.9,3104.9,3026.9,640605
KAYNES,2026-06-15,3142.6,3082.1,3174.0,3070.2,840372
KAYNES,2026-06-16,3124.2,3177.6,3230.0,3107.0,1322073
KAYNES,2026-06-17,3193.0,3248.3,3286.0,3185.7,1155064
KAYNES,2026-06-18,3269.9,3385.5,3399.0,3231.9,1871255
KAYNES,2026-06-19,3385.0,3253.1,3385.0,3235.0,1012288
KAYNES,2026-06-22,3286.0,3283.5,3329.8,3255.2,503738
KAYNES,2026-06-23,3285.0,3216.9,3287.1,3205.1,539011
KAYNES,2026-06-24,3216.9,3203.1,3316.8,3180.1,1268877
KAYNES,2026-06-25,3225.0,3264.7,3386.0,3212.0,2631736
KAYNES,2026-06-26,3264.7,3264.7,3264.7,3264.7,0
KAYNES,2026-06-29,3264.6,3150.6,3269.8,3140.0,1115298
KAYNES,2026-06-30,3175.0,3121.9,3195.0,3110.0,1018571
KAYNES,2026-07-01,3150.0,3152.1,3208.0,3135.0,935410
KAYNES,2026-07-02,3173.0,3158.5,3188.5,3140.2,671812
KAYNES,2026-07-03,3174.9,3333.8,3363.0,3174.9,2592315
KAYNES,2026-07-06,3339.5,3359.2,3397.8,3271.6,1176993
KAYNES,2026-07-07,3358.0,3312.6,3370.0,3281.7,665014
KAYNES,2026-07-08,3282.0,3210.7,3339.7,3192.0,905589
KAYNES,2026-07-09,3241.5,3429.1,3459.9,3241.1,3549385
KAYNES,2026-07-10,3447.0,3336.1,3474.3,3321.1,1375926
KAYNES,2026-07-13,3300.0,3319.5,3332.8,3270.1,796963
KAYNES,2026-07-14,3295.0,3288.4,3330.0,3275.0,521969
KAYNES,2026-07-15,3307.0,3337.2,3345.0,3300.5,496703
KAYNES,2026-07-16,3369.7,3438.8,3478.4,3362.3,1748955
KAYNES,2026-07-17,3438.0,3385.8,3449.0,3376.3,685964
KEC,2026-04-17,570.0,580.05,594.0,570.0,1610220
KEC,2026-04-20,580.7,559.55,581.8,557.15,2857974
KEC,2026-04-21,565.0,583.6,588.0,560.95,2720762
KEC,2026-04-22,582.0,588.95,593.9,580.0,888214
KEC,2026-04-23,587.05,580.2,590.4,576.3,593671
KEC,2026-04-24,580.0,575.15,586.15,570.9,629308
KEC,2026-04-27,576.75,576.15,585.0,575.0,1197258
KEC,2026-04-28,577.95,571.3,581.95,568.35,486616
KEC,2026-04-29,572.5,565.5,579.15,564.05,793906
KEC,2026-04-30,565.2,560.7,566.9,553.2,545169
KEC,2026-05-01,560.7,560.7,560.7,560.7,0
KEC,2026-05-04,567.0,579.45,586.85,565.15,1878620
KEC,2026-05-05,583.0,570.25,583.5,565.0,674617
KEC,2026-05-06,597.0,587.4,597.95,573.9,3767976
KEC,2026-05-07,590.0,612.45,617.0,585.1,2757506
KEC,2026-05-08,612.0,598.05,615.0,597.0,1345009
KEC,2026-05-11,596.45,582.0,597.45,580.0,1048070
KEC,2026-05-12,579.15,551.7,585.0,550.0,1183857
KEC,2026-05-13,553.65,552.05,562.45,550.35,802851
KEC,2026-05-14,557.7,555.85,562.0,543.3,632543
KEC,2026-05-15,559.0,548.55,560.8,547.1,650637
KEC,2026-05-18,540.95,487.6,540.95,482.3,4905847
KEC,2026-05-19,490.4,469.4,495.0,466.0,3778998
KEC,2026-05-20,469.4,471.7,478.7,467.55,1682728
KEC,2026-05-21,475.0,486.05,490.55,474.6,1895224
KEC,2026-05-22,488.1,485.05,490.8,481.6,930836
KEC,2026-05-25,491.6,507.55,509.0,490.0,2242729
KEC,2026-05-26,508.0,499.1,509.15,497.05,872376
KEC,2026-05-27,509.5,502.5,511.3,498.5,2084826
KEC,2026-05-28,502.5,502.5,502.5,502.5,0
KEC,2026-05-29,507.25,499.65,507.35,495.1,744063
KEC,2026-06-01,499.65,498.0,502.95,492.05,640077
KEC,2026-06-02,494.0,498.65,499.6,489.0,449113
KEC,2026-06-03,497.05,498.05,502.0,487.4,659881
KEC,2026-06-04,492.5,506.4,509.5,492.0,807347
KEC,2026-06-05,507.9,497.1,507.9,495.5,790640
KEC,2026-06-08,492.2,483.0,493.35,481.45,530542
KEC,2026-06-09,487.5,489.05,492.25,485.05,344990
KEC,2026-06-10,492.0,494.75,499.55,486.25,886413
KEC,2026-06-11,488.0,488.2,491.5,481.2,389275
KEC,2026-06-12,491.9,504.45,509.0,491.0,780879
KEC,2026-06-15,521.05,512.75,525.9,510.0,1567707
KEC,2026-06-16,515.0,527.75,532.3,513.05,1942110
KEC,2026-06-17,529.8,518.3,530.55,516.8,816156
KEC,2026-06-18,523.7,525.8,528.85,518.8,929957
KEC,2026-06-19,524.6,541.45,544.5,522.0,1975784
KEC,2026-06-22,544.2,545.2,551.0,540.7,984475
KEC,2026-06-23,543.2,542.25,549.5,540.4,802538
KEC,2026-06-24,540.0,531.15,543.25,528.75,553557
KEC,2026-06-25,533.95,528.15,541.85,525.15,657828
KEC,2026-06-26,528.15,528.15,528.15,528.15,0
KEC,2026-06-29,540.5,515.4,549.0,511.35,3444425
KEC,2026-06-30,537.0,521.5,551.0,517.7,9577435
KEC,2026-07-01,526.5,521.45,529.7,518.5,1218561
KEC,2026-07-02,523.1,515.3,525.2,513.65,1147333
KEC,2026-07-03,518.95,511.0,519.7,508.3,875862
KEC,2026-07-06,513.2,505.4,514.0,498.25,910319
KEC,2026-07-07,506.7,498.4,509.9,496.0,998126
KEC,2026-07-08,494.0,486.95,496.0,484.15,723708
KEC,2026-07-09,488.0,495.25,498.95,485.0,362999
KEC,2026-07-10,497.8,504.85,516.7,494.2,1374439
KEC,2026-07-13,500.0,495.85,500.75,494.3,939485
KEC,2026-07-14,494.0,489.9,494.65,488.35,518996
KEC,2026-07-15,504.0,507.5,514.4,502.05,4609992
KEC,2026-07-16,510.9,498.15,510.9,497.0,859898
KEC,2026-07-17,497.2,495.4,500.1,491.05,509223
KEI,2026-04-17,4689.9,4839.3,4866.2,4634.5,489014
KEI,2026-04-20,4839.3,4880.6,4954.4,4725.4,360940
KEI,2026-04-21,4930.7,4825.7,4996.9,4807.0,411620
KEI,2026-04-22,4825.8,4909.7,4942.3,4803.5,280906
KEI,2026-04-23,4859.0,4839.5,4984.0,4826.3,367334
KEI,2026-04-24,4850.0,4816.1,4887.4,4750.0,262223
KEI,2026-04-27,4884.1,4888.7,5009.2,4825.0,338902
KEI,2026-04-28,4899.0,4965.1,4998.0,4889.4,236667
KEI,2026-04-29,4997.0,4935.2,5050.0,4917.1,354086
KEI,2026-04-30,4935.2,4857.5,4935.2,4747.6,724328
KEI,2026-05-01,4857.5,4857.5,4857.5,4857.5,0
KEI,2026-05-04,4900.9,5058.3,5070.1,4791.9,662781
KEI,2026-05-05,4950.0,5018.2,5136.0,4720.1,1875678
KEI,2026-05-06,5049.8,5148.6,5225.0,5048.1,587088
KEI,2026-05-07,5127.9,5110.2,5245.0,4956.6,1118993
KEI,2026-05-08,5126.0,5099.6,5179.9,5064.3,361665
KEI,2026-05-11,5050.0,5120.0,5221.0,5021.7,442843
KEI,2026-05-12,5120.0,4997.1,5176.1,4964.8,236015
KEI,2026-05-13,4991.1,4919.5,5006.6,4822.6,593722
KEI,2026-05-14,4942.8,5144.7,5180.0,4871.0,387925
KEI,2026-05-15,5228.9,5117.5,5247.8,5073.0,357710
KEI,2026-05-18,5074.9,5088.1,5115.7,4950.0,374326
KEI,2026-05-19,5080.0,5082.4,5180.0,5028.3,324895
KEI,2026-05-20,5050.0,5119.8,5139.0,5040.1,266512
KEI,2026-05-21,5146.2,5237.0,5295.0,5146.2,550071
KEI,2026-05-22,5262.5,5260.5,5325.0,5232.6,410075
KEI,2026-05-25,5325.0,5281.5,5345.0,5264.0,239111
KEI,2026-05-26,5289.6,5305.5,5328.9,5267.2,239510
KEI,2026-05-27,5320.0,5446.2,5455.0,5306.4,328358
KEI,2026-05-28,5446.2,5446.2,5446.2,5446.2,0
KEI,2026-05-29,5474.9,5267.5,5476.3,5230.0,348840
KEI,2026-06-01,5289.5,5174.0,5350.5,5157.0,163199
KEI,2026-06-02,5109.0,5261.5,5281.0,5067.5,204472
KEI,2026-06-03,5299.0,5222.0,5347.5,5204.5,265111
KEI,2026-06-04,5222.0,5296.0,5374.5,5186.0,201738
KEI,2026-06-05,5336.0,5335.5,5398.0,5287.0,203971
KEI,2026-06-08,5289.0,5148.0,5289.0,5107.0,188537
KEI,2026-06-09,5218.0,5281.0,5308.0,5131.0,204371
KEI,2026-06-10,5295.0,5166.5,5333.0,5152.0,152639
KEI,2026-06-11,5159.0,5181.5,5235.0,5118.0,275475
KEI,2026-06-12,5234.0,5369.5,5383.0,5211.5,225909
KEI,2026-06-15,5444.5,5460.5,5520.0,5409.0,244814
KEI,2026-06-16,5469.5,5386.5,5499.0,5345.0,163833
KEI,2026-06-17,5430.0,5643.5,5673.0,5410.5,440733
KEI,2026-06-18,5643.5,5630.5,5685.0,5580.0,243449
KEI,2026-06-19,5649.5,5631.0,5649.5,5470.5,339856
KEI,2026-06-22,5639.0,5660.5,5686.0,5603.0,210697
KEI,2026-06-23,5669.0,5576.0,5708.0,5542.5,393864
KEI,2026-06-24,5589.0,5419.0,5605.5,5401.0,276743
KEI,2026-06-25,5440.0,5268.0,5466.5,5230.0,574864
KEI,2026-06-26,5268.0,5268.0,5268.0,5268.0,0
KEI,2026-06-29,5294.0,5452.0,5600.0,5155.0,1621316
KEI,2026-06-30,5390.0,5427.5,5475.5,5261.0,549555
KEI,2026-07-01,5454.0,5247.5,5485.5,5191.5,344483
KEI,2026-07-02,5273.5,5276.5,5328.0,5169.0,343597
KEI,2026-07-03,5275.0,5270.5,5339.5,5231.0,227732
KEI,2026-07-06,5287.0,5251.0,5291.0,5195.5,233716
KEI,2026-07-07,5253.5,5106.0,5279.5,5073.5,330868
KEI,2026-07-08,5085.0,5030.5,5110.0,4959.5,297571
KEI,2026-07-09,5030.5,5007.5,5078.5,4925.0,341857
KEI,2026-07-10,5037.0,5149.5,5166.0,5037.0,247260
KEI,2026-07-13,5139.0,5112.0,5233.0,5090.0,323058
KEI,2026-07-14,5062.0,5120.5,5142.5,4998.0,299911
KEI,2026-07-15,5120.0,5092.5,5185.0,5032.0,346133
KEI,2026-07-16,5131.5,5075.5,5146.0,5027.5,309292
KEI,2026-07-17,5077.5,4906.5,5078.0,4881.0,569747
KFINTECH,2026-04-17,964.95,976.0,983.0,955.05,2070074
KFINTECH,2026-04-20,980.0,975.1,989.5,960.0,1214583
KFINTECH,2026-04-21,978.35,996.95,1004.1,975.95,894641
KFINTECH,2026-04-22,998.0,990.0,1006.0,980.0,795548
KFINTECH,2026-04-23,988.85,981.9,991.5,977.0,581109
KFINTECH,2026-04-24,980.8,956.05,992.7,951.35,1072624
KFINTECH,2026-04-27,961.95,960.65,974.5,958.0,397281
KFINTECH,2026-04-28,964.0,954.5,966.95,950.8,506684
KFINTECH,2026-04-29,962.0,977.3,986.4,958.65,997645
KFINTECH,2026-04-30,936.25,895.7,977.0,892.0,6838867
KFINTECH,2026-05-01,895.7,895.7,895.7,895.7,0
KFINTECH,2026-05-04,902.5,863.95,905.85,856.7,2625891
KFINTECH,2026-05-05,868.25,896.4,908.7,858.05,2279826
KFINTECH,2026-05-06,902.0,912.5,914.5,891.5,911245
KFINTECH,2026-05-07,920.0,927.55,938.1,915.0,1292194
KFINTECH,2026-05-08,926.5,916.3,927.95,912.35,1307295
KFINTECH,2026-05-11,905.0,890.8,911.65,888.05,905175
KFINTECH,2026-05-12,887.3,857.35,892.05,853.65,851749
KFINTECH,2026-05-13,860.0,834.25,864.9,828.15,1068000
KFINTECH,2026-05-14,837.0,820.4,837.0,809.0,1404199
KFINTECH,2026-05-15,824.0,808.2,828.95,805.0,2022597
KFINTECH,2026-05-18,804.25,813.3,817.0,784.95,1676085
KFINTECH,2026-05-19,815.95,824.7,833.3,809.15,1057770
KFINTECH,2026-05-20,815.9,828.05,830.7,806.1,810763
KFINTECH,2026-05-21,835.0,831.5,842.0,811.25,1463545
KFINTECH,2026-05-22,838.05,817.6,838.1,815.5,950350
KFINTECH,2026-05-25,829.0,829.4,837.2,821.0,1252239
KFINTECH,2026-05-26,830.55,837.05,845.0,822.6,1309160
KFINTECH,2026-05-27,839.0,848.15,867.25,838.85,1236465
KFINTECH,2026-05-28,848.15,848.15,848.15,848.15,0
KFINTECH,2026-05-29,851.2,857.75,876.9,849.55,1492069
KFINTECH,2026-06-01,861.75,845.55,875.0,840.0,774447
KFINTECH,2026-06-02,838.0,858.75,864.0,832.45,893233
KFINTECH,2026-06-03,863.45,837.35,863.45,833.1,1120027
KFINTECH,2026-06-04,830.0,853.35,862.0,829.0,1166260
KFINTECH,2026-06-05,854.6,868.85,873.8,850.8,1244789
KFINTECH,2026-06-08,858.8,837.25,859.0,831.15,875242
KFINTECH,2026-06-09,841.95,843.95,845.95,832.0,752873
KFINTECH,2026-06-10,845.0,819.2,848.35,815.5,776437
KFINTECH,2026-06-11,814.2,805.6,814.95,800.05,788455
KFINTECH,2026-06-12,816.8,826.7,828.35,808.0,693963
KFINTECH,2026-06-15,845.0,847.55,853.15,836.95,778430
KFINTECH,2026-06-16,856.85,861.75,864.1,845.5,684840
KFINTECH,2026-06-17,880.0,898.45,903.3,865.05,2369203
KFINTECH,2026-06-18,905.7,906.85,915.6,892.7,2039931
KFINTECH,2026-06-19,904.55,915.35,919.4,893.0,1122101
KFINTECH,2026-06-22,922.5,904.75,928.0,901.0,855317
KFINTECH,2026-06-23,905.0,888.8,910.0,887.0,1464136
KFINTECH,2026-06-24,886.5,882.45,892.0,874.5,924271
KFINTECH,2026-06-25,883.0,874.15,891.05,873.0,786258
KFINTECH,2026-06-26,874.15,874.15,874.15,874.15,0
KFINTECH,2026-06-29,874.15,869.3,887.6,867.0,1084225
KFINTECH,2026-06-30,875.9,879.8,893.05,872.7,1223319
KFINTECH,2026-07-01,879.95,881.65,890.0,873.2,754022
KFINTECH,2026-07-02,885.0,869.05,894.8,839.0,1477636
KFINTECH,2026-07-03,880.0,880.05,887.95,867.4,626956
KFINTECH,2026-07-06,888.6,882.1,888.6,870.3,1134981
KFINTECH,2026-07-07,882.0,866.6,883.9,857.1,1039376
KFINTECH,2026-07-08,866.6,847.95,886.0,838.0,2014884
KFINTECH,2026-07-09,849.0,874.9,888.8,848.45,1527455
KFINTECH,2026-07-10,874.95,901.1,910.75,874.6,1881598
KFINTECH,2026-07-13,900.0,925.85,930.0,891.1,1888791
KFINTECH,2026-07-14,928.0,898.25,928.0,893.55,1158303
KFINTECH,2026-07-15,888.0,893.95,912.8,884.0,858718
KFINTECH,2026-07-16,897.6,871.15,903.6,869.7,1559439
KFINTECH,2026-07-17,874.65,887.9,894.0,870.5,911148
KIRLOSBROS,2026-04-17,1736.5,1764.3,1780.0,1735.0,84102
KIRLOSBROS,2026-04-20,1764.4,1736.3,1773.0,1721.3,67792
KIRLOSBROS,2026-04-21,1737.0,1755.4,1783.8,1736.3,62426
KIRLOSBROS,2026-04-22,1757.8,1740.0,1775.0,1720.0,104630
KIRLOSBROS,2026-04-23,1743.1,1705.2,1756.3,1700.0,62338
KIRLOSBROS,2026-04-24,1720.0,1645.0,1720.7,1617.1,119595
KIRLOSBROS,2026-04-27,1651.1,1742.0,1764.4,1651.0,175321
KIRLOSBROS,2026-04-28,1742.0,1699.0,1763.9,1689.8,97569
KIRLOSBROS,2026-04-29,1730.0,1739.8,1746.0,1715.1,56670
KIRLOSBROS,2026-04-30,1739.8,1729.9,1759.0,1699.5,58485
KIRLOSBROS,2026-05-01,1729.9,1729.9,1729.9,1729.9,0
KIRLOSBROS,2026-05-04,1735.2,1711.8,1738.4,1692.1,28641
KIRLOSBROS,2026-05-05,1702.0,1712.5,1729.2,1700.0,32183
KIRLOSBROS,2026-05-06,1720.8,1744.9,1759.0,1717.3,71691
KIRLOSBROS,2026-05-07,1758.4,1762.1,1783.0,1728.2,82112
KIRLOSBROS,2026-05-08,1760.3,1733.1,1768.9,1722.1,55978
KIRLOSBROS,2026-05-11,1733.1,1667.9,1734.6,1664.0,67318
KIRLOSBROS,2026-05-12,1665.9,1679.0,1725.0,1637.0,82526
KIRLOSBROS,2026-05-13,1705.0,1583.6,1719.0,1550.1,334554
KIRLOSBROS,2026-05-14,1594.0,1626.0,1645.7,1564.0,91178
KIRLOSBROS,2026-05-15,1635.0,1607.4,1635.0,1592.9,38225
KIRLOSBROS,2026-05-18,1586.6,1634.4,1655.4,1558.9,68832
KIRLOSBROS,2026-05-19,1628.1,1619.0,1635.3,1610.1,24528
KIRLOSBROS,2026-05-20,1619.0,1605.8,1624.0,1577.6,51055
KIRLOSBROS,2026-05-21,1610.7,1622.2,1658.4,1610.7,38209
KIRLOSBROS,2026-05-22,1625.0,1597.8,1632.4,1581.2,32873
KIRLOSBROS,2026-05-25,1624.0,1628.5,1653.3,1614.1,39573
KIRLOSBROS,2026-05-26,1628.5,1610.6,1643.9,1605.0,26305
KIRLOSBROS,2026-05-27,1618.0,1652.4,1657.9,1610.5,43737
KIRLOSBROS,2026-05-28,1652.4,1652.4,1652.4,1652.4,0
KIRLOSBROS,2026-05-29,1670.0,1633.0,1734.8,1610.0,220787
KIRLOSBROS,2026-06-01,1640.6,1624.0,1678.2,1612.5,51099
KIRLOSBROS,2026-06-02,1612.2,1619.5,1646.1,1594.3,40705
KIRLOSBROS,2026-06-03,1620.4,1614.1,1633.6,1596.4,29561
KIRLOSBROS,2026-06-04,1614.1,1624.1,1657.4,1614.1,50507
KIRLOSBROS,2026-06-05,1634.3,1711.1,1757.0,1633.6,546682
KIRLOSBROS,2026-06-08,1711.9,1700.3,1724.8,1672.5,97116
KIRLOSBROS,2026-06-09,1711.0,1716.8,1725.0,1696.4,33548
KIRLOSBROS,2026-06-10,1720.9,1724.8,1745.0,1705.5,64675
KIRLOSBROS,2026-06-11,1725.0,1664.1,1745.0,1654.0,57850
KIRLOSBROS,2026-06-12,1682.4,1729.4,1735.1,1682.4,73744
KIRLOSBROS,2026-06-15,1751.9,1753.0,1775.6,1733.5,98406
KIRLOSBROS,2026-06-16,1755.4,1816.7,1845.0,1755.4,244500
KIRLOSBROS,2026-06-17,1825.8,1847.0,1859.0,1795.9,171329
KIRLOSBROS,2026-06-18,1839.1,1903.2,1908.0,1839.0,231750
KIRLOSBROS,2026-06-19,1898.8,1933.6,1965.0,1884.3,229309
KIRLOSBROS,2026-06-22,1970.0,2073.3,2189.2,1970.0,3531849
KIRLOSBROS,2026-06-23,2089.9,2026.8,2129.8,1993.0,662956
KIRLOSBROS,2026-06-24,2027.0,2020.8,2040.9,1956.6,250545
KIRLOSBROS,2026-06-25,2022.4,2018.5,2030.3,1966.1,180624
KIRLOSBROS,2026-06-26,2018.5,2018.5,2018.5,2018.5,0
KIRLOSBROS,2026-06-29,2026.7,1963.8,2036.1,1901.0,483798
KIRLOSBROS,2026-06-30,1950.5,2053.4,2091.7,1950.5,397068
KIRLOSBROS,2026-07-01,2068.8,1984.5,2098.0,1973.3,122331
KIRLOSBROS,2026-07-02,1985.0,1918.1,1999.8,1906.0,134526
KIRLOSBROS,2026-07-03,1925.3,1852.5,1935.6,1800.0,274175
KIRLOSBROS,2026-07-06,1852.5,1875.1,1885.0,1834.1,125676
KIRLOSBROS,2026-07-07,1876.1,1856.2,1882.1,1811.3,86749
KIRLOSBROS,2026-07-08,1848.0,1853.9,1865.9,1827.1,116575
KIRLOSBROS,2026-07-09,1865.6,1908.1,1916.3,1840.0,114038
KIRLOSBROS,2026-07-10,1927.0,1920.5,1934.9,1909.6,48615
KIRLOSBROS,2026-07-13,1920.5,1950.0,1965.9,1898.0,80149
KIRLOSBROS,2026-07-14,1945.0,1929.9,1964.0,1885.0,92515
KIRLOSBROS,2026-07-15,1968.1,1925.5,2007.6,1905.7,323114
KIRLOSBROS,2026-07-16,1925.0,1871.0,1927.0,1865.1,83942
KIRLOSBROS,2026-07-17,1871.0,1868.2,1874.0,1833.1,84102
KIRLOSENG,2026-04-17,1609.1,1618.4,1638.4,1587.0,293225
KIRLOSENG,2026-04-20,1625.0,1639.9,1687.5,1613.5,620064
KIRLOSENG,2026-04-21,1650.0,1663.3,1670.0,1630.1,715060
KIRLOSENG,2026-04-22,1655.0,1640.1,1675.0,1632.4,285318
KIRLOSENG,2026-04-23,1632.0,1610.3,1676.7,1599.7,362024
KIRLOSENG,2026-04-24,1613.0,1591.1,1636.6,1571.6,284221
KIRLOSENG,2026-04-27,1616.8,1681.0,1696.7,1605.0,712802
KIRLOSENG,2026-04-28,1679.1,1724.4,1740.8,1676.0,534846
KIRLOSENG,2026-04-29,1724.4,1699.1,1745.9,1696.0,368050
KIRLOSENG,2026-04-30,1697.0,1698.2,1729.9,1685.0,418018
KIRLOSENG,2026-05-01,1698.2,1698.2,1698.2,1698.2,0
KIRLOSENG,2026-05-04,1701.1,1723.6,1755.0,1701.1,239556
KIRLOSENG,2026-05-05,1732.2,1737.1,1749.9,1715.2,175993
KIRLOSENG,2026-05-06,1740.0,1709.2,1752.4,1666.2,560823
KIRLOSENG,2026-05-07,1718.8,1727.9,1765.0,1710.3,320515
KIRLOSENG,2026-05-08,1729.8,1728.9,1749.9,1722.0,124199
KIRLOSENG,2026-05-11,1732.1,1660.0,1738.8,1653.9,234734
KIRLOSENG,2026-05-12,1650.1,1561.1,1656.6,1543.1,433495
KIRLOSENG,2026-05-13,1564.9,1599.6,1650.0,1562.1,389959
KIRLOSENG,2026-05-14,1623.9,1596.6,1656.2,1580.4,166620
KIRLOSENG,2026-05-15,1623.2,1740.2,1775.0,1536.1,1983674
KIRLOSENG,2026-05-18,1739.0,1700.0,1739.0,1672.3,377962
KIRLOSENG,2026-05-19,1691.6,1660.3,1707.5,1632.2,628650
KIRLOSENG,2026-05-20,1658.0,1663.1,1677.0,1630.0,318558
KIRLOSENG,2026-05-21,1682.9,1674.7,1698.9,1653.8,174854
KIRLOSENG,2026-05-22,1674.7,1671.0,1703.9,1647.0,266186
KIRLOSENG,2026-05-25,1665.0,1702.8,1737.9,1656.3,384673
KIRLOSENG,2026-05-26,1701.0,1750.8,1774.9,1696.0,487883
KIRLOSENG,2026-05-27,1745.1,1830.0,1836.0,1745.1,618271
KIRLOSENG,2026-05-28,1830.0,1830.0,1830.0,1830.0,0
KIRLOSENG,2026-05-29,1834.5,1928.0,1943.7,1821.9,1104553
KIRLOSENG,2026-06-01,1930.2,1918.5,1990.8,1882.0,591047
KIRLOSENG,2026-06-02,1885.0,1856.9,1941.1,1842.7,648217
KIRLOSENG,2026-06-03,1872.1,1889.5,1913.4,1855.0,250338
KIRLOSENG,2026-06-04,1898.1,1949.9,1981.7,1869.3,498919
KIRLOSENG,2026-06-05,1974.0,1913.3,1974.0,1902.3,248496
KIRLOSENG,2026-06-08,1837.0,1854.0,1907.6,1834.0,265667
KIRLOSENG,2026-06-09,1859.9,1851.3,1877.7,1831.4,110895
KIRLOSENG,2026-06-10,1860.0,1817.8,1871.5,1807.7,151597
KIRLOSENG,2026-06-11,1810.0,1797.9,1847.0,1791.1,267599
KIRLOSENG,2026-06-12,1809.0,1890.5,1905.0,1809.0,238134
KIRLOSENG,2026-06-15,1952.9,1933.8,1975.0,1914.8,317640
KIRLOSENG,2026-06-16,1953.1,1918.5,1964.8,1910.0,187561
KIRLOSENG,2026-06-17,1915.0,1988.7,2013.0,1915.0,369553
KIRLOSENG,2026-06-18,2008.0,1983.5,2052.7,1972.2,510072
KIRLOSENG,2026-06-19,1991.3,1991.5,2022.0,1948.0,343321
KIRLOSENG,2026-06-22,2200.0,2389.8,2389.8,2200.0,1794366
KIRLOSENG,2026-06-23,2501.0,2504.4,2720.0,2430.2,12991735
KIRLOSENG,2026-06-24,2463.9,2563.6,2593.0,2412.4,3825730
KIRLOSENG,2026-06-25,2560.0,2484.3,2560.0,2450.0,1194137
KIRLOSENG,2026-06-26,2484.3,2484.3,2484.3,2484.3,0
KIRLOSENG,2026-06-29,2480.0,2441.1,2500.0,2390.1,1061555
KIRLOSENG,2026-06-30,2443.5,2364.0,2462.7,2350.0,777327
KIRLOSENG,2026-07-01,2375.8,2341.1,2460.0,2330.0,876198
KIRLOSENG,2026-07-02,2350.0,2321.4,2413.5,2302.2,558697
KIRLOSENG,2026-07-03,2344.0,2230.8,2344.0,2220.0,534975
KIRLOSENG,2026-07-06,2294.0,2265.6,2410.0,2254.1,2168030
KIRLOSENG,2026-07-07,2287.6,2269.9,2360.6,2239.7,1004327
KIRLOSENG,2026-07-08,2274.1,2277.0,2328.0,2250.2,1027377
KIRLOSENG,2026-07-09,2295.4,2424.8,2436.4,2290.1,1094132
KIRLOSENG,2026-07-10,2456.8,2491.9,2503.0,2435.0,615721
KIRLOSENG,2026-07-13,2485.0,2436.2,2572.0,2420.0,655715
KIRLOSENG,2026-07-14,2435.0,2362.3,2435.0,2345.6,401445
KIRLOSENG,2026-07-15,2383.0,2414.2,2434.7,2371.0,247981
KIRLOSENG,2026-07-16,2431.0,2396.1,2440.0,2353.0,214809
KIRLOSENG,2026-07-17,2394.1,2255.7,2394.1,2240.0,531976
KIRLOSIND,2026-04-17,3154.0,3180.3,3239.5,3148.0,10923
KIRLOSIND,2026-04-20,3164.4,3102.0,3164.4,3065.2,10980
KIRLOSIND,2026-04-21,3135.0,3307.3,3399.0,3112.2,28777
KIRLOSIND,2026-04-22,3340.4,3327.6,3384.5,3255.0,11615
KIRLOSIND,2026-04-23,3341.0,3254.4,3345.5,3250.0,3788
KIRLOSIND,2026-04-24,3250.0,3238.4,3303.0,3176.0,6220
KIRLOSIND,2026-04-27,3249.5,3327.7,3398.6,3249.5,7242
KIRLOSIND,2026-04-28,3341.1,3280.5,3351.9,3275.0,2876
KIRLOSIND,2026-04-29,3310.5,3288.6,3353.0,3250.4,4362
KIRLOSIND,2026-04-30,3319.9,3260.2,3319.9,3204.1,3376
KIRLOSIND,2026-05-04,3298.9,3280.0,3300.0,3236.0,3053
KIRLOSIND,2026-05-05,3221.0,3242.6,3274.7,3221.0,1681
KIRLOSIND,2026-05-06,3244.0,3342.8,3350.0,3230.0,5265
KIRLOSIND,2026-05-07,3359.0,3356.0,3397.0,3304.1,6105
KIRLOSIND,2026-05-08,3386.4,3375.8,3399.8,3341.9,3652
KIRLOSIND,2026-05-11,3392.6,3347.6,3392.6,3332.2,4580
KIRLOSIND,2026-05-12,3349.8,3187.8,3388.0,3160.0,4211
KIRLOSIND,2026-05-13,3180.0,3131.2,3239.7,3101.0,3028
KIRLOSIND,2026-05-14,3130.2,3115.3,3184.9,3030.0,5493
KIRLOSIND,2026-05-15,3089.7,3049.8,3143.9,2973.5,4382
KIRLOSIND,2026-05-18,3059.9,3053.7,3099.0,2941.9,4627
KIRLOSIND,2026-05-19,3059.7,3440.8,3500.0,3040.0,198716
KIRLOSIND,2026-05-20,3520.0,3175.9,3545.0,3150.0,66150
KIRLOSIND,2026-05-21,3185.0,3163.8,3220.0,3128.2,11860
KIRLOSIND,2026-05-22,3192.5,3098.6,3192.5,3065.5,5707
KIRLOSIND,2026-05-25,3111.0,3101.0,3146.4,3085.0,5015
KIRLOSIND,2026-05-26,3090.0,3126.4,3179.9,3090.0,3345
KIRLOSIND,2026-05-27,3139.4,3197.2,3249.3,3110.0,6162
KIRLOSIND,2026-05-28,3197.2,3197.2,3197.2,3197.2,0
KIRLOSIND,2026-05-29,3213.1,3139.1,3216.4,3120.0,4112
KIRLOSIND,2026-06-01,3160.0,3095.2,3195.8,3055.2,3247
KIRLOSIND,2026-06-02,3099.6,3135.4,3195.9,3030.2,5604
KIRLOSIND,2026-06-03,3120.0,3136.0,3166.8,3090.0,3062
KIRLOSIND,2026-06-04,3100.0,3124.7,3230.0,3092.1,6299
KIRLOSIND,2026-06-05,3191.6,3211.4,3239.9,3113.0,7556
KIRLOSIND,2026-06-08,3203.4,3120.7,3203.4,3101.0,2500
KIRLOSIND,2026-06-09,3101.6,3148.8,3168.4,3087.1,2680
KIRLOSIND,2026-06-10,3164.5,3108.1,3177.5,3081.6,2744
KIRLOSIND,2026-06-11,3081.0,3056.4,3093.9,3026.0,2234
KIRLOSIND,2026-06-12,3084.5,3129.3,3150.9,3084.5,1925
KIRLOSIND,2026-06-15,3224.0,3198.6,3258.1,3163.2,5889
KIRLOSIND,2026-06-16,3195.9,3244.6,3263.9,3156.1,5977
KIRLOSIND,2026-06-17,3268.7,3628.7,3725.0,3228.0,274121
KIRLOSIND,2026-06-18,3680.0,3808.7,3865.0,3680.0,165927
KIRLOSIND,2026-06-19,3839.0,3749.8,3955.0,3704.3,60486
KIRLOSIND,2026-06-22,3772.3,4313.4,4499.7,3772.3,493293
KIRLOSIND,2026-06-23,4378.0,4142.5,4574.8,4062.4,269280
KIRLOSIND,2026-06-24,4121.7,4085.0,4175.8,4020.1,41847
KIRLOSIND,2026-06-25,4130.0,3928.3,4149.8,3900.0,32315
KIRLOSIND,2026-06-26,3928.3,3928.3,3928.3,3928.3,0
KIRLOSIND,2026-06-29,3901.0,4009.3,4087.1,3840.1,20732
KIRLOSIND,2026-06-30,4000.0,3915.1,4016.1,3859.8,16274
KIRLOSIND,2026-07-01,3955.1,3943.4,4055.0,3915.1,11228
KIRLOSIND,2026-07-02,3960.5,4097.2,4129.0,3957.2,21470
KIRLOSIND,2026-07-03,4094.9,4099.9,4148.0,3950.0,20425
KIRLOSIND,2026-07-06,4103.9,4055.3,4206.6,4022.1,23360
KIRLOSIND,2026-07-07,4055.3,4022.6,4074.4,3979.0,8195
KIRLOSIND,2026-07-08,4022.6,4006.2,4041.7,3949.0,9948
KIRLOSIND,2026-07-09,4035.0,4151.0,4233.0,4032.3,28948
KIRLOSIND,2026-07-10,4185.0,4134.3,4230.8,4125.0,10731
KIRLOSIND,2026-07-13,4127.5,4110.9,4180.0,4040.0,14922
KIRLOSIND,2026-07-14,4109.0,3939.4,4109.0,3901.1,15849
KIRLOSIND,2026-07-15,3976.9,3956.4,4049.9,3925.1,8660
KIRLOSIND,2026-07-16,3928.0,3936.5,3975.8,3900.0,6553
KIRLOSIND,2026-07-17,3936.5,3824.8,3949.6,3788.1,10843
KIRLPNU,2026-04-17,1264.2,1263.4,1285.0,1240.9,233072
KIRLPNU,2026-04-20,1267.0,1363.8,1371.0,1258.8,446000
KIRLPNU,2026-04-21,1363.5,1362.1,1374.3,1342.3,123035
KIRLPNU,2026-04-22,1362.1,1354.9,1371.0,1349.8,42534
KIRLPNU,2026-04-23,1354.9,1328.1,1360.0,1325.0,50596
KIRLPNU,2026-04-24,1320.0,1337.4,1352.0,1320.0,55393
KIRLPNU,2026-04-27,1353.0,1448.3,1510.0,1347.0,2098674
KIRLPNU,2026-04-28,1477.0,1525.2,1562.3,1473.3,1270404
KIRLPNU,2026-04-29,1530.0,1513.2,1543.8,1505.0,169153
KIRLPNU,2026-04-30,1500.0,1503.3,1537.6,1490.2,147315
KIRLPNU,2026-05-04,1528.8,1563.0,1589.0,1513.0,481078
KIRLPNU,2026-05-05,1562.8,1524.3,1564.7,1515.4,113983
KIRLPNU,2026-05-06,1553.7,1547.4,1565.0,1510.0,200319
KIRLPNU,2026-05-07,1563.0,1590.8,1604.0,1546.3,282148
KIRLPNU,2026-05-08,1599.7,1560.2,1613.8,1550.1,129465
KIRLPNU,2026-05-11,1549.3,1522.1,1558.0,1514.5,107524
KIRLPNU,2026-05-12,1515.1,1495.6,1534.7,1478.7,114872
KIRLPNU,2026-05-13,1480.0,1460.4,1516.6,1449.6,115802
KIRLPNU,2026-05-14,1470.0,1524.4,1542.0,1444.2,255934
KIRLPNU,2026-05-15,1539.0,1541.4,1574.0,1495.3,204773
KIRLPNU,2026-05-18,1541.0,1526.3,1550.4,1490.3,94159
KIRLPNU,2026-05-19,1540.0,1581.5,1602.5,1521.0,251675
KIRLPNU,2026-05-20,1581.0,1618.2,1641.0,1537.6,197079
KIRLPNU,2026-05-21,1644.5,1611.8,1661.3,1590.0,135986
KIRLPNU,2026-05-22,1625.0,1607.3,1635.0,1601.0,76341
KIRLPNU,2026-05-25,1629.0,1659.8,1680.0,1608.0,181337
KIRLPNU,2026-05-26,1670.0,1662.0,1697.0,1654.1,99868
KIRLPNU,2026-05-27,1671.0,1643.8,1705.0,1634.1,87696
KIRLPNU,2026-05-28,1643.8,1643.8,1643.8,1643.8,0
KIRLPNU,2026-05-29,1642.0,1574.3,1666.0,1545.5,220596
KIRLPNU,2026-06-01,1574.8,1553.3,1599.9,1545.0,91023
KIRLPNU,2026-06-02,1550.0,1578.5,1586.0,1500.0,91216
KIRLPNU,2026-06-03,1578.0,1579.5,1594.0,1557.2,51072
KIRLPNU,2026-06-04,1586.7,1598.2,1627.9,1579.5,94741
KIRLPNU,2026-06-05,1591.1,1570.8,1619.0,1551.2,69471
KIRLPNU,2026-06-08,1551.0,1595.0,1618.1,1505.5,123880
KIRLPNU,2026-06-09,1600.0,1645.0,1680.0,1600.0,227807
KIRLPNU,2026-06-10,1661.2,1625.7,1661.2,1601.1,126637
KIRLPNU,2026-06-11,1611.0,1574.9,1616.0,1561.7,117271
KIRLPNU,2026-06-12,1589.9,1606.0,1613.4,1565.6,150646
KIRLPNU,2026-06-15,1628.0,1629.2,1672.0,1619.9,84431
KIRLPNU,2026-06-16,1643.2,1646.2,1656.0,1625.1,94251
KIRLPNU,2026-06-17,1654.4,1832.4,1870.0,1654.4,1027172
KIRLPNU,2026-06-18,1851.0,1828.0,1879.0,1795.0,311763
KIRLPNU,2026-06-19,1835.0,1950.0,1987.0,1814.5,727663
KIRLPNU,2026-06-22,2050.0,2091.5,2197.1,2012.5,1689772
KIRLPNU,2026-06-23,2074.0,1983.0,2113.6,1971.4,371629
KIRLPNU,2026-06-24,1994.0,1909.2,1994.1,1887.0,182932
KIRLPNU,2026-06-25,1918.0,1899.2,1930.0,1866.5,198481
KIRLPNU,2026-06-26,1899.2,1899.2,1899.2,1899.2,0
KIRLPNU,2026-06-29,1912.0,1905.7,1948.0,1885.1,158940
KIRLPNU,2026-06-30,1920.0,1953.0,1972.4,1890.1,278079
KIRLPNU,2026-07-01,1973.9,2000.9,2040.0,1965.0,293421
KIRLPNU,2026-07-02,2028.0,1863.5,2028.0,1845.0,329100
KIRLPNU,2026-07-03,1875.0,1825.9,1906.1,1812.1,169744
KIRLPNU,2026-07-06,1843.6,1848.6,1853.4,1801.6,138679
KIRLPNU,2026-07-07,1854.9,1762.9,1860.0,1759.0,187832
KIRLPNU,2026-07-08,1760.0,1745.2,1799.9,1726.8,130618
KIRLPNU,2026-07-09,1762.7,1782.1,1789.0,1750.2,68198
KIRLPNU,2026-07-10,1801.0,1783.7,1815.3,1762.1,126195
KIRLPNU,2026-07-13,1784.0,1768.8,1804.9,1765.1,71332
KIRLPNU,2026-07-14,1769.9,1749.9,1770.0,1727.4,57100
KIRLPNU,2026-07-15,1755.0,1761.7,1781.8,1747.3,90707
KIRLPNU,2026-07-16,1761.7,1740.3,1788.8,1728.0,131157
KIRLPNU,2026-07-17,1745.4,1696.0,1745.5,1671.1,174034
KOTAKBANK,2026-04-17,379.3,383.6,385.2,376.65,11626179
KOTAKBANK,2026-04-20,384.1,379.2,386.0,378.0,11146713
KOTAKBANK,2026-04-21,381.45,382.15,383.15,378.35,12323488
KOTAKBANK,2026-04-22,378.1,376.85,382.8,376.25,14471487
KOTAKBANK,2026-04-23,370.05,370.4,375.95,367.65,27628052
KOTAKBANK,2026-04-24,370.6,370.85,372.8,367.65,19678907
KOTAKBANK,2026-04-27,375.0,376.8,380.45,373.25,11559552
KOTAKBANK,2026-04-28,372.0,377.95,383.25,372.0,12852733
KOTAKBANK,2026-04-29,378.0,382.0,386.05,377.55,7913344
KOTAKBANK,2026-04-30,376.6,383.3,386.85,375.3,24812228
KOTAKBANK,2026-05-01,383.3,383.3,383.3,383.3,0
KOTAKBANK,2026-05-04,378.9,371.65,382.05,363.0,74467483
KOTAKBANK,2026-05-05,371.0,371.35,375.5,368.75,19084772
KOTAKBANK,2026-05-06,374.0,376.6,380.0,365.65,36195481
KOTAKBANK,2026-05-07,376.1,379.4,382.45,374.3,27286751
KOTAKBANK,2026-05-08,379.0,380.8,381.5,374.0,16183126
KOTAKBANK,2026-05-11,376.1,381.05,386.0,374.4,21347878
KOTAKBANK,2026-05-12,380.2,376.0,381.05,374.55,13065308
KOTAKBANK,2026-05-13,377.9,377.65,384.0,376.85,16267456
KOTAKBANK,2026-05-14,378.0,383.2,385.0,375.6,10652514
KOTAKBANK,2026-05-15,383.2,387.05,393.3,380.5,19461437
KOTAKBANK,2026-05-18,382.0,391.8,393.0,380.3,14575831
KOTAKBANK,2026-05-19,388.5,381.95,391.8,380.25,22567886
KOTAKBANK,2026-05-20,376.3,383.2,384.05,376.3,12342444
KOTAKBANK,2026-05-21,384.7,380.85,386.45,377.9,10133840
KOTAKBANK,2026-05-22,381.0,384.15,386.3,381.0,10348359
KOTAKBANK,2026-05-25,388.3,392.85,395.15,387.25,15571552
KOTAKBANK,2026-05-26,392.85,388.65,394.95,387.0,15059212
KOTAKBANK,2026-05-27,388.55,388.7,390.5,386.7,9326451
KOTAKBANK,2026-05-28,388.7,388.7,388.7,388.7,0
KOTAKBANK,2026-05-29,388.85,384.2,392.55,381.25,40109830
KOTAKBANK,2026-06-01,384.15,377.4,387.0,375.65,12335552
KOTAKBANK,2026-06-02,373.0,379.05,381.55,372.2,14834956
KOTAKBANK,2026-06-03,377.6,381.0,383.45,375.1,14844206
KOTAKBANK,2026-06-04,378.5,381.5,384.0,377.9,13889236
KOTAKBANK,2026-06-05,381.5,377.45,383.7,374.65,10129597
KOTAKBANK,2026-06-08,373.0,377.1,378.9,372.7,14460894
KOTAKBANK,2026-06-09,379.7,381.7,382.45,377.3,13987913
KOTAKBANK,2026-06-10,380.5,388.1,391.2,380.5,21427363
KOTAKBANK,2026-06-11,386.0,393.35,399.9,384.55,16135289
KOTAKBANK,2026-06-12,397.75,403.3,404.5,394.95,17227481
KOTAKBANK,2026-06-15,408.0,405.75,411.0,402.45,14269679
KOTAKBANK,2026-06-16,405.75,407.85,408.55,404.5,9079548
KOTAKBANK,2026-06-17,407.85,404.5,408.75,402.55,11654415
KOTAKBANK,2026-06-18,403.95,402.95,404.25,399.65,9342524
KOTAKBANK,2026-06-19,402.5,399.25,403.55,398.0,17504009
KOTAKBANK,2026-06-22,399.25,402.15,403.1,398.75,7158956
KOTAKBANK,2026-06-23,398.0,401.65,405.0,398.0,10077909
KOTAKBANK,2026-06-24,401.65,405.95,407.95,400.2,11768059
KOTAKBANK,2026-06-25,409.5,409.0,413.8,407.2,16587414
KOTAKBANK,2026-06-26,409.0,409.0,409.0,409.0,0
KOTAKBANK,2026-06-29,402.5,395.5,404.85,394.1,37210245
KOTAKBANK,2026-06-30,395.5,392.25,397.0,389.9,24824891
KOTAKBANK,2026-07-01,397.35,400.45,401.4,393.25,21723944
KOTAKBANK,2026-07-02,400.45,399.3,405.0,397.3,12980945
KOTAKBANK,2026-07-03,400.0,396.75,401.45,394.55,14747410
KOTAKBANK,2026-07-06,389.75,381.3,389.75,380.7,34164881
KOTAKBANK,2026-07-07,381.5,381.7,382.9,378.65,23216875
KOTAKBANK,2026-07-08,378.5,370.1,381.75,369.1,22517529
KOTAKBANK,2026-07-09,371.5,377.15,377.95,368.4,30720415
KOTAKBANK,2026-07-10,377.45,377.6,381.15,376.9,15468937
KOTAKBANK,2026-07-13,375.8,384.65,385.15,375.1,14167721
KOTAKBANK,2026-07-14,383.5,378.65,383.5,376.1,16237528
KOTAKBANK,2026-07-15,379.35,378.4,382.8,376.25,8082156
KOTAKBANK,2026-07-16,377.5,377.15,381.25,376.55,10889356
KOTAKBANK,2026-07-17,377.5,389.95,391.8,375.7,17847316
KOVAI,2026-04-17,2576.65,2576.65,2576.65,2576.65,0
KOVAI,2026-04-20,5499.9,5487.9,5500.0,5350.1,915
KOVAI,2026-04-21,5460.5,5574.7,5598.0,5425.0,1340
KOVAI,2026-04-22,5630.4,5637.8,5679.0,5541.0,1724
KOVAI,2026-04-23,5637.7,5676.6,5742.2,5580.0,2335
KOVAI,2026-04-24,5701.0,5659.6,5748.0,5610.0,4886
KOVAI,2026-04-27,5740.0,5955.4,6052.6,5637.0,7045
KOVAI,2026-04-28,5950.0,5639.8,5999.0,5500.0,6929
KOVAI,2026-04-29,5651.1,5693.8,5847.8,5648.1,4747
KOVAI,2026-04-30,5722.3,5657.6,5774.9,5640.0,666
KOVAI,2026-05-04,5642.5,5616.5,5724.0,5571.0,3062
KOVAI,2026-05-05,5699.0,5568.5,5699.0,5530.0,1658
KOVAI,2026-05-06,5650.0,5728.0,5771.0,5611.0,4380
KOVAI,2026-05-07,5770.5,5716.0,5838.5,5690.5,3882
KOVAI,2026-05-08,5770.5,5689.5,5789.0,5600.0,4610
KOVAI,2026-05-11,5750.0,5603.5,5750.0,5554.5,3920
KOVAI,2026-05-12,5645.5,5423.0,5656.0,5360.0,5178
KOVAI,2026-05-13,5437.0,5391.5,5536.0,5370.0,8257
KOVAI,2026-05-14,5400.0,5365.0,5480.0,5341.0,2619
KOVAI,2026-05-15,5450.0,5427.5,5685.0,5340.0,3976
KOVAI,2026-05-18,5492.5,5363.0,5492.5,5294.5,2507
KOVAI,2026-05-19,5324.5,5342.0,5528.5,5300.0,4674
KOVAI,2026-05-20,5342.0,5339.0,5384.5,5296.5,1254
KOVAI,2026-05-21,5389.0,5398.0,5480.0,5351.0,5805
KOVAI,2026-05-22,5391.5,5393.5,5450.0,5356.0,3982
KOVAI,2026-05-25,5421.0,5350.5,5454.5,5320.0,6305
KOVAI,2026-05-26,5399.5,5340.0,5399.5,5279.5,8554
KOVAI,2026-05-27,5305.0,5392.0,5420.0,5275.5,4554
KOVAI,2026-05-28,5392.0,5392.0,5392.0,5392.0,0
KOVAI,2026-05-29,5400.0,5360.5,5540.0,5340.0,11272
KOVAI,2026-06-01,5300.0,5369.5,5459.0,5300.0,5892
KOVAI,2026-06-02,5393.5,5342.0,5394.0,5310.0,1772
KOVAI,2026-06-03,5390.5,5369.0,5400.0,5350.5,1483
KOVAI,2026-06-04,5382.5,5389.0,5436.0,5325.0,1081
KOVAI,2026-06-05,5362.5,5398.0,5420.0,5325.0,2202
KOVAI,2026-06-08,5322.0,5517.5,5671.5,5275.5,9173
KOVAI,2026-06-09,5631.0,5746.0,5816.5,5555.0,14365
KOVAI,2026-06-10,5751.0,5856.5,5946.0,5751.0,7372
KOVAI,2026-06-11,5856.5,5794.5,5913.5,5765.5,5630
KOVAI,2026-06-12,5795.0,5811.0,5850.0,5712.0,2484
KOVAI,2026-06-15,5860.0,5774.5,5860.0,5737.5,2610
KOVAI,2026-06-16,5823.5,5794.5,5845.0,5762.0,1926
KOVAI,2026-06-17,5785.0,5833.5,5900.0,5728.0,4148
KOVAI,2026-06-18,5848.0,5867.5,5900.0,5761.0,4180
KOVAI,2026-06-19,5809.0,5842.5,5883.5,5809.0,1604
KOVAI,2026-06-22,5842.5,5842.5,5900.0,5800.0,10511
KOVAI,2026-06-23,5900.0,6205.0,6340.0,5826.5,49205
KOVAI,2026-06-24,6100.5,6088.5,6188.0,6007.0,12611
KOVAI,2026-06-25,6145.0,6019.0,6145.0,5965.0,7565
KOVAI,2026-06-26,6019.0,6019.0,6019.0,6019.0,0
KOVAI,2026-06-29,6019.5,5951.5,6019.5,5901.0,7741
KOVAI,2026-06-30,6079.5,5998.5,6079.5,5899.5,9786
KOVAI,2026-07-01,6010.0,6050.0,6140.0,6010.0,9812
KOVAI,2026-07-02,6106.5,6041.0,6108.5,6000.0,8872
KOVAI,2026-07-03,6110.0,6042.5,6110.0,6007.5,4728
KOVAI,2026-07-06,6097.5,6023.5,6158.5,6002.5,4646
KOVAI,2026-07-07,6030.0,6036.5,6068.0,6000.0,2391
KOVAI,2026-07-08,6036.5,5968.5,6036.5,5894.0,1745
KOVAI,2026-07-09,5968.5,5970.5,6000.0,5915.0,1917
KOVAI,2026-07-10,6039.5,5989.5,6040.0,5957.5,4445
KOVAI,2026-07-13,6015.5,5995.5,6015.5,5800.0,4071
KOVAI,2026-07-14,6048.0,5862.0,6057.0,5845.0,5765
KOVAI,2026-07-15,5892.0,5986.0,6017.0,5843.0,4705
KOVAI,2026-07-16,6019.5,5949.0,6035.0,5876.0,4358
KOVAI,2026-07-17,5926.0,5986.0,6015.0,5850.0,3781
KPIL,2026-04-17,1203.6,1231.7,1237.0,1200.1,111964
KPIL,2026-04-20,1239.0,1241.5,1248.0,1213.2,137848
KPIL,2026-04-21,1249.9,1249.1,1262.0,1237.5,148323
KPIL,2026-04-22,1244.2,1266.0,1273.1,1240.0,98915
KPIL,2026-04-23,1260.0,1264.0,1272.5,1255.0,69247
KPIL,2026-04-24,1270.0,1240.8,1272.9,1235.1,56576
KPIL,2026-04-27,1250.0,1261.6,1273.5,1243.7,68526
KPIL,2026-04-28,1269.1,1254.2,1275.0,1250.0,73399
KPIL,2026-04-29,1259.2,1264.3,1274.0,1252.9,91695
KPIL,2026-04-30,1264.3,1250.3,1267.8,1230.1,74038
KPIL,2026-05-01,1250.3,1250.3,1250.3,1250.3,0
KPIL,2026-05-04,1255.0,1291.7,1313.0,1252.0,319785
KPIL,2026-05-05,1291.7,1260.6,1308.0,1253.7,455715
KPIL,2026-05-06,1278.8,1280.3,1287.8,1237.6,152649
KPIL,2026-05-07,1280.3,1297.9,1315.0,1276.4,358343
KPIL,2026-05-08,1304.8,1275.7,1329.0,1270.1,233212
KPIL,2026-05-11,1276.7,1262.1,1281.5,1255.4,61921
KPIL,2026-05-12,1262.1,1232.6,1270.8,1222.2,157845
KPIL,2026-05-13,1241.0,1229.0,1272.0,1223.2,137943
KPIL,2026-05-14,1240.1,1226.6,1250.9,1210.1,66037
KPIL,2026-05-15,1259.9,1257.6,1282.4,1235.2,584783
KPIL,2026-05-18,1256.0,1238.6,1257.6,1225.0,100922
KPIL,2026-05-19,1238.9,1251.5,1280.0,1238.6,303377
KPIL,2026-05-20,1241.2,1243.4,1258.0,1232.1,62280
KPIL,2026-05-21,1254.7,1276.8,1283.9,1237.0,222560
KPIL,2026-05-22,1285.0,1267.5,1327.0,1260.2,337309
KPIL,2026-05-25,1275.9,1273.0,1283.8,1259.5,91804
KPIL,2026-05-26,1276.0,1297.1,1304.1,1271.7,187883
KPIL,2026-05-27,1305.9,1274.4,1314.2,1268.2,146423
KPIL,2026-05-28,1274.4,1274.4,1274.4,1274.4,0
KPIL,2026-05-29,1279.7,1305.0,1322.7,1269.9,382079
KPIL,2026-06-01,1320.0,1301.8,1320.0,1271.1,383049
KPIL,2026-06-02,1300.0,1290.8,1312.2,1276.7,164078
KPIL,2026-06-03,1296.7,1287.8,1296.7,1240.1,142476
KPIL,2026-06-04,1287.0,1291.2,1335.0,1286.0,225682
KPIL,2026-06-05,1296.5,1290.3,1319.6,1277.4,193618
KPIL,2026-06-08,1280.0,1266.9,1283.9,1260.0,110550
KPIL,2026-06-09,1266.9,1306.5,1315.7,1260.0,94500
KPIL,2026-06-10,1310.0,1273.3,1323.9,1265.0,143452
KPIL,2026-06-11,1265.7,1252.6,1282.7,1241.0,135962
KPIL,2026-06-12,1254.2,1301.6,1310.0,1254.2,138153
KPIL,2026-06-15,1323.0,1303.9,1325.0,1296.0,163133
KPIL,2026-06-16,1309.9,1365.7,1390.0,1309.9,2428065
KPIL,2026-06-17,1380.8,1369.3,1387.6,1346.4,374939
KPIL,2026-06-18,1374.0,1367.9,1404.3,1361.6,291799
KPIL,2026-06-19,1369.1,1398.7,1409.9,1363.6,380962
KPIL,2026-06-22,1410.0,1439.7,1450.0,1394.3,520973
KPIL,2026-06-23,1460.0,1439.6,1479.6,1432.4,527643
KPIL,2026-06-24,1442.0,1398.2,1455.0,1392.5,356000
KPIL,2026-06-25,1406.0,1384.2,1414.9,1376.1,214616
KPIL,2026-06-26,1384.2,1384.2,1384.2,1384.2,0
KPIL,2026-06-29,1376.9,1346.1,1404.7,1338.2,430829
KPIL,2026-06-30,1367.4,1370.1,1405.2,1345.1,610849
KPIL,2026-07-01,1380.0,1355.7,1385.0,1351.5,178893
KPIL,2026-07-02,1364.6,1370.2,1380.0,1352.0,240426
KPIL,2026-07-03,1385.0,1384.0,1392.5,1365.0,127800
KPIL,2026-07-06,1386.0,1380.4,1391.0,1356.1,107187
KPIL,2026-07-07,1377.1,1352.9,1383.2,1350.0,84024
KPIL,2026-07-08,1340.0,1332.4,1358.7,1321.0,167353
KPIL,2026-07-09,1332.4,1349.9,1368.9,1332.4,86189
KPIL,2026-07-10,1359.9,1352.0,1365.0,1342.0,110328
KPIL,2026-07-13,1340.0,1341.7,1347.0,1322.6,134485
KPIL,2026-07-14,1341.7,1299.2,1344.5,1292.1,193629
KPIL,2026-07-15,1302.4,1297.9,1317.9,1295.4,85722
KPIL,2026-07-16,1295.5,1320.1,1322.9,1290.0,128233
KPIL,2026-07-17,1320.1,1310.0,1329.3,1285.1,231235
KPITTECH,2026-04-17,749.9,747.8,762.8,740.0,1541544
KPITTECH,2026-04-20,748.65,734.4,750.45,724.35,1674776
KPITTECH,2026-04-21,734.0,744.7,749.3,730.05,745302
KPITTECH,2026-04-22,743.9,735.95,743.9,721.25,1703203
KPITTECH,2026-04-23,735.0,733.65,743.95,728.0,1046359
KPITTECH,2026-04-24,733.5,709.6,733.95,690.15,2240743
KPITTECH,2026-04-27,713.1,735.3,740.0,713.1,1703717
KPITTECH,2026-04-28,736.0,734.45,739.8,722.9,1438774
KPITTECH,2026-04-29,737.0,740.05,758.9,737.0,1272977
KPITTECH,2026-04-30,738.05,759.05,767.2,727.65,2877480
KPITTECH,2026-05-01,759.05,759.05,759.05,759.05,0
KPITTECH,2026-05-04,767.0,768.55,777.15,756.55,2376007
KPITTECH,2026-05-05,768.45,772.5,784.6,764.25,1260326
KPITTECH,2026-05-06,783.95,748.6,795.3,722.5,11996230
KPITTECH,2026-05-07,748.55,722.65,748.55,709.2,8691588
KPITTECH,2026-05-08,722.6,729.15,735.8,704.0,4551374
KPITTECH,2026-05-11,728.0,733.45,737.2,715.0,1990591
KPITTECH,2026-05-12,733.0,712.05,733.0,703.25,2937642
KPITTECH,2026-05-13,711.0,710.65,718.05,705.0,1300856
KPITTECH,2026-05-14,711.0,709.0,716.7,693.0,1986342
KPITTECH,2026-05-15,708.2,703.7,726.45,702.0,1215690
KPITTECH,2026-05-18,702.0,707.75,711.7,690.45,1166215
KPITTECH,2026-05-19,712.0,743.7,750.9,710.0,3215754
KPITTECH,2026-05-20,745.05,750.8,760.9,741.5,3194714
KPITTECH,2026-05-21,755.6,750.9,756.95,742.5,2354499
KPITTECH,2026-05-22,752.0,751.05,764.5,744.4,1465191
KPITTECH,2026-05-25,753.95,756.6,772.65,753.95,1495776
KPITTECH,2026-05-26,756.4,784.7,797.5,753.95,2237901
KPITTECH,2026-05-27,783.5,771.8,795.0,766.25,1268829
KPITTECH,2026-05-28,771.8,771.8,771.8,771.8,0
KPITTECH,2026-05-29,778.0,771.95,793.95,764.35,1432401
KPITTECH,2026-06-01,776.05,786.1,805.85,776.05,2194206
KPITTECH,2026-06-02,789.05,809.25,826.0,783.0,3897702
KPITTECH,2026-06-03,800.8,774.25,800.8,770.6,2235273
KPITTECH,2026-06-04,770.0,773.0,779.45,758.0,758769
KPITTECH,2026-06-05,780.05,777.8,784.3,767.25,848126
KPITTECH,2026-06-08,770.0,755.3,770.0,751.2,901646
KPITTECH,2026-06-09,756.0,756.15,773.0,746.05,683944
KPITTECH,2026-06-10,751.5,732.95,760.4,730.0,700519
KPITTECH,2026-06-11,726.0,736.9,742.45,718.2,764143
KPITTECH,2026-06-12,742.1,749.0,752.0,736.3,675160
KPITTECH,2026-06-15,763.0,757.0,774.0,754.05,991468
KPITTECH,2026-06-16,765.0,756.55,767.35,751.2,1065809
KPITTECH,2026-06-17,760.05,752.0,767.7,748.3,981294
KPITTECH,2026-06-18,752.0,745.95,758.7,741.4,724879
KPITTECH,2026-06-19,729.9,760.05,769.85,711.1,2632393
KPITTECH,2026-06-22,763.8,756.4,770.95,753.0,868628
KPITTECH,2026-06-23,753.5,741.15,756.0,738.2,1050698
KPITTECH,2026-06-24,740.15,736.05,753.7,733.0,1624553
KPITTECH,2026-06-25,741.7,742.6,749.5,733.2,1108161
KPITTECH,2026-06-26,742.6,742.6,742.6,742.6,0
KPITTECH,2026-06-29,738.9,712.2,743.8,708.05,1861006
KPITTECH,2026-06-30,712.5,671.55,716.0,669.35,5466149
KPITTECH,2026-07-01,604.4,557.55,604.4,555.5,26085834
KPITTECH,2026-07-02,561.0,558.8,570.5,551.85,9825945
KPITTECH,2026-07-03,565.05,558.65,568.5,556.5,4156593
KPITTECH,2026-07-06,560.9,558.0,562.0,543.35,4760308
KPITTECH,2026-07-07,559.45,562.4,566.4,556.35,3766444
KPITTECH,2026-07-08,562.25,554.6,567.8,551.1,2948579
KPITTECH,2026-07-09,556.05,548.15,557.0,546.6,1950385
KPITTECH,2026-07-10,554.05,561.75,567.4,554.05,4155099
KPITTECH,2026-07-13,560.0,573.45,578.9,556.6,5545256
KPITTECH,2026-07-14,573.45,555.6,576.6,552.5,3059510
KPITTECH,2026-07-15,553.0,551.6,555.7,543.0,3117204
KPITTECH,2026-07-16,554.95,551.35,562.7,550.0,1575224
KPITTECH,2026-07-17,553.9,554.05,557.95,547.0,1542011
KRISHANA,2026-04-17,129.6,125.2,131.56,123.42,2060625
KRISHANA,2026-04-20,125.2,127.75,128.8,123.21,1321975
KRISHANA,2026-04-21,128.74,124.73,129.6,124.23,1225010
KRISHANA,2026-04-22,124.73,127.7,128.68,124.73,948240
KRISHANA,2026-04-23,128.44,127.03,130.2,125.66,724870
KRISHANA,2026-04-24,128.5,127.63,131.0,126.0,1324230
KRISHANA,2026-04-27,129.8,137.37,139.6,126.22,4422435
KRISHANA,2026-04-28,139.6,133.81,140.8,133.1,1888015
KRISHANA,2026-04-29,134.47,120.99,134.87,119.77,4987670
KRISHANA,2026-04-30,121.06,120.02,124.0,118.81,1473680
KRISHANA,2026-05-01,120.02,120.02,120.02,120.02,0
KRISHANA,2026-05-04,120.23,122.22,123.08,117.0,1807695
KRISHANA,2026-05-05,122.99,126.78,127.4,122.61,2008725
KRISHANA,2026-05-06,128.99,132.81,135.0,125.1,1691180
KRISHANA,2026-05-07,135.0,136.1,136.4,132.9,1554885
KRISHANA,2026-05-08,136.42,140.41,140.79,136.42,3095230
KRISHANA,2026-05-11,141.27,136.11,142.5,133.5,2520585
KRISHANA,2026-05-12,136.0,136.37,138.99,133.99,1053100
KRISHANA,2026-05-13,136.2,135.51,139.01,134.6,1395005
KRISHANA,2026-05-14,136.6,137.81,139.99,136.4,2408295
KRISHANA,2026-05-15,138.58,133.93,139.6,132.81,1417450
KRISHANA,2026-05-18,133.6,133.08,133.99,129.61,877325
KRISHANA,2026-05-19,133.8,136.34,136.75,132.17,551030
KRISHANA,2026-05-20,135.2,136.87,137.78,133.59,595770
KRISHANA,2026-05-21,138.4,140.5,140.8,135.21,3093040
KRISHANA,2026-05-22,142.2,133.34,143.7,132.32,3003060
KRISHANA,2026-05-25,134.74,133.37,135.96,130.4,1454910
KRISHANA,2026-05-26,133.2,134.48,136.8,132.0,1527735
KRISHANA,2026-05-27,136.16,136.22,140.0,133.26,1825875
KRISHANA,2026-05-28,136.22,136.22,136.22,136.22,0
KRISHANA,2026-05-29,138.0,133.62,138.4,132.69,825910
KRISHANA,2026-06-01,134.0,135.95,137.6,132.83,1307140
KRISHANA,2026-06-02,135.58,137.29,138.4,134.27,1546705
KRISHANA,2026-06-03,138.8,136.53,139.74,135.0,954610
KRISHANA,2026-06-04,136.53,136.91,139.12,135.76,993145
KRISHANA,2026-06-05,136.91,133.34,138.0,132.8,1240570
KRISHANA,2026-06-08,132.0,132.19,133.0,129.94,649395
KRISHANA,2026-06-09,134.0,135.53,135.9,130.0,534500
KRISHANA,2026-06-10,135.8,133.1,138.2,132.6,781225
KRISHANA,2026-06-11,132.2,133.33,136.0,131.6,623675
KRISHANA,2026-06-12,135.65,134.72,136.5,133.36,711410
KRISHANA,2026-06-15,136.0,135.31,138.16,134.71,789310
KRISHANA,2026-06-16,135.36,136.12,138.0,134.5,701160
KRISHANA,2026-06-17,136.32,135.69,137.43,135.04,310245
KRISHANA,2026-06-18,136.08,137.34,137.99,135.12,882130
KRISHANA,2026-06-19,137.62,135.9,139.95,135.02,1691620
KRISHANA,2026-06-22,135.68,135.7,137.38,135.22,467185
KRISHANA,2026-06-23,136.4,135.93,137.58,135.4,560700
KRISHANA,2026-06-24,135.58,146.79,147.98,135.01,9690145
KRISHANA,2026-06-25,149.62,144.92,149.71,144.16,2947675
KRISHANA,2026-06-26,144.92,144.92,144.92,144.92,0
KRISHANA,2026-06-29,146.4,136.42,146.73,132.02,3731360
KRISHANA,2026-06-30,136.42,137.6,139.68,135.6,1024170
KRISHANA,2026-07-01,137.74,139.53,142.09,133.0,1810105
KRISHANA,2026-07-02,139.9,142.7,144.48,139.9,2629210
KRISHANA,2026-07-03,145.0,151.85,152.3,142.4,1186694
KRISHANA,2026-07-06,151.0,147.1,151.0,140.25,1221642
KRISHANA,2026-07-07,146.05,129.4,146.3,126.55,3597084
KRISHANA,2026-07-08,127.9,128.75,134.6,126.25,1292320
KRISHANA,2026-07-09,129.7,138.15,139.25,129.65,1381914
KRISHANA,2026-07-10,139.0,140.2,141.35,138.5,696242
KRISHANA,2026-07-13,140.4,139.0,141.6,136.3,1444389
KRISHANA,2026-07-14,137.85,136.2,138.2,133.05,792981
KRISHANA,2026-07-15,137.6,137.4,138.5,135.5,345124
KRISHANA,2026-07-16,137.0,140.25,141.05,134.0,874176
KRISHANA,2026-07-17,140.0,140.45,142.25,139.0,601241
KRN,2026-04-17,1213.0,1269.9,1290.0,1208.0,2692959
KRN,2026-04-20,1269.0,1245.8,1314.0,1226.7,1445860
KRN,2026-04-21,1245.8,1212.8,1275.75,1201.2,925481
KRN,2026-04-22,1210.0,1202.1,1226.0,1183.55,665281
KRN,2026-04-23,1193.0,1284.1,1295.0,1190.0,1423613
KRN,2026-04-24,1304.0,1247.7,1304.0,1241.0,849173
KRN,2026-04-27,1259.0,1328.35,1339.75,1255.2,1427890
KRN,2026-04-28,1339.0,1309.35,1405.0,1286.0,1771981
KRN,2026-04-29,1314.0,1282.9,1327.2,1258.3,750321
KRN,2026-04-30,1283.0,1295.35,1314.0,1271.0,623430
KRN,2026-05-01,1295.35,1295.35,1295.35,1295.35,0
KRN,2026-05-04,1304.9,1222.9,1326.9,1207.0,955819
KRN,2026-05-05,1216.7,1204.9,1246.8,1192.3,530586
KRN,2026-05-06,1214.7,1290.5,1298.7,1197.0,869787
KRN,2026-05-07,1300.0,1329.2,1351.0,1296.8,877147
KRN,2026-05-08,1326.1,1300.2,1350.0,1279.5,459756
KRN,2026-05-11,1294.0,1285.9,1318.5,1252.2,482310
KRN,2026-05-12,1275.0,1212.5,1285.1,1202.3,478636
KRN,2026-05-13,1212.0,1140.2,1249.0,1124.8,701495
KRN,2026-05-14,1151.0,1183.6,1197.7,1095.3,817811
KRN,2026-05-15,1200.0,1172.6,1246.8,1145.2,1149786
KRN,2026-05-18,1162.8,1094.4,1194.9,1084.4,674105
KRN,2026-05-19,1064.0,1039.7,1064.0,1039.7,108572
KRN,2026-05-20,987.8,1045.8,1080.0,987.8,429143
KRN,2026-05-21,1055.0,1098.0,1098.0,1030.0,173876
KRN,2026-05-22,1123.0,1109.6,1149.0,1100.0,172744
KRN,2026-05-25,1134.7,1076.8,1138.1,1060.0,169898
KRN,2026-05-26,1089.0,1086.8,1120.0,1055.0,124339
KRN,2026-05-27,1091.0,1123.3,1125.4,1090.0,164379
KRN,2026-05-28,1123.3,1123.3,1123.3,1123.3,0
KRN,2026-05-29,1136.0,1107.3,1139.0,1103.0,107530
KRN,2026-06-01,1107.3,1052.0,1131.1,1052.0,204825
KRN,2026-06-02,1046.0,1104.6,1104.6,1005.1,135668
KRN,2026-06-03,1159.8,1159.8,1159.8,1130.0,186036
KRN,2026-06-04,1160.0,1217.7,1217.7,1159.8,232966
KRN,2026-06-05,1278.0,1216.8,1278.5,1201.0,264459
KRN,2026-06-08,1169.0,1173.4,1215.0,1160.8,190315
KRN,2026-06-09,1180.0,1232.0,1232.0,1136.0,116226
KRN,2026-06-10,1234.0,1255.7,1293.6,1234.0,390454
KRN,2026-06-11,1220.0,1201.2,1250.5,1193.0,167257
KRN,2026-06-12,1234.0,1261.2,1261.2,1202.9,150786
KRN,2026-06-15,1305.0,1256.0,1305.0,1251.0,177740
KRN,2026-06-16,1270.0,1218.3,1270.0,1210.7,119813
KRN,2026-06-17,1228.3,1224.2,1249.9,1210.0,69978
KRN,2026-06-18,1224.2,1219.4,1239.8,1208.0,54706
KRN,2026-06-19,1215.0,1235.2,1249.0,1210.0,85091
KRN,2026-06-22,1240.0,1224.0,1261.0,1217.0,95719
KRN,2026-06-23,1230.1,1198.1,1238.9,1181.1,79944
KRN,2026-06-24,1198.1,1177.2,1210.0,1170.0,63889
KRN,2026-06-25,1178.5,1191.0,1220.0,1146.1,99997
KRN,2026-06-26,1191.0,1191.0,1191.0,1191.0,0
KRN,2026-06-29,1172.0,1250.5,1250.5,1156.0,224700
KRN,2026-06-30,1239.0,1252.6,1287.9,1238.0,183841
KRN,2026-07-01,1255.0,1234.6,1271.8,1230.0,109034
KRN,2026-07-02,1228.4,1220.5,1248.7,1211.0,48559
KRN,2026-07-03,1220.5,1214.8,1240.1,1210.9,50663
KRN,2026-07-06,1208.0,1230.5,1260.0,1195.0,66624
KRN,2026-07-07,1230.5,1236.0,1247.0,1191.1,91156
KRN,2026-07-08,1203.4,1205.1,1230.0,1201.0,78831
KRN,2026-07-09,1181.0,1211.8,1248.0,1181.0,56896
KRN,2026-07-10,1210.0,1230.9,1239.7,1204.0,59367
KRN,2026-07-13,1210.0,1224.4,1232.0,1206.0,64362
KRN,2026-07-14,1215.1,1224.3,1259.0,1208.0,99312
KRN,2026-07-15,1239.0,1285.5,1285.5,1221.6,195887
KRN,2026-07-16,1285.5,1290.6,1319.0,1263.9,146855
KRN,2026-07-17,1301.9,1249.9,1310.0,1226.1,95780
KSB,2026-04-17,945.05,968.2,979.5,945.0,778474
KSB,2026-04-20,978.2,981.95,1011.5,959.05,983657
KSB,2026-04-21,980.0,990.05,1004.4,978.0,362082
KSB,2026-04-22,995.85,996.1,1007.5,980.05,362399
KSB,2026-04-23,995.95,977.65,998.65,973.7,198241
KSB,2026-04-24,985.0,971.5,989.55,965.7,248908
KSB,2026-04-27,986.25,1000.05,1004.6,975.0,306837
KSB,2026-04-28,1008.15,989.05,1028.3,983.1,347126
KSB,2026-04-29,989.0,985.3,1008.9,980.95,179298
KSB,2026-04-30,983.0,978.6,1001.75,961.0,694012
KSB,2026-05-01,978.6,978.6,978.6,978.6,0
KSB,2026-05-04,971.0,895.3,973.1,888.0,1278698
KSB,2026-05-05,896.0,887.25,929.35,882.5,351191
KSB,2026-05-06,889.25,882.15,893.35,873.05,339827
KSB,2026-05-07,889.0,895.25,900.0,880.25,158522
KSB,2026-05-08,886.3,877.35,894.15,872.5,165423
KSB,2026-05-11,882.5,884.5,892.0,864.35,236695
KSB,2026-05-12,880.2,853.9,884.5,851.0,166524
KSB,2026-05-13,853.6,848.3,862.9,845.15,59164
KSB,2026-05-14,850.05,850.55,856.85,835.5,117515
KSB,2026-05-15,850.5,851.1,864.7,833.05,107579
KSB,2026-05-18,847.85,840.2,847.85,816.9,137719
KSB,2026-05-19,848.0,837.2,848.0,833.0,59441
KSB,2026-05-20,837.8,827.8,843.2,823.0,69202
KSB,2026-05-21,828.2,819.35,847.9,813.15,220960
KSB,2026-05-22,819.35,819.7,842.9,813.15,69603
KSB,2026-05-25,823.9,817.15,831.5,815.0,77128
KSB,2026-05-26,818.0,811.35,824.0,808.45,95845
KSB,2026-05-27,809.2,813.6,817.0,805.05,68812
KSB,2026-05-28,813.6,813.6,813.6,813.6,0
KSB,2026-05-29,813.6,789.9,825.9,784.0,297734
KSB,2026-06-01,789.5,769.5,792.85,763.0,230463
KSB,2026-06-02,769.5,771.1,777.35,750.0,213902
KSB,2026-06-03,771.1,769.0,773.05,756.0,132441
KSB,2026-06-04,768.0,795.55,825.0,761.85,428934
KSB,2026-06-05,809.5,814.1,817.0,797.65,298661
KSB,2026-06-08,810.0,804.65,833.7,794.05,197779
KSB,2026-06-09,804.65,818.75,821.1,795.4,236072
KSB,2026-06-10,820.5,819.9,833.0,808.05,206489
KSB,2026-06-11,816.0,807.3,818.45,800.2,101299
KSB,2026-06-12,813.1,834.8,844.8,810.4,233451
KSB,2026-06-15,844.8,855.3,870.4,841.55,374055
KSB,2026-06-16,855.0,865.45,868.1,855.0,130451
KSB,2026-06-17,865.5,870.25,875.0,860.05,86818
KSB,2026-06-18,872.0,878.15,889.2,867.2,141117
KSB,2026-06-19,878.15,902.55,909.0,872.2,179225
KSB,2026-06-22,910.0,947.8,960.5,901.1,518220
KSB,2026-06-23,956.0,946.25,967.95,942.0,207278
KSB,2026-06-24,957.85,942.8,957.85,936.0,119470
KSB,2026-06-25,944.5,934.35,949.7,920.3,98289
KSB,2026-06-26,934.35,934.35,934.35,934.35,0
KSB,2026-06-29,938.0,945.7,957.05,927.9,113578
KSB,2026-06-30,945.7,958.75,966.5,944.0,113731
KSB,2026-07-01,959.1,962.55,973.85,958.7,114083
KSB,2026-07-02,966.7,946.2,969.35,934.85,111337
KSB,2026-07-03,946.2,936.1,950.0,920.15,141867
KSB,2026-07-06,936.15,934.7,948.0,929.2,101601
KSB,2026-07-07,941.45,926.5,941.5,914.4,70815
KSB,2026-07-08,926.5,927.6,939.0,912.0,205426
KSB,2026-07-09,935.8,932.7,935.8,922.15,60524
KSB,2026-07-10,943.0,940.25,947.45,925.75,49230
KSB,2026-07-13,940.25,943.15,959.0,931.7,83244
KSB,2026-07-14,943.15,922.25,947.4,920.25,59219
KSB,2026-07-15,933.0,917.75,938.7,909.05,143427
KSB,2026-07-16,917.0,913.1,920.3,905.0,46296
KSB,2026-07-17,917.35,903.6,917.35,889.65,96536
KTKBANK,2026-04-17,246.34,246.23,248.2,242.6,4030673
KTKBANK,2026-04-20,247.69,245.67,255.5,243.5,5817601
KTKBANK,2026-04-21,246.0,250.32,252.46,246.0,2240422
KTKBANK,2026-04-22,253.0,250.64,254.0,249.6,1928406
KTKBANK,2026-04-23,249.0,244.97,250.9,244.44,2068821
KTKBANK,2026-04-24,245.54,242.04,247.0,240.46,1200192
KTKBANK,2026-04-27,243.0,254.32,255.9,242.99,3491065
KTKBANK,2026-04-28,253.0,263.63,265.01,251.1,5284366
KTKBANK,2026-04-29,263.0,268.33,271.44,261.43,5831407
KTKBANK,2026-04-30,268.33,268.61,270.5,262.47,3691889
KTKBANK,2026-05-01,268.61,268.61,268.61,268.61,0
KTKBANK,2026-05-04,269.6,274.4,275.3,266.2,3909826
KTKBANK,2026-05-05,272.7,269.6,273.45,265.5,2259134
KTKBANK,2026-05-06,271.4,266.4,273.1,265.5,1674655
KTKBANK,2026-05-07,267.8,266.8,269.3,259.85,2118384
KTKBANK,2026-05-08,265.95,259.35,265.95,258.3,1337905
KTKBANK,2026-05-11,258.0,251.6,258.35,250.55,1612559
KTKBANK,2026-05-12,250.5,247.05,252.1,244.5,2418566
KTKBANK,2026-05-13,247.25,248.8,255.0,246.0,1662222
KTKBANK,2026-05-14,250.0,246.95,251.5,244.0,1302271
KTKBANK,2026-05-15,246.95,246.1,252.0,243.7,1374899
KTKBANK,2026-05-18,245.35,242.85,245.35,238.7,1390684
KTKBANK,2026-05-19,245.0,247.75,252.75,245.0,2633018
KTKBANK,2026-05-20,255.4,263.8,271.4,252.1,20166345
KTKBANK,2026-05-21,267.0,270.85,273.75,262.2,4554046
KTKBANK,2026-05-22,272.9,264.5,272.9,263.25,1837508
KTKBANK,2026-05-25,264.8,264.25,267.0,262.2,1643721
KTKBANK,2026-05-26,265.5,267.55,278.0,263.25,5166361
KTKBANK,2026-05-27,269.8,271.85,274.0,268.8,2159206
KTKBANK,2026-05-28,271.85,271.85,271.85,271.85,0
KTKBANK,2026-05-29,272.9,269.35,278.4,267.05,3485669
KTKBANK,2026-06-01,271.0,265.7,277.4,262.5,3062519
KTKBANK,2026-06-02,265.0,264.0,273.05,261.3,3219483
KTKBANK,2026-06-03,264.1,267.6,269.65,257.15,2909567
KTKBANK,2026-06-04,266.5,262.9,268.7,261.3,1391190
KTKBANK,2026-06-05,264.0,262.0,265.9,260.0,1137196
KTKBANK,2026-06-08,259.75,256.6,266.2,255.0,1427566
KTKBANK,2026-06-09,257.55,270.6,271.8,257.55,3892012
KTKBANK,2026-06-10,270.5,265.15,272.95,263.4,1824690
KTKBANK,2026-06-11,262.0,265.05,273.0,261.0,2312655
KTKBANK,2026-06-12,267.75,275.7,277.5,267.6,3073840
KTKBANK,2026-06-15,280.0,272.7,282.95,270.35,3006943
KTKBANK,2026-06-16,272.35,279.05,279.8,271.9,2273177
KTKBANK,2026-06-17,279.05,277.15,280.6,275.3,987984
KTKBANK,2026-06-18,278.8,277.9,282.4,276.35,2191512
KTKBANK,2026-06-19,278.15,274.7,281.5,273.95,1162649
KTKBANK,2026-06-22,275.1,274.25,277.0,272.2,1453297
KTKBANK,2026-06-23,274.2,269.0,275.4,268.0,1638000
KTKBANK,2026-06-24,268.0,265.15,270.75,264.4,1683856
KTKBANK,2026-06-25,267.0,265.6,270.35,263.7,1223754
KTKBANK,2026-06-26,265.6,265.6,265.6,265.6,0
KTKBANK,2026-06-29,264.1,268.6,270.1,264.0,1287648
KTKBANK,2026-06-30,269.0,273.4,274.7,266.35,1411536
KTKBANK,2026-07-01,274.0,273.85,276.85,270.1,2159969
KTKBANK,2026-07-02,275.1,267.55,276.8,265.2,2003231
KTKBANK,2026-07-03,269.0,263.4,271.65,261.3,1580396
KTKBANK,2026-07-06,264.9,263.2,268.4,262.3,1394174
KTKBANK,2026-07-07,264.95,265.75,269.15,262.45,2034124
KTKBANK,2026-07-08,265.0,262.85,270.5,261.05,2327024
KTKBANK,2026-07-09,263.0,268.0,269.0,263.0,1567788
KTKBANK,2026-07-10,268.0,276.35,277.95,267.95,3418808
KTKBANK,2026-07-13,273.9,278.95,279.8,272.5,1796025
KTKBANK,2026-07-14,278.1,274.15,278.1,273.1,1184808
KTKBANK,2026-07-15,276.0,274.95,280.0,273.0,1376619
KTKBANK,2026-07-16,275.35,273.55,279.9,272.05,1007231
KTKBANK,2026-07-17,271.5,273.15,276.9,268.35,1476777
LALPATHLAB,2026-04-17,1410.8,1402.1,1419.4,1394.6,185175
LALPATHLAB,2026-04-20,1404.5,1418.6,1424.9,1394.2,257134
LALPATHLAB,2026-04-21,1418.6,1437.0,1449.8,1406.8,914770
LALPATHLAB,2026-04-22,1442.0,1459.1,1468.0,1437.5,388485
LALPATHLAB,2026-04-23,1450.0,1430.9,1469.0,1423.0,217043
LALPATHLAB,2026-04-24,1435.5,1408.9,1435.5,1399.9,324606
LALPATHLAB,2026-04-27,1405.0,1416.0,1429.0,1394.1,259248
LALPATHLAB,2026-04-28,1416.0,1411.7,1428.7,1403.4,121659
LALPATHLAB,2026-04-29,1411.6,1397.8,1425.8,1389.2,203821
LALPATHLAB,2026-04-30,1386.1,1367.2,1400.0,1363.0,295679
LALPATHLAB,2026-05-01,1367.2,1367.2,1367.2,1367.2,0
LALPATHLAB,2026-05-04,1390.4,1573.4,1640.6,1390.0,8280710
LALPATHLAB,2026-05-05,1569.2,1536.7,1582.2,1522.4,673275
LALPATHLAB,2026-05-06,1538.0,1586.2,1615.0,1537.2,945255
LALPATHLAB,2026-05-07,1593.9,1565.5,1621.0,1545.0,620229
LALPATHLAB,2026-05-08,1558.0,1649.8,1660.0,1551.9,885886
LALPATHLAB,2026-05-11,1637.9,1652.4,1698.0,1629.3,937712
LALPATHLAB,2026-05-12,1641.0,1587.0,1658.7,1581.5,278094
LALPATHLAB,2026-05-13,1581.5,1575.7,1613.4,1568.0,338898
LALPATHLAB,2026-05-14,1588.5,1600.1,1609.6,1571.2,258732
LALPATHLAB,2026-05-15,1615.7,1602.9,1639.9,1575.0,553749
LALPATHLAB,2026-05-18,1585.1,1646.3,1649.5,1581.4,482647
LALPATHLAB,2026-05-19,1659.8,1703.7,1719.9,1648.0,540099
LALPATHLAB,2026-05-20,1703.6,1668.6,1707.0,1647.1,221584
LALPATHLAB,2026-05-21,1668.8,1680.8,1717.1,1668.8,177452
LALPATHLAB,2026-05-22,1670.0,1630.1,1680.8,1618.0,194073
LALPATHLAB,2026-05-25,1640.0,1614.9,1651.5,1588.0,197958
LALPATHLAB,2026-05-26,1601.0,1604.0,1639.0,1591.5,461696
LALPATHLAB,2026-05-27,1598.2,1617.2,1636.8,1592.0,202603
LALPATHLAB,2026-05-28,1617.2,1617.2,1617.2,1617.2,0
LALPATHLAB,2026-05-29,1617.0,1607.4,1638.1,1585.9,414912
LALPATHLAB,2026-06-01,1611.2,1577.3,1611.2,1570.0,129009
LALPATHLAB,2026-06-02,1565.1,1561.0,1575.9,1529.7,160414
LALPATHLAB,2026-06-03,1565.1,1569.6,1593.4,1563.9,108328
LALPATHLAB,2026-06-04,1569.6,1561.2,1593.9,1550.1,183231
LALPATHLAB,2026-06-05,1561.1,1536.9,1584.8,1528.0,228362
LALPATHLAB,2026-06-08,1510.1,1545.9,1584.4,1500.1,342382
LALPATHLAB,2026-06-09,1555.0,1575.8,1585.3,1543.0,126213
LALPATHLAB,2026-06-10,1570.1,1568.7,1602.9,1562.1,184518
LALPATHLAB,2026-06-11,1555.0,1593.5,1624.8,1555.0,369662
LALPATHLAB,2026-06-12,1607.6,1601.5,1634.0,1585.9,192359
LALPATHLAB,2026-06-15,1625.7,1616.0,1628.1,1579.2,217507
LALPATHLAB,2026-06-16,1620.0,1642.0,1803.0,1620.0,8683111
LALPATHLAB,2026-06-17,1650.0,1651.8,1693.4,1638.0,642575
LALPATHLAB,2026-06-18,1641.0,1662.9,1669.6,1627.9,321314
LALPATHLAB,2026-06-19,1660.2,1635.8,1677.0,1622.4,226868
LALPATHLAB,2026-06-22,1640.0,1671.8,1676.5,1640.0,191369
LALPATHLAB,2026-06-23,1679.0,1669.6,1692.9,1664.0,178740
LALPATHLAB,2026-06-24,1670.0,1660.0,1684.9,1640.0,510137
LALPATHLAB,2026-06-25,1660.0,1689.2,1698.6,1660.0,262380
LALPATHLAB,2026-06-26,1689.2,1689.2,1689.2,1689.2,0
LALPATHLAB,2026-06-29,1698.5,1647.0,1698.5,1616.1,534232
LALPATHLAB,2026-06-30,1649.9,1646.2,1671.5,1630.9,426427
LALPATHLAB,2026-07-01,1640.8,1623.1,1669.3,1610.1,197681
LALPATHLAB,2026-07-02,1623.2,1650.3,1664.0,1623.1,243917
LALPATHLAB,2026-07-03,1655.0,1645.7,1655.0,1620.3,501490
LALPATHLAB,2026-07-06,1641.1,1686.0,1695.8,1635.7,800054
LALPATHLAB,2026-07-07,1695.0,1680.8,1718.0,1654.1,549913
LALPATHLAB,2026-07-08,1681.7,1653.5,1709.9,1635.9,187410
LALPATHLAB,2026-07-09,1674.5,1684.6,1696.5,1656.8,253714
LALPATHLAB,2026-07-10,1691.9,1692.8,1710.0,1674.6,207591
LALPATHLAB,2026-07-13,1692.0,1725.1,1738.0,1672.5,334674
LALPATHLAB,2026-07-14,1734.0,1744.6,1752.0,1717.4,286027
LALPATHLAB,2026-07-15,1746.7,1723.3,1784.0,1718.0,309031
LALPATHLAB,2026-07-16,1727.6,1732.7,1744.9,1716.0,209707
LALPATHLAB,2026-07-17,1732.7,1687.4,1733.0,1666.2,212534
LAURUSLABS,2026-04-17,1130.0,1135.75,1142.35,1122.55,1232935
LAURUSLABS,2026-04-20,1135.75,1129.5,1144.85,1118.4,1180808
LAURUSLABS,2026-04-21,1127.65,1114.35,1136.8,1110.05,1493267
LAURUSLABS,2026-04-22,1110.0,1096.1,1119.9,1094.0,1916410
LAURUSLABS,2026-04-23,1096.5,1129.0,1130.0,1091.1,1920320
LAURUSLABS,2026-04-24,1129.2,1113.45,1137.2,1110.2,1666180
LAURUSLABS,2026-04-27,1118.8,1123.55,1132.4,1106.3,1363246
LAURUSLABS,2026-04-28,1132.0,1090.45,1133.0,1085.0,2044775
LAURUSLABS,2026-04-29,1092.45,1106.1,1115.8,1085.0,1747114
LAURUSLABS,2026-04-30,1086.3,1100.95,1112.95,1080.0,2364117
LAURUSLABS,2026-05-01,1100.95,1100.95,1100.95,1100.95,0
LAURUSLABS,2026-05-04,1102.2,1166.4,1171.0,1102.0,4720716
LAURUSLABS,2026-05-05,1172.5,1164.1,1175.5,1157.7,5271484
LAURUSLABS,2026-05-06,1174.0,1177.6,1200.6,1164.2,3550499
LAURUSLABS,2026-05-07,1188.7,1206.5,1223.7,1183.7,2528893
LAURUSLABS,2026-05-08,1206.0,1228.3,1237.9,1206.0,1958542
LAURUSLABS,2026-05-11,1232.5,1266.8,1277.3,1221.4,3026020
LAURUSLABS,2026-05-12,1273.0,1268.0,1289.0,1260.1,2330669
LAURUSLABS,2026-05-13,1275.0,1280.5,1292.5,1246.6,3171882
LAURUSLABS,2026-05-14,1291.5,1315.5,1324.1,1283.1,2384098
LAURUSLABS,2026-05-15,1324.0,1323.6,1327.9,1309.9,2223101
LAURUSLABS,2026-05-18,1323.6,1327.3,1333.5,1307.6,1925151
LAURUSLABS,2026-05-19,1335.0,1344.9,1353.1,1322.1,1880061
LAURUSLABS,2026-05-20,1339.0,1361.1,1363.4,1335.6,2103500
LAURUSLABS,2026-05-21,1373.9,1351.0,1373.9,1342.2,2056966
LAURUSLABS,2026-05-22,1355.7,1343.5,1355.7,1332.1,1698593
LAURUSLABS,2026-05-25,1345.0,1356.3,1363.9,1340.0,1632496
LAURUSLABS,2026-05-26,1361.0,1373.9,1376.9,1357.0,1754325
LAURUSLABS,2026-05-27,1369.9,1381.7,1391.5,1365.1,1311180
LAURUSLABS,2026-05-28,1381.7,1381.7,1381.7,1381.7,0
LAURUSLABS,2026-05-29,1383.0,1362.0,1393.4,1356.4,1775559
LAURUSLABS,2026-06-01,1372.4,1388.4,1398.8,1358.0,2996514
LAURUSLABS,2026-06-02,1388.0,1382.6,1390.7,1370.5,2356089
LAURUSLABS,2026-06-03,1382.0,1394.3,1396.8,1371.0,1443846
LAURUSLABS,2026-06-04,1392.0,1427.2,1433.7,1384.0,1983191
LAURUSLABS,2026-06-05,1435.0,1446.8,1450.1,1428.4,1515580
LAURUSLABS,2026-06-08,1432.0,1404.7,1457.0,1393.2,2026791
LAURUSLABS,2026-06-09,1415.0,1424.4,1440.0,1399.8,1727331
LAURUSLABS,2026-06-10,1424.4,1385.7,1427.0,1380.5,1334485
LAURUSLABS,2026-06-11,1385.0,1390.8,1408.9,1376.6,1505571
LAURUSLABS,2026-06-12,1408.0,1394.3,1410.0,1373.8,1207798
LAURUSLABS,2026-06-15,1414.0,1389.1,1414.0,1381.1,1241974
LAURUSLABS,2026-06-16,1399.7,1376.4,1406.0,1342.9,3447151
LAURUSLABS,2026-06-17,1376.0,1369.8,1389.0,1357.1,1070660
LAURUSLABS,2026-06-18,1372.0,1368.8,1380.0,1352.7,1650715
LAURUSLABS,2026-06-19,1368.0,1412.9,1424.6,1363.8,2349174
LAURUSLABS,2026-06-22,1415.0,1435.9,1441.0,1410.5,1721696
LAURUSLABS,2026-06-23,1443.4,1481.0,1486.0,1435.0,4012866
LAURUSLABS,2026-06-24,1484.0,1454.2,1492.6,1441.1,2208134
LAURUSLABS,2026-06-25,1455.5,1450.0,1463.6,1438.6,1403450
LAURUSLABS,2026-06-26,1450.0,1450.0,1450.0,1450.0,0
LAURUSLABS,2026-06-29,1450.0,1500.3,1531.2,1450.0,12321744
LAURUSLABS,2026-06-30,1500.3,1517.4,1522.4,1485.0,3274608
LAURUSLABS,2026-07-01,1525.0,1493.3,1531.2,1481.0,2032970
LAURUSLABS,2026-07-02,1495.2,1528.0,1530.0,1476.0,2761759
LAURUSLABS,2026-07-03,1530.0,1542.3,1555.0,1522.0,3334092
LAURUSLABS,2026-07-06,1543.5,1529.2,1551.0,1512.7,1934695
LAURUSLABS,2026-07-07,1529.0,1477.4,1533.7,1469.4,2329480
LAURUSLABS,2026-07-08,1474.9,1469.2,1495.1,1448.2,1918516
LAURUSLABS,2026-07-09,1468.1,1507.4,1524.6,1460.0,2035031
LAURUSLABS,2026-07-10,1517.0,1537.8,1548.0,1504.1,2041624
LAURUSLABS,2026-07-13,1534.5,1558.6,1565.4,1525.1,1938466
LAURUSLABS,2026-07-14,1557.0,1560.7,1573.5,1549.5,1288969
LAURUSLABS,2026-07-15,1565.8,1554.3,1579.1,1549.5,1430478
LAURUSLABS,2026-07-16,1554.3,1557.6,1569.0,1551.3,1001677
LAURUSLABS,2026-07-17,1560.4,1529.8,1561.0,1520.4,1011017
LIKHITHA,2026-04-17,220.0,233.16,233.16,215.15,83330
LIKHITHA,2026-04-20,236.98,230.48,236.98,223.2,34921
LIKHITHA,2026-04-21,230.0,223.8,231.2,220.0,38436
LIKHITHA,2026-04-22,223.46,234.71,234.99,216.0,80763
LIKHITHA,2026-04-23,241.0,240.8,245.3,238.0,89699
LIKHITHA,2026-04-24,242.7,231.89,242.7,228.76,52730
LIKHITHA,2026-04-27,231.78,225.61,231.78,222.0,39872
LIKHITHA,2026-04-28,224.99,227.01,228.9,220.02,31426
LIKHITHA,2026-04-29,227.0,221.63,227.9,220.5,25206
LIKHITHA,2026-04-30,220.0,213.56,222.0,210.55,39736
LIKHITHA,2026-05-01,213.56,213.56,213.56,213.56,0
LIKHITHA,2026-05-04,208.87,205.99,213.5,204.2,51230
LIKHITHA,2026-05-05,204.89,214.61,215.97,200.0,34092
LIKHITHA,2026-05-06,215.05,221.0,224.9,211.0,44098
LIKHITHA,2026-05-07,224.89,223.91,224.89,219.0,26068
LIKHITHA,2026-05-08,224.45,216.48,224.45,215.0,40096
LIKHITHA,2026-05-11,215.0,219.48,224.9,207.2,53852
LIKHITHA,2026-05-12,217.85,209.36,217.85,209.0,28942
LIKHITHA,2026-05-13,209.01,211.42,214.94,203.2,22323
LIKHITHA,2026-05-14,211.35,208.0,213.99,205.6,20139
LIKHITHA,2026-05-15,210.0,204.82,211.9,203.0,23653
LIKHITHA,2026-05-18,203.0,195.84,205.0,194.58,36122
LIKHITHA,2026-05-19,193.88,196.59,200.0,193.88,20756
LIKHITHA,2026-05-20,194.62,198.13,199.89,192.0,14132
LIKHITHA,2026-05-21,199.5,198.01,201.8,192.2,19046
LIKHITHA,2026-05-22,197.98,203.21,205.5,195.0,21322
LIKHITHA,2026-05-25,207.9,210.18,211.0,205.0,23871
LIKHITHA,2026-05-26,209.55,206.0,210.0,201.7,23076
LIKHITHA,2026-05-27,202.1,195.7,207.99,195.7,38148
LIKHITHA,2026-05-28,195.7,195.7,195.7,195.7,0
LIKHITHA,2026-05-29,187.0,188.13,191.0,185.92,74045
LIKHITHA,2026-06-01,187.0,190.53,192.9,186.9,44034
LIKHITHA,2026-06-02,189.99,192.21,195.99,185.2,34413
LIKHITHA,2026-06-03,192.05,199.96,201.82,192.05,49944
LIKHITHA,2026-06-04,201.81,209.84,209.95,201.81,45105
LIKHITHA,2026-06-05,214.5,216.39,219.0,212.0,48112
LIKHITHA,2026-06-08,216.39,227.2,227.2,212.2,88324
LIKHITHA,2026-06-09,238.0,227.11,238.0,222.0,60874
LIKHITHA,2026-06-10,233.8,228.16,235.0,225.0,39182
LIKHITHA,2026-06-11,228.8,227.53,229.0,223.45,47414
LIKHITHA,2026-06-12,232.8,231.57,233.53,230.01,51489
LIKHITHA,2026-06-15,235.0,232.09,237.0,229.0,37111
LIKHITHA,2026-06-16,237.0,239.99,241.0,225.2,54083
LIKHITHA,2026-06-17,238.0,242.06,244.7,230.3,57951
LIKHITHA,2026-06-18,242.06,245.77,247.19,242.02,66111
LIKHITHA,2026-06-19,245.77,243.21,248.0,240.51,44455
LIKHITHA,2026-06-22,247.4,255.37,255.37,247.0,118731
LIKHITHA,2026-06-23,260.0,261.81,268.12,251.46,118359
LIKHITHA,2026-06-24,259.9,260.94,265.0,248.72,59389
LIKHITHA,2026-06-25,258.33,257.6,264.85,254.1,48568
LIKHITHA,2026-06-26,257.6,257.6,257.6,257.6,0
LIKHITHA,2026-06-29,270.48,270.48,270.48,270.48,68481
LIKHITHA,2026-06-30,272.0,265.66,272.0,256.96,155388
LIKHITHA,2026-07-01,266.0,266.1,269.8,257.0,96171
LIKHITHA,2026-07-02,266.1,267.1,269.35,259.05,58699
LIKHITHA,2026-07-03,269.8,262.3,269.8,259.0,35963
LIKHITHA,2026-07-06,257.6,252.65,262.3,250.15,37566
LIKHITHA,2026-07-07,244.55,245.0,255.0,242.0,37690
LIKHITHA,2026-07-08,242.6,234.55,250.0,233.2,46379
LIKHITHA,2026-07-09,233.5,238.8,244.8,233.0,12215
LIKHITHA,2026-07-10,245.0,243.0,248.0,238.1,28535
LIKHITHA,2026-07-13,240.0,245.55,252.9,234.0,58717
LIKHITHA,2026-07-14,251.75,243.1,251.75,240.65,38807
LIKHITHA,2026-07-15,249.95,240.95,249.95,239.6,24273
LIKHITHA,2026-07-16,240.95,242.95,245.2,235.05,41688
LIKHITHA,2026-07-17,243.0,240.6,245.2,235.1,31043
LT,2026-04-17,4134.0,4096.1,4142.9,4072.8,2796673
LT,2026-04-20,4100.0,4051.0,4130.0,4024.0,3545024
LT,2026-04-21,4039.0,4075.4,4091.8,4032.0,2426718
LT,2026-04-22,4070.0,4021.1,4070.0,4011.0,2178082
LT,2026-04-23,4009.9,4054.1,4064.0,3978.5,2229134
LT,2026-04-24,4072.0,4014.3,4088.1,3983.2,2162213
LT,2026-04-27,4058.0,4053.6,4089.5,4030.2,2000348
LT,2026-04-28,4060.0,4037.7,4087.9,4023.9,1750237
LT,2026-04-29,4060.0,4096.1,4126.0,4051.3,2175030
LT,2026-04-30,4083.0,4014.0,4100.0,3990.0,2569328
LT,2026-05-01,4014.0,4014.0,4014.0,4014.0,0
LT,2026-05-04,4026.0,4100.8,4139.5,4026.0,2173027
LT,2026-05-05,4085.0,4054.5,4090.0,4024.0,3849402
LT,2026-05-06,3974.0,4008.5,4021.0,3900.0,9540104
LT,2026-05-07,4028.0,4023.0,4065.8,3991.0,3477185
LT,2026-05-08,4010.0,3974.5,4014.0,3960.0,1620273
LT,2026-05-11,3948.0,3940.2,3953.5,3886.1,2027769
LT,2026-05-12,3925.1,3856.5,3940.0,3847.0,2255075
LT,2026-05-13,3848.0,3915.8,3953.0,3848.0,2486330
LT,2026-05-14,3942.0,3940.4,3988.0,3925.0,2982228
LT,2026-05-15,3949.4,3909.0,3949.4,3893.0,1339185
LT,2026-05-18,3873.9,3917.8,3924.7,3852.0,1771638
LT,2026-05-19,3940.9,3921.0,3960.0,3900.0,2318170
LT,2026-05-20,3901.6,3910.7,3943.5,3883.1,1972259
LT,2026-05-21,3970.0,3928.5,3970.0,3912.7,1624945
LT,2026-05-22,3907.0,3926.6,3960.0,3900.1,1330428
LT,2026-05-25,3970.0,4033.4,4038.4,3961.5,2099927
LT,2026-05-26,4029.6,4037.8,4052.9,4014.2,1552847
LT,2026-05-27,4043.0,4047.5,4069.9,4017.9,1607028
LT,2026-05-28,4047.5,4047.5,4047.5,4047.5,0
LT,2026-05-29,4045.8,4076.5,4128.0,4045.0,4882940
LT,2026-06-01,4089.0,4010.8,4105.8,4002.1,1409388
LT,2026-06-02,3980.0,4000.9,4017.0,3923.5,2085054
LT,2026-06-03,4000.9,3953.2,4008.0,3894.0,1872929
LT,2026-06-04,3945.0,3942.1,3974.9,3930.1,1398297
LT,2026-06-05,3960.0,3953.2,3978.0,3923.9,1278243
LT,2026-06-08,3901.1,3875.5,3916.7,3863.1,1678709
LT,2026-06-09,3924.9,3900.6,3924.9,3885.0,1506501
LT,2026-06-10,3904.0,3917.5,3962.8,3900.0,2033070
LT,2026-06-11,3900.0,3862.0,3909.8,3854.4,2224659
LT,2026-06-12,3930.0,4049.3,4059.8,3921.0,3065790
LT,2026-06-15,4130.0,4169.8,4214.9,4130.0,3978153
LT,2026-06-16,4205.0,4186.4,4235.4,4177.1,2647549
LT,2026-06-17,4200.1,4207.7,4214.7,4172.0,1312925
LT,2026-06-18,4207.7,4190.0,4244.9,4165.6,1485427
LT,2026-06-19,4190.0,4209.4,4217.5,4161.6,1397746
LT,2026-06-22,4228.0,4201.3,4235.4,4190.0,1169466
LT,2026-06-23,4210.0,4179.4,4242.4,4166.0,2198497
LT,2026-06-24,4176.5,4181.7,4215.0,4170.0,1367416
LT,2026-06-25,4207.0,4216.4,4272.3,4187.1,3104020
LT,2026-06-26,4216.4,4216.4,4216.4,4216.4,0
LT,2026-06-29,4225.0,4165.2,4252.0,4157.8,2706906
LT,2026-06-30,4183.0,4143.4,4193.8,4134.1,1539094
LT,2026-07-01,4130.1,4092.6,4142.8,4081.1,1437109
LT,2026-07-02,4100.0,4059.4,4110.0,4012.0,2481554
LT,2026-07-03,4080.0,4026.6,4094.0,4019.0,1505428
LT,2026-07-06,4027.7,4041.0,4068.0,4016.5,1252054
LT,2026-07-07,4044.5,3991.9,4046.3,3975.0,2442514
LT,2026-07-08,3950.0,3892.1,3988.0,3871.0,2252308
LT,2026-07-09,3916.0,3886.0,3947.3,3867.8,5117653
LT,2026-07-10,3905.0,3945.8,3953.8,3905.0,1283990
LT,2026-07-13,3895.0,3928.5,3939.0,3875.6,1744547
LT,2026-07-14,3892.0,3848.7,3897.9,3843.0,2409089
LT,2026-07-15,3868.0,3783.9,3868.0,3778.6,3602201
LT,2026-07-16,3795.0,3775.6,3802.0,3762.3,2936753
LT,2026-07-17,3788.9,3814.5,3828.9,3767.7,1942610
LTM,2026-04-17,4724.9,4753.6,4778.9,4644.2,339240
LTM,2026-04-20,4753.6,4715.8,4757.9,4680.7,185410
LTM,2026-04-21,4714.0,4757.9,4784.0,4671.1,177126
LTM,2026-04-22,4687.9,4604.3,4703.8,4551.3,509542
LTM,2026-04-23,4604.3,4531.5,4632.4,4500.0,277104
LTM,2026-04-24,4440.0,4282.3,4480.5,4240.0,951597
LTM,2026-04-27,4282.4,4346.0,4405.4,4282.4,264949
LTM,2026-04-28,4346.3,4380.6,4435.0,4336.7,260663
LTM,2026-04-29,4399.0,4323.1,4407.4,4313.0,203452
LTM,2026-04-30,4323.1,4269.6,4348.1,4248.0,427566
LTM,2026-05-01,4269.6,4269.6,4269.6,4269.6,0
LTM,2026-05-04,4290.1,4202.7,4295.7,4182.0,224489
LTM,2026-05-05,4202.7,4298.8,4315.0,4192.0,284654
LTM,2026-05-06,4328.0,4316.0,4397.2,4264.6,238322
LTM,2026-05-07,4350.0,4250.0,4356.2,4235.0,324600
LTM,2026-05-08,4254.5,4349.8,4374.4,4239.2,287392
LTM,2026-05-11,4361.2,4352.2,4404.0,4320.0,204369
LTM,2026-05-12,4341.1,4143.8,4341.1,4131.8,582726
LTM,2026-05-13,4145.1,4086.4,4171.0,4071.6,325724
LTM,2026-05-14,4100.0,3920.2,4100.0,3907.3,760707
LTM,2026-05-15,3925.0,3968.4,4038.9,3925.0,609107
LTM,2026-05-18,3968.4,4074.6,4094.5,3947.4,446765
LTM,2026-05-19,4107.0,4254.8,4284.0,4107.0,471956
LTM,2026-05-20,4254.8,4143.0,4259.4,4122.2,628120
LTM,2026-05-21,4177.9,4129.7,4177.9,4100.2,193777
LTM,2026-05-22,4135.0,4007.8,4139.2,4000.0,499528
LTM,2026-05-25,4000.0,3991.6,4008.9,3901.0,541005
LTM,2026-05-26,4003.0,3970.4,4050.0,3946.2,333239
LTM,2026-05-27,3979.9,3988.6,4023.0,3961.5,193654
LTM,2026-05-28,3988.6,3988.6,3988.6,3988.6,0
LTM,2026-05-29,4019.9,4061.6,4149.4,4011.6,1338486
LTM,2026-06-01,4081.8,4196.1,4273.4,4081.8,642808
LTM,2026-06-02,4222.6,4341.7,4360.0,4183.1,747291
LTM,2026-06-03,4292.7,4052.7,4293.1,3993.0,1066491
LTM,2026-06-04,4025.1,4067.7,4087.5,4000.0,353463
LTM,2026-06-05,4119.0,4027.2,4127.8,4007.5,247813
LTM,2026-06-08,3987.0,3977.7,4040.0,3946.9,260765
LTM,2026-06-09,3995.9,3999.9,4012.0,3961.1,213453
LTM,2026-06-10,4000.0,3944.1,4023.2,3938.0,190198
LTM,2026-06-11,3899.8,3824.9,3920.0,3806.2,735144
LTM,2026-06-12,3855.0,3844.7,3888.0,3803.7,361579
LTM,2026-06-15,3920.0,3897.9,3959.9,3880.0,246499
LTM,2026-06-16,3920.0,4006.7,4014.0,3918.1,513655
LTM,2026-06-17,4045.0,3995.8,4089.6,3985.1,500130
LTM,2026-06-18,3982.0,3998.0,4019.7,3918.0,392436
LTM,2026-06-19,3829.9,3832.5,3842.0,3756.0,940238
LTM,2026-06-22,3850.0,3830.2,3888.3,3809.0,422586
LTM,2026-06-23,3829.0,3768.4,3829.0,3737.3,960866
LTM,2026-06-24,3771.0,3803.7,3870.0,3770.0,429761
LTM,2026-06-25,3824.0,3762.6,3837.5,3750.0,241517
LTM,2026-06-26,3762.6,3762.6,3762.6,3762.6,0
LTM,2026-06-29,3775.5,3686.1,3790.3,3675.6,623555
LTM,2026-06-30,3702.9,3538.0,3702.9,3528.0,850247
LTM,2026-07-01,3554.6,3546.7,3608.7,3535.2,336732
LTM,2026-07-02,3570.1,3680.7,3694.0,3570.1,448482
LTM,2026-07-03,3720.0,3757.8,3788.0,3705.2,285467
LTM,2026-07-06,3757.8,3727.5,3769.9,3716.0,117681
LTM,2026-07-07,3735.0,3858.5,3884.6,3735.0,662446
LTM,2026-07-08,3850.0,3794.0,3874.6,3772.6,293113
LTM,2026-07-09,3790.0,3854.4,3879.0,3715.4,473976
LTM,2026-07-10,3903.1,4037.2,4083.2,3900.0,1024019
LTM,2026-07-13,4057.5,4124.3,4239.8,3971.2,1835497
LTM,2026-07-14,4128.4,4062.8,4213.5,4050.1,653945
LTM,2026-07-15,4040.0,4050.6,4098.8,4006.2,458200
LTM,2026-07-16,4065.0,4060.3,4157.0,4053.0,444090
LTM,2026-07-17,4094.0,4075.6,4170.4,4035.6,373867
LUMAXTECH,2026-04-17,1800.0,1794.9,1807.0,1780.0,173029
LUMAXTECH,2026-04-20,1750.0,1795.4,1810.1,1750.0,225627
LUMAXTECH,2026-04-21,1795.4,1774.8,1803.2,1766.0,110375
LUMAXTECH,2026-04-22,1774.8,1794.4,1839.0,1770.0,258551
LUMAXTECH,2026-04-23,1794.4,1786.2,1808.3,1753.2,126369
LUMAXTECH,2026-04-24,1800.0,1727.0,1811.9,1720.8,193326
LUMAXTECH,2026-04-27,1726.0,1747.6,1760.0,1726.0,125806
LUMAXTECH,2026-04-28,1747.6,1663.2,1757.0,1660.0,234296
LUMAXTECH,2026-04-29,1674.8,1610.4,1680.3,1604.0,245540
LUMAXTECH,2026-04-30,1600.0,1621.4,1645.0,1537.9,361982
LUMAXTECH,2026-05-01,1621.4,1621.4,1621.4,1621.4,0
LUMAXTECH,2026-05-04,1647.9,1568.3,1653.6,1540.1,411438
LUMAXTECH,2026-05-05,1568.3,1561.7,1594.5,1553.3,159746
LUMAXTECH,2026-05-06,1575.0,1644.2,1648.4,1571.5,288796
LUMAXTECH,2026-05-07,1669.7,1707.3,1719.0,1653.8,524275
LUMAXTECH,2026-05-08,1707.3,1736.1,1759.7,1700.0,210446
LUMAXTECH,2026-05-11,1736.1,1705.0,1765.5,1696.8,170731
LUMAXTECH,2026-05-12,1690.9,1640.0,1700.0,1630.2,122213
LUMAXTECH,2026-05-13,1633.0,1649.0,1719.4,1633.0,119632
LUMAXTECH,2026-05-14,1662.2,1636.9,1683.9,1592.1,148815
LUMAXTECH,2026-05-15,1630.0,1636.1,1669.5,1612.1,85373
LUMAXTECH,2026-05-18,1600.0,1629.2,1648.7,1554.1,275063
LUMAXTECH,2026-05-19,1603.4,1626.1,1634.9,1594.5,109310
LUMAXTECH,2026-05-20,1617.0,1649.8,1659.9,1588.8,100431
LUMAXTECH,2026-05-21,1672.7,1629.6,1672.7,1613.1,85426
LUMAXTECH,2026-05-22,1656.7,1624.9,1656.7,1607.8,137291
LUMAXTECH,2026-05-25,1624.9,1591.0,1655.7,1588.0,181101
LUMAXTECH,2026-05-26,1591.0,1619.3,1660.9,1591.0,142396
LUMAXTECH,2026-05-27,1623.7,1668.1,1675.0,1623.7,187867
LUMAXTECH,2026-05-28,1668.1,1668.1,1668.1,1668.1,0
LUMAXTECH,2026-05-29,1668.4,1724.8,1746.0,1668.1,572256
LUMAXTECH,2026-06-01,1750.0,1761.2,1803.0,1669.2,675840
LUMAXTECH,2026-06-02,1740.0,1746.8,1755.0,1675.0,273298
LUMAXTECH,2026-06-03,1746.8,1771.9,1782.4,1691.3,193931
LUMAXTECH,2026-06-04,1779.9,1691.9,1779.9,1687.3,244778
LUMAXTECH,2026-06-05,1711.1,1664.4,1711.1,1638.1,209930
LUMAXTECH,2026-06-08,1626.0,1609.0,1652.1,1608.0,106626
LUMAXTECH,2026-06-09,1609.0,1643.4,1660.0,1591.4,145541
LUMAXTECH,2026-06-10,1645.0,1612.8,1657.0,1605.7,86418
LUMAXTECH,2026-06-11,1606.8,1603.5,1614.0,1578.0,91928
LUMAXTECH,2026-06-12,1636.0,1634.0,1679.0,1614.2,113803
LUMAXTECH,2026-06-15,1625.0,1679.9,1714.0,1614.2,165436
LUMAXTECH,2026-06-16,1680.2,1615.1,1689.9,1604.1,183968
LUMAXTECH,2026-06-17,1632.7,1652.5,1661.4,1615.2,127549
LUMAXTECH,2026-06-18,1669.0,1672.4,1685.0,1641.1,101230
LUMAXTECH,2026-06-19,1670.0,1646.4,1672.0,1636.0,70642
LUMAXTECH,2026-06-22,1645.0,1652.8,1669.5,1631.0,89106
LUMAXTECH,2026-06-23,1652.8,1597.4,1653.7,1590.1,175266
LUMAXTECH,2026-06-24,1597.1,1504.6,1597.4,1497.0,339191
LUMAXTECH,2026-06-25,1518.7,1548.9,1574.0,1506.5,349016
LUMAXTECH,2026-06-26,1548.9,1548.9,1548.9,1548.9,0
LUMAXTECH,2026-06-29,1545.0,1503.2,1545.3,1497.3,129314
LUMAXTECH,2026-06-30,1508.7,1533.6,1557.8,1507.4,147520
LUMAXTECH,2026-07-01,1537.0,1526.2,1575.6,1522.5,105139
LUMAXTECH,2026-07-02,1533.7,1522.8,1540.0,1502.4,175536
LUMAXTECH,2026-07-03,1523.1,1524.5,1540.0,1512.0,63627
LUMAXTECH,2026-07-06,1518.6,1516.3,1534.0,1509.6,69339
LUMAXTECH,2026-07-07,1517.9,1492.1,1530.7,1480.0,91752
LUMAXTECH,2026-07-08,1494.9,1448.2,1512.8,1428.2,178980
LUMAXTECH,2026-07-09,1455.8,1495.4,1503.4,1451.1,99019
LUMAXTECH,2026-07-10,1508.1,1491.0,1508.1,1485.0,80635
LUMAXTECH,2026-07-13,1485.0,1461.8,1492.9,1450.0,116922
LUMAXTECH,2026-07-14,1468.0,1492.4,1510.0,1428.0,166683
LUMAXTECH,2026-07-15,1488.1,1462.6,1495.8,1458.3,95927
LUMAXTECH,2026-07-16,1464.8,1458.9,1469.9,1451.0,67628
LUMAXTECH,2026-07-17,1456.0,1419.6,1461.6,1384.4,299513
LUPIN,2026-04-17,2316.0,2326.1,2335.0,2300.0,999957
LUPIN,2026-04-20,2323.0,2328.7,2339.3,2303.7,720175
LUPIN,2026-04-21,2333.0,2311.5,2340.2,2304.0,527927
LUPIN,2026-04-22,2304.7,2307.9,2318.6,2285.1,989132
LUPIN,2026-04-23,2307.9,2341.4,2381.0,2293.9,1116471
LUPIN,2026-04-24,2347.3,2296.1,2351.5,2262.0,1299351
LUPIN,2026-04-27,2304.9,2324.5,2341.0,2296.2,898638
LUPIN,2026-04-28,2299.1,2302.7,2319.4,2260.3,1261666
LUPIN,2026-04-29,2314.0,2311.4,2333.8,2302.7,706510
LUPIN,2026-04-30,2297.0,2305.2,2317.4,2277.7,1095515
LUPIN,2026-05-01,2305.2,2305.2,2305.2,2305.2,0
LUPIN,2026-05-04,2320.0,2348.8,2361.9,2304.1,1305028
LUPIN,2026-05-05,2354.0,2343.3,2364.6,2326.6,1419075
LUPIN,2026-05-06,2362.3,2442.9,2459.0,2350.4,2886186
LUPIN,2026-05-07,2454.9,2460.1,2494.0,2430.4,1409904
LUPIN,2026-05-08,2425.0,2379.5,2475.0,2347.9,3207239
LUPIN,2026-05-11,2330.4,2255.9,2330.4,2236.1,3278889
LUPIN,2026-05-12,2256.0,2245.4,2289.8,2233.0,1412650
LUPIN,2026-05-13,2245.8,2215.6,2267.2,2210.6,1323687
LUPIN,2026-05-14,2248.0,2258.2,2273.8,2225.0,1452555
LUPIN,2026-05-15,2268.0,2276.2,2299.0,2254.1,2059751
LUPIN,2026-05-18,2240.0,2252.4,2274.9,2214.1,907343
LUPIN,2026-05-19,2252.4,2287.4,2294.0,2250.5,1242712
LUPIN,2026-05-20,2275.1,2285.5,2309.6,2264.8,1189737
LUPIN,2026-05-21,2297.1,2284.5,2304.3,2269.6,1224058
LUPIN,2026-05-22,2297.0,2281.8,2304.5,2270.0,1225221
LUPIN,2026-05-25,2294.0,2287.2,2294.0,2269.8,773725
LUPIN,2026-05-26,2287.2,2266.0,2294.0,2250.0,889172
LUPIN,2026-05-27,2258.3,2276.4,2292.2,2250.5,568728
LUPIN,2026-05-28,2276.4,2276.4,2276.4,2276.4,0
LUPIN,2026-05-29,2289.0,2267.7,2301.4,2256.2,2937904
LUPIN,2026-06-01,2285.4,2262.9,2286.0,2231.2,1482207
LUPIN,2026-06-02,2242.0,2249.8,2259.2,2219.8,822811
LUPIN,2026-06-03,2248.6,2261.2,2265.0,2235.0,570270
LUPIN,2026-06-04,2261.6,2249.8,2270.8,2244.7,663261
LUPIN,2026-06-05,2275.4,2267.7,2306.3,2260.0,1024417
LUPIN,2026-06-08,2232.2,2254.5,2275.0,2232.2,445006
LUPIN,2026-06-09,2261.7,2264.2,2271.4,2247.3,732939
LUPIN,2026-06-10,2264.2,2247.2,2280.5,2242.1,734927
LUPIN,2026-06-11,2247.2,2273.3,2286.0,2246.2,1038391
LUPIN,2026-06-12,2282.0,2293.3,2297.1,2269.5,613853
LUPIN,2026-06-15,2296.9,2273.1,2304.0,2261.1,696820
LUPIN,2026-06-16,2284.4,2277.8,2286.7,2255.1,388578
LUPIN,2026-06-17,2272.7,2272.0,2284.3,2253.6,594226
LUPIN,2026-06-18,2283.8,2327.1,2337.9,2279.2,934007
LUPIN,2026-06-19,2303.2,2351.6,2355.8,2303.2,1186959
LUPIN,2026-06-22,2360.0,2340.0,2371.9,2335.7,719167
LUPIN,2026-06-23,2345.0,2357.8,2380.0,2344.1,830828
LUPIN,2026-06-24,2362.0,2367.6,2395.0,2360.0,789891
LUPIN,2026-06-25,2374.9,2343.5,2390.8,2336.9,317469
LUPIN,2026-06-26,2343.5,2343.5,2343.5,2343.5,0
LUPIN,2026-06-29,2350.0,2409.3,2426.5,2343.6,2044185
LUPIN,2026-06-30,2409.4,2419.0,2440.8,2385.0,1412728
LUPIN,2026-07-01,2428.0,2397.5,2443.4,2392.0,470880
LUPIN,2026-07-02,2420.0,2399.6,2423.8,2382.7,584679
LUPIN,2026-07-03,2420.0,2476.0,2481.0,2407.6,939595
LUPIN,2026-07-06,2489.9,2491.6,2504.6,2474.1,430477
LUPIN,2026-07-07,2497.8,2490.2,2517.0,2479.4,672247
LUPIN,2026-07-08,2492.5,2459.0,2526.9,2445.7,1198711
LUPIN,2026-07-09,2459.0,2503.3,2522.7,2455.0,570462
LUPIN,2026-07-10,2503.4,2496.3,2521.8,2482.0,568432
LUPIN,2026-07-13,2495.0,2492.6,2509.9,2481.0,672899
LUPIN,2026-07-14,2495.0,2469.2,2508.8,2465.4,811541
LUPIN,2026-07-15,2480.0,2493.0,2509.9,2477.5,821069
LUPIN,2026-07-16,2506.0,2500.5,2529.5,2496.4,626383
LUPIN,2026-07-17,2480.7,2443.2,2489.6,2428.0,678414
M&M,2026-04-17,3210.0,3200.2,3242.5,3185.0,2180404
M&M,2026-04-20,3207.0,3221.6,3235.5,3162.6,3201466
M&M,2026-04-21,3212.0,3247.3,3262.3,3212.0,1972188
M&M,2026-04-22,3214.1,3149.7,3249.9,3143.0,3096787
M&M,2026-04-23,3105.0,3047.7,3114.7,3032.2,4540875
M&M,2026-04-24,3047.7,3038.4,3089.0,3035.0,2300917
M&M,2026-04-27,3050.0,3102.4,3114.0,3050.0,1816150
M&M,2026-04-28,3115.9,3088.1,3144.0,3075.0,2645344
M&M,2026-04-29,3100.0,3152.3,3192.0,3092.0,3917359
M&M,2026-04-30,3105.4,3097.5,3117.3,3047.0,3331158
M&M,2026-05-01,3097.5,3097.5,3097.5,3097.5,0
M&M,2026-05-04,3131.5,3106.5,3172.0,3081.5,2873467
M&M,2026-05-05,3114.0,3210.8,3222.0,3070.2,6454419
M&M,2026-05-06,3245.0,3300.8,3315.7,3243.5,6007370
M&M,2026-05-07,3311.9,3370.7,3399.0,3305.0,4916193
M&M,2026-05-08,3357.8,3330.4,3363.0,3317.6,2071348
M&M,2026-05-11,3235.0,3245.9,3292.0,3224.2,2320887
M&M,2026-05-12,3240.0,3176.0,3261.6,3166.3,2638081
M&M,2026-05-13,3176.0,3111.8,3189.6,3103.6,2692484
M&M,2026-05-14,3137.0,3173.9,3181.0,3101.1,2167959
M&M,2026-05-15,3170.0,3123.1,3188.9,3111.0,2196383
M&M,2026-05-18,3100.0,3083.7,3111.7,3050.0,1962357
M&M,2026-05-19,3099.1,3092.3,3158.8,3075.0,3151874
M&M,2026-05-20,3078.0,3122.2,3142.8,3033.0,2330606
M&M,2026-05-21,3147.0,3099.0,3157.7,3079.8,1877207
M&M,2026-05-22,3095.0,3081.3,3131.7,3072.6,2407171
M&M,2026-05-25,3134.7,3139.0,3173.7,3111.4,2423710
M&M,2026-05-26,3122.0,3107.3,3159.2,3103.0,1791919
M&M,2026-05-27,3110.9,3121.6,3141.3,3104.0,1408612
M&M,2026-05-28,3121.6,3121.6,3121.6,3121.6,0
M&M,2026-05-29,3119.6,3045.6,3150.8,3005.1,11402867
M&M,2026-06-01,3050.0,2970.2,3068.9,2961.0,5763247
M&M,2026-06-02,2913.1,2998.3,3008.7,2913.1,4045354
M&M,2026-06-03,2996.0,3011.1,3029.5,2965.0,3110137
M&M,2026-06-04,2985.0,3016.1,3067.1,2974.2,2788572
M&M,2026-06-05,3039.9,3040.5,3059.0,3012.7,1685633
M&M,2026-06-08,2985.0,2966.0,3006.0,2948.0,2415904
M&M,2026-06-09,2995.9,2990.1,3015.9,2974.0,2527267
M&M,2026-06-10,2980.0,2952.5,3000.0,2943.2,2281551
M&M,2026-06-11,2930.0,3000.9,3012.2,2900.4,3177902
M&M,2026-06-12,3025.1,3042.9,3050.0,2982.6,3557496
M&M,2026-06-15,3090.0,3134.3,3167.0,3078.0,5286854
M&M,2026-06-16,3163.0,3137.9,3163.0,3108.0,3551761
M&M,2026-06-17,3145.0,3132.9,3165.0,3090.0,3186836
M&M,2026-06-18,3137.0,3136.5,3151.0,3115.0,2432013
M&M,2026-06-19,3110.0,3074.8,3130.0,3059.0,3408840
M&M,2026-06-22,3085.0,3063.4,3102.0,3053.8,2186778
M&M,2026-06-23,3063.4,3037.3,3092.2,3031.8,2828392
M&M,2026-06-24,3044.0,3064.5,3097.9,3025.0,2179193
M&M,2026-06-25,3090.0,3182.2,3208.5,3086.0,5346892
M&M,2026-06-26,3182.2,3182.2,3182.2,3182.2,0
M&M,2026-06-29,3143.4,3093.0,3174.3,3085.5,3700623
M&M,2026-06-30,3105.0,3068.8,3122.9,3061.8,3882185
M&M,2026-07-01,3088.0,3130.0,3166.3,3088.0,2754707
M&M,2026-07-02,3136.8,3175.4,3190.0,3111.5,2624368
M&M,2026-07-03,3194.0,3136.9,3197.0,3127.3,2414988
M&M,2026-07-06,3157.9,3201.2,3212.7,3124.9,2637740
M&M,2026-07-07,3210.8,3196.4,3217.1,3181.0,2426521
M&M,2026-07-08,3175.0,3102.5,3200.9,3088.2,2933765
M&M,2026-07-09,3101.0,3085.4,3139.7,3080.3,2922682
M&M,2026-07-10,3109.0,3129.4,3135.0,3105.2,1814898
M&M,2026-07-13,3088.8,3160.4,3169.0,3082.0,1770170
M&M,2026-07-14,3121.0,3093.3,3130.0,3082.2,2376410
M&M,2026-07-15,3088.8,3082.9,3119.9,3079.4,2377390
M&M,2026-07-16,3117.0,3117.8,3146.0,3089.4,1978238
M&M,2026-07-17,3119.0,3179.2,3183.2,3119.0,1627877
MACPOWER,2026-04-17,1096.05,1060.65,1106.95,1040.0,26964
MACPOWER,2026-04-20,1068.65,1121.0,1131.95,1060.95,39723
MACPOWER,2026-04-21,1150.0,1145.95,1193.4,1134.0,57266
MACPOWER,2026-04-22,1152.0,1167.0,1176.0,1115.0,23746
MACPOWER,2026-04-23,1167.0,1121.55,1179.0,1104.95,22927
MACPOWER,2026-04-24,1121.55,1089.25,1162.0,1079.25,24485
MACPOWER,2026-04-27,1076.0,1138.35,1152.0,1076.0,20450
MACPOWER,2026-04-28,1160.0,1139.8,1160.0,1122.4,10728
MACPOWER,2026-04-29,1156.9,1139.95,1165.0,1122.0,13305
MACPOWER,2026-04-30,1122.85,1127.6,1144.45,1110.15,9984
MACPOWER,2026-05-01,1127.6,1127.6,1127.6,1127.6,0
MACPOWER,2026-05-04,1150.0,1223.0,1245.0,1130.0,57063
MACPOWER,2026-05-05,1230.0,1217.4,1244.0,1204.9,46501
MACPOWER,2026-05-06,1240.4,1189.1,1244.0,1160.0,25851
MACPOWER,2026-05-07,1190.1,1235.1,1244.0,1168.0,57467
MACPOWER,2026-05-08,1241.3,1215.5,1250.0,1204.5,17802
MACPOWER,2026-05-11,1226.1,1185.8,1229.0,1140.0,17341
MACPOWER,2026-05-12,1179.9,1176.4,1197.5,1160.1,18013
MACPOWER,2026-05-13,1160.1,1183.1,1210.0,1160.1,7517
MACPOWER,2026-05-14,1183.1,1137.4,1208.6,1114.7,17563
MACPOWER,2026-05-15,1124.9,1088.3,1132.0,1076.2,13297
MACPOWER,2026-05-18,1095.5,1101.9,1118.9,1051.1,19221
MACPOWER,2026-05-19,1110.1,1130.1,1143.2,1106.1,6352
MACPOWER,2026-05-20,1125.0,1160.6,1193.8,1111.7,13919
MACPOWER,2026-05-21,1192.0,1159.3,1192.0,1142.1,9317
MACPOWER,2026-05-22,1160.6,1124.1,1166.1,1118.0,6331
MACPOWER,2026-05-25,1163.4,1184.2,1235.0,1136.6,37222
MACPOWER,2026-05-26,1180.0,1128.8,1192.0,1101.1,32543
MACPOWER,2026-05-27,1128.8,1055.7,1194.0,1019.1,98640
MACPOWER,2026-05-28,1055.7,1055.7,1055.7,1055.7,0
MACPOWER,2026-05-29,1040.0,969.8,1054.0,961.2,113629
MACPOWER,2026-06-01,979.9,914.75,989.8,897.4,135667
MACPOWER,2026-06-02,914.75,931.25,945.7,859.1,92460
MACPOWER,2026-06-03,955.0,948.3,984.6,933.0,79814
MACPOWER,2026-06-04,945.05,949.6,969.8,934.0,29987
MACPOWER,2026-06-05,949.6,1006.75,1029.85,949.6,55609
MACPOWER,2026-06-08,1006.0,970.25,1029.4,960.0,21896
MACPOWER,2026-06-09,970.25,1014.25,1030.45,962.8,15538
MACPOWER,2026-06-10,1014.25,974.15,1021.4,970.05,12782
MACPOWER,2026-06-11,970.0,963.15,976.65,958.0,13021
MACPOWER,2026-06-12,988.25,995.15,1003.6,963.15,12579
MACPOWER,2026-06-15,1007.5,1010.7,1037.4,1005.0,13378
MACPOWER,2026-06-16,1018.2,1000.95,1022.4,991.2,12358
MACPOWER,2026-06-17,995.75,999.6,1010.7,990.5,14221
MACPOWER,2026-06-18,1006.0,1052.05,1065.0,996.1,33993
MACPOWER,2026-06-19,1052.0,1182.05,1207.75,1052.0,209582
MACPOWER,2026-06-22,1237.7,1180.65,1244.95,1150.1,49358
MACPOWER,2026-06-23,1190.1,1179.9,1190.1,1150.1,24723
MACPOWER,2026-06-24,1179.9,1169.3,1185.0,1135.15,14791
MACPOWER,2026-06-25,1161.9,1154.3,1187.0,1150.1,10827
MACPOWER,2026-06-26,1154.3,1154.3,1154.3,1154.3,0
MACPOWER,2026-06-29,1175.0,1317.95,1339.95,1174.65,649420
MACPOWER,2026-06-30,1341.7,1346.9,1378.0,1303.15,132025
MACPOWER,2026-07-01,1360.0,1343.9,1380.0,1315.0,47018
MACPOWER,2026-07-02,1364.0,1393.5,1420.0,1344.1,68851
MACPOWER,2026-07-03,1408.5,1422.2,1453.1,1389.0,40054
MACPOWER,2026-07-06,1440.0,1431.9,1470.0,1374.1,59242
MACPOWER,2026-07-07,1425.0,1401.6,1458.0,1384.2,19703
MACPOWER,2026-07-08,1401.6,1331.9,1445.0,1308.6,27012
MACPOWER,2026-07-09,1339.9,1372.3,1390.4,1338.4,9357
MACPOWER,2026-07-10,1404.0,1371.7,1404.0,1360.1,7466
MACPOWER,2026-07-13,1370.0,1347.0,1380.0,1326.0,13931
MACPOWER,2026-07-14,1350.0,1326.3,1380.0,1303.2,11572
MACPOWER,2026-07-15,1335.0,1321.8,1341.2,1290.8,10437
MACPOWER,2026-07-16,1338.9,1334.6,1359.7,1301.7,11536
MACPOWER,2026-07-17,1359.9,1326.7,1359.9,1305.0,12606
MAHABANK,2026-04-17,71.8,72.73,72.99,71.24,17291825
MAHABANK,2026-04-20,73.01,75.54,76.95,72.31,48456248
MAHABANK,2026-04-21,77.4,80.18,81.5,76.98,152939074
MAHABANK,2026-04-22,80.59,79.76,82.15,78.85,52387766
MAHABANK,2026-04-23,79.75,77.31,79.84,77.01,22534246
MAHABANK,2026-04-24,77.7,77.9,78.39,75.75,26274501
MAHABANK,2026-04-27,78.7,79.75,80.11,78.51,20410069
MAHABANK,2026-04-28,77.0,77.74,79.13,76.45,24357922
MAHABANK,2026-04-29,78.3,79.61,81.05,77.17,31621563
MAHABANK,2026-04-30,79.5,78.37,79.63,77.63,14941513
MAHABANK,2026-05-01,78.37,78.37,78.37,78.37,0
MAHABANK,2026-05-04,79.0,79.3,80.12,78.93,17922648
MAHABANK,2026-05-05,78.8,81.24,81.59,78.13,28560769
MAHABANK,2026-05-06,82.25,83.63,84.15,82.14,37582297
MAHABANK,2026-05-07,84.34,85.31,85.9,83.71,23847379
MAHABANK,2026-05-08,85.31,83.9,85.31,82.67,19633062
MAHABANK,2026-05-11,82.5,81.42,82.5,79.85,22177064
MAHABANK,2026-05-12,81.0,78.37,82.45,78.0,17449726
MAHABANK,2026-05-13,78.35,79.97,80.48,78.13,14533430
MAHABANK,2026-05-14,80.5,78.5,80.7,77.3,14374430
MAHABANK,2026-05-15,78.7,78.02,78.97,77.77,9751597
MAHABANK,2026-05-18,77.5,77.8,78.0,76.2,12211000
MAHABANK,2026-05-19,77.8,78.34,78.6,77.42,7491904
MAHABANK,2026-05-20,78.0,78.75,78.99,77.09,7838024
MAHABANK,2026-05-21,79.9,79.76,80.34,79.35,11883310
MAHABANK,2026-05-22,79.5,80.04,80.45,79.01,13186459
MAHABANK,2026-05-25,81.0,81.17,82.2,80.71,11362497
MAHABANK,2026-05-26,81.36,80.18,81.75,79.81,13667175
MAHABANK,2026-05-27,80.18,80.08,80.25,79.6,7325388
MAHABANK,2026-05-28,80.08,80.08,80.08,80.08,0
MAHABANK,2026-05-29,80.1,79.27,80.7,78.4,11912803
MAHABANK,2026-06-01,79.2,77.64,79.33,76.9,14202373
MAHABANK,2026-06-02,77.41,78.91,79.43,77.07,9355862
MAHABANK,2026-06-03,79.0,79.7,79.99,78.04,11016774
MAHABANK,2026-06-04,79.5,79.9,80.58,78.84,8749850
MAHABANK,2026-06-05,79.19,79.19,80.77,79.0,12711478
MAHABANK,2026-06-08,78.5,79.61,81.5,77.8,15828378
MAHABANK,2026-06-09,80.01,83.97,84.25,79.6,37941831
MAHABANK,2026-06-10,84.25,84.18,85.08,83.41,19378667
MAHABANK,2026-06-11,83.9,83.08,84.4,82.83,13551944
MAHABANK,2026-06-12,84.4,87.3,87.62,83.67,36284743
MAHABANK,2026-06-15,88.61,89.12,91.1,88.23,33101447
MAHABANK,2026-06-16,89.9,88.19,90.0,87.1,13331204
MAHABANK,2026-06-17,88.25,90.14,91.0,87.13,26656586
MAHABANK,2026-06-18,90.8,89.5,91.2,88.81,12053692
MAHABANK,2026-06-19,89.4,90.19,90.5,88.9,14248205
MAHABANK,2026-06-22,90.64,89.47,90.69,88.92,9397466
MAHABANK,2026-06-23,89.47,87.89,89.85,87.22,8839236
MAHABANK,2026-06-24,87.8,88.53,89.31,87.59,8328152
MAHABANK,2026-06-25,89.4,88.71,89.4,88.0,11685001
MAHABANK,2026-06-26,88.71,88.71,88.71,88.71,0
MAHABANK,2026-06-29,88.25,93.85,94.5,88.0,49937301
MAHABANK,2026-06-30,93.65,91.44,93.65,90.61,18305341
MAHABANK,2026-07-01,91.75,91.2,92.78,89.9,15857817
MAHABANK,2026-07-02,91.25,91.04,91.89,90.6,9483390
MAHABANK,2026-07-03,91.4,88.53,91.48,88.18,16125073
MAHABANK,2026-07-06,89.59,86.51,90.58,86.16,17689359
MAHABANK,2026-07-07,86.89,83.19,86.89,83.0,22285700
MAHABANK,2026-07-08,83.11,80.6,84.7,79.9,20230957
MAHABANK,2026-07-09,81.0,82.01,82.26,80.86,12124957
MAHABANK,2026-07-10,82.9,84.25,87.46,81.62,69639831
MAHABANK,2026-07-13,83.57,82.56,84.71,81.9,29829138
MAHABANK,2026-07-14,82.0,79.47,82.15,79.35,27947281
MAHABANK,2026-07-15,80.0,80.1,81.68,79.86,13776867
MAHABANK,2026-07-16,80.15,79.49,80.39,79.12,9638994
MAHABANK,2026-07-17,79.6,79.9,80.59,79.15,7153493
MANORAMA,2026-04-17,1395.0,1417.7,1422.0,1387.9,73580
MANORAMA,2026-04-20,1416.0,1384.1,1428.7,1372.2,103197
MANORAMA,2026-04-21,1380.1,1447.7,1465.0,1380.0,155559
MANORAMA,2026-04-22,1454.9,1455.5,1475.7,1441.0,76563
MANORAMA,2026-04-23,1455.5,1429.9,1458.0,1420.1,97257
MANORAMA,2026-04-24,1422.0,1411.1,1440.7,1404.3,77845
MANORAMA,2026-04-27,1420.8,1440.5,1448.0,1413.1,75344
MANORAMA,2026-04-28,1440.5,1445.0,1458.0,1416.1,101291
MANORAMA,2026-04-29,1453.9,1473.8,1494.0,1452.9,107940
MANORAMA,2026-04-30,1473.8,1509.0,1524.1,1442.1,177210
MANORAMA,2026-05-01,1509.0,1509.0,1509.0,1509.0,0
MANORAMA,2026-05-04,1527.0,1530.2,1573.7,1500.0,206925
MANORAMA,2026-05-05,1530.0,1594.5,1638.0,1517.7,334170
MANORAMA,2026-05-06,1619.3,1602.7,1624.0,1565.0,171087
MANORAMA,2026-05-07,1600.0,1607.5,1621.0,1580.8,121199
MANORAMA,2026-05-08,1616.2,1576.2,1617.0,1569.2,168012
MANORAMA,2026-05-11,1584.0,1597.0,1610.0,1547.0,248873
MANORAMA,2026-05-12,1490.0,1396.2,1490.0,1365.4,1321694
MANORAMA,2026-05-13,1377.8,1343.6,1413.9,1330.2,356109
MANORAMA,2026-05-14,1343.6,1351.8,1376.9,1330.6,145582
MANORAMA,2026-05-15,1355.1,1305.6,1399.0,1300.0,206312
MANORAMA,2026-05-18,1300.0,1370.6,1374.7,1287.4,206640
MANORAMA,2026-05-19,1377.8,1371.4,1404.9,1355.5,95609
MANORAMA,2026-05-20,1365.0,1386.3,1392.4,1346.2,95098
MANORAMA,2026-05-21,1399.3,1368.2,1414.0,1360.1,124303
MANORAMA,2026-05-22,1368.1,1386.4,1412.2,1367.3,115601
MANORAMA,2026-05-25,1396.5,1407.6,1415.3,1373.0,174012
MANORAMA,2026-05-26,1407.8,1461.2,1487.0,1403.7,268488
MANORAMA,2026-05-27,1462.8,1453.1,1473.3,1444.2,120353
MANORAMA,2026-05-28,1453.1,1453.1,1453.1,1453.1,0
MANORAMA,2026-05-29,1447.0,1426.4,1475.9,1401.6,130499
MANORAMA,2026-06-01,1446.9,1437.9,1452.2,1419.1,107896
MANORAMA,2026-06-02,1440.0,1481.4,1540.0,1424.7,348844
MANORAMA,2026-06-03,1493.5,1469.6,1493.5,1440.0,82160
MANORAMA,2026-06-04,1459.0,1460.5,1477.9,1450.0,78043
MANORAMA,2026-06-05,1460.5,1476.1,1499.4,1459.8,101240
MANORAMA,2026-06-08,1450.0,1511.5,1528.0,1430.5,172714
MANORAMA,2026-06-09,1515.0,1490.8,1544.9,1480.1,107130
MANORAMA,2026-06-10,1498.0,1540.7,1555.0,1484.0,310920
MANORAMA,2026-06-11,1545.0,1534.2,1585.0,1515.0,186926
MANORAMA,2026-06-12,1551.1,1564.4,1585.6,1547.5,135943
MANORAMA,2026-06-15,1581.8,1531.7,1581.8,1528.9,149436
MANORAMA,2026-06-16,1538.5,1497.7,1549.0,1492.3,291011
MANORAMA,2026-06-17,1490.6,1527.2,1536.8,1490.6,65232
MANORAMA,2026-06-18,1540.0,1529.3,1558.0,1521.1,102995
MANORAMA,2026-06-19,1530.7,1558.2,1574.2,1519.1,126904
MANORAMA,2026-06-22,1550.5,1547.4,1615.0,1541.2,256223
MANORAMA,2026-06-23,1553.0,1559.6,1569.0,1522.2,147875
MANORAMA,2026-06-24,1560.1,1585.4,1609.0,1548.9,166376
MANORAMA,2026-06-25,1598.3,1573.5,1609.5,1570.1,98249
MANORAMA,2026-06-26,1573.5,1573.5,1573.5,1573.5,0
MANORAMA,2026-06-29,1573.8,1587.1,1624.9,1573.8,187320
MANORAMA,2026-06-30,1590.0,1655.3,1672.0,1581.9,476483
MANORAMA,2026-07-01,1669.4,1565.0,1676.7,1555.0,390502
MANORAMA,2026-07-02,1574.9,1581.2,1599.0,1561.0,157161
MANORAMA,2026-07-03,1598.9,1562.4,1598.9,1551.0,137008
MANORAMA,2026-07-06,1570.9,1575.9,1614.6,1554.9,357068
MANORAMA,2026-07-07,1580.0,1525.3,1580.0,1512.0,216192
MANORAMA,2026-07-08,1525.0,1510.8,1555.6,1501.1,125383
MANORAMA,2026-07-09,1513.0,1579.2,1590.2,1510.0,198892
MANORAMA,2026-07-10,1579.9,1603.4,1624.2,1578.0,180543
MANORAMA,2026-07-13,1603.4,1627.3,1632.0,1581.4,179409
MANORAMA,2026-07-14,1627.3,1577.6,1641.7,1573.3,206151
MANORAMA,2026-07-15,1605.1,1608.2,1623.9,1583.0,173230
MANORAMA,2026-07-16,1614.9,1595.4,1619.9,1590.5,68297
MANORAMA,2026-07-17,1587.3,1591.5,1607.7,1576.2,81560
MARKSANS,2026-04-17,181.9,179.23,181.9,178.3,606441
MARKSANS,2026-04-20,179.23,176.9,179.23,175.21,550008
MARKSANS,2026-04-21,177.09,176.77,178.9,175.53,688434
MARKSANS,2026-04-22,176.2,179.56,180.11,175.85,574533
MARKSANS,2026-04-23,178.0,193.25,195.68,177.67,4378879
MARKSANS,2026-04-24,195.0,190.21,195.0,187.0,1478614
MARKSANS,2026-04-27,191.0,192.12,195.0,190.24,814804
MARKSANS,2026-04-28,191.99,184.1,193.06,183.11,1098424
MARKSANS,2026-04-29,185.7,187.76,191.1,185.0,837935
MARKSANS,2026-04-30,187.0,184.63,187.88,181.0,610116
MARKSANS,2026-05-01,184.63,184.63,184.63,184.63,0
MARKSANS,2026-05-04,187.55,189.29,193.33,186.35,1068616
MARKSANS,2026-05-05,190.0,186.92,190.6,185.0,640241
MARKSANS,2026-05-06,188.9,196.2,207.0,188.3,8831885
MARKSANS,2026-05-07,197.74,203.02,204.0,197.7,2679348
MARKSANS,2026-05-08,204.0,197.76,205.9,197.22,1564453
MARKSANS,2026-05-11,198.81,203.28,208.65,193.75,3194548
MARKSANS,2026-05-12,203.9,198.4,207.26,197.4,1957920
MARKSANS,2026-05-13,200.0,200.13,203.0,197.02,1059698
MARKSANS,2026-05-14,201.05,201.92,206.0,197.41,1423161
MARKSANS,2026-05-15,203.25,207.45,213.45,200.05,3868560
MARKSANS,2026-05-18,209.56,217.62,219.3,208.1,6363446
MARKSANS,2026-05-19,219.95,217.3,225.49,215.59,2987731
MARKSANS,2026-05-20,215.95,217.42,223.76,212.11,2026979
MARKSANS,2026-05-21,219.98,216.17,221.27,214.37,1016639
MARKSANS,2026-05-22,216.0,211.86,218.02,210.02,1361594
MARKSANS,2026-05-25,214.0,220.26,221.35,213.97,1813420
MARKSANS,2026-05-26,221.4,254.79,258.8,218.0,38057110
MARKSANS,2026-05-27,251.39,249.27,264.4,247.01,14804312
MARKSANS,2026-05-28,249.27,249.27,249.27,249.27,0
MARKSANS,2026-05-29,249.55,246.19,261.0,240.63,6577763
MARKSANS,2026-06-01,249.0,238.68,256.0,235.25,3120848
MARKSANS,2026-06-02,238.85,241.19,244.62,236.4,2681082
MARKSANS,2026-06-03,241.6,242.37,248.1,241.19,2709024
MARKSANS,2026-06-04,242.0,239.14,243.31,238.05,1535140
MARKSANS,2026-06-05,240.9,233.19,244.42,230.5,1734226
MARKSANS,2026-06-08,230.22,236.06,241.91,228.2,2849926
MARKSANS,2026-06-09,238.95,252.75,254.0,237.02,6801842
MARKSANS,2026-06-10,253.7,246.92,255.5,245.55,2443581
MARKSANS,2026-06-11,245.4,249.83,257.97,242.88,3679249
MARKSANS,2026-06-12,253.0,252.37,260.0,248.21,2543587
MARKSANS,2026-06-15,255.0,249.76,256.0,248.75,1633878
MARKSANS,2026-06-16,250.6,247.13,258.8,246.1,1983633
MARKSANS,2026-06-17,249.0,254.75,255.55,246.21,1494630
MARKSANS,2026-06-18,256.0,261.45,266.54,254.82,4915028
MARKSANS,2026-06-19,260.99,259.67,265.36,257.29,2398746
MARKSANS,2026-06-22,260.8,256.07,261.7,252.81,1582814
MARKSANS,2026-06-23,257.1,265.98,269.9,256.9,4943240
MARKSANS,2026-06-24,267.45,263.02,275.5,261.1,3819347
MARKSANS,2026-06-25,264.8,256.07,265.85,253.6,1423556
MARKSANS,2026-06-26,256.07,256.07,256.07,256.07,0
MARKSANS,2026-06-29,256.09,263.4,267.85,256.0,2210375
MARKSANS,2026-06-30,264.7,272.81,277.0,264.0,2578664
MARKSANS,2026-07-01,274.4,268.85,278.8,267.05,1908672
MARKSANS,2026-07-02,270.05,267.2,273.3,265.0,1336512
MARKSANS,2026-07-03,268.0,264.45,269.85,262.4,1305331
MARKSANS,2026-07-06,264.0,259.7,269.2,257.5,1366358
MARKSANS,2026-07-07,259.9,261.2,268.5,259.35,1553385
MARKSANS,2026-07-08,260.65,263.45,272.7,259.0,3790992
MARKSANS,2026-07-09,265.3,277.3,281.6,263.5,4551970
MARKSANS,2026-07-10,279.5,272.4,281.1,270.1,2192697
MARKSANS,2026-07-13,270.95,269.3,271.65,266.1,1117611
MARKSANS,2026-07-14,268.95,270.95,275.3,267.7,1442959
MARKSANS,2026-07-15,270.95,275.75,280.0,270.3,1713848
MARKSANS,2026-07-16,275.8,275.35,281.4,273.65,1259358
MARKSANS,2026-07-17,274.7,267.1,275.0,263.85,1411635
MASTEK,2026-04-17,1715.0,1746.0,1754.9,1699.1,134265
MASTEK,2026-04-20,1700.0,1682.9,1714.1,1662.0,230355
MASTEK,2026-04-21,1699.0,1768.3,1777.1,1680.1,182647
MASTEK,2026-04-22,1760.0,1762.9,1796.4,1731.4,126370
MASTEK,2026-04-23,1761.7,1746.1,1768.9,1731.1,50795
MASTEK,2026-04-24,1743.8,1700.1,1743.8,1687.1,47890
MASTEK,2026-04-27,1711.6,1735.7,1747.0,1708.6,42350
MASTEK,2026-04-28,1735.7,1680.3,1743.8,1668.1,57161
MASTEK,2026-04-29,1686.9,1692.0,1695.8,1669.5,46628
MASTEK,2026-04-30,1688.0,1694.2,1711.7,1654.0,37973
MASTEK,2026-05-01,1694.2,1694.2,1694.2,1694.2,0
MASTEK,2026-05-04,1694.2,1675.6,1694.2,1665.7,34925
MASTEK,2026-05-05,1681.5,1659.0,1686.6,1644.1,39945
MASTEK,2026-05-06,1671.0,1692.7,1699.0,1630.1,91021
MASTEK,2026-05-07,1692.7,1687.3,1714.2,1662.1,107409
MASTEK,2026-05-08,1690.0,1683.1,1715.0,1680.1,43838
MASTEK,2026-05-11,1683.1,1658.6,1688.0,1655.0,36956
MASTEK,2026-05-12,1658.6,1618.8,1659.2,1603.3,76837
MASTEK,2026-05-13,1618.2,1580.4,1629.1,1576.0,35311
MASTEK,2026-05-14,1587.2,1545.2,1606.7,1531.0,43031
MASTEK,2026-05-15,1552.9,1549.9,1585.6,1535.0,34600
MASTEK,2026-05-18,1544.0,1552.0,1558.7,1507.0,22850
MASTEK,2026-05-19,1558.7,1660.9,1687.0,1558.7,193781
MASTEK,2026-05-20,1656.0,1619.3,1671.1,1612.3,33423
MASTEK,2026-05-21,1625.0,1642.0,1657.1,1616.3,43232
MASTEK,2026-05-22,1642.0,1635.2,1658.1,1620.8,22824
MASTEK,2026-05-25,1635.5,1670.0,1674.8,1632.6,32755
MASTEK,2026-05-26,1672.0,1632.2,1681.0,1625.5,28780
MASTEK,2026-05-27,1632.2,1632.4,1653.1,1625.0,15011
MASTEK,2026-05-28,1632.4,1632.4,1632.4,1632.4,0
MASTEK,2026-05-29,1650.0,1627.0,1719.0,1604.0,96912
MASTEK,2026-06-01,1628.9,1650.0,1707.0,1627.0,77491
MASTEK,2026-06-02,1641.8,1727.9,1789.8,1632.8,415979
MASTEK,2026-06-03,1731.0,1682.3,1731.0,1660.7,87926
MASTEK,2026-06-04,1669.0,1673.1,1678.8,1650.3,44108
MASTEK,2026-06-05,1680.0,1660.1,1703.8,1652.0,28701
MASTEK,2026-06-08,1650.0,1613.5,1650.1,1606.6,24661
MASTEK,2026-06-09,1623.7,1622.1,1663.8,1606.0,26072
MASTEK,2026-06-10,1622.5,1583.6,1637.7,1572.8,24585
MASTEK,2026-06-11,1575.0,1574.5,1605.0,1554.1,24542
MASTEK,2026-06-12,1591.0,1577.4,1608.0,1560.9,28401
MASTEK,2026-06-15,1594.8,1616.9,1641.0,1594.8,42814
MASTEK,2026-06-16,1618.0,1663.8,1669.9,1602.0,35381
MASTEK,2026-06-17,1663.8,1636.5,1685.0,1632.0,30210
MASTEK,2026-06-18,1640.0,1636.2,1658.9,1621.1,24630
MASTEK,2026-06-19,1605.1,1605.5,1621.7,1586.1,71045
MASTEK,2026-06-22,1608.1,1605.9,1636.3,1601.0,20341
MASTEK,2026-06-23,1607.6,1583.0,1611.1,1577.0,28910
MASTEK,2026-06-24,1583.0,1600.6,1609.6,1573.1,19040
MASTEK,2026-06-25,1605.1,1575.2,1617.8,1570.1,21232
MASTEK,2026-06-26,1575.2,1575.2,1575.2,1575.2,0
MASTEK,2026-06-29,1580.0,1563.0,1584.2,1558.4,26354
MASTEK,2026-06-30,1563.0,1596.2,1605.0,1542.0,105674
MASTEK,2026-07-01,1599.3,1568.0,1618.9,1550.0,30715
MASTEK,2026-07-02,1570.1,1613.4,1621.0,1570.1,53943
MASTEK,2026-07-03,1625.1,1621.3,1655.5,1612.1,46041
MASTEK,2026-07-06,1621.3,1596.9,1623.0,1588.0,27154
MASTEK,2026-07-07,1603.5,1640.0,1650.0,1591.0,68578
MASTEK,2026-07-08,1640.0,1606.1,1650.0,1598.4,37328
MASTEK,2026-07-09,1607.2,1612.1,1638.8,1591.0,29452
MASTEK,2026-07-10,1625.0,1680.1,1691.8,1625.0,104777
MASTEK,2026-07-13,1684.8,1749.8,1785.0,1651.0,191877
MASTEK,2026-07-14,1758.0,1719.5,1759.3,1706.6,66615
MASTEK,2026-07-15,1715.0,1688.1,1718.0,1677.9,36723
MASTEK,2026-07-16,1689.9,1768.2,1780.0,1689.9,181588
MASTEK,2026-07-17,1782.3,1772.6,1799.0,1726.8,138776
MAYURUNIQ,2026-04-17,572.0,574.1,580.0,570.05,56666
MAYURUNIQ,2026-04-20,571.0,571.1,583.0,569.55,42160
MAYURUNIQ,2026-04-21,571.2,586.4,588.9,571.0,116796
MAYURUNIQ,2026-04-22,585.0,585.9,592.85,578.0,109841
MAYURUNIQ,2026-04-23,585.9,573.75,588.8,572.5,51999
MAYURUNIQ,2026-04-24,577.9,560.75,577.9,558.0,48771
MAYURUNIQ,2026-04-27,560.75,566.8,572.8,560.0,42257
MAYURUNIQ,2026-04-28,569.1,563.9,574.5,553.8,38692
MAYURUNIQ,2026-04-29,556.15,557.55,573.0,556.0,25474
MAYURUNIQ,2026-04-30,560.65,549.25,560.65,545.0,34616
MAYURUNIQ,2026-05-04,555.0,566.7,578.15,555.0,43978
MAYURUNIQ,2026-05-05,566.8,560.95,570.85,560.0,24729
MAYURUNIQ,2026-05-06,561.5,574.5,577.0,561.0,58731
MAYURUNIQ,2026-05-07,576.0,605.1,614.8,569.55,365865
MAYURUNIQ,2026-05-08,607.0,629.4,637.0,601.0,436259
MAYURUNIQ,2026-05-11,622.1,612.5,648.0,608.0,168594
MAYURUNIQ,2026-05-12,609.4,600.05,615.9,593.15,100810
MAYURUNIQ,2026-05-13,615.0,604.3,624.45,598.75,122924
MAYURUNIQ,2026-05-14,607.3,601.7,612.0,594.45,60811
MAYURUNIQ,2026-05-15,598.7,628.4,630.0,595.0,199403
MAYURUNIQ,2026-05-18,631.5,610.15,631.5,600.75,100642
MAYURUNIQ,2026-05-19,612.2,619.4,624.0,604.25,65557
MAYURUNIQ,2026-05-20,642.1,692.25,712.85,625.65,5623025
MAYURUNIQ,2026-05-21,718.0,677.0,738.3,670.1,1450111
MAYURUNIQ,2026-05-22,689.0,704.9,709.0,682.0,438025
MAYURUNIQ,2026-05-25,727.85,747.8,766.0,705.85,709695
MAYURUNIQ,2026-05-26,746.2,746.55,759.85,741.0,237566
MAYURUNIQ,2026-05-27,749.9,777.9,805.75,745.3,492672
MAYURUNIQ,2026-05-28,777.9,777.9,777.9,777.9,0
MAYURUNIQ,2026-05-29,779.4,754.45,791.55,750.6,227077
MAYURUNIQ,2026-06-01,755.0,734.75,780.0,730.0,254672
MAYURUNIQ,2026-06-02,732.2,745.25,763.0,721.6,200689
MAYURUNIQ,2026-06-03,758.7,735.05,758.7,723.55,125593
MAYURUNIQ,2026-06-04,735.05,734.4,749.0,732.0,105535
MAYURUNIQ,2026-06-05,759.0,733.65,759.0,730.15,88627
MAYURUNIQ,2026-06-08,726.0,719.6,761.0,717.0,263932
MAYURUNIQ,2026-06-09,720.0,798.85,813.4,720.0,1125753
MAYURUNIQ,2026-06-10,803.1,811.25,849.15,798.55,1015825
MAYURUNIQ,2026-06-11,811.25,793.1,831.15,784.05,269721
MAYURUNIQ,2026-06-12,807.4,793.2,810.05,788.0,150911
MAYURUNIQ,2026-06-15,803.0,797.1,819.55,792.05,140066
MAYURUNIQ,2026-06-16,808.25,823.95,837.95,800.0,226343
MAYURUNIQ,2026-06-17,825.5,826.75,843.45,820.0,120913
MAYURUNIQ,2026-06-18,826.75,827.45,834.0,811.8,88350
MAYURUNIQ,2026-06-19,827.0,826.25,847.7,818.8,101206
MAYURUNIQ,2026-06-22,833.25,805.75,835.0,802.2,110817
MAYURUNIQ,2026-06-23,800.55,791.5,812.0,779.1,96839
MAYURUNIQ,2026-06-24,810.0,803.55,810.0,795.05,33624
MAYURUNIQ,2026-06-25,810.9,789.85,811.6,781.1,75222
MAYURUNIQ,2026-06-26,789.85,789.85,789.85,789.85,0
MAYURUNIQ,2026-06-29,789.5,816.1,823.7,785.35,114800
MAYURUNIQ,2026-06-30,835.0,860.8,876.0,835.0,467762
MAYURUNIQ,2026-07-01,860.8,851.5,867.9,828.0,125552
MAYURUNIQ,2026-07-02,858.5,883.8,894.0,847.1,198073
MAYURUNIQ,2026-07-03,893.8,882.15,907.0,868.6,204404
MAYURUNIQ,2026-07-06,898.05,882.95,898.05,872.1,89256
MAYURUNIQ,2026-07-07,886.8,855.25,888.6,850.0,66064
MAYURUNIQ,2026-07-08,860.5,853.25,876.45,839.45,155589
MAYURUNIQ,2026-07-09,859.0,833.3,866.3,830.0,142364
MAYURUNIQ,2026-07-10,845.0,833.55,845.0,805.6,118732
MAYURUNIQ,2026-07-13,832.0,855.15,860.05,829.0,72805
MAYURUNIQ,2026-07-14,861.95,818.8,869.0,814.05,76813
MAYURUNIQ,2026-07-15,825.35,812.35,837.4,801.35,57960
MAYURUNIQ,2026-07-16,813.15,822.1,834.8,808.35,44141
MAYURUNIQ,2026-07-17,816.4,785.25,819.15,761.5,219652
METROPOLIS,2026-04-17,473.45,471.7,473.95,465.15,107705
METROPOLIS,2026-04-20,471.7,475.4,477.5,464.0,110850
METROPOLIS,2026-04-21,475.0,484.3,494.4,472.1,169237
METROPOLIS,2026-04-22,482.0,476.65,487.2,473.0,53520
METROPOLIS,2026-04-23,476.0,472.2,477.75,469.55,56601
METROPOLIS,2026-04-24,470.8,467.1,477.95,463.25,39760
METROPOLIS,2026-04-27,467.1,476.5,480.0,463.0,110255
METROPOLIS,2026-04-28,478.85,480.85,485.9,474.5,65048
METROPOLIS,2026-04-29,480.85,478.8,485.95,475.0,81559
METROPOLIS,2026-04-30,476.0,476.5,481.95,470.95,67917
METROPOLIS,2026-05-01,476.5,476.5,476.5,476.5,0
METROPOLIS,2026-05-04,472.2,492.4,494.85,472.2,350170
METROPOLIS,2026-05-05,494.9,506.3,516.2,492.6,600112
METROPOLIS,2026-05-06,511.0,506.4,511.6,503.1,134523
METROPOLIS,2026-05-07,506.5,505.6,514.45,504.35,247643
METROPOLIS,2026-05-08,511.0,549.5,574.9,511.0,9341039
METROPOLIS,2026-05-11,549.0,559.9,568.9,544.0,715474
METROPOLIS,2026-05-12,552.5,548.1,554.2,515.0,792074
METROPOLIS,2026-05-13,549.0,548.0,559.1,541.3,301485
METROPOLIS,2026-05-14,600.0,540.7,600.0,532.0,2855484
METROPOLIS,2026-05-15,534.9,528.85,549.05,522.5,391291
METROPOLIS,2026-05-18,522.5,507.4,523.0,505.0,284184
METROPOLIS,2026-05-19,506.9,508.4,513.2,504.2,174929
METROPOLIS,2026-05-20,507.4,518.3,520.45,495.7,298969
METROPOLIS,2026-05-21,525.05,528.8,537.35,525.05,436186
METROPOLIS,2026-05-22,528.0,518.95,528.1,515.05,138826
METROPOLIS,2026-05-25,527.0,524.5,527.0,513.15,123213
METROPOLIS,2026-05-26,526.5,540.85,544.0,524.7,477814
METROPOLIS,2026-05-27,543.6,536.15,549.1,534.0,139350
METROPOLIS,2026-05-28,536.15,536.15,536.15,536.15,0
METROPOLIS,2026-05-29,531.0,555.35,565.0,531.0,460621
METROPOLIS,2026-06-01,560.0,540.85,560.0,535.05,149892
METROPOLIS,2026-06-02,540.85,541.5,549.95,528.9,189608
METROPOLIS,2026-06-03,538.0,536.15,541.7,527.05,72278
METROPOLIS,2026-06-04,530.1,544.15,551.0,530.1,212806
METROPOLIS,2026-06-05,544.15,533.2,554.2,530.4,163325
METROPOLIS,2026-06-08,520.0,529.65,538.8,520.0,81068
METROPOLIS,2026-06-09,537.05,535.55,539.0,529.4,54225
METROPOLIS,2026-06-10,538.7,524.45,539.65,522.05,63362
METROPOLIS,2026-06-11,522.1,520.15,537.3,515.0,122888
METROPOLIS,2026-06-12,524.95,530.7,533.3,520.1,66268
METROPOLIS,2026-06-15,539.85,525.9,539.9,523.25,115966
METROPOLIS,2026-06-16,529.0,534.15,556.6,524.9,638225
METROPOLIS,2026-06-17,538.4,545.6,559.85,538.0,384614
METROPOLIS,2026-06-18,546.4,542.5,559.2,536.0,241893
METROPOLIS,2026-06-19,540.0,552.75,556.55,540.0,227539
METROPOLIS,2026-06-22,555.9,540.5,558.8,526.0,468844
METROPOLIS,2026-06-23,537.6,543.25,551.35,537.6,140676
METROPOLIS,2026-06-24,543.25,553.2,558.8,538.6,190563
METROPOLIS,2026-06-25,557.9,543.35,563.5,540.65,198719
METROPOLIS,2026-06-26,543.35,543.35,543.35,543.35,0
METROPOLIS,2026-06-29,544.3,523.8,554.6,516.25,1091828
METROPOLIS,2026-06-30,523.45,540.15,548.65,523.45,432142
METROPOLIS,2026-07-01,540.15,541.6,549.9,532.0,157115
METROPOLIS,2026-07-02,541.6,544.3,553.0,541.6,181046
METROPOLIS,2026-07-03,544.95,556.0,559.1,544.3,294637
METROPOLIS,2026-07-06,560.0,573.55,578.0,560.0,998403
METROPOLIS,2026-07-07,577.9,566.15,578.75,563.1,306105
METROPOLIS,2026-07-08,566.0,549.35,567.45,545.55,184558
METROPOLIS,2026-07-09,549.35,560.05,564.4,548.8,105938
METROPOLIS,2026-07-10,567.0,567.95,570.95,553.8,139878
METROPOLIS,2026-07-13,568.0,564.7,571.0,557.6,86216
METROPOLIS,2026-07-14,564.0,559.2,564.7,551.15,165976
METROPOLIS,2026-07-15,563.0,571.65,585.4,559.7,702141
METROPOLIS,2026-07-16,577.95,578.45,584.0,572.0,151118
METROPOLIS,2026-07-17,580.85,545.3,583.35,540.05,325071
MGL,2026-04-17,1099.0,1125.75,1132.95,1095.05,423182
MGL,2026-04-20,1129.55,1137.75,1149.0,1114.45,550353
MGL,2026-04-21,1141.4,1136.95,1155.9,1132.0,220068
MGL,2026-04-22,1136.95,1147.25,1149.95,1122.85,144488
MGL,2026-04-23,1146.45,1137.4,1159.9,1130.25,172575
MGL,2026-04-24,1148.05,1130.15,1154.9,1123.55,209698
MGL,2026-04-27,1127.0,1141.8,1150.5,1124.5,125250
MGL,2026-04-28,1139.65,1133.0,1177.6,1130.0,190131
MGL,2026-04-29,1143.8,1146.0,1154.0,1132.0,150842
MGL,2026-04-30,1135.95,1135.65,1143.8,1116.95,166402
MGL,2026-05-04,1146.4,1135.4,1151.0,1129.8,116589
MGL,2026-05-05,1132.0,1133.5,1137.8,1121.0,112328
MGL,2026-05-06,1141.0,1166.8,1173.0,1141.0,185931
MGL,2026-05-07,1170.3,1179.8,1190.7,1165.6,225471
MGL,2026-05-08,1140.0,1172.9,1179.2,1131.1,360589
MGL,2026-05-11,1160.8,1106.4,1160.8,1101.0,377644
MGL,2026-05-12,1108.7,1064.4,1110.9,1058.7,175038
MGL,2026-05-13,1053.3,1046.9,1065.0,1024.0,361131
MGL,2026-05-14,1047.0,1067.4,1074.0,1047.0,355274
MGL,2026-05-15,1067.4,1087.6,1097.5,1030.1,262993
MGL,2026-05-18,1071.7,1058.7,1076.0,1052.3,88258
MGL,2026-05-19,1046.7,1059.4,1078.0,1046.7,159209
MGL,2026-05-20,1059.4,1075.6,1082.7,1044.4,225216
MGL,2026-05-21,1075.0,1053.8,1079.6,1052.0,121613
MGL,2026-05-22,1062.1,1054.8,1062.1,1036.7,139766
MGL,2026-05-25,1057.5,1074.9,1084.5,1057.5,182335
MGL,2026-05-26,1079.7,1096.0,1109.6,1073.7,204283
MGL,2026-05-27,1096.0,1103.2,1105.6,1092.2,89498
MGL,2026-05-28,1103.2,1103.2,1103.2,1103.2,0
MGL,2026-05-29,1105.2,1095.0,1121.0,1074.0,571325
MGL,2026-06-01,1102.0,1077.2,1107.0,1053.0,431109
MGL,2026-06-02,1077.0,1092.2,1097.9,1058.7,114805
MGL,2026-06-03,1092.2,1080.8,1094.4,1070.0,106792
MGL,2026-06-04,1071.0,1074.4,1090.8,1062.0,406988
MGL,2026-06-05,1084.9,1089.1,1107.9,1075.4,304504
MGL,2026-06-08,1081.0,1069.7,1084.9,1065.7,89076
MGL,2026-06-09,1070.5,1059.1,1071.9,1044.0,196293
MGL,2026-06-10,1059.4,1080.5,1086.1,1055.0,139737
MGL,2026-06-11,1076.1,1061.0,1076.1,1054.1,90713
MGL,2026-06-12,1076.4,1094.9,1104.5,1066.1,269195
MGL,2026-06-15,1116.8,1139.0,1145.0,1108.9,257025
MGL,2026-06-16,1147.0,1185.6,1191.0,1144.7,521597
MGL,2026-06-17,1190.0,1208.9,1230.0,1189.0,547593
MGL,2026-06-18,1208.9,1210.7,1220.0,1205.0,203372
MGL,2026-06-19,1209.0,1209.0,1223.0,1200.1,243182
MGL,2026-06-22,1215.0,1245.5,1252.0,1210.1,408376
MGL,2026-06-23,1248.6,1220.0,1250.0,1215.0,162760
MGL,2026-06-24,1215.0,1196.0,1215.0,1180.9,175850
MGL,2026-06-25,1202.0,1174.6,1203.1,1172.1,150300
MGL,2026-06-26,1174.6,1174.6,1174.6,1174.6,0
MGL,2026-06-29,1174.6,1142.1,1183.4,1135.0,282321
MGL,2026-06-30,1154.5,1174.1,1211.2,1153.2,373161
MGL,2026-07-01,1174.1,1162.0,1187.1,1150.1,185068
MGL,2026-07-02,1167.0,1143.4,1167.0,1140.0,199557
MGL,2026-07-03,1144.0,1128.6,1150.6,1125.0,103516
MGL,2026-07-06,1128.6,1125.9,1150.0,1119.9,146114
MGL,2026-07-07,1122.1,1133.7,1145.4,1122.1,114964
MGL,2026-07-08,1123.8,1093.9,1127.8,1082.5,205389
MGL,2026-07-09,1092.1,1122.7,1126.0,1089.0,131919
MGL,2026-07-10,1123.0,1126.3,1130.6,1120.3,122252
MGL,2026-07-13,1124.9,1114.4,1128.1,1105.0,87081
MGL,2026-07-14,1104.9,1123.3,1137.9,1096.5,132508
MGL,2026-07-15,1126.5,1106.4,1127.5,1102.6,56138
MGL,2026-07-16,1106.4,1113.1,1125.9,1106.0,128410
MGL,2026-07-17,1109.9,1100.4,1114.0,1087.8,168186
MINDACORP,2026-04-17,509.05,532.8,541.6,507.0,837160
MINDACORP,2026-04-20,531.0,537.95,546.6,523.2,787613
MINDACORP,2026-04-21,539.7,544.45,546.0,536.3,132804
MINDACORP,2026-04-22,544.0,541.45,551.75,539.8,156681
MINDACORP,2026-04-23,541.45,538.7,545.95,537.0,109117
MINDACORP,2026-04-24,539.75,527.6,540.45,524.85,135558
MINDACORP,2026-04-27,525.15,526.8,529.0,520.25,781446
MINDACORP,2026-04-28,525.0,519.9,526.7,517.2,444487
MINDACORP,2026-04-29,520.95,522.45,527.8,514.0,379725
MINDACORP,2026-04-30,520.75,520.1,522.25,512.45,223133
MINDACORP,2026-05-04,520.1,515.9,527.85,514.05,191699
MINDACORP,2026-05-05,516.0,520.45,523.5,512.25,293777
MINDACORP,2026-05-06,522.0,526.65,528.5,518.15,232170
MINDACORP,2026-05-07,527.3,536.7,540.0,525.0,249279
MINDACORP,2026-05-08,536.7,537.5,542.8,531.6,207988
MINDACORP,2026-05-11,534.5,528.6,542.5,526.75,136229
MINDACORP,2026-05-12,525.1,512.95,533.45,505.0,262806
MINDACORP,2026-05-13,512.0,509.5,525.2,506.25,287425
MINDACORP,2026-05-14,514.0,508.4,514.0,502.0,130624
MINDACORP,2026-05-15,508.0,525.2,528.45,507.4,427204
MINDACORP,2026-05-18,526.0,515.35,531.3,511.2,185193
MINDACORP,2026-05-19,515.5,520.2,525.0,515.5,84596
MINDACORP,2026-05-20,516.95,517.4,529.0,507.4,169766
MINDACORP,2026-05-21,519.8,536.85,549.65,515.5,657876
MINDACORP,2026-05-22,537.2,574.65,590.0,532.05,3251243
MINDACORP,2026-05-25,585.0,585.35,603.75,577.0,2597068
MINDACORP,2026-05-26,581.0,594.95,613.4,579.5,1366900
MINDACORP,2026-05-27,596.95,623.85,632.3,594.95,2232069
MINDACORP,2026-05-28,623.85,623.85,623.85,623.85,0
MINDACORP,2026-05-29,626.95,624.4,635.0,618.65,1349391
MINDACORP,2026-06-01,632.0,618.8,637.7,610.8,744621
MINDACORP,2026-06-02,618.0,629.85,634.15,614.0,572134
MINDACORP,2026-06-03,629.85,626.4,642.0,622.05,679928
MINDACORP,2026-06-04,627.0,645.3,663.0,626.25,1813244
MINDACORP,2026-06-05,650.0,643.4,650.0,636.4,465038
MINDACORP,2026-06-08,639.05,633.6,648.0,625.15,443500
MINDACORP,2026-06-09,642.0,647.15,656.85,633.55,511047
MINDACORP,2026-06-10,648.0,648.1,654.2,640.95,326968
MINDACORP,2026-06-11,650.0,632.9,650.0,627.1,287265
MINDACORP,2026-06-12,645.0,637.2,648.6,632.0,271280
MINDACORP,2026-06-15,650.15,662.55,679.85,641.0,1844349
MINDACORP,2026-06-16,670.0,657.1,674.55,650.15,412328
MINDACORP,2026-06-17,655.3,644.0,660.0,640.15,381631
MINDACORP,2026-06-18,647.2,650.9,660.0,641.65,328315
MINDACORP,2026-06-19,650.0,652.95,661.7,642.95,330070
MINDACORP,2026-06-22,661.55,659.2,671.65,655.7,347520
MINDACORP,2026-06-23,659.9,666.8,671.95,652.25,529396
MINDACORP,2026-06-24,666.8,668.6,676.95,658.05,355506
MINDACORP,2026-06-25,670.9,670.45,691.0,667.0,743971
MINDACORP,2026-06-26,670.45,670.45,670.45,670.45,0
MINDACORP,2026-06-29,670.45,672.4,688.0,659.05,580308
MINDACORP,2026-06-30,675.9,696.8,701.0,673.6,912139
MINDACORP,2026-07-01,702.05,709.5,711.95,692.15,752864
MINDACORP,2026-07-02,709.6,709.05,713.65,700.2,346526
MINDACORP,2026-07-03,709.0,703.15,709.95,695.1,247294
MINDACORP,2026-07-06,705.0,697.05,711.5,686.05,531591
MINDACORP,2026-07-07,697.1,686.25,707.7,682.1,204164
MINDACORP,2026-07-08,686.95,683.35,704.7,679.5,361959
MINDACORP,2026-07-09,684.05,705.45,711.5,684.05,374881
MINDACORP,2026-07-10,708.0,698.9,710.0,690.5,319765
MINDACORP,2026-07-13,699.85,704.35,708.75,685.55,211280
MINDACORP,2026-07-14,697.0,674.65,697.15,669.9,356044
MINDACORP,2026-07-15,677.1,675.3,685.55,672.1,264015
MINDACORP,2026-07-16,676.35,682.95,685.0,675.4,171087
MINDACORP,2026-07-17,682.0,678.3,685.0,671.0,189418
MOLDTKPAC,2026-04-17,553.0,554.6,561.0,546.35,66254
MOLDTKPAC,2026-04-20,550.0,552.3,562.0,545.55,132316
MOLDTKPAC,2026-04-21,560.0,559.3,566.45,550.15,56655
MOLDTKPAC,2026-04-22,562.0,601.7,611.6,556.7,139910
MOLDTKPAC,2026-04-23,602.0,600.55,609.0,586.4,74015
MOLDTKPAC,2026-04-24,599.0,584.4,600.55,580.7,86769
MOLDTKPAC,2026-04-27,583.0,575.85,587.0,571.7,57464
MOLDTKPAC,2026-04-28,574.0,570.2,580.5,567.55,43499
MOLDTKPAC,2026-04-29,573.0,565.15,579.45,563.2,143578
MOLDTKPAC,2026-04-30,568.6,568.75,577.95,560.0,28050
MOLDTKPAC,2026-05-01,568.75,568.75,568.75,568.75,0
MOLDTKPAC,2026-05-04,565.0,557.25,574.15,550.1,144550
MOLDTKPAC,2026-05-05,558.3,559.65,565.95,551.6,62260
MOLDTKPAC,2026-05-06,558.0,560.05,571.0,557.6,241056
MOLDTKPAC,2026-05-07,563.5,597.15,607.4,562.1,385466
MOLDTKPAC,2026-05-08,586.1,589.95,605.4,586.1,128695
MOLDTKPAC,2026-05-11,589.95,584.5,619.95,575.0,677964
MOLDTKPAC,2026-05-12,605.0,584.4,610.0,570.0,475564
MOLDTKPAC,2026-05-13,589.95,664.0,674.0,581.75,1590518
MOLDTKPAC,2026-05-14,673.95,700.7,706.2,652.55,664681
MOLDTKPAC,2026-05-15,717.05,703.2,718.1,676.2,433015
MOLDTKPAC,2026-05-18,703.2,691.6,710.0,672.05,341021
MOLDTKPAC,2026-05-19,687.45,681.8,707.0,679.25,281909
MOLDTKPAC,2026-05-20,679.0,671.85,695.3,666.65,310354
MOLDTKPAC,2026-05-21,676.9,686.1,693.0,672.1,78829
MOLDTKPAC,2026-05-22,690.25,679.35,693.9,670.75,65484
MOLDTKPAC,2026-05-25,681.0,703.75,718.7,681.0,177897
MOLDTKPAC,2026-05-26,711.4,701.2,715.8,695.45,70549
MOLDTKPAC,2026-05-27,707.5,686.65,707.5,683.95,63097
MOLDTKPAC,2026-05-28,686.65,686.65,686.65,686.65,0
MOLDTKPAC,2026-05-29,705.0,702.6,711.0,683.55,160181
MOLDTKPAC,2026-06-01,706.05,690.0,724.7,685.65,162601
MOLDTKPAC,2026-06-02,693.4,707.05,713.5,682.55,128993
MOLDTKPAC,2026-06-03,708.1,706.45,724.4,700.9,111584
MOLDTKPAC,2026-06-04,707.5,705.75,718.0,699.6,176301
MOLDTKPAC,2026-06-05,710.0,709.0,722.95,702.1,73433
MOLDTKPAC,2026-06-08,707.85,687.1,709.0,680.55,82035
MOLDTKPAC,2026-06-09,697.4,693.7,697.4,682.85,52845
MOLDTKPAC,2026-06-10,694.0,658.2,699.0,653.5,180591
MOLDTKPAC,2026-06-11,659.0,672.1,680.0,646.0,117476
MOLDTKPAC,2026-06-12,673.15,676.1,682.5,660.05,84248
MOLDTKPAC,2026-06-15,689.7,695.8,712.2,689.25,98950
MOLDTKPAC,2026-06-16,695.8,693.85,700.5,686.0,30353
MOLDTKPAC,2026-06-17,690.0,696.0,707.05,686.6,49308
MOLDTKPAC,2026-06-18,696.0,685.6,700.9,676.0,111467
MOLDTKPAC,2026-06-19,689.9,698.1,707.95,680.3,50065
MOLDTKPAC,2026-06-22,703.0,691.35,713.45,687.0,84611
MOLDTKPAC,2026-06-23,698.25,694.6,700.75,680.0,63030
MOLDTKPAC,2026-06-24,699.0,701.4,709.8,684.05,46474
MOLDTKPAC,2026-06-25,705.9,689.5,706.65,685.1,31078
MOLDTKPAC,2026-06-26,689.5,689.5,689.5,689.5,0
MOLDTKPAC,2026-06-29,691.0,707.75,738.7,685.0,334595
MOLDTKPAC,2026-06-30,717.75,719.35,742.0,709.9,248854
MOLDTKPAC,2026-07-01,719.35,713.5,732.0,707.7,121043
MOLDTKPAC,2026-07-02,718.0,712.45,725.0,708.5,40040
MOLDTKPAC,2026-07-03,713.0,704.85,718.25,695.1,75448
MOLDTKPAC,2026-07-06,707.0,682.1,707.0,676.85,86150
MOLDTKPAC,2026-07-07,682.8,695.1,700.1,674.8,52648
MOLDTKPAC,2026-07-08,693.55,663.75,696.85,654.55,67131
MOLDTKPAC,2026-07-09,671.45,680.6,689.25,670.0,45317
MOLDTKPAC,2026-07-10,681.45,669.4,684.4,662.1,70722
MOLDTKPAC,2026-07-13,670.95,677.3,682.45,663.7,30182
MOLDTKPAC,2026-07-14,679.0,672.75,696.0,667.0,103699
MOLDTKPAC,2026-07-15,673.0,686.05,692.75,671.05,39825
MOLDTKPAC,2026-07-16,686.0,695.9,706.0,682.1,30662
MOLDTKPAC,2026-07-17,693.05,695.6,699.15,685.95,20744
MON100,2026-04-17,284.44,286.78,286.78,277.51,1249508
MON100,2026-04-20,286.2,285.16,287.47,279.03,1514974
MON100,2026-04-21,289.45,289.22,290.01,285.04,1393017
MON100,2026-04-22,289.75,289.77,289.77,287.16,458052
MON100,2026-04-23,289.77,289.89,289.89,288.14,712824
MON100,2026-04-24,295.83,293.13,295.83,284.05,1741682
MON100,2026-04-27,294.95,295.1,295.1,294.15,443444
MON100,2026-04-28,297.3,301.29,301.29,297.3,734236
MON100,2026-04-29,301.11,301.1,301.11,297.02,612187
MON100,2026-04-30,299.17,299.17,299.17,298.01,606398
MON100,2026-05-01,299.17,299.17,299.17,299.17,0
MON100,2026-05-04,301.87,301.87,301.87,301.87,395230
MON100,2026-05-05,305.04,305.04,305.04,305.04,332623
MON100,2026-05-06,307.82,307.82,307.82,307.82,950488
MON100,2026-05-07,307.82,312.5,312.5,298.59,247441
MON100,2026-05-08,316.77,316.77,316.77,314.43,1264135
MON100,2026-05-11,315.16,315.16,315.16,315.16,407502
MON100,2026-05-12,323.37,323.37,323.37,323.37,533551
MON100,2026-05-13,327.16,327.16,327.16,320.0,1400312
MON100,2026-05-14,325.39,325.39,325.39,325.39,454937
MON100,2026-05-15,329.04,329.04,329.04,329.04,232391
MON100,2026-05-18,331.62,331.62,331.62,322.0,1445568
MON100,2026-05-19,326.82,327.27,327.27,326.82,300004
MON100,2026-05-20,327.09,327.09,327.09,327.09,740068
MON100,2026-05-21,325.74,325.74,325.74,325.74,368534
MON100,2026-05-22,332.13,332.13,332.13,332.05,747968
MON100,2026-05-25,330.7,330.7,330.7,330.7,161912
MON100,2026-05-26,330.34,330.34,330.34,330.34,1397307
MON100,2026-05-27,328.74,328.74,328.74,328.74,480322
MON100,2026-05-28,328.74,328.74,328.74,328.74,0
MON100,2026-05-29,335.82,336.1,336.1,333.5,512620
MON100,2026-06-01,335.83,335.83,335.83,335.83,228292
MON100,2026-06-02,337.4,337.4,337.4,337.4,292414
MON100,2026-06-03,339.36,339.36,339.36,339.36,704780
MON100,2026-06-04,341.98,341.98,341.98,330.87,608997
MON100,2026-06-05,342.55,342.55,342.55,342.01,1075827
MON100,2026-06-08,339.75,330.89,341.0,315.55,3628862
MON100,2026-06-09,321.98,321.98,321.98,321.98,465060
MON100,2026-06-10,329.67,324.4,329.67,323.66,1687625
MON100,2026-06-11,324.75,321.64,324.75,316.69,1132666
MON100,2026-06-12,318.03,318.03,318.03,318.03,575233
MON100,2026-06-15,330.19,330.19,330.19,330.19,506488
MON100,2026-06-16,330.07,330.07,330.07,330.07,234114
MON100,2026-06-17,338.7,333.31,338.7,333.02,1660908
MON100,2026-06-18,331.83,331.76,331.83,328.04,1198098
MON100,2026-06-19,328.41,328.41,328.41,328.41,201525
MON100,2026-06-22,332.32,335.94,335.94,332.32,254575
MON100,2026-06-23,332.58,333.5,335.89,332.58,1579121
MON100,2026-06-24,334.7,336.3,336.3,333.5,915832
MON100,2026-06-25,325.82,325.82,325.82,325.82,234856
MON100,2026-06-26,325.82,325.82,325.82,325.82,0
MON100,2026-06-29,324.22,324.22,324.22,324.22,462412
MON100,2026-06-30,325.72,325.72,325.72,325.72,97609
MON100,2026-07-01,329.91,329.91,329.91,329.91,135035
MON100,2026-07-02,335.9,335.9,335.9,335.01,1444814
MON100,2026-07-03,332.78,332.78,332.78,332.78,598561
MON100,2026-07-06,327.91,327.91,327.91,327.91,293841
MON100,2026-07-07,327.28,327.28,327.28,327.28,409068
MON100,2026-07-08,331.99,324.7,332.1,322.11,1525035
MON100,2026-07-09,324.85,324.85,324.85,324.85,330518
MON100,2026-07-10,327.73,327.73,327.73,327.73,354066
MON100,2026-07-13,332.37,332.37,332.37,332.37,388885
MON100,2026-07-14,333.24,333.24,333.24,332.37,1262927
MON100,2026-07-15,328.05,328.05,328.05,328.05,97520
MON100,2026-07-16,333.61,333.61,333.61,333.61,290236
MON100,2026-07-17,330.27,332.9,332.9,330.27,444480
MOTHERSON,2026-04-17,122.5,125.03,125.3,120.81,18007178
MOTHERSON,2026-04-20,125.4,123.19,125.4,122.38,12864248
MOTHERSON,2026-04-21,122.8,124.7,126.1,122.6,33674464
MOTHERSON,2026-04-22,124.72,131.76,132.99,124.72,42968413
MOTHERSON,2026-04-23,131.76,127.22,131.76,126.11,23191134
MOTHERSON,2026-04-24,128.07,125.7,129.1,125.33,11238446
MOTHERSON,2026-04-27,126.13,127.93,128.54,125.44,11628991
MOTHERSON,2026-04-28,128.0,125.22,128.8,124.82,15569483
MOTHERSON,2026-04-29,125.97,123.24,126.98,122.96,14894309
MOTHERSON,2026-04-30,123.24,121.21,123.25,119.12,17371847
MOTHERSON,2026-05-01,121.21,121.21,121.21,121.21,0
MOTHERSON,2026-05-04,121.99,120.21,123.43,119.59,9964145
MOTHERSON,2026-05-05,120.21,120.24,121.11,118.41,10287116
MOTHERSON,2026-05-06,121.81,127.41,128.0,121.51,22449919
MOTHERSON,2026-05-07,128.31,130.43,131.4,126.8,38333083
MOTHERSON,2026-05-08,130.99,132.03,132.76,130.52,17361170
MOTHERSON,2026-05-11,130.58,130.3,131.39,128.94,10995210
MOTHERSON,2026-05-12,130.0,124.26,130.66,123.55,20474526
MOTHERSON,2026-05-13,124.0,126.32,127.53,123.83,15031563
MOTHERSON,2026-05-14,127.0,126.11,128.0,125.24,8977945
MOTHERSON,2026-05-15,126.5,129.92,131.61,125.58,21324325
MOTHERSON,2026-05-18,128.95,128.75,129.09,125.15,19541162
MOTHERSON,2026-05-19,130.84,131.49,132.7,129.02,24014703
MOTHERSON,2026-05-20,130.25,132.17,136.0,129.51,56355040
MOTHERSON,2026-05-21,136.02,137.0,138.4,133.36,65674007
MOTHERSON,2026-05-22,137.3,136.18,139.01,134.3,34327232
MOTHERSON,2026-05-25,137.5,135.91,138.75,135.11,15957403
MOTHERSON,2026-05-26,136.49,135.82,137.65,134.85,13243802
MOTHERSON,2026-05-27,136.0,142.41,146.7,134.65,50082550
MOTHERSON,2026-05-28,142.41,142.41,142.41,142.41,0
MOTHERSON,2026-05-29,144.46,145.74,151.77,140.08,84670792
MOTHERSON,2026-06-01,146.01,141.77,146.8,141.13,38855400
MOTHERSON,2026-06-02,141.4,144.89,145.33,140.56,25070101
MOTHERSON,2026-06-03,144.68,145.61,146.25,141.75,19595325
MOTHERSON,2026-06-04,144.88,144.31,147.4,143.64,17953489
MOTHERSON,2026-06-05,144.65,143.56,146.15,143.0,13743288
MOTHERSON,2026-06-08,142.0,139.01,142.85,138.03,13205674
MOTHERSON,2026-06-09,141.7,144.06,144.4,140.5,19014375
MOTHERSON,2026-06-10,144.52,142.21,144.52,140.72,18703442
MOTHERSON,2026-06-11,141.1,140.74,141.4,139.27,15466606
MOTHERSON,2026-06-12,142.52,143.4,145.44,141.25,12743045
MOTHERSON,2026-06-15,146.1,148.12,149.9,146.1,21819103
MOTHERSON,2026-06-16,148.1,147.6,149.08,147.02,10550367
MOTHERSON,2026-06-17,147.51,145.1,147.59,142.63,20551699
MOTHERSON,2026-06-18,145.1,144.68,145.46,142.61,15847981
MOTHERSON,2026-06-19,144.5,145.54,146.05,143.02,20254043
MOTHERSON,2026-06-22,145.54,145.85,146.46,143.3,14978250
MOTHERSON,2026-06-23,145.85,143.61,146.14,141.76,15408718
MOTHERSON,2026-06-24,143.0,144.58,145.16,142.07,11314629
MOTHERSON,2026-06-25,145.03,151.71,155.25,144.02,74519440
MOTHERSON,2026-06-26,151.71,151.71,151.71,151.71,0
MOTHERSON,2026-06-29,151.71,150.56,154.0,147.72,74600161
MOTHERSON,2026-06-30,148.94,148.11,150.5,146.5,25616527
MOTHERSON,2026-07-01,148.25,147.51,149.0,146.48,21947631
MOTHERSON,2026-07-02,148.24,147.59,148.59,146.7,9629607
MOTHERSON,2026-07-03,148.9,146.3,149.73,146.02,10135151
MOTHERSON,2026-07-06,146.54,145.33,148.8,144.5,18610894
MOTHERSON,2026-07-07,145.35,143.37,145.67,136.71,42013051
MOTHERSON,2026-07-08,142.71,140.65,144.83,139.61,18406565
MOTHERSON,2026-07-09,140.21,142.8,144.15,140.0,10227076
MOTHERSON,2026-07-10,144.2,143.19,144.85,142.62,8178532
MOTHERSON,2026-07-13,142.05,144.06,144.75,141.06,14294629
MOTHERSON,2026-07-14,143.25,142.06,143.55,141.29,12934232
MOTHERSON,2026-07-15,142.91,142.11,144.35,141.62,14174935
MOTHERSON,2026-07-16,142.5,143.65,145.5,142.11,29245554
MOTHERSON,2026-07-17,143.01,144.17,145.84,143.01,14704640
MOTILALOFS,2026-04-17,785.0,815.45,819.0,782.8,2052561
MOTILALOFS,2026-04-20,816.0,807.95,829.0,801.0,2770437
MOTILALOFS,2026-04-21,811.75,821.2,835.5,809.35,1021878
MOTILALOFS,2026-04-22,819.5,811.2,827.35,807.65,1002068
MOTILALOFS,2026-04-23,806.95,790.85,809.4,785.75,1132645
MOTILALOFS,2026-04-24,795.95,781.05,800.45,774.2,687921
MOTILALOFS,2026-04-27,787.75,793.85,798.45,783.85,596835
MOTILALOFS,2026-04-28,793.85,782.7,805.3,777.0,1415834
MOTILALOFS,2026-04-29,786.6,784.95,793.8,777.15,1925107
MOTILALOFS,2026-04-30,770.05,800.25,815.0,770.05,4513372
MOTILALOFS,2026-05-01,800.25,800.25,800.25,800.25,0
MOTILALOFS,2026-05-04,821.35,836.6,840.45,808.95,2901974
MOTILALOFS,2026-05-05,836.6,843.7,847.4,829.05,1271582
MOTILALOFS,2026-05-06,851.0,881.7,900.0,850.05,2370814
MOTILALOFS,2026-05-07,886.2,891.3,902.5,877.8,1227982
MOTILALOFS,2026-05-08,891.3,882.0,902.0,880.0,1401493
MOTILALOFS,2026-05-11,877.1,860.7,877.1,857.15,873695
MOTILALOFS,2026-05-12,855.0,841.7,872.8,838.95,1664312
MOTILALOFS,2026-05-13,835.0,843.9,860.4,835.0,621023
MOTILALOFS,2026-05-14,847.95,852.2,859.6,831.1,667414
MOTILALOFS,2026-05-15,853.0,843.3,861.65,841.0,562987
MOTILALOFS,2026-05-18,831.0,834.3,839.9,821.1,536444
MOTILALOFS,2026-05-19,834.5,850.95,858.0,834.5,567565
MOTILALOFS,2026-05-20,843.0,846.45,850.0,836.05,455072
MOTILALOFS,2026-05-21,852.95,843.2,865.35,835.85,900029
MOTILALOFS,2026-05-22,845.0,849.45,851.75,837.0,565809
MOTILALOFS,2026-05-25,857.95,870.3,873.6,851.0,768532
MOTILALOFS,2026-05-26,871.95,870.55,894.0,864.2,1411325
MOTILALOFS,2026-05-27,873.95,894.1,909.0,872.8,1740516
MOTILALOFS,2026-05-28,894.1,894.1,894.1,894.1,0
MOTILALOFS,2026-05-29,901.0,879.5,903.3,875.5,696554
MOTILALOFS,2026-06-01,884.0,851.7,889.0,848.1,940608
MOTILALOFS,2026-06-02,841.0,865.95,872.0,841.0,904092
MOTILALOFS,2026-06-03,868.8,855.55,869.8,838.4,566985
MOTILALOFS,2026-06-04,855.0,861.2,866.8,850.1,493417
MOTILALOFS,2026-06-05,865.0,855.35,874.0,847.0,583710
MOTILALOFS,2026-06-08,847.5,821.15,850.9,812.25,829029
MOTILALOFS,2026-06-09,826.15,864.3,868.8,826.15,1784522
MOTILALOFS,2026-06-10,862.0,841.0,863.45,838.0,468100
MOTILALOFS,2026-06-11,843.8,831.6,843.8,829.0,379205
MOTILALOFS,2026-06-12,854.7,888.45,890.6,854.45,3169428
MOTILALOFS,2026-06-15,904.95,939.45,945.55,903.0,2438845
MOTILALOFS,2026-06-16,948.95,944.25,949.3,929.3,986688
MOTILALOFS,2026-06-17,946.55,942.85,960.0,940.0,1087078
MOTILALOFS,2026-06-18,942.9,948.15,961.7,942.9,938542
MOTILALOFS,2026-06-19,948.15,953.45,958.95,940.55,836211
MOTILALOFS,2026-06-22,953.5,948.8,961.9,939.2,639562
MOTILALOFS,2026-06-23,949.0,936.15,954.85,934.0,556685
MOTILALOFS,2026-06-24,936.15,935.15,945.2,928.1,488783
MOTILALOFS,2026-06-25,936.0,946.15,955.0,933.4,1203387
MOTILALOFS,2026-06-26,946.15,946.15,946.15,946.15,0
MOTILALOFS,2026-06-29,946.15,947.65,968.2,943.0,1101518
MOTILALOFS,2026-06-30,950.05,951.3,959.3,948.0,407951
MOTILALOFS,2026-07-01,952.5,955.95,963.5,942.5,603400
MOTILALOFS,2026-07-02,960.85,956.9,975.7,950.2,750906
MOTILALOFS,2026-07-03,961.0,968.35,981.45,956.0,877060
MOTILALOFS,2026-07-06,970.0,953.0,970.05,943.45,555619
MOTILALOFS,2026-07-07,956.55,950.95,960.0,935.75,524782
MOTILALOFS,2026-07-08,941.5,909.6,950.0,903.65,726204
MOTILALOFS,2026-07-09,910.9,942.5,948.7,910.9,1267540
MOTILALOFS,2026-07-10,950.05,979.35,982.95,950.05,1344271
MOTILALOFS,2026-07-13,968.0,982.85,989.5,963.75,835312
MOTILALOFS,2026-07-14,979.9,967.0,989.75,963.55,717834
MOTILALOFS,2026-07-15,970.6,967.45,983.0,962.55,471746
MOTILALOFS,2026-07-16,970.15,954.9,974.05,951.5,463045
MOTILALOFS,2026-07-17,959.0,967.1,974.8,950.6,474373
MRF,2026-04-17,138895.0,139855.0,140040.0,138235.0,4672
MRF,2026-04-20,139855.0,139225.0,140335.0,138515.0,4443
MRF,2026-04-21,139750.0,139665.0,140510.0,138125.0,3357
MRF,2026-04-22,139600.0,137040.0,140095.0,136165.0,7670
MRF,2026-04-23,136880.0,134615.0,136890.0,134205.0,5906
MRF,2026-04-24,134615.0,132145.0,135770.0,131740.0,5538
MRF,2026-04-27,132550.0,132205.0,133545.0,131800.0,6124
MRF,2026-04-28,132205.0,130120.0,132695.0,130000.0,8198
MRF,2026-04-29,131500.0,130425.0,134100.0,130150.0,10157
MRF,2026-04-30,130355.0,129710.0,131100.0,128750.0,7905
MRF,2026-05-01,129710.0,129710.0,129710.0,129710.0,0
MRF,2026-05-04,131000.0,129235.0,131895.0,128690.0,6536
MRF,2026-05-05,130095.0,128270.0,130095.0,128110.0,7949
MRF,2026-05-06,129540.0,130335.0,130750.0,128720.0,6785
MRF,2026-05-07,131495.0,129965.0,133950.0,129350.0,23649
MRF,2026-05-08,131745.0,130425.0,132000.0,130135.0,6385
MRF,2026-05-11,130330.0,128910.0,130500.0,128620.0,4534
MRF,2026-05-12,129000.0,126505.0,129565.0,126050.0,7750
MRF,2026-05-13,126535.0,126480.0,127500.0,124900.0,8533
MRF,2026-05-14,127000.0,126455.0,128320.0,126000.0,6978
MRF,2026-05-15,127030.0,128640.0,128910.0,126500.0,5420
MRF,2026-05-18,127500.0,129110.0,129365.0,126520.0,5290
MRF,2026-05-19,128550.0,126730.0,129500.0,126200.0,7011
MRF,2026-05-20,126700.0,127125.0,127790.0,125410.0,4993
MRF,2026-05-21,127660.0,126070.0,127990.0,125630.0,5263
MRF,2026-05-22,126790.0,126785.0,127330.0,125800.0,5408
MRF,2026-05-25,128220.0,128655.0,129390.0,127175.0,6716
MRF,2026-05-26,129000.0,127160.0,129200.0,127000.0,5582
MRF,2026-05-27,127700.0,127040.0,127760.0,126900.0,2911
MRF,2026-05-28,127040.0,127040.0,127040.0,127040.0,0
MRF,2026-05-29,127040.0,123420.0,127590.0,122000.0,17159
MRF,2026-06-01,125275.0,124425.0,125275.0,123800.0,5787
MRF,2026-06-02,123805.0,124695.0,125620.0,123430.0,4336
MRF,2026-06-03,124950.0,124790.0,125395.0,124075.0,3216
MRF,2026-06-04,124800.0,124715.0,125500.0,124300.0,3345
MRF,2026-06-05,125950.0,123505.0,125950.0,123350.0,7169
MRF,2026-06-08,123500.0,122820.0,123940.0,122205.0,4228
MRF,2026-06-09,123390.0,122750.0,123680.0,122595.0,4774
MRF,2026-06-10,123000.0,122595.0,123300.0,122140.0,4721
MRF,2026-06-11,122550.0,122935.0,123500.0,122050.0,4096
MRF,2026-06-12,123590.0,125515.0,125700.0,123540.0,4679
MRF,2026-06-15,127005.0,128540.0,131795.0,127005.0,17752
MRF,2026-06-16,129500.0,128470.0,129930.0,127800.0,6791
MRF,2026-06-17,128940.0,129245.0,129590.0,128205.0,6926
MRF,2026-06-18,129250.0,130085.0,131000.0,128905.0,4351
MRF,2026-06-19,130310.0,128645.0,130485.0,128380.0,6602
MRF,2026-06-22,128645.0,131560.0,132040.0,128645.0,11184
MRF,2026-06-23,131560.0,131350.0,132885.0,131000.0,7614
MRF,2026-06-24,131350.0,130120.0,131750.0,129800.0,5739
MRF,2026-06-25,130990.0,129550.0,131795.0,129205.0,4800
MRF,2026-06-26,129550.0,129550.0,129550.0,129550.0,0
MRF,2026-06-29,129900.0,124050.0,130200.0,123605.0,17404
MRF,2026-06-30,125065.0,127820.0,128100.0,124455.0,12076
MRF,2026-07-01,128090.0,129430.0,130600.0,127480.0,8684
MRF,2026-07-02,129750.0,132065.0,132220.0,129750.0,9911
MRF,2026-07-03,132665.0,134655.0,136490.0,132665.0,15955
MRF,2026-07-06,135200.0,135640.0,136680.0,133315.0,7800
MRF,2026-07-07,135900.0,138650.0,138990.0,135640.0,14263
MRF,2026-07-08,137195.0,132940.0,137420.0,132600.0,8320
MRF,2026-07-09,132940.0,133870.0,134390.0,132940.0,4494
MRF,2026-07-10,134505.0,134425.0,135250.0,134000.0,3613
MRF,2026-07-13,133000.0,131285.0,133000.0,131000.0,5948
MRF,2026-07-14,131280.0,131025.0,131630.0,130115.0,6575
MRF,2026-07-15,131420.0,131675.0,133250.0,131140.0,6685
MRF,2026-07-16,132330.0,131430.0,133180.0,131065.0,3659
MRF,2026-07-17,131195.0,130695.0,131285.0,129550.0,9004
MSTCLTD,2026-04-17,480.0,471.6,493.0,468.5,589358
MSTCLTD,2026-04-20,471.65,456.2,471.8,453.65,286767
MSTCLTD,2026-04-21,458.5,458.7,463.2,457.1,112944
MSTCLTD,2026-04-22,462.0,452.2,465.0,450.5,214749
MSTCLTD,2026-04-23,452.5,442.3,453.0,438.9,285105
MSTCLTD,2026-04-24,444.65,433.4,445.4,430.1,173601
MSTCLTD,2026-04-27,436.8,447.15,452.5,436.8,153019
MSTCLTD,2026-04-28,448.0,443.8,456.0,441.4,136292
MSTCLTD,2026-04-29,443.0,436.55,450.9,435.55,159402
MSTCLTD,2026-04-30,436.45,433.15,437.75,426.65,132701
MSTCLTD,2026-05-01,433.15,433.15,433.15,433.15,0
MSTCLTD,2026-05-04,438.0,442.8,446.4,436.3,200930
MSTCLTD,2026-05-05,442.85,439.95,448.6,438.35,165416
MSTCLTD,2026-05-06,445.7,446.05,449.0,438.5,173437
MSTCLTD,2026-05-07,446.3,454.65,459.45,446.3,316950
MSTCLTD,2026-05-08,454.7,455.9,464.0,454.0,242564
MSTCLTD,2026-05-11,454.0,438.75,454.0,436.6,180318
MSTCLTD,2026-05-12,435.05,425.3,440.95,423.0,147545
MSTCLTD,2026-05-13,426.9,431.2,436.25,422.45,126027
MSTCLTD,2026-05-14,434.65,426.55,436.65,420.1,113094
MSTCLTD,2026-05-15,430.0,422.25,430.15,421.1,83275
MSTCLTD,2026-05-18,421.95,417.2,421.95,411.0,96792
MSTCLTD,2026-05-19,418.6,422.8,427.2,418.35,81662
MSTCLTD,2026-05-20,422.8,419.1,422.8,415.0,65965
MSTCLTD,2026-05-21,423.3,426.25,430.45,421.5,82559
MSTCLTD,2026-05-22,425.05,426.25,430.95,422.0,63905
MSTCLTD,2026-05-25,427.5,430.05,435.25,427.5,73162
MSTCLTD,2026-05-26,430.05,436.1,440.8,430.0,123657
MSTCLTD,2026-05-27,435.9,438.6,442.65,433.5,114285
MSTCLTD,2026-05-28,438.6,438.6,438.6,438.6,0
MSTCLTD,2026-05-29,438.6,440.5,447.8,436.0,188416
MSTCLTD,2026-06-01,474.0,444.3,474.0,442.0,834544
MSTCLTD,2026-06-02,445.0,451.3,456.6,442.0,182089
MSTCLTD,2026-06-03,451.55,446.45,454.15,442.0,164283
MSTCLTD,2026-06-04,449.9,531.85,535.7,448.0,13124225
MSTCLTD,2026-06-05,529.0,512.35,534.5,506.95,3416610
MSTCLTD,2026-06-08,503.0,490.15,514.85,486.4,517022
MSTCLTD,2026-06-09,499.8,544.95,572.0,491.1,9233742
MSTCLTD,2026-06-10,538.8,555.75,568.0,532.2,3952050
MSTCLTD,2026-06-11,552.0,560.75,576.8,543.05,2177930
MSTCLTD,2026-06-12,568.0,568.55,574.0,560.0,919737
MSTCLTD,2026-06-15,584.9,629.75,666.0,580.15,6949889
MSTCLTD,2026-06-16,635.0,708.8,724.4,632.85,14270587
MSTCLTD,2026-06-17,698.0,687.8,719.4,676.75,5182987
MSTCLTD,2026-06-18,687.8,687.6,715.0,680.65,1885483
MSTCLTD,2026-06-19,685.95,692.75,697.05,673.0,750201
MSTCLTD,2026-06-22,692.75,690.25,696.95,680.5,465329
MSTCLTD,2026-06-23,693.0,658.55,693.0,655.5,599103
MSTCLTD,2026-06-24,658.7,670.55,685.95,658.7,966812
MSTCLTD,2026-06-25,675.0,647.4,675.05,637.0,512891
MSTCLTD,2026-06-26,647.4,647.4,647.4,647.4,0
MSTCLTD,2026-06-29,651.0,690.85,699.95,627.5,2050451
MSTCLTD,2026-06-30,698.0,709.4,726.7,697.75,1950531
MSTCLTD,2026-07-01,706.9,715.8,724.4,701.0,734603
MSTCLTD,2026-07-02,714.0,695.15,732.0,690.3,821267
MSTCLTD,2026-07-03,696.15,715.7,721.0,684.0,906836
MSTCLTD,2026-07-06,726.0,726.85,743.9,715.8,1548339
MSTCLTD,2026-07-07,731.0,681.25,731.35,672.1,833878
MSTCLTD,2026-07-08,672.0,655.75,689.45,646.55,792156
MSTCLTD,2026-07-09,656.0,676.3,680.0,655.3,433729
MSTCLTD,2026-07-10,680.0,670.65,694.95,667.15,393566
MSTCLTD,2026-07-13,670.0,656.65,670.05,651.0,375148
MSTCLTD,2026-07-14,654.5,653.0,666.0,641.1,301448
MSTCLTD,2026-07-15,660.0,654.75,688.8,650.0,450522
MSTCLTD,2026-07-16,660.9,631.85,665.95,621.2,330784
MSTCLTD,2026-07-17,639.8,594.55,639.8,591.3,643497
MTARTECH,2026-04-17,4816.0,4857.8,4950.0,4770.1,619018
MTARTECH,2026-04-20,4857.0,4942.0,5042.0,4825.0,504996
MTARTECH,2026-04-21,4962.7,5071.1,5165.9,4951.3,535381
MTARTECH,2026-04-22,5088.0,5279.6,5350.0,5086.0,515258
MTARTECH,2026-04-23,5278.9,5347.5,5410.0,5251.1,513916
MTARTECH,2026-04-24,5360.1,5139.2,5445.0,5100.1,625715
MTARTECH,2026-04-27,5168.5,5303.0,5345.0,5125.0,335253
MTARTECH,2026-04-28,5326.0,5292.1,5490.0,5245.8,460507
MTARTECH,2026-04-29,5340.0,5656.5,5749.0,5310.9,823601
MTARTECH,2026-04-30,5700.1,6457.1,6750.0,5700.0,3512651
MTARTECH,2026-05-01,6457.1,6457.1,6457.1,6457.1,0
MTARTECH,2026-05-04,6700.0,6127.5,6787.0,6055.5,1448378
MTARTECH,2026-05-05,6147.0,6266.0,6369.5,6135.0,599154
MTARTECH,2026-05-06,6300.0,6286.5,6364.0,6165.0,345258
MTARTECH,2026-05-07,6311.0,6677.0,6750.0,6300.0,1254522
MTARTECH,2026-05-08,6686.0,6470.0,6759.5,6411.0,602991
MTARTECH,2026-05-11,6480.0,6520.0,6598.0,6149.0,777427
MTARTECH,2026-05-12,6549.5,6248.5,6622.5,6200.0,679655
MTARTECH,2026-05-13,6200.0,6763.5,6969.0,6030.5,4519966
MTARTECH,2026-05-14,7202.0,7588.0,7730.0,7027.5,4682294
MTARTECH,2026-05-15,7571.5,7234.0,7585.5,7120.0,1808210
MTARTECH,2026-05-18,7200.0,7110.5,7331.0,6686.0,2359065
MTARTECH,2026-05-19,7133.0,6810.0,7217.5,6735.0,1187604
MTARTECH,2026-05-20,6769.5,7457.0,7520.0,6700.0,3004369
MTARTECH,2026-05-21,7531.0,7947.5,8025.0,7370.0,4822435
MTARTECH,2026-05-22,8020.0,8075.5,8449.5,7900.0,3912349
MTARTECH,2026-05-25,8172.0,7951.0,8230.0,7812.0,2766059
MTARTECH,2026-05-26,8000.0,7878.0,8085.0,7810.0,1132344
MTARTECH,2026-05-27,7878.5,7889.5,7968.0,7761.0,964951
MTARTECH,2026-05-28,7889.5,7889.5,7889.5,7889.5,0
MTARTECH,2026-05-29,7900.0,7879.5,8145.0,7620.0,1528301
MTARTECH,2026-06-01,7890.0,7069.5,7924.0,6813.0,2058122
MTARTECH,2026-06-02,7145.0,7216.0,7300.0,6951.5,1975339
MTARTECH,2026-06-03,7360.5,7468.0,7612.5,7311.5,1337901
MTARTECH,2026-06-04,7503.5,7755.5,7804.0,7407.0,1275473
MTARTECH,2026-06-05,7795.0,7535.5,7848.5,7420.0,1254939
MTARTECH,2026-06-08,7100.0,7052.0,7270.0,6926.0,1148522
MTARTECH,2026-06-09,7173.5,7458.0,7499.0,7003.0,1560178
MTARTECH,2026-06-10,7484.0,7106.5,7536.5,7053.0,1215492
MTARTECH,2026-06-11,7100.0,6306.0,7154.0,6180.0,4669917
MTARTECH,2026-06-12,6666.5,7159.5,7250.0,6625.0,4307470
MTARTECH,2026-06-15,7289.0,7344.0,7560.0,7010.0,3122608
MTARTECH,2026-06-16,7360.0,7698.5,7779.0,7285.5,3188367
MTARTECH,2026-06-17,7698.5,8319.0,8398.0,7651.5,4240038
MTARTECH,2026-06-18,8370.5,8305.5,8575.0,8201.0,3376004
MTARTECH,2026-06-19,8525.0,8374.5,8714.0,8260.0,2734902
MTARTECH,2026-06-22,8396.0,8294.5,8480.0,8148.0,1395396
MTARTECH,2026-06-23,8328.0,8122.0,8427.0,8030.0,706843
MTARTECH,2026-06-24,8122.0,7777.0,8297.5,7732.0,1214098
MTARTECH,2026-06-25,7820.0,7976.5,8073.5,7820.0,154965
MTARTECH,2026-06-26,7976.5,7976.5,7976.5,7976.5,0
MTARTECH,2026-06-29,7621.0,7578.0,7700.0,7578.0,83637
MTARTECH,2026-06-30,7199.5,7620.5,7840.0,7199.5,341231
MTARTECH,2026-07-01,7769.0,7790.0,7948.0,7697.0,167822
MTARTECH,2026-07-02,7770.0,7400.5,7770.0,7400.5,189037
MTARTECH,2026-07-03,7090.0,7033.5,7326.0,7030.5,246277
MTARTECH,2026-07-06,6975.0,7047.0,7225.0,6707.5,135679
MTARTECH,2026-07-07,7155.0,7006.5,7175.5,6858.0,140731
MTARTECH,2026-07-08,6950.0,6826.5,7176.5,6750.5,246822
MTARTECH,2026-07-09,6850.0,6938.5,7125.0,6831.5,122817
MTARTECH,2026-07-10,7019.0,7101.0,7160.0,6860.0,149328
MTARTECH,2026-07-13,7025.0,6746.0,7025.0,6746.0,120098
MTARTECH,2026-07-14,6409.0,6409.0,6409.0,6409.0,115905
MTARTECH,2026-07-15,6330.0,6698.5,6729.0,6330.0,159683
MTARTECH,2026-07-16,6485.0,6364.0,6590.0,6364.0,108240
MTARTECH,2026-07-17,6046.0,6046.0,6046.0,6046.0,94668
MUTHOOTFIN,2026-04-17,3580.0,3571.3,3592.8,3498.0,612062
MUTHOOTFIN,2026-04-20,3560.7,3531.2,3588.0,3508.4,428767
MUTHOOTFIN,2026-04-21,3528.0,3610.2,3641.9,3528.0,522743
MUTHOOTFIN,2026-04-22,3610.2,3586.9,3646.0,3571.5,826036
MUTHOOTFIN,2026-04-23,3579.0,3561.4,3609.0,3544.0,338452
MUTHOOTFIN,2026-04-24,3589.5,3493.5,3589.5,3443.3,542362
MUTHOOTFIN,2026-04-27,3501.4,3493.8,3542.0,3480.7,492086
MUTHOOTFIN,2026-04-28,3500.0,3496.0,3529.0,3475.0,333653
MUTHOOTFIN,2026-04-29,3500.0,3461.1,3536.4,3450.3,382641
MUTHOOTFIN,2026-04-30,3450.0,3424.2,3459.2,3385.1,425747
MUTHOOTFIN,2026-05-01,3424.2,3424.2,3424.2,3424.2,0
MUTHOOTFIN,2026-05-04,3424.2,3487.7,3515.0,3410.8,395692
MUTHOOTFIN,2026-05-05,3490.0,3446.4,3499.9,3391.1,436391
MUTHOOTFIN,2026-05-06,3480.0,3533.6,3568.3,3456.3,745380
MUTHOOTFIN,2026-05-07,3537.9,3584.3,3614.4,3533.6,672712
MUTHOOTFIN,2026-05-08,3594.0,3528.9,3594.0,3514.1,750383
MUTHOOTFIN,2026-05-11,3481.5,3438.2,3493.9,3405.0,513064
MUTHOOTFIN,2026-05-12,3435.0,3353.4,3450.0,3339.3,597136
MUTHOOTFIN,2026-05-13,3421.8,3506.4,3533.1,3383.7,1385569
MUTHOOTFIN,2026-05-14,3534.0,3531.1,3587.0,3497.1,603907
MUTHOOTFIN,2026-05-15,3523.9,3311.4,3523.9,3239.0,5094743
MUTHOOTFIN,2026-05-18,3278.3,3290.9,3319.9,3240.9,811874
MUTHOOTFIN,2026-05-19,3297.5,3303.6,3323.4,3253.5,908258
MUTHOOTFIN,2026-05-20,3260.0,3309.3,3317.0,3236.0,1017971
MUTHOOTFIN,2026-05-21,3331.0,3272.7,3348.2,3267.0,512509
MUTHOOTFIN,2026-05-22,3278.8,3296.7,3307.7,3251.0,367680
MUTHOOTFIN,2026-05-25,3321.1,3354.4,3375.9,3316.7,578727
MUTHOOTFIN,2026-05-26,3345.4,3331.5,3356.5,3325.0,176984
MUTHOOTFIN,2026-05-27,3334.9,3306.9,3360.0,3301.2,168567
MUTHOOTFIN,2026-05-28,3306.9,3306.9,3306.9,3306.9,0
MUTHOOTFIN,2026-05-29,3307.0,3342.9,3388.9,3243.0,1954693
MUTHOOTFIN,2026-06-01,3330.0,3246.4,3334.0,3224.1,508201
MUTHOOTFIN,2026-06-02,3205.0,3262.1,3268.6,3179.3,901489
MUTHOOTFIN,2026-06-03,3262.1,3218.3,3266.8,3148.5,515696
MUTHOOTFIN,2026-06-04,3224.0,3169.7,3224.0,3157.0,439987
MUTHOOTFIN,2026-06-05,3180.0,3153.1,3225.0,3126.1,553284
MUTHOOTFIN,2026-06-08,3081.8,2964.7,3113.9,2951.0,1025581
MUTHOOTFIN,2026-06-09,2971.0,2991.1,3008.0,2941.3,699009
MUTHOOTFIN,2026-06-10,2959.9,2898.8,2960.0,2870.0,1359025
MUTHOOTFIN,2026-06-11,2846.0,2890.0,2917.9,2822.6,932660
MUTHOOTFIN,2026-06-12,2955.0,3042.2,3051.7,2951.2,733004
MUTHOOTFIN,2026-06-15,3129.0,3160.1,3214.0,3129.0,903623
MUTHOOTFIN,2026-06-16,3165.0,3166.9,3194.0,3153.3,405109
MUTHOOTFIN,2026-06-17,3157.5,3190.6,3201.2,3133.3,378452
MUTHOOTFIN,2026-06-18,3188.1,3182.4,3193.5,3136.2,741832
MUTHOOTFIN,2026-06-19,3126.0,3126.1,3137.1,3079.8,1096624
MUTHOOTFIN,2026-06-22,3169.0,3216.0,3227.0,3136.1,681323
MUTHOOTFIN,2026-06-23,3189.9,3119.6,3189.9,3085.0,728095
MUTHOOTFIN,2026-06-24,3075.0,3129.9,3139.8,3051.1,592980
MUTHOOTFIN,2026-06-25,3118.1,3025.6,3125.0,3018.2,1615791
MUTHOOTFIN,2026-06-26,3025.6,3025.6,3025.6,3025.6,0
MUTHOOTFIN,2026-06-29,3026.0,3021.2,3050.0,2968.5,4360814
MUTHOOTFIN,2026-06-30,3015.2,2997.3,3028.6,2977.6,674294
MUTHOOTFIN,2026-07-01,2988.4,2914.9,3004.1,2902.3,828921
MUTHOOTFIN,2026-07-02,2935.0,2949.7,3001.0,2933.0,1212466
MUTHOOTFIN,2026-07-03,3016.6,3054.9,3103.9,3005.0,2030980
MUTHOOTFIN,2026-07-06,3062.1,3137.6,3148.0,3062.1,1760143
MUTHOOTFIN,2026-07-07,3137.6,3124.5,3151.0,3081.7,842062
MUTHOOTFIN,2026-07-08,3080.0,3083.3,3169.0,3059.6,1260468
MUTHOOTFIN,2026-07-09,3070.1,3057.4,3114.1,3032.7,945580
MUTHOOTFIN,2026-07-10,3096.0,3129.4,3147.8,3091.0,737063
MUTHOOTFIN,2026-07-13,3070.0,3058.5,3114.9,3047.6,1101513
MUTHOOTFIN,2026-07-14,3036.1,3016.4,3036.1,2976.3,691484
MUTHOOTFIN,2026-07-15,3039.0,3016.2,3070.0,2984.2,962072
MUTHOOTFIN,2026-07-16,3016.2,2996.1,3020.0,2990.0,341497
MUTHOOTFIN,2026-07-17,2995.1,2989.5,2997.9,2936.1,551166
NACLIND,2026-04-17,178.0,175.07,179.0,173.05,240199
NACLIND,2026-04-20,176.99,166.91,177.99,165.0,292290
NACLIND,2026-04-21,167.01,168.77,176.94,163.71,1204870
NACLIND,2026-04-22,168.7,167.82,170.86,166.73,228754
NACLIND,2026-04-23,167.41,161.25,168.71,160.1,217957
NACLIND,2026-04-24,161.44,154.2,163.74,150.92,393301
NACLIND,2026-04-27,159.78,156.53,160.0,155.08,187903
NACLIND,2026-04-28,158.0,156.92,162.9,156.47,148479
NACLIND,2026-04-29,157.2,159.41,164.9,157.2,165238
NACLIND,2026-04-30,159.41,161.32,164.49,157.0,214701
NACLIND,2026-05-01,161.32,161.32,161.32,161.32,0
NACLIND,2026-05-04,162.09,160.22,174.0,158.0,978708
NACLIND,2026-05-05,162.69,167.29,176.24,161.03,2487626
NACLIND,2026-05-06,173.15,172.6,175.3,167.29,632863
NACLIND,2026-05-07,173.95,180.43,189.86,170.0,2929068
NACLIND,2026-05-08,184.7,177.41,184.7,176.61,471671
NACLIND,2026-05-11,178.0,171.39,179.39,170.0,289028
NACLIND,2026-05-12,171.0,165.31,175.0,163.61,479905
NACLIND,2026-05-13,167.3,166.48,170.98,164.31,239919
NACLIND,2026-05-14,166.5,165.2,169.26,162.51,257789
NACLIND,2026-05-15,162.56,161.58,165.8,160.2,199043
NACLIND,2026-05-18,160.0,161.11,163.38,155.2,329513
NACLIND,2026-05-19,161.11,162.43,165.37,159.63,193923
NACLIND,2026-05-20,161.95,161.71,164.54,159.61,164422
NACLIND,2026-05-21,164.39,164.0,167.79,162.74,162611
NACLIND,2026-05-22,164.0,158.12,165.64,156.42,448643
NACLIND,2026-05-25,159.11,157.2,161.4,154.69,316847
NACLIND,2026-05-26,157.09,163.42,165.5,157.09,332854
NACLIND,2026-05-27,164.1,161.43,166.8,159.8,242533
NACLIND,2026-05-28,161.43,161.43,161.43,161.43,0
NACLIND,2026-05-29,163.21,157.65,163.21,156.15,161843
NACLIND,2026-06-01,157.65,157.76,161.4,154.1,231268
NACLIND,2026-06-02,157.0,157.37,161.49,155.1,129181
NACLIND,2026-06-03,160.0,152.55,160.0,150.0,286630
NACLIND,2026-06-04,152.5,152.53,159.0,150.5,195321
NACLIND,2026-06-05,154.7,161.18,169.49,154.7,1019606
NACLIND,2026-06-08,160.98,169.36,176.5,158.13,2066635
NACLIND,2026-06-09,174.49,171.42,176.55,169.21,535911
NACLIND,2026-06-10,172.97,164.99,175.97,163.52,344274
NACLIND,2026-06-11,164.0,159.36,164.9,158.52,225327
NACLIND,2026-06-12,160.25,164.76,167.1,160.25,325774
NACLIND,2026-06-15,165.01,164.81,171.6,164.05,483895
NACLIND,2026-06-16,165.1,172.16,173.71,165.1,614416
NACLIND,2026-06-17,172.17,170.63,176.45,170.0,385470
NACLIND,2026-06-18,171.5,167.65,172.07,166.74,910279
NACLIND,2026-06-19,168.58,193.8,195.8,167.84,8783924
NACLIND,2026-06-22,198.0,215.83,220.9,195.37,11613855
NACLIND,2026-06-23,210.83,205.72,219.0,202.02,3301487
NACLIND,2026-06-24,209.0,199.39,212.22,193.11,2179556
NACLIND,2026-06-25,200.0,205.0,212.96,197.0,1941093
NACLIND,2026-06-26,205.0,205.0,205.0,205.0,0
NACLIND,2026-06-29,207.8,202.13,207.8,196.05,825678
NACLIND,2026-06-30,205.0,220.76,238.7,201.04,16908689
NACLIND,2026-07-01,222.1,222.39,235.58,218.25,5320284
NACLIND,2026-07-02,221.51,214.72,221.51,211.99,1096542
NACLIND,2026-07-03,217.8,218.4,224.47,213.6,1920501
NACLIND,2026-07-06,220.52,223.62,227.9,214.45,1768110
NACLIND,2026-07-07,225.4,220.03,226.44,216.22,611769
NACLIND,2026-07-08,217.3,221.73,237.69,212.99,6334249
NACLIND,2026-07-09,223.73,225.85,235.6,221.61,2297238
NACLIND,2026-07-10,227.5,234.56,237.59,222.41,2308573
NACLIND,2026-07-13,238.4,243.02,245.0,235.5,2603406
NACLIND,2026-07-14,241.54,215.63,241.54,204.0,3894769
NACLIND,2026-07-15,223.0,222.96,226.22,216.41,1716627
NACLIND,2026-07-16,223.0,216.83,223.0,214.37,815709
NACLIND,2026-07-17,214.0,213.45,216.74,210.0,565062
NAUKRI,2026-04-17,1050.9,1054.55,1057.5,1040.15,1032427
NAUKRI,2026-04-20,1054.55,1067.9,1080.7,1048.2,1203100
NAUKRI,2026-04-21,1071.0,1077.7,1080.9,1065.25,619652
NAUKRI,2026-04-22,1066.0,1052.7,1077.6,1044.1,2100144
NAUKRI,2026-04-23,1041.7,1018.05,1044.95,1014.3,2088219
NAUKRI,2026-04-24,1015.0,984.95,1016.3,979.35,2114591
NAUKRI,2026-04-27,991.2,1000.9,1023.5,990.95,1333360
NAUKRI,2026-04-28,1000.6,1004.6,1014.75,991.45,1477347
NAUKRI,2026-04-29,1011.8,991.65,1021.05,986.3,2058896
NAUKRI,2026-04-30,991.65,972.85,995.0,968.25,1347139
NAUKRI,2026-05-01,972.85,972.85,972.85,972.85,0
NAUKRI,2026-05-04,976.15,976.65,991.25,967.65,724113
NAUKRI,2026-05-05,977.0,963.95,988.6,959.0,987377
NAUKRI,2026-05-06,970.05,981.4,989.0,962.25,1896598
NAUKRI,2026-05-07,988.05,981.85,996.0,968.7,1114882
NAUKRI,2026-05-08,981.85,978.35,988.8,973.3,1597738
NAUKRI,2026-05-11,978.35,961.2,980.95,956.95,1864026
NAUKRI,2026-05-12,958.3,930.9,958.3,928.6,1803634
NAUKRI,2026-05-13,930.9,927.85,940.9,920.2,2370054
NAUKRI,2026-05-14,926.05,937.75,951.8,921.5,1119252
NAUKRI,2026-05-15,938.0,928.1,954.9,925.55,1577568
NAUKRI,2026-05-18,922.5,925.95,934.1,914.8,3644001
NAUKRI,2026-05-19,926.0,933.65,959.45,926.0,1411851
NAUKRI,2026-05-20,926.0,942.25,954.0,918.6,1512310
NAUKRI,2026-05-21,941.0,926.25,951.3,921.5,2267419
NAUKRI,2026-05-22,932.0,960.95,985.0,920.1,9364081
NAUKRI,2026-05-25,964.45,938.5,969.35,908.3,9279351
NAUKRI,2026-05-26,938.5,980.7,987.0,937.1,4782697
NAUKRI,2026-05-27,987.05,1005.65,1014.3,979.25,2690729
NAUKRI,2026-05-28,1005.65,1005.65,1005.65,1005.65,0
NAUKRI,2026-05-29,1027.9,995.0,1047.8,982.5,8551128
NAUKRI,2026-06-01,1005.0,1004.05,1018.1,996.85,1885527
NAUKRI,2026-06-02,995.0,1015.7,1020.6,980.5,2238097
NAUKRI,2026-06-03,1010.1,1006.05,1020.0,989.4,2369632
NAUKRI,2026-06-04,995.0,1008.85,1022.35,992.35,934260
NAUKRI,2026-06-05,1018.9,988.45,1019.9,985.35,1456438
NAUKRI,2026-06-08,977.25,999.2,1008.15,972.25,1328261
NAUKRI,2026-06-09,1011.85,982.6,1011.85,972.4,915803
NAUKRI,2026-06-10,982.6,971.25,986.95,965.0,1186017
NAUKRI,2026-06-11,960.5,963.8,970.9,949.05,878016
NAUKRI,2026-06-12,970.0,972.2,983.9,962.0,1035001
NAUKRI,2026-06-15,989.9,982.45,1001.4,977.1,1077227
NAUKRI,2026-06-16,988.0,997.65,1003.95,985.35,1165372
NAUKRI,2026-06-17,1016.0,1017.05,1027.0,1003.25,1499058
NAUKRI,2026-06-18,1029.0,1006.8,1029.0,994.1,1289480
NAUKRI,2026-06-19,987.85,984.25,988.5,955.0,2539070
NAUKRI,2026-06-22,985.0,984.55,999.6,981.4,1305758
NAUKRI,2026-06-23,1010.0,1011.6,1024.8,993.0,4328910
NAUKRI,2026-06-24,1015.15,1009.8,1023.5,995.4,2053511
NAUKRI,2026-06-25,1019.5,978.85,1019.9,976.3,4379956
NAUKRI,2026-06-26,978.85,978.85,978.85,978.85,0
NAUKRI,2026-06-29,988.75,986.8,997.5,983.45,1396899
NAUKRI,2026-06-30,993.5,978.0,995.95,970.0,1437793
NAUKRI,2026-07-01,975.0,993.55,998.5,974.6,1002221
NAUKRI,2026-07-02,996.95,1026.15,1044.0,996.95,2206568
NAUKRI,2026-07-03,1038.0,1034.65,1055.1,1027.25,2016558
NAUKRI,2026-07-06,1034.65,1025.15,1035.25,1012.8,1226901
NAUKRI,2026-07-07,1032.0,1159.45,1167.15,1029.0,16707549
NAUKRI,2026-07-08,1172.0,1179.0,1217.8,1172.0,10975945
NAUKRI,2026-07-09,1173.05,1201.85,1217.75,1168.35,4748967
NAUKRI,2026-07-10,1215.0,1204.05,1229.1,1201.1,2000844
NAUKRI,2026-07-13,1191.0,1191.05,1206.75,1180.3,1659497
NAUKRI,2026-07-14,1190.7,1187.95,1199.85,1175.75,712150
NAUKRI,2026-07-15,1187.5,1185.95,1205.9,1175.0,1057048
NAUKRI,2026-07-16,1191.75,1207.0,1210.8,1184.2,1096469
NAUKRI,2026-07-17,1213.3,1187.25,1220.5,1182.05,1669004
NAVINFLUOR,2026-04-17,6287.0,6284.0,6340.0,6258.5,90729
NAVINFLUOR,2026-04-20,6296.0,6471.5,6500.0,6221.0,243155
NAVINFLUOR,2026-04-21,6520.0,6373.5,6600.0,6350.0,218722
NAVINFLUOR,2026-04-22,6365.0,6267.0,6450.0,6250.0,155888
NAVINFLUOR,2026-04-23,6280.0,6280.5,6389.5,6250.5,99339
NAVINFLUOR,2026-04-24,6309.0,6452.0,6515.0,6262.0,466995
NAVINFLUOR,2026-04-27,6520.0,6578.5,6620.0,6437.5,418471
NAVINFLUOR,2026-04-28,6590.0,6627.0,6675.0,6567.5,247608
NAVINFLUOR,2026-04-29,6670.0,6758.5,6816.0,6660.0,314954
NAVINFLUOR,2026-04-30,7050.0,6821.0,7200.0,6660.5,2322243
NAVINFLUOR,2026-05-01,6821.0,6821.0,6821.0,6821.0,0
NAVINFLUOR,2026-05-04,6855.0,6796.5,6978.0,6755.5,415445
NAVINFLUOR,2026-05-05,6810.0,7005.0,7020.0,6765.0,532928
NAVINFLUOR,2026-05-06,7080.0,7043.0,7088.0,6978.0,317134
NAVINFLUOR,2026-05-07,7099.0,7085.0,7119.0,6985.5,188220
NAVINFLUOR,2026-05-08,7049.0,7041.5,7095.5,6996.5,173361
NAVINFLUOR,2026-05-11,7000.0,7071.5,7120.0,6945.0,138990
NAVINFLUOR,2026-05-12,7070.0,6950.5,7070.0,6912.5,105798
NAVINFLUOR,2026-05-13,6940.0,6910.5,7120.0,6890.0,126614
NAVINFLUOR,2026-05-14,6979.0,6892.5,6979.0,6818.5,97487
NAVINFLUOR,2026-05-15,6896.0,7001.0,7020.0,6861.0,53502
NAVINFLUOR,2026-05-18,7030.0,6904.5,7071.5,6875.5,102622
NAVINFLUOR,2026-05-19,6908.0,7075.5,7180.5,6908.0,211523
NAVINFLUOR,2026-05-20,7040.5,7046.5,7099.0,6952.5,88015
NAVINFLUOR,2026-05-21,7090.0,7118.5,7229.0,7075.5,167825
NAVINFLUOR,2026-05-22,7135.0,7125.0,7175.0,7031.0,233718
NAVINFLUOR,2026-05-25,7195.0,7445.5,7460.0,7179.0,369626
NAVINFLUOR,2026-05-26,7453.5,7396.0,7525.0,7274.0,200763
NAVINFLUOR,2026-05-27,7400.0,7244.5,7470.0,7202.5,119235
NAVINFLUOR,2026-05-28,7244.5,7244.5,7244.5,7244.5,0
NAVINFLUOR,2026-05-29,7244.5,7129.0,7360.0,6970.0,252025
NAVINFLUOR,2026-06-01,7125.5,6998.5,7219.5,6970.5,138524
NAVINFLUOR,2026-06-02,6941.5,7052.0,7143.5,6901.0,132052
NAVINFLUOR,2026-06-03,7050.5,7035.5,7179.5,7000.0,82526
NAVINFLUOR,2026-06-04,7035.5,7090.5,7148.0,7017.5,77756
NAVINFLUOR,2026-06-05,7125.0,7032.5,7160.0,7002.0,68758
NAVINFLUOR,2026-06-08,7000.0,6863.5,7050.5,6818.0,72243
NAVINFLUOR,2026-06-09,6930.0,6828.5,6967.0,6786.0,82138
NAVINFLUOR,2026-06-10,6870.0,7046.5,7149.0,6790.0,317983
NAVINFLUOR,2026-06-11,7020.0,7157.0,7224.0,6987.5,149175
NAVINFLUOR,2026-06-12,7203.0,7303.0,7330.0,7166.0,136617
NAVINFLUOR,2026-06-15,7400.0,7287.0,7410.0,7260.0,104555
NAVINFLUOR,2026-06-16,7280.5,7315.5,7399.0,7164.5,162061
NAVINFLUOR,2026-06-17,7400.0,7344.0,7510.0,7308.0,245256
NAVINFLUOR,2026-06-18,7366.0,7303.5,7388.0,7251.5,101512
NAVINFLUOR,2026-06-19,7345.0,7493.5,7573.0,7298.5,219971
NAVINFLUOR,2026-06-22,7480.0,7572.0,7639.0,7352.0,177982
NAVINFLUOR,2026-06-23,7570.5,7500.5,7625.0,7473.5,66749
NAVINFLUOR,2026-06-24,7500.5,7698.5,7714.5,7462.0,128948
NAVINFLUOR,2026-06-25,7739.5,7609.0,7744.0,7580.5,107696
NAVINFLUOR,2026-06-26,7609.0,7609.0,7609.0,7609.0,0
NAVINFLUOR,2026-06-29,7625.0,7486.5,7650.0,7440.0,136624
NAVINFLUOR,2026-06-30,7509.5,7687.0,7748.0,7509.5,111882
NAVINFLUOR,2026-07-01,7730.0,7585.0,7810.0,7560.5,57765
NAVINFLUOR,2026-07-02,7586.0,7646.5,7676.0,7502.0,79201
NAVINFLUOR,2026-07-03,7694.0,7552.5,7712.0,7502.0,273873
NAVINFLUOR,2026-07-06,7579.5,7729.0,7750.0,7546.5,150399
NAVINFLUOR,2026-07-07,7748.5,7547.0,7785.5,7525.0,100948
NAVINFLUOR,2026-07-08,7561.0,7363.0,7675.0,7289.0,97652
NAVINFLUOR,2026-07-09,7401.5,7689.0,7725.0,7401.5,138380
NAVINFLUOR,2026-07-10,7702.0,7712.0,7761.0,7651.0,85301
NAVINFLUOR,2026-07-13,7680.0,7637.0,7719.0,7595.0,55004
NAVINFLUOR,2026-07-14,7630.5,7586.0,7729.5,7561.5,97764
NAVINFLUOR,2026-07-15,7580.0,7618.0,7681.0,7580.0,87587
NAVINFLUOR,2026-07-16,7620.0,7650.0,7717.0,7620.0,90788
NAVINFLUOR,2026-07-17,7700.0,7579.0,7741.0,7502.0,87542
NCC,2026-04-17,161.96,161.26,163.56,159.51,4674643
NCC,2026-04-20,161.88,160.53,163.0,158.22,3863237
NCC,2026-04-21,160.53,159.89,161.89,159.5,2603988
NCC,2026-04-22,159.89,163.98,166.82,158.52,5872623
NCC,2026-04-23,163.5,165.14,166.45,162.95,4717359
NCC,2026-04-24,166.0,161.99,166.44,160.4,3694999
NCC,2026-04-27,162.54,164.48,164.94,162.22,2778650
NCC,2026-04-28,164.29,164.85,165.79,162.31,5775290
NCC,2026-04-29,165.15,164.9,168.64,163.51,4245653
NCC,2026-04-30,164.0,163.84,164.94,161.5,2111875
NCC,2026-05-01,163.84,163.84,163.84,163.84,0
NCC,2026-05-04,166.52,166.19,168.1,164.95,2720288
NCC,2026-05-05,166.18,167.38,168.48,164.95,2064760
NCC,2026-05-06,168.4,170.21,171.12,166.41,4080503
NCC,2026-05-07,170.5,170.08,171.77,167.72,2101621
NCC,2026-05-08,170.19,170.04,171.6,168.75,2359164
NCC,2026-05-11,169.42,166.71,169.66,165.5,3002659
NCC,2026-05-12,165.87,161.76,167.37,160.14,4029542
NCC,2026-05-13,161.5,159.58,163.79,159.02,2178770
NCC,2026-05-14,161.09,162.2,163.88,160.68,2870625
NCC,2026-05-15,162.9,160.68,164.65,159.25,2512122
NCC,2026-05-18,157.46,152.7,157.89,150.03,3232164
NCC,2026-05-19,152.99,149.07,152.99,148.38,2384587
NCC,2026-05-20,148.51,146.67,148.72,145.56,1170595
NCC,2026-05-21,148.0,147.27,151.14,146.8,1939761
NCC,2026-05-22,148.98,146.17,148.98,145.11,1960007
NCC,2026-05-25,147.6,150.96,151.6,147.21,1926614
NCC,2026-05-26,151.11,150.05,152.93,149.67,2017833
NCC,2026-05-27,150.5,152.15,153.9,149.8,1239054
NCC,2026-05-28,152.15,152.15,152.15,152.15,0
NCC,2026-05-29,152.5,152.03,154.83,151.3,1867276
NCC,2026-06-01,154.0,149.27,154.93,148.03,1664268
NCC,2026-06-02,148.4,150.64,151.24,146.25,1111795
NCC,2026-06-03,150.0,147.24,150.47,146.31,1946186
NCC,2026-06-04,146.07,146.93,149.79,146.07,1110502
NCC,2026-06-05,147.7,146.28,148.6,145.81,1315067
NCC,2026-06-08,144.61,143.46,145.25,141.61,2433037
NCC,2026-06-09,144.7,143.72,145.69,142.5,1622291
NCC,2026-06-10,144.0,144.74,147.65,142.62,3864099
NCC,2026-06-11,143.3,145.03,146.0,141.25,2571354
NCC,2026-06-12,146.74,151.69,152.0,146.15,2514669
NCC,2026-06-15,155.0,152.64,156.3,152.25,2588671
NCC,2026-06-16,153.11,152.92,154.93,152.1,1508835
NCC,2026-06-17,153.69,154.36,156.45,153.05,2348252
NCC,2026-06-18,154.7,154.98,155.5,152.9,1167330
NCC,2026-06-19,153.4,155.84,159.9,153.07,3287428
NCC,2026-06-22,156.89,159.55,161.08,156.83,6814931
NCC,2026-06-23,159.85,156.1,161.0,155.0,2260839
NCC,2026-06-24,155.0,157.57,158.35,153.95,1202931
NCC,2026-06-25,157.75,153.59,158.2,153.0,1861220
NCC,2026-06-26,153.59,153.59,153.59,153.59,0
NCC,2026-06-29,153.66,149.94,154.4,149.5,1492604
NCC,2026-06-30,151.0,148.21,151.48,147.66,1540445
NCC,2026-07-01,149.9,149.61,151.8,149.0,1817089
NCC,2026-07-02,151.0,150.58,151.5,148.6,1305136
NCC,2026-07-03,151.6,149.51,151.9,147.92,1234166
NCC,2026-07-06,149.51,150.42,151.0,148.3,1099257
NCC,2026-07-07,150.0,148.45,152.8,147.63,1640681
NCC,2026-07-08,147.1,143.91,148.34,143.3,1636548
NCC,2026-07-09,144.0,143.08,145.75,142.5,1962223
NCC,2026-07-10,144.12,145.76,147.48,143.42,2397052
NCC,2026-07-13,145.0,144.45,145.48,143.13,1252686
NCC,2026-07-14,143.0,141.73,143.9,140.82,1480322
NCC,2026-07-15,142.25,142.3,143.55,141.9,1171857
NCC,2026-07-16,142.5,140.9,143.57,140.68,1374966
NCC,2026-07-17,141.19,139.6,142.8,139.0,2565797
NESCO,2026-04-17,1180.0,1208.4,1217.0,1165.0,106023
NESCO,2026-04-20,1218.0,1185.4,1218.0,1181.0,37566
NESCO,2026-04-21,1190.0,1206.1,1220.0,1188.0,47629
NESCO,2026-04-22,1200.0,1200.8,1208.0,1194.1,28383
NESCO,2026-04-23,1190.0,1185.8,1209.3,1181.7,30543
NESCO,2026-04-24,1199.7,1168.6,1205.0,1161.0,20975
NESCO,2026-04-27,1171.0,1216.5,1223.0,1171.0,47158
NESCO,2026-04-28,1216.5,1197.5,1228.0,1192.5,35884
NESCO,2026-04-29,1208.5,1221.8,1230.9,1196.0,82583
NESCO,2026-04-30,1224.9,1227.7,1256.0,1202.7,60647
NESCO,2026-05-04,1233.0,1285.3,1290.0,1231.0,77781
NESCO,2026-05-05,1297.0,1308.4,1313.0,1264.2,77547
NESCO,2026-05-06,1320.0,1279.6,1321.0,1264.1,57422
NESCO,2026-05-07,1294.3,1303.8,1311.0,1260.9,52574
NESCO,2026-05-08,1305.0,1311.3,1323.9,1282.3,49543
NESCO,2026-05-11,1291.0,1271.4,1297.6,1260.9,44385
NESCO,2026-05-12,1255.1,1218.8,1270.7,1213.1,53549
NESCO,2026-05-13,1236.8,1248.8,1254.0,1215.6,38479
NESCO,2026-05-14,1265.0,1240.2,1265.0,1225.4,25669
NESCO,2026-05-15,1253.0,1230.4,1253.0,1221.3,34998
NESCO,2026-05-18,1211.8,1238.7,1259.9,1189.9,85742
NESCO,2026-05-19,1239.9,1258.6,1268.0,1239.9,48879
NESCO,2026-05-20,1243.3,1247.9,1260.1,1239.0,16091
NESCO,2026-05-21,1250.0,1236.0,1283.0,1233.3,19575
NESCO,2026-05-22,1230.0,1241.4,1246.7,1224.5,18522
NESCO,2026-05-25,1250.0,1269.7,1277.4,1241.4,52432
NESCO,2026-05-26,1272.0,1240.1,1280.0,1232.0,78811
NESCO,2026-05-27,1248.0,1220.0,1248.0,1212.2,31328
NESCO,2026-05-28,1220.0,1220.0,1220.0,1220.0,0
NESCO,2026-05-29,1218.0,1173.6,1223.0,1165.0,47255
NESCO,2026-06-01,1173.7,1143.4,1200.0,1132.6,66391
NESCO,2026-06-02,1143.0,1176.2,1180.0,1135.6,33547
NESCO,2026-06-03,1178.0,1156.6,1178.1,1131.7,35880
NESCO,2026-06-04,1162.0,1133.0,1183.1,1125.8,56933
NESCO,2026-06-05,1133.0,1112.6,1143.9,1110.1,39605
NESCO,2026-06-08,1102.1,1084.3,1106.2,1067.0,77557
NESCO,2026-06-09,1084.8,1082.4,1101.0,1074.8,130473
NESCO,2026-06-10,1082.4,1084.5,1095.0,1067.4,61141
NESCO,2026-06-11,1084.5,1089.1,1095.0,1071.1,30153
NESCO,2026-06-12,1094.8,1089.8,1107.5,1080.2,46387
NESCO,2026-06-15,1095.0,1104.9,1121.9,1095.0,48305
NESCO,2026-06-16,1117.0,1119.4,1123.9,1107.6,19518
NESCO,2026-06-17,1119.4,1116.2,1123.5,1108.7,46631
NESCO,2026-06-18,1116.0,1116.4,1120.3,1087.2,69453
NESCO,2026-06-19,1110.0,1138.0,1144.0,1101.0,50664
NESCO,2026-06-22,1145.0,1133.0,1147.9,1126.9,19578
NESCO,2026-06-23,1139.0,1115.2,1146.2,1111.5,23643
NESCO,2026-06-24,1117.3,1105.8,1123.8,1095.4,48429
NESCO,2026-06-25,1115.0,1087.8,1118.4,1083.3,54901
NESCO,2026-06-26,1087.8,1087.8,1087.8,1087.8,0
NESCO,2026-06-29,1091.6,1093.7,1104.0,1087.1,20556
NESCO,2026-06-30,1093.7,1078.4,1098.4,1075.1,43289
NESCO,2026-07-01,1097.0,1076.9,1109.9,1070.3,64679
NESCO,2026-07-02,1076.9,1116.6,1122.0,1076.2,103685
NESCO,2026-07-03,1118.0,1125.1,1145.0,1109.4,134823
NESCO,2026-07-06,1128.0,1151.3,1180.8,1119.9,258261
NESCO,2026-07-07,1151.3,1143.4,1154.0,1131.9,83675
NESCO,2026-07-08,1138.1,1096.6,1138.1,1084.4,74475
NESCO,2026-07-09,1096.6,1099.6,1117.1,1094.2,74001
NESCO,2026-07-10,1110.0,1099.0,1110.0,1084.6,87849
NESCO,2026-07-13,1108.0,1085.6,1108.0,1081.6,85399
NESCO,2026-07-14,1085.0,1075.2,1085.3,1072.0,47651
NESCO,2026-07-15,1075.0,1091.3,1100.0,1075.0,38911
NESCO,2026-07-16,1091.3,1084.2,1098.3,1080.1,17018
NESCO,2026-07-17,1086.0,1094.0,1097.0,1071.2,30465
NESTLEIND,2026-04-17,1258.1,1285.6,1292.0,1252.8,1994195
NESTLEIND,2026-04-20,1294.0,1286.4,1294.3,1274.6,1156327
NESTLEIND,2026-04-21,1298.1,1379.9,1396.0,1286.8,9586515
NESTLEIND,2026-04-22,1391.0,1395.8,1425.2,1386.0,7723484
NESTLEIND,2026-04-23,1388.9,1410.5,1415.0,1382.1,2963135
NESTLEIND,2026-04-24,1420.0,1421.3,1430.9,1409.1,3419416
NESTLEIND,2026-04-27,1429.0,1417.3,1437.9,1410.0,1719329
NESTLEIND,2026-04-28,1417.9,1440.0,1445.1,1401.0,4008095
NESTLEIND,2026-04-29,1445.0,1465.6,1470.0,1436.1,2753356
NESTLEIND,2026-04-30,1466.0,1458.6,1466.0,1436.1,2305703
NESTLEIND,2026-05-01,1458.6,1458.6,1458.6,1458.6,0
NESTLEIND,2026-05-04,1460.0,1457.1,1472.9,1446.3,1744112
NESTLEIND,2026-05-05,1456.0,1477.8,1480.4,1447.6,2490700
NESTLEIND,2026-05-06,1485.0,1486.1,1490.0,1468.2,2133310
NESTLEIND,2026-05-07,1488.0,1476.0,1493.0,1468.3,2247161
NESTLEIND,2026-05-08,1476.6,1482.4,1496.3,1470.0,1471411
NESTLEIND,2026-05-11,1475.3,1481.9,1498.1,1470.5,1358397
NESTLEIND,2026-05-12,1470.0,1468.6,1491.0,1466.1,1017058
NESTLEIND,2026-05-13,1468.6,1468.9,1486.0,1463.5,2205792
NESTLEIND,2026-05-14,1468.9,1459.6,1479.4,1453.0,1251986
NESTLEIND,2026-05-15,1459.6,1430.5,1467.5,1427.5,3292954
NESTLEIND,2026-05-18,1430.5,1431.7,1444.7,1418.1,2030857
NESTLEIND,2026-05-19,1428.0,1431.4,1454.5,1422.0,1803745
NESTLEIND,2026-05-20,1400.0,1420.1,1426.9,1398.5,1425216
NESTLEIND,2026-05-21,1425.0,1406.5,1430.9,1403.5,2049251
NESTLEIND,2026-05-22,1410.5,1423.1,1434.6,1401.2,1306017
NESTLEIND,2026-05-25,1430.0,1413.6,1438.9,1410.0,812160
NESTLEIND,2026-05-26,1417.6,1428.6,1431.7,1413.2,1472818
NESTLEIND,2026-05-27,1432.0,1427.5,1443.7,1423.1,1114165
NESTLEIND,2026-05-28,1427.5,1427.5,1427.5,1427.5,0
NESTLEIND,2026-05-29,1431.4,1421.5,1444.1,1408.5,13063475
NESTLEIND,2026-06-01,1424.5,1391.8,1434.9,1388.5,843583
NESTLEIND,2026-06-02,1385.0,1398.7,1403.5,1368.1,1860526
NESTLEIND,2026-06-03,1405.0,1391.5,1417.2,1385.3,1725869
NESTLEIND,2026-06-04,1395.0,1382.9,1399.9,1378.5,1793823
NESTLEIND,2026-06-05,1383.0,1386.2,1393.2,1372.3,1342143
NESTLEIND,2026-06-08,1375.0,1398.9,1412.5,1373.0,1107621
NESTLEIND,2026-06-09,1399.9,1410.4,1414.6,1399.4,1298664
NESTLEIND,2026-06-10,1414.8,1438.3,1454.9,1409.3,2288648
NESTLEIND,2026-06-11,1437.8,1422.5,1445.0,1419.9,1538190
NESTLEIND,2026-06-12,1431.1,1375.7,1434.9,1370.6,2380729
NESTLEIND,2026-06-15,1410.0,1374.7,1411.9,1371.5,1885900
NESTLEIND,2026-06-16,1375.4,1391.7,1409.8,1375.4,1899090
NESTLEIND,2026-06-17,1392.0,1407.3,1415.5,1387.1,1876655
NESTLEIND,2026-06-18,1407.3,1400.4,1413.9,1394.2,1065482
NESTLEIND,2026-06-19,1394.0,1414.8,1420.0,1394.0,1832928
NESTLEIND,2026-06-22,1422.8,1401.9,1430.7,1398.2,1481212
NESTLEIND,2026-06-23,1401.9,1392.2,1411.9,1390.3,1646370
NESTLEIND,2026-06-24,1394.0,1382.6,1398.8,1380.6,1469059
NESTLEIND,2026-06-25,1392.0,1402.6,1410.0,1383.4,1968226
NESTLEIND,2026-06-26,1402.6,1402.6,1402.6,1402.6,0
NESTLEIND,2026-06-29,1424.0,1387.3,1428.5,1381.5,3412530
NESTLEIND,2026-06-30,1387.3,1405.2,1421.7,1387.3,3178483
NESTLEIND,2026-07-01,1414.8,1453.8,1459.9,1407.9,2672318
NESTLEIND,2026-07-02,1459.0,1446.2,1462.3,1444.5,1434136
NESTLEIND,2026-07-03,1448.0,1459.8,1463.7,1442.8,1863379
NESTLEIND,2026-07-06,1457.1,1473.7,1479.9,1450.1,1178983
NESTLEIND,2026-07-07,1465.2,1471.8,1482.9,1462.7,1811724
NESTLEIND,2026-07-08,1460.0,1450.5,1479.9,1441.7,1855873
NESTLEIND,2026-07-09,1452.0,1463.2,1481.0,1452.0,1346613
NESTLEIND,2026-07-10,1467.0,1455.2,1471.3,1448.3,1563905
NESTLEIND,2026-07-13,1452.3,1427.0,1452.3,1420.1,2167829
NESTLEIND,2026-07-14,1418.5,1427.1,1448.7,1418.5,1841895
NESTLEIND,2026-07-15,1431.8,1424.4,1442.0,1419.6,1328750
NESTLEIND,2026-07-16,1427.9,1423.5,1436.3,1417.8,1179052
NESTLEIND,2026-07-17,1416.0,1427.2,1429.2,1405.1,1433884
NETWEB,2026-04-17,3737.0,3809.0,3868.9,3735.1,1853275
NETWEB,2026-04-20,3818.0,3779.7,3861.7,3724.9,1017702
NETWEB,2026-04-21,3779.0,3904.7,3997.9,3769.6,2308946
NETWEB,2026-04-22,3904.0,4019.6,4117.0,3882.6,2801777
NETWEB,2026-04-23,4010.0,3903.4,4087.4,3867.1,1238749
NETWEB,2026-04-24,3928.0,3824.8,3968.8,3760.0,1197372
NETWEB,2026-04-27,3880.0,3919.7,4029.8,3880.0,1281950
NETWEB,2026-04-28,3936.0,4002.2,4108.7,3932.0,1685774
NETWEB,2026-04-29,4052.5,4031.0,4174.8,3980.0,1783438
NETWEB,2026-04-30,4044.0,4064.8,4112.3,3981.0,1258981
NETWEB,2026-05-01,4064.8,4064.8,4064.8,4064.8,0
NETWEB,2026-05-04,4090.0,3927.7,4110.7,3760.0,2434739
NETWEB,2026-05-05,3946.0,4178.1,4199.0,3927.8,3065109
NETWEB,2026-05-06,4250.0,4368.4,4450.0,4231.0,3164055
NETWEB,2026-05-07,4377.0,4302.7,4429.6,4260.9,1258674
NETWEB,2026-05-08,4330.0,4422.2,4492.0,4330.0,1991503
NETWEB,2026-05-11,4413.1,4295.2,4489.0,4264.0,1299162
NETWEB,2026-05-12,4305.0,4016.0,4338.0,3981.0,1498763
NETWEB,2026-05-13,4018.0,3933.1,4071.9,3918.7,1258971
NETWEB,2026-05-14,3973.9,3907.6,4012.7,3815.8,976488
NETWEB,2026-05-15,3938.0,3840.5,3976.4,3775.0,736868
NETWEB,2026-05-18,3804.3,3806.1,3862.9,3731.1,680371
NETWEB,2026-05-19,3820.0,3746.4,3855.3,3735.0,548730
NETWEB,2026-05-20,3717.0,3841.7,3854.4,3671.1,996231
NETWEB,2026-05-21,3900.0,3813.2,4044.0,3757.7,1920283
NETWEB,2026-05-22,3825.0,3851.3,3891.0,3820.1,594081
NETWEB,2026-05-25,3880.4,3843.1,3908.6,3792.9,770545
NETWEB,2026-05-26,3840.0,3851.7,3945.0,3832.0,877405
NETWEB,2026-05-27,3860.0,4072.0,4097.7,3854.0,1579910
NETWEB,2026-05-28,4072.0,4072.0,4072.0,4072.0,0
NETWEB,2026-05-29,4100.0,4670.7,4760.0,4050.2,10623544
NETWEB,2026-06-01,4691.8,4620.1,4925.7,4536.0,4576123
NETWEB,2026-06-02,4608.9,4782.8,4824.5,4552.3,4220022
NETWEB,2026-06-03,4800.0,4705.3,4944.8,4630.0,2662374
NETWEB,2026-06-04,4703.0,4934.2,4965.0,4665.0,2758303
NETWEB,2026-06-05,4930.0,4666.0,4930.0,4651.0,1931743
NETWEB,2026-06-08,4480.1,4264.5,4569.0,4232.3,3047821
NETWEB,2026-06-09,4340.0,4428.2,4460.0,4276.9,2805015
NETWEB,2026-06-10,4400.0,4295.6,4410.9,4260.0,1549203
NETWEB,2026-06-11,4245.1,4191.4,4360.0,4050.0,2274319
NETWEB,2026-06-12,4320.0,4587.4,4610.0,4315.0,4344896
NETWEB,2026-06-15,4700.0,4612.3,4744.0,4550.0,1579906
NETWEB,2026-06-16,4628.0,4884.4,4905.0,4617.2,3126893
NETWEB,2026-06-17,4899.8,4911.5,5038.0,4850.0,2612717
NETWEB,2026-06-18,4892.0,5079.6,5208.5,4875.0,3604629
NETWEB,2026-06-19,5094.8,5060.9,5244.0,5001.5,2415443
NETWEB,2026-06-22,5100.0,5111.1,5169.9,5012.6,1031943
NETWEB,2026-06-23,5110.0,4925.1,5175.0,4901.0,1594222
NETWEB,2026-06-24,4930.0,5074.0,5099.0,4930.0,1106741
NETWEB,2026-06-25,5130.0,4943.8,5149.0,4930.0,1196755
NETWEB,2026-06-26,4943.8,4943.8,4943.8,4943.8,0
NETWEB,2026-06-29,4900.0,4454.8,4940.0,4386.0,3009637
NETWEB,2026-06-30,4500.0,4538.2,4588.0,4455.0,1918815
NETWEB,2026-07-01,4558.0,4507.9,4623.1,4480.0,1033479
NETWEB,2026-07-02,4530.0,4435.0,4556.0,4400.2,1071939
NETWEB,2026-07-03,4450.0,4427.4,4482.5,4390.2,726747
NETWEB,2026-07-06,4424.9,4411.5,4454.8,4326.6,707039
NETWEB,2026-07-07,4414.1,4230.8,4443.9,4203.9,818184
NETWEB,2026-07-08,4206.0,4171.4,4321.1,4153.0,1088636
NETWEB,2026-07-09,4208.9,4286.5,4389.0,4197.7,1257089
NETWEB,2026-07-10,4309.0,4305.0,4344.2,4255.3,583504
NETWEB,2026-07-13,4250.1,4400.0,4420.0,4212.0,962104
NETWEB,2026-07-14,4389.8,4398.1,4485.0,4361.9,1347378
NETWEB,2026-07-15,4422.0,4371.4,4495.0,4358.0,902264
NETWEB,2026-07-16,4387.7,4304.2,4404.0,4281.9,463349
NETWEB,2026-07-17,4285.0,4244.3,4317.0,4220.0,398348
NEULANDLAB,2026-04-17,15010.0,15295.0,15414.0,14955.0,24926
NEULANDLAB,2026-04-20,15298.0,15202.0,15438.0,14950.0,29072
NEULANDLAB,2026-04-21,15250.0,14920.0,15491.0,14848.0,30894
NEULANDLAB,2026-04-22,14994.0,15067.0,15325.0,14701.0,28246
NEULANDLAB,2026-04-23,15067.0,14977.0,15428.0,14900.0,22665
NEULANDLAB,2026-04-24,14900.0,14405.0,15087.0,14283.0,28158
NEULANDLAB,2026-04-27,14449.0,14755.0,14949.0,14307.0,32555
NEULANDLAB,2026-04-28,14785.0,14445.0,14865.0,14400.0,15694
NEULANDLAB,2026-04-29,14640.0,14656.0,14803.0,14503.0,18668
NEULANDLAB,2026-04-30,14605.0,15003.0,15040.0,14464.0,26786
NEULANDLAB,2026-05-01,15003.0,15003.0,15003.0,15003.0,0
NEULANDLAB,2026-05-04,15100.0,16124.0,16471.0,15100.0,208282
NEULANDLAB,2026-05-05,16300.0,16204.0,16482.0,16045.0,60951
NEULANDLAB,2026-05-06,16281.0,17032.0,17226.0,16210.0,106686
NEULANDLAB,2026-05-07,17032.0,17285.0,17500.0,17032.0,67067
NEULANDLAB,2026-05-08,17286.0,17666.0,17765.0,17222.0,89796
NEULANDLAB,2026-05-11,17768.0,17550.0,18180.0,17501.0,97004
NEULANDLAB,2026-05-12,17501.0,17003.0,17753.0,16905.0,106204
NEULANDLAB,2026-05-13,18305.0,16497.0,18305.0,16317.0,432648
NEULANDLAB,2026-05-14,16601.0,16680.0,16999.0,16361.0,109287
NEULANDLAB,2026-05-15,16880.0,16590.0,16880.0,15900.0,104507
NEULANDLAB,2026-05-18,16590.0,16327.0,16747.0,16260.0,38167
NEULANDLAB,2026-05-19,16460.0,16790.0,16866.0,16244.0,49682
NEULANDLAB,2026-05-20,16690.0,16624.0,17040.0,16525.0,31610
NEULANDLAB,2026-05-21,16730.0,16690.0,16844.0,16387.0,30074
NEULANDLAB,2026-05-22,16773.0,16693.0,17250.0,16326.0,64311
NEULANDLAB,2026-05-25,16785.0,16758.0,17000.0,16650.0,25774
NEULANDLAB,2026-05-26,16800.0,17071.0,17399.0,16799.0,58286
NEULANDLAB,2026-05-27,17178.0,16772.0,17360.0,16710.0,28207
NEULANDLAB,2026-05-28,16772.0,16772.0,16772.0,16772.0,0
NEULANDLAB,2026-05-29,16880.0,17088.0,17170.0,16675.0,73932
NEULANDLAB,2026-06-01,17102.0,17198.0,17684.0,16891.0,80947
NEULANDLAB,2026-06-02,17000.0,16909.0,17097.0,16705.0,36516
NEULANDLAB,2026-06-03,16993.0,16992.0,17380.0,16925.0,26919
NEULANDLAB,2026-06-04,16992.0,16860.0,17181.0,16710.0,30574
NEULANDLAB,2026-06-05,16950.0,16811.0,17050.0,16755.0,13332
NEULANDLAB,2026-06-08,16794.0,16964.0,17028.0,16401.0,32528
NEULANDLAB,2026-06-09,17100.0,17188.0,17348.0,16906.0,30364
NEULANDLAB,2026-06-10,17280.0,16946.0,17333.0,16881.0,17369
NEULANDLAB,2026-06-11,16800.0,16973.0,17239.0,16711.0,50931
NEULANDLAB,2026-06-12,17122.0,17198.0,17400.0,16981.0,35209
NEULANDLAB,2026-06-15,17450.0,17056.0,17572.0,16980.0,37749
NEULANDLAB,2026-06-16,16990.0,16722.0,17246.0,16560.0,39739
NEULANDLAB,2026-06-17,16721.0,17016.0,17078.0,16679.0,20633
NEULANDLAB,2026-06-18,17000.0,17220.0,17341.0,16960.0,25881
NEULANDLAB,2026-06-19,17128.0,17345.0,17450.0,17128.0,26662
NEULANDLAB,2026-06-22,17366.0,17224.0,17472.0,17011.0,16943
NEULANDLAB,2026-06-23,17373.0,18102.0,18432.0,17254.0,199695
NEULANDLAB,2026-06-24,18090.0,18072.0,18730.0,18011.0,112818
NEULANDLAB,2026-06-25,18179.0,17961.0,18200.0,17556.0,35026
NEULANDLAB,2026-06-26,17961.0,17961.0,17961.0,17961.0,0
NEULANDLAB,2026-06-29,18000.0,18088.0,18300.0,17944.0,54500
NEULANDLAB,2026-06-30,18120.0,18579.0,18775.0,18027.0,69045
NEULANDLAB,2026-07-01,18750.0,18786.0,19163.0,18468.0,43004
NEULANDLAB,2026-07-02,18800.0,18988.0,19050.0,18705.0,32222
NEULANDLAB,2026-07-03,19100.0,18944.0,19200.0,18747.0,75135
NEULANDLAB,2026-07-06,18950.0,18956.0,19060.0,18520.0,34185
NEULANDLAB,2026-07-07,19100.0,18900.0,19397.0,18700.0,61823
NEULANDLAB,2026-07-08,18900.0,18889.0,19265.0,18651.0,42475
NEULANDLAB,2026-07-09,19100.0,19542.0,20089.0,18910.0,97154
NEULANDLAB,2026-07-10,19701.0,19506.0,19730.0,19353.0,24863
NEULANDLAB,2026-07-13,18629.0,19019.0,19558.0,18629.0,21087
NEULANDLAB,2026-07-14,18998.0,18999.0,19046.0,18738.0,16957
NEULANDLAB,2026-07-15,19095.0,19114.0,19350.0,18944.0,21178
NEULANDLAB,2026-07-16,19190.0,18751.0,19190.0,18558.0,34026
NEULANDLAB,2026-07-17,18751.0,18434.0,18951.0,18055.0,40522
NEWGEN,2026-04-17,479.0,483.5,489.0,476.1,836162
NEWGEN,2026-04-20,484.0,471.95,484.4,469.9,684605
NEWGEN,2026-04-21,473.95,477.15,484.0,471.95,629117
NEWGEN,2026-04-22,474.4,474.6,478.0,466.8,858015
NEWGEN,2026-04-23,473.9,476.1,485.95,471.0,815110
NEWGEN,2026-04-24,476.0,462.75,479.25,461.15,664483
NEWGEN,2026-04-27,465.5,491.55,508.2,465.5,3995896
NEWGEN,2026-04-28,491.0,482.8,496.7,480.0,1107626
NEWGEN,2026-04-29,486.0,480.15,494.0,477.5,686271
NEWGEN,2026-04-30,479.9,505.75,534.0,475.8,12685665
NEWGEN,2026-05-01,505.75,505.75,505.75,505.75,0
NEWGEN,2026-05-04,509.0,496.4,512.5,492.1,1161100
NEWGEN,2026-05-05,496.4,489.2,504.4,483.6,895408
NEWGEN,2026-05-06,493.6,493.05,497.55,482.25,867642
NEWGEN,2026-05-07,497.0,500.65,511.0,491.9,1264836
NEWGEN,2026-05-08,499.85,504.85,514.0,497.3,980555
NEWGEN,2026-05-11,502.75,490.25,509.25,488.0,729072
NEWGEN,2026-05-12,488.0,464.95,488.0,462.5,662482
NEWGEN,2026-05-13,464.95,471.25,474.95,462.0,444357
NEWGEN,2026-05-14,472.0,456.85,473.4,450.55,667811
NEWGEN,2026-05-15,457.1,472.3,491.0,457.1,3367722
NEWGEN,2026-05-18,469.05,458.8,469.05,452.45,517338
NEWGEN,2026-05-19,459.2,461.15,477.45,459.2,620688
NEWGEN,2026-05-20,459.0,450.3,460.9,448.35,629254
NEWGEN,2026-05-21,455.0,447.15,455.0,445.25,557951
NEWGEN,2026-05-22,448.0,437.6,448.4,436.15,650684
NEWGEN,2026-05-25,441.9,435.9,447.7,435.0,622148
NEWGEN,2026-05-26,434.95,435.95,441.3,432.9,429538
NEWGEN,2026-05-27,436.2,438.05,447.85,433.25,699632
NEWGEN,2026-05-28,438.05,438.05,438.05,438.05,0
NEWGEN,2026-05-29,439.0,442.7,451.95,438.5,681255
NEWGEN,2026-06-01,443.8,441.5,456.05,436.9,784172
NEWGEN,2026-06-02,439.1,518.1,529.8,435.0,35273385
NEWGEN,2026-06-03,528.0,518.2,538.0,504.1,16036497
NEWGEN,2026-06-04,508.6,496.55,511.75,488.65,4211757
NEWGEN,2026-06-05,484.1,489.05,500.5,484.1,1386065
NEWGEN,2026-06-08,480.0,478.3,499.3,475.65,1538216
NEWGEN,2026-06-09,483.9,487.35,492.0,476.9,650729
NEWGEN,2026-06-10,480.0,471.1,492.0,466.0,864863
NEWGEN,2026-06-11,467.0,455.25,467.0,452.9,676073
NEWGEN,2026-06-12,460.95,464.25,468.85,458.15,695859
NEWGEN,2026-06-15,475.0,470.5,481.8,468.0,653362
NEWGEN,2026-06-16,472.8,477.95,484.95,468.7,1359770
NEWGEN,2026-06-17,480.4,488.05,514.9,478.6,9712485
NEWGEN,2026-06-18,488.0,487.95,490.0,481.65,734990
NEWGEN,2026-06-19,474.25,481.95,488.6,465.85,1131792
NEWGEN,2026-06-22,486.5,482.55,490.8,480.5,567939
NEWGEN,2026-06-23,480.3,470.9,485.65,469.2,580541
NEWGEN,2026-06-24,470.9,472.6,476.55,469.0,368420
NEWGEN,2026-06-25,475.0,473.1,479.2,469.5,483197
NEWGEN,2026-06-26,473.1,473.1,473.1,473.1,0
NEWGEN,2026-06-29,473.55,468.25,477.65,465.0,565673
NEWGEN,2026-06-30,470.0,471.55,474.8,465.9,392189
NEWGEN,2026-07-01,475.0,473.7,489.45,470.0,1244814
NEWGEN,2026-07-02,476.55,480.9,490.5,476.4,1154770
NEWGEN,2026-07-03,484.0,481.9,492.0,480.0,585100
NEWGEN,2026-07-06,482.4,480.05,482.4,473.5,356395
NEWGEN,2026-07-07,480.0,480.0,487.9,477.35,467180
NEWGEN,2026-07-08,477.0,465.65,480.8,464.15,397924
NEWGEN,2026-07-09,466.3,473.2,477.35,461.25,373119
NEWGEN,2026-07-10,477.05,517.2,542.9,477.05,29948995
NEWGEN,2026-07-13,511.95,590.5,607.0,507.05,32487365
NEWGEN,2026-07-14,592.5,554.4,603.8,551.35,8371127
NEWGEN,2026-07-15,554.9,557.7,575.35,539.15,6927932
NEWGEN,2026-07-16,562.8,541.95,586.9,526.3,13121389
NEWGEN,2026-07-17,545.0,547.55,561.1,524.5,6519608
NGLFINE,2026-04-17,2250.3,2226.6,2309.2,2200.0,6855
NGLFINE,2026-04-20,2226.6,2299.3,2350.0,2197.0,9400
NGLFINE,2026-04-21,2325.0,2258.0,2325.0,2251.1,2473
NGLFINE,2026-04-22,2263.2,2274.4,2315.0,2254.0,1834
NGLFINE,2026-04-23,2285.8,2286.0,2425.0,2260.0,9362
NGLFINE,2026-04-24,2289.0,2235.9,2335.4,2195.3,6734
NGLFINE,2026-04-27,2269.3,2317.4,2417.8,2199.2,13135
NGLFINE,2026-04-28,2329.1,2266.7,2339.5,2248.9,3373
NGLFINE,2026-04-29,2299.0,2281.8,2299.1,2250.1,3596
NGLFINE,2026-04-30,2277.8,2214.5,2281.1,2160.0,8734
NGLFINE,2026-05-01,2214.5,2214.5,2214.5,2214.5,0
NGLFINE,2026-05-04,2202.0,2259.1,2280.0,2159.0,4652
NGLFINE,2026-05-05,2259.1,2440.0,2498.0,2215.1,18538
NGLFINE,2026-05-06,2498.0,2640.8,2767.9,2472.1,53980
NGLFINE,2026-05-07,2670.0,2656.6,2738.5,2608.2,11499
NGLFINE,2026-05-08,2630.0,2340.7,2656.6,2283.1,36577
NGLFINE,2026-05-11,2333.6,2279.5,2359.4,2238.2,12955
NGLFINE,2026-05-12,2257.1,2188.6,2270.9,2171.1,11121
NGLFINE,2026-05-13,2188.6,2177.2,2228.8,2161.1,4809
NGLFINE,2026-05-14,2164.5,2271.7,2300.0,2106.1,10759
NGLFINE,2026-05-15,2294.2,2350.5,2450.0,2238.1,18876
NGLFINE,2026-05-18,2369.3,2249.8,2369.3,2210.0,5441
NGLFINE,2026-05-19,2221.5,2276.7,2339.9,2174.4,4880
NGLFINE,2026-05-20,2240.8,2410.1,2525.0,2176.0,16647
NGLFINE,2026-05-21,2450.0,2501.9,2525.0,2405.0,11247
NGLFINE,2026-05-22,2569.8,2735.8,2879.8,2288.5,100556
NGLFINE,2026-05-25,2900.0,2858.9,3005.0,2801.1,100089
NGLFINE,2026-05-26,2830.0,2819.8,2927.9,2772.1,33214
NGLFINE,2026-05-27,2819.8,2697.6,2878.4,2636.0,13089
NGLFINE,2026-05-28,2697.6,2697.6,2697.6,2697.6,0
NGLFINE,2026-05-29,2697.6,2785.1,2878.0,2690.1,15999
NGLFINE,2026-06-01,2834.4,2740.0,2970.0,2705.0,20923
NGLFINE,2026-06-02,2737.8,2654.5,2764.4,2622.1,9490
NGLFINE,2026-06-03,2654.5,2645.1,2717.0,2551.6,17530
NGLFINE,2026-06-04,2622.3,2581.7,2687.8,2550.0,9027
NGLFINE,2026-06-05,2589.8,2742.6,2850.0,2589.8,40222
NGLFINE,2026-06-08,2718.0,2653.3,2779.9,2566.5,12346
NGLFINE,2026-06-09,2685.1,2820.7,2946.8,2637.1,33201
NGLFINE,2026-06-10,2834.0,2811.8,2894.9,2732.9,18459
NGLFINE,2026-06-11,2813.9,2716.5,2843.0,2678.4,10705
NGLFINE,2026-06-12,2765.4,3048.8,3144.0,2765.4,102235
NGLFINE,2026-06-15,3186.0,3109.3,3200.0,3060.0,53959
NGLFINE,2026-06-16,3112.7,2976.7,3133.9,2852.8,34309
NGLFINE,2026-06-17,2982.0,2930.3,3095.9,2877.2,35458
NGLFINE,2026-06-18,2974.0,3045.4,3074.5,2830.0,27072
NGLFINE,2026-06-19,3059.0,3055.6,3166.0,3013.8,15448
NGLFINE,2026-06-22,3041.1,3149.4,3190.0,3041.1,13817
NGLFINE,2026-06-23,3180.0,3069.7,3232.0,3035.7,26556
NGLFINE,2026-06-24,3114.5,3073.6,3124.0,3031.0,3871
NGLFINE,2026-06-25,3073.0,2989.9,3131.9,2925.2,15468
NGLFINE,2026-06-26,2989.9,2989.9,2989.9,2989.9,0
NGLFINE,2026-06-29,2978.8,3083.4,3118.6,2970.0,8189
NGLFINE,2026-06-30,3104.7,3107.5,3111.0,3018.2,5847
NGLFINE,2026-07-01,3062.0,3002.7,3107.5,2984.9,7782
NGLFINE,2026-07-02,3048.0,2937.6,3051.0,2900.0,8400
NGLFINE,2026-07-03,2954.9,3206.0,3260.0,2954.9,21793
NGLFINE,2026-07-06,3230.0,3237.2,3300.0,3179.3,18559
NGLFINE,2026-07-07,3269.3,3092.3,3319.8,3060.1,18294
NGLFINE,2026-07-08,3101.0,3224.6,3259.0,3027.1,15502
NGLFINE,2026-07-09,3272.9,3211.3,3329.0,3172.0,13689
NGLFINE,2026-07-10,3250.0,3193.6,3276.5,3103.9,5500
NGLFINE,2026-07-13,3155.4,3160.9,3194.1,3114.9,4936
NGLFINE,2026-07-14,3198.0,3130.8,3198.0,3108.1,3013
NGLFINE,2026-07-15,3130.8,3165.5,3184.4,3130.8,4189
NGLFINE,2026-07-16,3138.1,3087.4,3159.0,3063.0,2981
NGLFINE,2026-07-17,3090.1,3131.9,3179.8,3054.1,5127
NH,2026-04-17,1781.7,1826.1,1829.8,1768.9,331917
NH,2026-04-20,1827.3,1800.2,1838.0,1791.0,245262
NH,2026-04-21,1801.2,1804.0,1822.7,1798.5,144350
NH,2026-04-22,1804.9,1811.3,1825.9,1792.2,178421
NH,2026-04-23,1802.3,1798.0,1815.9,1784.0,123691
NH,2026-04-24,1798.0,1768.3,1807.0,1762.0,143611
NH,2026-04-27,1770.5,1790.4,1812.0,1770.0,219363
NH,2026-04-28,1799.0,1757.0,1810.5,1752.5,253236
NH,2026-04-29,1765.4,1770.4,1780.0,1759.0,166613
NH,2026-04-30,1761.6,1766.6,1778.0,1747.0,173382
NH,2026-05-01,1766.6,1766.6,1766.6,1766.6,0
NH,2026-05-04,1768.0,1794.2,1813.2,1766.0,263914
NH,2026-05-05,1767.0,1763.8,1790.0,1741.2,576577
NH,2026-05-06,1772.6,1840.4,1863.5,1756.8,749527
NH,2026-05-07,1852.0,1856.2,1874.4,1845.0,324353
NH,2026-05-08,1841.2,1820.3,1884.0,1814.0,365040
NH,2026-05-11,1820.0,1886.4,1904.4,1801.7,548123
NH,2026-05-12,1888.0,1846.6,1894.4,1835.1,307391
NH,2026-05-13,1830.1,1824.1,1864.8,1818.0,236639
NH,2026-05-14,1837.5,1819.4,1856.4,1804.2,281926
NH,2026-05-15,1827.4,1841.1,1854.0,1812.0,319184
NH,2026-05-18,1839.0,1866.2,1874.0,1808.2,273327
NH,2026-05-19,1874.9,1884.1,1901.8,1863.5,346115
NH,2026-05-20,1879.0,1902.4,1918.4,1865.9,370212
NH,2026-05-21,1921.8,1930.9,1938.8,1892.6,394613
NH,2026-05-22,1935.0,1855.6,1935.0,1843.7,508668
NH,2026-05-25,1930.0,1940.0,1968.0,1896.1,1592052
NH,2026-05-26,1939.1,1891.4,1946.4,1885.0,445589
NH,2026-05-27,1900.0,1920.2,1927.8,1874.4,278363
NH,2026-05-28,1920.2,1920.2,1920.2,1920.2,0
NH,2026-05-29,1927.0,1894.0,1944.5,1868.0,537699
NH,2026-06-01,1912.5,1904.5,1939.0,1890.0,262266
NH,2026-06-02,1906.6,1934.2,1938.7,1875.0,246722
NH,2026-06-03,1933.0,1980.6,1989.0,1920.5,428361
NH,2026-06-04,1981.0,1949.2,2002.3,1941.0,366512
NH,2026-06-05,1934.3,1969.2,1979.0,1934.3,224931
NH,2026-06-08,1945.0,1921.4,1982.9,1911.0,268635
NH,2026-06-09,1923.2,1934.3,1954.8,1908.4,294870
NH,2026-06-10,1926.3,1906.8,1951.0,1897.2,253997
NH,2026-06-11,1886.1,1858.5,1907.1,1850.0,407695
NH,2026-06-12,1869.5,1893.9,1908.0,1869.5,264296
NH,2026-06-15,1910.0,1872.4,1918.2,1868.0,355399
NH,2026-06-16,1876.4,1862.4,1889.8,1845.0,260733
NH,2026-06-17,1865.4,1843.1,1872.9,1833.6,279615
NH,2026-06-18,1836.3,1869.0,1879.8,1835.0,254576
NH,2026-06-19,1869.0,1878.7,1889.0,1857.1,265396
NH,2026-06-22,1881.7,1905.0,1910.0,1863.5,279080
NH,2026-06-23,1910.0,1927.4,1952.0,1909.9,269082
NH,2026-06-24,1927.0,1958.5,1971.0,1905.1,267959
NH,2026-06-25,1958.5,1956.8,1988.0,1936.2,258281
NH,2026-06-26,1956.8,1956.8,1956.8,1956.8,0
NH,2026-06-29,1962.9,1902.9,1971.6,1888.0,922012
NH,2026-06-30,1909.9,1971.7,1979.6,1909.9,310036
NH,2026-07-01,1979.7,1959.6,1995.0,1954.0,216981
NH,2026-07-02,1959.6,1986.2,1990.0,1953.5,203345
NH,2026-07-03,1986.2,2002.8,2049.5,1986.2,700460
NH,2026-07-06,2003.9,1999.1,2024.0,1970.8,285269
NH,2026-07-07,2019.0,2002.5,2020.0,1990.2,195048
NH,2026-07-08,1994.0,1978.6,2026.0,1957.0,221747
NH,2026-07-09,1979.0,1993.2,2014.0,1968.0,192019
NH,2026-07-10,2009.9,2027.3,2032.7,1991.1,158548
NH,2026-07-13,2025.0,2037.8,2043.0,2005.2,170207
NH,2026-07-14,2037.0,2007.2,2039.5,1995.0,185540
NH,2026-07-15,2017.0,2037.4,2044.9,2001.5,120756
NH,2026-07-16,2045.0,2034.8,2045.0,2016.0,140773
NH,2026-07-17,2038.0,2029.5,2043.0,2004.0,167206
NIACL,2026-04-17,169.91,167.34,171.23,166.5,2342157
NIACL,2026-04-20,166.54,164.95,168.95,163.5,1298774
NIACL,2026-04-21,165.0,163.7,166.3,163.01,958717
NIACL,2026-04-22,164.0,162.8,165.0,162.05,854051
NIACL,2026-04-23,162.99,164.15,175.0,162.3,5543702
NIACL,2026-04-24,164.5,163.95,165.6,161.4,1112868
NIACL,2026-04-27,165.3,165.67,167.25,162.61,1005954
NIACL,2026-04-28,166.8,163.52,166.8,163.0,649791
NIACL,2026-04-29,163.05,161.58,164.9,161.01,641447
NIACL,2026-04-30,161.0,160.6,163.0,157.2,972137
NIACL,2026-05-01,160.6,160.6,160.6,160.6,0
NIACL,2026-05-04,161.0,161.59,162.93,159.8,709101
NIACL,2026-05-05,161.6,161.65,164.99,160.8,790352
NIACL,2026-05-06,162.95,164.03,166.32,161.4,933044
NIACL,2026-05-07,165.0,164.99,166.0,163.31,648030
NIACL,2026-05-08,164.99,164.1,165.99,163.0,509483
NIACL,2026-05-11,163.21,163.13,165.44,160.1,749126
NIACL,2026-05-12,165.0,159.64,167.28,157.43,1545311
NIACL,2026-05-13,159.39,168.08,170.98,154.0,4243831
NIACL,2026-05-14,168.99,164.84,168.99,163.31,923840
NIACL,2026-05-15,165.0,165.02,169.15,163.04,1353742
NIACL,2026-05-18,163.5,162.59,163.5,158.05,811118
NIACL,2026-05-19,160.95,164.57,169.01,160.94,1246074
NIACL,2026-05-20,162.51,163.1,163.8,161.35,416938
NIACL,2026-05-21,163.1,166.08,169.6,162.4,1066435
NIACL,2026-05-22,165.54,164.64,166.45,163.55,385898
NIACL,2026-05-25,165.0,166.2,168.5,164.23,841058
NIACL,2026-05-26,166.37,162.76,167.78,162.16,687695
NIACL,2026-05-27,162.79,160.56,163.9,160.02,603901
NIACL,2026-05-28,160.56,160.56,160.56,160.56,0
NIACL,2026-05-29,161.3,157.42,161.58,156.56,541498
NIACL,2026-06-01,157.75,157.01,159.74,154.26,389741
NIACL,2026-06-02,155.06,149.32,156.67,146.6,1848048
NIACL,2026-06-03,148.25,147.18,149.57,145.58,715611
NIACL,2026-06-04,145.5,151.69,155.0,145.5,1584786
NIACL,2026-06-05,151.69,151.51,153.45,150.51,462350
NIACL,2026-06-08,149.0,149.54,151.55,148.0,281750
NIACL,2026-06-09,149.1,150.9,151.66,149.01,306662
NIACL,2026-06-10,151.0,150.19,153.27,149.32,366042
NIACL,2026-06-11,149.85,146.93,149.85,146.41,296423
NIACL,2026-06-12,148.0,152.8,153.5,147.7,637119
NIACL,2026-06-15,154.9,160.37,164.2,154.5,2158579
NIACL,2026-06-16,160.9,161.76,164.9,159.46,1166395
NIACL,2026-06-17,161.76,165.46,168.69,160.96,2002095
NIACL,2026-06-18,168.0,178.67,188.5,167.74,86100480
NIACL,2026-06-19,180.0,202.31,206.6,179.41,119622490
NIACL,2026-06-22,205.5,212.11,218.0,205.5,80921087
NIACL,2026-06-23,211.71,195.1,211.91,192.62,20861758
NIACL,2026-06-24,196.0,188.51,196.0,187.5,7723296
NIACL,2026-06-25,190.29,184.63,193.02,183.26,4204537
NIACL,2026-06-26,184.63,184.63,184.63,184.63,0
NIACL,2026-06-29,184.25,181.39,184.45,179.01,2208889
NIACL,2026-06-30,181.97,178.01,182.7,177.01,2759629
NIACL,2026-07-01,176.9,183.11,194.34,175.6,12897423
NIACL,2026-07-02,183.99,187.68,189.03,181.21,3045752
NIACL,2026-07-03,187.9,185.82,190.8,184.4,1805304
NIACL,2026-07-06,187.0,186.05,189.5,184.32,1497470
NIACL,2026-07-07,187.7,185.0,187.8,183.23,1357687
NIACL,2026-07-08,183.74,179.47,188.8,178.0,1806911
NIACL,2026-07-09,181.74,183.62,185.0,180.37,1018479
NIACL,2026-07-10,184.5,183.92,186.41,183.09,767460
NIACL,2026-07-13,176.5,181.82,185.0,176.45,1078709
NIACL,2026-07-14,181.83,177.24,182.5,176.5,772219
NIACL,2026-07-15,177.95,180.05,182.9,177.18,838144
NIACL,2026-07-16,181.82,178.14,182.0,177.12,558777
NIACL,2026-07-17,178.1,174.82,178.14,174.1,654443
NRBBEARING,2026-04-17,284.5,295.06,308.0,282.85,950547
NRBBEARING,2026-04-20,294.3,294.06,304.55,285.82,190466
NRBBEARING,2026-04-21,294.07,289.67,297.0,288.6,98910
NRBBEARING,2026-04-22,289.67,291.42,294.65,287.32,91024
NRBBEARING,2026-04-23,289.0,290.67,292.91,287.22,88425
NRBBEARING,2026-04-24,290.67,282.62,294.6,279.48,95781
NRBBEARING,2026-04-27,282.0,287.24,289.49,281.36,68926
NRBBEARING,2026-04-28,289.5,284.45,291.99,282.15,83967
NRBBEARING,2026-04-29,285.5,285.36,289.36,282.35,56347
NRBBEARING,2026-04-30,286.79,284.02,289.38,280.41,71544
NRBBEARING,2026-05-04,289.0,293.1,297.4,287.0,197046
NRBBEARING,2026-05-05,295.0,291.35,295.4,289.95,100311
NRBBEARING,2026-05-06,295.95,292.85,295.95,285.0,83459
NRBBEARING,2026-05-07,294.8,300.15,305.0,293.95,300403
NRBBEARING,2026-05-08,309.0,318.0,350.0,303.6,6760525
NRBBEARING,2026-05-11,323.8,326.6,336.8,318.0,1910836
NRBBEARING,2026-05-12,329.8,330.6,346.0,325.1,1977479
NRBBEARING,2026-05-13,330.3,340.8,353.5,327.0,1825777
NRBBEARING,2026-05-14,346.4,339.6,347.55,331.4,1061327
NRBBEARING,2026-05-15,341.0,346.9,356.95,338.0,1645031
NRBBEARING,2026-05-18,348.4,355.45,358.0,340.0,1070755
NRBBEARING,2026-05-19,358.8,356.7,365.75,352.3,852840
NRBBEARING,2026-05-20,353.0,357.95,365.0,352.5,500630
NRBBEARING,2026-05-21,363.0,366.95,370.95,357.55,659966
NRBBEARING,2026-05-22,368.8,373.9,379.0,359.85,826276
NRBBEARING,2026-05-25,379.0,386.15,388.5,378.0,929450
NRBBEARING,2026-05-26,389.0,384.6,390.0,375.15,504675
NRBBEARING,2026-05-27,385.05,381.8,390.0,378.3,335672
NRBBEARING,2026-05-28,381.8,381.8,381.8,381.8,0
NRBBEARING,2026-05-29,378.85,370.0,383.7,367.95,407103
NRBBEARING,2026-06-01,374.0,360.1,374.0,356.85,493896
NRBBEARING,2026-06-02,356.9,356.45,361.4,352.15,220704
NRBBEARING,2026-06-03,354.55,357.35,361.2,349.45,267676
NRBBEARING,2026-06-04,356.4,371.6,379.95,355.55,614883
NRBBEARING,2026-06-05,376.0,385.65,391.7,370.05,792877
NRBBEARING,2026-06-08,387.6,428.35,451.0,387.55,20090586
NRBBEARING,2026-06-09,434.95,438.95,447.3,415.2,3552328
NRBBEARING,2026-06-10,440.0,436.2,455.8,433.5,1775425
NRBBEARING,2026-06-11,435.0,435.7,446.4,429.6,874828
NRBBEARING,2026-06-12,440.0,425.85,450.0,423.6,605683
NRBBEARING,2026-06-15,438.0,430.05,444.0,427.35,467062
NRBBEARING,2026-06-16,435.4,425.85,436.45,421.0,365398
NRBBEARING,2026-06-17,425.6,420.6,432.0,418.35,300512
NRBBEARING,2026-06-18,420.6,419.8,427.8,412.6,277122
NRBBEARING,2026-06-19,419.8,428.25,432.85,417.2,434365
NRBBEARING,2026-06-22,438.5,428.6,442.3,425.1,324056
NRBBEARING,2026-06-23,428.6,424.75,443.45,421.35,485093
NRBBEARING,2026-06-24,426.25,429.6,438.8,426.25,360032
NRBBEARING,2026-06-25,433.4,429.2,435.8,426.0,207046
NRBBEARING,2026-06-26,429.2,429.2,429.2,429.2,0
NRBBEARING,2026-06-29,432.0,429.8,440.0,401.55,1102151
NRBBEARING,2026-06-30,440.0,444.0,467.6,425.65,3608310
NRBBEARING,2026-07-01,448.75,423.65,449.25,421.5,860559
NRBBEARING,2026-07-02,426.0,437.8,439.25,425.1,437647
NRBBEARING,2026-07-03,439.0,423.15,439.35,415.0,642727
NRBBEARING,2026-07-06,425.0,419.35,426.2,417.0,228894
NRBBEARING,2026-07-07,423.0,433.0,437.5,416.6,561735
NRBBEARING,2026-07-08,433.0,424.95,443.1,418.0,600671
NRBBEARING,2026-07-09,427.0,422.65,434.95,419.4,367470
NRBBEARING,2026-07-10,424.05,428.95,430.95,423.0,186472
NRBBEARING,2026-07-13,430.0,424.1,438.95,420.1,315919
NRBBEARING,2026-07-14,424.95,421.8,429.7,416.1,229895
NRBBEARING,2026-07-15,424.4,423.25,430.05,418.0,212950
NRBBEARING,2026-07-16,423.65,421.15,425.8,420.2,151714
NRBBEARING,2026-07-17,424.9,407.4,428.35,398.0,486319
NUVAMA,2026-04-17,1366.8,1400.7,1410.0,1360.1,368879
NUVAMA,2026-04-20,1406.9,1379.1,1415.0,1371.0,368094
NUVAMA,2026-04-21,1381.4,1391.5,1398.0,1376.5,206871
NUVAMA,2026-04-22,1387.2,1371.7,1404.0,1368.4,514586
NUVAMA,2026-04-23,1363.3,1376.7,1382.0,1360.0,241228
NUVAMA,2026-04-24,1379.0,1346.0,1389.9,1335.0,409547
NUVAMA,2026-04-27,1350.0,1359.6,1373.5,1347.0,245456
NUVAMA,2026-04-28,1353.5,1378.3,1391.2,1353.5,315010
NUVAMA,2026-04-29,1386.0,1346.0,1392.0,1341.4,315419
NUVAMA,2026-04-30,1346.0,1326.5,1346.0,1313.1,355394
NUVAMA,2026-05-01,1326.5,1326.5,1326.5,1326.5,0
NUVAMA,2026-05-04,1335.7,1329.3,1347.8,1316.0,353009
NUVAMA,2026-05-05,1334.1,1351.1,1364.7,1318.4,928587
NUVAMA,2026-05-06,1365.0,1413.6,1439.0,1360.7,683716
NUVAMA,2026-05-07,1420.0,1474.5,1478.6,1402.0,980887
NUVAMA,2026-05-08,1474.5,1631.5,1647.9,1462.3,5943190
NUVAMA,2026-05-11,1626.0,1598.8,1635.6,1585.2,901596
NUVAMA,2026-05-12,1575.0,1548.2,1598.0,1542.8,747332
NUVAMA,2026-05-13,1541.1,1519.3,1563.6,1515.4,329597
NUVAMA,2026-05-14,1521.1,1477.9,1524.0,1455.9,649768
NUVAMA,2026-05-15,1472.0,1458.5,1505.4,1453.7,447569
NUVAMA,2026-05-18,1448.0,1439.6,1458.5,1417.1,588115
NUVAMA,2026-05-19,1439.6,1467.2,1489.6,1426.4,776569
NUVAMA,2026-05-20,1468.0,1476.2,1483.0,1437.0,450344
NUVAMA,2026-05-21,1495.0,1499.0,1514.9,1474.0,376993
NUVAMA,2026-05-22,1500.0,1480.9,1509.5,1467.5,220152
NUVAMA,2026-05-25,1480.1,1504.8,1519.0,1480.1,402061
NUVAMA,2026-05-26,1504.9,1513.4,1534.9,1490.8,503960
NUVAMA,2026-05-27,1513.4,1537.2,1541.7,1505.1,338454
NUVAMA,2026-05-28,1537.2,1537.2,1537.2,1537.2,0
NUVAMA,2026-05-29,1538.0,1554.6,1577.3,1522.2,665522
NUVAMA,2026-06-01,1567.7,1557.0,1595.0,1544.3,602457
NUVAMA,2026-06-02,1545.6,1573.4,1580.0,1527.6,627948
NUVAMA,2026-06-03,1568.0,1558.1,1574.2,1525.9,773233
NUVAMA,2026-06-04,1561.0,1566.6,1574.8,1545.5,260107
NUVAMA,2026-06-05,1580.0,1574.4,1586.8,1555.0,335047
NUVAMA,2026-06-08,1556.0,1539.8,1572.0,1506.1,317120
NUVAMA,2026-06-09,1539.0,1556.8,1572.0,1527.5,322056
NUVAMA,2026-06-10,1570.0,1522.2,1600.0,1515.2,506210
NUVAMA,2026-06-11,1506.1,1510.2,1538.7,1497.6,581421
NUVAMA,2026-06-12,1539.0,1588.1,1597.9,1521.5,474650
NUVAMA,2026-06-15,1625.1,1660.9,1686.7,1615.8,978451
NUVAMA,2026-06-16,1670.4,1660.7,1675.5,1626.1,398675
NUVAMA,2026-06-17,1665.5,1726.7,1735.2,1663.2,886482
NUVAMA,2026-06-18,1740.0,1720.4,1779.0,1704.6,696726
NUVAMA,2026-06-19,1688.0,1739.6,1747.8,1688.0,393516
NUVAMA,2026-06-22,1739.6,1740.8,1759.3,1721.0,360408
NUVAMA,2026-06-23,1740.8,1716.6,1758.5,1710.0,458412
NUVAMA,2026-06-24,1725.0,1736.3,1755.0,1716.2,367408
NUVAMA,2026-06-25,1739.1,1748.6,1779.9,1725.0,503706
NUVAMA,2026-06-26,1748.6,1748.6,1748.6,1748.6,0
NUVAMA,2026-06-29,1731.1,1771.2,1787.3,1731.1,532376
NUVAMA,2026-06-30,1780.0,1806.4,1825.0,1779.8,966967
NUVAMA,2026-07-01,1810.0,1788.1,1820.0,1764.9,167889
NUVAMA,2026-07-02,1800.0,1819.1,1824.0,1789.0,226238
NUVAMA,2026-07-03,1840.0,1887.5,1955.0,1827.9,1946356
NUVAMA,2026-07-06,1878.2,1869.4,1887.1,1846.0,324473
NUVAMA,2026-07-07,1869.9,1917.1,1927.8,1860.1,482266
NUVAMA,2026-07-08,1901.0,1848.1,1917.0,1835.0,424683
NUVAMA,2026-07-09,1860.0,1934.6,1950.0,1859.8,524922
NUVAMA,2026-07-10,1960.0,1977.6,1993.7,1943.8,512282
NUVAMA,2026-07-13,1950.1,1919.7,1981.6,1903.6,348951
NUVAMA,2026-07-14,1898.4,1933.9,1965.0,1885.2,466429
NUVAMA,2026-07-15,1935.3,1919.3,1955.0,1910.2,251997
NUVAMA,2026-07-16,1930.0,1846.4,1931.4,1841.6,333386
NUVAMA,2026-07-17,1840.0,1863.1,1872.9,1821.4,216726
OFSS,2026-04-17,7795.0,7992.5,8020.0,7716.0,175320
OFSS,2026-04-20,8063.5,8082.5,8175.0,7917.5,271398
OFSS,2026-04-21,8130.0,7931.0,8167.5,7885.0,215428
OFSS,2026-04-22,7878.0,8126.5,8168.0,7837.0,439033
OFSS,2026-04-23,8430.0,8791.5,8900.0,8261.0,2646355
OFSS,2026-04-24,8820.0,8949.0,9013.5,8752.5,590278
OFSS,2026-04-27,9050.0,9360.0,9490.0,9010.0,843945
OFSS,2026-04-28,9400.0,9570.0,9624.5,9380.0,591393
OFSS,2026-04-29,9585.5,9688.0,9810.0,9575.0,473232
OFSS,2026-04-30,9715.0,9726.5,9825.0,9611.0,360954
OFSS,2026-05-01,9726.5,9726.5,9726.5,9726.5,0
OFSS,2026-05-04,9885.5,9730.0,9898.0,9645.0,347883
OFSS,2026-05-05,9770.0,9707.0,9860.0,9654.5,245385
OFSS,2026-05-06,9794.0,9694.5,9804.0,9650.0,250721
OFSS,2026-05-07,9475.0,9498.5,9547.5,9410.0,310150
OFSS,2026-05-08,9500.5,9345.5,9580.0,9301.0,198264
OFSS,2026-05-11,9395.0,9239.5,9401.5,9190.0,126412
OFSS,2026-05-12,9201.0,9010.5,9235.0,8985.0,165795
OFSS,2026-05-13,9000.0,8928.5,9090.0,8910.0,115580
OFSS,2026-05-14,8930.0,8904.5,8960.0,8646.5,169127
OFSS,2026-05-15,8904.0,9015.0,9200.0,8904.0,309380
OFSS,2026-05-18,9015.0,9408.5,9464.5,8949.5,332444
OFSS,2026-05-19,9465.0,9646.0,9999.0,9465.0,446973
OFSS,2026-05-20,9640.0,9703.5,9915.0,9597.5,306099
OFSS,2026-05-21,9808.0,9730.5,9819.5,9652.0,136752
OFSS,2026-05-22,9770.0,9525.0,9770.0,9454.5,200614
OFSS,2026-05-25,9530.0,9703.0,9837.5,9500.0,184137
OFSS,2026-05-26,9711.5,9882.0,9917.0,9594.0,259841
OFSS,2026-05-27,9950.0,10299.5,10380.5,9911.0,450281
OFSS,2026-05-28,10299.5,10299.5,10299.5,10299.5,0
OFSS,2026-05-29,10345.5,9964.0,10584.5,9900.0,682054
OFSS,2026-06-01,10069.0,10191.0,10291.0,10063.0,362417
OFSS,2026-06-02,10290.0,10344.5,10475.5,10176.5,528415
OFSS,2026-06-03,10300.0,9997.5,10300.5,9933.5,235347
OFSS,2026-06-04,9875.0,10098.0,10209.0,9775.0,277226
OFSS,2026-06-05,10175.0,9936.5,10198.0,9908.5,197221
OFSS,2026-06-08,9800.0,9756.0,10000.0,9689.0,160714
OFSS,2026-06-09,9841.0,9639.5,9862.0,9434.0,252133
OFSS,2026-06-10,9701.5,9470.0,9757.0,9440.0,147749
OFSS,2026-06-11,9349.5,9265.5,9439.0,9050.0,385982
OFSS,2026-06-12,9350.0,9327.5,9409.0,9226.5,149536
OFSS,2026-06-15,9500.0,9373.0,9517.0,9350.5,111550
OFSS,2026-06-16,9425.0,9500.5,9580.5,9357.0,257188
OFSS,2026-06-17,9545.0,9444.5,9609.0,9380.0,151082
OFSS,2026-06-18,9480.0,9399.5,9482.5,9306.5,116249
OFSS,2026-06-19,9200.0,9638.5,9695.0,9127.5,254329
OFSS,2026-06-22,9700.0,9731.5,9849.5,9668.0,253004
OFSS,2026-06-23,9720.0,9862.5,9925.0,9614.0,262646
OFSS,2026-06-24,9903.0,10468.5,10510.0,9874.5,743926
OFSS,2026-06-25,10504.0,10974.5,11035.0,10411.0,1072182
OFSS,2026-06-26,10974.5,10974.5,10974.5,10974.5,0
OFSS,2026-06-29,10974.5,10874.5,11055.0,10770.0,468469
OFSS,2026-06-30,10874.5,10775.5,10950.0,10710.0,264308
OFSS,2026-07-01,10665.0,10863.0,11130.0,10550.0,310310
OFSS,2026-07-02,10971.0,10986.0,11275.0,10952.0,356692
OFSS,2026-07-03,11000.0,11248.0,11279.0,10936.0,307902
OFSS,2026-07-06,11260.0,11071.0,11360.0,11043.0,121818
OFSS,2026-07-07,11159.0,11097.0,11230.0,11045.0,153695
OFSS,2026-07-08,11101.0,11002.0,11192.0,10932.0,156666
OFSS,2026-07-09,11003.0,11134.0,11245.0,10780.0,268180
OFSS,2026-07-10,11340.0,11651.0,11685.0,11249.0,462353
OFSS,2026-07-13,11625.0,11746.0,11958.0,11549.0,475460
OFSS,2026-07-14,11740.0,11646.0,11886.0,11607.0,243706
OFSS,2026-07-15,11650.0,11625.0,11800.0,11553.0,247577
OFSS,2026-07-16,11670.0,11681.0,11825.0,11635.0,254721
OFSS,2026-07-17,11709.0,11771.0,11850.0,11337.0,299599
OLECTRA,2026-04-17,1220.5,1225.15,1238.0,1212.5,554174
OLECTRA,2026-04-20,1228.0,1196.9,1229.7,1189.5,491074
OLECTRA,2026-04-21,1198.0,1222.05,1244.0,1195.0,828376
OLECTRA,2026-04-22,1224.0,1223.1,1240.0,1218.0,562773
OLECTRA,2026-04-23,1221.1,1223.9,1253.9,1215.1,690212
OLECTRA,2026-04-24,1228.0,1202.8,1234.0,1190.05,495740
OLECTRA,2026-04-27,1212.0,1237.35,1247.5,1208.8,619855
OLECTRA,2026-04-28,1236.95,1286.0,1295.0,1233.4,1958637
OLECTRA,2026-04-29,1300.0,1256.85,1307.0,1251.0,819251
OLECTRA,2026-04-30,1244.05,1245.6,1278.8,1220.0,615721
OLECTRA,2026-05-01,1245.6,1245.6,1245.6,1245.6,0
OLECTRA,2026-05-04,1245.9,1249.8,1277.0,1230.5,619830
OLECTRA,2026-05-05,1248.4,1245.9,1261.0,1232.0,417183
OLECTRA,2026-05-06,1254.0,1273.8,1280.0,1252.4,446357
OLECTRA,2026-05-07,1280.1,1269.8,1288.9,1264.0,313247
OLECTRA,2026-05-08,1269.0,1340.7,1397.9,1255.6,3369526
OLECTRA,2026-05-11,1355.0,1370.0,1395.0,1351.4,2296754
OLECTRA,2026-05-12,1365.0,1270.0,1374.0,1260.2,1190124
OLECTRA,2026-05-13,1266.0,1280.7,1306.9,1263.0,546432
OLECTRA,2026-05-14,1285.0,1265.8,1292.9,1240.0,389265
OLECTRA,2026-05-15,1269.0,1237.7,1276.7,1231.5,388678
OLECTRA,2026-05-18,1219.7,1204.7,1224.2,1175.0,471353
OLECTRA,2026-05-19,1210.0,1219.6,1240.0,1202.0,402508
OLECTRA,2026-05-20,1210.0,1220.8,1262.0,1187.2,1027944
OLECTRA,2026-05-21,1231.5,1210.7,1238.9,1204.8,346243
OLECTRA,2026-05-22,1210.7,1207.7,1224.9,1202.9,249774
OLECTRA,2026-05-25,1225.0,1218.7,1242.9,1214.4,338900
OLECTRA,2026-05-26,1219.0,1229.9,1243.9,1214.0,343711
OLECTRA,2026-05-27,1232.0,1227.8,1239.8,1223.3,302931
OLECTRA,2026-05-28,1227.8,1227.8,1227.8,1227.8,0
OLECTRA,2026-05-29,1234.0,1180.0,1239.0,1166.4,482544
OLECTRA,2026-06-01,1255.0,1230.6,1289.5,1221.1,3564511
OLECTRA,2026-06-02,1225.3,1285.2,1304.9,1219.4,2017388
OLECTRA,2026-06-03,1298.1,1321.2,1336.9,1262.0,1294151
OLECTRA,2026-06-04,1331.0,1321.3,1393.0,1311.1,2530570
OLECTRA,2026-06-05,1334.0,1290.8,1334.0,1280.0,771641
OLECTRA,2026-06-08,1265.0,1240.0,1276.8,1235.0,427630
OLECTRA,2026-06-09,1249.0,1300.0,1308.0,1246.2,788243
OLECTRA,2026-06-10,1300.0,1276.4,1327.8,1270.1,653413
OLECTRA,2026-06-11,1264.5,1252.4,1281.9,1243.6,417873
OLECTRA,2026-06-12,1270.1,1296.0,1300.0,1269.0,711141
OLECTRA,2026-06-15,1312.0,1275.0,1320.0,1270.0,536439
OLECTRA,2026-06-16,1286.0,1270.4,1290.0,1257.2,405722
OLECTRA,2026-06-17,1273.7,1354.9,1367.5,1270.7,2000850
OLECTRA,2026-06-18,1360.4,1446.6,1454.0,1343.0,3590500
OLECTRA,2026-06-19,1443.9,1520.3,1534.7,1435.2,4118033
OLECTRA,2026-06-22,1530.0,1523.2,1552.9,1506.0,1382655
OLECTRA,2026-06-23,1524.0,1501.5,1541.1,1481.2,802440
OLECTRA,2026-06-24,1501.5,1492.1,1540.0,1479.3,919770
OLECTRA,2026-06-25,1498.0,1493.4,1523.6,1450.4,889667
OLECTRA,2026-06-26,1493.4,1493.4,1493.4,1493.4,0
OLECTRA,2026-06-29,1505.0,1474.1,1519.0,1465.2,636004
OLECTRA,2026-06-30,1481.2,1499.6,1516.0,1451.6,823835
OLECTRA,2026-07-01,1508.5,1512.4,1546.0,1505.0,1229584
OLECTRA,2026-07-02,1522.0,1537.8,1556.0,1502.5,1105484
OLECTRA,2026-07-03,1544.0,1490.0,1544.6,1460.0,1554913
OLECTRA,2026-07-06,1498.9,1479.2,1505.7,1468.0,487877
OLECTRA,2026-07-07,1479.2,1415.8,1480.1,1406.0,775247
OLECTRA,2026-07-08,1411.2,1394.7,1447.0,1380.0,730940
OLECTRA,2026-07-09,1402.6,1396.0,1424.9,1390.5,351304
OLECTRA,2026-07-10,1406.4,1423.6,1468.0,1406.4,696265
OLECTRA,2026-07-13,1415.5,1401.2,1417.9,1387.9,485645
OLECTRA,2026-07-14,1392.6,1378.2,1397.2,1372.0,283029
OLECTRA,2026-07-15,1383.3,1388.1,1398.0,1371.2,278134
OLECTRA,2026-07-16,1390.9,1380.8,1393.3,1370.7,218304
OLECTRA,2026-07-17,1380.8,1346.7,1384.2,1341.0,330801
ORIENTHOT,2026-04-17,99.0,98.69,101.0,96.94,390510
ORIENTHOT,2026-04-20,99.02,97.15,99.82,96.65,185025
ORIENTHOT,2026-04-21,97.21,98.66,100.88,97.11,276872
ORIENTHOT,2026-04-22,98.01,99.21,99.78,98.01,123813
ORIENTHOT,2026-04-23,98.99,97.68,98.99,96.91,222751
ORIENTHOT,2026-04-24,97.98,95.73,98.4,95.04,102688
ORIENTHOT,2026-04-27,96.2,99.18,100.48,96.2,159754
ORIENTHOT,2026-04-28,99.18,99.86,101.95,99.18,251312
ORIENTHOT,2026-04-29,100.0,100.1,102.08,99.4,132110
ORIENTHOT,2026-04-30,99.85,99.35,99.89,97.82,50819
ORIENTHOT,2026-05-01,99.35,99.35,99.35,99.35,0
ORIENTHOT,2026-05-04,99.35,99.08,104.77,94.07,1380991
ORIENTHOT,2026-05-05,99.0,103.67,104.8,98.51,557730
ORIENTHOT,2026-05-06,103.73,106.22,110.26,102.84,662080
ORIENTHOT,2026-05-07,106.33,108.41,110.64,105.36,229068
ORIENTHOT,2026-05-08,108.95,108.05,109.5,105.63,180803
ORIENTHOT,2026-05-11,107.0,103.25,107.0,102.38,119645
ORIENTHOT,2026-05-12,103.25,98.95,104.08,98.3,129944
ORIENTHOT,2026-05-13,98.95,98.79,99.93,98.5,60437
ORIENTHOT,2026-05-14,98.79,98.71,99.89,96.74,82170
ORIENTHOT,2026-05-15,98.17,101.1,102.98,97.59,181656
ORIENTHOT,2026-05-18,98.5,97.57,99.29,97.0,89523
ORIENTHOT,2026-05-19,97.57,96.32,98.98,95.52,145857
ORIENTHOT,2026-05-20,95.69,96.8,96.99,95.14,48788
ORIENTHOT,2026-05-21,97.9,97.91,98.56,97.4,100473
ORIENTHOT,2026-05-22,98.41,99.13,99.6,97.45,77992
ORIENTHOT,2026-05-25,100.0,99.69,103.0,99.1,157252
ORIENTHOT,2026-05-26,99.9,98.87,100.02,97.3,128950
ORIENTHOT,2026-05-27,98.01,97.55,99.43,96.6,118531
ORIENTHOT,2026-05-28,97.55,97.55,97.55,97.55,0
ORIENTHOT,2026-05-29,100.0,95.54,100.0,94.4,383282
ORIENTHOT,2026-06-01,96.0,98.44,99.65,95.12,344772
ORIENTHOT,2026-06-02,97.7,99.78,100.65,96.68,141023
ORIENTHOT,2026-06-03,99.7,101.08,102.19,98.56,207710
ORIENTHOT,2026-06-04,100.32,98.73,101.33,97.7,71912
ORIENTHOT,2026-06-05,98.73,102.12,105.5,98.52,279764
ORIENTHOT,2026-06-08,102.21,105.01,105.95,102.21,626699
ORIENTHOT,2026-06-09,105.01,103.0,105.54,102.31,125964
ORIENTHOT,2026-06-10,103.62,101.5,103.62,100.6,120362
ORIENTHOT,2026-06-11,101.0,103.32,105.9,98.64,308094
ORIENTHOT,2026-06-12,103.32,108.32,109.7,102.42,382756
ORIENTHOT,2026-06-15,109.9,118.94,120.9,108.01,1375112
ORIENTHOT,2026-06-16,118.55,118.94,120.0,116.12,252693
ORIENTHOT,2026-06-17,118.94,113.12,119.85,112.0,449279
ORIENTHOT,2026-06-18,113.0,119.72,120.9,112.17,995837
ORIENTHOT,2026-06-19,119.0,121.31,123.8,118.0,578505
ORIENTHOT,2026-06-22,124.0,120.33,125.0,119.0,417715
ORIENTHOT,2026-06-23,120.11,141.44,144.39,115.8,27279137
ORIENTHOT,2026-06-24,141.45,139.17,145.88,134.6,7810457
ORIENTHOT,2026-06-25,140.58,139.32,145.19,138.0,1776677
ORIENTHOT,2026-06-26,139.32,139.32,139.32,139.32,0
ORIENTHOT,2026-06-29,138.01,141.13,142.1,135.77,843663
ORIENTHOT,2026-06-30,140.89,140.88,141.95,139.0,357746
ORIENTHOT,2026-07-01,141.45,137.38,142.47,135.2,467036
ORIENTHOT,2026-07-02,137.9,141.16,145.0,137.9,1464614
ORIENTHOT,2026-07-03,140.0,139.26,140.86,137.01,334564
ORIENTHOT,2026-07-06,140.82,138.27,144.8,137.25,371274
ORIENTHOT,2026-07-07,138.64,137.88,140.19,135.1,328068
ORIENTHOT,2026-07-08,136.04,129.41,138.48,128.2,650887
ORIENTHOT,2026-07-09,129.0,135.31,140.0,129.0,446031
ORIENTHOT,2026-07-10,135.5,133.53,137.72,131.71,300278
ORIENTHOT,2026-07-13,132.4,133.41,136.69,131.35,383702
ORIENTHOT,2026-07-14,132.96,133.98,138.53,132.67,415749
ORIENTHOT,2026-07-15,134.37,129.41,137.0,124.45,1430968
ORIENTHOT,2026-07-16,131.87,127.67,131.87,126.0,394692
ORIENTHOT,2026-07-17,127.6,126.61,129.99,125.0,335429
ORIENTTECH,2026-04-17,286.61,294.77,297.96,284.5,340160
ORIENTTECH,2026-04-20,295.0,287.3,296.49,285.05,189364
ORIENTTECH,2026-04-21,287.0,289.09,292.0,286.0,117966
ORIENTTECH,2026-04-22,287.0,287.85,291.82,286.0,118857
ORIENTTECH,2026-04-23,286.77,278.02,290.22,276.9,170856
ORIENTTECH,2026-04-24,279.99,278.2,284.92,271.8,341750
ORIENTTECH,2026-04-27,282.74,286.26,287.99,278.2,123278
ORIENTTECH,2026-04-28,286.26,281.32,289.95,280.0,114112
ORIENTTECH,2026-04-29,283.55,275.12,285.32,274.31,120435
ORIENTTECH,2026-04-30,277.31,272.98,284.89,271.0,211927
ORIENTTECH,2026-05-01,272.98,272.98,272.98,272.98,0
ORIENTTECH,2026-05-04,277.05,273.2,277.9,272.0,114144
ORIENTTECH,2026-05-05,273.0,273.65,281.7,270.3,136853
ORIENTTECH,2026-05-06,275.9,284.95,286.9,275.9,245973
ORIENTTECH,2026-05-07,293.0,311.85,332.8,290.95,3933310
ORIENTTECH,2026-05-08,318.95,316.65,322.85,311.2,677435
ORIENTTECH,2026-05-11,315.8,307.6,315.8,305.15,293457
ORIENTTECH,2026-05-12,307.55,284.0,307.55,281.1,364737
ORIENTTECH,2026-05-13,284.0,280.7,288.25,278.3,224681
ORIENTTECH,2026-05-14,282.95,272.55,284.95,270.5,240753
ORIENTTECH,2026-05-15,272.0,275.7,280.0,272.0,209795
ORIENTTECH,2026-05-18,274.05,265.05,274.05,260.5,213028
ORIENTTECH,2026-05-19,264.15,267.7,275.4,264.15,178864
ORIENTTECH,2026-05-20,265.0,269.85,271.65,262.8,106824
ORIENTTECH,2026-05-21,274.8,271.95,276.9,270.6,112796
ORIENTTECH,2026-05-22,274.0,272.8,281.7,266.7,169820
ORIENTTECH,2026-05-25,278.0,278.35,282.5,275.0,161628
ORIENTTECH,2026-05-26,279.8,286.5,296.0,277.55,300757
ORIENTTECH,2026-05-27,287.0,282.75,290.8,280.2,179718
ORIENTTECH,2026-05-28,282.75,282.75,282.75,282.75,0
ORIENTTECH,2026-05-29,267.25,266.75,271.9,265.0,368436
ORIENTTECH,2026-06-01,264.1,265.7,272.0,264.0,153654
ORIENTTECH,2026-06-02,266.2,269.25,273.8,264.2,155734
ORIENTTECH,2026-06-03,268.95,265.35,269.2,263.1,93783
ORIENTTECH,2026-06-04,261.25,263.75,268.95,261.25,116562
ORIENTTECH,2026-06-05,264.0,263.05,268.7,261.5,82468
ORIENTTECH,2026-06-08,261.9,254.85,261.9,253.35,120727
ORIENTTECH,2026-06-09,254.85,255.35,258.95,250.0,171496
ORIENTTECH,2026-06-10,255.1,249.15,256.95,248.0,97985
ORIENTTECH,2026-06-11,249.0,245.1,249.0,242.1,91841
ORIENTTECH,2026-06-12,246.9,253.35,254.9,246.9,73002
ORIENTTECH,2026-06-15,257.0,259.75,263.5,257.0,130608
ORIENTTECH,2026-06-16,262.0,261.25,263.0,257.8,95451
ORIENTTECH,2026-06-17,262.0,260.7,265.8,260.0,82993
ORIENTTECH,2026-06-18,260.0,258.2,264.8,256.2,128653
ORIENTTECH,2026-06-19,258.2,254.7,258.35,252.3,101319
ORIENTTECH,2026-06-22,254.7,257.25,260.95,254.05,82414
ORIENTTECH,2026-06-23,260.75,251.0,260.75,250.0,134819
ORIENTTECH,2026-06-24,252.0,251.9,254.85,248.8,68812
ORIENTTECH,2026-06-25,253.8,248.95,254.9,248.1,85852
ORIENTTECH,2026-06-26,248.95,248.95,248.95,248.95,0
ORIENTTECH,2026-06-29,248.8,245.5,248.8,244.55,55397
ORIENTTECH,2026-06-30,245.5,246.85,249.0,244.6,48650
ORIENTTECH,2026-07-01,246.06,244.05,249.65,242.82,71181
ORIENTTECH,2026-07-02,243.24,263.55,277.8,243.24,8018040
ORIENTTECH,2026-07-03,265.0,264.17,270.95,260.24,469452
ORIENTTECH,2026-07-06,262.8,256.39,262.8,254.5,138271
ORIENTTECH,2026-07-07,255.35,253.39,257.89,252.0,76877
ORIENTTECH,2026-07-08,253.0,247.3,259.0,245.5,100300
ORIENTTECH,2026-07-09,248.0,248.29,252.62,247.01,70050
ORIENTTECH,2026-07-10,250.1,251.96,258.9,250.1,114100
ORIENTTECH,2026-07-13,252.11,258.8,263.89,249.41,250953
ORIENTTECH,2026-07-14,258.6,280.8,298.6,256.21,17335944
ORIENTTECH,2026-07-15,286.33,284.0,303.4,277.01,7083509
ORIENTTECH,2026-07-16,283.01,272.39,283.67,270.05,573697
ORIENTTECH,2026-07-17,272.39,276.88,282.8,262.93,980983
PAGEIND,2026-04-17,37085.0,37975.0,38275.0,37080.0,65200
PAGEIND,2026-04-20,37900.0,38405.0,38500.0,37320.0,48678
PAGEIND,2026-04-21,38405.0,37960.0,38500.0,37910.0,17653
PAGEIND,2026-04-22,38015.0,37855.0,38150.0,37750.0,41546
PAGEIND,2026-04-23,37830.0,37965.0,38285.0,37270.0,30053
PAGEIND,2026-04-24,37900.0,37665.0,38250.0,37565.0,17217
PAGEIND,2026-04-27,37765.0,37705.0,38190.0,37325.0,18426
PAGEIND,2026-04-28,37800.0,37505.0,37800.0,37205.0,22189
PAGEIND,2026-04-29,37725.0,36845.0,37725.0,36700.0,17895
PAGEIND,2026-04-30,36975.0,36785.0,37190.0,36230.0,16635
PAGEIND,2026-05-04,36915.0,36955.0,37270.0,36735.0,12569
PAGEIND,2026-05-05,37070.0,37400.0,37500.0,36770.0,12718
PAGEIND,2026-05-06,37295.0,37540.0,37740.0,37160.0,13111
PAGEIND,2026-05-07,37405.0,37345.0,37700.0,37120.0,10206
PAGEIND,2026-05-08,37200.0,37365.0,37500.0,36840.0,17425
PAGEIND,2026-05-11,37220.0,36245.0,37305.0,36120.0,8262
PAGEIND,2026-05-12,36390.0,35085.0,36390.0,34950.0,11288
PAGEIND,2026-05-13,35115.0,35330.0,35830.0,34720.0,10091
PAGEIND,2026-05-14,35395.0,36125.0,36535.0,35345.0,21084
PAGEIND,2026-05-15,36125.0,36820.0,36900.0,36065.0,19744
PAGEIND,2026-05-18,36640.0,37505.0,37590.0,36210.0,13482
PAGEIND,2026-05-19,37580.0,38700.0,38850.0,37390.0,47817
PAGEIND,2026-05-20,38620.0,38285.0,38700.0,38020.0,19379
PAGEIND,2026-05-21,38450.0,38380.0,39600.0,37625.0,88001
PAGEIND,2026-05-22,39420.0,39455.0,40490.0,38320.0,141220
PAGEIND,2026-05-25,39495.0,38545.0,40140.0,38450.0,32772
PAGEIND,2026-05-26,38600.0,38305.0,38695.0,38095.0,12995
PAGEIND,2026-05-27,38190.0,38145.0,38410.0,37930.0,14501
PAGEIND,2026-05-28,38145.0,38145.0,38145.0,38145.0,0
PAGEIND,2026-05-29,38010.0,38195.0,38680.0,37630.0,84377
PAGEIND,2026-06-01,38100.0,37225.0,38800.0,37040.0,31720
PAGEIND,2026-06-02,37025.0,37365.0,37465.0,36585.0,27490
PAGEIND,2026-06-03,37220.0,37565.0,37820.0,37140.0,10391
PAGEIND,2026-06-04,37310.0,38835.0,38945.0,37255.0,39453
PAGEIND,2026-06-05,38945.0,38345.0,39090.0,38180.0,18046
PAGEIND,2026-06-08,38290.0,38550.0,38700.0,37750.0,15559
PAGEIND,2026-06-09,38415.0,38905.0,39000.0,38325.0,18287
PAGEIND,2026-06-10,38760.0,37955.0,39370.0,37890.0,17640
PAGEIND,2026-06-11,37890.0,37740.0,38420.0,37545.0,24551
PAGEIND,2026-06-12,37955.0,38625.0,38850.0,37955.0,13311
PAGEIND,2026-06-15,39000.0,39195.0,39735.0,38875.0,13715
PAGEIND,2026-06-16,39200.0,39065.0,39530.0,38900.0,16356
PAGEIND,2026-06-17,39065.0,39300.0,39480.0,39000.0,11220
PAGEIND,2026-06-18,39490.0,40180.0,40350.0,39225.0,35123
PAGEIND,2026-06-19,40000.0,39975.0,40480.0,39545.0,84195
PAGEIND,2026-06-22,39995.0,39320.0,40440.0,39200.0,47156
PAGEIND,2026-06-23,39660.0,39975.0,40250.0,39440.0,18975
PAGEIND,2026-06-24,39975.0,40885.0,41045.0,39450.0,42399
PAGEIND,2026-06-25,40700.0,40950.0,41905.0,40440.0,66796
PAGEIND,2026-06-26,40950.0,40950.0,40950.0,40950.0,0
PAGEIND,2026-06-29,41000.0,40405.0,41600.0,40225.0,41754
PAGEIND,2026-06-30,40780.0,41370.0,41740.0,40400.0,43917
PAGEIND,2026-07-01,42225.0,43610.0,43855.0,42225.0,86856
PAGEIND,2026-07-02,43500.0,42885.0,43645.0,42760.0,42493
PAGEIND,2026-07-03,42900.0,42800.0,43300.0,42580.0,26184
PAGEIND,2026-07-06,42650.0,42510.0,42810.0,42250.0,21383
PAGEIND,2026-07-07,42290.0,41780.0,42690.0,41595.0,40873
PAGEIND,2026-07-08,41765.0,41415.0,42785.0,41245.0,72900
PAGEIND,2026-07-09,41640.0,40615.0,41680.0,39510.0,72097
PAGEIND,2026-07-10,40605.0,39395.0,40915.0,39250.0,46753
PAGEIND,2026-07-13,39400.0,39955.0,40360.0,39300.0,36709
PAGEIND,2026-07-14,40000.0,40530.0,40630.0,39675.0,24622
PAGEIND,2026-07-15,40600.0,40395.0,40980.0,40105.0,24410
PAGEIND,2026-07-16,40650.0,40460.0,40925.0,40195.0,34750
PAGEIND,2026-07-17,40395.0,39900.0,40435.0,39650.0,18420
PARACABLES,2026-04-17,38.4,40.4,41.39,38.01,2257425
PARACABLES,2026-04-20,40.55,38.58,40.7,38.44,745363
PARACABLES,2026-04-21,39.3,38.12,39.55,37.67,734406
PARACABLES,2026-04-22,38.55,38.22,39.23,37.98,619691
PARACABLES,2026-04-23,38.22,38.07,38.84,37.8,409098
PARACABLES,2026-04-24,38.64,36.75,38.64,36.3,567483
PARACABLES,2026-04-27,36.9,40.27,41.38,36.9,3075746
PARACABLES,2026-04-28,40.44,39.13,40.6,38.81,929222
PARACABLES,2026-04-29,39.34,39.38,41.21,39.0,1359182
PARACABLES,2026-04-30,39.37,39.43,40.27,38.65,704066
PARACABLES,2026-05-01,39.43,39.43,39.43,39.43,0
PARACABLES,2026-05-04,39.6,40.24,40.89,39.17,868132
PARACABLES,2026-05-05,40.59,43.08,44.44,39.68,4479690
PARACABLES,2026-05-06,43.42,45.22,45.77,42.35,4274066
PARACABLES,2026-05-07,45.3,46.38,48.35,45.2,3866489
PARACABLES,2026-05-08,47.5,55.13,55.65,47.5,20451840
PARACABLES,2026-05-11,55.0,60.07,60.64,54.4,24228701
PARACABLES,2026-05-12,60.9,54.22,60.9,54.07,8680092
PARACABLES,2026-05-13,55.1,59.64,59.64,55.1,8289775
PARACABLES,2026-05-14,60.0,57.76,60.0,56.0,8090774
PARACABLES,2026-05-15,59.5,56.26,59.5,55.8,2583653
PARACABLES,2026-05-18,56.27,54.53,56.75,52.6,3322527
PARACABLES,2026-05-19,54.7,54.72,56.5,54.22,1652664
PARACABLES,2026-05-20,54.72,54.55,56.7,53.31,1567516
PARACABLES,2026-05-21,55.09,57.17,59.35,55.08,2850853
PARACABLES,2026-05-22,57.0,59.41,61.07,56.1,6030942
PARACABLES,2026-05-25,59.2,65.35,65.35,58.0,8782491
PARACABLES,2026-05-26,67.0,66.62,69.78,66.1,10507328
PARACABLES,2026-05-27,66.5,67.88,70.95,64.61,7820986
PARACABLES,2026-05-28,67.88,67.88,67.88,67.88,0
PARACABLES,2026-05-29,68.2,65.87,69.78,64.66,4265442
PARACABLES,2026-06-01,66.5,60.57,68.7,59.65,5827157
PARACABLES,2026-06-02,60.0,65.9,66.6,57.82,5196198
PARACABLES,2026-06-03,66.0,64.25,66.93,62.62,3240166
PARACABLES,2026-06-04,64.59,69.36,70.67,64.35,9986437
PARACABLES,2026-06-05,69.99,67.32,72.45,66.66,5519490
PARACABLES,2026-06-08,66.8,63.33,67.14,62.85,3457710
PARACABLES,2026-06-09,63.99,66.75,67.74,63.99,3473197
PARACABLES,2026-06-10,67.25,62.66,67.52,62.11,2713411
PARACABLES,2026-06-11,62.56,60.85,64.48,59.8,2728744
PARACABLES,2026-06-12,62.75,64.12,64.9,62.5,2201942
PARACABLES,2026-06-15,65.4,64.07,66.4,63.52,2138626
PARACABLES,2026-06-16,64.5,66.73,67.8,64.31,2922201
PARACABLES,2026-06-17,66.6,66.07,67.08,65.04,1496944
PARACABLES,2026-06-18,67.0,69.82,71.0,66.52,7688020
PARACABLES,2026-06-19,70.0,73.06,74.34,68.94,7921488
PARACABLES,2026-06-22,74.6,70.77,74.8,70.23,2720499
PARACABLES,2026-06-23,70.94,68.14,70.94,65.53,4263477
PARACABLES,2026-06-24,68.09,70.0,71.4,66.3,2671432
PARACABLES,2026-06-25,71.4,70.34,73.4,69.63,4132719
PARACABLES,2026-06-26,70.34,70.34,70.34,70.34,0
PARACABLES,2026-06-29,70.0,67.81,70.0,67.11,1384038
PARACABLES,2026-06-30,68.18,69.02,69.5,67.82,1309904
PARACABLES,2026-07-01,69.09,74.13,74.74,68.51,6412453
PARACABLES,2026-07-02,75.0,71.87,75.7,70.7,2758091
PARACABLES,2026-07-03,72.01,71.12,72.3,70.2,1916806
PARACABLES,2026-07-06,71.4,71.73,74.34,70.2,2845314
PARACABLES,2026-07-07,72.0,68.41,72.1,67.53,2435420
PARACABLES,2026-07-08,67.0,64.91,69.5,64.0,2892785
PARACABLES,2026-07-09,65.5,67.01,67.5,65.13,1600662
PARACABLES,2026-07-10,67.84,66.95,68.6,66.5,1162355
PARACABLES,2026-07-13,66.56,65.99,66.7,65.39,922029
PARACABLES,2026-07-14,65.78,65.2,66.0,64.85,907198
PARACABLES,2026-07-15,66.66,65.32,67.5,64.95,1019894
PARACABLES,2026-07-16,66.0,66.65,67.3,65.39,956008
PARACABLES,2026-07-17,66.02,64.35,66.31,64.01,811901
PDSL,2026-04-17,300.15,301.25,307.85,296.8,181859
PDSL,2026-04-20,299.25,293.9,300.0,292.1,75455
PDSL,2026-04-21,290.25,290.8,299.8,289.55,81444
PDSL,2026-04-22,290.8,289.4,291.15,286.1,92977
PDSL,2026-04-23,288.0,285.45,291.0,284.5,58729
PDSL,2026-04-24,286.9,279.45,288.8,276.3,156485
PDSL,2026-04-27,280.0,279.8,288.55,278.1,282956
PDSL,2026-04-28,279.75,283.4,284.9,277.2,174599
PDSL,2026-04-29,283.4,277.45,284.8,276.6,60042
PDSL,2026-04-30,275.3,277.8,281.55,270.0,101123
PDSL,2026-05-04,277.8,279.75,281.9,276.6,33133
PDSL,2026-05-05,279.0,277.75,280.15,275.5,41283
PDSL,2026-05-06,279.2,287.85,289.9,278.0,102149
PDSL,2026-05-07,287.85,300.2,303.0,287.85,135031
PDSL,2026-05-08,298.0,300.65,303.8,295.2,56635
PDSL,2026-05-11,300.65,292.95,302.0,290.05,67318
PDSL,2026-05-12,292.95,285.0,292.95,283.2,76132
PDSL,2026-05-13,286.7,280.9,286.7,280.0,31090
PDSL,2026-05-14,281.1,279.5,286.75,277.85,56665
PDSL,2026-05-15,279.3,280.25,287.15,276.2,48666
PDSL,2026-05-18,280.35,297.05,307.65,274.3,857754
PDSL,2026-05-19,295.0,293.8,301.6,291.3,190585
PDSL,2026-05-20,292.0,294.35,296.0,290.05,121336
PDSL,2026-05-21,299.5,294.25,299.5,292.85,70753
PDSL,2026-05-22,295.7,288.25,297.35,288.0,93917
PDSL,2026-05-25,290.0,299.5,302.0,288.85,164098
PDSL,2026-05-26,299.5,301.2,303.25,295.05,167316
PDSL,2026-05-27,300.5,299.45,302.6,293.5,341166
PDSL,2026-05-28,299.45,299.45,299.45,299.45,0
PDSL,2026-05-29,297.0,302.2,303.35,295.3,104905
PDSL,2026-06-01,306.1,303.9,315.9,296.8,338236
PDSL,2026-06-02,296.8,301.8,305.35,292.0,95149
PDSL,2026-06-03,300.0,303.3,306.9,293.65,96337
PDSL,2026-06-04,304.7,320.1,324.9,302.75,377364
PDSL,2026-06-05,321.8,320.2,322.2,315.1,89571
PDSL,2026-06-08,318.6,309.25,321.9,306.0,100262
PDSL,2026-06-09,307.0,306.0,312.1,299.5,125311
PDSL,2026-06-10,308.15,302.25,308.4,301.0,100983
PDSL,2026-06-11,302.25,300.35,302.25,296.15,56232
PDSL,2026-06-12,301.3,305.8,307.7,296.0,53346
PDSL,2026-06-15,308.2,320.1,321.5,308.0,139046
PDSL,2026-06-16,319.4,335.65,348.0,317.4,1648298
PDSL,2026-06-17,335.65,337.05,345.0,326.55,229314
PDSL,2026-06-18,339.3,346.75,352.0,338.25,362728
PDSL,2026-06-19,344.0,338.75,344.0,336.55,154778
PDSL,2026-06-22,340.0,347.25,351.0,332.75,169116
PDSL,2026-06-23,350.7,354.4,359.45,345.05,239432
PDSL,2026-06-24,354.75,357.05,373.75,349.0,708523
PDSL,2026-06-25,358.0,360.15,367.0,355.35,249123
PDSL,2026-06-26,360.15,360.15,360.15,360.15,0
PDSL,2026-06-29,361.05,350.1,361.05,345.0,106481
PDSL,2026-06-30,349.7,365.4,371.7,348.5,445003
PDSL,2026-07-01,366.45,362.3,369.15,361.8,92828
PDSL,2026-07-02,364.65,368.95,381.15,363.85,378450
PDSL,2026-07-03,370.9,366.65,375.85,362.35,118160
PDSL,2026-07-06,368.45,364.35,369.5,357.4,118077
PDSL,2026-07-07,364.35,360.0,370.4,358.1,137753
PDSL,2026-07-08,358.0,346.05,358.5,344.1,93080
PDSL,2026-07-09,345.05,349.65,353.95,345.05,44223
PDSL,2026-07-10,351.7,356.85,360.0,351.7,37467
PDSL,2026-07-13,352.0,359.35,365.4,347.05,68812
PDSL,2026-07-14,390.0,382.25,418.5,375.0,9246576
PDSL,2026-07-15,395.0,377.2,404.9,374.0,1713238
PDSL,2026-07-16,375.0,368.75,377.85,365.0,317685
PDSL,2026-07-17,369.8,361.85,369.8,357.35,179438
PERSISTENT,2026-04-17,5470.0,5446.5,5505.0,5380.3,841855
PERSISTENT,2026-04-20,5451.0,5325.2,5512.3,5287.1,1021416
PERSISTENT,2026-04-21,5344.0,5329.9,5370.0,5263.7,1010633
PERSISTENT,2026-04-22,5217.8,5073.3,5262.0,5033.9,2183080
PERSISTENT,2026-04-23,5081.0,5065.2,5119.4,5011.0,600435
PERSISTENT,2026-04-24,5062.1,4747.3,5090.0,4734.0,1280422
PERSISTENT,2026-04-27,4764.9,4817.5,4846.6,4751.2,845578
PERSISTENT,2026-04-28,4827.6,4803.5,4852.0,4745.2,759673
PERSISTENT,2026-04-29,4825.0,4805.8,4909.4,4790.0,628484
PERSISTENT,2026-04-30,4805.8,4800.0,4829.9,4761.5,542790
PERSISTENT,2026-05-01,4800.0,4800.0,4800.0,4800.0,0
PERSISTENT,2026-05-04,4815.2,4788.1,4844.8,4745.7,486694
PERSISTENT,2026-05-05,4770.0,4816.3,4858.7,4743.1,499615
PERSISTENT,2026-05-06,4880.0,5014.0,5037.6,4850.0,799823
PERSISTENT,2026-05-07,5030.0,4984.0,5074.4,4911.5,512165
PERSISTENT,2026-05-08,4990.0,5113.6,5137.0,4960.0,633097
PERSISTENT,2026-05-11,5124.9,5098.1,5173.3,5080.0,339705
PERSISTENT,2026-05-12,5073.8,4877.1,5073.8,4841.0,697635
PERSISTENT,2026-05-13,4855.0,4845.0,4914.0,4815.8,310545
PERSISTENT,2026-05-14,4831.0,4628.8,4831.0,4577.0,758017
PERSISTENT,2026-05-15,4633.0,4702.1,4797.0,4630.0,766506
PERSISTENT,2026-05-18,4678.6,4944.1,4977.9,4665.0,572955
PERSISTENT,2026-05-19,4961.5,5066.3,5187.7,4961.5,912186
PERSISTENT,2026-05-20,5040.1,5084.1,5149.0,4986.3,552055
PERSISTENT,2026-05-21,5084.1,5019.0,5110.0,4995.0,282141
PERSISTENT,2026-05-22,5038.0,4970.3,5050.1,4925.0,459525
PERSISTENT,2026-05-25,5030.0,5038.0,5077.0,4971.5,328328
PERSISTENT,2026-05-26,5038.0,5105.8,5137.3,5021.0,456026
PERSISTENT,2026-05-27,5100.0,5098.4,5134.4,5064.3,206977
PERSISTENT,2026-05-28,5098.4,5098.4,5098.4,5098.4,0
PERSISTENT,2026-05-29,5150.0,5194.3,5278.0,5150.0,1393236
PERSISTENT,2026-06-01,5238.0,5402.0,5498.0,5226.5,1017776
PERSISTENT,2026-06-02,5440.5,5470.5,5612.0,5415.0,1368824
PERSISTENT,2026-06-03,5380.0,5097.5,5380.0,5076.0,768497
PERSISTENT,2026-06-04,5050.0,5121.5,5186.5,4978.0,380369
PERSISTENT,2026-06-05,5199.0,5038.5,5233.5,5011.0,423726
PERSISTENT,2026-06-08,4958.0,5065.0,5090.0,4911.0,396122
PERSISTENT,2026-06-09,5145.0,5018.0,5145.0,4961.0,438124
PERSISTENT,2026-06-10,5023.0,4928.0,5070.0,4917.0,254180
PERSISTENT,2026-06-11,4805.5,4874.0,4932.0,4732.5,746944
PERSISTENT,2026-06-12,4920.0,4811.0,4945.5,4794.0,410246
PERSISTENT,2026-06-15,4885.0,4890.5,4914.0,4845.5,519726
PERSISTENT,2026-06-16,4930.0,5016.5,5048.5,4906.0,676099
PERSISTENT,2026-06-17,5050.0,5045.0,5105.0,5017.0,365334
PERSISTENT,2026-06-18,5019.0,4940.5,5028.5,4896.0,675007
PERSISTENT,2026-06-19,4700.0,4829.0,4844.5,4602.0,1504523
PERSISTENT,2026-06-22,4838.0,4860.5,4919.0,4838.0,318876
PERSISTENT,2026-06-23,4763.0,4836.5,4895.0,4763.0,335308
PERSISTENT,2026-06-24,4847.5,4928.5,4976.5,4822.0,591029
PERSISTENT,2026-06-25,4935.0,4841.5,4970.0,4827.0,383578
PERSISTENT,2026-06-26,4841.5,4841.5,4841.5,4841.5,0
PERSISTENT,2026-06-29,4500.0,4298.5,4512.0,4265.0,6170867
PERSISTENT,2026-06-30,4331.0,4326.5,4347.0,4244.5,1513736
PERSISTENT,2026-07-01,4343.8,4330.2,4403.0,4311.7,964797
PERSISTENT,2026-07-02,4384.0,4580.6,4592.9,4381.5,1859078
PERSISTENT,2026-07-03,4670.0,4682.7,4766.0,4640.4,1551490
PERSISTENT,2026-07-06,4704.8,4715.8,4735.0,4650.8,642181
PERSISTENT,2026-07-07,4730.0,4884.8,4901.9,4730.0,1301127
PERSISTENT,2026-07-08,4884.8,4769.5,4910.0,4737.0,662309
PERSISTENT,2026-07-09,4765.0,4829.9,4858.9,4705.0,465088
PERSISTENT,2026-07-10,4926.4,5053.9,5065.4,4903.0,1205108
PERSISTENT,2026-07-13,5000.4,5192.4,5218.8,4975.0,1033379
PERSISTENT,2026-07-14,5189.9,5129.1,5257.0,5111.1,567112
PERSISTENT,2026-07-15,5080.0,5075.8,5172.9,5012.9,516067
PERSISTENT,2026-07-16,5075.8,5059.3,5210.0,5050.0,426991
PERSISTENT,2026-07-17,5120.9,5183.9,5195.7,5090.0,532124
PHARMABEES,2026-04-17,23.65,23.12,23.65,23.0,4906877
PHARMABEES,2026-04-20,23.6,23.02,23.6,22.96,4478796
PHARMABEES,2026-04-21,23.02,23.05,23.2,22.62,3256097
PHARMABEES,2026-04-22,23.06,23.0,23.09,22.93,8674422
PHARMABEES,2026-04-23,23.45,23.62,23.75,22.32,26985450
PHARMABEES,2026-04-24,23.8,23.21,23.8,23.02,14874260
PHARMABEES,2026-04-27,23.79,23.78,23.82,23.22,9702212
PHARMABEES,2026-04-28,23.95,23.74,24.37,23.54,5322998
PHARMABEES,2026-04-29,23.95,23.86,23.98,23.5,3755529
PHARMABEES,2026-04-30,23.26,23.91,24.0,23.26,5386289
PHARMABEES,2026-05-04,23.91,24.05,24.5,23.62,11110490
PHARMABEES,2026-05-05,24.5,24.17,24.5,23.95,4861882
PHARMABEES,2026-05-06,23.56,24.82,25.12,23.56,48854870
PHARMABEES,2026-05-07,25.44,24.79,25.44,24.62,12563360
PHARMABEES,2026-05-08,24.81,24.78,24.96,24.6,7292625
PHARMABEES,2026-05-11,24.78,24.81,24.98,24.48,9735037
PHARMABEES,2026-05-12,24.81,24.42,25.3,24.39,16875950
PHARMABEES,2026-05-13,24.2,24.53,24.98,24.04,9013459
PHARMABEES,2026-05-14,24.83,25.21,25.26,24.25,13678990
PHARMABEES,2026-05-15,25.2,25.26,25.54,25.11,9944031
PHARMABEES,2026-05-18,25.26,25.44,25.54,25.04,17867310
PHARMABEES,2026-05-19,25.54,25.54,25.69,25.15,8816020
PHARMABEES,2026-05-20,25.78,25.5,25.78,25.42,8179258
PHARMABEES,2026-05-21,24.86,25.49,25.79,24.86,6367349
PHARMABEES,2026-05-22,25.5,25.23,25.59,25.19,8588974
PHARMABEES,2026-05-25,25.05,25.33,25.86,25.05,7281811
PHARMABEES,2026-05-26,25.58,25.31,25.58,25.18,4904779
PHARMABEES,2026-05-27,25.54,25.32,25.54,25.21,7979037
PHARMABEES,2026-05-29,25.58,25.02,25.58,24.4,9896004
PHARMABEES,2026-06-01,25.31,24.88,25.32,24.8,6586941
PHARMABEES,2026-06-02,25.18,24.67,25.18,24.43,10349510
PHARMABEES,2026-06-03,24.4,24.76,24.92,24.4,4249091
PHARMABEES,2026-06-04,25.1,24.79,25.1,24.52,3900728
PHARMABEES,2026-06-05,25.08,24.9,25.08,24.09,3786588
PHARMABEES,2026-06-08,25.52,24.8,25.65,24.27,7649532
PHARMABEES,2026-06-09,25.42,24.98,25.42,24.56,4477646
PHARMABEES,2026-06-10,25.28,24.79,25.28,24.75,3981351
PHARMABEES,2026-06-11,24.17,24.98,25.4,24.17,8240703
PHARMABEES,2026-06-12,25.6,25.01,25.6,24.73,5491057
PHARMABEES,2026-06-15,25.01,24.85,25.19,24.25,6863483
PHARMABEES,2026-06-16,24.85,24.8,25.19,24.6,3279415
PHARMABEES,2026-06-17,25.36,24.75,25.36,24.24,20223320
PHARMABEES,2026-06-18,25.03,24.9,25.03,24.69,3296291
PHARMABEES,2026-06-19,24.4,25.09,25.52,24.4,4440408
PHARMABEES,2026-06-22,25.38,25.39,25.43,25.09,6034169
PHARMABEES,2026-06-23,25.59,25.69,25.96,25.39,12160838
PHARMABEES,2026-06-24,25.69,25.72,26.33,25.5,9039741
PHARMABEES,2026-06-25,26.36,25.63,26.36,25.57,7442511
PHARMABEES,2026-06-29,25.63,25.9,26.9,25.2,8207698
PHARMABEES,2026-06-30,26.42,26.04,26.42,25.85,7065077
PHARMABEES,2026-07-01,26.69,25.83,26.69,25.78,6731572
PHARMABEES,2026-07-02,25.83,25.96,26.47,25.81,5971227
PHARMABEES,2026-07-03,25.31,26.48,26.55,25.0,9307165
PHARMABEES,2026-07-06,26.95,26.53,26.95,25.99,6685533
PHARMABEES,2026-07-07,26.53,26.4,27.06,26.34,4032381
PHARMABEES,2026-07-08,27.06,26.16,27.06,25.97,8455671
PHARMABEES,2026-07-09,26.16,26.34,26.81,26.03,3674392
PHARMABEES,2026-07-10,26.34,26.43,26.6,26.14,3568070
PHARMABEES,2026-07-13,26.43,26.39,26.68,26.21,3649960
PHARMABEES,2026-07-14,25.73,26.59,26.96,25.73,5943934
PHARMABEES,2026-07-15,25.92,26.75,26.85,25.0,6700062
PHARMABEES,2026-07-16,27.25,26.76,27.25,26.65,5990727
PHARMABEES,2026-07-17,26.9,26.39,26.9,26.28,6519374
PIDILITIND,2026-04-17,1334.9,1393.4,1398.0,1326.0,1740546
PIDILITIND,2026-04-20,1395.0,1390.5,1399.6,1378.7,894803
PIDILITIND,2026-04-21,1389.0,1407.8,1414.1,1380.0,708195
PIDILITIND,2026-04-22,1396.3,1419.0,1424.8,1394.7,629961
PIDILITIND,2026-04-23,1408.0,1402.1,1412.0,1396.8,319278
PIDILITIND,2026-04-24,1406.0,1394.3,1408.9,1389.4,506429
PIDILITIND,2026-04-27,1394.3,1399.3,1406.9,1390.3,356391
PIDILITIND,2026-04-28,1399.9,1392.6,1405.3,1389.0,390142
PIDILITIND,2026-04-29,1392.6,1389.0,1404.8,1386.4,364945
PIDILITIND,2026-04-30,1378.7,1375.7,1384.8,1355.0,1333712
PIDILITIND,2026-05-01,1375.7,1375.7,1375.7,1375.7,0
PIDILITIND,2026-05-04,1378.2,1364.6,1389.0,1361.1,649397
PIDILITIND,2026-05-05,1365.0,1364.2,1369.0,1347.7,621782
PIDILITIND,2026-05-06,1374.8,1421.5,1426.0,1373.0,2276888
PIDILITIND,2026-05-07,1442.6,1450.4,1461.1,1428.0,1464405
PIDILITIND,2026-05-08,1503.6,1476.0,1515.0,1470.0,5494105
PIDILITIND,2026-05-11,1468.5,1437.2,1468.5,1432.0,922577
PIDILITIND,2026-05-12,1433.1,1453.0,1480.0,1427.6,1764144
PIDILITIND,2026-05-13,1453.0,1445.6,1472.0,1438.3,1124814
PIDILITIND,2026-05-14,1458.7,1483.8,1489.8,1458.7,1213793
PIDILITIND,2026-05-15,1486.0,1467.7,1493.8,1464.1,909039
PIDILITIND,2026-05-18,1456.0,1450.2,1456.6,1428.2,655599
PIDILITIND,2026-05-19,1454.0,1455.8,1471.6,1445.1,617156
PIDILITIND,2026-05-20,1440.0,1455.6,1465.0,1431.4,356329
PIDILITIND,2026-05-21,1471.0,1472.8,1478.4,1465.8,465411
PIDILITIND,2026-05-22,1474.1,1478.4,1484.0,1459.0,533048
PIDILITIND,2026-05-25,1500.0,1477.2,1508.4,1473.1,593426
PIDILITIND,2026-05-26,1477.2,1478.5,1483.0,1467.0,454638
PIDILITIND,2026-05-27,1473.1,1480.7,1486.0,1472.4,323780
PIDILITIND,2026-05-28,1480.7,1480.7,1480.7,1480.7,0
PIDILITIND,2026-05-29,1474.2,1482.8,1500.7,1466.5,4438929
PIDILITIND,2026-06-01,1482.8,1457.2,1485.9,1450.3,690657
PIDILITIND,2026-06-02,1430.0,1454.6,1463.9,1430.0,948386
PIDILITIND,2026-06-03,1450.0,1469.2,1473.2,1444.5,836338
PIDILITIND,2026-06-04,1457.4,1471.1,1478.6,1457.2,646986
PIDILITIND,2026-06-05,1475.0,1476.6,1485.5,1466.3,489330
PIDILITIND,2026-06-08,1450.1,1459.8,1478.0,1447.5,417045
PIDILITIND,2026-06-09,1466.4,1481.8,1488.8,1465.0,536175
PIDILITIND,2026-06-10,1485.0,1506.5,1535.8,1482.9,1866212
PIDILITIND,2026-06-11,1505.7,1498.8,1508.7,1490.0,613282
PIDILITIND,2026-06-12,1518.0,1535.5,1553.9,1515.1,1254231
PIDILITIND,2026-06-15,1568.8,1571.0,1582.7,1555.8,1848652
PIDILITIND,2026-06-16,1587.0,1571.2,1587.0,1552.6,382140
PIDILITIND,2026-06-17,1575.1,1578.2,1584.5,1567.6,651610
PIDILITIND,2026-06-18,1575.0,1581.1,1586.2,1568.0,759760
PIDILITIND,2026-06-19,1572.0,1579.9,1595.0,1565.0,847276
PIDILITIND,2026-06-22,1580.0,1572.2,1582.8,1555.0,775668
PIDILITIND,2026-06-23,1565.0,1566.7,1599.3,1562.7,817811
PIDILITIND,2026-06-24,1570.0,1579.0,1585.0,1563.2,779349
PIDILITIND,2026-06-25,1596.0,1597.0,1620.7,1590.5,1399828
PIDILITIND,2026-06-26,1597.0,1597.0,1597.0,1597.0,0
PIDILITIND,2026-06-29,1597.7,1599.6,1620.7,1595.0,1536107
PIDILITIND,2026-06-30,1607.0,1592.7,1610.3,1585.0,1080720
PIDILITIND,2026-07-01,1600.0,1581.9,1601.0,1578.0,510067
PIDILITIND,2026-07-02,1585.0,1605.4,1611.9,1582.8,710844
PIDILITIND,2026-07-03,1621.0,1598.0,1625.5,1595.1,443831
PIDILITIND,2026-07-06,1606.9,1616.9,1622.5,1599.4,502080
PIDILITIND,2026-07-07,1617.0,1622.3,1626.7,1606.4,595670
PIDILITIND,2026-07-08,1618.2,1570.4,1618.2,1562.7,653824
PIDILITIND,2026-07-09,1570.0,1590.4,1598.9,1565.0,226559
PIDILITIND,2026-07-10,1604.0,1598.5,1613.8,1585.8,738374
PIDILITIND,2026-07-13,1578.9,1580.7,1583.2,1559.6,617150
PIDILITIND,2026-07-14,1565.0,1555.4,1572.9,1547.4,1040498
PIDILITIND,2026-07-15,1570.0,1568.8,1597.3,1566.0,1092354
PIDILITIND,2026-07-16,1568.8,1559.6,1584.1,1557.4,700762
PIDILITIND,2026-07-17,1560.0,1566.1,1573.3,1557.0,1387673
PIIND,2026-04-17,3120.0,3139.7,3182.0,3104.8,467006
PIIND,2026-04-20,3120.0,3037.0,3156.9,3021.0,240900
PIIND,2026-04-21,3037.0,3021.3,3100.0,3012.5,214653
PIIND,2026-04-22,3025.0,3057.3,3072.0,3000.1,225701
PIIND,2026-04-23,3047.3,3069.6,3089.9,3036.1,140137
PIIND,2026-04-24,3071.1,3081.2,3134.8,3070.0,528353
PIIND,2026-04-27,3083.3,3083.6,3123.8,3075.1,178541
PIIND,2026-04-28,3078.5,3097.6,3152.0,3065.0,486707
PIIND,2026-04-29,3135.8,3091.1,3180.0,3083.1,289695
PIIND,2026-04-30,3090.0,3054.8,3090.0,3015.6,200677
PIIND,2026-05-01,3054.8,3054.8,3054.8,3054.8,0
PIIND,2026-05-04,3065.3,3047.5,3124.8,3030.4,211103
PIIND,2026-05-05,3028.7,3014.3,3035.0,2992.0,179768
PIIND,2026-05-06,3025.0,3071.0,3094.0,3021.1,315117
PIIND,2026-05-07,3087.6,3101.5,3121.0,3072.5,247712
PIIND,2026-05-08,3099.0,3110.8,3134.7,3067.5,164302
PIIND,2026-05-11,3101.0,3090.8,3110.0,3055.0,111486
PIIND,2026-05-12,3088.8,2997.6,3088.8,2991.0,166680
PIIND,2026-05-13,2998.7,3051.0,3098.3,2998.7,219907
PIIND,2026-05-14,3064.8,3103.6,3169.2,3060.5,489760
PIIND,2026-05-15,3130.0,3114.9,3148.0,3087.1,218651
PIIND,2026-05-18,3117.9,3096.3,3141.6,3043.9,266716
PIIND,2026-05-19,3096.5,3124.6,3194.1,3093.8,359092
PIIND,2026-05-20,2950.0,2901.2,2950.0,2860.1,2199076
PIIND,2026-05-21,2898.5,2740.5,2898.5,2700.0,1677319
PIIND,2026-05-22,2750.9,2781.0,2821.3,2742.0,696886
PIIND,2026-05-25,2794.9,2849.0,2858.0,2786.8,297399
PIIND,2026-05-26,2845.8,2837.9,2859.4,2810.0,173447
PIIND,2026-05-27,2844.0,2847.3,2863.7,2831.0,96895
PIIND,2026-05-28,2847.3,2847.3,2847.3,2847.3,0
PIIND,2026-05-29,2855.9,2775.0,2874.0,2750.0,1148826
PIIND,2026-06-01,2789.8,2702.6,2789.8,2691.1,248652
PIIND,2026-06-02,2671.5,2739.8,2749.6,2657.2,635004
PIIND,2026-06-03,2731.0,2738.3,2755.2,2690.1,305817
PIIND,2026-06-04,2730.0,2707.5,2742.9,2696.0,360916
PIIND,2026-06-05,2710.1,2717.9,2768.2,2710.1,100881
PIIND,2026-06-08,2702.0,2680.8,2727.0,2663.4,209228
PIIND,2026-06-09,2695.0,2866.4,2874.0,2692.5,1648437
PIIND,2026-06-10,2866.4,2807.7,2880.0,2796.7,373601
PIIND,2026-06-11,2800.0,2801.2,2819.7,2772.2,250645
PIIND,2026-06-12,2815.0,2841.7,2859.4,2811.6,415063
PIIND,2026-06-15,2855.0,2834.5,2921.9,2830.0,238690
PIIND,2026-06-16,2850.0,2878.0,2904.4,2827.2,402479
PIIND,2026-06-17,2878.0,2835.2,2893.1,2821.7,226807
PIIND,2026-06-18,2835.2,2846.0,2856.6,2830.2,185856
PIIND,2026-06-19,2839.9,2803.6,2845.9,2781.7,258029
PIIND,2026-06-22,2805.5,2805.6,2842.7,2800.4,215282
PIIND,2026-06-23,2807.0,2767.0,2828.0,2757.6,163992
PIIND,2026-06-24,2767.0,2746.8,2772.8,2732.9,205952
PIIND,2026-06-25,2769.0,2684.9,2788.5,2670.0,490261
PIIND,2026-06-26,2684.9,2684.9,2684.9,2684.9,0
PIIND,2026-06-29,2684.9,2559.8,2695.7,2553.3,649573
PIIND,2026-06-30,2568.0,2555.1,2587.9,2541.0,489196
PIIND,2026-07-01,2580.0,2575.0,2588.3,2558.0,195861
PIIND,2026-07-02,2585.0,2608.5,2615.0,2584.7,209191
PIIND,2026-07-03,2619.0,2646.1,2659.9,2603.0,358617
PIIND,2026-07-06,2646.1,2676.5,2685.0,2641.0,298658
PIIND,2026-07-07,2682.0,2652.3,2682.0,2635.7,150628
PIIND,2026-07-08,2649.9,2572.3,2649.9,2551.7,155183
PIIND,2026-07-09,2586.0,2597.5,2612.0,2573.3,135177
PIIND,2026-07-10,2596.0,2607.4,2628.0,2595.9,188072
PIIND,2026-07-13,2602.0,2569.0,2602.0,2566.0,133250
PIIND,2026-07-14,2571.4,2537.2,2571.5,2527.0,371827
PIIND,2026-07-15,2556.0,2619.3,2635.0,2548.6,200162
PIIND,2026-07-16,2625.0,2631.8,2643.0,2618.0,170705
PIIND,2026-07-17,2631.8,2623.8,2640.0,2612.8,79566
POLYCAB,2026-04-17,7950.0,8182.5,8224.5,7910.0,683294
POLYCAB,2026-04-20,8182.5,8198.5,8285.0,8049.0,403635
POLYCAB,2026-04-21,8200.0,7955.5,8305.0,7925.5,443095
POLYCAB,2026-04-22,7945.0,8038.0,8103.0,7897.0,468978
POLYCAB,2026-04-23,8000.0,7963.5,8125.0,7950.0,482518
POLYCAB,2026-04-24,8000.0,8033.0,8088.0,7901.0,616686
POLYCAB,2026-04-27,8087.5,8065.5,8147.0,8020.0,291146
POLYCAB,2026-04-28,8040.0,8254.0,8290.0,8040.0,363780
POLYCAB,2026-04-29,8300.0,8148.5,8338.5,8119.0,263510
POLYCAB,2026-04-30,8132.5,8110.5,8163.5,7970.5,415486
POLYCAB,2026-05-01,8110.5,8110.5,8110.5,8110.5,0
POLYCAB,2026-05-04,8110.5,8344.5,8363.0,8062.5,435059
POLYCAB,2026-05-05,8347.5,8337.0,8374.0,8154.0,462166
POLYCAB,2026-05-06,8400.0,8415.5,8525.0,8355.5,1084637
POLYCAB,2026-05-07,8499.0,9003.0,9050.0,8450.0,1837111
POLYCAB,2026-05-08,9030.0,9083.0,9159.0,8952.5,613457
POLYCAB,2026-05-11,9004.5,9065.5,9136.0,8963.0,261216
POLYCAB,2026-05-12,9115.0,9021.5,9220.0,8979.0,617924
POLYCAB,2026-05-13,8991.0,8887.5,9072.5,8865.0,423358
POLYCAB,2026-05-14,8948.0,9217.5,9239.0,8925.5,360127
POLYCAB,2026-05-15,9262.5,9152.5,9267.5,9100.0,202982
POLYCAB,2026-05-18,9100.0,9151.0,9170.0,8943.5,295160
POLYCAB,2026-05-19,9171.0,9162.5,9293.5,9090.0,337327
POLYCAB,2026-05-20,9068.0,9199.0,9238.0,9016.5,320359
POLYCAB,2026-05-21,9235.0,9193.5,9309.5,9176.0,231631
POLYCAB,2026-05-22,9227.5,9263.5,9316.5,9194.0,177024
POLYCAB,2026-05-25,9320.0,9398.5,9424.0,9296.0,252126
POLYCAB,2026-05-26,9369.5,9613.5,9669.5,9358.0,424144
POLYCAB,2026-05-27,9613.5,9664.0,9696.0,9561.0,219320
POLYCAB,2026-05-28,9664.0,9664.0,9664.0,9664.0,0
POLYCAB,2026-05-29,9700.0,9477.5,9747.0,9426.0,496089
POLYCAB,2026-06-01,9501.0,9480.5,9599.0,9383.0,216109
POLYCAB,2026-06-02,9420.0,9531.5,9555.5,9320.5,256995
POLYCAB,2026-06-03,9525.0,9571.5,9640.0,9479.5,162922
POLYCAB,2026-06-04,9565.0,9717.5,9774.5,9532.5,259390
POLYCAB,2026-06-05,9755.0,9699.0,9833.0,9656.0,256030
POLYCAB,2026-06-08,9590.5,9495.0,9699.0,9432.5,199100
POLYCAB,2026-06-09,9502.0,9615.5,9698.0,9423.5,232863
POLYCAB,2026-06-10,9621.0,9523.5,9684.5,9478.5,391667
POLYCAB,2026-06-11,9480.0,9372.0,9525.0,9352.5,187312
POLYCAB,2026-06-12,9480.0,9554.0,9576.0,9383.0,162406
POLYCAB,2026-06-15,9679.5,9556.0,9681.0,9540.0,197986
POLYCAB,2026-06-16,9600.0,9591.5,9671.0,9475.0,339718
POLYCAB,2026-06-17,9600.0,9926.5,9987.5,9600.0,591839
POLYCAB,2026-06-18,9949.0,9952.5,10014.0,9905.0,264707
POLYCAB,2026-06-19,9900.0,10083.0,10120.0,9831.0,470348
POLYCAB,2026-06-22,10090.0,10022.5,10126.0,9992.0,157543
POLYCAB,2026-06-23,10022.5,9920.5,10075.0,9891.5,260444
POLYCAB,2026-06-24,9900.0,9692.5,9939.5,9675.0,338045
POLYCAB,2026-06-25,9700.0,9531.0,9753.5,9516.5,407574
POLYCAB,2026-06-26,9531.0,9531.0,9531.0,9531.0,0
POLYCAB,2026-06-29,9664.0,9779.0,9972.0,9420.5,1261915
POLYCAB,2026-06-30,9710.0,9961.0,10008.0,9597.0,452560
POLYCAB,2026-07-01,9979.5,9713.5,9979.5,9671.0,344920
POLYCAB,2026-07-02,9749.0,9635.0,9754.0,9570.0,305059
POLYCAB,2026-07-03,9688.0,9548.5,9698.5,9531.0,229401
POLYCAB,2026-07-06,9600.0,9584.0,9612.0,9495.0,189331
POLYCAB,2026-07-07,9589.5,9401.0,9595.5,9355.0,178259
POLYCAB,2026-07-08,9348.0,9234.0,9412.0,9181.0,273126
POLYCAB,2026-07-09,9280.0,9074.0,9329.0,9001.0,487544
POLYCAB,2026-07-10,9149.0,9210.5,9232.0,9085.0,396730
POLYCAB,2026-07-13,9190.0,9306.5,9427.0,9153.0,378532
POLYCAB,2026-07-14,9304.5,9532.5,9564.0,9228.0,464552
POLYCAB,2026-07-15,9514.0,9324.5,9632.5,9292.0,414572
POLYCAB,2026-07-16,9301.5,9215.0,9415.0,9071.5,806800
POLYCAB,2026-07-17,9169.5,8862.0,9170.0,8826.0,727314
POLYMED,2026-04-17,1496.9,1467.4,1504.8,1461.7,86466
POLYMED,2026-04-20,1466.0,1456.3,1470.4,1435.1,65449
POLYMED,2026-04-21,1454.8,1480.5,1495.1,1450.7,56443
POLYMED,2026-04-22,1479.4,1473.2,1493.0,1459.0,48349
POLYMED,2026-04-23,1475.0,1488.0,1514.0,1460.0,109003
POLYMED,2026-04-24,1499.0,1414.2,1499.9,1405.1,380843
POLYMED,2026-04-27,1419.9,1495.6,1510.0,1414.2,204641
POLYMED,2026-04-28,1493.6,1511.7,1529.9,1478.0,132663
POLYMED,2026-04-29,1515.0,1517.9,1537.6,1503.0,83379
POLYMED,2026-04-30,1500.0,1512.1,1529.9,1495.1,56311
POLYMED,2026-05-01,1512.1,1512.1,1512.1,1512.1,0
POLYMED,2026-05-04,1520.0,1527.8,1555.5,1515.1,120484
POLYMED,2026-05-05,1522.0,1596.8,1616.0,1521.4,220264
POLYMED,2026-05-06,1620.0,1655.6,1664.0,1618.4,296648
POLYMED,2026-05-07,1663.7,1679.9,1693.0,1651.3,115349
POLYMED,2026-05-08,1684.9,1652.1,1684.9,1648.0,57575
POLYMED,2026-05-11,1641.5,1650.8,1667.7,1628.6,113914
POLYMED,2026-05-12,1650.1,1671.1,1710.0,1615.1,194438
POLYMED,2026-05-13,1685.0,1597.7,1687.0,1585.1,115548
POLYMED,2026-05-14,1595.0,1521.0,1604.9,1509.1,157743
POLYMED,2026-05-15,1521.0,1498.9,1534.9,1489.1,50871
POLYMED,2026-05-18,1496.0,1452.2,1496.0,1426.1,89444
POLYMED,2026-05-19,1454.9,1455.1,1489.9,1444.2,55078
POLYMED,2026-05-20,1455.0,1459.4,1489.0,1428.2,83292
POLYMED,2026-05-21,1465.0,1550.6,1563.0,1461.5,240513
POLYMED,2026-05-22,1555.1,1598.2,1606.2,1553.7,120612
POLYMED,2026-05-25,1600.0,1547.2,1634.2,1515.0,167446
POLYMED,2026-05-26,1500.0,1439.8,1500.0,1428.0,572506
POLYMED,2026-05-27,1440.0,1330.3,1450.0,1313.0,560563
POLYMED,2026-05-28,1330.3,1330.3,1330.3,1330.3,0
POLYMED,2026-05-29,1329.3,1349.7,1397.5,1318.0,438114
POLYMED,2026-06-01,1340.1,1333.9,1364.8,1323.3,136451
POLYMED,2026-06-02,1323.0,1321.4,1330.8,1300.0,107038
POLYMED,2026-06-03,1321.4,1339.2,1358.9,1311.0,152398
POLYMED,2026-06-04,1335.2,1405.0,1415.0,1330.7,400047
POLYMED,2026-06-05,1410.0,1419.8,1435.0,1384.0,260723
POLYMED,2026-06-08,1406.0,1382.8,1431.1,1370.7,99341
POLYMED,2026-06-09,1389.9,1458.8,1467.0,1389.9,300893
POLYMED,2026-06-10,1470.0,1417.5,1470.0,1396.9,384827
POLYMED,2026-06-11,1410.0,1478.9,1491.0,1403.5,465362
POLYMED,2026-06-12,1496.9,1532.4,1537.0,1462.3,232269
POLYMED,2026-06-15,1546.5,1510.9,1552.0,1498.0,121705
POLYMED,2026-06-16,1524.7,1516.8,1531.7,1498.0,38561
POLYMED,2026-06-17,1524.9,1537.6,1555.0,1513.0,74339
POLYMED,2026-06-18,1539.9,1573.2,1577.9,1526.7,87710
POLYMED,2026-06-19,1570.0,1563.3,1594.7,1546.0,107588
POLYMED,2026-06-22,1570.0,1671.4,1689.9,1555.2,321765
POLYMED,2026-06-23,1680.0,1650.0,1723.0,1642.0,216921
POLYMED,2026-06-24,1650.0,1650.9,1669.8,1615.1,62023
POLYMED,2026-06-25,1653.6,1650.2,1677.0,1615.9,122348
POLYMED,2026-06-26,1650.2,1650.2,1650.2,1650.2,0
POLYMED,2026-06-29,1650.2,1652.6,1675.0,1625.5,120191
POLYMED,2026-06-30,1652.0,1687.4,1698.0,1640.1,114214
POLYMED,2026-07-01,1691.0,1666.1,1709.3,1659.0,101059
POLYMED,2026-07-02,1666.0,1732.3,1757.0,1661.1,344520
POLYMED,2026-07-03,1741.8,1677.8,1777.0,1665.0,300502
POLYMED,2026-07-06,1689.9,1687.8,1712.0,1665.9,87680
POLYMED,2026-07-07,1686.0,1669.7,1688.8,1666.0,47492
POLYMED,2026-07-08,1661.0,1614.3,1684.0,1605.6,106799
POLYMED,2026-07-09,1618.9,1645.9,1686.0,1618.0,56981
POLYMED,2026-07-10,1648.7,1668.3,1674.9,1648.7,29538
POLYMED,2026-07-13,1668.3,1651.6,1668.3,1641.0,37500
POLYMED,2026-07-14,1645.1,1664.4,1669.2,1622.5,90000
POLYMED,2026-07-15,1673.0,1715.6,1734.9,1664.1,146464
POLYMED,2026-07-16,1729.0,1722.7,1774.9,1697.9,156181
POLYMED,2026-07-17,1726.0,1680.5,1739.0,1667.1,84070
POWERGRID,2026-04-17,313.3,318.1,318.95,311.4,13609827
POWERGRID,2026-04-20,319.0,319.7,323.05,315.55,10955277
POWERGRID,2026-04-21,318.95,319.35,322.0,318.0,8342335
POWERGRID,2026-04-22,319.75,319.75,322.0,316.0,7112538
POWERGRID,2026-04-23,320.0,319.15,321.85,318.05,7294961
POWERGRID,2026-04-24,316.0,316.4,317.9,314.5,9980241
POWERGRID,2026-04-27,318.0,320.9,324.95,316.95,9334181
POWERGRID,2026-04-28,322.8,319.0,322.8,317.65,9083528
POWERGRID,2026-04-29,320.1,320.35,323.8,318.25,10372929
POWERGRID,2026-04-30,319.6,318.35,321.25,315.95,9521058
POWERGRID,2026-05-01,318.35,318.35,318.35,318.35,0
POWERGRID,2026-05-04,314.0,319.05,323.9,314.0,7370269
POWERGRID,2026-05-05,318.9,319.45,321.3,315.0,8569582
POWERGRID,2026-05-06,320.05,315.95,321.5,314.6,4884118
POWERGRID,2026-05-07,315.75,313.8,316.75,312.5,9126203
POWERGRID,2026-05-08,315.2,313.95,315.2,310.6,7929393
POWERGRID,2026-05-11,313.95,310.9,314.05,309.95,8204425
POWERGRID,2026-05-12,309.45,306.3,310.75,305.5,7952584
POWERGRID,2026-05-13,304.25,301.5,305.4,295.65,23775882
POWERGRID,2026-05-14,306.0,301.75,307.55,300.6,14012601
POWERGRID,2026-05-15,307.8,305.85,308.15,302.9,10092811
POWERGRID,2026-05-18,296.3,296.55,298.45,290.2,16036198
POWERGRID,2026-05-19,296.6,298.6,300.0,294.55,12580156
POWERGRID,2026-05-20,297.5,299.9,300.8,294.55,5672695
POWERGRID,2026-05-21,302.4,299.55,304.5,298.7,10353164
POWERGRID,2026-05-22,298.7,294.3,300.55,293.55,15105294
POWERGRID,2026-05-25,298.5,295.35,298.5,294.15,5896815
POWERGRID,2026-05-26,295.0,292.55,295.95,292.05,5625947
POWERGRID,2026-05-27,292.0,300.15,301.25,292.0,9883025
POWERGRID,2026-05-28,300.15,300.15,300.15,300.15,0
POWERGRID,2026-05-29,303.0,290.55,303.0,285.45,77407363
POWERGRID,2026-06-01,291.0,286.15,292.35,284.7,17628347
POWERGRID,2026-06-02,281.75,282.15,285.25,278.4,15198142
POWERGRID,2026-06-03,282.0,285.05,286.0,280.35,13002063
POWERGRID,2026-06-04,280.0,284.6,286.05,280.0,16292818
POWERGRID,2026-06-05,284.0,285.65,286.55,283.0,6955072
POWERGRID,2026-06-08,283.0,290.3,292.1,282.6,8748933
POWERGRID,2026-06-09,292.9,285.7,293.05,284.75,7973130
POWERGRID,2026-06-10,285.0,287.2,289.5,284.05,8330040
POWERGRID,2026-06-11,289.25,286.65,290.45,286.0,12064071
POWERGRID,2026-06-12,288.9,284.8,288.9,282.7,5478294
POWERGRID,2026-06-15,290.0,285.7,290.0,284.05,9319070
POWERGRID,2026-06-16,286.1,285.15,286.4,282.85,8146761
POWERGRID,2026-06-17,286.2,286.35,286.65,283.25,6008101
POWERGRID,2026-06-18,286.35,288.7,289.45,283.3,8381654
POWERGRID,2026-06-19,288.95,292.25,292.9,287.65,10295261
POWERGRID,2026-06-22,289.0,289.75,292.85,288.8,11678414
POWERGRID,2026-06-23,290.45,291.95,293.05,289.6,12328516
POWERGRID,2026-06-24,293.0,290.9,295.25,288.75,10221176
POWERGRID,2026-06-25,290.7,283.9,291.5,283.05,16305770
POWERGRID,2026-06-26,283.9,283.9,283.9,283.9,0
POWERGRID,2026-06-29,287.0,286.25,287.65,283.5,16957025
POWERGRID,2026-06-30,287.2,286.3,288.9,284.45,11985195
POWERGRID,2026-07-01,287.8,287.55,288.35,285.65,8147424
POWERGRID,2026-07-02,287.55,288.2,289.4,284.2,6456861
POWERGRID,2026-07-03,288.5,287.85,292.0,287.1,10260404
POWERGRID,2026-07-06,287.2,285.4,287.95,284.7,7799856
POWERGRID,2026-07-07,285.35,284.35,287.35,283.35,7251465
POWERGRID,2026-07-08,282.9,279.7,285.4,279.2,7306244
POWERGRID,2026-07-09,280.0,281.35,283.95,280.0,6800579
POWERGRID,2026-07-10,283.1,283.1,283.8,281.35,6812700
POWERGRID,2026-07-13,282.8,286.0,286.45,281.65,8083023
POWERGRID,2026-07-14,282.35,286.15,286.95,282.3,7596298
POWERGRID,2026-07-15,285.9,280.7,286.8,278.9,9907688
POWERGRID,2026-07-16,280.4,280.75,284.4,280.0,7143529
POWERGRID,2026-07-17,280.75,283.55,284.35,279.65,10985155
POWERINDIA,2026-04-17,28500.0,28925.0,28970.0,28180.0,105178
POWERINDIA,2026-04-20,29250.0,29645.0,29900.0,28960.0,181052
POWERINDIA,2026-04-21,29960.0,29890.0,30400.0,29760.0,170096
POWERINDIA,2026-04-22,29905.0,30335.0,30470.0,29825.0,112170
POWERINDIA,2026-04-23,30365.0,31720.0,31875.0,30365.0,193846
POWERINDIA,2026-04-24,31780.0,32200.0,32295.0,31000.0,164360
POWERINDIA,2026-04-27,32340.0,32065.0,32550.0,31835.0,124497
POWERINDIA,2026-04-28,32200.0,32805.0,32940.0,31865.0,127919
POWERINDIA,2026-04-29,32900.0,32885.0,33285.0,32535.0,95678
POWERINDIA,2026-04-30,32975.0,33550.0,33795.0,32530.0,128619
POWERINDIA,2026-05-01,33550.0,33550.0,33550.0,33550.0,0
POWERINDIA,2026-05-04,33880.0,33730.0,34365.0,33065.0,159471
POWERINDIA,2026-05-05,33905.0,34255.0,34330.0,33720.0,90730
POWERINDIA,2026-05-06,34385.0,33380.0,34385.0,32925.0,173551
POWERINDIA,2026-05-07,33800.0,34875.0,34950.0,33500.0,146328
POWERINDIA,2026-05-08,34950.0,34005.0,35095.0,33445.0,169469
POWERINDIA,2026-05-11,33635.0,33020.0,33995.0,32705.0,123670
POWERINDIA,2026-05-12,33020.0,32265.0,33660.0,32125.0,115794
POWERINDIA,2026-05-13,32265.0,31745.0,32660.0,31645.0,115951
POWERINDIA,2026-05-14,32100.0,32290.0,32395.0,31375.0,133169
POWERINDIA,2026-05-15,32350.0,32535.0,32695.0,31195.0,107740
POWERINDIA,2026-05-18,32400.0,32800.0,32950.0,32005.0,81635
POWERINDIA,2026-05-19,32965.0,33360.0,33730.0,32785.0,108292
POWERINDIA,2026-05-20,33000.0,35525.0,35790.0,32710.0,252759
POWERINDIA,2026-05-21,35980.0,36450.0,36750.0,35850.0,164536
POWERINDIA,2026-05-22,36585.0,35555.0,36700.0,35415.0,118548
POWERINDIA,2026-05-25,36000.0,35635.0,36040.0,35030.0,139682
POWERINDIA,2026-05-26,35400.0,35995.0,36495.0,34005.0,511899
POWERINDIA,2026-05-27,36220.0,37550.0,37695.0,35985.0,284794
POWERINDIA,2026-05-28,37550.0,37550.0,37550.0,37550.0,0
POWERINDIA,2026-05-29,37750.0,38445.0,38645.0,36810.0,376115
POWERINDIA,2026-06-01,38700.0,36380.0,38785.0,36225.0,279448
POWERINDIA,2026-06-02,36300.0,35105.0,36315.0,34820.0,244798
POWERINDIA,2026-06-03,35350.0,35190.0,36110.0,35010.0,235330
POWERINDIA,2026-06-04,35705.0,36525.0,37360.0,35510.0,254549
POWERINDIA,2026-06-05,36940.0,36870.0,37440.0,36600.0,109445
POWERINDIA,2026-06-08,36200.0,35010.0,36385.0,34600.0,203806
POWERINDIA,2026-06-09,35200.0,34610.0,35210.0,34050.0,205184
POWERINDIA,2026-06-10,34845.0,33265.0,34980.0,33080.0,217325
POWERINDIA,2026-06-11,33300.0,33250.0,34100.0,33010.0,197087
POWERINDIA,2026-06-12,33900.0,34325.0,34435.0,33740.0,117224
POWERINDIA,2026-06-15,35000.0,34695.0,35000.0,34125.0,109904
POWERINDIA,2026-06-16,34800.0,34740.0,34920.0,34525.0,57891
POWERINDIA,2026-06-17,34745.0,35950.0,36070.0,34740.0,126662
POWERINDIA,2026-06-18,35850.0,36300.0,36430.0,35145.0,127709
POWERINDIA,2026-06-19,36215.0,36880.0,37115.0,36115.0,114962
POWERINDIA,2026-06-22,37095.0,36760.0,37100.0,36360.0,68245
POWERINDIA,2026-06-23,36850.0,36090.0,37335.0,36015.0,127853
POWERINDIA,2026-06-24,35935.0,33950.0,35940.0,33680.0,226838
POWERINDIA,2026-06-25,34300.0,33965.0,34835.0,33865.0,134075
POWERINDIA,2026-06-26,33965.0,33965.0,33965.0,33965.0,0
POWERINDIA,2026-06-29,34005.0,34975.0,35360.0,33120.0,413158
POWERINDIA,2026-06-30,34750.0,34920.0,35195.0,34380.0,140852
POWERINDIA,2026-07-01,34955.0,34250.0,35515.0,33340.0,122621
POWERINDIA,2026-07-02,34250.0,33775.0,34485.0,33125.0,125021
POWERINDIA,2026-07-03,32085.0,31040.0,32085.0,30400.0,684714
POWERINDIA,2026-07-06,31075.0,32360.0,32450.0,31075.0,292814
POWERINDIA,2026-07-07,32550.0,31915.0,32715.0,31650.0,141775
POWERINDIA,2026-07-08,31795.0,31755.0,32430.0,31535.0,141973
POWERINDIA,2026-07-09,32100.0,32610.0,32700.0,32060.0,101180
POWERINDIA,2026-07-10,32730.0,32605.0,32920.0,32380.0,87152
POWERINDIA,2026-07-13,32240.0,31915.0,32380.0,31770.0,101702
POWERINDIA,2026-07-14,31550.0,32490.0,32585.0,31300.0,87083
POWERINDIA,2026-07-15,32695.0,33980.0,34080.0,32650.0,161755
POWERINDIA,2026-07-16,34190.0,33545.0,34215.0,32890.0,162994
POWERINDIA,2026-07-17,33540.0,32075.0,33540.0,31900.0,137304
PRECOT,2026-04-17,551.2,563.25,575.0,547.1,2765
PRECOT,2026-04-20,568.95,568.95,569.0,567.0,1214
PRECOT,2026-04-21,567.0,564.6,579.0,560.0,5216
PRECOT,2026-04-22,567.0,543.25,567.0,540.25,2732
PRECOT,2026-04-23,545.0,550.0,569.4,545.0,4318
PRECOT,2026-04-24,577.0,564.0,577.0,551.0,33136
PRECOT,2026-04-27,564.9,553.45,570.0,548.0,10903
PRECOT,2026-04-28,554.0,550.05,558.0,537.0,3765
PRECOT,2026-04-29,553.75,535.9,553.75,531.55,2590
PRECOT,2026-04-30,536.95,548.35,562.0,536.95,5813
PRECOT,2026-05-04,541.1,575.75,575.75,541.1,11252
PRECOT,2026-05-05,575.75,582.7,601.0,570.0,9325
PRECOT,2026-05-06,586.1,611.8,611.8,586.1,7695
PRECOT,2026-05-07,640.0,626.7,641.8,610.0,9191
PRECOT,2026-05-08,601.2,620.35,641.7,601.2,5319
PRECOT,2026-05-11,645.0,646.8,650.0,616.0,7842
PRECOT,2026-05-12,614.75,619.8,649.75,614.5,2670
PRECOT,2026-05-13,616.7,640.9,649.0,614.55,9753
PRECOT,2026-05-14,645.0,660.3,671.0,641.0,10312
PRECOT,2026-05-15,660.3,666.9,672.0,641.2,5690
PRECOT,2026-05-18,665.0,629.9,665.9,617.55,3839
PRECOT,2026-05-19,575.6,650.95,660.0,575.6,3309
PRECOT,2026-05-20,660.05,716.0,716.0,660.0,19755
PRECOT,2026-05-21,724.9,769.4,783.9,720.0,30808
PRECOT,2026-05-22,780.0,732.6,780.0,730.0,5485
PRECOT,2026-05-25,770.0,762.55,805.85,741.5,42609
PRECOT,2026-05-26,769.8,823.15,838.0,749.95,27628
PRECOT,2026-05-27,823.15,844.9,849.95,823.15,9788
PRECOT,2026-05-28,844.9,844.9,844.9,844.9,0
PRECOT,2026-05-29,849.0,802.7,861.25,802.7,6208
PRECOT,2026-06-01,805.0,762.65,805.0,762.6,18741
PRECOT,2026-06-02,732.0,766.7,786.95,732.0,5661
PRECOT,2026-06-03,769.7,733.55,769.7,728.4,5878
PRECOT,2026-06-04,750.55,765.65,770.2,749.9,4899
PRECOT,2026-06-05,800.0,758.25,803.9,730.7,3619
PRECOT,2026-06-08,738.65,720.35,751.4,720.35,3513
PRECOT,2026-06-09,716.35,686.1,749.7,684.35,10084
PRECOT,2026-06-10,682.0,670.75,694.85,652.1,16323
PRECOT,2026-06-11,664.0,664.15,671.95,642.05,13149
PRECOT,2026-06-12,667.5,697.35,697.35,667.5,6655
PRECOT,2026-06-15,705.05,730.6,732.2,705.05,3409
PRECOT,2026-06-16,695.0,714.95,750.35,695.0,4030
PRECOT,2026-06-17,702.65,692.8,713.95,684.05,3144
PRECOT,2026-06-18,693.0,727.4,727.4,693.0,3299
PRECOT,2026-06-19,760.0,753.3,762.95,751.0,6046
PRECOT,2026-06-22,753.8,758.75,787.95,753.05,2956
PRECOT,2026-06-23,764.8,725.85,776.95,720.85,5769
PRECOT,2026-06-24,726.0,734.1,745.0,719.9,5744
PRECOT,2026-06-25,760.0,736.2,760.0,727.0,2296
PRECOT,2026-06-26,736.2,736.2,736.2,736.2,0
PRECOT,2026-06-29,701.0,710.3,751.0,701.0,4355
PRECOT,2026-06-30,713.85,745.8,745.8,713.85,8456
PRECOT,2026-07-01,777.0,734.65,783.0,717.6,10872
PRECOT,2026-07-02,748.5,716.8,749.0,697.95,13677
PRECOT,2026-07-03,738.95,738.85,752.6,721.4,7854
PRECOT,2026-07-06,730.05,775.75,775.75,730.05,5822
PRECOT,2026-07-07,800.0,781.35,806.0,777.05,4728
PRECOT,2026-07-08,780.0,771.55,795.0,770.0,3057
PRECOT,2026-07-09,770.0,800.45,810.1,770.0,10274
PRECOT,2026-07-10,838.9,809.95,838.9,800.0,8403
PRECOT,2026-07-13,830.0,796.5,830.0,792.0,2132
PRECOT,2026-07-14,797.95,795.0,836.0,794.05,6229
PRECOT,2026-07-15,795.05,818.45,827.95,795.05,3369
PRECOT,2026-07-16,830.35,831.0,845.0,810.0,3247
PRECOT,2026-07-17,803.05,825.3,832.9,803.0,11523
PRICOLLTD,2026-04-17,585.0,586.8,593.4,581.2,207694
PRICOLLTD,2026-04-20,590.0,588.45,595.0,575.1,215475
PRICOLLTD,2026-04-21,586.8,605.45,612.5,585.0,341110
PRICOLLTD,2026-04-22,603.65,612.35,615.0,601.2,239063
PRICOLLTD,2026-04-23,608.0,619.15,626.4,607.45,347282
PRICOLLTD,2026-04-24,619.15,594.65,619.9,591.0,247280
PRICOLLTD,2026-04-27,597.45,600.0,606.55,595.15,282754
PRICOLLTD,2026-04-28,600.0,596.55,601.65,590.0,199574
PRICOLLTD,2026-04-29,597.0,595.65,604.65,591.1,186562
PRICOLLTD,2026-04-30,590.0,572.75,591.4,565.7,371148
PRICOLLTD,2026-05-01,572.75,572.75,572.75,572.75,0
PRICOLLTD,2026-05-04,582.1,576.4,586.7,570.55,197271
PRICOLLTD,2026-05-05,574.65,585.05,586.45,569.85,153485
PRICOLLTD,2026-05-06,586.6,585.9,590.2,578.0,214088
PRICOLLTD,2026-05-07,591.0,618.8,621.95,587.8,679524
PRICOLLTD,2026-05-08,620.7,622.25,636.35,608.5,771979
PRICOLLTD,2026-05-11,621.05,612.35,624.05,606.4,277152
PRICOLLTD,2026-05-12,607.6,592.45,609.0,585.1,266939
PRICOLLTD,2026-05-13,591.95,584.35,593.95,581.6,228869
PRICOLLTD,2026-05-14,592.0,571.95,595.0,565.2,323484
PRICOLLTD,2026-05-15,605.0,614.7,644.3,593.75,14957333
PRICOLLTD,2026-05-18,608.0,553.55,608.0,546.3,2771193
PRICOLLTD,2026-05-19,559.7,544.75,563.9,539.2,1189931
PRICOLLTD,2026-05-20,544.25,538.3,544.25,531.35,583395
PRICOLLTD,2026-05-21,545.0,553.6,555.7,540.3,750004
PRICOLLTD,2026-05-22,559.0,556.65,564.0,548.0,345351
PRICOLLTD,2026-05-25,566.75,567.2,573.45,561.15,329841
PRICOLLTD,2026-05-26,566.05,562.2,584.0,559.75,519506
PRICOLLTD,2026-05-27,564.0,558.25,565.95,555.15,296813
PRICOLLTD,2026-05-28,558.25,558.25,558.25,558.25,0
PRICOLLTD,2026-05-29,563.3,562.1,577.2,558.0,682632
PRICOLLTD,2026-06-01,563.6,562.55,582.45,550.4,841240
PRICOLLTD,2026-06-02,559.0,565.85,569.0,552.5,227034
PRICOLLTD,2026-06-03,565.65,571.15,572.8,559.5,203071
PRICOLLTD,2026-06-04,566.0,568.45,575.75,563.6,252104
PRICOLLTD,2026-06-05,569.9,561.35,570.8,560.0,161028
PRICOLLTD,2026-06-08,558.5,552.05,558.95,545.5,256972
PRICOLLTD,2026-06-09,552.05,544.65,557.8,538.0,445838
PRICOLLTD,2026-06-10,544.65,543.05,550.25,536.2,303964
PRICOLLTD,2026-06-11,541.0,550.5,555.85,532.6,383812
PRICOLLTD,2026-06-12,554.85,550.5,556.9,545.05,682263
PRICOLLTD,2026-06-15,556.15,581.3,587.25,556.15,1265139
PRICOLLTD,2026-06-16,582.0,574.8,588.1,571.5,349324
PRICOLLTD,2026-06-17,579.0,569.85,586.35,569.0,433829
PRICOLLTD,2026-06-18,572.2,559.4,574.35,557.55,368387
PRICOLLTD,2026-06-19,560.35,559.15,562.55,554.2,411741
PRICOLLTD,2026-06-22,565.0,573.9,579.8,562.85,787007
PRICOLLTD,2026-06-23,578.85,575.55,585.6,572.8,455127
PRICOLLTD,2026-06-24,575.95,589.3,593.75,572.25,1170263
PRICOLLTD,2026-06-25,598.55,586.7,600.0,580.05,555668
PRICOLLTD,2026-06-26,586.7,586.7,586.7,586.7,0
PRICOLLTD,2026-06-29,598.0,583.25,606.35,580.5,1154105
PRICOLLTD,2026-06-30,597.0,602.3,614.65,587.05,1905100
PRICOLLTD,2026-07-01,605.95,616.3,618.7,605.9,636994
PRICOLLTD,2026-07-02,622.0,620.35,623.8,610.0,536748
PRICOLLTD,2026-07-03,623.0,621.7,625.0,614.3,778098
PRICOLLTD,2026-07-06,624.0,624.6,632.75,620.0,551401
PRICOLLTD,2026-07-07,624.75,622.7,626.6,615.0,278731
PRICOLLTD,2026-07-08,616.0,608.8,629.5,605.3,448485
PRICOLLTD,2026-07-09,615.4,618.2,621.65,611.5,475858
PRICOLLTD,2026-07-10,624.0,627.25,629.9,619.2,375978
PRICOLLTD,2026-07-13,612.0,621.15,631.2,611.2,380404
PRICOLLTD,2026-07-14,621.8,616.6,622.25,612.0,544280
PRICOLLTD,2026-07-15,617.0,618.35,625.4,614.4,287696
PRICOLLTD,2026-07-16,615.0,624.8,629.4,615.0,201525
PRICOLLTD,2026-07-17,623.0,615.3,624.65,608.45,387769
PRIVISCL,2026-04-17,2949.9,3133.1,3150.0,2942.9,368883
PRIVISCL,2026-04-20,3155.0,3086.9,3185.6,3071.0,88273
PRIVISCL,2026-04-21,3102.3,3138.1,3148.8,3091.3,55015
PRIVISCL,2026-04-22,3165.0,3163.3,3190.5,3115.0,127569
PRIVISCL,2026-04-23,3181.6,3250.8,3270.0,3147.5,132276
PRIVISCL,2026-04-24,3267.0,3232.6,3269.9,3187.6,81415
PRIVISCL,2026-04-27,3265.0,3261.4,3366.0,3230.1,146224
PRIVISCL,2026-04-28,3264.9,3269.4,3300.0,3245.0,38354
PRIVISCL,2026-04-29,3269.4,3317.6,3333.0,3249.0,103929
PRIVISCL,2026-04-30,3330.0,3360.1,3365.4,3265.1,87861
PRIVISCL,2026-05-01,3360.1,3360.1,3360.1,3360.1,0
PRIVISCL,2026-05-04,3402.0,3362.8,3455.0,3330.0,141359
PRIVISCL,2026-05-05,3362.7,3375.2,3402.0,3336.0,44059
PRIVISCL,2026-05-06,3411.0,3388.3,3411.0,3345.0,39115
PRIVISCL,2026-05-07,3388.3,3493.5,3500.0,3370.2,122033
PRIVISCL,2026-05-08,3515.0,3487.9,3515.0,3414.9,109355
PRIVISCL,2026-05-11,3530.0,3472.9,3590.9,3412.5,502152
PRIVISCL,2026-05-12,3488.0,3198.7,3528.0,3175.0,268810
PRIVISCL,2026-05-13,3219.8,3172.8,3256.2,3152.5,119668
PRIVISCL,2026-05-14,3219.0,3075.3,3259.0,3042.0,200358
PRIVISCL,2026-05-15,3085.2,3091.8,3150.0,3052.2,73969
PRIVISCL,2026-05-18,3065.1,3095.6,3105.0,3003.0,73232
PRIVISCL,2026-05-19,3098.9,3086.0,3144.0,3071.0,54106
PRIVISCL,2026-05-20,3100.0,3173.0,3212.0,3079.5,88932
PRIVISCL,2026-05-21,3176.1,3267.3,3282.0,3176.1,96525
PRIVISCL,2026-05-22,3303.3,3318.3,3345.5,3283.8,60673
PRIVISCL,2026-05-25,3359.2,3300.6,3374.9,3280.5,59936
PRIVISCL,2026-05-26,3280.0,3342.3,3355.9,3280.0,48839
PRIVISCL,2026-05-27,3342.3,3290.5,3358.2,3259.4,50269
PRIVISCL,2026-05-28,3290.5,3290.5,3290.5,3290.5,0
PRIVISCL,2026-05-29,3290.5,3255.2,3349.7,3188.1,157408
PRIVISCL,2026-06-01,3295.6,3305.5,3350.1,3255.0,90429
PRIVISCL,2026-06-02,3289.1,3284.4,3293.3,3215.8,30486
PRIVISCL,2026-06-03,3298.0,3256.4,3347.0,3239.0,59866
PRIVISCL,2026-06-04,3221.0,3262.4,3300.0,3221.0,43548
PRIVISCL,2026-06-05,3240.0,3230.7,3284.8,3214.4,26194
PRIVISCL,2026-06-08,3176.1,3241.4,3271.0,3156.0,45430
PRIVISCL,2026-06-09,3254.0,3174.8,3272.0,3168.0,84173
PRIVISCL,2026-06-10,3174.8,3131.6,3205.0,3110.0,98370
PRIVISCL,2026-06-11,3150.1,3243.2,3251.8,3110.6,166979
PRIVISCL,2026-06-12,3273.0,3444.3,3455.0,3261.1,294649
PRIVISCL,2026-06-15,3500.0,3469.1,3529.0,3461.0,169830
PRIVISCL,2026-06-16,3502.3,3453.7,3510.0,3434.0,43728
PRIVISCL,2026-06-17,3480.1,3481.5,3525.8,3455.0,81894
PRIVISCL,2026-06-18,3518.0,3463.6,3524.9,3442.6,39958
PRIVISCL,2026-06-19,3465.1,3493.9,3500.0,3429.7,52959
PRIVISCL,2026-06-22,3483.3,3655.8,3673.0,3471.0,221419
PRIVISCL,2026-06-23,3681.7,3579.7,3720.1,3553.3,101742
PRIVISCL,2026-06-24,3590.0,3608.7,3628.0,3580.0,54244
PRIVISCL,2026-06-25,3620.0,3550.5,3625.0,3531.3,40916
PRIVISCL,2026-06-26,3550.5,3550.5,3550.5,3550.5,0
PRIVISCL,2026-06-29,3587.4,3598.2,3642.2,3545.0,54074
PRIVISCL,2026-06-30,3630.0,3672.2,3688.0,3599.7,67377
PRIVISCL,2026-07-01,3698.0,3684.2,3706.0,3609.5,75665
PRIVISCL,2026-07-02,3651.8,3750.8,3755.0,3651.8,115181
PRIVISCL,2026-07-03,3760.0,3694.9,3760.0,3656.2,38884
PRIVISCL,2026-07-06,3680.3,3648.6,3693.0,3601.1,58639
PRIVISCL,2026-07-07,3648.6,3639.3,3668.7,3555.3,87626
PRIVISCL,2026-07-08,3615.0,3547.6,3633.6,3505.5,54682
PRIVISCL,2026-07-09,3557.8,3621.3,3644.9,3557.8,32032
PRIVISCL,2026-07-10,3677.5,3662.8,3677.5,3569.4,46115
PRIVISCL,2026-07-13,3667.7,3621.8,3667.7,3597.0,41002
PRIVISCL,2026-07-14,3678.0,3682.0,3755.9,3657.6,79818
PRIVISCL,2026-07-15,3700.5,3693.1,3711.0,3660.0,23987
PRIVISCL,2026-07-16,3703.5,3712.6,3723.0,3665.0,21574
PRIVISCL,2026-07-17,3712.6,3676.5,3712.6,3605.0,48352
PSPPROJECT,2026-04-17,740.0,725.95,751.9,721.5,92177
PSPPROJECT,2026-04-20,728.95,711.9,739.9,707.5,81332
PSPPROJECT,2026-04-21,720.0,732.45,739.8,714.15,60855
PSPPROJECT,2026-04-22,732.45,742.45,746.0,726.65,61686
PSPPROJECT,2026-04-23,739.8,740.5,749.6,727.1,39493
PSPPROJECT,2026-04-24,742.2,729.05,742.6,721.0,27126
PSPPROJECT,2026-04-27,720.1,738.15,746.45,720.05,35981
PSPPROJECT,2026-04-28,738.15,756.85,769.5,738.15,71769
PSPPROJECT,2026-04-29,764.45,773.5,781.25,759.0,83642
PSPPROJECT,2026-04-30,770.05,787.15,833.9,770.05,716513
PSPPROJECT,2026-05-04,799.9,816.6,827.3,770.05,303620
PSPPROJECT,2026-05-05,816.6,819.05,839.0,810.15,92566
PSPPROJECT,2026-05-06,822.0,826.8,834.75,811.0,53271
PSPPROJECT,2026-05-07,821.9,850.95,860.0,818.75,118745
PSPPROJECT,2026-05-08,850.0,833.15,863.0,826.2,105950
PSPPROJECT,2026-05-11,829.9,818.0,829.9,811.15,65454
PSPPROJECT,2026-05-12,813.0,776.75,822.05,771.3,64534
PSPPROJECT,2026-05-13,780.35,768.75,787.55,765.1,49233
PSPPROJECT,2026-05-14,771.0,786.7,790.35,751.8,76705
PSPPROJECT,2026-05-15,780.05,786.75,797.8,773.0,43190
PSPPROJECT,2026-05-18,785.5,756.6,785.5,746.55,66525
PSPPROJECT,2026-05-19,756.85,773.0,790.05,756.85,53984
PSPPROJECT,2026-05-20,767.9,767.15,773.8,758.1,30263
PSPPROJECT,2026-05-21,782.5,785.45,796.95,771.45,83074
PSPPROJECT,2026-05-22,782.9,763.3,782.9,761.05,51681
PSPPROJECT,2026-05-25,770.0,772.45,782.6,767.0,65620
PSPPROJECT,2026-05-26,776.0,836.05,840.0,773.55,278446
PSPPROJECT,2026-05-27,839.9,869.85,879.0,824.55,277666
PSPPROJECT,2026-05-28,869.85,869.85,869.85,869.85,0
PSPPROJECT,2026-05-29,872.45,854.7,874.15,845.65,98759
PSPPROJECT,2026-06-01,873.25,839.85,883.75,831.0,170534
PSPPROJECT,2026-06-02,838.0,842.65,860.5,831.0,70581
PSPPROJECT,2026-06-03,849.7,820.05,852.4,808.05,189429
PSPPROJECT,2026-06-04,821.0,898.65,960.0,818.3,793302
PSPPROJECT,2026-06-05,907.95,873.45,908.9,863.55,136987
PSPPROJECT,2026-06-08,865.5,852.6,888.0,837.05,74744
PSPPROJECT,2026-06-09,862.0,917.7,925.0,858.05,451879
PSPPROJECT,2026-06-10,922.3,888.1,940.0,882.8,228598
PSPPROJECT,2026-06-11,886.45,877.9,919.75,873.35,118280
PSPPROJECT,2026-06-12,893.0,917.2,923.9,889.0,161387
PSPPROJECT,2026-06-15,928.95,921.35,937.05,908.35,114490
PSPPROJECT,2026-06-16,921.0,907.8,925.75,900.2,62820
PSPPROJECT,2026-06-17,915.0,907.45,923.95,902.1,62976
PSPPROJECT,2026-06-18,906.7,911.15,927.0,904.1,59955
PSPPROJECT,2026-06-19,912.65,969.1,987.0,893.3,474690
PSPPROJECT,2026-06-22,979.95,964.55,996.0,951.0,116462
PSPPROJECT,2026-06-23,976.95,962.05,990.0,958.2,160399
PSPPROJECT,2026-06-24,962.0,999.25,1013.0,960.05,295729
PSPPROJECT,2026-06-25,1004.95,988.3,1014.25,982.5,124376
PSPPROJECT,2026-06-26,988.3,988.3,988.3,988.3,0
PSPPROJECT,2026-06-29,995.0,978.85,995.0,968.1,48195
PSPPROJECT,2026-06-30,974.4,1000.8,1010.0,967.8,98379
PSPPROJECT,2026-07-01,1009.9,1034.0,1044.0,992.0,238447
PSPPROJECT,2026-07-02,1040.0,1034.4,1050.6,1024.6,102218
PSPPROJECT,2026-07-03,1042.0,1025.8,1042.0,1010.0,59890
PSPPROJECT,2026-07-06,1034.9,1099.0,1143.0,1030.0,894317
PSPPROJECT,2026-07-07,1105.0,1071.3,1119.9,1055.2,191501
PSPPROJECT,2026-07-08,1062.2,1039.3,1089.9,1024.0,149171
PSPPROJECT,2026-07-09,1048.7,1069.7,1094.5,1040.1,132091
PSPPROJECT,2026-07-10,1070.0,1069.2,1091.7,1065.5,56070
PSPPROJECT,2026-07-13,1059.0,1066.0,1082.9,1051.8,62804
PSPPROJECT,2026-07-14,1071.2,1069.4,1108.5,1062.9,153745
PSPPROJECT,2026-07-15,1074.7,1081.4,1104.9,1059.2,170516
PSPPROJECT,2026-07-16,1084.0,1071.0,1094.1,1063.3,52863
PSPPROJECT,2026-07-17,1071.0,1046.3,1077.2,1034.2,48999
PYRAMID,2026-04-17,155.87,157.56,160.0,155.04,29664
PYRAMID,2026-04-20,157.56,158.9,160.5,154.05,16087
PYRAMID,2026-04-21,158.9,159.29,160.3,154.83,10464
PYRAMID,2026-04-22,159.29,155.71,159.29,155.0,11623
PYRAMID,2026-04-23,155.71,159.07,160.1,152.01,24309
PYRAMID,2026-04-24,159.07,166.29,170.0,153.0,70566
PYRAMID,2026-04-27,168.95,178.09,180.0,165.7,130739
PYRAMID,2026-04-28,181.79,172.79,181.96,172.0,19734
PYRAMID,2026-04-29,176.99,169.87,176.99,169.0,35202
PYRAMID,2026-04-30,168.06,175.31,178.8,166.26,51975
PYRAMID,2026-05-04,176.18,171.68,178.59,170.1,15075
PYRAMID,2026-05-05,167.5,171.01,173.67,167.06,19296
PYRAMID,2026-05-06,167.71,171.8,174.9,167.71,14988
PYRAMID,2026-05-07,171.02,174.42,181.0,170.96,71595
PYRAMID,2026-05-08,173.69,178.18,180.0,173.14,35398
PYRAMID,2026-05-11,177.0,174.81,179.24,172.42,30813
PYRAMID,2026-05-12,175.0,175.24,179.9,171.0,72489
PYRAMID,2026-05-13,172.01,173.15,188.38,172.0,527474
PYRAMID,2026-05-14,175.47,163.43,175.47,161.21,145165
PYRAMID,2026-05-15,163.46,160.39,164.94,159.5,26746
PYRAMID,2026-05-18,159.72,155.53,160.31,155.0,35096
PYRAMID,2026-05-19,155.1,170.81,181.27,153.0,62248
PYRAMID,2026-05-20,173.37,169.8,174.5,166.29,34595
PYRAMID,2026-05-21,173.58,174.07,176.55,170.95,35477
PYRAMID,2026-05-22,173.5,173.58,176.0,170.25,22254
PYRAMID,2026-05-25,174.01,171.93,179.7,169.01,42202
PYRAMID,2026-05-26,168.05,169.89,172.75,168.05,17289
PYRAMID,2026-05-27,171.0,168.18,173.99,167.3,13312
PYRAMID,2026-05-28,168.18,168.18,168.18,168.18,0
PYRAMID,2026-05-29,168.18,163.17,168.55,162.1,34867
PYRAMID,2026-06-01,162.0,161.62,169.87,160.25,42819
PYRAMID,2026-06-02,162.63,164.65,166.0,160.0,21653
PYRAMID,2026-06-03,162.0,164.66,165.0,161.28,22849
PYRAMID,2026-06-04,162.87,161.02,165.72,159.98,53682
PYRAMID,2026-06-05,160.65,162.16,163.67,159.9,23313
PYRAMID,2026-06-08,160.0,161.62,165.59,160.0,15899
PYRAMID,2026-06-09,161.62,164.48,172.8,160.08,68401
PYRAMID,2026-06-10,164.98,163.27,167.68,161.94,14052
PYRAMID,2026-06-11,165.0,161.9,165.0,160.32,14970
PYRAMID,2026-06-12,161.1,168.06,170.0,161.1,25165
PYRAMID,2026-06-15,168.06,168.01,173.0,166.51,17731
PYRAMID,2026-06-16,170.01,173.33,175.0,165.1,38615
PYRAMID,2026-06-17,174.0,176.49,177.74,173.33,65205
PYRAMID,2026-06-18,175.99,175.3,178.49,172.51,22859
PYRAMID,2026-06-19,175.35,175.41,178.0,174.55,14286
PYRAMID,2026-06-22,177.0,174.24,180.0,172.26,48384
PYRAMID,2026-06-23,172.05,171.53,174.99,169.44,23601
PYRAMID,2026-06-24,169.82,171.34,176.4,169.82,40808
PYRAMID,2026-06-25,174.65,170.54,174.65,170.0,12650
PYRAMID,2026-06-26,170.54,170.54,170.54,170.54,0
PYRAMID,2026-06-29,174.39,165.81,174.39,165.0,30180
PYRAMID,2026-06-30,169.7,172.06,172.6,166.5,22650
PYRAMID,2026-07-01,172.45,171.25,176.99,170.0,37907
PYRAMID,2026-07-02,174.99,169.1,174.99,168.72,25060
PYRAMID,2026-07-03,172.0,171.42,175.08,167.1,40571
PYRAMID,2026-07-06,169.9,167.13,170.89,166.1,21085
PYRAMID,2026-07-07,165.5,162.34,168.01,161.24,22178
PYRAMID,2026-07-08,161.6,162.38,169.39,161.42,28767
PYRAMID,2026-07-09,162.38,167.39,171.4,162.38,41077
PYRAMID,2026-07-10,170.0,165.47,170.0,164.62,31821
PYRAMID,2026-07-13,164.0,163.53,167.69,162.0,24854
PYRAMID,2026-07-14,164.7,164.62,165.96,162.25,29540
PYRAMID,2026-07-15,164.62,165.04,167.78,164.21,16901
PYRAMID,2026-07-16,163.99,166.71,169.02,163.99,19892
PYRAMID,2026-07-17,165.1,160.93,168.29,157.98,66158
RADICO,2026-04-17,3040.1,3186.9,3227.0,3014.2,1189319
RADICO,2026-04-20,3220.9,3340.1,3365.0,3191.1,1253847
RADICO,2026-04-21,3356.8,3249.2,3436.0,3170.2,1099710
RADICO,2026-04-22,3250.0,3243.0,3307.5,3209.6,401276
RADICO,2026-04-23,3243.0,3199.2,3257.6,3190.0,196159
RADICO,2026-04-24,3212.2,3187.2,3239.9,3162.5,237218
RADICO,2026-04-27,3225.0,3315.4,3339.0,3218.1,592198
RADICO,2026-04-28,3355.0,3399.2,3419.6,3288.6,627277
RADICO,2026-04-29,3405.0,3458.5,3475.0,3367.0,308361
RADICO,2026-04-30,3442.0,3423.1,3449.0,3292.7,457179
RADICO,2026-05-01,3423.1,3423.1,3423.1,3423.1,0
RADICO,2026-05-04,3433.0,3389.2,3482.0,3358.1,331690
RADICO,2026-05-05,3414.2,3338.9,3414.2,3326.3,277744
RADICO,2026-05-06,3360.0,3357.2,3397.0,3302.0,739701
RADICO,2026-05-07,3400.0,3407.0,3463.0,3327.3,807879
RADICO,2026-05-08,3420.8,3477.2,3522.0,3414.3,866740
RADICO,2026-05-11,3480.0,3489.7,3523.9,3442.2,277473
RADICO,2026-05-12,3486.4,3428.6,3517.5,3400.8,483851
RADICO,2026-05-13,3429.9,3450.5,3498.3,3422.0,465546
RADICO,2026-05-14,3463.6,3461.0,3532.9,3420.6,420937
RADICO,2026-05-15,3491.1,3499.2,3529.0,3468.1,489194
RADICO,2026-05-18,3499.2,3471.4,3499.2,3425.0,154912
RADICO,2026-05-19,3468.0,3599.9,3673.9,3468.0,764359
RADICO,2026-05-20,3600.3,3565.9,3679.0,3555.7,302978
RADICO,2026-05-21,3584.9,3571.9,3605.0,3537.9,218325
RADICO,2026-05-22,3584.0,3561.1,3594.9,3527.6,147243
RADICO,2026-05-25,3585.5,3539.4,3588.0,3535.6,119213
RADICO,2026-05-26,3553.0,3578.4,3590.0,3535.6,191917
RADICO,2026-05-27,3604.0,3439.3,3649.0,3426.9,463766
RADICO,2026-05-28,3439.3,3439.3,3439.3,3439.3,0
RADICO,2026-05-29,3442.0,3518.6,3569.0,3410.1,647859
RADICO,2026-06-01,3563.4,3506.1,3563.4,3480.0,228462
RADICO,2026-06-02,3465.8,3487.5,3507.8,3426.5,263853
RADICO,2026-06-03,3485.0,3464.1,3509.6,3451.0,159441
RADICO,2026-06-04,3450.0,3502.4,3560.0,3450.0,247899
RADICO,2026-06-05,3522.3,3490.7,3547.7,3465.3,191865
RADICO,2026-06-08,3466.1,3484.9,3515.9,3427.1,148039
RADICO,2026-06-09,3501.0,3500.7,3524.0,3464.0,162504
RADICO,2026-06-10,3499.9,3477.1,3509.5,3467.1,119101
RADICO,2026-06-11,3470.0,3449.9,3476.1,3436.5,95250
RADICO,2026-06-12,3484.9,3541.7,3557.6,3460.2,302638
RADICO,2026-06-15,3575.0,3592.0,3640.2,3560.2,300882
RADICO,2026-06-16,3615.0,3578.7,3621.4,3556.4,174365
RADICO,2026-06-17,3599.0,3572.2,3620.0,3560.0,204287
RADICO,2026-06-18,3595.0,3690.0,3735.0,3566.6,1199579
RADICO,2026-06-19,3699.0,3769.2,3778.0,3686.0,746962
RADICO,2026-06-22,3770.0,3778.6,3806.2,3740.0,331345
RADICO,2026-06-23,3784.0,3718.9,3803.9,3710.0,239175
RADICO,2026-06-24,3724.0,3757.7,3775.0,3718.9,139138
RADICO,2026-06-25,3775.0,3829.8,3843.0,3758.0,353857
RADICO,2026-06-26,3829.8,3829.8,3829.8,3829.8,0
RADICO,2026-06-29,3841.8,3876.9,3914.6,3786.0,760918
RADICO,2026-06-30,3875.0,3945.5,3975.2,3855.8,691271
RADICO,2026-07-01,3946.0,3952.6,3976.6,3913.3,223713
RADICO,2026-07-02,3958.5,3972.4,3986.3,3901.1,310353
RADICO,2026-07-03,3979.0,3892.3,3984.0,3880.6,203961
RADICO,2026-07-06,3940.0,4106.7,4137.0,3903.2,975908
RADICO,2026-07-07,4135.7,4098.6,4161.8,4076.0,675691
RADICO,2026-07-08,4103.7,4077.6,4140.0,4058.0,312100
RADICO,2026-07-09,4099.0,4089.0,4145.0,4082.5,262676
RADICO,2026-07-10,4120.8,4073.7,4142.9,4060.0,303434
RADICO,2026-07-13,4068.8,4045.4,4093.6,4011.3,150502
RADICO,2026-07-14,4059.9,4051.2,4123.5,4029.3,367386
RADICO,2026-07-15,4076.7,4090.0,4122.0,4052.1,253488
RADICO,2026-07-16,4105.9,4106.0,4149.2,4090.6,236052
RADICO,2026-07-17,4116.0,4097.9,4134.3,4063.5,261239
RAINBOW,2026-04-17,1269.5,1248.4,1269.5,1241.9,74369
RAINBOW,2026-04-20,1280.0,1246.1,1280.0,1234.5,161860
RAINBOW,2026-04-21,1257.5,1276.2,1279.9,1245.7,87933
RAINBOW,2026-04-22,1277.0,1293.8,1321.0,1265.8,296822
RAINBOW,2026-04-23,1288.5,1268.0,1303.0,1262.2,85062
RAINBOW,2026-04-24,1270.0,1242.3,1270.0,1225.0,91483
RAINBOW,2026-04-27,1248.0,1254.4,1265.1,1238.4,68008
RAINBOW,2026-04-28,1258.0,1241.9,1268.5,1227.2,129683
RAINBOW,2026-04-29,1255.0,1264.2,1271.4,1246.0,116385
RAINBOW,2026-04-30,1258.0,1252.3,1263.1,1249.8,56502
RAINBOW,2026-05-01,1252.3,1252.3,1252.3,1252.3,0
RAINBOW,2026-05-04,1250.0,1260.7,1281.9,1250.0,80813
RAINBOW,2026-05-05,1249.9,1257.8,1265.0,1236.5,172065
RAINBOW,2026-05-06,1279.9,1283.4,1295.0,1261.9,606921
RAINBOW,2026-05-07,1299.0,1292.2,1318.0,1286.4,233911
RAINBOW,2026-05-08,1289.1,1304.5,1335.0,1276.6,802279
RAINBOW,2026-05-11,1310.9,1294.5,1319.9,1285.1,360361
RAINBOW,2026-05-12,1295.3,1263.2,1307.0,1258.9,108942
RAINBOW,2026-05-13,1269.9,1304.4,1316.0,1269.9,211299
RAINBOW,2026-05-14,1304.4,1316.2,1324.0,1285.1,133025
RAINBOW,2026-05-15,1316.3,1336.2,1341.7,1305.8,181345
RAINBOW,2026-05-18,1336.0,1351.3,1356.0,1321.3,186587
RAINBOW,2026-05-19,1355.0,1350.7,1363.0,1340.5,72643
RAINBOW,2026-05-20,1350.0,1342.0,1358.3,1325.2,103440
RAINBOW,2026-05-21,1359.5,1344.8,1365.0,1336.0,64120
RAINBOW,2026-05-22,1357.8,1355.0,1360.0,1322.0,121726
RAINBOW,2026-05-25,1365.0,1350.0,1376.9,1317.5,199598
RAINBOW,2026-05-26,1356.6,1365.4,1390.2,1343.8,147680
RAINBOW,2026-05-27,1361.0,1377.1,1379.9,1345.8,69295
RAINBOW,2026-05-28,1377.1,1377.1,1377.1,1377.1,0
RAINBOW,2026-05-29,1377.1,1380.3,1394.0,1361.0,119276
RAINBOW,2026-06-01,1395.0,1369.6,1395.0,1351.2,66526
RAINBOW,2026-06-02,1347.6,1341.4,1358.7,1318.9,137432
RAINBOW,2026-06-03,1340.0,1354.2,1364.9,1311.0,68546
RAINBOW,2026-06-04,1359.0,1347.0,1361.0,1337.0,102088
RAINBOW,2026-06-05,1356.9,1343.3,1366.9,1332.1,76791
RAINBOW,2026-06-08,1337.5,1343.2,1349.9,1330.0,68928
RAINBOW,2026-06-09,1361.2,1326.7,1361.2,1318.0,112703
RAINBOW,2026-06-10,1320.0,1340.6,1354.9,1313.5,127201
RAINBOW,2026-06-11,1326.8,1339.9,1350.1,1326.8,40681
RAINBOW,2026-06-12,1340.0,1365.0,1368.0,1340.0,72355
RAINBOW,2026-06-15,1374.0,1418.6,1425.0,1374.0,332699
RAINBOW,2026-06-16,1430.0,1422.7,1430.0,1408.0,101004
RAINBOW,2026-06-17,1429.7,1444.5,1449.0,1416.9,86400
RAINBOW,2026-06-18,1445.0,1450.0,1452.2,1416.3,83135
RAINBOW,2026-06-19,1442.8,1470.8,1495.0,1428.0,216444
RAINBOW,2026-06-22,1475.0,1446.8,1486.8,1439.0,126237
RAINBOW,2026-06-23,1459.0,1440.7,1487.7,1437.6,103561
RAINBOW,2026-06-24,1437.0,1434.1,1463.0,1425.0,69622
RAINBOW,2026-06-25,1448.0,1434.5,1454.0,1430.0,65526
RAINBOW,2026-06-26,1434.5,1434.5,1434.5,1434.5,0
RAINBOW,2026-06-29,1434.5,1405.5,1454.0,1390.0,137325
RAINBOW,2026-06-30,1413.0,1414.2,1430.0,1397.0,139360
RAINBOW,2026-07-01,1414.0,1422.3,1435.8,1403.0,68028
RAINBOW,2026-07-02,1427.9,1420.8,1427.9,1400.0,111291
RAINBOW,2026-07-03,1435.0,1440.0,1450.3,1417.8,74400
RAINBOW,2026-07-06,1450.0,1441.6,1458.8,1436.0,56342
RAINBOW,2026-07-07,1454.0,1422.0,1454.0,1415.7,111441
RAINBOW,2026-07-08,1408.1,1431.1,1440.0,1405.5,113530
RAINBOW,2026-07-09,1439.9,1481.5,1511.7,1426.7,202371
RAINBOW,2026-07-10,1489.9,1470.4,1492.6,1457.0,67378
RAINBOW,2026-07-13,1462.6,1483.4,1497.0,1449.3,76582
RAINBOW,2026-07-14,1483.1,1484.1,1493.0,1455.1,101392
RAINBOW,2026-07-15,1497.0,1501.6,1508.0,1466.4,71630
RAINBOW,2026-07-16,1501.6,1490.8,1503.2,1477.6,68218
RAINBOW,2026-07-17,1484.4,1493.4,1505.0,1470.0,55868
RAJRATAN,2026-04-17,420.0,429.4,436.9,417.0,118118
RAJRATAN,2026-04-20,434.95,435.45,449.9,426.05,167806
RAJRATAN,2026-04-21,444.0,438.95,450.0,436.0,240781
RAJRATAN,2026-04-22,412.0,416.55,428.95,401.55,482376
RAJRATAN,2026-04-23,418.0,420.35,424.6,411.0,153313
RAJRATAN,2026-04-24,425.0,419.05,429.7,403.65,175743
RAJRATAN,2026-04-27,418.0,437.45,442.0,418.0,139254
RAJRATAN,2026-04-28,438.0,439.5,455.0,435.75,152273
RAJRATAN,2026-04-29,445.0,438.45,449.8,435.1,76290
RAJRATAN,2026-04-30,437.5,444.35,445.5,429.25,70444
RAJRATAN,2026-05-04,446.7,447.65,452.0,443.75,68281
RAJRATAN,2026-05-05,447.65,445.15,452.4,441.95,48655
RAJRATAN,2026-05-06,448.0,447.3,449.35,439.4,47927
RAJRATAN,2026-05-07,449.0,451.7,464.75,445.4,114199
RAJRATAN,2026-05-08,455.0,446.2,460.8,445.0,64197
RAJRATAN,2026-05-11,446.2,427.6,446.25,424.1,83644
RAJRATAN,2026-05-12,423.0,406.05,433.2,403.0,122957
RAJRATAN,2026-05-13,411.6,416.1,419.85,405.0,41253
RAJRATAN,2026-05-14,418.0,411.1,421.25,409.6,41499
RAJRATAN,2026-05-15,415.2,413.1,423.55,408.25,51419
RAJRATAN,2026-05-18,406.0,398.4,407.05,395.0,95825
RAJRATAN,2026-05-19,401.3,410.1,411.9,398.7,61177
RAJRATAN,2026-05-20,406.0,410.2,416.5,405.1,51595
RAJRATAN,2026-05-21,412.3,410.9,419.0,408.2,57418
RAJRATAN,2026-05-22,414.0,411.15,415.35,408.0,42141
RAJRATAN,2026-05-25,421.85,423.25,426.0,414.6,58188
RAJRATAN,2026-05-26,423.25,415.1,428.2,413.1,45430
RAJRATAN,2026-05-27,418.0,420.95,425.5,415.25,45067
RAJRATAN,2026-05-28,420.95,420.95,420.95,420.95,0
RAJRATAN,2026-05-29,425.0,410.75,425.0,405.05,48852
RAJRATAN,2026-06-01,410.85,413.9,418.9,410.05,33423
RAJRATAN,2026-06-02,411.5,415.3,416.5,408.55,18755
RAJRATAN,2026-06-03,411.15,412.65,419.3,406.2,24070
RAJRATAN,2026-06-04,410.0,428.15,435.0,410.0,74362
RAJRATAN,2026-06-05,434.0,432.15,443.95,429.15,81406
RAJRATAN,2026-06-08,416.0,427.45,438.4,416.0,62595
RAJRATAN,2026-06-09,432.55,445.6,448.5,426.55,105839
RAJRATAN,2026-06-10,446.1,441.45,473.95,434.5,160653
RAJRATAN,2026-06-11,440.7,437.5,448.3,435.0,64454
RAJRATAN,2026-06-12,436.0,459.2,465.9,436.0,155486
RAJRATAN,2026-06-15,465.0,455.85,468.95,453.65,63168
RAJRATAN,2026-06-16,456.9,452.7,462.95,448.0,56406
RAJRATAN,2026-06-17,452.7,453.95,460.0,452.0,29279
RAJRATAN,2026-06-18,454.7,454.6,461.0,451.05,34882
RAJRATAN,2026-06-19,454.5,448.6,459.25,446.25,54525
RAJRATAN,2026-06-22,459.6,464.0,470.0,451.85,102964
RAJRATAN,2026-06-23,464.85,449.95,469.1,447.1,41657
RAJRATAN,2026-06-24,452.15,443.5,452.95,440.05,30349
RAJRATAN,2026-06-25,443.0,433.5,446.0,432.0,62122
RAJRATAN,2026-06-26,433.5,433.5,433.5,433.5,0
RAJRATAN,2026-06-29,435.65,434.0,444.45,430.8,34383
RAJRATAN,2026-06-30,433.5,441.4,444.55,426.85,46816
RAJRATAN,2026-07-01,436.15,448.75,452.55,436.15,50511
RAJRATAN,2026-07-02,450.7,453.25,458.0,442.55,55917
RAJRATAN,2026-07-03,457.0,453.05,467.0,450.0,51692
RAJRATAN,2026-07-06,456.35,467.25,479.0,450.55,114361
RAJRATAN,2026-07-07,467.25,479.4,492.7,463.6,187612
RAJRATAN,2026-07-08,479.4,464.9,493.7,458.8,161204
RAJRATAN,2026-07-09,468.1,465.75,478.0,460.2,87020
RAJRATAN,2026-07-10,470.0,482.05,492.95,468.9,93826
RAJRATAN,2026-07-13,482.0,480.8,495.45,478.0,116736
RAJRATAN,2026-07-14,481.0,477.15,484.7,471.75,54044
RAJRATAN,2026-07-15,477.5,485.2,489.0,468.6,75043
RAJRATAN,2026-07-16,488.0,495.9,515.0,480.8,348618
RAJRATAN,2026-07-17,500.0,485.85,503.35,472.0,126970
RECLTD,2026-04-17,364.15,373.3,377.7,362.7,14949943
RECLTD,2026-04-20,373.35,382.7,384.55,366.45,12043689
RECLTD,2026-04-21,382.7,383.35,387.45,380.0,8374408
RECLTD,2026-04-22,380.0,383.35,386.25,379.0,5284649
RECLTD,2026-04-23,381.85,376.45,386.1,375.85,6915475
RECLTD,2026-04-24,377.0,374.0,378.75,369.05,4834153
RECLTD,2026-04-27,376.0,378.05,381.95,376.0,4948268
RECLTD,2026-04-28,377.0,375.8,383.5,371.5,10991705
RECLTD,2026-04-29,368.05,363.55,372.45,358.1,16891422
RECLTD,2026-04-30,361.1,354.3,361.1,352.75,9031675
RECLTD,2026-05-01,354.3,354.3,354.3,354.3,0
RECLTD,2026-05-04,356.0,353.5,361.15,351.4,5034010
RECLTD,2026-05-05,353.5,356.4,357.8,351.15,6734583
RECLTD,2026-05-06,358.9,359.1,361.1,351.85,9798302
RECLTD,2026-05-07,360.0,359.75,367.3,357.6,7776265
RECLTD,2026-05-08,359.75,359.4,363.6,356.15,5059153
RECLTD,2026-05-11,358.0,351.55,358.8,350.5,4773107
RECLTD,2026-05-12,350.15,344.35,353.65,343.55,5222169
RECLTD,2026-05-13,345.45,346.55,351.1,342.0,4765260
RECLTD,2026-05-14,349.0,348.3,350.55,341.7,5287354
RECLTD,2026-05-15,349.5,345.85,350.25,344.2,3222539
RECLTD,2026-05-18,345.0,333.7,345.0,331.65,6159707
RECLTD,2026-05-19,333.7,334.25,337.15,332.8,2521354
RECLTD,2026-05-20,333.4,333.0,335.0,328.15,3723835
RECLTD,2026-05-21,336.4,333.7,338.8,333.0,4807537
RECLTD,2026-05-22,335.5,336.95,338.0,332.4,4613260
RECLTD,2026-05-25,340.0,342.2,345.0,340.0,3489013
RECLTD,2026-05-26,344.0,337.6,344.45,336.3,3913330
RECLTD,2026-05-27,337.0,339.7,340.65,336.6,3232759
RECLTD,2026-05-28,339.7,339.7,339.7,339.7,0
RECLTD,2026-05-29,342.5,337.65,343.65,335.0,10274190
RECLTD,2026-06-01,339.65,331.4,339.85,331.0,4076940
RECLTD,2026-06-02,329.95,325.05,330.4,321.0,6501043
RECLTD,2026-06-03,325.8,325.65,327.5,322.6,4526029
RECLTD,2026-06-04,325.65,335.2,336.2,325.1,8844070
RECLTD,2026-06-05,336.8,343.9,346.8,336.2,11008792
RECLTD,2026-06-08,340.0,343.4,346.4,338.45,11062037
RECLTD,2026-06-09,344.25,352.1,352.8,343.45,6850589
RECLTD,2026-06-10,352.0,348.8,354.8,347.8,4341800
RECLTD,2026-06-11,348.5,336.85,349.55,335.7,5830091
RECLTD,2026-06-12,341.25,348.05,348.75,339.9,2634728
RECLTD,2026-06-15,353.7,351.85,354.45,350.5,3911854
RECLTD,2026-06-16,353.0,356.55,358.75,352.4,3407173
RECLTD,2026-06-17,357.5,358.75,360.0,354.3,2690056
RECLTD,2026-06-18,359.8,358.7,364.85,353.75,4640982
RECLTD,2026-06-19,355.2,355.35,357.95,352.8,2926136
RECLTD,2026-06-22,355.35,369.85,370.75,355.35,9413420
RECLTD,2026-06-23,371.0,361.9,371.3,361.15,5760725
RECLTD,2026-06-24,362.15,363.65,365.35,360.55,5365537
RECLTD,2026-06-25,366.1,364.65,368.0,360.0,6473908
RECLTD,2026-06-26,364.65,364.65,364.65,364.65,0
RECLTD,2026-06-29,365.55,364.95,367.95,363.0,10623804
RECLTD,2026-06-30,364.95,363.8,367.8,362.5,10340613
RECLTD,2026-07-01,365.0,370.1,370.95,362.0,7320424
RECLTD,2026-07-02,371.0,369.6,371.0,367.0,4706399
RECLTD,2026-07-03,372.0,365.15,372.35,363.85,7114745
RECLTD,2026-07-06,365.15,364.75,367.85,362.25,3202704
RECLTD,2026-07-07,364.0,356.25,365.8,355.1,4139869
RECLTD,2026-07-08,353.75,348.75,358.5,346.5,7750983
RECLTD,2026-07-09,349.1,352.0,353.95,345.7,5543794
RECLTD,2026-07-10,354.0,351.95,356.65,350.75,4023218
RECLTD,2026-07-13,349.1,351.05,352.6,347.3,3848578
RECLTD,2026-07-14,348.0,352.45,353.6,346.85,3710161
RECLTD,2026-07-15,354.0,351.7,356.45,350.55,3884183
RECLTD,2026-07-16,353.2,349.6,355.65,349.05,4094233
RECLTD,2026-07-17,350.0,355.1,357.0,347.4,7268772
RELAXO,2026-04-17,306.91,309.03,311.0,305.8,76408
RELAXO,2026-04-20,311.0,305.32,311.0,302.0,94628
RELAXO,2026-04-21,305.34,306.09,311.99,305.0,59464
RELAXO,2026-04-22,306.1,311.72,314.8,304.2,69848
RELAXO,2026-04-23,308.7,309.56,314.43,307.5,75843
RELAXO,2026-04-24,311.75,301.19,314.0,299.0,85644
RELAXO,2026-04-27,302.0,308.29,312.0,302.0,59418
RELAXO,2026-04-28,309.29,304.34,311.14,302.16,97879
RELAXO,2026-04-29,304.34,304.15,308.0,302.0,64669
RELAXO,2026-04-30,304.15,298.09,304.6,297.0,92355
RELAXO,2026-05-04,300.15,301.05,305.0,299.05,82909
RELAXO,2026-05-05,301.6,299.65,301.85,298.25,40514
RELAXO,2026-05-06,300.4,301.85,306.0,296.4,110584
RELAXO,2026-05-07,304.85,305.25,313.95,303.2,1249179
RELAXO,2026-05-08,306.7,308.85,312.1,305.35,163827
RELAXO,2026-05-11,314.75,310.35,314.75,301.65,184181
RELAXO,2026-05-12,310.1,289.4,310.1,283.3,182551
RELAXO,2026-05-13,290.0,286.65,290.0,283.1,95609
RELAXO,2026-05-14,288.0,291.0,296.45,287.9,94883
RELAXO,2026-05-15,292.1,288.4,294.8,286.1,79385
RELAXO,2026-05-18,284.5,287.3,289.7,278.4,74294
RELAXO,2026-05-19,283.05,290.75,291.8,283.05,55917
RELAXO,2026-05-20,290.75,291.3,293.5,285.0,38822
RELAXO,2026-05-21,293.9,293.8,297.2,290.85,59081
RELAXO,2026-05-22,292.0,294.4,296.9,291.4,55755
RELAXO,2026-05-25,296.0,298.75,302.9,294.9,60232
RELAXO,2026-05-26,299.7,301.5,307.45,298.15,79885
RELAXO,2026-05-27,301.6,302.0,306.7,300.8,69842
RELAXO,2026-05-28,302.0,302.0,302.0,302.0,0
RELAXO,2026-05-29,310.0,345.3,358.0,310.0,16842941
RELAXO,2026-06-01,343.65,327.8,343.65,324.4,884986
RELAXO,2026-06-02,321.0,328.25,336.7,320.5,386045
RELAXO,2026-06-03,328.25,337.6,348.0,324.7,1207005
RELAXO,2026-06-04,339.75,337.2,344.9,335.05,196115
RELAXO,2026-06-05,337.8,330.05,346.4,326.8,188000
RELAXO,2026-06-08,326.75,319.15,329.4,315.2,110156
RELAXO,2026-06-09,321.05,347.1,350.75,321.05,1177266
RELAXO,2026-06-10,348.8,344.6,354.2,339.1,324888
RELAXO,2026-06-11,342.8,336.7,354.0,334.0,328607
RELAXO,2026-06-12,339.35,342.65,346.0,339.35,159462
RELAXO,2026-06-15,345.65,341.5,357.1,340.2,106386
RELAXO,2026-06-16,343.55,350.85,352.95,340.6,185171
RELAXO,2026-06-17,355.0,364.25,367.45,349.55,575797
RELAXO,2026-06-18,365.55,367.85,375.7,361.15,341211
RELAXO,2026-06-19,367.0,355.85,367.45,352.1,251468
RELAXO,2026-06-22,356.0,356.25,361.05,355.0,57113
RELAXO,2026-06-23,357.0,364.4,372.95,356.25,267386
RELAXO,2026-06-24,366.15,368.95,370.45,360.0,128308
RELAXO,2026-06-25,376.2,413.55,423.0,373.1,33753393
RELAXO,2026-06-26,413.55,413.55,413.55,413.55,0
RELAXO,2026-06-29,406.05,417.85,426.0,390.0,4237637
RELAXO,2026-06-30,417.0,405.75,417.0,400.2,717125
RELAXO,2026-07-01,405.0,410.0,424.4,398.25,829002
RELAXO,2026-07-02,413.95,405.45,413.95,403.3,249830
RELAXO,2026-07-03,410.35,397.15,410.35,395.6,228843
RELAXO,2026-07-06,399.95,400.75,410.85,394.0,502548
RELAXO,2026-07-07,400.05,392.45,400.05,390.5,198916
RELAXO,2026-07-08,392.6,384.8,403.85,378.65,388460
RELAXO,2026-07-09,384.75,386.85,398.45,380.65,181912
RELAXO,2026-07-10,395.75,394.7,400.0,390.65,258215
RELAXO,2026-07-13,394.8,398.85,406.9,390.25,331090
RELAXO,2026-07-14,400.0,389.15,400.0,387.2,149132
RELAXO,2026-07-15,390.95,377.65,393.85,376.1,208161
RELAXO,2026-07-16,380.55,366.65,380.55,365.25,1860778
RELAXO,2026-07-17,368.0,439.95,439.95,363.7,35746124
RHIM,2026-04-17,400.0,401.9,407.0,398.05,211389
RHIM,2026-04-20,405.0,401.75,406.9,395.0,177365
RHIM,2026-04-21,400.3,410.0,415.5,400.3,178795
RHIM,2026-04-22,410.0,414.15,426.7,407.1,317402
RHIM,2026-04-23,414.15,407.05,415.0,405.3,102576
RHIM,2026-04-24,409.6,403.55,412.1,399.05,88295
RHIM,2026-04-27,403.6,411.2,416.45,403.55,92146
RHIM,2026-04-28,411.95,409.65,414.3,407.8,46845
RHIM,2026-04-29,409.3,406.2,415.0,403.0,74402
RHIM,2026-04-30,407.0,403.9,407.0,398.1,58827
RHIM,2026-05-04,404.7,405.75,411.45,404.35,52271
RHIM,2026-05-05,407.2,403.05,407.6,398.25,71337
RHIM,2026-05-06,402.3,409.1,411.8,401.5,88231
RHIM,2026-05-07,411.2,411.7,414.55,409.35,79474
RHIM,2026-05-08,410.0,410.45,414.75,407.3,78906
RHIM,2026-05-11,410.45,399.9,410.45,397.0,125670
RHIM,2026-05-12,397.8,386.35,402.55,380.1,100657
RHIM,2026-05-13,389.75,392.25,393.7,384.95,61498
RHIM,2026-05-14,394.95,394.55,398.2,387.0,68886
RHIM,2026-05-15,394.55,388.3,402.0,387.05,98462
RHIM,2026-05-18,389.1,380.8,390.6,371.55,100878
RHIM,2026-05-19,381.0,384.0,386.7,378.7,70030
RHIM,2026-05-20,381.75,386.45,390.7,377.75,60327
RHIM,2026-05-21,389.5,398.8,421.45,388.0,2587353
RHIM,2026-05-22,400.0,394.25,405.0,391.1,302641
RHIM,2026-05-25,395.05,403.15,409.2,394.55,182906
RHIM,2026-05-26,402.0,405.6,413.6,401.0,161264
RHIM,2026-05-27,407.2,414.4,420.9,407.2,388637
RHIM,2026-05-28,414.4,414.4,414.4,414.4,0
RHIM,2026-05-29,413.0,406.6,416.05,386.5,886706
RHIM,2026-06-01,392.35,365.2,395.05,353.95,2079686
RHIM,2026-06-02,356.3,344.65,359.85,333.8,2911257
RHIM,2026-06-03,342.05,377.45,380.0,342.05,7688522
RHIM,2026-06-04,374.05,401.15,404.95,372.1,2942863
RHIM,2026-06-05,396.0,399.6,401.55,390.0,331233
RHIM,2026-06-08,390.0,377.25,390.0,375.4,532952
RHIM,2026-06-09,380.0,382.6,385.0,374.5,218143
RHIM,2026-06-10,374.0,368.85,384.5,365.2,289411
RHIM,2026-06-11,370.7,358.2,370.7,356.4,240034
RHIM,2026-06-12,362.7,367.8,369.45,359.95,118660
RHIM,2026-06-15,372.05,375.5,380.65,372.05,377345
RHIM,2026-06-16,373.6,378.6,381.15,373.55,111375
RHIM,2026-06-17,378.6,376.85,383.25,374.8,94150
RHIM,2026-06-18,377.8,370.85,378.55,367.35,89139
RHIM,2026-06-19,370.0,381.95,384.95,366.95,259533
RHIM,2026-06-22,383.05,389.0,391.7,377.45,301646
RHIM,2026-06-23,386.15,382.45,391.9,379.1,226929
RHIM,2026-06-24,382.5,379.65,384.35,375.45,271615
RHIM,2026-06-25,383.45,376.2,386.25,373.2,212029
RHIM,2026-06-26,376.2,376.2,376.2,376.2,0
RHIM,2026-06-29,376.0,372.95,380.75,367.65,316201
RHIM,2026-06-30,373.8,367.75,374.35,363.0,207649
RHIM,2026-07-01,382.15,387.7,406.5,353.0,19000070
RHIM,2026-07-02,387.85,403.2,443.8,387.8,50278511
RHIM,2026-07-03,401.9,384.3,401.9,379.05,5297455
RHIM,2026-07-06,383.0,384.65,391.95,378.0,1190744
RHIM,2026-07-07,385.9,384.2,387.35,378.4,595365
RHIM,2026-07-08,383.0,390.35,406.5,380.75,2071150
RHIM,2026-07-09,395.0,402.55,406.5,390.65,1381239
RHIM,2026-07-10,406.6,420.35,425.3,403.9,5014433
RHIM,2026-07-13,419.15,413.2,427.3,412.2,826023
RHIM,2026-07-14,412.8,403.75,415.1,401.5,858588
RHIM,2026-07-15,406.3,406.0,414.6,403.4,582501
RHIM,2026-07-16,406.0,405.9,413.0,404.3,1237236
RHIM,2026-07-17,407.0,409.0,413.6,404.0,407771
RPGLIFE,2026-04-17,1914.9,2024.6,2044.9,1892.2,119548
RPGLIFE,2026-04-20,2023.8,2014.9,2048.8,1970.0,13634
RPGLIFE,2026-04-21,2029.0,1998.7,2029.0,1992.9,2937
RPGLIFE,2026-04-22,1977.8,1965.2,1999.9,1953.9,5043
RPGLIFE,2026-04-23,1972.0,2011.4,2078.3,1971.6,15560
RPGLIFE,2026-04-24,2015.0,2033.1,2080.0,1986.7,17857
RPGLIFE,2026-04-27,2011.9,2011.8,2065.9,2003.7,19617
RPGLIFE,2026-04-28,2016.8,2045.8,2074.9,2016.8,16695
RPGLIFE,2026-04-29,2047.0,2030.5,2087.9,2022.4,7891
RPGLIFE,2026-04-30,2049.9,2295.0,2336.6,2049.9,1683294
RPGLIFE,2026-05-01,2295.0,2295.0,2295.0,2295.0,0
RPGLIFE,2026-05-04,2314.0,2417.0,2485.0,2295.0,181126
RPGLIFE,2026-05-05,2397.2,2322.2,2413.4,2308.0,78974
RPGLIFE,2026-05-06,2364.0,2378.1,2396.0,2301.1,24402
RPGLIFE,2026-05-07,2400.0,2492.0,2524.9,2378.2,49294
RPGLIFE,2026-05-08,2500.0,2463.1,2503.3,2434.1,15609
RPGLIFE,2026-05-11,2480.0,2414.2,2480.0,2409.0,11678
RPGLIFE,2026-05-12,2400.0,2311.1,2416.7,2298.9,9010
RPGLIFE,2026-05-13,2301.6,2333.2,2383.9,2301.6,8445
RPGLIFE,2026-05-14,2348.5,2348.4,2375.0,2278.0,7333
RPGLIFE,2026-05-15,2348.0,2292.5,2385.0,2270.1,6196
RPGLIFE,2026-05-18,2270.5,2300.8,2342.9,2249.1,8429
RPGLIFE,2026-05-19,2273.0,2282.6,2332.0,2273.0,4490
RPGLIFE,2026-05-20,2285.8,2300.0,2355.0,2285.0,10013
RPGLIFE,2026-05-21,2300.0,2274.2,2330.9,2269.9,3758
RPGLIFE,2026-05-22,2274.2,2293.9,2329.0,2253.6,5922
RPGLIFE,2026-05-25,2308.0,2253.7,2327.9,2243.0,10256
RPGLIFE,2026-05-26,2253.7,2213.7,2300.7,2205.0,5790
RPGLIFE,2026-05-27,2221.0,2232.6,2246.0,2200.0,10588
RPGLIFE,2026-05-28,2232.6,2232.6,2232.6,2232.6,0
RPGLIFE,2026-05-29,2235.1,2224.7,2258.8,2187.2,12035
RPGLIFE,2026-06-01,2224.0,2172.4,2224.0,2163.3,3358
RPGLIFE,2026-06-02,2183.5,2192.7,2232.0,2170.0,4851
RPGLIFE,2026-06-03,2190.0,2198.2,2257.5,2185.0,5434
RPGLIFE,2026-06-04,2189.6,2159.1,2209.8,2137.2,9718
RPGLIFE,2026-06-05,2161.0,2161.6,2184.7,2100.0,11853
RPGLIFE,2026-06-08,2154.9,2089.0,2199.7,2065.3,11619
RPGLIFE,2026-06-09,2089.0,2117.1,2119.5,2081.7,3798
RPGLIFE,2026-06-10,2121.0,2108.2,2138.9,2090.4,4836
RPGLIFE,2026-06-11,2115.0,2199.6,2314.7,2108.7,125079
RPGLIFE,2026-06-12,2204.9,2216.7,2308.8,2188.2,20682
RPGLIFE,2026-06-15,2258.1,2297.7,2331.9,2226.2,17951
RPGLIFE,2026-06-16,2286.2,2288.7,2321.9,2262.7,10157
RPGLIFE,2026-06-17,2288.8,2302.0,2331.0,2272.1,6088
RPGLIFE,2026-06-18,2330.0,2278.1,2330.1,2274.0,5366
RPGLIFE,2026-06-19,2280.0,2277.4,2318.8,2255.5,3109
RPGLIFE,2026-06-22,2299.6,2334.6,2350.0,2277.0,6084
RPGLIFE,2026-06-23,2331.8,2307.5,2397.6,2283.8,11601
RPGLIFE,2026-06-24,2298.0,2288.7,2324.8,2284.5,2626
RPGLIFE,2026-06-25,2290.0,2276.4,2319.6,2275.0,3993
RPGLIFE,2026-06-26,2276.4,2276.4,2276.4,2276.4,0
RPGLIFE,2026-06-29,2200.0,2278.4,2309.9,2200.0,8271
RPGLIFE,2026-06-30,2286.3,2292.5,2305.8,2262.6,5147
RPGLIFE,2026-07-01,2306.0,2352.6,2388.0,2305.0,16371
RPGLIFE,2026-07-02,2366.7,2393.7,2480.0,2352.2,18284
RPGLIFE,2026-07-03,2396.1,2415.8,2475.0,2396.1,5986
RPGLIFE,2026-07-06,2415.8,2416.5,2479.2,2385.8,6784
RPGLIFE,2026-07-07,2449.0,2440.3,2468.0,2399.0,10469
RPGLIFE,2026-07-08,2441.0,2452.3,2575.2,2436.5,81686
RPGLIFE,2026-07-09,2422.0,2656.8,2675.0,2366.8,86110
RPGLIFE,2026-07-10,2652.5,2856.9,2889.0,2613.1,196584
RPGLIFE,2026-07-13,2823.6,2822.9,2956.0,2803.5,65828
RPGLIFE,2026-07-14,2805.0,2740.2,2861.9,2735.0,20009
RPGLIFE,2026-07-15,2775.0,2978.1,2993.8,2722.5,146433
RPGLIFE,2026-07-16,2978.1,2921.9,2992.8,2880.1,27951
RPGLIFE,2026-07-17,2915.0,2859.8,2939.9,2826.1,16931
RRKABEL,2026-04-17,1455.0,1475.6,1520.0,1454.9,513942
RRKABEL,2026-04-20,1476.0,1469.2,1514.0,1460.9,362825
RRKABEL,2026-04-21,1475.7,1457.6,1489.0,1453.2,254219
RRKABEL,2026-04-22,1458.8,1463.3,1487.7,1445.6,263074
RRKABEL,2026-04-23,1431.0,1432.0,1446.7,1407.5,495322
RRKABEL,2026-04-24,1423.0,1442.4,1447.9,1400.0,243234
RRKABEL,2026-04-27,1460.0,1508.5,1515.9,1451.8,276399
RRKABEL,2026-04-28,1514.9,1609.0,1620.0,1504.6,1843005
RRKABEL,2026-04-29,1616.2,1626.6,1647.8,1592.0,1064165
RRKABEL,2026-04-30,1618.1,1571.0,1648.0,1525.0,1259192
RRKABEL,2026-05-01,1571.0,1571.0,1571.0,1571.0,0
RRKABEL,2026-05-04,1610.0,1775.2,1799.0,1602.3,5778040
RRKABEL,2026-05-05,1770.0,1785.4,1835.0,1752.1,1269929
RRKABEL,2026-05-06,1800.0,1797.2,1805.0,1768.0,339818
RRKABEL,2026-05-07,1812.1,1927.0,1960.0,1806.3,1321100
RRKABEL,2026-05-08,1933.9,1942.4,1984.0,1907.0,681938
RRKABEL,2026-05-11,1942.3,1922.0,1980.4,1885.7,519865
RRKABEL,2026-05-12,1928.0,1938.8,1996.9,1915.0,995583
RRKABEL,2026-05-13,1940.0,1957.3,1982.8,1923.5,481539
RRKABEL,2026-05-14,1984.9,2037.3,2049.0,1919.0,1279108
RRKABEL,2026-05-15,2045.0,1953.8,2048.3,1941.3,511797
RRKABEL,2026-05-18,1919.3,1947.9,1977.0,1898.1,540298
RRKABEL,2026-05-19,1956.1,1918.9,1966.0,1902.9,206876
RRKABEL,2026-05-20,1914.0,1962.4,1974.8,1900.0,477800
RRKABEL,2026-05-21,1987.0,1945.2,2008.0,1926.0,698573
RRKABEL,2026-05-22,1950.6,1947.6,1958.9,1912.1,207646
RRKABEL,2026-05-25,1979.0,1989.1,2007.9,1955.1,730185
RRKABEL,2026-05-26,2005.0,1977.4,2024.0,1971.0,676749
RRKABEL,2026-05-27,1988.0,1951.0,2036.0,1929.9,854759
RRKABEL,2026-05-28,1951.0,1951.0,1951.0,1951.0,0
RRKABEL,2026-05-29,1968.0,2056.3,2117.0,1961.4,1682862
RRKABEL,2026-06-01,2095.0,2027.9,2130.0,2015.0,911596
RRKABEL,2026-06-02,2025.0,2023.8,2039.0,1964.3,412951
RRKABEL,2026-06-03,2025.0,2155.9,2169.0,2020.1,1528524
RRKABEL,2026-06-04,2166.0,2223.0,2239.6,2116.1,1089810
RRKABEL,2026-06-05,2234.0,2223.4,2239.8,2182.1,564015
RRKABEL,2026-06-08,2179.0,2154.6,2216.4,2116.0,378782
RRKABEL,2026-06-09,2149.8,2177.0,2208.0,2129.9,368490
RRKABEL,2026-06-10,2177.0,2167.5,2207.4,2125.1,391527
RRKABEL,2026-06-11,2168.0,2128.1,2171.9,2063.9,591539
RRKABEL,2026-06-12,2155.0,2168.2,2216.7,2142.1,467495
RRKABEL,2026-06-15,2209.0,2187.4,2228.4,2177.0,287659
RRKABEL,2026-06-16,2210.0,2201.1,2277.7,2178.0,1037972
RRKABEL,2026-06-17,2204.4,2209.8,2283.5,2195.0,753169
RRKABEL,2026-06-18,2236.0,2296.2,2365.0,2230.0,1681174
RRKABEL,2026-06-19,2273.8,2321.1,2329.0,2261.1,732638
RRKABEL,2026-06-22,2332.8,2353.3,2374.0,2324.1,686792
RRKABEL,2026-06-23,2369.0,2368.2,2427.5,2352.0,733775
RRKABEL,2026-06-24,2359.1,2438.0,2450.0,2352.3,632548
RRKABEL,2026-06-25,2455.0,2488.3,2518.9,2400.1,953580
RRKABEL,2026-06-26,2488.3,2488.3,2488.3,2488.3,0
RRKABEL,2026-06-29,2500.0,2502.3,2549.0,2451.6,584377
RRKABEL,2026-06-30,2515.0,2395.2,2519.0,2320.0,2285178
RRKABEL,2026-07-01,2420.0,2381.7,2434.0,2370.0,341269
RRKABEL,2026-07-02,2391.1,2393.5,2409.3,2334.6,352986
RRKABEL,2026-07-03,2417.0,2343.3,2430.0,2330.0,391383
RRKABEL,2026-07-06,2346.7,2295.2,2359.8,2280.0,358857
RRKABEL,2026-07-07,2285.0,2190.5,2309.6,2181.0,362480
RRKABEL,2026-07-08,2190.0,2188.5,2255.0,2164.0,348461
RRKABEL,2026-07-09,2180.0,2206.7,2258.0,2180.0,433746
RRKABEL,2026-07-10,2240.0,2225.7,2244.0,2213.0,197961
RRKABEL,2026-07-13,2193.6,2374.8,2390.1,2175.0,819246
RRKABEL,2026-07-14,2378.0,2345.3,2382.7,2318.0,419751
RRKABEL,2026-07-15,2355.9,2291.3,2382.8,2284.0,393579
RRKABEL,2026-07-16,2305.0,2403.9,2415.0,2305.0,658847
RRKABEL,2026-07-17,2415.0,2293.3,2415.0,2271.3,408370
SAFARI,2026-04-17,1558.2,1577.5,1653.9,1555.0,81038
SAFARI,2026-04-20,1577.0,1558.6,1579.9,1543.1,85383
SAFARI,2026-04-21,1557.0,1576.4,1594.8,1554.0,25393
SAFARI,2026-04-22,1576.4,1545.9,1593.4,1540.0,33691
SAFARI,2026-04-23,1545.9,1497.7,1555.4,1475.4,110326
SAFARI,2026-04-24,1497.7,1470.0,1519.1,1450.0,32221
SAFARI,2026-04-27,1470.0,1472.1,1511.0,1463.1,65041
SAFARI,2026-04-28,1483.4,1458.8,1483.4,1442.3,107120
SAFARI,2026-04-29,1480.0,1433.8,1480.0,1423.0,89634
SAFARI,2026-04-30,1443.9,1412.5,1443.9,1393.4,112192
SAFARI,2026-05-04,1423.5,1418.9,1449.5,1411.4,35906
SAFARI,2026-05-05,1429.9,1367.6,1430.0,1363.5,84303
SAFARI,2026-05-06,1389.7,1478.7,1490.9,1363.1,249618
SAFARI,2026-05-07,1500.9,1537.9,1569.4,1481.6,243416
SAFARI,2026-05-08,1537.9,1524.4,1543.8,1509.0,149635
SAFARI,2026-05-11,1520.1,1492.4,1520.1,1466.2,84689
SAFARI,2026-05-12,1478.6,1478.8,1518.9,1466.0,65397
SAFARI,2026-05-13,1481.0,1488.0,1505.0,1451.4,141352
SAFARI,2026-05-14,1487.9,1450.0,1487.9,1422.1,136238
SAFARI,2026-05-15,1450.0,1458.1,1502.0,1437.2,67243
SAFARI,2026-05-18,1459.5,1426.4,1469.1,1398.0,31102
SAFARI,2026-05-19,1425.0,1426.9,1489.4,1407.0,234637
SAFARI,2026-05-20,1426.9,1495.2,1502.3,1402.6,115166
SAFARI,2026-05-21,1519.0,1544.5,1574.4,1490.0,197867
SAFARI,2026-05-22,1558.0,1527.0,1558.0,1520.0,45239
SAFARI,2026-05-25,1539.0,1515.3,1543.4,1499.3,63205
SAFARI,2026-05-26,1515.3,1540.7,1549.5,1504.7,72030
SAFARI,2026-05-27,1540.0,1527.9,1548.7,1512.0,31892
SAFARI,2026-05-28,1527.9,1527.9,1527.9,1527.9,0
SAFARI,2026-05-29,1525.0,1503.7,1550.0,1484.0,66929
SAFARI,2026-06-01,1511.4,1607.0,1697.0,1500.3,1347294
SAFARI,2026-06-02,1594.0,1629.0,1640.0,1575.0,103686
SAFARI,2026-06-03,1629.0,1573.8,1630.0,1554.7,87113
SAFARI,2026-06-04,1569.8,1584.1,1600.0,1544.5,89243
SAFARI,2026-06-05,1586.0,1633.1,1646.7,1581.4,92293
SAFARI,2026-06-08,1628.2,1556.5,1630.0,1536.1,54021
SAFARI,2026-06-09,1567.0,1571.1,1584.5,1548.5,77371
SAFARI,2026-06-10,1579.0,1555.1,1617.9,1550.0,30653
SAFARI,2026-06-11,1555.0,1517.6,1555.0,1510.0,80089
SAFARI,2026-06-12,1527.2,1535.1,1574.0,1515.8,66663
SAFARI,2026-06-15,1548.1,1636.0,1641.9,1548.1,71953
SAFARI,2026-06-16,1647.0,1608.8,1655.4,1601.1,32823
SAFARI,2026-06-17,1615.0,1675.5,1702.9,1615.0,143194
SAFARI,2026-06-18,1690.1,1660.0,1696.0,1627.0,45326
SAFARI,2026-06-19,1670.9,1675.5,1685.0,1640.2,65249
SAFARI,2026-06-22,1678.3,1650.6,1681.6,1640.0,78697
SAFARI,2026-06-23,1667.1,1609.4,1677.0,1603.0,31100
SAFARI,2026-06-24,1610.0,1598.7,1611.4,1590.0,41048
SAFARI,2026-06-25,1598.6,1590.6,1629.3,1581.0,21077
SAFARI,2026-06-26,1590.6,1590.6,1590.6,1590.6,0
SAFARI,2026-06-29,1590.6,1586.6,1656.9,1568.0,68222
SAFARI,2026-06-30,1586.0,1594.0,1616.0,1581.9,126367
SAFARI,2026-07-01,1594.0,1619.7,1633.2,1594.0,66125
SAFARI,2026-07-02,1624.0,1639.9,1647.4,1613.9,19763
SAFARI,2026-07-03,1641.5,1617.5,1655.0,1611.2,40573
SAFARI,2026-07-06,1617.5,1626.2,1655.0,1605.2,37492
SAFARI,2026-07-07,1626.0,1610.5,1634.8,1603.3,246787
SAFARI,2026-07-08,1592.0,1600.5,1622.0,1588.0,26406
SAFARI,2026-07-09,1598.0,1622.6,1644.0,1588.7,28530
SAFARI,2026-07-10,1620.0,1631.2,1643.9,1620.0,20832
SAFARI,2026-07-13,1620.0,1683.5,1696.0,1609.8,45063
SAFARI,2026-07-14,1667.8,1665.8,1685.1,1645.1,19631
SAFARI,2026-07-15,1665.8,1642.2,1676.9,1635.2,23388
SAFARI,2026-07-16,1642.2,1627.8,1659.0,1616.0,21355
SAFARI,2026-07-17,1627.0,1640.5,1648.6,1614.0,14201
SAKSOFT,2026-04-17,147.13,147.69,149.0,145.21,192927
SAKSOFT,2026-04-20,149.19,145.29,149.99,143.29,178147
SAKSOFT,2026-04-21,145.3,146.62,147.5,145.3,97111
SAKSOFT,2026-04-22,144.42,146.75,148.5,144.0,151136
SAKSOFT,2026-04-23,144.55,143.49,147.59,143.0,164978
SAKSOFT,2026-04-24,144.99,138.17,145.0,136.35,190359
SAKSOFT,2026-04-27,139.0,144.44,145.0,135.0,176623
SAKSOFT,2026-04-28,144.46,142.72,146.19,141.5,119143
SAKSOFT,2026-04-29,144.9,141.91,144.9,140.71,108065
SAKSOFT,2026-04-30,140.0,140.15,142.0,137.41,126054
SAKSOFT,2026-05-01,140.15,140.15,140.15,140.15,0
SAKSOFT,2026-05-04,140.15,139.65,142.33,138.6,117856
SAKSOFT,2026-05-05,139.13,136.43,141.24,136.02,156068
SAKSOFT,2026-05-06,136.51,148.13,151.68,136.12,1288994
SAKSOFT,2026-05-07,148.74,147.29,153.35,145.55,467120
SAKSOFT,2026-05-08,146.88,148.78,153.19,145.0,384923
SAKSOFT,2026-05-11,150.15,151.68,155.0,145.58,839579
SAKSOFT,2026-05-12,149.85,141.12,151.46,140.0,319829
SAKSOFT,2026-05-13,139.0,140.1,143.15,139.0,150777
SAKSOFT,2026-05-14,142.33,136.4,142.33,134.05,221902
SAKSOFT,2026-05-15,136.4,135.26,140.63,134.05,184781
SAKSOFT,2026-05-18,133.23,133.26,135.0,129.31,170916
SAKSOFT,2026-05-19,133.68,144.04,155.0,133.68,5954748
SAKSOFT,2026-05-20,145.88,140.68,145.88,139.0,320699
SAKSOFT,2026-05-21,141.63,138.47,143.85,137.51,285146
SAKSOFT,2026-05-22,138.99,139.02,141.09,137.21,203633
SAKSOFT,2026-05-25,140.5,144.01,153.0,139.99,2186402
SAKSOFT,2026-05-26,145.45,146.69,150.3,145.0,502840
SAKSOFT,2026-05-27,147.45,145.59,148.0,143.61,175194
SAKSOFT,2026-05-28,145.59,145.59,145.59,145.59,0
SAKSOFT,2026-05-29,147.75,143.27,148.49,142.0,218427
SAKSOFT,2026-06-01,144.49,142.1,147.5,140.25,264101
SAKSOFT,2026-06-02,140.65,147.63,153.79,140.65,1810600
SAKSOFT,2026-06-03,148.0,145.37,148.8,143.5,253906
SAKSOFT,2026-06-04,143.63,142.15,145.0,141.81,206853
SAKSOFT,2026-06-05,142.55,143.23,145.0,142.01,173379
SAKSOFT,2026-06-08,140.11,139.36,141.8,137.49,206667
SAKSOFT,2026-06-09,141.41,140.77,142.83,139.01,124379
SAKSOFT,2026-06-10,141.0,142.28,143.1,138.51,193697
SAKSOFT,2026-06-11,141.68,138.17,141.68,137.03,138579
SAKSOFT,2026-06-12,139.0,137.85,141.0,135.2,298197
SAKSOFT,2026-06-15,141.8,143.74,145.5,140.0,319417
SAKSOFT,2026-06-16,144.4,143.67,148.75,142.81,464672
SAKSOFT,2026-06-17,144.3,142.93,145.82,142.01,152117
SAKSOFT,2026-06-18,142.93,140.64,143.99,138.91,201359
SAKSOFT,2026-06-19,140.64,139.96,141.09,138.0,146161
SAKSOFT,2026-06-22,141.35,141.33,142.0,139.96,158764
SAKSOFT,2026-06-23,141.33,139.16,142.0,138.45,162440
SAKSOFT,2026-06-24,139.0,139.43,141.0,138.4,131099
SAKSOFT,2026-06-25,139.44,160.45,163.88,138.62,32322660
SAKSOFT,2026-06-26,160.45,160.45,160.45,160.45,0
SAKSOFT,2026-06-29,163.75,183.77,189.9,162.45,71487865
SAKSOFT,2026-06-30,191.33,206.71,212.47,187.45,127442086
SAKSOFT,2026-07-01,210.84,194.98,217.33,186.04,64754456
SAKSOFT,2026-07-02,182.95,179.86,189.95,175.49,18021950
SAKSOFT,2026-07-03,183.84,178.98,189.9,176.24,15054872
SAKSOFT,2026-07-06,180.01,169.79,180.8,167.0,3530206
SAKSOFT,2026-07-07,170.63,176.6,186.76,170.0,8227819
SAKSOFT,2026-07-08,175.97,167.31,176.0,161.66,7057678
SAKSOFT,2026-07-09,172.0,169.03,173.9,167.2,2719202
SAKSOFT,2026-07-10,173.0,171.06,174.4,169.9,1346857
SAKSOFT,2026-07-13,178.24,185.02,188.16,174.78,8883598
SAKSOFT,2026-07-14,184.38,178.58,184.8,177.06,1847978
SAKSOFT,2026-07-15,177.0,179.96,189.99,173.9,4546822
SAKSOFT,2026-07-16,180.02,181.88,183.8,177.66,1710846
SAKSOFT,2026-07-17,181.88,179.06,181.88,175.48,1040611
SANGHVIMOV,2026-04-17,301.3,306.85,310.8,297.0,418360
SANGHVIMOV,2026-04-20,308.0,299.4,309.0,298.0,276656
SANGHVIMOV,2026-04-21,299.15,306.73,318.5,299.15,316542
SANGHVIMOV,2026-04-22,305.0,316.86,324.97,304.51,488402
SANGHVIMOV,2026-04-23,314.8,308.96,317.49,308.0,198880
SANGHVIMOV,2026-04-24,309.0,301.92,311.04,300.0,131894
SANGHVIMOV,2026-04-27,303.4,303.76,310.85,302.55,149210
SANGHVIMOV,2026-04-28,303.0,302.62,306.8,298.95,156485
SANGHVIMOV,2026-04-29,305.7,313.06,317.7,303.7,282201
SANGHVIMOV,2026-04-30,310.99,319.9,321.79,308.71,313945
SANGHVIMOV,2026-05-01,319.9,319.9,319.9,319.9,0
SANGHVIMOV,2026-05-04,321.1,321.95,328.0,319.1,196610
SANGHVIMOV,2026-05-05,320.2,318.15,324.9,315.55,120580
SANGHVIMOV,2026-05-06,319.0,328.2,330.1,314.4,312603
SANGHVIMOV,2026-05-07,328.2,337.75,342.9,324.85,383861
SANGHVIMOV,2026-05-08,336.5,338.65,345.6,333.2,257214
SANGHVIMOV,2026-05-11,336.0,330.25,340.45,328.8,187201
SANGHVIMOV,2026-05-12,327.5,312.35,331.15,309.8,231839
SANGHVIMOV,2026-05-13,315.0,314.6,318.7,306.05,132658
SANGHVIMOV,2026-05-14,314.6,313.5,320.45,305.0,196898
SANGHVIMOV,2026-05-15,314.0,302.7,317.2,301.0,216078
SANGHVIMOV,2026-05-18,298.5,307.75,310.0,294.95,251476
SANGHVIMOV,2026-05-19,306.0,320.4,328.15,305.9,268911
SANGHVIMOV,2026-05-20,316.2,322.1,328.45,316.2,212080
SANGHVIMOV,2026-05-21,351.75,352.2,378.25,342.3,9427798
SANGHVIMOV,2026-05-22,360.0,354.85,365.9,353.0,748050
SANGHVIMOV,2026-05-25,357.8,378.6,380.0,356.1,915210
SANGHVIMOV,2026-05-26,379.7,381.55,398.8,373.6,1108815
SANGHVIMOV,2026-05-27,384.3,374.8,384.3,372.75,239397
SANGHVIMOV,2026-05-28,374.8,374.8,374.8,374.8,0
SANGHVIMOV,2026-05-29,374.0,364.05,382.4,361.15,262402
SANGHVIMOV,2026-06-01,365.0,348.35,371.35,347.0,283126
SANGHVIMOV,2026-06-02,346.0,357.45,362.8,344.6,236855
SANGHVIMOV,2026-06-03,358.5,359.3,362.9,350.1,204256
SANGHVIMOV,2026-06-04,358.0,366.75,369.4,353.5,273598
SANGHVIMOV,2026-06-05,369.45,373.15,383.1,367.0,292358
SANGHVIMOV,2026-06-08,366.2,376.05,382.0,362.0,305035
SANGHVIMOV,2026-06-09,376.05,391.7,393.5,376.05,422132
SANGHVIMOV,2026-06-10,395.4,376.35,399.5,374.35,405968
SANGHVIMOV,2026-06-11,372.05,371.3,378.7,366.65,152270
SANGHVIMOV,2026-06-12,375.0,387.95,389.85,375.0,310635
SANGHVIMOV,2026-06-15,393.6,420.85,424.45,392.6,1664612
SANGHVIMOV,2026-06-16,427.65,422.05,428.1,406.05,682636
SANGHVIMOV,2026-06-17,423.65,416.5,428.65,409.95,447998
SANGHVIMOV,2026-06-18,425.95,412.3,430.0,410.0,370253
SANGHVIMOV,2026-06-19,410.0,414.75,421.7,406.4,335442
SANGHVIMOV,2026-06-22,423.7,436.7,442.6,421.05,1159405
SANGHVIMOV,2026-06-23,440.0,421.2,441.0,417.8,531808
SANGHVIMOV,2026-06-24,421.0,419.85,423.0,411.0,296276
SANGHVIMOV,2026-06-25,425.45,411.1,425.45,406.8,238403
SANGHVIMOV,2026-06-26,411.1,411.1,411.1,411.1,0
SANGHVIMOV,2026-06-29,411.1,421.95,425.95,408.45,295198
SANGHVIMOV,2026-06-30,422.0,438.4,443.35,420.3,639085
SANGHVIMOV,2026-07-01,443.0,442.05,451.85,436.0,529156
SANGHVIMOV,2026-07-02,442.05,454.25,455.2,439.1,439341
SANGHVIMOV,2026-07-03,455.1,463.25,464.8,447.8,444692
SANGHVIMOV,2026-07-06,466.6,457.35,471.9,454.1,351750
SANGHVIMOV,2026-07-07,456.5,449.45,456.5,440.0,281503
SANGHVIMOV,2026-07-08,443.0,441.25,459.0,436.0,403994
SANGHVIMOV,2026-07-09,444.95,464.2,473.0,443.55,626577
SANGHVIMOV,2026-07-10,471.4,459.25,471.45,452.6,243807
SANGHVIMOV,2026-07-13,459.9,436.7,470.5,434.2,725570
SANGHVIMOV,2026-07-14,437.9,430.8,441.2,424.0,417728
SANGHVIMOV,2026-07-15,429.65,435.4,439.15,422.8,363717
SANGHVIMOV,2026-07-16,433.2,430.75,446.8,423.4,356681
SANGHVIMOV,2026-07-17,432.0,421.2,432.2,413.9,331339
SAREGAMA,2026-04-17,344.95,343.9,351.0,342.05,300768
SAREGAMA,2026-04-20,342.0,341.5,346.05,338.05,188455
SAREGAMA,2026-04-21,345.0,340.3,347.7,339.5,241300
SAREGAMA,2026-04-22,341.0,344.15,345.0,336.4,207662
SAREGAMA,2026-04-23,345.0,348.4,351.0,338.9,783106
SAREGAMA,2026-04-24,349.0,346.75,351.8,340.85,392524
SAREGAMA,2026-04-27,346.75,359.7,365.0,345.55,899478
SAREGAMA,2026-04-28,361.0,358.75,364.65,356.15,216039
SAREGAMA,2026-04-29,361.95,349.5,361.95,348.35,281141
SAREGAMA,2026-04-30,349.5,343.85,349.5,340.5,196037
SAREGAMA,2026-05-01,343.85,343.85,343.85,343.85,0
SAREGAMA,2026-05-04,346.9,345.1,349.6,342.5,208580
SAREGAMA,2026-05-05,346.85,344.25,353.25,342.0,231837
SAREGAMA,2026-05-06,347.0,350.95,352.0,343.05,165594
SAREGAMA,2026-05-07,355.5,349.85,356.8,349.0,282493
SAREGAMA,2026-05-08,349.85,360.4,375.0,346.8,927400
SAREGAMA,2026-05-11,360.05,349.2,360.5,347.8,359079
SAREGAMA,2026-05-12,349.0,332.8,350.85,330.65,271428
SAREGAMA,2026-05-13,335.3,335.05,339.15,328.1,218993
SAREGAMA,2026-05-14,341.0,384.55,396.7,339.35,38733636
SAREGAMA,2026-05-15,390.0,415.75,443.0,389.0,95651377
SAREGAMA,2026-05-18,405.15,392.35,409.25,386.5,10630178
SAREGAMA,2026-05-19,392.35,394.3,401.2,383.6,3442432
SAREGAMA,2026-05-20,393.9,406.5,423.0,387.0,10952317
SAREGAMA,2026-05-21,416.0,406.4,416.0,400.2,2299265
SAREGAMA,2026-05-22,405.9,402.3,414.95,398.3,1292660
SAREGAMA,2026-05-25,407.5,397.6,407.5,395.1,899266
SAREGAMA,2026-05-26,398.0,396.05,407.0,394.1,650709
SAREGAMA,2026-05-27,398.5,417.3,426.8,396.2,4766077
SAREGAMA,2026-05-28,417.3,417.3,417.3,417.3,0
SAREGAMA,2026-05-29,420.0,424.15,428.0,411.6,1603546
SAREGAMA,2026-06-01,444.0,459.75,477.5,438.6,18131508
SAREGAMA,2026-06-02,457.0,457.6,463.45,444.25,2431156
SAREGAMA,2026-06-03,457.6,462.3,469.9,443.1,1874240
SAREGAMA,2026-06-04,459.0,452.6,466.6,451.0,1402779
SAREGAMA,2026-06-05,457.0,476.2,479.0,454.6,4026582
SAREGAMA,2026-06-08,465.55,456.9,485.0,450.55,1972391
SAREGAMA,2026-06-09,458.0,449.3,460.15,445.3,1334143
SAREGAMA,2026-06-10,449.3,438.05,453.45,435.45,647593
SAREGAMA,2026-06-11,438.05,452.3,457.2,433.25,1201669
SAREGAMA,2026-06-12,459.0,455.85,469.0,449.0,1394362
SAREGAMA,2026-06-15,459.9,462.6,468.05,452.15,890587
SAREGAMA,2026-06-16,469.8,464.55,471.55,459.5,609168
SAREGAMA,2026-06-17,464.05,453.4,464.05,450.2,478075
SAREGAMA,2026-06-18,455.0,456.15,460.5,453.4,347314
SAREGAMA,2026-06-19,458.75,465.9,469.5,456.15,879079
SAREGAMA,2026-06-22,468.9,477.25,480.85,464.3,764912
SAREGAMA,2026-06-23,477.25,473.4,489.95,471.1,999723
SAREGAMA,2026-06-24,473.5,471.1,483.65,461.55,464528
SAREGAMA,2026-06-25,472.9,480.7,486.65,465.4,871473
SAREGAMA,2026-06-26,480.7,480.7,480.7,480.7,0
SAREGAMA,2026-06-29,482.0,498.9,509.9,475.75,2529480
SAREGAMA,2026-06-30,496.0,492.8,498.05,489.0,327193
SAREGAMA,2026-07-01,493.9,492.35,503.9,489.1,325236
SAREGAMA,2026-07-02,490.0,494.3,499.8,485.55,303270
SAREGAMA,2026-07-03,496.6,485.75,497.0,482.75,233968
SAREGAMA,2026-07-06,487.9,488.05,493.0,477.0,265309
SAREGAMA,2026-07-07,488.95,460.15,490.0,456.1,460054
SAREGAMA,2026-07-08,457.9,447.2,463.8,443.35,375053
SAREGAMA,2026-07-09,450.0,476.1,479.9,450.0,1342190
SAREGAMA,2026-07-10,477.05,479.2,481.05,469.4,345784
SAREGAMA,2026-07-13,479.1,498.5,503.0,470.15,822815
SAREGAMA,2026-07-14,498.95,483.5,499.7,481.65,451661
SAREGAMA,2026-07-15,487.6,490.6,499.0,483.5,693616
SAREGAMA,2026-07-16,486.95,489.55,495.0,484.15,481997
SAREGAMA,2026-07-17,489.5,494.85,497.6,482.95,341267
SBCL,2026-04-17,514.9,523.0,531.4,507.0,550054
SBCL,2026-04-20,525.0,521.15,526.85,515.0,163110
SBCL,2026-04-21,521.15,520.75,525.0,513.6,90902
SBCL,2026-04-22,520.75,536.55,538.5,515.35,235112
SBCL,2026-04-23,537.0,524.3,543.3,519.55,185557
SBCL,2026-04-24,521.7,592.3,625.0,520.1,5745253
SBCL,2026-04-27,615.0,639.5,655.4,607.3,4971891
SBCL,2026-04-28,635.0,612.8,640.8,607.35,520961
SBCL,2026-04-29,616.0,602.4,623.85,595.15,246360
SBCL,2026-04-30,595.0,595.5,607.9,580.0,212197
SBCL,2026-05-01,595.5,595.5,595.5,595.5,0
SBCL,2026-05-04,594.05,625.05,638.0,586.55,562520
SBCL,2026-05-05,625.5,614.6,627.5,607.65,144148
SBCL,2026-05-06,615.95,603.7,636.75,588.05,187661
SBCL,2026-05-07,609.45,621.6,635.0,598.0,279101
SBCL,2026-05-08,638.25,636.65,655.0,583.65,981565
SBCL,2026-05-11,636.7,599.7,636.7,595.15,323949
SBCL,2026-05-12,605.0,583.1,605.0,575.4,226244
SBCL,2026-05-13,575.0,573.75,598.8,565.6,173611
SBCL,2026-05-14,580.0,604.2,614.9,568.15,372581
SBCL,2026-05-15,610.35,601.25,615.7,590.15,155454
SBCL,2026-05-18,590.1,595.95,605.0,577.0,155381
SBCL,2026-05-19,619.9,633.15,648.0,616.05,894271
SBCL,2026-05-20,636.2,664.8,681.35,635.0,1015912
SBCL,2026-05-21,680.0,686.95,696.85,674.5,490184
SBCL,2026-05-22,690.0,677.95,700.0,672.05,370010
SBCL,2026-05-25,686.5,697.75,721.2,686.0,657114
SBCL,2026-05-26,703.9,748.75,789.0,700.05,2723159
SBCL,2026-05-27,756.95,759.85,783.0,750.35,620193
SBCL,2026-05-28,759.85,759.85,759.85,759.85,0
SBCL,2026-05-29,755.0,740.0,759.85,731.4,305530
SBCL,2026-06-01,739.7,730.8,755.8,726.3,550040
SBCL,2026-06-02,728.2,734.55,742.9,726.5,140241
SBCL,2026-06-03,740.55,723.9,761.35,714.6,231427
SBCL,2026-06-04,723.9,727.8,745.0,714.1,349605
SBCL,2026-06-05,736.0,712.7,747.5,703.05,325013
SBCL,2026-06-08,702.7,731.6,745.0,697.0,596045
SBCL,2026-06-09,735.25,731.3,747.0,710.1,501542
SBCL,2026-06-10,731.3,714.5,739.5,710.0,313484
SBCL,2026-06-11,718.0,668.35,718.0,662.5,563030
SBCL,2026-06-12,674.65,695.5,706.9,674.65,499764
SBCL,2026-06-15,706.0,725.75,735.0,688.0,563848
SBCL,2026-06-16,733.7,740.6,743.85,723.0,418823
SBCL,2026-06-17,746.0,729.1,760.0,726.0,445466
SBCL,2026-06-18,729.9,738.4,750.0,729.9,310029
SBCL,2026-06-19,740.0,746.55,774.5,730.0,952725
SBCL,2026-06-22,758.0,743.6,759.45,736.55,355706
SBCL,2026-06-23,750.0,776.3,787.9,740.0,573713
SBCL,2026-06-24,782.2,756.75,786.4,751.55,386593
SBCL,2026-06-25,775.0,754.0,789.85,745.1,635630
SBCL,2026-06-26,754.0,754.0,754.0,754.0,0
SBCL,2026-06-29,760.45,746.95,769.85,734.0,433829
SBCL,2026-06-30,755.05,760.45,764.15,745.0,451955
SBCL,2026-07-01,769.45,750.5,769.45,724.5,371549
SBCL,2026-07-02,754.85,763.2,765.4,750.4,191733
SBCL,2026-07-03,775.0,794.05,799.05,755.5,1436152
SBCL,2026-07-06,810.0,739.45,814.0,731.05,1749391
SBCL,2026-07-07,745.8,723.75,745.8,713.1,469909
SBCL,2026-07-08,718.55,695.8,728.7,688.05,705572
SBCL,2026-07-09,702.0,726.7,732.5,701.8,232282
SBCL,2026-07-10,728.0,747.05,750.0,724.25,212840
SBCL,2026-07-13,734.15,732.75,749.4,729.0,366820
SBCL,2026-07-14,730.0,739.35,746.55,710.55,285825
SBCL,2026-07-15,743.05,717.05,749.6,713.15,206363
SBCL,2026-07-16,717.05,722.4,737.0,711.55,203257
SBCL,2026-07-17,724.9,737.35,739.8,712.4,296025
SCHAEFFLER,2026-04-17,3952.6,4002.5,4019.7,3926.8,64361
SCHAEFFLER,2026-04-20,4000.0,4086.7,4113.4,3954.5,113304
SCHAEFFLER,2026-04-21,4108.0,4172.9,4185.0,4050.6,75663
SCHAEFFLER,2026-04-22,4164.8,4288.8,4312.9,4152.0,139173
SCHAEFFLER,2026-04-23,4274.8,4220.1,4351.0,4172.3,120501
SCHAEFFLER,2026-04-24,4248.0,4286.6,4337.9,4225.0,175146
SCHAEFFLER,2026-04-27,4350.0,4355.0,4445.0,4287.3,129291
SCHAEFFLER,2026-04-28,4376.7,4283.3,4391.1,4265.0,119331
SCHAEFFLER,2026-04-29,4302.0,4326.8,4350.1,4291.4,77178
SCHAEFFLER,2026-04-30,4188.1,4124.8,4233.6,4035.4,286808
SCHAEFFLER,2026-05-01,4124.8,4124.8,4124.8,4124.8,0
SCHAEFFLER,2026-05-04,4192.2,4174.2,4247.8,4078.7,180204
SCHAEFFLER,2026-05-05,4142.6,4141.3,4176.5,4098.4,103140
SCHAEFFLER,2026-05-06,4159.0,4193.6,4205.0,4117.3,97763
SCHAEFFLER,2026-05-07,4202.7,4247.3,4297.0,4175.0,121556
SCHAEFFLER,2026-05-08,4240.1,4247.9,4260.0,4180.7,73577
SCHAEFFLER,2026-05-11,4249.0,4211.6,4264.9,4180.9,48212
SCHAEFFLER,2026-05-12,4181.0,4082.3,4215.1,4052.0,58680
SCHAEFFLER,2026-05-13,4089.9,4110.4,4138.0,4016.2,60369
SCHAEFFLER,2026-05-14,4162.6,4042.0,4180.0,4024.0,58543
SCHAEFFLER,2026-05-15,4062.0,4029.6,4100.0,4009.5,31242
SCHAEFFLER,2026-05-18,3996.0,3974.2,4000.0,3886.6,69970
SCHAEFFLER,2026-05-19,3976.2,3987.8,4060.0,3961.5,70990
SCHAEFFLER,2026-05-20,3966.6,4014.9,4044.0,3920.5,26992
SCHAEFFLER,2026-05-21,4046.0,4088.9,4144.9,4046.0,56408
SCHAEFFLER,2026-05-22,4100.8,4072.1,4115.0,4036.4,23499
SCHAEFFLER,2026-05-25,4100.0,4102.7,4135.6,4066.6,32247
SCHAEFFLER,2026-05-26,4102.7,4196.1,4249.0,4102.7,205458
SCHAEFFLER,2026-05-27,4210.0,4157.7,4246.5,4131.3,25652
SCHAEFFLER,2026-05-28,4157.7,4157.7,4157.7,4157.7,0
SCHAEFFLER,2026-05-29,4149.4,4128.7,4160.0,4064.0,91309
SCHAEFFLER,2026-06-01,4136.5,4079.8,4152.0,4052.0,55761
SCHAEFFLER,2026-06-02,4070.3,4071.6,4092.1,4027.0,43045
SCHAEFFLER,2026-06-03,4072.0,4049.9,4118.3,4002.0,310410
SCHAEFFLER,2026-06-04,4030.0,3997.4,4039.9,3962.5,63119
SCHAEFFLER,2026-06-05,4033.0,4035.3,4085.0,4004.7,81172
SCHAEFFLER,2026-06-08,4007.5,4006.2,4062.8,3955.0,36812
SCHAEFFLER,2026-06-09,4036.0,4081.0,4144.9,3994.1,41013
SCHAEFFLER,2026-06-10,4072.0,4009.9,4078.4,3990.0,20613
SCHAEFFLER,2026-06-11,3965.0,3860.2,4013.8,3811.1,37718
SCHAEFFLER,2026-06-12,3899.8,4055.7,4064.0,3865.0,61087
SCHAEFFLER,2026-06-15,4102.6,4041.2,4131.0,4025.0,61045
SCHAEFFLER,2026-06-16,4035.0,4163.0,4210.0,4026.6,105447
SCHAEFFLER,2026-06-17,4188.0,4197.1,4252.0,4135.9,38058
SCHAEFFLER,2026-06-18,4182.6,4186.0,4235.0,4104.0,40301
SCHAEFFLER,2026-06-19,4186.0,4329.9,4369.0,4144.3,259040
SCHAEFFLER,2026-06-22,4350.0,4320.6,4429.0,4301.3,203962
SCHAEFFLER,2026-06-23,4324.9,4300.2,4350.9,4277.2,61292
SCHAEFFLER,2026-06-24,4299.0,4186.2,4299.9,4150.0,74152
SCHAEFFLER,2026-06-25,4207.0,4157.6,4234.8,4138.3,73362
SCHAEFFLER,2026-06-26,4157.6,4157.6,4157.6,4157.6,0
SCHAEFFLER,2026-06-29,4157.0,4092.2,4169.8,4051.0,63824
SCHAEFFLER,2026-06-30,4107.3,4189.7,4235.0,4070.1,92652
SCHAEFFLER,2026-07-01,4196.0,4116.2,4213.0,4094.1,34148
SCHAEFFLER,2026-07-02,4163.4,4107.0,4164.9,4082.0,44965
SCHAEFFLER,2026-07-03,4121.8,4162.1,4178.0,4081.0,48965
SCHAEFFLER,2026-07-06,4192.6,4136.4,4196.4,4110.2,23952
SCHAEFFLER,2026-07-07,4146.5,4110.4,4165.0,4090.0,20657
SCHAEFFLER,2026-07-08,4096.6,4101.2,4152.6,4072.3,56040
SCHAEFFLER,2026-07-09,4116.4,4046.1,4120.0,4030.0,33426
SCHAEFFLER,2026-07-10,4050.0,4085.0,4111.0,4047.0,30374
SCHAEFFLER,2026-07-13,4090.4,4134.7,4175.3,4060.0,51065
SCHAEFFLER,2026-07-14,4136.6,4139.2,4176.0,4099.3,23951
SCHAEFFLER,2026-07-15,4142.5,4119.3,4155.2,4100.1,41846
SCHAEFFLER,2026-07-16,4122.0,4131.7,4210.0,4098.6,345304
SCHAEFFLER,2026-07-17,4148.0,4146.1,4187.0,4124.5,77546
SCHNEIDER,2026-04-17,999.0,1036.05,1047.8,998.0,236073
SCHNEIDER,2026-04-20,1055.0,1087.85,1087.85,1037.0,434238
SCHNEIDER,2026-04-21,1107.0,1058.8,1108.0,1037.0,182423
SCHNEIDER,2026-04-22,1059.5,1111.7,1111.7,1024.0,232783
SCHNEIDER,2026-04-23,1106.0,1127.0,1158.0,1100.0,172554
SCHNEIDER,2026-04-24,1126.1,1180.1,1183.35,1080.0,232827
SCHNEIDER,2026-04-27,1190.0,1182.0,1210.0,1150.0,228136
SCHNEIDER,2026-04-28,1187.95,1144.15,1194.9,1130.0,129611
SCHNEIDER,2026-04-29,1145.0,1191.25,1199.95,1134.0,193783
SCHNEIDER,2026-04-30,1179.9,1243.7,1249.8,1155.5,251527
SCHNEIDER,2026-05-01,1243.7,1243.7,1243.7,1243.7,0
SCHNEIDER,2026-05-04,1248.0,1305.8,1305.8,1244.4,338314
SCHNEIDER,2026-05-05,1300.0,1349.9,1355.0,1290.0,372099
SCHNEIDER,2026-05-06,1360.0,1282.5,1370.0,1282.5,261210
SCHNEIDER,2026-05-07,1250.0,1343.4,1344.8,1220.0,336787
SCHNEIDER,2026-05-08,1336.0,1344.6,1359.8,1310.0,168452
SCHNEIDER,2026-05-11,1344.0,1316.9,1346.0,1285.0,202099
SCHNEIDER,2026-05-12,1313.0,1265.2,1339.0,1251.1,184378
SCHNEIDER,2026-05-13,1217.0,1281.3,1320.0,1217.0,124475
SCHNEIDER,2026-05-14,1300.0,1315.0,1320.0,1270.0,119613
SCHNEIDER,2026-05-15,1313.0,1264.3,1318.0,1249.3,70485
SCHNEIDER,2026-05-18,1255.0,1201.1,1259.9,1201.1,120688
SCHNEIDER,2026-05-19,1177.9,1244.7,1261.0,1175.0,150899
SCHNEIDER,2026-05-20,1230.0,1300.0,1305.0,1229.9,191605
SCHNEIDER,2026-05-21,1343.0,1325.3,1350.1,1295.0,219635
SCHNEIDER,2026-05-22,1340.0,1307.6,1367.0,1299.0,210276
SCHNEIDER,2026-05-25,1328.0,1364.7,1372.9,1317.7,339190
SCHNEIDER,2026-05-26,1377.4,1376.8,1412.0,1348.1,354616
SCHNEIDER,2026-05-27,1396.9,1377.6,1417.8,1361.0,314166
SCHNEIDER,2026-05-28,1377.6,1377.6,1377.6,1377.6,0
SCHNEIDER,2026-05-29,1308.8,1308.8,1308.8,1308.8,341833
SCHNEIDER,2026-06-01,1243.4,1243.4,1243.4,1243.4,85599
SCHNEIDER,2026-06-02,1181.3,1181.3,1181.3,1181.3,255152
SCHNEIDER,2026-06-03,1122.3,1122.3,1122.3,1122.3,52580
SCHNEIDER,2026-06-04,1066.2,1109.8,1139.0,1066.2,2497722
SCHNEIDER,2026-06-05,1144.0,1172.2,1194.1,1116.0,1581719
SCHNEIDER,2026-06-08,1149.0,1142.9,1175.8,1101.1,568036
SCHNEIDER,2026-06-09,1160.4,1097.8,1160.4,1087.7,418302
SCHNEIDER,2026-06-10,1099.9,1082.9,1120.2,1076.2,508589
SCHNEIDER,2026-06-11,1071.5,1089.3,1105.3,1071.0,846094
SCHNEIDER,2026-06-12,1111.2,1105.7,1116.3,1073.5,297061
SCHNEIDER,2026-06-15,1123.7,1216.2,1216.2,1100.0,990270
SCHNEIDER,2026-06-16,1246.2,1181.4,1257.9,1150.0,928140
SCHNEIDER,2026-06-17,1175.2,1266.6,1274.8,1175.2,1156564
SCHNEIDER,2026-06-18,1266.6,1301.0,1315.0,1236.8,623107
SCHNEIDER,2026-06-19,1299.9,1331.4,1338.0,1285.0,389634
SCHNEIDER,2026-06-22,1344.9,1395.5,1399.7,1343.2,779731
SCHNEIDER,2026-06-23,1405.0,1442.2,1448.5,1405.0,807652
SCHNEIDER,2026-06-24,1448.5,1373.9,1468.7,1365.4,716026
SCHNEIDER,2026-06-25,1387.9,1335.3,1399.0,1331.1,334576
SCHNEIDER,2026-06-26,1335.3,1335.3,1335.3,1335.3,0
SCHNEIDER,2026-06-29,1336.0,1453.6,1468.8,1320.0,1534958
SCHNEIDER,2026-06-30,1450.0,1360.2,1450.0,1355.0,634511
SCHNEIDER,2026-07-01,1385.7,1387.0,1414.8,1370.0,405697
SCHNEIDER,2026-07-02,1397.8,1453.9,1465.0,1361.0,444621
SCHNEIDER,2026-07-03,1457.5,1481.6,1492.1,1423.0,962692
SCHNEIDER,2026-07-06,1494.3,1501.0,1511.4,1478.0,356105
SCHNEIDER,2026-07-07,1509.9,1492.6,1510.0,1474.1,411112
SCHNEIDER,2026-07-08,1484.8,1496.6,1548.0,1467.0,634177
SCHNEIDER,2026-07-09,1496.6,1485.2,1527.0,1474.4,265271
SCHNEIDER,2026-07-10,1485.0,1414.2,1485.0,1403.0,453063
SCHNEIDER,2026-07-13,1410.0,1378.3,1443.6,1369.2,255101
SCHNEIDER,2026-07-14,1380.0,1335.9,1384.9,1333.0,273978
SCHNEIDER,2026-07-15,1337.0,1360.3,1375.0,1337.0,210427
SCHNEIDER,2026-07-16,1369.9,1326.8,1369.9,1318.9,193975
SCHNEIDER,2026-07-17,1326.8,1278.5,1335.3,1271.0,223591
SHAILY,2026-04-17,1917.0,1885.0,1919.8,1850.0,479292
SHAILY,2026-04-20,1885.0,1845.7,1896.4,1835.0,186730
SHAILY,2026-04-21,1863.8,1840.6,1870.0,1832.0,186397
SHAILY,2026-04-22,1854.2,1938.9,1976.0,1844.1,529379
SHAILY,2026-04-23,1932.9,2186.2,2214.0,1922.0,1748223
SHAILY,2026-04-24,2210.1,2503.1,2564.0,2147.1,3379703
SHAILY,2026-04-27,2457.4,2422.6,2477.4,2344.0,839853
SHAILY,2026-04-28,2424.0,2489.4,2523.6,2386.0,499996
SHAILY,2026-04-29,2587.0,2527.6,2587.0,2375.0,632156
SHAILY,2026-04-30,2490.0,2532.6,2585.0,2479.0,396458
SHAILY,2026-05-01,2532.6,2532.6,2532.6,2532.6,0
SHAILY,2026-05-04,2520.1,2579.0,2625.0,2462.6,296642
SHAILY,2026-05-05,2597.8,2603.1,2611.0,2534.6,172778
SHAILY,2026-05-06,2612.9,2631.2,2650.0,2590.0,213286
SHAILY,2026-05-07,2669.0,2673.8,2699.0,2629.7,159583
SHAILY,2026-05-08,2665.0,2679.2,2720.0,2621.3,208686
SHAILY,2026-05-11,2690.0,2700.1,2750.0,2503.4,357120
SHAILY,2026-05-12,2701.9,2693.6,2780.0,2650.1,323130
SHAILY,2026-05-13,2695.0,2744.0,2751.3,2665.0,156540
SHAILY,2026-05-14,2736.0,2793.5,2836.9,2736.0,230673
SHAILY,2026-05-15,2828.8,2768.3,2830.0,2659.3,245571
SHAILY,2026-05-18,2750.0,2691.1,2783.8,2609.0,268910
SHAILY,2026-05-19,2701.0,2636.8,2763.4,2601.1,185520
SHAILY,2026-05-20,2403.0,2733.8,2828.3,2376.0,982376
SHAILY,2026-05-21,2750.0,2752.5,2795.0,2665.0,284516
SHAILY,2026-05-22,2760.0,2695.2,2825.0,2680.0,230705
SHAILY,2026-05-25,2737.1,2751.0,2771.0,2662.6,202824
SHAILY,2026-05-26,2751.0,2689.3,2774.2,2665.1,158206
SHAILY,2026-05-27,2701.0,2661.2,2726.3,2650.4,91610
SHAILY,2026-05-28,2661.2,2661.2,2661.2,2661.2,0
SHAILY,2026-05-29,2689.1,2989.5,3019.9,2686.3,985323
SHAILY,2026-06-01,3004.9,3144.8,3198.0,2925.6,708178
SHAILY,2026-06-02,3127.6,3038.0,3144.0,2970.0,418046
SHAILY,2026-06-03,3023.0,3070.7,3186.9,3007.4,224422
SHAILY,2026-06-04,3100.0,3067.4,3184.0,3050.0,262426
SHAILY,2026-06-05,3117.1,3062.9,3149.9,3018.5,227359
SHAILY,2026-06-08,3055.1,3079.1,3100.0,3010.3,143864
SHAILY,2026-06-09,3100.0,3132.6,3159.0,3048.1,151432
SHAILY,2026-06-10,3169.0,3018.2,3233.9,2982.0,202117
SHAILY,2026-06-11,3000.0,2939.3,3058.2,2896.9,239997
SHAILY,2026-06-12,2979.0,2972.0,3007.9,2890.3,268134
SHAILY,2026-06-15,3049.8,2948.1,3049.8,2892.0,209648
SHAILY,2026-06-16,2954.3,2920.7,3017.7,2876.1,205343
SHAILY,2026-06-17,2950.0,2883.3,2959.6,2857.0,132167
SHAILY,2026-06-18,2908.8,2731.8,2929.3,2630.8,3313308
SHAILY,2026-06-19,2749.0,2803.8,2820.0,2702.1,469300
SHAILY,2026-06-22,2815.0,2764.8,2829.5,2751.0,172480
SHAILY,2026-06-23,2752.0,2802.5,2849.9,2750.0,216765
SHAILY,2026-06-24,2797.1,2813.0,2839.9,2775.0,112024
SHAILY,2026-06-25,2860.0,2849.7,2918.0,2820.1,193411
SHAILY,2026-06-26,2849.7,2849.7,2849.7,2849.7,0
SHAILY,2026-06-29,2849.7,2896.9,2932.0,2822.6,247178
SHAILY,2026-06-30,2900.0,2895.5,2956.0,2882.1,139478
SHAILY,2026-07-01,2909.3,2869.2,2939.9,2835.0,173507
SHAILY,2026-07-02,2872.0,2940.4,2952.0,2863.6,203240
SHAILY,2026-07-03,2939.5,2901.6,2943.1,2820.2,282937
SHAILY,2026-07-06,2901.7,2875.3,2935.9,2849.8,162518
SHAILY,2026-07-07,2869.0,2797.5,2905.0,2776.0,268782
SHAILY,2026-07-08,2783.2,2793.9,2889.0,2765.1,325694
SHAILY,2026-07-09,2818.0,2715.4,2887.6,2627.9,701993
SHAILY,2026-07-10,2734.4,2767.4,2785.4,2647.7,270735
SHAILY,2026-07-13,2756.0,2754.1,2779.9,2714.4,123388
SHAILY,2026-07-14,2735.1,2709.4,2752.4,2690.0,148481
SHAILY,2026-07-15,2715.0,2693.5,2748.5,2680.0,62082
SHAILY,2026-07-16,2697.0,2712.8,2731.8,2666.3,199577
SHAILY,2026-07-17,2703.0,2760.6,2799.1,2690.8,175676
SHANTIGEAR,2026-04-17,478.6,472.3,483.95,471.0,15087
SHANTIGEAR,2026-04-20,469.45,466.7,476.7,462.0,9441
SHANTIGEAR,2026-04-21,472.45,469.5,474.9,468.05,6054
SHANTIGEAR,2026-04-22,468.7,473.95,475.0,468.55,8030
SHANTIGEAR,2026-04-23,475.0,477.5,484.0,473.95,10225
SHANTIGEAR,2026-04-24,472.8,469.25,485.0,466.95,7822
SHANTIGEAR,2026-04-27,470.7,478.5,483.9,470.7,10743
SHANTIGEAR,2026-04-28,482.3,475.8,484.0,473.35,8063
SHANTIGEAR,2026-04-29,475.7,477.0,482.0,473.05,4804
SHANTIGEAR,2026-04-30,469.85,480.85,482.0,469.55,9109
SHANTIGEAR,2026-05-04,482.0,484.1,485.0,477.0,14814
SHANTIGEAR,2026-05-05,485.05,462.15,490.0,450.0,125602
SHANTIGEAR,2026-05-06,463.0,465.3,467.05,455.55,14729
SHANTIGEAR,2026-05-07,471.0,461.0,471.0,455.0,25311
SHANTIGEAR,2026-05-08,459.15,462.7,465.95,457.05,8721
SHANTIGEAR,2026-05-11,465.5,453.55,465.5,450.05,15313
SHANTIGEAR,2026-05-12,452.9,441.5,452.9,439.75,19894
SHANTIGEAR,2026-05-13,440.05,442.35,447.3,440.05,7504
SHANTIGEAR,2026-05-14,444.9,442.85,450.5,440.25,8021
SHANTIGEAR,2026-05-15,442.25,442.0,445.9,440.05,8677
SHANTIGEAR,2026-05-18,440.0,440.4,443.95,439.95,8051
SHANTIGEAR,2026-05-19,440.4,442.3,443.9,440.3,3423
SHANTIGEAR,2026-05-20,440.0,442.75,447.5,440.0,8984
SHANTIGEAR,2026-05-21,441.0,442.15,445.25,441.0,5959
SHANTIGEAR,2026-05-22,444.7,440.7,445.45,440.0,8345
SHANTIGEAR,2026-05-25,440.7,441.6,443.5,440.0,8174
SHANTIGEAR,2026-05-26,440.05,441.1,444.4,440.05,7827
SHANTIGEAR,2026-05-27,443.9,445.15,453.45,439.75,28861
SHANTIGEAR,2026-05-28,445.15,445.15,445.15,445.15,0
SHANTIGEAR,2026-05-29,444.0,440.55,445.15,439.75,24476
SHANTIGEAR,2026-06-01,440.0,440.15,448.0,440.0,9483
SHANTIGEAR,2026-06-02,440.6,440.25,446.25,440.0,8780
SHANTIGEAR,2026-06-03,440.25,442.5,444.05,440.05,7990
SHANTIGEAR,2026-06-04,440.45,441.0,443.8,440.0,13364
SHANTIGEAR,2026-06-05,441.5,441.15,444.95,440.35,4684
SHANTIGEAR,2026-06-08,441.15,440.3,444.85,440.0,11308
SHANTIGEAR,2026-06-09,440.3,441.05,444.05,440.0,4089
SHANTIGEAR,2026-06-10,441.05,440.05,442.75,440.0,5551
SHANTIGEAR,2026-06-11,440.1,440.25,441.95,440.0,4187
SHANTIGEAR,2026-06-12,440.45,441.25,443.0,440.0,12424
SHANTIGEAR,2026-06-15,450.0,447.35,451.0,442.0,11466
SHANTIGEAR,2026-06-16,446.15,451.9,456.95,444.65,14800
SHANTIGEAR,2026-06-17,451.15,452.3,462.8,449.05,30288
SHANTIGEAR,2026-06-18,451.9,451.8,458.65,450.35,10216
SHANTIGEAR,2026-06-19,451.85,450.6,459.0,450.0,25914
SHANTIGEAR,2026-06-22,452.85,446.9,458.0,443.0,34801
SHANTIGEAR,2026-06-23,451.35,449.35,458.0,446.9,37120
SHANTIGEAR,2026-06-24,449.35,445.8,451.95,444.0,10465
SHANTIGEAR,2026-06-25,445.8,441.2,452.95,440.0,20767
SHANTIGEAR,2026-06-26,441.2,441.2,441.2,441.2,0
SHANTIGEAR,2026-06-29,438.0,440.45,444.85,438.0,16905
SHANTIGEAR,2026-06-30,440.0,443.85,447.3,440.0,10569
SHANTIGEAR,2026-07-01,442.0,450.75,454.0,442.0,6279
SHANTIGEAR,2026-07-02,451.2,447.7,457.9,441.55,11389
SHANTIGEAR,2026-07-03,449.5,444.35,460.0,440.3,14487
SHANTIGEAR,2026-07-06,444.0,447.05,462.45,441.15,15156
SHANTIGEAR,2026-07-07,444.0,444.05,458.9,438.7,19810
SHANTIGEAR,2026-07-08,444.5,440.2,446.95,438.75,8092
SHANTIGEAR,2026-07-09,442.0,442.0,450.5,437.5,16673
SHANTIGEAR,2026-07-10,445.8,442.6,445.8,436.15,11786
SHANTIGEAR,2026-07-13,444.0,443.5,446.95,441.15,3495
SHANTIGEAR,2026-07-14,438.3,440.15,446.05,437.15,5796
SHANTIGEAR,2026-07-15,440.15,438.6,443.85,436.0,7693
SHANTIGEAR,2026-07-16,440.1,433.9,441.75,430.2,10674
SHANTIGEAR,2026-07-17,434.35,423.6,437.3,421.1,16131
SHILPAMED,2026-04-17,410.0,410.55,416.65,407.0,283391
SHILPAMED,2026-04-20,415.0,411.25,429.9,402.9,595035
SHILPAMED,2026-04-21,412.6,405.25,414.0,400.4,313476
SHILPAMED,2026-04-22,400.9,408.35,413.8,396.5,391334
SHILPAMED,2026-04-23,407.9,427.6,436.4,405.05,1408070
SHILPAMED,2026-04-24,434.85,413.9,435.35,412.0,419992
SHILPAMED,2026-04-27,408.6,415.2,429.0,407.0,384799
SHILPAMED,2026-04-28,415.15,407.8,418.5,405.1,280467
SHILPAMED,2026-04-29,409.0,404.05,413.15,400.6,210978
SHILPAMED,2026-04-30,404.05,406.65,414.95,400.9,336460
SHILPAMED,2026-05-01,406.65,406.65,406.65,406.65,0
SHILPAMED,2026-05-04,410.65,418.7,425.95,409.0,420018
SHILPAMED,2026-05-05,415.85,424.4,436.35,408.05,990280
SHILPAMED,2026-05-06,424.4,441.9,448.9,424.35,1008040
SHILPAMED,2026-05-07,443.8,441.7,451.0,437.0,412493
SHILPAMED,2026-05-08,438.0,437.0,447.7,432.05,692480
SHILPAMED,2026-05-11,434.25,456.15,478.0,426.15,1791376
SHILPAMED,2026-05-12,459.55,438.65,459.55,433.7,423159
SHILPAMED,2026-05-13,439.0,438.85,452.5,435.05,505122
SHILPAMED,2026-05-14,438.35,450.5,453.8,432.5,473377
SHILPAMED,2026-05-15,452.3,478.4,491.95,450.0,2449910
SHILPAMED,2026-05-18,479.0,476.2,493.2,473.05,1004118
SHILPAMED,2026-05-19,476.95,472.45,490.75,464.15,552666
SHILPAMED,2026-05-20,471.15,476.3,483.8,466.85,379251
SHILPAMED,2026-05-21,479.9,474.65,486.85,468.05,634358
SHILPAMED,2026-05-22,479.8,490.25,518.55,475.1,5250173
SHILPAMED,2026-05-25,500.0,512.15,529.8,495.9,4464797
SHILPAMED,2026-05-26,515.0,504.85,519.0,492.15,1613808
SHILPAMED,2026-05-27,505.0,491.8,506.9,483.35,1055210
SHILPAMED,2026-05-28,491.8,491.8,491.8,491.8,0
SHILPAMED,2026-05-29,494.0,498.95,509.8,491.0,1060865
SHILPAMED,2026-06-01,504.5,499.25,509.8,493.4,776759
SHILPAMED,2026-06-02,499.6,517.35,526.55,494.05,2867786
SHILPAMED,2026-06-03,521.0,515.4,525.0,502.4,1776974
SHILPAMED,2026-06-04,517.95,525.8,532.2,509.15,1316326
SHILPAMED,2026-06-05,530.15,538.05,543.0,524.4,1777281
SHILPAMED,2026-06-08,530.0,532.5,558.95,526.0,1973789
SHILPAMED,2026-06-09,536.9,569.15,578.8,533.0,1408216
SHILPAMED,2026-06-10,572.0,558.8,581.0,555.55,1008532
SHILPAMED,2026-06-11,553.0,538.85,568.8,535.95,695284
SHILPAMED,2026-06-12,549.9,546.75,556.75,538.2,655163
SHILPAMED,2026-06-15,554.8,532.75,557.95,524.05,865187
SHILPAMED,2026-06-16,534.9,552.45,558.7,524.3,1073301
SHILPAMED,2026-06-17,556.8,572.4,577.35,552.5,1320326
SHILPAMED,2026-06-18,572.55,545.6,589.0,541.5,1718831
SHILPAMED,2026-06-19,545.6,551.35,558.85,542.05,543714
SHILPAMED,2026-06-22,552.0,547.95,556.3,543.6,495474
SHILPAMED,2026-06-23,549.0,591.15,598.9,548.2,4170959
SHILPAMED,2026-06-24,585.0,579.65,592.85,573.7,947852
SHILPAMED,2026-06-25,584.0,571.6,584.0,569.7,459304
SHILPAMED,2026-06-26,571.6,571.6,571.6,571.6,0
SHILPAMED,2026-06-29,571.6,573.6,592.8,556.95,1341120
SHILPAMED,2026-06-30,576.0,598.4,615.0,576.0,3552560
SHILPAMED,2026-07-01,588.0,570.75,588.0,561.5,1977694
SHILPAMED,2026-07-02,571.5,600.85,603.7,566.95,1794352
SHILPAMED,2026-07-03,603.0,608.95,610.0,593.9,1296612
SHILPAMED,2026-07-06,610.0,596.7,611.95,593.5,589308
SHILPAMED,2026-07-07,601.85,599.8,603.2,589.5,393227
SHILPAMED,2026-07-08,599.0,595.35,609.95,588.1,702134
SHILPAMED,2026-07-09,599.0,622.3,632.8,595.4,1340047
SHILPAMED,2026-07-10,624.75,627.15,633.3,617.15,613784
SHILPAMED,2026-07-13,624.05,630.2,634.0,615.85,382968
SHILPAMED,2026-07-14,630.0,624.25,650.0,622.0,955072
SHILPAMED,2026-07-15,629.9,645.75,648.0,628.05,741076
SHILPAMED,2026-07-16,644.9,637.85,644.9,630.5,388406
SHILPAMED,2026-07-17,635.0,620.25,638.0,617.1,484523
SHRIPISTON,2026-04-17,3606.2,3735.8,3749.9,3597.0,89311
SHRIPISTON,2026-04-20,3750.0,3627.6,3764.9,3614.0,79951
SHRIPISTON,2026-04-21,3640.0,3586.8,3699.9,3519.5,73797
SHRIPISTON,2026-04-22,3583.0,3591.6,3666.5,3570.8,105354
SHRIPISTON,2026-04-23,3575.0,3584.6,3639.9,3550.0,71165
SHRIPISTON,2026-04-24,3570.0,3478.7,3602.8,3462.5,82172
SHRIPISTON,2026-04-27,3485.0,3569.2,3672.0,3485.0,107273
SHRIPISTON,2026-04-28,3576.2,3476.2,3599.9,3460.0,73593
SHRIPISTON,2026-04-29,3495.1,3446.2,3533.5,3394.2,84093
SHRIPISTON,2026-04-30,3440.0,3491.1,3505.0,3379.1,59278
SHRIPISTON,2026-05-04,3540.0,3570.3,3596.9,3522.0,48103
SHRIPISTON,2026-05-05,3583.1,3535.5,3585.0,3525.0,20730
SHRIPISTON,2026-05-06,3570.0,3562.5,3648.3,3492.6,51380
SHRIPISTON,2026-05-07,3580.0,3605.4,3638.0,3563.5,42806
SHRIPISTON,2026-05-08,3600.0,3604.4,3626.9,3556.7,35967
SHRIPISTON,2026-05-11,3612.0,3571.3,3677.0,3540.4,101216
SHRIPISTON,2026-05-12,3598.0,3489.6,3598.0,3336.2,151643
SHRIPISTON,2026-05-13,3450.0,3400.7,3519.0,3382.2,34452
SHRIPISTON,2026-05-14,3400.0,3347.4,3415.6,3302.6,40666
SHRIPISTON,2026-05-15,3350.0,3385.6,3400.0,3315.0,38240
SHRIPISTON,2026-05-18,3380.0,3363.0,3384.6,3296.5,50652
SHRIPISTON,2026-05-19,3355.1,3316.5,3395.0,3310.0,38431
SHRIPISTON,2026-05-20,3300.0,3281.8,3329.9,3272.0,30498
SHRIPISTON,2026-05-21,3300.0,3278.8,3336.1,3260.0,25164
SHRIPISTON,2026-05-22,3285.3,3253.6,3328.1,3227.4,22837
SHRIPISTON,2026-05-25,3270.6,3238.7,3329.9,3225.0,52382
SHRIPISTON,2026-05-26,3238.7,3296.3,3323.9,3222.2,35651
SHRIPISTON,2026-05-27,3315.6,3323.6,3349.9,3287.0,26582
SHRIPISTON,2026-05-28,3323.6,3323.6,3323.6,3323.6,0
SHRIPISTON,2026-05-29,3274.8,3391.0,3472.0,3274.8,92354
SHRIPISTON,2026-06-01,3391.0,3337.7,3406.9,3305.0,41519
SHRIPISTON,2026-06-02,3364.0,3452.1,3460.0,3305.7,53083
SHRIPISTON,2026-06-03,3452.0,3469.9,3488.0,3380.1,34100
SHRIPISTON,2026-06-04,3469.9,3399.3,3493.9,3390.9,24827
SHRIPISTON,2026-06-05,3420.7,3406.1,3428.0,3332.1,36787
SHRIPISTON,2026-06-08,3355.0,3292.5,3387.3,3263.1,26738
SHRIPISTON,2026-06-09,3330.0,3301.4,3343.8,3265.0,16127
SHRIPISTON,2026-06-10,3302.2,3424.8,3459.8,3274.1,241256
SHRIPISTON,2026-06-11,3425.0,3501.2,3535.0,3367.8,84713
SHRIPISTON,2026-06-12,3571.5,3524.4,3638.0,3510.5,83307
SHRIPISTON,2026-06-15,3598.0,3741.9,3763.9,3577.0,219352
SHRIPISTON,2026-06-16,3763.6,3695.8,3788.2,3680.0,68650
SHRIPISTON,2026-06-17,3719.0,3704.0,3759.5,3670.0,36366
SHRIPISTON,2026-06-18,3715.0,3807.2,3838.0,3684.1,130749
SHRIPISTON,2026-06-19,3830.0,3739.7,3860.0,3714.4,66281
SHRIPISTON,2026-06-22,3731.0,3800.8,3862.9,3731.0,89385
SHRIPISTON,2026-06-23,3829.0,3852.7,3889.9,3774.2,101033
SHRIPISTON,2026-06-24,3840.0,3926.9,3951.0,3802.0,85513
SHRIPISTON,2026-06-25,3930.0,4033.0,4050.0,3926.9,82433
SHRIPISTON,2026-06-26,4033.0,4033.0,4033.0,4033.0,0
SHRIPISTON,2026-06-29,4036.4,4008.9,4069.0,3951.1,76546
SHRIPISTON,2026-06-30,4010.0,4187.4,4217.9,3990.7,152625
SHRIPISTON,2026-07-01,4210.0,4380.2,4421.5,4200.0,122417
SHRIPISTON,2026-07-02,4380.2,4306.5,4383.5,4222.6,67246
SHRIPISTON,2026-07-03,4308.0,4197.5,4311.2,4180.0,45339
SHRIPISTON,2026-07-06,4197.5,4217.5,4260.0,4172.1,35899
SHRIPISTON,2026-07-07,4227.5,4269.1,4293.0,4151.0,28892
SHRIPISTON,2026-07-08,4276.9,4116.8,4296.6,4088.0,43490
SHRIPISTON,2026-07-09,4148.7,4246.3,4274.1,4112.7,30476
SHRIPISTON,2026-07-10,4263.0,4189.6,4275.6,4157.1,28053
SHRIPISTON,2026-07-13,4157.0,4185.1,4243.9,4125.1,35867
SHRIPISTON,2026-07-14,4150.0,4188.3,4205.0,4112.5,34742
SHRIPISTON,2026-07-15,4218.5,4175.6,4311.9,4163.2,26876
SHRIPISTON,2026-07-16,4175.6,4196.2,4238.9,4125.0,33581
SHRIPISTON,2026-07-17,4196.2,4169.9,4229.2,4101.1,42047
SHRIRAMFIN,2026-04-17,1022.0,1036.95,1039.5,1013.15,4345572
SHRIRAMFIN,2026-04-20,1040.0,1045.15,1049.95,1026.0,4670588
SHRIRAMFIN,2026-04-21,1054.0,1045.3,1062.7,1039.25,5699181
SHRIRAMFIN,2026-04-22,1050.0,1044.55,1053.7,1029.4,4404420
SHRIRAMFIN,2026-04-23,1044.9,1009.3,1044.9,1006.35,4658783
SHRIRAMFIN,2026-04-24,1006.95,1011.3,1030.4,983.55,9263466
SHRIRAMFIN,2026-04-27,1011.3,974.65,1012.0,963.75,15096574
SHRIRAMFIN,2026-04-28,974.5,953.25,979.75,949.3,6752420
SHRIRAMFIN,2026-04-29,965.0,956.85,975.3,954.9,5829309
SHRIRAMFIN,2026-04-30,945.2,937.35,950.0,921.0,5990764
SHRIRAMFIN,2026-05-01,937.35,937.35,937.35,937.35,0
SHRIRAMFIN,2026-05-04,942.0,960.45,969.0,942.0,4018048
SHRIRAMFIN,2026-05-05,955.65,964.4,966.9,937.3,4029508
SHRIRAMFIN,2026-05-06,980.0,1004.1,1007.45,976.05,5858946
SHRIRAMFIN,2026-05-07,1009.0,1015.65,1023.75,1002.05,4848929
SHRIRAMFIN,2026-05-08,1013.0,1007.75,1013.35,1001.25,5755029
SHRIRAMFIN,2026-05-11,990.0,975.95,990.85,970.45,5927270
SHRIRAMFIN,2026-05-12,971.0,930.45,979.95,925.95,8674062
SHRIRAMFIN,2026-05-13,925.2,920.55,938.4,915.0,10747950
SHRIRAMFIN,2026-05-14,929.9,935.1,941.65,901.3,9220462
SHRIRAMFIN,2026-05-15,921.0,937.9,945.9,921.0,5759607
SHRIRAMFIN,2026-05-18,923.8,933.7,937.65,911.0,5232089
SHRIRAMFIN,2026-05-19,940.0,927.35,941.85,924.7,3216479
SHRIRAMFIN,2026-05-20,920.0,923.45,925.45,913.0,5764449
SHRIRAMFIN,2026-05-21,935.0,914.75,941.9,910.0,4598094
SHRIRAMFIN,2026-05-22,916.25,941.0,944.25,913.15,5414742
SHRIRAMFIN,2026-05-25,956.95,961.95,970.5,956.9,6256205
SHRIRAMFIN,2026-05-26,961.0,952.15,965.6,948.6,4350923
SHRIRAMFIN,2026-05-27,947.05,963.2,968.1,946.6,3592277
SHRIRAMFIN,2026-05-28,963.2,963.2,963.2,963.2,0
SHRIRAMFIN,2026-05-29,961.0,947.15,975.55,942.9,11248568
SHRIRAMFIN,2026-06-01,950.05,919.05,953.85,916.4,8308513
SHRIRAMFIN,2026-06-02,908.6,911.7,917.95,900.2,7610958
SHRIRAMFIN,2026-06-03,912.65,912.95,915.9,888.9,6951317
SHRIRAMFIN,2026-06-04,907.95,915.8,919.9,903.05,3666582
SHRIRAMFIN,2026-06-05,920.1,923.3,944.9,916.15,5769377
SHRIRAMFIN,2026-06-08,909.0,896.65,911.35,892.1,4584431
SHRIRAMFIN,2026-06-09,908.4,911.7,915.0,896.75,5892611
SHRIRAMFIN,2026-06-10,907.85,897.35,914.75,894.2,4026258
SHRIRAMFIN,2026-06-11,893.95,886.25,896.3,879.1,4640157
SHRIRAMFIN,2026-06-12,908.0,954.95,959.1,901.6,9760441
SHRIRAMFIN,2026-06-15,1005.0,1000.65,1009.5,988.0,12251483
SHRIRAMFIN,2026-06-16,998.0,1005.75,1010.05,992.05,4544903
SHRIRAMFIN,2026-06-17,1005.0,1007.5,1015.75,1001.95,4353419
SHRIRAMFIN,2026-06-18,1010.0,1002.7,1017.3,998.25,3364449
SHRIRAMFIN,2026-06-19,1001.65,1001.9,1007.7,992.3,2611538
SHRIRAMFIN,2026-06-22,1003.95,992.85,1005.75,983.8,4287218
SHRIRAMFIN,2026-06-23,984.5,993.35,1007.7,984.5,2904186
SHRIRAMFIN,2026-06-24,993.35,1019.0,1029.35,980.55,7885319
SHRIRAMFIN,2026-06-25,1030.0,1031.8,1052.0,1026.0,8924791
SHRIRAMFIN,2026-06-26,1031.8,1031.8,1031.8,1031.8,0
SHRIRAMFIN,2026-06-29,1036.95,1032.65,1055.4,1029.75,11369236
SHRIRAMFIN,2026-06-30,1032.65,1042.15,1048.0,1030.25,5218792
SHRIRAMFIN,2026-07-01,1050.0,1048.1,1058.6,1038.0,4722961
SHRIRAMFIN,2026-07-02,1052.0,1066.7,1071.0,1048.2,5736423
SHRIRAMFIN,2026-07-03,1081.5,1063.6,1081.5,1060.1,3603167
SHRIRAMFIN,2026-07-06,1065.9,1062.3,1076.0,1057.8,4018215
SHRIRAMFIN,2026-07-07,1070.0,1066.8,1087.3,1058.7,8356697
SHRIRAMFIN,2026-07-08,1058.0,1014.4,1058.0,1005.0,6535773
SHRIRAMFIN,2026-07-09,1019.4,1031.7,1039.8,1015.0,3984489
SHRIRAMFIN,2026-07-10,1049.0,1044.1,1052.0,1039.0,2773485
SHRIRAMFIN,2026-07-13,1019.9,1048.1,1053.1,1017.0,3212203
SHRIRAMFIN,2026-07-14,1040.0,1013.9,1042.3,1007.0,6517181
SHRIRAMFIN,2026-07-15,1028.0,1033.8,1049.0,1025.2,7089054
SHRIRAMFIN,2026-07-16,1035.8,1024.4,1040.0,1020.1,2703222
SHRIRAMFIN,2026-07-17,1025.4,1034.9,1038.9,1022.0,3328041
SIEMENS,2026-04-17,3589.0,3707.9,3718.9,3565.0,1034058
SIEMENS,2026-04-20,3702.0,3709.0,3778.5,3659.5,659226
SIEMENS,2026-04-21,3726.0,3721.7,3787.0,3701.0,371076
SIEMENS,2026-04-22,3709.0,3844.3,3885.0,3706.6,882278
SIEMENS,2026-04-23,3849.0,3864.4,3901.0,3811.5,663008
SIEMENS,2026-04-24,3882.0,3808.9,3893.6,3767.9,315661
SIEMENS,2026-04-27,3830.5,3856.0,3881.0,3797.0,309453
SIEMENS,2026-04-28,3856.0,3827.3,3892.0,3805.5,267852
SIEMENS,2026-04-29,3850.0,3776.8,3870.0,3765.6,204618
SIEMENS,2026-04-30,3790.0,3808.2,3847.6,3734.5,474246
SIEMENS,2026-05-01,3808.2,3808.2,3808.2,3808.2,0
SIEMENS,2026-05-04,3850.0,3834.1,3930.0,3820.0,813487
SIEMENS,2026-05-05,3851.2,3846.6,3866.5,3809.5,253569
SIEMENS,2026-05-06,3880.0,3841.8,3885.0,3783.0,330665
SIEMENS,2026-05-07,3860.0,3871.5,3895.5,3792.9,315030
SIEMENS,2026-05-08,3871.6,3822.6,3906.9,3786.0,366353
SIEMENS,2026-05-11,3720.0,3605.6,3720.0,3552.9,996964
SIEMENS,2026-05-12,3605.0,3574.4,3644.8,3555.8,385531
SIEMENS,2026-05-13,3574.4,3532.2,3628.5,3518.2,396807
SIEMENS,2026-05-14,3574.0,3693.8,3712.0,3469.0,788580
SIEMENS,2026-05-15,3724.5,3587.9,3724.5,3575.0,284206
SIEMENS,2026-05-18,3572.0,3535.1,3572.0,3454.5,305148
SIEMENS,2026-05-19,3540.0,3550.9,3593.9,3518.8,213583
SIEMENS,2026-05-20,3524.0,3696.4,3705.0,3493.1,507079
SIEMENS,2026-05-21,3739.0,3720.6,3780.0,3710.8,346583
SIEMENS,2026-05-22,3720.6,3811.7,3834.0,3714.0,534453
SIEMENS,2026-05-25,3836.4,3667.5,3878.5,3658.0,471211
SIEMENS,2026-05-26,3685.8,3677.2,3697.9,3620.0,713402
SIEMENS,2026-05-27,3569.7,3878.7,3909.9,3543.3,1738785
SIEMENS,2026-05-28,3878.7,3878.7,3878.7,3878.7,0
SIEMENS,2026-05-29,3859.7,3844.0,3937.3,3744.6,2024437
SIEMENS,2026-06-01,3850.0,3711.3,3856.7,3681.7,526590
SIEMENS,2026-06-02,3712.7,3729.7,3756.9,3639.6,628712
SIEMENS,2026-06-03,3728.1,3709.6,3755.0,3665.0,464320
SIEMENS,2026-06-04,3719.0,3686.9,3765.0,3679.1,341821
SIEMENS,2026-06-05,3695.0,3700.8,3724.9,3647.1,343897
SIEMENS,2026-06-08,3620.0,3624.0,3675.0,3568.1,449233
SIEMENS,2026-06-09,3623.9,3619.8,3630.0,3573.1,323100
SIEMENS,2026-06-10,3634.0,3582.7,3635.7,3555.1,600841
SIEMENS,2026-06-11,3555.8,3522.0,3586.0,3501.0,249193
SIEMENS,2026-06-12,3590.0,3569.6,3599.7,3518.0,223315
SIEMENS,2026-06-15,3630.0,3601.8,3650.0,3582.7,367596
SIEMENS,2026-06-16,3611.0,3636.9,3669.0,3604.4,325257
SIEMENS,2026-06-17,3661.0,3725.4,3737.8,3626.0,401570
SIEMENS,2026-06-18,3735.0,3746.2,3755.0,3686.4,342772
SIEMENS,2026-06-19,3744.5,3759.6,3776.1,3710.5,339876
SIEMENS,2026-06-22,3779.0,3767.8,3785.0,3726.0,285178
SIEMENS,2026-06-23,3770.0,3685.9,3807.7,3654.0,303345
SIEMENS,2026-06-24,3688.0,3561.5,3710.4,3550.1,326149
SIEMENS,2026-06-25,3581.3,3627.9,3665.0,3571.6,504071
SIEMENS,2026-06-26,3627.9,3627.9,3627.9,3627.9,0
SIEMENS,2026-06-29,3650.0,3573.1,3668.4,3561.1,402739
SIEMENS,2026-06-30,3600.4,3599.9,3616.3,3576.7,301665
SIEMENS,2026-07-01,3606.1,3560.7,3630.0,3550.0,313455
SIEMENS,2026-07-02,3578.5,3580.4,3616.5,3519.0,241163
SIEMENS,2026-07-03,3590.0,3536.3,3599.2,3497.5,433734
SIEMENS,2026-07-06,3553.9,3571.6,3583.6,3515.1,427908
SIEMENS,2026-07-07,3574.0,3495.0,3584.9,3450.0,379280
SIEMENS,2026-07-08,3479.1,3446.1,3502.0,3398.1,358879
SIEMENS,2026-07-09,3429.0,3476.4,3484.6,3426.0,283931
SIEMENS,2026-07-10,3490.7,3496.5,3542.0,3486.0,231262
SIEMENS,2026-07-13,3479.3,3477.8,3498.0,3440.5,231661
SIEMENS,2026-07-14,3450.0,3510.3,3525.0,3437.0,224121
SIEMENS,2026-07-15,3531.0,3571.8,3608.0,3527.8,315307
SIEMENS,2026-07-16,3599.0,3657.6,3855.0,3558.7,1382371
SIEMENS,2026-07-17,3657.6,3658.8,3690.2,3614.8,339615
SIRCA,2026-04-17,442.9,456.7,460.15,440.55,1078371
SIRCA,2026-04-20,460.0,443.5,464.25,437.7,268574
SIRCA,2026-04-21,447.0,446.25,453.0,438.5,381284
SIRCA,2026-04-22,450.0,445.7,453.0,444.5,169415
SIRCA,2026-04-23,447.5,439.85,449.1,425.8,545349
SIRCA,2026-04-24,440.95,437.3,444.7,435.0,280337
SIRCA,2026-04-27,443.5,433.95,444.85,430.1,244482
SIRCA,2026-04-28,437.0,429.55,440.0,427.1,257208
SIRCA,2026-04-29,431.0,427.85,436.55,426.0,238165
SIRCA,2026-04-30,429.85,423.75,430.0,419.6,221972
SIRCA,2026-05-01,423.75,423.75,423.75,423.75,0
SIRCA,2026-05-04,424.0,431.6,433.9,423.05,277741
SIRCA,2026-05-05,433.0,430.4,433.8,426.3,230071
SIRCA,2026-05-06,431.0,425.65,434.65,420.8,347064
SIRCA,2026-05-07,428.0,425.35,432.0,424.0,314724
SIRCA,2026-05-08,438.9,423.1,444.7,417.05,3486664
SIRCA,2026-05-11,424.8,424.1,429.8,416.0,2327296
SIRCA,2026-05-12,434.05,427.05,441.3,424.0,1228377
SIRCA,2026-05-13,428.0,422.75,428.9,418.3,769487
SIRCA,2026-05-14,426.8,429.75,434.7,422.65,890542
SIRCA,2026-05-15,433.45,436.3,443.0,426.3,600576
SIRCA,2026-05-18,437.05,424.45,437.7,419.35,366521
SIRCA,2026-05-19,426.1,421.05,428.25,418.65,267345
SIRCA,2026-05-20,421.05,420.4,424.5,413.2,324220
SIRCA,2026-05-21,424.7,420.45,428.55,417.05,827946
SIRCA,2026-05-22,421.7,419.35,429.8,417.2,492214
SIRCA,2026-05-25,422.25,419.95,426.5,418.6,486109
SIRCA,2026-05-26,423.05,419.5,424.7,417.6,474148
SIRCA,2026-05-27,421.0,419.15,422.1,417.5,181724
SIRCA,2026-05-28,419.15,419.15,419.15,419.15,0
SIRCA,2026-05-29,423.8,417.7,424.3,414.0,247391
SIRCA,2026-06-01,422.95,422.65,436.55,418.0,539528
SIRCA,2026-06-02,424.0,420.35,424.7,417.4,198055
SIRCA,2026-06-03,420.35,419.65,426.8,415.6,221155
SIRCA,2026-06-04,421.1,418.75,422.25,417.65,164142
SIRCA,2026-06-05,420.5,419.45,422.0,414.5,335280
SIRCA,2026-06-08,418.5,416.15,421.25,414.1,130362
SIRCA,2026-06-09,417.5,418.65,420.25,415.95,139237
SIRCA,2026-06-10,421.0,415.45,421.05,414.1,164146
SIRCA,2026-06-11,416.0,415.4,418.0,412.9,155588
SIRCA,2026-06-12,419.2,418.15,420.9,416.8,261947
SIRCA,2026-06-15,425.8,419.8,429.0,417.3,636566
SIRCA,2026-06-16,419.85,415.95,423.0,413.2,299773
SIRCA,2026-06-17,417.75,413.85,422.0,412.6,235081
SIRCA,2026-06-18,415.05,411.15,418.5,408.2,304019
SIRCA,2026-06-19,411.8,412.3,414.8,408.35,133916
SIRCA,2026-06-22,413.9,413.7,418.9,410.1,265228
SIRCA,2026-06-23,413.0,409.3,415.45,408.0,165669
SIRCA,2026-06-24,410.0,409.95,413.65,408.0,274822
SIRCA,2026-06-25,419.9,407.05,430.0,405.0,1105647
SIRCA,2026-06-26,407.05,407.05,407.05,407.05,0
SIRCA,2026-06-29,410.0,406.4,410.5,403.5,343075
SIRCA,2026-06-30,406.4,402.4,408.0,401.05,210344
SIRCA,2026-07-01,403.05,402.4,405.7,399.3,276071
SIRCA,2026-07-02,403.35,401.3,405.0,397.25,275562
SIRCA,2026-07-03,404.7,402.45,405.85,399.05,179763
SIRCA,2026-07-06,403.6,402.45,405.0,400.4,157749
SIRCA,2026-07-07,402.4,400.7,402.4,399.0,221381
SIRCA,2026-07-08,400.0,397.2,402.55,388.8,478862
SIRCA,2026-07-09,400.5,393.4,402.75,391.0,161230
SIRCA,2026-07-10,395.0,393.65,407.75,392.6,286734
SIRCA,2026-07-13,395.55,402.6,407.45,390.0,252061
SIRCA,2026-07-14,404.0,397.75,405.0,396.0,165596
SIRCA,2026-07-15,397.75,393.35,398.9,391.0,226675
SIRCA,2026-07-16,397.6,393.35,397.6,389.25,291627
SIRCA,2026-07-17,394.6,391.0,394.75,385.0,463874
SOLARINDS,2026-04-17,14999.0,15089.0,15176.0,14953.0,128839
SOLARINDS,2026-04-20,15140.0,14907.0,15162.0,14848.0,85713
SOLARINDS,2026-04-21,14851.0,14949.0,15169.0,14851.0,124161
SOLARINDS,2026-04-22,14950.0,15272.0,15308.0,14925.0,121750
SOLARINDS,2026-04-23,15300.0,15747.0,15930.0,15225.0,219018
SOLARINDS,2026-04-24,15857.0,15056.0,15995.0,14998.0,284856
SOLARINDS,2026-04-27,15195.0,15259.0,15316.0,15036.0,106703
SOLARINDS,2026-04-28,15259.0,15304.0,15464.0,15259.0,103827
SOLARINDS,2026-04-29,15450.0,15377.0,15572.0,15230.0,117051
SOLARINDS,2026-04-30,15385.0,15439.0,15545.0,15161.0,88319
SOLARINDS,2026-05-01,15439.0,15439.0,15439.0,15439.0,0
SOLARINDS,2026-05-04,15562.0,15459.0,15690.0,15351.0,72043
SOLARINDS,2026-05-05,15460.0,15845.0,15895.0,15407.0,92232
SOLARINDS,2026-05-06,15954.0,15740.0,15990.0,15564.0,113558
SOLARINDS,2026-05-07,15854.0,15887.0,15950.0,15486.0,112369
SOLARINDS,2026-05-08,15945.0,16105.0,16199.0,15900.0,135424
SOLARINDS,2026-05-11,16105.0,16263.0,16325.0,15905.0,132627
SOLARINDS,2026-05-12,16260.0,15585.0,16280.0,15533.0,117620
SOLARINDS,2026-05-13,15550.0,15787.0,15989.0,15545.0,81887
SOLARINDS,2026-05-14,15894.0,16665.0,16700.0,15850.0,303796
SOLARINDS,2026-05-15,16740.0,17314.0,17469.0,16323.0,562697
SOLARINDS,2026-05-18,17509.0,18019.0,18089.0,17227.0,688909
SOLARINDS,2026-05-19,18100.0,18116.0,18498.0,17918.0,303361
SOLARINDS,2026-05-20,18052.0,18210.0,18320.0,17925.0,219437
SOLARINDS,2026-05-21,18301.0,18392.0,18699.0,18250.0,195807
SOLARINDS,2026-05-22,18400.0,18132.0,18479.0,18055.0,156707
SOLARINDS,2026-05-25,18378.0,18377.0,18475.0,18011.0,105453
SOLARINDS,2026-05-26,18377.0,18479.0,18541.0,18280.0,111277
SOLARINDS,2026-05-27,18424.0,18653.0,18799.0,18424.0,105005
SOLARINDS,2026-05-28,18653.0,18653.0,18653.0,18653.0,0
SOLARINDS,2026-05-29,18746.0,18247.0,18874.0,18027.0,488294
SOLARINDS,2026-06-01,18390.0,18203.0,18459.0,18127.0,100566
SOLARINDS,2026-06-02,18171.0,18386.0,18500.0,17835.0,184106
SOLARINDS,2026-06-03,18396.0,18577.0,18737.0,18285.0,266212
SOLARINDS,2026-06-04,18560.0,18293.0,18770.0,18251.0,161517
SOLARINDS,2026-06-05,18380.0,18441.0,18745.0,18350.0,102618
SOLARINDS,2026-06-08,18250.0,18114.0,18498.0,18001.0,102208
SOLARINDS,2026-06-09,18293.0,18267.0,18386.0,18147.0,93809
SOLARINDS,2026-06-10,18274.0,17697.0,18418.0,17634.0,95976
SOLARINDS,2026-06-11,17700.0,17141.0,18012.0,17063.0,175899
SOLARINDS,2026-06-12,17404.0,17143.0,17579.0,17060.0,109049
SOLARINDS,2026-06-15,17440.0,17277.0,17555.0,17187.0,68477
SOLARINDS,2026-06-16,17380.0,16899.0,17380.0,16843.0,115849
SOLARINDS,2026-06-17,16899.0,17457.0,17599.0,16832.0,119709
SOLARINDS,2026-06-18,17585.0,17764.0,17860.0,17490.0,117844
SOLARINDS,2026-06-19,17775.0,18052.0,18379.0,17696.0,283451
SOLARINDS,2026-06-22,18140.0,18441.0,18499.0,17865.0,124061
SOLARINDS,2026-06-23,18499.0,18227.0,18539.0,18045.0,152345
SOLARINDS,2026-06-24,18227.0,17864.0,18370.0,17764.0,84136
SOLARINDS,2026-06-25,17864.0,17428.0,18041.0,17344.0,104509
SOLARINDS,2026-06-26,17428.0,17428.0,17428.0,17428.0,0
SOLARINDS,2026-06-29,17429.0,17798.0,17901.0,17274.0,430870
SOLARINDS,2026-06-30,17870.0,18696.0,18780.0,17825.0,306107
SOLARINDS,2026-07-01,18700.0,18610.0,18972.0,18490.0,136190
SOLARINDS,2026-07-02,18650.0,18659.0,18818.0,18369.0,100525
SOLARINDS,2026-07-03,18734.0,18514.0,18853.0,18270.0,101307
SOLARINDS,2026-07-06,18510.0,18539.0,18866.0,18418.0,96707
SOLARINDS,2026-07-07,18351.0,18268.0,18556.0,17624.0,200477
SOLARINDS,2026-07-08,18201.0,17971.0,18312.0,17802.0,88679
SOLARINDS,2026-07-09,17994.0,17380.0,18059.0,17028.0,326120
SOLARINDS,2026-07-10,17466.0,18236.0,18280.0,17257.0,218676
SOLARINDS,2026-07-13,18200.0,18156.0,18347.0,17940.0,108258
SOLARINDS,2026-07-14,18119.0,18287.0,18318.0,17958.0,95137
SOLARINDS,2026-07-15,18287.0,18285.0,18698.0,18246.0,99542
SOLARINDS,2026-07-16,18380.0,18400.0,18625.0,18122.0,101629
SOLARINDS,2026-07-17,18410.0,18467.0,18590.0,18251.0,96644
SONATSOFTW,2026-04-17,277.88,280.34,284.0,272.0,1598755
SONATSOFTW,2026-04-20,282.0,272.86,282.0,270.0,1065507
SONATSOFTW,2026-04-21,272.86,272.94,275.5,271.31,310099
SONATSOFTW,2026-04-22,272.0,268.09,274.1,266.6,674516
SONATSOFTW,2026-04-23,268.1,264.42,273.92,263.5,504972
SONATSOFTW,2026-04-24,264.8,256.98,266.19,255.0,427022
SONATSOFTW,2026-04-27,256.95,259.91,263.03,256.2,467126
SONATSOFTW,2026-04-28,259.91,257.1,261.71,256.2,327582
SONATSOFTW,2026-04-29,259.25,263.01,269.04,257.15,727171
SONATSOFTW,2026-04-30,261.5,255.03,261.99,254.05,690569
SONATSOFTW,2026-05-01,255.03,255.03,255.03,255.03,0
SONATSOFTW,2026-05-04,255.5,261.65,265.1,255.5,527230
SONATSOFTW,2026-05-05,260.45,260.75,264.4,258.25,306860
SONATSOFTW,2026-05-06,263.15,269.8,270.9,263.15,713333
SONATSOFTW,2026-05-07,271.0,270.75,274.95,267.15,717080
SONATSOFTW,2026-05-08,275.0,297.15,307.9,274.7,29635371
SONATSOFTW,2026-05-11,300.0,298.95,303.5,286.75,3163099
SONATSOFTW,2026-05-12,296.15,273.15,297.75,272.0,2710401
SONATSOFTW,2026-05-13,276.7,267.3,277.95,265.05,1675656
SONATSOFTW,2026-05-14,272.05,266.3,272.05,259.05,764552
SONATSOFTW,2026-05-15,268.0,265.75,273.95,264.0,625974
SONATSOFTW,2026-05-18,261.0,259.95,261.1,252.3,813097
SONATSOFTW,2026-05-19,260.1,264.7,272.4,260.1,1018053
SONATSOFTW,2026-05-20,263.05,267.05,267.85,260.4,425534
SONATSOFTW,2026-05-21,269.0,269.7,271.65,266.35,364886
SONATSOFTW,2026-05-22,271.5,267.9,271.95,267.0,309940
SONATSOFTW,2026-05-25,269.05,274.1,278.4,267.15,775257
SONATSOFTW,2026-05-26,274.15,270.1,277.5,269.0,349749
SONATSOFTW,2026-05-27,272.25,265.75,272.65,265.0,290028
SONATSOFTW,2026-05-28,265.75,265.75,265.75,265.75,0
SONATSOFTW,2026-05-29,268.05,265.1,274.4,261.1,753303
SONATSOFTW,2026-06-01,266.5,266.35,273.25,264.15,658351
SONATSOFTW,2026-06-02,267.0,278.35,292.4,267.0,15861090
SONATSOFTW,2026-06-03,277.95,267.35,277.95,261.8,1607373
SONATSOFTW,2026-06-04,265.35,264.8,267.45,262.2,592306
SONATSOFTW,2026-06-05,266.45,265.7,273.4,263.55,577592
SONATSOFTW,2026-06-08,261.75,260.9,263.9,258.15,478808
SONATSOFTW,2026-06-09,263.8,263.05,265.85,260.1,336655
SONATSOFTW,2026-06-10,264.35,261.0,265.0,260.25,450261
SONATSOFTW,2026-06-11,259.0,254.85,260.45,251.5,632558
SONATSOFTW,2026-06-12,256.2,254.05,262.8,251.4,1049398
SONATSOFTW,2026-06-15,257.5,260.35,266.75,257.05,780875
SONATSOFTW,2026-06-16,261.7,311.25,312.4,261.7,29031334
SONATSOFTW,2026-06-17,309.0,305.6,312.4,299.15,11607561
SONATSOFTW,2026-06-18,303.0,309.0,324.9,299.2,8592276
SONATSOFTW,2026-06-19,300.0,297.4,303.6,295.0,2546184
SONATSOFTW,2026-06-22,300.0,296.9,302.95,296.2,975159
SONATSOFTW,2026-06-23,298.5,288.1,299.35,285.55,1065791
SONATSOFTW,2026-06-24,290.0,290.0,291.95,285.0,776986
SONATSOFTW,2026-06-25,292.35,284.25,294.4,282.5,630707
SONATSOFTW,2026-06-26,284.25,284.25,284.25,284.25,0
SONATSOFTW,2026-06-29,284.25,275.2,284.65,273.5,852466
SONATSOFTW,2026-06-30,277.0,267.65,278.9,266.1,890841
SONATSOFTW,2026-07-01,267.95,264.2,272.25,261.9,693995
SONATSOFTW,2026-07-02,265.9,273.7,294.0,265.0,26137304
SONATSOFTW,2026-07-03,276.5,278.0,281.0,274.5,2074624
SONATSOFTW,2026-07-06,278.0,277.0,278.25,270.4,869758
SONATSOFTW,2026-07-07,277.0,279.9,283.2,273.05,1491934
SONATSOFTW,2026-07-08,277.0,274.55,280.0,270.1,743749
SONATSOFTW,2026-07-09,276.3,275.9,279.75,271.85,585739
SONATSOFTW,2026-07-10,281.2,285.35,289.9,279.2,3548034
SONATSOFTW,2026-07-13,285.0,316.05,329.5,281.5,31028990
SONATSOFTW,2026-07-14,316.0,307.75,321.0,302.9,6346403
SONATSOFTW,2026-07-15,307.35,300.75,307.35,299.9,1257836
SONATSOFTW,2026-07-16,302.2,308.25,313.0,302.0,2667905
SONATSOFTW,2026-07-17,306.6,307.45,309.9,299.35,1145868
SOUTHBANK,2026-04-17,38.78,38.93,39.04,38.55,11508430
SOUTHBANK,2026-04-20,39.0,39.29,39.78,38.07,21189706
SOUTHBANK,2026-04-21,39.55,39.53,39.79,39.4,8166135
SOUTHBANK,2026-04-22,39.55,39.85,40.2,39.43,11977853
SOUTHBANK,2026-04-23,39.71,39.15,39.75,39.06,8261139
SOUTHBANK,2026-04-24,39.19,38.63,39.45,38.38,7254221
SOUTHBANK,2026-04-27,39.2,39.91,40.47,39.04,16869125
SOUTHBANK,2026-04-28,39.91,39.54,40.2,39.3,15804049
SOUTHBANK,2026-04-29,39.9,39.89,40.51,39.65,15184507
SOUTHBANK,2026-04-30,39.89,39.46,39.9,39.12,11979882
SOUTHBANK,2026-05-01,39.46,39.46,39.46,39.46,0
SOUTHBANK,2026-05-04,39.34,41.06,41.49,39.31,26577668
SOUTHBANK,2026-05-05,41.08,40.95,41.38,40.6,13368043
SOUTHBANK,2026-05-06,41.4,42.54,42.89,40.46,42055755
SOUTHBANK,2026-05-07,43.01,41.76,43.38,41.7,20167121
SOUTHBANK,2026-05-08,42.1,40.91,42.1,40.81,14362817
SOUTHBANK,2026-05-11,40.77,40.02,41.65,39.8,16612856
SOUTHBANK,2026-05-12,40.01,38.21,40.22,38.0,14416012
SOUTHBANK,2026-05-13,39.0,38.48,39.34,38.35,13597762
SOUTHBANK,2026-05-14,39.07,38.49,39.07,38.05,11421408
SOUTHBANK,2026-05-15,38.99,38.83,39.22,38.54,8092133
SOUTHBANK,2026-05-18,38.1,38.25,38.38,37.78,8617463
SOUTHBANK,2026-05-19,38.73,38.75,39.05,38.43,6583227
SOUTHBANK,2026-05-20,38.11,41.4,41.9,38.11,54680020
SOUTHBANK,2026-05-21,41.4,41.01,41.49,40.55,12360645
SOUTHBANK,2026-05-22,40.5,40.72,40.89,40.24,8659086
SOUTHBANK,2026-05-25,40.8,41.0,41.36,40.8,7360002
SOUTHBANK,2026-05-26,40.7,40.74,41.12,40.66,6338301
SOUTHBANK,2026-05-27,40.33,41.15,41.4,40.33,10269552
SOUTHBANK,2026-05-28,41.15,41.15,41.15,41.15,0
SOUTHBANK,2026-05-29,41.15,41.42,42.45,41.1,17701587
SOUTHBANK,2026-06-01,41.42,41.06,41.85,40.6,10439366
SOUTHBANK,2026-06-02,40.9,42.08,42.29,40.72,18833837
SOUTHBANK,2026-06-03,42.28,43.6,44.3,42.0,32825203
SOUTHBANK,2026-06-04,43.61,44.61,44.87,43.25,26453430
SOUTHBANK,2026-06-05,44.57,44.0,44.97,43.69,15745980
SOUTHBANK,2026-06-08,43.2,43.79,45.49,43.01,28341145
SOUTHBANK,2026-06-09,44.03,45.74,46.19,44.01,32575452
SOUTHBANK,2026-06-10,45.6,45.13,46.19,44.8,15930905
SOUTHBANK,2026-06-11,44.9,45.32,45.75,44.86,13705352
SOUTHBANK,2026-06-12,45.5,46.66,47.5,45.5,35993222
SOUTHBANK,2026-06-15,47.2,46.92,48.55,46.54,26102262
SOUTHBANK,2026-06-16,47.1,47.2,47.77,46.8,13747133
SOUTHBANK,2026-06-17,47.2,48.45,48.8,47.2,25436146
SOUTHBANK,2026-06-18,48.5,48.49,49.79,48.04,20768658
SOUTHBANK,2026-06-19,48.5,48.46,49.15,48.05,14135084
SOUTHBANK,2026-06-22,48.7,46.68,48.74,46.21,18373269
SOUTHBANK,2026-06-23,46.68,45.82,47.0,45.65,13276313
SOUTHBANK,2026-06-24,45.8,45.7,45.97,44.91,10525410
SOUTHBANK,2026-06-25,46.0,45.41,46.7,45.1,12191719
SOUTHBANK,2026-06-26,45.41,45.41,45.41,45.41,0
SOUTHBANK,2026-06-29,45.41,45.84,46.6,44.91,16488721
SOUTHBANK,2026-06-30,45.8,45.63,46.33,45.5,13306565
SOUTHBANK,2026-07-01,45.8,45.46,46.44,45.35,9020753
SOUTHBANK,2026-07-02,46.36,45.54,47.49,44.64,26554391
SOUTHBANK,2026-07-03,45.95,46.1,46.7,45.33,16497948
SOUTHBANK,2026-07-06,46.05,46.86,47.49,46.05,14421692
SOUTHBANK,2026-07-07,46.78,47.67,49.9,46.6,42310199
SOUTHBANK,2026-07-08,47.55,43.7,47.55,43.01,72099008
SOUTHBANK,2026-07-09,44.17,44.22,44.5,43.82,16615687
SOUTHBANK,2026-07-10,44.5,45.81,46.28,44.5,21345407
SOUTHBANK,2026-07-13,45.75,45.88,46.2,44.82,10629738
SOUTHBANK,2026-07-14,45.8,45.33,46.22,45.2,11111427
SOUTHBANK,2026-07-15,45.79,45.52,46.22,44.99,11975201
SOUTHBANK,2026-07-16,45.74,45.39,46.59,43.94,35495538
SOUTHBANK,2026-07-17,45.53,44.6,45.75,44.11,16100153
SPARC,2026-04-17,153.11,148.01,153.69,147.05,1099016
SPARC,2026-04-20,148.0,144.5,148.45,144.03,569428
SPARC,2026-04-21,145.0,144.05,147.0,143.6,524129
SPARC,2026-04-22,144.35,143.54,146.0,143.0,438757
SPARC,2026-04-23,143.82,142.88,146.9,142.33,832028
SPARC,2026-04-24,143.3,139.28,143.72,136.72,606354
SPARC,2026-04-27,139.91,146.72,151.88,139.9,3535610
SPARC,2026-04-28,146.73,146.85,148.6,145.5,1314858
SPARC,2026-04-29,147.5,148.56,149.79,146.05,1436750
SPARC,2026-04-30,148.56,143.04,163.2,141.51,9147904
SPARC,2026-05-01,143.04,143.04,143.04,143.04,0
SPARC,2026-05-04,144.85,139.7,145.01,138.92,2512572
SPARC,2026-05-05,139.95,140.0,145.01,139.32,3159657
SPARC,2026-05-06,141.05,157.08,161.8,139.6,21675138
SPARC,2026-05-07,158.5,166.85,168.8,155.37,7234225
SPARC,2026-05-08,167.2,173.09,182.59,167.0,8738847
SPARC,2026-05-11,172.05,168.45,172.79,167.0,2226253
SPARC,2026-05-12,167.0,166.43,172.79,162.01,2675178
SPARC,2026-05-13,166.73,168.68,175.6,165.0,3024126
SPARC,2026-05-14,169.9,170.08,172.5,165.4,1503259
SPARC,2026-05-15,170.75,163.65,172.19,162.56,1199582
SPARC,2026-05-18,162.55,162.23,163.88,158.21,1333634
SPARC,2026-05-19,174.0,179.77,189.45,162.36,43107773
SPARC,2026-05-20,178.97,183.68,185.3,178.0,8862359
SPARC,2026-05-21,185.0,180.33,189.29,179.2,4357447
SPARC,2026-05-22,182.0,209.77,214.0,179.82,32264158
SPARC,2026-05-25,214.0,232.99,239.4,212.0,60716079
SPARC,2026-05-26,237.0,235.57,248.75,231.0,37412116
SPARC,2026-05-27,232.16,221.35,233.5,213.01,10920415
SPARC,2026-05-28,221.35,221.35,221.35,221.35,0
SPARC,2026-05-29,224.12,212.11,224.5,210.55,5035759
SPARC,2026-06-01,213.21,196.37,215.37,195.45,6303600
SPARC,2026-06-02,197.0,204.24,207.38,194.1,6984191
SPARC,2026-06-03,205.67,208.5,210.59,196.5,4848519
SPARC,2026-06-04,208.99,212.97,215.79,205.01,3231644
SPARC,2026-06-05,214.05,212.82,222.59,210.9,3607773
SPARC,2026-06-08,209.0,203.6,214.17,201.1,2196649
SPARC,2026-06-09,204.8,209.19,209.93,204.0,3306719
SPARC,2026-06-10,210.26,205.92,214.8,204.2,2080904
SPARC,2026-06-11,204.99,204.11,213.0,202.19,2262997
SPARC,2026-06-12,206.6,223.76,224.52,205.81,8056789
SPARC,2026-06-15,226.5,229.03,233.9,220.26,4011382
SPARC,2026-06-16,231.66,238.41,240.8,230.25,3212926
SPARC,2026-06-17,241.0,239.61,243.99,236.0,3113456
SPARC,2026-06-18,239.61,242.47,253.17,233.5,6146954
SPARC,2026-06-19,242.0,238.09,245.69,236.0,1855116
SPARC,2026-06-22,239.0,238.03,242.5,236.14,1262070
SPARC,2026-06-23,237.51,234.92,244.75,234.0,2047271
SPARC,2026-06-24,234.92,226.86,247.95,224.45,5123110
SPARC,2026-06-25,228.0,224.92,233.18,223.0,2065558
SPARC,2026-06-26,224.92,224.92,224.92,224.92,0
SPARC,2026-06-29,225.0,231.19,232.9,220.05,1809532
SPARC,2026-06-30,232.49,234.75,237.4,232.34,1210318
SPARC,2026-07-01,235.92,237.5,243.34,235.91,1518384
SPARC,2026-07-02,238.99,239.32,241.3,235.54,967252
SPARC,2026-07-03,242.0,239.37,243.0,236.46,974651
SPARC,2026-07-06,241.0,261.71,263.3,241.0,9651891
SPARC,2026-07-07,266.7,266.34,272.2,254.5,6765565
SPARC,2026-07-08,265.0,269.98,289.0,262.38,8320858
SPARC,2026-07-09,271.33,277.57,284.7,270.2,3049847
SPARC,2026-07-10,279.8,264.6,280.5,258.62,2943608
SPARC,2026-07-13,261.5,259.42,269.39,258.0,1516048
SPARC,2026-07-14,259.35,247.83,259.35,247.0,1942047
SPARC,2026-07-15,248.5,251.04,256.9,247.82,1481284
SPARC,2026-07-16,252.9,250.45,253.5,247.42,791259
SPARC,2026-07-17,250.49,235.2,250.49,228.15,2779418
SRF,2026-04-17,2508.5,2494.5,2525.0,2488.5,277954
SRF,2026-04-20,2510.0,2465.1,2510.0,2456.2,349689
SRF,2026-04-21,2471.8,2471.0,2499.9,2463.6,460567
SRF,2026-04-22,2470.0,2492.8,2507.0,2452.0,326961
SRF,2026-04-23,2484.3,2542.4,2549.9,2466.0,950680
SRF,2026-04-24,2559.0,2493.6,2563.7,2472.2,411464
SRF,2026-04-27,2516.8,2508.2,2549.0,2496.7,341589
SRF,2026-04-28,2508.2,2532.8,2544.8,2484.4,306944
SRF,2026-04-29,2551.0,2543.6,2604.0,2538.3,350550
SRF,2026-04-30,2543.5,2518.6,2543.5,2488.9,413405
SRF,2026-05-01,2518.6,2518.6,2518.6,2518.6,0
SRF,2026-05-04,2520.4,2551.4,2565.0,2520.0,280967
SRF,2026-05-05,2553.0,2522.8,2567.8,2495.0,554217
SRF,2026-05-06,2605.0,2719.6,2762.0,2582.2,4206668
SRF,2026-05-07,2714.9,2771.3,2780.0,2655.0,796612
SRF,2026-05-08,2775.4,2780.8,2819.3,2770.0,516387
SRF,2026-05-11,2777.0,2798.5,2832.1,2739.6,596821
SRF,2026-05-12,2785.0,2721.2,2800.0,2714.1,475622
SRF,2026-05-13,2738.9,2695.2,2756.3,2688.8,642859
SRF,2026-05-14,2714.0,2729.4,2739.9,2664.9,270823
SRF,2026-05-15,2739.0,2689.5,2740.1,2685.0,345387
SRF,2026-05-18,2666.0,2639.9,2685.0,2607.2,227858
SRF,2026-05-19,2649.9,2637.2,2668.8,2631.0,226571
SRF,2026-05-20,2617.2,2613.3,2622.1,2590.5,342170
SRF,2026-05-21,2634.5,2620.4,2648.9,2600.1,459611
SRF,2026-05-22,2661.9,2639.4,2688.0,2630.1,521212
SRF,2026-05-25,2661.0,2711.0,2724.0,2655.4,170564
SRF,2026-05-26,2729.9,2749.7,2772.9,2712.0,704640
SRF,2026-05-27,2768.0,2736.8,2776.4,2725.0,222202
SRF,2026-05-28,2736.8,2736.8,2736.8,2736.8,0
SRF,2026-05-29,2740.7,2715.8,2759.0,2678.8,2087600
SRF,2026-06-01,2719.0,2696.2,2719.0,2674.2,362133
SRF,2026-06-02,2682.0,2745.3,2752.8,2651.2,503919
SRF,2026-06-03,2740.1,2718.4,2758.0,2711.6,530894
SRF,2026-06-04,2706.0,2726.6,2739.0,2693.7,316793
SRF,2026-06-05,2745.0,2704.9,2745.0,2692.0,162064
SRF,2026-06-08,2647.0,2674.4,2690.3,2610.4,605925
SRF,2026-06-09,2674.9,2689.6,2733.6,2673.0,463994
SRF,2026-06-10,2699.0,2734.1,2754.8,2699.0,482986
SRF,2026-06-11,2734.0,2658.4,2734.0,2650.0,552102
SRF,2026-06-12,2696.7,2743.0,2748.0,2681.3,245864
SRF,2026-06-15,2760.9,2720.5,2768.9,2712.1,496251
SRF,2026-06-16,2730.0,2744.0,2784.0,2730.0,687248
SRF,2026-06-17,2750.9,2705.5,2760.0,2651.2,499787
SRF,2026-06-18,2719.4,2703.0,2727.2,2675.0,356118
SRF,2026-06-19,2701.0,2709.8,2719.8,2687.1,321703
SRF,2026-06-22,2720.0,2720.7,2748.8,2697.3,473652
SRF,2026-06-23,2727.0,2736.7,2777.0,2722.0,856546
SRF,2026-06-24,2736.0,2765.8,2775.5,2701.0,247480
SRF,2026-06-25,2772.0,2732.9,2775.0,2725.6,398225
SRF,2026-06-26,2732.9,2732.9,2732.9,2732.9,0
SRF,2026-06-29,2732.9,2664.7,2738.4,2648.8,988256
SRF,2026-06-30,2664.7,2739.0,2781.5,2664.7,773262
SRF,2026-07-01,2740.0,2739.9,2752.6,2711.4,338475
SRF,2026-07-02,2739.9,2799.4,2812.0,2730.0,563679
SRF,2026-07-03,2828.0,2794.5,2832.0,2785.2,509097
SRF,2026-07-06,2803.0,2830.7,2859.5,2794.5,448352
SRF,2026-07-07,2839.0,2810.6,2848.8,2796.3,243891
SRF,2026-07-08,2790.8,2709.5,2804.0,2691.6,556227
SRF,2026-07-09,2720.0,2756.9,2792.5,2718.0,201957
SRF,2026-07-10,2779.0,2774.6,2799.9,2765.3,104341
SRF,2026-07-13,2777.6,2741.6,2780.4,2739.0,122987
SRF,2026-07-14,2729.4,2744.9,2759.9,2716.0,397057
SRF,2026-07-15,2738.0,2775.6,2819.0,2738.0,339745
SRF,2026-07-16,2777.1,2889.3,2916.0,2777.1,1533270
SRF,2026-07-17,2899.2,2874.7,2914.9,2853.0,232559
SUMICHEM,2026-04-17,429.7,442.4,444.7,426.6,292915
SUMICHEM,2026-04-20,443.1,446.25,447.9,429.15,370237
SUMICHEM,2026-04-21,450.0,439.95,453.5,433.9,386672
SUMICHEM,2026-04-22,442.0,444.25,453.35,437.75,292262
SUMICHEM,2026-04-23,446.4,447.6,453.8,442.15,193810
SUMICHEM,2026-04-24,452.5,434.7,452.5,432.7,136939
SUMICHEM,2026-04-27,438.0,444.8,447.6,435.95,98692
SUMICHEM,2026-04-28,445.5,431.9,446.7,428.45,142567
SUMICHEM,2026-04-29,433.6,436.4,446.85,432.3,132949
SUMICHEM,2026-04-30,436.0,419.15,436.0,416.1,223438
SUMICHEM,2026-05-01,419.15,419.15,419.15,419.15,0
SUMICHEM,2026-05-04,422.75,449.0,453.95,420.4,525225
SUMICHEM,2026-05-05,449.0,476.95,480.2,445.85,1293407
SUMICHEM,2026-05-06,480.0,495.35,501.0,478.65,1016667
SUMICHEM,2026-05-07,505.0,498.9,514.5,495.55,1526257
SUMICHEM,2026-05-08,495.0,485.55,498.5,484.0,213040
SUMICHEM,2026-05-11,485.55,466.45,485.55,464.2,208614
SUMICHEM,2026-05-12,464.15,444.85,467.1,441.7,192906
SUMICHEM,2026-05-13,442.65,455.55,467.3,442.65,485467
SUMICHEM,2026-05-14,459.8,453.75,460.8,446.1,241363
SUMICHEM,2026-05-15,456.9,458.75,465.0,449.15,227481
SUMICHEM,2026-05-18,456.0,449.65,458.65,444.95,187674
SUMICHEM,2026-05-19,453.95,468.9,474.8,450.05,646276
SUMICHEM,2026-05-20,469.4,460.75,469.6,458.65,347060
SUMICHEM,2026-05-21,462.8,473.45,476.95,462.8,272356
SUMICHEM,2026-05-22,473.45,469.2,479.55,467.05,218093
SUMICHEM,2026-05-25,472.95,478.65,482.4,466.9,749447
SUMICHEM,2026-05-26,482.95,489.05,492.95,478.95,399239
SUMICHEM,2026-05-27,489.05,495.5,501.3,467.0,610763
SUMICHEM,2026-05-28,495.5,495.5,495.5,495.5,0
SUMICHEM,2026-05-29,500.0,501.55,509.95,485.0,706382
SUMICHEM,2026-06-01,502.05,481.65,507.3,478.35,188311
SUMICHEM,2026-06-02,475.0,487.75,491.85,472.35,139744
SUMICHEM,2026-06-03,487.7,482.8,488.0,472.5,79375
SUMICHEM,2026-06-04,477.8,473.1,482.65,470.0,88591
SUMICHEM,2026-06-05,474.95,472.05,475.75,467.8,90956
SUMICHEM,2026-06-08,469.0,460.15,469.0,458.1,148006
SUMICHEM,2026-06-09,462.05,461.75,464.9,456.35,67793
SUMICHEM,2026-06-10,465.0,456.65,469.15,455.0,134725
SUMICHEM,2026-06-11,449.7,448.5,460.0,444.5,148369
SUMICHEM,2026-06-12,451.0,461.85,464.75,451.0,129653
SUMICHEM,2026-06-15,465.0,474.55,479.4,465.0,260444
SUMICHEM,2026-06-16,476.6,473.25,483.7,471.55,768842
SUMICHEM,2026-06-17,473.6,464.3,475.85,463.5,326506
SUMICHEM,2026-06-18,465.95,452.35,469.25,451.05,442467
SUMICHEM,2026-06-19,454.5,452.7,456.95,450.8,113818
SUMICHEM,2026-06-22,453.0,438.9,454.9,434.1,1029271
SUMICHEM,2026-06-23,446.25,433.65,446.25,431.0,244486
SUMICHEM,2026-06-24,433.9,446.05,447.8,429.75,1299252
SUMICHEM,2026-06-25,448.9,435.3,448.9,433.75,302666
SUMICHEM,2026-06-26,435.3,435.3,435.3,435.3,0
SUMICHEM,2026-06-29,435.0,419.9,437.75,416.05,1407266
SUMICHEM,2026-06-30,422.7,420.85,424.2,411.55,285152
SUMICHEM,2026-07-01,425.2,435.1,440.4,424.15,447938
SUMICHEM,2026-07-02,436.25,441.2,443.25,432.7,206864
SUMICHEM,2026-07-03,443.0,502.3,509.4,442.3,29488311
SUMICHEM,2026-07-06,499.0,484.05,507.4,481.35,3145917
SUMICHEM,2026-07-07,482.5,473.35,485.6,471.2,569911
SUMICHEM,2026-07-08,472.0,467.1,482.0,463.65,734160
SUMICHEM,2026-07-09,467.5,481.15,483.35,466.8,545453
SUMICHEM,2026-07-10,484.0,513.7,516.0,477.2,2258450
SUMICHEM,2026-07-13,513.0,531.9,534.25,507.05,2041964
SUMICHEM,2026-07-14,530.95,535.2,539.5,517.7,713045
SUMICHEM,2026-07-15,539.0,539.9,546.85,535.05,686147
SUMICHEM,2026-07-16,540.75,540.55,549.75,531.95,524701
SUMICHEM,2026-07-17,540.95,538.55,547.1,530.05,762912
SUNPHARMA,2026-04-17,1696.9,1675.5,1696.9,1670.5,3146482
SUNPHARMA,2026-04-20,1680.0,1668.6,1680.0,1665.0,1834532
SUNPHARMA,2026-04-21,1667.2,1665.2,1682.9,1659.9,3631490
SUNPHARMA,2026-04-22,1665.2,1669.8,1673.9,1652.4,2169514
SUNPHARMA,2026-04-23,1669.0,1680.1,1713.0,1661.2,3245164
SUNPHARMA,2026-04-24,1670.4,1620.4,1673.3,1613.6,9606128
SUNPHARMA,2026-04-27,1625.0,1733.5,1766.9,1621.9,26995361
SUNPHARMA,2026-04-28,1724.0,1747.3,1763.9,1714.3,16599167
SUNPHARMA,2026-04-29,1756.0,1778.7,1789.8,1750.0,9809449
SUNPHARMA,2026-04-30,1771.0,1808.3,1815.0,1761.4,4749798
SUNPHARMA,2026-05-01,1808.3,1808.3,1808.3,1808.3,0
SUNPHARMA,2026-05-04,1820.0,1823.5,1841.0,1810.0,4206373
SUNPHARMA,2026-05-05,1828.5,1820.8,1831.7,1798.6,3011421
SUNPHARMA,2026-05-06,1837.0,1850.2,1857.8,1818.4,3247156
SUNPHARMA,2026-05-07,1850.2,1834.4,1857.1,1826.3,2201070
SUNPHARMA,2026-05-08,1822.0,1847.9,1857.5,1819.2,2837885
SUNPHARMA,2026-05-11,1827.2,1872.7,1885.8,1825.0,2564978
SUNPHARMA,2026-05-12,1875.0,1845.7,1879.4,1840.0,3263351
SUNPHARMA,2026-05-13,1845.7,1824.8,1860.0,1820.0,1972365
SUNPHARMA,2026-05-14,1852.0,1863.2,1867.5,1829.7,2429220
SUNPHARMA,2026-05-15,1874.0,1878.2,1887.9,1863.2,2756465
SUNPHARMA,2026-05-18,1878.2,1905.8,1911.0,1865.0,3456331
SUNPHARMA,2026-05-19,1900.5,1882.3,1916.6,1880.0,2200951
SUNPHARMA,2026-05-20,1880.0,1880.3,1892.9,1872.0,1376695
SUNPHARMA,2026-05-21,1892.0,1891.3,1899.6,1868.1,1605806
SUNPHARMA,2026-05-22,1903.0,1844.6,1903.0,1833.1,3610732
SUNPHARMA,2026-05-25,1840.0,1840.6,1849.0,1825.0,3049028
SUNPHARMA,2026-05-26,1830.0,1840.8,1844.9,1815.9,2337759
SUNPHARMA,2026-05-27,1865.0,1844.3,1882.0,1830.0,1385752
SUNPHARMA,2026-05-28,1844.3,1844.3,1844.3,1844.3,0
SUNPHARMA,2026-05-29,1844.3,1799.2,1852.8,1785.3,10058572
SUNPHARMA,2026-06-01,1812.0,1796.5,1812.1,1777.1,2051152
SUNPHARMA,2026-06-02,1794.2,1789.9,1800.0,1766.5,2885899
SUNPHARMA,2026-06-03,1781.0,1788.5,1796.3,1756.8,4209769
SUNPHARMA,2026-06-04,1787.0,1780.1,1793.4,1768.6,2343536
SUNPHARMA,2026-06-05,1789.0,1782.2,1802.9,1779.0,2495159
SUNPHARMA,2026-06-08,1780.7,1788.8,1803.5,1773.5,3098542
SUNPHARMA,2026-06-09,1787.7,1779.0,1796.6,1766.1,3756570
SUNPHARMA,2026-06-10,1779.6,1786.4,1797.6,1771.0,1882009
SUNPHARMA,2026-06-11,1780.0,1794.2,1805.0,1778.7,1858093
SUNPHARMA,2026-06-12,1807.0,1807.7,1814.5,1792.5,1243362
SUNPHARMA,2026-06-15,1818.0,1806.0,1818.0,1797.8,2188933
SUNPHARMA,2026-06-16,1808.0,1800.7,1809.9,1792.6,1373638
SUNPHARMA,2026-06-17,1814.0,1820.4,1823.4,1802.6,1771990
SUNPHARMA,2026-06-18,1817.5,1824.8,1830.0,1812.5,2054738
SUNPHARMA,2026-06-19,1824.0,1838.3,1842.7,1820.9,2126703
SUNPHARMA,2026-06-22,1845.0,1862.9,1865.2,1834.0,1588758
SUNPHARMA,2026-06-23,1870.0,1868.0,1902.4,1861.2,2812236
SUNPHARMA,2026-06-24,1868.0,1874.4,1882.1,1864.9,1406231
SUNPHARMA,2026-06-25,1870.0,1862.8,1887.0,1858.0,1816438
SUNPHARMA,2026-06-26,1862.8,1862.8,1862.8,1862.8,0
SUNPHARMA,2026-06-29,1876.8,1874.8,1897.1,1855.9,1655869
SUNPHARMA,2026-06-30,1885.0,1862.5,1892.9,1859.4,2352774
SUNPHARMA,2026-07-01,1877.9,1866.2,1887.4,1860.2,1230360
SUNPHARMA,2026-07-02,1876.0,1871.0,1882.0,1868.3,1485296
SUNPHARMA,2026-07-03,1880.0,1904.8,1925.1,1871.6,2168491
SUNPHARMA,2026-07-06,1904.0,1912.8,1917.0,1900.0,1213635
SUNPHARMA,2026-07-07,1900.6,1903.4,1924.9,1898.6,2060613
SUNPHARMA,2026-07-08,1904.0,1888.2,1929.5,1875.1,2785926
SUNPHARMA,2026-07-09,1889.9,1938.7,1952.0,1888.2,4446201
SUNPHARMA,2026-07-10,1942.8,1935.5,1953.9,1926.6,1478172
SUNPHARMA,2026-07-13,1925.9,1921.4,1933.1,1911.0,1573176
SUNPHARMA,2026-07-14,1910.0,1942.6,1950.8,1910.0,2822124
SUNPHARMA,2026-07-15,1955.0,1951.5,1962.7,1943.3,2283494
SUNPHARMA,2026-07-16,1950.0,1950.1,1957.7,1943.0,1396189
SUNPHARMA,2026-07-17,1948.7,1932.6,1952.6,1922.5,2475664
SUPREMEIND,2026-04-17,3660.0,3709.0,3743.5,3652.2,1177024
SUPREMEIND,2026-04-20,3740.0,3711.8,3752.0,3674.1,145589
SUPREMEIND,2026-04-21,3692.8,3666.6,3760.0,3655.4,179930
SUPREMEIND,2026-04-22,3651.1,3691.4,3737.9,3645.0,266549
SUPREMEIND,2026-04-23,3709.1,3677.3,3713.6,3650.0,351905
SUPREMEIND,2026-04-24,3665.8,3664.0,3702.4,3623.1,622295
SUPREMEIND,2026-04-27,3701.0,3692.4,3826.5,3623.4,1110497
SUPREMEIND,2026-04-28,3700.4,3631.9,3771.7,3617.1,560369
SUPREMEIND,2026-04-29,3670.5,3667.3,3728.0,3640.1,324795
SUPREMEIND,2026-04-30,3675.0,3622.6,3675.3,3534.0,302540
SUPREMEIND,2026-05-01,3622.6,3622.6,3622.6,3622.6,0
SUPREMEIND,2026-05-04,3669.0,3620.1,3691.2,3581.2,146015
SUPREMEIND,2026-05-05,3634.0,3631.0,3665.9,3603.4,132574
SUPREMEIND,2026-05-06,3649.0,3709.4,3730.0,3632.7,303451
SUPREMEIND,2026-05-07,3740.0,3664.9,3746.3,3658.0,204661
SUPREMEIND,2026-05-08,3675.0,3654.9,3693.8,3637.8,138853
SUPREMEIND,2026-05-11,3675.0,3617.3,3675.0,3601.2,93789
SUPREMEIND,2026-05-12,3639.5,3534.1,3639.9,3525.0,112529
SUPREMEIND,2026-05-13,3511.0,3521.0,3570.8,3491.1,98343
SUPREMEIND,2026-05-14,3527.9,3509.2,3554.9,3479.0,112658
SUPREMEIND,2026-05-15,3517.0,3508.7,3550.5,3487.2,68250
SUPREMEIND,2026-05-18,3498.4,3504.2,3509.0,3427.7,104903
SUPREMEIND,2026-05-19,3500.0,3446.3,3504.2,3429.0,168782
SUPREMEIND,2026-05-20,3430.0,3467.7,3480.0,3400.0,81862
SUPREMEIND,2026-05-21,3488.0,3466.4,3522.0,3435.0,218587
SUPREMEIND,2026-05-22,3499.6,3556.0,3600.0,3460.5,172744
SUPREMEIND,2026-05-25,3565.3,3612.9,3637.9,3564.6,84056
SUPREMEIND,2026-05-26,3609.2,3570.9,3624.9,3555.0,94449
SUPREMEIND,2026-05-27,3537.0,3634.4,3640.7,3537.0,78050
SUPREMEIND,2026-05-28,3634.4,3634.4,3634.4,3634.4,0
SUPREMEIND,2026-05-29,3640.0,3549.0,3645.0,3515.1,452509
SUPREMEIND,2026-06-01,3589.0,3520.7,3589.0,3480.5,196487
SUPREMEIND,2026-06-02,3484.0,3553.1,3568.9,3468.1,125837
SUPREMEIND,2026-06-03,3560.0,3572.9,3585.0,3514.0,67033
SUPREMEIND,2026-06-04,3572.9,3642.8,3685.7,3525.2,204194
SUPREMEIND,2026-06-05,3642.8,3602.0,3642.9,3572.2,133176
SUPREMEIND,2026-06-08,3579.5,3491.1,3579.5,3480.0,134628
SUPREMEIND,2026-06-09,3530.0,3499.7,3538.4,3472.3,260175
SUPREMEIND,2026-06-10,3501.3,3488.5,3537.6,3474.0,144420
SUPREMEIND,2026-06-11,3468.0,3443.8,3507.0,3429.7,52870
SUPREMEIND,2026-06-12,3460.6,3485.0,3520.0,3434.0,110844
SUPREMEIND,2026-06-15,3548.0,3550.0,3606.9,3520.2,154908
SUPREMEIND,2026-06-16,3550.6,3566.7,3598.0,3550.6,53697
SUPREMEIND,2026-06-17,3566.7,3517.5,3587.3,3498.0,276981
SUPREMEIND,2026-06-18,3530.0,3524.5,3563.5,3505.7,129836
SUPREMEIND,2026-06-19,3507.0,3525.5,3557.0,3476.5,183436
SUPREMEIND,2026-06-22,3570.0,3587.7,3599.0,3530.0,117394
SUPREMEIND,2026-06-23,3587.7,3540.4,3646.0,3525.0,170453
SUPREMEIND,2026-06-24,3542.0,3560.4,3587.2,3507.1,124669
SUPREMEIND,2026-06-25,3549.5,3421.9,3549.7,3406.9,546323
SUPREMEIND,2026-06-26,3421.9,3421.9,3421.9,3421.9,0
SUPREMEIND,2026-06-29,3397.7,3194.0,3413.0,3176.0,669253
SUPREMEIND,2026-06-30,3219.9,3157.8,3219.9,3147.2,358225
SUPREMEIND,2026-07-01,3181.4,3221.2,3231.2,3141.0,365563
SUPREMEIND,2026-07-02,3231.3,3275.6,3288.4,3210.0,360647
SUPREMEIND,2026-07-03,3292.0,3228.7,3309.3,3223.8,117412
SUPREMEIND,2026-07-06,3245.0,3234.0,3262.0,3211.1,256252
SUPREMEIND,2026-07-07,3247.0,3181.4,3269.5,3169.0,270096
SUPREMEIND,2026-07-08,3176.1,3179.4,3208.3,3140.0,196587
SUPREMEIND,2026-07-09,3180.0,3228.4,3239.9,3180.0,85405
SUPREMEIND,2026-07-10,3241.0,3319.6,3327.4,3230.0,174648
SUPREMEIND,2026-07-13,3319.6,3334.6,3344.4,3289.4,209558
SUPREMEIND,2026-07-14,3285.0,3427.5,3436.8,3275.1,273774
SUPREMEIND,2026-07-15,3430.0,3457.8,3478.0,3409.8,329173
SUPREMEIND,2026-07-16,3458.4,3522.7,3538.1,3454.8,249000
SUPREMEIND,2026-07-17,3527.0,3433.7,3529.6,3400.5,88775
SYRMA,2026-04-17,970.0,978.1,993.0,965.3,1630578
SYRMA,2026-04-20,974.9,963.35,988.95,958.0,744368
SYRMA,2026-04-21,966.0,985.95,1032.0,963.0,3220124
SYRMA,2026-04-22,989.0,997.75,1014.25,985.95,1419188
SYRMA,2026-04-23,1005.0,983.5,1010.75,980.0,939109
SYRMA,2026-04-24,990.0,969.6,1008.85,965.9,1115340
SYRMA,2026-04-27,983.0,979.4,993.1,974.6,655093
SYRMA,2026-04-28,986.7,971.55,986.7,964.4,478655
SYRMA,2026-04-29,977.0,976.05,997.0,962.55,1113857
SYRMA,2026-04-30,975.0,958.95,975.0,945.85,892777
SYRMA,2026-05-01,958.95,958.95,958.95,958.95,0
SYRMA,2026-05-04,963.6,1018.55,1030.0,960.0,1649812
SYRMA,2026-05-05,1023.3,1058.35,1072.3,1018.1,2505501
SYRMA,2026-05-06,1068.85,1059.35,1075.95,1030.55,928176
SYRMA,2026-05-07,1061.0,1093.4,1104.35,1059.0,1194132
SYRMA,2026-05-08,1097.0,1100.15,1136.45,1082.3,1231265
SYRMA,2026-05-11,1104.8,1112.6,1145.2,1092.0,1683499
SYRMA,2026-05-12,1155.0,1075.2,1188.0,1060.05,11303958
SYRMA,2026-05-13,1075.0,1035.65,1104.65,1031.0,2245592
SYRMA,2026-05-14,1043.0,1028.7,1046.0,987.05,2534579
SYRMA,2026-05-15,1030.0,1013.25,1044.6,1002.0,944499
SYRMA,2026-05-18,1005.05,969.95,1005.2,962.55,1069302
SYRMA,2026-05-19,975.0,984.15,988.85,957.4,802254
SYRMA,2026-05-20,971.3,1004.0,1010.0,960.15,1282108
SYRMA,2026-05-21,1020.0,1024.65,1039.85,1009.0,1700509
SYRMA,2026-05-22,1035.85,1038.85,1050.5,1018.5,1027398
SYRMA,2026-05-25,1049.95,1057.25,1080.0,1036.15,1019492
SYRMA,2026-05-26,1060.6,1057.3,1068.7,1039.0,740843
SYRMA,2026-05-27,1056.9,1053.8,1075.75,1048.0,544786
SYRMA,2026-05-28,1053.8,1053.8,1053.8,1053.8,0
SYRMA,2026-05-29,1060.0,1088.55,1102.6,1049.1,1983788
SYRMA,2026-06-01,1102.0,1107.3,1115.0,1085.9,1343156
SYRMA,2026-06-02,1101.0,1166.8,1174.0,1097.0,2269095
SYRMA,2026-06-03,1172.0,1195.3,1214.8,1156.7,2008192
SYRMA,2026-06-04,1195.1,1221.6,1234.0,1189.4,1378327
SYRMA,2026-06-05,1230.0,1226.8,1234.0,1212.8,737121
SYRMA,2026-06-08,1194.0,1201.2,1228.9,1180.4,1056913
SYRMA,2026-06-09,1200.1,1256.8,1260.4,1195.0,1232816
SYRMA,2026-06-10,1268.0,1225.8,1268.0,1202.2,1016245
SYRMA,2026-06-11,1225.0,1235.6,1290.9,1220.1,1660600
SYRMA,2026-06-12,1264.0,1266.7,1279.9,1250.0,844050
SYRMA,2026-06-15,1320.0,1301.1,1335.0,1273.0,1429054
SYRMA,2026-06-16,1314.9,1299.3,1331.6,1292.1,1094094
SYRMA,2026-06-17,1303.1,1298.3,1322.0,1284.0,786824
SYRMA,2026-06-18,1309.9,1346.8,1352.2,1300.5,1276205
SYRMA,2026-06-19,1345.0,1334.0,1355.0,1312.5,899504
SYRMA,2026-06-22,1341.0,1336.2,1357.0,1328.5,619576
SYRMA,2026-06-23,1360.0,1373.0,1422.0,1358.1,4044102
SYRMA,2026-06-24,1383.8,1424.7,1433.0,1376.5,1349577
SYRMA,2026-06-25,1439.0,1440.5,1517.7,1426.5,3269803
SYRMA,2026-06-26,1440.5,1440.5,1440.5,1440.5,0
SYRMA,2026-06-29,1440.0,1368.3,1440.0,1351.0,2140190
SYRMA,2026-06-30,1375.0,1396.3,1413.7,1373.0,981041
SYRMA,2026-07-01,1405.3,1421.6,1454.0,1388.1,1242591
SYRMA,2026-07-02,1432.6,1398.3,1436.0,1378.0,1056579
SYRMA,2026-07-03,1407.9,1376.0,1408.0,1364.1,1229753
SYRMA,2026-07-06,1379.0,1391.1,1412.0,1370.1,993306
SYRMA,2026-07-07,1396.0,1356.0,1400.0,1350.3,644592
SYRMA,2026-07-08,1344.8,1366.2,1398.5,1332.2,952732
SYRMA,2026-07-09,1410.4,1441.0,1449.0,1385.0,3482051
SYRMA,2026-07-10,1450.0,1451.9,1457.0,1413.1,1261866
SYRMA,2026-07-13,1431.7,1431.7,1449.5,1420.1,615437
SYRMA,2026-07-14,1425.0,1421.8,1446.3,1404.8,528531
SYRMA,2026-07-15,1421.0,1404.6,1448.0,1396.9,629631
SYRMA,2026-07-16,1417.0,1423.9,1436.0,1410.1,623969
SYRMA,2026-07-17,1428.0,1359.1,1428.0,1351.5,808190
TALBROAUTO,2026-04-17,272.0,275.62,280.0,270.01,104521
TALBROAUTO,2026-04-20,276.99,281.41,282.6,272.0,120954
TALBROAUTO,2026-04-21,282.25,279.95,286.0,278.67,90688
TALBROAUTO,2026-04-22,279.95,277.79,283.0,276.55,32596
TALBROAUTO,2026-04-23,274.0,281.18,283.0,274.0,68111
TALBROAUTO,2026-04-24,279.55,277.78,283.18,275.6,59719
TALBROAUTO,2026-04-27,277.0,295.37,299.0,277.0,378470
TALBROAUTO,2026-04-28,290.2,311.96,317.49,290.2,567338
TALBROAUTO,2026-04-29,316.45,320.87,332.94,307.23,635073
TALBROAUTO,2026-04-30,317.01,332.65,335.0,317.01,595846
TALBROAUTO,2026-05-01,332.65,332.65,332.65,332.65,0
TALBROAUTO,2026-05-04,338.75,331.3,341.0,326.9,237597
TALBROAUTO,2026-05-05,327.9,336.8,350.15,324.8,298584
TALBROAUTO,2026-05-06,336.75,326.0,344.05,324.85,158123
TALBROAUTO,2026-05-07,324.55,330.15,333.0,324.5,102078
TALBROAUTO,2026-05-08,330.0,324.7,337.0,323.1,85836
TALBROAUTO,2026-05-11,324.75,327.8,342.2,315.2,183695
TALBROAUTO,2026-05-12,325.15,312.75,334.35,308.05,120151
TALBROAUTO,2026-05-13,310.0,333.7,341.35,310.0,422202
TALBROAUTO,2026-05-14,338.5,327.25,338.55,319.1,107564
TALBROAUTO,2026-05-15,329.0,322.3,330.3,318.9,84453
TALBROAUTO,2026-05-18,320.0,321.1,324.0,312.55,69048
TALBROAUTO,2026-05-19,320.8,330.5,348.0,320.0,370217
TALBROAUTO,2026-05-20,325.3,327.35,330.0,316.85,146574
TALBROAUTO,2026-05-21,345.0,319.55,360.0,317.0,2154994
TALBROAUTO,2026-05-22,321.7,359.05,372.8,318.5,3541558
TALBROAUTO,2026-05-25,367.4,354.35,372.0,350.85,701253
TALBROAUTO,2026-05-26,350.0,348.6,364.6,345.5,300435
TALBROAUTO,2026-05-27,345.2,348.2,357.15,345.2,128361
TALBROAUTO,2026-05-28,348.2,348.2,348.2,348.2,0
TALBROAUTO,2026-05-29,347.0,345.35,365.5,342.65,325491
TALBROAUTO,2026-06-01,345.35,343.5,352.9,341.0,143005
TALBROAUTO,2026-06-02,338.6,342.35,348.4,334.95,91878
TALBROAUTO,2026-06-03,340.2,352.95,357.85,330.25,227685
TALBROAUTO,2026-06-04,349.1,354.3,366.0,347.7,156435
TALBROAUTO,2026-06-05,352.5,350.75,356.75,343.0,199616
TALBROAUTO,2026-06-08,345.0,362.5,369.0,343.05,429217
TALBROAUTO,2026-06-09,367.95,360.05,379.7,355.4,522707
TALBROAUTO,2026-06-10,360.05,351.7,363.95,348.15,127064
TALBROAUTO,2026-06-11,348.8,356.85,360.0,334.45,179471
TALBROAUTO,2026-06-12,361.95,359.75,362.9,353.65,124310
TALBROAUTO,2026-06-15,374.05,364.8,385.85,360.15,381398
TALBROAUTO,2026-06-16,365.65,357.3,373.45,355.75,173302
TALBROAUTO,2026-06-17,358.25,358.4,364.05,356.95,122513
TALBROAUTO,2026-06-18,362.45,354.05,367.0,350.35,159555
TALBROAUTO,2026-06-19,354.1,360.45,366.0,350.0,137375
TALBROAUTO,2026-06-22,369.9,362.8,371.1,361.05,187371
TALBROAUTO,2026-06-23,362.0,377.45,385.0,360.55,370840
TALBROAUTO,2026-06-24,381.65,386.15,400.0,380.0,1204673
TALBROAUTO,2026-06-25,392.0,406.5,429.9,387.0,2670461
TALBROAUTO,2026-06-26,406.5,406.5,406.5,406.5,0
TALBROAUTO,2026-06-29,407.0,416.05,419.4,403.55,701401
TALBROAUTO,2026-06-30,418.75,417.55,426.0,407.6,404972
TALBROAUTO,2026-07-01,417.55,425.95,432.5,416.0,383997
TALBROAUTO,2026-07-02,432.3,430.15,435.0,418.1,288028
TALBROAUTO,2026-07-03,431.0,412.1,433.4,408.15,383252
TALBROAUTO,2026-07-06,413.7,411.15,424.65,409.1,181940
TALBROAUTO,2026-07-07,411.15,401.95,417.85,396.0,199835
TALBROAUTO,2026-07-08,401.85,406.75,417.8,397.0,310607
TALBROAUTO,2026-07-09,406.75,408.8,416.75,406.0,100838
TALBROAUTO,2026-07-10,411.0,408.1,415.8,405.85,115964
TALBROAUTO,2026-07-13,408.0,403.95,410.7,399.1,133147
TALBROAUTO,2026-07-14,402.05,389.3,402.1,384.75,173835
TALBROAUTO,2026-07-15,392.9,393.95,403.0,389.85,132639
TALBROAUTO,2026-07-16,395.0,399.15,406.0,388.4,117990
TALBROAUTO,2026-07-17,403.8,405.1,409.85,388.0,141816
TARIL,2026-04-17,322.0,322.3,327.7,316.85,5131744
TARIL,2026-04-20,325.0,321.35,327.7,313.95,5480711
TARIL,2026-04-21,324.4,333.3,335.0,323.3,7758577
TARIL,2026-04-22,298.0,309.6,315.65,295.0,26742230
TARIL,2026-04-23,309.6,319.9,324.2,309.3,10122668
TARIL,2026-04-24,322.8,323.45,325.45,312.5,7090647
TARIL,2026-04-27,329.4,342.65,358.0,327.7,21523911
TARIL,2026-04-28,344.0,337.8,350.0,335.6,5087085
TARIL,2026-04-29,339.5,323.5,341.8,320.85,4776636
TARIL,2026-04-30,320.0,334.2,337.9,317.75,6434456
TARIL,2026-05-01,334.2,334.2,334.2,334.2,0
TARIL,2026-05-04,336.35,332.6,336.6,327.1,2408691
TARIL,2026-05-05,331.5,322.15,338.0,319.9,3172113
TARIL,2026-05-06,325.0,312.85,327.0,310.9,5405623
TARIL,2026-05-07,314.5,328.25,332.0,313.5,5402369
TARIL,2026-05-08,328.0,324.6,331.2,322.3,1983527
TARIL,2026-05-11,322.4,313.75,323.7,310.5,3446133
TARIL,2026-05-12,313.5,298.1,317.55,296.55,2704317
TARIL,2026-05-13,300.0,311.8,313.5,299.1,2970239
TARIL,2026-05-14,313.4,304.8,316.0,301.4,1896273
TARIL,2026-05-15,304.8,300.8,308.4,300.0,1399623
TARIL,2026-05-18,298.0,292.45,298.45,287.5,2065179
TARIL,2026-05-19,294.1,297.4,301.0,292.4,2048693
TARIL,2026-05-20,295.95,304.75,309.6,291.4,3174167
TARIL,2026-05-21,310.0,306.0,318.9,304.05,3083742
TARIL,2026-05-22,311.05,310.6,316.7,308.65,2012525
TARIL,2026-05-25,315.0,314.0,318.4,312.0,1923356
TARIL,2026-05-26,314.45,321.0,326.4,312.45,2933289
TARIL,2026-05-27,321.0,322.1,329.6,319.0,1820417
TARIL,2026-05-28,322.1,322.1,322.1,322.1,0
TARIL,2026-05-29,322.0,320.55,328.4,318.6,2042988
TARIL,2026-06-01,322.4,311.6,326.5,309.1,1653287
TARIL,2026-06-02,310.05,312.35,314.0,306.25,1104964
TARIL,2026-06-03,312.9,311.75,314.9,305.55,976076
TARIL,2026-06-04,311.0,317.4,324.0,308.0,2079132
TARIL,2026-06-05,320.0,321.1,323.55,313.25,1928524
TARIL,2026-06-08,315.0,309.6,320.25,306.15,1386587
TARIL,2026-06-09,312.0,319.5,320.6,308.7,1751620
TARIL,2026-06-10,319.05,309.5,323.5,307.95,1287886
TARIL,2026-06-11,308.0,300.5,309.4,299.7,1428696
TARIL,2026-06-12,306.0,315.1,316.0,306.0,1391586
TARIL,2026-06-15,322.0,317.3,325.0,315.0,2002237
TARIL,2026-06-16,320.0,323.35,328.0,318.15,3072211
TARIL,2026-06-17,326.55,325.9,332.85,323.35,3628949
TARIL,2026-06-18,326.65,324.85,332.0,323.3,1963572
TARIL,2026-06-19,326.7,357.55,372.0,325.0,41817664
TARIL,2026-06-22,360.65,351.5,361.0,348.45,5347122
TARIL,2026-06-23,354.2,345.05,356.8,342.25,3032563
TARIL,2026-06-24,345.2,340.65,348.9,338.0,1794113
TARIL,2026-06-25,344.0,334.45,345.6,330.0,2486056
TARIL,2026-06-26,334.45,334.45,334.45,334.45,0
TARIL,2026-06-29,334.9,332.8,336.8,326.6,2069285
TARIL,2026-06-30,335.0,351.35,356.8,328.5,13460612
TARIL,2026-07-01,356.8,358.95,365.0,351.5,15447550
TARIL,2026-07-02,360.7,357.25,364.2,353.0,3589708
TARIL,2026-07-03,358.0,336.75,359.65,335.15,5869517
TARIL,2026-07-06,336.7,341.25,349.8,331.55,3738866
TARIL,2026-07-07,342.8,333.9,343.0,331.4,1973947
TARIL,2026-07-08,330.6,322.3,336.0,319.1,2438009
TARIL,2026-07-09,322.35,334.8,339.8,322.35,2202359
TARIL,2026-07-10,336.8,344.75,347.6,336.8,2879922
TARIL,2026-07-13,341.25,347.3,350.6,339.0,1973039
TARIL,2026-07-14,347.0,337.0,348.05,335.8,1482824
TARIL,2026-07-15,338.0,337.25,341.0,334.05,973646
TARIL,2026-07-16,338.0,333.45,338.3,331.5,1169778
TARIL,2026-07-17,334.0,332.5,336.95,328.8,1025416
TATACOMM,2026-04-17,1555.4,1521.1,1574.7,1515.0,576905
TATACOMM,2026-04-20,1534.0,1515.7,1534.0,1495.4,260472
TATACOMM,2026-04-21,1525.4,1513.4,1529.4,1500.0,353133
TATACOMM,2026-04-22,1515.4,1525.0,1536.0,1498.3,540645
TATACOMM,2026-04-23,1535.0,1580.7,1612.0,1511.8,2928832
TATACOMM,2026-04-24,1590.0,1520.6,1595.0,1490.9,1139761
TATACOMM,2026-04-27,1520.6,1574.7,1579.0,1518.2,567338
TATACOMM,2026-04-28,1574.7,1598.6,1623.0,1569.7,672007
TATACOMM,2026-04-29,1607.0,1602.2,1614.2,1582.7,431680
TATACOMM,2026-04-30,1582.0,1580.5,1590.1,1568.3,277687
TATACOMM,2026-05-01,1580.5,1580.5,1580.5,1580.5,0
TATACOMM,2026-05-04,1586.7,1569.6,1597.4,1550.0,399484
TATACOMM,2026-05-05,1570.0,1559.0,1572.9,1538.7,418928
TATACOMM,2026-05-06,1579.0,1591.0,1609.5,1557.1,456933
TATACOMM,2026-05-07,1599.2,1593.5,1609.8,1580.0,223943
TATACOMM,2026-05-08,1593.9,1592.3,1609.4,1575.1,369396
TATACOMM,2026-05-11,1576.9,1571.5,1592.0,1560.0,158224
TATACOMM,2026-05-12,1571.5,1539.9,1591.4,1530.4,257072
TATACOMM,2026-05-13,1545.0,1558.8,1575.9,1532.3,278572
TATACOMM,2026-05-14,1574.0,1656.1,1670.0,1573.8,1323852
TATACOMM,2026-05-15,1670.0,1680.0,1716.0,1667.5,505345
TATACOMM,2026-05-18,1667.5,1668.4,1678.0,1637.3,134209
TATACOMM,2026-05-19,1668.4,1646.6,1676.7,1630.3,378037
TATACOMM,2026-05-20,1630.2,1775.6,1805.0,1630.2,3191014
TATACOMM,2026-05-21,1785.0,1896.3,1930.0,1771.1,1722042
TATACOMM,2026-05-22,1899.8,1964.0,1979.0,1884.5,2440357
TATACOMM,2026-05-25,1964.0,1936.0,1984.3,1911.5,824325
TATACOMM,2026-05-26,1935.8,2009.1,2049.9,1888.0,2522180
TATACOMM,2026-05-27,2009.0,1966.6,2048.0,1924.5,1155522
TATACOMM,2026-05-28,1966.6,1966.6,1966.6,1966.6,0
TATACOMM,2026-05-29,1970.0,1965.0,1986.3,1907.4,1178387
TATACOMM,2026-06-01,1984.6,1942.6,2025.0,1921.6,586383
TATACOMM,2026-06-02,1935.6,1906.2,1962.0,1895.1,496274
TATACOMM,2026-06-03,1906.2,1933.7,1960.0,1905.9,764419
TATACOMM,2026-06-04,1942.5,1985.9,2008.8,1919.0,902558
TATACOMM,2026-06-05,2000.0,1972.7,2029.7,1960.7,951148
TATACOMM,2026-06-08,1963.0,1905.8,1975.5,1857.7,479458
TATACOMM,2026-06-09,1920.1,1975.8,1994.9,1905.8,721557
TATACOMM,2026-06-10,1974.2,1978.6,1993.0,1954.0,678230
TATACOMM,2026-06-11,1966.0,1966.0,1985.6,1915.0,445629
TATACOMM,2026-06-12,1980.0,1966.6,1980.0,1944.2,281125
TATACOMM,2026-06-15,2000.0,1933.9,2017.3,1919.0,596415
TATACOMM,2026-06-16,1940.0,1913.6,1951.9,1890.2,510643
TATACOMM,2026-06-17,1920.0,1899.8,1967.9,1894.1,839867
TATACOMM,2026-06-18,1928.0,1942.0,1966.0,1902.0,801616
TATACOMM,2026-06-19,1921.0,1988.8,2016.5,1921.0,1088874
TATACOMM,2026-06-22,2003.0,2061.7,2110.0,1981.3,2750046
TATACOMM,2026-06-23,2076.0,2023.2,2076.0,1978.1,797690
TATACOMM,2026-06-24,2025.0,2028.5,2070.0,2011.1,1421800
TATACOMM,2026-06-25,2032.0,1991.9,2053.9,1985.0,464660
TATACOMM,2026-06-26,1991.9,1991.9,1991.9,1991.9,0
TATACOMM,2026-06-29,1990.1,1993.4,2017.8,1949.5,769232
TATACOMM,2026-06-30,1987.0,1970.6,2002.2,1955.2,579724
TATACOMM,2026-07-01,1970.6,1911.7,1990.0,1900.0,452813
TATACOMM,2026-07-02,1924.9,1938.0,1951.0,1876.2,704700
TATACOMM,2026-07-03,1938.0,1906.7,1968.0,1893.9,452279
TATACOMM,2026-07-06,1908.7,1892.0,1928.9,1888.0,276858
TATACOMM,2026-07-07,1891.0,1906.9,1926.0,1879.7,337759
TATACOMM,2026-07-08,1906.7,1886.2,1920.4,1858.8,254484
TATACOMM,2026-07-09,1898.0,1870.4,1907.4,1865.6,214737
TATACOMM,2026-07-10,1886.2,1856.2,1901.5,1850.0,577543
TATACOMM,2026-07-13,1857.0,1835.4,1895.9,1829.4,324577
TATACOMM,2026-07-14,1838.9,1848.6,1852.9,1831.0,112339
TATACOMM,2026-07-15,1852.9,1855.7,1863.9,1825.0,144266
TATACOMM,2026-07-16,1866.0,1839.9,1866.0,1833.4,113550
TATACOMM,2026-07-17,1842.9,1817.1,1849.9,1801.0,180878
TATACONSUM,2026-04-17,1098.4,1113.2,1126.4,1091.1,1287668
TATACONSUM,2026-04-20,1113.2,1120.4,1129.5,1106.7,1132404
TATACONSUM,2026-04-21,1125.0,1142.0,1145.6,1120.5,1072221
TATACONSUM,2026-04-22,1144.0,1178.6,1194.9,1139.8,4284220
TATACONSUM,2026-04-23,1178.0,1184.4,1188.9,1160.1,1581113
TATACONSUM,2026-04-24,1185.0,1174.0,1197.0,1162.0,1235448
TATACONSUM,2026-04-27,1168.0,1160.5,1183.9,1155.0,1019797
TATACONSUM,2026-04-28,1150.2,1147.7,1159.8,1144.0,1646292
TATACONSUM,2026-04-29,1147.7,1168.0,1171.2,1147.7,1346355
TATACONSUM,2026-04-30,1170.0,1144.6,1170.0,1139.4,1433160
TATACONSUM,2026-05-01,1144.6,1144.6,1144.6,1144.6,0
TATACONSUM,2026-05-04,1149.7,1160.4,1174.4,1149.7,1313831
TATACONSUM,2026-05-05,1161.2,1153.5,1166.8,1149.0,1065572
TATACONSUM,2026-05-06,1160.0,1152.2,1166.9,1138.9,1566762
TATACONSUM,2026-05-07,1152.2,1151.7,1162.2,1135.6,1465163
TATACONSUM,2026-05-08,1155.0,1176.2,1194.0,1155.0,3672201
TATACONSUM,2026-05-11,1202.2,1271.0,1279.4,1200.0,19203071
TATACONSUM,2026-05-12,1269.7,1253.0,1282.7,1250.4,3357918
TATACONSUM,2026-05-13,1249.1,1235.0,1277.9,1233.0,2412317
TATACONSUM,2026-05-14,1241.0,1228.3,1250.0,1224.3,1390903
TATACONSUM,2026-05-15,1228.8,1234.0,1255.1,1225.8,2755516
TATACONSUM,2026-05-18,1230.7,1231.0,1233.4,1215.1,1494098
TATACONSUM,2026-05-19,1231.0,1210.9,1236.6,1206.4,2163846
TATACONSUM,2026-05-20,1207.1,1208.7,1216.6,1194.2,1718132
TATACONSUM,2026-05-21,1211.2,1194.9,1217.4,1192.0,1443629
TATACONSUM,2026-05-22,1198.0,1191.8,1204.0,1189.1,1808205
TATACONSUM,2026-05-25,1191.0,1187.2,1198.6,1181.5,1811755
TATACONSUM,2026-05-26,1191.7,1187.6,1200.2,1174.5,1766780
TATACONSUM,2026-05-27,1190.0,1204.6,1208.0,1184.7,1608027
TATACONSUM,2026-05-28,1204.6,1204.6,1204.6,1204.6,0
TATACONSUM,2026-05-29,1204.6,1178.4,1211.0,1168.4,9836874
TATACONSUM,2026-06-01,1178.4,1143.3,1182.5,1140.4,2075188
TATACONSUM,2026-06-02,1126.5,1154.7,1164.1,1124.2,2873292
TATACONSUM,2026-06-03,1160.0,1144.0,1163.9,1140.5,1872463
TATACONSUM,2026-06-04,1135.0,1149.3,1163.4,1135.0,1711734
TATACONSUM,2026-06-05,1149.8,1130.9,1156.0,1129.0,998276
TATACONSUM,2026-06-08,1115.0,1107.0,1124.6,1103.3,762825
TATACONSUM,2026-06-09,1117.0,1106.5,1117.0,1093.6,757420
TATACONSUM,2026-06-10,1103.9,1108.0,1134.3,1101.0,2202915
TATACONSUM,2026-06-11,1108.0,1108.6,1119.0,1105.0,737748
TATACONSUM,2026-06-12,1120.8,1100.7,1120.8,1096.7,1455068
TATACONSUM,2026-06-15,1109.7,1100.4,1117.0,1097.5,1264668
TATACONSUM,2026-06-16,1111.2,1130.9,1135.8,1107.6,2602426
TATACONSUM,2026-06-17,1126.0,1124.5,1134.2,1117.9,931423
TATACONSUM,2026-06-18,1124.6,1111.4,1132.0,1106.1,871582
TATACONSUM,2026-06-19,1105.0,1111.5,1118.5,1103.2,1309050
TATACONSUM,2026-06-22,1111.5,1112.9,1117.5,1105.2,889468
TATACONSUM,2026-06-23,1118.0,1103.8,1126.7,1101.1,1416080
TATACONSUM,2026-06-24,1105.0,1098.1,1109.1,1092.0,1405228
TATACONSUM,2026-06-25,1104.9,1131.3,1135.3,1099.8,2959240
TATACONSUM,2026-06-26,1131.3,1131.3,1131.3,1131.3,0
TATACONSUM,2026-06-29,1142.6,1112.8,1142.7,1102.0,1632263
TATACONSUM,2026-06-30,1089.0,1075.6,1097.7,1065.1,5430865
TATACONSUM,2026-07-01,1078.9,1090.9,1094.0,1072.1,2201765
TATACONSUM,2026-07-02,1099.9,1107.2,1115.0,1085.1,2315853
TATACONSUM,2026-07-03,1115.3,1116.7,1124.7,1096.3,1546610
TATACONSUM,2026-07-06,1115.1,1117.9,1122.4,1110.5,942307
TATACONSUM,2026-07-07,1111.2,1125.0,1130.0,1108.3,1423870
TATACONSUM,2026-07-08,1112.9,1089.8,1120.3,1084.3,1518093
TATACONSUM,2026-07-09,1098.8,1106.7,1114.2,1091.7,1017956
TATACONSUM,2026-07-10,1105.0,1111.9,1117.7,1105.0,1189725
TATACONSUM,2026-07-13,1105.6,1098.6,1106.6,1092.1,1072732
TATACONSUM,2026-07-14,1089.8,1097.6,1110.2,1089.8,1581478
TATACONSUM,2026-07-15,1095.5,1085.5,1101.9,1081.1,1154409
TATACONSUM,2026-07-16,1088.3,1088.5,1100.0,1081.7,1188115
TATACONSUM,2026-07-17,1082.0,1088.6,1091.8,1074.9,1262534
TATAELXSI,2026-04-17,4592.0,4592.5,4753.6,4567.6,366696
TATAELXSI,2026-04-20,4582.3,4516.6,4589.8,4485.1,250514
TATAELXSI,2026-04-21,4517.1,4650.7,4670.0,4516.6,349882
TATAELXSI,2026-04-22,4589.6,4362.5,4589.6,4350.0,1796463
TATAELXSI,2026-04-23,4355.0,4233.5,4381.0,4211.0,655925
TATAELXSI,2026-04-24,4233.5,4193.0,4298.3,4157.7,412945
TATAELXSI,2026-04-27,4204.9,4188.7,4283.4,4180.0,632056
TATAELXSI,2026-04-28,4188.7,4131.6,4208.4,4105.5,329648
TATAELXSI,2026-04-29,4141.0,4148.4,4199.3,4137.0,282871
TATAELXSI,2026-04-30,4148.4,4129.9,4171.4,4090.0,267038
TATAELXSI,2026-05-01,4129.9,4129.9,4129.9,4129.9,0
TATAELXSI,2026-05-04,4150.0,4178.7,4190.0,4127.3,187805
TATAELXSI,2026-05-05,4171.9,4219.4,4227.5,4151.0,176943
TATAELXSI,2026-05-06,4248.5,4281.3,4318.0,4240.2,287870
TATAELXSI,2026-05-07,4305.0,4297.4,4328.7,4265.0,182289
TATAELXSI,2026-05-08,4275.0,4319.6,4347.4,4271.0,204444
TATAELXSI,2026-05-11,4331.9,4245.1,4331.9,4240.0,163877
TATAELXSI,2026-05-12,4219.9,4082.2,4223.9,4075.1,305282
TATAELXSI,2026-05-13,4082.2,4034.2,4094.0,4019.8,207466
TATAELXSI,2026-05-14,4050.0,4025.6,4056.0,3945.0,278082
TATAELXSI,2026-05-15,4030.0,4125.6,4140.5,4012.1,279144
TATAELXSI,2026-05-18,4126.1,4154.6,4160.0,4037.4,230350
TATAELXSI,2026-05-19,4175.0,4186.1,4276.5,4175.0,318470
TATAELXSI,2026-05-20,4180.0,4175.1,4219.9,4138.2,173872
TATAELXSI,2026-05-21,4214.9,4217.7,4236.1,4182.6,140584
TATAELXSI,2026-05-22,4220.0,4311.1,4320.0,4177.3,273949
TATAELXSI,2026-05-25,4355.1,4327.2,4394.0,4300.0,287410
TATAELXSI,2026-05-26,4310.2,4335.6,4353.0,4310.0,191626
TATAELXSI,2026-05-27,4345.0,4331.2,4369.9,4321.0,172636
TATAELXSI,2026-05-28,4331.2,4331.2,4331.2,4331.2,0
TATAELXSI,2026-05-29,4370.0,4285.4,4424.6,4265.0,290950
TATAELXSI,2026-06-01,4306.9,4302.9,4380.0,4290.6,204874
TATAELXSI,2026-06-02,4301.0,4530.3,4542.8,4301.0,940780
TATAELXSI,2026-06-03,4496.1,4347.0,4497.9,4287.0,498745
TATAELXSI,2026-06-04,4320.0,4295.2,4322.5,4266.5,331580
TATAELXSI,2026-06-05,4343.0,4301.1,4365.0,4272.1,169218
TATAELXSI,2026-06-08,4266.1,4255.4,4301.0,4227.8,144317
TATAELXSI,2026-06-09,4285.0,4257.2,4285.9,4205.0,162583
TATAELXSI,2026-06-10,4205.2,4092.2,4215.4,4075.8,265490
TATAELXSI,2026-06-11,4080.0,4009.1,4080.0,3981.0,209559
TATAELXSI,2026-06-12,4050.4,4064.9,4075.0,4012.1,133157
TATAELXSI,2026-06-15,4120.0,4068.2,4140.0,4057.0,194208
TATAELXSI,2026-06-16,4089.9,4119.0,4125.0,4071.0,142275
TATAELXSI,2026-06-17,4122.1,4094.6,4157.0,4022.5,267544
TATAELXSI,2026-06-18,4094.0,4116.0,4145.0,4046.2,316532
TATAELXSI,2026-06-19,4050.0,4065.5,4095.0,3926.1,593779
TATAELXSI,2026-06-22,4085.7,4115.3,4139.3,4085.7,178563
TATAELXSI,2026-06-23,4115.3,4076.1,4124.7,4054.0,166251
TATAELXSI,2026-06-24,4076.1,4025.5,4099.9,4011.1,244766
TATAELXSI,2026-06-25,4053.0,4028.3,4089.0,4015.0,209871
TATAELXSI,2026-06-26,4028.3,4028.3,4028.3,4028.3,0
TATAELXSI,2026-06-29,4041.0,3980.4,4054.9,3952.2,365077
TATAELXSI,2026-06-30,3990.0,3829.7,3992.6,3813.8,473952
TATAELXSI,2026-07-01,3769.8,3587.8,3769.8,3562.0,1674450
TATAELXSI,2026-07-02,3599.1,3671.1,3719.0,3598.7,560469
TATAELXSI,2026-07-03,3719.9,3678.9,3742.9,3662.3,310095
TATAELXSI,2026-07-06,3693.3,3658.6,3693.6,3640.0,164723
TATAELXSI,2026-07-07,3664.0,3707.2,3732.8,3658.6,388855
TATAELXSI,2026-07-08,3707.0,3623.6,3707.0,3612.9,208579
TATAELXSI,2026-07-09,3629.4,3621.4,3642.0,3588.7,161131
TATAELXSI,2026-07-10,3669.0,3690.3,3734.7,3652.0,377470
TATAELXSI,2026-07-13,3690.3,3823.6,3840.0,3672.8,687570
TATAELXSI,2026-07-14,3823.6,3697.3,3840.0,3681.1,552431
TATAELXSI,2026-07-15,3533.0,3520.4,3549.8,3469.7,1771347
TATAELXSI,2026-07-16,3519.9,3537.8,3594.0,3510.3,594468
TATAELXSI,2026-07-17,3538.1,3503.2,3579.5,3481.1,449370
TATAPOWER,2026-04-17,429.0,427.6,432.0,424.6,7377006
TATAPOWER,2026-04-20,427.5,433.6,438.5,424.45,13081794
TATAPOWER,2026-04-21,435.0,436.05,439.05,431.65,9014937
TATAPOWER,2026-04-22,436.0,436.05,440.8,434.8,5945688
TATAPOWER,2026-04-23,435.5,430.3,437.8,427.55,7927709
TATAPOWER,2026-04-24,431.0,435.0,436.7,426.0,6780544
TATAPOWER,2026-04-27,436.6,453.2,455.95,435.2,16399806
TATAPOWER,2026-04-28,454.0,461.8,464.9,454.0,16158141
TATAPOWER,2026-04-29,464.3,451.5,464.4,449.4,7412182
TATAPOWER,2026-04-30,450.0,444.55,450.0,439.3,6116311
TATAPOWER,2026-05-01,444.55,444.55,444.55,444.55,0
TATAPOWER,2026-05-04,445.5,441.4,448.0,438.5,4920694
TATAPOWER,2026-05-05,441.05,442.65,445.75,436.65,6785881
TATAPOWER,2026-05-06,444.5,443.25,446.3,439.5,4255437
TATAPOWER,2026-05-07,445.15,439.25,446.0,438.2,5471848
TATAPOWER,2026-05-08,438.1,436.0,440.6,434.7,4061354
TATAPOWER,2026-05-11,434.0,433.2,437.95,428.7,4156495
TATAPOWER,2026-05-12,431.2,418.4,433.4,417.25,6821438
TATAPOWER,2026-05-13,391.0,404.45,413.75,390.8,20958608
TATAPOWER,2026-05-14,405.85,407.85,411.3,402.2,5795421
TATAPOWER,2026-05-15,409.4,407.0,412.25,405.0,4344049
TATAPOWER,2026-05-18,404.6,404.35,405.7,395.95,6007649
TATAPOWER,2026-05-19,404.3,415.0,418.5,403.4,7454213
TATAPOWER,2026-05-20,411.8,413.5,415.95,409.75,4390666
TATAPOWER,2026-05-21,416.0,410.5,417.0,409.0,5013888
TATAPOWER,2026-05-22,411.0,408.9,412.95,406.15,4398760
TATAPOWER,2026-05-25,411.25,413.55,415.1,409.4,3635798
TATAPOWER,2026-05-26,415.25,420.95,426.8,414.0,9332347
TATAPOWER,2026-05-27,420.8,425.8,430.4,419.5,6171033
TATAPOWER,2026-05-28,425.8,425.8,425.8,425.8,0
TATAPOWER,2026-05-29,429.9,420.75,434.0,419.65,8197538
TATAPOWER,2026-06-01,421.7,419.5,423.75,416.6,6503865
TATAPOWER,2026-06-02,415.5,414.9,417.25,408.65,5616307
TATAPOWER,2026-06-03,414.45,411.75,414.95,407.25,3650477
TATAPOWER,2026-06-04,410.0,410.8,414.6,409.0,2512081
TATAPOWER,2026-06-05,411.45,409.2,413.75,406.55,2616616
TATAPOWER,2026-06-08,404.05,404.2,409.1,402.3,2751940
TATAPOWER,2026-06-09,404.35,398.65,406.6,396.55,5796055
TATAPOWER,2026-06-10,398.65,394.75,402.95,393.35,3489888
TATAPOWER,2026-06-11,391.95,390.25,396.5,388.3,5580234
TATAPOWER,2026-06-12,395.8,393.55,395.8,388.0,6317321
TATAPOWER,2026-06-15,397.75,404.1,405.4,395.55,9202415
TATAPOWER,2026-06-16,405.0,402.25,405.6,400.25,7499735
TATAPOWER,2026-06-17,402.25,401.5,403.45,399.35,5958070
TATAPOWER,2026-06-18,402.95,402.9,403.9,398.45,5550321
TATAPOWER,2026-06-19,402.5,402.35,403.7,399.5,4585159
TATAPOWER,2026-06-22,402.35,405.95,407.6,401.05,6887143
TATAPOWER,2026-06-23,405.95,398.3,406.5,396.5,5046417
TATAPOWER,2026-06-24,398.8,393.1,400.75,391.45,5536727
TATAPOWER,2026-06-25,395.05,388.95,395.9,388.0,6391714
TATAPOWER,2026-06-26,388.95,388.95,388.95,388.95,0
TATAPOWER,2026-06-29,388.95,386.5,390.3,385.1,3614843
TATAPOWER,2026-06-30,387.55,385.5,389.35,384.0,3527751
TATAPOWER,2026-07-01,386.25,375.45,387.05,374.3,9752961
TATAPOWER,2026-07-02,376.8,376.4,378.0,374.4,8842116
TATAPOWER,2026-07-03,377.5,375.2,381.45,374.4,5800623
TATAPOWER,2026-07-06,375.2,377.55,379.85,373.75,4121387
TATAPOWER,2026-07-07,377.05,377.2,380.05,374.6,4480736
TATAPOWER,2026-07-08,375.8,372.1,376.95,370.1,4750113
TATAPOWER,2026-07-09,373.4,375.5,378.85,372.25,4833406
TATAPOWER,2026-07-10,376.5,381.3,382.8,376.15,3546184
TATAPOWER,2026-07-13,379.7,377.85,379.85,375.4,3204238
TATAPOWER,2026-07-14,377.85,377.7,379.0,374.55,3224890
TATAPOWER,2026-07-15,377.7,380.9,385.0,377.3,5743594
TATAPOWER,2026-07-16,381.1,377.1,385.3,376.65,3391530
TATAPOWER,2026-07-17,377.1,377.25,379.2,375.25,2626498
TCIEXP,2026-04-17,555.0,543.45,572.25,532.5,120830
TCIEXP,2026-04-20,538.0,526.65,541.7,521.1,45338
TCIEXP,2026-04-21,532.0,528.6,536.95,527.1,7368
TCIEXP,2026-04-22,533.0,537.9,544.75,526.0,12311
TCIEXP,2026-04-23,537.9,522.45,539.6,519.05,41545
TCIEXP,2026-04-24,522.45,512.95,525.6,510.5,11838
TCIEXP,2026-04-27,514.0,524.3,529.75,514.0,15208
TCIEXP,2026-04-28,529.5,519.85,529.5,517.8,10537
TCIEXP,2026-04-29,520.0,518.65,525.9,517.25,10205
TCIEXP,2026-04-30,519.95,524.35,528.1,511.65,11167
TCIEXP,2026-05-04,534.7,531.85,536.0,526.0,12528
TCIEXP,2026-05-05,533.35,530.55,535.0,527.6,6549
TCIEXP,2026-05-06,531.05,535.55,538.35,525.0,17580
TCIEXP,2026-05-07,537.0,573.6,586.45,537.0,117554
TCIEXP,2026-05-08,566.0,566.5,593.55,565.0,47240
TCIEXP,2026-05-11,560.0,544.4,560.0,540.05,22342
TCIEXP,2026-05-12,546.35,517.7,546.35,516.15,23450
TCIEXP,2026-05-13,519.0,517.15,528.75,515.0,15635
TCIEXP,2026-05-14,528.5,515.3,528.5,510.1,11108
TCIEXP,2026-05-15,515.75,512.95,522.85,510.0,11433
TCIEXP,2026-05-18,507.4,509.2,513.5,494.55,13665
TCIEXP,2026-05-19,509.2,510.3,524.9,507.0,7128
TCIEXP,2026-05-20,507.05,511.95,517.4,506.6,4962
TCIEXP,2026-05-21,509.1,512.4,524.8,509.1,331522
TCIEXP,2026-05-22,517.5,504.3,525.0,502.95,13287
TCIEXP,2026-05-25,505.1,512.15,520.0,499.5,28803
TCIEXP,2026-05-26,523.0,513.3,523.0,508.5,9905
TCIEXP,2026-05-27,513.3,510.15,519.8,499.0,11991
TCIEXP,2026-05-28,510.15,510.15,510.15,510.15,0
TCIEXP,2026-05-29,510.0,491.05,510.0,487.0,20002
TCIEXP,2026-06-01,499.7,497.45,517.35,490.0,43514
TCIEXP,2026-06-02,497.45,495.35,507.95,488.15,8230
TCIEXP,2026-06-03,495.0,516.7,518.8,494.0,16021
TCIEXP,2026-06-04,518.0,539.9,546.0,505.45,43816
TCIEXP,2026-06-05,530.5,528.05,541.95,525.1,9628
TCIEXP,2026-06-08,529.1,513.05,529.1,508.0,12006
TCIEXP,2026-06-09,524.6,530.95,539.05,508.6,16837
TCIEXP,2026-06-10,529.8,515.85,538.15,515.0,8875
TCIEXP,2026-06-11,515.0,504.15,520.4,500.75,8281
TCIEXP,2026-06-12,519.3,513.3,519.3,500.4,7041
TCIEXP,2026-06-15,515.15,529.2,537.85,515.15,16652
TCIEXP,2026-06-16,538.8,534.65,538.8,526.3,8184
TCIEXP,2026-06-17,534.65,540.2,542.8,531.35,11900
TCIEXP,2026-06-18,542.0,535.8,544.85,530.1,7707
TCIEXP,2026-06-19,539.85,537.55,541.95,528.6,10244
TCIEXP,2026-06-22,541.0,538.95,553.95,537.0,14745
TCIEXP,2026-06-23,544.1,528.0,549.45,525.15,8690
TCIEXP,2026-06-24,531.05,615.65,625.0,526.2,4017518
TCIEXP,2026-06-25,593.8,533.35,598.8,526.15,1049332
TCIEXP,2026-06-26,533.35,533.35,533.35,533.35,0
TCIEXP,2026-06-29,530.8,515.55,530.8,513.0,124483
TCIEXP,2026-06-30,520.25,512.45,525.8,506.15,150461
TCIEXP,2026-07-01,512.45,509.05,518.45,507.5,28326
TCIEXP,2026-07-02,514.1,511.0,519.95,506.05,46915
TCIEXP,2026-07-03,516.0,507.9,516.3,505.05,27692
TCIEXP,2026-07-06,508.1,504.45,516.8,501.1,27983
TCIEXP,2026-07-07,504.45,503.25,509.0,500.0,13764
TCIEXP,2026-07-08,500.0,499.0,511.35,495.5,26159
TCIEXP,2026-07-09,501.45,553.55,583.0,498.0,2889155
TCIEXP,2026-07-10,560.0,559.75,579.3,543.2,276597
TCIEXP,2026-07-13,549.0,565.85,568.0,549.0,108932
TCIEXP,2026-07-14,560.0,554.7,569.9,550.05,62270
TCIEXP,2026-07-15,557.0,563.0,566.95,555.1,37747
TCIEXP,2026-07-16,569.0,576.75,614.0,567.05,730186
TCIEXP,2026-07-17,579.45,580.4,588.0,574.55,119557
TCS,2026-04-17,2570.0,2581.5,2589.0,2555.9,2718206
TCS,2026-04-20,2587.1,2579.6,2594.0,2561.2,2288558
TCS,2026-04-21,2560.0,2610.5,2614.0,2560.0,2719959
TCS,2026-04-22,2580.0,2538.5,2580.0,2503.6,5232045
TCS,2026-04-23,2529.0,2521.8,2559.5,2516.3,2509050
TCS,2026-04-24,2488.0,2396.9,2505.0,2388.8,5107719
TCS,2026-04-27,2396.9,2447.6,2459.0,2396.9,5853425
TCS,2026-04-28,2444.0,2444.7,2487.0,2427.4,4508363
TCS,2026-04-29,2451.0,2474.7,2487.9,2447.6,2835961
TCS,2026-04-30,2479.0,2473.9,2491.0,2438.0,3970446
TCS,2026-05-01,2473.9,2473.9,2473.9,2473.9,0
TCS,2026-05-04,2494.0,2431.3,2498.3,2425.0,2632358
TCS,2026-05-05,2430.0,2427.3,2460.4,2412.2,3385720
TCS,2026-05-06,2441.9,2435.4,2471.0,2406.5,3147628
TCS,2026-05-07,2438.2,2401.4,2439.7,2398.0,5829594
TCS,2026-05-08,2398.0,2394.4,2407.0,2375.1,3792199
TCS,2026-05-11,2371.0,2392.9,2415.0,2371.0,1975188
TCS,2026-05-12,2375.0,2300.3,2375.0,2283.0,6347884
TCS,2026-05-13,2306.0,2272.8,2309.2,2269.0,3171843
TCS,2026-05-14,2265.0,2246.0,2265.0,2206.4,5633313
TCS,2026-05-15,2252.0,2264.0,2304.9,2252.0,3410637
TCS,2026-05-18,2264.0,2283.2,2292.9,2252.2,3773336
TCS,2026-05-19,2300.0,2327.1,2377.6,2297.1,10394707
TCS,2026-05-20,2323.9,2327.4,2342.0,2317.8,2537422
TCS,2026-05-21,2331.0,2327.2,2335.9,2314.0,3299087
TCS,2026-05-22,2331.1,2317.3,2340.0,2308.1,2617262
TCS,2026-05-25,2325.0,2308.2,2326.1,2293.0,3298364
TCS,2026-05-26,2308.2,2276.2,2327.9,2272.4,3587597
TCS,2026-05-27,2275.0,2284.2,2295.6,2260.9,2653950
TCS,2026-05-28,2284.2,2284.2,2284.2,2284.2,0
TCS,2026-05-29,2291.0,2258.9,2334.0,2235.0,16331582
TCS,2026-06-01,2284.0,2297.4,2335.0,2280.0,7505095
TCS,2026-06-02,2320.0,2446.9,2457.4,2316.2,11306127
TCS,2026-06-03,2393.0,2241.7,2393.0,2224.8,15660062
TCS,2026-06-04,2241.7,2241.0,2253.1,2216.6,4867263
TCS,2026-06-05,2262.9,2198.9,2271.8,2192.0,5019717
TCS,2026-06-08,2170.0,2151.4,2177.0,2143.3,6536734
TCS,2026-06-09,2174.0,2151.0,2174.0,2132.8,4148655
TCS,2026-06-10,2151.3,2153.9,2180.8,2144.8,2848650
TCS,2026-06-11,2127.0,2135.6,2154.6,2110.0,3079815
TCS,2026-06-12,2150.0,2161.4,2168.0,2138.0,2124656
TCS,2026-06-15,2192.0,2162.0,2192.0,2159.3,3337083
TCS,2026-06-16,2167.0,2199.0,2209.0,2160.6,3079898
TCS,2026-06-17,2209.0,2223.0,2231.0,2200.7,2865010
TCS,2026-06-18,2209.0,2203.3,2214.0,2182.0,3735188
TCS,2026-06-19,2105.0,2125.0,2138.0,2059.9,13286502
TCS,2026-06-22,2132.2,2127.8,2157.0,2121.0,4566101
TCS,2026-06-23,2111.0,2059.6,2114.0,2055.0,6392736
TCS,2026-06-24,2061.0,2109.0,2120.7,2061.0,4747277
TCS,2026-06-25,2133.6,2094.7,2148.5,2088.0,4738903
TCS,2026-06-26,2094.7,2094.7,2094.7,2094.7,0
TCS,2026-06-29,2090.0,2097.9,2105.0,2071.0,3412470
TCS,2026-06-30,2090.0,2031.5,2104.3,2018.8,6848411
TCS,2026-07-01,2039.9,1982.6,2052.0,1976.8,4658295
TCS,2026-07-02,2008.0,2068.1,2076.9,2002.5,6040621
TCS,2026-07-03,2100.0,2093.5,2116.6,2085.0,4028819
TCS,2026-07-06,2090.0,2057.6,2093.0,2050.6,2567386
TCS,2026-07-07,2050.0,2096.1,2122.7,2049.0,4769048
TCS,2026-07-08,2094.0,2057.5,2109.7,2048.8,3666985
TCS,2026-07-09,2057.5,2049.5,2065.0,2016.0,3791498
TCS,2026-07-10,2105.2,2069.0,2133.3,2064.6,6714551
TCS,2026-07-13,2075.0,2181.5,2204.9,2065.1,12382622
TCS,2026-07-14,2182.9,2200.6,2228.0,2179.0,9546290
TCS,2026-07-15,2174.1,2189.2,2202.9,2145.4,5426489
TCS,2026-07-16,2206.0,2201.0,2231.4,2187.8,5197595
TCS,2026-07-17,2224.8,2269.0,2275.0,2215.1,5615138
TDPOWERSYS,2026-04-17,978.0,996.9,1009.0,975.65,1447248
TDPOWERSYS,2026-04-20,996.9,1030.7,1049.7,995.0,1991662
TDPOWERSYS,2026-04-21,1036.0,1017.45,1044.9,1009.2,983138
TDPOWERSYS,2026-04-22,1017.45,1062.7,1066.9,1005.1,1014470
TDPOWERSYS,2026-04-23,1063.0,1070.45,1104.35,1053.75,1237266
TDPOWERSYS,2026-04-24,1079.0,1112.85,1119.2,1060.2,1951004
TDPOWERSYS,2026-04-27,1126.5,1089.8,1131.15,1075.0,1455211
TDPOWERSYS,2026-04-28,1093.0,1145.55,1154.8,1092.0,1214816
TDPOWERSYS,2026-04-29,1153.0,1146.5,1195.0,1130.1,1378100
TDPOWERSYS,2026-04-30,1144.0,1152.7,1173.0,1126.0,1469140
TDPOWERSYS,2026-05-01,1152.7,1152.7,1152.7,1152.7,0
TDPOWERSYS,2026-05-04,1169.9,1162.5,1175.0,1140.3,628040
TDPOWERSYS,2026-05-05,1162.9,1176.8,1188.9,1152.1,614347
TDPOWERSYS,2026-05-06,1183.9,1164.2,1194.1,1135.6,901526
TDPOWERSYS,2026-05-07,1165.0,1245.3,1289.2,1164.1,2804318
TDPOWERSYS,2026-05-08,1249.7,1219.6,1277.9,1213.0,947980
TDPOWERSYS,2026-05-11,1217.5,1178.7,1217.5,1140.5,1615973
TDPOWERSYS,2026-05-12,1174.0,1166.9,1219.0,1158.0,845703
TDPOWERSYS,2026-05-13,1165.0,1175.9,1198.8,1155.0,666186
TDPOWERSYS,2026-05-14,1185.8,1184.0,1198.0,1172.1,711130
TDPOWERSYS,2026-05-15,1199.5,1311.3,1336.8,1125.3,8793796
TDPOWERSYS,2026-05-18,1329.0,1328.0,1361.0,1255.1,4015270
TDPOWERSYS,2026-05-19,1260.0,1256.3,1289.9,1211.0,3334954
TDPOWERSYS,2026-05-20,1240.0,1231.2,1250.0,1217.3,1201219
TDPOWERSYS,2026-05-21,1243.5,1302.1,1310.0,1241.5,2062899
TDPOWERSYS,2026-05-22,1310.0,1295.0,1310.0,1266.4,647872
TDPOWERSYS,2026-05-25,1310.0,1301.8,1329.0,1281.7,924721
TDPOWERSYS,2026-05-26,1304.0,1367.2,1375.0,1296.6,1026482
TDPOWERSYS,2026-05-27,1377.4,1331.5,1379.6,1284.6,1509265
TDPOWERSYS,2026-05-28,1331.5,1331.5,1331.5,1331.5,0
TDPOWERSYS,2026-05-29,1305.0,1318.6,1359.0,1275.5,1542801
TDPOWERSYS,2026-06-01,1318.7,1230.7,1320.5,1220.0,2017628
TDPOWERSYS,2026-06-02,1220.0,1235.0,1249.9,1193.0,1901054
TDPOWERSYS,2026-06-03,1244.0,1286.3,1309.5,1241.4,1309216
TDPOWERSYS,2026-06-04,1288.0,1325.5,1356.0,1286.0,1115238
TDPOWERSYS,2026-06-05,1340.0,1312.8,1354.8,1303.1,686757
TDPOWERSYS,2026-06-08,1280.1,1225.8,1304.7,1198.3,1053062
TDPOWERSYS,2026-06-09,1234.9,1231.0,1241.5,1201.0,978105
TDPOWERSYS,2026-06-10,1230.0,1153.3,1230.0,1141.0,1880631
TDPOWERSYS,2026-06-11,1145.2,1126.0,1185.5,1115.0,1494841
TDPOWERSYS,2026-06-12,1158.0,1192.8,1199.8,1133.3,1038875
TDPOWERSYS,2026-06-15,1222.6,1196.6,1223.2,1169.0,1000632
TDPOWERSYS,2026-06-16,1202.0,1169.5,1207.6,1164.7,749583
TDPOWERSYS,2026-06-17,1169.0,1230.5,1239.9,1165.5,848338
TDPOWERSYS,2026-06-18,1231.4,1269.0,1290.0,1213.0,979242
TDPOWERSYS,2026-06-19,1273.8,1272.7,1290.0,1264.1,508115
TDPOWERSYS,2026-06-22,1284.0,1326.5,1337.9,1259.9,933240
TDPOWERSYS,2026-06-23,1334.0,1354.1,1374.0,1320.1,1474928
TDPOWERSYS,2026-06-24,1355.9,1262.9,1364.0,1244.1,2033071
TDPOWERSYS,2026-06-25,1274.0,1255.1,1282.9,1246.0,799378
TDPOWERSYS,2026-06-26,1255.1,1255.1,1255.1,1255.1,0
TDPOWERSYS,2026-06-29,1246.0,1233.0,1255.1,1185.0,838888
TDPOWERSYS,2026-06-30,1244.0,1238.3,1272.3,1214.4,961639
TDPOWERSYS,2026-07-01,1238.3,1193.3,1259.9,1185.0,1046796
TDPOWERSYS,2026-07-02,1204.8,1191.0,1213.2,1162.0,746935
TDPOWERSYS,2026-07-03,1200.0,1091.8,1203.7,1075.0,2496289
TDPOWERSYS,2026-07-06,1097.2,1174.2,1182.0,1095.7,2017728
TDPOWERSYS,2026-07-07,1175.1,1120.7,1177.7,1104.0,994456
TDPOWERSYS,2026-07-08,1103.2,1080.0,1119.4,1070.0,1616851
TDPOWERSYS,2026-07-09,1089.0,1090.0,1110.0,1071.4,906063
TDPOWERSYS,2026-07-10,1114.5,1150.2,1159.0,1105.4,1091385
TDPOWERSYS,2026-07-13,1140.0,1152.2,1184.0,1119.8,770736
TDPOWERSYS,2026-07-14,1145.0,1125.0,1147.0,1121.6,527762
TDPOWERSYS,2026-07-15,1131.0,1174.2,1182.0,1130.8,728357
TDPOWERSYS,2026-07-16,1180.0,1127.1,1180.9,1124.0,865491
TDPOWERSYS,2026-07-17,1127.1,1127.7,1136.9,1102.1,566401
TECHM,2026-04-17,1486.0,1511.4,1522.5,1474.9,1859402
TECHM,2026-04-20,1510.9,1504.4,1531.3,1496.2,1341688
TECHM,2026-04-21,1501.0,1500.8,1510.9,1489.0,2001948
TECHM,2026-04-22,1463.4,1462.6,1502.8,1404.1,11668801
TECHM,2026-04-23,1470.2,1421.5,1473.9,1413.9,4101549
TECHM,2026-04-24,1407.1,1358.5,1426.7,1347.4,3693260
TECHM,2026-04-27,1362.9,1396.1,1400.5,1360.2,1834277
TECHM,2026-04-28,1392.5,1408.1,1413.0,1383.6,2009200
TECHM,2026-04-29,1414.0,1459.8,1464.0,1405.2,3334783
TECHM,2026-04-30,1459.7,1473.5,1482.0,1445.6,2635309
TECHM,2026-05-01,1473.5,1473.5,1473.5,1473.5,0
TECHM,2026-05-04,1484.0,1471.6,1492.4,1455.2,1483759
TECHM,2026-05-05,1465.0,1452.2,1483.8,1447.1,711081
TECHM,2026-05-06,1467.9,1466.7,1480.6,1455.4,877900
TECHM,2026-05-07,1467.0,1448.2,1475.9,1444.0,1147147
TECHM,2026-05-08,1453.5,1463.0,1469.8,1448.4,1360644
TECHM,2026-05-11,1460.0,1457.4,1475.4,1451.8,1348443
TECHM,2026-05-12,1447.0,1392.9,1447.0,1388.9,1474910
TECHM,2026-05-13,1392.9,1375.0,1399.9,1371.6,2142904
TECHM,2026-05-14,1370.0,1343.4,1374.0,1327.3,2337353
TECHM,2026-05-15,1350.0,1370.5,1387.7,1350.0,5306932
TECHM,2026-05-18,1363.7,1430.0,1437.7,1363.7,6204623
TECHM,2026-05-19,1446.3,1467.1,1506.8,1445.6,6697277
TECHM,2026-05-20,1453.6,1439.0,1476.5,1434.7,2216454
TECHM,2026-05-21,1445.1,1420.0,1450.0,1416.3,999422
TECHM,2026-05-22,1425.0,1422.2,1429.3,1406.1,654078
TECHM,2026-05-25,1429.4,1435.5,1445.0,1421.2,887430
TECHM,2026-05-26,1433.6,1458.7,1465.8,1429.9,1725570
TECHM,2026-05-27,1460.1,1455.6,1479.0,1451.1,1825192
TECHM,2026-05-28,1455.6,1455.6,1455.6,1455.6,0
TECHM,2026-05-29,1476.9,1483.9,1496.6,1460.1,3955137
TECHM,2026-06-01,1495.2,1543.2,1562.5,1495.2,5243443
TECHM,2026-06-02,1562.9,1571.4,1589.0,1554.0,4169279
TECHM,2026-06-03,1549.1,1472.3,1554.7,1467.6,3493572
TECHM,2026-06-04,1460.0,1487.3,1499.7,1453.1,2061503
TECHM,2026-06-05,1508.7,1483.5,1524.0,1467.9,2201977
TECHM,2026-06-08,1469.1,1503.4,1511.1,1459.0,2467960
TECHM,2026-06-09,1516.5,1483.8,1518.4,1473.2,1330108
TECHM,2026-06-10,1480.0,1478.9,1496.3,1471.2,1082678
TECHM,2026-06-11,1456.8,1465.1,1481.9,1437.7,2088978
TECHM,2026-06-12,1477.0,1429.2,1478.6,1425.0,2460369
TECHM,2026-06-15,1441.2,1425.6,1454.7,1423.6,1926338
TECHM,2026-06-16,1435.1,1446.8,1455.7,1422.9,1987359
TECHM,2026-06-17,1455.0,1462.4,1476.8,1454.0,2126833
TECHM,2026-06-18,1454.0,1447.7,1460.0,1435.5,2273483
TECHM,2026-06-19,1350.0,1409.6,1417.2,1344.0,5864187
TECHM,2026-06-22,1414.0,1435.2,1444.0,1414.0,2165308
TECHM,2026-06-23,1427.2,1415.6,1433.3,1400.5,2402816
TECHM,2026-06-24,1420.0,1461.6,1466.5,1420.0,3451553
TECHM,2026-06-25,1465.0,1437.1,1476.0,1435.1,2553830
TECHM,2026-06-26,1437.1,1437.1,1437.1,1437.1,0
TECHM,2026-06-29,1439.7,1433.8,1453.9,1428.6,2466821
TECHM,2026-06-30,1438.0,1404.7,1443.8,1398.9,2421536
TECHM,2026-07-01,1404.7,1362.2,1404.7,1355.6,3793024
TECHM,2026-07-02,1378.3,1421.3,1426.0,1373.4,3034626
TECHM,2026-07-03,1399.9,1410.1,1445.0,1398.5,2849871
TECHM,2026-07-06,1409.8,1406.5,1417.4,1391.0,1158020
TECHM,2026-07-07,1398.5,1447.5,1463.3,1398.5,4066916
TECHM,2026-07-08,1441.0,1428.8,1452.9,1422.8,1489170
TECHM,2026-07-09,1426.0,1426.3,1436.3,1399.0,1379708
TECHM,2026-07-10,1448.0,1454.8,1478.9,1445.3,1732609
TECHM,2026-07-13,1444.2,1504.5,1524.8,1444.2,2285072
TECHM,2026-07-14,1509.0,1484.3,1519.9,1480.0,2011058
TECHM,2026-07-15,1465.2,1498.7,1507.0,1453.0,1834279
TECHM,2026-07-16,1510.0,1510.3,1538.3,1504.2,2903245
TECHM,2026-07-17,1540.0,1572.9,1585.0,1527.3,10632264
TECHNOE,2026-04-17,1215.0,1234.25,1238.95,1206.95,248853
TECHNOE,2026-04-20,1242.0,1264.25,1278.8,1210.0,542816
TECHNOE,2026-04-21,1270.55,1251.3,1284.0,1248.0,216096
TECHNOE,2026-04-22,1251.35,1250.0,1269.05,1236.2,201307
TECHNOE,2026-04-23,1240.1,1249.25,1268.15,1240.1,248943
TECHNOE,2026-04-24,1256.0,1223.5,1258.7,1214.05,166148
TECHNOE,2026-04-27,1234.0,1280.45,1290.0,1231.0,444389
TECHNOE,2026-04-28,1287.0,1263.8,1297.75,1258.8,148427
TECHNOE,2026-04-29,1275.9,1297.55,1329.0,1250.35,490306
TECHNOE,2026-04-30,1295.0,1283.25,1302.95,1259.25,286564
TECHNOE,2026-05-01,1283.25,1283.25,1283.25,1283.25,0
TECHNOE,2026-05-04,1300.0,1300.4,1335.6,1289.2,287760
TECHNOE,2026-05-05,1310.0,1275.5,1319.5,1265.0,185792
TECHNOE,2026-05-06,1295.0,1286.4,1300.0,1252.1,198394
TECHNOE,2026-05-07,1292.6,1282.2,1301.4,1267.2,158930
TECHNOE,2026-05-08,1276.8,1257.2,1289.3,1246.5,281086
TECHNOE,2026-05-11,1255.0,1243.2,1265.0,1227.1,128847
TECHNOE,2026-05-12,1243.0,1200.1,1261.7,1191.6,305512
TECHNOE,2026-05-13,1191.1,1204.1,1240.0,1191.1,171109
TECHNOE,2026-05-14,1216.1,1222.2,1230.9,1193.6,131660
TECHNOE,2026-05-15,1222.4,1196.0,1239.1,1192.0,167687
TECHNOE,2026-05-18,1184.1,1186.0,1197.0,1143.8,164593
TECHNOE,2026-05-19,1204.5,1193.9,1208.9,1166.1,254737
TECHNOE,2026-05-20,1180.0,1202.7,1209.7,1160.0,267383
TECHNOE,2026-05-21,1207.5,1294.3,1300.0,1207.5,1679959
TECHNOE,2026-05-22,1300.7,1334.5,1349.8,1296.5,825282
TECHNOE,2026-05-25,1354.0,1373.0,1383.9,1325.0,559901
TECHNOE,2026-05-26,1216.8,1201.2,1250.0,1193.0,2142638
TECHNOE,2026-05-27,1183.2,1072.6,1189.9,1059.2,2769365
TECHNOE,2026-05-28,1072.6,1072.6,1072.6,1072.6,0
TECHNOE,2026-05-29,1085.0,1079.2,1104.7,1063.1,981501
TECHNOE,2026-06-01,1093.8,1053.2,1094.0,1037.1,516595
TECHNOE,2026-06-02,1046.9,1065.8,1080.0,1029.0,325955
TECHNOE,2026-06-03,1065.8,1047.1,1066.1,1042.4,205467
TECHNOE,2026-06-04,1044.0,1011.0,1051.5,1009.5,544375
TECHNOE,2026-06-05,1025.0,1017.0,1027.9,1005.3,335418
TECHNOE,2026-06-08,1006.0,1009.0,1019.8,1001.0,171201
TECHNOE,2026-06-09,1018.0,998.5,1030.0,994.4,334749
TECHNOE,2026-06-10,1003.9,991.7,1014.6,986.0,195638
TECHNOE,2026-06-11,991.7,1009.5,1018.4,983.6,182909
TECHNOE,2026-06-12,1024.6,1038.7,1047.2,1016.6,214529
TECHNOE,2026-06-15,1057.4,1079.9,1083.6,1025.2,622016
TECHNOE,2026-06-16,1084.0,1092.9,1116.9,1076.1,425339
TECHNOE,2026-06-17,1092.5,1085.0,1092.7,1080.0,162885
TECHNOE,2026-06-18,1085.0,1072.2,1096.0,1068.0,152765
TECHNOE,2026-06-19,1072.2,1079.3,1095.0,1067.0,242432
TECHNOE,2026-06-22,1094.1,1094.1,1096.8,1076.4,232202
TECHNOE,2026-06-23,1094.1,1086.8,1108.0,1080.0,219205
TECHNOE,2026-06-24,1076.0,1074.1,1088.0,1064.0,85048
TECHNOE,2026-06-25,1079.1,1087.1,1111.0,1073.0,326597
TECHNOE,2026-06-26,1087.1,1087.1,1087.1,1087.1,0
TECHNOE,2026-06-29,1088.2,1087.3,1097.5,1074.0,394964
TECHNOE,2026-06-30,1095.0,1054.0,1095.1,1050.0,192693
TECHNOE,2026-07-01,1065.2,1082.3,1097.6,1064.5,301994
TECHNOE,2026-07-02,1089.9,1086.2,1094.7,1080.1,149506
TECHNOE,2026-07-03,1088.0,1081.8,1096.9,1073.2,147862
TECHNOE,2026-07-06,1079.0,1073.3,1087.8,1068.0,119057
TECHNOE,2026-07-07,1073.0,1085.3,1092.0,1063.3,172351
TECHNOE,2026-07-08,1073.7,1045.4,1079.0,1037.6,153676
TECHNOE,2026-07-09,1048.3,1045.2,1058.0,1040.3,111111
TECHNOE,2026-07-10,1054.3,1050.2,1064.9,1048.0,105694
TECHNOE,2026-07-13,1048.8,1057.8,1061.0,1040.0,130137
TECHNOE,2026-07-14,1036.8,1039.8,1051.0,1035.0,106763
TECHNOE,2026-07-15,1043.6,1048.5,1055.0,1040.0,77470
TECHNOE,2026-07-16,1060.0,1033.2,1060.0,1030.1,121017
TECHNOE,2026-07-17,1033.0,1034.1,1042.0,1026.7,88465
TEJASNET,2026-04-17,430.0,424.55,437.7,422.05,2832825
TEJASNET,2026-04-20,426.3,414.85,426.7,411.5,1890311
TEJASNET,2026-04-21,415.15,406.95,417.0,405.8,1962532
TEJASNET,2026-04-22,404.0,407.95,415.95,403.7,1555765
TEJASNET,2026-04-23,408.0,402.15,411.5,401.0,1445145
TEJASNET,2026-04-24,404.0,411.0,424.5,396.25,4999297
TEJASNET,2026-04-27,415.0,413.95,419.8,410.25,998266
TEJASNET,2026-04-28,414.0,412.75,417.35,410.55,942305
TEJASNET,2026-04-29,412.8,416.65,429.35,409.4,2742329
TEJASNET,2026-04-30,416.0,415.15,423.5,408.4,1789183
TEJASNET,2026-05-01,415.15,415.15,415.15,415.15,0
TEJASNET,2026-05-04,415.15,420.25,433.0,414.5,2881907
TEJASNET,2026-05-05,422.0,425.6,432.95,416.2,1885381
TEJASNET,2026-05-06,430.0,463.2,488.9,426.7,32264104
TEJASNET,2026-05-07,468.05,533.4,554.95,467.75,48437395
TEJASNET,2026-05-08,538.4,514.4,550.0,510.2,9933676
TEJASNET,2026-05-11,511.9,471.7,511.9,455.0,5887003
TEJASNET,2026-05-12,472.0,460.8,505.0,455.0,12577127
TEJASNET,2026-05-13,464.0,467.15,472.7,445.55,4634615
TEJASNET,2026-05-14,474.0,458.05,474.5,447.2,2582575
TEJASNET,2026-05-15,458.5,445.75,460.0,443.0,1512472
TEJASNET,2026-05-18,440.95,436.7,440.95,425.95,1721253
TEJASNET,2026-05-19,442.2,462.7,476.0,442.0,12142585
TEJASNET,2026-05-20,462.0,466.4,474.6,451.6,4397061
TEJASNET,2026-05-21,470.0,465.7,478.8,463.0,2677523
TEJASNET,2026-05-22,468.25,468.15,477.0,461.3,2407371
TEJASNET,2026-05-25,474.8,473.95,487.55,469.55,3566345
TEJASNET,2026-05-26,477.95,501.4,511.0,474.3,13303108
TEJASNET,2026-05-27,505.0,494.25,507.25,491.5,3463373
TEJASNET,2026-05-28,494.25,494.25,494.25,494.25,0
TEJASNET,2026-05-29,495.0,520.4,529.85,486.75,14287053
TEJASNET,2026-06-01,525.1,526.1,553.7,521.35,13855978
TEJASNET,2026-06-02,523.8,537.3,541.2,518.2,6024026
TEJASNET,2026-06-03,544.0,569.25,582.4,538.55,32816753
TEJASNET,2026-06-04,568.9,601.95,629.45,564.0,46078716
TEJASNET,2026-06-05,607.9,576.2,616.65,570.05,14331226
TEJASNET,2026-06-08,561.95,542.5,576.85,536.5,5823480
TEJASNET,2026-06-09,544.0,540.55,551.35,527.3,7585669
TEJASNET,2026-06-10,541.0,550.8,563.0,525.6,14126489
TEJASNET,2026-06-11,549.0,573.5,584.7,541.1,15848914
TEJASNET,2026-06-12,580.7,598.85,602.9,575.0,13459871
TEJASNET,2026-06-15,607.0,582.35,608.4,578.05,6319178
TEJASNET,2026-06-16,584.0,581.4,592.9,572.8,3415679
TEJASNET,2026-06-17,583.5,602.0,609.4,583.5,8267795
TEJASNET,2026-06-18,604.0,600.15,627.3,596.05,9633517
TEJASNET,2026-06-19,598.05,632.35,644.75,596.0,17342068
TEJASNET,2026-06-22,638.0,627.4,642.0,622.5,4679270
TEJASNET,2026-06-23,628.8,620.25,628.8,608.4,3944341
TEJASNET,2026-06-24,620.25,624.0,633.0,612.95,3442717
TEJASNET,2026-06-25,626.0,622.75,636.8,619.3,3909807
TEJASNET,2026-06-26,622.75,622.75,622.75,622.75,0
TEJASNET,2026-06-29,620.1,603.55,623.35,592.3,2897153
TEJASNET,2026-06-30,605.7,612.5,642.0,604.35,7317393
TEJASNET,2026-07-01,615.0,607.1,624.5,605.05,2410909
TEJASNET,2026-07-02,610.0,602.4,613.75,597.5,2025052
TEJASNET,2026-07-03,604.3,593.6,604.5,591.05,1615315
TEJASNET,2026-07-06,594.7,570.0,595.0,565.65,2434024
TEJASNET,2026-07-07,570.0,546.95,571.9,541.45,2354121
TEJASNET,2026-07-08,542.0,535.4,561.0,527.6,3395878
TEJASNET,2026-07-09,538.0,542.35,545.9,533.55,1785285
TEJASNET,2026-07-10,546.0,564.65,571.0,545.5,3093322
TEJASNET,2026-07-13,564.5,556.25,564.5,553.05,1253501
TEJASNET,2026-07-14,553.0,543.25,554.5,541.5,922527
TEJASNET,2026-07-15,555.0,550.1,581.9,547.05,6925833
TEJASNET,2026-07-16,552.75,547.35,554.15,542.5,1379720
TEJASNET,2026-07-17,545.8,538.9,545.8,534.0,1017404
THERMAX,2026-04-17,4112.0,4141.4,4170.0,4058.0,217151
THERMAX,2026-04-20,4141.4,4185.2,4305.0,4061.8,373347
THERMAX,2026-04-21,4208.0,4125.1,4250.0,4021.1,261667
THERMAX,2026-04-22,4148.4,4053.1,4166.1,4047.0,154799
THERMAX,2026-04-23,4053.1,4059.7,4148.6,4030.2,130733
THERMAX,2026-04-24,4060.0,4006.5,4095.5,3988.7,72523
THERMAX,2026-04-27,4023.0,4156.3,4183.6,3996.0,214001
THERMAX,2026-04-28,4167.0,4015.3,4174.9,3980.0,119561
THERMAX,2026-04-29,4050.0,3990.0,4058.4,3960.0,74832
THERMAX,2026-04-30,4000.0,4077.6,4107.8,3922.5,273294
THERMAX,2026-05-01,4077.6,4077.6,4077.6,4077.6,0
THERMAX,2026-05-04,4077.6,4179.8,4205.0,4056.7,252250
THERMAX,2026-05-05,4199.0,4113.6,4209.2,4100.0,88402
THERMAX,2026-05-06,4148.8,4076.9,4150.0,4059.4,68595
THERMAX,2026-05-07,4097.1,4182.3,4290.0,4088.4,349360
THERMAX,2026-05-08,4370.0,4677.5,4759.0,4306.0,3661500
THERMAX,2026-05-11,4707.0,4545.1,4880.0,4500.5,724225
THERMAX,2026-05-12,4561.6,4483.0,4564.5,4401.9,339988
THERMAX,2026-05-13,4535.8,4546.5,4730.0,4486.0,448975
THERMAX,2026-05-14,4588.9,4597.7,4619.9,4491.9,235536
THERMAX,2026-05-15,4640.9,4500.4,4660.0,4488.6,119072
THERMAX,2026-05-18,4458.6,4393.3,4498.0,4356.0,200590
THERMAX,2026-05-19,4397.4,4416.6,4498.5,4335.1,154839
THERMAX,2026-05-20,4380.1,4415.1,4456.4,4330.0,128625
THERMAX,2026-05-21,4449.8,4575.0,4620.9,4449.7,414005
THERMAX,2026-05-22,4568.0,4454.6,4636.0,4421.6,232003
THERMAX,2026-05-25,4454.6,4435.7,4476.9,4405.1,104492
THERMAX,2026-05-26,4476.5,4435.8,4510.7,4383.1,142494
THERMAX,2026-05-27,4480.0,4590.6,4658.4,4423.5,616811
THERMAX,2026-05-28,4590.6,4590.6,4590.6,4590.6,0
THERMAX,2026-05-29,4659.0,4982.7,5075.0,4650.0,1786425
THERMAX,2026-06-01,4982.7,4992.8,5016.1,4800.0,341725
THERMAX,2026-06-02,4950.0,4969.7,5005.0,4800.1,334807
THERMAX,2026-06-03,4959.0,4784.5,4959.0,4722.1,323481
THERMAX,2026-06-04,4755.0,4875.9,5002.9,4755.0,363756
THERMAX,2026-06-05,4931.2,4832.1,4960.0,4786.6,203060
THERMAX,2026-06-08,4723.0,4696.4,4885.0,4670.7,158954
THERMAX,2026-06-09,4760.3,4739.9,4796.8,4698.8,180682
THERMAX,2026-06-10,4750.0,4698.8,4826.0,4676.6,282455
THERMAX,2026-06-11,4688.0,4571.3,4701.6,4533.3,180285
THERMAX,2026-06-12,4626.6,4726.3,4746.9,4626.6,238336
THERMAX,2026-06-15,4821.0,4741.0,4821.0,4665.7,277050
THERMAX,2026-06-16,4778.0,4714.6,4788.0,4688.5,91904
THERMAX,2026-06-17,4724.0,4774.4,4798.0,4710.0,110973
THERMAX,2026-06-18,4817.8,4696.3,4889.0,4638.8,266960
THERMAX,2026-06-19,4696.3,4702.4,4759.0,4680.0,74248
THERMAX,2026-06-22,4712.1,4863.9,4875.0,4690.2,223727
THERMAX,2026-06-23,4898.1,4799.9,4935.0,4753.1,197846
THERMAX,2026-06-24,4800.0,4757.4,4833.7,4681.0,116873
THERMAX,2026-06-25,4759.9,4828.8,4904.7,4707.0,252190
THERMAX,2026-06-26,4828.8,4828.8,4828.8,4828.8,0
THERMAX,2026-06-29,4832.1,5125.1,5277.8,4755.5,927416
THERMAX,2026-06-30,5125.1,5159.5,5207.1,5031.4,300942
THERMAX,2026-07-01,5195.0,5120.5,5218.5,5052.0,148232
THERMAX,2026-07-02,5094.0,4917.0,5094.0,4810.0,397715
THERMAX,2026-07-03,4944.5,4607.5,4948.5,4575.0,272897
THERMAX,2026-07-06,4590.0,4736.5,4837.5,4570.0,224252
THERMAX,2026-07-07,4772.0,4709.0,4828.5,4670.0,198155
THERMAX,2026-07-08,4685.0,4602.5,4686.0,4532.5,212634
THERMAX,2026-07-09,4649.5,4785.0,4810.0,4610.0,207686
THERMAX,2026-07-10,4860.0,4809.0,4860.0,4748.0,141517
THERMAX,2026-07-13,4775.0,4663.5,4796.0,4651.0,139444
THERMAX,2026-07-14,4638.5,4379.5,4653.0,4358.5,449617
THERMAX,2026-07-15,4383.0,4548.0,4574.0,4383.0,359795
THERMAX,2026-07-16,4575.0,4581.0,4656.0,4473.0,184687
THERMAX,2026-07-17,4572.5,4662.0,4670.0,4545.0,236475
THYROCARE,2026-04-17,394.35,389.05,394.9,385.4,247876
THYROCARE,2026-04-20,392.55,392.65,399.5,383.55,262717
THYROCARE,2026-04-21,392.65,387.5,398.4,386.7,151532
THYROCARE,2026-04-22,386.5,395.6,397.0,385.05,173400
THYROCARE,2026-04-23,395.5,395.15,395.85,390.0,111189
THYROCARE,2026-04-24,395.0,395.1,403.1,389.0,253393
THYROCARE,2026-04-27,395.0,412.45,418.0,395.0,310370
THYROCARE,2026-04-28,412.45,406.6,414.7,400.0,79615
THYROCARE,2026-04-29,408.8,404.35,411.0,402.0,93489
THYROCARE,2026-04-30,404.0,400.3,405.65,398.0,140847
THYROCARE,2026-05-01,400.3,400.3,400.3,400.3,0
THYROCARE,2026-05-04,400.65,420.4,439.0,399.75,718270
THYROCARE,2026-05-05,420.4,431.2,434.5,418.55,305243
THYROCARE,2026-05-06,441.0,462.5,467.85,441.0,896100
THYROCARE,2026-05-07,464.5,470.7,480.0,458.5,790555
THYROCARE,2026-05-08,493.0,486.5,526.0,478.0,10925739
THYROCARE,2026-05-11,488.9,480.85,490.95,477.05,549906
THYROCARE,2026-05-12,476.0,475.0,480.9,466.3,445264
THYROCARE,2026-05-13,471.0,477.35,493.55,471.0,459123
THYROCARE,2026-05-14,486.0,471.2,487.7,469.1,329005
THYROCARE,2026-05-15,471.15,462.15,476.65,460.0,232499
THYROCARE,2026-05-18,460.0,452.2,460.0,445.0,328069
THYROCARE,2026-05-19,454.0,470.65,474.0,448.0,617025
THYROCARE,2026-05-20,470.65,475.25,481.15,467.2,242460
THYROCARE,2026-05-21,476.5,469.05,483.8,465.2,230619
THYROCARE,2026-05-22,469.95,465.85,469.95,460.1,121276
THYROCARE,2026-05-25,472.3,493.15,495.0,466.35,416753
THYROCARE,2026-05-26,492.6,502.25,504.9,488.8,496517
THYROCARE,2026-05-27,519.0,512.15,521.4,503.15,797144
THYROCARE,2026-05-28,512.15,512.15,512.15,512.15,0
THYROCARE,2026-05-29,517.0,506.3,517.0,500.7,476264
THYROCARE,2026-06-01,528.75,522.35,528.75,507.35,417869
THYROCARE,2026-06-02,517.4,521.65,522.8,502.0,503536
THYROCARE,2026-06-03,522.5,525.2,529.7,512.05,312888
THYROCARE,2026-06-04,530.0,520.75,530.0,508.6,283959
THYROCARE,2026-06-05,521.0,518.0,525.0,515.5,89511
THYROCARE,2026-06-08,518.0,541.35,549.0,495.0,1411955
THYROCARE,2026-06-09,542.0,547.95,578.25,538.0,1409203
THYROCARE,2026-06-10,546.55,532.8,559.0,530.0,336527
THYROCARE,2026-06-11,532.85,519.4,537.75,517.25,259715
THYROCARE,2026-06-12,527.8,528.9,538.45,522.05,331843
THYROCARE,2026-06-15,540.0,535.6,553.7,529.7,385967
THYROCARE,2026-06-16,537.15,533.6,549.95,531.7,262934
THYROCARE,2026-06-17,538.7,533.5,540.7,530.1,149817
THYROCARE,2026-06-18,544.8,534.4,551.85,528.0,475384
THYROCARE,2026-06-19,534.85,540.55,542.5,532.05,138650
THYROCARE,2026-06-22,543.75,544.8,549.0,540.5,198021
THYROCARE,2026-06-23,539.0,558.4,574.9,535.2,910015
THYROCARE,2026-06-24,553.0,555.8,568.25,540.35,338591
THYROCARE,2026-06-25,555.8,517.2,558.5,512.2,503084
THYROCARE,2026-06-26,517.2,517.2,517.2,517.2,0
THYROCARE,2026-06-29,518.5,524.4,536.75,515.4,337380
THYROCARE,2026-06-30,525.9,549.3,554.9,524.6,464077
THYROCARE,2026-07-01,554.9,543.4,563.9,542.1,230512
THYROCARE,2026-07-02,544.0,557.2,558.45,540.95,183823
THYROCARE,2026-07-03,557.2,555.6,565.0,551.75,230637
THYROCARE,2026-07-06,554.05,545.2,557.95,537.4,237796
THYROCARE,2026-07-07,545.2,532.0,548.15,523.1,271045
THYROCARE,2026-07-08,529.85,521.7,539.25,511.75,343702
THYROCARE,2026-07-09,526.0,535.55,539.5,523.1,185920
THYROCARE,2026-07-10,543.1,515.7,543.9,511.65,420676
THYROCARE,2026-07-13,512.0,510.15,519.95,505.5,454109
THYROCARE,2026-07-14,506.05,540.45,544.4,506.05,750928
THYROCARE,2026-07-15,539.65,530.25,547.15,528.05,336409
THYROCARE,2026-07-16,530.25,527.25,537.7,523.0,319949
THYROCARE,2026-07-17,527.25,520.6,531.15,514.1,222139
TIINDIA,2026-04-17,2750.0,2790.2,2810.0,2728.6,268771
TIINDIA,2026-04-20,2790.0,2873.1,2904.5,2750.7,708238
TIINDIA,2026-04-21,2896.5,2885.2,2925.0,2873.3,551294
TIINDIA,2026-04-22,2900.0,3024.4,3054.0,2885.3,488674
TIINDIA,2026-04-23,3037.9,3086.8,3153.0,3032.0,619835
TIINDIA,2026-04-24,3086.8,2968.7,3129.8,2897.1,577229
TIINDIA,2026-04-27,2970.0,2994.4,3013.9,2950.0,243557
TIINDIA,2026-04-28,2992.1,3001.0,3034.0,2950.6,275588
TIINDIA,2026-04-29,3032.6,2965.1,3065.1,2955.0,188728
TIINDIA,2026-04-30,2965.0,2947.9,2980.0,2892.0,242929
TIINDIA,2026-05-01,2947.9,2947.9,2947.9,2947.9,0
TIINDIA,2026-05-04,2972.6,2906.0,2978.6,2882.3,136838
TIINDIA,2026-05-05,2917.1,2932.4,2950.0,2895.6,108237
TIINDIA,2026-05-06,2947.1,2917.0,2964.5,2872.8,391500
TIINDIA,2026-05-07,2928.5,3015.5,3024.9,2928.5,347801
TIINDIA,2026-05-08,3008.9,3049.8,3066.0,2980.0,376943
TIINDIA,2026-05-11,3046.1,2992.2,3046.1,2966.0,538224
TIINDIA,2026-05-12,3014.3,2954.0,3057.3,2931.3,380587
TIINDIA,2026-05-13,2959.0,2941.0,3070.7,2918.5,614500
TIINDIA,2026-05-14,2949.0,2800.8,2976.4,2761.9,878389
TIINDIA,2026-05-15,2765.0,2850.3,2888.3,2729.3,566267
TIINDIA,2026-05-18,2850.3,2815.0,2859.8,2751.0,327362
TIINDIA,2026-05-19,2839.0,2892.2,2925.0,2819.6,222669
TIINDIA,2026-05-20,2877.8,2970.9,2985.0,2863.9,485097
TIINDIA,2026-05-21,2984.6,3000.6,3063.5,2984.0,223521
TIINDIA,2026-05-22,3011.4,3011.3,3043.0,2970.0,224252
TIINDIA,2026-05-25,3044.0,3047.6,3100.0,3026.3,175370
TIINDIA,2026-05-26,3047.5,3039.1,3072.7,3014.9,169112
TIINDIA,2026-05-27,3050.0,3210.5,3224.9,3050.0,647171
TIINDIA,2026-05-28,3210.5,3210.5,3210.5,3210.5,0
TIINDIA,2026-05-29,3237.0,3141.4,3250.0,3121.9,740060
TIINDIA,2026-06-01,3140.9,3056.6,3144.0,3050.0,335850
TIINDIA,2026-06-02,3030.2,3110.7,3120.0,2990.3,352838
TIINDIA,2026-06-03,3131.0,3070.2,3131.0,3030.5,194889
TIINDIA,2026-06-04,3051.0,3098.4,3160.0,3042.6,207106
TIINDIA,2026-06-05,3099.8,3129.0,3157.0,3076.6,192369
TIINDIA,2026-06-08,3082.6,3056.1,3140.0,3026.0,761473
TIINDIA,2026-06-09,3072.6,3105.5,3170.1,3060.1,776614
TIINDIA,2026-06-10,3127.0,3062.3,3136.5,3030.5,211730
TIINDIA,2026-06-11,3060.3,2975.3,3074.7,2962.0,250989
TIINDIA,2026-06-12,3000.0,3141.8,3172.2,3000.0,260594
TIINDIA,2026-06-15,3192.0,3226.1,3258.9,3169.9,261683
TIINDIA,2026-06-16,3249.0,3264.2,3312.8,3227.0,283227
TIINDIA,2026-06-17,3284.0,3267.7,3284.0,3218.7,102689
TIINDIA,2026-06-18,3290.9,3256.5,3290.9,3227.8,107196
TIINDIA,2026-06-19,3227.0,3285.6,3302.0,3227.0,265126
TIINDIA,2026-06-22,3299.9,3307.9,3334.8,3277.1,180692
TIINDIA,2026-06-23,3292.6,3257.6,3313.7,3232.7,205609
TIINDIA,2026-06-24,3274.8,3170.5,3335.2,3161.1,481940
TIINDIA,2026-06-25,3178.2,3054.0,3189.8,3038.6,478378
TIINDIA,2026-06-26,3054.0,3054.0,3054.0,3054.0,0
TIINDIA,2026-06-29,3077.7,3022.3,3078.1,3010.0,436979
TIINDIA,2026-06-30,3031.1,3029.3,3066.8,2993.3,316651
TIINDIA,2026-07-01,3049.9,3097.0,3109.9,3039.5,361971
TIINDIA,2026-07-02,3110.0,3090.6,3128.3,3070.0,297923
TIINDIA,2026-07-03,3106.1,2975.8,3114.9,2925.4,601938
TIINDIA,2026-07-06,2976.1,3005.9,3024.9,2949.1,233666
TIINDIA,2026-07-07,3018.9,2978.8,3018.9,2950.0,162750
TIINDIA,2026-07-08,2980.0,2899.4,3000.0,2880.8,144780
TIINDIA,2026-07-09,2930.1,2916.2,2952.0,2900.0,68996
TIINDIA,2026-07-10,2919.4,2958.4,2965.0,2917.0,76136
TIINDIA,2026-07-13,2950.0,2921.1,2950.0,2910.1,99892
TIINDIA,2026-07-14,2910.9,2916.1,2929.0,2821.6,211161
TIINDIA,2026-07-15,2940.0,2939.7,2969.6,2915.5,113668
TIINDIA,2026-07-16,2950.1,2932.7,3015.5,2916.7,136801
TIINDIA,2026-07-17,2939.9,2888.6,2946.3,2868.9,116070
TIMEX,2026-04-23,335.0,344.55,348.0,333.6,332325
TIMEX,2026-04-24,344.15,337.95,344.2,323.0,414488
TIMEX,2026-04-27,340.2,341.9,350.5,337.5,302384
TIMEX,2026-04-28,342.9,354.0,357.0,339.55,307049
TIMEX,2026-04-29,357.4,348.15,357.6,345.2,132543
TIMEX,2026-04-30,348.15,342.45,349.2,329.9,165142
TIMEX,2026-05-04,344.05,350.45,354.9,342.4,396345
TIMEX,2026-05-05,350.0,368.65,370.5,349.2,373263
TIMEX,2026-05-06,365.0,366.5,377.0,359.55,192213
TIMEX,2026-05-07,370.0,369.0,375.0,368.0,125573
TIMEX,2026-05-08,367.2,369.45,373.75,365.15,94744
TIMEX,2026-05-11,360.5,364.7,374.0,360.45,136376
TIMEX,2026-05-12,361.4,342.25,364.9,341.0,151071
TIMEX,2026-05-13,341.0,349.25,353.4,332.3,140591
TIMEX,2026-05-14,348.75,348.05,355.95,344.55,97853
TIMEX,2026-05-15,345.7,348.8,356.7,345.15,96696
TIMEX,2026-05-18,345.4,336.35,350.3,332.6,139244
TIMEX,2026-05-19,338.1,336.95,347.2,335.0,65141
TIMEX,2026-05-20,339.9,344.4,347.0,332.0,86534
TIMEX,2026-05-21,341.6,364.05,367.8,341.6,450143
TIMEX,2026-05-22,369.95,378.95,386.25,357.0,543997
TIMEX,2026-05-25,383.9,381.5,388.4,376.0,325074
TIMEX,2026-05-26,387.0,374.6,387.0,369.3,362784
TIMEX,2026-05-27,401.35,423.55,439.9,392.0,8013434
TIMEX,2026-05-28,423.55,423.55,423.55,423.55,0
TIMEX,2026-05-29,438.0,449.35,456.4,434.0,1781841
TIMEX,2026-06-01,458.05,450.0,465.0,438.1,880884
TIMEX,2026-06-02,447.45,435.6,459.2,430.95,412187
TIMEX,2026-06-03,437.65,433.2,448.4,425.1,623727
TIMEX,2026-06-04,433.25,435.1,444.0,431.6,394401
TIMEX,2026-06-05,438.95,437.95,449.7,435.0,478796
TIMEX,2026-06-08,432.3,441.85,464.95,422.15,890262
TIMEX,2026-06-09,445.7,460.3,466.4,441.9,710695
TIMEX,2026-06-10,464.85,460.85,475.0,453.55,885948
TIMEX,2026-06-11,458.1,455.95,474.4,450.55,510721
TIMEX,2026-06-12,460.5,493.75,496.9,457.95,1084820
TIMEX,2026-06-15,498.7,496.45,507.0,486.1,596128
TIMEX,2026-06-16,497.9,488.4,499.55,480.6,279571
TIMEX,2026-06-17,488.35,483.65,499.7,480.55,294194
TIMEX,2026-06-18,484.0,476.95,491.95,472.6,212894
TIMEX,2026-06-19,477.0,518.7,522.9,477.0,1318434
TIMEX,2026-06-22,515.0,499.65,517.55,492.05,535885
TIMEX,2026-06-23,498.0,490.6,498.45,481.05,386636
TIMEX,2026-06-24,490.95,494.65,506.9,488.15,539026
TIMEX,2026-06-25,497.0,507.5,519.9,493.15,644077
TIMEX,2026-06-26,507.5,507.5,507.5,507.5,0
TIMEX,2026-06-29,511.5,512.15,527.5,503.55,739186
TIMEX,2026-06-30,521.6,528.45,540.9,520.0,1081544
TIMEX,2026-07-01,529.05,519.25,532.25,514.75,273562
TIMEX,2026-07-02,523.0,529.0,533.0,518.0,310723
TIMEX,2026-07-03,536.6,524.45,543.0,520.55,464595
TIMEX,2026-07-06,527.0,534.7,548.0,522.55,352457
TIMEX,2026-07-07,534.95,522.6,538.5,515.65,187160
TIMEX,2026-07-08,523.6,522.2,535.0,509.1,257255
TIMEX,2026-07-09,522.5,547.25,550.0,522.5,339138
TIMEX,2026-07-10,550.0,569.6,576.8,550.0,537052
TIMEX,2026-07-13,570.0,576.75,591.8,565.8,381099
TIMEX,2026-07-14,574.0,547.4,574.0,540.9,370421
TIMEX,2026-07-15,552.0,555.75,562.4,543.6,187354
TIMEX,2026-07-16,560.0,544.55,561.2,543.05,102369
TIMEX,2026-07-17,549.95,534.0,549.95,525.0,189265
TIMKEN,2026-04-17,3520.0,3506.6,3537.0,3451.1,39767
TIMKEN,2026-04-20,3540.0,3502.9,3569.8,3431.1,86140
TIMKEN,2026-04-21,3519.9,3509.4,3561.0,3480.0,33952
TIMKEN,2026-04-22,3530.0,3633.0,3653.0,3483.0,127676
TIMKEN,2026-04-23,3650.0,3600.1,3679.6,3568.5,84204
TIMKEN,2026-04-24,3540.0,3517.6,3615.0,3500.1,32231
TIMKEN,2026-04-27,3557.0,3555.8,3577.0,3522.0,21769
TIMKEN,2026-04-28,3565.4,3535.4,3600.0,3510.1,24912
TIMKEN,2026-04-29,3535.0,3440.6,3571.2,3415.2,30759
TIMKEN,2026-04-30,3450.0,3428.8,3468.1,3400.8,68923
TIMKEN,2026-05-01,3428.8,3428.8,3428.8,3428.8,0
TIMKEN,2026-05-04,3410.0,3475.4,3515.0,3384.9,49499
TIMKEN,2026-05-05,3525.0,3413.9,3525.0,3391.4,31660
TIMKEN,2026-05-06,3425.0,3444.4,3465.6,3422.5,71403
TIMKEN,2026-05-07,3455.0,3460.1,3552.5,3445.5,52148
TIMKEN,2026-05-08,3460.5,3595.0,3637.9,3460.5,107649
TIMKEN,2026-05-11,3584.2,3619.0,3645.0,3483.3,99753
TIMKEN,2026-05-12,3619.0,3611.1,3624.9,3562.1,106891
TIMKEN,2026-05-13,3614.9,3570.7,3638.2,3563.0,32520
TIMKEN,2026-05-14,3617.4,3515.2,3617.4,3498.3,86015
TIMKEN,2026-05-15,3553.0,3531.2,3585.8,3467.4,14387
TIMKEN,2026-05-18,3520.0,3435.0,3520.0,3411.0,24190
TIMKEN,2026-05-19,3450.0,3538.0,3577.4,3424.1,139597
TIMKEN,2026-05-20,3550.0,3656.2,3738.0,3506.5,633794
TIMKEN,2026-05-21,3690.0,3712.3,3760.0,3682.5,66270
TIMKEN,2026-05-22,3712.4,3750.2,3765.0,3672.2,74181
TIMKEN,2026-05-25,3750.2,3621.2,3775.0,3608.4,165147
TIMKEN,2026-05-26,3620.0,3604.8,3654.9,3580.1,37681
TIMKEN,2026-05-27,3647.2,3636.9,3652.0,3606.6,18164
TIMKEN,2026-05-28,3636.9,3636.9,3636.9,3636.9,0
TIMKEN,2026-05-29,3610.0,3630.4,3644.5,3580.0,48935
TIMKEN,2026-06-01,3636.0,3549.0,3648.5,3526.1,28469
TIMKEN,2026-06-02,3548.9,3529.2,3548.9,3500.0,12485
TIMKEN,2026-06-03,3527.9,3491.9,3577.9,3478.6,25850
TIMKEN,2026-06-04,3491.9,3571.3,3599.0,3491.9,23350
TIMKEN,2026-06-05,3619.0,3643.6,3711.7,3601.5,81085
TIMKEN,2026-06-08,3600.0,3574.9,3636.1,3555.0,13690
TIMKEN,2026-06-09,3630.1,3538.2,3645.9,3518.0,40521
TIMKEN,2026-06-10,3555.0,3549.6,3599.0,3521.8,35762
TIMKEN,2026-06-11,3574.0,3511.5,3574.0,3500.0,20214
TIMKEN,2026-06-12,3524.8,3530.2,3598.9,3510.0,41016
TIMKEN,2026-06-15,3560.0,3520.6,3581.2,3505.0,28839
TIMKEN,2026-06-16,3540.0,3634.3,3668.0,3528.6,178063
TIMKEN,2026-06-17,3631.4,3608.0,3680.0,3580.2,20904
TIMKEN,2026-06-18,3654.2,3573.9,3654.2,3551.1,27844
TIMKEN,2026-06-19,3585.0,3689.4,3724.8,3566.1,162512
TIMKEN,2026-06-22,3726.8,3761.0,3925.0,3693.6,404069
TIMKEN,2026-06-23,3789.0,3767.1,3828.6,3740.2,66750
TIMKEN,2026-06-24,3767.0,3760.3,3816.9,3725.0,30021
TIMKEN,2026-06-25,3760.3,3653.7,3760.3,3638.5,76758
TIMKEN,2026-06-26,3653.7,3653.7,3653.7,3653.7,0
TIMKEN,2026-06-29,3656.0,3490.9,3666.6,3450.0,270315
TIMKEN,2026-06-30,3494.9,3485.7,3561.0,3470.2,72584
TIMKEN,2026-07-01,3489.9,3483.8,3525.0,3451.0,50678
TIMKEN,2026-07-02,3500.0,3494.1,3550.0,3470.8,38142
TIMKEN,2026-07-03,3504.0,3401.2,3528.0,3390.0,51040
TIMKEN,2026-07-06,3415.1,3346.7,3449.6,3337.7,31445
TIMKEN,2026-07-07,3360.0,3260.9,3405.0,3250.0,71415
TIMKEN,2026-07-08,3260.9,3202.7,3260.9,3180.0,50727
TIMKEN,2026-07-09,3221.0,3217.7,3291.4,3200.0,41522
TIMKEN,2026-07-10,3247.1,3205.0,3247.1,3196.6,25162
TIMKEN,2026-07-13,3205.0,3175.4,3205.0,3145.0,85402
TIMKEN,2026-07-14,3193.4,3144.8,3200.0,3140.0,58475
TIMKEN,2026-07-15,3140.0,3176.0,3204.4,3140.0,29113
TIMKEN,2026-07-16,3181.0,3141.6,3204.2,3110.2,309055
TIMKEN,2026-07-17,3138.6,3142.2,3176.5,3115.0,30409
TIPSMUSIC,2026-04-17,573.8,585.55,590.0,559.5,289461
TIPSMUSIC,2026-04-20,586.0,574.15,589.0,570.5,70601
TIPSMUSIC,2026-04-21,567.25,600.5,604.0,567.25,222273
TIPSMUSIC,2026-04-22,601.0,599.6,609.45,592.6,215718
TIPSMUSIC,2026-04-23,599.9,647.7,660.0,593.75,5729284
TIPSMUSIC,2026-04-24,656.25,665.15,692.1,652.8,6797325
TIPSMUSIC,2026-04-27,670.0,680.75,688.15,661.55,918051
TIPSMUSIC,2026-04-28,682.0,658.85,682.0,652.1,449356
TIPSMUSIC,2026-04-29,659.6,653.1,664.95,650.0,187865
TIPSMUSIC,2026-04-30,649.0,649.7,662.0,642.45,170288
TIPSMUSIC,2026-05-01,649.7,649.7,649.7,649.7,0
TIPSMUSIC,2026-05-04,649.7,645.5,659.05,633.75,335340
TIPSMUSIC,2026-05-05,650.0,645.65,654.65,631.55,263224
TIPSMUSIC,2026-05-06,646.2,652.7,659.0,638.85,167403
TIPSMUSIC,2026-05-07,658.1,643.2,669.8,638.9,494532
TIPSMUSIC,2026-05-08,645.0,648.35,654.95,640.8,267825
TIPSMUSIC,2026-05-11,640.1,655.75,663.3,637.55,226400
TIPSMUSIC,2026-05-12,652.45,641.8,656.7,633.3,333526
TIPSMUSIC,2026-05-13,636.05,637.15,641.5,627.0,189947
TIPSMUSIC,2026-05-14,635.2,635.15,642.9,616.85,184569
TIPSMUSIC,2026-05-15,635.15,646.65,670.0,635.0,507624
TIPSMUSIC,2026-05-18,647.8,640.85,655.0,636.65,218536
TIPSMUSIC,2026-05-19,640.85,651.65,658.25,638.3,151322
TIPSMUSIC,2026-05-20,650.0,659.3,668.9,638.6,268575
TIPSMUSIC,2026-05-21,665.0,658.85,683.95,653.0,307845
TIPSMUSIC,2026-05-22,659.85,681.05,686.0,652.05,196204
TIPSMUSIC,2026-05-25,691.1,642.85,692.0,640.0,441680
TIPSMUSIC,2026-05-26,643.15,655.15,658.0,642.85,190384
TIPSMUSIC,2026-05-27,654.7,670.6,676.7,653.0,329004
TIPSMUSIC,2026-05-28,670.6,670.6,670.6,670.6,0
TIPSMUSIC,2026-05-29,668.1,662.45,673.45,658.4,149423
TIPSMUSIC,2026-06-01,667.6,655.2,683.8,646.0,321669
TIPSMUSIC,2026-06-02,654.8,672.3,675.0,648.6,112245
TIPSMUSIC,2026-06-03,674.0,659.85,674.0,647.4,116411
TIPSMUSIC,2026-06-04,657.8,672.1,673.0,655.55,70229
TIPSMUSIC,2026-06-05,675.0,690.95,726.75,675.0,1683476
TIPSMUSIC,2026-06-08,678.0,656.3,683.05,650.0,255328
TIPSMUSIC,2026-06-09,669.0,673.25,679.6,657.65,120170
TIPSMUSIC,2026-06-10,668.75,642.7,668.75,639.75,175194
TIPSMUSIC,2026-06-11,646.7,635.5,649.0,631.65,149224
TIPSMUSIC,2026-06-12,642.1,640.25,649.45,630.3,203868
TIPSMUSIC,2026-06-15,654.9,640.1,661.95,638.25,151529
TIPSMUSIC,2026-06-16,643.95,635.1,647.25,632.05,96330
TIPSMUSIC,2026-06-17,637.4,642.95,650.4,637.25,118115
TIPSMUSIC,2026-06-18,649.9,642.5,649.9,640.1,76460
TIPSMUSIC,2026-06-19,650.4,653.0,661.0,642.6,202966
TIPSMUSIC,2026-06-22,653.0,652.05,665.0,647.3,110498
TIPSMUSIC,2026-06-23,665.0,644.3,670.95,638.2,241020
TIPSMUSIC,2026-06-24,644.3,640.6,648.0,634.35,67739
TIPSMUSIC,2026-06-25,643.0,637.85,646.45,634.6,85518
TIPSMUSIC,2026-06-26,637.85,637.85,637.85,637.85,0
TIPSMUSIC,2026-06-29,634.4,624.2,637.05,620.5,144727
TIPSMUSIC,2026-06-30,624.0,626.8,641.0,621.7,247250
TIPSMUSIC,2026-07-01,633.0,657.95,662.8,633.0,382528
TIPSMUSIC,2026-07-02,675.0,677.1,693.95,667.4,552506
TIPSMUSIC,2026-07-03,683.2,684.65,690.0,677.2,136771
TIPSMUSIC,2026-07-06,694.0,688.75,697.9,678.85,237952
TIPSMUSIC,2026-07-07,688.75,681.2,688.75,668.0,131548
TIPSMUSIC,2026-07-08,680.0,668.45,681.25,659.5,181229
TIPSMUSIC,2026-07-09,665.2,711.15,718.0,665.15,979136
TIPSMUSIC,2026-07-10,717.0,711.55,720.1,698.1,306456
TIPSMUSIC,2026-07-13,711.0,713.75,716.0,700.1,197198
TIPSMUSIC,2026-07-14,716.0,703.8,724.75,699.0,149425
TIPSMUSIC,2026-07-15,705.0,665.5,705.0,652.5,817440
TIPSMUSIC,2026-07-16,668.8,674.15,688.75,664.45,313911
TIPSMUSIC,2026-07-17,674.0,669.0,682.95,659.25,176635
TITAN,2026-04-17,4461.4,4525.9,4531.8,4330.0,2124034
TITAN,2026-04-20,4532.1,4513.0,4549.0,4467.7,1646815
TITAN,2026-04-21,4513.5,4479.7,4544.5,4465.0,656106
TITAN,2026-04-22,4461.7,4454.6,4492.0,4445.2,596352
TITAN,2026-04-23,4411.0,4456.5,4474.0,4393.5,680187
TITAN,2026-04-24,4475.5,4410.0,4486.6,4361.4,958536
TITAN,2026-04-27,4438.8,4441.8,4464.0,4388.4,649222
TITAN,2026-04-28,4412.3,4417.0,4475.0,4395.4,620778
TITAN,2026-04-29,4419.9,4439.8,4472.4,4410.2,702730
TITAN,2026-04-30,4438.0,4385.2,4438.0,4358.0,869299
TITAN,2026-05-01,4385.2,4385.2,4385.2,4385.2,0
TITAN,2026-05-04,4407.1,4363.0,4447.4,4352.7,709160
TITAN,2026-05-05,4355.0,4373.6,4397.0,4330.3,850790
TITAN,2026-05-06,4397.5,4359.6,4441.1,4297.1,1459870
TITAN,2026-05-07,4349.9,4307.5,4359.0,4261.0,1377631
TITAN,2026-05-08,4314.0,4509.0,4605.0,4213.4,4777990
TITAN,2026-05-11,4350.4,4205.6,4379.5,4150.1,5925166
TITAN,2026-05-12,4160.0,4055.3,4213.6,4047.0,1978748
TITAN,2026-05-13,4030.0,4090.7,4110.0,3985.1,2841521
TITAN,2026-05-14,4115.0,4135.2,4147.0,4059.1,1127140
TITAN,2026-05-15,4155.0,4169.1,4194.0,4142.4,901617
TITAN,2026-05-18,4130.1,4169.7,4182.7,4065.6,851825
TITAN,2026-05-19,4136.3,4102.0,4167.9,4095.0,711398
TITAN,2026-05-20,4053.0,4106.4,4116.7,4053.0,913576
TITAN,2026-05-21,4120.0,4083.1,4136.4,4070.0,863060
TITAN,2026-05-22,4057.2,4079.8,4113.8,4054.1,768112
TITAN,2026-05-25,4120.1,4159.2,4170.0,4110.4,606086
TITAN,2026-05-26,4151.9,4105.9,4160.0,4091.0,766717
TITAN,2026-05-27,4098.3,4137.9,4165.1,4091.1,474044
TITAN,2026-05-28,4137.9,4137.9,4137.9,4137.9,0
TITAN,2026-05-29,4116.2,4074.9,4163.3,4059.0,2001419
TITAN,2026-06-01,4100.0,4024.6,4105.0,4007.0,450200
TITAN,2026-06-02,4017.4,4078.1,4088.0,3986.0,522015
TITAN,2026-06-03,4057.0,4088.8,4103.8,4002.0,959352
TITAN,2026-06-04,4075.0,4231.0,4273.8,4052.3,1761933
TITAN,2026-06-05,4269.0,4260.2,4289.0,4223.2,1390200
TITAN,2026-06-08,4196.8,4192.4,4238.1,4180.7,666737
TITAN,2026-06-09,4190.9,4104.9,4217.0,4087.2,1284964
TITAN,2026-06-10,4104.9,4042.1,4119.1,4035.0,613629
TITAN,2026-06-11,4020.1,4025.2,4069.7,3962.8,767665
TITAN,2026-06-12,4067.8,4184.0,4200.0,4052.7,1122271
TITAN,2026-06-15,4221.0,4283.5,4297.0,4220.3,1076822
TITAN,2026-06-16,4298.1,4338.0,4344.0,4283.5,779706
TITAN,2026-06-17,4338.0,4380.5,4395.0,4327.5,623868
TITAN,2026-06-18,4380.0,4387.9,4410.0,4333.1,562833
TITAN,2026-06-19,4360.0,4419.9,4441.7,4360.0,941346
TITAN,2026-06-22,4405.3,4372.5,4414.5,4353.0,390835
TITAN,2026-06-23,4375.0,4305.3,4417.4,4291.1,586588
TITAN,2026-06-24,4302.0,4323.8,4340.8,4263.7,652078
TITAN,2026-06-25,4335.0,4291.3,4335.0,4225.0,754050
TITAN,2026-06-26,4291.3,4291.3,4291.3,4291.3,0
TITAN,2026-06-29,4285.0,4277.2,4316.3,4266.6,569087
TITAN,2026-06-30,4277.5,4404.0,4428.4,4275.0,1243464
TITAN,2026-07-01,4469.0,4398.6,4504.5,4390.1,1168751
TITAN,2026-07-02,4404.0,4481.1,4497.0,4383.1,820705
TITAN,2026-07-03,4495.0,4461.1,4507.7,4451.0,542120
TITAN,2026-07-06,4450.0,4484.4,4490.5,4450.0,589165
TITAN,2026-07-07,4550.0,4604.2,4655.9,4505.0,3385946
TITAN,2026-07-08,4590.4,4586.4,4630.0,4561.7,1045703
TITAN,2026-07-09,4614.8,4555.8,4679.8,4546.1,1777107
TITAN,2026-07-10,4578.6,4584.4,4602.8,4560.7,652646
TITAN,2026-07-13,4578.0,4601.5,4635.0,4524.4,770367
TITAN,2026-07-14,4579.8,4573.7,4600.0,4554.0,631158
TITAN,2026-07-15,4573.7,4579.4,4607.0,4565.1,619451
TITAN,2026-07-16,4585.3,4625.8,4668.8,4580.0,1136159
TITAN,2026-07-17,4626.0,4638.1,4647.5,4610.1,667212
TMB,2026-04-17,686.0,683.75,691.8,675.0,142561
TMB,2026-04-20,685.0,663.85,693.95,661.0,316528
TMB,2026-04-21,661.0,650.95,672.85,648.75,286679
TMB,2026-04-22,655.75,667.4,676.05,653.95,164738
TMB,2026-04-23,667.4,650.05,669.55,647.95,113271
TMB,2026-04-24,643.2,639.9,663.0,637.5,159722
TMB,2026-04-27,644.15,697.3,725.0,644.15,6997356
TMB,2026-04-28,688.0,738.55,760.0,684.95,4114483
TMB,2026-04-29,748.7,744.65,768.4,732.0,1323124
TMB,2026-04-30,739.0,739.65,749.4,728.15,498099
TMB,2026-05-01,739.65,739.65,739.65,739.65,0
TMB,2026-05-04,748.15,734.9,770.0,732.0,546466
TMB,2026-05-05,734.0,728.55,741.2,725.1,264961
TMB,2026-05-06,745.0,756.8,760.0,736.1,425695
TMB,2026-05-07,762.8,743.65,767.95,735.0,285458
TMB,2026-05-08,738.9,730.15,751.25,725.05,282369
TMB,2026-05-11,734.4,681.45,734.45,676.1,586974
TMB,2026-05-12,682.05,663.5,683.6,660.55,264040
TMB,2026-05-13,665.9,681.6,696.8,665.9,297762
TMB,2026-05-14,687.8,666.35,687.8,658.5,174918
TMB,2026-05-15,667.8,668.05,685.55,666.2,126716
TMB,2026-05-18,668.05,686.75,690.95,653.2,287143
TMB,2026-05-19,689.0,679.4,689.0,669.75,128451
TMB,2026-05-20,674.0,692.75,697.85,665.35,141527
TMB,2026-05-21,694.0,691.6,710.0,683.0,269080
TMB,2026-05-22,688.0,682.75,694.6,676.5,117827
TMB,2026-05-25,685.55,684.25,692.2,681.4,79651
TMB,2026-05-26,684.25,683.05,701.6,680.0,128566
TMB,2026-05-27,691.0,679.05,693.85,676.1,123796
TMB,2026-05-28,679.05,679.05,679.05,679.05,0
TMB,2026-05-29,679.05,692.55,700.0,678.0,334883
TMB,2026-06-01,692.0,728.25,747.75,686.35,2797399
TMB,2026-06-02,724.0,739.75,744.0,710.05,325759
TMB,2026-06-03,745.0,740.45,750.95,724.1,269115
TMB,2026-06-04,735.0,748.1,755.0,733.0,232194
TMB,2026-06-05,748.0,745.9,754.75,736.2,163724
TMB,2026-06-08,740.0,738.95,784.9,733.9,646706
TMB,2026-06-09,750.0,780.55,784.8,745.75,443017
TMB,2026-06-10,779.8,774.6,791.95,767.25,194001
TMB,2026-06-11,778.5,767.4,781.75,756.0,159786
TMB,2026-06-12,768.7,767.05,777.4,758.0,210472
TMB,2026-06-15,772.95,774.2,794.95,771.0,270891
TMB,2026-06-16,774.2,762.15,788.85,758.4,231094
TMB,2026-06-17,762.5,781.85,793.5,762.5,286403
TMB,2026-06-18,786.0,780.6,798.25,775.0,152808
TMB,2026-06-19,780.6,780.6,788.45,768.45,192839
TMB,2026-06-22,781.0,768.35,783.45,765.0,144098
TMB,2026-06-23,770.5,759.15,770.75,755.55,89397
TMB,2026-06-24,766.9,763.45,779.85,760.25,100536
TMB,2026-06-25,763.95,732.6,768.4,729.75,291372
TMB,2026-06-26,732.6,732.6,732.6,732.6,0
TMB,2026-06-29,733.0,736.95,746.0,726.0,217939
TMB,2026-06-30,743.25,733.45,746.95,729.1,133047
TMB,2026-07-01,745.0,730.3,748.95,728.0,111102
TMB,2026-07-02,736.0,746.1,763.3,736.0,472291
TMB,2026-07-03,754.9,778.65,799.4,749.6,870192
TMB,2026-07-06,777.45,759.15,782.95,755.0,165218
TMB,2026-07-07,762.0,768.1,782.35,752.9,298162
TMB,2026-07-08,775.95,750.9,777.65,748.6,238541
TMB,2026-07-09,760.0,769.2,772.95,756.0,118102
TMB,2026-07-10,777.0,801.6,807.95,772.55,342476
TMB,2026-07-13,804.95,801.1,812.5,792.0,258937
TMB,2026-07-14,799.0,780.35,800.95,777.15,98226
TMB,2026-07-15,798.0,815.75,819.7,792.35,404554
TMB,2026-07-16,819.6,797.5,821.2,795.0,172839
TMB,2026-07-17,804.8,797.35,804.8,787.1,99299
TORNTPHARM,2026-04-17,4157.0,4179.5,4193.0,4125.7,310122
TORNTPHARM,2026-04-20,4215.0,4191.2,4215.0,4145.2,296605
TORNTPHARM,2026-04-21,4172.0,4135.7,4208.8,4114.0,230855
TORNTPHARM,2026-04-22,4138.9,4084.6,4140.6,4071.2,413095
TORNTPHARM,2026-04-23,4068.6,4147.2,4174.0,4065.1,492873
TORNTPHARM,2026-04-24,4151.0,4117.2,4158.0,4097.4,282947
TORNTPHARM,2026-04-27,4125.0,4219.8,4244.0,4118.6,353785
TORNTPHARM,2026-04-28,4219.8,4182.9,4250.4,4172.8,322631
TORNTPHARM,2026-04-29,4220.0,4231.5,4281.4,4200.0,222082
TORNTPHARM,2026-04-30,4231.7,4185.1,4234.7,4146.1,278059
TORNTPHARM,2026-05-01,4185.1,4185.1,4185.1,4185.1,0
TORNTPHARM,2026-05-04,4223.2,4251.8,4280.0,4213.0,245394
TORNTPHARM,2026-05-05,4251.8,4275.1,4300.0,4236.4,162268
TORNTPHARM,2026-05-06,4299.9,4358.3,4436.8,4274.0,322957
TORNTPHARM,2026-05-07,4360.0,4362.7,4405.7,4346.5,190314
TORNTPHARM,2026-05-08,4350.0,4380.8,4398.4,4336.7,116850
TORNTPHARM,2026-05-11,4406.3,4517.1,4555.1,4337.9,567958
TORNTPHARM,2026-05-12,4509.5,4381.9,4509.5,4373.0,273700
TORNTPHARM,2026-05-13,4355.8,4295.8,4409.9,4264.0,316867
TORNTPHARM,2026-05-14,4348.2,4403.9,4420.7,4318.0,243561
TORNTPHARM,2026-05-15,4425.0,4405.7,4450.4,4380.3,303882
TORNTPHARM,2026-05-18,4357.0,4393.7,4429.9,4306.0,329331
TORNTPHARM,2026-05-19,4392.0,4460.1,4500.0,4358.0,314462
TORNTPHARM,2026-05-20,4440.1,4429.2,4520.9,4400.0,331283
TORNTPHARM,2026-05-21,4517.7,4469.2,4517.7,4444.2,245755
TORNTPHARM,2026-05-22,4474.3,4486.2,4535.0,4440.7,205928
TORNTPHARM,2026-05-25,4525.0,4572.6,4712.9,4510.0,1007365
TORNTPHARM,2026-05-26,4572.3,4452.1,4595.2,4413.0,506176
TORNTPHARM,2026-05-27,4468.0,4537.8,4552.9,4434.1,217334
TORNTPHARM,2026-05-28,4537.8,4537.8,4537.8,4537.8,0
TORNTPHARM,2026-05-29,4554.8,4410.8,4575.0,4356.1,3002937
TORNTPHARM,2026-06-01,4438.1,4350.4,4444.0,4325.3,694048
TORNTPHARM,2026-06-02,4280.0,4317.9,4338.4,4240.3,644323
TORNTPHARM,2026-06-03,4317.9,4368.5,4389.9,4284.1,405210
TORNTPHARM,2026-06-04,4389.0,4339.9,4425.0,4328.1,595200
TORNTPHARM,2026-06-05,4350.0,4420.9,4453.5,4323.0,425216
TORNTPHARM,2026-06-08,4350.0,4410.4,4520.0,4350.0,389687
TORNTPHARM,2026-06-09,4442.8,4472.9,4497.3,4413.0,221954
TORNTPHARM,2026-06-10,4490.0,4463.7,4560.1,4452.2,349028
TORNTPHARM,2026-06-11,4471.6,4572.2,4611.5,4431.1,830928
TORNTPHARM,2026-06-12,4619.5,4571.2,4666.0,4557.9,426095
TORNTPHARM,2026-06-15,4600.0,4504.0,4600.0,4497.5,573684
TORNTPHARM,2026-06-16,4529.0,4466.7,4536.1,4440.0,270242
TORNTPHARM,2026-06-17,4475.0,4442.8,4496.4,4414.8,304463
TORNTPHARM,2026-06-18,4450.0,4445.5,4496.4,4419.0,318188
TORNTPHARM,2026-06-19,4417.7,4429.8,4486.9,4415.0,736331
TORNTPHARM,2026-06-22,4454.2,4457.0,4477.4,4377.0,704691
TORNTPHARM,2026-06-23,4492.5,4514.1,4566.8,4460.1,518244
TORNTPHARM,2026-06-24,4503.9,4504.4,4545.0,4471.5,263526
TORNTPHARM,2026-06-25,4477.3,4516.2,4549.8,4472.4,203323
TORNTPHARM,2026-06-26,4516.2,4516.2,4516.2,4516.2,0
TORNTPHARM,2026-06-29,4516.2,4657.6,4742.9,4506.1,2069992
TORNTPHARM,2026-06-30,4668.9,4620.1,4679.7,4580.0,466117
TORNTPHARM,2026-07-01,4646.9,4640.8,4679.6,4574.3,200344
TORNTPHARM,2026-07-02,4672.0,4661.4,4675.0,4620.8,227461
TORNTPHARM,2026-07-03,4680.0,4768.3,4783.0,4680.0,345920
TORNTPHARM,2026-07-06,4770.1,4822.7,4826.7,4743.1,271017
TORNTPHARM,2026-07-07,4854.8,4856.7,4878.9,4818.5,536006
TORNTPHARM,2026-07-08,4850.0,4866.4,4948.0,4825.1,1025007
TORNTPHARM,2026-07-09,4852.0,4898.2,4937.4,4847.0,460740
TORNTPHARM,2026-07-10,4866.0,4901.5,4910.0,4778.8,963130
TORNTPHARM,2026-07-13,4898.7,4951.1,4973.0,4861.5,763977
TORNTPHARM,2026-07-14,4940.0,4973.5,5010.0,4916.4,794164
TORNTPHARM,2026-07-15,4975.0,5017.8,5033.4,4918.1,778853
TORNTPHARM,2026-07-16,5025.3,4987.6,5085.8,4812.2,5061339
TORNTPHARM,2026-07-17,4915.4,4763.0,4932.9,4695.1,1396928
TRENT,2026-04-17,2733.87,2738.47,2778.4,2726.67,1872909
TRENT,2026-04-20,2766.67,2828.53,2851.33,2751.8,3342232
TRENT,2026-04-21,2842.67,2927.0,2963.0,2828.53,3657111
TRENT,2026-04-22,2957.33,2956.33,2998.67,2891.07,3895303
TRENT,2026-04-23,2960.0,2834.27,2986.27,2816.67,7204105
TRENT,2026-04-24,2840.0,2864.87,2896.0,2800.0,2433141
TRENT,2026-04-27,2890.67,2840.53,2899.0,2830.93,1586730
TRENT,2026-04-28,2840.53,2835.93,2846.6,2801.33,1343208
TRENT,2026-04-29,2848.67,2818.87,2869.8,2812.47,965358
TRENT,2026-04-30,2810.07,2763.07,2812.27,2749.33,850288
TRENT,2026-05-01,2763.07,2763.07,2763.07,2763.07,0
TRENT,2026-05-04,2756.67,2772.33,2795.93,2711.47,1021008
TRENT,2026-05-05,2766.73,2756.93,2772.33,2717.07,697752
TRENT,2026-05-06,2771.93,2859.87,2883.0,2771.0,2076619
TRENT,2026-05-07,2893.87,2862.73,2903.33,2858.47,899052
TRENT,2026-05-08,2855.47,2828.2,2879.27,2814.6,812644
TRENT,2026-05-11,2818.13,2787.4,2826.0,2768.87,671347
TRENT,2026-05-12,2770.67,2700.4,2789.0,2691.73,1257577
TRENT,2026-05-13,2692.33,2723.0,2751.33,2680.67,682320
TRENT,2026-05-14,2732.8,2754.93,2777.67,2732.8,1006207
TRENT,2026-05-15,2754.93,2734.2,2762.93,2688.0,1025671
TRENT,2026-05-18,2700.67,2688.2,2712.47,2653.73,1621033
TRENT,2026-05-19,2694.0,2713.07,2739.8,2684.07,778135
TRENT,2026-05-20,2688.47,2733.27,2742.67,2681.33,751509
TRENT,2026-05-21,2756.67,2780.27,2793.93,2701.33,1122106
TRENT,2026-05-22,2792.67,2864.33,2876.6,2771.53,1631965
TRENT,2026-05-25,2894.0,2866.67,2908.0,2860.0,876774
TRENT,2026-05-26,2860.0,2826.4,2873.53,2820.0,843390
TRENT,2026-05-27,2826.4,2832.4,2858.2,2813.67,644872
TRENT,2026-05-28,2832.4,2832.4,2832.4,2832.4,0
TRENT,2026-05-29,2840.0,2816.0,2890.47,2793.33,1777057
TRENT,2026-06-01,2822.87,2771.53,2837.4,2761.93,978147
TRENT,2026-06-02,2703.6,2806.93,2830.2,2703.6,1130323
TRENT,2026-06-03,2813.33,2838.4,2856.53,2776.67,817263
TRENT,2026-06-04,2830.0,2837.6,2849.0,2751.0,1567328
TRENT,2026-06-05,2830.0,2774.2,2837.5,2753.0,1346639
TRENT,2026-06-08,2740.0,2724.1,2798.0,2708.5,954677
TRENT,2026-06-09,2731.2,2771.3,2803.8,2731.2,1496702
TRENT,2026-06-10,2785.2,2754.7,2845.5,2743.3,1588046
TRENT,2026-06-11,2748.0,2710.9,2750.0,2680.0,980802
TRENT,2026-06-12,2758.0,2755.3,2783.9,2720.4,583327
TRENT,2026-06-15,2791.3,2901.1,2944.5,2791.3,2230325
TRENT,2026-06-16,2915.5,2897.8,2923.2,2875.0,811498
TRENT,2026-06-17,2905.0,3102.8,3115.0,2905.0,5645225
TRENT,2026-06-18,3125.0,3179.7,3192.0,3105.0,3695494
TRENT,2026-06-19,3182.0,3205.8,3218.8,3140.0,2456189
TRENT,2026-06-22,3209.8,3180.6,3241.8,3171.0,1265490
TRENT,2026-06-23,3172.1,3142.9,3232.0,3137.0,1491098
TRENT,2026-06-24,3158.1,3247.0,3309.2,3140.0,3950989
TRENT,2026-06-25,3270.0,3216.2,3290.9,3206.6,1414292
TRENT,2026-06-26,3216.2,3216.2,3216.2,3216.2,0
TRENT,2026-06-29,3225.3,3258.3,3312.0,3225.3,2676532
TRENT,2026-06-30,3275.0,3282.6,3295.0,3242.4,1512736
TRENT,2026-07-01,3285.0,3290.3,3296.7,3263.0,683229
TRENT,2026-07-02,3290.5,3317.8,3344.9,3265.0,1092281
TRENT,2026-07-03,3374.0,3340.6,3399.7,3320.0,1504875
TRENT,2026-07-06,3341.0,3343.8,3365.0,3330.1,800656
TRENT,2026-07-07,3080.0,2927.8,3080.0,2920.0,9059505
TRENT,2026-07-08,2921.0,2924.0,2984.9,2892.4,2737768
TRENT,2026-07-09,2945.0,2904.1,2963.2,2895.5,1547534
TRENT,2026-07-10,2934.0,2902.8,2938.7,2896.8,1093622
TRENT,2026-07-13,2884.0,2900.1,2914.9,2862.5,1111293
TRENT,2026-07-14,2900.0,2869.1,2900.0,2855.2,784332
TRENT,2026-07-15,2875.0,2867.7,2897.4,2857.4,1034561
TRENT,2026-07-16,2876.7,2860.2,2905.0,2855.0,905518
TRENT,2026-07-17,2860.9,2842.4,2873.9,2838.2,791066
TRITURBINE,2026-04-17,480.0,515.45,532.7,475.8,6236306
TRITURBINE,2026-04-20,518.05,576.2,605.95,512.85,62274832
TRITURBINE,2026-04-21,574.9,570.1,587.0,557.05,11181540
TRITURBINE,2026-04-22,565.0,570.9,576.8,562.0,1612347
TRITURBINE,2026-04-23,570.85,579.0,586.8,566.35,2143331
TRITURBINE,2026-04-24,577.0,569.85,580.0,553.0,1308764
TRITURBINE,2026-04-27,572.9,580.0,588.0,564.8,798863
TRITURBINE,2026-04-28,582.9,581.65,590.0,572.25,1386666
TRITURBINE,2026-04-29,586.9,574.6,595.65,570.75,859577
TRITURBINE,2026-04-30,574.0,573.25,578.1,562.0,513534
TRITURBINE,2026-05-01,573.25,573.25,573.25,573.25,0
TRITURBINE,2026-05-04,573.95,570.0,580.5,568.05,510283
TRITURBINE,2026-05-05,571.4,556.45,574.35,554.0,343316
TRITURBINE,2026-05-06,560.0,557.3,564.85,543.5,584350
TRITURBINE,2026-05-07,561.15,574.1,579.3,559.2,732285
TRITURBINE,2026-05-08,575.25,597.9,604.65,564.3,2294453
TRITURBINE,2026-05-11,600.5,582.05,601.0,581.0,793132
TRITURBINE,2026-05-12,584.5,560.7,590.0,557.35,437915
TRITURBINE,2026-05-13,560.7,565.3,578.1,557.2,424100
TRITURBINE,2026-05-14,565.5,578.55,582.0,562.25,499307
TRITURBINE,2026-05-15,580.4,606.95,612.9,574.05,2988155
TRITURBINE,2026-05-18,606.0,596.65,612.4,590.0,1269442
TRITURBINE,2026-05-19,587.8,638.05,655.4,560.85,23988920
TRITURBINE,2026-05-20,642.95,656.55,664.0,617.1,8531572
TRITURBINE,2026-05-21,657.25,705.6,712.0,657.0,15939472
TRITURBINE,2026-05-22,711.95,706.95,738.0,693.0,13994095
TRITURBINE,2026-05-25,706.95,692.75,714.9,687.6,1691050
TRITURBINE,2026-05-26,692.75,690.45,703.9,685.0,954520
TRITURBINE,2026-05-27,690.5,719.15,724.55,690.5,2436940
TRITURBINE,2026-05-28,719.15,719.15,719.15,719.15,0
TRITURBINE,2026-05-29,725.0,741.5,787.6,724.5,6887269
TRITURBINE,2026-06-01,742.0,694.5,747.45,685.65,1397443
TRITURBINE,2026-06-02,690.0,689.25,695.4,673.7,959302
TRITURBINE,2026-06-03,690.0,668.85,699.9,664.45,831599
TRITURBINE,2026-06-04,668.85,693.4,706.0,661.25,1409484
TRITURBINE,2026-06-05,693.55,686.9,699.2,681.55,664837
TRITURBINE,2026-06-08,680.05,663.6,682.2,654.4,458411
TRITURBINE,2026-06-09,665.0,673.2,679.0,662.95,376681
TRITURBINE,2026-06-10,673.9,652.05,676.5,646.8,452314
TRITURBINE,2026-06-11,650.0,640.7,660.8,637.65,427465
TRITURBINE,2026-06-12,644.95,671.2,672.8,644.95,671285
TRITURBINE,2026-06-15,680.0,663.15,690.95,660.1,684571
TRITURBINE,2026-06-16,664.25,662.25,675.7,660.1,407514
TRITURBINE,2026-06-17,662.3,677.4,679.9,656.55,478013
TRITURBINE,2026-06-18,677.4,674.15,687.0,667.05,529334
TRITURBINE,2026-06-19,677.0,672.3,696.6,665.0,919523
TRITURBINE,2026-06-22,671.0,737.3,749.0,662.85,5384171
TRITURBINE,2026-06-23,732.0,717.65,735.45,703.35,1533296
TRITURBINE,2026-06-24,720.0,675.55,721.6,661.3,3169780
TRITURBINE,2026-06-25,678.25,669.35,682.9,664.0,1035734
TRITURBINE,2026-06-26,669.35,669.35,669.35,669.35,0
TRITURBINE,2026-06-29,669.35,687.4,696.6,660.5,2134509
TRITURBINE,2026-06-30,683.2,689.75,699.0,680.15,673122
TRITURBINE,2026-07-01,687.0,677.35,696.4,673.2,482243
TRITURBINE,2026-07-02,677.55,664.8,681.55,663.0,696873
TRITURBINE,2026-07-03,668.9,657.9,674.1,652.85,580912
TRITURBINE,2026-07-06,658.0,649.4,666.7,647.1,647394
TRITURBINE,2026-07-07,652.0,636.55,657.45,631.2,485017
TRITURBINE,2026-07-08,632.0,613.1,641.25,609.7,861012
TRITURBINE,2026-07-09,613.95,612.0,624.5,609.3,807731
TRITURBINE,2026-07-10,619.9,606.1,623.0,599.2,1084729
TRITURBINE,2026-07-13,602.05,616.7,624.75,595.0,1367340
TRITURBINE,2026-07-14,616.65,607.65,616.65,597.2,705061
TRITURBINE,2026-07-15,608.6,639.25,643.0,608.6,2034539
TRITURBINE,2026-07-16,640.0,625.7,647.5,622.7,1544070
TRITURBINE,2026-07-17,629.0,615.25,629.0,611.65,310596
TVSMOTOR,2026-04-17,3760.1,3735.8,3787.0,3722.0,574208
TVSMOTOR,2026-04-20,3735.8,3761.9,3782.0,3701.1,724613
TVSMOTOR,2026-04-21,3781.0,3752.7,3807.9,3748.1,439113
TVSMOTOR,2026-04-22,3724.1,3660.7,3770.5,3648.4,571597
TVSMOTOR,2026-04-23,3636.0,3513.0,3636.0,3482.2,2250372
TVSMOTOR,2026-04-24,3513.0,3488.2,3543.3,3462.7,734340
TVSMOTOR,2026-04-27,3500.5,3552.6,3564.1,3483.6,1025395
TVSMOTOR,2026-04-28,3557.9,3495.9,3565.0,3482.8,446619
TVSMOTOR,2026-04-29,3513.0,3553.9,3602.0,3501.0,753712
TVSMOTOR,2026-04-30,3462.0,3492.9,3519.0,3415.1,947815
TVSMOTOR,2026-05-01,3492.9,3492.9,3492.9,3492.9,0
TVSMOTOR,2026-05-04,3400.0,3495.5,3536.8,3367.8,1154996
TVSMOTOR,2026-05-05,3499.9,3534.4,3544.0,3462.8,391351
TVSMOTOR,2026-05-06,3575.0,3617.9,3625.0,3514.6,899005
TVSMOTOR,2026-05-07,3600.0,3706.7,3730.0,3592.6,1058111
TVSMOTOR,2026-05-08,3654.5,3695.2,3718.7,3633.1,365671
TVSMOTOR,2026-05-11,3651.0,3613.7,3684.9,3601.0,518265
TVSMOTOR,2026-05-12,3596.2,3561.0,3613.0,3535.0,891189
TVSMOTOR,2026-05-13,3565.0,3527.2,3647.5,3483.0,1518811
TVSMOTOR,2026-05-14,3543.8,3460.8,3543.8,3382.8,1847461
TVSMOTOR,2026-05-15,3455.6,3466.8,3498.9,3418.7,1007746
TVSMOTOR,2026-05-18,3430.0,3291.0,3435.9,3275.0,2579482
TVSMOTOR,2026-05-19,3285.0,3283.4,3316.0,3228.0,2484911
TVSMOTOR,2026-05-20,3285.4,3361.9,3380.9,3232.2,1265474
TVSMOTOR,2026-05-21,3378.5,3380.7,3400.9,3342.0,823043
TVSMOTOR,2026-05-22,3380.0,3417.5,3443.4,3380.0,924915
TVSMOTOR,2026-05-25,3458.0,3469.5,3501.7,3420.0,918345
TVSMOTOR,2026-05-26,3469.5,3454.9,3484.5,3419.7,651538
TVSMOTOR,2026-05-27,3441.0,3384.6,3475.4,3361.1,2535619
TVSMOTOR,2026-05-28,3384.6,3384.6,3384.6,3384.6,0
TVSMOTOR,2026-05-29,3417.9,3355.7,3465.0,3315.2,2519839
TVSMOTOR,2026-06-01,3382.0,3344.4,3420.0,3335.1,1210591
TVSMOTOR,2026-06-02,3328.0,3366.9,3383.0,3291.6,516666
TVSMOTOR,2026-06-03,3360.0,3316.9,3366.8,3301.4,846948
TVSMOTOR,2026-06-04,3310.0,3362.5,3400.7,3292.2,1089659
TVSMOTOR,2026-06-05,3380.0,3383.9,3397.0,3345.0,813580
TVSMOTOR,2026-06-08,3325.0,3317.6,3378.9,3301.0,949326
TVSMOTOR,2026-06-09,3357.0,3358.0,3372.7,3325.0,797346
TVSMOTOR,2026-06-10,3350.0,3334.9,3381.2,3323.0,843833
TVSMOTOR,2026-06-11,3300.0,3287.4,3333.9,3278.7,913252
TVSMOTOR,2026-06-12,3320.0,3312.8,3366.8,3265.6,2401100
TVSMOTOR,2026-06-15,3362.1,3459.5,3481.7,3333.0,1924317
TVSMOTOR,2026-06-16,3464.9,3435.5,3475.0,3411.0,886854
TVSMOTOR,2026-06-17,3454.9,3448.7,3480.0,3415.5,492280
TVSMOTOR,2026-06-18,3459.9,3457.6,3475.0,3447.0,349614
TVSMOTOR,2026-06-19,3437.6,3442.9,3460.8,3414.3,926221
TVSMOTOR,2026-06-22,3470.0,3488.7,3496.6,3443.1,990508
TVSMOTOR,2026-06-23,3495.0,3456.2,3520.0,3443.0,820710
TVSMOTOR,2026-06-24,3450.1,3440.6,3470.0,3375.7,920550
TVSMOTOR,2026-06-25,3452.0,3569.7,3602.3,3452.0,2126765
TVSMOTOR,2026-06-26,3569.7,3569.7,3569.7,3569.7,0
TVSMOTOR,2026-06-29,3542.4,3456.8,3578.0,3436.6,4095846
TVSMOTOR,2026-06-30,3490.1,3460.6,3509.8,3429.0,1071980
TVSMOTOR,2026-07-01,3484.0,3494.0,3509.0,3463.4,768295
TVSMOTOR,2026-07-02,3586.0,3626.8,3634.4,3527.0,1765454
TVSMOTOR,2026-07-03,3674.9,3627.4,3674.9,3603.0,731645
TVSMOTOR,2026-07-06,3627.4,3705.0,3737.0,3619.0,701935
TVSMOTOR,2026-07-07,3727.0,3712.7,3775.0,3702.6,836397
TVSMOTOR,2026-07-08,3666.0,3639.7,3767.7,3624.7,1176977
TVSMOTOR,2026-07-09,3657.0,3626.1,3698.9,3617.5,511357
TVSMOTOR,2026-07-10,3644.1,3623.1,3668.0,3608.6,345846
TVSMOTOR,2026-07-13,3599.8,3676.9,3695.0,3572.8,497827
TVSMOTOR,2026-07-14,3640.0,3608.4,3655.0,3589.7,636848
TVSMOTOR,2026-07-15,3607.7,3612.3,3650.9,3582.5,709493
TVSMOTOR,2026-07-16,3622.1,3563.5,3629.9,3549.9,1209278
TVSMOTOR,2026-07-17,3563.5,3618.2,3628.0,3563.0,825661
UNOMINDA,2026-04-17,1114.1,1097.8,1114.1,1084.0,985741
UNOMINDA,2026-04-20,1097.8,1129.4,1136.0,1071.2,1976127
UNOMINDA,2026-04-21,1136.6,1149.6,1156.2,1123.6,1873782
UNOMINDA,2026-04-22,1140.1,1151.3,1155.0,1136.2,1178966
UNOMINDA,2026-04-23,1149.0,1130.1,1160.3,1123.2,760483
UNOMINDA,2026-04-24,1134.9,1108.1,1137.2,1091.2,552580
UNOMINDA,2026-04-27,1108.1,1130.9,1138.3,1101.3,503867
UNOMINDA,2026-04-28,1131.1,1129.7,1134.7,1119.7,603095
UNOMINDA,2026-04-29,1133.0,1131.8,1165.0,1126.3,750041
UNOMINDA,2026-04-30,1127.1,1112.5,1127.1,1099.1,567965
UNOMINDA,2026-05-01,1112.5,1112.5,1112.5,1112.5,0
UNOMINDA,2026-05-04,1123.5,1109.8,1138.9,1104.6,637278
UNOMINDA,2026-05-05,1104.1,1087.1,1111.5,1066.3,865301
UNOMINDA,2026-05-06,1094.8,1127.9,1133.3,1086.5,1268118
UNOMINDA,2026-05-07,1138.6,1145.7,1149.0,1115.5,883583
UNOMINDA,2026-05-08,1143.0,1178.9,1189.7,1141.4,1117899
UNOMINDA,2026-05-11,1164.9,1173.1,1180.1,1153.3,626384
UNOMINDA,2026-05-12,1168.1,1141.9,1173.9,1136.2,560792
UNOMINDA,2026-05-13,1138.5,1126.3,1154.8,1120.0,1337361
UNOMINDA,2026-05-14,1134.0,1122.3,1137.0,1102.1,707034
UNOMINDA,2026-05-15,1130.0,1121.8,1133.9,1110.1,625374
UNOMINDA,2026-05-18,1122.6,1067.8,1161.5,1060.1,2592716
UNOMINDA,2026-05-19,1057.6,1051.9,1062.3,1007.5,2657446
UNOMINDA,2026-05-20,1050.0,1056.4,1064.9,1022.3,805812
UNOMINDA,2026-05-21,1066.0,1079.1,1084.4,1057.1,1269664
UNOMINDA,2026-05-22,1085.0,1089.3,1112.8,1071.2,1131416
UNOMINDA,2026-05-25,1100.0,1118.5,1123.6,1099.0,1331136
UNOMINDA,2026-05-26,1118.0,1114.9,1125.4,1107.1,419941
UNOMINDA,2026-05-27,1115.0,1130.8,1135.0,1112.0,807439
UNOMINDA,2026-05-28,1130.8,1130.8,1130.8,1130.8,0
UNOMINDA,2026-05-29,1130.0,1101.7,1136.8,1095.3,969269
UNOMINDA,2026-06-01,1106.0,1079.4,1113.9,1070.0,583104
UNOMINDA,2026-06-02,1077.4,1089.8,1096.8,1057.2,703100
UNOMINDA,2026-06-03,1088.3,1082.7,1093.6,1068.4,988559
UNOMINDA,2026-06-04,1072.6,1082.8,1097.2,1069.8,849883
UNOMINDA,2026-06-05,1096.0,1090.0,1106.8,1070.9,1052282
UNOMINDA,2026-06-08,1084.2,1053.1,1087.8,1045.0,1133989
UNOMINDA,2026-06-09,1059.4,1094.0,1097.4,1057.7,822653
UNOMINDA,2026-06-10,1092.0,1080.5,1096.1,1072.4,466748
UNOMINDA,2026-06-11,1071.6,1067.3,1077.5,1053.0,627702
UNOMINDA,2026-06-12,1077.9,1057.7,1086.0,1031.3,1395251
UNOMINDA,2026-06-15,1078.6,1125.7,1137.7,1071.5,1344806
UNOMINDA,2026-06-16,1131.3,1089.5,1137.0,1085.6,524900
UNOMINDA,2026-06-17,1090.7,1088.0,1106.5,1079.1,478371
UNOMINDA,2026-06-18,1090.0,1097.9,1102.5,1088.1,313050
UNOMINDA,2026-06-19,1097.0,1115.6,1118.0,1089.3,551672
UNOMINDA,2026-06-22,1119.9,1116.7,1129.0,1112.5,697213
UNOMINDA,2026-06-23,1116.9,1118.3,1127.0,1105.9,563272
UNOMINDA,2026-06-24,1122.0,1103.5,1122.0,1089.0,1158957
UNOMINDA,2026-06-25,1108.0,1136.5,1153.9,1104.4,1533156
UNOMINDA,2026-06-26,1136.5,1136.5,1136.5,1136.5,0
UNOMINDA,2026-06-29,1140.0,1091.3,1141.1,1086.6,1742483
UNOMINDA,2026-06-30,1093.0,1087.8,1108.4,1067.7,1058272
UNOMINDA,2026-07-01,1092.0,1088.1,1102.7,1076.2,379280
UNOMINDA,2026-07-02,1092.1,1121.0,1124.0,1089.0,575290
UNOMINDA,2026-07-03,1135.0,1126.1,1149.3,1121.2,588681
UNOMINDA,2026-07-06,1135.1,1138.0,1151.4,1100.0,1450833
UNOMINDA,2026-07-07,1137.0,1129.2,1151.0,1114.2,528204
UNOMINDA,2026-07-08,1122.5,1131.9,1156.9,1116.2,2144276
UNOMINDA,2026-07-09,1138.0,1154.5,1169.0,1137.5,1045399
UNOMINDA,2026-07-10,1165.0,1166.1,1179.9,1157.5,925292
UNOMINDA,2026-07-13,1150.0,1152.3,1171.3,1145.9,526048
UNOMINDA,2026-07-14,1152.3,1137.0,1152.3,1119.0,980807
UNOMINDA,2026-07-15,1145.0,1157.7,1171.0,1140.2,723132
UNOMINDA,2026-07-16,1159.0,1150.6,1172.0,1141.0,740834
UNOMINDA,2026-07-17,1154.6,1154.8,1158.0,1146.3,501204
VBL,2026-04-17,453.3,473.9,475.2,453.3,11968336
VBL,2026-04-20,476.4,466.55,476.95,464.3,6027104
VBL,2026-04-21,466.55,485.1,487.05,466.55,7932444
VBL,2026-04-22,486.95,494.95,498.7,484.35,11943145
VBL,2026-04-23,490.0,484.25,490.85,476.4,10692659
VBL,2026-04-24,484.4,490.45,492.9,481.3,13173088
VBL,2026-04-27,494.9,518.85,521.7,479.85,36094833
VBL,2026-04-28,521.5,518.55,529.4,515.05,14074482
VBL,2026-04-29,520.9,523.1,534.7,519.45,9973200
VBL,2026-04-30,523.1,513.7,523.9,509.25,7127837
VBL,2026-05-01,513.7,513.7,513.7,513.7,0
VBL,2026-05-04,513.7,506.75,521.35,505.0,5234719
VBL,2026-05-05,503.95,511.7,513.0,499.8,4854705
VBL,2026-05-06,515.0,508.95,516.55,501.7,4518907
VBL,2026-05-07,508.95,510.6,515.0,507.05,3542867
VBL,2026-05-08,511.0,508.85,514.5,506.6,1878374
VBL,2026-05-11,506.0,501.3,507.45,499.5,2707721
VBL,2026-05-12,499.0,488.35,505.65,486.6,3884745
VBL,2026-05-13,485.0,489.15,498.8,484.65,3933073
VBL,2026-05-14,491.4,505.15,506.9,489.45,4345986
VBL,2026-05-15,507.0,503.8,510.0,501.15,3728317
VBL,2026-05-18,503.8,511.5,514.7,494.3,4593884
VBL,2026-05-19,511.9,514.8,518.85,509.3,5130324
VBL,2026-05-20,507.5,514.0,516.7,506.95,5735895
VBL,2026-05-21,515.0,519.85,525.9,514.15,6850797
VBL,2026-05-22,532.0,539.45,541.4,526.6,18510994
VBL,2026-05-25,542.95,530.7,543.95,526.2,8578018
VBL,2026-05-26,529.15,531.3,535.0,526.55,4811410
VBL,2026-05-27,532.7,534.5,540.0,530.4,4232992
VBL,2026-05-28,534.5,534.5,534.5,534.5,0
VBL,2026-05-29,539.0,528.0,544.4,525.45,13582024
VBL,2026-06-01,529.0,525.5,532.3,522.0,3454028
VBL,2026-06-02,518.0,537.0,538.0,515.15,8512936
VBL,2026-06-03,538.95,533.4,539.65,528.5,4501572
VBL,2026-06-04,533.0,528.4,535.8,527.15,2968198
VBL,2026-06-05,527.5,523.3,527.9,518.3,3217921
VBL,2026-06-08,518.3,522.15,531.0,511.5,5396987
VBL,2026-06-09,524.0,529.75,531.25,523.85,4547800
VBL,2026-06-10,530.0,526.25,538.6,524.35,3150329
VBL,2026-06-11,521.1,519.9,532.3,518.5,2704464
VBL,2026-06-12,526.0,522.2,530.0,517.5,2335737
VBL,2026-06-15,529.0,541.0,543.35,527.2,7594901
VBL,2026-06-16,543.35,541.05,543.35,536.1,3831572
VBL,2026-06-17,541.2,544.05,555.8,540.1,7532315
VBL,2026-06-18,547.7,531.55,551.7,529.9,8122763
VBL,2026-06-19,535.9,529.5,538.7,526.35,9495702
VBL,2026-06-22,528.0,512.95,530.0,504.1,11556735
VBL,2026-06-23,512.05,504.3,517.0,502.95,6358283
VBL,2026-06-24,507.4,506.7,514.55,504.3,6476790
VBL,2026-06-25,508.75,507.65,514.6,505.45,4139647
VBL,2026-06-26,507.65,507.65,507.65,507.65,0
VBL,2026-06-29,507.65,504.1,508.85,502.35,3941267
VBL,2026-06-30,506.4,507.55,510.3,502.75,3722439
VBL,2026-07-01,509.0,515.7,523.8,507.6,4419221
VBL,2026-07-02,515.05,510.65,517.95,508.5,5284923
VBL,2026-07-03,517.5,515.8,522.4,512.75,3567591
VBL,2026-07-06,510.0,494.85,512.3,490.5,9967183
VBL,2026-07-07,500.0,484.25,501.5,481.25,7058165
VBL,2026-07-08,482.55,474.55,483.5,472.1,3846105
VBL,2026-07-09,477.0,481.4,484.5,475.9,5558894
VBL,2026-07-10,485.5,478.1,488.0,475.8,9967759
VBL,2026-07-13,477.25,469.1,478.7,464.55,7281774
VBL,2026-07-14,468.0,470.25,474.3,465.5,7372887
VBL,2026-07-15,471.25,464.2,472.7,463.25,5070265
VBL,2026-07-16,465.45,466.55,467.85,462.05,5854168
VBL,2026-07-17,468.0,463.35,468.0,460.1,2797591
VGUARD,2026-04-17,325.25,328.85,333.2,325.0,208353
VGUARD,2026-04-20,328.85,330.75,334.0,321.55,289600
VGUARD,2026-04-21,331.0,333.5,335.25,331.0,133187
VGUARD,2026-04-22,333.5,332.95,336.65,332.2,192013
VGUARD,2026-04-23,332.5,333.75,336.8,328.35,267809
VGUARD,2026-04-24,335.0,328.85,335.15,327.05,149483
VGUARD,2026-04-27,328.05,333.75,337.9,328.05,442097
VGUARD,2026-04-28,333.0,334.05,338.0,331.05,220770
VGUARD,2026-04-29,334.05,333.65,337.3,332.75,172299
VGUARD,2026-04-30,333.65,330.2,333.95,326.25,168351
VGUARD,2026-05-04,331.1,334.65,337.25,326.95,254361
VGUARD,2026-05-05,333.15,338.9,341.0,331.65,302840
VGUARD,2026-05-06,341.95,332.35,341.95,331.0,272438
VGUARD,2026-05-07,333.9,331.95,336.0,325.55,454554
VGUARD,2026-05-08,331.95,331.4,334.7,329.05,154456
VGUARD,2026-05-11,331.4,332.15,333.7,325.55,160257
VGUARD,2026-05-12,332.0,321.25,334.0,315.1,1592816
VGUARD,2026-05-13,321.8,325.2,329.7,315.0,688410
VGUARD,2026-05-14,329.9,319.05,333.05,316.35,349876
VGUARD,2026-05-15,323.4,320.55,330.95,318.0,511061
VGUARD,2026-05-18,320.95,317.45,326.35,312.1,404857
VGUARD,2026-05-19,316.95,312.85,326.0,312.0,507047
VGUARD,2026-05-20,313.0,308.05,315.45,307.4,214794
VGUARD,2026-05-21,310.0,304.9,315.0,304.2,463284
VGUARD,2026-05-22,306.05,305.1,310.9,304.15,712025
VGUARD,2026-05-25,308.0,306.6,312.25,303.3,1081566
VGUARD,2026-05-26,306.0,314.45,316.0,305.0,293098
VGUARD,2026-05-27,315.9,315.35,316.9,312.9,199604
VGUARD,2026-05-28,315.35,315.35,315.35,315.35,0
VGUARD,2026-05-29,315.35,306.75,317.65,304.0,418564
VGUARD,2026-06-01,307.4,300.2,310.0,299.1,400181
VGUARD,2026-06-02,299.05,303.75,306.0,296.2,288634
VGUARD,2026-06-03,304.3,300.7,304.3,297.05,167620
VGUARD,2026-06-04,297.2,301.2,303.1,297.2,93734
VGUARD,2026-06-05,301.2,310.45,313.5,301.2,382792
VGUARD,2026-06-08,309.6,300.75,309.6,299.0,119376
VGUARD,2026-06-09,302.95,301.6,304.05,300.25,83231
VGUARD,2026-06-10,302.1,297.4,303.2,297.0,95497
VGUARD,2026-06-11,297.4,293.45,299.0,292.55,110134
VGUARD,2026-06-12,299.0,299.15,299.85,295.05,99155
VGUARD,2026-06-15,302.9,303.45,309.0,302.25,129384
VGUARD,2026-06-16,305.0,305.75,306.95,304.0,74014
VGUARD,2026-06-17,306.95,305.85,310.15,304.6,143567
VGUARD,2026-06-18,305.85,310.45,311.75,304.0,163934
VGUARD,2026-06-19,310.45,311.25,316.15,308.1,359177
VGUARD,2026-06-22,314.9,310.6,314.9,309.6,95143
VGUARD,2026-06-23,311.6,311.55,313.5,310.05,112191
VGUARD,2026-06-24,311.55,313.55,314.8,309.8,111631
VGUARD,2026-06-25,313.85,306.2,315.0,305.5,260907
VGUARD,2026-06-26,306.2,306.2,306.2,306.2,0
VGUARD,2026-06-29,307.0,303.9,310.55,303.0,103951
VGUARD,2026-06-30,304.5,300.0,308.4,298.2,412382
VGUARD,2026-07-01,300.0,305.55,312.35,300.0,109087
VGUARD,2026-07-02,307.2,311.35,313.0,305.6,101565
VGUARD,2026-07-03,313.25,302.9,314.7,301.1,276200
VGUARD,2026-07-06,303.0,305.55,307.1,302.65,96703
VGUARD,2026-07-07,307.05,304.7,307.3,303.05,72170
VGUARD,2026-07-08,303.0,302.7,306.6,300.25,115800
VGUARD,2026-07-09,302.45,306.3,309.45,302.45,122961
VGUARD,2026-07-10,307.9,305.6,311.6,305.1,173987
VGUARD,2026-07-13,305.6,304.3,307.15,302.05,95170
VGUARD,2026-07-14,304.3,300.95,305.0,300.25,160642
VGUARD,2026-07-15,303.05,304.0,306.1,300.7,187683
VGUARD,2026-07-16,304.0,301.2,306.1,300.0,198890
VGUARD,2026-07-17,301.9,300.15,302.4,299.1,188225
VINATIORGA,2026-04-17,1285.0,1291.5,1295.5,1267.0,126631
VINATIORGA,2026-04-20,1295.0,1274.5,1295.9,1268.0,146859
VINATIORGA,2026-04-21,1276.9,1285.7,1290.0,1275.0,63752
VINATIORGA,2026-04-22,1285.1,1312.7,1318.8,1275.2,114884
VINATIORGA,2026-04-23,1310.4,1299.2,1316.7,1291.0,71003
VINATIORGA,2026-04-24,1300.1,1280.6,1310.2,1276.2,53268
VINATIORGA,2026-04-27,1287.0,1293.5,1301.2,1278.0,79945
VINATIORGA,2026-04-28,1298.0,1300.0,1304.9,1282.2,116498
VINATIORGA,2026-04-29,1312.9,1314.6,1332.0,1302.9,79506
VINATIORGA,2026-04-30,1305.2,1322.3,1330.9,1292.0,114239
VINATIORGA,2026-05-01,1322.3,1322.3,1322.3,1322.3,0
VINATIORGA,2026-05-04,1330.0,1335.1,1371.4,1326.6,92154
VINATIORGA,2026-05-05,1337.0,1337.3,1349.5,1320.5,37709
VINATIORGA,2026-05-06,1342.5,1384.7,1392.2,1340.0,100522
VINATIORGA,2026-05-07,1395.0,1403.7,1426.7,1392.1,108046
VINATIORGA,2026-05-08,1410.5,1395.1,1415.0,1390.1,45834
VINATIORGA,2026-05-11,1390.0,1370.2,1418.8,1364.7,162742
VINATIORGA,2026-05-12,1370.0,1314.3,1378.9,1301.8,128218
VINATIORGA,2026-05-13,1316.9,1288.4,1355.0,1280.2,119713
VINATIORGA,2026-05-14,1295.0,1346.5,1371.9,1295.0,139573
VINATIORGA,2026-05-15,1357.9,1322.8,1377.1,1310.7,47796
VINATIORGA,2026-05-18,1313.0,1388.6,1421.0,1286.0,144930
VINATIORGA,2026-05-19,1378.7,1329.4,1388.4,1327.5,69017
VINATIORGA,2026-05-20,1321.2,1329.4,1340.1,1318.1,40443
VINATIORGA,2026-05-21,1332.0,1333.8,1346.8,1319.9,37796
VINATIORGA,2026-05-22,1333.8,1318.5,1339.7,1316.2,32733
VINATIORGA,2026-05-25,1340.0,1339.2,1360.0,1326.2,75428
VINATIORGA,2026-05-26,1345.5,1334.3,1357.3,1330.2,24858
VINATIORGA,2026-05-27,1321.8,1325.1,1338.9,1321.8,22851
VINATIORGA,2026-05-28,1325.1,1325.1,1325.1,1325.1,0
VINATIORGA,2026-05-29,1325.1,1301.1,1329.2,1277.5,229647
VINATIORGA,2026-06-01,1305.0,1307.2,1329.5,1295.2,63548
VINATIORGA,2026-06-02,1307.2,1314.3,1317.8,1280.0,46000
VINATIORGA,2026-06-03,1316.6,1304.5,1317.7,1295.7,71113
VINATIORGA,2026-06-04,1296.1,1300.0,1314.9,1287.3,137892
VINATIORGA,2026-06-05,1305.0,1304.1,1314.9,1296.1,45914
VINATIORGA,2026-06-08,1300.1,1288.1,1301.3,1285.0,60993
VINATIORGA,2026-06-09,1292.5,1301.7,1306.9,1284.0,53757
VINATIORGA,2026-06-10,1292.5,1309.5,1323.2,1292.5,64244
VINATIORGA,2026-06-11,1292.0,1305.4,1309.0,1285.0,38276
VINATIORGA,2026-06-12,1306.4,1303.2,1322.5,1297.4,72758
VINATIORGA,2026-06-15,1325.7,1354.1,1371.9,1320.6,139232
VINATIORGA,2026-06-16,1354.2,1336.4,1355.8,1332.0,40503
VINATIORGA,2026-06-17,1341.4,1330.6,1359.6,1327.0,54750
VINATIORGA,2026-06-18,1330.3,1308.3,1343.3,1299.8,298458
VINATIORGA,2026-06-19,1306.8,1333.9,1342.0,1298.0,62936
VINATIORGA,2026-06-22,1354.9,1345.6,1354.9,1330.0,47473
VINATIORGA,2026-06-23,1355.0,1360.7,1368.8,1342.3,104332
VINATIORGA,2026-06-24,1365.5,1385.4,1395.0,1342.0,81926
VINATIORGA,2026-06-25,1390.9,1367.3,1397.6,1361.0,91862
VINATIORGA,2026-06-26,1367.3,1367.3,1367.3,1367.3,0
VINATIORGA,2026-06-29,1368.0,1326.8,1374.5,1320.8,48478
VINATIORGA,2026-06-30,1323.0,1336.1,1350.2,1323.0,33700
VINATIORGA,2026-07-01,1340.0,1324.1,1353.9,1317.1,35546
VINATIORGA,2026-07-02,1321.1,1300.1,1329.6,1298.6,140255
VINATIORGA,2026-07-03,1318.5,1323.2,1327.0,1310.0,59289
VINATIORGA,2026-07-06,1326.9,1343.7,1351.6,1318.1,152582
VINATIORGA,2026-07-07,1347.0,1354.8,1360.6,1336.6,40976
VINATIORGA,2026-07-08,1344.8,1307.0,1354.8,1289.1,72456
VINATIORGA,2026-07-09,1306.9,1313.7,1325.0,1306.0,139493
VINATIORGA,2026-07-10,1318.5,1333.1,1351.4,1316.4,142446
VINATIORGA,2026-07-13,1327.0,1334.6,1337.7,1313.1,26347
VINATIORGA,2026-07-14,1341.8,1314.7,1341.8,1310.5,26735
VINATIORGA,2026-07-15,1320.0,1313.9,1329.2,1309.2,23294
VINATIORGA,2026-07-16,1315.2,1321.5,1326.3,1313.9,18626
VINATIORGA,2026-07-17,1326.5,1320.8,1326.5,1308.0,39441
VIPIND,2026-04-17,322.0,320.3,324.0,317.1,246831
VIPIND,2026-04-20,320.3,320.75,325.0,313.3,373877
VIPIND,2026-04-21,321.5,319.5,324.9,318.0,150491
VIPIND,2026-04-22,319.5,314.35,321.95,313.45,442987
VIPIND,2026-04-23,314.55,310.8,317.4,310.0,224737
VIPIND,2026-04-24,311.5,299.3,311.75,298.05,484904
VIPIND,2026-04-27,300.0,300.0,306.1,298.9,214780
VIPIND,2026-04-28,300.05,294.6,303.0,292.3,368289
VIPIND,2026-04-29,296.7,296.35,308.8,295.0,736041
VIPIND,2026-04-30,296.6,296.25,298.95,292.05,245598
VIPIND,2026-05-01,296.25,296.25,296.25,296.25,0
VIPIND,2026-05-04,298.9,296.05,300.65,294.15,235021
VIPIND,2026-05-05,296.5,295.05,296.5,292.85,142823
VIPIND,2026-05-06,296.5,301.45,307.8,293.5,1664938
VIPIND,2026-05-07,303.0,322.8,332.5,303.0,2915914
VIPIND,2026-05-08,324.0,309.0,324.0,308.0,694876
VIPIND,2026-05-11,307.55,297.05,307.55,296.0,432052
VIPIND,2026-05-12,297.0,298.9,303.0,292.0,650276
VIPIND,2026-05-13,298.9,293.05,298.9,292.15,283333
VIPIND,2026-05-14,294.15,292.05,295.9,285.85,323899
VIPIND,2026-05-15,292.3,302.55,305.55,290.0,611627
VIPIND,2026-05-18,288.0,292.45,297.8,278.25,1563344
VIPIND,2026-05-19,294.7,294.25,298.85,288.4,431384
VIPIND,2026-05-20,294.8,300.05,301.1,286.35,368074
VIPIND,2026-05-21,300.45,300.05,302.95,296.35,312251
VIPIND,2026-05-22,300.1,303.2,304.0,296.0,334421
VIPIND,2026-05-25,305.1,306.85,314.0,303.4,1064632
VIPIND,2026-05-26,306.0,301.75,308.9,300.2,221467
VIPIND,2026-05-27,300.15,296.35,301.75,294.75,328674
VIPIND,2026-05-28,296.35,296.35,296.35,296.35,0
VIPIND,2026-05-29,296.35,299.4,303.95,292.6,2927910
VIPIND,2026-06-01,303.85,332.3,345.0,300.9,27461089
VIPIND,2026-06-02,330.7,318.15,330.7,310.1,4081575
VIPIND,2026-06-03,318.0,332.45,336.95,311.35,1705200
VIPIND,2026-06-04,331.0,330.8,342.6,326.85,906057
VIPIND,2026-06-05,330.95,329.85,334.4,327.15,311310
VIPIND,2026-06-08,327.1,315.75,329.3,314.0,304056
VIPIND,2026-06-09,319.0,316.25,321.3,314.4,169829
VIPIND,2026-06-10,316.8,308.95,318.3,306.3,149149
VIPIND,2026-06-11,307.0,297.95,311.15,296.65,319329
VIPIND,2026-06-12,301.5,314.95,318.95,301.5,581330
VIPIND,2026-06-15,320.45,322.25,326.3,320.0,303108
VIPIND,2026-06-16,322.9,323.65,326.35,320.0,233611
VIPIND,2026-06-17,323.85,323.25,327.0,321.8,116226
VIPIND,2026-06-18,323.9,318.2,325.75,315.6,291795
VIPIND,2026-06-19,317.95,317.5,325.0,315.35,191361
VIPIND,2026-06-22,317.5,314.85,320.85,312.4,141599
VIPIND,2026-06-23,315.05,311.95,316.9,310.2,185786
VIPIND,2026-06-24,311.45,312.3,314.9,309.4,154791
VIPIND,2026-06-25,313.55,312.45,320.4,310.65,187471
VIPIND,2026-06-26,312.45,312.45,312.45,312.45,0
VIPIND,2026-06-29,312.45,306.3,316.65,305.0,247277
VIPIND,2026-06-30,307.95,305.65,310.95,305.1,167207
VIPIND,2026-07-01,306.0,303.65,308.2,300.6,140060
VIPIND,2026-07-02,304.3,313.95,315.8,304.0,276792
VIPIND,2026-07-03,315.4,308.35,318.25,307.15,331969
VIPIND,2026-07-06,309.8,302.4,310.0,298.3,235878
VIPIND,2026-07-07,303.6,302.8,304.7,299.0,123240
VIPIND,2026-07-08,302.8,300.3,304.9,298.0,170191
VIPIND,2026-07-09,299.0,303.15,305.45,299.0,190538
VIPIND,2026-07-10,304.0,303.0,307.45,300.95,243099
VIPIND,2026-07-13,302.5,300.25,303.0,298.9,122827
VIPIND,2026-07-14,300.4,294.0,301.0,291.55,283127
VIPIND,2026-07-15,295.3,303.8,305.95,294.25,237417
VIPIND,2026-07-16,304.0,296.95,305.2,296.1,132251
VIPIND,2026-07-17,296.0,297.45,300.5,294.0,107662
VOLTAMP,2026-04-17,9960.0,10145.0,10210.0,9919.0,78428
VOLTAMP,2026-04-20,10205.0,10307.0,10599.5,10188.0,121196
VOLTAMP,2026-04-21,10307.0,10524.5,10760.0,10260.5,73611
VOLTAMP,2026-04-22,10589.0,11051.0,11168.0,10510.0,127182
VOLTAMP,2026-04-23,11100.0,10884.5,11295.0,10825.0,79074
VOLTAMP,2026-04-24,10888.0,10768.5,11271.0,10551.0,106529
VOLTAMP,2026-04-27,11001.0,11204.0,11430.0,10983.5,85320
VOLTAMP,2026-04-28,11320.0,11512.5,11709.0,11299.0,109431
VOLTAMP,2026-04-29,11600.0,11793.0,11948.0,11600.0,72205
VOLTAMP,2026-04-30,11824.0,11742.0,11998.0,11506.0,88599
VOLTAMP,2026-05-01,11742.0,11742.0,11742.0,11742.0,0
VOLTAMP,2026-05-04,11900.0,12520.0,12863.0,11750.0,88302
VOLTAMP,2026-05-05,12740.0,10082.0,12799.0,10016.0,524975
VOLTAMP,2026-05-06,10032.0,10002.0,10250.0,9653.0,296447
VOLTAMP,2026-05-07,10002.0,9638.0,10192.0,9340.0,326388
VOLTAMP,2026-05-08,9548.0,9535.0,9780.0,9458.0,149593
VOLTAMP,2026-05-11,9361.0,9444.0,9597.0,9111.0,86461
VOLTAMP,2026-05-12,9412.0,9284.0,9570.0,9213.0,98301
VOLTAMP,2026-05-13,9260.0,9390.0,9444.0,9241.0,54990
VOLTAMP,2026-05-14,9401.0,9334.0,9464.0,9084.0,37273
VOLTAMP,2026-05-15,9334.0,9501.0,9575.0,9251.0,55967
VOLTAMP,2026-05-18,9500.0,9226.0,9500.0,9150.0,64238
VOLTAMP,2026-05-19,9226.0,9051.0,9333.0,8950.0,82375
VOLTAMP,2026-05-20,9051.0,9176.0,9249.0,8958.0,32778
VOLTAMP,2026-05-21,9219.0,9311.0,9351.0,9163.0,41082
VOLTAMP,2026-05-22,9311.0,9134.0,9354.0,9090.0,47258
VOLTAMP,2026-05-25,9170.0,9213.0,9339.0,9123.0,33828
VOLTAMP,2026-05-26,9195.0,9173.0,9349.0,9150.0,28108
VOLTAMP,2026-05-27,9149.0,9323.0,9377.0,9121.0,48511
VOLTAMP,2026-05-28,9323.0,9323.0,9323.0,9323.0,0
VOLTAMP,2026-05-29,9370.0,9497.0,9620.0,9190.0,62892
VOLTAMP,2026-06-01,9485.0,9167.0,9535.0,9100.0,63608
VOLTAMP,2026-06-02,9155.0,9127.0,9201.0,9082.0,17526
VOLTAMP,2026-06-03,9200.0,9375.0,9414.0,9101.0,39915
VOLTAMP,2026-06-04,9400.0,9468.5,9571.0,9309.0,30993
VOLTAMP,2026-06-05,9470.0,9884.5,10044.0,9435.5,79429
VOLTAMP,2026-06-08,9800.0,9613.5,10024.5,9529.0,52895
VOLTAMP,2026-06-09,9610.0,10004.0,10143.0,9551.0,88740
VOLTAMP,2026-06-10,10004.0,9754.0,10044.5,9700.0,38331
VOLTAMP,2026-06-11,9730.0,9531.5,9816.0,9500.0,37061
VOLTAMP,2026-06-12,9591.0,9719.5,9810.0,9591.0,44181
VOLTAMP,2026-06-15,9935.0,9893.5,9989.0,9850.0,18524
VOLTAMP,2026-06-16,9903.5,9947.0,10250.0,9903.5,60327
VOLTAMP,2026-06-17,10043.5,10084.0,10099.0,9951.0,14224
VOLTAMP,2026-06-18,10084.0,10031.0,10110.0,9961.0,16478
VOLTAMP,2026-06-19,10000.0,10237.5,10430.0,9961.5,46149
VOLTAMP,2026-06-22,10262.0,10509.0,10647.0,10262.0,34305
VOLTAMP,2026-06-23,10509.0,10572.0,11144.0,10476.5,113240
VOLTAMP,2026-06-24,10572.0,10460.5,10760.0,10385.0,44402
VOLTAMP,2026-06-25,10461.0,10304.0,10515.0,10230.0,45174
VOLTAMP,2026-06-26,10304.0,10304.0,10304.0,10304.0,0
VOLTAMP,2026-06-29,10326.5,10080.0,10490.0,9850.0,41162
VOLTAMP,2026-06-30,10149.5,10379.5,10485.0,10059.5,22761
VOLTAMP,2026-07-01,10491.0,9934.0,10599.0,9874.0,41234
VOLTAMP,2026-07-02,9925.0,9857.0,9955.0,9663.0,36519
VOLTAMP,2026-07-03,9860.0,9702.0,9915.0,9614.0,41206
VOLTAMP,2026-07-06,9650.0,9847.0,9872.0,9562.0,18660
VOLTAMP,2026-07-07,9932.0,9702.0,9932.0,9665.0,14472
VOLTAMP,2026-07-08,9745.0,9390.0,9745.0,9358.0,17630
VOLTAMP,2026-07-09,9489.0,9567.0,9600.0,9431.0,10179
VOLTAMP,2026-07-10,9661.0,9562.0,9661.0,9535.0,15086
VOLTAMP,2026-07-13,9544.0,9471.0,9547.0,9367.0,37646
VOLTAMP,2026-07-14,9438.0,9300.0,9494.0,9270.0,48618
VOLTAMP,2026-07-15,9394.0,9410.0,9463.0,9279.0,59366
VOLTAMP,2026-07-16,9410.0,9398.0,9526.0,9293.0,41299
VOLTAMP,2026-07-17,9402.0,9522.0,9560.0,9311.0,31996
VOLTAS,2026-04-17,1416.6,1440.1,1447.8,1393.5,1266294
VOLTAS,2026-04-20,1447.0,1438.0,1476.5,1429.9,1789507
VOLTAS,2026-04-21,1445.0,1457.2,1468.6,1444.4,1068169
VOLTAS,2026-04-22,1459.9,1481.6,1503.5,1455.0,865864
VOLTAS,2026-04-23,1476.0,1445.5,1476.5,1429.6,1043970
VOLTAS,2026-04-24,1452.9,1464.0,1470.0,1431.9,715448
VOLTAS,2026-04-27,1481.4,1515.0,1529.9,1475.0,1856047
VOLTAS,2026-04-28,1522.4,1511.1,1533.7,1499.0,1090853
VOLTAS,2026-04-29,1524.0,1474.8,1537.9,1465.0,793781
VOLTAS,2026-04-30,1470.0,1430.4,1470.0,1418.2,1259835
VOLTAS,2026-05-01,1430.4,1430.4,1430.4,1430.4,0
VOLTAS,2026-05-04,1445.2,1454.2,1463.7,1413.3,506557
VOLTAS,2026-05-05,1452.0,1375.9,1453.0,1360.0,2219827
VOLTAS,2026-05-06,1380.0,1379.6,1385.9,1361.5,747279
VOLTAS,2026-05-07,1389.0,1363.9,1389.0,1352.3,957521
VOLTAS,2026-05-08,1363.0,1324.8,1363.0,1321.0,1133112
VOLTAS,2026-05-11,1315.6,1306.5,1322.5,1299.0,632667
VOLTAS,2026-05-12,1316.0,1269.6,1348.0,1265.6,1087483
VOLTAS,2026-05-13,1269.6,1258.9,1302.7,1255.0,1049831
VOLTAS,2026-05-14,1262.9,1293.5,1300.0,1245.6,1154736
VOLTAS,2026-05-15,1280.2,1230.7,1289.4,1224.6,2400991
VOLTAS,2026-05-18,1205.7,1252.8,1255.4,1198.6,1502867
VOLTAS,2026-05-19,1252.8,1302.6,1310.0,1251.0,1272392
VOLTAS,2026-05-20,1294.1,1295.8,1304.3,1284.3,499899
VOLTAS,2026-05-21,1300.2,1273.5,1311.5,1262.1,1117551
VOLTAS,2026-05-22,1274.9,1268.1,1281.0,1262.6,832401
VOLTAS,2026-05-25,1281.0,1284.0,1295.0,1276.3,1052123
VOLTAS,2026-05-26,1285.1,1271.4,1288.9,1263.6,592885
VOLTAS,2026-05-27,1272.0,1261.8,1284.9,1248.6,849420
VOLTAS,2026-05-28,1261.8,1261.8,1261.8,1261.8,0
VOLTAS,2026-05-29,1262.0,1245.7,1300.0,1232.2,2960575
VOLTAS,2026-06-01,1255.0,1228.4,1257.1,1224.0,766252
VOLTAS,2026-06-02,1220.0,1240.4,1244.3,1204.0,1010910
VOLTAS,2026-06-03,1239.8,1235.0,1241.4,1207.6,562073
VOLTAS,2026-06-04,1224.0,1286.5,1307.9,1218.0,3317048
VOLTAS,2026-06-05,1290.7,1298.3,1310.0,1288.3,1415362
VOLTAS,2026-06-08,1280.0,1276.2,1329.8,1266.0,1530639
VOLTAS,2026-06-09,1278.8,1304.4,1312.0,1278.8,883516
VOLTAS,2026-06-10,1300.5,1290.0,1318.7,1285.0,578749
VOLTAS,2026-06-11,1285.0,1277.3,1297.0,1272.0,550616
VOLTAS,2026-06-12,1285.0,1285.4,1305.0,1273.1,548090
VOLTAS,2026-06-15,1310.0,1326.4,1345.0,1301.0,1855063
VOLTAS,2026-06-16,1328.7,1327.6,1342.8,1318.8,907947
VOLTAS,2026-06-17,1326.3,1352.9,1381.8,1325.3,1952284
VOLTAS,2026-06-18,1355.0,1357.6,1370.4,1344.5,1175325
VOLTAS,2026-06-19,1357.6,1343.4,1366.7,1332.6,987277
VOLTAS,2026-06-22,1384.0,1354.0,1411.9,1349.4,3287595
VOLTAS,2026-06-23,1354.0,1327.4,1357.8,1309.1,1505199
VOLTAS,2026-06-24,1325.0,1310.1,1335.0,1302.1,643567
VOLTAS,2026-06-25,1310.9,1302.4,1330.6,1296.1,618266
VOLTAS,2026-06-26,1302.4,1302.4,1302.4,1302.4,0
VOLTAS,2026-06-29,1303.2,1295.8,1306.8,1280.4,783912
VOLTAS,2026-06-30,1299.9,1277.6,1300.0,1272.0,733013
VOLTAS,2026-07-01,1290.0,1281.1,1301.2,1272.7,793050
VOLTAS,2026-07-02,1282.1,1290.6,1299.4,1278.1,494819
VOLTAS,2026-07-03,1295.5,1280.2,1305.2,1275.0,815500
VOLTAS,2026-07-06,1280.9,1284.5,1302.0,1273.9,1270330
VOLTAS,2026-07-07,1284.5,1288.0,1298.0,1267.3,1434744
VOLTAS,2026-07-08,1281.0,1253.6,1284.0,1247.0,1169679
VOLTAS,2026-07-09,1254.1,1269.4,1276.6,1254.0,1077385
VOLTAS,2026-07-10,1275.0,1286.7,1290.0,1272.3,487361
VOLTAS,2026-07-13,1285.0,1349.5,1354.8,1273.4,2093557
VOLTAS,2026-07-14,1346.7,1358.9,1363.2,1329.1,676554
VOLTAS,2026-07-15,1361.9,1377.4,1384.2,1350.1,671247
VOLTAS,2026-07-16,1377.9,1373.9,1403.0,1369.3,865613
VOLTAS,2026-07-17,1373.0,1342.4,1378.9,1336.0,353251
WABAG,2026-04-17,1440.4,1389.5,1447.5,1382.7,1366931
WABAG,2026-04-20,1400.0,1423.3,1449.0,1382.4,587901
WABAG,2026-04-21,1432.0,1487.1,1507.5,1429.0,946145
WABAG,2026-04-22,1481.0,1488.4,1514.0,1475.1,351673
WABAG,2026-04-23,1480.0,1464.8,1490.3,1456.1,218310
WABAG,2026-04-24,1467.0,1493.3,1528.7,1450.2,1233756
WABAG,2026-04-27,1505.8,1500.0,1525.0,1485.9,355942
WABAG,2026-04-28,1500.0,1510.8,1559.0,1492.2,437885
WABAG,2026-04-29,1524.0,1483.8,1524.4,1475.6,215690
WABAG,2026-04-30,1479.1,1509.6,1522.8,1446.2,370643
WABAG,2026-05-01,1509.6,1509.6,1509.6,1509.6,0
WABAG,2026-05-04,1514.1,1510.4,1521.1,1486.1,190021
WABAG,2026-05-05,1501.1,1480.4,1512.0,1472.0,177920
WABAG,2026-05-06,1492.7,1499.4,1506.0,1470.2,195644
WABAG,2026-05-07,1506.6,1499.5,1509.5,1485.9,137918
WABAG,2026-05-08,1499.5,1478.0,1503.2,1473.7,125352
WABAG,2026-05-11,1460.0,1461.9,1470.2,1440.1,177697
WABAG,2026-05-12,1461.9,1374.7,1464.0,1364.0,313134
WABAG,2026-05-13,1365.0,1377.9,1395.0,1353.0,196197
WABAG,2026-05-14,1391.0,1390.8,1409.0,1371.0,195671
WABAG,2026-05-15,1410.0,1386.1,1427.6,1378.8,233219
WABAG,2026-05-18,1370.0,1376.0,1384.5,1326.3,266318
WABAG,2026-05-19,1376.0,1391.2,1417.5,1367.0,194787
WABAG,2026-05-20,1372.0,1393.7,1400.0,1368.0,119224
WABAG,2026-05-21,1401.0,1410.5,1424.0,1390.9,274768
WABAG,2026-05-22,1450.0,1431.4,1480.0,1423.0,1345787
WABAG,2026-05-25,1468.0,1452.8,1475.0,1442.1,347480
WABAG,2026-05-26,1463.4,1506.3,1524.8,1463.4,848430
WABAG,2026-05-27,1516.0,1547.0,1564.0,1516.0,621651
WABAG,2026-05-28,1547.0,1547.0,1547.0,1547.0,0
WABAG,2026-05-29,1567.4,1527.8,1584.9,1508.1,662340
WABAG,2026-06-01,1531.0,1556.0,1574.0,1531.0,546234
WABAG,2026-06-02,1555.1,1551.8,1564.5,1523.0,249997
WABAG,2026-06-03,1551.6,1557.9,1560.9,1542.2,230885
WABAG,2026-06-04,1558.0,1560.6,1579.8,1545.0,219016
WABAG,2026-06-05,1568.3,1600.4,1609.9,1545.0,438879
WABAG,2026-06-08,1593.0,1544.3,1603.2,1530.1,258066
WABAG,2026-06-09,1585.0,1586.3,1603.3,1563.0,412115
WABAG,2026-06-10,1590.0,1550.0,1596.3,1541.0,228655
WABAG,2026-06-11,1550.0,1524.0,1556.0,1510.0,135105
WABAG,2026-06-12,1542.0,1577.8,1585.0,1531.2,204027
WABAG,2026-06-15,1620.4,1629.1,1660.4,1612.1,659667
WABAG,2026-06-16,1640.8,1754.3,1774.0,1635.0,2871543
WABAG,2026-06-17,1769.9,1766.5,1778.0,1739.2,701834
WABAG,2026-06-18,1770.5,1821.8,1829.9,1764.5,777730
WABAG,2026-06-19,1851.8,1983.6,2009.7,1850.0,2889807
WABAG,2026-06-22,2014.9,2061.8,2072.0,1972.6,2102912
WABAG,2026-06-23,2080.0,2088.0,2126.0,2036.1,1756958
WABAG,2026-06-24,2080.0,2099.1,2110.0,2035.0,789944
WABAG,2026-06-25,2104.9,2110.8,2188.0,2088.0,973817
WABAG,2026-06-26,2110.8,2110.8,2110.8,2110.8,0
WABAG,2026-06-29,2100.0,1998.1,2110.0,1991.0,967827
WABAG,2026-06-30,1998.2,2009.1,2036.0,1985.0,657094
WABAG,2026-07-01,2036.0,2082.8,2140.0,2026.0,1427028
WABAG,2026-07-02,2095.1,2190.3,2208.0,2041.0,1496365
WABAG,2026-07-03,2210.0,2080.9,2217.0,2058.0,1100309
WABAG,2026-07-06,2088.8,2055.3,2089.0,2035.0,358575
WABAG,2026-07-07,2061.0,2203.2,2216.8,2052.9,1800005
WABAG,2026-07-08,2190.0,2081.4,2230.6,2043.2,1069440
WABAG,2026-07-09,2090.0,2117.7,2178.0,2077.4,1169366
WABAG,2026-07-10,2132.3,2221.2,2248.0,2121.9,1382043
WABAG,2026-07-13,2210.0,2205.7,2253.5,2177.3,704588
WABAG,2026-07-14,2190.0,2120.0,2191.0,2110.1,570657
WABAG,2026-07-15,2130.6,2100.3,2178.0,2080.1,698954
WABAG,2026-07-16,2110.0,2054.4,2117.2,2045.0,864452
WABAG,2026-07-17,2052.5,1991.1,2056.0,1966.3,999375
WALCHANNAG,2026-04-17,191.8,192.89,198.9,189.81,2271030
WALCHANNAG,2026-04-20,194.9,189.83,196.89,188.5,1130180
WALCHANNAG,2026-04-21,191.01,190.04,195.25,189.25,814421
WALCHANNAG,2026-04-22,190.05,213.92,217.75,188.7,7053184
WALCHANNAG,2026-04-23,212.99,212.36,219.6,208.31,2830328
WALCHANNAG,2026-04-24,214.0,219.19,223.3,210.0,3614921
WALCHANNAG,2026-04-27,222.1,219.53,228.7,217.3,1331128
WALCHANNAG,2026-04-28,218.89,237.96,240.9,217.9,3222686
WALCHANNAG,2026-04-29,241.25,238.23,248.15,232.25,2229258
WALCHANNAG,2026-04-30,239.0,235.02,240.6,226.56,1006844
WALCHANNAG,2026-05-01,235.02,235.02,235.02,235.02,0
WALCHANNAG,2026-05-04,238.81,249.34,254.67,235.63,2509521
WALCHANNAG,2026-05-05,249.9,260.66,263.99,245.0,3089560
WALCHANNAG,2026-05-06,264.0,257.91,265.3,250.16,1628221
WALCHANNAG,2026-05-07,258.58,254.99,264.47,250.0,1279137
WALCHANNAG,2026-05-08,254.66,254.72,263.7,252.77,1208146
WALCHANNAG,2026-05-11,250.0,240.55,250.0,236.11,1494480
WALCHANNAG,2026-05-12,238.8,220.73,245.78,216.76,1657798
WALCHANNAG,2026-05-13,222.5,239.8,245.0,222.5,2297365
WALCHANNAG,2026-05-14,242.8,238.8,246.18,232.92,1088068
WALCHANNAG,2026-05-15,238.85,232.84,239.99,230.5,619947
WALCHANNAG,2026-05-18,228.51,233.99,236.8,220.63,917775
WALCHANNAG,2026-05-19,237.8,236.49,240.29,232.52,1023396
WALCHANNAG,2026-05-20,235.0,238.24,245.3,231.41,1196452
WALCHANNAG,2026-05-21,225.0,241.53,255.05,223.02,6473422
WALCHANNAG,2026-05-22,243.0,231.85,244.7,228.86,1795537
WALCHANNAG,2026-05-25,235.8,245.0,252.8,233.5,3351082
WALCHANNAG,2026-05-26,246.4,265.27,276.6,245.53,9923608
WALCHANNAG,2026-05-27,267.66,264.74,275.5,262.5,3445641
WALCHANNAG,2026-05-28,264.74,264.74,264.74,264.74,0
WALCHANNAG,2026-05-29,265.0,253.36,266.86,250.35,2312189
WALCHANNAG,2026-06-01,256.0,236.9,260.7,235.25,2853589
WALCHANNAG,2026-06-02,235.0,238.75,244.4,234.1,1378566
WALCHANNAG,2026-06-03,240.7,238.25,242.0,230.1,1347435
WALCHANNAG,2026-06-04,236.2,240.7,258.0,235.75,3621330
WALCHANNAG,2026-06-05,242.3,241.75,249.8,237.05,1513350
WALCHANNAG,2026-06-08,237.5,239.6,253.7,235.1,1959192
WALCHANNAG,2026-06-09,242.25,254.7,258.0,239.1,2571372
WALCHANNAG,2026-06-10,256.0,243.25,257.7,241.9,1961010
WALCHANNAG,2026-06-11,241.0,243.0,253.0,235.1,1894683
WALCHANNAG,2026-06-12,249.3,265.45,268.0,247.2,6180535
WALCHANNAG,2026-06-15,270.8,261.8,273.95,260.35,2665858
WALCHANNAG,2026-06-16,263.0,264.95,271.8,261.8,2262447
WALCHANNAG,2026-06-17,265.0,280.05,285.0,264.0,7207703
WALCHANNAG,2026-06-18,283.0,301.35,310.95,281.45,10957946
WALCHANNAG,2026-06-19,300.45,312.05,315.8,296.7,5681026
WALCHANNAG,2026-06-22,314.35,307.4,314.9,301.3,2341945
WALCHANNAG,2026-06-23,307.4,294.0,311.7,290.95,2153263
WALCHANNAG,2026-06-24,294.8,286.85,301.2,285.1,1405099
WALCHANNAG,2026-06-25,287.0,273.75,291.85,271.2,1787935
WALCHANNAG,2026-06-26,273.75,273.75,273.75,273.75,0
WALCHANNAG,2026-06-29,275.5,274.1,279.9,267.15,1420080
WALCHANNAG,2026-06-30,275.5,272.3,279.5,271.2,995477
WALCHANNAG,2026-07-01,273.0,242.05,275.5,236.8,4070492
WALCHANNAG,2026-07-02,246.8,246.75,251.95,242.55,1866212
WALCHANNAG,2026-07-03,248.7,243.55,248.7,241.8,974027
WALCHANNAG,2026-07-06,243.0,236.2,248.7,232.05,1288568
WALCHANNAG,2026-07-07,236.35,240.0,242.6,227.25,1751821
WALCHANNAG,2026-07-08,237.4,231.2,244.9,225.05,1573459
WALCHANNAG,2026-07-09,233.0,248.15,252.6,233.0,3188067
WALCHANNAG,2026-07-10,252.0,261.0,264.95,250.55,3430643
WALCHANNAG,2026-07-13,257.1,256.85,267.0,252.6,1734660
WALCHANNAG,2026-07-14,255.85,249.5,255.85,246.8,944018
WALCHANNAG,2026-07-15,250.4,248.2,255.15,246.95,619859
WALCHANNAG,2026-07-16,249.9,249.85,251.4,244.2,577955
WALCHANNAG,2026-07-17,246.0,245.9,254.95,241.2,1068006
ZENTEC,2026-04-17,1524.4,1616.5,1642.8,1521.0,1250244
ZENTEC,2026-04-20,1635.0,1643.9,1690.0,1612.5,2474125
ZENTEC,2026-04-21,1659.0,1742.7,1825.0,1648.8,5160388
ZENTEC,2026-04-22,1750.0,1762.4,1788.8,1747.0,1222293
ZENTEC,2026-04-23,1759.8,1721.2,1776.0,1707.0,794303
ZENTEC,2026-04-24,1731.2,1674.4,1751.0,1647.3,746904
ZENTEC,2026-04-27,1689.9,1719.7,1736.3,1676.6,614118
ZENTEC,2026-04-28,1726.6,1687.7,1735.0,1680.0,452720
ZENTEC,2026-04-29,1694.9,1686.0,1724.8,1671.0,527908
ZENTEC,2026-04-30,1689.9,1671.1,1691.7,1626.4,510134
ZENTEC,2026-05-01,1671.1,1671.1,1671.1,1671.1,0
ZENTEC,2026-05-04,1484.4,1527.8,1537.0,1466.1,2685529
ZENTEC,2026-05-05,1520.5,1523.4,1543.9,1490.1,1073213
ZENTEC,2026-05-06,1551.7,1567.2,1582.9,1546.5,679911
ZENTEC,2026-05-07,1585.0,1621.6,1656.8,1575.6,804758
ZENTEC,2026-05-08,1617.0,1625.1,1672.2,1605.5,834640
ZENTEC,2026-05-11,1625.1,1636.8,1676.0,1564.7,718620
ZENTEC,2026-05-12,1640.0,1587.0,1654.0,1547.7,738042
ZENTEC,2026-05-13,1577.0,1584.2,1608.9,1566.1,385072
ZENTEC,2026-05-14,1590.0,1559.0,1598.0,1541.4,417321
ZENTEC,2026-05-15,1565.0,1554.9,1585.1,1537.1,297130
ZENTEC,2026-05-18,1530.1,1557.0,1580.0,1477.0,673065
ZENTEC,2026-05-19,1560.0,1564.5,1582.9,1545.6,305974
ZENTEC,2026-05-20,1572.5,1604.2,1614.0,1552.5,538013
ZENTEC,2026-05-21,1612.1,1603.8,1639.4,1590.0,407853
ZENTEC,2026-05-22,1620.0,1593.1,1620.0,1581.0,354822
ZENTEC,2026-05-25,1619.0,1608.0,1624.0,1593.2,265204
ZENTEC,2026-05-26,1610.0,1602.8,1635.2,1600.1,267780
ZENTEC,2026-05-27,1608.9,1695.5,1721.7,1605.2,1971137
ZENTEC,2026-05-28,1695.5,1695.5,1695.5,1695.5,0
ZENTEC,2026-05-29,1699.0,1664.7,1714.4,1651.0,689532
ZENTEC,2026-06-01,1676.9,1618.8,1676.9,1607.1,397315
ZENTEC,2026-06-02,1610.0,1672.4,1679.0,1582.3,396944
ZENTEC,2026-06-03,1678.0,1688.1,1710.0,1669.9,613409
ZENTEC,2026-06-04,1692.0,1809.8,1885.0,1691.0,5928324
ZENTEC,2026-06-05,1823.0,1815.3,1868.9,1797.3,1598541
ZENTEC,2026-06-08,1786.0,1753.1,1840.9,1732.6,1053441
ZENTEC,2026-06-09,1760.9,1782.5,1816.0,1746.5,819642
ZENTEC,2026-06-10,1790.1,1761.8,1810.0,1754.0,603771
ZENTEC,2026-06-11,1752.1,1715.1,1789.0,1706.7,618341
ZENTEC,2026-06-12,1743.0,1793.8,1817.0,1737.3,900956
ZENTEC,2026-06-15,1828.0,1789.1,1844.0,1766.1,908641
ZENTEC,2026-06-16,1796.0,1854.7,1865.2,1780.0,1094995
ZENTEC,2026-06-17,1869.0,1887.4,1897.0,1835.0,1436389
ZENTEC,2026-06-18,1899.0,1929.4,1983.0,1891.3,2038962
ZENTEC,2026-06-19,1932.0,1997.0,2013.5,1926.0,1662568
ZENTEC,2026-06-22,2009.0,1962.1,2024.0,1944.2,733976
ZENTEC,2026-06-23,1967.9,1922.6,1989.9,1910.0,641439
ZENTEC,2026-06-24,1914.0,1842.8,1926.6,1791.6,626104
ZENTEC,2026-06-25,1852.0,1771.2,1861.1,1765.2,766248
ZENTEC,2026-06-26,1771.2,1771.2,1771.2,1771.2,0
ZENTEC,2026-06-29,1769.8,1742.6,1808.0,1724.0,622946
ZENTEC,2026-06-30,1751.9,1773.4,1789.4,1720.8,699921
ZENTEC,2026-07-01,1788.0,1763.1,1796.0,1752.0,343258
ZENTEC,2026-07-02,1772.7,1773.2,1815.0,1760.2,590077
ZENTEC,2026-07-03,1784.0,1746.7,1806.6,1740.1,494145
ZENTEC,2026-07-06,1758.3,1852.8,1872.2,1758.3,2443033
ZENTEC,2026-07-07,1874.7,1863.4,1898.0,1832.0,1051485
ZENTEC,2026-07-08,1849.0,1818.6,1904.0,1800.1,1031022
ZENTEC,2026-07-09,1819.2,1813.0,1838.9,1785.0,510602
ZENTEC,2026-07-10,1829.0,1880.4,1895.0,1813.4,598290
ZENTEC,2026-07-13,1870.0,1831.1,1870.9,1820.0,431920
ZENTEC,2026-07-14,1824.0,1802.7,1827.5,1788.0,274592
ZENTEC,2026-07-15,1806.0,1823.1,1843.0,1806.0,234329
ZENTEC,2026-07-16,1829.0,1809.6,1841.3,1791.3,233570
ZENTEC,2026-07-17,1807.1,1769.7,1807.1,1763.0,271287
ZYDUSLIFE,2026-04-17,940.0,943.95,948.0,935.0,504613
ZYDUSLIFE,2026-04-20,945.0,936.5,949.1,932.0,459049
ZYDUSLIFE,2026-04-21,936.0,928.6,937.0,926.15,318304
ZYDUSLIFE,2026-04-22,926.0,929.9,933.5,922.05,290532
ZYDUSLIFE,2026-04-23,927.0,946.35,962.9,921.7,1693451
ZYDUSLIFE,2026-04-24,948.0,927.4,951.75,922.55,701337
ZYDUSLIFE,2026-04-27,929.6,939.65,953.9,922.3,1176377
ZYDUSLIFE,2026-04-28,925.0,911.3,925.0,905.0,1542977
ZYDUSLIFE,2026-04-29,915.0,910.85,922.0,908.65,590232
ZYDUSLIFE,2026-04-30,910.9,891.9,915.4,890.4,986154
ZYDUSLIFE,2026-05-01,891.9,891.9,891.9,891.9,0
ZYDUSLIFE,2026-05-04,895.0,902.35,905.0,893.15,382316
ZYDUSLIFE,2026-05-05,897.3,912.25,918.0,897.0,405008
ZYDUSLIFE,2026-05-06,919.1,938.8,943.9,915.0,1506636
ZYDUSLIFE,2026-05-07,945.0,940.3,945.45,936.25,488635
ZYDUSLIFE,2026-05-08,938.05,940.05,953.0,935.55,644125
ZYDUSLIFE,2026-05-11,940.0,956.95,962.0,927.0,977515
ZYDUSLIFE,2026-05-12,960.1,930.65,963.95,928.6,720954
ZYDUSLIFE,2026-05-13,928.6,939.25,944.15,925.1,680562
ZYDUSLIFE,2026-05-14,968.0,991.7,997.0,961.1,4595018
ZYDUSLIFE,2026-05-15,999.05,1011.7,1018.8,993.0,1996110
ZYDUSLIFE,2026-05-18,1010.0,991.1,1010.0,987.85,1296063
ZYDUSLIFE,2026-05-19,995.0,1018.9,1048.0,995.0,5876623
ZYDUSLIFE,2026-05-20,1066.15,1040.85,1093.65,1038.05,13503459
ZYDUSLIFE,2026-05-21,1054.0,1036.45,1054.0,1030.05,1920511
ZYDUSLIFE,2026-05-22,1041.0,1038.95,1047.45,1036.8,1296117
ZYDUSLIFE,2026-05-25,1049.8,1072.95,1075.0,1041.5,2355182
ZYDUSLIFE,2026-05-26,1074.0,1079.05,1083.25,1066.35,1948614
ZYDUSLIFE,2026-05-27,1078.6,1085.8,1088.9,1074.25,2116567
ZYDUSLIFE,2026-05-28,1085.8,1085.8,1085.8,1085.8,0
ZYDUSLIFE,2026-05-29,1096.45,1077.7,1115.5,1071.2,4588161
ZYDUSLIFE,2026-06-01,1081.0,1091.2,1108.9,1071.8,2045714
ZYDUSLIFE,2026-06-02,1082.0,1078.3,1091.1,1061.1,1928305
ZYDUSLIFE,2026-06-03,1078.1,1076.6,1081.1,1048.9,1403453
ZYDUSLIFE,2026-06-04,1070.0,1084.6,1098.0,1063.1,1016000
ZYDUSLIFE,2026-06-05,1085.1,1089.0,1097.0,1082.2,919205
ZYDUSLIFE,2026-06-08,1080.1,1087.6,1100.0,1076.2,830212
ZYDUSLIFE,2026-06-09,1087.6,1105.6,1111.0,1085.5,1299872
ZYDUSLIFE,2026-06-10,1109.5,1098.3,1119.8,1095.1,598159
ZYDUSLIFE,2026-06-11,1095.0,1105.9,1110.4,1091.2,728343
ZYDUSLIFE,2026-06-12,1113.2,1104.7,1118.0,1101.7,872151
ZYDUSLIFE,2026-06-15,1110.0,1088.1,1112.1,1086.0,1138903
ZYDUSLIFE,2026-06-16,1088.9,1078.7,1091.6,1072.4,1049320
ZYDUSLIFE,2026-06-17,1069.9,1061.4,1077.8,1053.8,2497044
ZYDUSLIFE,2026-06-18,1061.5,1074.4,1082.5,1060.6,1319818
ZYDUSLIFE,2026-06-19,1074.4,1070.8,1083.0,1065.0,887232
ZYDUSLIFE,2026-06-22,1070.5,1085.5,1088.2,1064.6,1104733
ZYDUSLIFE,2026-06-23,1094.0,1112.2,1124.5,1087.3,2429505
ZYDUSLIFE,2026-06-24,1120.4,1099.3,1126.0,1095.9,1490617
ZYDUSLIFE,2026-06-25,1100.0,1101.4,1113.3,1096.3,1182386
ZYDUSLIFE,2026-06-26,1101.4,1101.4,1101.4,1101.4,0
ZYDUSLIFE,2026-06-29,1104.7,1121.3,1125.3,1099.0,1976891
ZYDUSLIFE,2026-06-30,1122.2,1112.6,1128.5,1110.0,1698514
ZYDUSLIFE,2026-07-01,1112.9,1109.2,1125.9,1105.5,1005311
ZYDUSLIFE,2026-07-02,1114.1,1099.8,1114.8,1095.1,586078
ZYDUSLIFE,2026-07-03,1105.0,1140.6,1142.9,1104.1,1862016
ZYDUSLIFE,2026-07-06,1145.0,1147.9,1151.9,1131.6,2050194
ZYDUSLIFE,2026-07-07,1147.9,1153.0,1168.8,1144.4,1524274
ZYDUSLIFE,2026-07-08,1146.6,1148.0,1181.5,1142.2,2481507
ZYDUSLIFE,2026-07-09,1148.0,1159.0,1171.3,1144.9,986789
ZYDUSLIFE,2026-07-10,1161.6,1150.8,1164.9,1145.0,824192
ZYDUSLIFE,2026-07-13,1142.9,1131.3,1155.7,1128.5,1514991
ZYDUSLIFE,2026-07-14,1127.2,1133.6,1151.7,1126.6,1125219
ZYDUSLIFE,2026-07-15,1145.1,1156.9,1169.7,1134.8,2033795
ZYDUSLIFE,2026-07-16,1160.0,1153.9,1165.3,1146.0,982363
ZYDUSLIFE,2026-07-17,1150.0,1143.7,1156.7,1134.8,1240517
