Sector,Date,D_RSI
2/3 Wheelers,2026-06-30,
2/3 Wheelers,2026-07-01,
2/3 Wheelers,2026-07-02,
2/3 Wheelers,2026-07-03,
2/3 Wheelers,2026-07-06,
2/3 Wheelers,2026-07-07,
2/3 Wheelers,2026-07-08,
2/3 Wheelers,2026-07-09,
2/3 Wheelers,2026-07-10,
2/3 Wheelers,2026-07-13,
2/3 Wheelers,2026-07-14,
2/3 Wheelers,2026-07-15,
2/3 Wheelers,2026-07-16,
2/3 Wheelers,2026-07-17,
2/3 Wheelers,2026-07-20,61
2/3 Wheelers,2026-07-21,59
2/3 Wheelers,2026-07-22,55
2/3 Wheelers,2026-07-23,48
2/3 Wheelers,2026-07-24,44
2/3 Wheelers,2026-07-27,45
2/3 Wheelers,2026-07-28,43
2/3 Wheelers,2026-07-29,52
2/3 Wheelers,2026-07-30,51
2/3 Wheelers,2026-07-31,54
2/3 Wheelers,2026-08-03,56
2/3 Wheelers,2026-08-04,74
2/3 Wheelers,2026-08-05,75
2/3 Wheelers,2026-08-06,72
2/3 Wheelers,2026-08-07,74
2/3 Wheelers,2026-08-10,71
2/3 Wheelers,2026-08-11,75
2/3 Wheelers,2026-08-12,78
2/3 Wheelers,2026-08-13,70
2/3 Wheelers,2026-08-14,68
2/3 Wheelers,2026-08-17,64
2/3 Wheelers,2026-08-18,61
2/3 Wheelers,2026-08-19,57
2/3 Wheelers,2026-08-20,58
2/3 Wheelers,2026-08-21,59
2/3 Wheelers,2026-08-24,58
2/3 Wheelers,2026-08-25,56
2/3 Wheelers,2026-08-26,62
2/3 Wheelers,2026-08-27,62
2/3 Wheelers,2026-08-28,72
2/3 Wheelers,2026-08-31,78
2/3 Wheelers,2026-09-01,78
2/3 Wheelers,2026-09-02,72
2/3 Wheelers,2026-09-03,65
2/3 Wheelers,2026-09-04,58
2/3 Wheelers,2026-09-07,60
2/3 Wheelers,2026-09-08,57
2/3 Wheelers,2026-09-09,57
2/3 Wheelers,2026-09-10,64
2/3 Wheelers,2026-09-11,64
2/3 Wheelers,2026-09-15,53
2/3 Wheelers,2026-09-16,53
2/3 Wheelers,2026-09-17,51
2/3 Wheelers,2026-09-18,59
2/3 Wheelers,2026-09-21,54
2/3 Wheelers,2026-09-22,49
2/3 Wheelers,2026-09-23,45
2/3 Wheelers,2026-09-24,45
2/3 Wheelers,2026-09-25,45
2/3 Wheelers,2026-09-28,41
2/3 Wheelers,2026-09-29,37
2/3 Wheelers,2026-09-30,39
2/3 Wheelers,2026-10-01,37
Abrasives & Bearings,2026-06-30,
Abrasives & Bearings,2026-07-01,
Abrasives & Bearings,2026-07-02,
Abrasives & Bearings,2026-07-03,
Abrasives & Bearings,2026-07-06,
Abrasives & Bearings,2026-07-07,
Abrasives & Bearings,2026-07-08,
Abrasives & Bearings,2026-07-09,
Abrasives & Bearings,2026-07-10,
Abrasives & Bearings,2026-07-13,
Abrasives & Bearings,2026-07-14,
Abrasives & Bearings,2026-07-15,
Abrasives & Bearings,2026-07-16,
Abrasives & Bearings,2026-07-17,
Abrasives & Bearings,2026-07-20,14
Abrasives & Bearings,2026-07-21,41
Abrasives & Bearings,2026-07-22,36
Abrasives & Bearings,2026-07-23,38
Abrasives & Bearings,2026-07-24,36
Abrasives & Bearings,2026-07-27,35
Abrasives & Bearings,2026-07-28,37
Abrasives & Bearings,2026-07-29,33
Abrasives & Bearings,2026-07-30,34
Abrasives & Bearings,2026-07-31,42
Abrasives & Bearings,2026-08-03,39
Abrasives & Bearings,2026-08-04,46
Abrasives & Bearings,2026-08-05,43
Abrasives & Bearings,2026-08-06,45
Abrasives & Bearings,2026-08-07,44
Abrasives & Bearings,2026-08-10,44
Abrasives & Bearings,2026-08-11,43
Abrasives & Bearings,2026-08-12,43
Abrasives & Bearings,2026-08-13,43
Abrasives & Bearings,2026-08-14,39
Abrasives & Bearings,2026-08-17,44
Abrasives & Bearings,2026-08-18,39
Abrasives & Bearings,2026-08-19,53
Abrasives & Bearings,2026-08-20,49
Abrasives & Bearings,2026-08-21,49
Abrasives & Bearings,2026-08-24,48
Abrasives & Bearings,2026-08-25,47
Abrasives & Bearings,2026-08-26,59
Abrasives & Bearings,2026-08-27,61
Abrasives & Bearings,2026-08-28,65
Abrasives & Bearings,2026-08-31,67
Abrasives & Bearings,2026-09-01,63
Abrasives & Bearings,2026-09-02,68
Abrasives & Bearings,2026-09-03,70
Abrasives & Bearings,2026-09-04,63
Abrasives & Bearings,2026-09-07,64
Abrasives & Bearings,2026-09-08,57
Abrasives & Bearings,2026-09-09,58
Abrasives & Bearings,2026-09-10,55
Abrasives & Bearings,2026-09-11,50
Abrasives & Bearings,2026-09-15,46
Abrasives & Bearings,2026-09-16,55
Abrasives & Bearings,2026-09-17,54
Abrasives & Bearings,2026-09-18,58
Abrasives & Bearings,2026-09-21,49
Abrasives & Bearings,2026-09-22,43
Abrasives & Bearings,2026-09-23,50
Abrasives & Bearings,2026-09-24,53
Abrasives & Bearings,2026-09-25,52
Abrasives & Bearings,2026-09-28,49
Abrasives & Bearings,2026-09-29,43
Abrasives & Bearings,2026-09-30,42
Abrasives & Bearings,2026-10-01,37
Agri - Animal Feed,2026-06-30,
Agri - Animal Feed,2026-07-01,
Agri - Animal Feed,2026-07-02,
Agri - Animal Feed,2026-07-03,
Agri - Animal Feed,2026-07-06,
Agri - Animal Feed,2026-07-07,
Agri - Animal Feed,2026-07-08,
Agri - Animal Feed,2026-07-09,
Agri - Animal Feed,2026-07-10,
Agri - Animal Feed,2026-07-13,
Agri - Animal Feed,2026-07-14,
Agri - Animal Feed,2026-07-15,
Agri - Animal Feed,2026-07-16,
Agri - Animal Feed,2026-07-17,
Agri - Animal Feed,2026-07-20,51
Agri - Animal Feed,2026-07-21,48
Agri - Animal Feed,2026-07-22,46
Agri - Animal Feed,2026-07-23,42
Agri - Animal Feed,2026-07-24,45
Agri - Animal Feed,2026-07-27,44
Agri - Animal Feed,2026-07-28,45
Agri - Animal Feed,2026-07-29,42
Agri - Animal Feed,2026-07-30,42
Agri - Animal Feed,2026-07-31,39
Agri - Animal Feed,2026-08-03,43
Agri - Animal Feed,2026-08-04,40
Agri - Animal Feed,2026-08-05,41
Agri - Animal Feed,2026-08-06,38
Agri - Animal Feed,2026-08-07,40
Agri - Animal Feed,2026-08-10,43
Agri - Animal Feed,2026-08-11,39
Agri - Animal Feed,2026-08-12,43
Agri - Animal Feed,2026-08-13,48
Agri - Animal Feed,2026-08-14,51
Agri - Animal Feed,2026-08-17,54
Agri - Animal Feed,2026-08-18,52
Agri - Animal Feed,2026-08-19,48
Agri - Animal Feed,2026-08-20,48
Agri - Animal Feed,2026-08-21,46
Agri - Animal Feed,2026-08-24,46
Agri - Animal Feed,2026-08-25,48
Agri - Animal Feed,2026-08-26,49
Agri - Animal Feed,2026-08-27,47
Agri - Animal Feed,2026-08-28,45
Agri - Animal Feed,2026-08-31,44
Agri - Animal Feed,2026-09-01,51
Agri - Animal Feed,2026-09-02,50
Agri - Animal Feed,2026-09-03,50
Agri - Animal Feed,2026-09-04,51
Agri - Animal Feed,2026-09-07,54
Agri - Animal Feed,2026-09-08,58
Agri - Animal Feed,2026-09-09,54
Agri - Animal Feed,2026-09-10,54
Agri - Animal Feed,2026-09-11,56
Agri - Animal Feed,2026-09-15,49
Agri - Animal Feed,2026-09-16,47
Agri - Animal Feed,2026-09-17,46
Agri - Animal Feed,2026-09-18,45
Agri - Animal Feed,2026-09-21,46
Agri - Animal Feed,2026-09-22,43
Agri - Animal Feed,2026-09-23,45
Agri - Animal Feed,2026-09-24,45
Agri - Animal Feed,2026-09-25,44
Agri - Animal Feed,2026-09-28,41
Agri - Animal Feed,2026-09-29,39
Agri - Animal Feed,2026-09-30,37
Agri - Animal Feed,2026-10-01,35
Agri - Edible Oil,2026-06-30,
Agri - Edible Oil,2026-07-01,
Agri - Edible Oil,2026-07-02,
Agri - Edible Oil,2026-07-03,
Agri - Edible Oil,2026-07-06,
Agri - Edible Oil,2026-07-07,
Agri - Edible Oil,2026-07-08,
Agri - Edible Oil,2026-07-09,
Agri - Edible Oil,2026-07-10,
Agri - Edible Oil,2026-07-13,
Agri - Edible Oil,2026-07-14,
Agri - Edible Oil,2026-07-15,
Agri - Edible Oil,2026-07-16,
Agri - Edible Oil,2026-07-17,
Agri - Edible Oil,2026-07-20,54
Agri - Edible Oil,2026-07-21,56
Agri - Edible Oil,2026-07-22,54
Agri - Edible Oil,2026-07-23,54
Agri - Edible Oil,2026-07-24,53
Agri - Edible Oil,2026-07-27,55
Agri - Edible Oil,2026-07-28,52
Agri - Edible Oil,2026-07-29,55
Agri - Edible Oil,2026-07-30,55
Agri - Edible Oil,2026-07-31,54
Agri - Edible Oil,2026-08-03,59
Agri - Edible Oil,2026-08-04,58
Agri - Edible Oil,2026-08-05,57
Agri - Edible Oil,2026-08-06,59
Agri - Edible Oil,2026-08-07,58
Agri - Edible Oil,2026-08-10,56
Agri - Edible Oil,2026-08-11,54
Agri - Edible Oil,2026-08-12,55
Agri - Edible Oil,2026-08-13,54
Agri - Edible Oil,2026-08-14,51
Agri - Edible Oil,2026-08-17,51
Agri - Edible Oil,2026-08-18,51
Agri - Edible Oil,2026-08-19,52
Agri - Edible Oil,2026-08-20,52
Agri - Edible Oil,2026-08-21,53
Agri - Edible Oil,2026-08-24,55
Agri - Edible Oil,2026-08-25,57
Agri - Edible Oil,2026-08-26,54
Agri - Edible Oil,2026-08-27,51
Agri - Edible Oil,2026-08-28,51
Agri - Edible Oil,2026-08-31,49
Agri - Edible Oil,2026-09-01,49
Agri - Edible Oil,2026-09-02,47
Agri - Edible Oil,2026-09-03,47
Agri - Edible Oil,2026-09-04,47
Agri - Edible Oil,2026-09-07,47
Agri - Edible Oil,2026-09-08,47
Agri - Edible Oil,2026-09-09,46
Agri - Edible Oil,2026-09-10,44
Agri - Edible Oil,2026-09-11,43
Agri - Edible Oil,2026-09-15,39
Agri - Edible Oil,2026-09-16,42
Agri - Edible Oil,2026-09-17,43
Agri - Edible Oil,2026-09-18,46
Agri - Edible Oil,2026-09-21,49
Agri - Edible Oil,2026-09-22,50
Agri - Edible Oil,2026-09-23,53
Agri - Edible Oil,2026-09-24,51
Agri - Edible Oil,2026-09-25,51
Agri - Edible Oil,2026-09-28,47
Agri - Edible Oil,2026-09-29,44
Agri - Edible Oil,2026-09-30,42
Agri - Edible Oil,2026-10-01,39
Agri - Misc,2026-06-30,
Agri - Misc,2026-07-01,
Agri - Misc,2026-07-02,
Agri - Misc,2026-07-03,
Agri - Misc,2026-07-06,
Agri - Misc,2026-07-07,
Agri - Misc,2026-07-08,
Agri - Misc,2026-07-09,
Agri - Misc,2026-07-10,
Agri - Misc,2026-07-13,
Agri - Misc,2026-07-14,
Agri - Misc,2026-07-15,
Agri - Misc,2026-07-16,
Agri - Misc,2026-07-17,
Agri - Misc,2026-07-20,22
Agri - Misc,2026-07-21,22
Agri - Misc,2026-07-22,23
Agri - Misc,2026-07-23,22
Agri - Misc,2026-07-24,28
Agri - Misc,2026-07-27,34
Agri - Misc,2026-07-28,34
Agri - Misc,2026-07-29,35
Agri - Misc,2026-07-30,35
Agri - Misc,2026-07-31,39
Agri - Misc,2026-08-03,44
Agri - Misc,2026-08-04,43
Agri - Misc,2026-08-05,45
Agri - Misc,2026-08-06,46
Agri - Misc,2026-08-07,45
Agri - Misc,2026-08-10,42
Agri - Misc,2026-08-11,41
Agri - Misc,2026-08-12,40
Agri - Misc,2026-08-13,42
Agri - Misc,2026-08-14,49
Agri - Misc,2026-08-17,52
Agri - Misc,2026-08-18,51
Agri - Misc,2026-08-19,53
Agri - Misc,2026-08-20,55
Agri - Misc,2026-08-21,54
Agri - Misc,2026-08-24,55
Agri - Misc,2026-08-25,54
Agri - Misc,2026-08-26,56
Agri - Misc,2026-08-27,53
Agri - Misc,2026-08-28,53
Agri - Misc,2026-08-31,53
Agri - Misc,2026-09-01,49
Agri - Misc,2026-09-02,48
Agri - Misc,2026-09-03,49
Agri - Misc,2026-09-04,51
Agri - Misc,2026-09-07,51
Agri - Misc,2026-09-08,51
Agri - Misc,2026-09-09,49
Agri - Misc,2026-09-10,47
Agri - Misc,2026-09-11,47
Agri - Misc,2026-09-15,43
Agri - Misc,2026-09-16,43
Agri - Misc,2026-09-17,44
Agri - Misc,2026-09-18,44
Agri - Misc,2026-09-21,47
Agri - Misc,2026-09-22,45
Agri - Misc,2026-09-23,48
Agri - Misc,2026-09-24,44
Agri - Misc,2026-09-25,44
Agri - Misc,2026-09-28,41
Agri - Misc,2026-09-29,43
Agri - Misc,2026-09-30,41
Agri - Misc,2026-10-01,38
Agri - Rice,2026-06-30,
Agri - Rice,2026-07-01,
Agri - Rice,2026-07-02,
Agri - Rice,2026-07-03,
Agri - Rice,2026-07-06,
Agri - Rice,2026-07-07,
Agri - Rice,2026-07-08,
Agri - Rice,2026-07-09,
Agri - Rice,2026-07-10,
Agri - Rice,2026-07-13,
Agri - Rice,2026-07-14,
Agri - Rice,2026-07-15,
Agri - Rice,2026-07-16,
Agri - Rice,2026-07-17,
Agri - Rice,2026-07-20,50
Agri - Rice,2026-07-21,58
Agri - Rice,2026-07-22,57
Agri - Rice,2026-07-23,52
Agri - Rice,2026-07-24,55
Agri - Rice,2026-07-27,55
Agri - Rice,2026-07-28,50
Agri - Rice,2026-07-29,53
Agri - Rice,2026-07-30,57
Agri - Rice,2026-07-31,62
Agri - Rice,2026-08-03,70
Agri - Rice,2026-08-04,68
Agri - Rice,2026-08-05,70
Agri - Rice,2026-08-06,70
Agri - Rice,2026-08-07,65
Agri - Rice,2026-08-10,61
Agri - Rice,2026-08-11,59
Agri - Rice,2026-08-12,63
Agri - Rice,2026-08-13,59
Agri - Rice,2026-08-14,61
Agri - Rice,2026-08-17,63
Agri - Rice,2026-08-18,62
Agri - Rice,2026-08-19,64
Agri - Rice,2026-08-20,63
Agri - Rice,2026-08-21,67
Agri - Rice,2026-08-24,78
Agri - Rice,2026-08-25,71
Agri - Rice,2026-08-26,72
Agri - Rice,2026-08-27,61
Agri - Rice,2026-08-28,61
Agri - Rice,2026-08-31,61
Agri - Rice,2026-09-01,59
Agri - Rice,2026-09-02,60
Agri - Rice,2026-09-03,61
Agri - Rice,2026-09-04,60
Agri - Rice,2026-09-07,60
Agri - Rice,2026-09-08,63
Agri - Rice,2026-09-09,63
Agri - Rice,2026-09-10,57
Agri - Rice,2026-09-11,54
Agri - Rice,2026-09-15,43
Agri - Rice,2026-09-16,46
Agri - Rice,2026-09-17,46
Agri - Rice,2026-09-18,46
Agri - Rice,2026-09-21,47
Agri - Rice,2026-09-22,45
Agri - Rice,2026-09-23,51
Agri - Rice,2026-09-24,47
Agri - Rice,2026-09-25,48
Agri - Rice,2026-09-28,41
Agri - Rice,2026-09-29,40
Agri - Rice,2026-09-30,39
Agri - Rice,2026-10-01,37
Agri - Seeds,2026-06-30,
Agri - Seeds,2026-07-01,
Agri - Seeds,2026-07-02,
Agri - Seeds,2026-07-03,
Agri - Seeds,2026-07-06,
Agri - Seeds,2026-07-07,
Agri - Seeds,2026-07-08,
Agri - Seeds,2026-07-09,
Agri - Seeds,2026-07-10,
Agri - Seeds,2026-07-13,
Agri - Seeds,2026-07-14,
Agri - Seeds,2026-07-15,
Agri - Seeds,2026-07-16,
Agri - Seeds,2026-07-17,
Agri - Seeds,2026-07-20,33
Agri - Seeds,2026-07-21,39
Agri - Seeds,2026-07-22,35
Agri - Seeds,2026-07-23,29
Agri - Seeds,2026-07-24,34
Agri - Seeds,2026-07-27,36
Agri - Seeds,2026-07-28,35
Agri - Seeds,2026-07-29,32
Agri - Seeds,2026-07-30,32
Agri - Seeds,2026-07-31,29
Agri - Seeds,2026-08-03,31
Agri - Seeds,2026-08-04,36
Agri - Seeds,2026-08-05,37
Agri - Seeds,2026-08-06,33
Agri - Seeds,2026-08-07,37
Agri - Seeds,2026-08-10,35
Agri - Seeds,2026-08-11,42
Agri - Seeds,2026-08-12,42
Agri - Seeds,2026-08-13,41
Agri - Seeds,2026-08-14,40
Agri - Seeds,2026-08-17,39
Agri - Seeds,2026-08-18,39
Agri - Seeds,2026-08-19,39
Agri - Seeds,2026-08-20,39
Agri - Seeds,2026-08-21,36
Agri - Seeds,2026-08-24,40
Agri - Seeds,2026-08-25,43
Agri - Seeds,2026-08-26,45
Agri - Seeds,2026-08-27,45
Agri - Seeds,2026-08-28,51
Agri - Seeds,2026-08-31,47
Agri - Seeds,2026-09-01,42
Agri - Seeds,2026-09-02,40
Agri - Seeds,2026-09-03,42
Agri - Seeds,2026-09-04,44
Agri - Seeds,2026-09-07,43
Agri - Seeds,2026-09-08,41
Agri - Seeds,2026-09-09,38
Agri - Seeds,2026-09-10,38
Agri - Seeds,2026-09-11,35
Agri - Seeds,2026-09-15,30
Agri - Seeds,2026-09-16,29
Agri - Seeds,2026-09-17,38
Agri - Seeds,2026-09-18,37
Agri - Seeds,2026-09-21,41
Agri - Seeds,2026-09-22,39
Agri - Seeds,2026-09-23,40
Agri - Seeds,2026-09-24,52
Agri - Seeds,2026-09-25,52
Agri - Seeds,2026-09-28,44
Agri - Seeds,2026-09-29,42
Agri - Seeds,2026-09-30,42
Agri - Seeds,2026-10-01,37
Agri - Sugar,2026-06-30,
Agri - Sugar,2026-07-01,
Agri - Sugar,2026-07-02,
Agri - Sugar,2026-07-03,
Agri - Sugar,2026-07-06,
Agri - Sugar,2026-07-07,
Agri - Sugar,2026-07-08,
Agri - Sugar,2026-07-09,
Agri - Sugar,2026-07-10,
Agri - Sugar,2026-07-13,
Agri - Sugar,2026-07-14,
Agri - Sugar,2026-07-15,
Agri - Sugar,2026-07-16,
Agri - Sugar,2026-07-17,
Agri - Sugar,2026-07-20,62
Agri - Sugar,2026-07-21,66
Agri - Sugar,2026-07-22,59
Agri - Sugar,2026-07-23,57
Agri - Sugar,2026-07-24,58
Agri - Sugar,2026-07-27,58
Agri - Sugar,2026-07-28,54
Agri - Sugar,2026-07-29,53
Agri - Sugar,2026-07-30,51
Agri - Sugar,2026-07-31,51
Agri - Sugar,2026-08-03,60
Agri - Sugar,2026-08-04,64
Agri - Sugar,2026-08-05,61
Agri - Sugar,2026-08-06,59
Agri - Sugar,2026-08-07,58
Agri - Sugar,2026-08-10,61
Agri - Sugar,2026-08-11,59
Agri - Sugar,2026-08-12,58
Agri - Sugar,2026-08-13,60
Agri - Sugar,2026-08-14,59
Agri - Sugar,2026-08-17,65
Agri - Sugar,2026-08-18,67
Agri - Sugar,2026-08-19,71
Agri - Sugar,2026-08-20,78
Agri - Sugar,2026-08-21,73
Agri - Sugar,2026-08-24,73
Agri - Sugar,2026-08-25,66
Agri - Sugar,2026-08-26,63
Agri - Sugar,2026-08-27,57
Agri - Sugar,2026-08-28,60
Agri - Sugar,2026-08-31,62
Agri - Sugar,2026-09-01,56
Agri - Sugar,2026-09-02,56
Agri - Sugar,2026-09-03,58
Agri - Sugar,2026-09-04,53
Agri - Sugar,2026-09-07,55
Agri - Sugar,2026-09-08,54
Agri - Sugar,2026-09-09,50
Agri - Sugar,2026-09-10,49
Agri - Sugar,2026-09-11,48
Agri - Sugar,2026-09-15,42
Agri - Sugar,2026-09-16,41
Agri - Sugar,2026-09-17,41
Agri - Sugar,2026-09-18,42
Agri - Sugar,2026-09-21,42
Agri - Sugar,2026-09-22,44
Agri - Sugar,2026-09-23,46
Agri - Sugar,2026-09-24,44
Agri - Sugar,2026-09-25,53
Agri - Sugar,2026-09-28,50
Agri - Sugar,2026-09-29,49
Agri - Sugar,2026-09-30,48
Agri - Sugar,2026-10-01,43
Agri - Tea/Coffee,2026-06-30,
Agri - Tea/Coffee,2026-07-01,
Agri - Tea/Coffee,2026-07-02,
Agri - Tea/Coffee,2026-07-03,
Agri - Tea/Coffee,2026-07-06,
Agri - Tea/Coffee,2026-07-07,
Agri - Tea/Coffee,2026-07-08,
Agri - Tea/Coffee,2026-07-09,
Agri - Tea/Coffee,2026-07-10,
Agri - Tea/Coffee,2026-07-13,
Agri - Tea/Coffee,2026-07-14,
Agri - Tea/Coffee,2026-07-15,
Agri - Tea/Coffee,2026-07-16,
Agri - Tea/Coffee,2026-07-17,
Agri - Tea/Coffee,2026-07-20,57
Agri - Tea/Coffee,2026-07-21,51
Agri - Tea/Coffee,2026-07-22,53
Agri - Tea/Coffee,2026-07-23,53
Agri - Tea/Coffee,2026-07-24,49
Agri - Tea/Coffee,2026-07-27,50
Agri - Tea/Coffee,2026-07-28,51
Agri - Tea/Coffee,2026-07-29,49
Agri - Tea/Coffee,2026-07-30,46
Agri - Tea/Coffee,2026-07-31,49
Agri - Tea/Coffee,2026-08-03,50
Agri - Tea/Coffee,2026-08-04,51
Agri - Tea/Coffee,2026-08-05,54
Agri - Tea/Coffee,2026-08-06,52
Agri - Tea/Coffee,2026-08-07,50
Agri - Tea/Coffee,2026-08-10,52
Agri - Tea/Coffee,2026-08-11,51
Agri - Tea/Coffee,2026-08-12,51
Agri - Tea/Coffee,2026-08-13,48
Agri - Tea/Coffee,2026-08-14,49
Agri - Tea/Coffee,2026-08-17,48
Agri - Tea/Coffee,2026-08-18,49
Agri - Tea/Coffee,2026-08-19,51
Agri - Tea/Coffee,2026-08-20,55
Agri - Tea/Coffee,2026-08-21,56
Agri - Tea/Coffee,2026-08-24,59
Agri - Tea/Coffee,2026-08-25,61
Agri - Tea/Coffee,2026-08-26,62
Agri - Tea/Coffee,2026-08-27,57
Agri - Tea/Coffee,2026-08-28,57
Agri - Tea/Coffee,2026-08-31,56
Agri - Tea/Coffee,2026-09-01,53
Agri - Tea/Coffee,2026-09-02,51
Agri - Tea/Coffee,2026-09-03,53
Agri - Tea/Coffee,2026-09-04,52
Agri - Tea/Coffee,2026-09-07,53
Agri - Tea/Coffee,2026-09-08,50
Agri - Tea/Coffee,2026-09-09,49
Agri - Tea/Coffee,2026-09-10,48
Agri - Tea/Coffee,2026-09-11,47
Agri - Tea/Coffee,2026-09-15,42
Agri - Tea/Coffee,2026-09-16,43
Agri - Tea/Coffee,2026-09-17,43
Agri - Tea/Coffee,2026-09-18,45
Agri - Tea/Coffee,2026-09-21,47
Agri - Tea/Coffee,2026-09-22,44
Agri - Tea/Coffee,2026-09-23,49
Agri - Tea/Coffee,2026-09-24,46
Agri - Tea/Coffee,2026-09-25,48
Agri - Tea/Coffee,2026-09-28,45
Agri - Tea/Coffee,2026-09-29,47
Agri - Tea/Coffee,2026-09-30,50
Agri - Tea/Coffee,2026-10-01,46
Agrichem - Fertilizers,2026-06-30,
Agrichem - Fertilizers,2026-07-01,
Agrichem - Fertilizers,2026-07-02,
Agrichem - Fertilizers,2026-07-03,
Agrichem - Fertilizers,2026-07-06,
Agrichem - Fertilizers,2026-07-07,
Agrichem - Fertilizers,2026-07-08,
Agrichem - Fertilizers,2026-07-09,
Agrichem - Fertilizers,2026-07-10,
Agrichem - Fertilizers,2026-07-13,
Agrichem - Fertilizers,2026-07-14,
Agrichem - Fertilizers,2026-07-15,
Agrichem - Fertilizers,2026-07-16,
Agrichem - Fertilizers,2026-07-17,
Agrichem - Fertilizers,2026-07-20,50
Agrichem - Fertilizers,2026-07-21,50
Agrichem - Fertilizers,2026-07-22,47
Agrichem - Fertilizers,2026-07-23,45
Agrichem - Fertilizers,2026-07-24,46
Agrichem - Fertilizers,2026-07-27,50
Agrichem - Fertilizers,2026-07-28,51
Agrichem - Fertilizers,2026-07-29,54
Agrichem - Fertilizers,2026-07-30,52
Agrichem - Fertilizers,2026-07-31,52
Agrichem - Fertilizers,2026-08-03,55
Agrichem - Fertilizers,2026-08-04,55
Agrichem - Fertilizers,2026-08-05,56
Agrichem - Fertilizers,2026-08-06,56
Agrichem - Fertilizers,2026-08-07,53
Agrichem - Fertilizers,2026-08-10,53
Agrichem - Fertilizers,2026-08-11,53
Agrichem - Fertilizers,2026-08-12,52
Agrichem - Fertilizers,2026-08-13,53
Agrichem - Fertilizers,2026-08-14,53
Agrichem - Fertilizers,2026-08-17,53
Agrichem - Fertilizers,2026-08-18,51
Agrichem - Fertilizers,2026-08-19,51
Agrichem - Fertilizers,2026-08-20,51
Agrichem - Fertilizers,2026-08-21,50
Agrichem - Fertilizers,2026-08-24,51
Agrichem - Fertilizers,2026-08-25,56
Agrichem - Fertilizers,2026-08-26,57
Agrichem - Fertilizers,2026-08-27,52
Agrichem - Fertilizers,2026-08-28,51
Agrichem - Fertilizers,2026-08-31,47
Agrichem - Fertilizers,2026-09-01,47
Agrichem - Fertilizers,2026-09-02,46
Agrichem - Fertilizers,2026-09-03,49
Agrichem - Fertilizers,2026-09-04,49
Agrichem - Fertilizers,2026-09-07,48
Agrichem - Fertilizers,2026-09-08,47
Agrichem - Fertilizers,2026-09-09,45
Agrichem - Fertilizers,2026-09-10,44
Agrichem - Fertilizers,2026-09-11,42
Agrichem - Fertilizers,2026-09-15,38
Agrichem - Fertilizers,2026-09-16,37
Agrichem - Fertilizers,2026-09-17,41
Agrichem - Fertilizers,2026-09-18,43
Agrichem - Fertilizers,2026-09-21,43
Agrichem - Fertilizers,2026-09-22,44
Agrichem - Fertilizers,2026-09-23,48
Agrichem - Fertilizers,2026-09-24,46
Agrichem - Fertilizers,2026-09-25,48
Agrichem - Fertilizers,2026-09-28,45
Agrichem - Fertilizers,2026-09-29,43
Agrichem - Fertilizers,2026-09-30,43
Agrichem - Fertilizers,2026-10-01,38
Agrichem - Protection,2026-06-30,
Agrichem - Protection,2026-07-01,
Agrichem - Protection,2026-07-02,
Agrichem - Protection,2026-07-03,
Agrichem - Protection,2026-07-06,
Agrichem - Protection,2026-07-07,
Agrichem - Protection,2026-07-08,
Agrichem - Protection,2026-07-09,
Agrichem - Protection,2026-07-10,
Agrichem - Protection,2026-07-13,
Agrichem - Protection,2026-07-14,
Agrichem - Protection,2026-07-15,
Agrichem - Protection,2026-07-16,
Agrichem - Protection,2026-07-17,
Agrichem - Protection,2026-07-20,55
Agrichem - Protection,2026-07-21,56
Agrichem - Protection,2026-07-22,54
Agrichem - Protection,2026-07-23,52
Agrichem - Protection,2026-07-24,52
Agrichem - Protection,2026-07-27,54
Agrichem - Protection,2026-07-28,52
Agrichem - Protection,2026-07-29,54
Agrichem - Protection,2026-07-30,53
Agrichem - Protection,2026-07-31,55
Agrichem - Protection,2026-08-03,57
Agrichem - Protection,2026-08-04,55
Agrichem - Protection,2026-08-05,53
Agrichem - Protection,2026-08-06,53
Agrichem - Protection,2026-08-07,52
Agrichem - Protection,2026-08-10,53
Agrichem - Protection,2026-08-11,51
Agrichem - Protection,2026-08-12,47
Agrichem - Protection,2026-08-13,47
Agrichem - Protection,2026-08-14,46
Agrichem - Protection,2026-08-17,46
Agrichem - Protection,2026-08-18,45
Agrichem - Protection,2026-08-19,45
Agrichem - Protection,2026-08-20,46
Agrichem - Protection,2026-08-21,45
Agrichem - Protection,2026-08-24,45
Agrichem - Protection,2026-08-25,46
Agrichem - Protection,2026-08-26,48
Agrichem - Protection,2026-08-27,45
Agrichem - Protection,2026-08-28,45
Agrichem - Protection,2026-08-31,44
Agrichem - Protection,2026-09-01,45
Agrichem - Protection,2026-09-02,46
Agrichem - Protection,2026-09-03,47
Agrichem - Protection,2026-09-04,47
Agrichem - Protection,2026-09-07,45
Agrichem - Protection,2026-09-08,47
Agrichem - Protection,2026-09-09,48
Agrichem - Protection,2026-09-10,46
Agrichem - Protection,2026-09-11,43
Agrichem - Protection,2026-09-15,38
Agrichem - Protection,2026-09-16,41
Agrichem - Protection,2026-09-17,43
Agrichem - Protection,2026-09-18,45
Agrichem - Protection,2026-09-21,43
Agrichem - Protection,2026-09-22,44
Agrichem - Protection,2026-09-23,46
Agrichem - Protection,2026-09-24,44
Agrichem - Protection,2026-09-25,44
Agrichem - Protection,2026-09-28,41
Agrichem - Protection,2026-09-29,38
Agrichem - Protection,2026-09-30,38
Agrichem - Protection,2026-10-01,34
Aluminium Copper & Zinc Products,2026-06-30,
Aluminium Copper & Zinc Products,2026-07-01,
Aluminium Copper & Zinc Products,2026-07-02,
Aluminium Copper & Zinc Products,2026-07-03,
Aluminium Copper & Zinc Products,2026-07-06,
Aluminium Copper & Zinc Products,2026-07-07,
Aluminium Copper & Zinc Products,2026-07-08,
Aluminium Copper & Zinc Products,2026-07-09,
Aluminium Copper & Zinc Products,2026-07-10,
Aluminium Copper & Zinc Products,2026-07-13,
Aluminium Copper & Zinc Products,2026-07-14,
Aluminium Copper & Zinc Products,2026-07-15,
Aluminium Copper & Zinc Products,2026-07-16,
Aluminium Copper & Zinc Products,2026-07-17,
Aluminium Copper & Zinc Products,2026-07-20,16
Aluminium Copper & Zinc Products,2026-07-21,14
Aluminium Copper & Zinc Products,2026-07-22,14
Aluminium Copper & Zinc Products,2026-07-23,12
Aluminium Copper & Zinc Products,2026-07-24,15
Aluminium Copper & Zinc Products,2026-07-27,25
Aluminium Copper & Zinc Products,2026-07-28,23
Aluminium Copper & Zinc Products,2026-07-29,23
Aluminium Copper & Zinc Products,2026-07-30,24
Aluminium Copper & Zinc Products,2026-07-31,32
Aluminium Copper & Zinc Products,2026-08-03,37
Aluminium Copper & Zinc Products,2026-08-04,35
Aluminium Copper & Zinc Products,2026-08-05,36
Aluminium Copper & Zinc Products,2026-08-06,44
Aluminium Copper & Zinc Products,2026-08-07,46
Aluminium Copper & Zinc Products,2026-08-10,52
Aluminium Copper & Zinc Products,2026-08-11,52
Aluminium Copper & Zinc Products,2026-08-12,40
Aluminium Copper & Zinc Products,2026-08-13,33
Aluminium Copper & Zinc Products,2026-08-14,37
Aluminium Copper & Zinc Products,2026-08-17,36
Aluminium Copper & Zinc Products,2026-08-18,34
Aluminium Copper & Zinc Products,2026-08-19,35
Aluminium Copper & Zinc Products,2026-08-20,33
Aluminium Copper & Zinc Products,2026-08-21,32
Aluminium Copper & Zinc Products,2026-08-24,32
Aluminium Copper & Zinc Products,2026-08-25,30
Aluminium Copper & Zinc Products,2026-08-26,37
Aluminium Copper & Zinc Products,2026-08-27,35
Aluminium Copper & Zinc Products,2026-08-28,47
Aluminium Copper & Zinc Products,2026-08-31,47
Aluminium Copper & Zinc Products,2026-09-01,50
Aluminium Copper & Zinc Products,2026-09-02,44
Aluminium Copper & Zinc Products,2026-09-03,46
Aluminium Copper & Zinc Products,2026-09-04,48
Aluminium Copper & Zinc Products,2026-09-07,43
Aluminium Copper & Zinc Products,2026-09-08,46
Aluminium Copper & Zinc Products,2026-09-09,48
Aluminium Copper & Zinc Products,2026-09-10,49
Aluminium Copper & Zinc Products,2026-09-11,44
Aluminium Copper & Zinc Products,2026-09-15,38
Aluminium Copper & Zinc Products,2026-09-16,37
Aluminium Copper & Zinc Products,2026-09-17,39
Aluminium Copper & Zinc Products,2026-09-18,44
Aluminium Copper & Zinc Products,2026-09-21,40
Aluminium Copper & Zinc Products,2026-09-22,39
Aluminium Copper & Zinc Products,2026-09-23,50
Aluminium Copper & Zinc Products,2026-09-24,45
Aluminium Copper & Zinc Products,2026-09-25,54
Aluminium Copper & Zinc Products,2026-09-28,55
Aluminium Copper & Zinc Products,2026-09-29,60
Aluminium Copper & Zinc Products,2026-09-30,61
Aluminium Copper & Zinc Products,2026-10-01,50
Asset Management Company,2026-06-30,
Asset Management Company,2026-07-01,
Asset Management Company,2026-07-02,
Asset Management Company,2026-07-03,
Asset Management Company,2026-07-06,
Asset Management Company,2026-07-07,
Asset Management Company,2026-07-08,
Asset Management Company,2026-07-09,
Asset Management Company,2026-07-10,
Asset Management Company,2026-07-13,
Asset Management Company,2026-07-14,
Asset Management Company,2026-07-15,
Asset Management Company,2026-07-16,
Asset Management Company,2026-07-17,
Asset Management Company,2026-07-20,68
Asset Management Company,2026-07-21,67
Asset Management Company,2026-07-22,69
Asset Management Company,2026-07-23,69
Asset Management Company,2026-07-24,65
Asset Management Company,2026-07-27,67
Asset Management Company,2026-07-28,65
Asset Management Company,2026-07-29,64
Asset Management Company,2026-07-30,60
Asset Management Company,2026-07-31,63
Asset Management Company,2026-08-03,62
Asset Management Company,2026-08-04,62
Asset Management Company,2026-08-05,62
Asset Management Company,2026-08-06,60
Asset Management Company,2026-08-07,59
Asset Management Company,2026-08-10,58
Asset Management Company,2026-08-11,53
Asset Management Company,2026-08-12,56
Asset Management Company,2026-08-13,57
Asset Management Company,2026-08-14,54
Asset Management Company,2026-08-17,54
Asset Management Company,2026-08-18,53
Asset Management Company,2026-08-19,56
Asset Management Company,2026-08-20,62
Asset Management Company,2026-08-21,63
Asset Management Company,2026-08-24,58
Asset Management Company,2026-08-25,58
Asset Management Company,2026-08-26,57
Asset Management Company,2026-08-27,51
Asset Management Company,2026-08-28,53
Asset Management Company,2026-08-31,50
Asset Management Company,2026-09-01,46
Asset Management Company,2026-09-02,43
Asset Management Company,2026-09-03,42
Asset Management Company,2026-09-04,42
Asset Management Company,2026-09-07,43
Asset Management Company,2026-09-08,39
Asset Management Company,2026-09-09,38
Asset Management Company,2026-09-10,40
Asset Management Company,2026-09-11,40
Asset Management Company,2026-09-15,39
Asset Management Company,2026-09-16,39
Asset Management Company,2026-09-17,44
Asset Management Company,2026-09-18,48
Asset Management Company,2026-09-21,47
Asset Management Company,2026-09-22,43
Asset Management Company,2026-09-23,46
Asset Management Company,2026-09-24,45
Asset Management Company,2026-09-25,47
Asset Management Company,2026-09-28,46
Asset Management Company,2026-09-29,46
Asset Management Company,2026-09-30,41
Asset Management Company,2026-10-01,36
Auto - 2W,2026-06-30,
Auto - 2W,2026-07-01,
Auto - 2W,2026-07-02,
Auto - 2W,2026-07-03,
Auto - 2W,2026-07-06,
Auto - 2W,2026-07-07,
Auto - 2W,2026-07-08,
Auto - 2W,2026-07-09,
Auto - 2W,2026-07-10,
Auto - 2W,2026-07-13,
Auto - 2W,2026-07-14,
Auto - 2W,2026-07-15,
Auto - 2W,2026-07-16,
Auto - 2W,2026-07-17,
Auto - 2W,2026-07-20,76
Auto - 2W,2026-07-21,77
Auto - 2W,2026-07-22,74
Auto - 2W,2026-07-23,77
Auto - 2W,2026-07-24,70
Auto - 2W,2026-07-27,72
Auto - 2W,2026-07-28,73
Auto - 2W,2026-07-29,73
Auto - 2W,2026-07-30,75
Auto - 2W,2026-07-31,76
Auto - 2W,2026-08-03,78
Auto - 2W,2026-08-04,74
Auto - 2W,2026-08-05,78
Auto - 2W,2026-08-06,72
Auto - 2W,2026-08-07,73
Auto - 2W,2026-08-10,72
Auto - 2W,2026-08-11,71
Auto - 2W,2026-08-12,71
Auto - 2W,2026-08-13,69
Auto - 2W,2026-08-14,66
Auto - 2W,2026-08-17,66
Auto - 2W,2026-08-18,64
Auto - 2W,2026-08-19,62
Auto - 2W,2026-08-20,64
Auto - 2W,2026-08-21,63
Auto - 2W,2026-08-24,62
Auto - 2W,2026-08-25,61
Auto - 2W,2026-08-26,61
Auto - 2W,2026-08-27,59
Auto - 2W,2026-08-28,59
Auto - 2W,2026-08-31,58
Auto - 2W,2026-09-01,58
Auto - 2W,2026-09-02,49
Auto - 2W,2026-09-03,46
Auto - 2W,2026-09-04,46
Auto - 2W,2026-09-07,45
Auto - 2W,2026-09-08,47
Auto - 2W,2026-09-09,45
Auto - 2W,2026-09-10,47
Auto - 2W,2026-09-11,44
Auto - 2W,2026-09-15,39
Auto - 2W,2026-09-16,41
Auto - 2W,2026-09-17,43
Auto - 2W,2026-09-18,43
Auto - 2W,2026-09-21,46
Auto - 2W,2026-09-22,44
Auto - 2W,2026-09-23,48
Auto - 2W,2026-09-24,45
Auto - 2W,2026-09-25,45
Auto - 2W,2026-09-28,41
Auto - 2W,2026-09-29,38
Auto - 2W,2026-09-30,39
Auto - 2W,2026-10-01,33
Auto - CV,2026-06-30,
Auto - CV,2026-07-01,
Auto - CV,2026-07-02,
Auto - CV,2026-07-03,
Auto - CV,2026-07-06,
Auto - CV,2026-07-07,
Auto - CV,2026-07-08,
Auto - CV,2026-07-09,
Auto - CV,2026-07-10,
Auto - CV,2026-07-13,
Auto - CV,2026-07-14,
Auto - CV,2026-07-15,
Auto - CV,2026-07-16,
Auto - CV,2026-07-17,
Auto - CV,2026-07-20,49
Auto - CV,2026-07-21,53
Auto - CV,2026-07-22,49
Auto - CV,2026-07-23,47
Auto - CV,2026-07-24,51
Auto - CV,2026-07-27,54
Auto - CV,2026-07-28,52
Auto - CV,2026-07-29,59
Auto - CV,2026-07-30,63
Auto - CV,2026-07-31,63
Auto - CV,2026-08-03,67
Auto - CV,2026-08-04,65
Auto - CV,2026-08-05,71
Auto - CV,2026-08-06,69
Auto - CV,2026-08-07,68
Auto - CV,2026-08-10,61
Auto - CV,2026-08-11,59
Auto - CV,2026-08-12,59
Auto - CV,2026-08-13,58
Auto - CV,2026-08-14,55
Auto - CV,2026-08-17,59
Auto - CV,2026-08-18,61
Auto - CV,2026-08-19,57
Auto - CV,2026-08-20,56
Auto - CV,2026-08-21,55
Auto - CV,2026-08-24,54
Auto - CV,2026-08-25,53
Auto - CV,2026-08-26,54
Auto - CV,2026-08-27,51
Auto - CV,2026-08-28,51
Auto - CV,2026-08-31,51
Auto - CV,2026-09-01,49
Auto - CV,2026-09-02,46
Auto - CV,2026-09-03,50
Auto - CV,2026-09-04,51
Auto - CV,2026-09-07,50
Auto - CV,2026-09-08,50
Auto - CV,2026-09-09,50
Auto - CV,2026-09-10,47
Auto - CV,2026-09-11,46
Auto - CV,2026-09-15,41
Auto - CV,2026-09-16,41
Auto - CV,2026-09-17,47
Auto - CV,2026-09-18,51
Auto - CV,2026-09-21,52
Auto - CV,2026-09-22,53
Auto - CV,2026-09-23,56
Auto - CV,2026-09-24,52
Auto - CV,2026-09-25,53
Auto - CV,2026-09-28,48
Auto - CV,2026-09-29,49
Auto - CV,2026-09-30,51
Auto - CV,2026-10-01,43
Auto - Misc,2026-06-30,
Auto - Misc,2026-07-01,
Auto - Misc,2026-07-02,
Auto - Misc,2026-07-03,
Auto - Misc,2026-07-06,
Auto - Misc,2026-07-07,
Auto - Misc,2026-07-08,
Auto - Misc,2026-07-09,
Auto - Misc,2026-07-10,
Auto - Misc,2026-07-13,
Auto - Misc,2026-07-14,
Auto - Misc,2026-07-15,
Auto - Misc,2026-07-16,
Auto - Misc,2026-07-17,
Auto - Misc,2026-07-20,62
Auto - Misc,2026-07-21,60
Auto - Misc,2026-07-22,59
Auto - Misc,2026-07-23,55
Auto - Misc,2026-07-24,56
Auto - Misc,2026-07-27,61
Auto - Misc,2026-07-28,61
Auto - Misc,2026-07-29,63
Auto - Misc,2026-07-30,62
Auto - Misc,2026-07-31,62
Auto - Misc,2026-08-03,64
Auto - Misc,2026-08-04,63
Auto - Misc,2026-08-05,62
Auto - Misc,2026-08-06,61
Auto - Misc,2026-08-07,59
Auto - Misc,2026-08-10,59
Auto - Misc,2026-08-11,60
Auto - Misc,2026-08-12,59
Auto - Misc,2026-08-13,58
Auto - Misc,2026-08-14,55
Auto - Misc,2026-08-17,55
Auto - Misc,2026-08-18,52
Auto - Misc,2026-08-19,51
Auto - Misc,2026-08-20,53
Auto - Misc,2026-08-21,54
Auto - Misc,2026-08-24,54
Auto - Misc,2026-08-25,53
Auto - Misc,2026-08-26,51
Auto - Misc,2026-08-27,50
Auto - Misc,2026-08-28,50
Auto - Misc,2026-08-31,49
Auto - Misc,2026-09-01,49
Auto - Misc,2026-09-02,49
Auto - Misc,2026-09-03,48
Auto - Misc,2026-09-04,49
Auto - Misc,2026-09-07,46
Auto - Misc,2026-09-08,48
Auto - Misc,2026-09-09,45
Auto - Misc,2026-09-10,45
Auto - Misc,2026-09-11,44
Auto - Misc,2026-09-15,40
Auto - Misc,2026-09-16,38
Auto - Misc,2026-09-17,42
Auto - Misc,2026-09-18,43
Auto - Misc,2026-09-21,43
Auto - Misc,2026-09-22,43
Auto - Misc,2026-09-23,45
Auto - Misc,2026-09-24,44
Auto - Misc,2026-09-25,45
Auto - Misc,2026-09-28,42
Auto - Misc,2026-09-29,43
Auto - Misc,2026-09-30,41
Auto - Misc,2026-10-01,37
Auto - OEM Suppliers,2026-06-30,
Auto - OEM Suppliers,2026-07-01,
Auto - OEM Suppliers,2026-07-02,
Auto - OEM Suppliers,2026-07-03,
Auto - OEM Suppliers,2026-07-06,
Auto - OEM Suppliers,2026-07-07,
Auto - OEM Suppliers,2026-07-08,
Auto - OEM Suppliers,2026-07-09,
Auto - OEM Suppliers,2026-07-10,
Auto - OEM Suppliers,2026-07-13,
Auto - OEM Suppliers,2026-07-14,
Auto - OEM Suppliers,2026-07-15,
Auto - OEM Suppliers,2026-07-16,
Auto - OEM Suppliers,2026-07-17,
Auto - OEM Suppliers,2026-07-20,59
Auto - OEM Suppliers,2026-07-21,59
Auto - OEM Suppliers,2026-07-22,57
Auto - OEM Suppliers,2026-07-23,54
Auto - OEM Suppliers,2026-07-24,54
Auto - OEM Suppliers,2026-07-27,56
Auto - OEM Suppliers,2026-07-28,54
Auto - OEM Suppliers,2026-07-29,55
Auto - OEM Suppliers,2026-07-30,55
Auto - OEM Suppliers,2026-07-31,57
Auto - OEM Suppliers,2026-08-03,60
Auto - OEM Suppliers,2026-08-04,59
Auto - OEM Suppliers,2026-08-05,62
Auto - OEM Suppliers,2026-08-06,61
Auto - OEM Suppliers,2026-08-07,60
Auto - OEM Suppliers,2026-08-10,59
Auto - OEM Suppliers,2026-08-11,58
Auto - OEM Suppliers,2026-08-12,58
Auto - OEM Suppliers,2026-08-13,57
Auto - OEM Suppliers,2026-08-14,57
Auto - OEM Suppliers,2026-08-17,57
Auto - OEM Suppliers,2026-08-18,57
Auto - OEM Suppliers,2026-08-19,55
Auto - OEM Suppliers,2026-08-20,55
Auto - OEM Suppliers,2026-08-21,56
Auto - OEM Suppliers,2026-08-24,54
Auto - OEM Suppliers,2026-08-25,52
Auto - OEM Suppliers,2026-08-26,53
Auto - OEM Suppliers,2026-08-27,52
Auto - OEM Suppliers,2026-08-28,52
Auto - OEM Suppliers,2026-08-31,53
Auto - OEM Suppliers,2026-09-01,52
Auto - OEM Suppliers,2026-09-02,48
Auto - OEM Suppliers,2026-09-03,50
Auto - OEM Suppliers,2026-09-04,51
Auto - OEM Suppliers,2026-09-07,51
Auto - OEM Suppliers,2026-09-08,51
Auto - OEM Suppliers,2026-09-09,52
Auto - OEM Suppliers,2026-09-10,52
Auto - OEM Suppliers,2026-09-11,51
Auto - OEM Suppliers,2026-09-15,45
Auto - OEM Suppliers,2026-09-16,45
Auto - OEM Suppliers,2026-09-17,47
Auto - OEM Suppliers,2026-09-18,52
Auto - OEM Suppliers,2026-09-21,51
Auto - OEM Suppliers,2026-09-22,52
Auto - OEM Suppliers,2026-09-23,53
Auto - OEM Suppliers,2026-09-24,52
Auto - OEM Suppliers,2026-09-25,52
Auto - OEM Suppliers,2026-09-28,48
Auto - OEM Suppliers,2026-09-29,48
Auto - OEM Suppliers,2026-09-30,49
Auto - OEM Suppliers,2026-10-01,43
Auto - PV/Trucks,2026-06-30,
Auto - PV/Trucks,2026-07-01,
Auto - PV/Trucks,2026-07-02,
Auto - PV/Trucks,2026-07-03,
Auto - PV/Trucks,2026-07-06,
Auto - PV/Trucks,2026-07-07,
Auto - PV/Trucks,2026-07-08,
Auto - PV/Trucks,2026-07-09,
Auto - PV/Trucks,2026-07-10,
Auto - PV/Trucks,2026-07-13,
Auto - PV/Trucks,2026-07-14,
Auto - PV/Trucks,2026-07-15,
Auto - PV/Trucks,2026-07-16,
Auto - PV/Trucks,2026-07-17,
Auto - PV/Trucks,2026-07-20,52
Auto - PV/Trucks,2026-07-21,52
Auto - PV/Trucks,2026-07-22,50
Auto - PV/Trucks,2026-07-23,49
Auto - PV/Trucks,2026-07-24,49
Auto - PV/Trucks,2026-07-27,51
Auto - PV/Trucks,2026-07-28,52
Auto - PV/Trucks,2026-07-29,52
Auto - PV/Trucks,2026-07-30,56
Auto - PV/Trucks,2026-07-31,61
Auto - PV/Trucks,2026-08-03,65
Auto - PV/Trucks,2026-08-04,64
Auto - PV/Trucks,2026-08-05,66
Auto - PV/Trucks,2026-08-06,65
Auto - PV/Trucks,2026-08-07,63
Auto - PV/Trucks,2026-08-10,62
Auto - PV/Trucks,2026-08-11,61
Auto - PV/Trucks,2026-08-12,61
Auto - PV/Trucks,2026-08-13,62
Auto - PV/Trucks,2026-08-14,56
Auto - PV/Trucks,2026-08-17,55
Auto - PV/Trucks,2026-08-18,53
Auto - PV/Trucks,2026-08-19,52
Auto - PV/Trucks,2026-08-20,53
Auto - PV/Trucks,2026-08-21,51
Auto - PV/Trucks,2026-08-24,50
Auto - PV/Trucks,2026-08-25,51
Auto - PV/Trucks,2026-08-26,51
Auto - PV/Trucks,2026-08-27,49
Auto - PV/Trucks,2026-08-28,49
Auto - PV/Trucks,2026-08-31,46
Auto - PV/Trucks,2026-09-01,42
Auto - PV/Trucks,2026-09-02,39
Auto - PV/Trucks,2026-09-03,40
Auto - PV/Trucks,2026-09-04,40
Auto - PV/Trucks,2026-09-07,41
Auto - PV/Trucks,2026-09-08,40
Auto - PV/Trucks,2026-09-09,37
Auto - PV/Trucks,2026-09-10,39
Auto - PV/Trucks,2026-09-11,36
Auto - PV/Trucks,2026-09-15,33
Auto - PV/Trucks,2026-09-16,34
Auto - PV/Trucks,2026-09-17,41
Auto - PV/Trucks,2026-09-18,40
Auto - PV/Trucks,2026-09-21,40
Auto - PV/Trucks,2026-09-22,39
Auto - PV/Trucks,2026-09-23,42
Auto - PV/Trucks,2026-09-24,37
Auto - PV/Trucks,2026-09-25,40
Auto - PV/Trucks,2026-09-28,36
Auto - PV/Trucks,2026-09-29,34
Auto - PV/Trucks,2026-09-30,35
Auto - PV/Trucks,2026-10-01,30
Auto - Replacement,2026-06-30,
Auto - Replacement,2026-07-01,
Auto - Replacement,2026-07-02,
Auto - Replacement,2026-07-03,
Auto - Replacement,2026-07-06,
Auto - Replacement,2026-07-07,
Auto - Replacement,2026-07-08,
Auto - Replacement,2026-07-09,
Auto - Replacement,2026-07-10,
Auto - Replacement,2026-07-13,
Auto - Replacement,2026-07-14,
Auto - Replacement,2026-07-15,
Auto - Replacement,2026-07-16,
Auto - Replacement,2026-07-17,
Auto - Replacement,2026-07-20,61
Auto - Replacement,2026-07-21,61
Auto - Replacement,2026-07-22,59
Auto - Replacement,2026-07-23,57
Auto - Replacement,2026-07-24,56
Auto - Replacement,2026-07-27,59
Auto - Replacement,2026-07-28,57
Auto - Replacement,2026-07-29,57
Auto - Replacement,2026-07-30,57
Auto - Replacement,2026-07-31,60
Auto - Replacement,2026-08-03,64
Auto - Replacement,2026-08-04,64
Auto - Replacement,2026-08-05,65
Auto - Replacement,2026-08-06,62
Auto - Replacement,2026-08-07,61
Auto - Replacement,2026-08-10,57
Auto - Replacement,2026-08-11,57
Auto - Replacement,2026-08-12,56
Auto - Replacement,2026-08-13,55
Auto - Replacement,2026-08-14,54
Auto - Replacement,2026-08-17,54
Auto - Replacement,2026-08-18,54
Auto - Replacement,2026-08-19,51
Auto - Replacement,2026-08-20,51
Auto - Replacement,2026-08-21,50
Auto - Replacement,2026-08-24,49
Auto - Replacement,2026-08-25,49
Auto - Replacement,2026-08-26,50
Auto - Replacement,2026-08-27,49
Auto - Replacement,2026-08-28,51
Auto - Replacement,2026-08-31,51
Auto - Replacement,2026-09-01,50
Auto - Replacement,2026-09-02,48
Auto - Replacement,2026-09-03,49
Auto - Replacement,2026-09-04,46
Auto - Replacement,2026-09-07,47
Auto - Replacement,2026-09-08,47
Auto - Replacement,2026-09-09,48
Auto - Replacement,2026-09-10,46
Auto - Replacement,2026-09-11,46
Auto - Replacement,2026-09-15,39
Auto - Replacement,2026-09-16,39
Auto - Replacement,2026-09-17,41
Auto - Replacement,2026-09-18,44
Auto - Replacement,2026-09-21,44
Auto - Replacement,2026-09-22,46
Auto - Replacement,2026-09-23,48
Auto - Replacement,2026-09-24,48
Auto - Replacement,2026-09-25,49
Auto - Replacement,2026-09-28,47
Auto - Replacement,2026-09-29,46
Auto - Replacement,2026-09-30,48
Auto - Replacement,2026-10-01,43
Auto - Tyres,2026-06-30,
Auto - Tyres,2026-07-01,
Auto - Tyres,2026-07-02,
Auto - Tyres,2026-07-03,
Auto - Tyres,2026-07-06,
Auto - Tyres,2026-07-07,
Auto - Tyres,2026-07-08,
Auto - Tyres,2026-07-09,
Auto - Tyres,2026-07-10,
Auto - Tyres,2026-07-13,
Auto - Tyres,2026-07-14,
Auto - Tyres,2026-07-15,
Auto - Tyres,2026-07-16,
Auto - Tyres,2026-07-17,
Auto - Tyres,2026-07-20,60
Auto - Tyres,2026-07-21,59
Auto - Tyres,2026-07-22,56
Auto - Tyres,2026-07-23,55
Auto - Tyres,2026-07-24,54
Auto - Tyres,2026-07-27,55
Auto - Tyres,2026-07-28,56
Auto - Tyres,2026-07-29,58
Auto - Tyres,2026-07-30,61
Auto - Tyres,2026-07-31,63
Auto - Tyres,2026-08-03,67
Auto - Tyres,2026-08-04,67
Auto - Tyres,2026-08-05,65
Auto - Tyres,2026-08-06,64
Auto - Tyres,2026-08-07,60
Auto - Tyres,2026-08-10,59
Auto - Tyres,2026-08-11,56
Auto - Tyres,2026-08-12,56
Auto - Tyres,2026-08-13,54
Auto - Tyres,2026-08-14,57
Auto - Tyres,2026-08-17,56
Auto - Tyres,2026-08-18,54
Auto - Tyres,2026-08-19,51
Auto - Tyres,2026-08-20,53
Auto - Tyres,2026-08-21,52
Auto - Tyres,2026-08-24,55
Auto - Tyres,2026-08-25,52
Auto - Tyres,2026-08-26,54
Auto - Tyres,2026-08-27,54
Auto - Tyres,2026-08-28,52
Auto - Tyres,2026-08-31,50
Auto - Tyres,2026-09-01,50
Auto - Tyres,2026-09-02,47
Auto - Tyres,2026-09-03,45
Auto - Tyres,2026-09-04,44
Auto - Tyres,2026-09-07,42
Auto - Tyres,2026-09-08,40
Auto - Tyres,2026-09-09,39
Auto - Tyres,2026-09-10,39
Auto - Tyres,2026-09-11,38
Auto - Tyres,2026-09-15,33
Auto - Tyres,2026-09-16,33
Auto - Tyres,2026-09-17,38
Auto - Tyres,2026-09-18,40
Auto - Tyres,2026-09-21,38
Auto - Tyres,2026-09-22,37
Auto - Tyres,2026-09-23,40
Auto - Tyres,2026-09-24,36
Auto - Tyres,2026-09-25,37
Auto - Tyres,2026-09-28,34
Auto - Tyres,2026-09-29,35
Auto - Tyres,2026-09-30,39
Auto - Tyres,2026-10-01,35
Auto Components & Equipments,2026-06-30,
Auto Components & Equipments,2026-07-01,
Auto Components & Equipments,2026-07-02,
Auto Components & Equipments,2026-07-03,
Auto Components & Equipments,2026-07-06,
Auto Components & Equipments,2026-07-07,
Auto Components & Equipments,2026-07-08,
Auto Components & Equipments,2026-07-09,
Auto Components & Equipments,2026-07-10,
Auto Components & Equipments,2026-07-13,
Auto Components & Equipments,2026-07-14,
Auto Components & Equipments,2026-07-15,
Auto Components & Equipments,2026-07-16,
Auto Components & Equipments,2026-07-17,
Auto Components & Equipments,2026-07-20,40
Auto Components & Equipments,2026-07-21,43
Auto Components & Equipments,2026-07-22,39
Auto Components & Equipments,2026-07-23,36
Auto Components & Equipments,2026-07-24,38
Auto Components & Equipments,2026-07-27,39
Auto Components & Equipments,2026-07-28,36
Auto Components & Equipments,2026-07-29,39
Auto Components & Equipments,2026-07-30,40
Auto Components & Equipments,2026-07-31,41
Auto Components & Equipments,2026-08-03,47
Auto Components & Equipments,2026-08-04,47
Auto Components & Equipments,2026-08-05,49
Auto Components & Equipments,2026-08-06,51
Auto Components & Equipments,2026-08-07,50
Auto Components & Equipments,2026-08-10,49
Auto Components & Equipments,2026-08-11,48
Auto Components & Equipments,2026-08-12,48
Auto Components & Equipments,2026-08-13,48
Auto Components & Equipments,2026-08-14,47
Auto Components & Equipments,2026-08-17,48
Auto Components & Equipments,2026-08-18,48
Auto Components & Equipments,2026-08-19,48
Auto Components & Equipments,2026-08-20,50
Auto Components & Equipments,2026-08-21,51
Auto Components & Equipments,2026-08-24,46
Auto Components & Equipments,2026-08-25,45
Auto Components & Equipments,2026-08-26,45
Auto Components & Equipments,2026-08-27,45
Auto Components & Equipments,2026-08-28,45
Auto Components & Equipments,2026-08-31,44
Auto Components & Equipments,2026-09-01,41
Auto Components & Equipments,2026-09-02,41
Auto Components & Equipments,2026-09-03,41
Auto Components & Equipments,2026-09-04,40
Auto Components & Equipments,2026-09-07,36
Auto Components & Equipments,2026-09-08,38
Auto Components & Equipments,2026-09-09,37
Auto Components & Equipments,2026-09-10,38
Auto Components & Equipments,2026-09-11,36
Auto Components & Equipments,2026-09-15,36
Auto Components & Equipments,2026-09-16,37
Auto Components & Equipments,2026-09-17,37
Auto Components & Equipments,2026-09-18,44
Auto Components & Equipments,2026-09-21,51
Auto Components & Equipments,2026-09-22,54
Auto Components & Equipments,2026-09-23,52
Auto Components & Equipments,2026-09-24,47
Auto Components & Equipments,2026-09-25,49
Auto Components & Equipments,2026-09-28,45
Auto Components & Equipments,2026-09-29,43
Auto Components & Equipments,2026-09-30,42
Auto Components & Equipments,2026-10-01,38
Batteries,2026-06-30,
Batteries,2026-07-01,
Batteries,2026-07-02,
Batteries,2026-07-03,
Batteries,2026-07-06,
Batteries,2026-07-07,
Batteries,2026-07-08,
Batteries,2026-07-09,
Batteries,2026-07-10,
Batteries,2026-07-13,
Batteries,2026-07-14,
Batteries,2026-07-15,
Batteries,2026-07-16,
Batteries,2026-07-17,
Batteries,2026-07-20,52
Batteries,2026-07-21,57
Batteries,2026-07-22,58
Batteries,2026-07-23,50
Batteries,2026-07-24,50
Batteries,2026-07-27,48
Batteries,2026-07-28,45
Batteries,2026-07-29,48
Batteries,2026-07-30,51
Batteries,2026-07-31,50
Batteries,2026-08-03,55
Batteries,2026-08-04,53
Batteries,2026-08-05,58
Batteries,2026-08-06,59
Batteries,2026-08-07,58
Batteries,2026-08-10,53
Batteries,2026-08-11,60
Batteries,2026-08-12,58
Batteries,2026-08-13,56
Batteries,2026-08-14,55
Batteries,2026-08-17,55
Batteries,2026-08-18,52
Batteries,2026-08-19,51
Batteries,2026-08-20,51
Batteries,2026-08-21,49
Batteries,2026-08-24,49
Batteries,2026-08-25,45
Batteries,2026-08-26,45
Batteries,2026-08-27,44
Batteries,2026-08-28,45
Batteries,2026-08-31,41
Batteries,2026-09-01,39
Batteries,2026-09-02,36
Batteries,2026-09-03,35
Batteries,2026-09-04,38
Batteries,2026-09-07,38
Batteries,2026-09-08,41
Batteries,2026-09-09,39
Batteries,2026-09-10,43
Batteries,2026-09-11,40
Batteries,2026-09-15,36
Batteries,2026-09-16,38
Batteries,2026-09-17,37
Batteries,2026-09-18,41
Batteries,2026-09-21,39
Batteries,2026-09-22,42
Batteries,2026-09-23,45
Batteries,2026-09-24,42
Batteries,2026-09-25,40
Batteries,2026-09-28,38
Batteries,2026-09-29,37
Batteries,2026-09-30,39
Batteries,2026-10-01,34
Beverages - Alcohol,2026-06-30,
Beverages - Alcohol,2026-07-01,
Beverages - Alcohol,2026-07-02,
Beverages - Alcohol,2026-07-03,
Beverages - Alcohol,2026-07-06,
Beverages - Alcohol,2026-07-07,
Beverages - Alcohol,2026-07-08,
Beverages - Alcohol,2026-07-09,
Beverages - Alcohol,2026-07-10,
Beverages - Alcohol,2026-07-13,
Beverages - Alcohol,2026-07-14,
Beverages - Alcohol,2026-07-15,
Beverages - Alcohol,2026-07-16,
Beverages - Alcohol,2026-07-17,
Beverages - Alcohol,2026-07-20,60
Beverages - Alcohol,2026-07-21,58
Beverages - Alcohol,2026-07-22,56
Beverages - Alcohol,2026-07-23,55
Beverages - Alcohol,2026-07-24,59
Beverages - Alcohol,2026-07-27,60
Beverages - Alcohol,2026-07-28,59
Beverages - Alcohol,2026-07-29,63
Beverages - Alcohol,2026-07-30,63
Beverages - Alcohol,2026-07-31,61
Beverages - Alcohol,2026-08-03,60
Beverages - Alcohol,2026-08-04,60
Beverages - Alcohol,2026-08-05,61
Beverages - Alcohol,2026-08-06,59
Beverages - Alcohol,2026-08-07,57
Beverages - Alcohol,2026-08-10,57
Beverages - Alcohol,2026-08-11,56
Beverages - Alcohol,2026-08-12,54
Beverages - Alcohol,2026-08-13,56
Beverages - Alcohol,2026-08-14,55
Beverages - Alcohol,2026-08-17,56
Beverages - Alcohol,2026-08-18,55
Beverages - Alcohol,2026-08-19,51
Beverages - Alcohol,2026-08-20,53
Beverages - Alcohol,2026-08-21,52
Beverages - Alcohol,2026-08-24,51
Beverages - Alcohol,2026-08-25,53
Beverages - Alcohol,2026-08-26,53
Beverages - Alcohol,2026-08-27,50
Beverages - Alcohol,2026-08-28,50
Beverages - Alcohol,2026-08-31,46
Beverages - Alcohol,2026-09-01,45
Beverages - Alcohol,2026-09-02,45
Beverages - Alcohol,2026-09-03,47
Beverages - Alcohol,2026-09-04,47
Beverages - Alcohol,2026-09-07,46
Beverages - Alcohol,2026-09-08,43
Beverages - Alcohol,2026-09-09,40
Beverages - Alcohol,2026-09-10,40
Beverages - Alcohol,2026-09-11,39
Beverages - Alcohol,2026-09-15,36
Beverages - Alcohol,2026-09-16,39
Beverages - Alcohol,2026-09-17,41
Beverages - Alcohol,2026-09-18,45
Beverages - Alcohol,2026-09-21,45
Beverages - Alcohol,2026-09-22,44
Beverages - Alcohol,2026-09-23,49
Beverages - Alcohol,2026-09-24,49
Beverages - Alcohol,2026-09-25,50
Beverages - Alcohol,2026-09-28,47
Beverages - Alcohol,2026-09-29,47
Beverages - Alcohol,2026-09-30,45
Beverages - Alcohol,2026-10-01,39
Breweries & Distilleries,2026-06-30,
Breweries & Distilleries,2026-07-01,
Breweries & Distilleries,2026-07-02,
Breweries & Distilleries,2026-07-03,
Breweries & Distilleries,2026-07-06,
Breweries & Distilleries,2026-07-07,
Breweries & Distilleries,2026-07-08,
Breweries & Distilleries,2026-07-09,
Breweries & Distilleries,2026-07-10,
Breweries & Distilleries,2026-07-13,
Breweries & Distilleries,2026-07-14,
Breweries & Distilleries,2026-07-15,
Breweries & Distilleries,2026-07-16,
Breweries & Distilleries,2026-07-17,
Breweries & Distilleries,2026-07-20,87
Breweries & Distilleries,2026-07-21,87
Breweries & Distilleries,2026-07-22,83
Breweries & Distilleries,2026-07-23,79
Breweries & Distilleries,2026-07-24,80
Breweries & Distilleries,2026-07-27,82
Breweries & Distilleries,2026-07-28,73
Breweries & Distilleries,2026-07-29,71
Breweries & Distilleries,2026-07-30,66
Breweries & Distilleries,2026-07-31,69
Breweries & Distilleries,2026-08-03,72
Breweries & Distilleries,2026-08-04,76
Breweries & Distilleries,2026-08-05,69
Breweries & Distilleries,2026-08-06,63
Breweries & Distilleries,2026-08-07,62
Breweries & Distilleries,2026-08-10,67
Breweries & Distilleries,2026-08-11,68
Breweries & Distilleries,2026-08-12,47
Breweries & Distilleries,2026-08-13,42
Breweries & Distilleries,2026-08-14,39
Breweries & Distilleries,2026-08-17,49
Breweries & Distilleries,2026-08-18,49
Breweries & Distilleries,2026-08-19,51
Breweries & Distilleries,2026-08-20,52
Breweries & Distilleries,2026-08-21,52
Breweries & Distilleries,2026-08-24,47
Breweries & Distilleries,2026-08-25,45
Breweries & Distilleries,2026-08-26,43
Breweries & Distilleries,2026-08-27,41
Breweries & Distilleries,2026-08-28,41
Breweries & Distilleries,2026-08-31,38
Breweries & Distilleries,2026-09-01,38
Breweries & Distilleries,2026-09-02,35
Breweries & Distilleries,2026-09-03,35
Breweries & Distilleries,2026-09-04,34
Breweries & Distilleries,2026-09-07,35
Breweries & Distilleries,2026-09-08,33
Breweries & Distilleries,2026-09-09,31
Breweries & Distilleries,2026-09-10,32
Breweries & Distilleries,2026-09-11,32
Breweries & Distilleries,2026-09-15,29
Breweries & Distilleries,2026-09-16,32
Breweries & Distilleries,2026-09-17,36
Breweries & Distilleries,2026-09-18,33
Breweries & Distilleries,2026-09-21,34
Breweries & Distilleries,2026-09-22,44
Breweries & Distilleries,2026-09-23,47
Breweries & Distilleries,2026-09-24,41
Breweries & Distilleries,2026-09-25,45
Breweries & Distilleries,2026-09-28,42
Breweries & Distilleries,2026-09-29,43
Breweries & Distilleries,2026-09-30,40
Breweries & Distilleries,2026-10-01,36
Cables - Electricals,2026-06-30,
Cables - Electricals,2026-07-01,
Cables - Electricals,2026-07-02,
Cables - Electricals,2026-07-03,
Cables - Electricals,2026-07-06,
Cables - Electricals,2026-07-07,
Cables - Electricals,2026-07-08,
Cables - Electricals,2026-07-09,
Cables - Electricals,2026-07-10,
Cables - Electricals,2026-07-13,
Cables - Electricals,2026-07-14,
Cables - Electricals,2026-07-15,
Cables - Electricals,2026-07-16,
Cables - Electricals,2026-07-17,
Cables - Electricals,2026-07-20,52
Cables - Electricals,2026-07-21,54
Cables - Electricals,2026-07-22,55
Cables - Electricals,2026-07-23,49
Cables - Electricals,2026-07-24,52
Cables - Electricals,2026-07-27,54
Cables - Electricals,2026-07-28,48
Cables - Electricals,2026-07-29,46
Cables - Electricals,2026-07-30,42
Cables - Electricals,2026-07-31,49
Cables - Electricals,2026-08-03,55
Cables - Electricals,2026-08-04,57
Cables - Electricals,2026-08-05,54
Cables - Electricals,2026-08-06,54
Cables - Electricals,2026-08-07,49
Cables - Electricals,2026-08-10,49
Cables - Electricals,2026-08-11,56
Cables - Electricals,2026-08-12,54
Cables - Electricals,2026-08-13,53
Cables - Electricals,2026-08-14,56
Cables - Electricals,2026-08-17,54
Cables - Electricals,2026-08-18,54
Cables - Electricals,2026-08-19,53
Cables - Electricals,2026-08-20,55
Cables - Electricals,2026-08-21,53
Cables - Electricals,2026-08-24,48
Cables - Electricals,2026-08-25,47
Cables - Electricals,2026-08-26,49
Cables - Electricals,2026-08-27,49
Cables - Electricals,2026-08-28,53
Cables - Electricals,2026-08-31,50
Cables - Electricals,2026-09-01,48
Cables - Electricals,2026-09-02,48
Cables - Electricals,2026-09-03,59
Cables - Electricals,2026-09-04,60
Cables - Electricals,2026-09-07,59
Cables - Electricals,2026-09-08,64
Cables - Electricals,2026-09-09,59
Cables - Electricals,2026-09-10,59
Cables - Electricals,2026-09-11,59
Cables - Electricals,2026-09-15,47
Cables - Electricals,2026-09-16,46
Cables - Electricals,2026-09-17,45
Cables - Electricals,2026-09-18,46
Cables - Electricals,2026-09-21,45
Cables - Electricals,2026-09-22,46
Cables - Electricals,2026-09-23,45
Cables - Electricals,2026-09-24,42
Cables - Electricals,2026-09-25,41
Cables - Electricals,2026-09-28,35
Cables - Electricals,2026-09-29,42
Cables - Electricals,2026-09-30,40
Cables - Electricals,2026-10-01,39
Cement & Cement Products,2026-06-30,
Cement & Cement Products,2026-07-01,
Cement & Cement Products,2026-07-02,
Cement & Cement Products,2026-07-03,
Cement & Cement Products,2026-07-06,
Cement & Cement Products,2026-07-07,
Cement & Cement Products,2026-07-08,
Cement & Cement Products,2026-07-09,
Cement & Cement Products,2026-07-10,
Cement & Cement Products,2026-07-13,
Cement & Cement Products,2026-07-14,
Cement & Cement Products,2026-07-15,
Cement & Cement Products,2026-07-16,
Cement & Cement Products,2026-07-17,
Cement & Cement Products,2026-07-20,79
Cement & Cement Products,2026-07-21,79
Cement & Cement Products,2026-07-22,66
Cement & Cement Products,2026-07-23,57
Cement & Cement Products,2026-07-24,53
Cement & Cement Products,2026-07-27,58
Cement & Cement Products,2026-07-28,57
Cement & Cement Products,2026-07-29,53
Cement & Cement Products,2026-07-30,50
Cement & Cement Products,2026-07-31,54
Cement & Cement Products,2026-08-03,54
Cement & Cement Products,2026-08-04,51
Cement & Cement Products,2026-08-05,51
Cement & Cement Products,2026-08-06,53
Cement & Cement Products,2026-08-07,57
Cement & Cement Products,2026-08-10,53
Cement & Cement Products,2026-08-11,49
Cement & Cement Products,2026-08-12,47
Cement & Cement Products,2026-08-13,48
Cement & Cement Products,2026-08-14,45
Cement & Cement Products,2026-08-17,40
Cement & Cement Products,2026-08-18,39
Cement & Cement Products,2026-08-19,32
Cement & Cement Products,2026-08-20,37
Cement & Cement Products,2026-08-21,40
Cement & Cement Products,2026-08-24,42
Cement & Cement Products,2026-08-25,38
Cement & Cement Products,2026-08-26,38
Cement & Cement Products,2026-08-27,43
Cement & Cement Products,2026-08-28,40
Cement & Cement Products,2026-08-31,43
Cement & Cement Products,2026-09-01,40
Cement & Cement Products,2026-09-02,37
Cement & Cement Products,2026-09-03,37
Cement & Cement Products,2026-09-04,40
Cement & Cement Products,2026-09-07,34
Cement & Cement Products,2026-09-08,34
Cement & Cement Products,2026-09-09,32
Cement & Cement Products,2026-09-10,32
Cement & Cement Products,2026-09-11,28
Cement & Cement Products,2026-09-15,25
Cement & Cement Products,2026-09-16,25
Cement & Cement Products,2026-09-17,25
Cement & Cement Products,2026-09-18,29
Cement & Cement Products,2026-09-21,27
Cement & Cement Products,2026-09-22,29
Cement & Cement Products,2026-09-23,36
Cement & Cement Products,2026-09-24,31
Cement & Cement Products,2026-09-25,30
Cement & Cement Products,2026-09-28,25
Cement & Cement Products,2026-09-29,25
Cement & Cement Products,2026-09-30,29
Cement & Cement Products,2026-10-01,25
Chemicals - Bulk,2026-06-30,
Chemicals - Bulk,2026-07-01,
Chemicals - Bulk,2026-07-02,
Chemicals - Bulk,2026-07-03,
Chemicals - Bulk,2026-07-06,
Chemicals - Bulk,2026-07-07,
Chemicals - Bulk,2026-07-08,
Chemicals - Bulk,2026-07-09,
Chemicals - Bulk,2026-07-10,
Chemicals - Bulk,2026-07-13,
Chemicals - Bulk,2026-07-14,
Chemicals - Bulk,2026-07-15,
Chemicals - Bulk,2026-07-16,
Chemicals - Bulk,2026-07-17,
Chemicals - Bulk,2026-07-20,52
Chemicals - Bulk,2026-07-21,53
Chemicals - Bulk,2026-07-22,51
Chemicals - Bulk,2026-07-23,52
Chemicals - Bulk,2026-07-24,52
Chemicals - Bulk,2026-07-27,57
Chemicals - Bulk,2026-07-28,53
Chemicals - Bulk,2026-07-29,53
Chemicals - Bulk,2026-07-30,50
Chemicals - Bulk,2026-07-31,50
Chemicals - Bulk,2026-08-03,54
Chemicals - Bulk,2026-08-04,53
Chemicals - Bulk,2026-08-05,53
Chemicals - Bulk,2026-08-06,54
Chemicals - Bulk,2026-08-07,52
Chemicals - Bulk,2026-08-10,51
Chemicals - Bulk,2026-08-11,53
Chemicals - Bulk,2026-08-12,52
Chemicals - Bulk,2026-08-13,51
Chemicals - Bulk,2026-08-14,50
Chemicals - Bulk,2026-08-17,50
Chemicals - Bulk,2026-08-18,50
Chemicals - Bulk,2026-08-19,49
Chemicals - Bulk,2026-08-20,51
Chemicals - Bulk,2026-08-21,51
Chemicals - Bulk,2026-08-24,53
Chemicals - Bulk,2026-08-25,53
Chemicals - Bulk,2026-08-26,54
Chemicals - Bulk,2026-08-27,54
Chemicals - Bulk,2026-08-28,55
Chemicals - Bulk,2026-08-31,54
Chemicals - Bulk,2026-09-01,52
Chemicals - Bulk,2026-09-02,51
Chemicals - Bulk,2026-09-03,54
Chemicals - Bulk,2026-09-04,54
Chemicals - Bulk,2026-09-07,52
Chemicals - Bulk,2026-09-08,54
Chemicals - Bulk,2026-09-09,53
Chemicals - Bulk,2026-09-10,52
Chemicals - Bulk,2026-09-11,50
Chemicals - Bulk,2026-09-15,44
Chemicals - Bulk,2026-09-16,48
Chemicals - Bulk,2026-09-17,49
Chemicals - Bulk,2026-09-18,50
Chemicals - Bulk,2026-09-21,52
Chemicals - Bulk,2026-09-22,51
Chemicals - Bulk,2026-09-23,53
Chemicals - Bulk,2026-09-24,51
Chemicals - Bulk,2026-09-25,52
Chemicals - Bulk,2026-09-28,49
Chemicals - Bulk,2026-09-29,48
Chemicals - Bulk,2026-09-30,47
Chemicals - Bulk,2026-10-01,43
Chemicals - Dyes,2026-06-30,
Chemicals - Dyes,2026-07-01,
Chemicals - Dyes,2026-07-02,
Chemicals - Dyes,2026-07-03,
Chemicals - Dyes,2026-07-06,
Chemicals - Dyes,2026-07-07,
Chemicals - Dyes,2026-07-08,
Chemicals - Dyes,2026-07-09,
Chemicals - Dyes,2026-07-10,
Chemicals - Dyes,2026-07-13,
Chemicals - Dyes,2026-07-14,
Chemicals - Dyes,2026-07-15,
Chemicals - Dyes,2026-07-16,
Chemicals - Dyes,2026-07-17,
Chemicals - Dyes,2026-07-20,59
Chemicals - Dyes,2026-07-21,59
Chemicals - Dyes,2026-07-22,58
Chemicals - Dyes,2026-07-23,56
Chemicals - Dyes,2026-07-24,61
Chemicals - Dyes,2026-07-27,59
Chemicals - Dyes,2026-07-28,59
Chemicals - Dyes,2026-07-29,61
Chemicals - Dyes,2026-07-30,62
Chemicals - Dyes,2026-07-31,64
Chemicals - Dyes,2026-08-03,67
Chemicals - Dyes,2026-08-04,65
Chemicals - Dyes,2026-08-05,66
Chemicals - Dyes,2026-08-06,65
Chemicals - Dyes,2026-08-07,62
Chemicals - Dyes,2026-08-10,62
Chemicals - Dyes,2026-08-11,60
Chemicals - Dyes,2026-08-12,57
Chemicals - Dyes,2026-08-13,49
Chemicals - Dyes,2026-08-14,54
Chemicals - Dyes,2026-08-17,54
Chemicals - Dyes,2026-08-18,54
Chemicals - Dyes,2026-08-19,55
Chemicals - Dyes,2026-08-20,59
Chemicals - Dyes,2026-08-21,61
Chemicals - Dyes,2026-08-24,64
Chemicals - Dyes,2026-08-25,65
Chemicals - Dyes,2026-08-26,65
Chemicals - Dyes,2026-08-27,64
Chemicals - Dyes,2026-08-28,64
Chemicals - Dyes,2026-08-31,65
Chemicals - Dyes,2026-09-01,62
Chemicals - Dyes,2026-09-02,65
Chemicals - Dyes,2026-09-03,66
Chemicals - Dyes,2026-09-04,67
Chemicals - Dyes,2026-09-07,68
Chemicals - Dyes,2026-09-08,70
Chemicals - Dyes,2026-09-09,65
Chemicals - Dyes,2026-09-10,60
Chemicals - Dyes,2026-09-11,60
Chemicals - Dyes,2026-09-15,55
Chemicals - Dyes,2026-09-16,55
Chemicals - Dyes,2026-09-17,57
Chemicals - Dyes,2026-09-18,60
Chemicals - Dyes,2026-09-21,61
Chemicals - Dyes,2026-09-22,59
Chemicals - Dyes,2026-09-23,59
Chemicals - Dyes,2026-09-24,57
Chemicals - Dyes,2026-09-25,58
Chemicals - Dyes,2026-09-28,56
Chemicals - Dyes,2026-09-29,53
Chemicals - Dyes,2026-09-30,56
Chemicals - Dyes,2026-10-01,51
Chemicals - Misc,2026-06-30,
Chemicals - Misc,2026-07-01,
Chemicals - Misc,2026-07-02,
Chemicals - Misc,2026-07-03,
Chemicals - Misc,2026-07-06,
Chemicals - Misc,2026-07-07,
Chemicals - Misc,2026-07-08,
Chemicals - Misc,2026-07-09,
Chemicals - Misc,2026-07-10,
Chemicals - Misc,2026-07-13,
Chemicals - Misc,2026-07-14,
Chemicals - Misc,2026-07-15,
Chemicals - Misc,2026-07-16,
Chemicals - Misc,2026-07-17,
Chemicals - Misc,2026-07-20,43
Chemicals - Misc,2026-07-21,44
Chemicals - Misc,2026-07-22,43
Chemicals - Misc,2026-07-23,40
Chemicals - Misc,2026-07-24,42
Chemicals - Misc,2026-07-27,44
Chemicals - Misc,2026-07-28,42
Chemicals - Misc,2026-07-29,42
Chemicals - Misc,2026-07-30,40
Chemicals - Misc,2026-07-31,42
Chemicals - Misc,2026-08-03,44
Chemicals - Misc,2026-08-04,45
Chemicals - Misc,2026-08-05,43
Chemicals - Misc,2026-08-06,43
Chemicals - Misc,2026-08-07,43
Chemicals - Misc,2026-08-10,42
Chemicals - Misc,2026-08-11,41
Chemicals - Misc,2026-08-12,41
Chemicals - Misc,2026-08-13,44
Chemicals - Misc,2026-08-14,44
Chemicals - Misc,2026-08-17,45
Chemicals - Misc,2026-08-18,47
Chemicals - Misc,2026-08-19,44
Chemicals - Misc,2026-08-20,44
Chemicals - Misc,2026-08-21,43
Chemicals - Misc,2026-08-24,44
Chemicals - Misc,2026-08-25,44
Chemicals - Misc,2026-08-26,44
Chemicals - Misc,2026-08-27,44
Chemicals - Misc,2026-08-28,44
Chemicals - Misc,2026-08-31,41
Chemicals - Misc,2026-09-01,41
Chemicals - Misc,2026-09-02,40
Chemicals - Misc,2026-09-03,43
Chemicals - Misc,2026-09-04,44
Chemicals - Misc,2026-09-07,44
Chemicals - Misc,2026-09-08,44
Chemicals - Misc,2026-09-09,41
Chemicals - Misc,2026-09-10,39
Chemicals - Misc,2026-09-11,39
Chemicals - Misc,2026-09-15,37
Chemicals - Misc,2026-09-16,41
Chemicals - Misc,2026-09-17,46
Chemicals - Misc,2026-09-18,50
Chemicals - Misc,2026-09-21,52
Chemicals - Misc,2026-09-22,54
Chemicals - Misc,2026-09-23,54
Chemicals - Misc,2026-09-24,49
Chemicals - Misc,2026-09-25,48
Chemicals - Misc,2026-09-28,45
Chemicals - Misc,2026-09-29,44
Chemicals - Misc,2026-09-30,46
Chemicals - Misc,2026-10-01,41
Chemicals - Petro,2026-06-30,
Chemicals - Petro,2026-07-01,
Chemicals - Petro,2026-07-02,
Chemicals - Petro,2026-07-03,
Chemicals - Petro,2026-07-06,
Chemicals - Petro,2026-07-07,
Chemicals - Petro,2026-07-08,
Chemicals - Petro,2026-07-09,
Chemicals - Petro,2026-07-10,
Chemicals - Petro,2026-07-13,
Chemicals - Petro,2026-07-14,
Chemicals - Petro,2026-07-15,
Chemicals - Petro,2026-07-16,
Chemicals - Petro,2026-07-17,
Chemicals - Petro,2026-07-20,53
Chemicals - Petro,2026-07-21,54
Chemicals - Petro,2026-07-22,51
Chemicals - Petro,2026-07-23,53
Chemicals - Petro,2026-07-24,54
Chemicals - Petro,2026-07-27,55
Chemicals - Petro,2026-07-28,53
Chemicals - Petro,2026-07-29,54
Chemicals - Petro,2026-07-30,52
Chemicals - Petro,2026-07-31,53
Chemicals - Petro,2026-08-03,59
Chemicals - Petro,2026-08-04,59
Chemicals - Petro,2026-08-05,60
Chemicals - Petro,2026-08-06,60
Chemicals - Petro,2026-08-07,58
Chemicals - Petro,2026-08-10,57
Chemicals - Petro,2026-08-11,57
Chemicals - Petro,2026-08-12,56
Chemicals - Petro,2026-08-13,57
Chemicals - Petro,2026-08-14,53
Chemicals - Petro,2026-08-17,53
Chemicals - Petro,2026-08-18,52
Chemicals - Petro,2026-08-19,52
Chemicals - Petro,2026-08-20,54
Chemicals - Petro,2026-08-21,53
Chemicals - Petro,2026-08-24,54
Chemicals - Petro,2026-08-25,52
Chemicals - Petro,2026-08-26,54
Chemicals - Petro,2026-08-27,49
Chemicals - Petro,2026-08-28,50
Chemicals - Petro,2026-08-31,52
Chemicals - Petro,2026-09-01,53
Chemicals - Petro,2026-09-02,56
Chemicals - Petro,2026-09-03,57
Chemicals - Petro,2026-09-04,58
Chemicals - Petro,2026-09-07,60
Chemicals - Petro,2026-09-08,62
Chemicals - Petro,2026-09-09,62
Chemicals - Petro,2026-09-10,58
Chemicals - Petro,2026-09-11,56
Chemicals - Petro,2026-09-15,50
Chemicals - Petro,2026-09-16,49
Chemicals - Petro,2026-09-17,51
Chemicals - Petro,2026-09-18,53
Chemicals - Petro,2026-09-21,55
Chemicals - Petro,2026-09-22,56
Chemicals - Petro,2026-09-23,59
Chemicals - Petro,2026-09-24,55
Chemicals - Petro,2026-09-25,56
Chemicals - Petro,2026-09-28,50
Chemicals - Petro,2026-09-29,49
Chemicals - Petro,2026-09-30,47
Chemicals - Petro,2026-10-01,42
Chemicals - Specialty,2026-06-30,
Chemicals - Specialty,2026-07-01,
Chemicals - Specialty,2026-07-02,
Chemicals - Specialty,2026-07-03,
Chemicals - Specialty,2026-07-06,
Chemicals - Specialty,2026-07-07,
Chemicals - Specialty,2026-07-08,
Chemicals - Specialty,2026-07-09,
Chemicals - Specialty,2026-07-10,
Chemicals - Specialty,2026-07-13,
Chemicals - Specialty,2026-07-14,
Chemicals - Specialty,2026-07-15,
Chemicals - Specialty,2026-07-16,
Chemicals - Specialty,2026-07-17,
Chemicals - Specialty,2026-07-20,56
Chemicals - Specialty,2026-07-21,58
Chemicals - Specialty,2026-07-22,55
Chemicals - Specialty,2026-07-23,52
Chemicals - Specialty,2026-07-24,52
Chemicals - Specialty,2026-07-27,55
Chemicals - Specialty,2026-07-28,53
Chemicals - Specialty,2026-07-29,54
Chemicals - Specialty,2026-07-30,50
Chemicals - Specialty,2026-07-31,52
Chemicals - Specialty,2026-08-03,56
Chemicals - Specialty,2026-08-04,57
Chemicals - Specialty,2026-08-05,57
Chemicals - Specialty,2026-08-06,58
Chemicals - Specialty,2026-08-07,56
Chemicals - Specialty,2026-08-10,57
Chemicals - Specialty,2026-08-11,57
Chemicals - Specialty,2026-08-12,56
Chemicals - Specialty,2026-08-13,55
Chemicals - Specialty,2026-08-14,55
Chemicals - Specialty,2026-08-17,53
Chemicals - Specialty,2026-08-18,52
Chemicals - Specialty,2026-08-19,51
Chemicals - Specialty,2026-08-20,50
Chemicals - Specialty,2026-08-21,51
Chemicals - Specialty,2026-08-24,51
Chemicals - Specialty,2026-08-25,51
Chemicals - Specialty,2026-08-26,53
Chemicals - Specialty,2026-08-27,52
Chemicals - Specialty,2026-08-28,53
Chemicals - Specialty,2026-08-31,51
Chemicals - Specialty,2026-09-01,50
Chemicals - Specialty,2026-09-02,49
Chemicals - Specialty,2026-09-03,51
Chemicals - Specialty,2026-09-04,50
Chemicals - Specialty,2026-09-07,50
Chemicals - Specialty,2026-09-08,53
Chemicals - Specialty,2026-09-09,52
Chemicals - Specialty,2026-09-10,52
Chemicals - Specialty,2026-09-11,50
Chemicals - Specialty,2026-09-15,43
Chemicals - Specialty,2026-09-16,45
Chemicals - Specialty,2026-09-17,47
Chemicals - Specialty,2026-09-18,49
Chemicals - Specialty,2026-09-21,50
Chemicals - Specialty,2026-09-22,50
Chemicals - Specialty,2026-09-23,52
Chemicals - Specialty,2026-09-24,49
Chemicals - Specialty,2026-09-25,51
Chemicals - Specialty,2026-09-28,48
Chemicals - Specialty,2026-09-29,47
Chemicals - Specialty,2026-09-30,48
Chemicals - Specialty,2026-10-01,44
Civil Construction,2026-06-30,
Civil Construction,2026-07-01,
Civil Construction,2026-07-02,
Civil Construction,2026-07-03,
Civil Construction,2026-07-06,
Civil Construction,2026-07-07,
Civil Construction,2026-07-08,
Civil Construction,2026-07-09,
Civil Construction,2026-07-10,
Civil Construction,2026-07-13,
Civil Construction,2026-07-14,
Civil Construction,2026-07-15,
Civil Construction,2026-07-16,
Civil Construction,2026-07-17,
Civil Construction,2026-07-20,47
Civil Construction,2026-07-21,45
Civil Construction,2026-07-22,41
Civil Construction,2026-07-23,42
Civil Construction,2026-07-24,43
Civil Construction,2026-07-27,43
Civil Construction,2026-07-28,42
Civil Construction,2026-07-29,44
Civil Construction,2026-07-30,40
Civil Construction,2026-07-31,40
Civil Construction,2026-08-03,41
Civil Construction,2026-08-04,38
Civil Construction,2026-08-05,38
Civil Construction,2026-08-06,37
Civil Construction,2026-08-07,42
Civil Construction,2026-08-10,38
Civil Construction,2026-08-11,38
Civil Construction,2026-08-12,33
Civil Construction,2026-08-13,34
Civil Construction,2026-08-14,32
Civil Construction,2026-08-17,33
Civil Construction,2026-08-18,34
Civil Construction,2026-08-19,32
Civil Construction,2026-08-20,34
Civil Construction,2026-08-21,34
Civil Construction,2026-08-24,34
Civil Construction,2026-08-25,34
Civil Construction,2026-08-26,38
Civil Construction,2026-08-27,39
Civil Construction,2026-08-28,39
Civil Construction,2026-08-31,36
Civil Construction,2026-09-01,34
Civil Construction,2026-09-02,33
Civil Construction,2026-09-03,39
Civil Construction,2026-09-04,41
Civil Construction,2026-09-07,40
Civil Construction,2026-09-08,40
Civil Construction,2026-09-09,37
Civil Construction,2026-09-10,35
Civil Construction,2026-09-11,34
Civil Construction,2026-09-15,29
Civil Construction,2026-09-16,31
Civil Construction,2026-09-17,30
Civil Construction,2026-09-18,31
Civil Construction,2026-09-21,39
Civil Construction,2026-09-22,40
Civil Construction,2026-09-23,41
Civil Construction,2026-09-24,45
Civil Construction,2026-09-25,42
Civil Construction,2026-09-28,38
Civil Construction,2026-09-29,39
Civil Construction,2026-09-30,38
Civil Construction,2026-10-01,35
Coal,2026-06-30,
Coal,2026-07-01,
Coal,2026-07-02,
Coal,2026-07-03,
Coal,2026-07-06,
Coal,2026-07-07,
Coal,2026-07-08,
Coal,2026-07-09,
Coal,2026-07-10,
Coal,2026-07-13,
Coal,2026-07-14,
Coal,2026-07-15,
Coal,2026-07-16,
Coal,2026-07-17,
Coal,2026-07-20,36
Coal,2026-07-21,40
Coal,2026-07-22,24
Coal,2026-07-23,24
Coal,2026-07-24,26
Coal,2026-07-27,29
Coal,2026-07-28,25
Coal,2026-07-29,25
Coal,2026-07-30,23
Coal,2026-07-31,25
Coal,2026-08-03,27
Coal,2026-08-04,28
Coal,2026-08-05,32
Coal,2026-08-06,31
Coal,2026-08-07,29
Coal,2026-08-10,29
Coal,2026-08-11,28
Coal,2026-08-12,27
Coal,2026-08-13,30
Coal,2026-08-14,28
Coal,2026-08-17,25
Coal,2026-08-18,25
Coal,2026-08-19,23
Coal,2026-08-20,29
Coal,2026-08-21,51
Coal,2026-08-24,53
Coal,2026-08-25,46
Coal,2026-08-26,47
Coal,2026-08-27,45
Coal,2026-08-28,43
Coal,2026-08-31,41
Coal,2026-09-01,37
Coal,2026-09-02,44
Coal,2026-09-03,43
Coal,2026-09-04,43
Coal,2026-09-07,43
Coal,2026-09-08,40
Coal,2026-09-09,44
Coal,2026-09-10,40
Coal,2026-09-11,36
Coal,2026-09-15,31
Coal,2026-09-16,30
Coal,2026-09-17,30
Coal,2026-09-18,38
Coal,2026-09-21,35
Coal,2026-09-22,35
Coal,2026-09-23,40
Coal,2026-09-24,36
Coal,2026-09-25,35
Coal,2026-09-28,42
Coal,2026-09-29,53
Coal,2026-09-30,47
Coal,2026-10-01,38
Commercial Services & Supplies,2026-06-30,
Commercial Services & Supplies,2026-07-01,
Commercial Services & Supplies,2026-07-02,
Commercial Services & Supplies,2026-07-03,
Commercial Services & Supplies,2026-07-06,
Commercial Services & Supplies,2026-07-07,
Commercial Services & Supplies,2026-07-08,
Commercial Services & Supplies,2026-07-09,
Commercial Services & Supplies,2026-07-10,
Commercial Services & Supplies,2026-07-13,
Commercial Services & Supplies,2026-07-14,
Commercial Services & Supplies,2026-07-15,
Commercial Services & Supplies,2026-07-16,
Commercial Services & Supplies,2026-07-17,
Commercial Services & Supplies,2026-07-20,19
Commercial Services & Supplies,2026-07-21,22
Commercial Services & Supplies,2026-07-22,20
Commercial Services & Supplies,2026-07-23,21
Commercial Services & Supplies,2026-07-24,20
Commercial Services & Supplies,2026-07-27,20
Commercial Services & Supplies,2026-07-28,19
Commercial Services & Supplies,2026-07-29,27
Commercial Services & Supplies,2026-07-30,33
Commercial Services & Supplies,2026-07-31,35
Commercial Services & Supplies,2026-08-03,36
Commercial Services & Supplies,2026-08-04,35
Commercial Services & Supplies,2026-08-05,34
Commercial Services & Supplies,2026-08-06,30
Commercial Services & Supplies,2026-08-07,31
Commercial Services & Supplies,2026-08-10,31
Commercial Services & Supplies,2026-08-11,28
Commercial Services & Supplies,2026-08-12,25
Commercial Services & Supplies,2026-08-13,26
Commercial Services & Supplies,2026-08-14,30
Commercial Services & Supplies,2026-08-17,29
Commercial Services & Supplies,2026-08-18,28
Commercial Services & Supplies,2026-08-19,28
Commercial Services & Supplies,2026-08-20,28
Commercial Services & Supplies,2026-08-21,28
Commercial Services & Supplies,2026-08-24,24
Commercial Services & Supplies,2026-08-25,26
Commercial Services & Supplies,2026-08-26,24
Commercial Services & Supplies,2026-08-27,23
Commercial Services & Supplies,2026-08-28,20
Commercial Services & Supplies,2026-08-31,22
Commercial Services & Supplies,2026-09-01,25
Commercial Services & Supplies,2026-09-02,31
Commercial Services & Supplies,2026-09-03,31
Commercial Services & Supplies,2026-09-04,26
Commercial Services & Supplies,2026-09-07,21
Commercial Services & Supplies,2026-09-08,47
Commercial Services & Supplies,2026-09-09,53
Commercial Services & Supplies,2026-09-10,57
Commercial Services & Supplies,2026-09-11,60
Commercial Services & Supplies,2026-09-15,58
Commercial Services & Supplies,2026-09-16,52
Commercial Services & Supplies,2026-09-17,50
Commercial Services & Supplies,2026-09-18,47
Commercial Services & Supplies,2026-09-21,40
Commercial Services & Supplies,2026-09-22,53
Commercial Services & Supplies,2026-09-23,55
Commercial Services & Supplies,2026-09-24,51
Commercial Services & Supplies,2026-09-25,49
Commercial Services & Supplies,2026-09-28,47
Commercial Services & Supplies,2026-09-29,48
Commercial Services & Supplies,2026-09-30,48
Commercial Services & Supplies,2026-10-01,44
Compressors- Pumps & Diesel Engines,2026-06-30,
Compressors- Pumps & Diesel Engines,2026-07-01,
Compressors- Pumps & Diesel Engines,2026-07-02,
Compressors- Pumps & Diesel Engines,2026-07-03,
Compressors- Pumps & Diesel Engines,2026-07-06,
Compressors- Pumps & Diesel Engines,2026-07-07,
Compressors- Pumps & Diesel Engines,2026-07-08,
Compressors- Pumps & Diesel Engines,2026-07-09,
Compressors- Pumps & Diesel Engines,2026-07-10,
Compressors- Pumps & Diesel Engines,2026-07-13,
Compressors- Pumps & Diesel Engines,2026-07-14,
Compressors- Pumps & Diesel Engines,2026-07-15,
Compressors- Pumps & Diesel Engines,2026-07-16,
Compressors- Pumps & Diesel Engines,2026-07-17,
Compressors- Pumps & Diesel Engines,2026-07-20,17
Compressors- Pumps & Diesel Engines,2026-07-21,18
Compressors- Pumps & Diesel Engines,2026-07-22,12
Compressors- Pumps & Diesel Engines,2026-07-23,11
Compressors- Pumps & Diesel Engines,2026-07-24,25
Compressors- Pumps & Diesel Engines,2026-07-27,23
Compressors- Pumps & Diesel Engines,2026-07-28,22
Compressors- Pumps & Diesel Engines,2026-07-29,22
Compressors- Pumps & Diesel Engines,2026-07-30,20
Compressors- Pumps & Diesel Engines,2026-07-31,19
Compressors- Pumps & Diesel Engines,2026-08-03,21
Compressors- Pumps & Diesel Engines,2026-08-04,20
Compressors- Pumps & Diesel Engines,2026-08-05,20
Compressors- Pumps & Diesel Engines,2026-08-06,19
Compressors- Pumps & Diesel Engines,2026-08-07,22
Compressors- Pumps & Diesel Engines,2026-08-10,18
Compressors- Pumps & Diesel Engines,2026-08-11,18
Compressors- Pumps & Diesel Engines,2026-08-12,17
Compressors- Pumps & Diesel Engines,2026-08-13,22
Compressors- Pumps & Diesel Engines,2026-08-14,21
Compressors- Pumps & Diesel Engines,2026-08-17,24
Compressors- Pumps & Diesel Engines,2026-08-18,22
Compressors- Pumps & Diesel Engines,2026-08-19,21
Compressors- Pumps & Diesel Engines,2026-08-20,31
Compressors- Pumps & Diesel Engines,2026-08-21,30
Compressors- Pumps & Diesel Engines,2026-08-24,29
Compressors- Pumps & Diesel Engines,2026-08-25,31
Compressors- Pumps & Diesel Engines,2026-08-26,29
Compressors- Pumps & Diesel Engines,2026-08-27,32
Compressors- Pumps & Diesel Engines,2026-08-28,31
Compressors- Pumps & Diesel Engines,2026-08-31,29
Compressors- Pumps & Diesel Engines,2026-09-01,29
Compressors- Pumps & Diesel Engines,2026-09-02,24
Compressors- Pumps & Diesel Engines,2026-09-03,26
Compressors- Pumps & Diesel Engines,2026-09-04,25
Compressors- Pumps & Diesel Engines,2026-09-07,24
Compressors- Pumps & Diesel Engines,2026-09-08,24
Compressors- Pumps & Diesel Engines,2026-09-09,33
Compressors- Pumps & Diesel Engines,2026-09-10,34
Compressors- Pumps & Diesel Engines,2026-09-11,33
Compressors- Pumps & Diesel Engines,2026-09-15,30
Compressors- Pumps & Diesel Engines,2026-09-16,27
Compressors- Pumps & Diesel Engines,2026-09-17,31
Compressors- Pumps & Diesel Engines,2026-09-18,36
Compressors- Pumps & Diesel Engines,2026-09-21,35
Compressors- Pumps & Diesel Engines,2026-09-22,33
Compressors- Pumps & Diesel Engines,2026-09-23,44
Compressors- Pumps & Diesel Engines,2026-09-24,42
Compressors- Pumps & Diesel Engines,2026-09-25,38
Compressors- Pumps & Diesel Engines,2026-09-28,35
Compressors- Pumps & Diesel Engines,2026-09-29,33
Compressors- Pumps & Diesel Engines,2026-09-30,34
Compressors- Pumps & Diesel Engines,2026-10-01,32
Computers - Software & Consulting,2026-06-30,
Computers - Software & Consulting,2026-07-01,
Computers - Software & Consulting,2026-07-02,
Computers - Software & Consulting,2026-07-03,
Computers - Software & Consulting,2026-07-06,
Computers - Software & Consulting,2026-07-07,
Computers - Software & Consulting,2026-07-08,
Computers - Software & Consulting,2026-07-09,
Computers - Software & Consulting,2026-07-10,
Computers - Software & Consulting,2026-07-13,
Computers - Software & Consulting,2026-07-14,
Computers - Software & Consulting,2026-07-15,
Computers - Software & Consulting,2026-07-16,
Computers - Software & Consulting,2026-07-17,
Computers - Software & Consulting,2026-07-20,31
Computers - Software & Consulting,2026-07-21,39
Computers - Software & Consulting,2026-07-22,45
Computers - Software & Consulting,2026-07-23,40
Computers - Software & Consulting,2026-07-24,30
Computers - Software & Consulting,2026-07-27,35
Computers - Software & Consulting,2026-07-28,33
Computers - Software & Consulting,2026-07-29,33
Computers - Software & Consulting,2026-07-30,31
Computers - Software & Consulting,2026-07-31,40
Computers - Software & Consulting,2026-08-03,39
Computers - Software & Consulting,2026-08-04,38
Computers - Software & Consulting,2026-08-05,38
Computers - Software & Consulting,2026-08-06,40
Computers - Software & Consulting,2026-08-07,43
Computers - Software & Consulting,2026-08-10,41
Computers - Software & Consulting,2026-08-11,46
Computers - Software & Consulting,2026-08-12,45
Computers - Software & Consulting,2026-08-13,43
Computers - Software & Consulting,2026-08-14,48
Computers - Software & Consulting,2026-08-17,45
Computers - Software & Consulting,2026-08-18,47
Computers - Software & Consulting,2026-08-19,49
Computers - Software & Consulting,2026-08-20,54
Computers - Software & Consulting,2026-08-21,52
Computers - Software & Consulting,2026-08-24,47
Computers - Software & Consulting,2026-08-25,49
Computers - Software & Consulting,2026-08-26,48
Computers - Software & Consulting,2026-08-27,51
Computers - Software & Consulting,2026-08-28,52
Computers - Software & Consulting,2026-08-31,54
Computers - Software & Consulting,2026-09-01,47
Computers - Software & Consulting,2026-09-02,45
Computers - Software & Consulting,2026-09-03,44
Computers - Software & Consulting,2026-09-04,47
Computers - Software & Consulting,2026-09-07,41
Computers - Software & Consulting,2026-09-08,39
Computers - Software & Consulting,2026-09-09,35
Computers - Software & Consulting,2026-09-10,33
Computers - Software & Consulting,2026-09-11,33
Computers - Software & Consulting,2026-09-15,30
Computers - Software & Consulting,2026-09-16,28
Computers - Software & Consulting,2026-09-17,33
Computers - Software & Consulting,2026-09-18,39
Computers - Software & Consulting,2026-09-21,38
Computers - Software & Consulting,2026-09-22,38
Computers - Software & Consulting,2026-09-23,38
Computers - Software & Consulting,2026-09-24,35
Computers - Software & Consulting,2026-09-25,35
Computers - Software & Consulting,2026-09-28,33
Computers - Software & Consulting,2026-09-29,39
Computers - Software & Consulting,2026-09-30,35
Computers - Software & Consulting,2026-10-01,31
Consumption - Appliances,2026-06-30,
Consumption - Appliances,2026-07-01,
Consumption - Appliances,2026-07-02,
Consumption - Appliances,2026-07-03,
Consumption - Appliances,2026-07-06,
Consumption - Appliances,2026-07-07,
Consumption - Appliances,2026-07-08,
Consumption - Appliances,2026-07-09,
Consumption - Appliances,2026-07-10,
Consumption - Appliances,2026-07-13,
Consumption - Appliances,2026-07-14,
Consumption - Appliances,2026-07-15,
Consumption - Appliances,2026-07-16,
Consumption - Appliances,2026-07-17,
Consumption - Appliances,2026-07-20,55
Consumption - Appliances,2026-07-21,55
Consumption - Appliances,2026-07-22,49
Consumption - Appliances,2026-07-23,48
Consumption - Appliances,2026-07-24,49
Consumption - Appliances,2026-07-27,52
Consumption - Appliances,2026-07-28,51
Consumption - Appliances,2026-07-29,54
Consumption - Appliances,2026-07-30,53
Consumption - Appliances,2026-07-31,54
Consumption - Appliances,2026-08-03,56
Consumption - Appliances,2026-08-04,55
Consumption - Appliances,2026-08-05,55
Consumption - Appliances,2026-08-06,57
Consumption - Appliances,2026-08-07,54
Consumption - Appliances,2026-08-10,53
Consumption - Appliances,2026-08-11,52
Consumption - Appliances,2026-08-12,52
Consumption - Appliances,2026-08-13,52
Consumption - Appliances,2026-08-14,52
Consumption - Appliances,2026-08-17,51
Consumption - Appliances,2026-08-18,51
Consumption - Appliances,2026-08-19,49
Consumption - Appliances,2026-08-20,50
Consumption - Appliances,2026-08-21,49
Consumption - Appliances,2026-08-24,48
Consumption - Appliances,2026-08-25,46
Consumption - Appliances,2026-08-26,49
Consumption - Appliances,2026-08-27,48
Consumption - Appliances,2026-08-28,47
Consumption - Appliances,2026-08-31,47
Consumption - Appliances,2026-09-01,44
Consumption - Appliances,2026-09-02,43
Consumption - Appliances,2026-09-03,45
Consumption - Appliances,2026-09-04,45
Consumption - Appliances,2026-09-07,45
Consumption - Appliances,2026-09-08,45
Consumption - Appliances,2026-09-09,44
Consumption - Appliances,2026-09-10,44
Consumption - Appliances,2026-09-11,42
Consumption - Appliances,2026-09-15,38
Consumption - Appliances,2026-09-16,38
Consumption - Appliances,2026-09-17,39
Consumption - Appliances,2026-09-18,40
Consumption - Appliances,2026-09-21,39
Consumption - Appliances,2026-09-22,38
Consumption - Appliances,2026-09-23,43
Consumption - Appliances,2026-09-24,39
Consumption - Appliances,2026-09-25,41
Consumption - Appliances,2026-09-28,40
Consumption - Appliances,2026-09-29,39
Consumption - Appliances,2026-09-30,38
Consumption - Appliances,2026-10-01,34
Consumption - Dairy,2026-06-30,
Consumption - Dairy,2026-07-01,
Consumption - Dairy,2026-07-02,
Consumption - Dairy,2026-07-03,
Consumption - Dairy,2026-07-06,
Consumption - Dairy,2026-07-07,
Consumption - Dairy,2026-07-08,
Consumption - Dairy,2026-07-09,
Consumption - Dairy,2026-07-10,
Consumption - Dairy,2026-07-13,
Consumption - Dairy,2026-07-14,
Consumption - Dairy,2026-07-15,
Consumption - Dairy,2026-07-16,
Consumption - Dairy,2026-07-17,
Consumption - Dairy,2026-07-20,49
Consumption - Dairy,2026-07-21,49
Consumption - Dairy,2026-07-22,43
Consumption - Dairy,2026-07-23,41
Consumption - Dairy,2026-07-24,44
Consumption - Dairy,2026-07-27,42
Consumption - Dairy,2026-07-28,42
Consumption - Dairy,2026-07-29,47
Consumption - Dairy,2026-07-30,45
Consumption - Dairy,2026-07-31,47
Consumption - Dairy,2026-08-03,53
Consumption - Dairy,2026-08-04,54
Consumption - Dairy,2026-08-05,54
Consumption - Dairy,2026-08-06,59
Consumption - Dairy,2026-08-07,58
Consumption - Dairy,2026-08-10,59
Consumption - Dairy,2026-08-11,57
Consumption - Dairy,2026-08-12,57
Consumption - Dairy,2026-08-13,63
Consumption - Dairy,2026-08-14,61
Consumption - Dairy,2026-08-17,60
Consumption - Dairy,2026-08-18,60
Consumption - Dairy,2026-08-19,57
Consumption - Dairy,2026-08-20,62
Consumption - Dairy,2026-08-21,67
Consumption - Dairy,2026-08-24,69
Consumption - Dairy,2026-08-25,66
Consumption - Dairy,2026-08-26,64
Consumption - Dairy,2026-08-27,64
Consumption - Dairy,2026-08-28,63
Consumption - Dairy,2026-08-31,61
Consumption - Dairy,2026-09-01,60
Consumption - Dairy,2026-09-02,60
Consumption - Dairy,2026-09-03,58
Consumption - Dairy,2026-09-04,58
Consumption - Dairy,2026-09-07,56
Consumption - Dairy,2026-09-08,59
Consumption - Dairy,2026-09-09,58
Consumption - Dairy,2026-09-10,58
Consumption - Dairy,2026-09-11,60
Consumption - Dairy,2026-09-15,54
Consumption - Dairy,2026-09-16,54
Consumption - Dairy,2026-09-17,51
Consumption - Dairy,2026-09-18,54
Consumption - Dairy,2026-09-21,56
Consumption - Dairy,2026-09-22,57
Consumption - Dairy,2026-09-23,55
Consumption - Dairy,2026-09-24,51
Consumption - Dairy,2026-09-25,52
Consumption - Dairy,2026-09-28,48
Consumption - Dairy,2026-09-29,48
Consumption - Dairy,2026-09-30,48
Consumption - Dairy,2026-10-01,45
Consumption - Electronics,2026-06-30,
Consumption - Electronics,2026-07-01,
Consumption - Electronics,2026-07-02,
Consumption - Electronics,2026-07-03,
Consumption - Electronics,2026-07-06,
Consumption - Electronics,2026-07-07,
Consumption - Electronics,2026-07-08,
Consumption - Electronics,2026-07-09,
Consumption - Electronics,2026-07-10,
Consumption - Electronics,2026-07-13,
Consumption - Electronics,2026-07-14,
Consumption - Electronics,2026-07-15,
Consumption - Electronics,2026-07-16,
Consumption - Electronics,2026-07-17,
Consumption - Electronics,2026-07-20,63
Consumption - Electronics,2026-07-21,63
Consumption - Electronics,2026-07-22,58
Consumption - Electronics,2026-07-23,57
Consumption - Electronics,2026-07-24,56
Consumption - Electronics,2026-07-27,58
Consumption - Electronics,2026-07-28,56
Consumption - Electronics,2026-07-29,57
Consumption - Electronics,2026-07-30,57
Consumption - Electronics,2026-07-31,58
Consumption - Electronics,2026-08-03,63
Consumption - Electronics,2026-08-04,60
Consumption - Electronics,2026-08-05,62
Consumption - Electronics,2026-08-06,60
Consumption - Electronics,2026-08-07,61
Consumption - Electronics,2026-08-10,59
Consumption - Electronics,2026-08-11,56
Consumption - Electronics,2026-08-12,54
Consumption - Electronics,2026-08-13,54
Consumption - Electronics,2026-08-14,52
Consumption - Electronics,2026-08-17,51
Consumption - Electronics,2026-08-18,51
Consumption - Electronics,2026-08-19,52
Consumption - Electronics,2026-08-20,52
Consumption - Electronics,2026-08-21,52
Consumption - Electronics,2026-08-24,53
Consumption - Electronics,2026-08-25,53
Consumption - Electronics,2026-08-26,52
Consumption - Electronics,2026-08-27,50
Consumption - Electronics,2026-08-28,49
Consumption - Electronics,2026-08-31,50
Consumption - Electronics,2026-09-01,47
Consumption - Electronics,2026-09-02,47
Consumption - Electronics,2026-09-03,47
Consumption - Electronics,2026-09-04,46
Consumption - Electronics,2026-09-07,45
Consumption - Electronics,2026-09-08,45
Consumption - Electronics,2026-09-09,43
Consumption - Electronics,2026-09-10,42
Consumption - Electronics,2026-09-11,40
Consumption - Electronics,2026-09-15,37
Consumption - Electronics,2026-09-16,37
Consumption - Electronics,2026-09-17,39
Consumption - Electronics,2026-09-18,42
Consumption - Electronics,2026-09-21,44
Consumption - Electronics,2026-09-22,42
Consumption - Electronics,2026-09-23,43
Consumption - Electronics,2026-09-24,41
Consumption - Electronics,2026-09-25,43
Consumption - Electronics,2026-09-28,42
Consumption - Electronics,2026-09-29,40
Consumption - Electronics,2026-09-30,38
Consumption - Electronics,2026-10-01,36
Consumption - FMCG,2026-06-30,
Consumption - FMCG,2026-07-01,
Consumption - FMCG,2026-07-02,
Consumption - FMCG,2026-07-03,
Consumption - FMCG,2026-07-06,
Consumption - FMCG,2026-07-07,
Consumption - FMCG,2026-07-08,
Consumption - FMCG,2026-07-09,
Consumption - FMCG,2026-07-10,
Consumption - FMCG,2026-07-13,
Consumption - FMCG,2026-07-14,
Consumption - FMCG,2026-07-15,
Consumption - FMCG,2026-07-16,
Consumption - FMCG,2026-07-17,
Consumption - FMCG,2026-07-20,59
Consumption - FMCG,2026-07-21,57
Consumption - FMCG,2026-07-22,55
Consumption - FMCG,2026-07-23,51
Consumption - FMCG,2026-07-24,52
Consumption - FMCG,2026-07-27,55
Consumption - FMCG,2026-07-28,53
Consumption - FMCG,2026-07-29,57
Consumption - FMCG,2026-07-30,55
Consumption - FMCG,2026-07-31,56
Consumption - FMCG,2026-08-03,58
Consumption - FMCG,2026-08-04,56
Consumption - FMCG,2026-08-05,55
Consumption - FMCG,2026-08-06,53
Consumption - FMCG,2026-08-07,56
Consumption - FMCG,2026-08-10,55
Consumption - FMCG,2026-08-11,54
Consumption - FMCG,2026-08-12,53
Consumption - FMCG,2026-08-13,53
Consumption - FMCG,2026-08-14,53
Consumption - FMCG,2026-08-17,51
Consumption - FMCG,2026-08-18,50
Consumption - FMCG,2026-08-19,49
Consumption - FMCG,2026-08-20,49
Consumption - FMCG,2026-08-21,48
Consumption - FMCG,2026-08-24,49
Consumption - FMCG,2026-08-25,49
Consumption - FMCG,2026-08-26,49
Consumption - FMCG,2026-08-27,51
Consumption - FMCG,2026-08-28,50
Consumption - FMCG,2026-08-31,49
Consumption - FMCG,2026-09-01,48
Consumption - FMCG,2026-09-02,47
Consumption - FMCG,2026-09-03,47
Consumption - FMCG,2026-09-04,47
Consumption - FMCG,2026-09-07,46
Consumption - FMCG,2026-09-08,45
Consumption - FMCG,2026-09-09,45
Consumption - FMCG,2026-09-10,44
Consumption - FMCG,2026-09-11,43
Consumption - FMCG,2026-09-15,40
Consumption - FMCG,2026-09-16,41
Consumption - FMCG,2026-09-17,42
Consumption - FMCG,2026-09-18,43
Consumption - FMCG,2026-09-21,43
Consumption - FMCG,2026-09-22,42
Consumption - FMCG,2026-09-23,45
Consumption - FMCG,2026-09-24,42
Consumption - FMCG,2026-09-25,43
Consumption - FMCG,2026-09-28,40
Consumption - FMCG,2026-09-29,37
Consumption - FMCG,2026-09-30,39
Consumption - FMCG,2026-10-01,36
Consumption - Footwear,2026-06-30,
Consumption - Footwear,2026-07-01,
Consumption - Footwear,2026-07-02,
Consumption - Footwear,2026-07-03,
Consumption - Footwear,2026-07-06,
Consumption - Footwear,2026-07-07,
Consumption - Footwear,2026-07-08,
Consumption - Footwear,2026-07-09,
Consumption - Footwear,2026-07-10,
Consumption - Footwear,2026-07-13,
Consumption - Footwear,2026-07-14,
Consumption - Footwear,2026-07-15,
Consumption - Footwear,2026-07-16,
Consumption - Footwear,2026-07-17,
Consumption - Footwear,2026-07-20,52
Consumption - Footwear,2026-07-21,51
Consumption - Footwear,2026-07-22,47
Consumption - Footwear,2026-07-23,42
Consumption - Footwear,2026-07-24,44
Consumption - Footwear,2026-07-27,46
Consumption - Footwear,2026-07-28,43
Consumption - Footwear,2026-07-29,49
Consumption - Footwear,2026-07-30,49
Consumption - Footwear,2026-07-31,49
Consumption - Footwear,2026-08-03,50
Consumption - Footwear,2026-08-04,50
Consumption - Footwear,2026-08-05,52
Consumption - Footwear,2026-08-06,51
Consumption - Footwear,2026-08-07,52
Consumption - Footwear,2026-08-10,48
Consumption - Footwear,2026-08-11,44
Consumption - Footwear,2026-08-12,44
Consumption - Footwear,2026-08-13,47
Consumption - Footwear,2026-08-14,48
Consumption - Footwear,2026-08-17,49
Consumption - Footwear,2026-08-18,47
Consumption - Footwear,2026-08-19,46
Consumption - Footwear,2026-08-20,43
Consumption - Footwear,2026-08-21,45
Consumption - Footwear,2026-08-24,46
Consumption - Footwear,2026-08-25,47
Consumption - Footwear,2026-08-26,49
Consumption - Footwear,2026-08-27,49
Consumption - Footwear,2026-08-28,49
Consumption - Footwear,2026-08-31,47
Consumption - Footwear,2026-09-01,46
Consumption - Footwear,2026-09-02,43
Consumption - Footwear,2026-09-03,44
Consumption - Footwear,2026-09-04,46
Consumption - Footwear,2026-09-07,45
Consumption - Footwear,2026-09-08,44
Consumption - Footwear,2026-09-09,47
Consumption - Footwear,2026-09-10,46
Consumption - Footwear,2026-09-11,43
Consumption - Footwear,2026-09-15,42
Consumption - Footwear,2026-09-16,40
Consumption - Footwear,2026-09-17,37
Consumption - Footwear,2026-09-18,41
Consumption - Footwear,2026-09-21,41
Consumption - Footwear,2026-09-22,36
Consumption - Footwear,2026-09-23,43
Consumption - Footwear,2026-09-24,42
Consumption - Footwear,2026-09-25,42
Consumption - Footwear,2026-09-28,40
Consumption - Footwear,2026-09-29,38
Consumption - Footwear,2026-09-30,36
Consumption - Footwear,2026-10-01,34
Consumption - Jewelry,2026-06-30,
Consumption - Jewelry,2026-07-01,
Consumption - Jewelry,2026-07-02,
Consumption - Jewelry,2026-07-03,
Consumption - Jewelry,2026-07-06,
Consumption - Jewelry,2026-07-07,
Consumption - Jewelry,2026-07-08,
Consumption - Jewelry,2026-07-09,
Consumption - Jewelry,2026-07-10,
Consumption - Jewelry,2026-07-13,
Consumption - Jewelry,2026-07-14,
Consumption - Jewelry,2026-07-15,
Consumption - Jewelry,2026-07-16,
Consumption - Jewelry,2026-07-17,
Consumption - Jewelry,2026-07-20,59
Consumption - Jewelry,2026-07-21,60
Consumption - Jewelry,2026-07-22,59
Consumption - Jewelry,2026-07-23,57
Consumption - Jewelry,2026-07-24,55
Consumption - Jewelry,2026-07-27,58
Consumption - Jewelry,2026-07-28,58
Consumption - Jewelry,2026-07-29,57
Consumption - Jewelry,2026-07-30,55
Consumption - Jewelry,2026-07-31,56
Consumption - Jewelry,2026-08-03,57
Consumption - Jewelry,2026-08-04,56
Consumption - Jewelry,2026-08-05,55
Consumption - Jewelry,2026-08-06,55
Consumption - Jewelry,2026-08-07,55
Consumption - Jewelry,2026-08-10,55
Consumption - Jewelry,2026-08-11,55
Consumption - Jewelry,2026-08-12,51
Consumption - Jewelry,2026-08-13,50
Consumption - Jewelry,2026-08-14,51
Consumption - Jewelry,2026-08-17,51
Consumption - Jewelry,2026-08-18,51
Consumption - Jewelry,2026-08-19,50
Consumption - Jewelry,2026-08-20,50
Consumption - Jewelry,2026-08-21,53
Consumption - Jewelry,2026-08-24,54
Consumption - Jewelry,2026-08-25,53
Consumption - Jewelry,2026-08-26,56
Consumption - Jewelry,2026-08-27,55
Consumption - Jewelry,2026-08-28,53
Consumption - Jewelry,2026-08-31,51
Consumption - Jewelry,2026-09-01,51
Consumption - Jewelry,2026-09-02,50
Consumption - Jewelry,2026-09-03,51
Consumption - Jewelry,2026-09-04,55
Consumption - Jewelry,2026-09-07,54
Consumption - Jewelry,2026-09-08,52
Consumption - Jewelry,2026-09-09,52
Consumption - Jewelry,2026-09-10,52
Consumption - Jewelry,2026-09-11,50
Consumption - Jewelry,2026-09-15,46
Consumption - Jewelry,2026-09-16,47
Consumption - Jewelry,2026-09-17,48
Consumption - Jewelry,2026-09-18,50
Consumption - Jewelry,2026-09-21,50
Consumption - Jewelry,2026-09-22,51
Consumption - Jewelry,2026-09-23,54
Consumption - Jewelry,2026-09-24,51
Consumption - Jewelry,2026-09-25,51
Consumption - Jewelry,2026-09-28,47
Consumption - Jewelry,2026-09-29,49
Consumption - Jewelry,2026-09-30,50
Consumption - Jewelry,2026-10-01,47
Consumption - Luggage,2026-06-30,
Consumption - Luggage,2026-07-01,
Consumption - Luggage,2026-07-02,
Consumption - Luggage,2026-07-03,
Consumption - Luggage,2026-07-06,
Consumption - Luggage,2026-07-07,
Consumption - Luggage,2026-07-08,
Consumption - Luggage,2026-07-09,
Consumption - Luggage,2026-07-10,
Consumption - Luggage,2026-07-13,
Consumption - Luggage,2026-07-14,
Consumption - Luggage,2026-07-15,
Consumption - Luggage,2026-07-16,
Consumption - Luggage,2026-07-17,
Consumption - Luggage,2026-07-20,56
Consumption - Luggage,2026-07-21,53
Consumption - Luggage,2026-07-22,46
Consumption - Luggage,2026-07-23,43
Consumption - Luggage,2026-07-24,45
Consumption - Luggage,2026-07-27,49
Consumption - Luggage,2026-07-28,44
Consumption - Luggage,2026-07-29,50
Consumption - Luggage,2026-07-30,47
Consumption - Luggage,2026-07-31,49
Consumption - Luggage,2026-08-03,54
Consumption - Luggage,2026-08-04,47
Consumption - Luggage,2026-08-05,50
Consumption - Luggage,2026-08-06,51
Consumption - Luggage,2026-08-07,50
Consumption - Luggage,2026-08-10,54
Consumption - Luggage,2026-08-11,52
Consumption - Luggage,2026-08-12,47
Consumption - Luggage,2026-08-13,47
Consumption - Luggage,2026-08-14,45
Consumption - Luggage,2026-08-17,45
Consumption - Luggage,2026-08-18,48
Consumption - Luggage,2026-08-19,48
Consumption - Luggage,2026-08-20,46
Consumption - Luggage,2026-08-21,49
Consumption - Luggage,2026-08-24,46
Consumption - Luggage,2026-08-25,46
Consumption - Luggage,2026-08-26,50
Consumption - Luggage,2026-08-27,51
Consumption - Luggage,2026-08-28,50
Consumption - Luggage,2026-08-31,51
Consumption - Luggage,2026-09-01,52
Consumption - Luggage,2026-09-02,48
Consumption - Luggage,2026-09-03,52
Consumption - Luggage,2026-09-04,57
Consumption - Luggage,2026-09-07,59
Consumption - Luggage,2026-09-08,53
Consumption - Luggage,2026-09-09,52
Consumption - Luggage,2026-09-10,46
Consumption - Luggage,2026-09-11,50
Consumption - Luggage,2026-09-15,46
Consumption - Luggage,2026-09-16,47
Consumption - Luggage,2026-09-17,49
Consumption - Luggage,2026-09-18,46
Consumption - Luggage,2026-09-21,43
Consumption - Luggage,2026-09-22,46
Consumption - Luggage,2026-09-23,45
Consumption - Luggage,2026-09-24,45
Consumption - Luggage,2026-09-25,43
Consumption - Luggage,2026-09-28,40
Consumption - Luggage,2026-09-29,37
Consumption - Luggage,2026-09-30,36
Consumption - Luggage,2026-10-01,30
Consumption - Misc,2026-06-30,
Consumption - Misc,2026-07-01,
Consumption - Misc,2026-07-02,
Consumption - Misc,2026-07-03,
Consumption - Misc,2026-07-06,
Consumption - Misc,2026-07-07,
Consumption - Misc,2026-07-08,
Consumption - Misc,2026-07-09,
Consumption - Misc,2026-07-10,
Consumption - Misc,2026-07-13,
Consumption - Misc,2026-07-14,
Consumption - Misc,2026-07-15,
Consumption - Misc,2026-07-16,
Consumption - Misc,2026-07-17,
Consumption - Misc,2026-07-20,54
Consumption - Misc,2026-07-21,54
Consumption - Misc,2026-07-22,52
Consumption - Misc,2026-07-23,51
Consumption - Misc,2026-07-24,51
Consumption - Misc,2026-07-27,54
Consumption - Misc,2026-07-28,50
Consumption - Misc,2026-07-29,51
Consumption - Misc,2026-07-30,48
Consumption - Misc,2026-07-31,48
Consumption - Misc,2026-08-03,51
Consumption - Misc,2026-08-04,50
Consumption - Misc,2026-08-05,51
Consumption - Misc,2026-08-06,49
Consumption - Misc,2026-08-07,48
Consumption - Misc,2026-08-10,48
Consumption - Misc,2026-08-11,47
Consumption - Misc,2026-08-12,45
Consumption - Misc,2026-08-13,47
Consumption - Misc,2026-08-14,48
Consumption - Misc,2026-08-17,47
Consumption - Misc,2026-08-18,47
Consumption - Misc,2026-08-19,47
Consumption - Misc,2026-08-20,47
Consumption - Misc,2026-08-21,45
Consumption - Misc,2026-08-24,46
Consumption - Misc,2026-08-25,47
Consumption - Misc,2026-08-26,48
Consumption - Misc,2026-08-27,47
Consumption - Misc,2026-08-28,47
Consumption - Misc,2026-08-31,46
Consumption - Misc,2026-09-01,45
Consumption - Misc,2026-09-02,45
Consumption - Misc,2026-09-03,47
Consumption - Misc,2026-09-04,47
Consumption - Misc,2026-09-07,45
Consumption - Misc,2026-09-08,46
Consumption - Misc,2026-09-09,44
Consumption - Misc,2026-09-10,43
Consumption - Misc,2026-09-11,42
Consumption - Misc,2026-09-15,41
Consumption - Misc,2026-09-16,41
Consumption - Misc,2026-09-17,44
Consumption - Misc,2026-09-18,46
Consumption - Misc,2026-09-21,46
Consumption - Misc,2026-09-22,46
Consumption - Misc,2026-09-23,48
Consumption - Misc,2026-09-24,45
Consumption - Misc,2026-09-25,44
Consumption - Misc,2026-09-28,42
Consumption - Misc,2026-09-29,41
Consumption - Misc,2026-09-30,42
Consumption - Misc,2026-10-01,38
Consumption - Paints,2026-06-30,
Consumption - Paints,2026-07-01,
Consumption - Paints,2026-07-02,
Consumption - Paints,2026-07-03,
Consumption - Paints,2026-07-06,
Consumption - Paints,2026-07-07,
Consumption - Paints,2026-07-08,
Consumption - Paints,2026-07-09,
Consumption - Paints,2026-07-10,
Consumption - Paints,2026-07-13,
Consumption - Paints,2026-07-14,
Consumption - Paints,2026-07-15,
Consumption - Paints,2026-07-16,
Consumption - Paints,2026-07-17,
Consumption - Paints,2026-07-20,64
Consumption - Paints,2026-07-21,67
Consumption - Paints,2026-07-22,64
Consumption - Paints,2026-07-23,59
Consumption - Paints,2026-07-24,59
Consumption - Paints,2026-07-27,63
Consumption - Paints,2026-07-28,59
Consumption - Paints,2026-07-29,65
Consumption - Paints,2026-07-30,63
Consumption - Paints,2026-07-31,65
Consumption - Paints,2026-08-03,68
Consumption - Paints,2026-08-04,67
Consumption - Paints,2026-08-05,70
Consumption - Paints,2026-08-06,71
Consumption - Paints,2026-08-07,67
Consumption - Paints,2026-08-10,70
Consumption - Paints,2026-08-11,66
Consumption - Paints,2026-08-12,64
Consumption - Paints,2026-08-13,62
Consumption - Paints,2026-08-14,60
Consumption - Paints,2026-08-17,63
Consumption - Paints,2026-08-18,59
Consumption - Paints,2026-08-19,57
Consumption - Paints,2026-08-20,56
Consumption - Paints,2026-08-21,58
Consumption - Paints,2026-08-24,55
Consumption - Paints,2026-08-25,53
Consumption - Paints,2026-08-26,53
Consumption - Paints,2026-08-27,52
Consumption - Paints,2026-08-28,50
Consumption - Paints,2026-08-31,52
Consumption - Paints,2026-09-01,49
Consumption - Paints,2026-09-02,48
Consumption - Paints,2026-09-03,51
Consumption - Paints,2026-09-04,51
Consumption - Paints,2026-09-07,50
Consumption - Paints,2026-09-08,47
Consumption - Paints,2026-09-09,45
Consumption - Paints,2026-09-10,44
Consumption - Paints,2026-09-11,42
Consumption - Paints,2026-09-15,37
Consumption - Paints,2026-09-16,36
Consumption - Paints,2026-09-17,38
Consumption - Paints,2026-09-18,41
Consumption - Paints,2026-09-21,41
Consumption - Paints,2026-09-22,40
Consumption - Paints,2026-09-23,44
Consumption - Paints,2026-09-24,40
Consumption - Paints,2026-09-25,44
Consumption - Paints,2026-09-28,40
Consumption - Paints,2026-09-29,40
Consumption - Paints,2026-09-30,42
Consumption - Paints,2026-10-01,38
Consumption - Personal,2026-06-30,
Consumption - Personal,2026-07-01,
Consumption - Personal,2026-07-02,
Consumption - Personal,2026-07-03,
Consumption - Personal,2026-07-06,
Consumption - Personal,2026-07-07,
Consumption - Personal,2026-07-08,
Consumption - Personal,2026-07-09,
Consumption - Personal,2026-07-10,
Consumption - Personal,2026-07-13,
Consumption - Personal,2026-07-14,
Consumption - Personal,2026-07-15,
Consumption - Personal,2026-07-16,
Consumption - Personal,2026-07-17,
Consumption - Personal,2026-07-20,63
Consumption - Personal,2026-07-21,65
Consumption - Personal,2026-07-22,65
Consumption - Personal,2026-07-23,64
Consumption - Personal,2026-07-24,64
Consumption - Personal,2026-07-27,66
Consumption - Personal,2026-07-28,63
Consumption - Personal,2026-07-29,65
Consumption - Personal,2026-07-30,61
Consumption - Personal,2026-07-31,59
Consumption - Personal,2026-08-03,61
Consumption - Personal,2026-08-04,58
Consumption - Personal,2026-08-05,58
Consumption - Personal,2026-08-06,59
Consumption - Personal,2026-08-07,58
Consumption - Personal,2026-08-10,58
Consumption - Personal,2026-08-11,56
Consumption - Personal,2026-08-12,52
Consumption - Personal,2026-08-13,53
Consumption - Personal,2026-08-14,51
Consumption - Personal,2026-08-17,46
Consumption - Personal,2026-08-18,45
Consumption - Personal,2026-08-19,44
Consumption - Personal,2026-08-20,45
Consumption - Personal,2026-08-21,43
Consumption - Personal,2026-08-24,42
Consumption - Personal,2026-08-25,41
Consumption - Personal,2026-08-26,41
Consumption - Personal,2026-08-27,38
Consumption - Personal,2026-08-28,38
Consumption - Personal,2026-08-31,37
Consumption - Personal,2026-09-01,38
Consumption - Personal,2026-09-02,37
Consumption - Personal,2026-09-03,38
Consumption - Personal,2026-09-04,38
Consumption - Personal,2026-09-07,37
Consumption - Personal,2026-09-08,39
Consumption - Personal,2026-09-09,39
Consumption - Personal,2026-09-10,39
Consumption - Personal,2026-09-11,37
Consumption - Personal,2026-09-15,38
Consumption - Personal,2026-09-16,39
Consumption - Personal,2026-09-17,42
Consumption - Personal,2026-09-18,41
Consumption - Personal,2026-09-21,40
Consumption - Personal,2026-09-22,41
Consumption - Personal,2026-09-23,44
Consumption - Personal,2026-09-24,42
Consumption - Personal,2026-09-25,42
Consumption - Personal,2026-09-28,39
Consumption - Personal,2026-09-29,39
Consumption - Personal,2026-09-30,40
Consumption - Personal,2026-10-01,37
Consumption - Retail,2026-06-30,
Consumption - Retail,2026-07-01,
Consumption - Retail,2026-07-02,
Consumption - Retail,2026-07-03,
Consumption - Retail,2026-07-06,
Consumption - Retail,2026-07-07,
Consumption - Retail,2026-07-08,
Consumption - Retail,2026-07-09,
Consumption - Retail,2026-07-10,
Consumption - Retail,2026-07-13,
Consumption - Retail,2026-07-14,
Consumption - Retail,2026-07-15,
Consumption - Retail,2026-07-16,
Consumption - Retail,2026-07-17,
Consumption - Retail,2026-07-20,54
Consumption - Retail,2026-07-21,56
Consumption - Retail,2026-07-22,54
Consumption - Retail,2026-07-23,53
Consumption - Retail,2026-07-24,51
Consumption - Retail,2026-07-27,53
Consumption - Retail,2026-07-28,51
Consumption - Retail,2026-07-29,53
Consumption - Retail,2026-07-30,52
Consumption - Retail,2026-07-31,54
Consumption - Retail,2026-08-03,57
Consumption - Retail,2026-08-04,57
Consumption - Retail,2026-08-05,58
Consumption - Retail,2026-08-06,57
Consumption - Retail,2026-08-07,56
Consumption - Retail,2026-08-10,57
Consumption - Retail,2026-08-11,56
Consumption - Retail,2026-08-12,53
Consumption - Retail,2026-08-13,53
Consumption - Retail,2026-08-14,51
Consumption - Retail,2026-08-17,49
Consumption - Retail,2026-08-18,52
Consumption - Retail,2026-08-19,51
Consumption - Retail,2026-08-20,53
Consumption - Retail,2026-08-21,51
Consumption - Retail,2026-08-24,51
Consumption - Retail,2026-08-25,49
Consumption - Retail,2026-08-26,48
Consumption - Retail,2026-08-27,46
Consumption - Retail,2026-08-28,45
Consumption - Retail,2026-08-31,47
Consumption - Retail,2026-09-01,45
Consumption - Retail,2026-09-02,44
Consumption - Retail,2026-09-03,44
Consumption - Retail,2026-09-04,45
Consumption - Retail,2026-09-07,45
Consumption - Retail,2026-09-08,47
Consumption - Retail,2026-09-09,46
Consumption - Retail,2026-09-10,45
Consumption - Retail,2026-09-11,44
Consumption - Retail,2026-09-15,41
Consumption - Retail,2026-09-16,42
Consumption - Retail,2026-09-17,44
Consumption - Retail,2026-09-18,47
Consumption - Retail,2026-09-21,46
Consumption - Retail,2026-09-22,45
Consumption - Retail,2026-09-23,47
Consumption - Retail,2026-09-24,44
Consumption - Retail,2026-09-25,46
Consumption - Retail,2026-09-28,43
Consumption - Retail,2026-09-29,43
Consumption - Retail,2026-09-30,42
Consumption - Retail,2026-10-01,39
Defense - Misc,2026-06-30,
Defense - Misc,2026-07-01,
Defense - Misc,2026-07-02,
Defense - Misc,2026-07-03,
Defense - Misc,2026-07-06,
Defense - Misc,2026-07-07,
Defense - Misc,2026-07-08,
Defense - Misc,2026-07-09,
Defense - Misc,2026-07-10,
Defense - Misc,2026-07-13,
Defense - Misc,2026-07-14,
Defense - Misc,2026-07-15,
Defense - Misc,2026-07-16,
Defense - Misc,2026-07-17,
Defense - Misc,2026-07-20,47
Defense - Misc,2026-07-21,48
Defense - Misc,2026-07-22,45
Defense - Misc,2026-07-23,43
Defense - Misc,2026-07-24,44
Defense - Misc,2026-07-27,45
Defense - Misc,2026-07-28,40
Defense - Misc,2026-07-29,41
Defense - Misc,2026-07-30,39
Defense - Misc,2026-07-31,45
Defense - Misc,2026-08-03,50
Defense - Misc,2026-08-04,49
Defense - Misc,2026-08-05,49
Defense - Misc,2026-08-06,53
Defense - Misc,2026-08-07,55
Defense - Misc,2026-08-10,55
Defense - Misc,2026-08-11,53
Defense - Misc,2026-08-12,53
Defense - Misc,2026-08-13,56
Defense - Misc,2026-08-14,55
Defense - Misc,2026-08-17,56
Defense - Misc,2026-08-18,59
Defense - Misc,2026-08-19,55
Defense - Misc,2026-08-20,55
Defense - Misc,2026-08-21,55
Defense - Misc,2026-08-24,53
Defense - Misc,2026-08-25,52
Defense - Misc,2026-08-26,54
Defense - Misc,2026-08-27,52
Defense - Misc,2026-08-28,52
Defense - Misc,2026-08-31,51
Defense - Misc,2026-09-01,49
Defense - Misc,2026-09-02,49
Defense - Misc,2026-09-03,51
Defense - Misc,2026-09-04,52
Defense - Misc,2026-09-07,54
Defense - Misc,2026-09-08,59
Defense - Misc,2026-09-09,56
Defense - Misc,2026-09-10,54
Defense - Misc,2026-09-11,53
Defense - Misc,2026-09-15,45
Defense - Misc,2026-09-16,44
Defense - Misc,2026-09-17,48
Defense - Misc,2026-09-18,50
Defense - Misc,2026-09-21,52
Defense - Misc,2026-09-22,52
Defense - Misc,2026-09-23,51
Defense - Misc,2026-09-24,49
Defense - Misc,2026-09-25,49
Defense - Misc,2026-09-28,46
Defense - Misc,2026-09-29,46
Defense - Misc,2026-09-30,49
Defense - Misc,2026-10-01,47
Defense - Ship Building,2026-06-30,
Defense - Ship Building,2026-07-01,
Defense - Ship Building,2026-07-02,
Defense - Ship Building,2026-07-03,
Defense - Ship Building,2026-07-06,
Defense - Ship Building,2026-07-07,
Defense - Ship Building,2026-07-08,
Defense - Ship Building,2026-07-09,
Defense - Ship Building,2026-07-10,
Defense - Ship Building,2026-07-13,
Defense - Ship Building,2026-07-14,
Defense - Ship Building,2026-07-15,
Defense - Ship Building,2026-07-16,
Defense - Ship Building,2026-07-17,
Defense - Ship Building,2026-07-20,39
Defense - Ship Building,2026-07-21,42
Defense - Ship Building,2026-07-22,37
Defense - Ship Building,2026-07-23,39
Defense - Ship Building,2026-07-24,40
Defense - Ship Building,2026-07-27,45
Defense - Ship Building,2026-07-28,43
Defense - Ship Building,2026-07-29,49
Defense - Ship Building,2026-07-30,46
Defense - Ship Building,2026-07-31,49
Defense - Ship Building,2026-08-03,51
Defense - Ship Building,2026-08-04,49
Defense - Ship Building,2026-08-05,48
Defense - Ship Building,2026-08-06,57
Defense - Ship Building,2026-08-07,58
Defense - Ship Building,2026-08-10,58
Defense - Ship Building,2026-08-11,57
Defense - Ship Building,2026-08-12,57
Defense - Ship Building,2026-08-13,61
Defense - Ship Building,2026-08-14,60
Defense - Ship Building,2026-08-17,57
Defense - Ship Building,2026-08-18,60
Defense - Ship Building,2026-08-19,58
Defense - Ship Building,2026-08-20,57
Defense - Ship Building,2026-08-21,56
Defense - Ship Building,2026-08-24,56
Defense - Ship Building,2026-08-25,58
Defense - Ship Building,2026-08-26,62
Defense - Ship Building,2026-08-27,63
Defense - Ship Building,2026-08-28,60
Defense - Ship Building,2026-08-31,52
Defense - Ship Building,2026-09-01,49
Defense - Ship Building,2026-09-02,47
Defense - Ship Building,2026-09-03,52
Defense - Ship Building,2026-09-04,51
Defense - Ship Building,2026-09-07,49
Defense - Ship Building,2026-09-08,52
Defense - Ship Building,2026-09-09,50
Defense - Ship Building,2026-09-10,45
Defense - Ship Building,2026-09-11,38
Defense - Ship Building,2026-09-15,32
Defense - Ship Building,2026-09-16,31
Defense - Ship Building,2026-09-17,34
Defense - Ship Building,2026-09-18,43
Defense - Ship Building,2026-09-21,41
Defense - Ship Building,2026-09-22,42
Defense - Ship Building,2026-09-23,42
Defense - Ship Building,2026-09-24,39
Defense - Ship Building,2026-09-25,39
Defense - Ship Building,2026-09-28,35
Defense - Ship Building,2026-09-29,38
Defense - Ship Building,2026-09-30,37
Defense - Ship Building,2026-10-01,33
Defense - Technology,2026-06-30,
Defense - Technology,2026-07-01,
Defense - Technology,2026-07-02,
Defense - Technology,2026-07-03,
Defense - Technology,2026-07-06,
Defense - Technology,2026-07-07,
Defense - Technology,2026-07-08,
Defense - Technology,2026-07-09,
Defense - Technology,2026-07-10,
Defense - Technology,2026-07-13,
Defense - Technology,2026-07-14,
Defense - Technology,2026-07-15,
Defense - Technology,2026-07-16,
Defense - Technology,2026-07-17,
Defense - Technology,2026-07-20,44
Defense - Technology,2026-07-21,49
Defense - Technology,2026-07-22,53
Defense - Technology,2026-07-23,51
Defense - Technology,2026-07-24,51
Defense - Technology,2026-07-27,50
Defense - Technology,2026-07-28,43
Defense - Technology,2026-07-29,46
Defense - Technology,2026-07-30,45
Defense - Technology,2026-07-31,49
Defense - Technology,2026-08-03,52
Defense - Technology,2026-08-04,52
Defense - Technology,2026-08-05,51
Defense - Technology,2026-08-06,53
Defense - Technology,2026-08-07,53
Defense - Technology,2026-08-10,49
Defense - Technology,2026-08-11,48
Defense - Technology,2026-08-12,46
Defense - Technology,2026-08-13,47
Defense - Technology,2026-08-14,50
Defense - Technology,2026-08-17,49
Defense - Technology,2026-08-18,55
Defense - Technology,2026-08-19,52
Defense - Technology,2026-08-20,50
Defense - Technology,2026-08-21,51
Defense - Technology,2026-08-24,49
Defense - Technology,2026-08-25,48
Defense - Technology,2026-08-26,50
Defense - Technology,2026-08-27,47
Defense - Technology,2026-08-28,49
Defense - Technology,2026-08-31,45
Defense - Technology,2026-09-01,44
Defense - Technology,2026-09-02,44
Defense - Technology,2026-09-03,45
Defense - Technology,2026-09-04,47
Defense - Technology,2026-09-07,49
Defense - Technology,2026-09-08,55
Defense - Technology,2026-09-09,51
Defense - Technology,2026-09-10,47
Defense - Technology,2026-09-11,47
Defense - Technology,2026-09-15,37
Defense - Technology,2026-09-16,36
Defense - Technology,2026-09-17,40
Defense - Technology,2026-09-18,41
Defense - Technology,2026-09-21,44
Defense - Technology,2026-09-22,44
Defense - Technology,2026-09-23,43
Defense - Technology,2026-09-24,42
Defense - Technology,2026-09-25,44
Defense - Technology,2026-09-28,41
Defense - Technology,2026-09-29,42
Defense - Technology,2026-09-30,43
Defense - Technology,2026-10-01,41
Diversified Commercial Services,2026-06-30,
Diversified Commercial Services,2026-07-01,
Diversified Commercial Services,2026-07-02,
Diversified Commercial Services,2026-07-03,
Diversified Commercial Services,2026-07-06,
Diversified Commercial Services,2026-07-07,
Diversified Commercial Services,2026-07-08,
Diversified Commercial Services,2026-07-09,
Diversified Commercial Services,2026-07-10,
Diversified Commercial Services,2026-07-13,
Diversified Commercial Services,2026-07-14,
Diversified Commercial Services,2026-07-15,
Diversified Commercial Services,2026-07-16,
Diversified Commercial Services,2026-07-17,
Diversified Commercial Services,2026-07-20,65
Diversified Commercial Services,2026-07-21,64
Diversified Commercial Services,2026-07-22,63
Diversified Commercial Services,2026-07-23,62
Diversified Commercial Services,2026-07-24,62
Diversified Commercial Services,2026-07-27,63
Diversified Commercial Services,2026-07-28,62
Diversified Commercial Services,2026-07-29,63
Diversified Commercial Services,2026-07-30,52
Diversified Commercial Services,2026-07-31,55
Diversified Commercial Services,2026-08-03,57
Diversified Commercial Services,2026-08-04,54
Diversified Commercial Services,2026-08-05,52
Diversified Commercial Services,2026-08-06,54
Diversified Commercial Services,2026-08-07,53
Diversified Commercial Services,2026-08-10,50
Diversified Commercial Services,2026-08-11,46
Diversified Commercial Services,2026-08-12,49
Diversified Commercial Services,2026-08-13,50
Diversified Commercial Services,2026-08-14,50
Diversified Commercial Services,2026-08-17,48
Diversified Commercial Services,2026-08-18,58
Diversified Commercial Services,2026-08-19,56
Diversified Commercial Services,2026-08-20,61
Diversified Commercial Services,2026-08-21,63
Diversified Commercial Services,2026-08-24,71
Diversified Commercial Services,2026-08-25,66
Diversified Commercial Services,2026-08-26,69
Diversified Commercial Services,2026-08-27,64
Diversified Commercial Services,2026-08-28,65
Diversified Commercial Services,2026-08-31,65
Diversified Commercial Services,2026-09-01,59
Diversified Commercial Services,2026-09-02,58
Diversified Commercial Services,2026-09-03,60
Diversified Commercial Services,2026-09-04,58
Diversified Commercial Services,2026-09-07,56
Diversified Commercial Services,2026-09-08,56
Diversified Commercial Services,2026-09-09,56
Diversified Commercial Services,2026-09-10,52
Diversified Commercial Services,2026-09-11,49
Diversified Commercial Services,2026-09-15,45
Diversified Commercial Services,2026-09-16,43
Diversified Commercial Services,2026-09-17,43
Diversified Commercial Services,2026-09-18,50
Diversified Commercial Services,2026-09-21,48
Diversified Commercial Services,2026-09-22,48
Diversified Commercial Services,2026-09-23,51
Diversified Commercial Services,2026-09-24,50
Diversified Commercial Services,2026-09-25,46
Diversified Commercial Services,2026-09-28,40
Diversified Commercial Services,2026-09-29,40
Diversified Commercial Services,2026-09-30,41
Diversified Commercial Services,2026-10-01,36
Diversified Metals,2026-06-30,
Diversified Metals,2026-07-01,
Diversified Metals,2026-07-02,
Diversified Metals,2026-07-03,
Diversified Metals,2026-07-06,
Diversified Metals,2026-07-07,
Diversified Metals,2026-07-08,
Diversified Metals,2026-07-09,
Diversified Metals,2026-07-10,
Diversified Metals,2026-07-13,
Diversified Metals,2026-07-14,
Diversified Metals,2026-07-15,
Diversified Metals,2026-07-16,
Diversified Metals,2026-07-17,
Diversified Metals,2026-07-20,44
Diversified Metals,2026-07-21,45
Diversified Metals,2026-07-22,51
Diversified Metals,2026-07-23,53
Diversified Metals,2026-07-24,56
Diversified Metals,2026-07-27,53
Diversified Metals,2026-07-28,53
Diversified Metals,2026-07-29,50
Diversified Metals,2026-07-30,57
Diversified Metals,2026-07-31,61
Diversified Metals,2026-08-03,62
Diversified Metals,2026-08-04,41
Diversified Metals,2026-08-05,40
Diversified Metals,2026-08-06,36
Diversified Metals,2026-08-07,33
Diversified Metals,2026-08-10,30
Diversified Metals,2026-08-11,29
Diversified Metals,2026-08-12,34
Diversified Metals,2026-08-13,33
Diversified Metals,2026-08-14,29
Diversified Metals,2026-08-17,37
Diversified Metals,2026-08-18,34
Diversified Metals,2026-08-19,31
Diversified Metals,2026-08-20,40
Diversified Metals,2026-08-21,38
Diversified Metals,2026-08-24,37
Diversified Metals,2026-08-25,35
Diversified Metals,2026-08-26,35
Diversified Metals,2026-08-27,33
Diversified Metals,2026-08-28,36
Diversified Metals,2026-08-31,31
Diversified Metals,2026-09-01,34
Diversified Metals,2026-09-02,36
Diversified Metals,2026-09-03,34
Diversified Metals,2026-09-04,33
Diversified Metals,2026-09-07,37
Diversified Metals,2026-09-08,50
Diversified Metals,2026-09-09,49
Diversified Metals,2026-09-10,46
Diversified Metals,2026-09-11,42
Diversified Metals,2026-09-15,36
Diversified Metals,2026-09-16,36
Diversified Metals,2026-09-17,36
Diversified Metals,2026-09-18,38
Diversified Metals,2026-09-21,36
Diversified Metals,2026-09-22,51
Diversified Metals,2026-09-23,58
Diversified Metals,2026-09-24,51
Diversified Metals,2026-09-25,48
Diversified Metals,2026-09-28,45
Diversified Metals,2026-09-29,49
Diversified Metals,2026-09-30,52
Diversified Metals,2026-10-01,46
E-Learning,2026-06-30,
E-Learning,2026-07-01,
E-Learning,2026-07-02,
E-Learning,2026-07-03,
E-Learning,2026-07-06,
E-Learning,2026-07-07,
E-Learning,2026-07-08,
E-Learning,2026-07-09,
E-Learning,2026-07-10,
E-Learning,2026-07-13,
E-Learning,2026-07-14,
E-Learning,2026-07-15,
E-Learning,2026-07-16,
E-Learning,2026-07-17,
E-Learning,2026-07-20,66
E-Learning,2026-07-21,63
E-Learning,2026-07-22,59
E-Learning,2026-07-23,56
E-Learning,2026-07-24,56
E-Learning,2026-07-27,54
E-Learning,2026-07-28,56
E-Learning,2026-07-29,55
E-Learning,2026-07-30,52
E-Learning,2026-07-31,52
E-Learning,2026-08-03,54
E-Learning,2026-08-04,50
E-Learning,2026-08-05,50
E-Learning,2026-08-06,48
E-Learning,2026-08-07,53
E-Learning,2026-08-10,50
E-Learning,2026-08-11,45
E-Learning,2026-08-12,45
E-Learning,2026-08-13,47
E-Learning,2026-08-14,44
E-Learning,2026-08-17,45
E-Learning,2026-08-18,46
E-Learning,2026-08-19,44
E-Learning,2026-08-20,45
E-Learning,2026-08-21,45
E-Learning,2026-08-24,46
E-Learning,2026-08-25,53
E-Learning,2026-08-26,54
E-Learning,2026-08-27,53
E-Learning,2026-08-28,51
E-Learning,2026-08-31,46
E-Learning,2026-09-01,44
E-Learning,2026-09-02,45
E-Learning,2026-09-03,49
E-Learning,2026-09-04,50
E-Learning,2026-09-07,52
E-Learning,2026-09-08,49
E-Learning,2026-09-09,47
E-Learning,2026-09-10,54
E-Learning,2026-09-11,58
E-Learning,2026-09-15,58
E-Learning,2026-09-16,55
E-Learning,2026-09-17,56
E-Learning,2026-09-18,59
E-Learning,2026-09-21,60
E-Learning,2026-09-22,56
E-Learning,2026-09-23,56
E-Learning,2026-09-24,53
E-Learning,2026-09-25,50
E-Learning,2026-09-28,42
E-Learning,2026-09-29,40
E-Learning,2026-09-30,39
E-Learning,2026-10-01,35
E-Retail/ E-Commerce,2026-06-30,
E-Retail/ E-Commerce,2026-07-01,
E-Retail/ E-Commerce,2026-07-02,
E-Retail/ E-Commerce,2026-07-03,
E-Retail/ E-Commerce,2026-07-06,
E-Retail/ E-Commerce,2026-07-07,
E-Retail/ E-Commerce,2026-07-08,
E-Retail/ E-Commerce,2026-07-09,
E-Retail/ E-Commerce,2026-07-10,
E-Retail/ E-Commerce,2026-07-13,
E-Retail/ E-Commerce,2026-07-14,
E-Retail/ E-Commerce,2026-07-15,
E-Retail/ E-Commerce,2026-07-16,
E-Retail/ E-Commerce,2026-07-17,
E-Retail/ E-Commerce,2026-07-20,22
E-Retail/ E-Commerce,2026-07-21,33
E-Retail/ E-Commerce,2026-07-22,31
E-Retail/ E-Commerce,2026-07-23,31
E-Retail/ E-Commerce,2026-07-24,28
E-Retail/ E-Commerce,2026-07-27,26
E-Retail/ E-Commerce,2026-07-28,25
E-Retail/ E-Commerce,2026-07-29,24
E-Retail/ E-Commerce,2026-07-30,29
E-Retail/ E-Commerce,2026-07-31,29
E-Retail/ E-Commerce,2026-08-03,45
E-Retail/ E-Commerce,2026-08-04,46
E-Retail/ E-Commerce,2026-08-05,43
E-Retail/ E-Commerce,2026-08-06,39
E-Retail/ E-Commerce,2026-08-07,47
E-Retail/ E-Commerce,2026-08-10,48
E-Retail/ E-Commerce,2026-08-11,46
E-Retail/ E-Commerce,2026-08-12,48
E-Retail/ E-Commerce,2026-08-13,50
E-Retail/ E-Commerce,2026-08-14,47
E-Retail/ E-Commerce,2026-08-17,51
E-Retail/ E-Commerce,2026-08-18,50
E-Retail/ E-Commerce,2026-08-19,55
E-Retail/ E-Commerce,2026-08-20,68
E-Retail/ E-Commerce,2026-08-21,62
E-Retail/ E-Commerce,2026-08-24,61
E-Retail/ E-Commerce,2026-08-25,62
E-Retail/ E-Commerce,2026-08-26,64
E-Retail/ E-Commerce,2026-08-27,63
E-Retail/ E-Commerce,2026-08-28,64
E-Retail/ E-Commerce,2026-08-31,58
E-Retail/ E-Commerce,2026-09-01,58
E-Retail/ E-Commerce,2026-09-02,65
E-Retail/ E-Commerce,2026-09-03,62
E-Retail/ E-Commerce,2026-09-04,61
E-Retail/ E-Commerce,2026-09-07,62
E-Retail/ E-Commerce,2026-09-08,63
E-Retail/ E-Commerce,2026-09-09,69
E-Retail/ E-Commerce,2026-09-10,70
E-Retail/ E-Commerce,2026-09-11,68
E-Retail/ E-Commerce,2026-09-15,59
E-Retail/ E-Commerce,2026-09-16,60
E-Retail/ E-Commerce,2026-09-17,51
E-Retail/ E-Commerce,2026-09-18,59
E-Retail/ E-Commerce,2026-09-21,63
E-Retail/ E-Commerce,2026-09-22,76
E-Retail/ E-Commerce,2026-09-23,71
E-Retail/ E-Commerce,2026-09-24,67
E-Retail/ E-Commerce,2026-09-25,52
E-Retail/ E-Commerce,2026-09-28,52
E-Retail/ E-Commerce,2026-09-29,57
E-Retail/ E-Commerce,2026-09-30,59
E-Retail/ E-Commerce,2026-10-01,52
Electronic - Equipment,2026-06-30,
Electronic - Equipment,2026-07-01,
Electronic - Equipment,2026-07-02,
Electronic - Equipment,2026-07-03,
Electronic - Equipment,2026-07-06,
Electronic - Equipment,2026-07-07,
Electronic - Equipment,2026-07-08,
Electronic - Equipment,2026-07-09,
Electronic - Equipment,2026-07-10,
Electronic - Equipment,2026-07-13,
Electronic - Equipment,2026-07-14,
Electronic - Equipment,2026-07-15,
Electronic - Equipment,2026-07-16,
Electronic - Equipment,2026-07-17,
Electronic - Equipment,2026-07-20,56
Electronic - Equipment,2026-07-21,56
Electronic - Equipment,2026-07-22,53
Electronic - Equipment,2026-07-23,51
Electronic - Equipment,2026-07-24,51
Electronic - Equipment,2026-07-27,52
Electronic - Equipment,2026-07-28,50
Electronic - Equipment,2026-07-29,53
Electronic - Equipment,2026-07-30,51
Electronic - Equipment,2026-07-31,54
Electronic - Equipment,2026-08-03,56
Electronic - Equipment,2026-08-04,56
Electronic - Equipment,2026-08-05,57
Electronic - Equipment,2026-08-06,56
Electronic - Equipment,2026-08-07,58
Electronic - Equipment,2026-08-10,60
Electronic - Equipment,2026-08-11,58
Electronic - Equipment,2026-08-12,58
Electronic - Equipment,2026-08-13,57
Electronic - Equipment,2026-08-14,56
Electronic - Equipment,2026-08-17,56
Electronic - Equipment,2026-08-18,56
Electronic - Equipment,2026-08-19,55
Electronic - Equipment,2026-08-20,58
Electronic - Equipment,2026-08-21,57
Electronic - Equipment,2026-08-24,57
Electronic - Equipment,2026-08-25,57
Electronic - Equipment,2026-08-26,57
Electronic - Equipment,2026-08-27,58
Electronic - Equipment,2026-08-28,59
Electronic - Equipment,2026-08-31,56
Electronic - Equipment,2026-09-01,54
Electronic - Equipment,2026-09-02,55
Electronic - Equipment,2026-09-03,56
Electronic - Equipment,2026-09-04,56
Electronic - Equipment,2026-09-07,59
Electronic - Equipment,2026-09-08,59
Electronic - Equipment,2026-09-09,58
Electronic - Equipment,2026-09-10,56
Electronic - Equipment,2026-09-11,57
Electronic - Equipment,2026-09-15,47
Electronic - Equipment,2026-09-16,46
Electronic - Equipment,2026-09-17,49
Electronic - Equipment,2026-09-18,53
Electronic - Equipment,2026-09-21,53
Electronic - Equipment,2026-09-22,53
Electronic - Equipment,2026-09-23,56
Electronic - Equipment,2026-09-24,53
Electronic - Equipment,2026-09-25,53
Electronic - Equipment,2026-09-28,52
Electronic - Equipment,2026-09-29,51
Electronic - Equipment,2026-09-30,49
Electronic - Equipment,2026-10-01,45
Engineering,2026-06-30,
Engineering,2026-07-01,
Engineering,2026-07-02,
Engineering,2026-07-03,
Engineering,2026-07-06,
Engineering,2026-07-07,
Engineering,2026-07-08,
Engineering,2026-07-09,
Engineering,2026-07-10,
Engineering,2026-07-13,
Engineering,2026-07-14,
Engineering,2026-07-15,
Engineering,2026-07-16,
Engineering,2026-07-17,
Engineering,2026-07-20,44
Engineering,2026-07-21,45
Engineering,2026-07-22,42
Engineering,2026-07-23,40
Engineering,2026-07-24,42
Engineering,2026-07-27,44
Engineering,2026-07-28,42
Engineering,2026-07-29,44
Engineering,2026-07-30,43
Engineering,2026-07-31,45
Engineering,2026-08-03,48
Engineering,2026-08-04,49
Engineering,2026-08-05,50
Engineering,2026-08-06,49
Engineering,2026-08-07,50
Engineering,2026-08-10,50
Engineering,2026-08-11,49
Engineering,2026-08-12,47
Engineering,2026-08-13,48
Engineering,2026-08-14,49
Engineering,2026-08-17,50
Engineering,2026-08-18,51
Engineering,2026-08-19,50
Engineering,2026-08-20,51
Engineering,2026-08-21,51
Engineering,2026-08-24,51
Engineering,2026-08-25,50
Engineering,2026-08-26,50
Engineering,2026-08-27,50
Engineering,2026-08-28,51
Engineering,2026-08-31,50
Engineering,2026-09-01,49
Engineering,2026-09-02,48
Engineering,2026-09-03,50
Engineering,2026-09-04,51
Engineering,2026-09-07,52
Engineering,2026-09-08,52
Engineering,2026-09-09,51
Engineering,2026-09-10,50
Engineering,2026-09-11,49
Engineering,2026-09-15,43
Engineering,2026-09-16,43
Engineering,2026-09-17,46
Engineering,2026-09-18,49
Engineering,2026-09-21,50
Engineering,2026-09-22,50
Engineering,2026-09-23,52
Engineering,2026-09-24,50
Engineering,2026-09-25,51
Engineering,2026-09-28,48
Engineering,2026-09-29,48
Engineering,2026-09-30,48
Engineering,2026-10-01,45
Financial Technology (Fintech),2026-06-30,
Financial Technology (Fintech),2026-07-01,
Financial Technology (Fintech),2026-07-02,
Financial Technology (Fintech),2026-07-03,
Financial Technology (Fintech),2026-07-06,
Financial Technology (Fintech),2026-07-07,
Financial Technology (Fintech),2026-07-08,
Financial Technology (Fintech),2026-07-09,
Financial Technology (Fintech),2026-07-10,
Financial Technology (Fintech),2026-07-13,
Financial Technology (Fintech),2026-07-14,
Financial Technology (Fintech),2026-07-15,
Financial Technology (Fintech),2026-07-16,
Financial Technology (Fintech),2026-07-17,
Financial Technology (Fintech),2026-07-20,82
Financial Technology (Fintech),2026-07-21,81
Financial Technology (Fintech),2026-07-22,83
Financial Technology (Fintech),2026-07-23,84
Financial Technology (Fintech),2026-07-24,76
Financial Technology (Fintech),2026-07-27,66
Financial Technology (Fintech),2026-07-28,61
Financial Technology (Fintech),2026-07-29,62
Financial Technology (Fintech),2026-07-30,60
Financial Technology (Fintech),2026-07-31,61
Financial Technology (Fintech),2026-08-03,65
Financial Technology (Fintech),2026-08-04,63
Financial Technology (Fintech),2026-08-05,63
Financial Technology (Fintech),2026-08-06,69
Financial Technology (Fintech),2026-08-07,72
Financial Technology (Fintech),2026-08-10,73
Financial Technology (Fintech),2026-08-11,73
Financial Technology (Fintech),2026-08-12,72
Financial Technology (Fintech),2026-08-13,73
Financial Technology (Fintech),2026-08-14,69
Financial Technology (Fintech),2026-08-17,64
Financial Technology (Fintech),2026-08-18,62
Financial Technology (Fintech),2026-08-19,56
Financial Technology (Fintech),2026-08-20,62
Financial Technology (Fintech),2026-08-21,58
Financial Technology (Fintech),2026-08-24,56
Financial Technology (Fintech),2026-08-25,58
Financial Technology (Fintech),2026-08-26,59
Financial Technology (Fintech),2026-08-27,60
Financial Technology (Fintech),2026-08-28,61
Financial Technology (Fintech),2026-08-31,53
Financial Technology (Fintech),2026-09-01,54
Financial Technology (Fintech),2026-09-02,53
Financial Technology (Fintech),2026-09-03,54
Financial Technology (Fintech),2026-09-04,52
Financial Technology (Fintech),2026-09-07,50
Financial Technology (Fintech),2026-09-08,52
Financial Technology (Fintech),2026-09-09,55
Financial Technology (Fintech),2026-09-10,53
Financial Technology (Fintech),2026-09-11,54
Financial Technology (Fintech),2026-09-15,40
Financial Technology (Fintech),2026-09-16,40
Financial Technology (Fintech),2026-09-17,43
Financial Technology (Fintech),2026-09-18,41
Financial Technology (Fintech),2026-09-21,37
Financial Technology (Fintech),2026-09-22,43
Financial Technology (Fintech),2026-09-23,43
Financial Technology (Fintech),2026-09-24,49
Financial Technology (Fintech),2026-09-25,54
Financial Technology (Fintech),2026-09-28,49
Financial Technology (Fintech),2026-09-29,48
Financial Technology (Fintech),2026-09-30,49
Financial Technology (Fintech),2026-10-01,45
Financials - AMC,2026-06-30,
Financials - AMC,2026-07-01,
Financials - AMC,2026-07-02,
Financials - AMC,2026-07-03,
Financials - AMC,2026-07-06,
Financials - AMC,2026-07-07,
Financials - AMC,2026-07-08,
Financials - AMC,2026-07-09,
Financials - AMC,2026-07-10,
Financials - AMC,2026-07-13,
Financials - AMC,2026-07-14,
Financials - AMC,2026-07-15,
Financials - AMC,2026-07-16,
Financials - AMC,2026-07-17,
Financials - AMC,2026-07-20,53
Financials - AMC,2026-07-21,50
Financials - AMC,2026-07-22,47
Financials - AMC,2026-07-23,45
Financials - AMC,2026-07-24,46
Financials - AMC,2026-07-27,47
Financials - AMC,2026-07-28,45
Financials - AMC,2026-07-29,48
Financials - AMC,2026-07-30,46
Financials - AMC,2026-07-31,48
Financials - AMC,2026-08-03,48
Financials - AMC,2026-08-04,47
Financials - AMC,2026-08-05,51
Financials - AMC,2026-08-06,49
Financials - AMC,2026-08-07,49
Financials - AMC,2026-08-10,48
Financials - AMC,2026-08-11,49
Financials - AMC,2026-08-12,52
Financials - AMC,2026-08-13,50
Financials - AMC,2026-08-14,47
Financials - AMC,2026-08-17,50
Financials - AMC,2026-08-18,47
Financials - AMC,2026-08-19,48
Financials - AMC,2026-08-20,49
Financials - AMC,2026-08-21,50
Financials - AMC,2026-08-24,49
Financials - AMC,2026-08-25,49
Financials - AMC,2026-08-26,51
Financials - AMC,2026-08-27,49
Financials - AMC,2026-08-28,49
Financials - AMC,2026-08-31,46
Financials - AMC,2026-09-01,46
Financials - AMC,2026-09-02,46
Financials - AMC,2026-09-03,48
Financials - AMC,2026-09-04,47
Financials - AMC,2026-09-07,48
Financials - AMC,2026-09-08,49
Financials - AMC,2026-09-09,48
Financials - AMC,2026-09-10,50
Financials - AMC,2026-09-11,49
Financials - AMC,2026-09-15,42
Financials - AMC,2026-09-16,43
Financials - AMC,2026-09-17,44
Financials - AMC,2026-09-18,45
Financials - AMC,2026-09-21,46
Financials - AMC,2026-09-22,45
Financials - AMC,2026-09-23,47
Financials - AMC,2026-09-24,44
Financials - AMC,2026-09-25,44
Financials - AMC,2026-09-28,38
Financials - AMC,2026-09-29,35
Financials - AMC,2026-09-30,38
Financials - AMC,2026-10-01,38
Financials - Broking,2026-06-30,
Financials - Broking,2026-07-01,
Financials - Broking,2026-07-02,
Financials - Broking,2026-07-03,
Financials - Broking,2026-07-06,
Financials - Broking,2026-07-07,
Financials - Broking,2026-07-08,
Financials - Broking,2026-07-09,
Financials - Broking,2026-07-10,
Financials - Broking,2026-07-13,
Financials - Broking,2026-07-14,
Financials - Broking,2026-07-15,
Financials - Broking,2026-07-16,
Financials - Broking,2026-07-17,
Financials - Broking,2026-07-20,65
Financials - Broking,2026-07-21,63
Financials - Broking,2026-07-22,61
Financials - Broking,2026-07-23,59
Financials - Broking,2026-07-24,57
Financials - Broking,2026-07-27,56
Financials - Broking,2026-07-28,53
Financials - Broking,2026-07-29,53
Financials - Broking,2026-07-30,52
Financials - Broking,2026-07-31,54
Financials - Broking,2026-08-03,53
Financials - Broking,2026-08-04,55
Financials - Broking,2026-08-05,55
Financials - Broking,2026-08-06,54
Financials - Broking,2026-08-07,52
Financials - Broking,2026-08-10,53
Financials - Broking,2026-08-11,51
Financials - Broking,2026-08-12,52
Financials - Broking,2026-08-13,53
Financials - Broking,2026-08-14,53
Financials - Broking,2026-08-17,52
Financials - Broking,2026-08-18,52
Financials - Broking,2026-08-19,52
Financials - Broking,2026-08-20,51
Financials - Broking,2026-08-21,53
Financials - Broking,2026-08-24,52
Financials - Broking,2026-08-25,53
Financials - Broking,2026-08-26,51
Financials - Broking,2026-08-27,52
Financials - Broking,2026-08-28,52
Financials - Broking,2026-08-31,52
Financials - Broking,2026-09-01,52
Financials - Broking,2026-09-02,47
Financials - Broking,2026-09-03,51
Financials - Broking,2026-09-04,53
Financials - Broking,2026-09-07,50
Financials - Broking,2026-09-08,51
Financials - Broking,2026-09-09,48
Financials - Broking,2026-09-10,49
Financials - Broking,2026-09-11,47
Financials - Broking,2026-09-15,43
Financials - Broking,2026-09-16,44
Financials - Broking,2026-09-17,46
Financials - Broking,2026-09-18,49
Financials - Broking,2026-09-21,47
Financials - Broking,2026-09-22,49
Financials - Broking,2026-09-23,52
Financials - Broking,2026-09-24,49
Financials - Broking,2026-09-25,48
Financials - Broking,2026-09-28,47
Financials - Broking,2026-09-29,44
Financials - Broking,2026-09-30,45
Financials - Broking,2026-10-01,44
Financials - Housing,2026-06-30,
Financials - Housing,2026-07-01,
Financials - Housing,2026-07-02,
Financials - Housing,2026-07-03,
Financials - Housing,2026-07-06,
Financials - Housing,2026-07-07,
Financials - Housing,2026-07-08,
Financials - Housing,2026-07-09,
Financials - Housing,2026-07-10,
Financials - Housing,2026-07-13,
Financials - Housing,2026-07-14,
Financials - Housing,2026-07-15,
Financials - Housing,2026-07-16,
Financials - Housing,2026-07-17,
Financials - Housing,2026-07-20,58
Financials - Housing,2026-07-21,57
Financials - Housing,2026-07-22,53
Financials - Housing,2026-07-23,49
Financials - Housing,2026-07-24,49
Financials - Housing,2026-07-27,53
Financials - Housing,2026-07-28,50
Financials - Housing,2026-07-29,50
Financials - Housing,2026-07-30,47
Financials - Housing,2026-07-31,47
Financials - Housing,2026-08-03,50
Financials - Housing,2026-08-04,48
Financials - Housing,2026-08-05,50
Financials - Housing,2026-08-06,52
Financials - Housing,2026-08-07,50
Financials - Housing,2026-08-10,49
Financials - Housing,2026-08-11,47
Financials - Housing,2026-08-12,47
Financials - Housing,2026-08-13,46
Financials - Housing,2026-08-14,43
Financials - Housing,2026-08-17,43
Financials - Housing,2026-08-18,43
Financials - Housing,2026-08-19,43
Financials - Housing,2026-08-20,45
Financials - Housing,2026-08-21,44
Financials - Housing,2026-08-24,42
Financials - Housing,2026-08-25,44
Financials - Housing,2026-08-26,45
Financials - Housing,2026-08-27,45
Financials - Housing,2026-08-28,45
Financials - Housing,2026-08-31,42
Financials - Housing,2026-09-01,42
Financials - Housing,2026-09-02,44
Financials - Housing,2026-09-03,47
Financials - Housing,2026-09-04,48
Financials - Housing,2026-09-07,48
Financials - Housing,2026-09-08,47
Financials - Housing,2026-09-09,44
Financials - Housing,2026-09-10,43
Financials - Housing,2026-09-11,43
Financials - Housing,2026-09-15,40
Financials - Housing,2026-09-16,39
Financials - Housing,2026-09-17,40
Financials - Housing,2026-09-18,46
Financials - Housing,2026-09-21,46
Financials - Housing,2026-09-22,44
Financials - Housing,2026-09-23,46
Financials - Housing,2026-09-24,41
Financials - Housing,2026-09-25,42
Financials - Housing,2026-09-28,39
Financials - Housing,2026-09-29,38
Financials - Housing,2026-09-30,37
Financials - Housing,2026-10-01,35
Financials - Life,2026-06-30,
Financials - Life,2026-07-01,
Financials - Life,2026-07-02,
Financials - Life,2026-07-03,
Financials - Life,2026-07-06,
Financials - Life,2026-07-07,
Financials - Life,2026-07-08,
Financials - Life,2026-07-09,
Financials - Life,2026-07-10,
Financials - Life,2026-07-13,
Financials - Life,2026-07-14,
Financials - Life,2026-07-15,
Financials - Life,2026-07-16,
Financials - Life,2026-07-17,
Financials - Life,2026-07-20,52
Financials - Life,2026-07-21,52
Financials - Life,2026-07-22,49
Financials - Life,2026-07-23,48
Financials - Life,2026-07-24,49
Financials - Life,2026-07-27,50
Financials - Life,2026-07-28,51
Financials - Life,2026-07-29,51
Financials - Life,2026-07-30,50
Financials - Life,2026-07-31,51
Financials - Life,2026-08-03,55
Financials - Life,2026-08-04,48
Financials - Life,2026-08-05,51
Financials - Life,2026-08-06,48
Financials - Life,2026-08-07,46
Financials - Life,2026-08-10,47
Financials - Life,2026-08-11,46
Financials - Life,2026-08-12,47
Financials - Life,2026-08-13,46
Financials - Life,2026-08-14,45
Financials - Life,2026-08-17,46
Financials - Life,2026-08-18,45
Financials - Life,2026-08-19,44
Financials - Life,2026-08-20,47
Financials - Life,2026-08-21,51
Financials - Life,2026-08-24,49
Financials - Life,2026-08-25,49
Financials - Life,2026-08-26,49
Financials - Life,2026-08-27,47
Financials - Life,2026-08-28,47
Financials - Life,2026-08-31,46
Financials - Life,2026-09-01,43
Financials - Life,2026-09-02,40
Financials - Life,2026-09-03,42
Financials - Life,2026-09-04,46
Financials - Life,2026-09-07,41
Financials - Life,2026-09-08,40
Financials - Life,2026-09-09,36
Financials - Life,2026-09-10,38
Financials - Life,2026-09-11,40
Financials - Life,2026-09-15,36
Financials - Life,2026-09-16,41
Financials - Life,2026-09-17,49
Financials - Life,2026-09-18,47
Financials - Life,2026-09-21,49
Financials - Life,2026-09-22,49
Financials - Life,2026-09-23,50
Financials - Life,2026-09-24,42
Financials - Life,2026-09-25,44
Financials - Life,2026-09-28,43
Financials - Life,2026-09-29,39
Financials - Life,2026-09-30,40
Financials - Life,2026-10-01,40
Financials - MFI,2026-06-30,
Financials - MFI,2026-07-01,
Financials - MFI,2026-07-02,
Financials - MFI,2026-07-03,
Financials - MFI,2026-07-06,
Financials - MFI,2026-07-07,
Financials - MFI,2026-07-08,
Financials - MFI,2026-07-09,
Financials - MFI,2026-07-10,
Financials - MFI,2026-07-13,
Financials - MFI,2026-07-14,
Financials - MFI,2026-07-15,
Financials - MFI,2026-07-16,
Financials - MFI,2026-07-17,
Financials - MFI,2026-07-20,69
Financials - MFI,2026-07-21,70
Financials - MFI,2026-07-22,63
Financials - MFI,2026-07-23,64
Financials - MFI,2026-07-24,62
Financials - MFI,2026-07-27,65
Financials - MFI,2026-07-28,61
Financials - MFI,2026-07-29,62
Financials - MFI,2026-07-30,59
Financials - MFI,2026-07-31,59
Financials - MFI,2026-08-03,57
Financials - MFI,2026-08-04,57
Financials - MFI,2026-08-05,56
Financials - MFI,2026-08-06,57
Financials - MFI,2026-08-07,53
Financials - MFI,2026-08-10,53
Financials - MFI,2026-08-11,53
Financials - MFI,2026-08-12,51
Financials - MFI,2026-08-13,52
Financials - MFI,2026-08-14,51
Financials - MFI,2026-08-17,50
Financials - MFI,2026-08-18,48
Financials - MFI,2026-08-19,47
Financials - MFI,2026-08-20,51
Financials - MFI,2026-08-21,47
Financials - MFI,2026-08-24,45
Financials - MFI,2026-08-25,45
Financials - MFI,2026-08-26,48
Financials - MFI,2026-08-27,46
Financials - MFI,2026-08-28,45
Financials - MFI,2026-08-31,44
Financials - MFI,2026-09-01,41
Financials - MFI,2026-09-02,42
Financials - MFI,2026-09-03,46
Financials - MFI,2026-09-04,47
Financials - MFI,2026-09-07,46
Financials - MFI,2026-09-08,45
Financials - MFI,2026-09-09,42
Financials - MFI,2026-09-10,43
Financials - MFI,2026-09-11,44
Financials - MFI,2026-09-15,40
Financials - MFI,2026-09-16,40
Financials - MFI,2026-09-17,39
Financials - MFI,2026-09-18,42
Financials - MFI,2026-09-21,42
Financials - MFI,2026-09-22,41
Financials - MFI,2026-09-23,44
Financials - MFI,2026-09-24,38
Financials - MFI,2026-09-25,40
Financials - MFI,2026-09-28,38
Financials - MFI,2026-09-29,38
Financials - MFI,2026-09-30,38
Financials - MFI,2026-10-01,34
Financials - Misc,2026-06-30,
Financials - Misc,2026-07-01,
Financials - Misc,2026-07-02,
Financials - Misc,2026-07-03,
Financials - Misc,2026-07-06,
Financials - Misc,2026-07-07,
Financials - Misc,2026-07-08,
Financials - Misc,2026-07-09,
Financials - Misc,2026-07-10,
Financials - Misc,2026-07-13,
Financials - Misc,2026-07-14,
Financials - Misc,2026-07-15,
Financials - Misc,2026-07-16,
Financials - Misc,2026-07-17,
Financials - Misc,2026-07-20,57
Financials - Misc,2026-07-21,58
Financials - Misc,2026-07-22,54
Financials - Misc,2026-07-23,53
Financials - Misc,2026-07-24,52
Financials - Misc,2026-07-27,54
Financials - Misc,2026-07-28,53
Financials - Misc,2026-07-29,55
Financials - Misc,2026-07-30,54
Financials - Misc,2026-07-31,56
Financials - Misc,2026-08-03,59
Financials - Misc,2026-08-04,59
Financials - Misc,2026-08-05,59
Financials - Misc,2026-08-06,59
Financials - Misc,2026-08-07,59
Financials - Misc,2026-08-10,58
Financials - Misc,2026-08-11,57
Financials - Misc,2026-08-12,55
Financials - Misc,2026-08-13,56
Financials - Misc,2026-08-14,55
Financials - Misc,2026-08-17,54
Financials - Misc,2026-08-18,53
Financials - Misc,2026-08-19,52
Financials - Misc,2026-08-20,53
Financials - Misc,2026-08-21,53
Financials - Misc,2026-08-24,52
Financials - Misc,2026-08-25,53
Financials - Misc,2026-08-26,53
Financials - Misc,2026-08-27,51
Financials - Misc,2026-08-28,51
Financials - Misc,2026-08-31,52
Financials - Misc,2026-09-01,49
Financials - Misc,2026-09-02,50
Financials - Misc,2026-09-03,51
Financials - Misc,2026-09-04,52
Financials - Misc,2026-09-07,50
Financials - Misc,2026-09-08,49
Financials - Misc,2026-09-09,47
Financials - Misc,2026-09-10,48
Financials - Misc,2026-09-11,48
Financials - Misc,2026-09-15,44
Financials - Misc,2026-09-16,44
Financials - Misc,2026-09-17,46
Financials - Misc,2026-09-18,49
Financials - Misc,2026-09-21,49
Financials - Misc,2026-09-22,48
Financials - Misc,2026-09-23,50
Financials - Misc,2026-09-24,46
Financials - Misc,2026-09-25,46
Financials - Misc,2026-09-28,44
Financials - Misc,2026-09-29,43
Financials - Misc,2026-09-30,45
Financials - Misc,2026-10-01,40
Financials - NBFC,2026-06-30,
Financials - NBFC,2026-07-01,
Financials - NBFC,2026-07-02,
Financials - NBFC,2026-07-03,
Financials - NBFC,2026-07-06,
Financials - NBFC,2026-07-07,
Financials - NBFC,2026-07-08,
Financials - NBFC,2026-07-09,
Financials - NBFC,2026-07-10,
Financials - NBFC,2026-07-13,
Financials - NBFC,2026-07-14,
Financials - NBFC,2026-07-15,
Financials - NBFC,2026-07-16,
Financials - NBFC,2026-07-17,
Financials - NBFC,2026-07-20,57
Financials - NBFC,2026-07-21,57
Financials - NBFC,2026-07-22,55
Financials - NBFC,2026-07-23,53
Financials - NBFC,2026-07-24,52
Financials - NBFC,2026-07-27,55
Financials - NBFC,2026-07-28,53
Financials - NBFC,2026-07-29,55
Financials - NBFC,2026-07-30,54
Financials - NBFC,2026-07-31,55
Financials - NBFC,2026-08-03,59
Financials - NBFC,2026-08-04,57
Financials - NBFC,2026-08-05,58
Financials - NBFC,2026-08-06,57
Financials - NBFC,2026-08-07,54
Financials - NBFC,2026-08-10,53
Financials - NBFC,2026-08-11,53
Financials - NBFC,2026-08-12,52
Financials - NBFC,2026-08-13,52
Financials - NBFC,2026-08-14,50
Financials - NBFC,2026-08-17,50
Financials - NBFC,2026-08-18,49
Financials - NBFC,2026-08-19,48
Financials - NBFC,2026-08-20,50
Financials - NBFC,2026-08-21,50
Financials - NBFC,2026-08-24,50
Financials - NBFC,2026-08-25,51
Financials - NBFC,2026-08-26,52
Financials - NBFC,2026-08-27,50
Financials - NBFC,2026-08-28,50
Financials - NBFC,2026-08-31,50
Financials - NBFC,2026-09-01,47
Financials - NBFC,2026-09-02,48
Financials - NBFC,2026-09-03,50
Financials - NBFC,2026-09-04,51
Financials - NBFC,2026-09-07,50
Financials - NBFC,2026-09-08,49
Financials - NBFC,2026-09-09,47
Financials - NBFC,2026-09-10,47
Financials - NBFC,2026-09-11,45
Financials - NBFC,2026-09-15,40
Financials - NBFC,2026-09-16,41
Financials - NBFC,2026-09-17,43
Financials - NBFC,2026-09-18,46
Financials - NBFC,2026-09-21,46
Financials - NBFC,2026-09-22,46
Financials - NBFC,2026-09-23,47
Financials - NBFC,2026-09-24,43
Financials - NBFC,2026-09-25,43
Financials - NBFC,2026-09-28,39
Financials - NBFC,2026-09-29,38
Financials - NBFC,2026-09-30,40
Financials - NBFC,2026-10-01,37
Financials - Non-Life,2026-06-30,
Financials - Non-Life,2026-07-01,
Financials - Non-Life,2026-07-02,
Financials - Non-Life,2026-07-03,
Financials - Non-Life,2026-07-06,
Financials - Non-Life,2026-07-07,
Financials - Non-Life,2026-07-08,
Financials - Non-Life,2026-07-09,
Financials - Non-Life,2026-07-10,
Financials - Non-Life,2026-07-13,
Financials - Non-Life,2026-07-14,
Financials - Non-Life,2026-07-15,
Financials - Non-Life,2026-07-16,
Financials - Non-Life,2026-07-17,
Financials - Non-Life,2026-07-20,43
Financials - Non-Life,2026-07-21,45
Financials - Non-Life,2026-07-22,42
Financials - Non-Life,2026-07-23,42
Financials - Non-Life,2026-07-24,44
Financials - Non-Life,2026-07-27,45
Financials - Non-Life,2026-07-28,43
Financials - Non-Life,2026-07-29,45
Financials - Non-Life,2026-07-30,46
Financials - Non-Life,2026-07-31,46
Financials - Non-Life,2026-08-03,48
Financials - Non-Life,2026-08-04,46
Financials - Non-Life,2026-08-05,50
Financials - Non-Life,2026-08-06,46
Financials - Non-Life,2026-08-07,43
Financials - Non-Life,2026-08-10,44
Financials - Non-Life,2026-08-11,47
Financials - Non-Life,2026-08-12,47
Financials - Non-Life,2026-08-13,45
Financials - Non-Life,2026-08-14,47
Financials - Non-Life,2026-08-17,49
Financials - Non-Life,2026-08-18,51
Financials - Non-Life,2026-08-19,50
Financials - Non-Life,2026-08-20,49
Financials - Non-Life,2026-08-21,48
Financials - Non-Life,2026-08-24,48
Financials - Non-Life,2026-08-25,49
Financials - Non-Life,2026-08-26,47
Financials - Non-Life,2026-08-27,47
Financials - Non-Life,2026-08-28,45
Financials - Non-Life,2026-08-31,47
Financials - Non-Life,2026-09-01,43
Financials - Non-Life,2026-09-02,46
Financials - Non-Life,2026-09-03,44
Financials - Non-Life,2026-09-04,48
Financials - Non-Life,2026-09-07,46
Financials - Non-Life,2026-09-08,41
Financials - Non-Life,2026-09-09,42
Financials - Non-Life,2026-09-10,39
Financials - Non-Life,2026-09-11,40
Financials - Non-Life,2026-09-15,32
Financials - Non-Life,2026-09-16,34
Financials - Non-Life,2026-09-17,43
Financials - Non-Life,2026-09-18,42
Financials - Non-Life,2026-09-21,44
Financials - Non-Life,2026-09-22,42
Financials - Non-Life,2026-09-23,45
Financials - Non-Life,2026-09-24,46
Financials - Non-Life,2026-09-25,45
Financials - Non-Life,2026-09-28,42
Financials - Non-Life,2026-09-29,38
Financials - Non-Life,2026-09-30,43
Financials - Non-Life,2026-10-01,40
Financials - PSU Bank,2026-06-30,
Financials - PSU Bank,2026-07-01,
Financials - PSU Bank,2026-07-02,
Financials - PSU Bank,2026-07-03,
Financials - PSU Bank,2026-07-06,
Financials - PSU Bank,2026-07-07,
Financials - PSU Bank,2026-07-08,
Financials - PSU Bank,2026-07-09,
Financials - PSU Bank,2026-07-10,
Financials - PSU Bank,2026-07-13,
Financials - PSU Bank,2026-07-14,
Financials - PSU Bank,2026-07-15,
Financials - PSU Bank,2026-07-16,
Financials - PSU Bank,2026-07-17,
Financials - PSU Bank,2026-07-20,62
Financials - PSU Bank,2026-07-21,61
Financials - PSU Bank,2026-07-22,54
Financials - PSU Bank,2026-07-23,51
Financials - PSU Bank,2026-07-24,52
Financials - PSU Bank,2026-07-27,53
Financials - PSU Bank,2026-07-28,51
Financials - PSU Bank,2026-07-29,52
Financials - PSU Bank,2026-07-30,49
Financials - PSU Bank,2026-07-31,51
Financials - PSU Bank,2026-08-03,55
Financials - PSU Bank,2026-08-04,55
Financials - PSU Bank,2026-08-05,56
Financials - PSU Bank,2026-08-06,60
Financials - PSU Bank,2026-08-07,60
Financials - PSU Bank,2026-08-10,55
Financials - PSU Bank,2026-08-11,55
Financials - PSU Bank,2026-08-12,59
Financials - PSU Bank,2026-08-13,58
Financials - PSU Bank,2026-08-14,56
Financials - PSU Bank,2026-08-17,55
Financials - PSU Bank,2026-08-18,51
Financials - PSU Bank,2026-08-19,50
Financials - PSU Bank,2026-08-20,51
Financials - PSU Bank,2026-08-21,51
Financials - PSU Bank,2026-08-24,49
Financials - PSU Bank,2026-08-25,51
Financials - PSU Bank,2026-08-26,54
Financials - PSU Bank,2026-08-27,50
Financials - PSU Bank,2026-08-28,49
Financials - PSU Bank,2026-08-31,47
Financials - PSU Bank,2026-09-01,44
Financials - PSU Bank,2026-09-02,46
Financials - PSU Bank,2026-09-03,50
Financials - PSU Bank,2026-09-04,50
Financials - PSU Bank,2026-09-07,46
Financials - PSU Bank,2026-09-08,45
Financials - PSU Bank,2026-09-09,43
Financials - PSU Bank,2026-09-10,44
Financials - PSU Bank,2026-09-11,44
Financials - PSU Bank,2026-09-15,37
Financials - PSU Bank,2026-09-16,40
Financials - PSU Bank,2026-09-17,40
Financials - PSU Bank,2026-09-18,44
Financials - PSU Bank,2026-09-21,43
Financials - PSU Bank,2026-09-22,42
Financials - PSU Bank,2026-09-23,47
Financials - PSU Bank,2026-09-24,43
Financials - PSU Bank,2026-09-25,45
Financials - PSU Bank,2026-09-28,35
Financials - PSU Bank,2026-09-29,32
Financials - PSU Bank,2026-09-30,36
Financials - PSU Bank,2026-10-01,33
Financials - Private Bank,2026-06-30,
Financials - Private Bank,2026-07-01,
Financials - Private Bank,2026-07-02,
Financials - Private Bank,2026-07-03,
Financials - Private Bank,2026-07-06,
Financials - Private Bank,2026-07-07,
Financials - Private Bank,2026-07-08,
Financials - Private Bank,2026-07-09,
Financials - Private Bank,2026-07-10,
Financials - Private Bank,2026-07-13,
Financials - Private Bank,2026-07-14,
Financials - Private Bank,2026-07-15,
Financials - Private Bank,2026-07-16,
Financials - Private Bank,2026-07-17,
Financials - Private Bank,2026-07-20,62
Financials - Private Bank,2026-07-21,65
Financials - Private Bank,2026-07-22,59
Financials - Private Bank,2026-07-23,57
Financials - Private Bank,2026-07-24,57
Financials - Private Bank,2026-07-27,60
Financials - Private Bank,2026-07-28,57
Financials - Private Bank,2026-07-29,56
Financials - Private Bank,2026-07-30,54
Financials - Private Bank,2026-07-31,55
Financials - Private Bank,2026-08-03,58
Financials - Private Bank,2026-08-04,56
Financials - Private Bank,2026-08-05,55
Financials - Private Bank,2026-08-06,56
Financials - Private Bank,2026-08-07,53
Financials - Private Bank,2026-08-10,53
Financials - Private Bank,2026-08-11,51
Financials - Private Bank,2026-08-12,53
Financials - Private Bank,2026-08-13,52
Financials - Private Bank,2026-08-14,50
Financials - Private Bank,2026-08-17,49
Financials - Private Bank,2026-08-18,49
Financials - Private Bank,2026-08-19,49
Financials - Private Bank,2026-08-20,52
Financials - Private Bank,2026-08-21,54
Financials - Private Bank,2026-08-24,54
Financials - Private Bank,2026-08-25,54
Financials - Private Bank,2026-08-26,56
Financials - Private Bank,2026-08-27,53
Financials - Private Bank,2026-08-28,51
Financials - Private Bank,2026-08-31,54
Financials - Private Bank,2026-09-01,51
Financials - Private Bank,2026-09-02,50
Financials - Private Bank,2026-09-03,52
Financials - Private Bank,2026-09-04,52
Financials - Private Bank,2026-09-07,51
Financials - Private Bank,2026-09-08,50
Financials - Private Bank,2026-09-09,49
Financials - Private Bank,2026-09-10,47
Financials - Private Bank,2026-09-11,48
Financials - Private Bank,2026-09-15,42
Financials - Private Bank,2026-09-16,45
Financials - Private Bank,2026-09-17,45
Financials - Private Bank,2026-09-18,48
Financials - Private Bank,2026-09-21,47
Financials - Private Bank,2026-09-22,47
Financials - Private Bank,2026-09-23,51
Financials - Private Bank,2026-09-24,45
Financials - Private Bank,2026-09-25,46
Financials - Private Bank,2026-09-28,41
Financials - Private Bank,2026-09-29,42
Financials - Private Bank,2026-09-30,44
Financials - Private Bank,2026-10-01,42
Financials - Ratings,2026-06-30,
Financials - Ratings,2026-07-01,
Financials - Ratings,2026-07-02,
Financials - Ratings,2026-07-03,
Financials - Ratings,2026-07-06,
Financials - Ratings,2026-07-07,
Financials - Ratings,2026-07-08,
Financials - Ratings,2026-07-09,
Financials - Ratings,2026-07-10,
Financials - Ratings,2026-07-13,
Financials - Ratings,2026-07-14,
Financials - Ratings,2026-07-15,
Financials - Ratings,2026-07-16,
Financials - Ratings,2026-07-17,
Financials - Ratings,2026-07-20,65
Financials - Ratings,2026-07-21,65
Financials - Ratings,2026-07-22,66
Financials - Ratings,2026-07-23,58
Financials - Ratings,2026-07-24,52
Financials - Ratings,2026-07-27,54
Financials - Ratings,2026-07-28,51
Financials - Ratings,2026-07-29,53
Financials - Ratings,2026-07-30,57
Financials - Ratings,2026-07-31,55
Financials - Ratings,2026-08-03,61
Financials - Ratings,2026-08-04,60
Financials - Ratings,2026-08-05,63
Financials - Ratings,2026-08-06,63
Financials - Ratings,2026-08-07,63
Financials - Ratings,2026-08-10,62
Financials - Ratings,2026-08-11,53
Financials - Ratings,2026-08-12,55
Financials - Ratings,2026-08-13,58
Financials - Ratings,2026-08-14,58
Financials - Ratings,2026-08-17,53
Financials - Ratings,2026-08-18,52
Financials - Ratings,2026-08-19,50
Financials - Ratings,2026-08-20,49
Financials - Ratings,2026-08-21,50
Financials - Ratings,2026-08-24,46
Financials - Ratings,2026-08-25,49
Financials - Ratings,2026-08-26,49
Financials - Ratings,2026-08-27,50
Financials - Ratings,2026-08-28,55
Financials - Ratings,2026-08-31,59
Financials - Ratings,2026-09-01,59
Financials - Ratings,2026-09-02,52
Financials - Ratings,2026-09-03,54
Financials - Ratings,2026-09-04,56
Financials - Ratings,2026-09-07,56
Financials - Ratings,2026-09-08,53
Financials - Ratings,2026-09-09,51
Financials - Ratings,2026-09-10,49
Financials - Ratings,2026-09-11,46
Financials - Ratings,2026-09-15,41
Financials - Ratings,2026-09-16,42
Financials - Ratings,2026-09-17,40
Financials - Ratings,2026-09-18,42
Financials - Ratings,2026-09-21,41
Financials - Ratings,2026-09-22,41
Financials - Ratings,2026-09-23,42
Financials - Ratings,2026-09-24,37
Financials - Ratings,2026-09-25,38
Financials - Ratings,2026-09-28,40
Financials - Ratings,2026-09-29,37
Financials - Ratings,2026-09-30,35
Financials - Ratings,2026-10-01,36
Furniture- Home Furnishing,2026-06-30,
Furniture- Home Furnishing,2026-07-01,
Furniture- Home Furnishing,2026-07-02,
Furniture- Home Furnishing,2026-07-03,
Furniture- Home Furnishing,2026-07-06,
Furniture- Home Furnishing,2026-07-07,
Furniture- Home Furnishing,2026-07-08,
Furniture- Home Furnishing,2026-07-09,
Furniture- Home Furnishing,2026-07-10,
Furniture- Home Furnishing,2026-07-13,
Furniture- Home Furnishing,2026-07-14,
Furniture- Home Furnishing,2026-07-15,
Furniture- Home Furnishing,2026-07-16,
Furniture- Home Furnishing,2026-07-17,
Furniture- Home Furnishing,2026-07-20,88
Furniture- Home Furnishing,2026-07-21,88
Furniture- Home Furnishing,2026-07-22,82
Furniture- Home Furnishing,2026-07-23,75
Furniture- Home Furnishing,2026-07-24,76
Furniture- Home Furnishing,2026-07-27,79
Furniture- Home Furnishing,2026-07-28,74
Furniture- Home Furnishing,2026-07-29,75
Furniture- Home Furnishing,2026-07-30,69
Furniture- Home Furnishing,2026-07-31,70
Furniture- Home Furnishing,2026-08-03,67
Furniture- Home Furnishing,2026-08-04,72
Furniture- Home Furnishing,2026-08-05,68
Furniture- Home Furnishing,2026-08-06,66
Furniture- Home Furnishing,2026-08-07,68
Furniture- Home Furnishing,2026-08-10,71
Furniture- Home Furnishing,2026-08-11,58
Furniture- Home Furnishing,2026-08-12,54
Furniture- Home Furnishing,2026-08-13,49
Furniture- Home Furnishing,2026-08-14,51
Furniture- Home Furnishing,2026-08-17,49
Furniture- Home Furnishing,2026-08-18,45
Furniture- Home Furnishing,2026-08-19,42
Furniture- Home Furnishing,2026-08-20,41
Furniture- Home Furnishing,2026-08-21,40
Furniture- Home Furnishing,2026-08-24,43
Furniture- Home Furnishing,2026-08-25,40
Furniture- Home Furnishing,2026-08-26,40
Furniture- Home Furnishing,2026-08-27,37
Furniture- Home Furnishing,2026-08-28,39
Furniture- Home Furnishing,2026-08-31,44
Furniture- Home Furnishing,2026-09-01,42
Furniture- Home Furnishing,2026-09-02,42
Furniture- Home Furnishing,2026-09-03,47
Furniture- Home Furnishing,2026-09-04,45
Furniture- Home Furnishing,2026-09-07,41
Furniture- Home Furnishing,2026-09-08,41
Furniture- Home Furnishing,2026-09-09,40
Furniture- Home Furnishing,2026-09-10,36
Furniture- Home Furnishing,2026-09-11,35
Furniture- Home Furnishing,2026-09-15,32
Furniture- Home Furnishing,2026-09-16,32
Furniture- Home Furnishing,2026-09-17,30
Furniture- Home Furnishing,2026-09-18,28
Furniture- Home Furnishing,2026-09-21,25
Furniture- Home Furnishing,2026-09-22,23
Furniture- Home Furnishing,2026-09-23,25
Furniture- Home Furnishing,2026-09-24,22
Furniture- Home Furnishing,2026-09-25,24
Furniture- Home Furnishing,2026-09-28,21
Furniture- Home Furnishing,2026-09-29,20
Furniture- Home Furnishing,2026-09-30,17
Furniture- Home Furnishing,2026-10-01,17
Gems Jewellery And Watches,2026-06-30,
Gems Jewellery And Watches,2026-07-01,
Gems Jewellery And Watches,2026-07-02,
Gems Jewellery And Watches,2026-07-03,
Gems Jewellery And Watches,2026-07-06,
Gems Jewellery And Watches,2026-07-07,
Gems Jewellery And Watches,2026-07-08,
Gems Jewellery And Watches,2026-07-09,
Gems Jewellery And Watches,2026-07-10,
Gems Jewellery And Watches,2026-07-13,
Gems Jewellery And Watches,2026-07-14,
Gems Jewellery And Watches,2026-07-15,
Gems Jewellery And Watches,2026-07-16,
Gems Jewellery And Watches,2026-07-17,
Gems Jewellery And Watches,2026-07-20,48
Gems Jewellery And Watches,2026-07-21,52
Gems Jewellery And Watches,2026-07-22,51
Gems Jewellery And Watches,2026-07-23,48
Gems Jewellery And Watches,2026-07-24,55
Gems Jewellery And Watches,2026-07-27,62
Gems Jewellery And Watches,2026-07-28,55
Gems Jewellery And Watches,2026-07-29,61
Gems Jewellery And Watches,2026-07-30,56
Gems Jewellery And Watches,2026-07-31,59
Gems Jewellery And Watches,2026-08-03,59
Gems Jewellery And Watches,2026-08-04,60
Gems Jewellery And Watches,2026-08-05,60
Gems Jewellery And Watches,2026-08-06,58
Gems Jewellery And Watches,2026-08-07,61
Gems Jewellery And Watches,2026-08-10,64
Gems Jewellery And Watches,2026-08-11,64
Gems Jewellery And Watches,2026-08-12,68
Gems Jewellery And Watches,2026-08-13,67
Gems Jewellery And Watches,2026-08-14,70
Gems Jewellery And Watches,2026-08-17,73
Gems Jewellery And Watches,2026-08-18,64
Gems Jewellery And Watches,2026-08-19,59
Gems Jewellery And Watches,2026-08-20,62
Gems Jewellery And Watches,2026-08-21,67
Gems Jewellery And Watches,2026-08-24,64
Gems Jewellery And Watches,2026-08-25,61
Gems Jewellery And Watches,2026-08-26,60
Gems Jewellery And Watches,2026-08-27,53
Gems Jewellery And Watches,2026-08-28,52
Gems Jewellery And Watches,2026-08-31,55
Gems Jewellery And Watches,2026-09-01,51
Gems Jewellery And Watches,2026-09-02,54
Gems Jewellery And Watches,2026-09-03,53
Gems Jewellery And Watches,2026-09-04,59
Gems Jewellery And Watches,2026-09-07,64
Gems Jewellery And Watches,2026-09-08,62
Gems Jewellery And Watches,2026-09-09,62
Gems Jewellery And Watches,2026-09-10,58
Gems Jewellery And Watches,2026-09-11,61
Gems Jewellery And Watches,2026-09-15,51
Gems Jewellery And Watches,2026-09-16,52
Gems Jewellery And Watches,2026-09-17,49
Gems Jewellery And Watches,2026-09-18,52
Gems Jewellery And Watches,2026-09-21,55
Gems Jewellery And Watches,2026-09-22,60
Gems Jewellery And Watches,2026-09-23,60
Gems Jewellery And Watches,2026-09-24,56
Gems Jewellery And Watches,2026-09-25,61
Gems Jewellery And Watches,2026-09-28,56
Gems Jewellery And Watches,2026-09-29,57
Gems Jewellery And Watches,2026-09-30,56
Gems Jewellery And Watches,2026-10-01,53
Gems- Jewellery And Watches,2026-06-30,
Gems- Jewellery And Watches,2026-07-01,
Gems- Jewellery And Watches,2026-07-02,
Gems- Jewellery And Watches,2026-07-03,
Gems- Jewellery And Watches,2026-07-06,
Gems- Jewellery And Watches,2026-07-07,
Gems- Jewellery And Watches,2026-07-08,
Gems- Jewellery And Watches,2026-07-09,
Gems- Jewellery And Watches,2026-07-10,
Gems- Jewellery And Watches,2026-07-13,
Gems- Jewellery And Watches,2026-07-14,
Gems- Jewellery And Watches,2026-07-15,
Gems- Jewellery And Watches,2026-07-16,
Gems- Jewellery And Watches,2026-07-17,
Gems- Jewellery And Watches,2026-07-20,77
Gems- Jewellery And Watches,2026-07-21,73
Gems- Jewellery And Watches,2026-07-22,70
Gems- Jewellery And Watches,2026-07-23,70
Gems- Jewellery And Watches,2026-07-24,68
Gems- Jewellery And Watches,2026-07-27,69
Gems- Jewellery And Watches,2026-07-28,68
Gems- Jewellery And Watches,2026-07-29,67
Gems- Jewellery And Watches,2026-07-30,68
Gems- Jewellery And Watches,2026-07-31,71
Gems- Jewellery And Watches,2026-08-03,77
Gems- Jewellery And Watches,2026-08-04,78
Gems- Jewellery And Watches,2026-08-05,76
Gems- Jewellery And Watches,2026-08-06,76
Gems- Jewellery And Watches,2026-08-07,77
Gems- Jewellery And Watches,2026-08-10,78
Gems- Jewellery And Watches,2026-08-11,76
Gems- Jewellery And Watches,2026-08-12,67
Gems- Jewellery And Watches,2026-08-13,61
Gems- Jewellery And Watches,2026-08-14,54
Gems- Jewellery And Watches,2026-08-17,59
Gems- Jewellery And Watches,2026-08-18,55
Gems- Jewellery And Watches,2026-08-19,54
Gems- Jewellery And Watches,2026-08-20,54
Gems- Jewellery And Watches,2026-08-21,62
Gems- Jewellery And Watches,2026-08-24,59
Gems- Jewellery And Watches,2026-08-25,55
Gems- Jewellery And Watches,2026-08-26,47
Gems- Jewellery And Watches,2026-08-27,45
Gems- Jewellery And Watches,2026-08-28,46
Gems- Jewellery And Watches,2026-08-31,45
Gems- Jewellery And Watches,2026-09-01,40
Gems- Jewellery And Watches,2026-09-02,41
Gems- Jewellery And Watches,2026-09-03,43
Gems- Jewellery And Watches,2026-09-04,44
Gems- Jewellery And Watches,2026-09-07,46
Gems- Jewellery And Watches,2026-09-08,44
Gems- Jewellery And Watches,2026-09-09,46
Gems- Jewellery And Watches,2026-09-10,43
Gems- Jewellery And Watches,2026-09-11,44
Gems- Jewellery And Watches,2026-09-15,35
Gems- Jewellery And Watches,2026-09-16,33
Gems- Jewellery And Watches,2026-09-17,38
Gems- Jewellery And Watches,2026-09-18,36
Gems- Jewellery And Watches,2026-09-21,33
Gems- Jewellery And Watches,2026-09-22,35
Gems- Jewellery And Watches,2026-09-23,39
Gems- Jewellery And Watches,2026-09-24,39
Gems- Jewellery And Watches,2026-09-25,47
Gems- Jewellery And Watches,2026-09-28,55
Gems- Jewellery And Watches,2026-09-29,51
Gems- Jewellery And Watches,2026-09-30,63
Gems- Jewellery And Watches,2026-10-01,53
Granites & Marbles,2026-06-30,
Granites & Marbles,2026-07-01,
Granites & Marbles,2026-07-02,
Granites & Marbles,2026-07-03,
Granites & Marbles,2026-07-06,
Granites & Marbles,2026-07-07,
Granites & Marbles,2026-07-08,
Granites & Marbles,2026-07-09,
Granites & Marbles,2026-07-10,
Granites & Marbles,2026-07-13,
Granites & Marbles,2026-07-14,
Granites & Marbles,2026-07-15,
Granites & Marbles,2026-07-16,
Granites & Marbles,2026-07-17,
Granites & Marbles,2026-07-20,57
Granites & Marbles,2026-07-21,58
Granites & Marbles,2026-07-22,53
Granites & Marbles,2026-07-23,48
Granites & Marbles,2026-07-24,48
Granites & Marbles,2026-07-27,49
Granites & Marbles,2026-07-28,42
Granites & Marbles,2026-07-29,43
Granites & Marbles,2026-07-30,41
Granites & Marbles,2026-07-31,40
Granites & Marbles,2026-08-03,46
Granites & Marbles,2026-08-04,46
Granites & Marbles,2026-08-05,43
Granites & Marbles,2026-08-06,43
Granites & Marbles,2026-08-07,41
Granites & Marbles,2026-08-10,39
Granites & Marbles,2026-08-11,36
Granites & Marbles,2026-08-12,26
Granites & Marbles,2026-08-13,31
Granites & Marbles,2026-08-14,31
Granites & Marbles,2026-08-17,29
Granites & Marbles,2026-08-18,43
Granites & Marbles,2026-08-19,41
Granites & Marbles,2026-08-20,42
Granites & Marbles,2026-08-21,40
Granites & Marbles,2026-08-24,43
Granites & Marbles,2026-08-25,42
Granites & Marbles,2026-08-26,40
Granites & Marbles,2026-08-27,36
Granites & Marbles,2026-08-28,34
Granites & Marbles,2026-08-31,33
Granites & Marbles,2026-09-01,27
Granites & Marbles,2026-09-02,24
Granites & Marbles,2026-09-03,30
Granites & Marbles,2026-09-04,33
Granites & Marbles,2026-09-07,33
Granites & Marbles,2026-09-08,38
Granites & Marbles,2026-09-09,34
Granites & Marbles,2026-09-10,37
Granites & Marbles,2026-09-11,29
Granites & Marbles,2026-09-15,24
Granites & Marbles,2026-09-16,25
Granites & Marbles,2026-09-17,25
Granites & Marbles,2026-09-18,27
Granites & Marbles,2026-09-21,29
Granites & Marbles,2026-09-22,39
Granites & Marbles,2026-09-23,35
Granites & Marbles,2026-09-24,28
Granites & Marbles,2026-09-25,27
Granites & Marbles,2026-09-28,24
Granites & Marbles,2026-09-29,22
Granites & Marbles,2026-09-30,27
Granites & Marbles,2026-10-01,26
Healthcare - Biotech,2026-06-30,
Healthcare - Biotech,2026-07-01,
Healthcare - Biotech,2026-07-02,
Healthcare - Biotech,2026-07-03,
Healthcare - Biotech,2026-07-06,
Healthcare - Biotech,2026-07-07,
Healthcare - Biotech,2026-07-08,
Healthcare - Biotech,2026-07-09,
Healthcare - Biotech,2026-07-10,
Healthcare - Biotech,2026-07-13,
Healthcare - Biotech,2026-07-14,
Healthcare - Biotech,2026-07-15,
Healthcare - Biotech,2026-07-16,
Healthcare - Biotech,2026-07-17,
Healthcare - Biotech,2026-07-20,60
Healthcare - Biotech,2026-07-21,60
Healthcare - Biotech,2026-07-22,56
Healthcare - Biotech,2026-07-23,53
Healthcare - Biotech,2026-07-24,53
Healthcare - Biotech,2026-07-27,53
Healthcare - Biotech,2026-07-28,50
Healthcare - Biotech,2026-07-29,51
Healthcare - Biotech,2026-07-30,48
Healthcare - Biotech,2026-07-31,50
Healthcare - Biotech,2026-08-03,53
Healthcare - Biotech,2026-08-04,51
Healthcare - Biotech,2026-08-05,51
Healthcare - Biotech,2026-08-06,53
Healthcare - Biotech,2026-08-07,50
Healthcare - Biotech,2026-08-10,42
Healthcare - Biotech,2026-08-11,48
Healthcare - Biotech,2026-08-12,46
Healthcare - Biotech,2026-08-13,48
Healthcare - Biotech,2026-08-14,48
Healthcare - Biotech,2026-08-17,45
Healthcare - Biotech,2026-08-18,45
Healthcare - Biotech,2026-08-19,47
Healthcare - Biotech,2026-08-20,50
Healthcare - Biotech,2026-08-21,50
Healthcare - Biotech,2026-08-24,47
Healthcare - Biotech,2026-08-25,49
Healthcare - Biotech,2026-08-26,48
Healthcare - Biotech,2026-08-27,47
Healthcare - Biotech,2026-08-28,49
Healthcare - Biotech,2026-08-31,48
Healthcare - Biotech,2026-09-01,48
Healthcare - Biotech,2026-09-02,49
Healthcare - Biotech,2026-09-03,51
Healthcare - Biotech,2026-09-04,50
Healthcare - Biotech,2026-09-07,51
Healthcare - Biotech,2026-09-08,53
Healthcare - Biotech,2026-09-09,56
Healthcare - Biotech,2026-09-10,54
Healthcare - Biotech,2026-09-11,54
Healthcare - Biotech,2026-09-15,48
Healthcare - Biotech,2026-09-16,46
Healthcare - Biotech,2026-09-17,50
Healthcare - Biotech,2026-09-18,48
Healthcare - Biotech,2026-09-21,52
Healthcare - Biotech,2026-09-22,52
Healthcare - Biotech,2026-09-23,51
Healthcare - Biotech,2026-09-24,48
Healthcare - Biotech,2026-09-25,48
Healthcare - Biotech,2026-09-28,46
Healthcare - Biotech,2026-09-29,46
Healthcare - Biotech,2026-09-30,45
Healthcare - Biotech,2026-10-01,40
Healthcare - Diagnostics,2026-06-30,
Healthcare - Diagnostics,2026-07-01,
Healthcare - Diagnostics,2026-07-02,
Healthcare - Diagnostics,2026-07-03,
Healthcare - Diagnostics,2026-07-06,
Healthcare - Diagnostics,2026-07-07,
Healthcare - Diagnostics,2026-07-08,
Healthcare - Diagnostics,2026-07-09,
Healthcare - Diagnostics,2026-07-10,
Healthcare - Diagnostics,2026-07-13,
Healthcare - Diagnostics,2026-07-14,
Healthcare - Diagnostics,2026-07-15,
Healthcare - Diagnostics,2026-07-16,
Healthcare - Diagnostics,2026-07-17,
Healthcare - Diagnostics,2026-07-20,57
Healthcare - Diagnostics,2026-07-21,56
Healthcare - Diagnostics,2026-07-22,54
Healthcare - Diagnostics,2026-07-23,52
Healthcare - Diagnostics,2026-07-24,56
Healthcare - Diagnostics,2026-07-27,61
Healthcare - Diagnostics,2026-07-28,60
Healthcare - Diagnostics,2026-07-29,62
Healthcare - Diagnostics,2026-07-30,60
Healthcare - Diagnostics,2026-07-31,59
Healthcare - Diagnostics,2026-08-03,61
Healthcare - Diagnostics,2026-08-04,63
Healthcare - Diagnostics,2026-08-05,61
Healthcare - Diagnostics,2026-08-06,60
Healthcare - Diagnostics,2026-08-07,58
Healthcare - Diagnostics,2026-08-10,63
Healthcare - Diagnostics,2026-08-11,64
Healthcare - Diagnostics,2026-08-12,64
Healthcare - Diagnostics,2026-08-13,59
Healthcare - Diagnostics,2026-08-14,57
Healthcare - Diagnostics,2026-08-17,55
Healthcare - Diagnostics,2026-08-18,54
Healthcare - Diagnostics,2026-08-19,52
Healthcare - Diagnostics,2026-08-20,51
Healthcare - Diagnostics,2026-08-21,53
Healthcare - Diagnostics,2026-08-24,53
Healthcare - Diagnostics,2026-08-25,56
Healthcare - Diagnostics,2026-08-26,56
Healthcare - Diagnostics,2026-08-27,53
Healthcare - Diagnostics,2026-08-28,54
Healthcare - Diagnostics,2026-08-31,54
Healthcare - Diagnostics,2026-09-01,52
Healthcare - Diagnostics,2026-09-02,50
Healthcare - Diagnostics,2026-09-03,52
Healthcare - Diagnostics,2026-09-04,53
Healthcare - Diagnostics,2026-09-07,53
Healthcare - Diagnostics,2026-09-08,51
Healthcare - Diagnostics,2026-09-09,54
Healthcare - Diagnostics,2026-09-10,52
Healthcare - Diagnostics,2026-09-11,49
Healthcare - Diagnostics,2026-09-15,44
Healthcare - Diagnostics,2026-09-16,44
Healthcare - Diagnostics,2026-09-17,50
Healthcare - Diagnostics,2026-09-18,50
Healthcare - Diagnostics,2026-09-21,53
Healthcare - Diagnostics,2026-09-22,51
Healthcare - Diagnostics,2026-09-23,53
Healthcare - Diagnostics,2026-09-24,51
Healthcare - Diagnostics,2026-09-25,50
Healthcare - Diagnostics,2026-09-28,46
Healthcare - Diagnostics,2026-09-29,46
Healthcare - Diagnostics,2026-09-30,45
Healthcare - Diagnostics,2026-10-01,43
Healthcare - Equipments,2026-06-30,
Healthcare - Equipments,2026-07-01,
Healthcare - Equipments,2026-07-02,
Healthcare - Equipments,2026-07-03,
Healthcare - Equipments,2026-07-06,
Healthcare - Equipments,2026-07-07,
Healthcare - Equipments,2026-07-08,
Healthcare - Equipments,2026-07-09,
Healthcare - Equipments,2026-07-10,
Healthcare - Equipments,2026-07-13,
Healthcare - Equipments,2026-07-14,
Healthcare - Equipments,2026-07-15,
Healthcare - Equipments,2026-07-16,
Healthcare - Equipments,2026-07-17,
Healthcare - Equipments,2026-07-20,46
Healthcare - Equipments,2026-07-21,51
Healthcare - Equipments,2026-07-22,49
Healthcare - Equipments,2026-07-23,45
Healthcare - Equipments,2026-07-24,47
Healthcare - Equipments,2026-07-27,51
Healthcare - Equipments,2026-07-28,47
Healthcare - Equipments,2026-07-29,52
Healthcare - Equipments,2026-07-30,49
Healthcare - Equipments,2026-07-31,52
Healthcare - Equipments,2026-08-03,53
Healthcare - Equipments,2026-08-04,53
Healthcare - Equipments,2026-08-05,55
Healthcare - Equipments,2026-08-06,52
Healthcare - Equipments,2026-08-07,50
Healthcare - Equipments,2026-08-10,52
Healthcare - Equipments,2026-08-11,50
Healthcare - Equipments,2026-08-12,51
Healthcare - Equipments,2026-08-13,52
Healthcare - Equipments,2026-08-14,54
Healthcare - Equipments,2026-08-17,52
Healthcare - Equipments,2026-08-18,49
Healthcare - Equipments,2026-08-19,47
Healthcare - Equipments,2026-08-20,47
Healthcare - Equipments,2026-08-21,45
Healthcare - Equipments,2026-08-24,45
Healthcare - Equipments,2026-08-25,44
Healthcare - Equipments,2026-08-26,45
Healthcare - Equipments,2026-08-27,45
Healthcare - Equipments,2026-08-28,49
Healthcare - Equipments,2026-08-31,49
Healthcare - Equipments,2026-09-01,51
Healthcare - Equipments,2026-09-02,52
Healthcare - Equipments,2026-09-03,51
Healthcare - Equipments,2026-09-04,48
Healthcare - Equipments,2026-09-07,46
Healthcare - Equipments,2026-09-08,47
Healthcare - Equipments,2026-09-09,49
Healthcare - Equipments,2026-09-10,51
Healthcare - Equipments,2026-09-11,48
Healthcare - Equipments,2026-09-15,43
Healthcare - Equipments,2026-09-16,44
Healthcare - Equipments,2026-09-17,46
Healthcare - Equipments,2026-09-18,48
Healthcare - Equipments,2026-09-21,50
Healthcare - Equipments,2026-09-22,47
Healthcare - Equipments,2026-09-23,50
Healthcare - Equipments,2026-09-24,51
Healthcare - Equipments,2026-09-25,53
Healthcare - Equipments,2026-09-28,49
Healthcare - Equipments,2026-09-29,48
Healthcare - Equipments,2026-09-30,48
Healthcare - Equipments,2026-10-01,45
Healthcare - Hospitals,2026-06-30,
Healthcare - Hospitals,2026-07-01,
Healthcare - Hospitals,2026-07-02,
Healthcare - Hospitals,2026-07-03,
Healthcare - Hospitals,2026-07-06,
Healthcare - Hospitals,2026-07-07,
Healthcare - Hospitals,2026-07-08,
Healthcare - Hospitals,2026-07-09,
Healthcare - Hospitals,2026-07-10,
Healthcare - Hospitals,2026-07-13,
Healthcare - Hospitals,2026-07-14,
Healthcare - Hospitals,2026-07-15,
Healthcare - Hospitals,2026-07-16,
Healthcare - Hospitals,2026-07-17,
Healthcare - Hospitals,2026-07-20,52
Healthcare - Hospitals,2026-07-21,54
Healthcare - Hospitals,2026-07-22,51
Healthcare - Hospitals,2026-07-23,50
Healthcare - Hospitals,2026-07-24,50
Healthcare - Hospitals,2026-07-27,54
Healthcare - Hospitals,2026-07-28,53
Healthcare - Hospitals,2026-07-29,55
Healthcare - Hospitals,2026-07-30,55
Healthcare - Hospitals,2026-07-31,54
Healthcare - Hospitals,2026-08-03,53
Healthcare - Hospitals,2026-08-04,54
Healthcare - Hospitals,2026-08-05,54
Healthcare - Hospitals,2026-08-06,53
Healthcare - Hospitals,2026-08-07,55
Healthcare - Hospitals,2026-08-10,57
Healthcare - Hospitals,2026-08-11,53
Healthcare - Hospitals,2026-08-12,49
Healthcare - Hospitals,2026-08-13,50
Healthcare - Hospitals,2026-08-14,51
Healthcare - Hospitals,2026-08-17,51
Healthcare - Hospitals,2026-08-18,51
Healthcare - Hospitals,2026-08-19,51
Healthcare - Hospitals,2026-08-20,50
Healthcare - Hospitals,2026-08-21,48
Healthcare - Hospitals,2026-08-24,49
Healthcare - Hospitals,2026-08-25,50
Healthcare - Hospitals,2026-08-26,51
Healthcare - Hospitals,2026-08-27,51
Healthcare - Hospitals,2026-08-28,51
Healthcare - Hospitals,2026-08-31,51
Healthcare - Hospitals,2026-09-01,50
Healthcare - Hospitals,2026-09-02,48
Healthcare - Hospitals,2026-09-03,50
Healthcare - Hospitals,2026-09-04,50
Healthcare - Hospitals,2026-09-07,52
Healthcare - Hospitals,2026-09-08,51
Healthcare - Hospitals,2026-09-09,53
Healthcare - Hospitals,2026-09-10,52
Healthcare - Hospitals,2026-09-11,49
Healthcare - Hospitals,2026-09-15,46
Healthcare - Hospitals,2026-09-16,47
Healthcare - Hospitals,2026-09-17,51
Healthcare - Hospitals,2026-09-18,55
Healthcare - Hospitals,2026-09-21,54
Healthcare - Hospitals,2026-09-22,52
Healthcare - Hospitals,2026-09-23,55
Healthcare - Hospitals,2026-09-24,52
Healthcare - Hospitals,2026-09-25,50
Healthcare - Hospitals,2026-09-28,46
Healthcare - Hospitals,2026-09-29,45
Healthcare - Hospitals,2026-09-30,39
Healthcare - Hospitals,2026-10-01,38
Healthcare - Pharma,2026-06-30,
Healthcare - Pharma,2026-07-01,
Healthcare - Pharma,2026-07-02,
Healthcare - Pharma,2026-07-03,
Healthcare - Pharma,2026-07-06,
Healthcare - Pharma,2026-07-07,
Healthcare - Pharma,2026-07-08,
Healthcare - Pharma,2026-07-09,
Healthcare - Pharma,2026-07-10,
Healthcare - Pharma,2026-07-13,
Healthcare - Pharma,2026-07-14,
Healthcare - Pharma,2026-07-15,
Healthcare - Pharma,2026-07-16,
Healthcare - Pharma,2026-07-17,
Healthcare - Pharma,2026-07-20,51
Healthcare - Pharma,2026-07-21,51
Healthcare - Pharma,2026-07-22,47
Healthcare - Pharma,2026-07-23,45
Healthcare - Pharma,2026-07-24,45
Healthcare - Pharma,2026-07-27,49
Healthcare - Pharma,2026-07-28,47
Healthcare - Pharma,2026-07-29,50
Healthcare - Pharma,2026-07-30,48
Healthcare - Pharma,2026-07-31,48
Healthcare - Pharma,2026-08-03,50
Healthcare - Pharma,2026-08-04,51
Healthcare - Pharma,2026-08-05,52
Healthcare - Pharma,2026-08-06,51
Healthcare - Pharma,2026-08-07,52
Healthcare - Pharma,2026-08-10,53
Healthcare - Pharma,2026-08-11,54
Healthcare - Pharma,2026-08-12,53
Healthcare - Pharma,2026-08-13,53
Healthcare - Pharma,2026-08-14,51
Healthcare - Pharma,2026-08-17,50
Healthcare - Pharma,2026-08-18,51
Healthcare - Pharma,2026-08-19,50
Healthcare - Pharma,2026-08-20,51
Healthcare - Pharma,2026-08-21,52
Healthcare - Pharma,2026-08-24,52
Healthcare - Pharma,2026-08-25,52
Healthcare - Pharma,2026-08-26,52
Healthcare - Pharma,2026-08-27,52
Healthcare - Pharma,2026-08-28,54
Healthcare - Pharma,2026-08-31,54
Healthcare - Pharma,2026-09-01,53
Healthcare - Pharma,2026-09-02,54
Healthcare - Pharma,2026-09-03,55
Healthcare - Pharma,2026-09-04,54
Healthcare - Pharma,2026-09-07,56
Healthcare - Pharma,2026-09-08,56
Healthcare - Pharma,2026-09-09,55
Healthcare - Pharma,2026-09-10,54
Healthcare - Pharma,2026-09-11,53
Healthcare - Pharma,2026-09-15,49
Healthcare - Pharma,2026-09-16,48
Healthcare - Pharma,2026-09-17,50
Healthcare - Pharma,2026-09-18,53
Healthcare - Pharma,2026-09-21,54
Healthcare - Pharma,2026-09-22,53
Healthcare - Pharma,2026-09-23,55
Healthcare - Pharma,2026-09-24,53
Healthcare - Pharma,2026-09-25,53
Healthcare - Pharma,2026-09-28,50
Healthcare - Pharma,2026-09-29,52
Healthcare - Pharma,2026-09-30,49
Healthcare - Pharma,2026-10-01,46
Healthcare Service Provider,2026-06-30,
Healthcare Service Provider,2026-07-01,
Healthcare Service Provider,2026-07-02,
Healthcare Service Provider,2026-07-03,
Healthcare Service Provider,2026-07-06,
Healthcare Service Provider,2026-07-07,
Healthcare Service Provider,2026-07-08,
Healthcare Service Provider,2026-07-09,
Healthcare Service Provider,2026-07-10,
Healthcare Service Provider,2026-07-13,
Healthcare Service Provider,2026-07-14,
Healthcare Service Provider,2026-07-15,
Healthcare Service Provider,2026-07-16,
Healthcare Service Provider,2026-07-17,
Healthcare Service Provider,2026-07-20,32
Healthcare Service Provider,2026-07-21,31
Healthcare Service Provider,2026-07-22,60
Healthcare Service Provider,2026-07-23,62
Healthcare Service Provider,2026-07-24,59
Healthcare Service Provider,2026-07-27,63
Healthcare Service Provider,2026-07-28,66
Healthcare Service Provider,2026-07-29,71
Healthcare Service Provider,2026-07-30,58
Healthcare Service Provider,2026-07-31,57
Healthcare Service Provider,2026-08-03,60
Healthcare Service Provider,2026-08-04,67
Healthcare Service Provider,2026-08-05,65
Healthcare Service Provider,2026-08-06,57
Healthcare Service Provider,2026-08-07,58
Healthcare Service Provider,2026-08-10,59
Healthcare Service Provider,2026-08-11,63
Healthcare Service Provider,2026-08-12,50
Healthcare Service Provider,2026-08-13,49
Healthcare Service Provider,2026-08-14,55
Healthcare Service Provider,2026-08-17,55
Healthcare Service Provider,2026-08-18,56
Healthcare Service Provider,2026-08-19,53
Healthcare Service Provider,2026-08-20,47
Healthcare Service Provider,2026-08-21,54
Healthcare Service Provider,2026-08-24,51
Healthcare Service Provider,2026-08-25,54
Healthcare Service Provider,2026-08-26,53
Healthcare Service Provider,2026-08-27,50
Healthcare Service Provider,2026-08-28,52
Healthcare Service Provider,2026-08-31,49
Healthcare Service Provider,2026-09-01,51
Healthcare Service Provider,2026-09-02,53
Healthcare Service Provider,2026-09-03,58
Healthcare Service Provider,2026-09-04,53
Healthcare Service Provider,2026-09-07,58
Healthcare Service Provider,2026-09-08,67
Healthcare Service Provider,2026-09-09,62
Healthcare Service Provider,2026-09-10,65
Healthcare Service Provider,2026-09-11,69
Healthcare Service Provider,2026-09-15,58
Healthcare Service Provider,2026-09-16,58
Healthcare Service Provider,2026-09-17,58
Healthcare Service Provider,2026-09-18,60
Healthcare Service Provider,2026-09-21,62
Healthcare Service Provider,2026-09-22,61
Healthcare Service Provider,2026-09-23,58
Healthcare Service Provider,2026-09-24,47
Healthcare Service Provider,2026-09-25,43
Healthcare Service Provider,2026-09-28,38
Healthcare Service Provider,2026-09-29,35
Healthcare Service Provider,2026-09-30,35
Healthcare Service Provider,2026-10-01,32
Heavy Electrical Equipment,2026-06-30,
Heavy Electrical Equipment,2026-07-01,
Heavy Electrical Equipment,2026-07-02,
Heavy Electrical Equipment,2026-07-03,
Heavy Electrical Equipment,2026-07-06,
Heavy Electrical Equipment,2026-07-07,
Heavy Electrical Equipment,2026-07-08,
Heavy Electrical Equipment,2026-07-09,
Heavy Electrical Equipment,2026-07-10,
Heavy Electrical Equipment,2026-07-13,
Heavy Electrical Equipment,2026-07-14,
Heavy Electrical Equipment,2026-07-15,
Heavy Electrical Equipment,2026-07-16,
Heavy Electrical Equipment,2026-07-17,
Heavy Electrical Equipment,2026-07-20,38
Heavy Electrical Equipment,2026-07-21,34
Heavy Electrical Equipment,2026-07-22,32
Heavy Electrical Equipment,2026-07-23,29
Heavy Electrical Equipment,2026-07-24,27
Heavy Electrical Equipment,2026-07-27,27
Heavy Electrical Equipment,2026-07-28,23
Heavy Electrical Equipment,2026-07-29,23
Heavy Electrical Equipment,2026-07-30,21
Heavy Electrical Equipment,2026-07-31,29
Heavy Electrical Equipment,2026-08-03,36
Heavy Electrical Equipment,2026-08-04,37
Heavy Electrical Equipment,2026-08-05,41
Heavy Electrical Equipment,2026-08-06,41
Heavy Electrical Equipment,2026-08-07,48
Heavy Electrical Equipment,2026-08-10,45
Heavy Electrical Equipment,2026-08-11,44
Heavy Electrical Equipment,2026-08-12,46
Heavy Electrical Equipment,2026-08-13,46
Heavy Electrical Equipment,2026-08-14,46
Heavy Electrical Equipment,2026-08-17,52
Heavy Electrical Equipment,2026-08-18,50
Heavy Electrical Equipment,2026-08-19,45
Heavy Electrical Equipment,2026-08-20,43
Heavy Electrical Equipment,2026-08-21,46
Heavy Electrical Equipment,2026-08-24,46
Heavy Electrical Equipment,2026-08-25,41
Heavy Electrical Equipment,2026-08-26,40
Heavy Electrical Equipment,2026-08-27,37
Heavy Electrical Equipment,2026-08-28,40
Heavy Electrical Equipment,2026-08-31,41
Heavy Electrical Equipment,2026-09-01,39
Heavy Electrical Equipment,2026-09-02,39
Heavy Electrical Equipment,2026-09-03,44
Heavy Electrical Equipment,2026-09-04,43
Heavy Electrical Equipment,2026-09-07,43
Heavy Electrical Equipment,2026-09-08,44
Heavy Electrical Equipment,2026-09-09,41
Heavy Electrical Equipment,2026-09-10,40
Heavy Electrical Equipment,2026-09-11,38
Heavy Electrical Equipment,2026-09-15,32
Heavy Electrical Equipment,2026-09-16,31
Heavy Electrical Equipment,2026-09-17,38
Heavy Electrical Equipment,2026-09-18,45
Heavy Electrical Equipment,2026-09-21,43
Heavy Electrical Equipment,2026-09-22,43
Heavy Electrical Equipment,2026-09-23,43
Heavy Electrical Equipment,2026-09-24,42
Heavy Electrical Equipment,2026-09-25,41
Heavy Electrical Equipment,2026-09-28,37
Heavy Electrical Equipment,2026-09-29,37
Heavy Electrical Equipment,2026-09-30,37
Heavy Electrical Equipment,2026-10-01,43
Hospital,2026-06-30,
Hospital,2026-07-01,
Hospital,2026-07-02,
Hospital,2026-07-03,
Hospital,2026-07-06,
Hospital,2026-07-07,
Hospital,2026-07-08,
Hospital,2026-07-09,
Hospital,2026-07-10,
Hospital,2026-07-13,
Hospital,2026-07-14,
Hospital,2026-07-15,
Hospital,2026-07-16,
Hospital,2026-07-17,
Hospital,2026-07-20,30
Hospital,2026-07-21,27
Hospital,2026-07-22,36
Hospital,2026-07-23,38
Hospital,2026-07-24,36
Hospital,2026-07-27,36
Hospital,2026-07-28,35
Hospital,2026-07-29,36
Hospital,2026-07-30,36
Hospital,2026-07-31,48
Hospital,2026-08-03,45
Hospital,2026-08-04,42
Hospital,2026-08-05,43
Hospital,2026-08-06,49
Hospital,2026-08-07,49
Hospital,2026-08-10,47
Hospital,2026-08-11,42
Hospital,2026-08-12,43
Hospital,2026-08-13,41
Hospital,2026-08-14,41
Hospital,2026-08-17,38
Hospital,2026-08-18,38
Hospital,2026-08-19,34
Hospital,2026-08-20,36
Hospital,2026-08-21,39
Hospital,2026-08-24,45
Hospital,2026-08-25,49
Hospital,2026-08-26,54
Hospital,2026-08-27,55
Hospital,2026-08-28,55
Hospital,2026-08-31,51
Hospital,2026-09-01,45
Hospital,2026-09-02,42
Hospital,2026-09-03,52
Hospital,2026-09-04,51
Hospital,2026-09-07,52
Hospital,2026-09-08,47
Hospital,2026-09-09,47
Hospital,2026-09-10,46
Hospital,2026-09-11,44
Hospital,2026-09-15,44
Hospital,2026-09-16,41
Hospital,2026-09-17,43
Hospital,2026-09-18,49
Hospital,2026-09-21,52
Hospital,2026-09-22,53
Hospital,2026-09-23,55
Hospital,2026-09-24,52
Hospital,2026-09-25,54
Hospital,2026-09-28,41
Hospital,2026-09-29,40
Hospital,2026-09-30,40
Hospital,2026-10-01,36
Hotels & Resorts,2026-06-30,
Hotels & Resorts,2026-07-01,
Hotels & Resorts,2026-07-02,
Hotels & Resorts,2026-07-03,
Hotels & Resorts,2026-07-06,
Hotels & Resorts,2026-07-07,
Hotels & Resorts,2026-07-08,
Hotels & Resorts,2026-07-09,
Hotels & Resorts,2026-07-10,
Hotels & Resorts,2026-07-13,
Hotels & Resorts,2026-07-14,
Hotels & Resorts,2026-07-15,
Hotels & Resorts,2026-07-16,
Hotels & Resorts,2026-07-17,
Hotels & Resorts,2026-07-20,62
Hotels & Resorts,2026-07-21,62
Hotels & Resorts,2026-07-22,57
Hotels & Resorts,2026-07-23,53
Hotels & Resorts,2026-07-24,50
Hotels & Resorts,2026-07-27,50
Hotels & Resorts,2026-07-28,49
Hotels & Resorts,2026-07-29,48
Hotels & Resorts,2026-07-30,47
Hotels & Resorts,2026-07-31,53
Hotels & Resorts,2026-08-03,59
Hotels & Resorts,2026-08-04,61
Hotels & Resorts,2026-08-05,60
Hotels & Resorts,2026-08-06,63
Hotels & Resorts,2026-08-07,60
Hotels & Resorts,2026-08-10,54
Hotels & Resorts,2026-08-11,55
Hotels & Resorts,2026-08-12,50
Hotels & Resorts,2026-08-13,51
Hotels & Resorts,2026-08-14,53
Hotels & Resorts,2026-08-17,55
Hotels & Resorts,2026-08-18,58
Hotels & Resorts,2026-08-19,60
Hotels & Resorts,2026-08-20,58
Hotels & Resorts,2026-08-21,59
Hotels & Resorts,2026-08-24,56
Hotels & Resorts,2026-08-25,57
Hotels & Resorts,2026-08-26,59
Hotels & Resorts,2026-08-27,57
Hotels & Resorts,2026-08-28,57
Hotels & Resorts,2026-08-31,57
Hotels & Resorts,2026-09-01,56
Hotels & Resorts,2026-09-02,55
Hotels & Resorts,2026-09-03,56
Hotels & Resorts,2026-09-04,53
Hotels & Resorts,2026-09-07,45
Hotels & Resorts,2026-09-08,44
Hotels & Resorts,2026-09-09,40
Hotels & Resorts,2026-09-10,44
Hotels & Resorts,2026-09-11,42
Hotels & Resorts,2026-09-15,38
Hotels & Resorts,2026-09-16,37
Hotels & Resorts,2026-09-17,42
Hotels & Resorts,2026-09-18,44
Hotels & Resorts,2026-09-21,44
Hotels & Resorts,2026-09-22,44
Hotels & Resorts,2026-09-23,49
Hotels & Resorts,2026-09-24,43
Hotels & Resorts,2026-09-25,46
Hotels & Resorts,2026-09-28,44
Hotels & Resorts,2026-09-29,44
Hotels & Resorts,2026-09-30,55
Hotels & Resorts,2026-10-01,50
Household Appliances,2026-06-30,
Household Appliances,2026-07-01,
Household Appliances,2026-07-02,
Household Appliances,2026-07-03,
Household Appliances,2026-07-06,
Household Appliances,2026-07-07,
Household Appliances,2026-07-08,
Household Appliances,2026-07-09,
Household Appliances,2026-07-10,
Household Appliances,2026-07-13,
Household Appliances,2026-07-14,
Household Appliances,2026-07-15,
Household Appliances,2026-07-16,
Household Appliances,2026-07-17,
Household Appliances,2026-07-20,64
Household Appliances,2026-07-21,58
Household Appliances,2026-07-22,47
Household Appliances,2026-07-23,47
Household Appliances,2026-07-24,47
Household Appliances,2026-07-27,46
Household Appliances,2026-07-28,41
Household Appliances,2026-07-29,44
Household Appliances,2026-07-30,39
Household Appliances,2026-07-31,37
Household Appliances,2026-08-03,59
Household Appliances,2026-08-04,52
Household Appliances,2026-08-05,59
Household Appliances,2026-08-06,59
Household Appliances,2026-08-07,61
Household Appliances,2026-08-10,53
Household Appliances,2026-08-11,55
Household Appliances,2026-08-12,58
Household Appliances,2026-08-13,57
Household Appliances,2026-08-14,76
Household Appliances,2026-08-17,64
Household Appliances,2026-08-18,61
Household Appliances,2026-08-19,60
Household Appliances,2026-08-20,58
Household Appliances,2026-08-21,56
Household Appliances,2026-08-24,61
Household Appliances,2026-08-25,64
Household Appliances,2026-08-26,61
Household Appliances,2026-08-27,64
Household Appliances,2026-08-28,62
Household Appliances,2026-08-31,63
Household Appliances,2026-09-01,57
Household Appliances,2026-09-02,54
Household Appliances,2026-09-03,56
Household Appliances,2026-09-04,52
Household Appliances,2026-09-07,53
Household Appliances,2026-09-08,57
Household Appliances,2026-09-09,52
Household Appliances,2026-09-10,53
Household Appliances,2026-09-11,50
Household Appliances,2026-09-15,49
Household Appliances,2026-09-16,48
Household Appliances,2026-09-17,53
Household Appliances,2026-09-18,61
Household Appliances,2026-09-21,53
Household Appliances,2026-09-22,54
Household Appliances,2026-09-23,59
Household Appliances,2026-09-24,59
Household Appliances,2026-09-25,63
Household Appliances,2026-09-28,64
Household Appliances,2026-09-29,65
Household Appliances,2026-09-30,61
Household Appliances,2026-10-01,56
Houseware,2026-06-30,
Houseware,2026-07-01,
Houseware,2026-07-02,
Houseware,2026-07-03,
Houseware,2026-07-06,
Houseware,2026-07-07,
Houseware,2026-07-08,
Houseware,2026-07-09,
Houseware,2026-07-10,
Houseware,2026-07-13,
Houseware,2026-07-14,
Houseware,2026-07-15,
Houseware,2026-07-16,
Houseware,2026-07-17,
Houseware,2026-07-20,65
Houseware,2026-07-21,65
Houseware,2026-07-22,55
Houseware,2026-07-23,48
Houseware,2026-07-24,46
Houseware,2026-07-27,51
Houseware,2026-07-28,49
Houseware,2026-07-29,53
Houseware,2026-07-30,49
Houseware,2026-07-31,46
Houseware,2026-08-03,47
Houseware,2026-08-04,46
Houseware,2026-08-05,46
Houseware,2026-08-06,43
Houseware,2026-08-07,45
Houseware,2026-08-10,45
Houseware,2026-08-11,43
Houseware,2026-08-12,45
Houseware,2026-08-13,43
Houseware,2026-08-14,41
Houseware,2026-08-17,39
Houseware,2026-08-18,40
Houseware,2026-08-19,37
Houseware,2026-08-20,34
Houseware,2026-08-21,30
Houseware,2026-08-24,29
Houseware,2026-08-25,35
Houseware,2026-08-26,37
Houseware,2026-08-27,38
Houseware,2026-08-28,35
Houseware,2026-08-31,31
Houseware,2026-09-01,33
Houseware,2026-09-02,32
Houseware,2026-09-03,32
Houseware,2026-09-04,44
Houseware,2026-09-07,56
Houseware,2026-09-08,51
Houseware,2026-09-09,54
Houseware,2026-09-10,49
Houseware,2026-09-11,61
Houseware,2026-09-15,52
Houseware,2026-09-16,46
Houseware,2026-09-17,47
Houseware,2026-09-18,48
Houseware,2026-09-21,46
Houseware,2026-09-22,43
Houseware,2026-09-23,45
Houseware,2026-09-24,41
Houseware,2026-09-25,41
Houseware,2026-09-28,38
Houseware,2026-09-29,34
Houseware,2026-09-30,35
Houseware,2026-10-01,30
Housing Finance Company,2026-06-30,
Housing Finance Company,2026-07-01,
Housing Finance Company,2026-07-02,
Housing Finance Company,2026-07-03,
Housing Finance Company,2026-07-06,
Housing Finance Company,2026-07-07,
Housing Finance Company,2026-07-08,
Housing Finance Company,2026-07-09,
Housing Finance Company,2026-07-10,
Housing Finance Company,2026-07-13,
Housing Finance Company,2026-07-14,
Housing Finance Company,2026-07-15,
Housing Finance Company,2026-07-16,
Housing Finance Company,2026-07-17,
Housing Finance Company,2026-07-20,71
Housing Finance Company,2026-07-21,73
Housing Finance Company,2026-07-22,66
Housing Finance Company,2026-07-23,59
Housing Finance Company,2026-07-24,56
Housing Finance Company,2026-07-27,51
Housing Finance Company,2026-07-28,46
Housing Finance Company,2026-07-29,51
Housing Finance Company,2026-07-30,49
Housing Finance Company,2026-07-31,52
Housing Finance Company,2026-08-03,51
Housing Finance Company,2026-08-04,52
Housing Finance Company,2026-08-05,62
Housing Finance Company,2026-08-06,58
Housing Finance Company,2026-08-07,58
Housing Finance Company,2026-08-10,56
Housing Finance Company,2026-08-11,58
Housing Finance Company,2026-08-12,51
Housing Finance Company,2026-08-13,51
Housing Finance Company,2026-08-14,49
Housing Finance Company,2026-08-17,50
Housing Finance Company,2026-08-18,49
Housing Finance Company,2026-08-19,49
Housing Finance Company,2026-08-20,60
Housing Finance Company,2026-08-21,66
Housing Finance Company,2026-08-24,66
Housing Finance Company,2026-08-25,65
Housing Finance Company,2026-08-26,69
Housing Finance Company,2026-08-27,70
Housing Finance Company,2026-08-28,74
Housing Finance Company,2026-08-31,76
Housing Finance Company,2026-09-01,62
Housing Finance Company,2026-09-02,56
Housing Finance Company,2026-09-03,61
Housing Finance Company,2026-09-04,59
Housing Finance Company,2026-09-07,63
Housing Finance Company,2026-09-08,66
Housing Finance Company,2026-09-09,67
Housing Finance Company,2026-09-10,65
Housing Finance Company,2026-09-11,58
Housing Finance Company,2026-09-15,54
Housing Finance Company,2026-09-16,50
Housing Finance Company,2026-09-17,57
Housing Finance Company,2026-09-18,61
Housing Finance Company,2026-09-21,51
Housing Finance Company,2026-09-22,50
Housing Finance Company,2026-09-23,52
Housing Finance Company,2026-09-24,40
Housing Finance Company,2026-09-25,44
Housing Finance Company,2026-09-28,45
Housing Finance Company,2026-09-29,43
Housing Finance Company,2026-09-30,36
Housing Finance Company,2026-10-01,36
Human Resources,2026-06-30,
Human Resources,2026-07-01,
Human Resources,2026-07-02,
Human Resources,2026-07-03,
Human Resources,2026-07-06,
Human Resources,2026-07-07,
Human Resources,2026-07-08,
Human Resources,2026-07-09,
Human Resources,2026-07-10,
Human Resources,2026-07-13,
Human Resources,2026-07-14,
Human Resources,2026-07-15,
Human Resources,2026-07-16,
Human Resources,2026-07-17,
Human Resources,2026-07-20,48
Human Resources,2026-07-21,50
Human Resources,2026-07-22,49
Human Resources,2026-07-23,50
Human Resources,2026-07-24,50
Human Resources,2026-07-27,50
Human Resources,2026-07-28,49
Human Resources,2026-07-29,50
Human Resources,2026-07-30,47
Human Resources,2026-07-31,50
Human Resources,2026-08-03,52
Human Resources,2026-08-04,49
Human Resources,2026-08-05,49
Human Resources,2026-08-06,50
Human Resources,2026-08-07,49
Human Resources,2026-08-10,50
Human Resources,2026-08-11,52
Human Resources,2026-08-12,52
Human Resources,2026-08-13,51
Human Resources,2026-08-14,51
Human Resources,2026-08-17,51
Human Resources,2026-08-18,51
Human Resources,2026-08-19,53
Human Resources,2026-08-20,53
Human Resources,2026-08-21,51
Human Resources,2026-08-24,52
Human Resources,2026-08-25,50
Human Resources,2026-08-26,53
Human Resources,2026-08-27,49
Human Resources,2026-08-28,51
Human Resources,2026-08-31,51
Human Resources,2026-09-01,53
Human Resources,2026-09-02,52
Human Resources,2026-09-03,50
Human Resources,2026-09-04,52
Human Resources,2026-09-07,50
Human Resources,2026-09-08,49
Human Resources,2026-09-09,49
Human Resources,2026-09-10,49
Human Resources,2026-09-11,49
Human Resources,2026-09-15,46
Human Resources,2026-09-16,47
Human Resources,2026-09-17,49
Human Resources,2026-09-18,46
Human Resources,2026-09-21,46
Human Resources,2026-09-22,45
Human Resources,2026-09-23,46
Human Resources,2026-09-24,44
Human Resources,2026-09-25,44
Human Resources,2026-09-28,42
Human Resources,2026-09-29,42
Human Resources,2026-09-30,42
Human Resources,2026-10-01,42
IT - Education,2026-06-30,
IT - Education,2026-07-01,
IT - Education,2026-07-02,
IT - Education,2026-07-03,
IT - Education,2026-07-06,
IT - Education,2026-07-07,
IT - Education,2026-07-08,
IT - Education,2026-07-09,
IT - Education,2026-07-10,
IT - Education,2026-07-13,
IT - Education,2026-07-14,
IT - Education,2026-07-15,
IT - Education,2026-07-16,
IT - Education,2026-07-17,
IT - Education,2026-07-20,37
IT - Education,2026-07-21,38
IT - Education,2026-07-22,35
IT - Education,2026-07-23,44
IT - Education,2026-07-24,46
IT - Education,2026-07-27,43
IT - Education,2026-07-28,42
IT - Education,2026-07-29,48
IT - Education,2026-07-30,45
IT - Education,2026-07-31,46
IT - Education,2026-08-03,55
IT - Education,2026-08-04,52
IT - Education,2026-08-05,50
IT - Education,2026-08-06,48
IT - Education,2026-08-07,48
IT - Education,2026-08-10,48
IT - Education,2026-08-11,47
IT - Education,2026-08-12,49
IT - Education,2026-08-13,50
IT - Education,2026-08-14,45
IT - Education,2026-08-17,48
IT - Education,2026-08-18,46
IT - Education,2026-08-19,44
IT - Education,2026-08-20,44
IT - Education,2026-08-21,44
IT - Education,2026-08-24,46
IT - Education,2026-08-25,48
IT - Education,2026-08-26,49
IT - Education,2026-08-27,47
IT - Education,2026-08-28,50
IT - Education,2026-08-31,46
IT - Education,2026-09-01,47
IT - Education,2026-09-02,43
IT - Education,2026-09-03,43
IT - Education,2026-09-04,45
IT - Education,2026-09-07,46
IT - Education,2026-09-08,45
IT - Education,2026-09-09,43
IT - Education,2026-09-10,44
IT - Education,2026-09-11,44
IT - Education,2026-09-15,44
IT - Education,2026-09-16,42
IT - Education,2026-09-17,43
IT - Education,2026-09-18,47
IT - Education,2026-09-21,50
IT - Education,2026-09-22,48
IT - Education,2026-09-23,50
IT - Education,2026-09-24,48
IT - Education,2026-09-25,46
IT - Education,2026-09-28,44
IT - Education,2026-09-29,44
IT - Education,2026-09-30,42
IT - Education,2026-10-01,39
IT - Equipments,2026-06-30,
IT - Equipments,2026-07-01,
IT - Equipments,2026-07-02,
IT - Equipments,2026-07-03,
IT - Equipments,2026-07-06,
IT - Equipments,2026-07-07,
IT - Equipments,2026-07-08,
IT - Equipments,2026-07-09,
IT - Equipments,2026-07-10,
IT - Equipments,2026-07-13,
IT - Equipments,2026-07-14,
IT - Equipments,2026-07-15,
IT - Equipments,2026-07-16,
IT - Equipments,2026-07-17,
IT - Equipments,2026-07-20,45
IT - Equipments,2026-07-21,47
IT - Equipments,2026-07-22,44
IT - Equipments,2026-07-23,41
IT - Equipments,2026-07-24,40
IT - Equipments,2026-07-27,44
IT - Equipments,2026-07-28,43
IT - Equipments,2026-07-29,44
IT - Equipments,2026-07-30,44
IT - Equipments,2026-07-31,50
IT - Equipments,2026-08-03,53
IT - Equipments,2026-08-04,54
IT - Equipments,2026-08-05,55
IT - Equipments,2026-08-06,50
IT - Equipments,2026-08-07,48
IT - Equipments,2026-08-10,51
IT - Equipments,2026-08-11,49
IT - Equipments,2026-08-12,43
IT - Equipments,2026-08-13,47
IT - Equipments,2026-08-14,46
IT - Equipments,2026-08-17,44
IT - Equipments,2026-08-18,46
IT - Equipments,2026-08-19,44
IT - Equipments,2026-08-20,44
IT - Equipments,2026-08-21,44
IT - Equipments,2026-08-24,47
IT - Equipments,2026-08-25,45
IT - Equipments,2026-08-26,46
IT - Equipments,2026-08-27,45
IT - Equipments,2026-08-28,47
IT - Equipments,2026-08-31,46
IT - Equipments,2026-09-01,43
IT - Equipments,2026-09-02,44
IT - Equipments,2026-09-03,47
IT - Equipments,2026-09-04,49
IT - Equipments,2026-09-07,49
IT - Equipments,2026-09-08,45
IT - Equipments,2026-09-09,47
IT - Equipments,2026-09-10,46
IT - Equipments,2026-09-11,49
IT - Equipments,2026-09-15,45
IT - Equipments,2026-09-16,43
IT - Equipments,2026-09-17,44
IT - Equipments,2026-09-18,47
IT - Equipments,2026-09-21,46
IT - Equipments,2026-09-22,48
IT - Equipments,2026-09-23,50
IT - Equipments,2026-09-24,47
IT - Equipments,2026-09-25,47
IT - Equipments,2026-09-28,45
IT - Equipments,2026-09-29,44
IT - Equipments,2026-09-30,47
IT - Equipments,2026-10-01,45
IT - Product/Platform,2026-06-30,
IT - Product/Platform,2026-07-01,
IT - Product/Platform,2026-07-02,
IT - Product/Platform,2026-07-03,
IT - Product/Platform,2026-07-06,
IT - Product/Platform,2026-07-07,
IT - Product/Platform,2026-07-08,
IT - Product/Platform,2026-07-09,
IT - Product/Platform,2026-07-10,
IT - Product/Platform,2026-07-13,
IT - Product/Platform,2026-07-14,
IT - Product/Platform,2026-07-15,
IT - Product/Platform,2026-07-16,
IT - Product/Platform,2026-07-17,
IT - Product/Platform,2026-07-20,61
IT - Product/Platform,2026-07-21,58
IT - Product/Platform,2026-07-22,54
IT - Product/Platform,2026-07-23,53
IT - Product/Platform,2026-07-24,53
IT - Product/Platform,2026-07-27,55
IT - Product/Platform,2026-07-28,57
IT - Product/Platform,2026-07-29,57
IT - Product/Platform,2026-07-30,55
IT - Product/Platform,2026-07-31,55
IT - Product/Platform,2026-08-03,57
IT - Product/Platform,2026-08-04,57
IT - Product/Platform,2026-08-05,57
IT - Product/Platform,2026-08-06,57
IT - Product/Platform,2026-08-07,56
IT - Product/Platform,2026-08-10,55
IT - Product/Platform,2026-08-11,57
IT - Product/Platform,2026-08-12,55
IT - Product/Platform,2026-08-13,54
IT - Product/Platform,2026-08-14,54
IT - Product/Platform,2026-08-17,54
IT - Product/Platform,2026-08-18,53
IT - Product/Platform,2026-08-19,52
IT - Product/Platform,2026-08-20,53
IT - Product/Platform,2026-08-21,55
IT - Product/Platform,2026-08-24,54
IT - Product/Platform,2026-08-25,55
IT - Product/Platform,2026-08-26,55
IT - Product/Platform,2026-08-27,53
IT - Product/Platform,2026-08-28,54
IT - Product/Platform,2026-08-31,53
IT - Product/Platform,2026-09-01,51
IT - Product/Platform,2026-09-02,49
IT - Product/Platform,2026-09-03,49
IT - Product/Platform,2026-09-04,50
IT - Product/Platform,2026-09-07,50
IT - Product/Platform,2026-09-08,49
IT - Product/Platform,2026-09-09,47
IT - Product/Platform,2026-09-10,46
IT - Product/Platform,2026-09-11,46
IT - Product/Platform,2026-09-15,43
IT - Product/Platform,2026-09-16,43
IT - Product/Platform,2026-09-17,46
IT - Product/Platform,2026-09-18,48
IT - Product/Platform,2026-09-21,47
IT - Product/Platform,2026-09-22,49
IT - Product/Platform,2026-09-23,50
IT - Product/Platform,2026-09-24,46
IT - Product/Platform,2026-09-25,47
IT - Product/Platform,2026-09-28,44
IT - Product/Platform,2026-09-29,43
IT - Product/Platform,2026-09-30,43
IT - Product/Platform,2026-10-01,39
IT - Services,2026-06-30,
IT - Services,2026-07-01,
IT - Services,2026-07-02,
IT - Services,2026-07-03,
IT - Services,2026-07-06,
IT - Services,2026-07-07,
IT - Services,2026-07-08,
IT - Services,2026-07-09,
IT - Services,2026-07-10,
IT - Services,2026-07-13,
IT - Services,2026-07-14,
IT - Services,2026-07-15,
IT - Services,2026-07-16,
IT - Services,2026-07-17,
IT - Services,2026-07-20,36
IT - Services,2026-07-21,36
IT - Services,2026-07-22,34
IT - Services,2026-07-23,34
IT - Services,2026-07-24,36
IT - Services,2026-07-27,37
IT - Services,2026-07-28,36
IT - Services,2026-07-29,43
IT - Services,2026-07-30,42
IT - Services,2026-07-31,44
IT - Services,2026-08-03,46
IT - Services,2026-08-04,47
IT - Services,2026-08-05,48
IT - Services,2026-08-06,48
IT - Services,2026-08-07,48
IT - Services,2026-08-10,49
IT - Services,2026-08-11,49
IT - Services,2026-08-12,46
IT - Services,2026-08-13,48
IT - Services,2026-08-14,46
IT - Services,2026-08-17,45
IT - Services,2026-08-18,44
IT - Services,2026-08-19,43
IT - Services,2026-08-20,45
IT - Services,2026-08-21,45
IT - Services,2026-08-24,45
IT - Services,2026-08-25,45
IT - Services,2026-08-26,45
IT - Services,2026-08-27,44
IT - Services,2026-08-28,46
IT - Services,2026-08-31,46
IT - Services,2026-09-01,44
IT - Services,2026-09-02,45
IT - Services,2026-09-03,45
IT - Services,2026-09-04,46
IT - Services,2026-09-07,47
IT - Services,2026-09-08,47
IT - Services,2026-09-09,45
IT - Services,2026-09-10,45
IT - Services,2026-09-11,45
IT - Services,2026-09-15,42
IT - Services,2026-09-16,42
IT - Services,2026-09-17,44
IT - Services,2026-09-18,45
IT - Services,2026-09-21,46
IT - Services,2026-09-22,46
IT - Services,2026-09-23,46
IT - Services,2026-09-24,44
IT - Services,2026-09-25,47
IT - Services,2026-09-28,45
IT - Services,2026-09-29,45
IT - Services,2026-09-30,44
IT - Services,2026-10-01,42
IT - Software,2026-06-30,
IT - Software,2026-07-01,
IT - Software,2026-07-02,
IT - Software,2026-07-03,
IT - Software,2026-07-06,
IT - Software,2026-07-07,
IT - Software,2026-07-08,
IT - Software,2026-07-09,
IT - Software,2026-07-10,
IT - Software,2026-07-13,
IT - Software,2026-07-14,
IT - Software,2026-07-15,
IT - Software,2026-07-16,
IT - Software,2026-07-17,
IT - Software,2026-07-20,38
IT - Software,2026-07-21,33
IT - Software,2026-07-22,28
IT - Software,2026-07-23,29
IT - Software,2026-07-24,29
IT - Software,2026-07-27,25
IT - Software,2026-07-28,22
IT - Software,2026-07-29,28
IT - Software,2026-07-30,25
IT - Software,2026-07-31,25
IT - Software,2026-08-03,23
IT - Software,2026-08-04,41
IT - Software,2026-08-05,39
IT - Software,2026-08-06,35
IT - Software,2026-08-07,34
IT - Software,2026-08-10,35
IT - Software,2026-08-11,24
IT - Software,2026-08-12,18
IT - Software,2026-08-13,35
IT - Software,2026-08-14,42
IT - Software,2026-08-17,36
IT - Software,2026-08-18,36
IT - Software,2026-08-19,33
IT - Software,2026-08-20,33
IT - Software,2026-08-21,32
IT - Software,2026-08-24,27
IT - Software,2026-08-25,27
IT - Software,2026-08-26,29
IT - Software,2026-08-27,29
IT - Software,2026-08-28,29
IT - Software,2026-08-31,27
IT - Software,2026-09-01,26
IT - Software,2026-09-02,25
IT - Software,2026-09-03,22
IT - Software,2026-09-04,22
IT - Software,2026-09-07,35
IT - Software,2026-09-08,34
IT - Software,2026-09-09,31
IT - Software,2026-09-10,31
IT - Software,2026-09-11,39
IT - Software,2026-09-15,33
IT - Software,2026-09-16,32
IT - Software,2026-09-17,37
IT - Software,2026-09-18,35
IT - Software,2026-09-21,46
IT - Software,2026-09-22,44
IT - Software,2026-09-23,47
IT - Software,2026-09-24,43
IT - Software,2026-09-25,41
IT - Software,2026-09-28,41
IT - Software,2026-09-29,40
IT - Software,2026-09-30,36
IT - Software,2026-10-01,32
IT - Software/Consulting,2026-06-30,
IT - Software/Consulting,2026-07-01,
IT - Software/Consulting,2026-07-02,
IT - Software/Consulting,2026-07-03,
IT - Software/Consulting,2026-07-06,
IT - Software/Consulting,2026-07-07,
IT - Software/Consulting,2026-07-08,
IT - Software/Consulting,2026-07-09,
IT - Software/Consulting,2026-07-10,
IT - Software/Consulting,2026-07-13,
IT - Software/Consulting,2026-07-14,
IT - Software/Consulting,2026-07-15,
IT - Software/Consulting,2026-07-16,
IT - Software/Consulting,2026-07-17,
IT - Software/Consulting,2026-07-20,53
IT - Software/Consulting,2026-07-21,52
IT - Software/Consulting,2026-07-22,47
IT - Software/Consulting,2026-07-23,47
IT - Software/Consulting,2026-07-24,48
IT - Software/Consulting,2026-07-27,51
IT - Software/Consulting,2026-07-28,52
IT - Software/Consulting,2026-07-29,54
IT - Software/Consulting,2026-07-30,52
IT - Software/Consulting,2026-07-31,52
IT - Software/Consulting,2026-08-03,54
IT - Software/Consulting,2026-08-04,53
IT - Software/Consulting,2026-08-05,53
IT - Software/Consulting,2026-08-06,52
IT - Software/Consulting,2026-08-07,52
IT - Software/Consulting,2026-08-10,52
IT - Software/Consulting,2026-08-11,52
IT - Software/Consulting,2026-08-12,51
IT - Software/Consulting,2026-08-13,51
IT - Software/Consulting,2026-08-14,51
IT - Software/Consulting,2026-08-17,48
IT - Software/Consulting,2026-08-18,47
IT - Software/Consulting,2026-08-19,47
IT - Software/Consulting,2026-08-20,48
IT - Software/Consulting,2026-08-21,48
IT - Software/Consulting,2026-08-24,49
IT - Software/Consulting,2026-08-25,48
IT - Software/Consulting,2026-08-26,48
IT - Software/Consulting,2026-08-27,48
IT - Software/Consulting,2026-08-28,52
IT - Software/Consulting,2026-08-31,50
IT - Software/Consulting,2026-09-01,50
IT - Software/Consulting,2026-09-02,50
IT - Software/Consulting,2026-09-03,49
IT - Software/Consulting,2026-09-04,49
IT - Software/Consulting,2026-09-07,47
IT - Software/Consulting,2026-09-08,46
IT - Software/Consulting,2026-09-09,44
IT - Software/Consulting,2026-09-10,43
IT - Software/Consulting,2026-09-11,44
IT - Software/Consulting,2026-09-15,43
IT - Software/Consulting,2026-09-16,42
IT - Software/Consulting,2026-09-17,44
IT - Software/Consulting,2026-09-18,44
IT - Software/Consulting,2026-09-21,45
IT - Software/Consulting,2026-09-22,44
IT - Software/Consulting,2026-09-23,46
IT - Software/Consulting,2026-09-24,44
IT - Software/Consulting,2026-09-25,44
IT - Software/Consulting,2026-09-28,41
IT - Software/Consulting,2026-09-29,40
IT - Software/Consulting,2026-09-30,42
IT - Software/Consulting,2026-10-01,40
IT Enabled Services,2026-06-30,
IT Enabled Services,2026-07-01,
IT Enabled Services,2026-07-02,
IT Enabled Services,2026-07-03,
IT Enabled Services,2026-07-06,
IT Enabled Services,2026-07-07,
IT Enabled Services,2026-07-08,
IT Enabled Services,2026-07-09,
IT Enabled Services,2026-07-10,
IT Enabled Services,2026-07-13,
IT Enabled Services,2026-07-14,
IT Enabled Services,2026-07-15,
IT Enabled Services,2026-07-16,
IT Enabled Services,2026-07-17,
IT Enabled Services,2026-07-20,59
IT Enabled Services,2026-07-21,58
IT Enabled Services,2026-07-22,58
IT Enabled Services,2026-07-23,60
IT Enabled Services,2026-07-24,58
IT Enabled Services,2026-07-27,59
IT Enabled Services,2026-07-28,56
IT Enabled Services,2026-07-29,59
IT Enabled Services,2026-07-30,57
IT Enabled Services,2026-07-31,57
IT Enabled Services,2026-08-03,57
IT Enabled Services,2026-08-04,57
IT Enabled Services,2026-08-05,57
IT Enabled Services,2026-08-06,54
IT Enabled Services,2026-08-07,56
IT Enabled Services,2026-08-10,58
IT Enabled Services,2026-08-11,57
IT Enabled Services,2026-08-12,57
IT Enabled Services,2026-08-13,57
IT Enabled Services,2026-08-14,51
IT Enabled Services,2026-08-17,47
IT Enabled Services,2026-08-18,48
IT Enabled Services,2026-08-19,45
IT Enabled Services,2026-08-20,48
IT Enabled Services,2026-08-21,52
IT Enabled Services,2026-08-24,51
IT Enabled Services,2026-08-25,50
IT Enabled Services,2026-08-26,48
IT Enabled Services,2026-08-27,49
IT Enabled Services,2026-08-28,44
IT Enabled Services,2026-08-31,39
IT Enabled Services,2026-09-01,39
IT Enabled Services,2026-09-02,38
IT Enabled Services,2026-09-03,37
IT Enabled Services,2026-09-04,38
IT Enabled Services,2026-09-07,38
IT Enabled Services,2026-09-08,39
IT Enabled Services,2026-09-09,39
IT Enabled Services,2026-09-10,35
IT Enabled Services,2026-09-11,36
IT Enabled Services,2026-09-15,34
IT Enabled Services,2026-09-16,37
IT Enabled Services,2026-09-17,36
IT Enabled Services,2026-09-18,34
IT Enabled Services,2026-09-21,34
IT Enabled Services,2026-09-22,37
IT Enabled Services,2026-09-23,39
IT Enabled Services,2026-09-24,37
IT Enabled Services,2026-09-25,36
IT Enabled Services,2026-09-28,33
IT Enabled Services,2026-09-29,34
IT Enabled Services,2026-09-30,32
IT Enabled Services,2026-10-01,31
Index,2026-06-30,
Index,2026-07-01,
Index,2026-07-02,
Index,2026-07-03,
Index,2026-07-06,
Index,2026-07-07,
Index,2026-07-08,
Index,2026-07-09,
Index,2026-07-10,
Index,2026-07-13,
Index,2026-07-14,
Index,2026-07-15,
Index,2026-07-16,
Index,2026-07-17,
Index,2026-07-20,64
Index,2026-07-21,65
Index,2026-07-22,61
Index,2026-07-23,60
Index,2026-07-24,58
Index,2026-07-27,62
Index,2026-07-28,59
Index,2026-07-29,61
Index,2026-07-30,63
Index,2026-07-31,65
Index,2026-08-03,66
Index,2026-08-04,62
Index,2026-08-05,66
Index,2026-08-06,68
Index,2026-08-07,68
Index,2026-08-10,70
Index,2026-08-11,67
Index,2026-08-12,65
Index,2026-08-13,63
Index,2026-08-14,64
Index,2026-08-17,65
Index,2026-08-18,61
Index,2026-08-19,55
Index,2026-08-20,60
Index,2026-08-21,61
Index,2026-08-24,58
Index,2026-08-25,59
Index,2026-08-26,60
Index,2026-08-27,55
Index,2026-08-28,54
Index,2026-08-31,47
Index,2026-09-01,42
Index,2026-09-02,41
Index,2026-09-03,43
Index,2026-09-04,46
Index,2026-09-07,41
Index,2026-09-08,41
Index,2026-09-09,40
Index,2026-09-10,39
Index,2026-09-11,33
Index,2026-09-15,30
Index,2026-09-16,31
Index,2026-09-17,33
Index,2026-09-18,38
Index,2026-09-21,39
Index,2026-09-22,37
Index,2026-09-23,39
Index,2026-09-24,34
Index,2026-09-25,35
Index,2026-09-28,30
Index,2026-09-29,29
Index,2026-09-30,31
Index,2026-10-01,29
Industrial - Bearings,2026-06-30,
Industrial - Bearings,2026-07-01,
Industrial - Bearings,2026-07-02,
Industrial - Bearings,2026-07-03,
Industrial - Bearings,2026-07-06,
Industrial - Bearings,2026-07-07,
Industrial - Bearings,2026-07-08,
Industrial - Bearings,2026-07-09,
Industrial - Bearings,2026-07-10,
Industrial - Bearings,2026-07-13,
Industrial - Bearings,2026-07-14,
Industrial - Bearings,2026-07-15,
Industrial - Bearings,2026-07-16,
Industrial - Bearings,2026-07-17,
Industrial - Bearings,2026-07-20,35
Industrial - Bearings,2026-07-21,36
Industrial - Bearings,2026-07-22,35
Industrial - Bearings,2026-07-23,35
Industrial - Bearings,2026-07-24,39
Industrial - Bearings,2026-07-27,43
Industrial - Bearings,2026-07-28,43
Industrial - Bearings,2026-07-29,44
Industrial - Bearings,2026-07-30,39
Industrial - Bearings,2026-07-31,39
Industrial - Bearings,2026-08-03,46
Industrial - Bearings,2026-08-04,47
Industrial - Bearings,2026-08-05,52
Industrial - Bearings,2026-08-06,50
Industrial - Bearings,2026-08-07,52
Industrial - Bearings,2026-08-10,52
Industrial - Bearings,2026-08-11,49
Industrial - Bearings,2026-08-12,49
Industrial - Bearings,2026-08-13,52
Industrial - Bearings,2026-08-14,50
Industrial - Bearings,2026-08-17,52
Industrial - Bearings,2026-08-18,51
Industrial - Bearings,2026-08-19,50
Industrial - Bearings,2026-08-20,52
Industrial - Bearings,2026-08-21,50
Industrial - Bearings,2026-08-24,47
Industrial - Bearings,2026-08-25,47
Industrial - Bearings,2026-08-26,48
Industrial - Bearings,2026-08-27,49
Industrial - Bearings,2026-08-28,49
Industrial - Bearings,2026-08-31,49
Industrial - Bearings,2026-09-01,49
Industrial - Bearings,2026-09-02,46
Industrial - Bearings,2026-09-03,46
Industrial - Bearings,2026-09-04,47
Industrial - Bearings,2026-09-07,49
Industrial - Bearings,2026-09-08,47
Industrial - Bearings,2026-09-09,48
Industrial - Bearings,2026-09-10,51
Industrial - Bearings,2026-09-11,55
Industrial - Bearings,2026-09-15,47
Industrial - Bearings,2026-09-16,48
Industrial - Bearings,2026-09-17,50
Industrial - Bearings,2026-09-18,56
Industrial - Bearings,2026-09-21,53
Industrial - Bearings,2026-09-22,53
Industrial - Bearings,2026-09-23,56
Industrial - Bearings,2026-09-24,54
Industrial - Bearings,2026-09-25,53
Industrial - Bearings,2026-09-28,50
Industrial - Bearings,2026-09-29,49
Industrial - Bearings,2026-09-30,49
Industrial - Bearings,2026-10-01,45
Industrial - Consumables,2026-06-30,
Industrial - Consumables,2026-07-01,
Industrial - Consumables,2026-07-02,
Industrial - Consumables,2026-07-03,
Industrial - Consumables,2026-07-06,
Industrial - Consumables,2026-07-07,
Industrial - Consumables,2026-07-08,
Industrial - Consumables,2026-07-09,
Industrial - Consumables,2026-07-10,
Industrial - Consumables,2026-07-13,
Industrial - Consumables,2026-07-14,
Industrial - Consumables,2026-07-15,
Industrial - Consumables,2026-07-16,
Industrial - Consumables,2026-07-17,
Industrial - Consumables,2026-07-20,50
Industrial - Consumables,2026-07-21,50
Industrial - Consumables,2026-07-22,47
Industrial - Consumables,2026-07-23,46
Industrial - Consumables,2026-07-24,49
Industrial - Consumables,2026-07-27,51
Industrial - Consumables,2026-07-28,50
Industrial - Consumables,2026-07-29,52
Industrial - Consumables,2026-07-30,50
Industrial - Consumables,2026-07-31,51
Industrial - Consumables,2026-08-03,53
Industrial - Consumables,2026-08-04,53
Industrial - Consumables,2026-08-05,56
Industrial - Consumables,2026-08-06,58
Industrial - Consumables,2026-08-07,55
Industrial - Consumables,2026-08-10,57
Industrial - Consumables,2026-08-11,56
Industrial - Consumables,2026-08-12,56
Industrial - Consumables,2026-08-13,56
Industrial - Consumables,2026-08-14,53
Industrial - Consumables,2026-08-17,54
Industrial - Consumables,2026-08-18,53
Industrial - Consumables,2026-08-19,52
Industrial - Consumables,2026-08-20,53
Industrial - Consumables,2026-08-21,53
Industrial - Consumables,2026-08-24,51
Industrial - Consumables,2026-08-25,51
Industrial - Consumables,2026-08-26,51
Industrial - Consumables,2026-08-27,50
Industrial - Consumables,2026-08-28,51
Industrial - Consumables,2026-08-31,50
Industrial - Consumables,2026-09-01,50
Industrial - Consumables,2026-09-02,48
Industrial - Consumables,2026-09-03,49
Industrial - Consumables,2026-09-04,50
Industrial - Consumables,2026-09-07,48
Industrial - Consumables,2026-09-08,48
Industrial - Consumables,2026-09-09,47
Industrial - Consumables,2026-09-10,48
Industrial - Consumables,2026-09-11,45
Industrial - Consumables,2026-09-15,40
Industrial - Consumables,2026-09-16,40
Industrial - Consumables,2026-09-17,42
Industrial - Consumables,2026-09-18,46
Industrial - Consumables,2026-09-21,46
Industrial - Consumables,2026-09-22,45
Industrial - Consumables,2026-09-23,49
Industrial - Consumables,2026-09-24,45
Industrial - Consumables,2026-09-25,46
Industrial - Consumables,2026-09-28,44
Industrial - Consumables,2026-09-29,46
Industrial - Consumables,2026-09-30,45
Industrial - Consumables,2026-10-01,44
Industrial - Pumps/Engines,2026-06-30,
Industrial - Pumps/Engines,2026-07-01,
Industrial - Pumps/Engines,2026-07-02,
Industrial - Pumps/Engines,2026-07-03,
Industrial - Pumps/Engines,2026-07-06,
Industrial - Pumps/Engines,2026-07-07,
Industrial - Pumps/Engines,2026-07-08,
Industrial - Pumps/Engines,2026-07-09,
Industrial - Pumps/Engines,2026-07-10,
Industrial - Pumps/Engines,2026-07-13,
Industrial - Pumps/Engines,2026-07-14,
Industrial - Pumps/Engines,2026-07-15,
Industrial - Pumps/Engines,2026-07-16,
Industrial - Pumps/Engines,2026-07-17,
Industrial - Pumps/Engines,2026-07-20,45
Industrial - Pumps/Engines,2026-07-21,45
Industrial - Pumps/Engines,2026-07-22,42
Industrial - Pumps/Engines,2026-07-23,39
Industrial - Pumps/Engines,2026-07-24,40
Industrial - Pumps/Engines,2026-07-27,42
Industrial - Pumps/Engines,2026-07-28,37
Industrial - Pumps/Engines,2026-07-29,39
Industrial - Pumps/Engines,2026-07-30,39
Industrial - Pumps/Engines,2026-07-31,42
Industrial - Pumps/Engines,2026-08-03,42
Industrial - Pumps/Engines,2026-08-04,42
Industrial - Pumps/Engines,2026-08-05,41
Industrial - Pumps/Engines,2026-08-06,44
Industrial - Pumps/Engines,2026-08-07,43
Industrial - Pumps/Engines,2026-08-10,43
Industrial - Pumps/Engines,2026-08-11,43
Industrial - Pumps/Engines,2026-08-12,43
Industrial - Pumps/Engines,2026-08-13,46
Industrial - Pumps/Engines,2026-08-14,47
Industrial - Pumps/Engines,2026-08-17,48
Industrial - Pumps/Engines,2026-08-18,48
Industrial - Pumps/Engines,2026-08-19,48
Industrial - Pumps/Engines,2026-08-20,49
Industrial - Pumps/Engines,2026-08-21,48
Industrial - Pumps/Engines,2026-08-24,46
Industrial - Pumps/Engines,2026-08-25,45
Industrial - Pumps/Engines,2026-08-26,46
Industrial - Pumps/Engines,2026-08-27,45
Industrial - Pumps/Engines,2026-08-28,47
Industrial - Pumps/Engines,2026-08-31,47
Industrial - Pumps/Engines,2026-09-01,47
Industrial - Pumps/Engines,2026-09-02,46
Industrial - Pumps/Engines,2026-09-03,48
Industrial - Pumps/Engines,2026-09-04,48
Industrial - Pumps/Engines,2026-09-07,47
Industrial - Pumps/Engines,2026-09-08,50
Industrial - Pumps/Engines,2026-09-09,48
Industrial - Pumps/Engines,2026-09-10,49
Industrial - Pumps/Engines,2026-09-11,48
Industrial - Pumps/Engines,2026-09-15,41
Industrial - Pumps/Engines,2026-09-16,40
Industrial - Pumps/Engines,2026-09-17,43
Industrial - Pumps/Engines,2026-09-18,47
Industrial - Pumps/Engines,2026-09-21,47
Industrial - Pumps/Engines,2026-09-22,46
Industrial - Pumps/Engines,2026-09-23,49
Industrial - Pumps/Engines,2026-09-24,48
Industrial - Pumps/Engines,2026-09-25,48
Industrial - Pumps/Engines,2026-09-28,46
Industrial - Pumps/Engines,2026-09-29,49
Industrial - Pumps/Engines,2026-09-30,49
Industrial - Pumps/Engines,2026-10-01,45
Industrial Gases,2026-06-30,
Industrial Gases,2026-07-01,
Industrial Gases,2026-07-02,
Industrial Gases,2026-07-03,
Industrial Gases,2026-07-06,
Industrial Gases,2026-07-07,
Industrial Gases,2026-07-08,
Industrial Gases,2026-07-09,
Industrial Gases,2026-07-10,
Industrial Gases,2026-07-13,
Industrial Gases,2026-07-14,
Industrial Gases,2026-07-15,
Industrial Gases,2026-07-16,
Industrial Gases,2026-07-17,
Industrial Gases,2026-07-20,46
Industrial Gases,2026-07-21,52
Industrial Gases,2026-07-22,47
Industrial Gases,2026-07-23,41
Industrial Gases,2026-07-24,43
Industrial Gases,2026-07-27,44
Industrial Gases,2026-07-28,40
Industrial Gases,2026-07-29,38
Industrial Gases,2026-07-30,32
Industrial Gases,2026-07-31,37
Industrial Gases,2026-08-03,44
Industrial Gases,2026-08-04,49
Industrial Gases,2026-08-05,49
Industrial Gases,2026-08-06,49
Industrial Gases,2026-08-07,55
Industrial Gases,2026-08-10,57
Industrial Gases,2026-08-11,56
Industrial Gases,2026-08-12,69
Industrial Gases,2026-08-13,73
Industrial Gases,2026-08-14,70
Industrial Gases,2026-08-17,67
Industrial Gases,2026-08-18,64
Industrial Gases,2026-08-19,66
Industrial Gases,2026-08-20,63
Industrial Gases,2026-08-21,64
Industrial Gases,2026-08-24,59
Industrial Gases,2026-08-25,55
Industrial Gases,2026-08-26,58
Industrial Gases,2026-08-27,60
Industrial Gases,2026-08-28,56
Industrial Gases,2026-08-31,58
Industrial Gases,2026-09-01,53
Industrial Gases,2026-09-02,52
Industrial Gases,2026-09-03,61
Industrial Gases,2026-09-04,61
Industrial Gases,2026-09-07,54
Industrial Gases,2026-09-08,55
Industrial Gases,2026-09-09,68
Industrial Gases,2026-09-10,73
Industrial Gases,2026-09-11,74
Industrial Gases,2026-09-15,61
Industrial Gases,2026-09-16,66
Industrial Gases,2026-09-17,64
Industrial Gases,2026-09-18,65
Industrial Gases,2026-09-21,65
Industrial Gases,2026-09-22,57
Industrial Gases,2026-09-23,61
Industrial Gases,2026-09-24,55
Industrial Gases,2026-09-25,59
Industrial Gases,2026-09-28,55
Industrial Gases,2026-09-29,58
Industrial Gases,2026-09-30,53
Industrial Gases,2026-10-01,47
Industrial Products,2026-06-30,
Industrial Products,2026-07-01,
Industrial Products,2026-07-02,
Industrial Products,2026-07-03,
Industrial Products,2026-07-06,
Industrial Products,2026-07-07,
Industrial Products,2026-07-08,
Industrial Products,2026-07-09,
Industrial Products,2026-07-10,
Industrial Products,2026-07-13,
Industrial Products,2026-07-14,
Industrial Products,2026-07-15,
Industrial Products,2026-07-16,
Industrial Products,2026-07-17,
Industrial Products,2026-07-20,31
Industrial Products,2026-07-21,54
Industrial Products,2026-07-23,62
Industrial Products,2026-07-24,56
Industrial Products,2026-07-27,55
Industrial Products,2026-07-28,44
Industrial Products,2026-07-29,44
Industrial Products,2026-07-30,42
Industrial Products,2026-07-31,48
Industrial Products,2026-08-03,46
Industrial Products,2026-08-04,41
Industrial Products,2026-08-05,40
Industrial Products,2026-08-06,45
Industrial Products,2026-08-07,44
Industrial Products,2026-08-10,43
Industrial Products,2026-08-11,41
Industrial Products,2026-08-12,38
Industrial Products,2026-08-13,40
Industrial Products,2026-08-14,41
Industrial Products,2026-08-17,37
Industrial Products,2026-08-18,42
Industrial Products,2026-08-19,43
Industrial Products,2026-08-20,39
Industrial Products,2026-08-21,40
Industrial Products,2026-08-24,37
Industrial Products,2026-08-25,35
Industrial Products,2026-08-26,34
Industrial Products,2026-08-27,36
Industrial Products,2026-08-28,34
Industrial Products,2026-08-31,28
Industrial Products,2026-09-01,41
Industrial Products,2026-09-02,37
Industrial Products,2026-09-03,41
Industrial Products,2026-09-04,56
Industrial Products,2026-09-07,66
Industrial Products,2026-09-08,63
Industrial Products,2026-09-09,70
Industrial Products,2026-09-10,64
Industrial Products,2026-09-11,65
Industrial Products,2026-09-15,59
Industrial Products,2026-09-16,51
Industrial Products,2026-09-17,55
Industrial Products,2026-09-18,53
Industrial Products,2026-09-21,61
Industrial Products,2026-09-22,57
Industrial Products,2026-09-23,60
Industrial Products,2026-09-24,58
Industrial Products,2026-09-25,51
Industrial Products,2026-09-28,53
Industrial Products,2026-09-29,51
Industrial Products,2026-09-30,52
Industrial Products,2026-10-01,49
Infra - Cement,2026-06-30,
Infra - Cement,2026-07-01,
Infra - Cement,2026-07-02,
Infra - Cement,2026-07-03,
Infra - Cement,2026-07-06,
Infra - Cement,2026-07-07,
Infra - Cement,2026-07-08,
Infra - Cement,2026-07-09,
Infra - Cement,2026-07-10,
Infra - Cement,2026-07-13,
Infra - Cement,2026-07-14,
Infra - Cement,2026-07-15,
Infra - Cement,2026-07-16,
Infra - Cement,2026-07-17,
Infra - Cement,2026-07-20,51
Infra - Cement,2026-07-21,52
Infra - Cement,2026-07-22,49
Infra - Cement,2026-07-23,47
Infra - Cement,2026-07-24,46
Infra - Cement,2026-07-27,49
Infra - Cement,2026-07-28,46
Infra - Cement,2026-07-29,47
Infra - Cement,2026-07-30,45
Infra - Cement,2026-07-31,45
Infra - Cement,2026-08-03,48
Infra - Cement,2026-08-04,47
Infra - Cement,2026-08-05,49
Infra - Cement,2026-08-06,49
Infra - Cement,2026-08-07,49
Infra - Cement,2026-08-10,48
Infra - Cement,2026-08-11,46
Infra - Cement,2026-08-12,45
Infra - Cement,2026-08-13,44
Infra - Cement,2026-08-14,43
Infra - Cement,2026-08-17,43
Infra - Cement,2026-08-18,42
Infra - Cement,2026-08-19,41
Infra - Cement,2026-08-20,45
Infra - Cement,2026-08-21,45
Infra - Cement,2026-08-24,44
Infra - Cement,2026-08-25,45
Infra - Cement,2026-08-26,49
Infra - Cement,2026-08-27,47
Infra - Cement,2026-08-28,46
Infra - Cement,2026-08-31,43
Infra - Cement,2026-09-01,42
Infra - Cement,2026-09-02,41
Infra - Cement,2026-09-03,43
Infra - Cement,2026-09-04,46
Infra - Cement,2026-09-07,44
Infra - Cement,2026-09-08,42
Infra - Cement,2026-09-09,42
Infra - Cement,2026-09-10,41
Infra - Cement,2026-09-11,39
Infra - Cement,2026-09-15,34
Infra - Cement,2026-09-16,35
Infra - Cement,2026-09-17,38
Infra - Cement,2026-09-18,44
Infra - Cement,2026-09-21,44
Infra - Cement,2026-09-22,43
Infra - Cement,2026-09-23,46
Infra - Cement,2026-09-24,43
Infra - Cement,2026-09-25,43
Infra - Cement,2026-09-28,38
Infra - Cement,2026-09-29,37
Infra - Cement,2026-09-30,40
Infra - Cement,2026-10-01,35
Infra - Ceramics,2026-06-30,
Infra - Ceramics,2026-07-01,
Infra - Ceramics,2026-07-02,
Infra - Ceramics,2026-07-03,
Infra - Ceramics,2026-07-06,
Infra - Ceramics,2026-07-07,
Infra - Ceramics,2026-07-08,
Infra - Ceramics,2026-07-09,
Infra - Ceramics,2026-07-10,
Infra - Ceramics,2026-07-13,
Infra - Ceramics,2026-07-14,
Infra - Ceramics,2026-07-15,
Infra - Ceramics,2026-07-16,
Infra - Ceramics,2026-07-17,
Infra - Ceramics,2026-07-20,47
Infra - Ceramics,2026-07-21,47
Infra - Ceramics,2026-07-22,44
Infra - Ceramics,2026-07-23,48
Infra - Ceramics,2026-07-24,49
Infra - Ceramics,2026-07-27,51
Infra - Ceramics,2026-07-28,49
Infra - Ceramics,2026-07-29,50
Infra - Ceramics,2026-07-30,49
Infra - Ceramics,2026-07-31,49
Infra - Ceramics,2026-08-03,51
Infra - Ceramics,2026-08-04,51
Infra - Ceramics,2026-08-05,48
Infra - Ceramics,2026-08-06,49
Infra - Ceramics,2026-08-07,48
Infra - Ceramics,2026-08-10,51
Infra - Ceramics,2026-08-11,55
Infra - Ceramics,2026-08-12,58
Infra - Ceramics,2026-08-13,56
Infra - Ceramics,2026-08-14,52
Infra - Ceramics,2026-08-17,51
Infra - Ceramics,2026-08-18,49
Infra - Ceramics,2026-08-19,47
Infra - Ceramics,2026-08-20,46
Infra - Ceramics,2026-08-21,51
Infra - Ceramics,2026-08-24,52
Infra - Ceramics,2026-08-25,51
Infra - Ceramics,2026-08-26,52
Infra - Ceramics,2026-08-27,51
Infra - Ceramics,2026-08-28,52
Infra - Ceramics,2026-08-31,54
Infra - Ceramics,2026-09-01,53
Infra - Ceramics,2026-09-02,55
Infra - Ceramics,2026-09-03,57
Infra - Ceramics,2026-09-04,54
Infra - Ceramics,2026-09-07,51
Infra - Ceramics,2026-09-08,51
Infra - Ceramics,2026-09-09,55
Infra - Ceramics,2026-09-10,54
Infra - Ceramics,2026-09-11,51
Infra - Ceramics,2026-09-15,46
Infra - Ceramics,2026-09-16,46
Infra - Ceramics,2026-09-17,47
Infra - Ceramics,2026-09-18,47
Infra - Ceramics,2026-09-21,48
Infra - Ceramics,2026-09-22,49
Infra - Ceramics,2026-09-23,52
Infra - Ceramics,2026-09-24,50
Infra - Ceramics,2026-09-25,51
Infra - Ceramics,2026-09-28,48
Infra - Ceramics,2026-09-29,47
Infra - Ceramics,2026-09-30,50
Infra - Ceramics,2026-10-01,44
Infra - Construction,2026-06-30,
Infra - Construction,2026-07-01,
Infra - Construction,2026-07-02,
Infra - Construction,2026-07-03,
Infra - Construction,2026-07-06,
Infra - Construction,2026-07-07,
Infra - Construction,2026-07-08,
Infra - Construction,2026-07-09,
Infra - Construction,2026-07-10,
Infra - Construction,2026-07-13,
Infra - Construction,2026-07-14,
Infra - Construction,2026-07-15,
Infra - Construction,2026-07-16,
Infra - Construction,2026-07-17,
Infra - Construction,2026-07-20,46
Infra - Construction,2026-07-21,45
Infra - Construction,2026-07-22,42
Infra - Construction,2026-07-23,41
Infra - Construction,2026-07-24,42
Infra - Construction,2026-07-27,43
Infra - Construction,2026-07-28,41
Infra - Construction,2026-07-29,44
Infra - Construction,2026-07-30,42
Infra - Construction,2026-07-31,44
Infra - Construction,2026-08-03,46
Infra - Construction,2026-08-04,47
Infra - Construction,2026-08-05,48
Infra - Construction,2026-08-06,48
Infra - Construction,2026-08-07,48
Infra - Construction,2026-08-10,49
Infra - Construction,2026-08-11,49
Infra - Construction,2026-08-12,46
Infra - Construction,2026-08-13,46
Infra - Construction,2026-08-14,45
Infra - Construction,2026-08-17,45
Infra - Construction,2026-08-18,44
Infra - Construction,2026-08-19,44
Infra - Construction,2026-08-20,45
Infra - Construction,2026-08-21,46
Infra - Construction,2026-08-24,45
Infra - Construction,2026-08-25,46
Infra - Construction,2026-08-26,48
Infra - Construction,2026-08-27,47
Infra - Construction,2026-08-28,46
Infra - Construction,2026-08-31,44
Infra - Construction,2026-09-01,43
Infra - Construction,2026-09-02,42
Infra - Construction,2026-09-03,45
Infra - Construction,2026-09-04,46
Infra - Construction,2026-09-07,45
Infra - Construction,2026-09-08,45
Infra - Construction,2026-09-09,46
Infra - Construction,2026-09-10,46
Infra - Construction,2026-09-11,45
Infra - Construction,2026-09-15,40
Infra - Construction,2026-09-16,40
Infra - Construction,2026-09-17,42
Infra - Construction,2026-09-18,45
Infra - Construction,2026-09-21,45
Infra - Construction,2026-09-22,46
Infra - Construction,2026-09-23,47
Infra - Construction,2026-09-24,45
Infra - Construction,2026-09-25,45
Infra - Construction,2026-09-28,42
Infra - Construction,2026-09-29,42
Infra - Construction,2026-09-30,43
Infra - Construction,2026-10-01,40
Infra - Granites/Marbles,2026-06-30,
Infra - Granites/Marbles,2026-07-01,
Infra - Granites/Marbles,2026-07-02,
Infra - Granites/Marbles,2026-07-03,
Infra - Granites/Marbles,2026-07-06,
Infra - Granites/Marbles,2026-07-07,
Infra - Granites/Marbles,2026-07-08,
Infra - Granites/Marbles,2026-07-09,
Infra - Granites/Marbles,2026-07-10,
Infra - Granites/Marbles,2026-07-13,
Infra - Granites/Marbles,2026-07-14,
Infra - Granites/Marbles,2026-07-15,
Infra - Granites/Marbles,2026-07-16,
Infra - Granites/Marbles,2026-07-17,
Infra - Granites/Marbles,2026-07-20,30
Infra - Granites/Marbles,2026-07-21,35
Infra - Granites/Marbles,2026-07-22,30
Infra - Granites/Marbles,2026-07-23,39
Infra - Granites/Marbles,2026-07-24,32
Infra - Granites/Marbles,2026-07-27,36
Infra - Granites/Marbles,2026-07-28,37
Infra - Granites/Marbles,2026-07-29,35
Infra - Granites/Marbles,2026-07-30,34
Infra - Granites/Marbles,2026-07-31,40
Infra - Granites/Marbles,2026-08-03,38
Infra - Granites/Marbles,2026-08-04,37
Infra - Granites/Marbles,2026-08-05,47
Infra - Granites/Marbles,2026-08-06,48
Infra - Granites/Marbles,2026-08-07,44
Infra - Granites/Marbles,2026-08-10,41
Infra - Granites/Marbles,2026-08-11,46
Infra - Granites/Marbles,2026-08-12,46
Infra - Granites/Marbles,2026-08-13,47
Infra - Granites/Marbles,2026-08-14,48
Infra - Granites/Marbles,2026-08-17,47
Infra - Granites/Marbles,2026-08-18,49
Infra - Granites/Marbles,2026-08-19,47
Infra - Granites/Marbles,2026-08-20,45
Infra - Granites/Marbles,2026-08-21,46
Infra - Granites/Marbles,2026-08-24,43
Infra - Granites/Marbles,2026-08-25,42
Infra - Granites/Marbles,2026-08-26,43
Infra - Granites/Marbles,2026-08-27,42
Infra - Granites/Marbles,2026-08-28,41
Infra - Granites/Marbles,2026-08-31,39
Infra - Granites/Marbles,2026-09-01,38
Infra - Granites/Marbles,2026-09-02,40
Infra - Granites/Marbles,2026-09-03,41
Infra - Granites/Marbles,2026-09-04,41
Infra - Granites/Marbles,2026-09-07,41
Infra - Granites/Marbles,2026-09-08,41
Infra - Granites/Marbles,2026-09-09,38
Infra - Granites/Marbles,2026-09-10,41
Infra - Granites/Marbles,2026-09-11,41
Infra - Granites/Marbles,2026-09-15,37
Infra - Granites/Marbles,2026-09-16,35
Infra - Granites/Marbles,2026-09-17,38
Infra - Granites/Marbles,2026-09-18,40
Infra - Granites/Marbles,2026-09-21,41
Infra - Granites/Marbles,2026-09-22,41
Infra - Granites/Marbles,2026-09-23,46
Infra - Granites/Marbles,2026-09-24,45
Infra - Granites/Marbles,2026-09-25,46
Infra - Granites/Marbles,2026-09-28,42
Infra - Granites/Marbles,2026-09-29,41
Infra - Granites/Marbles,2026-09-30,41
Infra - Granites/Marbles,2026-10-01,37
Infra - Home Furnish,2026-06-30,
Infra - Home Furnish,2026-07-01,
Infra - Home Furnish,2026-07-02,
Infra - Home Furnish,2026-07-03,
Infra - Home Furnish,2026-07-06,
Infra - Home Furnish,2026-07-07,
Infra - Home Furnish,2026-07-08,
Infra - Home Furnish,2026-07-09,
Infra - Home Furnish,2026-07-10,
Infra - Home Furnish,2026-07-13,
Infra - Home Furnish,2026-07-14,
Infra - Home Furnish,2026-07-15,
Infra - Home Furnish,2026-07-16,
Infra - Home Furnish,2026-07-17,
Infra - Home Furnish,2026-07-20,26
Infra - Home Furnish,2026-07-21,28
Infra - Home Furnish,2026-07-22,28
Infra - Home Furnish,2026-07-23,27
Infra - Home Furnish,2026-07-24,30
Infra - Home Furnish,2026-07-27,33
Infra - Home Furnish,2026-07-28,34
Infra - Home Furnish,2026-07-29,37
Infra - Home Furnish,2026-07-30,34
Infra - Home Furnish,2026-07-31,37
Infra - Home Furnish,2026-08-03,39
Infra - Home Furnish,2026-08-04,40
Infra - Home Furnish,2026-08-05,41
Infra - Home Furnish,2026-08-06,41
Infra - Home Furnish,2026-08-07,41
Infra - Home Furnish,2026-08-10,40
Infra - Home Furnish,2026-08-11,41
Infra - Home Furnish,2026-08-12,42
Infra - Home Furnish,2026-08-13,42
Infra - Home Furnish,2026-08-14,37
Infra - Home Furnish,2026-08-17,34
Infra - Home Furnish,2026-08-18,33
Infra - Home Furnish,2026-08-19,35
Infra - Home Furnish,2026-08-20,35
Infra - Home Furnish,2026-08-21,34
Infra - Home Furnish,2026-08-24,33
Infra - Home Furnish,2026-08-25,34
Infra - Home Furnish,2026-08-26,35
Infra - Home Furnish,2026-08-27,33
Infra - Home Furnish,2026-08-28,33
Infra - Home Furnish,2026-08-31,34
Infra - Home Furnish,2026-09-01,33
Infra - Home Furnish,2026-09-02,33
Infra - Home Furnish,2026-09-03,34
Infra - Home Furnish,2026-09-04,37
Infra - Home Furnish,2026-09-07,35
Infra - Home Furnish,2026-09-08,37
Infra - Home Furnish,2026-09-09,36
Infra - Home Furnish,2026-09-10,39
Infra - Home Furnish,2026-09-11,38
Infra - Home Furnish,2026-09-15,35
Infra - Home Furnish,2026-09-16,36
Infra - Home Furnish,2026-09-17,41
Infra - Home Furnish,2026-09-18,40
Infra - Home Furnish,2026-09-21,39
Infra - Home Furnish,2026-09-22,39
Infra - Home Furnish,2026-09-23,42
Infra - Home Furnish,2026-09-24,41
Infra - Home Furnish,2026-09-25,43
Infra - Home Furnish,2026-09-28,39
Infra - Home Furnish,2026-09-29,38
Infra - Home Furnish,2026-09-30,38
Infra - Home Furnish,2026-10-01,36
Infra - Laminates,2026-06-30,
Infra - Laminates,2026-07-01,
Infra - Laminates,2026-07-02,
Infra - Laminates,2026-07-03,
Infra - Laminates,2026-07-06,
Infra - Laminates,2026-07-07,
Infra - Laminates,2026-07-08,
Infra - Laminates,2026-07-09,
Infra - Laminates,2026-07-10,
Infra - Laminates,2026-07-13,
Infra - Laminates,2026-07-14,
Infra - Laminates,2026-07-15,
Infra - Laminates,2026-07-16,
Infra - Laminates,2026-07-17,
Infra - Laminates,2026-07-20,48
Infra - Laminates,2026-07-21,50
Infra - Laminates,2026-07-22,51
Infra - Laminates,2026-07-23,48
Infra - Laminates,2026-07-24,51
Infra - Laminates,2026-07-27,50
Infra - Laminates,2026-07-28,50
Infra - Laminates,2026-07-29,49
Infra - Laminates,2026-07-30,48
Infra - Laminates,2026-07-31,49
Infra - Laminates,2026-08-03,49
Infra - Laminates,2026-08-04,51
Infra - Laminates,2026-08-05,53
Infra - Laminates,2026-08-06,54
Infra - Laminates,2026-08-07,54
Infra - Laminates,2026-08-10,52
Infra - Laminates,2026-08-11,49
Infra - Laminates,2026-08-12,48
Infra - Laminates,2026-08-13,49
Infra - Laminates,2026-08-14,47
Infra - Laminates,2026-08-17,46
Infra - Laminates,2026-08-18,46
Infra - Laminates,2026-08-19,48
Infra - Laminates,2026-08-20,49
Infra - Laminates,2026-08-21,49
Infra - Laminates,2026-08-24,50
Infra - Laminates,2026-08-25,51
Infra - Laminates,2026-08-26,49
Infra - Laminates,2026-08-27,46
Infra - Laminates,2026-08-28,49
Infra - Laminates,2026-08-31,48
Infra - Laminates,2026-09-01,46
Infra - Laminates,2026-09-02,46
Infra - Laminates,2026-09-03,46
Infra - Laminates,2026-09-04,47
Infra - Laminates,2026-09-07,46
Infra - Laminates,2026-09-08,48
Infra - Laminates,2026-09-09,46
Infra - Laminates,2026-09-10,44
Infra - Laminates,2026-09-11,42
Infra - Laminates,2026-09-15,39
Infra - Laminates,2026-09-16,43
Infra - Laminates,2026-09-17,45
Infra - Laminates,2026-09-18,48
Infra - Laminates,2026-09-21,47
Infra - Laminates,2026-09-22,47
Infra - Laminates,2026-09-23,50
Infra - Laminates,2026-09-24,48
Infra - Laminates,2026-09-25,47
Infra - Laminates,2026-09-28,44
Infra - Laminates,2026-09-29,42
Infra - Laminates,2026-09-30,48
Infra - Laminates,2026-10-01,44
Infra - Plastic Pipes,2026-06-30,
Infra - Plastic Pipes,2026-07-01,
Infra - Plastic Pipes,2026-07-02,
Infra - Plastic Pipes,2026-07-03,
Infra - Plastic Pipes,2026-07-06,
Infra - Plastic Pipes,2026-07-07,
Infra - Plastic Pipes,2026-07-08,
Infra - Plastic Pipes,2026-07-09,
Infra - Plastic Pipes,2026-07-10,
Infra - Plastic Pipes,2026-07-13,
Infra - Plastic Pipes,2026-07-14,
Infra - Plastic Pipes,2026-07-15,
Infra - Plastic Pipes,2026-07-16,
Infra - Plastic Pipes,2026-07-17,
Infra - Plastic Pipes,2026-07-20,47
Infra - Plastic Pipes,2026-07-21,47
Infra - Plastic Pipes,2026-07-22,47
Infra - Plastic Pipes,2026-07-23,45
Infra - Plastic Pipes,2026-07-24,48
Infra - Plastic Pipes,2026-07-27,49
Infra - Plastic Pipes,2026-07-28,48
Infra - Plastic Pipes,2026-07-29,50
Infra - Plastic Pipes,2026-07-30,48
Infra - Plastic Pipes,2026-07-31,47
Infra - Plastic Pipes,2026-08-03,49
Infra - Plastic Pipes,2026-08-04,51
Infra - Plastic Pipes,2026-08-05,51
Infra - Plastic Pipes,2026-08-06,52
Infra - Plastic Pipes,2026-08-07,49
Infra - Plastic Pipes,2026-08-10,47
Infra - Plastic Pipes,2026-08-11,47
Infra - Plastic Pipes,2026-08-12,48
Infra - Plastic Pipes,2026-08-13,54
Infra - Plastic Pipes,2026-08-14,53
Infra - Plastic Pipes,2026-08-17,55
Infra - Plastic Pipes,2026-08-18,55
Infra - Plastic Pipes,2026-08-19,55
Infra - Plastic Pipes,2026-08-20,54
Infra - Plastic Pipes,2026-08-21,54
Infra - Plastic Pipes,2026-08-24,57
Infra - Plastic Pipes,2026-08-25,57
Infra - Plastic Pipes,2026-08-26,57
Infra - Plastic Pipes,2026-08-27,57
Infra - Plastic Pipes,2026-08-28,55
Infra - Plastic Pipes,2026-08-31,52
Infra - Plastic Pipes,2026-09-01,50
Infra - Plastic Pipes,2026-09-02,48
Infra - Plastic Pipes,2026-09-03,50
Infra - Plastic Pipes,2026-09-04,52
Infra - Plastic Pipes,2026-09-07,53
Infra - Plastic Pipes,2026-09-08,53
Infra - Plastic Pipes,2026-09-09,56
Infra - Plastic Pipes,2026-09-10,54
Infra - Plastic Pipes,2026-09-11,50
Infra - Plastic Pipes,2026-09-15,44
Infra - Plastic Pipes,2026-09-16,42
Infra - Plastic Pipes,2026-09-17,46
Infra - Plastic Pipes,2026-09-18,48
Infra - Plastic Pipes,2026-09-21,46
Infra - Plastic Pipes,2026-09-22,45
Infra - Plastic Pipes,2026-09-23,49
Infra - Plastic Pipes,2026-09-24,47
Infra - Plastic Pipes,2026-09-25,46
Infra - Plastic Pipes,2026-09-28,43
Infra - Plastic Pipes,2026-09-29,43
Infra - Plastic Pipes,2026-09-30,43
Infra - Plastic Pipes,2026-10-01,39
Internet & Catalogue Retail,2026-06-30,
Internet & Catalogue Retail,2026-07-01,
Internet & Catalogue Retail,2026-07-02,
Internet & Catalogue Retail,2026-07-03,
Internet & Catalogue Retail,2026-07-06,
Internet & Catalogue Retail,2026-07-07,
Internet & Catalogue Retail,2026-07-08,
Internet & Catalogue Retail,2026-07-09,
Internet & Catalogue Retail,2026-07-10,
Internet & Catalogue Retail,2026-07-13,
Internet & Catalogue Retail,2026-07-14,
Internet & Catalogue Retail,2026-07-15,
Internet & Catalogue Retail,2026-07-16,
Internet & Catalogue Retail,2026-07-17,
Internet & Catalogue Retail,2026-07-20,10
Internet & Catalogue Retail,2026-07-21,16
Internet & Catalogue Retail,2026-07-22,15
Internet & Catalogue Retail,2026-07-23,18
Internet & Catalogue Retail,2026-07-24,17
Internet & Catalogue Retail,2026-07-27,35
Internet & Catalogue Retail,2026-07-28,32
Internet & Catalogue Retail,2026-07-29,34
Internet & Catalogue Retail,2026-07-30,34
Internet & Catalogue Retail,2026-07-31,39
Internet & Catalogue Retail,2026-08-03,40
Internet & Catalogue Retail,2026-08-04,36
Internet & Catalogue Retail,2026-08-05,30
Internet & Catalogue Retail,2026-08-06,33
Internet & Catalogue Retail,2026-08-07,37
Internet & Catalogue Retail,2026-08-10,36
Internet & Catalogue Retail,2026-08-11,34
Internet & Catalogue Retail,2026-08-12,32
Internet & Catalogue Retail,2026-08-13,30
Internet & Catalogue Retail,2026-08-14,30
Internet & Catalogue Retail,2026-08-17,27
Internet & Catalogue Retail,2026-08-18,26
Internet & Catalogue Retail,2026-08-19,24
Internet & Catalogue Retail,2026-08-20,24
Internet & Catalogue Retail,2026-08-21,27
Internet & Catalogue Retail,2026-08-24,29
Internet & Catalogue Retail,2026-08-25,36
Internet & Catalogue Retail,2026-08-26,39
Internet & Catalogue Retail,2026-08-27,36
Internet & Catalogue Retail,2026-08-28,33
Internet & Catalogue Retail,2026-08-31,27
Internet & Catalogue Retail,2026-09-01,26
Internet & Catalogue Retail,2026-09-02,28
Internet & Catalogue Retail,2026-09-03,25
Internet & Catalogue Retail,2026-09-04,24
Internet & Catalogue Retail,2026-09-07,28
Internet & Catalogue Retail,2026-09-08,45
Internet & Catalogue Retail,2026-09-09,50
Internet & Catalogue Retail,2026-09-10,54
Internet & Catalogue Retail,2026-09-11,61
Internet & Catalogue Retail,2026-09-15,53
Internet & Catalogue Retail,2026-09-16,49
Internet & Catalogue Retail,2026-09-17,49
Internet & Catalogue Retail,2026-09-18,46
Internet & Catalogue Retail,2026-09-21,50
Internet & Catalogue Retail,2026-09-22,50
Internet & Catalogue Retail,2026-09-23,50
Internet & Catalogue Retail,2026-09-24,60
Internet & Catalogue Retail,2026-09-25,55
Internet & Catalogue Retail,2026-09-28,49
Internet & Catalogue Retail,2026-09-29,42
Internet & Catalogue Retail,2026-09-30,43
Internet & Catalogue Retail,2026-10-01,40
Iron & Steel Products,2026-06-30,
Iron & Steel Products,2026-07-01,
Iron & Steel Products,2026-07-02,
Iron & Steel Products,2026-07-03,
Iron & Steel Products,2026-07-06,
Iron & Steel Products,2026-07-07,
Iron & Steel Products,2026-07-08,
Iron & Steel Products,2026-07-09,
Iron & Steel Products,2026-07-10,
Iron & Steel Products,2026-07-13,
Iron & Steel Products,2026-07-14,
Iron & Steel Products,2026-07-15,
Iron & Steel Products,2026-07-16,
Iron & Steel Products,2026-07-17,
Iron & Steel Products,2026-07-20,59
Iron & Steel Products,2026-07-21,57
Iron & Steel Products,2026-07-22,58
Iron & Steel Products,2026-07-23,59
Iron & Steel Products,2026-07-24,57
Iron & Steel Products,2026-07-27,61
Iron & Steel Products,2026-07-28,64
Iron & Steel Products,2026-07-29,66
Iron & Steel Products,2026-07-30,68
Iron & Steel Products,2026-07-31,70
Iron & Steel Products,2026-08-03,73
Iron & Steel Products,2026-08-04,75
Iron & Steel Products,2026-08-05,77
Iron & Steel Products,2026-08-06,79
Iron & Steel Products,2026-08-07,81
Iron & Steel Products,2026-08-10,82
Iron & Steel Products,2026-08-11,39
Iron & Steel Products,2026-08-12,36
Iron & Steel Products,2026-08-13,25
Iron & Steel Products,2026-08-14,26
Iron & Steel Products,2026-08-17,27
Iron & Steel Products,2026-08-18,27
Iron & Steel Products,2026-08-19,28
Iron & Steel Products,2026-08-20,31
Iron & Steel Products,2026-08-21,42
Iron & Steel Products,2026-08-24,35
Iron & Steel Products,2026-08-25,35
Iron & Steel Products,2026-08-26,36
Iron & Steel Products,2026-08-27,34
Iron & Steel Products,2026-08-28,31
Iron & Steel Products,2026-08-31,29
Iron & Steel Products,2026-09-01,29
Iron & Steel Products,2026-09-02,39
Iron & Steel Products,2026-09-03,48
Iron & Steel Products,2026-09-04,55
Iron & Steel Products,2026-09-07,59
Iron & Steel Products,2026-09-08,62
Iron & Steel Products,2026-09-09,57
Iron & Steel Products,2026-09-22,36
Iron & Steel Products,2026-09-28,33
Iron & Steel Products,2026-09-29,35
Iron & Steel Products,2026-09-30,38
Leather Products,2026-06-30,
Leather Products,2026-07-01,
Leather Products,2026-07-02,
Leather Products,2026-07-03,
Leather Products,2026-07-06,
Leather Products,2026-07-07,
Leather Products,2026-07-08,
Leather Products,2026-07-09,
Leather Products,2026-07-10,
Leather Products,2026-07-13,
Leather Products,2026-07-14,
Leather Products,2026-07-15,
Leather Products,2026-07-16,
Leather Products,2026-07-17,
Leather Products,2026-07-20,38
Leather Products,2026-07-21,35
Leather Products,2026-07-22,34
Leather Products,2026-07-23,32
Leather Products,2026-07-24,31
Leather Products,2026-07-27,37
Leather Products,2026-07-28,37
Leather Products,2026-07-29,37
Leather Products,2026-07-30,35
Leather Products,2026-07-31,35
Leather Products,2026-08-03,39
Leather Products,2026-08-04,41
Leather Products,2026-08-05,40
Leather Products,2026-08-06,42
Leather Products,2026-08-07,46
Leather Products,2026-08-10,49
Leather Products,2026-08-11,50
Leather Products,2026-08-12,45
Leather Products,2026-08-13,48
Leather Products,2026-08-14,45
Leather Products,2026-08-17,44
Leather Products,2026-08-18,42
Leather Products,2026-08-19,44
Leather Products,2026-08-20,45
Leather Products,2026-08-21,45
Leather Products,2026-08-24,46
Leather Products,2026-08-25,50
Leather Products,2026-08-26,50
Leather Products,2026-08-27,48
Leather Products,2026-08-28,51
Leather Products,2026-08-31,48
Leather Products,2026-09-01,50
Leather Products,2026-09-02,46
Leather Products,2026-09-03,48
Leather Products,2026-09-04,48
Leather Products,2026-09-07,47
Leather Products,2026-09-08,49
Leather Products,2026-09-09,56
Leather Products,2026-09-10,54
Leather Products,2026-09-11,51
Leather Products,2026-09-15,47
Leather Products,2026-09-16,46
Leather Products,2026-09-17,49
Leather Products,2026-09-18,47
Leather Products,2026-09-21,48
Leather Products,2026-09-22,47
Leather Products,2026-09-23,47
Leather Products,2026-09-24,45
Leather Products,2026-09-25,45
Leather Products,2026-09-28,41
Leather Products,2026-09-29,42
Leather Products,2026-09-30,41
Leather Products,2026-10-01,40
Leisure - Hotels,2026-06-30,
Leisure - Hotels,2026-07-01,
Leisure - Hotels,2026-07-02,
Leisure - Hotels,2026-07-03,
Leisure - Hotels,2026-07-06,
Leisure - Hotels,2026-07-07,
Leisure - Hotels,2026-07-08,
Leisure - Hotels,2026-07-09,
Leisure - Hotels,2026-07-10,
Leisure - Hotels,2026-07-13,
Leisure - Hotels,2026-07-14,
Leisure - Hotels,2026-07-15,
Leisure - Hotels,2026-07-16,
Leisure - Hotels,2026-07-17,
Leisure - Hotels,2026-07-20,49
Leisure - Hotels,2026-07-21,49
Leisure - Hotels,2026-07-22,46
Leisure - Hotels,2026-07-23,44
Leisure - Hotels,2026-07-24,45
Leisure - Hotels,2026-07-27,49
Leisure - Hotels,2026-07-28,46
Leisure - Hotels,2026-07-29,49
Leisure - Hotels,2026-07-30,48
Leisure - Hotels,2026-07-31,47
Leisure - Hotels,2026-08-03,50
Leisure - Hotels,2026-08-04,51
Leisure - Hotels,2026-08-05,49
Leisure - Hotels,2026-08-06,50
Leisure - Hotels,2026-08-07,47
Leisure - Hotels,2026-08-10,45
Leisure - Hotels,2026-08-11,44
Leisure - Hotels,2026-08-12,44
Leisure - Hotels,2026-08-13,44
Leisure - Hotels,2026-08-14,43
Leisure - Hotels,2026-08-17,43
Leisure - Hotels,2026-08-18,43
Leisure - Hotels,2026-08-19,43
Leisure - Hotels,2026-08-20,46
Leisure - Hotels,2026-08-21,46
Leisure - Hotels,2026-08-24,48
Leisure - Hotels,2026-08-25,48
Leisure - Hotels,2026-08-26,48
Leisure - Hotels,2026-08-27,47
Leisure - Hotels,2026-08-28,46
Leisure - Hotels,2026-08-31,46
Leisure - Hotels,2026-09-01,46
Leisure - Hotels,2026-09-02,48
Leisure - Hotels,2026-09-03,47
Leisure - Hotels,2026-09-04,47
Leisure - Hotels,2026-09-07,46
Leisure - Hotels,2026-09-08,47
Leisure - Hotels,2026-09-09,45
Leisure - Hotels,2026-09-10,46
Leisure - Hotels,2026-09-11,45
Leisure - Hotels,2026-09-15,41
Leisure - Hotels,2026-09-16,42
Leisure - Hotels,2026-09-17,45
Leisure - Hotels,2026-09-18,49
Leisure - Hotels,2026-09-21,48
Leisure - Hotels,2026-09-22,50
Leisure - Hotels,2026-09-23,51
Leisure - Hotels,2026-09-24,49
Leisure - Hotels,2026-09-25,48
Leisure - Hotels,2026-09-28,43
Leisure - Hotels,2026-09-29,43
Leisure - Hotels,2026-09-30,46
Leisure - Hotels,2026-10-01,43
Leisure - Misc,2026-06-30,
Leisure - Misc,2026-07-01,
Leisure - Misc,2026-07-02,
Leisure - Misc,2026-07-03,
Leisure - Misc,2026-07-06,
Leisure - Misc,2026-07-07,
Leisure - Misc,2026-07-08,
Leisure - Misc,2026-07-09,
Leisure - Misc,2026-07-10,
Leisure - Misc,2026-07-13,
Leisure - Misc,2026-07-14,
Leisure - Misc,2026-07-15,
Leisure - Misc,2026-07-16,
Leisure - Misc,2026-07-17,
Leisure - Misc,2026-07-20,43
Leisure - Misc,2026-07-21,44
Leisure - Misc,2026-07-22,45
Leisure - Misc,2026-07-23,43
Leisure - Misc,2026-07-24,45
Leisure - Misc,2026-07-27,47
Leisure - Misc,2026-07-28,46
Leisure - Misc,2026-07-29,48
Leisure - Misc,2026-07-30,47
Leisure - Misc,2026-07-31,51
Leisure - Misc,2026-08-03,56
Leisure - Misc,2026-08-04,56
Leisure - Misc,2026-08-05,58
Leisure - Misc,2026-08-06,56
Leisure - Misc,2026-08-07,54
Leisure - Misc,2026-08-10,53
Leisure - Misc,2026-08-11,54
Leisure - Misc,2026-08-12,51
Leisure - Misc,2026-08-13,51
Leisure - Misc,2026-08-14,51
Leisure - Misc,2026-08-17,51
Leisure - Misc,2026-08-18,51
Leisure - Misc,2026-08-19,52
Leisure - Misc,2026-08-20,54
Leisure - Misc,2026-08-21,57
Leisure - Misc,2026-08-24,53
Leisure - Misc,2026-08-25,54
Leisure - Misc,2026-08-26,53
Leisure - Misc,2026-08-27,54
Leisure - Misc,2026-08-28,52
Leisure - Misc,2026-08-31,51
Leisure - Misc,2026-09-01,50
Leisure - Misc,2026-09-02,48
Leisure - Misc,2026-09-03,48
Leisure - Misc,2026-09-04,50
Leisure - Misc,2026-09-07,50
Leisure - Misc,2026-09-08,49
Leisure - Misc,2026-09-09,49
Leisure - Misc,2026-09-10,45
Leisure - Misc,2026-09-11,43
Leisure - Misc,2026-09-15,40
Leisure - Misc,2026-09-16,42
Leisure - Misc,2026-09-17,43
Leisure - Misc,2026-09-18,49
Leisure - Misc,2026-09-21,50
Leisure - Misc,2026-09-22,50
Leisure - Misc,2026-09-23,52
Leisure - Misc,2026-09-24,49
Leisure - Misc,2026-09-25,49
Leisure - Misc,2026-09-28,46
Leisure - Misc,2026-09-29,47
Leisure - Misc,2026-09-30,47
Leisure - Misc,2026-10-01,44
Leisure - Restaurants,2026-06-30,
Leisure - Restaurants,2026-07-01,
Leisure - Restaurants,2026-07-02,
Leisure - Restaurants,2026-07-03,
Leisure - Restaurants,2026-07-06,
Leisure - Restaurants,2026-07-07,
Leisure - Restaurants,2026-07-08,
Leisure - Restaurants,2026-07-09,
Leisure - Restaurants,2026-07-10,
Leisure - Restaurants,2026-07-13,
Leisure - Restaurants,2026-07-14,
Leisure - Restaurants,2026-07-15,
Leisure - Restaurants,2026-07-16,
Leisure - Restaurants,2026-07-17,
Leisure - Restaurants,2026-07-20,59
Leisure - Restaurants,2026-07-21,58
Leisure - Restaurants,2026-07-22,57
Leisure - Restaurants,2026-07-23,55
Leisure - Restaurants,2026-07-24,56
Leisure - Restaurants,2026-07-27,59
Leisure - Restaurants,2026-07-28,57
Leisure - Restaurants,2026-07-29,60
Leisure - Restaurants,2026-07-30,60
Leisure - Restaurants,2026-07-31,56
Leisure - Restaurants,2026-08-03,62
Leisure - Restaurants,2026-08-04,69
Leisure - Restaurants,2026-08-05,74
Leisure - Restaurants,2026-08-06,72
Leisure - Restaurants,2026-08-07,75
Leisure - Restaurants,2026-08-10,71
Leisure - Restaurants,2026-08-11,72
Leisure - Restaurants,2026-08-12,69
Leisure - Restaurants,2026-08-13,66
Leisure - Restaurants,2026-08-14,65
Leisure - Restaurants,2026-08-17,65
Leisure - Restaurants,2026-08-18,66
Leisure - Restaurants,2026-08-19,63
Leisure - Restaurants,2026-08-20,66
Leisure - Restaurants,2026-08-21,65
Leisure - Restaurants,2026-08-24,66
Leisure - Restaurants,2026-08-25,65
Leisure - Restaurants,2026-08-26,62
Leisure - Restaurants,2026-08-27,58
Leisure - Restaurants,2026-08-28,55
Leisure - Restaurants,2026-08-31,54
Leisure - Restaurants,2026-09-01,51
Leisure - Restaurants,2026-09-02,51
Leisure - Restaurants,2026-09-03,52
Leisure - Restaurants,2026-09-04,52
Leisure - Restaurants,2026-09-07,49
Leisure - Restaurants,2026-09-08,51
Leisure - Restaurants,2026-09-09,52
Leisure - Restaurants,2026-09-10,51
Leisure - Restaurants,2026-09-11,51
Leisure - Restaurants,2026-09-15,47
Leisure - Restaurants,2026-09-16,48
Leisure - Restaurants,2026-09-17,51
Leisure - Restaurants,2026-09-18,53
Leisure - Restaurants,2026-09-21,54
Leisure - Restaurants,2026-09-22,56
Leisure - Restaurants,2026-09-23,55
Leisure - Restaurants,2026-09-24,50
Leisure - Restaurants,2026-09-25,50
Leisure - Restaurants,2026-09-28,47
Leisure - Restaurants,2026-09-29,47
Leisure - Restaurants,2026-09-30,46
Leisure - Restaurants,2026-10-01,44
Life Insurance,2026-06-30,
Life Insurance,2026-07-01,
Life Insurance,2026-07-02,
Life Insurance,2026-07-03,
Life Insurance,2026-07-06,
Life Insurance,2026-07-07,
Life Insurance,2026-07-08,
Life Insurance,2026-07-09,
Life Insurance,2026-07-10,
Life Insurance,2026-07-13,
Life Insurance,2026-07-14,
Life Insurance,2026-07-15,
Life Insurance,2026-07-16,
Life Insurance,2026-07-17,
Life Insurance,2026-07-20,73
Life Insurance,2026-07-21,79
Life Insurance,2026-07-22,68
Life Insurance,2026-07-23,70
Life Insurance,2026-07-24,56
Life Insurance,2026-07-27,51
Life Insurance,2026-07-28,46
Life Insurance,2026-07-29,55
Life Insurance,2026-07-30,55
Life Insurance,2026-07-31,53
Life Insurance,2026-08-03,60
Life Insurance,2026-08-04,56
Life Insurance,2026-08-05,58
Life Insurance,2026-08-06,58
Life Insurance,2026-08-07,61
Life Insurance,2026-08-10,55
Life Insurance,2026-08-11,55
Life Insurance,2026-08-12,51
Life Insurance,2026-08-13,56
Life Insurance,2026-08-14,53
Life Insurance,2026-08-17,53
Life Insurance,2026-08-18,54
Life Insurance,2026-08-19,58
Life Insurance,2026-08-20,58
Life Insurance,2026-08-21,64
Life Insurance,2026-08-24,63
Life Insurance,2026-08-25,56
Life Insurance,2026-08-26,59
Life Insurance,2026-08-27,64
Life Insurance,2026-08-28,58
Life Insurance,2026-08-31,61
Life Insurance,2026-09-01,56
Life Insurance,2026-09-02,53
Life Insurance,2026-09-03,56
Life Insurance,2026-09-04,61
Life Insurance,2026-09-07,54
Life Insurance,2026-09-08,54
Life Insurance,2026-09-09,45
Life Insurance,2026-09-10,51
Life Insurance,2026-09-11,50
Life Insurance,2026-09-15,50
Life Insurance,2026-09-16,54
Life Insurance,2026-09-17,56
Life Insurance,2026-09-18,52
Life Insurance,2026-09-21,51
Life Insurance,2026-09-22,52
Life Insurance,2026-09-23,48
Life Insurance,2026-09-24,48
Life Insurance,2026-09-25,46
Life Insurance,2026-09-28,40
Life Insurance,2026-09-29,45
Life Insurance,2026-09-30,43
Life Insurance,2026-10-01,35
Media - Entertainment,2026-06-30,
Media - Entertainment,2026-07-01,
Media - Entertainment,2026-07-02,
Media - Entertainment,2026-07-03,
Media - Entertainment,2026-07-06,
Media - Entertainment,2026-07-07,
Media - Entertainment,2026-07-08,
Media - Entertainment,2026-07-09,
Media - Entertainment,2026-07-10,
Media - Entertainment,2026-07-13,
Media - Entertainment,2026-07-14,
Media - Entertainment,2026-07-15,
Media - Entertainment,2026-07-16,
Media - Entertainment,2026-07-17,
Media - Entertainment,2026-07-20,60
Media - Entertainment,2026-07-21,60
Media - Entertainment,2026-07-22,56
Media - Entertainment,2026-07-23,55
Media - Entertainment,2026-07-24,52
Media - Entertainment,2026-07-27,52
Media - Entertainment,2026-07-28,50
Media - Entertainment,2026-07-29,54
Media - Entertainment,2026-07-30,53
Media - Entertainment,2026-07-31,53
Media - Entertainment,2026-08-03,55
Media - Entertainment,2026-08-04,56
Media - Entertainment,2026-08-05,55
Media - Entertainment,2026-08-06,54
Media - Entertainment,2026-08-07,48
Media - Entertainment,2026-08-10,53
Media - Entertainment,2026-08-11,55
Media - Entertainment,2026-08-12,55
Media - Entertainment,2026-08-13,55
Media - Entertainment,2026-08-14,55
Media - Entertainment,2026-08-17,55
Media - Entertainment,2026-08-18,53
Media - Entertainment,2026-08-19,53
Media - Entertainment,2026-08-20,58
Media - Entertainment,2026-08-21,58
Media - Entertainment,2026-08-24,55
Media - Entertainment,2026-08-25,57
Media - Entertainment,2026-08-26,61
Media - Entertainment,2026-08-27,54
Media - Entertainment,2026-08-28,53
Media - Entertainment,2026-08-31,47
Media - Entertainment,2026-09-01,48
Media - Entertainment,2026-09-02,46
Media - Entertainment,2026-09-03,46
Media - Entertainment,2026-09-04,51
Media - Entertainment,2026-09-07,47
Media - Entertainment,2026-09-08,48
Media - Entertainment,2026-09-09,46
Media - Entertainment,2026-09-10,46
Media - Entertainment,2026-09-11,43
Media - Entertainment,2026-09-15,43
Media - Entertainment,2026-09-16,42
Media - Entertainment,2026-09-17,45
Media - Entertainment,2026-09-18,47
Media - Entertainment,2026-09-21,46
Media - Entertainment,2026-09-22,47
Media - Entertainment,2026-09-23,49
Media - Entertainment,2026-09-24,48
Media - Entertainment,2026-09-25,48
Media - Entertainment,2026-09-28,43
Media - Entertainment,2026-09-29,39
Media - Entertainment,2026-09-30,39
Media - Entertainment,2026-10-01,36
Media - Entertaintment,2026-06-30,
Media - Entertaintment,2026-07-01,
Media - Entertaintment,2026-07-02,
Media - Entertaintment,2026-07-03,
Media - Entertaintment,2026-07-06,
Media - Entertaintment,2026-07-07,
Media - Entertaintment,2026-07-08,
Media - Entertaintment,2026-07-09,
Media - Entertaintment,2026-07-10,
Media - Entertaintment,2026-07-13,
Media - Entertaintment,2026-07-14,
Media - Entertaintment,2026-07-15,
Media - Entertaintment,2026-07-16,
Media - Entertaintment,2026-07-17,
Media - Entertaintment,2026-07-20,72
Media - Entertaintment,2026-07-21,73
Media - Entertaintment,2026-07-22,55
Media - Entertaintment,2026-07-23,58
Media - Entertaintment,2026-07-24,61
Media - Entertaintment,2026-07-27,65
Media - Entertaintment,2026-07-28,64
Media - Entertaintment,2026-07-29,65
Media - Entertaintment,2026-07-30,60
Media - Entertaintment,2026-07-31,61
Media - Entertaintment,2026-08-03,60
Media - Entertaintment,2026-08-04,62
Media - Entertaintment,2026-08-05,65
Media - Entertaintment,2026-08-06,56
Media - Entertaintment,2026-08-07,54
Media - Entertaintment,2026-08-10,57
Media - Entertaintment,2026-08-11,57
Media - Entertaintment,2026-08-12,55
Media - Entertaintment,2026-08-13,57
Media - Entertaintment,2026-08-14,56
Media - Entertaintment,2026-08-17,54
Media - Entertaintment,2026-08-18,52
Media - Entertaintment,2026-08-19,50
Media - Entertaintment,2026-08-20,52
Media - Entertaintment,2026-08-21,50
Media - Entertaintment,2026-08-24,49
Media - Entertaintment,2026-08-25,49
Media - Entertaintment,2026-08-26,48
Media - Entertaintment,2026-08-27,48
Media - Entertaintment,2026-08-28,47
Media - Entertaintment,2026-08-31,44
Media - Entertaintment,2026-09-01,47
Media - Entertaintment,2026-09-02,42
Media - Entertaintment,2026-09-03,50
Media - Entertaintment,2026-09-04,49
Media - Entertaintment,2026-09-07,48
Media - Entertaintment,2026-09-08,49
Media - Entertaintment,2026-09-09,51
Media - Entertaintment,2026-09-10,54
Media - Entertaintment,2026-09-11,54
Media - Entertaintment,2026-09-15,49
Media - Entertaintment,2026-09-16,48
Media - Entertaintment,2026-09-17,50
Media - Entertaintment,2026-09-18,53
Media - Entertaintment,2026-09-21,50
Media - Entertaintment,2026-09-22,54
Media - Entertaintment,2026-09-23,57
Media - Entertaintment,2026-09-24,52
Media - Entertaintment,2026-09-25,54
Media - Entertaintment,2026-09-28,49
Media - Entertaintment,2026-09-29,47
Media - Entertaintment,2026-09-30,53
Media - Entertaintment,2026-10-01,46
Media - Films,2026-06-30,
Media - Films,2026-07-01,
Media - Films,2026-07-02,
Media - Films,2026-07-03,
Media - Films,2026-07-06,
Media - Films,2026-07-07,
Media - Films,2026-07-08,
Media - Films,2026-07-09,
Media - Films,2026-07-10,
Media - Films,2026-07-13,
Media - Films,2026-07-14,
Media - Films,2026-07-15,
Media - Films,2026-07-16,
Media - Films,2026-07-17,
Media - Films,2026-07-20,46
Media - Films,2026-07-21,54
Media - Films,2026-07-22,48
Media - Films,2026-07-23,55
Media - Films,2026-07-24,56
Media - Films,2026-07-27,57
Media - Films,2026-07-28,56
Media - Films,2026-07-29,58
Media - Films,2026-07-30,54
Media - Films,2026-07-31,53
Media - Films,2026-08-03,56
Media - Films,2026-08-04,55
Media - Films,2026-08-05,56
Media - Films,2026-08-06,55
Media - Films,2026-08-07,55
Media - Films,2026-08-10,52
Media - Films,2026-08-11,52
Media - Films,2026-08-12,50
Media - Films,2026-08-13,49
Media - Films,2026-08-14,47
Media - Films,2026-08-17,46
Media - Films,2026-08-18,48
Media - Films,2026-08-19,48
Media - Films,2026-08-20,51
Media - Films,2026-08-21,51
Media - Films,2026-08-24,53
Media - Films,2026-08-25,51
Media - Films,2026-08-26,51
Media - Films,2026-08-27,50
Media - Films,2026-08-28,47
Media - Films,2026-08-31,46
Media - Films,2026-09-01,46
Media - Films,2026-09-02,44
Media - Films,2026-09-03,47
Media - Films,2026-09-04,48
Media - Films,2026-09-07,47
Media - Films,2026-09-08,48
Media - Films,2026-09-09,46
Media - Films,2026-09-10,46
Media - Films,2026-09-11,46
Media - Films,2026-09-15,44
Media - Films,2026-09-16,43
Media - Films,2026-09-17,46
Media - Films,2026-09-18,48
Media - Films,2026-09-21,48
Media - Films,2026-09-22,48
Media - Films,2026-09-23,47
Media - Films,2026-09-24,42
Media - Films,2026-09-25,46
Media - Films,2026-09-28,44
Media - Films,2026-09-29,44
Media - Films,2026-09-30,43
Media - Films,2026-10-01,41
Media - Misc,2026-06-30,
Media - Misc,2026-07-01,
Media - Misc,2026-07-02,
Media - Misc,2026-07-03,
Media - Misc,2026-07-06,
Media - Misc,2026-07-07,
Media - Misc,2026-07-08,
Media - Misc,2026-07-09,
Media - Misc,2026-07-10,
Media - Misc,2026-07-13,
Media - Misc,2026-07-14,
Media - Misc,2026-07-15,
Media - Misc,2026-07-16,
Media - Misc,2026-07-17,
Media - Misc,2026-07-20,27
Media - Misc,2026-07-21,24
Media - Misc,2026-07-22,24
Media - Misc,2026-07-23,23
Media - Misc,2026-07-24,26
Media - Misc,2026-07-27,29
Media - Misc,2026-07-28,27
Media - Misc,2026-07-29,33
Media - Misc,2026-07-30,32
Media - Misc,2026-07-31,31
Media - Misc,2026-08-03,32
Media - Misc,2026-08-04,32
Media - Misc,2026-08-05,39
Media - Misc,2026-08-06,39
Media - Misc,2026-08-07,42
Media - Misc,2026-08-10,43
Media - Misc,2026-08-11,43
Media - Misc,2026-08-12,42
Media - Misc,2026-08-13,39
Media - Misc,2026-08-14,39
Media - Misc,2026-08-17,38
Media - Misc,2026-08-18,36
Media - Misc,2026-08-19,36
Media - Misc,2026-08-20,37
Media - Misc,2026-08-21,45
Media - Misc,2026-08-24,49
Media - Misc,2026-08-25,50
Media - Misc,2026-08-26,51
Media - Misc,2026-08-27,47
Media - Misc,2026-08-28,44
Media - Misc,2026-08-31,45
Media - Misc,2026-09-01,42
Media - Misc,2026-09-02,45
Media - Misc,2026-09-03,45
Media - Misc,2026-09-04,49
Media - Misc,2026-09-07,46
Media - Misc,2026-09-08,48
Media - Misc,2026-09-09,48
Media - Misc,2026-09-10,49
Media - Misc,2026-09-11,48
Media - Misc,2026-09-15,44
Media - Misc,2026-09-16,46
Media - Misc,2026-09-17,45
Media - Misc,2026-09-18,46
Media - Misc,2026-09-21,46
Media - Misc,2026-09-22,45
Media - Misc,2026-09-23,49
Media - Misc,2026-09-24,44
Media - Misc,2026-09-25,42
Media - Misc,2026-09-28,41
Media - Misc,2026-09-29,44
Media - Misc,2026-09-30,44
Media - Misc,2026-10-01,42
Media - Publishing,2026-06-30,
Media - Publishing,2026-07-01,
Media - Publishing,2026-07-02,
Media - Publishing,2026-07-03,
Media - Publishing,2026-07-06,
Media - Publishing,2026-07-07,
Media - Publishing,2026-07-08,
Media - Publishing,2026-07-09,
Media - Publishing,2026-07-10,
Media - Publishing,2026-07-13,
Media - Publishing,2026-07-14,
Media - Publishing,2026-07-15,
Media - Publishing,2026-07-16,
Media - Publishing,2026-07-17,
Media - Publishing,2026-07-20,54
Media - Publishing,2026-07-21,54
Media - Publishing,2026-07-22,54
Media - Publishing,2026-07-23,53
Media - Publishing,2026-07-24,56
Media - Publishing,2026-07-27,56
Media - Publishing,2026-07-28,53
Media - Publishing,2026-07-29,53
Media - Publishing,2026-07-30,54
Media - Publishing,2026-07-31,54
Media - Publishing,2026-08-03,57
Media - Publishing,2026-08-04,59
Media - Publishing,2026-08-05,57
Media - Publishing,2026-08-06,60
Media - Publishing,2026-08-07,59
Media - Publishing,2026-08-10,54
Media - Publishing,2026-08-11,53
Media - Publishing,2026-08-12,53
Media - Publishing,2026-08-13,49
Media - Publishing,2026-08-14,48
Media - Publishing,2026-08-17,48
Media - Publishing,2026-08-18,48
Media - Publishing,2026-08-19,47
Media - Publishing,2026-08-20,46
Media - Publishing,2026-08-21,47
Media - Publishing,2026-08-24,45
Media - Publishing,2026-08-25,44
Media - Publishing,2026-08-26,44
Media - Publishing,2026-08-27,43
Media - Publishing,2026-08-28,44
Media - Publishing,2026-08-31,43
Media - Publishing,2026-09-01,46
Media - Publishing,2026-09-02,43
Media - Publishing,2026-09-03,46
Media - Publishing,2026-09-04,45
Media - Publishing,2026-09-07,46
Media - Publishing,2026-09-08,48
Media - Publishing,2026-09-09,43
Media - Publishing,2026-09-10,41
Media - Publishing,2026-09-11,42
Media - Publishing,2026-09-15,38
Media - Publishing,2026-09-16,39
Media - Publishing,2026-09-17,40
Media - Publishing,2026-09-18,43
Media - Publishing,2026-09-21,44
Media - Publishing,2026-09-22,42
Media - Publishing,2026-09-23,45
Media - Publishing,2026-09-24,43
Media - Publishing,2026-09-25,44
Media - Publishing,2026-09-28,44
Media - Publishing,2026-09-29,45
Media - Publishing,2026-09-30,45
Media - Publishing,2026-10-01,42
Media - TV Broadcast,2026-06-30,
Media - TV Broadcast,2026-07-01,
Media - TV Broadcast,2026-07-02,
Media - TV Broadcast,2026-07-03,
Media - TV Broadcast,2026-07-06,
Media - TV Broadcast,2026-07-07,
Media - TV Broadcast,2026-07-08,
Media - TV Broadcast,2026-07-09,
Media - TV Broadcast,2026-07-10,
Media - TV Broadcast,2026-07-13,
Media - TV Broadcast,2026-07-14,
Media - TV Broadcast,2026-07-15,
Media - TV Broadcast,2026-07-16,
Media - TV Broadcast,2026-07-17,
Media - TV Broadcast,2026-07-20,56
Media - TV Broadcast,2026-07-21,56
Media - TV Broadcast,2026-07-22,51
Media - TV Broadcast,2026-07-23,48
Media - TV Broadcast,2026-07-24,48
Media - TV Broadcast,2026-07-27,49
Media - TV Broadcast,2026-07-28,49
Media - TV Broadcast,2026-07-29,53
Media - TV Broadcast,2026-07-30,52
Media - TV Broadcast,2026-07-31,51
Media - TV Broadcast,2026-08-03,49
Media - TV Broadcast,2026-08-04,47
Media - TV Broadcast,2026-08-05,46
Media - TV Broadcast,2026-08-06,45
Media - TV Broadcast,2026-08-07,45
Media - TV Broadcast,2026-08-10,44
Media - TV Broadcast,2026-08-11,41
Media - TV Broadcast,2026-08-12,41
Media - TV Broadcast,2026-08-13,44
Media - TV Broadcast,2026-08-14,43
Media - TV Broadcast,2026-08-17,43
Media - TV Broadcast,2026-08-18,42
Media - TV Broadcast,2026-08-19,42
Media - TV Broadcast,2026-08-20,45
Media - TV Broadcast,2026-08-21,46
Media - TV Broadcast,2026-08-24,46
Media - TV Broadcast,2026-08-25,44
Media - TV Broadcast,2026-08-26,45
Media - TV Broadcast,2026-08-27,44
Media - TV Broadcast,2026-08-28,44
Media - TV Broadcast,2026-08-31,45
Media - TV Broadcast,2026-09-01,41
Media - TV Broadcast,2026-09-02,41
Media - TV Broadcast,2026-09-03,40
Media - TV Broadcast,2026-09-04,45
Media - TV Broadcast,2026-09-07,42
Media - TV Broadcast,2026-09-08,42
Media - TV Broadcast,2026-09-09,41
Media - TV Broadcast,2026-09-10,41
Media - TV Broadcast,2026-09-11,43
Media - TV Broadcast,2026-09-15,37
Media - TV Broadcast,2026-09-16,36
Media - TV Broadcast,2026-09-17,40
Media - TV Broadcast,2026-09-18,41
Media - TV Broadcast,2026-09-21,41
Media - TV Broadcast,2026-09-22,43
Media - TV Broadcast,2026-09-23,46
Media - TV Broadcast,2026-09-24,45
Media - TV Broadcast,2026-09-25,45
Media - TV Broadcast,2026-09-28,43
Media - TV Broadcast,2026-09-29,43
Media - TV Broadcast,2026-09-30,45
Media - TV Broadcast,2026-10-01,42
Medical Equipment & Supplies,2026-06-30,
Medical Equipment & Supplies,2026-07-01,
Medical Equipment & Supplies,2026-07-02,
Medical Equipment & Supplies,2026-07-03,
Medical Equipment & Supplies,2026-07-06,
Medical Equipment & Supplies,2026-07-07,
Medical Equipment & Supplies,2026-07-08,
Medical Equipment & Supplies,2026-07-09,
Medical Equipment & Supplies,2026-07-10,
Medical Equipment & Supplies,2026-07-13,
Medical Equipment & Supplies,2026-07-14,
Medical Equipment & Supplies,2026-07-15,
Medical Equipment & Supplies,2026-07-16,
Medical Equipment & Supplies,2026-07-17,
Medical Equipment & Supplies,2026-07-20,31
Medical Equipment & Supplies,2026-07-21,32
Medical Equipment & Supplies,2026-07-22,28
Medical Equipment & Supplies,2026-07-23,29
Medical Equipment & Supplies,2026-07-24,25
Medical Equipment & Supplies,2026-07-27,25
Medical Equipment & Supplies,2026-07-28,22
Medical Equipment & Supplies,2026-07-29,20
Medical Equipment & Supplies,2026-07-30,42
Medical Equipment & Supplies,2026-07-31,42
Medical Equipment & Supplies,2026-08-03,40
Medical Equipment & Supplies,2026-08-04,37
Medical Equipment & Supplies,2026-08-05,37
Medical Equipment & Supplies,2026-08-06,36
Medical Equipment & Supplies,2026-08-07,40
Medical Equipment & Supplies,2026-08-10,45
Medical Equipment & Supplies,2026-08-11,43
Medical Equipment & Supplies,2026-08-12,40
Medical Equipment & Supplies,2026-08-13,46
Medical Equipment & Supplies,2026-08-14,45
Medical Equipment & Supplies,2026-08-17,39
Medical Equipment & Supplies,2026-08-18,44
Medical Equipment & Supplies,2026-08-19,49
Medical Equipment & Supplies,2026-08-20,49
Medical Equipment & Supplies,2026-08-21,45
Medical Equipment & Supplies,2026-08-24,38
Medical Equipment & Supplies,2026-08-25,41
Medical Equipment & Supplies,2026-08-26,37
Medical Equipment & Supplies,2026-08-27,35
Medical Equipment & Supplies,2026-08-28,36
Medical Equipment & Supplies,2026-08-31,35
Medical Equipment & Supplies,2026-09-01,44
Medical Equipment & Supplies,2026-09-02,49
Medical Equipment & Supplies,2026-09-03,46
Medical Equipment & Supplies,2026-09-04,42
Medical Equipment & Supplies,2026-09-07,41
Medical Equipment & Supplies,2026-09-08,40
Medical Equipment & Supplies,2026-09-09,37
Medical Equipment & Supplies,2026-09-10,38
Medical Equipment & Supplies,2026-09-11,44
Medical Equipment & Supplies,2026-09-15,36
Medical Equipment & Supplies,2026-09-16,35
Medical Equipment & Supplies,2026-09-17,34
Medical Equipment & Supplies,2026-09-18,33
Medical Equipment & Supplies,2026-09-21,32
Medical Equipment & Supplies,2026-09-22,33
Medical Equipment & Supplies,2026-09-23,47
Medical Equipment & Supplies,2026-09-24,43
Medical Equipment & Supplies,2026-09-25,44
Medical Equipment & Supplies,2026-09-28,43
Medical Equipment & Supplies,2026-09-29,41
Medical Equipment & Supplies,2026-09-30,40
Medical Equipment & Supplies,2026-10-01,38
Metals - Aluminium,2026-06-30,
Metals - Aluminium,2026-07-01,
Metals - Aluminium,2026-07-02,
Metals - Aluminium,2026-07-03,
Metals - Aluminium,2026-07-06,
Metals - Aluminium,2026-07-07,
Metals - Aluminium,2026-07-08,
Metals - Aluminium,2026-07-09,
Metals - Aluminium,2026-07-10,
Metals - Aluminium,2026-07-13,
Metals - Aluminium,2026-07-14,
Metals - Aluminium,2026-07-15,
Metals - Aluminium,2026-07-16,
Metals - Aluminium,2026-07-17,
Metals - Aluminium,2026-07-20,42
Metals - Aluminium,2026-07-21,44
Metals - Aluminium,2026-07-22,42
Metals - Aluminium,2026-07-23,42
Metals - Aluminium,2026-07-24,40
Metals - Aluminium,2026-07-27,40
Metals - Aluminium,2026-07-28,36
Metals - Aluminium,2026-07-29,49
Metals - Aluminium,2026-07-30,47
Metals - Aluminium,2026-07-31,50
Metals - Aluminium,2026-08-03,55
Metals - Aluminium,2026-08-04,59
Metals - Aluminium,2026-08-05,62
Metals - Aluminium,2026-08-06,64
Metals - Aluminium,2026-08-07,65
Metals - Aluminium,2026-08-10,67
Metals - Aluminium,2026-08-11,64
Metals - Aluminium,2026-08-12,65
Metals - Aluminium,2026-08-13,58
Metals - Aluminium,2026-08-14,52
Metals - Aluminium,2026-08-17,53
Metals - Aluminium,2026-08-18,52
Metals - Aluminium,2026-08-19,52
Metals - Aluminium,2026-08-20,51
Metals - Aluminium,2026-08-21,53
Metals - Aluminium,2026-08-24,54
Metals - Aluminium,2026-08-25,55
Metals - Aluminium,2026-08-26,55
Metals - Aluminium,2026-08-27,50
Metals - Aluminium,2026-08-28,54
Metals - Aluminium,2026-08-31,51
Metals - Aluminium,2026-09-01,48
Metals - Aluminium,2026-09-02,45
Metals - Aluminium,2026-09-03,48
Metals - Aluminium,2026-09-04,47
Metals - Aluminium,2026-09-07,46
Metals - Aluminium,2026-09-08,46
Metals - Aluminium,2026-09-09,47
Metals - Aluminium,2026-09-10,44
Metals - Aluminium,2026-09-11,40
Metals - Aluminium,2026-09-15,35
Metals - Aluminium,2026-09-16,36
Metals - Aluminium,2026-09-17,37
Metals - Aluminium,2026-09-18,39
Metals - Aluminium,2026-09-21,39
Metals - Aluminium,2026-09-22,38
Metals - Aluminium,2026-09-23,43
Metals - Aluminium,2026-09-24,40
Metals - Aluminium,2026-09-25,39
Metals - Aluminium,2026-09-28,36
Metals - Aluminium,2026-09-29,36
Metals - Aluminium,2026-09-30,34
Metals - Aluminium,2026-10-01,31
Metals - Casting/Forging,2026-06-30,
Metals - Casting/Forging,2026-07-01,
Metals - Casting/Forging,2026-07-02,
Metals - Casting/Forging,2026-07-03,
Metals - Casting/Forging,2026-07-06,
Metals - Casting/Forging,2026-07-07,
Metals - Casting/Forging,2026-07-08,
Metals - Casting/Forging,2026-07-09,
Metals - Casting/Forging,2026-07-10,
Metals - Casting/Forging,2026-07-13,
Metals - Casting/Forging,2026-07-14,
Metals - Casting/Forging,2026-07-15,
Metals - Casting/Forging,2026-07-16,
Metals - Casting/Forging,2026-07-17,
Metals - Casting/Forging,2026-07-20,55
Metals - Casting/Forging,2026-07-21,56
Metals - Casting/Forging,2026-07-22,53
Metals - Casting/Forging,2026-07-23,53
Metals - Casting/Forging,2026-07-24,54
Metals - Casting/Forging,2026-07-27,55
Metals - Casting/Forging,2026-07-28,52
Metals - Casting/Forging,2026-07-29,54
Metals - Casting/Forging,2026-07-30,52
Metals - Casting/Forging,2026-07-31,54
Metals - Casting/Forging,2026-08-03,57
Metals - Casting/Forging,2026-08-04,58
Metals - Casting/Forging,2026-08-05,59
Metals - Casting/Forging,2026-08-06,60
Metals - Casting/Forging,2026-08-07,62
Metals - Casting/Forging,2026-08-10,62
Metals - Casting/Forging,2026-08-11,59
Metals - Casting/Forging,2026-08-12,59
Metals - Casting/Forging,2026-08-13,58
Metals - Casting/Forging,2026-08-14,56
Metals - Casting/Forging,2026-08-17,59
Metals - Casting/Forging,2026-08-18,60
Metals - Casting/Forging,2026-08-19,57
Metals - Casting/Forging,2026-08-20,57
Metals - Casting/Forging,2026-08-21,57
Metals - Casting/Forging,2026-08-24,55
Metals - Casting/Forging,2026-08-25,53
Metals - Casting/Forging,2026-08-26,53
Metals - Casting/Forging,2026-08-27,53
Metals - Casting/Forging,2026-08-28,56
Metals - Casting/Forging,2026-08-31,57
Metals - Casting/Forging,2026-09-01,56
Metals - Casting/Forging,2026-09-02,54
Metals - Casting/Forging,2026-09-03,54
Metals - Casting/Forging,2026-09-04,53
Metals - Casting/Forging,2026-09-07,48
Metals - Casting/Forging,2026-09-08,49
Metals - Casting/Forging,2026-09-09,50
Metals - Casting/Forging,2026-09-10,49
Metals - Casting/Forging,2026-09-11,48
Metals - Casting/Forging,2026-09-15,42
Metals - Casting/Forging,2026-09-16,42
Metals - Casting/Forging,2026-09-17,45
Metals - Casting/Forging,2026-09-18,47
Metals - Casting/Forging,2026-09-21,46
Metals - Casting/Forging,2026-09-22,47
Metals - Casting/Forging,2026-09-23,48
Metals - Casting/Forging,2026-09-24,47
Metals - Casting/Forging,2026-09-25,48
Metals - Casting/Forging,2026-09-28,45
Metals - Casting/Forging,2026-09-29,48
Metals - Casting/Forging,2026-09-30,47
Metals - Casting/Forging,2026-10-01,44
Metals - Copper,2026-06-30,
Metals - Copper,2026-07-01,
Metals - Copper,2026-07-02,
Metals - Copper,2026-07-03,
Metals - Copper,2026-07-06,
Metals - Copper,2026-07-07,
Metals - Copper,2026-07-08,
Metals - Copper,2026-07-09,
Metals - Copper,2026-07-10,
Metals - Copper,2026-07-13,
Metals - Copper,2026-07-14,
Metals - Copper,2026-07-15,
Metals - Copper,2026-07-16,
Metals - Copper,2026-07-17,
Metals - Copper,2026-07-20,32
Metals - Copper,2026-07-21,34
Metals - Copper,2026-07-22,37
Metals - Copper,2026-07-23,38
Metals - Copper,2026-07-24,38
Metals - Copper,2026-07-27,40
Metals - Copper,2026-07-28,37
Metals - Copper,2026-07-29,40
Metals - Copper,2026-07-30,35
Metals - Copper,2026-07-31,42
Metals - Copper,2026-08-03,47
Metals - Copper,2026-08-04,46
Metals - Copper,2026-08-05,54
Metals - Copper,2026-08-06,57
Metals - Copper,2026-08-07,56
Metals - Copper,2026-08-10,56
Metals - Copper,2026-08-11,53
Metals - Copper,2026-08-12,54
Metals - Copper,2026-08-13,58
Metals - Copper,2026-08-14,55
Metals - Copper,2026-08-17,60
Metals - Copper,2026-08-18,58
Metals - Copper,2026-08-19,51
Metals - Copper,2026-08-20,53
Metals - Copper,2026-08-21,55
Metals - Copper,2026-08-24,54
Metals - Copper,2026-08-25,48
Metals - Copper,2026-08-26,50
Metals - Copper,2026-08-27,47
Metals - Copper,2026-08-28,53
Metals - Copper,2026-08-31,51
Metals - Copper,2026-09-01,50
Metals - Copper,2026-09-02,48
Metals - Copper,2026-09-03,48
Metals - Copper,2026-09-04,47
Metals - Copper,2026-09-07,45
Metals - Copper,2026-09-08,53
Metals - Copper,2026-09-09,56
Metals - Copper,2026-09-10,53
Metals - Copper,2026-09-11,51
Metals - Copper,2026-09-15,45
Metals - Copper,2026-09-16,45
Metals - Copper,2026-09-17,53
Metals - Copper,2026-09-18,58
Metals - Copper,2026-09-21,57
Metals - Copper,2026-09-22,61
Metals - Copper,2026-09-23,65
Metals - Copper,2026-09-24,62
Metals - Copper,2026-09-25,63
Metals - Copper,2026-09-28,59
Metals - Copper,2026-09-29,59
Metals - Copper,2026-09-30,59
Metals - Copper,2026-10-01,54
Metals - Iron & Steel,2026-06-30,
Metals - Iron & Steel,2026-07-01,
Metals - Iron & Steel,2026-07-02,
Metals - Iron & Steel,2026-07-03,
Metals - Iron & Steel,2026-07-06,
Metals - Iron & Steel,2026-07-07,
Metals - Iron & Steel,2026-07-08,
Metals - Iron & Steel,2026-07-09,
Metals - Iron & Steel,2026-07-10,
Metals - Iron & Steel,2026-07-13,
Metals - Iron & Steel,2026-07-14,
Metals - Iron & Steel,2026-07-15,
Metals - Iron & Steel,2026-07-16,
Metals - Iron & Steel,2026-07-17,
Metals - Iron & Steel,2026-07-20,47
Metals - Iron & Steel,2026-07-21,48
Metals - Iron & Steel,2026-07-22,45
Metals - Iron & Steel,2026-07-23,44
Metals - Iron & Steel,2026-07-24,44
Metals - Iron & Steel,2026-07-27,48
Metals - Iron & Steel,2026-07-28,47
Metals - Iron & Steel,2026-07-29,51
Metals - Iron & Steel,2026-07-30,48
Metals - Iron & Steel,2026-07-31,49
Metals - Iron & Steel,2026-08-03,52
Metals - Iron & Steel,2026-08-04,54
Metals - Iron & Steel,2026-08-05,56
Metals - Iron & Steel,2026-08-06,55
Metals - Iron & Steel,2026-08-07,54
Metals - Iron & Steel,2026-08-10,54
Metals - Iron & Steel,2026-08-11,51
Metals - Iron & Steel,2026-08-12,50
Metals - Iron & Steel,2026-08-13,51
Metals - Iron & Steel,2026-08-14,52
Metals - Iron & Steel,2026-08-17,52
Metals - Iron & Steel,2026-08-18,52
Metals - Iron & Steel,2026-08-19,51
Metals - Iron & Steel,2026-08-20,52
Metals - Iron & Steel,2026-08-21,53
Metals - Iron & Steel,2026-08-24,54
Metals - Iron & Steel,2026-08-25,52
Metals - Iron & Steel,2026-08-26,56
Metals - Iron & Steel,2026-08-27,55
Metals - Iron & Steel,2026-08-28,57
Metals - Iron & Steel,2026-08-31,55
Metals - Iron & Steel,2026-09-01,55
Metals - Iron & Steel,2026-09-02,55
Metals - Iron & Steel,2026-09-03,55
Metals - Iron & Steel,2026-09-04,56
Metals - Iron & Steel,2026-09-07,56
Metals - Iron & Steel,2026-09-08,55
Metals - Iron & Steel,2026-09-09,55
Metals - Iron & Steel,2026-09-10,54
Metals - Iron & Steel,2026-09-11,53
Metals - Iron & Steel,2026-09-15,47
Metals - Iron & Steel,2026-09-16,47
Metals - Iron & Steel,2026-09-17,49
Metals - Iron & Steel,2026-09-18,51
Metals - Iron & Steel,2026-09-21,52
Metals - Iron & Steel,2026-09-22,52
Metals - Iron & Steel,2026-09-23,56
Metals - Iron & Steel,2026-09-24,53
Metals - Iron & Steel,2026-09-25,53
Metals - Iron & Steel,2026-09-28,50
Metals - Iron & Steel,2026-09-29,52
Metals - Iron & Steel,2026-09-30,50
Metals - Iron & Steel,2026-10-01,47
Metals - Misc,2026-06-30,
Metals - Misc,2026-07-01,
Metals - Misc,2026-07-02,
Metals - Misc,2026-07-03,
Metals - Misc,2026-07-06,
Metals - Misc,2026-07-07,
Metals - Misc,2026-07-08,
Metals - Misc,2026-07-09,
Metals - Misc,2026-07-10,
Metals - Misc,2026-07-13,
Metals - Misc,2026-07-14,
Metals - Misc,2026-07-15,
Metals - Misc,2026-07-16,
Metals - Misc,2026-07-17,
Metals - Misc,2026-07-20,45
Metals - Misc,2026-07-21,47
Metals - Misc,2026-07-22,44
Metals - Misc,2026-07-23,42
Metals - Misc,2026-07-24,44
Metals - Misc,2026-07-27,45
Metals - Misc,2026-07-28,44
Metals - Misc,2026-07-29,49
Metals - Misc,2026-07-30,48
Metals - Misc,2026-07-31,49
Metals - Misc,2026-08-03,52
Metals - Misc,2026-08-04,54
Metals - Misc,2026-08-05,57
Metals - Misc,2026-08-06,55
Metals - Misc,2026-08-07,55
Metals - Misc,2026-08-10,54
Metals - Misc,2026-08-11,54
Metals - Misc,2026-08-12,52
Metals - Misc,2026-08-13,49
Metals - Misc,2026-08-14,49
Metals - Misc,2026-08-17,51
Metals - Misc,2026-08-18,49
Metals - Misc,2026-08-19,48
Metals - Misc,2026-08-20,49
Metals - Misc,2026-08-21,50
Metals - Misc,2026-08-24,53
Metals - Misc,2026-08-25,53
Metals - Misc,2026-08-26,57
Metals - Misc,2026-08-27,54
Metals - Misc,2026-08-28,55
Metals - Misc,2026-08-31,50
Metals - Misc,2026-09-01,48
Metals - Misc,2026-09-02,47
Metals - Misc,2026-09-03,47
Metals - Misc,2026-09-04,48
Metals - Misc,2026-09-07,49
Metals - Misc,2026-09-08,50
Metals - Misc,2026-09-09,51
Metals - Misc,2026-09-10,49
Metals - Misc,2026-09-11,46
Metals - Misc,2026-09-15,40
Metals - Misc,2026-09-16,41
Metals - Misc,2026-09-17,43
Metals - Misc,2026-09-18,45
Metals - Misc,2026-09-21,45
Metals - Misc,2026-09-22,45
Metals - Misc,2026-09-23,50
Metals - Misc,2026-09-24,46
Metals - Misc,2026-09-25,43
Metals - Misc,2026-09-28,40
Metals - Misc,2026-09-29,43
Metals - Misc,2026-09-30,42
Metals - Misc,2026-10-01,38
Metals - Pipe & Tube,2026-06-30,
Metals - Pipe & Tube,2026-07-01,
Metals - Pipe & Tube,2026-07-02,
Metals - Pipe & Tube,2026-07-03,
Metals - Pipe & Tube,2026-07-06,
Metals - Pipe & Tube,2026-07-07,
Metals - Pipe & Tube,2026-07-08,
Metals - Pipe & Tube,2026-07-09,
Metals - Pipe & Tube,2026-07-10,
Metals - Pipe & Tube,2026-07-13,
Metals - Pipe & Tube,2026-07-14,
Metals - Pipe & Tube,2026-07-15,
Metals - Pipe & Tube,2026-07-16,
Metals - Pipe & Tube,2026-07-17,
Metals - Pipe & Tube,2026-07-20,41
Metals - Pipe & Tube,2026-07-21,39
Metals - Pipe & Tube,2026-07-22,38
Metals - Pipe & Tube,2026-07-23,37
Metals - Pipe & Tube,2026-07-24,37
Metals - Pipe & Tube,2026-07-27,40
Metals - Pipe & Tube,2026-07-28,39
Metals - Pipe & Tube,2026-07-29,43
Metals - Pipe & Tube,2026-07-30,40
Metals - Pipe & Tube,2026-07-31,40
Metals - Pipe & Tube,2026-08-03,45
Metals - Pipe & Tube,2026-08-04,47
Metals - Pipe & Tube,2026-08-05,50
Metals - Pipe & Tube,2026-08-06,52
Metals - Pipe & Tube,2026-08-07,53
Metals - Pipe & Tube,2026-08-10,54
Metals - Pipe & Tube,2026-08-11,48
Metals - Pipe & Tube,2026-08-12,49
Metals - Pipe & Tube,2026-08-13,45
Metals - Pipe & Tube,2026-08-14,49
Metals - Pipe & Tube,2026-08-17,49
Metals - Pipe & Tube,2026-08-18,52
Metals - Pipe & Tube,2026-08-19,51
Metals - Pipe & Tube,2026-08-20,52
Metals - Pipe & Tube,2026-08-21,56
Metals - Pipe & Tube,2026-08-24,56
Metals - Pipe & Tube,2026-08-25,56
Metals - Pipe & Tube,2026-08-26,56
Metals - Pipe & Tube,2026-08-27,56
Metals - Pipe & Tube,2026-08-28,58
Metals - Pipe & Tube,2026-08-31,56
Metals - Pipe & Tube,2026-09-01,54
Metals - Pipe & Tube,2026-09-02,54
Metals - Pipe & Tube,2026-09-03,53
Metals - Pipe & Tube,2026-09-04,54
Metals - Pipe & Tube,2026-09-07,54
Metals - Pipe & Tube,2026-09-08,55
Metals - Pipe & Tube,2026-09-09,56
Metals - Pipe & Tube,2026-09-10,56
Metals - Pipe & Tube,2026-09-11,53
Metals - Pipe & Tube,2026-09-15,44
Metals - Pipe & Tube,2026-09-16,45
Metals - Pipe & Tube,2026-09-17,47
Metals - Pipe & Tube,2026-09-18,51
Metals - Pipe & Tube,2026-09-21,51
Metals - Pipe & Tube,2026-09-22,52
Metals - Pipe & Tube,2026-09-23,54
Metals - Pipe & Tube,2026-09-24,52
Metals - Pipe & Tube,2026-09-25,53
Metals - Pipe & Tube,2026-09-28,49
Metals - Pipe & Tube,2026-09-29,51
Metals - Pipe & Tube,2026-09-30,49
Metals - Pipe & Tube,2026-10-01,44
Non Banking Financial Company (NBFC),2026-06-30,
Non Banking Financial Company (NBFC),2026-07-01,
Non Banking Financial Company (NBFC),2026-07-02,
Non Banking Financial Company (NBFC),2026-07-03,
Non Banking Financial Company (NBFC),2026-07-06,
Non Banking Financial Company (NBFC),2026-07-07,
Non Banking Financial Company (NBFC),2026-07-08,
Non Banking Financial Company (NBFC),2026-07-09,
Non Banking Financial Company (NBFC),2026-07-10,
Non Banking Financial Company (NBFC),2026-07-13,
Non Banking Financial Company (NBFC),2026-07-14,
Non Banking Financial Company (NBFC),2026-07-15,
Non Banking Financial Company (NBFC),2026-07-16,
Non Banking Financial Company (NBFC),2026-07-17,
Non Banking Financial Company (NBFC),2026-07-20,44
Non Banking Financial Company (NBFC),2026-07-21,46
Non Banking Financial Company (NBFC),2026-07-22,42
Non Banking Financial Company (NBFC),2026-07-23,40
Non Banking Financial Company (NBFC),2026-07-24,40
Non Banking Financial Company (NBFC),2026-07-27,40
Non Banking Financial Company (NBFC),2026-07-28,39
Non Banking Financial Company (NBFC),2026-07-29,43
Non Banking Financial Company (NBFC),2026-07-30,43
Non Banking Financial Company (NBFC),2026-07-31,47
Non Banking Financial Company (NBFC),2026-08-03,46
Non Banking Financial Company (NBFC),2026-08-04,46
Non Banking Financial Company (NBFC),2026-08-05,47
Non Banking Financial Company (NBFC),2026-08-06,49
Non Banking Financial Company (NBFC),2026-08-07,48
Non Banking Financial Company (NBFC),2026-08-10,51
Non Banking Financial Company (NBFC),2026-08-11,52
Non Banking Financial Company (NBFC),2026-08-12,52
Non Banking Financial Company (NBFC),2026-08-13,51
Non Banking Financial Company (NBFC),2026-08-14,53
Non Banking Financial Company (NBFC),2026-08-17,51
Non Banking Financial Company (NBFC),2026-08-18,55
Non Banking Financial Company (NBFC),2026-08-19,50
Non Banking Financial Company (NBFC),2026-08-20,53
Non Banking Financial Company (NBFC),2026-08-21,52
Non Banking Financial Company (NBFC),2026-08-24,52
Non Banking Financial Company (NBFC),2026-08-25,55
Non Banking Financial Company (NBFC),2026-08-26,55
Non Banking Financial Company (NBFC),2026-08-27,56
Non Banking Financial Company (NBFC),2026-08-28,55
Non Banking Financial Company (NBFC),2026-08-31,51
Non Banking Financial Company (NBFC),2026-09-01,47
Non Banking Financial Company (NBFC),2026-09-02,47
Non Banking Financial Company (NBFC),2026-09-03,51
Non Banking Financial Company (NBFC),2026-09-04,51
Non Banking Financial Company (NBFC),2026-09-07,50
Non Banking Financial Company (NBFC),2026-09-08,50
Non Banking Financial Company (NBFC),2026-09-09,47
Non Banking Financial Company (NBFC),2026-09-10,46
Non Banking Financial Company (NBFC),2026-09-11,47
Non Banking Financial Company (NBFC),2026-09-15,41
Non Banking Financial Company (NBFC),2026-09-16,44
Non Banking Financial Company (NBFC),2026-09-17,45
Non Banking Financial Company (NBFC),2026-09-18,49
Non Banking Financial Company (NBFC),2026-09-21,46
Non Banking Financial Company (NBFC),2026-09-22,47
Non Banking Financial Company (NBFC),2026-09-23,48
Non Banking Financial Company (NBFC),2026-09-24,44
Non Banking Financial Company (NBFC),2026-09-25,44
Non Banking Financial Company (NBFC),2026-09-28,40
Non Banking Financial Company (NBFC),2026-09-29,39
Non Banking Financial Company (NBFC),2026-09-30,38
Non Banking Financial Company (NBFC),2026-10-01,39
Oil Storage & Transportation,2026-06-30,
Oil Storage & Transportation,2026-07-01,
Oil Storage & Transportation,2026-07-02,
Oil Storage & Transportation,2026-07-03,
Oil Storage & Transportation,2026-07-06,
Oil Storage & Transportation,2026-07-07,
Oil Storage & Transportation,2026-07-08,
Oil Storage & Transportation,2026-07-09,
Oil Storage & Transportation,2026-07-10,
Oil Storage & Transportation,2026-07-13,
Oil Storage & Transportation,2026-07-14,
Oil Storage & Transportation,2026-07-15,
Oil Storage & Transportation,2026-07-16,
Oil Storage & Transportation,2026-07-17,
Oil Storage & Transportation,2026-07-20,62
Oil Storage & Transportation,2026-07-21,65
Oil Storage & Transportation,2026-07-22,68
Oil Storage & Transportation,2026-07-23,67
Oil Storage & Transportation,2026-07-24,65
Oil Storage & Transportation,2026-07-27,69
Oil Storage & Transportation,2026-07-28,62
Oil Storage & Transportation,2026-07-29,63
Oil Storage & Transportation,2026-07-30,61
Oil Storage & Transportation,2026-07-31,59
Oil Storage & Transportation,2026-08-03,64
Oil Storage & Transportation,2026-08-04,60
Oil Storage & Transportation,2026-08-05,53
Oil Storage & Transportation,2026-08-06,55
Oil Storage & Transportation,2026-08-07,53
Oil Storage & Transportation,2026-08-10,48
Oil Storage & Transportation,2026-08-11,50
Oil Storage & Transportation,2026-08-12,47
Oil Storage & Transportation,2026-08-13,46
Oil Storage & Transportation,2026-08-14,44
Oil Storage & Transportation,2026-08-17,45
Oil Storage & Transportation,2026-08-18,48
Oil Storage & Transportation,2026-08-19,45
Oil Storage & Transportation,2026-08-20,43
Oil Storage & Transportation,2026-08-21,50
Oil Storage & Transportation,2026-08-24,46
Oil Storage & Transportation,2026-08-25,45
Oil Storage & Transportation,2026-08-26,43
Oil Storage & Transportation,2026-08-27,42
Oil Storage & Transportation,2026-08-28,47
Oil Storage & Transportation,2026-08-31,47
Oil Storage & Transportation,2026-09-01,48
Oil Storage & Transportation,2026-09-02,59
Oil Storage & Transportation,2026-09-03,59
Oil Storage & Transportation,2026-09-04,57
Oil Storage & Transportation,2026-09-07,58
Oil Storage & Transportation,2026-09-08,61
Oil Storage & Transportation,2026-09-09,65
Oil Storage & Transportation,2026-09-10,60
Oil Storage & Transportation,2026-09-11,62
Oil Storage & Transportation,2026-09-15,66
Oil Storage & Transportation,2026-09-16,61
Oil Storage & Transportation,2026-09-17,68
Oil Storage & Transportation,2026-09-18,69
Oil Storage & Transportation,2026-09-21,71
Oil Storage & Transportation,2026-09-22,57
Oil Storage & Transportation,2026-09-23,58
Oil Storage & Transportation,2026-09-24,49
Oil Storage & Transportation,2026-09-25,48
Oil Storage & Transportation,2026-09-28,54
Oil Storage & Transportation,2026-09-29,52
Oil Storage & Transportation,2026-09-30,53
Oil Storage & Transportation,2026-10-01,49
Oil and Gas,2026-06-30,
Oil and Gas,2026-07-01,
Oil and Gas,2026-07-02,
Oil and Gas,2026-07-03,
Oil and Gas,2026-07-06,
Oil and Gas,2026-07-07,
Oil and Gas,2026-07-08,
Oil and Gas,2026-07-09,
Oil and Gas,2026-07-10,
Oil and Gas,2026-07-13,
Oil and Gas,2026-07-14,
Oil and Gas,2026-07-15,
Oil and Gas,2026-07-16,
Oil and Gas,2026-07-17,
Oil and Gas,2026-07-20,55
Oil and Gas,2026-07-21,54
Oil and Gas,2026-07-22,55
Oil and Gas,2026-07-23,59
Oil and Gas,2026-07-24,56
Oil and Gas,2026-07-27,54
Oil and Gas,2026-07-28,51
Oil and Gas,2026-07-29,50
Oil and Gas,2026-07-30,52
Oil and Gas,2026-07-31,56
Oil and Gas,2026-08-03,61
Oil and Gas,2026-08-04,61
Oil and Gas,2026-08-05,58
Oil and Gas,2026-08-06,56
Oil and Gas,2026-08-07,57
Oil and Gas,2026-08-10,58
Oil and Gas,2026-08-11,60
Oil and Gas,2026-08-12,60
Oil and Gas,2026-08-13,58
Oil and Gas,2026-08-14,55
Oil and Gas,2026-08-17,59
Oil and Gas,2026-08-18,64
Oil and Gas,2026-08-19,59
Oil and Gas,2026-08-20,60
Oil and Gas,2026-08-21,58
Oil and Gas,2026-08-24,58
Oil and Gas,2026-08-25,53
Oil and Gas,2026-08-26,56
Oil and Gas,2026-08-27,57
Oil and Gas,2026-08-28,56
Oil and Gas,2026-08-31,55
Oil and Gas,2026-09-01,56
Oil and Gas,2026-09-02,60
Oil and Gas,2026-09-03,62
Oil and Gas,2026-09-04,62
Oil and Gas,2026-09-07,62
Oil and Gas,2026-09-08,64
Oil and Gas,2026-09-09,63
Oil and Gas,2026-09-10,60
Oil and Gas,2026-09-11,57
Oil and Gas,2026-09-15,52
Oil and Gas,2026-09-16,52
Oil and Gas,2026-09-17,51
Oil and Gas,2026-09-18,51
Oil and Gas,2026-09-21,51
Oil and Gas,2026-09-22,52
Oil and Gas,2026-09-23,54
Oil and Gas,2026-09-24,53
Oil and Gas,2026-09-25,53
Oil and Gas,2026-09-28,49
Oil and Gas,2026-09-29,49
Oil and Gas,2026-09-30,46
Oil and Gas,2026-10-01,41
Other Agricultural Products,2026-06-30,
Other Agricultural Products,2026-07-01,
Other Agricultural Products,2026-07-02,
Other Agricultural Products,2026-07-03,
Other Agricultural Products,2026-07-06,
Other Agricultural Products,2026-07-07,
Other Agricultural Products,2026-07-08,
Other Agricultural Products,2026-07-09,
Other Agricultural Products,2026-07-10,
Other Agricultural Products,2026-07-13,
Other Agricultural Products,2026-07-14,
Other Agricultural Products,2026-07-15,
Other Agricultural Products,2026-07-16,
Other Agricultural Products,2026-07-17,
Other Agricultural Products,2026-07-20,67
Other Agricultural Products,2026-07-21,67
Other Agricultural Products,2026-07-22,70
Other Agricultural Products,2026-07-23,70
Other Agricultural Products,2026-07-24,68
Other Agricultural Products,2026-07-27,63
Other Agricultural Products,2026-07-28,62
Other Agricultural Products,2026-07-29,66
Other Agricultural Products,2026-07-30,68
Other Agricultural Products,2026-07-31,60
Other Agricultural Products,2026-08-03,65
Other Agricultural Products,2026-08-04,64
Other Agricultural Products,2026-08-05,72
Other Agricultural Products,2026-08-06,72
Other Agricultural Products,2026-08-07,75
Other Agricultural Products,2026-08-10,75
Other Agricultural Products,2026-08-11,75
Other Agricultural Products,2026-08-12,66
Other Agricultural Products,2026-08-13,73
Other Agricultural Products,2026-08-14,68
Other Agricultural Products,2026-08-17,67
Other Agricultural Products,2026-08-18,64
Other Agricultural Products,2026-08-19,63
Other Agricultural Products,2026-08-20,58
Other Agricultural Products,2026-08-21,50
Other Agricultural Products,2026-08-24,48
Other Agricultural Products,2026-08-25,45
Other Agricultural Products,2026-08-26,48
Other Agricultural Products,2026-08-27,45
Other Agricultural Products,2026-08-28,45
Other Agricultural Products,2026-08-31,43
Other Agricultural Products,2026-09-01,42
Other Agricultural Products,2026-09-02,43
Other Agricultural Products,2026-09-03,42
Other Agricultural Products,2026-09-04,41
Other Agricultural Products,2026-09-07,40
Other Agricultural Products,2026-09-08,36
Other Agricultural Products,2026-09-09,41
Other Agricultural Products,2026-09-10,40
Other Agricultural Products,2026-09-11,38
Other Agricultural Products,2026-09-15,35
Other Agricultural Products,2026-09-16,45
Other Agricultural Products,2026-09-17,46
Other Agricultural Products,2026-09-18,44
Other Agricultural Products,2026-09-21,40
Other Agricultural Products,2026-09-22,40
Other Agricultural Products,2026-09-23,57
Other Agricultural Products,2026-09-24,50
Other Agricultural Products,2026-09-25,57
Other Agricultural Products,2026-09-28,63
Other Agricultural Products,2026-09-29,64
Other Agricultural Products,2026-09-30,67
Other Agricultural Products,2026-10-01,54
Other Electrical Equipment,2026-06-30,
Other Electrical Equipment,2026-07-01,
Other Electrical Equipment,2026-07-02,
Other Electrical Equipment,2026-07-03,
Other Electrical Equipment,2026-07-06,
Other Electrical Equipment,2026-07-07,
Other Electrical Equipment,2026-07-08,
Other Electrical Equipment,2026-07-09,
Other Electrical Equipment,2026-07-10,
Other Electrical Equipment,2026-07-13,
Other Electrical Equipment,2026-07-14,
Other Electrical Equipment,2026-07-15,
Other Electrical Equipment,2026-07-16,
Other Electrical Equipment,2026-07-17,
Other Electrical Equipment,2026-07-20,52
Other Electrical Equipment,2026-07-21,48
Other Electrical Equipment,2026-07-22,46
Other Electrical Equipment,2026-07-23,45
Other Electrical Equipment,2026-07-24,48
Other Electrical Equipment,2026-07-27,50
Other Electrical Equipment,2026-07-28,48
Other Electrical Equipment,2026-07-29,48
Other Electrical Equipment,2026-07-30,45
Other Electrical Equipment,2026-07-31,48
Other Electrical Equipment,2026-08-03,50
Other Electrical Equipment,2026-08-04,51
Other Electrical Equipment,2026-08-05,49
Other Electrical Equipment,2026-08-06,50
Other Electrical Equipment,2026-08-07,46
Other Electrical Equipment,2026-08-10,47
Other Electrical Equipment,2026-08-11,47
Other Electrical Equipment,2026-08-12,43
Other Electrical Equipment,2026-08-13,47
Other Electrical Equipment,2026-08-14,46
Other Electrical Equipment,2026-08-17,50
Other Electrical Equipment,2026-08-18,49
Other Electrical Equipment,2026-08-19,48
Other Electrical Equipment,2026-08-20,49
Other Electrical Equipment,2026-08-21,51
Other Electrical Equipment,2026-08-24,50
Other Electrical Equipment,2026-08-25,50
Other Electrical Equipment,2026-08-26,50
Other Electrical Equipment,2026-08-27,51
Other Electrical Equipment,2026-08-28,51
Other Electrical Equipment,2026-08-31,49
Other Electrical Equipment,2026-09-01,47
Other Electrical Equipment,2026-09-02,47
Other Electrical Equipment,2026-09-03,49
Other Electrical Equipment,2026-09-04,49
Other Electrical Equipment,2026-09-07,48
Other Electrical Equipment,2026-09-08,51
Other Electrical Equipment,2026-09-09,49
Other Electrical Equipment,2026-09-10,50
Other Electrical Equipment,2026-09-11,50
Other Electrical Equipment,2026-09-15,43
Other Electrical Equipment,2026-09-16,44
Other Electrical Equipment,2026-09-17,45
Other Electrical Equipment,2026-09-18,47
Other Electrical Equipment,2026-09-21,50
Other Electrical Equipment,2026-09-22,51
Other Electrical Equipment,2026-09-23,53
Other Electrical Equipment,2026-09-24,48
Other Electrical Equipment,2026-09-25,47
Other Electrical Equipment,2026-09-28,44
Other Electrical Equipment,2026-09-29,43
Other Electrical Equipment,2026-09-30,43
Other Electrical Equipment,2026-10-01,39
Other Financial Services,2026-06-30,
Other Financial Services,2026-07-01,
Other Financial Services,2026-07-02,
Other Financial Services,2026-07-03,
Other Financial Services,2026-07-06,
Other Financial Services,2026-07-07,
Other Financial Services,2026-07-08,
Other Financial Services,2026-07-09,
Other Financial Services,2026-07-10,
Other Financial Services,2026-07-13,
Other Financial Services,2026-07-14,
Other Financial Services,2026-07-15,
Other Financial Services,2026-07-16,
Other Financial Services,2026-07-17,
Other Financial Services,2026-07-20,87
Other Financial Services,2026-07-21,88
Other Financial Services,2026-07-22,89
Other Financial Services,2026-07-23,81
Other Financial Services,2026-07-24,84
Other Financial Services,2026-07-27,85
Other Financial Services,2026-07-28,77
Other Financial Services,2026-07-29,76
Other Financial Services,2026-07-30,76
Other Financial Services,2026-07-31,78
Other Financial Services,2026-08-03,79
Other Financial Services,2026-08-04,76
Other Financial Services,2026-08-05,69
Other Financial Services,2026-08-06,63
Other Financial Services,2026-08-07,65
Other Financial Services,2026-08-10,63
Other Financial Services,2026-08-11,65
Other Financial Services,2026-08-12,64
Other Financial Services,2026-08-13,58
Other Financial Services,2026-08-14,58
Other Financial Services,2026-08-17,59
Other Financial Services,2026-08-18,59
Other Financial Services,2026-08-19,56
Other Financial Services,2026-08-20,53
Other Financial Services,2026-08-21,52
Other Financial Services,2026-08-24,57
Other Financial Services,2026-08-25,61
Other Financial Services,2026-08-26,50
Other Financial Services,2026-08-27,50
Other Financial Services,2026-08-28,48
Other Financial Services,2026-08-31,49
Other Financial Services,2026-09-01,42
Other Financial Services,2026-09-02,46
Other Financial Services,2026-09-03,48
Other Financial Services,2026-09-04,49
Other Financial Services,2026-09-07,46
Other Financial Services,2026-09-08,45
Other Financial Services,2026-09-09,46
Other Financial Services,2026-09-10,47
Other Financial Services,2026-09-11,51
Other Financial Services,2026-09-15,48
Other Financial Services,2026-09-16,54
Other Financial Services,2026-09-17,71
Other Financial Services,2026-09-18,76
Other Financial Services,2026-09-21,77
Other Financial Services,2026-09-22,73
Other Financial Services,2026-09-23,72
Other Financial Services,2026-09-24,75
Other Financial Services,2026-09-25,69
Other Financial Services,2026-09-28,56
Other Financial Services,2026-09-29,44
Other Financial Services,2026-09-30,45
Other Financial Services,2026-10-01,50
Other Food Products,2026-06-30,
Other Food Products,2026-07-01,
Other Food Products,2026-07-02,
Other Food Products,2026-07-03,
Other Food Products,2026-07-06,
Other Food Products,2026-07-07,
Other Food Products,2026-07-08,
Other Food Products,2026-07-09,
Other Food Products,2026-07-10,
Other Food Products,2026-07-13,
Other Food Products,2026-07-14,
Other Food Products,2026-07-15,
Other Food Products,2026-07-16,
Other Food Products,2026-07-17,
Other Food Products,2026-07-20,10
Other Food Products,2026-07-21,9
Other Food Products,2026-07-22,9
Other Food Products,2026-07-23,8
Other Food Products,2026-07-24,8
Other Food Products,2026-07-27,18
Other Food Products,2026-07-28,18
Other Food Products,2026-07-29,18
Other Food Products,2026-07-30,17
Other Food Products,2026-07-31,16
Other Food Products,2026-08-03,30
Other Food Products,2026-08-04,34
Other Food Products,2026-08-05,31
Other Food Products,2026-08-06,28
Other Food Products,2026-08-07,33
Other Food Products,2026-08-10,33
Other Food Products,2026-08-11,29
Other Food Products,2026-08-12,28
Other Food Products,2026-08-13,26
Other Food Products,2026-08-14,31
Other Food Products,2026-08-17,29
Other Food Products,2026-08-18,30
Other Food Products,2026-08-19,34
Other Food Products,2026-08-20,34
Other Food Products,2026-08-21,35
Other Food Products,2026-08-24,48
Other Food Products,2026-08-25,45
Other Food Products,2026-08-26,53
Other Food Products,2026-08-27,64
Other Food Products,2026-08-28,58
Other Food Products,2026-08-31,58
Other Food Products,2026-09-01,52
Other Food Products,2026-09-02,55
Other Food Products,2026-09-03,54
Other Food Products,2026-09-04,56
Other Food Products,2026-09-07,54
Other Food Products,2026-09-08,54
Other Food Products,2026-09-09,52
Other Food Products,2026-09-10,48
Other Food Products,2026-09-11,54
Other Food Products,2026-09-15,49
Other Food Products,2026-09-16,48
Other Food Products,2026-09-17,47
Other Food Products,2026-09-18,56
Other Food Products,2026-09-21,48
Other Food Products,2026-09-22,44
Other Food Products,2026-09-23,39
Other Food Products,2026-09-24,36
Other Food Products,2026-09-25,41
Other Food Products,2026-09-28,40
Other Food Products,2026-09-29,36
Other Food Products,2026-09-30,37
Other Food Products,2026-10-01,33
Other Telecom Services,2026-06-30,
Other Telecom Services,2026-07-01,
Other Telecom Services,2026-07-02,
Other Telecom Services,2026-07-03,
Other Telecom Services,2026-07-06,
Other Telecom Services,2026-07-07,
Other Telecom Services,2026-07-08,
Other Telecom Services,2026-07-09,
Other Telecom Services,2026-07-10,
Other Telecom Services,2026-07-13,
Other Telecom Services,2026-07-14,
Other Telecom Services,2026-07-15,
Other Telecom Services,2026-07-16,
Other Telecom Services,2026-07-17,
Other Telecom Services,2026-07-20,12
Other Telecom Services,2026-07-21,19
Other Telecom Services,2026-07-22,18
Other Telecom Services,2026-07-23,20
Other Telecom Services,2026-07-24,35
Other Telecom Services,2026-07-27,38
Other Telecom Services,2026-07-28,29
Other Telecom Services,2026-07-29,25
Other Telecom Services,2026-07-30,28
Other Telecom Services,2026-07-31,34
Other Telecom Services,2026-08-03,39
Other Telecom Services,2026-08-04,36
Other Telecom Services,2026-08-05,35
Other Telecom Services,2026-08-06,41
Other Telecom Services,2026-08-07,43
Other Telecom Services,2026-08-10,45
Other Telecom Services,2026-08-11,55
Other Telecom Services,2026-08-12,55
Other Telecom Services,2026-08-13,61
Other Telecom Services,2026-08-14,51
Other Telecom Services,2026-08-17,47
Other Telecom Services,2026-08-18,50
Other Telecom Services,2026-08-19,45
Other Telecom Services,2026-08-20,47
Other Telecom Services,2026-08-21,52
Other Telecom Services,2026-08-24,50
Other Telecom Services,2026-08-25,50
Other Telecom Services,2026-08-26,49
Other Telecom Services,2026-08-27,53
Other Telecom Services,2026-08-28,62
Other Telecom Services,2026-08-31,67
Other Telecom Services,2026-09-01,58
Other Telecom Services,2026-09-02,63
Other Telecom Services,2026-09-03,59
Other Telecom Services,2026-09-04,65
Other Telecom Services,2026-09-07,71
Other Telecom Services,2026-09-08,74
Other Telecom Services,2026-09-09,78
Other Telecom Services,2026-09-10,81
Other Telecom Services,2026-09-11,84
Other Telecom Services,2026-09-15,85
Other Telecom Services,2026-09-16,87
Other Telecom Services,2026-09-17,88
Other Telecom Services,2026-09-22,92
Other Telecom Services,2026-09-23,93
Other Telecom Services,2026-09-24,94
Other Telecom Services,2026-09-25,95
Other Telecom Services,2026-09-28,84
Other Telecom Services,2026-09-29,75
Other Telecom Services,2026-09-30,74
Other Telecom Services,2026-10-01,66
Others,2026-06-30,
Others,2026-07-01,
Others,2026-07-02,
Others,2026-07-03,
Others,2026-07-06,
Others,2026-07-07,
Others,2026-07-08,
Others,2026-07-09,
Others,2026-07-10,
Others,2026-07-13,
Others,2026-07-14,
Others,2026-07-15,
Others,2026-07-16,
Others,2026-07-17,
Others,2026-07-20,53
Others,2026-07-21,52
Others,2026-07-22,50
Others,2026-07-23,49
Others,2026-07-24,50
Others,2026-07-27,52
Others,2026-07-28,50
Others,2026-07-29,51
Others,2026-07-30,51
Others,2026-07-31,53
Others,2026-08-03,55
Others,2026-08-04,55
Others,2026-08-05,56
Others,2026-08-06,55
Others,2026-08-07,55
Others,2026-08-10,54
Others,2026-08-11,55
Others,2026-08-12,53
Others,2026-08-13,53
Others,2026-08-14,51
Others,2026-08-17,49
Others,2026-08-18,49
Others,2026-08-19,49
Others,2026-08-20,52
Others,2026-08-21,53
Others,2026-08-24,53
Others,2026-08-25,52
Others,2026-08-26,52
Others,2026-08-27,52
Others,2026-08-28,53
Others,2026-08-31,51
Others,2026-09-01,52
Others,2026-09-02,53
Others,2026-09-03,53
Others,2026-09-04,53
Others,2026-09-07,52
Others,2026-09-08,51
Others,2026-09-09,50
Others,2026-09-10,50
Others,2026-09-11,49
Others,2026-09-15,45
Others,2026-09-16,44
Others,2026-09-17,45
Others,2026-09-18,47
Others,2026-09-21,48
Others,2026-09-22,50
Others,2026-09-23,52
Others,2026-09-24,50
Others,2026-09-25,49
Others,2026-09-28,47
Others,2026-09-29,47
Others,2026-09-30,48
Others,2026-10-01,44
Packaging,2026-06-30,
Packaging,2026-07-01,
Packaging,2026-07-02,
Packaging,2026-07-03,
Packaging,2026-07-06,
Packaging,2026-07-07,
Packaging,2026-07-08,
Packaging,2026-07-09,
Packaging,2026-07-10,
Packaging,2026-07-13,
Packaging,2026-07-14,
Packaging,2026-07-15,
Packaging,2026-07-16,
Packaging,2026-07-17,
Packaging,2026-07-20,57
Packaging,2026-07-21,56
Packaging,2026-07-22,55
Packaging,2026-07-23,56
Packaging,2026-07-24,57
Packaging,2026-07-27,58
Packaging,2026-07-28,53
Packaging,2026-07-29,53
Packaging,2026-07-30,52
Packaging,2026-07-31,53
Packaging,2026-08-03,53
Packaging,2026-08-04,52
Packaging,2026-08-05,51
Packaging,2026-08-06,50
Packaging,2026-08-07,50
Packaging,2026-08-10,52
Packaging,2026-08-11,54
Packaging,2026-08-12,54
Packaging,2026-08-13,55
Packaging,2026-08-14,54
Packaging,2026-08-17,54
Packaging,2026-08-18,53
Packaging,2026-08-19,52
Packaging,2026-08-20,54
Packaging,2026-08-21,54
Packaging,2026-08-24,54
Packaging,2026-08-25,53
Packaging,2026-08-26,53
Packaging,2026-08-27,51
Packaging,2026-08-28,51
Packaging,2026-08-31,50
Packaging,2026-09-01,51
Packaging,2026-09-02,52
Packaging,2026-09-03,53
Packaging,2026-09-04,52
Packaging,2026-09-07,50
Packaging,2026-09-08,50
Packaging,2026-09-09,48
Packaging,2026-09-10,47
Packaging,2026-09-11,48
Packaging,2026-09-15,44
Packaging,2026-09-16,44
Packaging,2026-09-17,45
Packaging,2026-09-18,46
Packaging,2026-09-21,46
Packaging,2026-09-22,47
Packaging,2026-09-23,50
Packaging,2026-09-24,48
Packaging,2026-09-25,48
Packaging,2026-09-28,46
Packaging,2026-09-29,45
Packaging,2026-09-30,47
Packaging,2026-10-01,43
Paper,2026-06-30,
Paper,2026-07-01,
Paper,2026-07-02,
Paper,2026-07-03,
Paper,2026-07-06,
Paper,2026-07-07,
Paper,2026-07-08,
Paper,2026-07-09,
Paper,2026-07-10,
Paper,2026-07-13,
Paper,2026-07-14,
Paper,2026-07-15,
Paper,2026-07-16,
Paper,2026-07-17,
Paper,2026-07-20,48
Paper,2026-07-21,49
Paper,2026-07-22,55
Paper,2026-07-23,59
Paper,2026-07-24,57
Paper,2026-07-27,60
Paper,2026-07-28,56
Paper,2026-07-29,55
Paper,2026-07-30,52
Paper,2026-07-31,54
Paper,2026-08-03,58
Paper,2026-08-04,58
Paper,2026-08-05,58
Paper,2026-08-06,59
Paper,2026-08-07,58
Paper,2026-08-10,57
Paper,2026-08-11,55
Paper,2026-08-12,54
Paper,2026-08-13,51
Paper,2026-08-14,50
Paper,2026-08-17,51
Paper,2026-08-18,53
Paper,2026-08-19,49
Paper,2026-08-20,50
Paper,2026-08-21,50
Paper,2026-08-24,49
Paper,2026-08-25,48
Paper,2026-08-26,49
Paper,2026-08-27,48
Paper,2026-08-28,48
Paper,2026-08-31,47
Paper,2026-09-01,47
Paper,2026-09-02,45
Paper,2026-09-03,52
Paper,2026-09-04,53
Paper,2026-09-07,61
Paper,2026-09-08,61
Paper,2026-09-09,56
Paper,2026-09-10,57
Paper,2026-09-11,56
Paper,2026-09-15,51
Paper,2026-09-16,51
Paper,2026-09-17,53
Paper,2026-09-18,56
Paper,2026-09-21,54
Paper,2026-09-22,53
Paper,2026-09-23,53
Paper,2026-09-24,50
Paper,2026-09-25,51
Paper,2026-09-28,49
Paper,2026-09-29,48
Paper,2026-09-30,49
Paper,2026-10-01,44
Petro - Lubricants,2026-06-30,
Petro - Lubricants,2026-07-01,
Petro - Lubricants,2026-07-02,
Petro - Lubricants,2026-07-03,
Petro - Lubricants,2026-07-06,
Petro - Lubricants,2026-07-07,
Petro - Lubricants,2026-07-08,
Petro - Lubricants,2026-07-09,
Petro - Lubricants,2026-07-10,
Petro - Lubricants,2026-07-13,
Petro - Lubricants,2026-07-14,
Petro - Lubricants,2026-07-15,
Petro - Lubricants,2026-07-16,
Petro - Lubricants,2026-07-17,
Petro - Lubricants,2026-07-20,46
Petro - Lubricants,2026-07-21,50
Petro - Lubricants,2026-07-22,52
Petro - Lubricants,2026-07-23,60
Petro - Lubricants,2026-07-24,60
Petro - Lubricants,2026-07-27,52
Petro - Lubricants,2026-07-28,46
Petro - Lubricants,2026-07-29,52
Petro - Lubricants,2026-07-30,49
Petro - Lubricants,2026-07-31,49
Petro - Lubricants,2026-08-03,54
Petro - Lubricants,2026-08-04,63
Petro - Lubricants,2026-08-05,65
Petro - Lubricants,2026-08-06,71
Petro - Lubricants,2026-08-07,69
Petro - Lubricants,2026-08-10,68
Petro - Lubricants,2026-08-11,66
Petro - Lubricants,2026-08-12,62
Petro - Lubricants,2026-08-13,60
Petro - Lubricants,2026-08-14,60
Petro - Lubricants,2026-08-17,61
Petro - Lubricants,2026-08-18,62
Petro - Lubricants,2026-08-19,61
Petro - Lubricants,2026-08-20,60
Petro - Lubricants,2026-08-21,58
Petro - Lubricants,2026-08-24,58
Petro - Lubricants,2026-08-25,56
Petro - Lubricants,2026-08-26,58
Petro - Lubricants,2026-08-27,54
Petro - Lubricants,2026-08-28,55
Petro - Lubricants,2026-08-31,53
Petro - Lubricants,2026-09-01,58
Petro - Lubricants,2026-09-02,57
Petro - Lubricants,2026-09-03,55
Petro - Lubricants,2026-09-04,56
Petro - Lubricants,2026-09-07,52
Petro - Lubricants,2026-09-08,51
Petro - Lubricants,2026-09-09,54
Petro - Lubricants,2026-09-10,52
Petro - Lubricants,2026-09-11,51
Petro - Lubricants,2026-09-15,44
Petro - Lubricants,2026-09-16,44
Petro - Lubricants,2026-09-17,48
Petro - Lubricants,2026-09-18,52
Petro - Lubricants,2026-09-21,48
Petro - Lubricants,2026-09-22,51
Petro - Lubricants,2026-09-23,52
Petro - Lubricants,2026-09-24,51
Petro - Lubricants,2026-09-25,52
Petro - Lubricants,2026-09-28,50
Petro - Lubricants,2026-09-29,52
Petro - Lubricants,2026-09-30,55
Petro - Lubricants,2026-10-01,52
Petro - Refineries,2026-06-30,
Petro - Refineries,2026-07-01,
Petro - Refineries,2026-07-02,
Petro - Refineries,2026-07-03,
Petro - Refineries,2026-07-06,
Petro - Refineries,2026-07-07,
Petro - Refineries,2026-07-08,
Petro - Refineries,2026-07-09,
Petro - Refineries,2026-07-10,
Petro - Refineries,2026-07-13,
Petro - Refineries,2026-07-14,
Petro - Refineries,2026-07-15,
Petro - Refineries,2026-07-16,
Petro - Refineries,2026-07-17,
Petro - Refineries,2026-07-20,62
Petro - Refineries,2026-07-21,63
Petro - Refineries,2026-07-22,58
Petro - Refineries,2026-07-23,53
Petro - Refineries,2026-07-24,50
Petro - Refineries,2026-07-27,52
Petro - Refineries,2026-07-28,52
Petro - Refineries,2026-07-29,52
Petro - Refineries,2026-07-30,53
Petro - Refineries,2026-07-31,55
Petro - Refineries,2026-08-03,61
Petro - Refineries,2026-08-04,55
Petro - Refineries,2026-08-05,56
Petro - Refineries,2026-08-06,56
Petro - Refineries,2026-08-07,55
Petro - Refineries,2026-08-10,52
Petro - Refineries,2026-08-11,56
Petro - Refineries,2026-08-12,54
Petro - Refineries,2026-08-13,53
Petro - Refineries,2026-08-14,49
Petro - Refineries,2026-08-17,50
Petro - Refineries,2026-08-18,49
Petro - Refineries,2026-08-19,47
Petro - Refineries,2026-08-20,46
Petro - Refineries,2026-08-21,47
Petro - Refineries,2026-08-24,50
Petro - Refineries,2026-08-25,52
Petro - Refineries,2026-08-26,51
Petro - Refineries,2026-08-27,47
Petro - Refineries,2026-08-28,46
Petro - Refineries,2026-08-31,49
Petro - Refineries,2026-09-01,48
Petro - Refineries,2026-09-02,50
Petro - Refineries,2026-09-03,51
Petro - Refineries,2026-09-04,50
Petro - Refineries,2026-09-07,47
Petro - Refineries,2026-09-08,44
Petro - Refineries,2026-09-09,48
Petro - Refineries,2026-09-10,48
Petro - Refineries,2026-09-11,45
Petro - Refineries,2026-09-15,38
Petro - Refineries,2026-09-16,42
Petro - Refineries,2026-09-17,42
Petro - Refineries,2026-09-18,46
Petro - Refineries,2026-09-21,46
Petro - Refineries,2026-09-22,47
Petro - Refineries,2026-09-23,48
Petro - Refineries,2026-09-24,43
Petro - Refineries,2026-09-25,43
Petro - Refineries,2026-09-28,41
Petro - Refineries,2026-09-29,42
Petro - Refineries,2026-09-30,45
Petro - Refineries,2026-10-01,39
Pharmaceuticals,2026-06-30,
Pharmaceuticals,2026-07-01,
Pharmaceuticals,2026-07-02,
Pharmaceuticals,2026-07-03,
Pharmaceuticals,2026-07-06,
Pharmaceuticals,2026-07-07,
Pharmaceuticals,2026-07-08,
Pharmaceuticals,2026-07-09,
Pharmaceuticals,2026-07-10,
Pharmaceuticals,2026-07-13,
Pharmaceuticals,2026-07-14,
Pharmaceuticals,2026-07-15,
Pharmaceuticals,2026-07-16,
Pharmaceuticals,2026-07-17,
Pharmaceuticals,2026-07-20,44
Pharmaceuticals,2026-07-21,49
Pharmaceuticals,2026-07-22,42
Pharmaceuticals,2026-07-23,45
Pharmaceuticals,2026-07-24,52
Pharmaceuticals,2026-07-27,52
Pharmaceuticals,2026-07-28,49
Pharmaceuticals,2026-07-29,51
Pharmaceuticals,2026-07-30,48
Pharmaceuticals,2026-07-31,48
Pharmaceuticals,2026-08-03,50
Pharmaceuticals,2026-08-04,54
Pharmaceuticals,2026-08-05,53
Pharmaceuticals,2026-08-06,47
Pharmaceuticals,2026-08-07,49
Pharmaceuticals,2026-08-10,53
Pharmaceuticals,2026-08-11,57
Pharmaceuticals,2026-08-12,60
Pharmaceuticals,2026-08-13,55
Pharmaceuticals,2026-08-14,57
Pharmaceuticals,2026-08-17,62
Pharmaceuticals,2026-08-18,63
Pharmaceuticals,2026-08-19,62
Pharmaceuticals,2026-08-20,63
Pharmaceuticals,2026-08-21,58
Pharmaceuticals,2026-08-24,61
Pharmaceuticals,2026-08-25,52
Pharmaceuticals,2026-08-26,57
Pharmaceuticals,2026-08-27,56
Pharmaceuticals,2026-08-28,54
Pharmaceuticals,2026-08-31,52
Pharmaceuticals,2026-09-01,51
Pharmaceuticals,2026-09-02,53
Pharmaceuticals,2026-09-03,56
Pharmaceuticals,2026-09-04,53
Pharmaceuticals,2026-09-07,50
Pharmaceuticals,2026-09-08,56
Pharmaceuticals,2026-09-09,60
Pharmaceuticals,2026-09-10,59
Pharmaceuticals,2026-09-11,62
Pharmaceuticals,2026-09-15,59
Pharmaceuticals,2026-09-16,52
Pharmaceuticals,2026-09-17,54
Pharmaceuticals,2026-09-18,54
Pharmaceuticals,2026-09-21,53
Pharmaceuticals,2026-09-22,48
Pharmaceuticals,2026-09-23,47
Pharmaceuticals,2026-09-24,44
Pharmaceuticals,2026-09-25,45
Pharmaceuticals,2026-09-28,38
Pharmaceuticals,2026-09-29,41
Pharmaceuticals,2026-09-30,42
Pharmaceuticals,2026-10-01,40
Power - Equipment,2026-06-30,
Power - Equipment,2026-07-01,
Power - Equipment,2026-07-02,
Power - Equipment,2026-07-03,
Power - Equipment,2026-07-06,
Power - Equipment,2026-07-07,
Power - Equipment,2026-07-08,
Power - Equipment,2026-07-09,
Power - Equipment,2026-07-10,
Power - Equipment,2026-07-13,
Power - Equipment,2026-07-14,
Power - Equipment,2026-07-15,
Power - Equipment,2026-07-16,
Power - Equipment,2026-07-17,
Power - Equipment,2026-07-20,40
Power - Equipment,2026-07-21,38
Power - Equipment,2026-07-22,38
Power - Equipment,2026-07-23,36
Power - Equipment,2026-07-24,37
Power - Equipment,2026-07-27,39
Power - Equipment,2026-07-28,36
Power - Equipment,2026-07-29,37
Power - Equipment,2026-07-30,36
Power - Equipment,2026-07-31,41
Power - Equipment,2026-08-03,45
Power - Equipment,2026-08-04,46
Power - Equipment,2026-08-05,48
Power - Equipment,2026-08-06,48
Power - Equipment,2026-08-07,48
Power - Equipment,2026-08-10,50
Power - Equipment,2026-08-11,49
Power - Equipment,2026-08-12,51
Power - Equipment,2026-08-13,51
Power - Equipment,2026-08-14,48
Power - Equipment,2026-08-17,49
Power - Equipment,2026-08-18,50
Power - Equipment,2026-08-19,47
Power - Equipment,2026-08-20,48
Power - Equipment,2026-08-21,48
Power - Equipment,2026-08-24,49
Power - Equipment,2026-08-25,48
Power - Equipment,2026-08-26,47
Power - Equipment,2026-08-27,49
Power - Equipment,2026-08-28,49
Power - Equipment,2026-08-31,49
Power - Equipment,2026-09-01,46
Power - Equipment,2026-09-02,45
Power - Equipment,2026-09-03,46
Power - Equipment,2026-09-04,47
Power - Equipment,2026-09-07,47
Power - Equipment,2026-09-08,49
Power - Equipment,2026-09-09,49
Power - Equipment,2026-09-10,47
Power - Equipment,2026-09-11,47
Power - Equipment,2026-09-15,39
Power - Equipment,2026-09-16,40
Power - Equipment,2026-09-17,43
Power - Equipment,2026-09-18,48
Power - Equipment,2026-09-21,47
Power - Equipment,2026-09-22,46
Power - Equipment,2026-09-23,47
Power - Equipment,2026-09-24,44
Power - Equipment,2026-09-25,45
Power - Equipment,2026-09-28,42
Power - Equipment,2026-09-29,43
Power - Equipment,2026-09-30,43
Power - Equipment,2026-10-01,44
Power - Green,2026-06-30,
Power - Green,2026-07-01,
Power - Green,2026-07-02,
Power - Green,2026-07-03,
Power - Green,2026-07-06,
Power - Green,2026-07-07,
Power - Green,2026-07-08,
Power - Green,2026-07-09,
Power - Green,2026-07-10,
Power - Green,2026-07-13,
Power - Green,2026-07-14,
Power - Green,2026-07-15,
Power - Green,2026-07-16,
Power - Green,2026-07-17,
Power - Green,2026-07-20,50
Power - Green,2026-07-21,50
Power - Green,2026-07-22,47
Power - Green,2026-07-23,45
Power - Green,2026-07-24,46
Power - Green,2026-07-27,48
Power - Green,2026-07-28,44
Power - Green,2026-07-29,43
Power - Green,2026-07-30,41
Power - Green,2026-07-31,42
Power - Green,2026-08-03,44
Power - Green,2026-08-04,45
Power - Green,2026-08-05,45
Power - Green,2026-08-06,44
Power - Green,2026-08-07,43
Power - Green,2026-08-10,42
Power - Green,2026-08-11,41
Power - Green,2026-08-12,40
Power - Green,2026-08-13,40
Power - Green,2026-08-14,39
Power - Green,2026-08-17,39
Power - Green,2026-08-18,39
Power - Green,2026-08-19,38
Power - Green,2026-08-20,39
Power - Green,2026-08-21,40
Power - Green,2026-08-24,40
Power - Green,2026-08-25,40
Power - Green,2026-08-26,41
Power - Green,2026-08-27,39
Power - Green,2026-08-28,41
Power - Green,2026-08-31,39
Power - Green,2026-09-01,37
Power - Green,2026-09-02,36
Power - Green,2026-09-03,39
Power - Green,2026-09-04,42
Power - Green,2026-09-07,41
Power - Green,2026-09-08,40
Power - Green,2026-09-09,40
Power - Green,2026-09-10,39
Power - Green,2026-09-11,40
Power - Green,2026-09-15,36
Power - Green,2026-09-16,37
Power - Green,2026-09-17,38
Power - Green,2026-09-18,42
Power - Green,2026-09-21,44
Power - Green,2026-09-22,47
Power - Green,2026-09-23,49
Power - Green,2026-09-24,46
Power - Green,2026-09-25,45
Power - Green,2026-09-28,42
Power - Green,2026-09-29,42
Power - Green,2026-09-30,43
Power - Green,2026-10-01,38
Power - Misc,2026-06-30,
Power - Misc,2026-07-01,
Power - Misc,2026-07-02,
Power - Misc,2026-07-03,
Power - Misc,2026-07-06,
Power - Misc,2026-07-07,
Power - Misc,2026-07-08,
Power - Misc,2026-07-09,
Power - Misc,2026-07-10,
Power - Misc,2026-07-13,
Power - Misc,2026-07-14,
Power - Misc,2026-07-15,
Power - Misc,2026-07-16,
Power - Misc,2026-07-17,
Power - Misc,2026-07-20,49
Power - Misc,2026-07-21,50
Power - Misc,2026-07-22,47
Power - Misc,2026-07-23,45
Power - Misc,2026-07-24,45
Power - Misc,2026-07-27,47
Power - Misc,2026-07-28,44
Power - Misc,2026-07-29,46
Power - Misc,2026-07-30,45
Power - Misc,2026-07-31,49
Power - Misc,2026-08-03,52
Power - Misc,2026-08-04,51
Power - Misc,2026-08-05,51
Power - Misc,2026-08-06,49
Power - Misc,2026-08-07,49
Power - Misc,2026-08-10,47
Power - Misc,2026-08-11,44
Power - Misc,2026-08-12,44
Power - Misc,2026-08-13,45
Power - Misc,2026-08-14,44
Power - Misc,2026-08-17,43
Power - Misc,2026-08-18,42
Power - Misc,2026-08-19,38
Power - Misc,2026-08-20,39
Power - Misc,2026-08-21,41
Power - Misc,2026-08-24,41
Power - Misc,2026-08-25,42
Power - Misc,2026-08-26,42
Power - Misc,2026-08-27,41
Power - Misc,2026-08-28,40
Power - Misc,2026-08-31,36
Power - Misc,2026-09-01,38
Power - Misc,2026-09-02,39
Power - Misc,2026-09-03,40
Power - Misc,2026-09-04,41
Power - Misc,2026-09-07,41
Power - Misc,2026-09-08,41
Power - Misc,2026-09-09,43
Power - Misc,2026-09-10,43
Power - Misc,2026-09-11,41
Power - Misc,2026-09-15,35
Power - Misc,2026-09-16,34
Power - Misc,2026-09-17,38
Power - Misc,2026-09-18,41
Power - Misc,2026-09-21,42
Power - Misc,2026-09-22,42
Power - Misc,2026-09-23,43
Power - Misc,2026-09-24,40
Power - Misc,2026-09-25,41
Power - Misc,2026-09-28,36
Power - Misc,2026-09-29,34
Power - Misc,2026-09-30,36
Power - Misc,2026-10-01,32
Power - Wiring,2026-06-30,
Power - Wiring,2026-07-01,
Power - Wiring,2026-07-02,
Power - Wiring,2026-07-03,
Power - Wiring,2026-07-06,
Power - Wiring,2026-07-07,
Power - Wiring,2026-07-08,
Power - Wiring,2026-07-09,
Power - Wiring,2026-07-10,
Power - Wiring,2026-07-13,
Power - Wiring,2026-07-14,
Power - Wiring,2026-07-15,
Power - Wiring,2026-07-16,
Power - Wiring,2026-07-17,
Power - Wiring,2026-07-20,46
Power - Wiring,2026-07-21,46
Power - Wiring,2026-07-22,46
Power - Wiring,2026-07-23,44
Power - Wiring,2026-07-24,46
Power - Wiring,2026-07-27,48
Power - Wiring,2026-07-28,47
Power - Wiring,2026-07-29,48
Power - Wiring,2026-07-30,47
Power - Wiring,2026-07-31,48
Power - Wiring,2026-08-03,52
Power - Wiring,2026-08-04,54
Power - Wiring,2026-08-05,56
Power - Wiring,2026-08-06,57
Power - Wiring,2026-08-07,57
Power - Wiring,2026-08-10,58
Power - Wiring,2026-08-11,60
Power - Wiring,2026-08-12,61
Power - Wiring,2026-08-13,60
Power - Wiring,2026-08-14,57
Power - Wiring,2026-08-17,57
Power - Wiring,2026-08-18,56
Power - Wiring,2026-08-19,54
Power - Wiring,2026-08-20,53
Power - Wiring,2026-08-21,54
Power - Wiring,2026-08-24,55
Power - Wiring,2026-08-25,53
Power - Wiring,2026-08-26,54
Power - Wiring,2026-08-27,53
Power - Wiring,2026-08-28,57
Power - Wiring,2026-08-31,58
Power - Wiring,2026-09-01,57
Power - Wiring,2026-09-02,53
Power - Wiring,2026-09-03,56
Power - Wiring,2026-09-04,53
Power - Wiring,2026-09-07,50
Power - Wiring,2026-09-08,52
Power - Wiring,2026-09-09,51
Power - Wiring,2026-09-10,52
Power - Wiring,2026-09-11,51
Power - Wiring,2026-09-15,47
Power - Wiring,2026-09-16,47
Power - Wiring,2026-09-17,50
Power - Wiring,2026-09-18,52
Power - Wiring,2026-09-21,51
Power - Wiring,2026-09-22,53
Power - Wiring,2026-09-23,56
Power - Wiring,2026-09-24,53
Power - Wiring,2026-09-25,53
Power - Wiring,2026-09-28,48
Power - Wiring,2026-09-29,48
Power - Wiring,2026-09-30,49
Power - Wiring,2026-10-01,46
Railways,2026-06-30,
Railways,2026-07-01,
Railways,2026-07-02,
Railways,2026-07-03,
Railways,2026-07-06,
Railways,2026-07-07,
Railways,2026-07-08,
Railways,2026-07-09,
Railways,2026-07-10,
Railways,2026-07-13,
Railways,2026-07-14,
Railways,2026-07-15,
Railways,2026-07-16,
Railways,2026-07-17,
Railways,2026-07-20,64
Railways,2026-07-21,63
Railways,2026-07-22,58
Railways,2026-07-23,57
Railways,2026-07-24,56
Railways,2026-07-27,58
Railways,2026-07-28,55
Railways,2026-07-29,61
Railways,2026-07-30,59
Railways,2026-07-31,59
Railways,2026-08-03,64
Railways,2026-08-04,61
Railways,2026-08-05,60
Railways,2026-08-06,62
Railways,2026-08-07,60
Railways,2026-08-10,56
Railways,2026-08-11,54
Railways,2026-08-12,51
Railways,2026-08-13,52
Railways,2026-08-14,47
Railways,2026-08-17,46
Railways,2026-08-18,44
Railways,2026-08-19,43
Railways,2026-08-20,48
Railways,2026-08-21,48
Railways,2026-08-24,47
Railways,2026-08-25,46
Railways,2026-08-26,47
Railways,2026-08-27,45
Railways,2026-08-28,45
Railways,2026-08-31,42
Railways,2026-09-01,43
Railways,2026-09-02,42
Railways,2026-09-03,44
Railways,2026-09-04,48
Railways,2026-09-07,49
Railways,2026-09-08,47
Railways,2026-09-09,44
Railways,2026-09-10,44
Railways,2026-09-11,43
Railways,2026-09-15,37
Railways,2026-09-16,36
Railways,2026-09-17,41
Railways,2026-09-18,46
Railways,2026-09-21,44
Railways,2026-09-22,45
Railways,2026-09-23,50
Railways,2026-09-24,45
Railways,2026-09-25,45
Railways,2026-09-28,42
Railways,2026-09-29,42
Railways,2026-09-30,50
Railways,2026-10-01,44
Real Estate,2026-06-30,
Real Estate,2026-07-01,
Real Estate,2026-07-02,
Real Estate,2026-07-03,
Real Estate,2026-07-06,
Real Estate,2026-07-07,
Real Estate,2026-07-08,
Real Estate,2026-07-09,
Real Estate,2026-07-10,
Real Estate,2026-07-13,
Real Estate,2026-07-14,
Real Estate,2026-07-15,
Real Estate,2026-07-16,
Real Estate,2026-07-17,
Real Estate,2026-07-20,62
Real Estate,2026-07-21,62
Real Estate,2026-07-22,59
Real Estate,2026-07-23,57
Real Estate,2026-07-24,58
Real Estate,2026-07-27,58
Real Estate,2026-07-28,58
Real Estate,2026-07-29,57
Real Estate,2026-07-30,55
Real Estate,2026-07-31,56
Real Estate,2026-08-03,58
Real Estate,2026-08-04,57
Real Estate,2026-08-05,56
Real Estate,2026-08-06,56
Real Estate,2026-08-07,56
Real Estate,2026-08-10,56
Real Estate,2026-08-11,55
Real Estate,2026-08-12,53
Real Estate,2026-08-13,54
Real Estate,2026-08-14,53
Real Estate,2026-08-17,54
Real Estate,2026-08-18,52
Real Estate,2026-08-19,50
Real Estate,2026-08-20,52
Real Estate,2026-08-21,52
Real Estate,2026-08-24,53
Real Estate,2026-08-25,53
Real Estate,2026-08-26,52
Real Estate,2026-08-27,52
Real Estate,2026-08-28,53
Real Estate,2026-08-31,51
Real Estate,2026-09-01,49
Real Estate,2026-09-02,48
Real Estate,2026-09-03,51
Real Estate,2026-09-04,52
Real Estate,2026-09-07,50
Real Estate,2026-09-08,48
Real Estate,2026-09-09,47
Real Estate,2026-09-10,47
Real Estate,2026-09-11,45
Real Estate,2026-09-15,40
Real Estate,2026-09-16,41
Real Estate,2026-09-17,44
Real Estate,2026-09-18,46
Real Estate,2026-09-21,47
Real Estate,2026-09-22,48
Real Estate,2026-09-23,50
Real Estate,2026-09-24,48
Real Estate,2026-09-25,49
Real Estate,2026-09-28,46
Real Estate,2026-09-29,44
Real Estate,2026-09-30,44
Real Estate,2026-10-01,41
Residential Commercial Projects,2026-06-30,
Residential Commercial Projects,2026-07-01,
Residential Commercial Projects,2026-07-02,
Residential Commercial Projects,2026-07-03,
Residential Commercial Projects,2026-07-06,
Residential Commercial Projects,2026-07-07,
Residential Commercial Projects,2026-07-08,
Residential Commercial Projects,2026-07-09,
Residential Commercial Projects,2026-07-10,
Residential Commercial Projects,2026-07-13,
Residential Commercial Projects,2026-07-14,
Residential Commercial Projects,2026-07-15,
Residential Commercial Projects,2026-07-16,
Residential Commercial Projects,2026-07-17,
Residential Commercial Projects,2026-07-20,51
Residential Commercial Projects,2026-07-21,65
Residential Commercial Projects,2026-07-22,78
Residential Commercial Projects,2026-07-23,83
Residential Commercial Projects,2026-07-24,85
Residential Commercial Projects,2026-07-27,87
Residential Commercial Projects,2026-07-28,88
Residential Commercial Projects,2026-07-29,88
Residential Commercial Projects,2026-07-30,89
Residential Commercial Projects,2026-07-31,90
Residential Commercial Projects,2026-08-03,86
Residential Commercial Projects,2026-08-04,79
Residential Commercial Projects,2026-08-05,78
Residential Commercial Projects,2026-08-06,79
Residential Commercial Projects,2026-08-07,65
Residential Commercial Projects,2026-08-10,55
Residential Commercial Projects,2026-08-11,47
Residential Commercial Projects,2026-08-12,52
Residential Commercial Projects,2026-08-13,52
Residential Commercial Projects,2026-08-14,51
Residential Commercial Projects,2026-08-17,49
Residential Commercial Projects,2026-08-18,48
Residential Commercial Projects,2026-08-19,43
Residential Commercial Projects,2026-08-20,46
Residential Commercial Projects,2026-08-21,44
Residential Commercial Projects,2026-08-24,53
Residential Commercial Projects,2026-08-25,59
Residential Commercial Projects,2026-08-26,62
Residential Commercial Projects,2026-08-27,63
Residential Commercial Projects,2026-08-28,63
Residential Commercial Projects,2026-08-31,58
Residential Commercial Projects,2026-09-01,54
Residential Commercial Projects,2026-09-02,51
Residential Commercial Projects,2026-09-03,58
Residential Commercial Projects,2026-09-04,64
Residential Commercial Projects,2026-09-07,68
Residential Commercial Projects,2026-09-08,67
Residential Commercial Projects,2026-09-09,66
Residential Commercial Projects,2026-09-10,71
Residential Commercial Projects,2026-09-11,72
Residential Commercial Projects,2026-09-15,74
Residential Commercial Projects,2026-09-16,75
Residential Commercial Projects,2026-09-17,71
Residential Commercial Projects,2026-09-18,72
Residential Commercial Projects,2026-09-21,71
Residential Commercial Projects,2026-09-22,70
Residential Commercial Projects,2026-09-23,76
Residential Commercial Projects,2026-09-24,69
Residential Commercial Projects,2026-09-25,67
Residential Commercial Projects,2026-09-28,56
Residential Commercial Projects,2026-09-29,61
Residential Commercial Projects,2026-09-30,67
Residential Commercial Projects,2026-10-01,67
Residential- Commercial Projects,2026-06-30,
Residential- Commercial Projects,2026-07-01,
Residential- Commercial Projects,2026-07-02,
Residential- Commercial Projects,2026-07-03,
Residential- Commercial Projects,2026-07-06,
Residential- Commercial Projects,2026-07-07,
Residential- Commercial Projects,2026-07-08,
Residential- Commercial Projects,2026-07-09,
Residential- Commercial Projects,2026-07-10,
Residential- Commercial Projects,2026-07-13,
Residential- Commercial Projects,2026-07-14,
Residential- Commercial Projects,2026-07-15,
Residential- Commercial Projects,2026-07-16,
Residential- Commercial Projects,2026-07-17,
Residential- Commercial Projects,2026-07-20,48
Residential- Commercial Projects,2026-07-21,51
Residential- Commercial Projects,2026-07-22,46
Residential- Commercial Projects,2026-07-23,42
Residential- Commercial Projects,2026-07-24,42
Residential- Commercial Projects,2026-07-27,43
Residential- Commercial Projects,2026-07-28,47
Residential- Commercial Projects,2026-07-29,62
Residential- Commercial Projects,2026-07-30,57
Residential- Commercial Projects,2026-07-31,59
Residential- Commercial Projects,2026-08-03,62
Residential- Commercial Projects,2026-08-04,56
Residential- Commercial Projects,2026-08-05,58
Residential- Commercial Projects,2026-08-06,56
Residential- Commercial Projects,2026-08-07,58
Residential- Commercial Projects,2026-08-10,48
Residential- Commercial Projects,2026-08-11,48
Residential- Commercial Projects,2026-08-12,45
Residential- Commercial Projects,2026-08-13,45
Residential- Commercial Projects,2026-08-14,45
Residential- Commercial Projects,2026-08-17,44
Residential- Commercial Projects,2026-08-18,42
Residential- Commercial Projects,2026-08-19,39
Residential- Commercial Projects,2026-08-20,47
Residential- Commercial Projects,2026-08-21,45
Residential- Commercial Projects,2026-08-24,49
Residential- Commercial Projects,2026-08-25,44
Residential- Commercial Projects,2026-08-26,43
Residential- Commercial Projects,2026-08-27,41
Residential- Commercial Projects,2026-08-28,41
Residential- Commercial Projects,2026-08-31,39
Residential- Commercial Projects,2026-09-01,38
Residential- Commercial Projects,2026-09-02,35
Residential- Commercial Projects,2026-09-03,42
Residential- Commercial Projects,2026-09-04,42
Residential- Commercial Projects,2026-09-07,45
Residential- Commercial Projects,2026-09-08,47
Residential- Commercial Projects,2026-09-09,44
Residential- Commercial Projects,2026-09-10,44
Residential- Commercial Projects,2026-09-11,45
Residential- Commercial Projects,2026-09-15,41
Residential- Commercial Projects,2026-09-16,39
Residential- Commercial Projects,2026-09-17,42
Residential- Commercial Projects,2026-09-18,52
Residential- Commercial Projects,2026-09-21,50
Residential- Commercial Projects,2026-09-22,50
Residential- Commercial Projects,2026-09-23,60
Residential- Commercial Projects,2026-09-24,64
Residential- Commercial Projects,2026-09-25,66
Residential- Commercial Projects,2026-09-28,58
Residential- Commercial Projects,2026-09-29,59
Residential- Commercial Projects,2026-09-30,58
Residential- Commercial Projects,2026-10-01,52
Restaurants,2026-06-30,
Restaurants,2026-07-01,
Restaurants,2026-07-02,
Restaurants,2026-07-03,
Restaurants,2026-07-06,
Restaurants,2026-07-07,
Restaurants,2026-07-08,
Restaurants,2026-07-09,
Restaurants,2026-07-10,
Restaurants,2026-07-13,
Restaurants,2026-07-14,
Restaurants,2026-07-15,
Restaurants,2026-07-16,
Restaurants,2026-07-17,
Restaurants,2026-07-20,53
Restaurants,2026-07-21,52
Restaurants,2026-07-22,47
Restaurants,2026-07-23,45
Restaurants,2026-07-24,48
Restaurants,2026-07-27,45
Restaurants,2026-07-28,49
Restaurants,2026-07-29,49
Restaurants,2026-07-30,46
Restaurants,2026-07-31,54
Restaurants,2026-08-03,64
Restaurants,2026-08-04,68
Restaurants,2026-08-05,62
Restaurants,2026-08-06,59
Restaurants,2026-08-07,73
Restaurants,2026-08-10,64
Restaurants,2026-08-11,63
Restaurants,2026-08-12,63
Restaurants,2026-08-13,63
Restaurants,2026-08-14,56
Restaurants,2026-08-17,54
Restaurants,2026-08-18,52
Restaurants,2026-08-19,46
Restaurants,2026-08-20,45
Restaurants,2026-08-21,44
Restaurants,2026-08-24,43
Restaurants,2026-08-25,41
Restaurants,2026-08-26,39
Restaurants,2026-08-27,52
Restaurants,2026-08-28,44
Restaurants,2026-08-31,45
Restaurants,2026-09-01,39
Restaurants,2026-09-02,40
Restaurants,2026-09-03,41
Restaurants,2026-09-04,46
Restaurants,2026-09-07,44
Restaurants,2026-09-08,47
Restaurants,2026-09-09,47
Restaurants,2026-09-10,44
Restaurants,2026-09-11,38
Restaurants,2026-09-15,33
Restaurants,2026-09-16,32
Restaurants,2026-09-17,37
Restaurants,2026-09-18,43
Restaurants,2026-09-21,38
Restaurants,2026-09-22,39
Restaurants,2026-09-23,36
Restaurants,2026-09-24,36
Restaurants,2026-09-25,36
Restaurants,2026-09-28,34
Restaurants,2026-09-29,33
Restaurants,2026-09-30,34
Restaurants,2026-10-01,37
Rubber,2026-06-30,
Rubber,2026-07-01,
Rubber,2026-07-02,
Rubber,2026-07-03,
Rubber,2026-07-06,
Rubber,2026-07-07,
Rubber,2026-07-08,
Rubber,2026-07-09,
Rubber,2026-07-10,
Rubber,2026-07-13,
Rubber,2026-07-14,
Rubber,2026-07-15,
Rubber,2026-07-16,
Rubber,2026-07-17,
Rubber,2026-07-20,88
Rubber,2026-07-21,78
Rubber,2026-07-22,66
Rubber,2026-07-23,64
Rubber,2026-07-24,66
Rubber,2026-07-27,70
Rubber,2026-07-28,63
Rubber,2026-07-29,63
Rubber,2026-07-30,53
Rubber,2026-07-31,61
Rubber,2026-08-03,60
Rubber,2026-08-04,61
Rubber,2026-08-05,62
Rubber,2026-08-06,58
Rubber,2026-08-07,58
Rubber,2026-08-10,60
Rubber,2026-08-11,62
Rubber,2026-08-12,53
Rubber,2026-08-13,56
Rubber,2026-08-14,53
Rubber,2026-08-17,45
Rubber,2026-08-18,50
Rubber,2026-08-19,48
Rubber,2026-08-20,48
Rubber,2026-08-21,46
Rubber,2026-08-24,45
Rubber,2026-08-25,44
Rubber,2026-08-26,43
Rubber,2026-08-27,41
Rubber,2026-08-28,40
Rubber,2026-08-31,40
Rubber,2026-09-01,46
Rubber,2026-09-02,46
Rubber,2026-09-03,49
Rubber,2026-09-04,48
Rubber,2026-09-07,44
Rubber,2026-09-08,46
Rubber,2026-09-09,53
Rubber,2026-09-10,48
Rubber,2026-09-11,50
Rubber,2026-09-15,37
Rubber,2026-09-16,45
Rubber,2026-09-17,45
Rubber,2026-09-18,49
Rubber,2026-09-21,51
Rubber,2026-09-22,47
Rubber,2026-09-23,46
Rubber,2026-09-24,42
Rubber,2026-09-25,41
Rubber,2026-09-28,36
Rubber,2026-09-29,38
Rubber,2026-09-30,38
Rubber,2026-10-01,34
Shipping,2026-06-30,
Shipping,2026-07-01,
Shipping,2026-07-02,
Shipping,2026-07-03,
Shipping,2026-07-06,
Shipping,2026-07-07,
Shipping,2026-07-08,
Shipping,2026-07-09,
Shipping,2026-07-10,
Shipping,2026-07-13,
Shipping,2026-07-14,
Shipping,2026-07-15,
Shipping,2026-07-16,
Shipping,2026-07-17,
Shipping,2026-07-20,91
Shipping,2026-07-21,89
Shipping,2026-07-22,90
Shipping,2026-07-23,84
Shipping,2026-07-24,85
Shipping,2026-07-27,86
Shipping,2026-07-28,77
Shipping,2026-07-29,78
Shipping,2026-07-30,81
Shipping,2026-07-31,81
Shipping,2026-08-03,84
Shipping,2026-08-04,80
Shipping,2026-08-05,80
Shipping,2026-08-06,82
Shipping,2026-08-07,82
Shipping,2026-08-10,75
Shipping,2026-08-11,60
Shipping,2026-08-12,63
Shipping,2026-08-13,66
Shipping,2026-08-14,65
Shipping,2026-08-17,47
Shipping,2026-08-18,54
Shipping,2026-08-19,59
Shipping,2026-08-20,50
Shipping,2026-08-21,51
Shipping,2026-08-24,55
Shipping,2026-08-25,57
Shipping,2026-08-26,55
Shipping,2026-08-27,55
Shipping,2026-08-28,58
Shipping,2026-08-31,56
Shipping,2026-09-01,53
Shipping,2026-09-02,55
Shipping,2026-09-03,60
Shipping,2026-09-04,64
Shipping,2026-09-07,67
Shipping,2026-09-08,67
Shipping,2026-09-09,69
Shipping,2026-09-10,69
Shipping,2026-09-11,61
Shipping,2026-09-15,58
Shipping,2026-09-16,60
Shipping,2026-09-17,60
Shipping,2026-09-18,64
Shipping,2026-09-21,65
Shipping,2026-09-22,67
Shipping,2026-09-23,68
Shipping,2026-09-24,68
Shipping,2026-09-25,74
Shipping,2026-09-28,74
Shipping,2026-09-29,76
Shipping,2026-09-30,77
Shipping,2026-10-01,77
Software Products,2026-06-30,
Software Products,2026-07-01,
Software Products,2026-07-02,
Software Products,2026-07-03,
Software Products,2026-07-06,
Software Products,2026-07-07,
Software Products,2026-07-08,
Software Products,2026-07-09,
Software Products,2026-07-10,
Software Products,2026-07-13,
Software Products,2026-07-14,
Software Products,2026-07-15,
Software Products,2026-07-16,
Software Products,2026-07-17,
Software Products,2026-07-20,9
Software Products,2026-07-21,8
Software Products,2026-07-22,10
Software Products,2026-07-23,10
Software Products,2026-07-24,10
Software Products,2026-07-27,55
Software Products,2026-07-28,45
Software Products,2026-07-29,52
Software Products,2026-07-30,47
Software Products,2026-07-31,42
Software Products,2026-08-03,41
Software Products,2026-08-04,55
Software Products,2026-08-05,64
Software Products,2026-08-06,65
Software Products,2026-08-07,58
Software Products,2026-08-10,48
Software Products,2026-08-11,48
Software Products,2026-08-12,50
Software Products,2026-08-13,50
Software Products,2026-08-14,52
Software Products,2026-08-17,49
Software Products,2026-08-18,45
Software Products,2026-08-19,45
Software Products,2026-08-20,44
Software Products,2026-08-21,42
Software Products,2026-08-24,42
Software Products,2026-08-25,46
Software Products,2026-08-26,44
Software Products,2026-08-27,45
Software Products,2026-08-28,43
Software Products,2026-08-31,40
Software Products,2026-09-01,39
Software Products,2026-09-02,37
Software Products,2026-09-03,35
Software Products,2026-09-04,41
Software Products,2026-09-07,36
Software Products,2026-09-08,32
Software Products,2026-09-09,32
Software Products,2026-09-10,32
Software Products,2026-09-11,33
Software Products,2026-09-15,40
Software Products,2026-09-16,33
Software Products,2026-09-17,32
Software Products,2026-09-18,49
Software Products,2026-09-21,57
Software Products,2026-09-22,66
Software Products,2026-09-23,65
Software Products,2026-09-24,70
Software Products,2026-09-25,74
Software Products,2026-09-28,66
Software Products,2026-09-29,63
Software Products,2026-09-30,61
Software Products,2026-10-01,53
Speciality Retail,2026-06-30,
Speciality Retail,2026-07-01,
Speciality Retail,2026-07-02,
Speciality Retail,2026-07-03,
Speciality Retail,2026-07-06,
Speciality Retail,2026-07-07,
Speciality Retail,2026-07-08,
Speciality Retail,2026-07-09,
Speciality Retail,2026-07-10,
Speciality Retail,2026-07-13,
Speciality Retail,2026-07-14,
Speciality Retail,2026-07-15,
Speciality Retail,2026-07-16,
Speciality Retail,2026-07-17,
Speciality Retail,2026-07-20,51
Speciality Retail,2026-07-21,51
Speciality Retail,2026-07-22,47
Speciality Retail,2026-07-23,47
Speciality Retail,2026-07-24,50
Speciality Retail,2026-07-27,52
Speciality Retail,2026-07-28,46
Speciality Retail,2026-07-29,52
Speciality Retail,2026-07-30,49
Speciality Retail,2026-07-31,52
Speciality Retail,2026-08-03,59
Speciality Retail,2026-08-04,56
Speciality Retail,2026-08-05,57
Speciality Retail,2026-08-06,56
Speciality Retail,2026-08-07,54
Speciality Retail,2026-08-10,45
Speciality Retail,2026-08-11,45
Speciality Retail,2026-08-12,41
Speciality Retail,2026-08-13,42
Speciality Retail,2026-08-14,39
Speciality Retail,2026-08-17,42
Speciality Retail,2026-08-18,43
Speciality Retail,2026-08-19,41
Speciality Retail,2026-08-20,39
Speciality Retail,2026-08-21,38
Speciality Retail,2026-08-24,37
Speciality Retail,2026-08-25,37
Speciality Retail,2026-08-26,41
Speciality Retail,2026-08-27,38
Speciality Retail,2026-08-28,37
Speciality Retail,2026-08-31,44
Speciality Retail,2026-09-01,44
Speciality Retail,2026-09-02,40
Speciality Retail,2026-09-03,45
Speciality Retail,2026-09-04,51
Speciality Retail,2026-09-07,47
Speciality Retail,2026-09-08,48
Speciality Retail,2026-09-09,48
Speciality Retail,2026-09-10,44
Speciality Retail,2026-09-11,42
Speciality Retail,2026-09-15,44
Speciality Retail,2026-09-16,42
Speciality Retail,2026-09-17,39
Speciality Retail,2026-09-18,39
Speciality Retail,2026-09-21,41
Speciality Retail,2026-09-22,43
Speciality Retail,2026-09-23,40
Speciality Retail,2026-09-24,37
Speciality Retail,2026-09-25,38
Speciality Retail,2026-09-28,34
Speciality Retail,2026-09-29,33
Speciality Retail,2026-09-30,31
Speciality Retail,2026-10-01,31
Stockbroking & Allied,2026-06-30,
Stockbroking & Allied,2026-07-01,
Stockbroking & Allied,2026-07-02,
Stockbroking & Allied,2026-07-03,
Stockbroking & Allied,2026-07-06,
Stockbroking & Allied,2026-07-07,
Stockbroking & Allied,2026-07-08,
Stockbroking & Allied,2026-07-09,
Stockbroking & Allied,2026-07-10,
Stockbroking & Allied,2026-07-13,
Stockbroking & Allied,2026-07-14,
Stockbroking & Allied,2026-07-15,
Stockbroking & Allied,2026-07-16,
Stockbroking & Allied,2026-07-17,
Stockbroking & Allied,2026-07-20,59
Stockbroking & Allied,2026-07-21,56
Stockbroking & Allied,2026-07-22,54
Stockbroking & Allied,2026-07-23,52
Stockbroking & Allied,2026-07-24,52
Stockbroking & Allied,2026-07-27,50
Stockbroking & Allied,2026-07-28,43
Stockbroking & Allied,2026-07-29,46
Stockbroking & Allied,2026-07-30,48
Stockbroking & Allied,2026-07-31,52
Stockbroking & Allied,2026-08-03,49
Stockbroking & Allied,2026-08-04,51
Stockbroking & Allied,2026-08-05,48
Stockbroking & Allied,2026-08-06,46
Stockbroking & Allied,2026-08-07,49
Stockbroking & Allied,2026-08-10,48
Stockbroking & Allied,2026-08-11,50
Stockbroking & Allied,2026-08-12,51
Stockbroking & Allied,2026-08-13,50
Stockbroking & Allied,2026-08-14,51
Stockbroking & Allied,2026-08-17,52
Stockbroking & Allied,2026-08-18,46
Stockbroking & Allied,2026-08-19,46
Stockbroking & Allied,2026-08-20,50
Stockbroking & Allied,2026-08-21,46
Stockbroking & Allied,2026-08-24,46
Stockbroking & Allied,2026-08-25,49
Stockbroking & Allied,2026-08-26,48
Stockbroking & Allied,2026-08-27,48
Stockbroking & Allied,2026-08-28,43
Stockbroking & Allied,2026-08-31,46
Stockbroking & Allied,2026-09-01,44
Stockbroking & Allied,2026-09-02,42
Stockbroking & Allied,2026-09-03,44
Stockbroking & Allied,2026-09-04,54
Stockbroking & Allied,2026-09-07,59
Stockbroking & Allied,2026-09-08,52
Stockbroking & Allied,2026-09-09,51
Stockbroking & Allied,2026-09-10,53
Stockbroking & Allied,2026-09-11,59
Stockbroking & Allied,2026-09-15,67
Stockbroking & Allied,2026-09-16,61
Stockbroking & Allied,2026-09-17,61
Stockbroking & Allied,2026-09-18,47
Stockbroking & Allied,2026-09-21,64
Stockbroking & Allied,2026-09-22,64
Stockbroking & Allied,2026-09-23,64
Stockbroking & Allied,2026-09-24,63
Stockbroking & Allied,2026-09-25,61
Stockbroking & Allied,2026-09-28,57
Stockbroking & Allied,2026-09-29,54
Stockbroking & Allied,2026-09-30,55
Stockbroking & Allied,2026-10-01,49
Tech - BPO,2026-06-30,
Tech - BPO,2026-07-01,
Tech - BPO,2026-07-02,
Tech - BPO,2026-07-03,
Tech - BPO,2026-07-06,
Tech - BPO,2026-07-07,
Tech - BPO,2026-07-08,
Tech - BPO,2026-07-09,
Tech - BPO,2026-07-10,
Tech - BPO,2026-07-13,
Tech - BPO,2026-07-14,
Tech - BPO,2026-07-15,
Tech - BPO,2026-07-16,
Tech - BPO,2026-07-17,
Tech - BPO,2026-07-20,62
Tech - BPO,2026-07-21,58
Tech - BPO,2026-07-22,56
Tech - BPO,2026-07-23,53
Tech - BPO,2026-07-24,53
Tech - BPO,2026-07-27,57
Tech - BPO,2026-07-28,56
Tech - BPO,2026-07-29,60
Tech - BPO,2026-07-30,59
Tech - BPO,2026-07-31,58
Tech - BPO,2026-08-03,60
Tech - BPO,2026-08-04,58
Tech - BPO,2026-08-05,56
Tech - BPO,2026-08-06,51
Tech - BPO,2026-08-07,53
Tech - BPO,2026-08-10,49
Tech - BPO,2026-08-11,49
Tech - BPO,2026-08-12,49
Tech - BPO,2026-08-13,49
Tech - BPO,2026-08-14,49
Tech - BPO,2026-08-17,48
Tech - BPO,2026-08-18,47
Tech - BPO,2026-08-19,47
Tech - BPO,2026-08-20,46
Tech - BPO,2026-08-21,47
Tech - BPO,2026-08-24,46
Tech - BPO,2026-08-25,47
Tech - BPO,2026-08-26,46
Tech - BPO,2026-08-27,45
Tech - BPO,2026-08-28,48
Tech - BPO,2026-08-31,46
Tech - BPO,2026-09-01,43
Tech - BPO,2026-09-02,41
Tech - BPO,2026-09-03,41
Tech - BPO,2026-09-04,44
Tech - BPO,2026-09-07,45
Tech - BPO,2026-09-08,42
Tech - BPO,2026-09-09,45
Tech - BPO,2026-09-10,45
Tech - BPO,2026-09-11,41
Tech - BPO,2026-09-15,44
Tech - BPO,2026-09-16,44
Tech - BPO,2026-09-17,45
Tech - BPO,2026-09-18,46
Tech - BPO,2026-09-21,50
Tech - BPO,2026-09-22,53
Tech - BPO,2026-09-23,56
Tech - BPO,2026-09-24,55
Tech - BPO,2026-09-25,54
Tech - BPO,2026-09-28,54
Tech - BPO,2026-09-29,52
Tech - BPO,2026-09-30,53
Tech - BPO,2026-10-01,51
Telecom,2026-06-30,
Telecom,2026-07-01,
Telecom,2026-07-02,
Telecom,2026-07-03,
Telecom,2026-07-06,
Telecom,2026-07-07,
Telecom,2026-07-08,
Telecom,2026-07-09,
Telecom,2026-07-10,
Telecom,2026-07-13,
Telecom,2026-07-14,
Telecom,2026-07-15,
Telecom,2026-07-16,
Telecom,2026-07-17,
Telecom,2026-07-20,43
Telecom,2026-07-21,47
Telecom,2026-07-22,46
Telecom,2026-07-23,43
Telecom,2026-07-24,43
Telecom,2026-07-27,43
Telecom,2026-07-28,40
Telecom,2026-07-29,45
Telecom,2026-07-30,44
Telecom,2026-07-31,49
Telecom,2026-08-03,55
Telecom,2026-08-04,52
Telecom,2026-08-05,50
Telecom,2026-08-06,48
Telecom,2026-08-07,50
Telecom,2026-08-10,51
Telecom,2026-08-11,49
Telecom,2026-08-12,52
Telecom,2026-08-13,52
Telecom,2026-08-14,51
Telecom,2026-08-17,50
Telecom,2026-08-18,50
Telecom,2026-08-19,48
Telecom,2026-08-20,48
Telecom,2026-08-21,49
Telecom,2026-08-24,50
Telecom,2026-08-25,52
Telecom,2026-08-26,50
Telecom,2026-08-27,50
Telecom,2026-08-28,52
Telecom,2026-08-31,51
Telecom,2026-09-01,49
Telecom,2026-09-02,49
Telecom,2026-09-03,49
Telecom,2026-09-04,52
Telecom,2026-09-07,53
Telecom,2026-09-08,52
Telecom,2026-09-09,52
Telecom,2026-09-10,51
Telecom,2026-09-11,51
Telecom,2026-09-15,48
Telecom,2026-09-16,46
Telecom,2026-09-17,48
Telecom,2026-09-18,49
Telecom,2026-09-21,47
Telecom,2026-09-22,49
Telecom,2026-09-23,52
Telecom,2026-09-24,47
Telecom,2026-09-25,47
Telecom,2026-09-28,44
Telecom,2026-09-29,44
Telecom,2026-09-30,43
Telecom,2026-10-01,46
Telecom - Infrastructure,2026-06-30,
Telecom - Infrastructure,2026-07-01,
Telecom - Infrastructure,2026-07-02,
Telecom - Infrastructure,2026-07-03,
Telecom - Infrastructure,2026-07-06,
Telecom - Infrastructure,2026-07-07,
Telecom - Infrastructure,2026-07-08,
Telecom - Infrastructure,2026-07-09,
Telecom - Infrastructure,2026-07-10,
Telecom - Infrastructure,2026-07-13,
Telecom - Infrastructure,2026-07-14,
Telecom - Infrastructure,2026-07-15,
Telecom - Infrastructure,2026-07-16,
Telecom - Infrastructure,2026-07-17,
Telecom - Infrastructure,2026-07-20,70
Telecom - Infrastructure,2026-07-21,71
Telecom - Infrastructure,2026-07-22,63
Telecom - Infrastructure,2026-07-23,62
Telecom - Infrastructure,2026-07-24,60
Telecom - Infrastructure,2026-07-27,62
Telecom - Infrastructure,2026-07-28,57
Telecom - Infrastructure,2026-07-29,60
Telecom - Infrastructure,2026-07-30,64
Telecom - Infrastructure,2026-07-31,66
Telecom - Infrastructure,2026-08-03,61
Telecom - Infrastructure,2026-08-04,58
Telecom - Infrastructure,2026-08-05,60
Telecom - Infrastructure,2026-08-06,46
Telecom - Infrastructure,2026-08-07,42
Telecom - Infrastructure,2026-08-10,40
Telecom - Infrastructure,2026-08-11,45
Telecom - Infrastructure,2026-08-12,45
Telecom - Infrastructure,2026-08-13,43
Telecom - Infrastructure,2026-08-14,43
Telecom - Infrastructure,2026-08-17,39
Telecom - Infrastructure,2026-08-18,40
Telecom - Infrastructure,2026-08-19,39
Telecom - Infrastructure,2026-08-20,39
Telecom - Infrastructure,2026-08-21,46
Telecom - Infrastructure,2026-08-24,46
Telecom - Infrastructure,2026-08-25,48
Telecom - Infrastructure,2026-08-26,47
Telecom - Infrastructure,2026-08-27,44
Telecom - Infrastructure,2026-08-28,41
Telecom - Infrastructure,2026-08-31,36
Telecom - Infrastructure,2026-09-01,32
Telecom - Infrastructure,2026-09-02,30
Telecom - Infrastructure,2026-09-03,33
Telecom - Infrastructure,2026-09-04,35
Telecom - Infrastructure,2026-09-07,30
Telecom - Infrastructure,2026-09-08,29
Telecom - Infrastructure,2026-09-09,30
Telecom - Infrastructure,2026-09-10,29
Telecom - Infrastructure,2026-09-11,28
Telecom - Infrastructure,2026-09-15,24
Telecom - Infrastructure,2026-09-16,24
Telecom - Infrastructure,2026-09-17,25
Telecom - Infrastructure,2026-09-18,32
Telecom - Infrastructure,2026-09-21,30
Telecom - Infrastructure,2026-09-22,51
Telecom - Infrastructure,2026-09-23,53
Telecom - Infrastructure,2026-09-24,50
Telecom - Infrastructure,2026-09-25,49
Telecom - Infrastructure,2026-09-28,44
Telecom - Infrastructure,2026-09-29,44
Telecom - Infrastructure,2026-09-30,42
Telecom - Infrastructure,2026-10-01,52
Textile - Apparels,2026-06-30,
Textile - Apparels,2026-07-01,
Textile - Apparels,2026-07-02,
Textile - Apparels,2026-07-03,
Textile - Apparels,2026-07-06,
Textile - Apparels,2026-07-07,
Textile - Apparels,2026-07-08,
Textile - Apparels,2026-07-09,
Textile - Apparels,2026-07-10,
Textile - Apparels,2026-07-13,
Textile - Apparels,2026-07-14,
Textile - Apparels,2026-07-15,
Textile - Apparels,2026-07-16,
Textile - Apparels,2026-07-17,
Textile - Apparels,2026-07-20,50
Textile - Apparels,2026-07-21,49
Textile - Apparels,2026-07-22,46
Textile - Apparels,2026-07-23,44
Textile - Apparels,2026-07-24,47
Textile - Apparels,2026-07-27,48
Textile - Apparels,2026-07-28,45
Textile - Apparels,2026-07-29,47
Textile - Apparels,2026-07-30,47
Textile - Apparels,2026-07-31,47
Textile - Apparels,2026-08-03,52
Textile - Apparels,2026-08-04,54
Textile - Apparels,2026-08-05,56
Textile - Apparels,2026-08-06,53
Textile - Apparels,2026-08-07,54
Textile - Apparels,2026-08-10,55
Textile - Apparels,2026-08-11,54
Textile - Apparels,2026-08-12,53
Textile - Apparels,2026-08-13,54
Textile - Apparels,2026-08-14,54
Textile - Apparels,2026-08-17,55
Textile - Apparels,2026-08-18,53
Textile - Apparels,2026-08-19,51
Textile - Apparels,2026-08-20,53
Textile - Apparels,2026-08-21,53
Textile - Apparels,2026-08-24,52
Textile - Apparels,2026-08-25,51
Textile - Apparels,2026-08-26,51
Textile - Apparels,2026-08-27,50
Textile - Apparels,2026-08-28,52
Textile - Apparels,2026-08-31,52
Textile - Apparels,2026-09-01,51
Textile - Apparels,2026-09-02,51
Textile - Apparels,2026-09-03,52
Textile - Apparels,2026-09-04,54
Textile - Apparels,2026-09-07,52
Textile - Apparels,2026-09-08,51
Textile - Apparels,2026-09-09,50
Textile - Apparels,2026-09-10,49
Textile - Apparels,2026-09-11,50
Textile - Apparels,2026-09-15,44
Textile - Apparels,2026-09-16,44
Textile - Apparels,2026-09-17,45
Textile - Apparels,2026-09-18,46
Textile - Apparels,2026-09-21,45
Textile - Apparels,2026-09-22,45
Textile - Apparels,2026-09-23,47
Textile - Apparels,2026-09-24,46
Textile - Apparels,2026-09-25,48
Textile - Apparels,2026-09-28,44
Textile - Apparels,2026-09-29,44
Textile - Apparels,2026-09-30,46
Textile - Apparels,2026-10-01,42
Textile - Innerwear,2026-06-30,
Textile - Innerwear,2026-07-01,
Textile - Innerwear,2026-07-02,
Textile - Innerwear,2026-07-03,
Textile - Innerwear,2026-07-06,
Textile - Innerwear,2026-07-07,
Textile - Innerwear,2026-07-08,
Textile - Innerwear,2026-07-09,
Textile - Innerwear,2026-07-10,
Textile - Innerwear,2026-07-13,
Textile - Innerwear,2026-07-14,
Textile - Innerwear,2026-07-15,
Textile - Innerwear,2026-07-16,
Textile - Innerwear,2026-07-17,
Textile - Innerwear,2026-07-20,43
Textile - Innerwear,2026-07-21,42
Textile - Innerwear,2026-07-22,39
Textile - Innerwear,2026-07-23,39
Textile - Innerwear,2026-07-24,41
Textile - Innerwear,2026-07-27,43
Textile - Innerwear,2026-07-28,42
Textile - Innerwear,2026-07-29,42
Textile - Innerwear,2026-07-30,45
Textile - Innerwear,2026-07-31,44
Textile - Innerwear,2026-08-03,49
Textile - Innerwear,2026-08-04,49
Textile - Innerwear,2026-08-05,50
Textile - Innerwear,2026-08-06,53
Textile - Innerwear,2026-08-07,50
Textile - Innerwear,2026-08-10,47
Textile - Innerwear,2026-08-11,46
Textile - Innerwear,2026-08-12,42
Textile - Innerwear,2026-08-13,39
Textile - Innerwear,2026-08-14,39
Textile - Innerwear,2026-08-17,40
Textile - Innerwear,2026-08-18,40
Textile - Innerwear,2026-08-19,40
Textile - Innerwear,2026-08-20,43
Textile - Innerwear,2026-08-21,42
Textile - Innerwear,2026-08-24,44
Textile - Innerwear,2026-08-25,43
Textile - Innerwear,2026-08-26,43
Textile - Innerwear,2026-08-27,41
Textile - Innerwear,2026-08-28,44
Textile - Innerwear,2026-08-31,43
Textile - Innerwear,2026-09-01,41
Textile - Innerwear,2026-09-02,39
Textile - Innerwear,2026-09-03,41
Textile - Innerwear,2026-09-04,41
Textile - Innerwear,2026-09-07,39
Textile - Innerwear,2026-09-08,39
Textile - Innerwear,2026-09-09,42
Textile - Innerwear,2026-09-10,43
Textile - Innerwear,2026-09-11,42
Textile - Innerwear,2026-09-15,36
Textile - Innerwear,2026-09-16,35
Textile - Innerwear,2026-09-17,39
Textile - Innerwear,2026-09-18,47
Textile - Innerwear,2026-09-21,49
Textile - Innerwear,2026-09-22,51
Textile - Innerwear,2026-09-23,53
Textile - Innerwear,2026-09-24,50
Textile - Innerwear,2026-09-25,50
Textile - Innerwear,2026-09-28,47
Textile - Innerwear,2026-09-29,46
Textile - Innerwear,2026-09-30,45
Textile - Innerwear,2026-10-01,40
Textile - Misc,2026-06-30,
Textile - Misc,2026-07-01,
Textile - Misc,2026-07-02,
Textile - Misc,2026-07-03,
Textile - Misc,2026-07-06,
Textile - Misc,2026-07-07,
Textile - Misc,2026-07-08,
Textile - Misc,2026-07-09,
Textile - Misc,2026-07-10,
Textile - Misc,2026-07-13,
Textile - Misc,2026-07-14,
Textile - Misc,2026-07-15,
Textile - Misc,2026-07-16,
Textile - Misc,2026-07-17,
Textile - Misc,2026-07-20,62
Textile - Misc,2026-07-21,59
Textile - Misc,2026-07-22,56
Textile - Misc,2026-07-23,54
Textile - Misc,2026-07-24,55
Textile - Misc,2026-07-27,57
Textile - Misc,2026-07-28,55
Textile - Misc,2026-07-29,56
Textile - Misc,2026-07-30,56
Textile - Misc,2026-07-31,56
Textile - Misc,2026-08-03,58
Textile - Misc,2026-08-04,58
Textile - Misc,2026-08-05,58
Textile - Misc,2026-08-06,55
Textile - Misc,2026-08-07,57
Textile - Misc,2026-08-10,55
Textile - Misc,2026-08-11,54
Textile - Misc,2026-08-12,53
Textile - Misc,2026-08-13,51
Textile - Misc,2026-08-14,50
Textile - Misc,2026-08-17,49
Textile - Misc,2026-08-18,49
Textile - Misc,2026-08-19,48
Textile - Misc,2026-08-20,50
Textile - Misc,2026-08-21,50
Textile - Misc,2026-08-24,50
Textile - Misc,2026-08-25,48
Textile - Misc,2026-08-26,49
Textile - Misc,2026-08-27,49
Textile - Misc,2026-08-28,49
Textile - Misc,2026-08-31,48
Textile - Misc,2026-09-01,48
Textile - Misc,2026-09-02,48
Textile - Misc,2026-09-03,50
Textile - Misc,2026-09-04,50
Textile - Misc,2026-09-07,50
Textile - Misc,2026-09-08,49
Textile - Misc,2026-09-09,48
Textile - Misc,2026-09-10,49
Textile - Misc,2026-09-11,48
Textile - Misc,2026-09-15,43
Textile - Misc,2026-09-16,44
Textile - Misc,2026-09-17,45
Textile - Misc,2026-09-18,49
Textile - Misc,2026-09-21,49
Textile - Misc,2026-09-22,49
Textile - Misc,2026-09-23,53
Textile - Misc,2026-09-24,52
Textile - Misc,2026-09-25,51
Textile - Misc,2026-09-28,48
Textile - Misc,2026-09-29,47
Textile - Misc,2026-09-30,48
Textile - Misc,2026-10-01,45
Textile - Spinning/Yarn,2026-06-30,
Textile - Spinning/Yarn,2026-07-01,
Textile - Spinning/Yarn,2026-07-02,
Textile - Spinning/Yarn,2026-07-03,
Textile - Spinning/Yarn,2026-07-06,
Textile - Spinning/Yarn,2026-07-07,
Textile - Spinning/Yarn,2026-07-08,
Textile - Spinning/Yarn,2026-07-09,
Textile - Spinning/Yarn,2026-07-10,
Textile - Spinning/Yarn,2026-07-13,
Textile - Spinning/Yarn,2026-07-14,
Textile - Spinning/Yarn,2026-07-15,
Textile - Spinning/Yarn,2026-07-16,
Textile - Spinning/Yarn,2026-07-17,
Textile - Spinning/Yarn,2026-07-20,48
Textile - Spinning/Yarn,2026-07-21,48
Textile - Spinning/Yarn,2026-07-22,47
Textile - Spinning/Yarn,2026-07-23,46
Textile - Spinning/Yarn,2026-07-24,46
Textile - Spinning/Yarn,2026-07-27,47
Textile - Spinning/Yarn,2026-07-28,45
Textile - Spinning/Yarn,2026-07-29,46
Textile - Spinning/Yarn,2026-07-30,45
Textile - Spinning/Yarn,2026-07-31,45
Textile - Spinning/Yarn,2026-08-03,48
Textile - Spinning/Yarn,2026-08-04,50
Textile - Spinning/Yarn,2026-08-05,49
Textile - Spinning/Yarn,2026-08-06,50
Textile - Spinning/Yarn,2026-08-07,51
Textile - Spinning/Yarn,2026-08-10,48
Textile - Spinning/Yarn,2026-08-11,48
Textile - Spinning/Yarn,2026-08-12,46
Textile - Spinning/Yarn,2026-08-13,45
Textile - Spinning/Yarn,2026-08-14,45
Textile - Spinning/Yarn,2026-08-17,46
Textile - Spinning/Yarn,2026-08-18,48
Textile - Spinning/Yarn,2026-08-19,47
Textile - Spinning/Yarn,2026-08-20,48
Textile - Spinning/Yarn,2026-08-21,49
Textile - Spinning/Yarn,2026-08-24,49
Textile - Spinning/Yarn,2026-08-25,50
Textile - Spinning/Yarn,2026-08-26,50
Textile - Spinning/Yarn,2026-08-27,51
Textile - Spinning/Yarn,2026-08-28,52
Textile - Spinning/Yarn,2026-08-31,52
Textile - Spinning/Yarn,2026-09-01,51
Textile - Spinning/Yarn,2026-09-02,50
Textile - Spinning/Yarn,2026-09-03,51
Textile - Spinning/Yarn,2026-09-04,54
Textile - Spinning/Yarn,2026-09-07,52
Textile - Spinning/Yarn,2026-09-08,52
Textile - Spinning/Yarn,2026-09-09,51
Textile - Spinning/Yarn,2026-09-10,49
Textile - Spinning/Yarn,2026-09-11,47
Textile - Spinning/Yarn,2026-09-15,44
Textile - Spinning/Yarn,2026-09-16,43
Textile - Spinning/Yarn,2026-09-17,45
Textile - Spinning/Yarn,2026-09-18,46
Textile - Spinning/Yarn,2026-09-21,48
Textile - Spinning/Yarn,2026-09-22,49
Textile - Spinning/Yarn,2026-09-23,51
Textile - Spinning/Yarn,2026-09-24,49
Textile - Spinning/Yarn,2026-09-25,50
Textile - Spinning/Yarn,2026-09-28,46
Textile - Spinning/Yarn,2026-09-29,47
Textile - Spinning/Yarn,2026-09-30,46
Textile - Spinning/Yarn,2026-10-01,43
Textiles - Polyester,2026-06-30,
Textiles - Polyester,2026-07-01,
Textiles - Polyester,2026-07-02,
Textiles - Polyester,2026-07-03,
Textiles - Polyester,2026-07-06,
Textiles - Polyester,2026-07-07,
Textiles - Polyester,2026-07-08,
Textiles - Polyester,2026-07-09,
Textiles - Polyester,2026-07-10,
Textiles - Polyester,2026-07-13,
Textiles - Polyester,2026-07-14,
Textiles - Polyester,2026-07-15,
Textiles - Polyester,2026-07-16,
Textiles - Polyester,2026-07-17,
Textiles - Polyester,2026-07-20,78
Textiles - Polyester,2026-07-21,72
Textiles - Polyester,2026-07-22,69
Textiles - Polyester,2026-07-23,66
Textiles - Polyester,2026-07-24,67
Textiles - Polyester,2026-07-27,69
Textiles - Polyester,2026-07-28,68
Textiles - Polyester,2026-07-29,69
Textiles - Polyester,2026-07-30,65
Textiles - Polyester,2026-07-31,66
Textiles - Polyester,2026-08-03,70
Textiles - Polyester,2026-08-04,69
Textiles - Polyester,2026-08-05,69
Textiles - Polyester,2026-08-06,67
Textiles - Polyester,2026-08-07,66
Textiles - Polyester,2026-08-10,64
Textiles - Polyester,2026-08-11,61
Textiles - Polyester,2026-08-12,55
Textiles - Polyester,2026-08-13,53
Textiles - Polyester,2026-08-14,52
Textiles - Polyester,2026-08-17,51
Textiles - Polyester,2026-08-18,52
Textiles - Polyester,2026-08-19,48
Textiles - Polyester,2026-08-20,51
Textiles - Polyester,2026-08-21,53
Textiles - Polyester,2026-08-24,51
Textiles - Polyester,2026-08-25,48
Textiles - Polyester,2026-08-26,46
Textiles - Polyester,2026-08-27,46
Textiles - Polyester,2026-08-28,43
Textiles - Polyester,2026-08-31,41
Textiles - Polyester,2026-09-01,40
Textiles - Polyester,2026-09-02,39
Textiles - Polyester,2026-09-03,41
Textiles - Polyester,2026-09-04,44
Textiles - Polyester,2026-09-07,43
Textiles - Polyester,2026-09-08,45
Textiles - Polyester,2026-09-09,46
Textiles - Polyester,2026-09-10,44
Textiles - Polyester,2026-09-11,48
Textiles - Polyester,2026-09-15,43
Textiles - Polyester,2026-09-16,45
Textiles - Polyester,2026-09-17,45
Textiles - Polyester,2026-09-18,48
Textiles - Polyester,2026-09-21,52
Textiles - Polyester,2026-09-22,53
Textiles - Polyester,2026-09-23,59
Textiles - Polyester,2026-09-24,57
Textiles - Polyester,2026-09-25,55
Textiles - Polyester,2026-09-28,53
Textiles - Polyester,2026-09-29,54
Textiles - Polyester,2026-09-30,50
Textiles - Polyester,2026-10-01,47
Textiles - Processing,2026-06-30,
Textiles - Processing,2026-07-01,
Textiles - Processing,2026-07-02,
Textiles - Processing,2026-07-03,
Textiles - Processing,2026-07-06,
Textiles - Processing,2026-07-07,
Textiles - Processing,2026-07-08,
Textiles - Processing,2026-07-09,
Textiles - Processing,2026-07-10,
Textiles - Processing,2026-07-13,
Textiles - Processing,2026-07-14,
Textiles - Processing,2026-07-15,
Textiles - Processing,2026-07-16,
Textiles - Processing,2026-07-17,
Textiles - Processing,2026-07-20,42
Textiles - Processing,2026-07-21,37
Textiles - Processing,2026-07-22,36
Textiles - Processing,2026-07-23,37
Textiles - Processing,2026-07-24,40
Textiles - Processing,2026-07-27,41
Textiles - Processing,2026-07-28,38
Textiles - Processing,2026-07-29,39
Textiles - Processing,2026-07-30,38
Textiles - Processing,2026-07-31,42
Textiles - Processing,2026-08-03,45
Textiles - Processing,2026-08-04,48
Textiles - Processing,2026-08-05,49
Textiles - Processing,2026-08-06,49
Textiles - Processing,2026-08-07,51
Textiles - Processing,2026-08-10,50
Textiles - Processing,2026-08-11,52
Textiles - Processing,2026-08-12,47
Textiles - Processing,2026-08-13,41
Textiles - Processing,2026-08-14,43
Textiles - Processing,2026-08-17,42
Textiles - Processing,2026-08-18,44
Textiles - Processing,2026-08-19,43
Textiles - Processing,2026-08-20,46
Textiles - Processing,2026-08-21,44
Textiles - Processing,2026-08-24,42
Textiles - Processing,2026-08-25,43
Textiles - Processing,2026-08-26,43
Textiles - Processing,2026-08-27,47
Textiles - Processing,2026-08-28,48
Textiles - Processing,2026-08-31,45
Textiles - Processing,2026-09-01,45
Textiles - Processing,2026-09-02,44
Textiles - Processing,2026-09-03,47
Textiles - Processing,2026-09-04,48
Textiles - Processing,2026-09-07,45
Textiles - Processing,2026-09-08,44
Textiles - Processing,2026-09-09,41
Textiles - Processing,2026-09-10,41
Textiles - Processing,2026-09-11,40
Textiles - Processing,2026-09-15,37
Textiles - Processing,2026-09-16,36
Textiles - Processing,2026-09-17,37
Textiles - Processing,2026-09-18,40
Textiles - Processing,2026-09-21,39
Textiles - Processing,2026-09-22,37
Textiles - Processing,2026-09-23,40
Textiles - Processing,2026-09-24,40
Textiles - Processing,2026-09-25,42
Textiles - Processing,2026-09-28,40
Textiles - Processing,2026-09-29,43
Textiles - Processing,2026-09-30,43
Textiles - Processing,2026-10-01,40
Transport - Logistics,2026-06-30,
Transport - Logistics,2026-07-01,
Transport - Logistics,2026-07-02,
Transport - Logistics,2026-07-03,
Transport - Logistics,2026-07-06,
Transport - Logistics,2026-07-07,
Transport - Logistics,2026-07-08,
Transport - Logistics,2026-07-09,
Transport - Logistics,2026-07-10,
Transport - Logistics,2026-07-13,
Transport - Logistics,2026-07-14,
Transport - Logistics,2026-07-15,
Transport - Logistics,2026-07-16,
Transport - Logistics,2026-07-17,
Transport - Logistics,2026-07-20,57
Transport - Logistics,2026-07-21,57
Transport - Logistics,2026-07-22,54
Transport - Logistics,2026-07-23,52
Transport - Logistics,2026-07-24,53
Transport - Logistics,2026-07-27,57
Transport - Logistics,2026-07-28,55
Transport - Logistics,2026-07-29,55
Transport - Logistics,2026-07-30,54
Transport - Logistics,2026-07-31,56
Transport - Logistics,2026-08-03,57
Transport - Logistics,2026-08-04,58
Transport - Logistics,2026-08-05,57
Transport - Logistics,2026-08-06,58
Transport - Logistics,2026-08-07,55
Transport - Logistics,2026-08-10,55
Transport - Logistics,2026-08-11,54
Transport - Logistics,2026-08-12,54
Transport - Logistics,2026-08-13,54
Transport - Logistics,2026-08-14,52
Transport - Logistics,2026-08-17,52
Transport - Logistics,2026-08-18,52
Transport - Logistics,2026-08-19,51
Transport - Logistics,2026-08-20,52
Transport - Logistics,2026-08-21,54
Transport - Logistics,2026-08-24,54
Transport - Logistics,2026-08-25,52
Transport - Logistics,2026-08-26,53
Transport - Logistics,2026-08-27,51
Transport - Logistics,2026-08-28,51
Transport - Logistics,2026-08-31,49
Transport - Logistics,2026-09-01,48
Transport - Logistics,2026-09-02,48
Transport - Logistics,2026-09-03,49
Transport - Logistics,2026-09-04,51
Transport - Logistics,2026-09-07,49
Transport - Logistics,2026-09-08,49
Transport - Logistics,2026-09-09,49
Transport - Logistics,2026-09-10,48
Transport - Logistics,2026-09-11,48
Transport - Logistics,2026-09-15,43
Transport - Logistics,2026-09-16,43
Transport - Logistics,2026-09-17,45
Transport - Logistics,2026-09-18,48
Transport - Logistics,2026-09-21,48
Transport - Logistics,2026-09-22,48
Transport - Logistics,2026-09-23,51
Transport - Logistics,2026-09-24,48
Transport - Logistics,2026-09-25,47
Transport - Logistics,2026-09-28,44
Transport - Logistics,2026-09-29,44
Transport - Logistics,2026-09-30,44
Transport - Logistics,2026-10-01,41
Transport - Shipping,2026-06-30,
Transport - Shipping,2026-07-01,
Transport - Shipping,2026-07-02,
Transport - Shipping,2026-07-03,
Transport - Shipping,2026-07-06,
Transport - Shipping,2026-07-07,
Transport - Shipping,2026-07-08,
Transport - Shipping,2026-07-09,
Transport - Shipping,2026-07-10,
Transport - Shipping,2026-07-13,
Transport - Shipping,2026-07-14,
Transport - Shipping,2026-07-15,
Transport - Shipping,2026-07-16,
Transport - Shipping,2026-07-17,
Transport - Shipping,2026-07-20,41
Transport - Shipping,2026-07-21,43
Transport - Shipping,2026-07-22,42
Transport - Shipping,2026-07-23,42
Transport - Shipping,2026-07-24,43
Transport - Shipping,2026-07-27,49
Transport - Shipping,2026-07-28,47
Transport - Shipping,2026-07-29,46
Transport - Shipping,2026-07-30,45
Transport - Shipping,2026-07-31,49
Transport - Shipping,2026-08-03,52
Transport - Shipping,2026-08-04,53
Transport - Shipping,2026-08-05,52
Transport - Shipping,2026-08-06,52
Transport - Shipping,2026-08-07,55
Transport - Shipping,2026-08-10,51
Transport - Shipping,2026-08-11,49
Transport - Shipping,2026-08-12,46
Transport - Shipping,2026-08-13,46
Transport - Shipping,2026-08-14,42
Transport - Shipping,2026-08-17,42
Transport - Shipping,2026-08-18,44
Transport - Shipping,2026-08-19,46
Transport - Shipping,2026-08-20,44
Transport - Shipping,2026-08-21,45
Transport - Shipping,2026-08-24,50
Transport - Shipping,2026-08-25,49
Transport - Shipping,2026-08-26,50
Transport - Shipping,2026-08-27,45
Transport - Shipping,2026-08-28,52
Transport - Shipping,2026-08-31,46
Transport - Shipping,2026-09-01,49
Transport - Shipping,2026-09-02,48
Transport - Shipping,2026-09-03,53
Transport - Shipping,2026-09-04,54
Transport - Shipping,2026-09-07,52
Transport - Shipping,2026-09-08,50
Transport - Shipping,2026-09-09,50
Transport - Shipping,2026-09-10,50
Transport - Shipping,2026-09-11,51
Transport - Shipping,2026-09-15,44
Transport - Shipping,2026-09-16,44
Transport - Shipping,2026-09-17,49
Transport - Shipping,2026-09-18,50
Transport - Shipping,2026-09-21,52
Transport - Shipping,2026-09-22,51
Transport - Shipping,2026-09-23,54
Transport - Shipping,2026-09-24,51
Transport - Shipping,2026-09-25,49
Transport - Shipping,2026-09-28,47
Transport - Shipping,2026-09-29,49
Transport - Shipping,2026-09-30,51
Transport - Shipping,2026-10-01,45
Utility - Gas,2026-06-30,
Utility - Gas,2026-07-01,
Utility - Gas,2026-07-02,
Utility - Gas,2026-07-03,
Utility - Gas,2026-07-06,
Utility - Gas,2026-07-07,
Utility - Gas,2026-07-08,
Utility - Gas,2026-07-09,
Utility - Gas,2026-07-10,
Utility - Gas,2026-07-13,
Utility - Gas,2026-07-14,
Utility - Gas,2026-07-15,
Utility - Gas,2026-07-16,
Utility - Gas,2026-07-17,
Utility - Gas,2026-07-20,46
Utility - Gas,2026-07-21,46
Utility - Gas,2026-07-22,46
Utility - Gas,2026-07-23,43
Utility - Gas,2026-07-24,41
Utility - Gas,2026-07-27,45
Utility - Gas,2026-07-28,44
Utility - Gas,2026-07-29,47
Utility - Gas,2026-07-30,46
Utility - Gas,2026-07-31,50
Utility - Gas,2026-08-03,52
Utility - Gas,2026-08-04,51
Utility - Gas,2026-08-05,51
Utility - Gas,2026-08-06,51
Utility - Gas,2026-08-07,49
Utility - Gas,2026-08-10,47
Utility - Gas,2026-08-11,47
Utility - Gas,2026-08-12,48
Utility - Gas,2026-08-13,46
Utility - Gas,2026-08-14,46
Utility - Gas,2026-08-17,45
Utility - Gas,2026-08-18,46
Utility - Gas,2026-08-19,49
Utility - Gas,2026-08-20,49
Utility - Gas,2026-08-21,48
Utility - Gas,2026-08-24,48
Utility - Gas,2026-08-25,46
Utility - Gas,2026-08-26,46
Utility - Gas,2026-08-27,44
Utility - Gas,2026-08-28,43
Utility - Gas,2026-08-31,45
Utility - Gas,2026-09-01,41
Utility - Gas,2026-09-02,41
Utility - Gas,2026-09-03,43
Utility - Gas,2026-09-04,45
Utility - Gas,2026-09-07,45
Utility - Gas,2026-09-08,46
Utility - Gas,2026-09-09,48
Utility - Gas,2026-09-10,48
Utility - Gas,2026-09-11,46
Utility - Gas,2026-09-15,42
Utility - Gas,2026-09-16,43
Utility - Gas,2026-09-17,44
Utility - Gas,2026-09-18,52
Utility - Gas,2026-09-21,51
Utility - Gas,2026-09-22,47
Utility - Gas,2026-09-23,49
Utility - Gas,2026-09-24,47
Utility - Gas,2026-09-25,47
Utility - Gas,2026-09-28,44
Utility - Gas,2026-09-29,41
Utility - Gas,2026-09-30,46
Utility - Gas,2026-10-01,44
Utility - Misc,2026-06-30,
Utility - Misc,2026-07-01,
Utility - Misc,2026-07-02,
Utility - Misc,2026-07-03,
Utility - Misc,2026-07-06,
Utility - Misc,2026-07-07,
Utility - Misc,2026-07-08,
Utility - Misc,2026-07-09,
Utility - Misc,2026-07-10,
Utility - Misc,2026-07-13,
Utility - Misc,2026-07-14,
Utility - Misc,2026-07-15,
Utility - Misc,2026-07-16,
Utility - Misc,2026-07-17,
Utility - Misc,2026-07-20,56
Utility - Misc,2026-07-21,59
Utility - Misc,2026-07-22,55
Utility - Misc,2026-07-23,52
Utility - Misc,2026-07-24,52
Utility - Misc,2026-07-27,53
Utility - Misc,2026-07-28,46
Utility - Misc,2026-07-29,46
Utility - Misc,2026-07-30,50
Utility - Misc,2026-07-31,53
Utility - Misc,2026-08-03,55
Utility - Misc,2026-08-04,53
Utility - Misc,2026-08-05,52
Utility - Misc,2026-08-06,50
Utility - Misc,2026-08-07,50
Utility - Misc,2026-08-10,50
Utility - Misc,2026-08-11,46
Utility - Misc,2026-08-12,40
Utility - Misc,2026-08-13,42
Utility - Misc,2026-08-14,39
Utility - Misc,2026-08-17,43
Utility - Misc,2026-08-18,39
Utility - Misc,2026-08-19,38
Utility - Misc,2026-08-20,39
Utility - Misc,2026-08-21,44
Utility - Misc,2026-08-24,43
Utility - Misc,2026-08-25,42
Utility - Misc,2026-08-26,45
Utility - Misc,2026-08-27,42
Utility - Misc,2026-08-28,44
Utility - Misc,2026-08-31,44
Utility - Misc,2026-09-01,45
Utility - Misc,2026-09-02,53
Utility - Misc,2026-09-03,57
Utility - Misc,2026-09-04,54
Utility - Misc,2026-09-07,57
Utility - Misc,2026-09-08,60
Utility - Misc,2026-09-09,65
Utility - Misc,2026-09-10,60
Utility - Misc,2026-09-11,58
Utility - Misc,2026-09-15,50
Utility - Misc,2026-09-16,51
Utility - Misc,2026-09-17,50
Utility - Misc,2026-09-18,49
Utility - Misc,2026-09-21,47
Utility - Misc,2026-09-22,50
Utility - Misc,2026-09-23,51
Utility - Misc,2026-09-24,48
Utility - Misc,2026-09-25,49
Utility - Misc,2026-09-28,48
Utility - Misc,2026-09-29,48
Utility - Misc,2026-09-30,48
Utility - Misc,2026-10-01,45
